SYMBOL,SERIES,DATE,OPEN,HIGH,LOW,CLOSE,LAST,PREV_CLOSE,VOLUME,TURNOVER,TRADES,ISIN,DELIV_QTY,DELIV_PER,SOURCE
20MICRONS, EQ,2026-09-22,220.0,223.15,215.04,216.45,216.08,220.12,163799,35900000.0,4687,,47761.0,29.16,new
21STCENMGM, EQ,2026-09-22,39.55,39.95,38.8,39.62,39.65,39.47,2450,97000.0,27,,1095.0,44.69,new
360ONE, EQ,2026-09-22,1074.3,1093.2,1065.2,1073.5,1073.5,1072.7,338935,365748000.0,19929,,167813.0,49.51,new
3BBLACKBIO, EQ,2026-09-22,1412.9,1421.0,1360.0,1369.3,1390.0,1407.8,6598,9202000.0,893,,3918.0,59.38,new
3IINFOLTD, BE,2026-09-22,25.6,26.18,25.11,26.03,26.1,25.62,414486,10718000.0,967,,,,new
3MINDIA, EQ,2026-09-22,34890.0,35095.0,34065.0,34220.0,34065.0,34725.0,4367,150728000.0,2377,,2035.0,46.6,new
3PLAND, EQ,2026-09-22,30.5,34.88,30.5,30.74,30.5,31.5,85714,2792000.0,846,,16291.0,19.01,new
591GS2028, GS,2026-09-22,99.51,100.0,99.51,100.0,100.0,99.51,210,21000.0,3,,110.0,52.38,new
5PAISA, EQ,2026-09-22,312.55,318.95,312.55,315.3,314.3,314.1,10273,3236999.9999999995,695,,5630.0,54.8,new
603GS2029, GS,2026-09-22,99.03,99.03,99.03,99.03,99.03,99.2,9,1000.0,1,,9.0,100.0,new
610GS2031, GS,2026-09-22,99.99,99.99,99.99,99.99,99.99,99.99,1,0.0,1,,1.0,100.0,new
619GS2034, GS,2026-09-22,94.77,94.77,94.77,94.77,94.77,93.73,2,0.0,2,,2.0,100.0,new
620GS2029, GS,2026-09-22,99.0,99.0,99.0,99.0,99.0,99.85,100,10000.0,1,,100.0,100.0,new
633GS2035, GS,2026-09-22,96.57,98.0,96.57,98.0,98.0,96.57,1603,155000.0,5,,1501.0,93.64,new
636GS2031, GS,2026-09-22,99.5,99.5,99.5,99.5,99.5,99.3,1,0.0,1,,1.0,100.0,new
63MOONS, EQ,2026-09-22,888.8,914.95,788.5,841.75,845.05,892.05,1713258,1434143000.0,88274,,349675.0,20.41,new
648GS2035, GS,2026-09-22,97.91,98.0,97.9,98.0,98.0,97.91,2175,213000.0,5,,2175.0,100.0,new
654GS2032, GS,2026-09-22,99.8,99.8,99.8,99.8,99.8,99.25,2000000,199600000.0,2,,2000000.0,100.0,new
657GS2033A, GS,2026-09-22,98.5,98.5,98.5,98.5,98.5,97.5,250,25000.0,2,,250.0,100.0,new
664GS2027, GS,2026-09-22,101.55,101.55,101.55,101.55,101.55,101.55,500,51000.0,2,,500.0,100.0,new
668GS2040, GS,2026-09-22,96.6,97.9,96.6,97.1,97.1,97.89,504203,48956000.0,3,,504203.0,100.0,new
676GS2061, GS,2026-09-22,89.25,89.58,89.25,89.58,89.58,89.52,69002,6175000.0,46,,69002.0,100.0,new
68GS2060, GS,2026-09-22,91.9,91.9,91.05,91.7,91.7,92.0,10525,959000.0,4,,10525.0,100.0,new
690GS2065, GS,2026-09-22,93.7,93.7,93.3,93.31,93.3,93.2,5516,515000.00000000006,10,,5516.0,100.0,new
692GS2039, GS,2026-09-22,100.39,100.39,100.39,100.39,100.39,98.02,20,2000.0,1,,20.0,100.0,new
694GS2036, GS,2026-09-22,101.8,102.9,100.81,102.88,102.88,101.4,5801,586000.0,5,,5300.0,91.36,new
695GS2061, GS,2026-09-22,93.2,93.2,92.26,92.99,92.99,92.0,2188,202999.99999999997,8,,2178.0,99.54,new
697GR2034, GS,2026-09-22,97.0,97.25,97.0,97.25,97.25,97.0,10135,983000.0,4,,10135.0,100.0,new
702GS2027, GS,2026-09-22,102.21,102.21,102.21,102.21,102.21,102.36,2000,204000.0,1,,2000.0,100.0,new
704GS2029, GS,2026-09-22,102.23,102.23,102.23,102.23,102.23,103.47,1400,143000.0,1,,1400.0,100.0,new
706GS2041, GS,2026-09-22,98.0,99.85,98.0,99.0,99.0,99.0,591,59000.0,9,,391.0,66.16,new
706GS2046, GS,2026-09-22,103.5,103.5,103.5,103.5,103.5,103.0,2,0.0,1,,2.0,100.0,new
709GS2054, GS,2026-09-22,94.4,95.75,94.4,95.75,95.75,95.19,786,75000.0,16,,724.0,92.11,new
709GS2074, GS,2026-09-22,95.48,95.48,95.47,95.47,95.47,95.08,45,4000.0,6,,45.0,100.0,new
710GS2029, GS,2026-09-22,103.53,104.9,103.52,104.19,103.52,103.53,41,4000.0,4,,21.0,51.22,new
717GS2028, GS,2026-09-22,101.6,102.0,101.59,102.0,102.0,102.55,1257,128000.0,5,,755.0,60.06,new
717GS2030, GS,2026-09-22,103.22,103.22,103.22,103.22,103.22,104.51,1000,103000.0,1,,1000.0,100.0,new
718GS2033, GS,2026-09-22,101.6,103.0,101.6,101.6,103.0,102.0,9801,996000.0000000001,2,,9801.0,100.0,new
718GS2037, GS,2026-09-22,103.79,103.79,101.8,102.2,102.2,102.47,2010779,204762000.0,10,,2010779.0,100.0,new
719GS2060, GS,2026-09-22,95.2,95.2,95.2,95.2,95.2,95.2,1892,180000.0,12,,1892.0,100.0,new
71GS2034, GS,2026-09-22,104.56,104.56,103.0,104.25,104.25,104.43,43,4000.0,3,,43.0,100.0,new
724GS2055, GS,2026-09-22,96.99,97.3,96.35,96.5,96.5,96.97,7654,744000.0,18,,7241.0,94.6,new
725GS2063, GS,2026-09-22,96.95,97.0,96.6,96.89,97.0,96.65,150810,14597999.999999998,48,,150810.0,100.0,new
726GS2032, GS,2026-09-22,102.55,102.75,102.0,102.0,102.0,102.5,14560,1492000.0,13,,14560.0,100.0,new
733GS2026, GS,2026-09-22,102.5,102.5,102.05,102.5,102.5,102.5,1500,154000.0,5,,1400.0,93.33,new
734GS2064, GS,2026-09-22,99.39,99.39,98.45,99.19,99.37,98.88,54432,5396000.0,27,,51932.0,95.41,new
736GS2052, GS,2026-09-22,99.0,99.0,99.0,99.0,99.0,98.74,412,41000.0,6,,412.0,100.0,new
737GS2028, GS,2026-09-22,104.5,104.5,104.5,104.5,104.5,104.5,1100,114999.99999999999,2,,1100.0,100.0,new
738GS2027, GS,2026-09-22,102.55,102.79,102.55,102.75,102.75,102.58,12255,1259000.0,6,,12255.0,100.0,new
73GS2053, GS,2026-09-22,98.1,98.25,97.85,98.24,98.25,98.87,56786,5578000.0,31,,56306.0,99.15,new
741GS2036, GS,2026-09-22,104.4,104.4,103.31,104.4,104.4,104.7,3,0.0,3,,2.0,66.67,new
743GS2076, GS,2026-09-22,99.24,99.49,98.15,99.24,99.24,99.18,32305,3194000.0,41,,30813.0,95.38,new
746GS2073, GS,2026-09-22,101.0,102.99,101.0,102.99,102.99,102.99,2,0.0,2,,2.0,100.0,new
74GS2062, GS,2026-09-22,97.5,99.93,97.5,99.35,99.35,98.45,5024,497000.0,18,,5024.0,100.0,new
750GS2056, GS,2026-09-22,102.8,102.8,102.8,102.8,102.8,101.14,100,10000.0,1,,100.0,100.0,new
754GS2036, GS,2026-09-22,105.4,105.77,105.4,105.64,105.7,105.38,296960,31369000.0,101,,259211.0,87.29,new
763GS2056, GS,2026-09-22,100.5,101.49,100.48,101.15,101.15,100.35,1111,112000.00000000001,7,,1111.0,100.0,new
771GS2066, GS,2026-09-22,104.2,104.25,104.2,104.24,104.25,103.62,20180,2103000.0,19,,14180.0,70.27,new
772GS2049, GS,2026-09-22,104.0,104.0,104.0,104.0,104.0,104.0,201,21000.0,3,,201.0,100.0,new
772GS2055, GS,2026-09-22,103.0,105.0,103.0,103.5,103.5,103.5,190,20000.0,4,,100.0,52.63,new
824GS2027, GS,2026-09-22,101.8,101.8,101.21,101.41,101.5,101.8,105682,10749000.0,8,,105682.0,100.0,new
826GS2027, GS,2026-09-22,102.15,102.15,102.14,102.14,102.14,102.11,27,3000.0,3,,27.0,100.0,new
883GS2041, GS,2026-09-22,117.0,117.0,117.0,117.0,117.0,116.5,52,6000.0,3,,52.0,100.0,new
897GS2030, GS,2026-09-22,113.0,113.0,113.0,113.0,113.0,113.0,1,0.0,1,,1.0,100.0,new
92GS2030, GS,2026-09-22,114.95,115.3,114.8,114.8,114.8,114.75,6612,760000.0,10,,5611.0,84.86,new
A2ZINFRA, EQ,2026-09-22,14.95,15.24,14.52,14.73,14.89,14.68,97954,1458000.0,371,,56559.0,57.74,new
AAATECH, EQ,2026-09-22,93.0,95.35,92.03,93.73,94.1,94.16,122242,11361000.0,453,,11384.0,9.31,new
AADHARHFC, EQ,2026-09-22,468.35,469.15,453.45,457.85,458.0,466.05,361745,165531000.0,19004,,200758.0,55.5,new
AAKASH, EQ,2026-09-22,9.07,9.07,8.8,8.96,8.97,8.97,45676,407000.0,220,,38976.0,85.33,new
AARADHYA, ST,2026-09-22,137.05,141.95,134.15,141.95,141.95,140.05,18000,2457000.0,12,,16800.0,93.33,new
AAREYDRUGS, EQ,2026-09-22,102.37,103.99,101.1,102.52,102.99,102.37,281824,28960000.000000004,1412,,164907.0,58.51,new
AARNAV, BE,2026-09-22,31.55,31.92,31.11,31.83,31.92,32.57,5429,171000.0,57,,,,new
AARON, EQ,2026-09-22,121.42,126.6,119.0,120.48,122.0,120.74,26297,3190000.0,674,,18991.0,72.22,new
AARTECH, BE,2026-09-22,51.18,51.7,50.05,51.58,51.42,51.18,27728,1420000.0,121,,,,new
AARTIDRUGS, EQ,2026-09-22,435.5,440.8,422.6,425.75,426.85,435.5,124108,53611000.0,5652,,65611.0,52.87,new
AARTIIND, EQ,2026-09-22,500.35,504.8,492.05,496.0,500.0,499.8,478713,238544999.99999997,22353,,214636.0,44.84,new
AARTIPHARM, EQ,2026-09-22,862.0,909.5,861.2,883.75,875.5,846.45,1401079,1246279000.0,61760,,378143.0,26.99,new
AARTISURF, BE,2026-09-22,521.55,535.0,510.0,514.75,513.0,528.65,15158,7942000.0,347,,,,new
AARVI, EQ,2026-09-22,136.93,140.39,136.88,138.18,137.54,136.1,4487,622000.0,122,,3483.0,77.62,new
AASTHA, EQ,2026-09-22,74.9,81.63,74.35,81.62,81.63,74.21,1334826,108321000.0,4244,,517834.0,38.79,new
AATMAJ, SM,2026-09-22,19.25,19.25,19.25,19.25,19.25,19.25,8000,154000.0,2,,8000.0,100.0,new
AAVAS, EQ,2026-09-22,1321.9,1342.6,1307.8,1313.1,1314.5,1321.2,128992,170079000.0,14180,,86765.0,67.26,new
ABAN, BE,2026-09-22,14.25,14.56,14.09,14.13,14.13,14.35,20048,284000.0,81,,,,new
ABANSENT, EQ,2026-09-22,27.49,27.49,26.34,27.29,27.49,27.01,6800,186000.0,104,,4506.0,66.26,new
ABB, EQ,2026-09-22,7261.5,7405.5,7117.5,7120.5,7120.5,7271.0,196683,1430720000.0,28094,,82785.0,42.09,new
ABBOTINDIA, EQ,2026-09-22,26960.0,27295.0,26960.0,27225.0,27270.0,26960.0,4434,120475000.0,2290,,2734.0,61.66,new
ABCAPITAL, EQ,2026-09-22,401.0,405.0,394.65,397.0,397.0,403.4,2377189,948186000.0,34220,,1517166.0,63.82,new
ABCOTS, EQ,2026-09-22,206.3,208.09,203.0,205.25,205.1,208.01,6173,1267000.0,161,,4342.0,70.34,new
ABDL, EQ,2026-09-22,660.65,661.4,631.7,647.9,656.0,656.3,798258,513722999.99999994,30230,,320791.0,40.19,new
ABFRL, EQ,2026-09-22,49.97,50.24,49.01,49.22,49.02,49.85,2744633,136085000.0,13497,,1402946.0,51.12,new
ABGSEC, EQ,2026-09-22,113.0,114.44,113.0,114.15,114.15,114.01,74,8000.0,12,,49.0,66.22,new
ABH, SM,2026-09-22,50.0,52.9,49.5,52.85,52.9,48.1,194400,10148000.0,144,,132000.0,67.9,new
ABHAPOWER, SM,2026-09-22,23.6,24.0,23.6,24.0,24.0,24.0,3200,76000.0,2,,3200.0,100.0,new
ABINFRA, BE,2026-09-22,11.82,12.7,11.71,12.25,12.5,12.13,370287,4552000.0,495,,,,new
ABLBL, EQ,2026-09-22,80.98,81.43,80.55,80.74,80.75,80.89,322317,26073000.0,5424,,188570.0,58.5,new
ABMINTLLTD, BE,2026-09-22,48.02,48.02,48.02,48.02,48.02,48.99,1008,48000.0,9,,,,new
ABMKNO, EQ,2026-09-22,175.67,175.67,171.01,173.34,171.01,175.67,2,0.0,2,,1.0,50.0,new
ABREL, EQ,2026-09-22,1241.4,1250.0,1196.5,1201.1,1199.0,1237.1,183365,222892999.99999997,17157,,100946.0,55.05,new
ABSL10BANK, EQ,2026-09-22,170.9,172.0,163.03,164.29,166.45,168.75,7252,1205000.0,60,,6655.0,91.77,new
ABSLAMC, EQ,2026-09-22,1033.5,1043.6,1017.0,1027.0,1026.0,1034.3,139392,143132000.0,15311,,70524.0,50.59,new
ABSLBANETF, EQ,2026-09-22,58.15,58.15,57.57,57.75,57.8,57.87,393885,22690000.0,224,,374288.0,95.02,new
ABSLLIQUID, EQ,2026-09-22,1000.0,1000.01,999.99,1000.0,1000.0,999.99,9206,9206000.0,24,,7101.0,77.13,new
ABSLMSCIN, EQ,2026-09-22,29.03,29.03,28.75,28.8,28.8,28.8,128,4000.0,12,,127.0,99.22,new
ABSLNN50ET, EQ,2026-09-22,76.07,76.41,75.68,75.97,76.16,76.21,9456,719000.0,181,,6217.0,65.75,new
ABSLPSE, EQ,2026-09-22,9.79,10.08,9.79,10.0,10.04,10.05,71073,713000.0,297,,22840.0,32.14,new
ABSMARINE, SM,2026-09-22,285.05,303.3,285.05,301.05,303.3,283.8,37500,11178000.0,70,,31000.0,82.67,new
ACC, EQ,2026-09-22,1256.5,1260.0,1234.8,1238.2,1239.6,1256.3,79866,99319000.0,8672,,36471.0,45.67,new
ACCELYA, EQ,2026-09-22,1119.9,1125.0,1115.5,1118.8,1115.7,1119.9,4271,4783000.0,450,,2955.0,69.19,new
ACCENTMIC, SM,2026-09-22,690.0,692.65,675.15,676.55,675.15,683.55,27500,18802000.0,50,,24500.0,89.09,new
ACCPL, ST,2026-09-22,206.0,214.95,197.6,214.95,214.95,208.0,24000,4879000.0,18,,21600.0,90.0,new
ACCURACY, BE,2026-09-22,4.67,4.67,4.37,4.37,4.37,4.59,100801,447000.0,239,,,,new
ACE, EQ,2026-09-22,1240.2,1263.1,1235.1,1241.9,1242.1,1230.4,237158,295087000.0,17819,,118637.0,50.02,new
ACEINTEG, EQ,2026-09-22,18.78,18.78,16.6,17.31,17.38,17.89,8495,147000.0,108,,5291.0,62.28,new
ACGL, EQ,2026-09-22,1720.1,1764.9,1711.0,1728.5,1720.0,1714.3,1102,1917000.0000000002,219,,915.0,83.03,new
ACI, EQ,2026-09-22,466.5,468.0,460.05,463.05,464.95,466.25,136463,63266999.99999999,6797,,64383.0,47.18,new
ACL, EQ,2026-09-22,42.1,43.46,42.1,42.92,42.85,42.68,9176,393000.0,184,,7431.0,80.98,new
ACMESOLAR, EQ,2026-09-22,460.0,476.9,441.55,458.65,455.3,458.1,3701858,1688202000.0,106363,,1462676.0,39.51,new
ACSTECH, BE,2026-09-22,71.7,72.92,71.7,72.92,72.92,69.45,112624,8190000.000000001,230,,,,new
ACTIVEINFR, SM,2026-09-22,181.0,181.3,181.0,181.25,181.25,181.8,23400,4240000.0,4,,23400.0,100.0,new
ACUTAAS, EQ,2026-09-22,3450.0,3450.0,3200.0,3213.7,3209.9,3425.7,482993,1583474000.0,54583,,253764.0,52.54,new
ADANIENSOL, EQ,2026-09-22,1399.0,1411.9,1375.9,1381.7,1381.7,1397.6,1791593,2491837000.0,34483,,1083494.0,60.48,new
ADANIENT, EQ,2026-09-22,2995.0,3026.1,2979.6,2997.0,2997.0,2975.0,793747,2378611000.0,39827,,212395.0,26.76,new
ADANIGREEN, EQ,2026-09-22,1309.0,1317.0,1300.0,1304.0,1304.0,1303.6,437524,571840000.0,17934,,114074.0,26.07,new
ADANIPORTS, EQ,2026-09-22,1796.0,1812.7,1786.1,1795.0,1795.0,1787.1,871935,1567935000.0,46336,,354243.0,40.63,new
ADANIPOWER, EQ,2026-09-22,207.0,210.0,206.56,206.96,206.96,206.55,11848251,2467094000.0,60195,,5306191.0,44.78,new
ADDICTIVE, SM,2026-09-22,44.0,46.0,44.0,46.0,46.0,44.0,3000,135000.0,5,,2500.0,83.33,new
ADDIND, EQ,2026-09-22,82.0,82.0,74.93,76.7,75.3,77.74,1115,91000.0,41,,1057.0,94.8,new
ADFFOODS, EQ,2026-09-22,268.25,268.25,261.6,263.15,262.6,267.9,52750,13902000.000000002,2826,,26542.0,50.32,new
ADISOFT, SM,2026-09-22,261.1,279.0,259.0,271.45,271.0,252.3,373600,100809000.0,447,,223200.0,59.74,new
ADL, EQ,2026-09-22,72.0,73.79,67.4,69.0,69.0,70.06,67,5000.0,24,,58.0,86.57,new
ADOR, EQ,2026-09-22,1576.4,1632.4,1576.4,1594.8,1590.1,1576.4,22625,36285000.0,2632,,10753.0,47.53,new
ADROITINFO, EQ,2026-09-22,11.13,12.48,11.13,12.17,12.05,11.25,257593,3108000.0,1088,,187988.0,72.98,new
ADSL, EQ,2026-09-22,96.35,98.19,96.02,96.44,96.63,96.94,59418,5760000.0,1444,,30345.0,51.07,new
ADVAIT, EQ,2026-09-22,2021.5,2032.4,1989.0,2005.6,1994.6,2005.5,19580,39306000.0,2931,,9445.0,48.24,new
ADVANCE, EQ,2026-09-22,107.58,110.0,107.5,108.14,107.5,107.83,92635,10075000.0,1103,,59436.0,64.16,new
ADVANIHOTR, EQ,2026-09-22,47.75,48.8,47.5,47.78,47.75,47.9,18657,890000.0,327,,13738.0,73.63,new
ADVENTHTL, EQ,2026-09-22,126.64,127.95,125.68,126.76,127.0,126.64,97052,12306000.0,1427,,63483.0,65.41,new
ADVENZYMES, EQ,2026-09-22,297.8,302.7,295.05,296.6,297.0,294.05,245144,73245000.0,6556,,117697.0,48.01,new
ADVIKCA, EQ,2026-09-22,0.96,0.98,0.94,0.95,0.96,0.96,307535,293000.0,300,,268788.0,87.4,new
AEGISLOG, EQ,2026-09-22,1474.0,1528.7,1382.1,1424.5,1415.0,1486.0,2196787,3147716000.0,96089,,719656.0,32.76,new
AEGISVOPAK, EQ,2026-09-22,320.85,320.85,296.7,301.4,301.3,318.3,3129116,950835000.0,64308,,1269967.0,40.59,new
AEPL, EQ,2026-09-22,16.78,16.78,16.01,16.35,16.46,16.45,40538,658000.0,307,,30448.0,75.11,new
AEQUS, EQ,2026-09-22,234.8,243.78,233.93,242.87,242.64,231.57,3668716,884895999.9999999,56410,,1632965.0,44.51,new
AEROENTER, EQ,2026-09-22,123.4,125.5,122.72,123.6,123.99,122.36,317838,39419000.0,4384,,160446.0,50.48,new
AEROFLEX, EQ,2026-09-22,519.35,526.95,510.05,516.7,517.05,515.5,748519,388098000.0,22851,,267722.0,35.77,new
AERON, SM,2026-09-22,81.0,81.0,81.0,81.0,81.0,81.5,1000,81000.0,1,,1000.0,100.0,new
AERONEU, EQ,2026-09-22,66.68,67.25,65.88,66.06,66.0,66.1,31837,2113000.0,229,,13965.0,43.86,new
AEROPLANE, EQ,2026-09-22,200.0,207.88,199.27,204.8,204.21,201.03,834421,170554000.0,10771,,352558.0,42.25,new
AETHER, EQ,2026-09-22,1637.7,1651.5,1621.1,1643.5,1645.0,1639.6,159611,261746999.99999997,15356,,90774.0,56.87,new
AFCONS, EQ,2026-09-22,256.8,262.0,253.0,260.35,260.75,256.75,1138018,293752000.0,18995,,370193.0,32.53,new
AFFLE, EQ,2026-09-22,1605.0,1605.0,1582.0,1592.3,1585.0,1600.2,74378,118434999.99999999,11569,,43558.0,58.56,new
AFFORDABLE, EQ,2026-09-22,172.5,172.5,168.0,170.77,172.0,168.63,16709,2857000.0,503,,11297.0,67.61,new
AFIL, EQ,2026-09-22,8.9,9.0,8.27,8.32,8.3,8.72,403059,3422999.9999999995,750,,342251.0,84.91,new
AFSL, EQ,2026-09-22,202.05,202.05,201.0,201.0,201.0,201.03,7026,1412000.0,51,,6201.0,88.26,new
AGARIND, EQ,2026-09-22,409.0,412.95,404.0,405.8,404.1,408.55,23190,9460000.0,1276,,13318.0,57.43,new
AGARWALEYE, EQ,2026-09-22,492.0,497.65,487.4,493.05,491.0,490.3,303733,149689000.0,20010,,214251.0,70.54,new
AGARWALFT, SM,2026-09-22,26.0,27.3,26.0,27.3,27.3,26.0,9000,242000.0,4,,7500.0,83.33,new
AGARWALTUF, SM,2026-09-22,161.95,163.7,159.25,162.5,163.7,159.0,63600,10312000.0,48,,34800.0,54.72,new
AGI, EQ,2026-09-22,825.9,851.0,804.45,845.7,848.0,819.35,476790,395929000.0,31716,,194837.0,40.86,new
AGIIL, EQ,2026-09-22,277.5,279.2,267.25,269.3,270.8,271.15,497300,135102000.0,8079,,168413.0,33.87,new
AGL, EQ,2026-09-22,13.7,14.25,13.7,13.94,13.95,13.81,1471915,20570000.0,3189,,659761.0,44.82,new
AGNI, SM,2026-09-22,15.25,16.0,15.25,16.0,16.0,15.25,17500,273000.0,4,,10000.0,57.14,new
AGRITECH, EQ,2026-09-22,98.22,100.39,96.1,97.38,97.01,98.71,1866,182000.0,102,,1304.0,69.88,new
AGROPHOS, EQ,2026-09-22,24.2,24.5,22.0,23.97,24.39,23.85,38838,905000.0000000001,370,,23136.0,59.57,new
AGSTRA, BZ,2026-09-22,2.06,2.11,2.02,2.1,2.11,2.01,257095,537000.0,381,,,,new
AHCL, EQ,2026-09-22,27.6,28.86,26.91,28.86,28.86,26.24,70018561,1973408000.0000002,121813,,15239139.0,21.76,new
AHLADA, EQ,2026-09-22,36.97,38.0,36.16,37.28,37.45,36.97,1431,53000.0,67,,964.0,67.37,new
AHLEAST, EQ,2026-09-22,135.01,137.48,135.0,135.13,135.0,135.0,472,64000.0,30,,400.0,84.75,new
AHLUCONT, EQ,2026-09-22,581.05,585.45,577.0,582.4,584.0,580.2,28751,16721000.0,2135,,17967.0,62.49,new
AHLWEST, BE,2026-09-22,545.0,551.0,545.0,545.0,545.0,545.0,986,543000.0,6,,,,new
AIAENG, EQ,2026-09-22,3941.0,3981.5,3912.0,3923.4,3936.7,3941.0,18004,70728000.0,7092,,9865.0,54.79,new
AIIL, EQ,2026-09-22,559.4,564.2,544.55,546.9,549.0,559.4,88597,48997000.0,6013,,41251.0,46.56,new
AILIMITED, SM,2026-09-22,15.75,15.75,15.6,15.6,15.6,16.4,6000,94000.0,2,,6000.0,100.0,new
AIMTRON, SM,2026-09-22,1784.35,1860.0,1775.0,1818.1,1845.0,1784.35,66600,120952000.0,295,,43200.0,64.86,new
AIRAN, EQ,2026-09-22,16.65,18.0,16.59,17.02,17.0,16.66,116617,2010000.0000000002,669,,78755.0,67.53,new
AIROLAM, EQ,2026-09-22,87.01,90.1,87.01,87.69,87.33,88.24,4636,413000.0,66,,3549.0,76.55,new
AISL, SM,2026-09-22,56.9,56.9,56.9,56.9,56.9,54.5,600,34000.0,1,,600.0,100.0,new
AJANTPHARM, EQ,2026-09-22,3539.0,3547.0,3465.8,3519.3,3530.5,3542.1,106260,373610000.0,14013,,57628.0,54.23,new
AJAXENGG, EQ,2026-09-22,561.0,572.5,561.0,564.6,564.15,562.6,39283,22218000.0,5891,,20982.0,53.41,new
AJMERA, EQ,2026-09-22,118.25,120.7,118.02,119.87,119.6,118.25,199233,23793000.0,2608,,88702.0,44.52,new
AJOONI, EQ,2026-09-22,3.2,3.24,3.1,3.16,3.17,3.18,232957,743000.0,431,,197462.0,84.76,new
AKANKSHA, SM,2026-09-22,140.0,146.0,140.0,143.95,143.95,140.05,22000,3131000.0,18,,19000.0,86.36,new
AKASH, EQ,2026-09-22,24.46,25.47,24.46,24.99,24.64,24.77,3633,90000.0,35,,2139.0,58.88,new
AKCAPIT, EQ,2026-09-22,1749.5,1770.0,1744.2,1766.8,1769.9,1758.1,1327,2336000.0,77,,1278.0,96.31,new
AKG, EQ,2026-09-22,9.86,10.5,9.86,10.2,10.36,10.03,8052,83000.0,146,,5401.0,67.08,new
AKI, BE,2026-09-22,6.7,6.7,6.09,6.42,6.48,6.41,363123,2320000.0,570,,,,new
AKIKO, SM,2026-09-22,435.0,435.0,430.0,430.0,430.0,428.0,3200,1380000.0,4,,3200.0,100.0,new
AKSHAR, EQ,2026-09-22,0.42,0.42,0.41,0.41,0.41,0.41,632399,262000.0,239,,470443.0,74.39,new
AKSHARCHEM, BE,2026-09-22,407.0,415.0,395.0,395.9,395.0,410.65,11646,4690000.0,163,,,,new
AKSHOPTFBR, BE,2026-09-22,7.2,7.38,7.08,7.13,7.13,7.45,523357,3772999.9999999995,602,,,,new
AKUMS, EQ,2026-09-22,830.0,834.7,801.0,807.9,809.0,821.45,262560,214152000.0,14426,,133989.0,51.03,new
ALANKIT, EQ,2026-09-22,7.56,8.55,7.52,7.94,7.99,7.66,424375,3409000.0000000005,1170,,267257.0,62.98,new
ALBERTDAVD, EQ,2026-09-22,848.95,853.05,837.3,848.9,847.0,841.75,2601,2197000.0,305,,1897.0,72.93,new
ALCODIS, SM,2026-09-22,65.0,65.0,65.0,65.0,65.0,65.0,625,41000.0,1,,625.0,100.0,new
ALEMBICLTD, EQ,2026-09-22,103.54,106.7,102.56,104.79,105.01,103.54,709434,74127000.0,8650,,259180.0,36.53,new
ALFREDHE, EQ,2026-09-22,2811.0,2811.0,2811.0,2811.0,2811.0,2735.0,101,284000.0,48,,101.0,100.0,new
ALGOQUANT, EQ,2026-09-22,72.92,73.9,71.5,72.24,72.37,72.9,1189233,86754000.0,5128,,317383.0,26.69,new
ALICON, EQ,2026-09-22,738.25,755.0,734.05,744.5,741.0,738.25,45206,33683000.0,3165,,29306.0,64.83,new
ALIVUS, EQ,2026-09-22,1400.4,1422.2,1368.0,1374.2,1374.0,1400.4,89919,125143000.0,12266,,48865.0,54.34,new
ALKALI, EQ,2026-09-22,97.7,106.3,92.12,103.2,102.12,98.63,251907,25059000.0,3585,,85002.0,33.74,new
ALKEM, EQ,2026-09-22,5365.0,5419.5,5308.5,5331.5,5331.5,5364.0,94905,510822999.99999994,14122,,69420.0,73.15,new
ALKYLAMINE, EQ,2026-09-22,1867.9,1898.9,1851.0,1863.8,1878.9,1867.9,26813,50113000.0,4830,,11303.0,42.15,new
ALLCARGO, EQ,2026-09-22,10.99,11.17,10.83,10.93,10.88,10.98,5186068,57194000.00000001,5503,,2014528.0,38.84,new
ALLDIGI, EQ,2026-09-22,791.9,801.8,771.1,784.6,790.0,787.9,6147,4826000.0,913,,2441.0,39.71,new
ALLETEC, SM,2026-09-22,122.5,129.9,122.5,128.5,128.0,121.35,12400,1584000.0,27,,9200.0,74.19,new
ALLTIME, EQ,2026-09-22,207.7,209.39,202.2,203.73,202.2,206.39,67645,13887000.0,1281,,33688.0,49.8,new
ALMONDZ, EQ,2026-09-22,18.75,19.18,18.1,18.65,18.71,18.41,407680,7631000.0,737,,318997.0,78.25,new
ALOKINDS, EQ,2026-09-22,7.2,7.44,7.17,7.34,7.36,7.13,29145200,214279000.0,16506,,10557837.0,36.22,new
ALPA, EQ,2026-09-22,60.49,61.85,58.35,61.36,61.7,59.62,11423,695000.0,204,,7488.0,65.55,new
ALPEXSOLAR, SM,2026-09-22,875.85,889.45,861.15,864.3,862.1,880.25,39100,34071000.0,279,,23900.0,61.13,new
ALPHA, EQ,2026-09-22,53.61,53.95,53.04,53.16,53.37,53.6,770430,41147000.0,2874,,488341.0,63.39,new
ALPHAETF, EQ,2026-09-22,26.34,26.45,26.1,26.13,26.17,26.23,2181529,57051000.0,805,,2030501.0,93.08,new
ALPHAGEO, BE,2026-09-22,300.0,303.9,296.0,296.1,296.1,296.5,4763,1424000.0,72,,,,new
ALPINETEX, EQ,2026-09-22,52.75,53.9,51.95,52.36,52.25,52.11,196992,10344000.0,3532,,116837.0,59.31,new
ALPL30IETF, EQ,2026-09-22,27.25,27.33,26.99,27.03,27.1,27.25,243771,6605000.0,911,,144318.0,59.2,new
ALUFLUOR, EQ,2026-09-22,534.35,545.95,534.3,543.35,543.9,543.85,4483,2427000.0,271,,3569.0,79.61,new
ALUWIND, SM,2026-09-22,50.5,51.0,48.0,50.95,51.0,50.75,25500,1274000.0,17,,21000.0,82.35,new
AMAGI, EQ,2026-09-22,566.0,603.85,563.8,581.1,581.4,564.5,743158,436746000.0,35902,,260264.0,35.02,new
AMAL, EQ,2026-09-22,720.05,725.95,704.05,711.9,711.0,721.05,16314,11725000.0,677,,11922.0,73.08,new
AMANTA, BE,2026-09-22,188.1,188.1,184.35,185.5,185.5,188.1,27852,5169000.0,154,,,,new
AMARJOTHI, EQ,2026-09-22,149.0,149.7,147.0,148.91,149.0,149.39,127,19000.0,21,,101.0,79.53,new
AMBAAUTO, SM,2026-09-22,95.0,96.25,89.0,91.55,96.25,93.65,81000,7311000.0,67,,49000.0,60.49,new
AMBALALSA, BE,2026-09-22,38.54,39.3,38.5,38.65,38.5,38.73,32469,1260000.0,128,,,,new
AMBANIORGO, SM,2026-09-22,112.45,112.45,112.0,112.0,112.0,112.45,11000,1233000.0,5,,11000.0,100.0,new
AMBER, EQ,2026-09-22,7105.0,7164.5,6992.0,7000.0,7000.0,7098.0,95036,670701000.0,13284,,33598.0,35.35,new
AMBICAAGAR, EQ,2026-09-22,25.42,25.42,24.73,24.83,24.83,24.9,38792,961999.9999999999,161,,35536.0,91.61,new
AMBIKCO, EQ,2026-09-22,1600.0,1600.0,1569.0,1577.7,1588.9,1619.4,8416,13334000.0,1038,,4368.0,51.9,new
AMBUJACEM, EQ,2026-09-22,391.1,394.0,385.15,386.9,386.9,390.75,1155681,448902000.00000006,15725,,633258.0,54.8,new
AMCL, SM,2026-09-22,364.0,365.0,357.0,358.9,358.0,361.55,25600,9224000.0,35,,24400.0,95.31,new
AMDIND, BE,2026-09-22,59.59,62.4,58.11,59.84,60.84,60.1,49658,2974000.0,371,,,,new
AMEYA, SM,2026-09-22,157.1,157.1,149.95,157.1,157.1,149.65,49000,7675000.0,42,,42000.0,85.71,new
AMIABLE, SM,2026-09-22,70.0,70.0,70.0,70.0,70.0,70.2,3200,224000.00000000003,2,,3200.0,100.0,new
AMJLAND, EQ,2026-09-22,36.53,38.49,36.52,37.75,38.49,37.11,4545,171000.0,147,,2498.0,54.96,new
AMNPLST, EQ,2026-09-22,173.0,176.49,166.66,169.65,169.5,170.54,6227,1052000.0,234,,2944.0,47.28,new
AMRUTANJAN, EQ,2026-09-22,493.4,504.0,493.4,500.05,500.0,496.05,30980,15476000.0,2279,,17924.0,57.86,new
ANANDRATHI, EQ,2026-09-22,2210.0,2220.1,2161.4,2179.0,2173.5,2211.2,485812,1057889000.0,40492,,277767.0,57.18,new
ANANTAM, IV,2026-09-22,106.8,106.9,105.75,105.92,105.75,106.13,71286,7573000.0,153,,70372.0,98.72,new
ANANTRAJ, EQ,2026-09-22,595.9,614.8,594.5,610.1,610.0,595.2,1661656,1008866000.0,40385,,728796.0,43.86,new
ANAWIL, SM,2026-09-22,444.75,458.0,438.1,445.6,446.0,442.8,144000,64488000.0,296,,102000.0,70.83,new
ANDHRAPAP, EQ,2026-09-22,72.25,73.75,70.77,71.43,71.7,72.69,388193,27976000.0,4109,,134162.0,34.56,new
ANDHRSUGAR, EQ,2026-09-22,96.4,98.36,94.0,95.35,96.0,95.0,449168,43266000.0,11748,,130001.0,28.94,new
ANDREWYU, EQ,2026-09-22,26.42,26.98,26.03,26.49,26.75,26.42,31507,836999.9999999999,464,,20071.0,63.7,new
ANGELONE, EQ,2026-09-22,296.2,298.65,293.2,295.1,295.1,296.15,2221167,658112000.0,28397,,845983.0,38.09,new
ANIKINDS, EQ,2026-09-22,43.5,44.74,42.71,42.99,43.0,43.95,3438,149000.0,56,,2791.0,81.18,new
ANKITMETAL, BZ,2026-09-22,1.76,1.79,1.76,1.79,1.79,1.76,11261,20000.0,21,,,,new
ANLON, SM,2026-09-22,780.0,821.0,780.0,818.0,818.0,771.6,19200,15519999.999999998,40,,16000.0,83.33,new
ANMOL, BE,2026-09-22,14.99,15.24,13.98,14.03,14.0,14.71,72003,1036000.0,245,,,,new
ANNAPURNA, EQ,2026-09-22,133.5,134.0,130.2,131.71,131.06,130.56,65755,8678000.0,987,,48169.0,73.26,new
ANNU, EQ,2026-09-22,53.7,54.8,52.1,54.17,53.91,52.69,1112623,59538000.0,8168,,362833.0,32.61,new
ANONDITA, SM,2026-09-22,1084.0,1097.45,1040.05,1084.6,1080.65,1083.7,83600,88755000.0,335,,47600.0,56.94,new
ANSALAPI, BZ,2026-09-22,3.66,3.73,3.66,3.73,3.73,3.66,23327,87000.0,35,,,,new
ANSALBU, EQ,2026-09-22,75.1,90.12,75.1,90.12,90.12,75.1,32466,2911000.0,1081,,17301.0,53.29,new
ANTELOPUS, EQ,2026-09-22,1109.15,1145.75,1080.05,1110.4,1113.5,1100.8,639484,713895000.0,29095,,105475.0,16.49,new
ANTGRAPHIC, EQ,2026-09-22,0.74,0.74,0.71,0.71,0.72,0.73,181944,131000.0,164,,144861.0,79.62,new
ANTHEM, EQ,2026-09-22,921.0,921.0,890.1,891.7,892.0,917.45,499529,450189999.99999994,30154,,241578.0,48.36,new
ANUHPHR, EQ,2026-09-22,94.69,95.89,93.0,93.48,93.0,93.66,106195,9993000.0,2023,,61310.0,57.73,new
ANUP, EQ,2026-09-22,1639.0,1722.2,1639.0,1663.0,1659.0,1632.1,29875,50264000.0,4655,,15125.0,50.63,new
ANURAS, EQ,2026-09-22,1169.7,1210.0,1142.0,1197.9,1190.0,1160.8,1218193,1444503000.0,46379,,558295.0,45.83,new
ANYA, SM,2026-09-22,17.0,17.0,17.0,17.0,17.0,17.6,5000,85000.0,1,,5000.0,100.0,new
ANZEN, IV,2026-09-22,129.9,131.0,129.0,129.0,129.0,129.98,1900000,245535000.0,16,,1600000.0,84.21,new
AONEGOLD, EQ,2026-09-22,14.36,14.36,14.05,14.11,14.17,14.2,361549,5110000.0,1434,,205427.0,56.82,new
AONELIQUID, EQ,2026-09-22,1077.85,1077.88,1077.85,1077.87,1077.88,1077.73,4180,4506000.0,61,,3340.0,79.9,new
AONENIFTY, EQ,2026-09-22,9.43,9.79,9.25,9.67,9.67,9.68,118375,1144000.0,1037,,93760.0,79.21,new
AONESILVER, EQ,2026-09-22,8.96,9.06,8.73,8.8,8.82,8.89,440688,3886000.0,1155,,298272.0,67.68,new
AONETMMQ50, EQ,2026-09-22,10.2,10.29,10.13,10.16,10.18,10.15,41593,423000.00000000006,186,,20308.0,48.83,new
AONETOTAL, EQ,2026-09-22,11.83,11.83,11.62,11.68,11.64,11.69,79655,933000.0,862,,33923.0,42.59,new
APARINDS, EQ,2026-09-22,18899.0,19265.0,17919.0,18233.0,18289.0,18945.0,207076,3823994000.0,55177,,94852.0,45.81,new
APCL, EQ,2026-09-22,98.0,98.0,94.24,94.8,95.0,93.99,2908,276000.0,115,,1938.0,66.64,new
APCOTEXIND, EQ,2026-09-22,612.0,623.15,605.75,609.45,609.1,608.7,75211,46068000.0,4350,,40121.0,53.34,new
APEX, EQ,2026-09-22,358.9,359.55,351.65,356.9,355.0,351.65,84991,30229000.000000004,3339,,37717.0,44.38,new
APEXECO, ST,2026-09-22,266.3,268.0,266.3,268.0,268.0,265.0,8800,2352000.0,10,,8800.0,100.0,new
APLAPOLLO, EQ,2026-09-22,2180.9,2199.3,2159.9,2195.0,2195.0,2181.1,598956,1303456000.0,40247,,380732.0,63.57,new
APLLTD, EQ,2026-09-22,847.05,850.95,835.9,840.15,840.0,848.75,104047,87726000.0,8899,,50105.0,48.16,new
APOLLO, EQ,2026-09-22,390.0,412.65,390.0,406.75,408.6,385.45,13757604,5574864000.0,141622,,3493532.0,25.39,new
APOLLOHOSP, EQ,2026-09-22,8960.0,9000.0,8822.5,8835.5,8835.5,8912.0,350507,3122228000.0,37263,,243603.0,69.5,new
APOLLOPIPE, EQ,2026-09-22,539.45,543.2,523.0,526.1,524.3,539.5,81329,43270000.0,4117,,32507.0,39.97,new
APOLLOTYRE, EQ,2026-09-22,409.3,411.35,401.0,402.55,403.1,409.3,600980,243066000.0,21144,,328583.0,54.67,new
APOLSINHOT, EQ,2026-09-22,1205.3,1235.9,1205.0,1223.3,1212.0,1215.9,378,459999.99999999994,84,,270.0,71.43,new
APOORVA, EQ,2026-09-22,33.92,33.92,30.7,33.89,33.89,32.31,1611,55000.00000000001,21,,1601.0,99.38,new
APRAMEYA, SM,2026-09-22,111.05,113.0,103.55,104.95,103.55,115.0,15500,1673000.0,29,,13000.0,83.87,new
APS, SM,2026-09-22,235.0,239.0,235.0,235.85,235.4,233.35,6000,1420000.0,20,,5750.0,95.83,new
APSISAERO, ST,2026-09-22,577.3,577.3,577.3,577.3,577.3,566.0,13200,7620000.0,10,,12000.0,90.91,new
APTECHT, EQ,2026-09-22,94.1,94.24,91.1,91.78,91.55,94.72,120592,11160000.0,1655,,62628.0,51.93,new
APTUS, EQ,2026-09-22,237.5,244.03,237.5,242.08,242.0,237.27,3567063,860239000.0,29091,,2906566.0,81.48,new
AQYLON, EQ,2026-09-22,18.91,19.81,18.91,19.8,19.81,18.87,621543,12233000.0,1976,,385366.0,62.0,new
ARABIAN, SM,2026-09-22,88.0,88.0,84.95,88.0,88.0,91.85,20000,1734000.0,9,,8000.0,40.0,new
ARCHIDPLY, EQ,2026-09-22,105.97,111.25,105.97,107.68,108.0,104.84,44478,4849000.0,965,,34836.0,78.32,new
ARCHIES, EQ,2026-09-22,12.71,12.94,12.68,12.75,12.89,12.62,6514,83000.0,64,,5232.0,80.32,new
ARCIIL, SM,2026-09-22,36.0,36.3,33.2,33.9,33.9,34.5,38000,1313000.0,29,,18000.0,47.37,new
ARCIL, EQ,2026-09-22,135.3,140.9,135.1,138.91,139.6,135.18,3340524,463783000.0,38706,,1445000.0,43.26,new
ARCL, EQ,2026-09-22,251.64,264.22,249.9,262.06,264.0,251.64,9484,2499000.0,125,,8500.0,89.62,new
ARDEE, EQ,2026-09-22,49.0,53.3,48.86,52.08,52.41,48.68,11664894,607821000.0,47549,,2566133.0,22.0,new
ARE&M, EQ,2026-09-22,795.0,811.45,790.25,793.2,790.5,794.3,387946,310034000.0,20631,,182652.0,47.08,new
ARENTERP, EQ,2026-09-22,34.7,34.79,27.6,34.77,34.79,34.49,4820,153000.0,117,,2793.0,57.95,new
ARFIN, EQ,2026-09-22,91.0,91.88,89.0,89.28,89.1,91.18,931091,83620000.0,5798,,228792.0,24.57,new
ARHAM, SM,2026-09-22,210.0,212.0,208.05,212.0,212.0,209.2,9000,1900000.0,9,,6000.0,66.67,new
ARIES, BE,2026-09-22,468.9,473.0,450.0,469.95,472.0,462.8,14933,6967000.0,292,,,,new
ARIHANT, EQ,2026-09-22,977.0,977.0,890.4,923.9,930.0,957.35,773,712000.0,217,,343.0,44.37,new
ARIHANTCAP, EQ,2026-09-22,81.19,93.0,81.19,90.99,92.89,81.61,6068298,544144000.0,43506,,1214014.0,20.01,new
ARIHANTSUP, EQ,2026-09-22,230.0,236.95,226.0,234.9,234.6,229.3,2580,602000.0,138,,2207.0,85.54,new
ARIS, EQ,2026-09-22,142.5,143.44,136.51,140.1,139.5,142.09,2008186,280668000.0,18875,,657304.0,32.73,new
ARKADE, EQ,2026-09-22,124.88,128.99,123.5,128.4,128.8,123.44,297017,37669000.0,4847,,153184.0,51.57,new
ARMANFIN, EQ,2026-09-22,1961.0,1994.9,1961.0,1974.9,1975.1,1966.0,15081,29806000.0,3168,,8532.0,56.57,new
ARMOUR, ST,2026-09-22,17.4,17.4,17.4,17.4,17.4,16.6,8000,139000.0,4,,8000.0,100.0,new
AROGRANITE, EQ,2026-09-22,23.4,23.92,23.0,23.09,23.44,23.22,2305,54000.0,107,,2010.0,87.2,new
ARROWGREEN, EQ,2026-09-22,888.95,939.45,882.2,913.05,919.8,876.05,148575,136270000.0,10721,,60701.0,40.86,new
ARSHIYA, BZ,2026-09-22,0.7,0.71,0.68,0.7,0.71,0.7,174860,122000.0,70,,,,new
ARSSBL, EQ,2026-09-22,503.95,503.95,490.0,496.25,495.05,496.1,89398,44319000.0,3086,,46622.0,52.15,new
ARTEMISMED, EQ,2026-09-22,339.05,346.75,338.15,340.85,338.35,339.05,274562,93906000.0,12276,,109957.0,40.05,new
ARTNIRMAN, EQ,2026-09-22,40.9,40.93,39.0,40.49,40.93,40.09,729,28999.999999999996,22,,680.0,93.28,new
ARUNAYA, SM,2026-09-22,13.7,14.4,13.7,14.4,14.4,14.0,10000,141000.0,5,,8000.0,80.0,new
ARVEE, EQ,2026-09-22,224.9,247.99,222.25,236.07,232.6,208.87,229982,54504999.99999999,5307,,47793.0,20.78,new
ARVIND, EQ,2026-09-22,542.0,543.0,531.0,533.55,536.0,538.55,313593,168310000.0,13889,,130863.0,41.73,new
ARVINDFASN, EQ,2026-09-22,427.7,427.7,417.1,419.4,417.25,427.6,100434,42315000.0,8991,,49341.0,49.13,new
ARVINDPORT, SM,2026-09-22,34.55,39.0,34.55,39.0,39.0,35.5,21000,802999.9999999999,12,,21000.0,100.0,new
ARVSMART, EQ,2026-09-22,574.4,592.0,569.1,588.2,589.95,574.4,71059,41378000.0,3837,,36882.0,51.9,new
ARYAMAN, EQ,2026-09-22,624.9,633.95,624.9,633.95,633.95,624.85,21,13000.0,2,,21.0,100.0,new
ASAHIINDIA, EQ,2026-09-22,958.0,974.7,950.0,965.15,960.2,950.25,71821,68936000.0,6976,,35514.0,49.45,new
ASAHISONG, BE,2026-09-22,388.95,388.95,366.0,371.2,372.6,381.75,8790,3315000.0,182,,,,new
ASAL, EQ,2026-09-22,446.0,454.0,446.0,449.15,452.8,450.4,12265,5521000.0,547,,8849.0,72.15,new
ASALCBR, EQ,2026-09-22,656.0,662.05,649.2,651.8,650.05,651.9,21155,13824000.0,2059,,11605.0,54.86,new
ASHAPURMIN, EQ,2026-09-22,532.5,555.75,532.5,537.35,536.35,532.25,437634,237627000.0,16850,,161306.0,36.86,new
ASHIANA, EQ,2026-09-22,405.55,410.0,381.55,385.0,383.5,405.55,169995,66966000.0,7979,,46745.0,27.5,new
ASHIKAG, BE,2026-09-22,399.95,400.05,395.85,397.05,399.85,399.95,26686,10597000.0,192,,,,new
ASHIMASYN, EQ,2026-09-22,16.26,16.3,15.5,15.68,15.55,15.94,172316,2733000.0,336,,142152.0,82.49,new
ASHOKA, EQ,2026-09-22,112.95,113.8,111.6,111.96,112.2,112.66,454581,51220000.00000001,4590,,231648.0,50.96,new
ASHOKAMET, EQ,2026-09-22,14.73,15.14,14.21,14.3,14.4,14.73,78479,1141000.0,369,,52879.0,67.38,new
ASHOKLEY, EQ,2026-09-22,163.0,164.2,159.8,160.75,160.75,161.75,8959874,1446225000.0,52587,,4408407.0,49.2,new
ASHUTOSH, SM,2026-09-22,155.85,157.0,149.05,150.1,149.05,155.05,212400,32479000.000000004,160,,146400.0,68.93,new
ASHWINI, SM,2026-09-22,164.5,164.5,160.0,160.0,160.0,162.85,9000,1457000.0,9,,7000.0,77.78,new
ASIANENE, EQ,2026-09-22,486.05,492.8,482.0,489.6,492.6,483.5,141941,69201000.0,6049,,62079.0,43.74,new
ASIANHOTNR, EQ,2026-09-22,375.1,392.45,373.05,385.1,386.65,375.1,6272,2385000.0,417,,3384.0,53.95,new
ASIANPAINT, EQ,2026-09-22,2475.1,2475.1,2435.6,2448.5,2448.5,2440.3,414715,1016910000.0,35810,,205383.0,49.52,new
ASIANTILES, EQ,2026-09-22,51.26,51.7,49.76,50.09,50.1,51.26,1095832,55580999.99999999,3949,,412919.0,37.68,new
ASIANTNE, EQ,2026-09-22,9.67,9.67,9.2,9.38,9.38,9.2,3290,31000.0,53,,2729.0,82.95,new
ASKAUTOLTD, EQ,2026-09-22,661.65,674.8,655.15,663.4,661.5,655.1,435952,290314000.0,23422,,167365.0,38.39,new
ASMS, EQ,2026-09-22,6.8,6.8,6.58,6.61,6.6,6.68,187513,1244000.0,600,,158377.0,84.46,new
ASPINWALL, EQ,2026-09-22,250.05,253.7,248.2,252.35,248.6,249.15,3259,819000.0,64,,2812.0,86.28,new
ASPIRE, SM,2026-09-22,12.5,13.25,12.35,13.25,13.25,12.95,18000,225000.0,7,,16000.0,88.89,new
ASSAMENT, EQ,2026-09-22,818.0,818.0,742.0,788.0,788.0,780.0,27,20000.0,4,,25.0,92.59,new
ASTAR, EQ,2026-09-22,733.85,734.0,680.0,702.45,701.5,726.15,3138,2214000.0,345,,1081.0,34.45,new
ASTEC, EQ,2026-09-22,715.05,825.95,712.5,794.5,782.0,719.45,2103437,1697600999.9999998,83393,,115444.0,5.49,new
ASTERDM, EQ,2026-09-22,756.75,758.45,746.3,750.7,750.8,756.75,586106,440185999.99999994,38343,,332052.0,56.65,new
ASTRAL, EQ,2026-09-22,1401.0,1407.9,1381.6,1381.6,1381.6,1400.9,419577,584397000.0,18027,,249557.0,59.48,new
ASTRAMICRO, EQ,2026-09-22,1655.0,1662.3,1611.0,1616.3,1614.6,1657.9,180438,294361000.0,18347,,93399.0,51.76,new
ASTRAZEN, EQ,2026-09-22,6605.0,6757.0,6603.0,6711.5,6701.5,6650.0,4537,30343000.0,1709,,1912.0,42.14,new
ASTRON, BZ,2026-09-22,2.95,3.01,2.82,2.84,2.85,2.93,21137,60000.0,75,,,,new
ATALREAL, EQ,2026-09-22,14.25,14.25,12.8,13.07,13.12,14.05,6493632,85535000.0,5423,,1830838.0,28.19,new
ATAM, EQ,2026-09-22,60.4,60.4,57.39,58.27,57.61,59.05,10919,642000.0,242,,4300.0,39.38,new
ATCENERGY, ST,2026-09-22,21.1,22.0,20.75,21.75,21.55,21.1,13200,279000.0,11,,12000.0,90.91,new
ATGL, EQ,2026-09-22,640.0,642.95,622.2,626.25,623.8,638.4,1213917,765429000.0,33937,,299748.0,24.69,new
ATHERENERG, EQ,2026-09-22,1614.0,1621.8,1538.0,1543.8,1543.8,1593.0,3426121,5384784000.0,97135,,1217841.0,35.55,new
ATL, EQ,2026-09-22,24.5,24.65,24.03,24.35,24.17,24.29,101478,2468000.0,1063,,55189.0,54.39,new
ATLANTAA, EQ,2026-09-22,35.94,36.94,35.0,35.64,35.68,35.38,30631,1089000.0,419,,22927.0,74.85,new
ATLANTAELE, EQ,2026-09-22,1719.0,1724.8,1649.2,1664.9,1675.0,1695.4,71639,120951000.0,7878,,39406.0,55.01,new
ATLASCYCLE, EQ,2026-09-22,88.42,94.49,88.42,93.55,94.0,88.42,26564,2452000.0,340,,19973.0,75.19,new
ATLPP, E1,2026-09-22,8.8,9.25,8.8,8.86,8.86,9.05,560,5000.0,10,,525.0,93.75,new
ATMASTCO, SM,2026-09-22,129.95,129.95,126.0,127.5,129.0,126.6,7600,969000.0,18,,6400.0,84.21,new
ATUL, EQ,2026-09-22,6128.0,6234.0,6096.0,6176.5,6189.5,6086.0,92926,572440000.0,10523,,71078.0,76.49,new
ATULAUTO, EQ,2026-09-22,450.45,454.4,444.0,446.6,447.0,449.0,35641,15925000.0,2207,,20553.0,57.67,new
AUBANK, EQ,2026-09-22,1037.9,1043.5,1027.6,1036.4,1036.4,1038.0,506494,523049000.0,19666,,259892.0,51.31,new
AUGMONT, EQ,2026-09-22,830.0,872.0,825.2,853.35,844.5,887.2,1115175,954131000.0,43838,,350597.0,31.44,new
AURIONPRO, EQ,2026-09-22,687.1,698.95,675.15,681.9,677.0,687.05,122905,83866000.0,7211,,73980.0,60.19,new
AUROIMPEX, SM,2026-09-22,37.15,37.15,37.15,37.15,37.15,35.4,8000,297000.0,5,,8000.0,100.0,new
AUROPHARMA, EQ,2026-09-22,1718.3,1719.0,1689.3,1700.0,1700.0,1713.4,869831,1477064000.0,45670,,521307.0,59.93,new
AURUM, EQ,2026-09-22,217.51,225.5,217.4,222.04,222.0,218.9,106125,23447000.0,1581,,75026.0,70.7,new
AURUS, EQ,2026-09-22,4.83,4.95,4.77,4.89,4.93,4.8,9217,45000.0,142,,5190.0,56.31,new
AUSOMENT, EQ,2026-09-22,147.98,148.25,143.15,147.23,148.0,146.97,6276,925000.0,147,,4325.0,68.91,new
AUSTENG, EQ,2026-09-22,135.0,162.85,135.0,162.85,162.85,135.71,77654,12166000.0,910,,49245.0,63.42,new
AUTOAXLES, EQ,2026-09-22,1702.2,1709.0,1659.0,1664.4,1660.2,1694.0,4548,7615000.000000001,541,,3543.0,77.9,new
AUTOBEES, EQ,2026-09-22,280.61,283.48,279.65,280.12,280.0,281.25,175061,49093000.0,1990,,118259.0,67.55,new
AUTOIETF, EQ,2026-09-22,28.24,28.37,28.08,28.19,28.15,28.24,289352,8158000.0,1546,,153896.0,53.19,new
AUTOIND, EQ,2026-09-22,85.48,86.99,84.0,84.82,84.05,83.76,151528,12980000.000000002,3018,,82307.0,54.32,new
AVADHSUGAR, EQ,2026-09-22,735.0,749.0,727.0,732.8,733.8,732.55,67763,49882000.0,4673,,26942.0,39.76,new
AVALON, EQ,2026-09-22,2485.9,2526.3,2410.0,2468.5,2470.0,2485.9,395562,978664000.0,37254,,101305.0,25.61,new
AVANA, ST,2026-09-22,140.5,143.4,136.0,140.0,140.0,140.1,18000,2497000.0,8,,12000.0,66.67,new
AVANCE, EQ,2026-09-22,0.85,0.89,0.84,0.86,0.86,0.84,6880158,5953000.0,1616,,3639620.0,52.9,new
AVANTEL, EQ,2026-09-22,146.0,149.8,145.73,146.71,147.8,145.01,786281,115657000.0,10049,,362196.0,46.06,new
AVANTIFEED, EQ,2026-09-22,776.0,776.0,750.65,753.15,750.65,767.0,186772,141916000.0,12754,,89687.0,48.02,new
AVATAR, ST,2026-09-22,187.9,187.9,187.9,187.9,187.9,197.75,10000,1879000.0,5,,10000.0,100.0,new
AVG, BE,2026-09-22,170.0,174.99,167.3,169.55,169.85,170.05,4003,678000.0,69,,,,new
AVIANSH, SM,2026-09-22,103.0,103.25,100.5,100.5,100.5,103.5,3000,307000.0,3,,3000.0,100.0,new
AVIENCE, SM,2026-09-22,330.55,359.35,321.0,345.85,359.0,326.7,99600,33356000.0,148,,72000.0,72.29,new
AVL, EQ,2026-09-22,629.95,633.0,624.85,627.1,628.9,629.3,65399,41075000.0,6575,,30344.0,46.4,new
AVONMORE, EQ,2026-09-22,13.01,13.27,12.77,12.87,12.8,13.01,95776,1240000.0,535,,63256.0,66.05,new
AVPINFRA, SM,2026-09-22,55.8,56.5,55.45,55.6,55.45,56.05,33600,1877000.0,36,,20800.0,61.9,new
AVROIND, EQ,2026-09-22,8.14,8.14,7.08,7.24,7.15,7.91,765860,5657000.0,1315,,569216.0,74.32,new
AVTNPL, EQ,2026-09-22,90.1,100.0,90.1,98.26,98.62,90.04,4546154,441687000.0,55852,,894832.0,19.68,new
AWFIS, EQ,2026-09-22,271.95,274.0,264.5,266.55,266.0,271.35,372113,99694000.0,10511,,168048.0,45.16,new
AWHCL, EQ,2026-09-22,364.55,368.0,360.5,364.3,362.65,364.55,66519,24248000.0,2799,,25565.0,38.43,new
AWL, EQ,2026-09-22,184.0,184.9,182.35,183.1,182.78,183.56,1156490,212490000.0,16705,,563399.0,48.72,new
AXISBANK, EQ,2026-09-22,1245.2,1255.6,1240.1,1242.7,1242.7,1250.0,2689110,3347276000.0,108682,,1412409.0,52.52,new
AXISCADES, EQ,2026-09-22,1844.0,1908.1,1831.3,1891.1,1896.0,1839.7,183778,346537000.0,16362,,91171.0,49.61,new
AXITA, EQ,2026-09-22,8.03,8.17,7.91,7.99,8.01,8.0,885885,7098000.0,841,,371615.0,41.95,new
AXTEL, EQ,2026-09-22,435.0,440.9,424.6,439.15,440.0,434.0,4892,2128000.0,287,,3855.0,78.8,new
AYE, EQ,2026-09-22,188.17,190.0,181.2,183.43,184.5,187.11,757630,140584000.0,16621,,338792.0,44.72,new
AYMSYNTEX, EQ,2026-09-22,288.2,300.8,287.15,295.4,299.0,288.35,92341,27192000.0,3652,,49657.0,53.78,new
AZAD, EQ,2026-09-22,2764.9,2820.0,2759.0,2776.2,2780.4,2764.9,235668,656924000.0,23204,,82374.0,34.95,new
AZADIND, EQ,2026-09-22,76.87,80.0,70.41,78.44,79.89,75.36,58205,4332000.0,1190,,20398.0,35.05,new
BABAFP, SM,2026-09-22,22.65,22.65,21.65,21.65,21.65,22.5,14400,318000.0,9,,11200.0,77.78,new
BAFNAPH, BE,2026-09-22,329.95,329.95,329.95,329.95,329.95,323.5,525,173000.0,10,,,,new
BAGFILMS, EQ,2026-09-22,4.39,4.45,4.29,4.31,4.3,4.31,46537,202000.0,122,,40387.0,86.78,new
BAGMANE, RR,2026-09-22,109.75,110.53,109.0,110.39,110.36,109.12,1306187,144070000.0,11349,,1182564.0,90.54,new
BAHETI, SM,2026-09-22,777.0,777.0,762.0,765.0,765.0,764.65,11625,8928000.0,21,,6000.0,51.61,new
BAIDFIN, EQ,2026-09-22,10.75,11.1,10.28,10.55,10.37,10.75,77323,831000.0,305,,50818.0,65.72,new
BAJAJ-AUTO, EQ,2026-09-22,11460.0,11515.0,11281.0,11363.0,11363.0,11460.0,154756,1756974000.0000002,36343,,74823.0,48.35,new
BAJAJCON, EQ,2026-09-22,515.0,524.5,511.4,513.75,515.4,515.3,484075,249846999.99999997,15737,,289138.0,59.73,new
BAJAJELEC, EQ,2026-09-22,326.1,329.6,322.15,323.45,324.0,326.0,74689,24307000.0,2830,,33692.0,45.11,new
BAJAJFINSV, EQ,2026-09-22,1862.7,1863.0,1823.4,1823.4,1823.4,1849.8,405051,744447000.0,28986,,199690.0,49.3,new
BAJAJHCARE, EQ,2026-09-22,335.6,341.8,334.3,336.1,337.95,335.6,75304,25430000.0,8506,,33094.0,43.95,new
BAJAJHFL, EQ,2026-09-22,84.03,84.31,82.98,83.12,83.06,83.98,1745461,145704000.0,17179,,997049.0,57.12,new
BAJAJHIND, EQ,2026-09-22,20.15,20.7,20.06,20.29,20.2,20.18,13242731,269373000.0,19244,,3606060.0,27.23,new
BAJAJHLDNG, EQ,2026-09-22,11312.0,11389.0,11103.0,11185.0,11185.0,11409.0,71522,804151000.0,13509,,44239.0,61.85,new
BAJAJINDEF, EQ,2026-09-22,216.1,222.89,214.1,219.02,217.0,214.81,124201,27211000.0,1615,,59847.0,48.19,new
BAJAJST, EQ,2026-09-22,345.55,355.85,345.05,348.05,346.0,345.2,5127,1782000.0,467,,3214.0,62.69,new
BAJEL, EQ,2026-09-22,173.99,174.83,171.61,172.47,172.01,172.11,108677,18799000.0,2819,,59405.0,54.66,new
BAJFINANCE, EQ,2026-09-22,1025.3,1029.2,1005.0,1008.8,1008.8,1021.3,4581750,4644371000.0,91695,,2905378.0,63.41,new
BALAJEE, EQ,2026-09-22,24.61,25.89,24.53,25.19,24.88,25.14,24134,603000.0,299,,14743.0,61.09,new
BALAJIPHOS, SM,2026-09-22,112.25,112.25,112.05,112.05,112.05,116.95,6000,673000.0,3,,5000.0,83.33,new
BALAJITELE, EQ,2026-09-22,94.49,95.5,93.2,93.71,93.2,93.55,57550,5400000.0,1082,,32152.0,55.87,new
BALAMINES, EQ,2026-09-22,2140.5,2179.6,2126.4,2138.9,2155.0,2130.7,83836,180132000.0,10055,,28042.0,33.45,new
BALAXI, EQ,2026-09-22,23.5,23.5,22.96,23.12,22.99,23.41,22486,524000.0,108,,13374.0,59.48,new
BALKRISHNA, EQ,2026-09-22,16.53,16.65,16.3,16.41,16.55,16.21,1867,31000.0,33,,1343.0,71.93,new
BALKRISIND, EQ,2026-09-22,2224.0,2231.0,2202.3,2216.9,2220.1,2216.8,103064,228367000.0,18710,,51812.0,50.27,new
BALMLAWRIE, EQ,2026-09-22,166.25,168.74,163.55,167.43,167.8,166.01,178669,29664999.999999996,2435,,36392.0,20.37,new
BALPHARMA, EQ,2026-09-22,109.27,112.87,107.11,108.16,109.0,109.37,91977,10116000.0,1583,,40518.0,44.05,new
BALRAMCHIN, EQ,2026-09-22,661.0,668.4,651.3,661.05,658.0,663.65,1293003,853354000.0000001,35520,,354597.0,27.42,new
BALUFORGE, EQ,2026-09-22,519.0,521.7,501.05,505.25,506.0,518.65,563043,286861000.0,17860,,255040.0,45.3,new
BANARBEADS, EQ,2026-09-22,113.45,113.65,110.3,111.28,111.5,111.03,648,72000.0,73,,397.0,61.27,new
BANARISUG, EQ,2026-09-22,3314.5,3390.0,3303.1,3322.8,3332.9,3305.4,756,2535000.0,177,,412.0,54.5,new
BANCOINDIA, EQ,2026-09-22,599.95,608.7,599.95,605.65,607.0,599.3,55149,33377000.0,5482,,29016.0,52.61,new
BANDHANBNK, EQ,2026-09-22,180.0,185.11,179.9,184.7,184.7,179.0,22278301,4070119999.9999995,66785,,12311295.0,55.26,new
BANG, EQ,2026-09-22,33.61,34.29,32.0,32.46,32.55,33.45,25889,850000.0,446,,16202.0,62.58,new
BANK10ADD, EQ,2026-09-22,16.74,16.77,16.54,16.56,16.54,16.75,14040,234000.0,111,,8731.0,62.19,new
BANK10BETF, EQ,2026-09-22,20.59,20.59,20.38,20.5,20.5,20.59,176,4000.0,12,,175.0,99.43,new
BANKA, EQ,2026-09-22,77.0,78.55,74.63,76.14,76.2,78.55,2695,204999.99999999997,52,,1719.0,63.78,new
BANKADD, EQ,2026-09-22,56.35,58.11,56.35,57.68,57.84,57.8,971,56000.00000000001,42,,531.0,54.69,new
BANKBARODA, EQ,2026-09-22,233.64,234.9,232.71,234.35,234.35,233.64,3787052,884968000.0,30532,,2074453.0,54.78,new
BANKBEES, EQ,2026-09-22,587.91,587.91,582.01,583.52,584.17,585.29,477077,279050000.0,6793,,351221.0,73.62,new
BANKBETA, EQ,2026-09-22,59.88,59.88,58.1,58.21,58.16,58.42,584220,33951000.0,279,,565840.0,96.85,new
BANKBETF, EQ,2026-09-22,57.37,57.71,57.1,57.2,57.2,57.37,6026,346000.0,257,,2454.0,40.72,new
BANKETF, EQ,2026-09-22,561.51,577.98,561.51,573.85,573.4,575.91,28055,16136000.000000002,1449,,20966.0,74.73,new
BANKIETF, EQ,2026-09-22,57.3,58.25,57.3,57.86,57.78,58.02,126483,7327000.0,1152,,77120.0,60.97,new
BANKINDIA, EQ,2026-09-22,138.5,138.91,137.01,137.01,137.01,138.63,3112072,428913000.0,24245,,1586962.0,50.99,new
BANKNIFTY1, EQ,2026-09-22,58.43,58.85,58.3,58.4,58.36,58.61,147348,8627000.0,613,,97640.0,66.26,new
BANKPSU, EQ,2026-09-22,84.07,84.07,83.14,83.55,83.56,84.01,4250,355000.0,124,,2518.0,59.25,new
BANSALWIRE, EQ,2026-09-22,318.95,319.95,313.5,315.25,315.8,316.1,45581,14401000.0,1818,,27077.0,59.4,new
BANSWRAS, EQ,2026-09-22,113.92,116.35,112.23,113.33,113.28,113.07,37753,4311000.0,953,,26926.0,71.32,new
BARFLEX, SM,2026-09-22,62.4,62.4,60.0,60.0,60.0,61.5,8000,484999.99999999994,4,,6000.0,75.0,new
BASF, EQ,2026-09-22,3675.0,3706.0,3555.0,3572.2,3577.5,3663.8,16963,61249000.0,3688,,8889.0,52.4,new
BASILIC, SM,2026-09-22,174.0,174.0,172.0,172.3,172.0,174.8,7500,1296000.0,24,,6600.0,88.0,new
BASML, BE,2026-09-22,24.8,25.74,24.25,24.73,24.5,24.64,49336,1241000.0,104,,,,new
BATAINDIA, EQ,2026-09-22,637.25,639.4,629.05,631.75,633.75,635.2,122211,77500000.0,9063,,57132.0,46.75,new
BATLIBOI, EQ,2026-09-22,86.0,86.5,82.42,82.96,83.1,85.08,15519,1299000.0,425,,10555.0,68.01,new
BAWEJA, SM,2026-09-22,24.4,24.4,24.3,24.3,24.3,24.2,2400,57999.99999999999,3,,2400.0,100.0,new
BAYERCROP, EQ,2026-09-22,3775.1,3797.4,3730.6,3765.8,3760.0,3775.1,31340,117643000.0,9689,,15985.0,51.01,new
BBETF0432, EQ,2026-09-22,1343.97,1343.99,1340.56,1343.32,1340.56,1342.07,676,907000.0,24,,568.0,84.02,new
BBL, EQ,2026-09-22,2186.9,2237.0,2186.9,2220.4,2236.0,2187.0,15439,34164000.0,3214,,8063.0,52.22,new
BBNPNBETF, EQ,2026-09-22,58.01,58.01,56.5,56.52,56.5,56.87,447,26000.0,17,,436.0,97.54,new
BBNPPGOLD, EQ,2026-09-22,147.0,148.0,145.0,146.6,146.9,146.6,1565,227999.99999999997,75,,1309.0,83.64,new
BBOX, EQ,2026-09-22,838.85,845.9,797.6,810.05,812.0,831.35,664899,544186000.0,32109,,220690.0,33.19,new
BBTC, EQ,2026-09-22,1493.0,1497.9,1453.2,1460.4,1460.2,1484.6,48718,71518000.0,4648,,19696.0,40.43,new
BBTCL, EQ,2026-09-22,237.78,238.8,232.0,234.0,233.25,235.61,1933,454000.0,128,,1600.0,82.77,new
BCG, EQ,2026-09-22,9.7,9.74,9.55,9.6,9.64,9.67,5240142,50423000.0,5302,,2686897.0,51.28,new
BCLIND, EQ,2026-09-22,33.49,33.59,33.11,33.48,33.52,33.32,419750,13999000.0,2132,,224043.0,53.38,new
BCONCEPTS, EQ,2026-09-22,153.7,153.71,149.0,152.58,152.05,151.94,6771,1030000.0000000001,337,,4756.0,70.24,new
BCPL, EQ,2026-09-22,70.26,72.0,68.6,69.31,69.85,70.26,7514,526000.0,337,,5007.0,66.64,new
BDL, EQ,2026-09-22,1185.0,1192.6,1164.0,1168.0,1168.0,1175.0,523381,615398000.0,18609,,156848.0,29.97,new
BEACON, SM,2026-09-22,81.7,83.75,80.05,83.75,83.75,79.8,15000,1235000.0,14,,14000.0,93.33,new
BEARDSELL, EQ,2026-09-22,24.85,24.85,23.5,24.41,24.4,24.21,39301,943000.0,352,,29024.0,73.85,new
BECTORFOOD, EQ,2026-09-22,225.86,226.9,217.01,217.81,217.74,225.68,1284560,283197000.0,26455,,481675.0,37.5,new
BEDMUTHA, EQ,2026-09-22,104.51,105.8,101.4,102.57,102.57,103.47,4118,430000.0,87,,3507.0,85.16,new
BEEKAY, EQ,2026-09-22,427.6,434.4,419.5,420.8,419.5,429.7,349,149000.0,50,,272.0,77.94,new
BEL, EQ,2026-09-22,398.5,400.65,395.8,397.9,397.9,398.5,8488775,3377758000.0,88270,,5176429.0,60.98,new
BELLACASA, EQ,2026-09-22,276.86,285.0,266.3,279.3,275.0,273.31,21237,5821000.0,828,,16468.0,77.54,new
BELRISE, EQ,2026-09-22,242.0,248.8,242.0,244.74,245.0,241.89,4815462,1181159000.0,56204,,2223405.0,46.17,new
BEML, EQ,2026-09-22,2100.0,2120.0,2076.2,2096.8,2102.0,2097.9,221034,463860999.99999994,17731,,69274.0,31.34,new
BENARAS, EQ,2026-09-22,10380.0,10449.0,10100.0,10254.0,10151.0,10373.0,52,536000.0,18,,49.0,94.23,new
BENGALASM, EQ,2026-09-22,6155.5,6250.0,6155.5,6173.5,6195.0,6215.5,152,941000.0,72,,91.0,59.87,new
BEPL, EQ,2026-09-22,129.35,132.8,128.52,130.23,129.55,128.1,1665214,218048000.0,14973,,454602.0,27.3,new
BERGEPAINT, EQ,2026-09-22,453.0,456.9,448.0,452.6,452.05,450.6,454498,205111000.0,15739,,247889.0,54.54,new
BESTAGRO, EQ,2026-09-22,18.7,18.75,18.21,18.34,18.35,18.54,640357,11852000.0,1777,,265580.0,41.47,new
BETA, EQ,2026-09-22,2080.0,2170.0,2063.4,2105.0,2108.5,2074.6,20315,42881000.0,3277,,7166.0,35.27,new
BEWLTD, SM,2026-09-22,51.0,62.45,51.0,61.35,62.45,52.05,85500,4874000.0,133,,73500.0,85.96,new
BFINVEST, EQ,2026-09-22,446.2,446.95,442.0,443.75,444.5,444.5,11376,5047000.0,745,,6791.0,59.7,new
BFSI, EQ,2026-09-22,25.96,26.73,25.96,26.46,26.49,26.63,181085,4806000.0,818,,96712.0,53.41,new
BFUTILITIE, EQ,2026-09-22,537.9,537.9,525.0,527.45,527.9,532.35,30977,16401000.0,1495,,15956.0,51.51,new
BGRENERGY, BE,2026-09-22,268.4,281.0,268.4,271.56,273.0,268.4,64190,17702000.0,878,,,,new
BHADORA, ST,2026-09-22,130.95,130.95,122.5,127.2,127.9,125.95,33600,4311000.0,27,,31200.0,92.86,new
BHAGCHEM, EQ,2026-09-22,245.1,251.9,242.5,243.85,243.1,245.75,83051,20486000.0,1792,,44228.0,53.25,new
BHAGERIA, EQ,2026-09-22,367.0,367.0,342.0,345.25,348.95,361.4,221218,77857000.0,3658,,130178.0,58.85,new
BHAGYANGR, EQ,2026-09-22,435.55,448.0,421.0,426.05,429.95,432.85,115065,49753000.0,5152,,52421.0,45.56,new
BHANDARI, EQ,2026-09-22,3.0,3.0,2.96,2.96,2.96,2.96,71168,211000.0,185,,68976.0,96.92,new
BHARATCOAL, EQ,2026-09-22,32.35,32.8,32.15,32.24,32.25,32.27,2812928,91288000.0,11316,,1179903.0,41.95,new
BHARATFORG, EQ,2026-09-22,1965.0,2010.0,1965.0,2009.0,2009.0,1968.9,982220,1961495000.0,48733,,524736.0,53.42,new
BHARATGEAR, BE,2026-09-22,100.89,100.89,100.06,100.4,100.41,100.08,7351,738000.0,120,,,,new
BHARATRAS, EQ,2026-09-22,1117.9,1142.0,1110.5,1129.4,1122.8,1109.1,10860,12318000.0,1441,,5679.0,52.29,new
BHARATSE, EQ,2026-09-22,214.68,229.55,213.42,219.86,220.0,212.36,746137,167392000.0,16023,,119194.0,15.97,new
BHARATWIRE, EQ,2026-09-22,170.47,174.0,166.37,167.89,167.4,170.47,109806,18524000.0,2348,,63045.0,57.41,new
BHARTIARTL, EQ,2026-09-22,1833.9,1836.3,1813.0,1817.2,1817.2,1830.2,4134236,7541839000.0,137901,,2491873.0,60.27,new
BHARTIHEXA, EQ,2026-09-22,1533.4,1550.0,1526.4,1534.3,1534.8,1522.0,37934,58414000.0,8806,,20002.0,52.73,new
BHEL, EQ,2026-09-22,435.2,439.7,424.65,425.8,425.8,433.4,4718245,2035659000.0,51355,,1671641.0,35.43,new
BI, BE,2026-09-22,106.99,107.0,106.99,107.0,107.0,109.17,55366,5924000.0,61,,,,new
BIGBLOC, EQ,2026-09-22,40.4,41.35,39.5,40.4,40.9,39.61,35066,1408000.0,492,,28897.0,82.41,new
BIKAJI, EQ,2026-09-22,559.0,561.5,552.0,553.65,555.0,558.95,215549,120335999.99999999,5008,,176774.0,82.01,new
BIKEWO, ST,2026-09-22,124.3,127.85,124.0,127.85,127.85,121.8,132000,16751000.0,48,,128000.0,96.97,new
BIL, EQ,2026-09-22,1088.0,1088.0,1042.55,1050.5,1055.0,1044.35,6091,6409000.0,489,,3979.0,65.33,new
BILVYAPAR, BE,2026-09-22,4.1,4.24,4.1,4.23,4.24,4.15,597,3000.0,7,,,,new
BIMETAL, EQ,2026-09-22,664.0,672.0,655.0,661.45,661.0,662.4,851,564000.0,84,,688.0,80.85,new
BIOCON, EQ,2026-09-22,394.3,396.25,389.0,390.0,390.0,395.0,2816261,1104820000.0,33946,,1546948.0,54.93,new
BIOFILCHEM, EQ,2026-09-22,32.56,33.29,32.34,32.88,33.0,32.61,7771,254000.0,361,,4740.0,61.0,new
BIOPOL, SM,2026-09-22,50.0,50.0,46.05,47.45,47.5,48.0,26400,1272000.0,22,,20400.0,77.27,new
BIRET, RR,2026-09-22,339.67,339.71,338.0,338.98,338.9,339.1,389735,132115000.00000001,9599,,371835.0,95.41,new
BIRLACABLE, EQ,2026-09-22,389.05,401.85,371.3,375.25,375.65,389.05,412134,157700000.0,12103,,195655.0,47.47,new
BIRLACORPN, EQ,2026-09-22,827.0,832.95,816.0,817.6,819.5,825.05,18917,15562000.0,2419,,9142.0,48.33,new
BIRLAMONEY, EQ,2026-09-22,120.77,122.78,118.0,118.44,118.95,120.77,29095,3472999.9999999995,1006,,21755.0,74.77,new
BIRLANU, EQ,2026-09-22,1395.0,1428.0,1372.5,1385.6,1375.4,1388.8,5042,6973000.0,840,,3591.0,71.22,new
BIRLAPREC, BE,2026-09-22,55.5,56.49,53.66,53.98,53.9,55.92,87252,4770000.0,437,,,,new
BLACKBUCK, EQ,2026-09-22,635.0,659.7,618.15,620.35,619.1,629.95,2055001,1318887000.0,78250,,689892.0,33.57,new
BLACKROSE, BE,2026-09-22,111.2,113.8,111.0,113.25,113.4,110.95,51989,5847000.0,338,,,,new
BLAL, EQ,2026-09-22,166.61,167.08,163.25,164.24,163.99,165.24,7668,1267000.0,238,,4528.0,59.05,new
BLBLIMITED, EQ,2026-09-22,16.25,16.3,15.91,16.22,16.2,15.99,133466,2146000.0,265,,124016.0,92.92,new
BLEL, EQ,2026-09-22,447.0,475.0,445.15,469.05,470.0,439.55,1603310,746847000.0,40842,,448012.0,27.94,new
BLIL, EQ,2026-09-22,67.35,67.5,66.8,67.35,67.15,67.38,45812,3075000.0,987,,34142.0,74.53,new
BLISSGVS, BE,2026-09-22,661.55,694.6,651.55,694.6,694.6,661.55,353104,243586000.0,3759,,,,new
BLKASHYAP, EQ,2026-09-22,51.8,53.2,51.06,51.53,51.65,51.56,237471,12390000.0,1522,,103128.0,43.43,new
BLS, EQ,2026-09-22,234.0,234.0,228.0,228.71,229.0,232.54,579169,133336999.99999999,13682,,281236.0,48.56,new
BLSE, EQ,2026-09-22,317.9,339.8,317.4,328.1,326.55,317.25,1257827,419075000.0,21562,,431883.0,34.34,new
BLUECLOUDS, EQ,2026-09-22,19.27,19.37,18.95,19.17,19.24,19.07,546154,10460000.0,1755,,267828.0,49.04,new
BLUECOAST, EQ,2026-09-22,21.0,21.58,19.56,19.83,19.56,20.56,1308,28000.000000000004,40,,641.0,49.01,new
BLUEDART, EQ,2026-09-22,4806.2,4844.9,4780.0,4786.6,4789.0,4806.2,7423,35705000.0,1964,,4018.0,54.13,new
BLUEJET, EQ,2026-09-22,584.0,602.65,580.55,587.3,586.05,579.65,621304,367241000.0,23423,,296937.0,47.79,new
BLUEPEBBLE, ST,2026-09-22,76.9,76.9,76.0,76.0,76.0,80.0,1200,92000.0,3,,1200.0,100.0,new
BLUESTARCO, EQ,2026-09-22,1572.0,1572.2,1519.5,1525.0,1525.0,1565.0,739436,1139054000.0,51830,,319249.0,43.17,new
BLUESTONE, EQ,2026-09-22,850.7,950.0,847.95,930.4,942.0,845.45,3686322,3340137000.0000005,114306,,785560.0,21.31,new
BLUEWATER, ST,2026-09-22,485.95,490.0,475.0,482.0,482.0,479.95,41000,19825000.0,27,,26000.0,63.41,new
BLUSPRING, EQ,2026-09-22,121.89,127.57,121.89,125.47,125.1,121.89,222765,27918000.0,3057,,99212.0,44.54,new
BMETRICS, SM,2026-09-22,33.9,33.9,33.0,33.0,33.0,33.95,1600,54000.0,2,,1600.0,100.0,new
BMLL, SM,2026-09-22,155.0,161.5,151.1,160.5,161.5,160.0,20000,3185000.0,16,,13000.0,65.0,new
BMWVENTLTD, EQ,2026-09-22,50.9,52.73,50.58,51.92,51.25,50.47,228231,11851000.0,1840,,157917.0,69.19,new
BNAGROCHEM, EQ,2026-09-22,208.67,209.99,200.0,200.85,202.0,206.6,355,73000.0,16,,352.0,99.15,new
BNKETFAXIS, EQ,2026-09-22,583.46,584.78,579.49,580.18,580.18,582.54,794,462000.0,34,,327.0,41.18,new
BODALCHEM, EQ,2026-09-22,199.55,206.0,187.83,192.9,193.75,197.71,2856632,560521000.0,22750,,1180349.0,41.32,new
BOHRAIND, EQ,2026-09-22,13.2,13.8,12.36,13.26,13.48,12.7,6365,85000.0,67,,4979.0,78.22,new
BOMDYEING, EQ,2026-09-22,110.5,111.6,108.85,109.58,109.75,110.02,411668,45311000.0,3707,,195187.0,47.41,new
BONLON, EQ,2026-09-22,41.34,41.5,39.8,40.07,40.29,39.35,12082,486000.00000000006,228,,5662.0,46.86,new
BORANA, EQ,2026-09-22,295.05,301.0,291.25,292.4,294.0,296.85,24044,7086000.0,462,,16452.0,68.42,new
BOROLTD, EQ,2026-09-22,260.0,269.7,259.62,263.57,262.52,261.14,230571,60922000.0,5196,,64008.0,27.76,new
BORORENEW, EQ,2026-09-22,476.9,489.7,472.1,474.7,475.7,473.75,666860,320376000.0,28556,,262866.0,39.42,new
BOROSCI, EQ,2026-09-22,122.75,126.35,116.7,119.81,119.05,119.11,329680,40239000.0,3586,,142647.0,43.27,new
BOSCH-HCIL, EQ,2026-09-22,1681.1,1749.6,1681.1,1720.8,1739.9,1685.7,31143,53727000.0,3309,,16023.0,51.45,new
BOSCHLTD, EQ,2026-09-22,47795.0,48290.0,47530.0,48290.0,48290.0,47565.0,17807,853416000.0,8164,,10077.0,56.59,new
BOSS, ST,2026-09-22,57.1,57.1,57.1,57.1,57.1,60.1,2000,113999.99999999999,1,,2000.0,100.0,new
BPCL, EQ,2026-09-22,315.0,318.2,308.15,313.6,313.6,312.75,10959640,3424951000.0,57286,,6254291.0,57.07,new
BPL, EQ,2026-09-22,45.8,46.06,44.99,45.2,45.3,44.96,33419,1520000.0,717,,19958.0,59.72,new
BPLPHARMA, EQ,2026-09-22,1560.0,1560.0,1531.0,1531.7,1531.0,1541.7,1688,2613000.0,149,,1547.0,91.65,new
BRACEPORT, SM,2026-09-22,62.95,65.9,62.9,64.8,64.8,60.0,16000,1022000.0000000001,10,,11200.0,70.0,new
BRAHMINFRA, EQ,2026-09-22,164.3,164.3,155.01,156.51,157.0,160.92,8121,1277000.0,399,,6920.0,85.21,new
BRANDMAN, SM,2026-09-22,164.8,165.9,158.55,160.0,160.0,162.25,16800,2709000.0,14,,12800.0,76.19,new
BRIGADE, EQ,2026-09-22,608.9,624.0,605.45,616.55,616.45,608.75,276171,169097000.0,18625,,107319.0,38.86,new
BRIGHOTEL, EQ,2026-09-22,56.29,57.5,56.08,56.48,56.78,56.4,114783,6509000.0,2322,,75046.0,65.38,new
BRIGHTBR, EQ,2026-09-22,244.0,255.5,244.0,252.95,247.1,253.5,1978,503000.0,124,,1836.0,92.82,new
BRITANNIA, EQ,2026-09-22,5030.0,5030.0,4915.0,4918.0,4918.0,5023.0,177451,878624000.0,18662,,99883.0,56.29,new
BRNL, EQ,2026-09-22,16.1,16.9,16.1,16.67,16.71,16.1,20908,348000.0,251,,15789.0,75.52,new
BROOKS, EQ,2026-09-22,60.0,60.55,59.01,59.09,59.48,59.09,24690,1467000.0,590,,20226.0,81.92,new
BSE, EQ,2026-09-22,3170.8,3254.0,3170.8,3235.0,3235.0,3161.0,3165566,10208963000.0,136584,,1141826.0,36.07,new
BSE500IETF, EQ,2026-09-22,38.78,38.88,38.6,38.7,38.71,38.78,1326306,51329999.99999999,1352,,1293502.0,97.53,new
BSHSL, EQ,2026-09-22,86.1,88.0,85.3,85.64,85.3,84.93,4737,409999.99999999994,110,,3726.0,78.66,new
BSL, EQ,2026-09-22,123.63,126.93,123.02,125.54,123.61,126.15,1430,179000.0,68,,1176.0,82.24,new
BSLGOLDETF, EQ,2026-09-22,133.08,133.71,132.24,133.06,133.44,133.72,426280,56635000.0,2242,,199967.0,46.91,new
BSLNIFTY, EQ,2026-09-22,27.56,28.24,27.2,27.48,27.46,27.56,729462,20047000.0,3486,,627440.0,86.01,new
BSLSENETFG, EQ,2026-09-22,76.59,76.59,74.75,75.16,75.99,75.5,3184,240000.0,59,,1615.0,50.72,new
BSOFT, EQ,2026-09-22,284.15,284.5,280.75,281.15,281.15,284.15,486688,137187000.0,14495,,255641.0,52.53,new
BTML, EQ,2026-09-22,7.44,7.44,7.11,7.15,7.17,7.13,186655,1350000.0,307,,171716.0,92.0,new
BTTL, BE,2026-09-22,41.0,41.0,39.5,39.5,39.5,39.84,11160,444000.00000000006,67,,,,new
BUILDPRO, EQ,2026-09-22,1287.0,1344.0,1285.0,1310.8,1314.8,1280.0,110920,146605000.0,6746,,67772.0,61.1,new
BULKCORP, ST,2026-09-22,82.5,82.5,76.95,78.0,78.0,81.0,14400,1164000.0,12,,14400.0,100.0,new
BURNPUR, BE,2026-09-22,16.79,16.79,16.12,16.12,16.12,16.96,27608,446000.0,194,,,,new
BUTTERFLY, EQ,2026-09-22,580.0,585.75,559.75,562.3,564.95,574.35,38079,21647000.0,1392,,26403.0,69.34,new
BVCL, EQ,2026-09-22,41.35,43.2,40.7,41.57,41.35,41.09,38781,1618000.0,782,,26247.0,67.68,new
BYKE, EQ,2026-09-22,31.0,31.0,29.65,30.31,30.34,30.44,10737,324000.0,128,,10406.0,96.92,new
C2C, SM,2026-09-22,190.0,193.0,185.3,187.6,186.25,185.25,107100,20233000.0,485,,69450.0,64.85,new
CALSOFT, BE,2026-09-22,40.75,40.8,39.09,39.64,39.84,41.14,285980,11312000.0,1186,,,,new
CAMLINFINE, EQ,2026-09-22,99.0,100.5,96.0,96.45,96.7,98.75,1677989,162984000.0,10420,,930613.0,55.46,new
CAMPUS, EQ,2026-09-22,211.16,214.2,210.5,211.35,211.37,211.16,257451,54553000.0,8071,,111008.0,43.12,new
CAMS, EQ,2026-09-22,707.95,714.5,704.0,704.0,704.0,703.85,949770,673571000.0,33270,,508400.0,53.53,new
CANARYS, SM,2026-09-22,28.5,30.95,28.5,30.5,30.95,28.55,424000,12766000.0,100,,304000.0,71.7,new
CANBK, EQ,2026-09-22,124.02,124.69,122.8,122.9,122.9,123.7,7064389,872239000.0,46850,,3105906.0,43.97,new
CANFINHOME, EQ,2026-09-22,770.0,775.55,755.3,759.55,758.25,769.9,339027,259082000.00000003,13763,,191092.0,56.36,new
CANHLIFE, EQ,2026-09-22,154.0,154.45,151.63,153.4,152.1,152.97,425119,65171000.0,6847,,252639.0,59.43,new
CANTABIL, EQ,2026-09-22,241.0,243.0,238.0,238.85,238.5,241.08,112830,27107000.0,1658,,72342.0,64.12,new
CAPACITE, EQ,2026-09-22,195.32,197.71,194.02,194.73,195.0,195.02,146197,28647000.000000004,3258,,59806.0,40.91,new
CAPILLARY, EQ,2026-09-22,511.0,556.8,509.35,547.1,548.0,510.15,1529129,832409000.0,48429,,435821.0,28.5,new
CAPINVIT, IV,2026-09-22,77.19,77.4,76.8,76.93,76.95,77.07,6672194,513759000.0,3377,,6632908.0,99.41,new
CAPITALSFB, EQ,2026-09-22,281.8,282.4,277.2,281.3,280.0,282.0,11748,3300000.0,355,,5206.0,44.31,new
CAPLIPOINT, EQ,2026-09-22,2768.9,2840.0,2762.1,2777.3,2771.0,2756.6,118478,332598000.0,16742,,49208.0,41.53,new
CAPTRUST, BE,2026-09-22,19.5,19.5,18.74,19.5,19.5,18.92,3792,74000.0,70,,,,new
CARBORUNIV, EQ,2026-09-22,1177.5,1239.8,1177.0,1211.3,1212.0,1178.9,970152,1175153000.0,52514,,320654.0,33.05,new
CARERATING, EQ,2026-09-22,1622.0,1641.3,1605.6,1627.8,1620.0,1627.6,157788,256173999.99999997,9142,,120473.0,76.35,new
CARRARO, EQ,2026-09-22,529.0,551.0,529.0,542.3,543.0,528.35,146505,79252000.0,6244,,60731.0,41.45,new
CARTRADE, EQ,2026-09-22,2920.0,2973.6,2900.1,2907.9,2903.0,2918.0,196801,576145000.0,27178,,100161.0,50.89,new
CARYSIL, EQ,2026-09-22,1070.9,1080.9,1060.0,1065.3,1064.0,1064.9,76582,81817000.0,6991,,37805.0,49.37,new
CASHIETF, EQ,2026-09-22,1080.54,1080.56,1080.54,1080.54,1080.56,1080.39,130946,141495000.0,380,,115123.0,87.92,new
CASTROLIND, EQ,2026-09-22,193.89,196.0,193.2,195.61,195.57,193.5,3487992,680728000.0,42399,,2141999.0,61.41,new
CBAZAAR, SM,2026-09-22,4.8,4.8,4.75,4.8,4.8,4.6,40000,192000.0,5,,40000.0,100.0,new
CCAVENUE, EQ,2026-09-22,16.08,16.83,16.02,16.11,16.13,16.0,21347420,350467000.0,30770,,5263718.0,24.66,new
CCCL, EQ,2026-09-22,13.55,13.79,13.55,13.6,13.69,13.55,109103,1489000.0,370,,84648.0,77.59,new
CCHHL, EQ,2026-09-22,13.02,13.25,12.62,12.94,13.09,13.02,18869,244000.0,121,,11999.0,63.59,new
CCL, EQ,2026-09-22,1073.0,1074.5,1044.1,1050.0,1050.0,1071.0,156624,164636000.0,21241,,78436.0,50.08,new
CDSL, EQ,2026-09-22,1361.0,1374.0,1342.5,1348.0,1348.0,1361.0,721143,977162000.0000001,29932,,220532.0,30.58,new
CEATLTD, EQ,2026-09-22,3411.9,3422.0,3360.1,3401.4,3410.0,3392.7,54853,186177000.0,9174,,18337.0,33.43,new
CEDAAR, ST,2026-09-22,10.65,11.0,10.65,11.0,11.0,11.0,4000,43000.0,4,,4000.0,100.0,new
CEIGALL, EQ,2026-09-22,381.7,381.7,369.1,377.2,380.0,379.95,375674,140897000.0,7145,,165460.0,44.04,new
CEINSYS, EQ,2026-09-22,713.0,715.0,690.0,701.5,705.05,709.65,75985,53497000.0,3232,,39848.0,52.44,new
CELEBRITY, EQ,2026-09-22,6.7,6.82,6.37,6.79,6.8,6.64,29456,195000.0,143,,24991.0,84.84,new
CELLECOR, SM,2026-09-22,29.2,31.0,29.05,30.4,30.0,29.2,339000,10199000.0,67,,285000.0,84.07,new
CELLO, EQ,2026-09-22,321.95,325.4,318.85,320.3,320.15,321.95,245545,79117000.0,8662,,151916.0,61.87,new
CELLPOINT, SM,2026-09-22,14.2,14.65,14.1,14.1,14.1,14.75,7200,103000.0,5,,6000.0,83.33,new
CEMNTGROWW, EQ,2026-09-22,13.89,14.35,13.89,14.3,14.27,14.25,30136,428000.0,285,,14117.0,46.84,new
CEMPRO, EQ,2026-09-22,1256.5,1319.3,1252.5,1319.3,1319.3,1256.5,316336,413618999.99999994,15706,,177646.0,56.16,new
CENTENKA, EQ,2026-09-22,571.9,584.0,565.2,567.4,566.1,571.9,19449,11161000.0,1852,,8145.0,41.88,new
CENTEXT, EQ,2026-09-22,19.57,19.79,18.35,18.63,18.49,19.35,346646,6648000.0,1248,,239198.0,69.0,new
CENTRALBK, EQ,2026-09-22,31.53,31.69,31.26,31.37,31.4,31.49,2768742,87069000.0,11358,,1315718.0,47.52,new
CENTRUM, EQ,2026-09-22,22.19,22.34,21.3,21.43,21.34,21.85,232939,5026000.0,567,,161867.0,69.49,new
CENTUM, EQ,2026-09-22,4745.0,4894.8,4640.0,4858.7,4892.0,4739.2,98747,470787000.0,19508,,30634.0,31.02,new
CENTURYPLY, EQ,2026-09-22,706.9,716.3,692.35,695.6,692.35,703.35,162121,113406000.0,11355,,109903.0,67.79,new
CERA, EQ,2026-09-22,5525.0,5579.5,5484.0,5501.0,5508.5,5528.0,5363,29577999.999999996,1376,,2929.0,54.61,new
CESC, EQ,2026-09-22,144.0,144.22,142.28,142.52,142.6,143.47,1319444,188909000.0,16249,,705134.0,53.44,new
CEWATER, EQ,2026-09-22,277.8,281.1,274.0,278.75,278.0,279.6,54231,15075000.0,2438,,26530.0,48.92,new
CFEL, BE,2026-09-22,49.75,49.75,47.0,47.32,47.98,48.84,11513,550000.0,97,,,,new
CGCL, EQ,2026-09-22,269.5,271.8,265.1,267.05,269.0,268.85,2002679,538255000.0,22163,,1001744.0,50.02,new
CGPOWER, EQ,2026-09-22,915.65,926.1,896.1,896.1,896.1,910.0,2299693,2091463000.0,56255,,945941.0,41.13,new
CGRAPHICS, SM,2026-09-22,135.45,138.95,134.8,137.4,137.4,135.45,17600,2420000.0,21,,11200.0,63.64,new
CGVAK, EQ,2026-09-22,151.0,151.0,141.0,145.41,146.97,145.77,2150,310000.0,73,,1889.0,87.86,new
CHALET, EQ,2026-09-22,858.05,888.9,857.0,872.35,875.0,860.05,141251,124158999.99999999,15316,,47378.0,33.54,new
CHAMBLFERT, EQ,2026-09-22,417.95,420.0,414.3,418.5,419.0,417.2,650166,271217000.0,19778,,425334.0,65.42,new
CHAMUNDA, SM,2026-09-22,43.25,43.25,41.0,41.45,41.0,42.4,12000,503000.0,4,,12000.0,100.0,new
CHANDAN, SM,2026-09-22,222.15,227.5,216.0,226.25,227.0,215.25,58400,13119000.0,72,,34400.0,58.9,new
CHAVDA, SM,2026-09-22,139.7,144.5,139.0,140.0,140.0,136.95,113000,15951000.0,97,,59000.0,52.21,new
CHEMBOND, EQ,2026-09-22,190.2,198.99,185.25,192.77,191.0,187.04,15681,3002000.0,568,,10437.0,66.56,new
CHEMBONDCH, BE,2026-09-22,260.2,268.25,258.0,260.4,260.0,261.5,4460,1159000.0,175,,,,new
CHEMCON, BE,2026-09-22,225.8,235.0,224.68,227.4,228.0,225.8,64232,14722999.999999998,793,,,,new
CHEMCRUX, EQ,2026-09-22,79.4,82.1,78.0,78.57,78.9,79.23,8574,678000.0,217,,7432.0,86.68,new
CHEMFAB, EQ,2026-09-22,367.45,367.45,352.1,354.0,355.0,359.3,3146,1120000.0,184,,2270.0,72.16,new
CHEMICAL, EQ,2026-09-22,29.6,29.68,29.36,29.45,29.55,29.39,550652,16269999.999999998,731,,410498.0,74.55,new
CHEMPLASTS, EQ,2026-09-22,181.0,202.45,178.5,198.67,196.9,181.17,7329815,1437118000.0,92624,,665428.0,9.08,new
CHENNPETRO, EQ,2026-09-22,1375.5,1405.0,1362.0,1392.0,1393.0,1375.5,1113436,1540992000.0,47237,,315087.0,28.3,new
CHETANA, SM,2026-09-22,40.0,41.9,40.0,41.9,41.9,40.2,6400,265000.0,4,,4800.0,75.0,new
CHEVIOT, EQ,2026-09-22,1160.1,1190.0,1156.1,1170.4,1170.7,1168.4,2309,2711000.0,239,,1535.0,66.48,new
CHOICEGOLD, EQ,2026-09-22,150.9,150.99,149.0,149.56,150.2,150.99,5647,846000.0000000001,136,,2050.0,36.3,new
CHOICEIN, EQ,2026-09-22,783.95,785.4,753.6,760.9,753.6,782.05,318303,244419999.99999997,7768,,139555.0,43.84,new
CHOLAFIN, EQ,2026-09-22,1769.9,1779.4,1756.8,1759.1,1759.1,1764.0,906681,1600215000.0,51235,,595997.0,65.73,new
CHOLAHLDNG, EQ,2026-09-22,1476.0,1481.1,1442.8,1459.6,1460.0,1474.8,138445,202194000.0,15312,,86694.0,62.62,new
CIEINDIA, EQ,2026-09-22,396.8,398.1,389.1,390.6,389.1,395.15,173881,68464000.0,12605,,88801.0,51.07,new
CIFL, EQ,2026-09-22,20.29,21.7,20.1,21.27,21.05,20.02,268122,5626000.0,1252,,163943.0,61.14,new
CINELINE, EQ,2026-09-22,92.0,92.0,88.0,89.16,90.89,90.31,26334,2346000.0,262,,22510.0,85.48,new
CINEVISTA, EQ,2026-09-22,14.2,16.15,14.05,14.51,14.4,14.14,150406,2288000.0,616,,75070.0,49.91,new
CIPLA, EQ,2026-09-22,1386.3,1388.7,1364.5,1384.1,1384.1,1386.1,767139,1051821999.9999999,36733,,359861.0,46.91,new
CITIUSINVT, IV,2026-09-22,118.47,119.9,115.98,118.56,118.23,118.43,38489,4547000.0,586,,33581.0,87.25,new
CKKRETAIL, SM,2026-09-22,183.4,183.4,173.5,174.75,174.75,185.0,21600,3833000.0,13,,9600.0,44.44,new
CLASSICEIL, SM,2026-09-22,50.8,52.5,50.8,52.45,52.4,50.5,14400,752000.0,9,,12800.0,88.89,new
CLAYCRAFT, SM,2026-09-22,163.5,164.95,158.4,164.75,164.9,163.35,72000,11613000.0,79,,57600.0,80.0,new
CLEAN, EQ,2026-09-22,840.0,843.0,830.55,833.2,832.4,834.9,195980,163837000.0,18599,,95371.0,48.66,new
CLEANMAX, EQ,2026-09-22,1349.5,1415.9,1340.3,1367.5,1378.6,1340.5,226917,313340000.0,32817,,96857.0,42.68,new
CLEDUCATE, EQ,2026-09-22,56.99,57.89,55.0,55.38,56.0,56.75,4261,237000.0,108,,3430.0,80.5,new
CLSEL, EQ,2026-09-22,291.65,296.9,291.65,293.4,294.0,293.25,28674,8431000.0,1211,,16633.0,58.01,new
CLSL, ST,2026-09-22,70.05,70.05,70.05,70.05,70.05,72.0,2000,140000.0,1,,2000.0,100.0,new
CMLL, EQ,2026-09-22,480.85,495.0,475.15,490.9,491.1,475.95,348444,170242000.0,12014,,144649.0,41.51,new
CMNL, SM,2026-09-22,107.6,116.0,107.6,116.0,116.0,111.25,4500,507000.0,5,,3000.0,66.67,new
CMPDI, EQ,2026-09-22,210.01,213.9,207.76,209.34,209.3,209.96,605161,127486999.99999999,9418,,299355.0,49.47,new
CMRGREEN, EQ,2026-09-22,231.0,238.85,227.75,229.49,227.82,229.9,642934,150003000.0,18207,,294016.0,45.73,new
CMSINFO, EQ,2026-09-22,232.95,235.74,230.55,234.62,234.79,232.14,474646,110502000.0,9848,,251374.0,52.96,new
CNL, EQ,2026-09-22,1148.0,1153.5,1098.1,1108.1,1114.0,1139.4,17470,19619000.0,2063,,10484.0,60.01,new
COALINDIA, EQ,2026-09-22,424.7,428.75,419.65,428.0,428.0,414.7,16676174,7102333000.0,199503,,8058415.0,48.32,new
COASTCORP, EQ,2026-09-22,39.49,39.49,37.93,38.19,38.47,38.94,35585,1364000.0,540,,23574.0,66.25,new
COCHINSHIP, EQ,2026-09-22,1390.0,1411.0,1376.5,1388.9,1388.9,1385.0,830403,1157264000.0,30369,,284306.0,34.24,new
COCKERILL, EQ,2026-09-22,8050.5,8289.5,8030.5,8178.0,8155.0,8055.0,3955,32249000.0,1211,,1773.0,44.83,new
COFFEEDAY, EQ,2026-09-22,30.49,31.32,30.01,30.59,30.6,30.15,325352,9958000.0,1903,,194383.0,59.75,new
COFORGE, EQ,2026-09-22,1814.0,1818.0,1784.4,1803.0,1803.0,1814.0,1220431,2200498000.0,46888,,637789.0,52.26,new
COHANCE, EQ,2026-09-22,461.35,468.55,451.6,452.75,453.0,460.45,705248,324060000.0,22134,,244831.0,34.72,new
COLPAL, EQ,2026-09-22,1892.1,1892.3,1863.0,1869.0,1869.0,1892.0,200338,374741000.0,14051,,102793.0,51.31,new
COMFINTE, EQ,2026-09-22,5.89,5.89,5.72,5.8,5.82,5.72,117214,677000.0,318,,90127.0,76.89,new
COMMITTED, SM,2026-09-22,329.85,334.95,320.1,322.7,320.1,329.85,8000,2604000.0,10,,6400.0,80.0,new
COMMOIETF, EQ,2026-09-22,97.96,98.98,97.11,97.67,97.92,97.49,103277,10084000.0,892,,64221.0,62.18,new
COMPEAU, EQ,2026-09-22,364.0,364.0,364.0,364.0,364.0,366.6,65,24000.0,6,,65.0,100.0,new
COMPINFO, BZ,2026-09-22,1.06,1.11,1.01,1.08,1.1,1.06,19953,21000.0,46,,,,new
COMPUSOFT, EQ,2026-09-22,13.79,13.79,13.07,13.24,13.2,13.35,17471,233000.0,161,,11379.0,65.13,new
COMSYN, EQ,2026-09-22,308.0,310.9,300.1,301.25,302.45,304.1,927179,281197000.0,6032,,328633.0,35.44,new
CONCOR, EQ,2026-09-22,489.5,489.5,466.7,467.0,467.0,487.05,2828067,1339709000.0,37553,,1261597.0,44.61,new
CONCORDBIO, EQ,2026-09-22,1588.0,1588.7,1522.8,1532.4,1532.0,1579.4,170913,264104000.0,14984,,75937.0,44.43,new
CONFIPET, EQ,2026-09-22,88.92,90.54,86.3,86.76,86.7,88.96,1813161,159172000.0,24502,,854762.0,47.14,new
CONNPLEX, SM,2026-09-22,260.5,268.95,259.0,261.0,261.0,260.2,48800,12860000.0,60,,40000.0,81.97,new
CONS, EQ,2026-09-22,11.91,11.91,11.84,11.85,11.85,11.91,8035,95000.0,144,,7191.0,89.5,new
CONSOFINVT, BE,2026-09-22,312.75,312.75,300.0,300.25,300.0,301.8,5574,1691000.0,63,,,,new
CONSUMAXIS, EQ,2026-09-22,118.55,119.27,118.47,118.47,118.47,119.0,1278,152000.0,20,,678.0,53.05,new
CONSUMBEES, EQ,2026-09-22,129.5,129.5,127.51,128.23,127.51,128.5,28104,3610000.0,601,,15015.0,53.43,new
CONSUMER, EQ,2026-09-22,11.85,11.88,11.8,11.84,11.86,11.84,40564,480999.99999999994,227,,29079.0,71.69,new
CONSUMIETF, EQ,2026-09-22,119.56,119.97,119.0,119.04,119.83,119.56,8207,978999.9999999999,143,,3634.0,44.28,new
CONTI, SM,2026-09-22,10.2,10.2,10.2,10.2,10.2,9.75,3333,34000.0,1,,3333.0,100.0,new
CONTROLPR, EQ,2026-09-22,599.75,599.75,585.55,589.15,592.0,598.95,22760,13526000.0,1101,,16195.0,71.16,new
COOLCAPS, SM,2026-09-22,27.7,27.7,25.5,25.55,25.55,26.95,73750,1972000.0,51,,63750.0,86.44,new
CORALFINAC, EQ,2026-09-22,32.5,32.99,31.5,32.14,31.8,32.1,9094,292000.0,117,,7641.0,84.02,new
CORDELIA, EQ,2026-09-22,114.49,115.47,111.33,112.18,112.2,113.67,1099605,124429000.0,10163,,488436.0,44.42,new
CORDSCABLE, EQ,2026-09-22,361.0,389.0,360.0,382.9,387.4,355.35,391036,147573000.0,10623,,180641.0,46.2,new
COROMANDEL, EQ,2026-09-22,1935.0,1953.4,1935.0,1944.9,1945.0,1940.8,77210,150040000.0,11871,,50811.0,65.81,new
CORONA, EQ,2026-09-22,2212.9,2215.7,2171.2,2181.5,2185.0,2212.9,10943,23966000.0,1955,,5906.0,53.97,new
COSMOFIRST, EQ,2026-09-22,865.0,879.95,856.2,862.75,866.4,866.45,28152,24411000.0,2522,,15724.0,55.85,new
COUNCODOS, BE,2026-09-22,6.34,6.38,6.09,6.33,6.34,6.17,27955,176000.0,70,,,,new
CPCAP, EQ,2026-09-22,160.5,160.5,151.11,151.7,152.15,156.9,38437,5931000.0,1201,,26732.0,69.55,new
CPEDU, EQ,2026-09-22,183.99,183.99,176.0,177.35,177.88,182.28,1229,217000.0,78,,1096.0,89.18,new
CPL, EQ,2026-09-22,63.75,65.36,62.1,62.7,62.1,63.75,23267,1473000.0,374,,12957.0,55.69,new
CPPLUS, EQ,2026-09-22,3500.1,3656.4,3500.1,3649.5,3656.4,3482.3,317707,1151405000.0,32174,,162850.0,51.26,new
CPSEETF, EQ,2026-09-22,90.4,93.52,90.4,92.94,92.99,92.72,663335,61704000.0,4168,,474321.0,71.51,new
CRAFTSMAN, EQ,2026-09-22,11006.0,11018.0,10556.0,10602.0,10606.0,11006.0,81543,877157000.0,17406,,53427.0,65.52,new
CRAMC, EQ,2026-09-22,231.6,234.75,226.2,227.9,227.8,231.1,551421,126604000.0,10353,,312120.0,56.6,new
CRAVATEX, EQ,2026-09-22,335.75,335.85,325.0,326.15,326.1,335.75,1385,463000.0,19,,1211.0,87.44,new
CRAYONS, SM,2026-09-22,24.5,24.5,24.5,24.5,24.5,23.7,2000,49000.0,2,,2000.0,100.0,new
CREATIVEYE, EQ,2026-09-22,5.55,6.5,5.51,6.25,6.3,5.55,104668,659000.0,248,,71044.0,67.88,new
CREDENT, SM,2026-09-22,358.9,378.95,356.1,376.05,376.5,358.0,174600,64519000.00000001,230,,141600.0,81.1,new
CREDITACC, EQ,2026-09-22,1400.0,1400.0,1354.0,1357.9,1355.3,1393.0,130909,179026000.0,14599,,76435.0,58.39,new
CREST, EQ,2026-09-22,368.5,385.0,362.0,363.7,364.0,367.05,2879,1059000.0,163,,1730.0,60.09,new
CRESTO, EQ,2026-09-22,16.49,19.21,16.21,19.21,19.21,16.01,200316,3786000.0,238,,125733.0,62.77,new
CRISIL, EQ,2026-09-22,4597.5,4677.8,4515.5,4559.8,4518.0,4605.6,76168,351204000.0,11024,,45022.0,59.11,new
CRIZAC, EQ,2026-09-22,176.99,180.25,176.2,177.03,176.67,176.49,104937,18666000.0,3219,,50935.0,48.54,new
CROMPTON, EQ,2026-09-22,224.75,225.71,221.76,222.0,222.0,225.05,2814418,628555000.0,28964,,1372421.0,48.76,new
CROWN, EQ,2026-09-22,123.0,132.0,121.38,124.96,125.75,121.38,148899,18996000.0,1482,,88726.0,59.59,new
CRSL, BE,2026-09-22,2.59,2.65,2.48,2.61,2.62,2.53,262202,679000.0,450,,,,new
CSBBANK, EQ,2026-09-22,336.0,340.9,331.25,334.95,333.9,334.8,231055,77242000.0,10336,,105362.0,45.6,new
CSLFINANCE, EQ,2026-09-22,224.5,224.5,217.62,220.24,221.8,220.46,12304,2708000.0,588,,6242.0,50.73,new
CSM, EQ,2026-09-22,112.0,112.0,103.06,105.15,103.98,108.19,525358,55321000.0,5707,,179464.0,34.16,new
CSSL, SM,2026-09-22,89.0,91.0,86.0,86.75,86.0,87.0,10000,885000.0,10,,7000.0,70.0,new
CTE, BE,2026-09-22,43.89,43.89,41.21,43.81,42.92,42.73,11979,516000.0,79,,,,new
CUB, EQ,2026-09-22,234.9,235.78,226.0,227.21,227.84,234.94,2192380,501546000.0,32742,,997367.0,45.49,new
CUBEINVIT, IV,2026-09-22,156.25,156.99,155.95,156.33,156.41,156.25,1078216,168432000.0,9899,,1051857.0,97.56,new
CUBEXTUB, EQ,2026-09-22,89.0,104.85,87.91,104.85,104.85,87.38,1043536,104023000.0,10480,,585205.0,56.08,new
CUDML, SM,2026-09-22,106.05,108.0,101.0,102.35,101.2,105.25,56000,5830000.0,40,,54000.0,96.43,new
CUMMINSIND, EQ,2026-09-22,5090.0,5128.5,4962.5,4962.5,4962.5,5067.0,314342,1578562000.0,36286,,194715.0,61.94,new
CUPID, EQ,2026-09-22,251.0,265.5,246.0,258.2,258.6,251.3,43352836,11211746000.0,249858,,9304716.0,21.46,new
CURAA, BE,2026-09-22,69.0,72.2,68.59,72.0,72.0,72.2,97,7000.000000000001,9,,,,new
CURIS, ST,2026-09-22,203.0,212.35,202.9,212.35,212.35,202.25,12000,2503000.0,12,,12000.0,100.0,new
CURRENT, SM,2026-09-22,83.0,87.95,83.0,87.95,87.95,82.5,4800,405999.99999999994,3,,4800.0,100.0,new
CYBERMEDIA, BE,2026-09-22,20.43,20.58,19.64,20.04,20.0,20.53,11638,233000.0,114,,,,new
CYBERTECH, BE,2026-09-22,135.9,139.45,135.5,138.36,137.57,139.97,15623,2140000.0,173,,,,new
CYIENT, EQ,2026-09-22,1064.8,1085.1,1032.0,1079.0,1070.2,1060.8,587228,621348000.0,36351,,292931.0,49.88,new
CYIENTDLM, EQ,2026-09-22,915.0,938.8,913.7,917.2,917.0,912.4,281857,260521999.99999997,19643,,114647.0,40.68,new
DABUR, EQ,2026-09-22,388.3,390.1,385.2,388.1,388.1,386.8,1352500,524538000.0,22945,,851422.0,62.95,new
DAICHI, BE,2026-09-22,330.0,330.0,324.0,325.0,325.0,319.7,397,129000.0,9,,,,new
DALBHARAT, EQ,2026-09-22,1764.0,1785.4,1736.3,1741.6,1741.0,1764.4,35465,62425000.0,6847,,18482.0,52.11,new
DALMIASUG, EQ,2026-09-22,385.0,400.0,384.75,388.1,389.0,384.1,145352,57026000.0,7010,,44344.0,30.51,new
DAMCAPITAL, EQ,2026-09-22,137.32,139.5,137.1,137.7,138.0,137.32,109917,15215000.0,2241,,48478.0,44.1,new
DAMODARIND, BE,2026-09-22,28.05,29.15,27.7,28.87,29.0,28.05,1095,31000.0,27,,,,new
DANGEE, EQ,2026-09-22,2.72,2.76,2.6,2.7,2.7,2.7,29077,78000.0,92,,26287.0,90.4,new
DANISH, SM,2026-09-22,985.0,1010.0,956.0,986.25,990.0,961.55,28200,27688000.0,133,,19800.0,70.21,new
DATAMATICS, EQ,2026-09-22,773.0,776.0,755.15,765.3,766.5,773.85,38498,29548000.0,2502,,18257.0,47.42,new
DATAPATTNS, EQ,2026-09-22,4541.7,4640.0,4462.4,4484.9,4474.0,4511.8,401737,1826766999.9999998,43119,,96385.0,23.99,new
DAVANGERE, EQ,2026-09-22,2.15,2.32,2.15,2.26,2.28,2.14,11390212,25674000.0,3857,,6479086.0,56.88,new
DBCORP, EQ,2026-09-22,184.62,184.62,181.55,183.04,182.4,182.62,62503,11425000.0,1922,,40237.0,64.38,new
DBEIL, EQ,2026-09-22,7.24,7.28,6.93,7.0,7.0,6.99,410139,2895000.0,470,,316590.0,77.19,new
DBL, EQ,2026-09-22,423.95,430.0,419.5,423.1,421.25,421.3,272116,115232000.0,9132,,132684.0,48.76,new
DBOL, EQ,2026-09-22,113.21,116.33,113.01,114.81,114.75,113.31,96815,11117000.0,3186,,48340.0,49.93,new
DBREALTY, EQ,2026-09-22,95.0,98.39,95.0,96.65,97.19,95.29,827941,80245000.0,10919,,443514.0,53.57,new
DBSTOCKBRO, BE,2026-09-22,29.6,29.86,29.0,29.21,29.35,29.17,8974,263000.0,56,,,,new
DCAL, EQ,2026-09-22,171.99,172.99,169.0,169.88,170.5,170.5,73638,12565000.0,1871,,38134.0,51.79,new
DCBBANK, EQ,2026-09-22,218.71,221.8,217.06,218.58,218.89,218.77,568379,124459999.99999999,12026,,291632.0,51.31,new
DCG, ST,2026-09-22,70.95,71.0,70.9,70.9,70.9,74.6,34800,2468000.0,29,,32400.0,93.1,new
DCI, EQ,2026-09-22,273.0,283.3,273.0,275.85,276.35,272.55,54335,15063000.0,2253,,25965.0,47.79,new
DCM, EQ,2026-09-22,76.0,76.67,75.55,76.37,76.3,76.01,12046,914000.0,69,,11572.0,96.07,new
DCMFINSERV, EQ,2026-09-22,5.39,5.39,4.9,5.09,5.0,4.9,8377,42000.0,88,,7141.0,85.25,new
DCMNVL, EQ,2026-09-22,180.0,182.06,175.1,178.04,179.99,180.01,4551,819000.0,160,,3657.0,80.36,new
DCMSHRIRAM, EQ,2026-09-22,984.2,993.6,976.6,979.3,978.0,984.2,35282,34699000.0,4914,,18176.0,51.52,new
DCMSIL, EQ,2026-09-22,69.5,71.5,69.04,70.42,70.62,69.6,64277,4521000.0,658,,38055.0,59.2,new
DCMSRIND, EQ,2026-09-22,38.1,39.13,37.6,37.87,37.65,38.1,227030,8670000.0,2032,,138122.0,60.84,new
DCW, EQ,2026-09-22,45.5,48.45,45.47,48.02,48.2,45.47,3396420,160307000.0,14796,,1462135.0,43.05,new
DCXINDIA, EQ,2026-09-22,170.0,170.0,162.5,163.5,163.8,162.02,443850,73543000.0,7477,,164583.0,37.08,new
DDEVPLSTIK, EQ,2026-09-22,262.75,264.0,258.0,260.45,261.0,259.9,95768,24938000.0,2979,,49046.0,51.21,new
DECCANCE, EQ,2026-09-22,569.95,575.0,560.05,562.25,561.1,567.2,41769,23704000.0,1005,,28288.0,67.72,new
DECCANTRAN, SM,2026-09-22,21.35,21.35,21.3,21.3,21.3,23.0,2400,51000.0,2,,2400.0,100.0,new
DECNGOLD, EQ,2026-09-22,217.99,226.5,217.02,225.17,226.0,217.04,1187001,263819000.0,17205,,546120.0,46.01,new
DEEDEV, EQ,2026-09-22,677.95,695.7,677.95,691.8,690.25,681.1,112901,77731000.0,5660,,61944.0,54.87,new
DEEM, ST,2026-09-22,45.05,45.05,45.05,45.05,45.05,42.95,1000,45000.0,1,,1000.0,100.0,new
DEEP, BE,2026-09-22,48.59,48.59,45.1,45.56,46.0,46.28,8005,368000.0,60,,,,new
DEEPA, EQ,2026-09-22,184.0,192.0,181.94,188.43,188.0,183.06,2177575,410289000.00000006,28647,,588426.0,27.02,new
DEEPAKFERT, EQ,2026-09-22,1365.9,1386.7,1337.5,1340.4,1338.6,1365.9,165923,224550000.0,13828,,72437.0,43.66,new
DEEPAKNTR, EQ,2026-09-22,1605.1,1623.8,1593.4,1613.2,1619.0,1586.3,183682,296133000.0,15949,,104469.0,56.87,new
DEEPINDS, EQ,2026-09-22,732.1,765.55,731.25,761.6,763.0,726.3,362342,272827000.0,17370,,138742.0,38.29,new
DEFENCE, EQ,2026-09-22,79.02,79.8,78.8,79.24,78.98,79.02,190693,15116000.0,684,,132133.0,69.29,new
DELAPLEX, SM,2026-09-22,92.35,92.35,91.0,91.0,91.0,91.35,1200,110000.00000000001,2,,1200.0,100.0,new
DELHIVERY, EQ,2026-09-22,435.5,437.35,428.4,430.75,430.75,435.0,2292809,990854999.9999999,36002,,1460232.0,63.69,new
DELPHIFX, BE,2026-09-22,5.28,5.37,5.04,5.37,5.37,5.12,417786,2220000.0,218,,,,new
DELTACORP, EQ,2026-09-22,61.99,63.55,61.02,61.77,62.17,61.59,2802181,174248000.0,18590,,1109317.0,39.59,new
DELTAMAGNT, EQ,2026-09-22,56.0,56.78,53.52,55.0,55.0,54.9,1288,71000.0,90,,1019.0,79.11,new
DELTIC, SM,2026-09-22,34.0,34.4,33.0,33.0,33.0,32.4,8000,272000.0,8,,7000.0,87.5,new
DEN, EQ,2026-09-22,26.75,26.8,26.06,26.26,26.06,26.42,197380,5224000.0,921,,125642.0,63.65,new
DENEERS, SM,2026-09-22,166.4,171.45,166.4,170.6,170.6,167.2,4200,709000.0,7,,1800.0,42.86,new
DENORA, EQ,2026-09-22,814.9,820.9,792.8,798.4,798.5,813.4,1605,1300000.0,222,,1312.0,81.74,new
DENTA, EQ,2026-09-22,277.25,279.45,271.1,272.65,273.2,276.05,91689,25202000.0,1865,,46555.0,50.77,new
DENTALKART, SM,2026-09-22,407.0,407.0,401.0,404.5,403.0,412.95,19750,7939000.0,32,,17000.0,86.08,new
DEVIT, EQ,2026-09-22,23.35,23.99,22.8,23.12,23.44,23.15,30918,714000.0,414,,24248.0,78.43,new
DEVX, EQ,2026-09-22,35.64,35.64,34.8,35.06,34.8,35.13,87156,3057000.0,325,,73780.0,84.65,new
DEVYANI, EQ,2026-09-22,143.89,145.4,141.02,144.51,144.3,143.22,2365367,340561000.0,28126,,987031.0,41.73,new
DGCONTENT, EQ,2026-09-22,24.3,24.5,23.8,23.92,23.91,24.06,2454,60000.0,60,,2362.0,96.25,new
DHABRIYA, BE,2026-09-22,498.0,516.45,494.0,505.25,509.0,500.9,6872,3483000.0,134,,,,new
DHAMPURSUG, EQ,2026-09-22,163.01,170.3,161.51,164.13,165.74,162.29,717925,119125000.0,15726,,222886.0,31.05,new
DHANBANK, EQ,2026-09-22,29.52,29.73,29.01,29.18,29.16,29.44,226911,6659999.999999999,1501,,134042.0,59.07,new
DHANLAXMI, SM,2026-09-22,24.3,27.95,24.0,25.3,26.95,24.0,16000,403000.0,8,,14000.0,87.5,new
DHANSA, ST,2026-09-22,30.0,30.0,28.15,29.0,29.0,29.6,10000,292000.0,4,,10000.0,100.0,new
DHANUKA, EQ,2026-09-22,985.15,985.15,963.7,966.4,965.25,975.6,9208,8920000.0,1419,,5237.0,56.87,new
DHARAN, BZ,2026-09-22,0.14,0.15,0.14,0.14,0.15,0.14,6714108,981000.0,986,,,,new
DHARARAIL, ST,2026-09-22,142.0,142.0,141.0,141.0,141.0,139.0,7000,993000.0,6,,7000.0,100.0,new
DHARIWAL, SM,2026-09-22,26.5,26.7,24.8,24.9,24.9,25.5,75000,1927000.0,19,,54000.0,72.0,new
DHARMAJ, EQ,2026-09-22,283.3,288.4,278.3,281.6,280.4,281.25,42905,12156000.0,2098,,20606.0,48.03,new
DHATRE, EQ,2026-09-22,4.08,4.36,4.08,4.27,4.29,4.22,28145,119000.0,158,,22600.0,80.3,new
DHOOTTRANS, EQ,2026-09-22,1590.0,1679.0,1529.5,1653.2,1660.9,1582.3,2848268,4616579000.0,133909,,676703.0,23.76,new
DHRUV, EQ,2026-09-22,21.79,21.79,20.7,21.57,21.64,20.95,5220,110000.00000000001,138,,4547.0,87.11,new
DHTL, SM,2026-09-22,27.5,27.5,27.5,27.5,27.5,28.9,25600,704000.0,3,,25600.0,100.0,new
DHUNINV, EQ,2026-09-22,995.8,1005.1,982.0,983.6,983.0,981.65,414,411000.00000000006,70,,311.0,75.12,new
DIACABS, BE,2026-09-22,378.8,380.75,365.0,370.85,374.0,376.05,549133,204364000.0,10339,,,,new
DIAMINESQ, EQ,2026-09-22,256.44,256.74,250.5,254.85,254.9,255.56,4769,1210000.0,120,,2567.0,53.83,new
DIAMONDYD, EQ,2026-09-22,1110.8,1110.8,1089.3,1090.3,1090.0,1099.3,3469,3788000.0000000005,294,,2243.0,64.66,new
DICIND, EQ,2026-09-22,629.9,667.95,626.0,654.25,656.0,627.9,19144,12506000.0,853,,11059.0,57.77,new
DIFFNKG, EQ,2026-09-22,445.85,449.95,436.95,441.6,442.0,444.05,95045,42096000.0,4137,,46303.0,48.72,new
DIGIDRIVE, EQ,2026-09-22,17.25,17.95,17.22,17.76,17.76,17.56,10299,182000.0,177,,8506.0,82.59,new
DIGIKORE, SM,2026-09-22,36.05,36.05,35.25,35.6,35.5,36.05,35200,1260000.0,32,,26800.0,76.14,new
DIGISPICE, EQ,2026-09-22,16.55,16.8,16.2,16.4,16.37,16.31,57388,942000.0,314,,47900.0,83.47,new
DIGITIDE, EQ,2026-09-22,84.39,84.45,81.13,81.82,82.79,83.56,267976,22111000.0,2637,,167152.0,62.38,new
DIGJAMLMTD, BE,2026-09-22,58.45,58.5,56.46,56.83,58.4,59.43,8395,479000.0,67,,,,new
DISAQ, EQ,2026-09-22,11905.0,12188.0,11905.0,12185.0,12188.0,12134.0,67,811999.9999999999,40,,43.0,64.18,new
DISHTV, EQ,2026-09-22,2.48,2.52,2.43,2.5,2.51,2.45,1038239,2580000.0,1441,,790758.0,76.16,new
DIVGIITTS, EQ,2026-09-22,1126.1,1176.0,1105.3,1118.9,1120.0,1124.4,73787,82812000.0,7358,,36295.0,49.19,new
DIVIDEND, EQ,2026-09-22,34.85,34.87,34.75,34.86,34.86,34.89,3912,136000.0,46,,3912.0,100.0,new
DIVINEHIRA, ST,2026-09-22,107.5,107.5,98.35,101.25,103.0,103.5,43200,4352000.0,32,,32400.0,75.0,new
DIVISLAB, EQ,2026-09-22,9444.0,9444.0,9315.5,9352.0,9352.0,9410.5,293688,2754649000.0,47608,,180452.0,61.44,new
DIVOPPBEES, EQ,2026-09-22,75.2,75.2,74.3,74.58,75.0,74.93,20835,1553000.0,641,,11148.0,53.51,new
DIXON, EQ,2026-09-22,13364.0,13434.0,12996.0,13084.0,13084.0,13350.0,400815,5245862000.0,59655,,133742.0,33.37,new
DJML, EQ,2026-09-22,75.0,78.0,73.51,74.45,73.9,76.15,234675,17842000.0,4431,,75532.0,32.19,new
DKEGL, SM,2026-09-22,70.05,70.05,69.95,69.95,69.95,72.8,6000,420000.0,4,,6000.0,100.0,new
DLF, EQ,2026-09-22,662.0,671.9,659.05,669.5,669.5,660.25,5186082,3461017000.0,45030,,3573009.0,68.9,new
DLINKINDIA, EQ,2026-09-22,426.6,429.3,421.15,423.55,424.75,425.7,32294,13743000.0,2096,,15002.0,46.45,new
DMART, EQ,2026-09-22,3793.3,3830.5,3769.3,3777.0,3777.0,3800.4,473697,1799634000.0,34519,,304355.0,64.25,new
DMCC, EQ,2026-09-22,286.8,297.9,283.8,290.65,290.25,285.4,93524,27327999.999999996,3430,,34326.0,36.7,new
DNAMEDIA, EQ,2026-09-22,2.53,2.57,2.37,2.55,2.48,2.45,32982,83000.0,89,,29785.0,90.31,new
DODLA, EQ,2026-09-22,1065.5,1086.3,1036.8,1047.6,1045.0,1065.1,34218,36210000.0,4135,,19319.0,56.46,new
DOLATALGO, EQ,2026-09-22,66.6,70.0,66.6,68.16,68.0,66.79,167707,11337000.0,1171,,91604.0,54.62,new
DOLLAR, EQ,2026-09-22,276.5,276.65,271.05,272.8,271.05,275.25,27774,7606000.0,904,,13861.0,49.91,new
DOLLEX, EQ,2026-09-22,38.0,38.5,36.0,36.6,37.0,37.6,16696,620000.0,173,,13487.0,80.78,new
DOLPHIN, EQ,2026-09-22,694.0,745.0,668.4,724.3,722.0,684.0,205636,147600000.0,11737,,86711.0,42.17,new
DOMS, EQ,2026-09-22,2109.0,2111.7,2087.2,2098.8,2099.9,2083.1,19537,41004000.0,3879,,9681.0,49.55,new
DONEAR, EQ,2026-09-22,82.13,83.26,82.13,82.5,82.54,82.61,9673,800000.0,172,,8345.0,86.27,new
DPABHUSHAN, EQ,2026-09-22,1422.6,1475.4,1406.2,1469.4,1471.0,1422.6,39075,56912000.0,3442,,21268.0,54.43,new
DPEL, SM,2026-09-22,641.6,644.0,636.1,640.15,644.0,634.15,44000,28229000.000000004,85,,35000.0,79.55,new
DPSCLTD, BE,2026-09-22,6.91,7.16,6.91,7.12,7.02,7.02,97907,693000.0,324,,,,new
DPWIRES, BE,2026-09-22,148.0,154.59,148.0,154.23,154.53,147.23,14883,2276000.0,210,,,,new
DRAGARWQ, EQ,2026-09-22,5241.0,5315.0,5180.0,5200.0,5190.0,5280.5,1448,7573000.0,325,,1175.0,81.15,new
DRCSYSTEMS, EQ,2026-09-22,12.77,13.15,11.52,12.29,12.31,12.72,195714,2383000.0,1116,,115949.0,59.24,new
DREAMFOLKS, EQ,2026-09-22,63.48,64.48,62.57,63.04,62.9,63.48,57824,3659000.0000000005,1350,,39617.0,68.51,new
DREDGECORP, EQ,2026-09-22,997.0,1035.0,984.4,993.8,991.1,994.7,160585,161530000.0,7887,,86108.0,53.62,new
DRONE, SM,2026-09-22,33.95,33.95,33.0,33.15,33.1,33.8,27500,916000.0,40,,19500.0,70.91,new
DRREDDY, EQ,2026-09-22,1207.0,1222.0,1201.2,1211.0,1211.0,1198.3,3355097,4068658000.0,69443,,2006621.0,59.81,new
DSFCL, EQ,2026-09-22,28.68,28.81,28.0,28.81,28.81,27.44,120100,3447000.0,432,,102336.0,85.21,new
DSSL, EQ,2026-09-22,1055.0,1059.0,1021.0,1022.2,1028.9,1032.9,23096,23814000.0,1979,,16621.0,71.96,new
DTIL, BE,2026-09-22,145.33,146.0,142.8,142.9,142.9,145.33,2079,300000.0,25,,,,new
DUCOL, SM,2026-09-22,129.95,129.95,124.0,124.0,124.0,127.75,35200,4437000.0,14,,34400.0,97.73,new
DUCON, EQ,2026-09-22,1.41,1.46,1.36,1.46,1.46,1.33,3328520,4783000.0,725,,2315131.0,69.55,new
DUGLOBAL, SM,2026-09-22,22.95,22.95,19.3,19.4,19.7,21.4,122500,2447000.0,46,,105000.0,85.71,new
DURLAX, SM,2026-09-22,61.05,65.0,59.3,60.0,59.3,63.0,166000,10207000.0,77,,62000.0,37.35,new
DVL, EQ,2026-09-22,285.15,292.5,282.6,283.25,282.75,283.45,3523,1001000.0,193,,2411.0,68.44,new
DWARKESH, EQ,2026-09-22,40.7,42.66,40.7,41.68,41.68,40.93,2743999,114746000.0,12424,,764498.0,27.86,new
DYCL, EQ,2026-09-22,458.5,465.0,449.1,453.75,457.05,457.7,188194,86289000.0,7273,,68463.0,36.38,new
DYNAMATECH, EQ,2026-09-22,12205.0,12695.0,12102.0,12516.0,12500.0,12169.0,35975,446706000.00000006,9715,,17718.0,49.25,new
DYNAMIC, SM,2026-09-22,138.0,144.5,138.0,142.85,142.85,139.8,12500,1779000.0,12,,11500.0,92.0,new
DYNPRO, EQ,2026-09-22,230.95,232.46,228.93,231.51,231.0,229.98,6561,1511000.0,225,,4287.0,65.34,new
E2E, BE,2026-09-22,599.0,606.0,595.0,604.95,605.9,592.85,343795,206737000.0,7811,,,,new
E2ERAIL, SM,2026-09-22,331.0,339.0,323.8,325.6,324.0,329.65,68800,22891000.0,69,,40000.0,58.14,new
EASEMYTRIP, EQ,2026-09-22,5.79,6.22,5.75,5.99,6.0,5.79,42659431,255298000.0,37411,,11129035.0,26.09,new
EASTSILK, BE,2026-09-22,62.15,65.25,62.15,65.25,65.25,62.15,5484,358000.0,38,,,,new
EASTWEST, EQ,2026-09-22,2.35,2.42,2.24,2.3,2.3,2.38,107411,248000.0,185,,89641.0,83.46,new
EBANK10, EQ,2026-09-22,16.56,16.56,16.4,16.4,16.4,16.64,306,5000.0,7,,297.0,97.06,new
EBANKNIFTY, EQ,2026-09-22,57.17,57.22,56.72,56.95,56.95,57.13,839,48000.0,21,,593.0,70.68,new
EBBETF0430, EQ,2026-09-22,1604.41,1613.87,1604.41,1608.23,1608.0,1609.4,12362,19886000.0,220,,11617.0,93.97,new
EBBETF0431, EQ,2026-09-22,1436.92,1437.56,1430.01,1432.9,1436.0,1432.0,1924,2756000.0,59,,1703.0,88.51,new
EBBETF0433, EQ,2026-09-22,1306.65,1306.65,1302.01,1302.8,1302.01,1302.06,6496,8463000.0,121,,4623.0,71.17,new
EBGNG, EQ,2026-09-22,695.0,710.0,684.1,692.3,696.0,690.45,676693,471700000.0,28620,,248176.0,36.67,new
EBIX, BE,2026-09-22,18.45,19.75,18.43,18.43,19.14,19.39,124035,2309000.0,349,,,,new
ECAPINSURE, EQ,2026-09-22,23.7,23.74,23.5,23.57,23.63,23.6,11385,269000.0,134,,8641.0,75.9,new
ECLERX, EQ,2026-09-22,1965.0,1998.9,1908.3,1924.1,1926.0,1951.2,210085,409312000.0,19722,,113735.0,54.14,new
ECOLINE, SM,2026-09-22,183.0,188.0,177.1,187.45,187.95,181.85,97000,17945000.0,29,,85000.0,87.63,new
ECORECO, EQ,2026-09-22,425.0,429.45,416.1,422.9,426.0,422.75,10233,4326000.0,1004,,6133.0,59.93,new
ECOSMOBLTY, EQ,2026-09-22,109.67,111.18,108.0,108.62,108.25,109.6,34838,3795000.0000000005,1043,,18161.0,52.13,new
EDELWEISS, EQ,2026-09-22,140.6,144.19,139.5,141.16,140.84,139.52,13480301,1906145000.0,70228,,5579740.0,41.39,new
EEPL, ST,2026-09-22,130.0,133.0,128.25,129.55,129.55,131.5,13000,1702000.0,8,,12000.0,92.31,new
EFACTOR, SM,2026-09-22,165.0,165.0,155.0,156.4,160.0,165.0,10400,1646000.0,22,,10000.0,96.15,new
EFCIL, EQ,2026-09-22,178.9,185.01,177.2,177.99,177.5,178.43,96963,17397000.0,2463,,55399.0,57.13,new
EFFWA, SM,2026-09-22,358.05,363.9,358.0,363.9,363.9,356.65,4800,1729000.0,11,,4000.0,83.33,new
EFORCE, SM,2026-09-22,18.7,19.2,18.7,19.15,19.15,18.6,6000,113999.99999999999,5,,4800.0,80.0,new
EGOLD, EQ,2026-09-22,151.45,152.1,150.4,151.1,151.55,151.8,24890,3764000.0,415,,17675.0,71.01,new
EICHERMOT, EQ,2026-09-22,7519.0,7555.0,7427.0,7427.0,7427.0,7512.5,336400,2517727000.0,32616,,225671.0,67.08,new
EIDPARRY, EQ,2026-09-22,704.95,704.95,694.0,695.55,694.1,700.9,179390,125381000.0,13094,,99085.0,55.23,new
EIEL, EQ,2026-09-22,203.9,207.0,200.5,201.07,201.32,203.89,383292,78005000.0,8518,,147698.0,38.53,new
EIFFL, BE,2026-09-22,261.0,261.0,256.1,256.15,256.15,261.0,414,107000.0,17,,,,new
EIHAHOTELS, EQ,2026-09-22,301.0,301.0,297.5,298.8,299.8,298.85,6173,1846000.0,369,,4353.0,70.52,new
EIHOTEL, EQ,2026-09-22,309.0,309.0,302.6,303.9,304.0,309.0,107926,32989999.999999996,4472,,61425.0,56.91,new
EIMCOELECO, EQ,2026-09-22,2285.9,2333.8,2241.6,2256.1,2249.0,2288.0,15657,35704000.0,2224,,7438.0,47.51,new
EKC, EQ,2026-09-22,100.06,102.0,100.06,100.81,101.0,100.06,75429,7609000.0,1422,,40907.0,54.23,new
EKI, EQ,2026-09-22,70.89,70.89,67.11,68.79,69.2,69.99,12895,886999.9999999999,342,,7773.0,60.28,new
ELANTAS, EQ,2026-09-22,14999.0,15150.0,14262.0,14410.0,14300.0,14793.0,1964,28826000.0,925,,791.0,40.27,new
ELCIDIN, EQ,2026-09-22,106000.0,106000.0,105000.0,105000.0,105000.0,105870.0,6,633000.0,5,,6.0,100.0,new
ELDEHSG, EQ,2026-09-22,783.0,790.0,771.05,780.0,780.0,781.9,365,285000.0,22,,247.0,67.67,new
ELECON, EQ,2026-09-22,413.95,424.95,413.75,420.55,422.0,413.45,225275,94423000.0,12593,,86918.0,38.58,new
ELECTCAST, EQ,2026-09-22,73.7,73.95,72.23,72.88,72.7,73.63,1213133,88456000.0,8126,,672144.0,55.41,new
ELECTHERM, EQ,2026-09-22,910.3,911.25,896.0,903.85,903.05,902.25,11398,10286000.0,348,,9155.0,80.32,new
ELGIEQUIP, EQ,2026-09-22,612.85,623.9,607.65,608.95,609.0,612.2,306980,188509000.0,35254,,163132.0,53.14,new
ELGIRUBCO, EQ,2026-09-22,60.97,60.97,59.22,59.77,59.74,59.86,7429,443000.0,161,,5146.0,69.27,new
ELGNZ, SM,2026-09-22,85.9,85.9,84.0,85.5,84.0,85.9,12000,1027999.9999999999,4,,2000.0,16.67,new
ELIN, EQ,2026-09-22,90.25,91.0,89.58,90.71,90.95,89.38,57844,5226000.0,1100,,37108.0,64.15,new
ELIQUID, EQ,2026-09-22,1048.68,1048.7,1048.68,1048.7,1048.7,1048.54,35927,37677000.0,15,,31529.0,87.76,new
ELITECON, EQ,2026-09-22,8.17,8.76,8.05,8.74,8.74,8.35,15398398,133835999.99999999,10970,,9301056.0,60.4,new
ELLEN, EQ,2026-09-22,375.9,382.6,342.9,357.1,358.0,373.45,1571584,564963000.0,24006,,714391.0,45.46,new
ELM250, EQ,2026-09-22,16.48,16.48,16.23,16.26,16.4,16.37,53297,869999.9999999999,236,,27197.0,51.03,new
ELMDIV, EQ,2026-09-22,35.75,35.75,35.5,35.52,35.52,35.75,263,9000.0,7,,213.0,80.99,new
ELPROINTL, EQ,2026-09-22,168.25,174.08,165.05,172.24,171.45,171.4,8639,1479000.0,200,,6516.0,75.43,new
EMAMILTD, EQ,2026-09-22,384.9,392.0,380.55,390.0,389.1,380.6,1848450,718091000.0,32727,,1070617.0,57.92,new
EMAMIPAP, BE,2026-09-22,115.0,115.99,112.82,113.81,115.95,114.6,12695,1456000.0,177,,,,new
EMAMIREAL, EQ,2026-09-22,68.8,68.8,67.2,68.0,68.0,66.99,24259,1661000.0,98,,23255.0,95.86,new
EMAPARTNER, SM,2026-09-22,85.0,85.0,82.0,82.0,82.0,83.0,12000,997000.0000000001,11,,10000.0,83.33,new
EMBASSY, RR,2026-09-22,438.97,443.0,438.14,440.97,440.5,438.97,573076,252069000.0,18776,,511768.0,89.3,new
EMBDL, EQ,2026-09-22,61.0,63.8,58.2,58.43,58.4,58.89,5822899,352762000.0,31920,,1621991.0,27.86,new
EMCURE, EQ,2026-09-22,2000.0,2010.3,1972.0,1975.0,1973.0,2009.3,41985,83641000.0,7727,,22785.0,54.27,new
EMETAL, EQ,2026-09-22,12.7,13.07,12.7,12.92,13.04,13.03,5192,67000.0,35,,3006.0,57.9,new
EMIL, EQ,2026-09-22,191.28,195.03,190.21,192.61,192.5,191.28,1941463,374785000.0,37726,,773725.0,39.85,new
EMKAY, EQ,2026-09-22,253.0,277.0,253.0,264.55,263.5,255.0,101420,27125000.0,2945,,56089.0,55.3,new
EMKAYTOOLS, SM,2026-09-22,94.2,94.2,94.1,94.1,94.1,94.15,450,42000.0,3,,450.0,100.0,new
EMMBI, BE,2026-09-22,88.55,91.0,86.0,90.89,90.89,88.11,21556,1944000.0000000002,87,,,,new
EMMIL, SM,2026-09-22,120.05,125.0,119.2,119.8,120.0,118.0,31500,3792000.0,75,,29500.0,93.65,new
EMMVEE, EQ,2026-09-22,343.0,346.8,338.3,339.75,340.0,340.6,1458115,499997999.99999994,35682,,683514.0,46.88,new
EMPIND, EQ,2026-09-22,1057.0,1060.5,1035.0,1038.1,1036.1,1054.2,941,988000.0000000001,127,,575.0,61.11,new
EMPOWER, EQ,2026-09-22,2.16,2.25,2.16,2.16,2.16,2.27,13600179,29452000.0,1822,,6375593.0,46.88,new
EMSLIMITED, EQ,2026-09-22,365.7,370.45,360.1,365.25,367.0,364.3,144550,52869000.00000001,4070,,70264.0,48.61,new
EMUDHRA, EQ,2026-09-22,664.0,681.6,639.9,649.25,644.0,662.0,1234222,813736000.0,45841,,262205.0,21.24,new
EMULTIMQ, EQ,2026-09-22,41.68,41.84,41.32,41.52,41.6,41.38,30702,1273000.0,88,,23156.0,75.42,new
ENCOMPAS, SM,2026-09-22,256.0,256.0,255.0,255.0,255.0,256.75,800,204000.0,2,,400.0,50.0,new
ENDURANCE, EQ,2026-09-22,2756.4,2764.6,2687.8,2693.7,2697.9,2756.4,47437,129324000.0,15865,,24873.0,52.43,new
ENERGY, EQ,2026-09-22,38.94,38.94,37.97,38.02,38.08,38.18,91298,3486999.9999999995,737,,55237.0,60.5,new
ENERGYAXIS, EQ,2026-09-22,18.48,19.47,18.48,18.89,19.39,18.96,34831,665000.0,90,,13382.0,38.42,new
ENERGYDEV, EQ,2026-09-22,14.9,14.99,14.52,14.54,14.52,14.57,17512,256999.99999999997,213,,13376.0,76.38,new
ENEXT50, EQ,2026-09-22,71.96,72.31,71.9,71.9,71.9,72.32,14,1000.0,4,,10.0,71.43,new
ENFUSE, SM,2026-09-22,150.0,150.0,150.0,150.0,150.0,151.0,600,90000.0,1,,600.0,100.0,new
ENGINERSIN, EQ,2026-09-22,286.7,304.95,281.5,302.55,300.6,285.25,23538487,6952803999.999999,220702,,4842834.0,20.57,new
ENIFTY, EQ,2026-09-22,24.21,24.21,23.52,23.64,23.65,23.62,963,23000.0,60,,802.0,83.28,new
ENIL, EQ,2026-09-22,100.9,101.54,99.1,99.64,99.8,100.03,16506,1657000.0,243,,9013.0,54.6,new
ENKEIWHEL, EQ,2026-09-22,394.95,407.3,391.2,395.2,393.0,388.2,630,249000.00000000003,44,,554.0,87.94,new
ENRIN, EQ,2026-09-22,3225.1,3348.0,3217.6,3235.0,3228.0,3214.7,545192,1791729000.0,56123,,229462.0,42.09,new
ENSER, SM,2026-09-22,15.0,16.25,15.0,15.45,15.45,14.5,85000,1305000.0,16,,85000.0,100.0,new
ENTERO, EQ,2026-09-22,1804.5,1865.1,1782.5,1841.8,1830.0,1795.5,262292,482546000.0,19198,,145822.0,55.6,new
ENVIRO, SM,2026-09-22,65.45,66.45,65.4,66.4,66.4,66.1,19000,1253000.0,18,,15000.0,78.95,new
EPACK, EQ,2026-09-22,179.8,184.9,179.8,181.55,181.25,179.67,340700,62261000.0,5941,,101483.0,29.79,new
EPACKPEB, EQ,2026-09-22,242.5,252.0,241.0,250.34,249.5,241.57,1057801,262605000.00000003,20988,,527078.0,49.83,new
EPIGRAL, EQ,2026-09-22,1115.0,1125.0,1095.2,1100.9,1106.0,1111.0,22809,25198000.0,2003,,12492.0,54.77,new
EPL, EQ,2026-09-22,241.1,241.1,234.95,236.65,236.7,239.65,1299475,308898000.0,23622,,769296.0,59.2,new
EPWINDIA, ST,2026-09-22,240.0,240.0,240.0,240.0,240.0,240.15,1200,288000.0,1,,1200.0,100.0,new
EQUAL200, EQ,2026-09-22,13.65,13.65,13.52,13.57,13.58,13.6,7792,106000.0,50,,7639.0,98.04,new
EQUAL50, EQ,2026-09-22,324.62,324.62,322.58,323.49,323.49,324.67,3425,1109000.0,34,,2452.0,71.59,new
EQUAL50ADD, EQ,2026-09-22,335.27,335.64,333.08,334.34,333.08,335.27,8378,2802000.0,252,,5037.0,60.12,new
EQUIPPP, BE,2026-09-22,22.61,23.99,22.34,22.78,23.89,23.51,34980,799000.0,71,,,,new
EQUITASBNK, EQ,2026-09-22,73.11,73.95,71.69,72.91,73.05,72.43,1575361,114648000.0,14068,,706937.0,44.87,new
ERIS, EQ,2026-09-22,1295.5,1300.0,1263.6,1271.2,1280.0,1295.3,50895,64969000.00000001,5208,,24970.0,49.06,new
ESABINDIA, EQ,2026-09-22,5561.0,5799.0,5558.0,5654.5,5650.0,5561.0,6061,34326000.0,1849,,3352.0,55.3,new
ESAFSFB, BE,2026-09-22,39.35,39.97,38.5,39.46,39.2,39.36,269699,10569000.0,1565,,,,new
ESCONET, ST,2026-09-22,208.0,208.0,201.4,205.95,206.95,210.75,19200,3929000.0,41,,18800.0,97.92,new
ESCORTS, EQ,2026-09-22,2833.9,2848.3,2787.0,2793.6,2803.9,2819.8,28639,80223000.0,4783,,14717.0,51.39,new
ESDS, EQ,2026-09-22,1724.85,1724.85,1724.85,1724.85,1724.85,1642.75,158784,273879000.0,2630,,158608.0,99.89,new
ESENSEX, EQ,2026-09-22,75.6,75.6,74.95,75.4,75.4,75.69,383,28999.999999999996,13,,366.0,95.56,new
ESFL, SM,2026-09-22,122.35,127.0,122.3,125.85,125.85,127.1,10800,1350000.0,19,,7560.0,70.0,new
ESG, EQ,2026-09-22,40.3,40.39,40.09,40.09,40.21,40.32,25154,1009000.0,42,,23969.0,95.29,new
ESILVER, EQ,2026-09-22,231.51,232.63,228.26,229.6,229.53,231.52,23570,5431000.0,2135,,8300.0,35.21,new
ESPRIT, SM,2026-09-22,65.0,66.0,65.0,66.0,66.0,66.25,3200,210000.0,2,,1600.0,50.0,new
ESSARSHPNG, EQ,2026-09-22,16.49,16.49,15.43,15.63,15.8,16.15,156754,2490000.0,795,,83261.0,53.12,new
ESSENTIA, EQ,2026-09-22,1.03,1.07,1.02,1.04,1.04,1.02,3587816,3758000.0,892,,2122273.0,59.15,new
ESTER, EQ,2026-09-22,87.17,88.4,86.45,87.11,87.3,87.17,24596,2143000.0,1086,,15732.0,63.96,new
ETERNAL, EQ,2026-09-22,337.7,342.0,334.65,342.0,342.0,335.9,22276945,7545517999.999999,172234,,11129321.0,49.96,new
ETHOSLTD, EQ,2026-09-22,2593.8,2638.5,2555.6,2613.3,2618.0,2593.8,48788,126184999.99999999,8305,,28674.0,58.77,new
ETL, SM,2026-09-22,1070.0,1070.0,1070.0,1070.0,1070.0,1069.6,150,161000.0,1,,150.0,100.0,new
ETML, SM,2026-09-22,79.8,80.1,79.5,80.1,80.1,81.6,10800,861999.9999999999,8,,9600.0,88.89,new
EUREKAFORB, EQ,2026-09-22,381.0,384.95,375.95,377.3,377.0,378.45,183218,69472000.0,11996,,100917.0,55.08,new
EUROBOND, EQ,2026-09-22,154.0,157.0,151.15,153.1,151.5,153.34,2636,405000.0,98,,1974.0,74.89,new
EUROPRATIK, EQ,2026-09-22,224.0,229.0,217.0,218.45,218.25,224.0,260706,58202000.0,5425,,161228.0,61.84,new
EUROTEXIND, BE,2026-09-22,12.27,12.28,12.26,12.26,12.26,11.7,1372,17000.0,13,,,,new
EVEREADY, EQ,2026-09-22,325.0,331.0,321.0,329.05,329.4,321.85,91573,29929000.000000004,3010,,38234.0,41.75,new
EVERESTIND, BE,2026-09-22,423.5,438.8,415.5,432.45,437.45,420.8,7858,3375000.0,153,,,,new
EVIETF, EQ,2026-09-22,31.9,31.97,31.6,31.69,31.78,31.87,137555,4362000.0,569,,76469.0,55.59,new
EVINDIA, EQ,2026-09-22,32.06,32.06,31.6,31.64,31.68,31.81,73252,2327000.0,1266,,43076.0,58.81,new
EXCELINDUS, EQ,2026-09-22,958.2,963.1,946.1,952.6,958.0,953.5,7504,7168000.000000001,1043,,2679.0,35.7,new
EXCELSOFT, EQ,2026-09-22,80.6,83.85,80.6,82.85,82.37,81.83,921406,76126000.0,6996,,348351.0,37.81,new
EXICOM, EQ,2026-09-22,162.75,165.49,160.4,161.44,162.78,161.61,549513,89538000.0,6677,,212836.0,38.73,new
EXIDEIND, EQ,2026-09-22,434.5,438.5,427.5,429.7,428.9,434.5,1869658,807528000.0,35103,,979913.0,52.41,new
EXIMROUTES, SM,2026-09-22,90.0,90.0,86.05,89.2,88.0,89.15,16000,1412000.0,17,,15200.0,95.0,new
EXPLEOSOL, EQ,2026-09-22,885.0,887.75,870.4,877.2,883.0,883.15,8135,7170999.999999999,1097,,4518.0,55.54,new
EXXARO, EQ,2026-09-22,6.34,6.34,6.21,6.23,6.27,6.21,114586,718000.0,289,,87618.0,76.46,new
FABTECH, EQ,2026-09-22,148.92,150.4,145.5,147.02,147.0,147.23,67544,9959000.0,823,,39199.0,58.03,new
FACT, EQ,2026-09-22,800.0,808.3,792.5,798.45,794.2,801.75,106175,84823000.0,7773,,29624.0,27.9,new
FAIRCHEMOR, BE,2026-09-22,644.8,658.0,632.1,636.6,633.85,639.75,3001,1926000.0000000002,416,,,,new
FASCINATE, SM,2026-09-22,52.7,52.7,52.7,52.7,52.7,50.2,61600,3246000.0,39,,61600.0,100.0,new
FAZE3Q, EQ,2026-09-22,428.15,438.4,416.2,422.85,416.2,427.9,37589,16100000.0,1467,,22468.0,59.77,new
FCL, EQ,2026-09-22,56.7,58.68,55.89,57.39,57.41,55.75,20804868,1199369000.0,74680,,6072316.0,29.19,new
FCSSOFT, EQ,2026-09-22,1.41,1.41,1.37,1.38,1.38,1.4,1621095,2252000.0,1164,,1258930.0,77.66,new
FDC, EQ,2026-09-22,363.4,363.4,355.0,356.5,356.2,362.4,77747,27882000.0,6479,,38099.0,49.0,new
FEDDERSHOL, EQ,2026-09-22,65.0,72.77,59.37,64.8,60.8,61.49,51021947,3500111000.0,207016,,4020695.0,7.88,new
FEDERALBNK, EQ,2026-09-22,332.3,334.85,325.5,327.0,327.0,332.0,5612786,1839491999.9999998,72451,,3481001.0,62.02,new
FEDFINA, EQ,2026-09-22,152.7,154.2,150.0,152.14,151.5,151.74,923446,140607000.0,13203,,478263.0,51.79,new
FEL, BZ,2026-09-22,0.36,0.37,0.36,0.36,0.36,0.36,158605,57999.99999999999,73,,,,new
FELDVR, BZ,2026-09-22,2.0,2.09,1.9,2.07,2.07,2.0,12814,26000.0,42,,,,new
FELIX, SM,2026-09-22,210.0,210.1,203.0,209.4,209.75,208.8,41000,8519000.0,43,,16000.0,39.02,new
FERMENTA, EQ,2026-09-22,475.0,486.2,461.8,470.6,470.05,474.25,110202,51902000.0,4288,,68660.0,62.3,new
FIBERWEB, EQ,2026-09-22,26.27,26.48,25.56,26.14,26.3,26.27,7490,196000.0,105,,6653.0,88.83,new
FIDEL, SM,2026-09-22,165.0,170.0,165.0,168.0,168.0,164.0,40000,6758000.0,24,,35000.0,87.5,new
FIEMIND, EQ,2026-09-22,1910.8,1925.1,1895.5,1906.7,1902.8,1901.1,46110,87972000.0,4247,,27844.0,60.39,new
FILATEX, EQ,2026-09-22,102.88,105.75,99.43,101.07,100.65,102.2,7326971,748376000.0,47531,,1883943.0,25.71,new
FILATFASH, EQ,2026-09-22,0.18,0.18,0.17,0.17,0.18,0.17,11808473,2079000.0,1656,,7559734.0,64.02,new
FINBUD, SM,2026-09-22,109.0,116.55,108.1,116.05,116.55,110.85,30000,3404000.0,28,,26000.0,86.67,new
FINCABLES, EQ,2026-09-22,1409.9,1474.0,1404.3,1468.1,1463.9,1399.7,1670261,2417695000.0,84643,,637525.0,38.17,new
FINEORG, EQ,2026-09-22,5155.0,5198.5,5079.5,5159.5,5166.5,5149.5,24450,125602000.0,6664,,14666.0,59.98,new
FINIETF, EQ,2026-09-22,32.28,32.33,31.9,32.0,32.19,32.19,139491,4487000.0,926,,81563.0,58.47,new
FINKURVE, EQ,2026-09-22,71.39,71.5,69.74,70.39,70.25,71.05,37846,2670000.0,660,,22913.0,60.54,new
FINOPB, EQ,2026-09-22,135.2,136.89,131.4,133.02,132.5,134.82,152627,20430000.0,1942,,95953.0,62.87,new
FINPIPE, EQ,2026-09-22,153.1,154.56,152.1,152.94,152.61,152.16,206950,31713000.0,6692,,100412.0,48.52,new
FIRSTCRY, EQ,2026-09-22,170.5,182.36,169.77,175.08,175.61,170.43,11963508,2128809000.0,110424,,1520441.0,12.71,new
FISCHER, EQ,2026-09-22,33.23,34.01,32.68,32.95,33.16,32.87,7482910,246755000.00000003,2970,,6833351.0,91.32,new
FIVESTAR, EQ,2026-09-22,525.0,534.6,520.5,524.85,525.0,524.95,541837,284538000.0,22073,,299133.0,55.21,new
FLAIR, EQ,2026-09-22,239.0,244.19,234.0,241.29,243.2,238.8,122428,29524000.0,3764,,66523.0,54.34,new
FLEXIADD, EQ,2026-09-22,9.76,9.95,9.7,9.76,9.77,9.67,261971,2553000.0,694,,175877.0,67.14,new
FLEXITUFF, BE,2026-09-22,2.68,2.68,2.68,2.68,2.68,2.63,29023,78000.0,17,,,,new
FLFL, BZ,2026-09-22,1.18,1.2,1.13,1.17,1.19,1.18,25841,30000.0,66,,,,new
FLUOROCHEM, EQ,2026-09-22,4582.9,4590.0,4478.3,4487.2,4484.5,4560.0,47912,216348000.0,9896,,26691.0,55.71,new
FLYSBS, SM,2026-09-22,690.2,695.0,671.95,673.2,674.25,690.2,33400,22845000.0,119,,25200.0,75.45,new
FMCGADD, EQ,2026-09-22,46.14,46.22,45.62,45.84,45.95,46.21,7261,334000.0,159,,5067.0,69.78,new
FMCGIETF, EQ,2026-09-22,50.84,50.85,49.1,49.19,49.31,49.6,737924,36379000.0,3750,,416597.0,56.46,new
FMGOETZE, EQ,2026-09-22,439.85,449.4,439.85,446.75,447.0,439.1,121636,54158000.00000001,4494,,62022.0,50.99,new
FMNL, EQ,2026-09-22,8.89,9.14,8.41,8.43,8.49,8.85,144674,1228000.0,365,,96203.0,66.5,new
FOCE, SM,2026-09-22,549.0,549.0,549.0,549.0,549.0,523.2,480,264000.0,2,,480.0,100.0,new
FOCUS, BE,2026-09-22,60.4,60.81,59.95,59.97,60.0,59.83,14610,878999.9999999999,108,,,,new
FONEBOX, ST,2026-09-22,144.9,144.9,144.9,144.9,144.9,138.0,21000,3043000.0,7,,21000.0,100.0,new
FOODSIN, EQ,2026-09-22,53.26,54.3,53.12,53.83,53.55,53.15,41389,2224000.0,568,,30616.0,73.97,new
FORCAS, ST,2026-09-22,207.65,218.95,207.65,218.95,218.95,218.5,3200,683000.0,2,,1600.0,50.0,new
FORCEMOT, EQ,2026-09-22,17600.0,17600.0,17182.0,17275.0,17275.0,17485.0,64656,1122579000.0,18925,,34899.0,53.98,new
FORGEAUTO, SM,2026-09-22,106.5,106.5,106.5,106.5,106.5,104.15,1200,128000.0,1,,1200.0,100.0,new
FORTIS, EQ,2026-09-22,894.2,908.8,892.35,896.55,896.55,893.5,808369,727456000.0,26615,,441406.0,54.6,new
FOSECOIND, EQ,2026-09-22,6649.0,6779.5,6500.0,6562.0,6597.0,6643.0,19928,131627000.0,5083,,9079.0,45.56,new
FRACTAL, EQ,2026-09-22,767.0,775.0,756.05,761.4,763.0,760.9,225446,172828000.0,19985,,117109.0,51.95,new
FREDUN, EQ,2026-09-22,1325.0,1409.9,1325.0,1382.6,1382.0,1348.2,137800,190546000.0,11024,,59056.0,42.86,new
FRESHARA, ST,2026-09-22,431.9,431.9,407.15,408.85,408.05,428.45,33000,13577000.000000002,51,,29400.0,89.09,new
FROG, SM,2026-09-22,273.0,273.5,260.5,272.35,271.1,275.5,12800,3440999.9999999995,31,,8000.0,62.5,new
FRONTSP, EQ,2026-09-22,1182.5,1214.0,1150.5,1162.2,1185.6,1173.5,13399,15625000.0,1818,,8132.0,60.69,new
FSL, EQ,2026-09-22,270.3,274.8,268.3,269.5,269.0,269.45,407264,110446000.0,9893,,112616.0,27.65,new
FUSION, EQ,2026-09-22,185.4,187.25,181.98,183.6,183.0,184.67,233787,43075000.0,4595,,123620.0,52.88,new
FWSTC, SM,2026-09-22,170.0,170.0,170.0,170.0,170.0,169.95,600,102000.0,1,,600.0,100.0,new
GABRIEL, EQ,2026-09-22,1291.3,1495.0,1291.3,1471.4,1478.0,1290.3,7891064,11383294000.0,276612,,905513.0,11.48,new
GAEL, EQ,2026-09-22,161.8,162.13,156.15,157.08,157.2,161.25,475136,75093000.0,16888,,231037.0,48.63,new
GAIL, EQ,2026-09-22,173.08,174.3,171.35,171.84,171.84,172.61,8361284,1442960000.0,46288,,5312389.0,63.54,new
GAJA, EQ,2026-09-22,162.51,163.76,157.52,159.34,158.0,162.71,1914226,307033000.0,28553,,415547.0,21.71,new
GALAPREC, EQ,2026-09-22,1054.0,1088.8,1039.0,1058.0,1057.0,1042.4,45642,48446000.0,3526,,24694.0,54.1,new
GALAXYSURF, EQ,2026-09-22,2200.0,2238.1,2169.0,2188.0,2191.0,2188.5,27241,60121000.0,5632,,13418.0,49.26,new
GALLANTT, EQ,2026-09-22,554.8,581.45,540.15,545.7,545.0,546.85,516798,289155000.0,19515,,88144.0,17.06,new
GANDHAR, EQ,2026-09-22,269.0,271.65,266.3,269.05,268.55,267.65,380656,102320000.0,6646,,172913.0,45.43,new
GANDHITUBE, EQ,2026-09-22,909.0,1046.6,906.15,1003.2,1000.0,909.3,315988,318370000.0,18997,,95553.0,30.24,new
GANECOS, EQ,2026-09-22,1003.7,1025.2,993.4,998.4,1002.5,1008.2,43065,43456000.0,4148,,18024.0,41.85,new
GANESHBE, BE,2026-09-22,125.8,127.95,125.0,125.22,125.85,125.9,153106,19147000.0,384,,,,new
GANESHCP, EQ,2026-09-22,172.0,172.01,165.75,166.59,166.03,171.4,112408,18931000.0,2335,,66805.0,59.43,new
GANESHHOU, EQ,2026-09-22,743.9,750.0,735.0,736.8,736.0,742.45,15648,11612000.0,1162,,8239.0,52.65,new
GANESHIN, SM,2026-09-22,91.7,94.4,91.7,93.15,93.0,94.25,19200,1792000.0000000002,16,,16800.0,87.5,new
GANGAFORGE, EQ,2026-09-22,1.59,1.6,1.57,1.57,1.57,1.58,1700312,2690000.0,767,,1049521.0,61.73,new
GANGESSECU, EQ,2026-09-22,114.28,116.9,114.2,115.04,116.9,114.2,67,8000.0,11,,54.0,80.6,new
GARFIBRES, EQ,2026-09-22,801.0,806.9,794.95,800.45,801.7,800.45,29629,23700000.0,5423,,15582.0,52.59,new
GARUDA, EQ,2026-09-22,175.5,182.8,175.5,181.56,181.52,176.77,617015,110805000.0,8616,,282877.0,45.85,new
GATECH, BE,2026-09-22,0.79,0.79,0.79,0.79,0.79,0.76,11933993,9428000.0,2531,,,,new
GATECHDVR, BE,2026-09-22,0.5,0.5,0.47,0.48,0.49,0.48,262848,126000.0,190,,,,new
GATEWAY, EQ,2026-09-22,52.98,52.98,52.05,52.28,52.25,52.51,691852,36215000.0,3391,,460115.0,66.5,new
GAUDIUMIVF, EQ,2026-09-22,112.01,114.1,109.25,111.35,112.0,112.25,281800,31414000.0,3250,,165887.0,58.87,new
GAYAHWS, EQ,2026-09-22,1.9,1.94,1.86,1.9,1.91,1.9,98199,186000.0,208,,67266.0,68.5,new
GAYAPROJ, EQ,2026-09-22,24.84,24.85,23.5,23.68,23.88,24.59,799991,19163000.0,2855,,506026.0,63.25,new
GCHOTELS, ST,2026-09-22,126.8,126.8,118.0,126.8,126.8,120.8,99000,12381000.0,111,,90000.0,90.91,new
GCSL, EQ,2026-09-22,639.8,645.25,617.05,639.2,637.0,635.1,789628,496163000.0,6872,,314632.0,39.85,new
GEECEE, BE,2026-09-22,377.0,378.0,370.0,373.85,374.5,376.15,2265,849000.0,25,,,,new
GEEKAYWIRE, EQ,2026-09-22,31.5,33.5,30.5,32.73,32.88,30.9,517452,16666999.999999998,2413,,251304.0,48.57,new
GEMAROMA, EQ,2026-09-22,150.58,157.59,150.45,153.72,152.5,150.58,62073,9531000.0,1670,,26425.0,42.57,new
GENCON, EQ,2026-09-22,41.24,41.24,39.25,39.84,39.25,40.54,261394,10567000.0,763,,25927.0,9.92,new
GENESYS, EQ,2026-09-22,282.0,286.98,273.5,280.1,280.0,279.09,482544,135042000.0,9902,,141834.0,29.39,new
GENSOL, BZ,2026-09-22,16.94,17.39,16.56,16.93,17.09,16.94,55091,927999.9999999999,407,,,,new
GENUSPAPER, EQ,2026-09-22,11.5,11.5,11.25,11.28,11.28,11.49,21443,243000.00000000003,177,,16867.0,78.66,new
GENUSPOWER, EQ,2026-09-22,312.5,313.9,308.6,309.45,309.0,310.9,883342,274578000.0,14843,,458681.0,51.93,new
GENXAI, SM,2026-09-22,72.9,76.0,72.9,73.0,73.0,71.6,26400,1964999.9999999998,21,,21600.0,81.82,new
GEOJITFSL, EQ,2026-09-22,81.57,82.69,80.36,80.64,81.0,81.94,209758,17025000.0,2078,,107951.0,51.46,new
GESHIP, EQ,2026-09-22,1490.0,1495.1,1458.0,1462.0,1461.9,1485.0,859612,1265912000.0,42657,,469009.0,54.56,new
GFLLIMITED, EQ,2026-09-22,57.0,58.49,56.65,56.95,57.0,57.0,38366,2199000.0,550,,19576.0,51.02,new
GFSTEELS, BE,2026-09-22,28.04,28.04,28.04,28.04,28.04,26.71,15794,443000.0,24,,,,new
GGBL, SM,2026-09-22,210.0,218.5,209.0,216.1,217.2,206.8,28500,6087000.0,89,,21300.0,74.74,new
GHCL, EQ,2026-09-22,421.85,425.95,419.1,420.3,419.25,421.55,117521,49677000.0,4211,,73066.0,62.17,new
GHCLTEXTIL, EQ,2026-09-22,132.1,137.36,130.11,133.92,133.72,129.52,664643,89395000.0,17592,,265994.0,40.02,new
GICHSGFIN, EQ,2026-09-22,139.9,142.98,138.6,138.86,138.63,139.28,47067,6554000.000000001,912,,26411.0,56.11,new
GICL, BE,2026-09-22,23.74,23.74,22.46,23.33,23.41,23.64,132967,3040000.0,201,,,,new
GICRE, EQ,2026-09-22,346.3,348.4,340.3,341.2,341.5,346.2,451093,154772000.0,7752,,308134.0,68.31,new
GILLANDERS, EQ,2026-09-22,106.0,106.0,102.91,105.0,105.0,107.03,2693,283000.0,63,,2239.0,83.14,new
GILLETTE, EQ,2026-09-22,7045.0,7060.5,6988.0,7009.0,7001.5,7048.0,18255,128029000.0,6320,,9971.0,54.62,new
GILT10BETA, EQ,2026-09-22,26.68,26.68,26.3,26.6,26.6,26.64,95,3000.0,11,,36.0,37.89,new
GILT5BETA, EQ,2026-09-22,66.46,66.59,65.84,66.59,66.59,66.46,313,21000.0,9,,185.0,59.11,new
GILT5YBEES, EQ,2026-09-22,65.95,66.02,65.78,65.92,65.92,65.84,145399,9587000.0,387,,97667.0,67.17,new
GINNIFILA, BE,2026-09-22,42.0,42.0,41.2,41.6,41.79,41.61,12287,512000.0,61,,,,new
GIPCL, EQ,2026-09-22,190.3,191.56,186.2,186.92,187.27,189.36,258472,48507000.0,5747,,136757.0,52.91,new
GIRIRAJ, SM,2026-09-22,82.85,83.0,75.5,76.45,75.5,79.45,7000,545000.0,14,,4750.0,67.86,new
GJL, ST,2026-09-22,334.45,334.45,334.0,334.45,334.45,318.55,3200,1070000.0,4,,3200.0,100.0,new
GKB, EQ,2026-09-22,69.11,76.02,67.11,68.37,68.35,69.11,86152,6343000.0,947,,45792.0,53.15,new
GKENERGY, EQ,2026-09-22,128.36,130.5,127.1,127.77,127.8,126.59,753442,96951000.0,8167,,274765.0,36.47,new
GKSL, EQ,2026-09-22,184.99,185.21,173.01,175.17,176.75,183.21,2252924,394675000.0,9246,,1255124.0,55.71,new
GKWLIMITED, EQ,2026-09-22,1572.7,1619.6,1560.0,1565.4,1598.6,1571.4,211,330000.0,18,,207.0,98.1,new
GLAND, EQ,2026-09-22,2944.9,2968.4,2900.0,2916.6,2907.6,2940.2,124161,363435000.0,20908,,64821.0,52.21,new
GLASSWALL, EQ,2026-09-22,304.15,317.9,296.1,309.29,311.6,295.21,70304720,21675628000.0,591154,,4157775.0,5.91,new
GLAXO, EQ,2026-09-22,2862.7,2880.9,2840.0,2873.6,2877.9,2862.9,37100,106421000.0,5053,,25718.0,69.32,new
GLENMARK, EQ,2026-09-22,2460.4,2472.0,2443.0,2461.4,2461.4,2450.0,402355,990723000.0,32189,,236757.0,58.84,new
GLFL, EQ,2026-09-22,5.24,5.24,4.97,5.09,5.1,5.19,1446,7000.000000000001,20,,1445.0,99.93,new
GLOBAL, EQ,2026-09-22,130.4,133.5,127.58,132.23,132.5,130.6,214321,28076000.0,2424,,117575.0,54.86,new
GLOBALE, EQ,2026-09-22,11.38,11.43,10.75,11.15,10.75,11.16,1219,13000.0,24,,1173.0,96.23,new
GLOBALPET, SM,2026-09-22,165.0,165.0,165.0,165.0,165.0,165.0,750,124000.0,1,,750.0,100.0,new
GLOBALVECT, EQ,2026-09-22,134.95,137.79,132.9,133.41,135.8,133.56,5110,690000.0,305,,3347.0,65.5,new
GLOBE, EQ,2026-09-22,2.25,2.33,2.19,2.22,2.24,2.25,1261268,2870000.0,708,,836711.0,66.34,new
GLOBECIVIL, EQ,2026-09-22,42.87,43.99,42.02,43.66,43.84,42.14,25572,1106000.0,506,,13781.0,53.89,new
GLOBUSSPR, EQ,2026-09-22,830.8,833.9,819.0,821.3,820.0,830.8,48747,40190000.0,2955,,34024.0,69.8,new
GLOSTERLTD, EQ,2026-09-22,588.0,588.0,563.1,572.15,574.65,578.5,393,224000.00000000003,48,,268.0,68.19,new
GLOTTIS, EQ,2026-09-22,57.99,58.5,57.01,57.41,57.25,57.76,12647,732000.0,396,,7912.0,62.56,new
GMBREW, EQ,2026-09-22,947.0,959.25,942.7,948.05,947.5,947.0,20472,19455000.0,1502,,10770.0,52.61,new
GMDCLTD, EQ,2026-09-22,562.2,565.95,557.0,563.65,563.2,557.9,726787,408562000.0,19215,,303091.0,41.7,new
GML, SM,2026-09-22,17.8,17.8,17.8,17.8,17.8,18.15,4000,71000.0,1,,4000.0,100.0,new
GMMPFAUDLR, EQ,2026-09-22,1511.0,1516.2,1440.3,1462.3,1456.9,1507.2,327918,480068000.0,32655,,148453.0,45.27,new
GMRAIRPORT, EQ,2026-09-22,98.99,99.5,97.69,98.35,98.35,98.7,8095151,796636000.0,21637,,4449522.0,54.97,new
GMRP&UI, EQ,2026-09-22,92.25,97.2,92.25,95.26,94.9,92.43,2027140,193026000.0,18134,,879952.0,43.41,new
GNA, EQ,2026-09-22,567.95,567.95,553.3,561.65,564.0,564.85,152556,85406000.0,4928,,83755.0,54.9,new
GNFC, EQ,2026-09-22,592.1,615.85,589.3,598.7,598.7,589.9,2063093,1249135000.0,50769,,944487.0,45.78,new
GNRL, EQ,2026-09-22,99.1,100.2,96.3,98.42,98.6,97.17,735614,71817000.0,4416,,551591.0,74.98,new
GOACARBON, EQ,2026-09-22,389.2,396.35,383.95,386.9,388.0,389.1,24946,9738000.0,988,,13798.0,55.31,new
GOCLCORP, EQ,2026-09-22,421.65,424.0,406.35,411.05,408.4,453.45,374867,154370000.0,15114,,124306.0,33.16,new
GOCOLORS, EQ,2026-09-22,306.1,310.8,305.9,307.9,308.1,306.7,31470,9697000.0,2112,,13856.0,44.03,new
GODAVARIB, EQ,2026-09-22,244.2,244.9,241.01,243.4,244.6,242.47,38955,9463000.0,1125,,18182.0,46.67,new
GODFRYPHLP, EQ,2026-09-22,1989.9,1997.1,1967.0,1970.0,1970.0,1980.0,96350,190922000.0,9582,,30717.0,31.88,new
GODIGIT, EQ,2026-09-22,241.45,243.6,237.15,241.85,240.0,241.45,1511491,362370000.0,52356,,705061.0,46.65,new
GODREJAGRO, EQ,2026-09-22,660.7,667.35,650.1,653.9,656.5,660.65,81790,53859000.0,8027,,36920.0,45.14,new
GODREJCP, EQ,2026-09-22,869.8,878.8,864.2,873.6,873.6,867.5,483682,421743000.0,15318,,265441.0,54.88,new
GODREJIND, EQ,2026-09-22,1101.7,1111.0,1090.6,1099.6,1095.0,1101.7,35951,39554000.0,3915,,16776.0,46.66,new
GODREJPROP, EQ,2026-09-22,1710.0,1732.0,1690.2,1699.5,1699.5,1696.9,473583,808202000.0,21848,,175978.0,37.16,new
GOKEX, EQ,2026-09-22,695.0,714.0,690.0,695.05,694.2,694.7,353650,247778000.00000003,18365,,127766.0,36.13,new
GOKUL, EQ,2026-09-22,39.7,40.65,39.61,40.4,40.6,39.56,147335,5925000.0,641,,29089.0,19.74,new
GOKULAGRO, EQ,2026-09-22,221.97,223.81,220.1,221.15,220.12,221.16,158912,35249000.0,7286,,86721.0,54.57,new
GOLD1, EQ,2026-09-22,126.57,126.76,125.4,125.99,126.37,126.65,15280316,1928125000.0,9269,,12796631.0,83.75,new
GOLD360, EQ,2026-09-22,147.85,148.3,146.8,147.45,147.9,147.85,6641,980000.0000000001,185,,4640.0,69.87,new
GOLDADD, EQ,2026-09-22,14.81,14.81,14.59,14.69,14.73,14.75,5061615,74359000.0,9883,,3133926.0,61.92,new
GOLDAXIS, EQ,2026-09-22,126.5,126.77,125.08,125.84,126.12,126.44,2262010,284322000.0,4305,,1370537.0,60.59,new
GOLDBEES, EQ,2026-09-22,125.56,125.57,124.28,125.0,125.25,125.57,21852347,2730721000.0,83323,,10684465.0,48.89,new
GOLDBETA, EQ,2026-09-22,127.9,127.9,126.6,127.25,127.8,127.9,460617,58592999.99999999,2038,,327949.0,71.2,new
GOLDBND, EQ,2026-09-22,151.0,152.47,150.15,151.21,151.46,152.07,50308,7598999.999999999,158,,49308.0,98.01,new
GOLDCASE, EQ,2026-09-22,23.86,23.97,23.65,23.79,23.85,23.91,14811313,352390000.0,10382,,8399785.0,56.71,new
GOLDENTOBC, BZ,2026-09-22,24.61,24.61,23.0,23.65,23.65,24.13,2764,66000.0,47,,,,new
GOLDETF, EQ,2026-09-22,148.0,148.0,146.2,146.96,147.42,147.7,1145706,168298000.0,7548,,419917.0,36.65,new
GOLDIAM, EQ,2026-09-22,324.0,326.55,318.65,319.8,319.05,323.35,381738,122969000.0,7180,,214711.0,56.25,new
GOLDIETF, EQ,2026-09-22,130.0,130.11,128.7,129.42,129.7,130.01,6958253,900161000.0,27666,,3984987.0,57.27,new
GOLDKART, SM,2026-09-22,107.1,107.1,107.1,107.1,107.1,107.1,625,67000.0,1,,625.0,100.0,new
GOLDSTAR, SM,2026-09-22,8.75,9.45,8.75,9.45,9.45,9.0,123750,1161000.0,11,,101250.0,81.82,new
GOLDTECH, BE,2026-09-22,41.1,43.31,41.1,41.99,42.22,41.84,36739,1547000.0,131,,,,new
GOODLUCK, EQ,2026-09-22,525.9,541.25,523.0,538.05,539.7,523.9,827953,441949000.0,27159,,312396.0,37.73,new
GOODYEAR, EQ,2026-09-22,708.9,714.2,700.6,706.25,709.95,708.2,3588,2539000.0,566,,2397.0,66.81,new
GOPAL, EQ,2026-09-22,258.4,259.65,255.3,258.35,258.5,257.05,35086,9034000.0,2922,,18298.0,52.15,new
GOYALALUM, EQ,2026-09-22,6.29,6.29,5.9,5.97,6.05,6.09,70853,428000.0,463,,47530.0,67.08,new
GOYALSALT, SM,2026-09-22,107.0,108.0,105.0,107.65,108.0,106.35,12000,1269000.0,9,,12000.0,100.0,new
GPECO, SM,2026-09-22,414.8,414.8,398.0,403.5,405.0,401.3,11600,4721000.0,38,,8200.0,70.69,new
GPIL, EQ,2026-09-22,239.0,239.0,232.2,232.89,232.8,236.8,1398629,327875000.0,15938,,738888.0,52.83,new
GPPL, EQ,2026-09-22,165.9,166.95,163.6,164.41,165.0,164.99,819136,134892000.0,13644,,408202.0,49.83,new
GPTHEALTH, EQ,2026-09-22,163.99,166.78,162.0,162.79,162.3,165.32,60740,9951000.0,1841,,34135.0,56.2,new
GPTINFRA, EQ,2026-09-22,117.6,119.5,117.5,118.16,118.24,118.42,152627,18046000.0,1852,,63454.0,41.57,new
GRADIENTE, BE,2026-09-22,2.42,2.46,2.3,2.37,2.37,2.37,310681,741000.0,173,,,,new
GRANDOAK, EQ,2026-09-22,34.69,34.69,32.76,33.6,33.97,33.07,2503,85000.0,92,,1808.0,72.23,new
GRANULES, EQ,2026-09-22,876.0,876.6,853.9,864.05,862.2,875.15,640982,552754000.0,20312,,254781.0,39.75,new
GRAPHISAD, SM,2026-09-22,25.3,25.3,24.65,24.65,24.65,25.0,3600,90000.0,3,,2400.0,66.67,new
GRAPHITE, EQ,2026-09-22,819.9,832.65,811.0,827.75,826.4,812.8,1332319,1100196000.0,49263,,474525.0,35.62,new
GRASIM, EQ,2026-09-22,3171.0,3180.8,3125.0,3128.2,3128.2,3166.0,692941,2171665000.0,37193,,457272.0,65.99,new
GRAUWEIL, EQ,2026-09-22,85.17,86.43,82.9,83.24,83.11,85.34,476150,40195000.0,3877,,238877.0,50.17,new
GRAVISSHO, BE,2026-09-22,34.53,36.32,34.53,34.53,34.53,36.34,5300,185000.0,63,,,,new
GRAVITA, EQ,2026-09-22,1585.1,1596.6,1560.0,1564.9,1570.0,1580.0,198743,312878000.0,17960,,95918.0,48.26,new
GRCL, SM,2026-09-22,570.0,570.0,570.0,570.0,570.0,585.0,1250,713000.0,3,,1250.0,100.0,new
GREAVESCOT, EQ,2026-09-22,198.99,205.7,198.06,199.67,198.8,198.58,2267387,458855000.0,28999,,965817.0,42.6,new
GREENCHEF, SM,2026-09-22,75.9,76.5,74.0,74.0,74.0,75.95,8000,600000.0,10,,6400.0,80.0,new
GREENLAM, EQ,2026-09-22,229.9,234.99,225.0,226.17,225.94,228.76,22030,5011000.0,869,,12955.0,58.81,new
GREENLEAF, ST,2026-09-22,111.05,111.05,106.4,106.4,106.4,111.05,2000,217000.0,2,,2000.0,100.0,new
GREENPANEL, EQ,2026-09-22,168.27,176.54,168.27,170.18,170.4,165.45,857586,147875000.0,18081,,340307.0,39.68,new
GREENPLY, EQ,2026-09-22,290.95,297.7,289.05,296.65,295.6,289.9,295075,86212000.0,4875,,205214.0,69.55,new
GREENPOWER, EQ,2026-09-22,9.09,9.18,8.97,9.0,9.01,9.04,1950021,17656000.0,3675,,1228082.0,62.98,new
GRINDWELL, EQ,2026-09-22,1985.0,2018.0,1933.0,1941.9,1958.0,1966.8,57640,114131000.0,14579,,29046.0,50.39,new
GRINFRA, EQ,2026-09-22,820.2,828.0,793.6,805.15,808.05,824.85,67733,55003000.0,8729,,33502.0,49.46,new
GRMOVER, EQ,2026-09-22,82.43,82.65,80.11,80.59,80.4,82.43,1070563,86813000.0,5628,,258049.0,24.1,new
GROBTEA, EQ,2026-09-22,919.8,919.8,850.0,904.2,913.95,910.0,711,629000.0,107,,506.0,71.17,new
GROWW, EQ,2026-09-22,190.1,190.5,188.1,189.18,189.15,190.59,14342042,2713176000.0,96700,,8102314.0,56.49,new
GROWWCAPM, EQ,2026-09-22,11.14,11.19,11.11,11.16,11.13,11.14,252556,2819000.0,560,,168220.0,66.61,new
GROWWCHEM, EQ,2026-09-22,29.0,29.7,29.0,29.27,29.08,29.33,22198,654000.0,318,,10001.0,45.05,new
GROWWDEFNC, EQ,2026-09-22,94.02,95.32,93.74,94.27,94.5,94.02,116798,11039000.0,1824,,56126.0,48.05,new
GROWWEV, EQ,2026-09-22,31.8,31.92,31.29,31.41,31.3,31.79,243425,7676000.000000001,1682,,159893.0,65.68,new
GROWWGOLD, EQ,2026-09-22,14.8,14.86,14.68,14.75,14.79,14.83,2180086,32189999.999999996,2570,,465953.0,21.37,new
GROWWHOSPI, EQ,2026-09-22,53.16,53.29,52.57,52.85,53.05,53.07,162188,8578000.0,1101,,87591.0,54.01,new
GROWWLIQID, EQ,2026-09-22,110.84,110.85,110.84,110.84,110.85,110.83,320946,35575000.0,146,,182731.0,56.94,new
GROWWLOVOL, EQ,2026-09-22,10.32,10.32,10.04,10.18,10.19,10.14,10850,110000.00000000001,86,,5556.0,51.21,new
GROWWMC150, EQ,2026-09-22,230.67,230.73,226.42,227.56,226.42,230.34,4199,966000.0,31,,3625.0,86.33,new
GROWWMETAL, EQ,2026-09-22,12.6,12.6,12.27,12.36,12.33,12.4,127942,1586000.0,965,,68996.0,53.93,new
GROWWMOM50, EQ,2026-09-22,10.99,11.01,10.83,10.88,10.83,10.94,38960,425000.0,365,,30198.0,77.51,new
GROWWN200, EQ,2026-09-22,11.2,11.2,11.01,11.05,11.13,11.15,44483,492000.0,226,,33615.0,75.57,new
GROWWNET, EQ,2026-09-22,11.05,11.2,10.89,11.11,11.08,11.0,793359,8771000.0,672,,512473.0,64.6,new
GROWWNIFTY, EQ,2026-09-22,9.73,9.73,9.43,9.47,9.45,9.5,583316,5525000.0,4810,,363490.0,62.31,new
GROWWNXT50, EQ,2026-09-22,73.04,73.04,71.23,71.52,71.23,72.32,7901,571000.0,107,,5101.0,64.56,new
GROWWPOWER, EQ,2026-09-22,11.44,11.44,11.12,11.17,11.17,11.22,1157658,13019999.999999998,1763,,671046.0,57.97,new
GROWWPSE, EQ,2026-09-22,98.0,98.0,96.37,96.99,97.3,97.31,1892,183000.0,95,,759.0,40.12,new
GROWWPSUBK, EQ,2026-09-22,83.64,84.58,82.5,82.64,82.5,83.64,5789,480000.0,117,,1127.0,19.47,new
GROWWRAIL, EQ,2026-09-22,27.46,27.46,27.05,27.16,27.24,27.32,278757,7592000.0,2123,,150619.0,54.03,new
GROWWRLTY, EQ,2026-09-22,9.69,9.7,9.36,9.56,9.57,9.55,215291,2070000.0,466,,87735.0,40.75,new
GROWWSC250, EQ,2026-09-22,10.63,10.63,10.51,10.54,10.56,10.56,68472,724000.0,482,,45840.0,66.95,new
GROWWSLVR, EQ,2026-09-22,22.65,22.8,22.39,22.56,22.65,22.76,1392509,31507000.0,3148,,309841.0,22.25,new
GRPLTD, EQ,2026-09-22,1970.7,2003.9,1969.0,2000.0,2002.0,1992.7,1422,2838000.0,211,,1205.0,84.74,new
GRSE, EQ,2026-09-22,2390.2,2459.2,2386.9,2399.7,2394.0,2372.2,584333,1414160000.0,40606,,108986.0,18.65,new
GRWRHITECH, EQ,2026-09-22,6450.0,6502.0,6302.0,6366.5,6332.5,6454.5,48819,311922000.0,12985,,23517.0,48.17,new
GSEC10ABSL, EQ,2026-09-22,112.1,112.1,112.1,112.1,112.1,112.34,10,1000.0,1,,10.0,100.0,new
GSEC10IETF, EQ,2026-09-22,263.57,264.6,261.46,264.6,264.6,264.57,71,19000.0,9,,64.0,90.14,new
GSEC10YEAR, EQ,2026-09-22,30.26,30.37,30.11,30.12,30.12,30.11,450,14000.000000000002,18,,338.0,75.11,new
GSEC5IETF, EQ,2026-09-22,66.15,66.32,65.67,66.09,65.71,65.77,21662,1428000.0,38,,12122.0,55.96,new
GSFC, EQ,2026-09-22,151.36,153.8,151.0,152.19,152.28,150.75,626935,95593000.0,8256,,211741.0,33.77,new
GSLSU, EQ,2026-09-22,30.09,30.91,29.84,30.91,30.91,29.44,112033,3435000.0,494,,90002.0,80.34,new
GSMFOILS, SM,2026-09-22,82.0,84.25,80.0,81.1,81.4,82.0,185500,15119000.0,275,,132500.0,71.43,new
GSPCROP, EQ,2026-09-22,493.8,493.8,482.55,484.9,483.45,490.9,238074,115655000.0,3593,,9925.0,4.17,new
GSS, EQ,2026-09-22,11.17,11.17,10.36,10.54,10.41,10.82,36992,400000.0,379,,26873.0,72.65,new
GSTL, SM,2026-09-22,12.45,12.45,12.45,12.45,12.45,11.9,11000,137000.0,9,,11000.0,100.0,new
GTECJAINX, EQ,2026-09-22,26.39,29.02,26.39,28.43,28.51,26.39,9492,271000.0,106,,5185.0,54.62,new
GTL, EQ,2026-09-22,7.04,7.09,6.81,6.99,7.0,7.04,191858,1340000.0,542,,158225.0,82.47,new
GTLINFRA, EQ,2026-09-22,1.13,1.14,1.11,1.12,1.13,1.13,30228187,33939000.0,10817,,12275069.0,40.61,new
GTPL, EQ,2026-09-22,55.88,55.88,54.6,55.06,54.61,55.06,23773,1314000.0,712,,14361.0,60.41,new
GUFICBIO, EQ,2026-09-22,440.4,449.0,434.55,442.15,442.1,435.65,61868,27395999.999999996,2514,,41422.0,66.95,new
GUJALKALI, EQ,2026-09-22,628.0,635.95,617.05,626.55,622.15,629.5,78981,49340000.0,3741,,33275.0,42.13,new
GUJAPOLLO, EQ,2026-09-22,346.9,349.0,336.1,337.4,337.5,344.2,7101,2437000.0,296,,4937.0,69.53,new
GUJENERGY, EQ,2026-09-22,239.89,239.89,229.5,230.4,229.77,238.52,2054302,477291000.0,46337,,1222374.0,59.5,new
GUJRAFFIA, EQ,2026-09-22,40.01,40.98,39.05,39.21,39.83,40.33,1636,65000.0,39,,1243.0,75.98,new
GUJTHEM, EQ,2026-09-22,414.95,416.95,408.0,411.65,413.0,413.7,245616,101260000.0,11051,,138299.0,56.31,new
GULFOILLUB, EQ,2026-09-22,1058.6,1065.3,1046.0,1050.9,1052.5,1058.4,23913,25143000.0,3210,,13123.0,54.88,new
GULFPETRO, BE,2026-09-22,62.75,64.1,60.0,63.45,64.0,61.66,116083,7234999.999999999,334,,,,new
GULPOLY, EQ,2026-09-22,169.52,173.99,169.52,173.1,173.2,169.52,131794,22724000.0,3245,,73607.0,55.85,new
GURUNANAK, SM,2026-09-22,36.0,38.0,35.1,38.0,38.0,36.9,16000,584000.0,9,,11200.0,70.0,new
GVKPIL, BE,2026-09-22,2.49,2.49,2.49,2.49,2.49,2.45,370675,923000.0,298,,,,new
GVPIL, EQ,2026-09-22,698.0,711.9,670.1,673.1,674.75,688.9,312168,215846000.0,14326,,145820.0,46.71,new
GVPTECH, BE,2026-09-22,7.2,7.41,7.2,7.39,7.41,7.26,34739,256000.0,219,,,,new
GVT&D, EQ,2026-09-22,4420.0,4513.5,4348.0,4348.0,4348.0,4366.1,545018,2413841000.0,58110,,190261.0,34.91,new
GYFTR, EQ,2026-09-22,171.58,171.58,167.0,168.5,167.26,169.95,33108,5606000.0,525,,26086.0,78.79,new
HAL, EQ,2026-09-22,4834.8,4879.5,4776.2,4800.0,4800.0,4826.0,548249,2636696000.0,42184,,247140.0,45.08,new
HALDER, EQ,2026-09-22,296.9,296.9,273.7,277.3,274.2,283.5,26279,7491000.0,149,,5856.0,22.28,new
HALDYNGL, BE,2026-09-22,141.35,145.85,141.35,143.05,144.89,142.78,32133,4624000.0,180,,,,new
HALEOSLABS, EQ,2026-09-22,1485.0,1539.4,1485.0,1500.0,1500.0,1487.6,339,509000.0,47,,263.0,77.58,new
HAMPTON, EQ,2026-09-22,8.22,8.22,7.9,8.17,8.18,8.04,8908,72000.0,74,,8024.0,90.08,new
HAPPSTMNDS, EQ,2026-09-22,319.0,320.15,311.6,313.4,313.8,317.8,879998,277561000.0,20690,,359885.0,40.9,new
HAPPY, SM,2026-09-22,77.9,77.9,68.65,74.75,74.5,76.2,148000,10954000.0,47,,98000.0,66.22,new
HAPPYFORGE, EQ,2026-09-22,2109.1,2124.4,2076.1,2108.5,2105.0,2109.1,99354,209154000.0,18645,,62404.0,62.81,new
HARDWYN, EQ,2026-09-22,9.2,9.24,9.03,9.09,9.06,9.15,289352,2648000.0,593,,158080.0,54.63,new
HARIOMPIPE, EQ,2026-09-22,363.8,374.0,358.5,361.85,358.5,358.85,127395,46464000.0,5053,,52072.0,40.87,new
HARRMALAYA, EQ,2026-09-22,181.87,181.87,176.1,176.66,176.1,178.18,4078,726000.0,259,,3009.0,73.79,new
HARSHA, EQ,2026-09-22,472.55,475.0,461.35,465.1,464.1,467.9,187169,87589000.0,7638,,81435.0,43.51,new
HATHWAY, EQ,2026-09-22,9.95,10.08,9.95,9.99,10.02,9.97,1017873,10193000.0,1584,,455744.0,44.77,new
HATSUN, EQ,2026-09-22,1130.0,1180.9,1128.0,1168.0,1167.0,1130.7,47379,54784000.0,7031,,18936.0,39.97,new
HAVELLS, EQ,2026-09-22,1103.6,1109.4,1086.0,1088.9,1088.9,1103.1,252772,277418000.0,16656,,127769.0,50.55,new
HAVISHA, EQ,2026-09-22,1.34,1.37,1.31,1.36,1.37,1.34,33997,46000.0,62,,28184.0,82.9,new
HAWKINCOOK, EQ,2026-09-22,8200.0,8259.5,7951.0,8009.5,7980.0,8166.0,4227,33966000.0,1468,,2649.0,62.67,new
HAZOOR, EQ,2026-09-22,19.0,19.94,18.81,19.11,19.19,19.11,430931,8343000.000000001,1237,,109362.0,25.38,new
HBESD, EQ,2026-09-22,71.51,74.9,66.5,70.52,70.54,73.0,720,50000.0,69,,511.0,70.97,new
HBLENGINE, EQ,2026-09-22,751.0,778.0,746.0,767.15,765.1,749.85,1613557,1240061000.0,48385,,653768.0,40.52,new
HBPOR, EQ,2026-09-22,61.5,62.1,55.01,61.99,61.99,61.79,204,12000.0,14,,202.0,99.02,new
HBSL, EQ,2026-09-22,53.0,54.5,53.0,54.45,54.5,53.25,6255,335000.0,43,,5922.0,94.68,new
HCC, EQ,2026-09-22,21.84,22.31,21.61,21.67,21.7,21.83,14710707,322602000.0,24150,,3918889.0,26.64,new
HCG, EQ,2026-09-22,701.35,715.7,696.85,713.1,714.3,701.35,99348,70595000.0,6935,,60011.0,60.4,new
HCL-INSYS, EQ,2026-09-22,10.69,11.24,10.69,10.79,10.76,10.7,531935,5828000.0,1514,,295441.0,55.54,new
HCLTECH, EQ,2026-09-22,1280.0,1286.1,1240.3,1270.4,1270.4,1281.0,2680986,3389137999.9999995,81922,,914584.0,34.11,new
HDBFS, EQ,2026-09-22,680.95,684.1,672.75,674.55,675.95,680.95,153222,103730000.0,10105,,84068.0,54.87,new
HDFCAMC, EQ,2026-09-22,2438.2,2451.8,2414.1,2430.0,2430.0,2440.0,481994,1171443000.0,39910,,305960.0,63.48,new
HDFCBANK, EQ,2026-09-22,738.85,749.3,738.6,738.6,738.6,739.5,35483669,26418790999.999996,307695,,24362291.0,68.66,new
HDFCBSE500, EQ,2026-09-22,37.08,37.09,36.63,36.79,36.8,36.93,1159363,42638000.0,229,,1131413.0,97.59,new
HDFCGOLD, EQ,2026-09-22,129.53,129.92,128.47,129.26,129.58,129.83,3410806,440595000.0,7923,,1697482.0,49.77,new
HDFCGROWTH, EQ,2026-09-22,114.81,114.82,114.01,114.34,114.53,114.73,14004,1601000.0000000002,120,,7382.0,52.71,new
HDFCLIFE, EQ,2026-09-22,560.55,567.4,559.05,559.2,559.2,559.4,1788405,1007304000.0000001,47912,,829455.0,46.38,new
HDFCLIQUID, EQ,2026-09-22,1078.9,1078.92,1078.9,1078.92,1078.92,1078.77,27281,29433999.999999996,41,,26286.0,96.35,new
HDFCLOWVOL, EQ,2026-09-22,20.29,20.29,19.91,19.96,20.02,20.04,3253,65000.0,63,,1416.0,43.53,new
HDFCMID150, EQ,2026-09-22,23.25,23.25,23.05,23.16,23.19,23.11,498977,11556000.0,1119,,175874.0,35.25,new
HDFCMOMENT, EQ,2026-09-22,30.79,30.83,30.5,30.69,30.74,30.64,198472,6093000.0,488,,126600.0,63.79,new
HDFCNEXT50, EQ,2026-09-22,73.99,74.07,73.54,73.66,73.85,73.84,99490,7343000.000000001,379,,22685.0,22.8,new
HDFCNIF100, EQ,2026-09-22,25.53,25.53,25.21,25.31,25.48,25.41,66513,1685000.0000000002,244,,54498.0,81.94,new
HDFCNIFBAN, EQ,2026-09-22,58.4,58.4,57.84,58.03,58.09,58.17,45977,2671000.0,319,,38676.0,84.12,new
HDFCNIFIT, EQ,2026-09-22,31.55,31.55,30.35,30.49,30.58,30.93,1173850,35824000.0,754,,803440.0,68.44,new
HDFCNIFTY, EQ,2026-09-22,271.4,271.4,263.1,263.97,263.3,264.79,131748,34775000.0,864,,110479.0,83.86,new
HDFCNIMEG, EQ,2026-09-22,130.17,130.46,129.12,129.68,129.12,129.91,2207,286000.0,63,,1374.0,62.26,new
HDFCPSUBK, EQ,2026-09-22,84.28,84.29,83.19,83.44,83.8,84.02,15620,1306000.0,197,,7114.0,45.54,new
HDFCPVTBAN, EQ,2026-09-22,27.87,28.06,27.82,27.88,28.04,27.87,46295,1292000.0,549,,34104.0,73.67,new
HDFCQUAL, EQ,2026-09-22,55.82,57.1,55.82,56.82,56.99,57.26,15973,908000.0,222,,8792.0,55.04,new
HDFCSENSEX, EQ,2026-09-22,87.17,87.17,84.51,84.8,84.51,85.05,33409,2837000.0,554,,17451.0,52.23,new
HDFCSILVER, EQ,2026-09-22,222.05,222.22,218.18,220.07,220.8,222.04,3187602,701885000.0,13042,,834288.0,26.17,new
HDFCSML250, EQ,2026-09-22,183.0,186.43,182.2,183.98,184.45,184.23,981864,181046000.0,13489,,667289.0,67.96,new
HDFCVALUE, EQ,2026-09-22,122.4,122.5,121.14,121.26,122.37,122.33,8667,1057000.0,119,,7469.0,86.18,new
HDIL, BZ,2026-09-22,1.46,1.48,1.45,1.45,1.47,1.47,78369,113999.99999999999,154,,,,new
HEADSUP, EQ,2026-09-22,6.89,6.91,6.66,6.77,6.67,6.91,3446,23000.0,117,,3290.0,95.47,new
HEALTHADD, EQ,2026-09-22,17.07,17.32,16.88,16.9,16.88,16.99,9214,156000.0,85,,4740.0,51.44,new
HEALTHAXIS, EQ,2026-09-22,171.35,171.35,170.1,171.22,171.22,171.79,639,109000.00000000001,54,,417.0,65.26,new
HEALTHCARE, EQ,2026-09-22,22.5,22.5,21.83,21.9,21.87,22.06,38218,840000.0,260,,30191.0,79.0,new
HEALTHIETF, EQ,2026-09-22,173.01,173.8,171.0,171.77,171.0,172.96,125259,21567000.0,4609,,75342.0,60.15,new
HEALTHX, EQ,2026-09-22,297.0,303.0,287.0,289.4,288.3,297.0,8261,2419000.0,177,,7039.0,85.21,new
HEALTHY, EQ,2026-09-22,17.33,17.45,17.2,17.24,17.28,17.33,412294,7119000.0,897,,337690.0,81.91,new
HECPROJECT, EQ,2026-09-22,117.26,118.95,114.1,115.68,115.3,118.1,11252,1306000.0,253,,9036.0,80.31,new
HEGAM, EQ,2026-09-22,247.0,248.0,229.5,232.9,231.4,248.5,1096045,261773000.0,18499,,740627.0,67.57,new
HEIDELBERG, EQ,2026-09-22,141.7,142.98,140.44,141.13,141.89,141.67,69280,9811000.0,1615,,40397.0,58.31,new
HEMIPROP, EQ,2026-09-22,120.02,121.54,118.55,119.16,119.99,120.02,326039,39058000.0,3350,,223038.0,68.41,new
HERANBA, EQ,2026-09-22,169.75,169.85,165.0,166.47,165.72,167.08,19818,3303000.0,856,,10172.0,51.33,new
HERITGFOOD, EQ,2026-09-22,422.4,426.2,412.8,414.7,412.8,421.5,234231,98100000.0,8354,,99648.0,42.54,new
HEROMOTOCO, EQ,2026-09-22,5424.0,5443.0,5368.0,5373.0,5373.0,5419.0,542248,2926676000.0,69793,,336853.0,62.12,new
HESTERBIO, EQ,2026-09-22,2184.8,2235.9,2166.1,2178.7,2181.0,2188.8,1267,2787000.0,309,,855.0,67.48,new
HEXAGON, BE,2026-09-22,65.35,67.0,64.55,65.07,65.45,66.36,203283,13361000.000000002,921,,,,new
HEXATRADEX, EQ,2026-09-22,160.9,160.9,157.1,158.81,159.0,159.84,601,95000.0,33,,426.0,70.88,new
HEXT, EQ,2026-09-22,513.1,515.6,503.0,504.2,504.8,515.25,274878,140273000.0,7091,,206922.0,75.28,new
HFCL, BE,2026-09-22,218.1,224.81,218.1,221.06,223.0,214.31,6521319,1452724000.0,49915,,,,new
HGINFRA, EQ,2026-09-22,442.65,452.4,440.05,444.45,445.0,442.65,70448,31362000.0,4418,,28965.0,41.12,new
HGM, EQ,2026-09-22,47.5,48.5,40.0,42.66,42.0,46.46,66926,2850000.0,981,,42341.0,63.27,new
HGS, EQ,2026-09-22,376.1,386.15,376.1,379.65,379.9,377.8,11133,4223000.0,554,,5980.0,53.71,new
HIGREEN, SM,2026-09-22,109.3,112.0,107.0,108.9,108.9,107.35,23200,2536000.0,29,,16000.0,68.97,new
HIKAL, EQ,2026-09-22,229.5,234.0,225.2,227.0,227.0,229.15,736129,169074000.0,17133,,186262.0,25.3,new
HILINFRA, EQ,2026-09-22,44.3,44.3,43.02,43.26,43.87,43.37,33250,1450000.0,584,,21466.0,64.56,new
HILTON, EQ,2026-09-22,17.0,17.0,16.46,16.59,16.61,16.44,157941,2638000.0,554,,102058.0,64.62,new
HIMATSEIDE, EQ,2026-09-22,63.25,64.0,61.09,63.21,63.8,62.76,1370385,85350000.0,8213,,763389.0,55.71,new
HINDADH, EQ,2026-09-22,391.9,391.9,375.25,384.45,388.0,383.9,2862,1097000.0,105,,2629.0,91.86,new
HINDALCO, EQ,2026-09-22,987.0,987.5,967.1,973.0,973.0,981.2,3336085,3246197000.0,71483,,2195051.0,65.8,new
HINDALUMI, EQ,2026-09-22,94.0,96.5,91.25,94.08,94.28,93.26,1945,183000.0,211,,1249.0,64.22,new
HINDCOMPOS, EQ,2026-09-22,380.5,383.75,371.5,376.55,375.2,379.25,2234,844999.9999999999,200,,1352.0,60.52,new
HINDCON, EQ,2026-09-22,24.37,25.5,24.37,24.73,24.52,24.44,59407,1482000.0,323,,38033.0,64.02,new
HINDCOPPER, EQ,2026-09-22,510.05,521.7,507.1,508.2,508.5,503.95,7778716,4001900000.0,94009,,2201350.0,28.3,new
HINDOILEXP, EQ,2026-09-22,176.5,177.48,174.0,174.83,174.1,176.63,370465,64998000.0,6139,,183029.0,49.41,new
HINDPETRO, EQ,2026-09-22,359.2,365.2,354.7,360.7,360.7,357.6,5830757,2102654000.0,42113,,2947469.0,50.55,new
HINDUNILVR, EQ,2026-09-22,1952.0,1956.8,1933.8,1933.8,1933.8,1947.0,1023040,1985620000.0,39331,,587156.0,57.39,new
HINDWAREAP, EQ,2026-09-22,175.0,178.69,174.0,174.77,175.2,176.57,41766,7359000.0,1634,,25456.0,60.95,new
HINDZINC, EQ,2026-09-22,591.8,599.95,590.15,590.5,590.5,591.8,3894528,2312621000.0,54375,,2151793.0,55.25,new
HIRECT, EQ,2026-09-22,1249.9,1295.9,1235.0,1242.2,1240.1,1241.2,51959,66035000.0,5150,,20909.0,40.24,new
HISARMETAL, EQ,2026-09-22,158.0,162.69,155.35,156.05,155.35,159.02,1158,182000.0,63,,616.0,53.2,new
HITECH, EQ,2026-09-22,74.96,75.85,74.0,74.62,74.55,74.96,499235,37204000.0,4663,,335553.0,67.21,new
HITECHCORP, BE,2026-09-22,328.0,333.0,327.4,329.75,331.0,325.2,10653,3509000.0000000005,72,,,,new
HITECHGEAR, BE,2026-09-22,531.05,546.0,531.05,534.25,535.0,540.05,901,483000.0,26,,,,new
HLEGLAS, EQ,2026-09-22,479.9,483.4,445.75,445.75,445.75,469.2,431598,198946000.0,11079,,212139.0,49.15,new
HLVLTD, EQ,2026-09-22,6.7,6.74,6.29,6.4,6.41,6.73,546868,3521000.0,1682,,363808.0,66.53,new
HMAAGRO, EQ,2026-09-22,24.41,24.41,23.36,23.72,23.85,23.95,2088829,49578000.0,5947,,1064915.0,50.98,new
HMT, BZ,2026-09-22,63.9,65.5,63.13,64.35,64.5,64.1,6857,443000.0,82,,,,new
HMVL, BE,2026-09-22,82.67,83.5,80.8,82.21,82.89,82.67,7506,617000.0,70,,,,new
HNDFDS, EQ,2026-09-22,617.75,625.9,613.05,622.15,622.0,617.75,41151,25505000.0,4973,,25185.0,61.2,new
HNGSNGBEES, EQ,2026-09-22,465.4,466.98,462.16,462.58,462.99,463.13,46908,21761000.0,2698,,28934.0,61.68,new
HOACFOODS, ST,2026-09-22,809.15,809.15,809.15,809.15,809.15,825.65,3000,2427000.0,7,,3000.0,100.0,new
HOLMARC, SM,2026-09-22,115.5,120.8,115.5,120.0,120.0,115.5,6750,802999.9999999999,8,,5250.0,77.78,new
HOMEFIRST, EQ,2026-09-22,1255.0,1255.0,1190.0,1212.5,1216.0,1257.7,308917,374697000.0,17436,,158859.0,51.42,new
HONASA, EQ,2026-09-22,474.0,476.6,472.0,473.65,473.7,473.6,463681,220134000.0,16587,,227097.0,48.98,new
HONAUT, EQ,2026-09-22,34685.0,34890.0,33950.0,34025.0,33950.0,34685.0,2713,93269000.0,2052,,1597.0,58.86,new
HONDAPOWER, EQ,2026-09-22,1920.6,1938.0,1910.0,1916.5,1915.0,1920.6,1669,3207000.0,380,,953.0,57.1,new
HORIZONIND, EQ,2026-09-22,52.74,53.5,52.02,52.76,52.87,52.74,4274349,225296999.99999997,23017,,2523151.0,59.03,new
HPAL, EQ,2026-09-22,36.65,36.65,35.26,35.39,35.26,35.93,27400,974000.0,325,,20409.0,74.49,new
HPIL, EQ,2026-09-22,120.0,120.01,115.01,118.71,116.3,119.1,397,47000.0,35,,200.0,50.38,new
HPL, EQ,2026-09-22,283.3,291.45,278.2,279.85,280.0,283.15,102152,28977000.0,3720,,49686.0,48.64,new
HPTL, SM,2026-09-22,444.3,446.0,444.3,446.0,446.0,424.85,3600,1605000.0,6,,3600.0,100.0,new
HRHNEXT, SM,2026-09-22,24.0,24.0,24.0,24.0,24.0,25.25,9000,216000.0,6,,9000.0,100.0,new
HRYNSHP, EQ,2026-09-22,92.01,100.95,92.01,99.85,99.85,99.99,332,33000.0,24,,319.0,96.08,new
HSBCGOLD, EQ,2026-09-22,131.74,133.0,130.51,131.14,131.98,131.63,4741,624000.0,55,,4155.0,87.64,new
HSCL, EQ,2026-09-22,676.35,678.7,668.05,669.45,669.0,676.45,2081157,1400796000.0,26443,,967504.0,46.49,new
HTEL, EQ,2026-09-22,73.39,74.48,70.15,70.96,71.5,72.52,1699824,122731000.0,19087,,819255.0,48.2,new
HTMEDIA, EQ,2026-09-22,24.05,24.75,23.77,24.45,24.51,24.04,77379,1880999.9999999998,273,,66678.0,86.17,new
HUBTOWN, EQ,2026-09-22,175.73,179.25,175.06,175.61,175.39,175.73,225987,40004000.0,2682,,142257.0,62.95,new
HUDCO, EQ,2026-09-22,173.5,174.49,171.99,172.4,172.24,173.23,970859,167786000.0,15257,,541776.0,55.8,new
HUHTAMAKI, EQ,2026-09-22,243.95,249.05,242.0,246.55,246.75,243.75,92529,22815000.0,5160,,49731.0,53.75,new
HVAX, SM,2026-09-22,665.0,692.2,665.0,692.2,692.2,659.25,600,411000.00000000006,4,,600.0,100.0,new
HYBRIDETF, EQ,2026-09-22,10.02,10.02,9.92,9.98,9.98,9.98,3286,33000.0,45,,3193.0,97.17,new
HYBRIDFIN, BE,2026-09-22,16.6,16.79,16.42,16.69,16.7,16.6,3787,63000.0,16,,,,new
HYUNDAI, EQ,2026-09-22,2145.0,2152.8,2097.6,2101.0,2101.0,2144.0,462118,979768000.0,30984,,201703.0,43.65,new
IBLFL, SM,2026-09-22,61.0,61.0,61.0,61.0,61.0,61.0,4000,244000.0,2,,4000.0,100.0,new
IBULLSLTD, EQ,2026-09-22,29.0,29.9,28.66,29.51,29.44,29.09,7641378,224626000.00000003,15929,,4011588.0,52.5,new
ICDSLTD, BE,2026-09-22,61.85,61.9,59.0,61.9,61.9,58.96,9062,553000.0,57,,,,new
ICELCO, SM,2026-09-22,126.9,126.9,125.0,125.1,125.1,124.95,55200,6920999.999999999,38,,52800.0,95.65,new
ICEMAKE, EQ,2026-09-22,693.0,709.0,689.9,702.1,700.0,693.7,14608,10214000.0,1196,,8899.0,60.92,new
ICICIAMC, EQ,2026-09-22,3207.0,3216.1,3141.0,3151.2,3151.9,3207.8,335076,1062110000.0,21096,,196477.0,58.64,new
ICICIB22, EQ,2026-09-22,109.84,113.61,109.84,112.46,112.7,112.66,267853,30155000.0,1876,,226625.0,84.61,new
ICICIBANK, EQ,2026-09-22,1343.0,1347.2,1333.8,1339.6,1339.6,1345.0,6433249,8623052000.0,168586,,3196333.0,49.68,new
ICICIGI, EQ,2026-09-22,1511.0,1513.8,1480.0,1480.0,1480.0,1509.1,690497,1033487999.9999999,25490,,441110.0,63.88,new
ICICIPRULI, EQ,2026-09-22,495.9,497.9,486.05,486.65,486.65,493.0,517509,254285000.0,18019,,228505.0,44.15,new
ICIL, EQ,2026-09-22,436.25,453.15,436.25,448.9,447.5,436.15,400281,179080000.0,17936,,170336.0,42.55,new
ICRA, EQ,2026-09-22,4558.0,4607.9,4552.0,4579.8,4552.0,4545.7,64757,296634000.0,3370,,56298.0,86.94,new
IDBI, EQ,2026-09-22,83.25,84.0,82.7,82.88,82.99,83.06,4998773,416002000.00000006,24262,,2015596.0,40.32,new
IDEA, EQ,2026-09-22,13.89,14.36,13.71,14.27,14.27,13.84,527812273,7452636000.0,835162,,141090480.0,26.73,new
IDEAFORGE, EQ,2026-09-22,765.0,775.95,727.75,741.4,738.3,766.05,216245,163018000.0,12156,,141018.0,65.21,new
IDEALTECHO, SM,2026-09-22,110.0,110.0,96.0,96.0,96.0,95.0,8000,815000.0,8,,4000.0,50.0,new
IDENTICAL, SM,2026-09-22,17.95,17.95,17.95,17.95,17.95,17.3,2000,36000.0,1,,2000.0,100.0,new
IDFCFIRSTB, EQ,2026-09-22,85.64,86.1,84.9,85.37,85.37,85.8,7198920,614236000.0,58529,,3905611.0,54.25,new
IDFNIFTYET, EQ,2026-09-22,259.85,259.97,257.59,259.13,259.13,259.6,791,204999.99999999997,30,,761.0,96.21,new
IEML, ST,2026-09-22,41.0,44.15,40.5,44.15,44.15,42.05,101000,4447000.0,81,,98500.0,97.52,new
IEX, EQ,2026-09-22,113.82,114.12,112.12,112.9,112.9,113.82,4454976,502301000.0,31977,,2494950.0,56.0,new
IFBAGRO, EQ,2026-09-22,874.05,880.0,860.0,865.7,864.0,870.0,1783,1556000.0,214,,1293.0,72.52,new
IFBIND, EQ,2026-09-22,1220.0,1238.0,1210.5,1213.1,1215.0,1222.3,16131,19749000.0,1654,,9937.0,61.6,new
IFCI, EQ,2026-09-22,74.45,77.08,73.91,75.94,75.8,74.25,67877909,5145471000.0,152520,,7957555.0,11.72,new
IFGLEXPOR, EQ,2026-09-22,197.15,200.0,193.2,194.65,195.45,197.9,38262,7531999.999999999,1082,,19377.0,50.64,new
IGARASHI, EQ,2026-09-22,426.0,432.15,421.2,424.0,426.85,424.25,43387,18503000.0,2061,,18994.0,43.78,new
IGCL, EQ,2026-09-22,65.0,67.08,64.11,64.85,64.62,65.55,102898,6759000.0,1969,,56740.0,55.14,new
IGIL, EQ,2026-09-22,324.0,332.25,323.2,326.95,326.95,323.8,1036006,339724000.0,25145,,549846.0,53.07,new
IGL, EQ,2026-09-22,148.71,148.99,145.5,146.68,146.85,148.85,2535771,371884000.0,38359,,1403653.0,55.35,new
IGPL, EQ,2026-09-22,585.0,585.0,558.7,563.4,564.0,576.75,65381,37154000.0,2425,,40651.0,62.18,new
IIFL, EQ,2026-09-22,608.0,620.0,604.0,617.55,616.75,608.1,1734500,1066720000.0000001,48279,,878378.0,50.64,new
IIFLCAPS, EQ,2026-09-22,344.5,345.9,342.0,345.05,345.9,344.4,284144,97785000.0,5496,,166674.0,58.66,new
IITL, EQ,2026-09-22,142.78,163.0,140.16,143.4,142.7,143.02,93108,13354000.0,855,,10410.0,11.18,new
IKIO, EQ,2026-09-22,213.68,216.8,203.83,205.98,205.99,211.68,266100,55271000.0,5678,,103921.0,39.05,new
IKS, EQ,2026-09-22,1771.7,1886.0,1771.3,1869.2,1880.0,1782.8,486580,900634000.0,31383,,226085.0,46.46,new
IL&FSENGG, BZ,2026-09-22,43.8,43.8,41.01,42.41,43.05,42.08,38786,1648999.9999999998,100,,,,new
IL&FSTRANS, BZ,2026-09-22,1.95,2.0,1.86,1.86,1.86,1.95,108343,206000.0,105,,,,new
IMAGICAA, EQ,2026-09-22,53.05,54.1,52.03,52.4,52.2,52.87,462703,24578000.0,2723,,211973.0,45.81,new
IMFA, EQ,2026-09-22,1240.0,1270.0,1238.0,1252.8,1251.0,1238.0,76934,96629000.0,6552,,33653.0,43.74,new
IMPAL, EQ,2026-09-22,1084.0,1129.0,1071.0,1075.0,1071.0,1077.2,1353,1466000.0,191,,890.0,65.78,new
IMPEXFERRO, BZ,2026-09-22,5.75,5.8,5.75,5.8,5.8,5.69,23462,136000.0,38,,,,new
INA, EQ,2026-09-22,91.05,95.9,91.05,92.56,93.02,90.72,755835,70866000.0,5665,,364094.0,48.17,new
INCREDIBLE, EQ,2026-09-22,33.01,33.01,32.32,32.51,32.51,33.11,786,26000.0,23,,779.0,99.11,new
INDBANK, EQ,2026-09-22,25.7,25.95,25.5,25.65,25.66,25.47,14492,372000.0,175,,11590.0,79.98,new
INDGN, EQ,2026-09-22,596.0,600.35,588.0,592.1,593.05,595.95,192223,114200000.0,10119,,89534.0,46.58,new
INDHOTEL, EQ,2026-09-22,749.4,749.4,735.75,736.25,736.25,745.0,1255870,930877000.0,38782,,609609.0,48.54,new
INDIACEM, EQ,2026-09-22,348.6,348.6,339.6,340.65,340.8,345.0,97438,33443000.0,5734,,43740.0,44.89,new
INDIAGLYCO, EQ,2026-09-22,257.8,258.5,252.0,253.6,255.8,255.8,284894,72432000.0,6084,,148007.0,51.95,new
INDIAMART, EQ,2026-09-22,1635.0,1645.0,1630.0,1635.2,1633.0,1631.4,39293,64215000.0,6534,,21397.0,54.45,new
INDIANB, EQ,2026-09-22,844.95,850.8,835.5,840.8,840.8,841.0,498899,419322999.99999994,35893,,254098.0,50.93,new
INDIANCARD, EQ,2026-09-22,207.11,213.0,207.08,212.95,212.95,206.05,641,136000.0,28,,623.0,97.19,new
INDIANHUME, EQ,2026-09-22,364.0,377.0,359.0,367.9,367.1,362.95,61624,22683000.0,2983,,28909.0,46.91,new
INDIASHLTR, EQ,2026-09-22,680.0,681.15,660.7,662.15,664.3,674.6,48202,32043000.0,2910,,25550.0,53.01,new
INDIGO, EQ,2026-09-22,5000.0,5064.0,4943.0,5030.0,5030.0,4941.0,873833,4365424000.0,50865,,490119.0,56.09,new
INDIGOPNTS, EQ,2026-09-22,1131.0,1149.9,1117.0,1142.0,1145.7,1130.5,48417,55205999.99999999,7094,,23561.0,48.66,new
INDIGRID, IV,2026-09-22,173.6,173.75,171.6,172.82,172.99,173.49,1203841,207651000.00000003,9776,,1028034.0,85.4,new
INDIQUBE, EQ,2026-09-22,190.81,192.29,183.85,187.96,188.99,188.34,67403,12601000.0,2075,,39846.0,59.12,new
INDNIPPON, EQ,2026-09-22,1254.0,1276.0,1226.8,1237.0,1241.5,1238.6,38127,47504000.0,4238,,15221.0,39.92,new
INDOAMIN, BE,2026-09-22,135.8,138.65,132.87,134.8,135.0,132.87,96970,13238000.0,810,,,,new
INDOBORAX, EQ,2026-09-22,467.0,473.95,461.0,463.55,465.05,463.85,32044,14922999.999999998,2380,,16820.0,52.49,new
INDOCO, EQ,2026-09-22,259.25,262.99,253.1,254.51,253.5,257.59,149543,38619000.0,4282,,69503.0,46.48,new
INDOFARM, EQ,2026-09-22,142.0,144.29,139.0,139.9,140.99,143.36,84078,11884000.0,1807,,40979.0,48.74,new
INDOKEM, EQ,2026-09-22,625.0,640.0,601.65,607.2,621.0,614.6,3087,1889000.0,332,,1865.0,60.41,new
INDOMIM, EQ,2026-09-22,1155.0,1248.0,1146.65,1233.3,1235.35,1161.45,8175941,9903042000.0,316396,,1939035.0,23.72,new
INDORAMA, EQ,2026-09-22,106.18,112.3,102.26,103.57,104.0,106.55,4610713,494760000.00000006,48143,,1223841.0,26.54,new
INDOSTAR, EQ,2026-09-22,234.55,237.37,230.0,231.58,230.5,235.45,35719,8293000.000000001,1149,,24773.0,69.36,new
INDOTECH, EQ,2026-09-22,3313.5,3359.9,3249.1,3279.0,3300.0,3313.5,11936,39273000.0,2869,,7086.0,59.37,new
INDOTHAI, EQ,2026-09-22,34.0,34.79,32.38,32.38,32.38,34.08,1578498,51954999.99999999,4435,,1108234.0,70.21,new
INDOUS, EQ,2026-09-22,79.7,79.7,78.0,78.99,79.0,78.5,4002,314000.0,41,,2400.0,59.97,new
INDOWIND, EQ,2026-09-22,9.06,9.14,8.85,9.0,9.03,8.92,84149,758000.0,439,,41814.0,49.69,new
INDPRUD, EQ,2026-09-22,6273.0,6273.0,6271.0,6273.0,6273.0,6295.5,21,132000.0,6,,21.0,100.0,new
INDRAMEDCO, EQ,2026-09-22,369.5,369.65,357.0,360.95,358.75,365.95,148051,54033000.00000001,5566,,82154.0,55.49,new
INDSWFTLAB, EQ,2026-09-22,388.0,417.0,386.2,405.55,405.0,379.4,2018474,816351000.0,42027,,627537.0,31.09,new
INDTERRAIN, EQ,2026-09-22,29.02,29.52,28.63,29.2,29.3,29.02,13764,399000.0,304,,7925.0,57.58,new
INDUSINDBK, EQ,2026-09-22,959.0,963.5,949.3,955.0,955.0,956.0,971946,929046999.9999999,36189,,587699.0,60.47,new
INDUSINVIT, IV,2026-09-22,133.79,134.1,132.25,133.97,133.8,133.79,176634,23564000.0,7725,,141487.0,80.1,new
INDUSTOWER, EQ,2026-09-22,377.65,382.1,373.65,382.1,382.1,377.65,3537704,1337817000.0,35947,,1968278.0,55.64,new
INFINIUM, SM,2026-09-22,278.95,278.95,262.2,262.2,262.2,274.5,1500,408000.0,3,,1000.0,66.67,new
INFLUX, SM,2026-09-22,275.0,280.4,275.0,275.45,277.75,276.05,18600,5130000.0,22,,14400.0,77.42,new
INFOBEAN, EQ,2026-09-22,153.88,153.88,150.45,151.05,151.9,152.45,115367,17497000.0,1952,,63087.0,54.68,new
INFOLLION, SM,2026-09-22,157.8,158.0,151.05,152.5,152.5,153.5,8000,1239000.0,14,,4800.0,60.0,new
INFOMEDIA, EQ,2026-09-22,5.65,5.65,5.16,5.34,5.23,5.48,10392,55000.00000000001,154,,8343.0,80.28,new
INFRA, EQ,2026-09-22,11.92,11.92,11.78,11.78,11.81,11.85,12256,145000.0,167,,7595.0,61.97,new
INFRABEES, EQ,2026-09-22,940.97,944.47,929.88,931.64,929.88,936.29,7995,7473999.999999999,531,,3871.0,48.42,new
INFRAIETF, EQ,2026-09-22,93.4,93.78,92.65,93.09,93.48,93.16,67131,6249000.0,7544,,41953.0,62.49,new
INFY, EQ,2026-09-22,1037.7,1041.0,1019.2,1029.4,1029.4,1038.5,9341109,9596077000.0,167463,,5187113.0,55.53,new
INGERRAND, EQ,2026-09-22,4210.0,4249.0,4140.0,4146.7,4140.1,4206.4,14361,59937000.0,3187,,8702.0,60.59,new
INNOMET, ST,2026-09-22,291.9,292.35,291.0,292.35,292.35,286.65,30600,8936000.0,38,,26400.0,86.27,new
INNOVACAP, EQ,2026-09-22,1207.6,1237.9,1204.2,1226.7,1233.0,1198.3,56049,68561000.0,7889,,27466.0,49.0,new
INNOVANA, EQ,2026-09-22,307.0,307.9,291.05,295.3,294.5,304.5,44589,13263000.0,1043,,20252.0,45.42,new
INNOVISION, EQ,2026-09-22,253.6,255.95,250.85,254.45,254.0,253.3,5564,1416000.0,363,,3784.0,68.01,new
INOXGREEN, EQ,2026-09-22,172.34,175.9,169.26,171.41,173.5,172.34,1945949,335033000.0,19065,,885996.0,45.53,new
INOXINDIA, EQ,2026-09-22,2130.7,2175.5,2097.7,2133.7,2155.0,2089.2,376256,806099000.0,45806,,159834.0,42.48,new
INOXWIND, EQ,2026-09-22,78.03,78.89,77.4,77.9,77.9,77.5,10089416,789335000.0,29487,,5177207.0,51.31,new
INSECTICID, EQ,2026-09-22,598.95,616.85,596.5,611.6,616.8,598.95,37873,23071000.0,9225,,20253.0,53.48,new
INSPIRISYS, EQ,2026-09-22,89.79,89.79,87.0,88.99,89.0,87.15,1156,102000.0,33,,715.0,61.85,new
INSUREIETF, EQ,2026-09-22,15.44,16.0,15.09,15.17,15.2,15.22,427861,6523999.999999999,359,,281544.0,65.8,new
INTELLECT, EQ,2026-09-22,660.5,664.65,644.95,647.75,646.0,659.1,466891,303876000.0,29263,,258788.0,55.43,new
INTENTECH, EQ,2026-09-22,81.0,85.88,79.0,81.35,81.8,81.26,38938,3156000.0,557,,32190.0,82.67,new
INTERARCH, EQ,2026-09-22,1715.0,1733.7,1692.0,1701.6,1702.0,1709.4,32052,54902000.0,2837,,19201.0,59.91,new
INTERNET, EQ,2026-09-22,14.86,15.0,14.8,14.97,14.99,14.8,321002,4799000.0,386,,270976.0,84.42,new
INTLCONV, EQ,2026-09-22,75.22,78.3,75.22,77.86,77.75,75.35,41166,3182000.0,982,,33881.0,82.3,new
INVENTURE, EQ,2026-09-22,0.89,0.91,0.89,0.89,0.89,0.89,1112088,1001000.0,292,,372493.0,33.49,new
INVICTA, SM,2026-09-22,65.0,67.0,65.0,67.0,67.0,68.1,3200,211000.0,2,,1600.0,50.0,new
INVPRECQ, BE,2026-09-22,1395.3,1395.3,1395.3,1395.3,1395.3,1368.0,4183,5837000.0,45,,,,new
IOB, EQ,2026-09-22,32.06,32.2,31.85,31.92,31.92,32.06,1483150,47477000.0,6980,,846622.0,57.08,new
IOC, EQ,2026-09-22,137.53,139.3,136.8,137.8,137.8,136.53,11156453,1538760000.0,59911,,5092768.0,45.65,new
IOLCP, EQ,2026-09-22,203.05,206.19,193.46,200.39,199.81,202.91,2518148,507846000.0,30136,,878304.0,34.88,new
IONEXCHANG, EQ,2026-09-22,432.25,442.95,422.9,429.8,432.0,432.25,197060,85455000.0,10774,,102519.0,52.02,new
IPCALAB, EQ,2026-09-22,2015.5,2037.0,1980.0,1992.4,1983.2,2008.2,122345,245527000.0,23534,,77905.0,63.68,new
IPHL, SM,2026-09-22,72.0,72.0,71.0,71.0,71.0,72.95,8400,599000.0,7,,7200.0,85.71,new
IPL, EQ,2026-09-22,135.8,135.9,133.2,133.47,133.99,134.43,173144,23206000.0,1806,,71980.0,41.57,new
IPRINGLTD, EQ,2026-09-22,137.0,138.99,132.0,135.95,138.99,140.42,2867,389000.0,72,,2313.0,80.68,new
IRB, EQ,2026-09-22,18.1,18.27,17.93,17.98,17.99,18.1,16358591,294970000.0,29348,,8716057.0,53.28,new
IRBINVIT, IV,2026-09-22,64.93,64.96,64.52,64.6,64.62,64.96,239019,15471000.0,3162,,212971.0,89.1,new
IRCON, EQ,2026-09-22,109.0,110.9,108.66,109.09,109.0,108.85,1704761,187248000.0,21642,,532346.0,31.23,new
IRCTC, EQ,2026-09-22,472.0,474.6,466.35,469.65,469.25,470.7,431674,203457000.0,18049,,174894.0,40.52,new
IREDA, EQ,2026-09-22,111.25,112.19,110.0,110.25,110.25,111.0,2673698,296680000.0,22381,,983222.0,36.77,new
IRFC, EQ,2026-09-22,80.51,80.8,79.8,80.0,80.0,80.22,4813566,385935000.0,35133,,1822632.0,37.86,new
IRIS, EQ,2026-09-22,246.5,248.99,232.5,236.43,237.8,245.37,25387,6030000.0,1114,,13413.0,52.83,new
IRISDOREME, EQ,2026-09-22,64.81,68.0,63.2,66.24,66.25,64.81,2598455,171910000.0,12655,,430983.0,16.59,new
IRMENERGY, EQ,2026-09-22,269.0,273.0,267.6,268.35,269.9,271.75,39213,10583000.0,1794,,20599.0,52.53,new
ISFT, EQ,2026-09-22,93.98,108.24,91.65,104.02,105.0,92.09,385240,38788000.0,6214,,107058.0,27.79,new
ISGEC, EQ,2026-09-22,851.4,859.4,835.0,840.75,840.1,852.85,64283,54572000.0,6724,,32802.0,51.03,new
ISHAN, SM,2026-09-22,0.5,0.5,0.5,0.5,0.5,0.5,48000,24000.0,1,,48000.0,100.0,new
ISHANCH, EQ,2026-09-22,53.35,53.39,50.0,50.78,51.15,49.7,73746,3728000.0,321,,62024.0,84.1,new
ISTLTD, EQ,2026-09-22,652.0,680.0,642.5,675.75,680.0,652.0,1091,725000.0,156,,831.0,76.17,new
IT, EQ,2026-09-22,32.1,32.11,31.55,31.78,31.85,32.14,588058,18676000.0,1829,,308076.0,52.39,new
ITADD, EQ,2026-09-22,30.55,30.55,30.12,30.45,30.47,30.63,22170,673000.0,170,,8458.0,38.15,new
ITAXIS, EQ,2026-09-22,325.48,325.48,313.0,315.69,318.0,321.5,2172,684000.0,75,,1682.0,77.44,new
ITBEES, EQ,2026-09-22,32.34,32.34,31.55,31.77,31.79,32.12,11585503,367907000.0,20465,,4607327.0,39.77,new
ITBETA, EQ,2026-09-22,301.33,309.0,299.3,309.0,309.0,304.29,540,162000.0,27,,450.0,83.33,new
ITC, EQ,2026-09-22,267.9,268.25,264.75,265.8,265.8,267.0,7177847,1911124000.0000002,81112,,4327862.0,60.29,new
ITCHOTELS, EQ,2026-09-22,157.0,159.78,157.0,158.6,158.44,155.86,1872495,297505000.0,29019,,840821.0,44.9,new
ITDC, EQ,2026-09-22,651.95,723.7,651.0,705.75,708.0,651.95,3480946,2466461000.0,128814,,201836.0,5.8,new
ITETF, EQ,2026-09-22,30.6,30.6,30.09,30.33,30.37,30.59,531253,16087000.0,924,,167575.0,31.54,new
ITI, EQ,2026-09-22,255.35,257.8,252.8,253.25,253.25,255.25,182578,46612000.0,5025,,83653.0,45.82,new
ITIETF, EQ,2026-09-22,32.13,32.19,31.58,31.82,31.8,32.13,583650,18529000.0,1603,,255232.0,43.73,new
ITL, EQ,2026-09-22,367.35,369.9,361.1,365.75,368.0,363.9,1430,524000.0,76,,1108.0,77.48,new
IVALUE, EQ,2026-09-22,224.79,229.8,221.22,225.48,224.05,221.33,165371,37340000.0,4436,,87581.0,52.96,new
IVC, EQ,2026-09-22,7.83,7.99,7.72,7.78,7.8,7.83,153235,1196000.0,810,,103413.0,67.49,new
IVP, BE,2026-09-22,224.9,232.0,221.3,230.81,231.95,223.66,21798,4988000.0,261,,,,new
IVZBANKNF, EQ,2026-09-22,56.54,56.57,56.15,56.24,56.24,56.39,35,2000.0,7,,35.0,100.0,new
IVZINGOLD, EQ,2026-09-22,132.0,132.1,130.65,131.55,131.7,132.05,47281,6214000.0,420,,34592.0,73.16,new
IVZINNIFTY, EQ,2026-09-22,269.7,269.7,267.61,268.0,268.0,268.95,102,27000.0,20,,101.0,99.02,new
IVZSENSEX, EQ,2026-09-22,77.0,77.0,74.6,74.6,74.6,75.13,2559,192000.0,19,,1540.0,60.18,new
IWARE, ST,2026-09-22,382.45,392.0,376.5,389.2,383.05,389.0,14400,5501000.0,23,,12000.0,83.33,new
IWP, EQ,2026-09-22,34.18,34.5,33.66,34.47,34.5,33.84,2747,94000.0,46,,2705.0,98.47,new
IXIGO, EQ,2026-09-22,161.85,165.26,160.65,163.28,163.75,160.98,892824,145483000.0,15535,,371186.0,41.57,new
IZMO, EQ,2026-09-22,934.0,979.9,929.2,931.55,932.0,930.1,189787,181214000.0,12096,,70553.0,37.17,new
J&KBANK, EQ,2026-09-22,146.11,147.9,145.26,145.94,145.5,145.95,832954,121839000.00000001,17531,,399875.0,48.01,new
JAGRAN, EQ,2026-09-22,62.9,62.94,62.01,62.44,62.45,62.53,109716,6851000.000000001,1461,,65491.0,59.69,new
JAGSNPHARM, EQ,2026-09-22,226.81,230.09,224.1,225.68,224.5,226.81,29107,6598000.0,1270,,15554.0,53.44,new
JAIBALAJI, EQ,2026-09-22,64.01,65.63,64.01,64.33,64.53,63.56,233054,15069000.0,5562,,130053.0,55.8,new
JAICORPLTD, EQ,2026-09-22,95.05,96.39,92.9,94.25,93.86,95.02,287511,27204000.000000004,4046,,115485.0,40.17,new
JAINAM, SM,2026-09-22,198.0,198.0,197.0,197.0,197.0,205.25,1000,198000.0,2,,1000.0,100.0,new
JAINIK, ST,2026-09-22,182.0,185.0,179.6,185.0,185.0,189.05,26400,4751000.0,19,,24000.0,90.91,new
JAINREC, EQ,2026-09-22,274.95,299.8,274.85,291.25,291.35,272.75,15629652,4553743000.0,225855,,1392758.0,8.91,new
JAIPURKURT, EQ,2026-09-22,25.3,25.3,24.1,24.79,24.79,24.9,9986,245000.00000000003,141,,7854.0,78.65,new
JALAN, ST,2026-09-22,1.6,1.7,1.6,1.7,1.7,1.65,117000,188000.0,10,,117000.0,100.0,new
JAMNAAUTO, EQ,2026-09-22,129.4,131.4,127.27,127.99,128.38,129.24,1646548,213327000.0,25513,,605944.0,36.8,new
JARO, EQ,2026-09-22,474.85,483.2,457.3,460.4,463.0,474.85,80130,37504000.0,3001,,27080.0,33.8,new
JASH, EQ,2026-09-22,583.0,603.0,576.35,584.75,581.5,575.9,2189614,1286117000.0,69142,,332335.0,15.18,new
JAYAGROGN, EQ,2026-09-22,232.0,238.0,227.67,233.47,238.0,235.12,12637,2965000.0,519,,5867.0,46.43,new
JAYBARMARU, EQ,2026-09-22,109.01,112.7,108.45,110.58,110.0,109.85,244474,26989999.999999996,8038,,113140.0,46.28,new
JAYBEE, SM,2026-09-22,84.8,86.0,83.55,84.0,83.55,83.8,15500,1315000.0,28,,11000.0,70.97,new
JAYESH, SM,2026-09-22,128.0,128.0,124.05,125.3,125.9,128.0,24000,3016000.0,13,,19000.0,79.17,new
JAYKAY, EQ,2026-09-22,189.0,194.99,186.46,189.5,190.3,187.56,1302037,248278000.00000003,22796,,388132.0,29.81,new
JAYNECOIND, EQ,2026-09-22,91.74,92.1,89.81,90.28,90.54,91.6,1316788,119729000.0,10900,,590525.0,44.85,new
JAYSREETEA, EQ,2026-09-22,90.3,90.81,88.5,88.75,88.8,90.26,19817,1772000.0,326,,14907.0,75.22,new
JBMA, EQ,2026-09-22,592.0,606.95,591.0,593.15,592.6,592.05,324713,194349000.0,16558,,88197.0,27.16,new
JENBURPH, EQ,2026-09-22,997.5,997.7,949.8,957.2,960.0,979.6,2235,2180000.0,303,,1575.0,70.47,new
JETFREIGHT, EQ,2026-09-22,22.3,22.82,21.11,22.15,22.3,21.47,571916,12699000.0,3834,,295564.0,51.68,new
JEYYAM, SM,2026-09-22,23.05,23.45,21.0,21.6,21.65,23.0,80000,1757999.9999999998,37,,58000.0,72.5,new
JGCHEM, EQ,2026-09-22,622.0,644.4,606.1,610.35,615.0,618.0,314170,195252000.0,15309,,105762.0,33.66,new
JHS, EQ,2026-09-22,8.54,8.88,8.2,8.34,8.25,8.54,83247,699000.0,264,,69562.0,83.56,new
JINDALPHOT, EQ,2026-09-22,1129.9,1129.9,1088.0,1097.2,1116.0,1111.8,925,1018000.0,126,,632.0,68.32,new
JINDALPOLY, EQ,2026-09-22,743.95,748.0,712.1,721.9,725.5,741.5,18243,13236000.000000002,1552,,10465.0,57.36,new
JINDALSAW, EQ,2026-09-22,293.35,296.55,285.7,286.45,286.7,293.05,873761,253007000.00000003,25904,,435738.0,49.87,new
JINDALSTEL, EQ,2026-09-22,1135.0,1147.5,1131.0,1141.0,1141.0,1130.6,891592,1018011000.0,25913,,497352.0,55.78,new
JINDRILL, EQ,2026-09-22,576.0,592.4,576.0,587.65,589.0,576.5,178381,104403000.0,7798,,62885.0,35.25,new
JINDWORLD, EQ,2026-09-22,50.46,53.5,49.7,52.22,52.4,49.81,15568112,811935000.0,45270,,2672388.0,17.17,new
JIOFIN, EQ,2026-09-22,231.3,234.0,229.34,230.7,230.7,229.97,8586144,1985191000.0,56712,,3265660.0,38.03,new
JISLDVREQS, EQ,2026-09-22,21.49,21.49,20.4,20.53,20.58,21.0,37989,785000.0,203,,24899.0,65.54,new
JISLJALEQS, EQ,2026-09-22,31.09,31.34,28.85,28.93,28.98,30.96,7791317,230648999.99999997,20614,,3944155.0,50.62,new
JITFINFRA, EQ,2026-09-22,280.3,289.4,280.3,282.7,283.0,282.25,12947,3683000.0,865,,7140.0,55.15,new
JKCEMENT, EQ,2026-09-22,5090.5,5175.0,5050.0,5104.0,5119.0,5087.0,19306,98821000.0,5913,,7299.0,37.81,new
JKIL, EQ,2026-09-22,484.3,486.0,472.8,478.0,476.0,479.5,71045,33960000.0,2974,,49333.0,69.44,new
JKIPL, EQ,2026-09-22,101.9,102.79,97.55,99.24,100.15,101.9,6931,698000.0,248,,4757.0,68.63,new
JKLAKSHMI, EQ,2026-09-22,515.75,523.0,507.0,507.8,507.0,515.75,62075,31777999.999999996,10390,,34246.0,55.17,new
JKPAPER, EQ,2026-09-22,423.45,425.85,415.0,416.4,417.0,422.9,245359,102578000.0,7106,,114976.0,46.86,new
JKTYRE, EQ,2026-09-22,348.75,352.55,345.15,346.5,346.5,346.9,478597,166744000.0,15667,,210042.0,43.89,new
JLHL, EQ,2026-09-22,276.0,278.95,273.4,274.8,274.0,275.55,54029,14924000.0,4014,,31012.0,57.4,new
JMA, EQ,2026-09-22,90.79,91.6,89.29,90.82,91.37,88.3,11615,1052000.0,170,,6832.0,58.82,new
JMFINANCIL, EQ,2026-09-22,126.26,128.5,126.0,126.31,126.25,126.26,1411675,179308000.0,21703,,795601.0,56.36,new
JNKINDIA, EQ,2026-09-22,409.9,420.0,405.0,413.95,413.9,409.0,83207,34315000.0,3663,,44012.0,52.89,new
JNPR, EQ,2026-09-22,270.5,275.7,266.4,268.7,269.5,270.9,423701,114229000.0,28554,,236372.0,55.79,new
JOCIL, EQ,2026-09-22,146.0,157.76,143.02,146.4,148.5,143.28,3829,564000.0,129,,2915.0,76.13,new
JPOLYINVST, EQ,2026-09-22,984.35,989.95,970.3,972.75,970.75,974.75,1503,1471000.0,305,,809.0,53.83,new
JPPOWER, EQ,2026-09-22,16.55,16.57,16.02,16.17,16.15,16.48,107197215,1741006000.0000002,1100500,,22356031.0,20.86,new
JSFB, EQ,2026-09-22,535.0,549.85,532.0,533.7,532.5,531.3,1228918,664893000.0,29160,,626845.0,51.01,new
JSL, EQ,2026-09-22,749.0,750.1,738.5,743.45,743.0,751.45,890183,661034000.0,42293,,562548.0,63.19,new
JSLL, EQ,2026-09-22,507.1,530.75,507.1,515.4,512.2,508.1,504867,262961000.0,19553,,183164.0,36.28,new
JSWCEMENT, EQ,2026-09-22,117.0,118.1,115.91,116.7,117.0,116.36,3073613,358769000.0,58025,,1742098.0,56.68,new
JSWDULUX, EQ,2026-09-22,3173.8,3192.0,3122.5,3137.1,3192.0,3159.5,26982,84742000.0,4003,,19229.0,71.27,new
JSWENERGY, EQ,2026-09-22,517.0,522.05,515.35,518.0,518.0,517.0,1108603,575864000.0,32018,,581538.0,52.46,new
JSWHL, EQ,2026-09-22,11151.0,11424.0,11038.0,11219.0,11182.0,11205.0,2737,30695000.0,1249,,435.0,15.89,new
JSWINFRA, EQ,2026-09-22,351.45,375.5,351.3,367.6,369.05,349.6,17124150,6286441000.0,210208,,6094793.0,35.59,new
JSWSTEEL, EQ,2026-09-22,1274.7,1277.5,1264.4,1267.0,1267.0,1268.6,874592,1111007000.0,61802,,481399.0,55.04,new
JTEKTINDIA, EQ,2026-09-22,115.67,117.32,115.6,116.49,116.8,115.37,64920,7570000.0,1384,,39533.0,60.89,new
JTLIND, EQ,2026-09-22,89.05,91.52,88.6,89.21,89.0,88.92,1285481,115467000.0,11590,,581246.0,45.22,new
JUBLCPL, EQ,2026-09-22,2129.4,2132.9,2053.3,2099.1,2110.0,2111.4,5028,10561000.0,730,,3055.0,60.76,new
JUBLFOOD, EQ,2026-09-22,487.65,495.9,487.0,491.1,491.1,487.05,1745967,859575000.0,35006,,1029006.0,58.94,new
JUBLINGREA, EQ,2026-09-22,631.0,637.8,613.35,617.6,618.9,627.25,216018,134933000.0,11673,,114036.0,52.79,new
JUBLPHARMA, EQ,2026-09-22,1052.6,1079.05,1045.4,1070.85,1067.0,1049.25,192545,204727000.0,15349,,78218.0,40.62,new
JUNIORBEES, EQ,2026-09-22,786.06,786.07,777.0,778.55,780.0,782.31,232951,181989000.0,8092,,185945.0,79.82,new
JUNIPER, EQ,2026-09-22,225.0,229.0,220.84,222.8,224.25,222.92,118013,26358999.999999996,3341,,49905.0,42.29,new
JUSTDIAL, EQ,2026-09-22,682.95,694.0,675.05,682.6,689.0,682.7,124991,85623000.0,6362,,52218.0,41.78,new
JWL, EQ,2026-09-22,230.0,232.9,227.51,228.63,228.95,228.06,657865,151336000.0,13603,,239819.0,36.45,new
JYOTHYLAB, EQ,2026-09-22,195.17,196.0,193.55,193.97,194.0,194.67,168293,32707000.0,4500,,89063.0,52.92,new
JYOTICNC, EQ,2026-09-22,1110.05,1114.0,1072.25,1084.3,1088.0,1113.85,1090012,1195899000.0,47927,,337535.0,30.97,new
JYOTIGLOBL, SM,2026-09-22,43.7,43.8,43.7,43.7,43.7,46.0,24000,1049000.0,12,,24000.0,100.0,new
JYOTIRES, EQ,2026-09-22,842.5,859.25,832.8,840.0,840.0,842.45,5238,4409000.0,847,,2997.0,57.22,new
JYOTISTRUC, EQ,2026-09-22,9.08,9.33,9.08,9.19,9.18,9.08,2694027,24829000.0,2863,,1123924.0,41.72,new
K2INFRA, SM,2026-09-22,45.0,46.0,42.7,42.8,42.8,43.85,33600,1467000.0,40,,30000.0,89.29,new
KABRAEXTRU, EQ,2026-09-22,676.1,683.3,662.0,666.25,666.75,676.1,96279,64261000.0,4643,,45837.0,47.61,new
KAJARIACER, EQ,2026-09-22,1203.9,1205.3,1176.6,1183.6,1186.1,1200.5,126005,149496000.0,11011,,74157.0,58.85,new
KAKATCEM, EQ,2026-09-22,110.4,110.4,105.1,109.75,109.75,108.85,2050,221000.0,112,,1300.0,63.41,new
KALAMANDIR, EQ,2026-09-22,79.53,79.96,77.51,78.08,78.15,79.14,352318,27708000.0,4908,,221864.0,62.97,new
KALANA, SM,2026-09-22,18.6,18.6,18.6,18.6,18.6,19.1,2000,37000.0,1,,2000.0,100.0,new
KALPATARU, EQ,2026-09-22,271.0,273.95,267.0,268.4,268.9,269.9,19444,5246000.0,593,,9353.0,48.1,new
KALYANIFRG, BE,2026-09-22,938.95,939.0,910.0,927.25,929.35,941.85,3340,3086000.0,185,,,,new
KALYANKJIL, EQ,2026-09-22,583.85,590.95,578.9,583.1,583.1,581.5,3440026,2008312000.0,45890,,549902.0,15.99,new
KAMAHOLD, EQ,2026-09-22,2280.0,2280.0,2230.0,2236.4,2231.0,2250.0,2484,5565000.0,418,,1485.0,59.78,new
KAMANWALA, EQ,2026-09-22,16.52,17.3,16.52,16.56,16.56,17.4,250,4000.0,3,,240.0,96.0,new
KAMATHOTEL, EQ,2026-09-22,238.91,242.49,233.43,237.05,238.0,236.44,68823,16363000.0,2607,,37149.0,53.98,new
KAMDHENU, EQ,2026-09-22,43.19,43.7,41.0,41.51,41.51,42.48,1778308,75214000.0,5486,,937848.0,52.74,new
KAMOPAINTS, EQ,2026-09-22,4.3,4.41,4.12,4.26,4.28,4.34,412431,1743000.0,917,,303201.0,73.52,new
KANANIIND, EQ,2026-09-22,1.41,1.43,1.4,1.42,1.43,1.42,97331,137000.0,199,,66679.0,68.51,new
KANCHI, EQ,2026-09-22,382.0,404.15,381.25,395.45,394.5,384.95,816,318000.0,111,,668.0,81.86,new
KANCOTEA, EQ,2026-09-22,54.59,56.85,54.59,56.85,56.85,54.59,151,8000.0,2,,151.0,100.0,new
KANOHAR, EQ,2026-09-22,880.15,904.6,847.1,870.5,878.0,866.95,5305723,4609461000.0,168845,,760730.0,14.34,new
KANORICHEM, BE,2026-09-22,180.8,180.98,171.2,173.57,173.15,180.03,42689,7448999.999999999,424,,,,new
KANPRPLA, EQ,2026-09-22,256.75,268.8,252.1,266.75,264.0,254.8,33973,9006000.0,1546,,19375.0,57.03,new
KANSAINER, EQ,2026-09-22,183.0,183.83,180.06,180.98,180.4,182.27,129858,23628000.0,4369,,84732.0,65.25,new
KAPSTON, EQ,2026-09-22,578.0,591.0,565.3,570.55,569.0,577.95,93628,54270000.00000001,3705,,50529.0,53.97,new
KARAMTARA, EQ,2026-09-22,360.0,382.15,360.0,365.1,366.0,356.95,5727743,2110312000.0,87598,,1445129.0,25.23,new
KARMAENG, EQ,2026-09-22,41.6,41.6,40.05,40.1,41.0,41.02,4026,163000.0,72,,2129.0,52.88,new
KARNIKA, SM,2026-09-22,119.0,119.5,118.8,119.45,119.5,117.0,9000,1072000.0,9,,6000.0,66.67,new
KARURVYSYA, EQ,2026-09-22,328.35,328.95,318.0,320.15,321.4,326.15,2085010,668945000.0,40906,,1092300.0,52.39,new
KATARIA, SM,2026-09-22,147.0,151.0,147.0,149.1,149.1,146.0,15600,2329000.0,19,,15600.0,100.0,new
KAUSHALYA, BE,2026-09-22,854.0,878.8,830.1,868.75,868.5,854.0,201,172000.0,25,,,,new
KAVDEFENCE, BE,2026-09-22,75.7,79.5,75.7,78.67,78.94,75.91,379524,29742000.0,1844,,,,new
KAYA, BE,2026-09-22,330.1,340.85,329.0,338.35,338.85,332.9,4143,1383000.0,80,,,,new
KAYNES, EQ,2026-09-22,3599.0,3599.0,3425.0,3455.0,3455.0,3650.0,3022938,10594569000.0,169458,,674295.0,22.31,new
KAYTEX, SM,2026-09-22,55.0,58.0,55.0,58.0,58.0,57.7,4000,229000.0,5,,3200.0,80.0,new
KCEIL, SM,2026-09-22,78.0,79.0,76.55,77.65,78.0,79.9,26000,2013000.0,38,,22500.0,86.54,new
KCK, ST,2026-09-22,13.85,13.85,13.3,13.65,13.7,14.0,75000,1003999.9999999999,27,,67500.0,90.0,new
KCP, EQ,2026-09-22,159.42,161.4,155.42,157.4,157.3,159.42,121658,19169000.0,1900,,73908.0,60.75,new
KCPSUGIND, BE,2026-09-22,29.45,29.45,28.52,28.95,29.2,28.69,47820,1389000.0,259,,,,new
KDDL, EQ,2026-09-22,4052.5,4104.0,3940.1,3973.1,3945.1,4006.8,35491,142197000.0,7273,,14180.0,39.95,new
KDGREEN, EQ,2026-09-22,50.08,51.99,50.0,50.01,50.0,51.41,90966,4595000.0,372,,41971.0,46.14,new
KDL, SM,2026-09-22,67.4,67.4,67.4,67.4,67.4,70.9,7500,505999.99999999994,30,,7500.0,100.0,new
KEC, EQ,2026-09-22,405.1,408.7,390.5,391.55,392.5,403.3,1574562,623798000.0,52638,,841873.0,53.47,new
KECL, EQ,2026-09-22,120.8,126.0,118.97,121.21,122.0,118.43,162499,19863000.0,3776,,65257.0,40.16,new
KEEPLEARN, EQ,2026-09-22,1.94,1.94,1.84,1.84,1.84,1.88,9184,17000.0,58,,8019.0,87.31,new
KEI, EQ,2026-09-22,4648.0,4657.0,4548.0,4575.0,4575.0,4596.0,182004,835685000.0,19099,,86963.0,47.78,new
KELLTONTEC, EQ,2026-09-22,13.71,13.88,13.65,13.7,13.7,13.69,1040960,14311000.000000002,2488,,523668.0,50.31,new
KEN, SM,2026-09-22,45.0,45.0,42.0,43.0,43.0,44.15,19200,835000.0,15,,15600.0,81.25,new
KENNAMET, EQ,2026-09-22,4400.0,4499.9,4323.5,4379.4,4351.0,4348.3,35892,158767000.0,7684,,10562.0,29.43,new
KERNEX, EQ,2026-09-22,1787.0,1789.0,1732.0,1744.7,1748.0,1779.7,119313,209433000.0,12716,,51585.0,43.24,new
KESORAMIND, BE,2026-09-22,11.5,11.66,11.25,11.35,11.3,11.66,344506,3950000.0,608,,,,new
KEYFINSERV, EQ,2026-09-22,250.0,250.0,238.3,240.05,240.05,241.45,276,67000.0,45,,144.0,52.17,new
KFINTECH, EQ,2026-09-22,896.9,905.75,891.6,898.0,898.0,896.7,569715,511904000.0,23461,,252698.0,44.36,new
KHADIM, BE,2026-09-22,125.44,125.44,125.44,125.44,125.44,128.0,6661,836000.0,53,,,,new
KHAICHEM, EQ,2026-09-22,49.55,50.32,49.26,50.02,50.15,49.55,85997,4292000.0,1042,,56299.0,65.47,new
KHAITANLTD, EQ,2026-09-22,150.39,152.2,149.1,151.82,152.2,149.65,824,124000.0,56,,595.0,72.21,new
KHANDSE, EQ,2026-09-22,17.76,17.93,17.0,17.91,17.93,17.15,1004,18000.0,55,,922.0,91.83,new
KHFM, SM,2026-09-22,41.5,45.0,40.0,44.5,44.5,40.45,7750,329000.0,5,,6200.0,80.0,new
KICL, EQ,2026-09-22,4951.0,5048.0,4900.0,5005.5,5000.0,4954.0,1575,7826000.000000001,238,,1186.0,75.3,new
KILITCH, BE,2026-09-22,211.07,211.07,211.07,211.07,211.07,201.02,25499,5382000.0,178,,,,new
KIMS, EQ,2026-09-22,789.7,801.95,788.0,789.8,795.0,788.85,158613,126010999.99999999,9934,,49272.0,31.06,new
KINGFA, EQ,2026-09-22,6062.0,6300.0,6056.0,6168.5,6205.0,6062.0,21396,132307000.0,6028,,11533.0,53.9,new
KIOCL, EQ,2026-09-22,342.0,351.0,338.0,342.55,342.0,341.0,76799,26508999.999999996,3787,,22366.0,29.12,new
KIRANVYPAR, EQ,2026-09-22,221.78,221.78,207.38,218.79,218.9,207.89,7877,1720000.0,516,,4073.0,51.71,new
KIRIINDUS, EQ,2026-09-22,541.0,555.0,538.5,540.5,543.8,537.5,507200,277199000.0,12336,,235424.0,46.42,new
KIRLFER, EQ,2026-09-22,484.75,487.7,473.3,479.85,477.1,480.5,86299,41490000.0,6295,,50034.0,57.98,new
KIRLOSBROS, EQ,2026-09-22,1790.1,1824.9,1772.0,1775.3,1772.0,1797.0,22481,40263000.0,4623,,13163.0,58.55,new
KIRLOSENG, EQ,2026-09-22,2132.0,2178.0,2130.5,2165.0,2148.1,2132.4,236947,512285000.00000006,34574,,128550.0,54.25,new
KIRLOSIND, EQ,2026-09-22,3722.2,3743.9,3650.0,3667.2,3695.0,3722.2,8029,29593000.0,1446,,4175.0,52.0,new
KIRLPNU, EQ,2026-09-22,711.8,728.2,705.3,706.8,706.0,714.45,71425,51258000.00000001,7291,,34991.0,48.99,new
KISSHT, EQ,2026-09-22,362.5,372.0,350.5,352.55,353.5,362.5,1816221,654821000.0,65751,,787338.0,43.35,new
KITEX, EQ,2026-09-22,116.13,123.73,116.13,119.48,119.3,116.12,814091,98135000.0,10103,,184345.0,22.64,new
KJMCFIN, EQ,2026-09-22,61.73,64.0,61.73,61.8,61.8,64.97,352,22000.0,21,,316.0,89.77,new
KKCL, EQ,2026-09-22,490.45,491.0,476.05,484.8,476.75,486.0,29062,14036000.000000002,1663,,19405.0,66.77,new
KKJEWELS, SM,2026-09-22,98.6,98.6,97.5,97.5,97.5,98.6,3000,294000.0,3,,3000.0,100.0,new
KKVAPOW, SM,2026-09-22,344.0,344.0,344.0,344.0,344.0,355.0,171,59000.0,1,,171.0,100.0,new
KLBRENG-B, EQ,2026-09-22,461.15,525.0,461.15,519.5,518.95,460.0,1923203,981667000.0,46002,,624521.0,32.47,new
KLL, SM,2026-09-22,37.75,40.45,36.55,38.1,37.0,36.8,248000,9714000.0,222,,159200.0,64.19,new
KMCSHIL, EQ,2026-09-22,162.95,166.3,157.52,159.61,160.0,160.45,735446,119372000.0,11725,,232605.0,31.63,new
KMEW, EQ,2026-09-22,2898.0,3029.9,2895.0,2976.7,2972.0,2878.9,186241,556738000.0,29196,,52451.0,28.16,new
KMSUGAR, EQ,2026-09-22,28.69,29.45,28.66,28.85,28.88,28.69,114356,3311000.0,1176,,46693.0,40.83,new
KNACK, EQ,2026-09-22,183.0,186.48,183.0,185.55,184.0,182.66,348907,64637000.0,3236,,182910.0,52.42,new
KNAGRI, EQ,2026-09-22,207.0,208.0,201.23,203.95,205.9,202.63,2275,467000.0,133,,1317.0,57.89,new
KNRCON, EQ,2026-09-22,122.5,123.23,119.8,120.04,120.15,121.93,1303513,157684000.0,12259,,688572.0,52.82,new
KODYTECH, ST,2026-09-22,1502.1,1523.9,1457.0,1509.7,1500.0,1516.05,7100,10667000.0,55,,6200.0,87.32,new
KOHINOOR, EQ,2026-09-22,30.77,31.36,30.53,31.06,30.84,30.76,120015,3722999.9999999995,2737,,28867.0,24.05,new
KOKUYOCMLN, EQ,2026-09-22,77.7,77.8,75.0,75.71,75.12,76.25,37342,2846000.0,769,,27918.0,74.76,new
KOLTEPATIL, EQ,2026-09-22,426.9,440.95,426.4,435.55,436.9,426.4,99378,43438000.0,4855,,37508.0,37.74,new
KONSTELEC, ST,2026-09-22,59.0,60.2,59.0,59.15,59.15,60.8,4000,238000.0,4,,4000.0,100.0,new
KONTOR, SM,2026-09-22,51.05,52.25,51.05,51.6,51.6,53.85,3000,154000.0,5,,1800.0,60.0,new
KOPRAN, EQ,2026-09-22,282.9,285.49,270.0,276.44,277.0,282.98,603842,166946000.0,11693,,198089.0,32.8,new
KORE, ST,2026-09-22,164.3,179.0,163.1,164.1,173.5,171.45,33750,5822000.0,40,,33250.0,98.52,new
KOTAKBANK, EQ,2026-09-22,416.5,417.8,412.55,412.65,412.65,414.8,3795161,1573601000.0,61637,,2042061.0,53.81,new
KOTARISUG, BE,2026-09-22,26.55,27.5,26.4,26.65,26.62,26.65,19248,517000.0,191,,,,new
KOTHARIPET, EQ,2026-09-22,135.5,137.77,134.0,134.16,134.0,136.05,49825,6734999.999999999,1016,,34854.0,69.95,new
KOTHARIPRO, EQ,2026-09-22,65.0,65.0,63.0,63.67,64.0,63.23,9366,597000.0,93,,8570.0,91.5,new
KOTIC, EQ,2026-09-22,147.89,163.0,145.2,146.89,147.8,145.25,321420,49950000.0,5710,,68957.0,21.45,new
KOTYARK, BE,2026-09-22,31.7,31.99,31.1,31.84,31.86,31.55,72482,2299000.0,216,,,,new
KOVAI, EQ,2026-09-22,6221.0,6221.0,6085.5,6153.5,6121.5,6179.0,1546,9474000.0,574,,877.0,56.73,new
KPEL, EQ,2026-09-22,233.8,239.8,228.1,230.94,229.0,232.32,464862,108992000.0,12488,,193827.0,41.7,new
KPIGREEN, EQ,2026-09-22,321.4,350.0,321.4,346.45,346.7,321.4,10752256,3645062999.9999995,146261,,1913821.0,17.8,new
KPIL, EQ,2026-09-22,1440.6,1443.7,1392.1,1400.1,1395.4,1439.1,117910,166173000.0,13688,,67519.0,57.26,new
KPITTECH, EQ,2026-09-22,539.9,539.9,524.0,529.05,529.05,536.8,1583599,842029999.9999999,28852,,493973.0,31.19,new
KPL, EQ,2026-09-22,3819.9,3819.9,3682.0,3752.8,3773.0,3844.9,58050,216992000.0,10208,,21455.0,36.96,new
KPRMILL, EQ,2026-09-22,1121.0,1131.9,1105.5,1120.8,1120.0,1119.3,109610,122929000.0,11994,,39456.0,36.0,new
KRBL, EQ,2026-09-22,391.0,394.95,386.55,389.9,390.5,393.15,247235,96533000.0,6916,,122138.0,49.4,new
KREBSBIO, EQ,2026-09-22,56.08,59.5,56.08,56.86,57.21,56.22,5820,334000.0,175,,4269.0,73.35,new
KRIDHANINF, EQ,2026-09-22,1.86,1.86,1.81,1.85,1.86,1.86,23202,43000.0,82,,22822.0,98.36,new
KRISHANA, EQ,2026-09-22,185.0,189.99,185.0,189.55,189.7,182.4,829723,156261000.0,9540,,441243.0,53.18,new
KRISHCA, SM,2026-09-22,163.0,163.0,159.0,160.3,160.15,163.0,6000,961000.0,12,,4000.0,66.67,new
KRISHIVAL, EQ,2026-09-22,418.0,418.9,413.0,415.7,418.9,417.1,6275,2610000.0,249,,4063.0,64.75,new
KRISHNADEF, EQ,2026-09-22,1040.0,1074.2,1018.1,1025.6,1031.0,1037.6,69961,72362000.0,6568,,32933.0,47.07,new
KRITI, EQ,2026-09-22,58.52,59.99,58.0,59.75,59.6,59.01,22034,1296000.0,347,,14053.0,63.78,new
KRITIKA, EQ,2026-09-22,5.1,5.17,4.9,5.04,5.06,5.1,113844,574000.0,533,,102177.0,89.75,new
KRITINUT, EQ,2026-09-22,80.55,82.45,80.1,80.66,80.55,81.29,6993,563000.0,106,,6267.0,89.62,new
KRMAYURVED, SM,2026-09-22,309.05,310.0,301.0,301.6,301.1,309.05,66000,20180000.0,62,,48000.0,72.73,new
KRN, EQ,2026-09-22,1437.0,1448.0,1406.1,1420.1,1416.0,1416.5,159708,227341000.0,14274,,97463.0,61.03,new
KRONOX, BE,2026-09-22,176.0,185.0,170.15,182.27,182.99,176.65,77869,14003000.0,717,,,,new
KROSS, EQ,2026-09-22,260.0,262.58,254.51,256.13,256.1,256.93,1039237,268102000.0,22910,,362657.0,34.9,new
KRSNAA, EQ,2026-09-22,554.0,573.9,551.05,557.85,555.1,554.65,185318,104396000.0,10320,,81306.0,43.87,new
KRT, RR,2026-09-22,113.89,114.05,113.25,113.9,113.97,113.71,1217543,138634000.0,4035,,1142804.0,93.86,new
KRYSTAL, EQ,2026-09-22,649.65,654.9,637.6,638.8,638.2,652.2,12729,8187000.0,655,,7074.0,55.57,new
KSB, EQ,2026-09-22,802.6,822.0,802.6,820.15,820.6,802.6,145461,118825000.0,10128,,90351.0,62.11,new
KSCL, EQ,2026-09-22,715.0,715.75,698.0,699.7,699.35,710.65,41522,29248000.0,2454,,28119.0,67.72,new
KSE, EQ,2026-09-22,181.02,182.0,178.81,179.96,180.0,180.32,5068,915000.0,260,,3332.0,65.75,new
KSHINTL, EQ,2026-09-22,1035.0,1068.95,1032.0,1040.95,1044.6,1032.15,166419,174257000.0,16153,,80455.0,48.34,new
KSHITIJPOL, EQ,2026-09-22,4.61,4.62,4.61,4.61,4.62,4.4,8716105,40248000.0,3725,,4550945.0,52.21,new
KSL, EQ,2026-09-22,944.45,962.0,943.6,959.15,960.0,944.45,46816,44699000.0,3213,,26994.0,57.66,new
KSOLVES, EQ,2026-09-22,253.25,254.45,250.0,250.75,250.65,252.15,17191,4324000.0,995,,10380.0,60.38,new
KSR, BE,2026-09-22,40.5,40.5,39.06,39.06,39.06,41.11,20088,790000.0,131,,,,new
KTKBANK, EQ,2026-09-22,315.95,334.0,315.0,331.5,332.0,314.55,3195855,1044416000.0,41790,,1560295.0,48.82,new
KUANTUM, EQ,2026-09-22,80.46,87.0,78.0,84.95,84.16,80.74,356156,29413000.0,3410,,222705.0,62.53,new
KUSUMGAR, EQ,2026-09-22,609.35,634.0,606.05,616.15,616.0,610.35,600887,374848000.0,31363,,282642.0,47.04,new
KWIL, EQ,2026-09-22,42.39,42.98,41.71,41.99,41.95,42.09,11145561,470862000.0,31416,,4182292.0,37.52,new
LADDERUP, BE,2026-09-22,61.48,61.5,56.06,57.89,57.89,59.01,4700,267000.0,66,,,,new
LAGNAM, EQ,2026-09-22,75.5,76.0,72.5,74.01,73.11,75.5,6107,453000.0,152,,4159.0,68.1,new
LAHOTIOV, EQ,2026-09-22,39.98,40.97,39.56,40.68,40.83,39.89,1423,56999.99999999999,45,,1365.0,95.92,new
LAKPRE, BZ,2026-09-22,4.57,4.89,4.44,4.88,4.88,4.66,1102,5000.0,13,,,,new
LAKSHMIMIL, EQ,2026-09-22,7755.0,7755.0,7700.0,7700.0,7700.0,7750.0,7,54000.0,5,,7.0,100.0,new
LAKSHYA, SM,2026-09-22,91.9,91.9,89.1,89.1,89.1,92.1,6400,577000.0,8,,4800.0,75.0,new
LAL, EQ,2026-09-22,8.85,8.92,8.28,8.66,8.67,8.61,320607,2740000.0,157,,313071.0,97.65,new
LALITHAA, EQ,2026-09-22,325.0,336.1,324.9,336.1,336.1,320.1,4493449,1508313000.0,12668,,2467620.0,54.92,new
LALPATHLAB, EQ,2026-09-22,1920.4,1944.0,1903.1,1909.8,1907.3,1920.4,262090,503537000.0,31519,,168803.0,64.41,new
LAMBODHARA, EQ,2026-09-22,120.01,122.0,115.57,116.08,116.49,120.61,11958,1407000.0,366,,7953.0,66.51,new
LAMOSAIC, ST,2026-09-22,51.55,53.9,50.05,51.8,52.1,51.8,22800,1184000.0,23,,20400.0,89.47,new
LANCER, EQ,2026-09-22,11.82,11.99,11.55,11.69,11.89,11.8,253663,2995000.0,872,,180911.0,71.32,new
LANCORHOL, BE,2026-09-22,34.79,35.45,33.8,34.5,34.5,34.33,75936,2651000.0,227,,,,new
LANDMARK, EQ,2026-09-22,500.0,514.2,496.85,510.5,512.0,502.1,64035,32473000.0,3635,,29153.0,45.53,new
LANDSMILL, EQ,2026-09-22,0.56,0.56,0.54,0.54,0.55,0.55,4275266,2340000.0,1045,,2143259.0,50.13,new
LAOPALA, EQ,2026-09-22,161.8,163.36,159.3,160.61,159.77,161.59,77552,12493000.0,3132,,42192.0,54.4,new
LARGEMID50, EQ,2026-09-22,35.67,35.67,35.39,35.46,35.46,35.63,92,3000.0,9,,92.0,100.0,new
LASERPOWER, EQ,2026-09-22,276.15,280.0,272.9,275.05,275.5,275.95,379905,105045000.0,6328,,172332.0,45.36,new
LATENTVIEW, EQ,2026-09-22,254.8,254.8,249.65,250.55,250.1,252.45,306722,77067000.0,8392,,158327.0,51.62,new
LATTEYS, EQ,2026-09-22,20.04,20.94,20.04,20.48,20.63,20.19,46555,953999.9999999999,181,,37008.0,79.49,new
LAURUSLABS, EQ,2026-09-22,2018.0,2032.8,2002.2,2006.5,2006.5,2017.5,1487044,2997156000.0,42334,,834690.0,56.13,new
LAXMICOT, EQ,2026-09-22,12.94,13.3,12.56,13.05,13.1,12.94,7690,99000.0,101,,5565.0,72.37,new
LAXMIDENTL, EQ,2026-09-22,194.42,196.35,192.6,193.18,193.5,194.9,62927,12179000.0,1993,,43415.0,68.99,new
LAXMIINDIA, EQ,2026-09-22,124.82,128.97,123.0,123.73,123.15,125.32,159542,19927000.0,1779,,124571.0,78.08,new
LCCINFOTEC, EQ,2026-09-22,3.6,3.7,3.4,3.66,3.67,3.53,373518,1352000.0,326,,184468.0,49.39,new
LCCPROJECT, EQ,2026-09-22,145.0,155.12,142.25,147.56,147.4,141.33,6263543,931525000.0,59502,,978265.0,15.62,new
LCL, EQ,2026-09-22,560.35,590.0,558.45,580.3,580.0,560.35,711729,410385000.00000006,43697,,423113.0,59.45,new
LEAPIND, EQ,2026-09-22,146.5,149.98,145.63,148.44,147.52,145.9,2591990,384113000.0,33363,,1089160.0,42.02,new
LEENEE, BE,2026-09-22,7.87,7.87,7.3,7.74,7.74,7.5,6490,51000.0,38,,,,new
LEMERITE, EQ,2026-09-22,18.99,19.19,17.94,18.94,19.19,18.35,499276,9120000.0,685,,187338.0,37.52,new
LEMONTREE, EQ,2026-09-22,106.49,108.7,105.91,107.51,107.4,105.99,2586160,278444000.0,22971,,1384205.0,53.52,new
LENSKART, EQ,2026-09-22,685.0,697.0,669.3,691.45,692.0,683.85,6868715,4731521000.0,115855,,3464943.0,50.45,new
LEXUS, EQ,2026-09-22,13.67,13.67,12.3,12.47,12.45,13.24,96413,1218000.0,482,,76555.0,79.4,new
LFIC, EQ,2026-09-22,135.4,138.98,133.66,135.3,138.8,132.52,122,17000.0,16,,56.0,45.9,new
LGBBROSLTD, EQ,2026-09-22,1735.0,1745.9,1723.3,1730.2,1730.0,1731.4,19648,34034000.0,2611,,12612.0,64.19,new
LGEINDIA, EQ,2026-09-22,1661.1,1684.8,1657.0,1663.7,1663.5,1656.3,427916,712107000.0,22427,,278222.0,65.02,new
LGHL, EQ,2026-09-22,190.0,190.0,177.0,177.38,177.25,177.2,6393,1148000.0,121,,1030.0,16.11,new
LIBAS, EQ,2026-09-22,13.19,13.19,12.5,12.58,12.85,12.79,138738,1762000.0,313,,105959.0,76.37,new
LIBERTSHOE, EQ,2026-09-22,220.75,223.95,217.1,218.54,218.88,220.75,9624,2116000.0,449,,5660.0,58.81,new
LICHSGFIN, EQ,2026-09-22,569.0,573.95,563.2,565.0,565.0,568.0,2772548,1578765000.0,36938,,1404255.0,50.65,new
LICI, EQ,2026-09-22,400.85,406.8,399.55,404.55,404.55,400.0,5528988,2230563000.0,54621,,3482358.0,62.98,new
LICMFGOLD, EQ,2026-09-22,136.85,136.9,135.2,135.8,135.9,136.45,48124,6541000.0,764,,20935.0,43.5,new
LICNETFGSC, EQ,2026-09-22,29.36,29.72,29.21,29.21,29.21,29.27,103950,3037000.0,74,,101075.0,97.23,new
LICNETFN50, EQ,2026-09-22,262.55,264.42,261.47,263.27,263.27,264.18,2332,610000.0,19,,2113.0,90.61,new
LICNETFSEN, EQ,2026-09-22,843.34,843.34,843.34,843.34,843.34,843.34,4,3000.0,3,,4.0,100.0,new
LICNFNHGP, EQ,2026-09-22,276.95,276.95,268.19,272.55,272.61,270.2,240,65000.0,21,,117.0,48.75,new
LICNMID100, EQ,2026-09-22,63.18,63.18,61.58,61.89,61.87,62.5,10260,639000.0,121,,7061.0,68.82,new
LIKHITHA, EQ,2026-09-22,220.85,229.95,220.85,227.96,229.95,218.6,62359,14129000.0,1701,,35397.0,56.76,new
LINC, EQ,2026-09-22,93.89,93.89,90.35,92.37,92.5,91.57,9400,865000.0,578,,5542.0,58.96,new
LINCOLN, EQ,2026-09-22,610.0,612.0,590.35,594.35,599.7,601.55,21211,12710000.0,1181,,11939.0,56.29,new
LINDEINDIA, EQ,2026-09-22,6287.0,6479.5,6276.5,6320.0,6345.0,6276.5,30577,194925000.0,7984,,11891.0,38.89,new
LIQGRWBEES, EQ,2026-09-22,1056.44,1056.46,1056.44,1056.45,1056.46,1056.31,54659,57744000.00000001,347,,35710.0,65.33,new
LIQUID, EQ,2026-09-22,999.99,1000.0,999.99,999.99,1000.0,999.99,175256,175255000.0,147,,100574.0,57.39,new
LIQUID1, EQ,2026-09-22,1124.7,1124.7,1123.66,1123.66,1123.68,1123.51,630809,708819000.0,504,,292743.0,46.41,new
LIQUIDADD, EQ,2026-09-22,1145.77,1145.79,1145.77,1145.78,1145.79,1145.63,786773,901476000.0,635,,770846.0,97.98,new
LIQUIDBEES, EQ,2026-09-22,1000.0,1000.01,999.22,1000.0,1000.01,1000.0,2523773,2523778000.0,3559,,1707317.0,67.65,new
LIQUIDBETF, EQ,2026-09-22,1099.77,1099.78,1099.76,1099.77,1099.78,1099.64,132373,145580000.0,163,,91318.0,68.99,new
LIQUIDCASE, EQ,2026-09-22,116.02,116.04,116.02,116.03,116.04,116.01,14665202,1701632000.0,21242,,13825955.0,94.28,new
LIQUIDETF, EQ,2026-09-22,1000.0,1000.01,999.99,999.99,1000.0,1000.0,66236,66236000.0,143,,50035.0,75.54,new
LIQUIDIETF, EQ,2026-09-22,1000.0,1000.01,999.99,999.99,1000.0,999.99,663727,663727000.0,222,,586804.0,88.41,new
LIQUIDPLUS, EQ,2026-09-22,1104.06,1104.22,1104.06,1104.21,1104.2,1104.06,563717,622465000.0,281,,436852.0,77.49,new
LIQUIDSBI, EQ,2026-09-22,1000.0,1000.01,999.99,1000.01,1000.01,999.99,3916,3915999.9999999995,25,,2587.0,66.06,new
LIQUIDSHRI, EQ,2026-09-22,1122.42,1122.44,1122.42,1122.43,1122.44,1122.28,11842,13291999.999999998,14,,10045.0,84.83,new
LKPSEC, EQ,2026-09-22,15.45,16.55,15.15,15.31,15.3,15.06,5275,82000.0,60,,3812.0,72.27,new
LLOYDS, SM,2026-09-22,59.75,60.5,59.75,60.5,60.5,58.9,4000,240000.0,4,,4000.0,100.0,new
LLOYDSENGG, EQ,2026-09-22,85.86,88.9,85.5,85.73,85.75,85.01,8563009,745898000.0,50108,,3245451.0,37.9,new
LLOYDSENT, EQ,2026-09-22,70.5,72.84,69.81,70.41,70.06,70.49,3151980,223702000.0,14755,,1461143.0,46.36,new
LLOYDSME, EQ,2026-09-22,1830.9,1884.0,1828.1,1857.4,1855.0,1824.6,498981,927010000.0,26971,,248226.0,49.75,new
LMW, EQ,2026-09-22,17440.0,17470.0,17025.0,17077.0,17062.0,17313.0,3430,58848000.0,1612,,2041.0,59.5,new
LODHA, EQ,2026-09-22,1150.0,1159.6,1135.1,1144.0,1144.0,1138.0,647829,743331000.0,19804,,191056.0,29.49,new
LOKESHMACH, EQ,2026-09-22,338.0,348.75,335.0,337.15,335.05,336.15,29943,10189000.0,1000,,17106.0,57.13,new
LORDSCHLO, EQ,2026-09-22,138.6,140.0,135.21,138.3,139.3,138.3,5742,794000.0,250,,4355.0,75.84,new
LOTUSCHO, EQ,2026-09-22,590.0,590.0,574.4,586.4,587.0,577.8,469,275000.0,99,,362.0,77.19,new
LOTUSDEV, BE,2026-09-22,215.0,216.98,212.6,213.84,213.99,214.42,396339,85398000.0,3492,,,,new
LOTUSEYE, EQ,2026-09-22,114.68,115.02,113.0,114.97,115.0,114.68,6701,769000.0,68,,6121.0,91.34,new
LOVABLE, EQ,2026-09-22,70.44,72.0,69.4,71.27,71.9,70.44,14944,1050000.0,178,,9275.0,62.07,new
LOWVOL, EQ,2026-09-22,200.45,200.45,199.0,199.77,199.77,200.33,545,109000.00000000001,14,,269.0,49.36,new
LOWVOL1, EQ,2026-09-22,20.48,20.6,20.29,20.48,20.29,20.48,209096,4276000.0,12266,,162320.0,77.63,new
LOWVOLIETF, EQ,2026-09-22,21.63,21.63,21.28,21.39,21.46,21.5,1337740,28601000.0,13339,,1099596.0,82.2,new
LOYALTEX, EQ,2026-09-22,202.72,214.95,202.72,214.95,214.95,202.54,31,7000.000000000001,5,,23.0,74.19,new
LPDC, EQ,2026-09-22,6.87,6.95,6.32,6.58,6.88,6.87,162076,1058000.0,514,,92577.0,57.12,new
LRRPL, SM,2026-09-22,96.0,96.0,91.0,91.0,91.0,94.5,10500,983000.0,5,,10500.0,100.0,new
LT, EQ,2026-09-22,3919.6,3930.5,3866.0,3866.4,3866.4,3904.8,1355288,5270788000.0,81225,,707733.0,52.22,new
LTF, EQ,2026-09-22,308.15,309.25,302.05,304.9,304.9,307.8,2577248,785194000.0,46888,,1240822.0,48.15,new
LTFOODS, EQ,2026-09-22,430.8,430.8,420.15,421.35,420.8,430.8,336273,142932000.0,11933,,139610.0,41.52,new
LTGILTBEES, EQ,2026-09-22,29.83,29.84,29.7,29.74,29.74,29.75,3072917,91311000.0,705,,2987022.0,97.2,new
LTGILTCASE, EQ,2026-09-22,30.37,30.39,30.27,30.35,30.39,30.3,154472,4685000.0,224,,153017.0,99.06,new
LTM, EQ,2026-09-22,4187.1,4187.1,4094.0,4158.3,4158.3,4280.0,995608,4117764000.0,60857,,286602.0,28.79,new
LTTS, EQ,2026-09-22,3317.1,3330.5,3271.0,3293.6,3281.0,3307.0,40975,134696000.0,10391,,17251.0,42.1,new
LUMAXIND, EQ,2026-09-22,5778.0,5900.0,5778.0,5846.0,5863.5,5778.0,4530,26514999.999999996,1909,,2078.0,45.87,new
LUMAXTECH, EQ,2026-09-22,2085.0,2129.9,2067.3,2116.4,2112.5,2068.8,137061,288443000.0,20124,,62297.0,45.45,new
LUMINO, EQ,2026-09-22,112.98,116.64,106.56,108.27,107.7,113.36,22815313,2515979000.0,153899,,5280213.0,23.14,new
LUPIN, EQ,2026-09-22,2123.6,2135.0,2109.0,2135.0,2135.0,2124.5,597568,1266958000.0,41216,,396300.0,66.32,new
LUXIND, EQ,2026-09-22,1203.5,1210.3,1150.0,1157.5,1164.0,1192.4,42998,50764000.0,3741,,20613.0,47.94,new
LXCHEM, EQ,2026-09-22,178.5,182.64,177.1,178.01,178.0,177.62,736074,131877000.0,11176,,318996.0,43.34,new
LYKALABS, BE,2026-09-22,86.7,86.7,86.7,86.7,86.7,85.0,57416,4978000.0,90,,,,new
M&M, EQ,2026-09-22,3066.0,3093.7,3035.0,3044.5,3044.5,3055.3,1708090,5219524000.0,85238,,1040414.0,60.91,new
M&MFIN, EQ,2026-09-22,355.65,356.85,349.8,352.4,350.75,354.7,1732378,611554000.0,30984,,1137071.0,65.64,new
MAANALU, EQ,2026-09-22,108.37,108.37,100.2,104.81,104.05,105.12,63465,6593000.000000001,1900,,31197.0,49.16,new
MACOBSTECH, SM,2026-09-22,194.0,194.0,193.0,193.0,193.0,194.05,2400,463999.99999999994,3,,2400.0,100.0,new
MACPOWER, EQ,2026-09-22,1956.6,2124.0,1945.2,2096.5,2124.0,1955.3,83048,169655000.0,9313,,38199.0,46.0,new
MADHAV, EQ,2026-09-22,35.01,36.0,34.05,34.46,34.12,35.25,1060,37000.0,63,,1041.0,98.21,new
MADHAVBAUG, ST,2026-09-22,160.0,167.9,160.0,167.9,167.9,159.95,11600,1905000.0,15,,11600.0,100.0,new
MADHAVIPL, EQ,2026-09-22,7.65,8.08,7.21,7.39,7.5,7.74,200477,1525000.0,551,,158703.0,79.16,new
MADHUCON, EQ,2026-09-22,4.2,4.2,3.97,4.07,4.12,4.02,9701,39000.0,65,,6253.0,64.46,new
MADHURKNIT, SM,2026-09-22,47.2,48.25,46.1,47.35,47.5,49.1,57600,2721000.0,46,,38400.0,66.67,new
MADHUSUDAN, ST,2026-09-22,231.5,231.95,224.5,229.3,229.4,231.5,19000,4346000.0,18,,16000.0,84.21,new
MADRASFERT, EQ,2026-09-22,62.6,62.6,61.2,61.35,61.35,61.43,33641,2069000.0000000002,592,,21168.0,62.92,new
MAFANG, EQ,2026-09-22,245.79,248.96,237.0,238.18,238.0,243.36,736357,176707000.0,16365,,402376.0,54.64,new
MAFATIND, EQ,2026-09-22,122.59,122.59,120.05,120.32,120.22,122.59,31498,3813000.0000000005,664,,21399.0,67.94,new
MAGADSUGAR, EQ,2026-09-22,494.8,510.6,490.0,500.75,500.0,488.8,30380,15236000.000000002,2183,,8824.0,29.05,new
MAGNUM, EQ,2026-09-22,19.27,19.27,18.81,19.02,18.99,19.27,24116,458000.0,76,,22336.0,92.62,new
MAGSON, SM,2026-09-22,180.0,180.0,180.0,180.0,180.0,177.0,125000,22500000.0,43,,125000.0,100.0,new
MAHABANK, EQ,2026-09-22,82.52,83.3,82.29,82.4,82.4,82.2,6615014,546646000.0,28540,,3370225.0,50.95,new
MAHAPEXLTD, EQ,2026-09-22,55.95,55.98,53.3,53.79,53.35,54.36,3234,175000.0,82,,2897.0,89.58,new
MAHASTEEL, BE,2026-09-22,1128.9,1147.8,1080.3,1101.8,1081.6,1123.3,2539,2780000.0,233,,,,new
MAHEPC, EQ,2026-09-22,100.39,100.6,97.1,98.75,98.99,99.27,29129,2875000.0,829,,16979.0,58.29,new
MAHESHWARI, EQ,2026-09-22,73.0,73.4,71.5,71.53,71.5,72.0,12444,902000.0,100,,11059.0,88.87,new
MAHKTECH, EQ,2026-09-22,22.31,22.31,21.8,22.01,22.08,21.77,556489,12263000.0,3866,,346542.0,62.27,new
MAHLIFE, EQ,2026-09-22,360.85,363.6,356.25,359.05,359.45,362.65,68310,24496000.0,6530,,36480.0,53.4,new
MAHLOG, EQ,2026-09-22,397.0,406.95,397.0,400.3,401.25,399.3,69426,27852000.0,2969,,37929.0,54.63,new
MAHSCOOTER, EQ,2026-09-22,13600.0,13658.0,13251.0,13313.0,13267.0,13609.0,3629,48913000.0,1683,,1720.0,47.4,new
MAHSEAMLES, EQ,2026-09-22,707.0,712.85,695.0,697.35,695.0,706.95,112372,78839000.0,7129,,54207.0,48.24,new
MAITHANALL, EQ,2026-09-22,1005.0,1005.0,986.0,994.95,996.5,998.25,41393,41270000.0,2682,,22680.0,54.79,new
MAITREYA, SM,2026-09-22,123.0,123.0,112.6,112.6,112.6,107.75,2000,235000.0,5,,1600.0,80.0,new
MAJESAUT, BE,2026-09-22,368.45,370.0,355.0,362.25,367.0,364.85,915,330000.0,103,,,,new
MAKEINDIA, EQ,2026-09-22,162.76,163.26,161.43,161.65,161.98,162.68,17768,2883000.0,368,,7661.0,43.12,new
MAKERSL, EQ,2026-09-22,189.0,191.49,180.0,181.26,182.0,190.37,3883,719000.0,153,,2830.0,72.88,new
MAL, ST,2026-09-22,43.7,43.7,42.55,42.55,42.55,43.7,4800,206000.0,3,,3200.0,66.67,new
MALLCOM, EQ,2026-09-22,974.0,978.95,950.1,951.7,950.15,967.8,2723,2604000.0,275,,1821.0,66.87,new
MALUPAPER, EQ,2026-09-22,32.12,32.15,31.9,31.98,31.95,32.12,8576,275000.0,147,,5780.0,67.4,new
MAMATA, EQ,2026-09-22,402.0,414.0,400.0,403.55,404.8,404.3,40816,16619999.999999998,2011,,25029.0,61.32,new
MANAKALUCO, EQ,2026-09-22,35.0,36.5,35.0,35.36,35.23,35.43,39820,1421000.0,450,,21580.0,54.19,new
MANAKCOAT, EQ,2026-09-22,136.27,136.27,132.01,132.67,132.95,135.19,235115,31533000.0,4122,,143311.0,60.95,new
MANAKSIA, EQ,2026-09-22,63.98,66.7,63.7,65.34,65.75,63.27,57853,3778000.0,1011,,33206.0,57.4,new
MANAKSTEEL, BE,2026-09-22,108.29,108.7,105.3,107.25,107.2,108.29,19206,2048000.0,159,,,,new
MANALIPETC, EQ,2026-09-22,87.0,87.0,84.35,84.87,84.9,86.71,927627,79156000.0,9035,,333763.0,35.98,new
MANAPPURAM, EQ,2026-09-22,315.9,320.2,315.9,319.3,319.3,315.1,2282054,727645000.0,25948,,1146501.0,50.24,new
MANBA, EQ,2026-09-22,136.38,139.67,135.2,136.41,137.0,136.73,390344,53701000.0,3515,,174186.0,44.62,new
MANCREDIT, EQ,2026-09-22,228.0,229.0,221.22,222.53,224.0,226.68,102916,23199000.0,2142,,6228.0,6.05,new
MANDEEP, SM,2026-09-22,17.5,18.35,17.1,18.35,18.35,17.85,12000,214000.0,6,,6000.0,50.0,new
MANGALAM, EQ,2026-09-22,33.19,33.59,31.67,32.24,32.78,32.66,48764,1594000.0,594,,30716.0,62.99,new
MANGLMCEM, EQ,2026-09-22,1010.1,1020.6,998.0,1006.3,1005.1,1010.1,56199,56648000.0,3308,,32062.0,57.05,new
MANIKA, BE,2026-09-22,42.25,42.95,41.25,41.79,41.8,43.14,914028,38344000.0,4340,,,,new
MANILAM, SM,2026-09-22,40.0,40.0,40.0,40.0,40.0,40.0,2000,80000.0,1,,2000.0,100.0,new
MANINDS, EQ,2026-09-22,870.5,880.0,840.15,849.9,856.35,859.75,625173,535100000.0,23474,,354518.0,56.71,new
MANINFRA, EQ,2026-09-22,123.5,124.98,122.75,124.04,123.99,123.22,1053458,130401000.0,3834,,515262.0,48.91,new
MANIPALHOS, EQ,2026-09-22,756.0,769.75,743.0,746.1,746.6,747.15,1312945,993401000.0,43041,,596162.0,45.41,new
MANKIND, EQ,2026-09-22,2450.0,2490.0,2438.7,2480.0,2480.0,2437.8,667075,1647925999.9999998,45327,,288028.0,43.18,new
MANOMAY, EQ,2026-09-22,226.35,228.58,223.5,227.35,225.0,224.96,124259,28186000.0,2961,,24567.0,19.77,new
MANORAMA, EQ,2026-09-22,1923.0,1945.3,1905.0,1911.0,1907.0,1923.0,88545,170507000.0,13196,,46234.0,52.22,new
MANORG, EQ,2026-09-22,475.0,480.0,457.5,459.5,457.5,464.15,2762,1291000.0,365,,1701.0,61.59,new
MANUFGBEES, EQ,2026-09-22,162.03,162.03,159.71,160.44,160.45,160.43,5380,861999.9999999999,87,,4352.0,80.89,new
MANUGRAPH, EQ,2026-09-22,18.85,21.38,18.1,20.22,20.1,18.85,293270,6041000.0,1668,,118764.0,40.5,new
MANYAVAR, EQ,2026-09-22,539.95,540.05,526.0,535.35,532.0,536.7,286758,152632000.0,17812,,165489.0,57.71,new
MAPMYINDIA, EQ,2026-09-22,900.5,969.8,900.5,922.0,923.9,900.5,1688962,1584169000.0,62611,,221154.0,13.09,new
MARALOVER, EQ,2026-09-22,58.0,63.4,57.5,61.11,61.4,56.87,36191,2209000.0,534,,20094.0,55.52,new
MARATHON, EQ,2026-09-22,419.95,424.75,415.3,417.8,415.5,417.65,46245,19377000.0,1484,,26715.0,57.77,new
MARC, ST,2026-09-22,142.55,157.5,142.5,150.45,156.9,150.0,31200,4722000.0,22,,30000.0,96.15,new
MARCO, SM,2026-09-22,29.5,29.5,28.45,28.5,28.45,27.85,19500,567000.0,11,,13500.0,69.23,new
MARICO, EQ,2026-09-22,824.55,830.5,824.55,830.0,830.0,824.4,1090303,903394000.0,38059,,704788.0,64.64,new
MARINE, EQ,2026-09-22,422.0,423.8,404.0,411.45,411.0,415.8,1021060,421543999.99999994,38242,,342584.0,33.55,new
MARKOLINES, EQ,2026-09-22,170.7,171.75,167.27,169.24,169.96,169.76,249643,42354000.0,1523,,83833.0,33.58,new
MARKSANS, EQ,2026-09-22,340.05,340.95,328.65,332.95,332.95,338.1,1560912,520908000.0,37297,,666495.0,42.7,new
MARSONS, EQ,2026-09-22,127.99,132.37,126.33,127.88,128.3,127.33,859909,111116000.00000001,10945,,298590.0,34.72,new
MARUTI, EQ,2026-09-22,12155.0,12275.0,12142.0,12190.0,12190.0,12153.0,246724,3008457000.0,30047,,113920.0,46.17,new
MASFIN, EQ,2026-09-22,295.0,295.0,286.1,289.35,289.1,292.15,220651,63953000.0,10046,,125693.0,56.96,new
MASKINVEST, EQ,2026-09-22,146.1,146.1,138.0,144.31,145.0,145.0,361,52000.0,17,,352.0,97.51,new
MASON, SM,2026-09-22,111.05,111.2,110.0,110.75,111.0,110.05,13500,1498000.0,13,,13500.0,100.0,new
MASPTOP50, EQ,2026-09-22,116.08,118.83,96.27,98.01,97.45,113.25,4467822,468843000.0,41033,,1679186.0,37.58,new
MASTEK, EQ,2026-09-22,1590.0,1591.8,1561.5,1567.9,1564.0,1589.2,47680,75088000.0,5601,,25944.0,54.41,new
MASTER, SM,2026-09-22,400.0,400.0,400.0,400.0,400.0,395.0,500,200000.0,1,,500.0,100.0,new
MASTERTR, EQ,2026-09-22,88.67,88.67,86.2,86.46,86.5,87.68,135711,11817000.0,872,,53931.0,39.74,new
MATRIMONY, EQ,2026-09-22,555.0,555.45,544.7,550.75,550.0,549.8,13550,7470999.999999999,764,,9434.0,69.62,new
MAWANASUG, EQ,2026-09-22,126.35,134.0,124.57,131.43,131.5,125.45,303537,39689000.0,5901,,96246.0,31.71,new
MAXESTATES, EQ,2026-09-22,595.85,602.3,586.35,595.05,598.4,597.9,124021,73711000.0,4855,,77235.0,62.28,new
MAXHEALTH, EQ,2026-09-22,1060.1,1069.0,1049.7,1056.5,1056.5,1066.6,1132196,1202191000.0,33393,,468148.0,41.35,new
MAXIND, EQ,2026-09-22,153.52,154.4,148.21,151.86,152.0,152.0,45282,6806999.999999999,1203,,28663.0,63.3,new
MAXPOSURE, SM,2026-09-22,41.05,42.25,39.0,39.0,39.0,40.1,23000,927000.0,21,,19000.0,82.61,new
MAXVOLT, SM,2026-09-22,399.0,399.0,385.0,392.25,391.0,393.0,41600,16399000.0,101,,28000.0,67.31,new
MAYURUNIQ, EQ,2026-09-22,755.0,758.7,724.2,726.15,725.2,751.25,117662,86650000.0,6793,,69894.0,59.4,new
MAZDA, BE,2026-09-22,253.9,256.45,241.8,242.75,242.0,253.9,260665,63611000.0,575,,,,new
MAZDOCK, EQ,2026-09-22,2241.2,2250.5,2196.0,2204.0,2204.0,2232.0,611823,1357057000.0,30655,,254689.0,41.63,new
MBAPL, EQ,2026-09-22,162.0,166.36,162.0,165.68,165.88,160.76,810859,133520000.0,6427,,434135.0,53.54,new
MBECL, BE,2026-09-22,430.09,430.09,430.0,430.09,430.09,421.66,11498,4945000.0,189,,,,new
MBEL, EQ,2026-09-22,255.9,262.65,254.85,259.25,258.1,255.05,145564,37779000.0,5607,,67816.0,46.59,new
MBLINFRA, EQ,2026-09-22,22.0,22.55,21.24,21.76,21.75,21.76,14782,323000.0,85,,12258.0,82.93,new
MCCHRLS-B, EQ,2026-09-22,679.9,679.9,650.0,654.8,650.35,664.65,4108,2690000.0,128,,4102.0,99.85,new
MCL, EQ,2026-09-22,55.75,57.25,55.48,56.35,56.55,55.75,43960,2488000.0,760,,22361.0,50.87,new
MCLEODRUSS, EQ,2026-09-22,48.0,48.29,44.3,44.96,44.94,46.54,479493,22320000.0,2375,,265784.0,55.43,new
MCLOUD, EQ,2026-09-22,25.15,25.45,24.98,25.18,25.24,25.0,657233,16585000.0,2256,,328950.0,50.05,new
MCON, SM,2026-09-22,40.0,41.0,40.0,41.0,41.0,39.05,7000,284000.0,7,,7000.0,100.0,new
MCX, EQ,2026-09-22,3220.0,3289.8,3212.8,3262.6,3262.6,3209.0,1069125,3481817000.0,56112,,381659.0,35.7,new
MDL, SM,2026-09-22,60.0,60.0,60.0,60.0,60.0,60.0,10000,600000.0,1,,10000.0,100.0,new
MEDANTA, EQ,2026-09-22,1508.1,1516.0,1483.6,1487.8,1490.0,1508.1,144659,216262000.0,23953,,79419.0,54.9,new
MEDIASSIST, EQ,2026-09-22,340.4,342.9,327.0,328.6,329.0,336.6,740848,246465000.0,10394,,575366.0,77.66,new
MEDICAMEQ, BE,2026-09-22,317.9,326.85,314.0,319.5,321.95,318.2,20311,6493000.000000001,314,,,,new
MEDICAPQ, BE,2026-09-22,25.37,25.87,24.8,25.34,25.34,25.92,4022,102000.0,33,,,,new
MEDICO, EQ,2026-09-22,34.5,34.65,33.75,33.96,34.2,34.06,141351,4811000.0,1169,,98965.0,70.01,new
MEDISTEP, SM,2026-09-22,19.45,19.5,19.45,19.5,19.5,21.5,6000,117000.0,2,,6000.0,100.0,new
MEDPLUS, EQ,2026-09-22,660.0,663.05,655.0,655.55,657.45,660.7,22088,14506000.0,2326,,13607.0,61.6,new
MEESHO, EQ,2026-09-22,221.88,244.74,218.6,240.19,240.6,219.15,108359244,25647745000.0,569367,,16381640.0,15.12,new
MEGAFLEX, SM,2026-09-22,99.0,99.0,99.0,99.0,99.0,94.55,1000,99000.0,1,,1000.0,100.0,new
MEGASTAR, EQ,2026-09-22,284.0,284.0,272.05,276.1,278.0,275.95,4264,1182000.0,160,,3322.0,77.91,new
MEGATHERM, SM,2026-09-22,253.0,260.5,248.2,259.9,260.5,253.0,15600,3985000.0,37,,12400.0,79.49,new
MEIL, EQ,2026-09-22,271.25,273.95,265.55,271.75,270.3,267.25,21109,5684000.0,894,,12876.0,61.0,new
MENNPIS, BE,2026-09-22,73.04,74.39,73.01,73.35,74.1,73.4,11711,860000.0,152,,,,new
MENONBE, BE,2026-09-22,303.85,314.5,291.6,306.7,305.0,304.95,58106,17702000.0,728,,,,new
MEP, BZ,2026-09-22,0.65,0.65,0.63,0.63,0.63,0.64,153506,98000.0,84,,,,new
MERCANTILE, EQ,2026-09-22,23.48,23.48,21.6,22.1,22.0,22.82,4899,108000.0,55,,4384.0,89.49,new
MERCURYEV, EQ,2026-09-22,39.97,41.48,39.7,39.93,39.95,39.81,644774,26011000.0,4009,,339380.0,52.64,new
METAL, EQ,2026-09-22,13.34,13.34,13.06,13.11,13.12,13.12,5819561,76356000.0,4515,,3217348.0,55.29,new
METALIC, ST,2026-09-22,149.7,155.8,149.7,155.8,155.8,148.4,105600,16271000.0,64,,104000.0,98.48,new
METALIETF, EQ,2026-09-22,13.18,13.18,13.01,13.05,13.04,13.05,3502799,45766000.0,6763,,2205858.0,62.97,new
METROBRAND, EQ,2026-09-22,931.2,937.4,904.5,920.3,920.9,939.05,64975,59607000.00000001,9673,,31236.0,48.07,new
METROGLOBL, EQ,2026-09-22,133.3,133.5,129.0,132.97,132.97,132.01,1154,150000.0,45,,1045.0,90.55,new
METROPOLIS, EQ,2026-09-22,593.5,599.0,590.35,592.4,591.3,593.4,107949,64191000.0,9422,,59772.0,55.37,new
MFML, EQ,2026-09-22,19.78,19.78,18.7,19.26,18.81,18.82,471,9000.0,30,,318.0,67.52,new
MFSL, EQ,2026-09-22,1574.9,1581.1,1549.2,1554.2,1554.2,1569.0,279864,436528000.0,23935,,155873.0,55.7,new
MGEL, EQ,2026-09-22,15.94,15.94,15.31,15.52,15.5,15.78,5412606,83919000.0,1057,,5173773.0,95.59,new
MGL, EQ,2026-09-22,1075.5,1079.8,1059.0,1067.3,1061.1,1077.8,236016,252323000.0,13364,,165049.0,69.93,new
MGSL, SM,2026-09-22,65.95,68.95,65.85,68.95,68.95,64.05,6000,400000.0,5,,4800.0,80.0,new
MHHL, SM,2026-09-22,31.5,32.0,31.5,32.0,32.0,30.5,3000,95000.0,2,,3000.0,100.0,new
MHLXMIRU, BE,2026-09-22,155.4,163.32,155.4,163.26,163.32,155.55,15858,2583000.0,136,,,,new
MHRIL, EQ,2026-09-22,201.37,202.0,198.1,199.07,200.0,201.37,44579,8898000.0,2195,,27353.0,61.36,new
MICEL, BE,2026-09-22,34.03,34.03,34.03,34.03,34.03,33.37,129272,4399000.0,201,,,,new
MICROPRO, SM,2026-09-22,17.25,18.3,17.25,17.45,17.45,18.35,8000,142000.0,5,,8000.0,100.0,new
MID150, EQ,2026-09-22,23.25,23.35,23.0,23.17,23.18,23.2,24126,561000.0,149,,24087.0,99.84,new
MID150BEES, EQ,2026-09-22,237.59,237.59,235.5,236.21,236.75,236.51,312262,73845000.0,5698,,224007.0,71.74,new
MID150CASE, EQ,2026-09-22,11.31,11.8,11.31,11.47,11.46,11.52,1366142,15722000.0,3111,,914205.0,66.92,new
MIDBANKADD, EQ,2026-09-22,17.14,17.15,17.0,17.06,17.07,17.12,308564,5267000.0,50,,302664.0,98.09,new
MIDCAP, EQ,2026-09-22,18.26,18.48,18.06,18.22,18.34,18.26,260998,4765000.0,685,,172199.0,65.98,new
MIDCAPADD, EQ,2026-09-22,22.96,23.0,22.86,22.89,22.89,22.96,16028,368000.0,203,,14614.0,91.18,new
MIDCAPBETA, EQ,2026-09-22,231.91,232.1,230.05,232.0,232.0,230.76,2505,577000.0,25,,2485.0,99.2,new
MIDCAPETF, EQ,2026-09-22,23.34,23.47,23.27,23.32,23.34,23.34,1440561,33671000.0,4613,,1032115.0,71.65,new
MIDCAPIETF, EQ,2026-09-22,23.66,23.85,23.48,23.54,23.6,23.63,714577,16916000.0,2085,,330736.0,46.28,new
MIDHANI, EQ,2026-09-22,419.95,423.95,413.35,415.2,414.9,418.55,496164,206941000.0,15462,,204154.0,41.15,new
MIDQ50ADD, EQ,2026-09-22,24.99,24.99,24.3,24.35,24.42,24.39,10218,249000.00000000003,82,,8980.0,87.88,new
MIDSELIETF, EQ,2026-09-22,19.78,19.78,19.6,19.65,19.71,19.7,430796,8476000.0,661,,281847.0,65.42,new
MIDSMALL, EQ,2026-09-22,51.63,51.63,51.09,51.14,51.25,51.37,116835,5994000.0,1337,,58994.0,50.49,new
MIDWESTLTD, EQ,2026-09-22,998.1,1029.0,986.6,1018.3,1012.0,988.3,17524,17777000.0,2013,,6908.0,39.42,new
MIIL, EQ,2026-09-22,714.5,716.0,699.0,710.45,711.95,703.6,88266,62335000.0,1799,,38980.0,44.16,new
MILKYMIST, EQ,2026-09-22,293.2,302.15,291.2,302.15,302.15,287.77,11275606,3375137000.0000005,63118,,2729939.0,24.21,new
MINALIND, BE,2026-09-22,4.95,4.95,4.95,4.95,4.95,5.05,1919,9000.0,28,,,,new
MINDACORP, EQ,2026-09-22,680.3,687.95,676.7,685.4,685.55,679.6,101472,69467000.0,10623,,54804.0,54.01,new
MINDSPACE, RR,2026-09-22,506.2,507.99,501.35,504.76,504.84,505.14,713419,360268000.0,4772,,683073.0,95.75,new
MINDTECK, EQ,2026-09-22,155.37,160.0,155.37,157.94,160.0,155.72,14331,2257000.0,644,,7402.0,51.65,new
MIRZAINT, EQ,2026-09-22,29.11,29.49,29.0,29.12,29.19,29.16,54503,1589000.0,666,,31635.0,58.04,new
MITCON, EQ,2026-09-22,79.8,82.5,79.8,80.12,79.96,79.86,79499,6440000.000000001,64,,78857.0,99.19,new
MITTAL, EQ,2026-09-22,0.78,0.78,0.76,0.76,0.77,0.76,1010483,775000.0,289,,581657.0,57.56,new
MKEXIM, EQ,2026-09-22,64.1,68.9,64.1,68.04,68.5,65.87,15103,1014000.0,173,,13902.0,92.05,new
MKPL, EQ,2026-09-22,4.04,4.11,3.98,4.03,4.06,3.98,64158,259000.0,281,,47763.0,74.45,new
MLKFOOD, EQ,2026-09-22,83.0,83.0,80.26,82.45,82.5,81.62,4497,368000.0,92,,1681.0,37.38,new
MMEL, SM,2026-09-22,27.15,27.15,26.7,26.7,26.7,27.05,10000,269000.0,5,,10000.0,100.0,new
MMFL, EQ,2026-09-22,613.0,616.95,597.5,603.4,603.0,612.85,86119,52184000.0,6044,,40675.0,47.23,new
MMP, EQ,2026-09-22,489.9,497.0,455.35,461.3,463.7,477.7,157727,74657000.0,5676,,82675.0,52.42,new
MMTC, EQ,2026-09-22,60.47,60.8,59.56,59.67,59.67,59.79,718269,43139000.0,5208,,318712.0,44.37,new
MMWL, EQ,2026-09-22,13.19,13.39,12.77,13.29,13.37,13.19,9664,127000.0,97,,7079.0,73.25,new
MNC, EQ,2026-09-22,32.5,32.78,32.18,32.28,32.35,32.58,40231,1305000.0,392,,34973.0,86.93,new
MOALPHA50, EQ,2026-09-22,55.69,56.98,55.0,55.44,55.39,55.69,18003,1001000.0,74,,16399.0,91.09,new
MOBANK10, EQ,2026-09-22,16.89,16.89,16.65,16.77,16.85,16.73,3877,65000.0,45,,3307.0,85.3,new
MOBIKWIK, EQ,2026-09-22,209.5,214.2,207.7,209.02,208.48,209.57,1446487,305716000.0,20359,,419023.0,28.97,new
MOBILISE, SM,2026-09-22,104.35,112.0,103.45,103.45,103.45,106.75,9600,1014000.0,6,,6400.0,66.67,new
MOCAPITAL, EQ,2026-09-22,53.01,53.69,52.91,52.94,53.18,52.93,338511,17974000.0,1946,,161248.0,47.63,new
MODEFENCE, EQ,2026-09-22,103.99,104.48,102.3,103.81,103.58,103.27,915413,95179000.0,5822,,582780.0,63.66,new
MODINATUR, EQ,2026-09-22,345.1,359.0,345.1,355.75,359.0,349.75,3282,1159000.0,329,,2008.0,61.18,new
MODIRUBBER, EQ,2026-09-22,122.0,126.0,121.51,122.04,124.98,123.51,1014,125000.0,33,,810.0,79.88,new
MODIS, EQ,2026-09-22,346.6,350.75,344.85,347.3,346.5,346.6,10261,3563000.0000000005,565,,5428.0,52.9,new
MODISONLTD, BE,2026-09-22,455.0,479.0,451.75,468.25,469.45,456.3,84256,39681000.0,915,,,,new
MODTHREAD, EQ,2026-09-22,46.4,47.66,45.22,46.37,46.5,47.05,6243,288000.0,204,,4242.0,67.95,new
MOENERGY, EQ,2026-09-22,38.0,38.37,37.77,37.91,37.99,37.99,57907,2208000.0,456,,45222.0,78.09,new
MOGOLD, EQ,2026-09-22,150.4,150.4,148.8,149.7,150.1,150.05,257739,38549000.0,682,,236989.0,91.95,new
MOGSEC, EQ,2026-09-22,63.66,65.49,63.66,65.03,65.03,65.3,9575,619000.0,60,,8824.0,92.16,new
MOHEALTH, EQ,2026-09-22,53.85,53.85,52.58,52.65,52.65,53.06,55690,2944000.0,543,,31985.0,57.43,new
MOHITE, EQ,2026-09-22,2.48,2.54,2.43,2.47,2.51,2.47,11716,28999.999999999996,95,,11384.0,97.17,new
MOHITIND, EQ,2026-09-22,23.9,23.9,22.56,22.87,23.19,23.75,12579,290000.0,114,,10855.0,86.29,new
MOIL, EQ,2026-09-22,241.5,245.59,241.5,243.2,243.11,241.35,338539,82361000.0,6018,,134742.0,39.8,new
MOINFRA, EQ,2026-09-22,58.57,58.57,57.06,57.56,58.35,58.41,2967,172000.0,49,,1526.0,51.43,new
MOIPO, EQ,2026-09-22,48.87,49.64,48.73,48.98,48.95,48.42,6695,328000.0,43,,6399.0,95.58,new
MOKSH, EQ,2026-09-22,9.97,10.1,9.95,10.06,10.08,9.94,49760,498000.00000000006,125,,34224.0,68.78,new
MOL, EQ,2026-09-22,62.25,62.94,61.02,61.45,61.25,62.18,480743,29727000.0,3558,,189898.0,39.5,new
MOLBIO, EQ,2026-09-22,1230.0,1283.5,1227.6,1263.8,1269.0,1218.8,1579734,1981750000.0,66318,,216762.0,13.72,new
MOLDTECH, BE,2026-09-22,192.0,198.95,191.1,194.44,195.5,195.66,23122,4482000.0,254,,,,new
MOLDTKPAC, EQ,2026-09-22,644.85,651.25,638.0,639.95,640.0,644.85,25115,16180000.000000002,1893,,14702.0,58.54,new
MOLOWVOL, EQ,2026-09-22,36.1,36.1,35.09,35.25,35.34,35.4,84026,2953000.0,50,,78582.0,93.52,new
MOM100, EQ,2026-09-22,67.25,67.4,66.66,66.87,66.66,67.1,137012,9190000.0,1987,,81582.0,59.54,new
MOM30IETF, EQ,2026-09-22,31.09,31.14,30.77,30.83,30.95,30.91,448767,13905000.000000002,1471,,267888.0,59.69,new
MOM50, EQ,2026-09-22,243.55,246.51,243.52,243.74,245.97,244.97,3737,915000.0,128,,2325.0,62.22,new
MOMENTUM, EQ,2026-09-22,29.99,31.0,29.99,30.75,30.83,30.76,91264,2803000.0,143,,86525.0,94.81,new
MOMENTUM30, EQ,2026-09-22,30.48,31.8,30.3,30.93,30.46,30.3,21103,649000.0,103,,15074.0,71.43,new
MOMENTUM50, EQ,2026-09-22,54.07,54.37,53.36,53.53,53.65,53.81,435747,23491000.0,13901,,236296.0,54.23,new
MOMETAL, EQ,2026-09-22,13.07,13.07,12.97,13.02,13.02,12.95,2155,28000.000000000004,30,,1090.0,50.58,new
MOMGF, EQ,2026-09-22,162.8,162.81,159.05,159.42,159.38,162.18,1497,240000.0,47,,1165.0,77.82,new
MOMIDMTM, EQ,2026-09-22,62.42,64.68,62.42,63.64,63.41,64.03,77472,4955000.0,281,,54886.0,70.85,new
MOMMIDCAP, EQ,2026-09-22,12.9,12.92,12.81,12.82,12.85,12.85,2474779,31781000.0,664,,2430456.0,98.21,new
MOMNC, EQ,2026-09-22,31.72,31.73,31.3,31.41,31.41,31.65,2870,90000.0,14,,2230.0,77.7,new
MOMOMENTUM, EQ,2026-09-22,62.27,62.27,60.83,61.32,61.45,61.32,51028,3136000.0,330,,24764.0,48.53,new
MOMSBELIEF, BE,2026-09-22,223.89,230.0,221.02,228.33,228.55,223.89,46009,10470000.0,562,,,,new
MON100, EQ,2026-09-22,338.49,339.7,320.42,324.95,326.5,330.24,1056991,348845000.0,20988,,558347.0,52.82,new
MON50EQUAL, EQ,2026-09-22,33.0,33.49,32.34,32.63,32.56,32.66,6702,217000.0,76,,4614.0,68.85,new
MONARCH, EQ,2026-09-22,362.0,369.05,361.95,366.9,367.0,361.7,68954,25176000.0,1389,,41420.0,60.07,new
MONEXT50, EQ,2026-09-22,72.2,72.99,71.26,71.54,71.42,72.25,4634,335000.0,69,,4304.0,92.88,new
MONEYBOXX, EQ,2026-09-22,60.07,60.07,54.55,57.4,57.59,57.21,514607,29883999.999999996,1266,,301532.0,58.59,new
MONIFTY100, EQ,2026-09-22,24.75,24.84,24.57,24.72,24.75,24.82,5958,147000.0,72,,5858.0,98.32,new
MONIFTY500, EQ,2026-09-22,23.47,23.59,23.34,23.44,23.46,23.47,213318,5000000.0,1075,,140815.0,66.01,new
MONOLITH, SM,2026-09-22,1240.0,1299.0,1240.0,1282.55,1280.0,1243.45,20750,26325000.0,81,,13750.0,66.27,new
MONQ50, EQ,2026-09-22,317.04,317.04,253.64,253.64,253.64,317.04,942885,250113000.0,9157,,479986.0,50.91,new
MONTECARLO, EQ,2026-09-22,534.1,539.0,521.0,524.35,525.85,534.65,68944,36293000.0,2726,,37689.0,54.67,new
MOOILGAS, EQ,2026-09-22,11.27,12.15,10.9,11.51,11.03,11.05,14110,155000.0,69,,13540.0,95.96,new
MOPSE, EQ,2026-09-22,99.26,100.3,98.03,98.42,98.46,101.3,4721,467000.0,69,,3508.0,74.31,new
MOQUALITY, EQ,2026-09-22,194.43,194.9,193.11,193.97,194.04,193.74,704,136000.0,40,,311.0,44.18,new
MOREALTY, EQ,2026-09-22,87.79,87.79,85.15,86.08,86.25,85.65,335647,28938000.0,1227,,201150.0,59.93,new
MOREPENLAB, EQ,2026-09-22,122.35,123.8,118.12,119.04,119.1,122.35,10361426,1248751000.0,41212,,3346873.0,32.3,new
MOS, SM,2026-09-22,6.65,6.65,6.15,6.65,6.65,6.05,15828000,105217000.0,560,,15192000.0,95.98,new
MOSCHIP, EQ,2026-09-22,208.0,211.7,206.51,207.37,207.7,206.05,938006,195291000.0,14158,,313226.0,33.39,new
MOSERVICE, EQ,2026-09-22,30.37,30.37,30.1,30.2,30.2,30.43,17172,518000.0,48,,14030.0,81.7,new
MOSILVER, EQ,2026-09-22,230.2,230.2,226.0,227.71,228.59,229.59,22873,5226000.0,1392,,7819.0,34.18,new
MOSMALL250, EQ,2026-09-22,18.37,18.48,18.2,18.3,18.27,18.36,395721,7272000.0,1741,,273259.0,69.05,new
MOTHERSON, EQ,2026-09-22,162.75,163.9,161.21,161.77,161.77,162.91,8031394,1307642000.0,63431,,4417945.0,55.01,new
MOTILALOFS, EQ,2026-09-22,995.6,1025.0,995.6,1007.0,1007.0,995.0,813525,824374000.0,32027,,288554.0,35.47,new
MOTISONS, EQ,2026-09-22,18.0,18.71,17.88,18.04,18.06,17.94,70245799,1275692000.0,83397,,11714996.0,16.68,new
MOTOGENFIN, EQ,2026-09-22,27.4,27.5,26.0,26.28,26.02,26.45,110559,2973000.0,223,,87440.0,79.09,new
MOTOUR, EQ,2026-09-22,78.01,78.71,78.01,78.52,78.45,78.01,9292,728000.0,117,,8191.0,88.15,new
MOVALUE, EQ,2026-09-22,110.66,111.48,110.13,110.44,110.13,110.66,384762,42448000.0,629,,345614.0,89.83,new
MPDL, BE,2026-09-22,30.0,30.0,30.0,30.0,30.0,30.0,201,6000.0,3,,,,new
MPEL, SM,2026-09-22,23.5,23.5,21.45,22.0,22.0,22.55,33600,750000.0,15,,27200.0,80.95,new
MPHASIS, EQ,2026-09-22,2298.4,2306.5,2254.5,2265.0,2265.0,2296.2,506297,1149772000.0,23503,,296327.0,58.53,new
MPIMANIPAL, EQ,2026-09-22,335.0,342.6,330.35,338.6,339.9,336.6,616288,207457000.00000003,17646,,247090.0,40.09,new
MPSLTD, EQ,2026-09-22,2605.0,2650.0,2591.8,2603.2,2593.0,2617.2,4754,12461000.0,1105,,3340.0,70.26,new
MRF, EQ,2026-09-22,125490.0,125755.0,124635.0,124770.0,124695.0,124855.0,1591,199029000.0,1373,,639.0,40.16,new
MRIL, ST,2026-09-22,80.05,80.1,79.65,79.9,79.65,83.75,8000,639000.0,5,,8000.0,100.0,new
MRPL, EQ,2026-09-22,167.65,168.06,164.0,164.44,164.32,167.03,4279978,707244000.0,34017,,1295738.0,30.27,new
MSCI360, EQ,2026-09-22,9.86,9.94,9.83,9.91,9.91,9.86,316,3000.0,18,,302.0,95.57,new
MSCIADD, EQ,2026-09-22,28.93,28.94,28.8,28.91,28.91,28.96,333,10000.0,9,,141.0,42.34,new
MSCIINDIA, EQ,2026-09-22,29.2,29.32,29.09,29.19,29.26,29.22,6221,182000.0,161,,4300.0,69.12,new
MSL, EQ,2026-09-22,136.1,138.0,136.1,138.0,138.0,136.0,41,6000.0,2,,41.0,100.0,new
MSPL, EQ,2026-09-22,33.4,33.8,32.8,33.39,33.53,33.28,1337071,44483000.0,4157,,885577.0,66.23,new
MSTCLTD, EQ,2026-09-22,729.1,755.0,728.0,746.95,748.5,729.85,255933,190102000.0,12413,,122914.0,48.03,new
MSUMI, EQ,2026-09-22,35.63,35.74,35.1,35.15,35.27,35.6,5632984,198989000.0,22914,,3510073.0,62.31,new
MTARTECH, BE,2026-09-22,7100.0,7209.0,6925.0,7176.0,7197.5,7015.5,64031,458341000.0,8965,,,,new
MTEDUCARE, BE,2026-09-22,1.74,1.74,1.62,1.67,1.64,1.7,58555,98000.0,59,,,,new
MTNL, EQ,2026-09-22,23.75,24.26,23.5,23.67,23.8,23.65,734073,17496000.0,3167,,277816.0,37.85,new
MUFIN, EQ,2026-09-22,132.84,135.47,131.01,132.69,132.11,132.17,610502,81454000.0,3721,,223006.0,36.53,new
MUFTI, EQ,2026-09-22,72.25,73.92,72.12,73.34,73.61,72.73,36520,2665000.0,635,,20386.0,55.82,new
MUKANDLTD, EQ,2026-09-22,136.1,143.0,136.03,141.41,141.0,136.03,207157,29149000.0,3598,,111791.0,53.96,new
MUKESHB, EQ,2026-09-22,132.7,132.7,127.0,130.5,130.5,126.42,51,7000.000000000001,3,,50.0,98.04,new
MUKKA, BE,2026-09-22,28.28,28.28,27.01,27.37,27.41,28.25,265123,7334999.999999999,1208,,,,new
MUKTAARTS, BE,2026-09-22,56.12,56.17,55.06,56.0,56.0,56.1,8740,490000.00000000006,49,,,,new
MULTICAP, EQ,2026-09-22,16.53,16.57,16.43,16.45,16.43,16.49,151841,2505000.0,481,,71773.0,47.27,new
MUNISH, SM,2026-09-22,94.5,94.5,94.5,94.5,94.5,95.45,1200,112999.99999999999,1,,1200.0,100.0,new
MUNJALAU, EQ,2026-09-22,105.71,107.49,104.15,104.8,105.0,105.71,239397,25261000.0,9338,,94515.0,39.48,new
MUNJALSHOW, EQ,2026-09-22,129.3,138.8,126.02,133.32,133.49,128.53,173266,23211000.0,2122,,70464.0,40.67,new
MURUDCERA, EQ,2026-09-22,28.5,30.2,28.5,29.23,29.24,28.3,27522,807000.0,312,,22161.0,80.52,new
MUTHOOTCAP, EQ,2026-09-22,228.95,233.18,226.02,229.85,230.57,228.87,4638,1065000.0,265,,3171.0,68.37,new
MUTHOOTFIN, EQ,2026-09-22,2855.0,2874.0,2822.0,2831.5,2831.5,2854.2,484238,1377778000.0,73988,,268498.0,55.45,new
MUTHOOTMF, EQ,2026-09-22,189.3,194.44,187.45,188.32,187.8,188.75,218153,41467000.0,4716,,120375.0,55.18,new
MVELECTRO, EQ,2026-09-22,884.9,895.0,851.0,877.35,871.15,882.2,1534723,1345438000.0,46657,,245233.0,15.98,new
MVGJL, EQ,2026-09-22,214.5,217.09,205.82,213.26,213.1,214.51,407774,86328000.0,11039,,163244.0,40.03,new
MVKAGRO, SM,2026-09-22,220.5,220.5,220.5,220.5,220.5,232.1,23100,5094000.0,43,,23100.0,100.0,new
MWL, EQ,2026-09-22,43.15,43.25,41.87,42.03,42.0,42.56,378882,16047000.0,2705,,181225.0,47.83,new
MYMUDRA, SM,2026-09-22,60.2,70.0,60.2,64.65,63.05,61.3,24000,1604000.0,20,,14400.0,60.0,new
MYSORPETRO, BE,2026-09-22,128.99,129.32,126.0,127.13,127.05,129.32,2457,312000.0,37,,,,new
NACLIND, EQ,2026-09-22,144.6,145.44,137.97,138.62,139.25,143.9,1558909,217927000.0,22775,,819262.0,52.55,new
NAGREEKCAP, EQ,2026-09-22,30.0,30.0,28.15,28.46,29.04,29.06,17052,492000.0,184,,13773.0,80.77,new
NAGREEKEXP, EQ,2026-09-22,21.06,22.5,21.06,21.66,21.63,21.65,18998,419000.00000000006,181,,17226.0,90.67,new
NAHARCAP, EQ,2026-09-22,256.5,256.5,247.9,249.95,250.0,255.75,1357,339000.0,52,,1257.0,92.63,new
NAHARINDUS, EQ,2026-09-22,131.17,133.9,130.0,131.71,131.55,131.7,38768,5109000.0,1220,,26696.0,68.86,new
NAHARPOLY, EQ,2026-09-22,223.01,238.09,223.01,232.84,232.17,223.41,6546,1526000.0,255,,4710.0,71.95,new
NAHARSPING, EQ,2026-09-22,280.0,281.9,277.0,277.85,279.6,279.9,18714,5224000.0,837,,13771.0,73.59,new
NAM-INDIA, EQ,2026-09-22,1149.0,1164.9,1139.2,1159.0,1159.0,1146.7,699444,804595000.0,31626,,372264.0,53.22,new
NAMAN, SM,2026-09-22,42.0,42.0,42.0,42.0,42.0,40.0,17600,739000.0,21,,17600.0,100.0,new
NAMOEWASTE, SM,2026-09-22,264.45,316.55,262.2,316.55,316.55,263.8,240000,73206000.0,245,,172000.0,71.67,new
NARMADA, EQ,2026-09-22,13.47,13.75,13.3,13.42,13.5,13.47,434476,5837000.0,498,,270056.0,62.16,new
NATCAPSUQ, BE,2026-09-22,167.0,172.35,163.5,169.0,168.9,167.16,20174,3402000.0000000005,139,,,,new
NATCOPHARM, EQ,2026-09-22,819.3,820.0,806.1,815.05,815.9,816.3,619357,503991000.0,34001,,341829.0,55.19,new
NATHBIOGEN, EQ,2026-09-22,153.0,153.76,148.0,148.38,148.74,151.8,99665,14758000.000000002,424,,97465.0,97.79,new
NATIONALUM, EQ,2026-09-22,352.95,353.2,348.1,352.2,352.2,352.5,2687468,941739000.0,43940,,1358644.0,50.55,new
NATIONSTD, EQ,2026-09-22,116.5,116.85,113.02,114.98,114.99,114.76,9396,1079000.0,451,,6778.0,72.14,new
NAUKRI, EQ,2026-09-22,1296.0,1316.9,1291.9,1304.0,1304.0,1296.4,1322215,1726421000.0,47771,,585545.0,44.29,new
NAVA, EQ,2026-09-22,558.9,562.35,550.0,550.9,550.85,554.65,183108,101382000.0,11442,,111966.0,61.15,new
NAVINFLUOR, EQ,2026-09-22,8500.0,8650.0,8411.0,8438.0,8411.0,8486.5,72911,620731000.0,14964,,39042.0,53.55,new
NAVKARCORP, EQ,2026-09-22,88.58,90.36,88.58,89.38,90.36,88.58,214447,19154000.0,2792,,113606.0,52.98,new
NAVKARURB, EQ,2026-09-22,0.9,0.91,0.88,0.91,0.91,0.87,284743,259000.0,114,,249806.0,87.73,new
NAVNETEDUL, EQ,2026-09-22,125.55,127.05,121.65,123.12,122.8,126.82,202463,24994000.0,3529,,140740.0,69.51,new
NAZARA, EQ,2026-09-22,369.0,372.45,366.0,370.45,370.75,367.25,548510,202701000.0,9552,,290681.0,52.99,new
NBCC, EQ,2026-09-22,83.18,83.64,81.5,81.9,81.9,83.15,4367203,359617000.0,24133,,1865003.0,42.7,new
NBIFIN, EQ,2026-09-22,1998.9,1998.9,1927.0,1948.0,1948.0,1945.0,6323,12205000.0,82,,6180.0,97.74,new
NCC, EQ,2026-09-22,136.05,137.62,133.75,134.41,134.73,136.03,1592824,215383000.0,17660,,867651.0,54.47,new
NCLIND, EQ,2026-09-22,176.5,177.4,175.1,175.51,175.1,175.68,26986,4750000.0,1063,,19904.0,73.76,new
NDGL, EQ,2026-09-22,2670.0,2698.9,2521.0,2590.0,2590.0,2580.6,175,455999.99999999994,73,,99.0,56.57,new
NDL, EQ,2026-09-22,2.79,2.79,2.74,2.76,2.78,2.79,649914,1795000.0,904,,388436.0,59.77,new
NDLVENTURE, EQ,2026-09-22,123.4,126.13,122.5,124.01,124.02,124.64,3522,436000.00000000006,120,,2991.0,84.92,new
NDRAUTO, EQ,2026-09-22,732.2,767.65,732.2,753.2,758.0,732.2,39462,29770000.0,2584,,21265.0,53.89,new
NDRINVIT, IV,2026-09-22,145.0,145.0,145.0,145.0,145.0,145.0,25000,3625000.0,1,,25000.0,100.0,new
NDTV, EQ,2026-09-22,71.97,73.5,71.0,72.31,72.49,71.57,42101,3023000.0,583,,29071.0,69.05,new
NEAGI, EQ,2026-09-22,3452.7,3470.0,3452.7,3468.8,3470.0,3470.0,15,52000.0,4,,15.0,100.0,new
NECCLTD, BE,2026-09-22,19.62,19.8,19.0,19.66,19.25,19.43,114401,2224000.0,253,,,,new
NECLIFE, EQ,2026-09-22,11.05,11.14,10.75,10.83,10.8,10.93,130968,1427000.0,430,,94561.0,72.2,new
NEELAM, SM,2026-09-22,7.7,7.7,7.35,7.35,7.35,7.35,12000,90000.0,2,,12000.0,100.0,new
NELCAST, EQ,2026-09-22,109.49,110.0,108.08,108.9,109.31,107.57,58414,6376000.0,1226,,30302.0,51.87,new
NELCO, EQ,2026-09-22,989.0,1030.0,989.0,1011.75,1005.6,986.35,421377,427942000.0,16180,,179028.0,42.49,new
NEOGEN, EQ,2026-09-22,2371.6,2397.7,2363.7,2379.2,2380.0,2359.8,122496,291731000.0,12538,,45073.0,36.8,new
NEPHROCARE, SM,2026-09-22,97.4,97.4,96.0,96.15,96.5,93.25,18000,1742000.0000000002,37,,12800.0,71.11,new
NEPHROPLUS, EQ,2026-09-22,753.0,762.1,739.2,749.45,755.0,751.6,205974,154535000.0,17013,,117264.0,56.93,new
NEPTUNE, SM,2026-09-22,177.95,179.0,177.0,179.0,179.0,177.95,3000,534000.0,6,,2500.0,83.33,new
NESCO, EQ,2026-09-22,1080.0,1085.0,1063.5,1069.0,1072.0,1081.9,39039,41834000.0,4559,,27658.0,70.85,new
NESTLEIND, EQ,2026-09-22,1382.2,1392.9,1363.9,1363.9,1363.9,1385.0,865008,1187052000.0,36869,,570121.0,65.91,new
NETF, EQ,2026-09-22,256.0,256.0,254.01,254.99,254.99,254.72,421,107000.0,90,,209.0,49.64,new
NETWEB, EQ,2026-09-22,4768.0,4835.0,4742.0,4817.0,4822.0,4718.0,927925,4445646000.0,69928,,207494.0,22.36,new
NETWORK18, EQ,2026-09-22,26.8,27.37,26.71,26.91,26.93,26.79,3752909,101544000.0,7918,,1787582.0,47.63,new
NEUEON, BE,2026-09-22,12.08,12.44,12.08,12.44,12.44,11.85,6656,83000.0,15,,,,new
NEULANDLAB, EQ,2026-09-22,22730.0,23040.0,22435.0,22550.0,22580.0,22610.0,26441,601564000.0,11187,,14966.0,56.6,new
NEWGEN, EQ,2026-09-22,497.0,500.75,492.3,495.7,494.0,494.1,352708,175036000.0,13909,,96784.0,27.44,new
NEWJAISA, ST,2026-09-22,18.15,18.2,18.0,18.0,18.0,17.55,4500,82000.0,3,,4500.0,100.0,new
NEXT30ADD, EQ,2026-09-22,42.24,42.37,41.85,42.1,41.85,42.21,1600,67000.0,53,,1054.0,65.88,new
NEXT50, EQ,2026-09-22,746.51,748.72,741.06,742.39,741.23,745.51,22526,16779000.0,2494,,9211.0,40.89,new
NEXT50ADD, EQ,2026-09-22,72.87,72.87,72.35,72.57,72.58,72.68,16335,1186000.0,31,,7858.0,48.11,new
NEXT50BETA, EQ,2026-09-22,78.02,78.39,77.03,77.27,77.52,78.02,936981,72759000.0,863,,894557.0,95.47,new
NEXT50ETF, EQ,2026-09-22,72.82,74.5,72.01,72.61,72.74,72.89,16434,1195000.0,222,,10817.0,65.82,new
NEXT50IETF, EQ,2026-09-22,76.35,76.6,75.71,75.87,76.1,76.35,364547,27768000.0,4052,,214163.0,58.75,new
NEXTMEDIA, EQ,2026-09-22,3.88,3.89,3.64,3.74,3.74,3.82,12492,47000.0,102,,11151.0,89.27,new
NFL, EQ,2026-09-22,66.99,67.29,66.57,66.71,66.6,66.83,357620,23894000.0,2692,,158373.0,44.29,new
NGIL, EQ,2026-09-22,38.2,40.49,38.16,39.04,39.2,38.16,214313,8359999.999999999,335,,211336.0,98.61,new
NGLFINE, EQ,2026-09-22,2761.4,2875.0,2695.0,2859.4,2838.0,2731.6,16029,45058000.0,2572,,8925.0,55.68,new
NH, EQ,2026-09-22,1896.9,1913.8,1878.0,1883.3,1887.2,1896.9,86014,162648000.0,11860,,41491.0,48.24,new
NHIT, IV,2026-09-22,171.0,171.0,170.0,170.0,170.0,171.0,300000,51275000.0,5,,300000.0,100.0,new
NHPC, EQ,2026-09-22,75.89,76.49,75.6,76.01,76.01,75.8,9874034,750660000.0,47370,,5404896.0,54.74,new
NIACL, EQ,2026-09-22,187.0,191.54,186.56,187.41,187.2,186.56,2272794,429105000.0,23296,,451369.0,19.86,new
NIBE, EQ,2026-09-22,1399.0,1405.0,1358.9,1369.9,1372.0,1371.1,65055,89954000.0,5970,,35794.0,55.02,new
NIBL, EQ,2026-09-22,30.62,34.99,30.62,33.08,33.87,30.62,105959,3553000.0,1588,,57116.0,53.9,new
NICCOPAR, EQ,2026-09-22,82.1,84.9,81.5,81.5,81.5,82.1,596,49000.0,24,,517.0,86.74,new
NIDAN, SM,2026-09-22,13.65,13.7,13.65,13.7,13.7,13.4,2000,27000.0,2,,2000.0,100.0,new
NIF100BEES, EQ,2026-09-22,261.32,261.61,258.7,259.98,258.7,260.86,12858,3347000.0,664,,6446.0,50.13,new
NIF100IETF, EQ,2026-09-22,27.39,27.59,26.95,27.25,27.21,27.5,81203,2221000.0,1557,,42938.0,52.88,new
NIF500BETA, EQ,2026-09-22,37.7,37.7,36.23,36.72,36.72,36.76,6061,222000.00000000003,14,,6020.0,99.32,new
NIFTY1, EQ,2026-09-22,261.87,263.01,258.93,259.86,259.51,260.41,45764,11895000.0,1095,,21212.0,46.35,new
NIFTY100EW, EQ,2026-09-22,34.54,34.84,34.3,34.53,34.46,34.36,50714,1746000.0,253,,29349.0,57.87,new
NIFTYADD, EQ,2026-09-22,247.72,247.77,245.88,246.38,246.75,247.27,2959,730000.0,92,,1382.0,46.7,new
NIFTYAXIS, EQ,2026-09-22,267.02,267.02,258.53,259.35,259.69,260.51,5836,1513000.0,153,,3625.0,62.11,new
NIFTYBEES, EQ,2026-09-22,267.85,268.89,266.01,266.64,266.68,267.76,5397108,1440983000.0,41866,,3744207.0,69.37,new
NIFTYBETA, EQ,2026-09-22,267.07,267.07,258.3,259.33,260.13,260.56,16304,4234000.0,349,,13756.0,84.37,new
NIFTYBETF, EQ,2026-09-22,242.24,242.35,240.01,240.6,240.6,241.37,931,225000.0,54,,847.0,90.98,new
NIFTYCASE, EQ,2026-09-22,9.64,9.64,9.25,9.39,9.41,9.41,694769,6526000.000000001,1638,,523374.0,75.33,new
NIFTYETF, EQ,2026-09-22,255.39,255.85,253.75,254.53,254.42,255.39,112153,28556000.0,739,,46968.0,41.88,new
NIFTYIETF, EQ,2026-09-22,266.6,266.6,262.5,265.42,265.4,266.09,315625,83850000.0,11197,,223147.0,70.7,new
NIFTYJBLK, EQ,2026-09-22,12.28,12.28,11.95,11.99,11.97,11.99,50272,604000.0,611,,39595.0,78.76,new
NIFTYQLITY, EQ,2026-09-22,20.54,20.88,20.28,20.39,20.49,20.64,173635,3561000.0,225,,99997.0,57.59,new
NIITLTD, EQ,2026-09-22,90.57,91.37,88.82,89.52,89.0,90.56,132756,11933000.0,2453,,63083.0,47.52,new
NIITMTS, EQ,2026-09-22,215.3,219.9,213.37,217.81,217.0,215.26,111441,24183000.0,5945,,48522.0,43.54,new
NIKITA, SM,2026-09-22,65.5,68.95,65.0,65.0,65.0,64.0,18000,1189000.0,15,,12000.0,66.67,new
NILAINFRA, EQ,2026-09-22,6.7,6.74,6.56,6.66,6.7,6.62,76534,509999.99999999994,376,,65132.0,85.1,new
NILASPACES, EQ,2026-09-22,12.1,12.38,11.97,12.02,12.04,12.12,1263682,15304000.0,2133,,858783.0,67.96,new
NILE, EQ,2026-09-22,1461.0,1468.9,1441.5,1444.9,1444.0,1458.6,1778,2577000.0,290,,1286.0,72.33,new
NILKAMAL, EQ,2026-09-22,1899.0,1915.0,1845.4,1864.8,1875.0,1888.6,16543,30939999.999999996,3414,,9124.0,55.15,new
NIMBSPROJ, EQ,2026-09-22,194.8,194.8,180.54,188.54,186.0,186.85,29424,5421000.0,603,,2050.0,6.97,new
NINSYS, EQ,2026-09-22,725.0,725.0,705.25,711.05,712.0,713.9,6565,4668000.0,239,,6014.0,91.61,new
NIPPOBATRY, EQ,2026-09-22,319.05,335.0,319.05,325.55,326.0,318.15,7961,2592000.0,350,,6997.0,87.89,new
NIRAJ, EQ,2026-09-22,29.89,29.89,27.66,28.16,28.0,28.75,65381,1846000.0,187,,58383.0,89.3,new
NIRAJISPAT, BE,2026-09-22,272.0,272.0,262.1,262.1,262.1,275.85,69,18000.0,15,,,,new
NIRLON, EQ,2026-09-22,591.5,605.0,580.0,601.35,605.0,594.15,5883,3493000.0,679,,3823.0,64.98,new
NIRMAN, SM,2026-09-22,26.6,27.25,26.5,27.0,27.0,26.6,3600,97000.0,12,,2700.0,75.0,new
NITCO, EQ,2026-09-22,89.9,93.38,89.45,91.89,91.79,89.47,1072518,98266000.0,7221,,564501.0,52.63,new
NITINSPIN, EQ,2026-09-22,613.0,618.0,606.3,608.4,610.0,610.8,49283,30147000.000000004,4061,,25918.0,52.59,new
NITIRAJ, EQ,2026-09-22,230.95,230.95,224.0,229.33,229.0,227.85,1681,380000.0,46,,1192.0,70.91,new
NITTAGELA, EQ,2026-09-22,1770.0,1770.0,1691.3,1700.1,1710.0,1725.8,2217,3792000.0,319,,1501.0,67.7,new
NIVABUPA, EQ,2026-09-22,80.48,81.5,79.93,80.83,80.5,80.48,804858,64965000.0,13985,,367222.0,45.63,new
NKIND, EQ,2026-09-22,56.66,59.77,56.4,56.55,56.55,57.82,590,34000.0,15,,553.0,93.73,new
NLCINDIA, EQ,2026-09-22,266.0,269.8,265.4,267.0,267.05,266.65,1009013,269612000.0,20213,,595817.0,59.05,new
NMDC, EQ,2026-09-22,80.09,80.31,79.34,80.2,80.2,79.8,8885406,709517000.0,37104,,4694653.0,52.84,new
NMSTEEL, SM,2026-09-22,22.1,22.1,21.6,22.0,22.0,22.5,8000,176000.0,5,,6400.0,80.0,new
NOCIL, EQ,2026-09-22,196.3,197.79,191.23,193.89,193.5,194.57,789706,152854000.0,8559,,298569.0,37.81,new
NOIDATOLL, EQ,2026-09-22,4.0,4.04,3.93,4.0,4.01,3.97,40221,160000.0,467,,31597.0,78.56,new
NORBTEAEXP, EQ,2026-09-22,66.4,68.8,66.0,66.26,66.9,66.2,1057,71000.0,38,,1055.0,99.81,new
NORTHARC, EQ,2026-09-22,319.0,320.9,314.1,315.9,315.55,319.15,649137,205584000.0,17938,,335572.0,51.7,new
NOVAAGRI, EQ,2026-09-22,23.25,23.31,23.0,23.08,23.1,23.28,39425,911999.9999999999,267,,33809.0,85.76,new
NOVARTIND, EQ,2026-09-22,2037.0,2042.0,1960.0,1973.3,1987.8,2004.1,46906,93998000.0,4594,,17162.0,36.59,new
NPBET, EQ,2026-09-22,285.3,285.3,283.41,284.26,284.26,283.81,116,33000.0,12,,103.0,88.79,new
NPST, EQ,2026-09-22,1792.5,1930.0,1792.5,1888.8,1890.0,1789.6,163372,308814000.0,18514,,50153.0,30.7,new
NRAIL, EQ,2026-09-22,638.5,678.3,621.05,652.1,662.65,627.15,35475,23217000.0,2776,,17120.0,48.26,new
NRBBEARING, EQ,2026-09-22,525.8,529.0,518.0,520.5,523.0,528.5,327766,171304000.0,17262,,129916.0,39.64,new
NRL, BE,2026-09-22,155.0,158.35,152.0,158.35,158.35,150.81,290325,45881000.0,673,,,,new
NRVANDANA, SM,2026-09-22,71.0,71.9,70.0,71.6,71.9,71.25,84000,5971000.0,8,,18000.0,21.43,new
NSIL, EQ,2026-09-22,5527.0,5564.0,5490.0,5524.0,5490.0,5527.0,712,3927000.0000000005,193,,505.0,70.93,new
NSLNISP, EQ,2026-09-22,42.8,43.08,42.4,42.51,42.55,42.44,2214252,94418000.0,10485,,852351.0,38.49,new
NTCIND, EQ,2026-09-22,134.45,134.99,131.0,133.81,133.9,130.68,973,130000.0,57,,735.0,75.54,new
NTPC, EQ,2026-09-22,326.5,329.0,325.55,327.8,327.8,326.4,6219007,2036623000.0,66245,,3972336.0,63.87,new
NTPCGREEN, EQ,2026-09-22,91.8,95.3,91.8,93.31,93.68,91.26,10827047,1015157000.0,73067,,4069366.0,37.59,new
NUCLEUS, EQ,2026-09-22,682.0,689.95,681.05,685.95,687.0,683.95,8452,5789000.0,890,,5070.0,59.99,new
NURECA, BE,2026-09-22,338.8,346.0,334.0,336.0,342.0,338.8,2693,909000.0,123,,,,new
NUVAMA, EQ,2026-09-22,1689.4,1710.0,1669.5,1675.7,1672.0,1687.1,160021,269664000.0,20722,,93486.0,58.42,new
NUVOCO, EQ,2026-09-22,330.55,340.6,330.55,338.85,339.6,330.55,292607,98918000.0,11285,,151427.0,51.75,new
NV20, EQ,2026-09-22,13.57,13.61,13.43,13.58,13.6,13.57,50769,688000.0,204,,28244.0,55.63,new
NV20BEES, EQ,2026-09-22,136.18,138.89,135.01,135.7,136.03,136.18,10399,1411000.0,197,,5752.0,55.31,new
NV20IETF, EQ,2026-09-22,13.32,13.34,13.13,13.23,13.23,13.27,330687,4368000.0,1584,,210835.0,63.76,new
NXST, RR,2026-09-22,166.44,167.29,165.9,166.38,166.3,166.18,518906,86443000.0,5886,,485411.0,93.55,new
NXT-INFRA, IV,2026-09-22,99.8,99.8,99.8,99.8,99.8,99.9,25000,2495000.0,1,,25000.0,100.0,new
NYKAA, EQ,2026-09-22,335.0,337.65,330.3,333.55,333.55,336.0,1885771,629375000.0,27324,,984646.0,52.21,new
OAL, EQ,2026-09-22,554.8,570.0,550.05,556.9,557.75,548.85,64317,36119000.0,3449,,34028.0,52.91,new
OBCL, EQ,2026-09-22,58.77,58.77,58.0,58.16,58.16,58.77,5112,297000.0,45,,4728.0,92.49,new
OBEROIRLTY, EQ,2026-09-22,1823.9,1853.0,1802.6,1845.6,1845.6,1821.0,470585,863470999.9999999,24987,,258129.0,54.85,new
OBSCP, SM,2026-09-22,890.0,923.95,885.4,916.75,916.9,894.8,32000,29100000.0,80,,16400.0,51.25,new
OCCLLTD, BE,2026-09-22,155.0,155.4,150.25,151.34,153.0,154.2,78317,11850000.0,475,,,,new
ODIGMA, EQ,2026-09-22,21.05,21.65,20.9,20.92,20.9,20.95,13535,285000.0,886,,10860.0,80.24,new
ODYCORP, EQ,2026-09-22,6.9,7.29,6.62,7.02,6.9,6.92,310960,2176000.0,115,,308254.0,99.13,new
OFSS, EQ,2026-09-22,10962.0,11111.0,10835.0,10989.0,10989.0,10911.0,232724,2555590000.0,46237,,83376.0,35.83,new
OIL, EQ,2026-09-22,476.6,479.15,463.25,467.0,467.0,478.35,2648023,1240012000.0,35209,,1035430.0,39.1,new
OILCOUNTUB, BE,2026-09-22,68.18,68.18,68.18,68.18,68.18,66.85,69535,4741000.0,110,,,,new
OILIETF, EQ,2026-09-22,11.19,11.23,11.0,11.12,11.14,11.19,880678,9805000.0,1986,,364403.0,41.38,new
OLAELEC, EQ,2026-09-22,37.15,38.9,37.14,37.78,37.9,37.0,73804321,2821441000.0,163330,,16643431.0,22.55,new
OLECTRA, EQ,2026-09-22,1212.0,1256.0,1210.5,1217.2,1219.8,1205.8,561988,693462000.0,36034,,170575.0,30.35,new
OLIL, SM,2026-09-22,446.5,446.5,430.0,435.85,435.0,427.55,10000,4352000.0,12,,6000.0,60.0,new
OMAXAUTO, EQ,2026-09-22,191.43,197.22,187.21,190.86,191.8,191.43,58433,11197000.0,1157,,31980.0,54.73,new
OMAXE, EQ,2026-09-22,114.0,119.34,114.0,116.5,116.01,114.0,773045,90411000.0,9369,,168899.0,21.85,new
OMFREIGHT, BE,2026-09-22,88.95,90.87,87.1,90.29,90.5,88.07,10900,969999.9999999999,107,,,,new
OMFURN, SM,2026-09-22,52.2,56.75,51.35,56.75,56.75,54.05,27600,1490000.0,14,,18000.0,65.22,new
OMINFRAL, EQ,2026-09-22,80.6,80.69,78.42,78.93,78.51,79.11,33594,2658000.0,798,,19282.0,57.4,new
OMNI, EQ,2026-09-22,553.4,571.4,546.05,562.5,563.0,551.35,1018160,573650000.0,33046,,404854.0,39.76,new
OMPOWER, EQ,2026-09-22,169.37,171.99,167.0,170.34,170.0,170.5,50245,8531000.0,1032,,30077.0,59.86,new
ONDOOR, SM,2026-09-22,283.7,283.7,270.0,271.75,270.0,280.15,7800,2155000.0,20,,4200.0,53.85,new
ONEGLOBAL, EQ,2026-09-22,537.3,552.0,519.95,547.9,550.75,538.8,10380,5613000.0,646,,7063.0,68.04,new
ONELIFECAP, BE,2026-09-22,35.99,35.99,33.59,35.19,35.19,34.94,24489,855000.0000000001,80,,,,new
ONEPOINT, EQ,2026-09-22,60.3,65.2,60.05,63.2,63.63,60.03,6891301,439372999.99999994,41159,,2179067.0,31.62,new
ONESOURCE, EQ,2026-09-22,1601.3,1618.9,1585.0,1587.9,1587.0,1599.2,155059,247932000.00000003,10207,,86875.0,56.03,new
ONGC, EQ,2026-09-22,235.51,236.37,233.75,236.13,236.13,235.63,8097173,1904852000.0,77186,,4596833.0,56.77,new
ONIDA, EQ,2026-09-22,34.3,35.49,34.0,34.73,34.8,34.31,628277,21854000.0,2616,,420288.0,66.9,new
ONIXSOLAR, EQ,2026-09-22,328.0,338.0,322.6,322.6,322.6,339.55,249185,81268000.0,2425,,108832.0,43.68,new
ONMOBILE, BE,2026-09-22,51.41,53.8,51.4,53.29,53.8,51.25,80312,4248000.0,522,,,,new
ONWARDTEC, EQ,2026-09-22,293.9,297.0,284.95,286.6,286.6,290.05,26976,7798999.999999999,715,,18039.0,66.87,new
OPTIEMUS, EQ,2026-09-22,590.0,708.9,590.0,708.9,708.9,590.75,8046819,5413133000.0,173080,,1433612.0,17.82,new
OPTIFIN, EQ,2026-09-22,13.99,16.71,13.99,16.7,16.71,13.93,1436544,23741000.0,7979,,611802.0,42.59,new
OPTIMYSTIX, SM,2026-09-22,135.1,138.0,135.0,137.6,137.65,138.1,4000,547000.0,5,,3200.0,80.0,new
OPTIVALUE, ST,2026-09-22,212.85,212.85,212.85,212.85,212.85,202.75,14400,3065000.0,9,,14400.0,100.0,new
ORBTEXP, BE,2026-09-22,226.85,233.0,226.85,228.32,227.65,229.98,327,75000.0,16,,,,new
ORCHASP, EQ,2026-09-22,1.43,1.46,1.31,1.37,1.42,1.43,175541,246000.0,558,,135483.0,77.18,new
ORCHPHARMA, EQ,2026-09-22,1089.9,1143.5,1075.1,1107.2,1100.0,1081.8,493833,554383000.0,37564,,149310.0,30.23,new
ORIANA, SM,2026-09-22,273.7,294.6,270.25,275.9,277.4,271.3,659625,186678000.0,1500,,349125.0,52.93,new
ORICONENT, EQ,2026-09-22,54.15,56.0,54.15,55.78,56.0,54.84,27420,1521000.0,391,,17582.0,64.12,new
ORIENTALTL, EQ,2026-09-22,5.08,5.1,4.95,4.98,4.98,5.08,53067,265000.0,220,,36720.0,69.2,new
ORIENTBELL, EQ,2026-09-22,394.9,406.8,391.0,392.8,391.0,392.55,14460,5724000.0,848,,9475.0,65.53,new
ORIENTCEM, EQ,2026-09-22,125.07,125.5,122.57,123.19,123.48,125.07,361493,44740000.0,3929,,186467.0,51.58,new
ORIENTCER, EQ,2026-09-22,48.29,49.43,47.53,48.08,47.85,47.53,207701,10090000.0,1856,,113060.0,54.43,new
ORIENTELEC, EQ,2026-09-22,168.01,168.75,165.8,166.54,166.32,168.01,82979,13858000.000000002,2813,,55109.0,66.41,new
ORIENTHOT, EQ,2026-09-22,145.19,145.19,142.15,142.88,142.93,144.06,292194,41917000.0,3412,,116726.0,39.95,new
ORIENTLTD, BE,2026-09-22,78.77,82.0,78.77,81.89,81.89,78.79,5132,407000.0,17,,,,new
ORIENTPPR, EQ,2026-09-22,17.25,17.5,16.93,16.99,16.94,17.15,114990,1972000.0,986,,74042.0,64.39,new
ORIENTTECH, EQ,2026-09-22,235.77,237.39,233.01,235.08,234.4,235.04,86146,20232000.0,2605,,40123.0,46.58,new
ORIRAIL, EQ,2026-09-22,128.75,128.75,122.21,126.96,127.55,116.41,244531,30701000.0,4534,,98460.0,40.26,new
ORISSAMINE, EQ,2026-09-22,3819.0,3894.6,3819.0,3879.7,3886.5,3820.8,5140,19836000.0,1378,,2540.0,49.42,new
ORKLAINDIA, EQ,2026-09-22,579.05,585.4,567.4,569.25,568.0,579.05,49707,28623000.0,4291,,26219.0,52.75,new
ORTINGLOBE, EQ,2026-09-22,15.35,15.64,14.6,14.74,14.6,15.36,52473,773000.0,92,,40546.0,77.27,new
OSELDEVICE, SM,2026-09-22,356.95,368.8,353.55,361.25,359.1,350.75,15400,5555000.0,71,,11400.0,74.03,new
OSIAHYPER, BE,2026-09-22,2.32,2.32,2.2,2.25,2.26,2.25,135581,304000.0,258,,,,new
OSWALAGRO, EQ,2026-09-22,35.0,35.45,34.61,35.12,34.87,34.76,9299,326000.0,125,,7214.0,77.58,new
OSWALGREEN, EQ,2026-09-22,19.75,20.15,19.57,20.06,20.1,19.75,65670,1304000.0,626,,42086.0,64.09,new
OSWALPUMPS, EQ,2026-09-22,277.4,282.45,273.0,273.6,274.3,276.2,292752,80961000.0,6089,,157477.0,53.79,new
OSWALSEEDS, EQ,2026-09-22,13.75,14.45,13.58,13.81,14.45,13.58,56475,777000.0,231,,40752.0,72.16,new
OWAIS, ST,2026-09-22,74.2,77.2,74.2,77.1,77.2,75.7,13000,984000.0,58,,11900.0,91.54,new
PACEDIGITK, EQ,2026-09-22,165.5,175.37,165.4,167.74,168.98,154.86,26735640,4567134000.0,195800,,1549267.0,5.79,new
PACIFICI, EQ,2026-09-22,144.0,144.0,140.0,140.0,140.0,143.6,204,28999.999999999996,7,,202.0,99.02,new
PAGEIND, EQ,2026-09-22,36130.0,37345.0,36075.0,37150.0,37150.0,35950.0,38196,1414283000.0,17374,,9901.0,25.92,new
PAISALO, EQ,2026-09-22,93.0,94.05,92.51,93.43,93.45,92.85,19182757,1797182000.0,40256,,6514052.0,33.96,new
PAKKA, EQ,2026-09-22,78.67,79.67,76.35,77.02,77.0,78.67,37438,2909000.0,805,,22604.0,60.38,new
PALASHSECU, EQ,2026-09-22,86.5,87.0,86.5,86.7,86.7,86.89,727,63000.0,8,,712.0,97.94,new
PALREDTEC, EQ,2026-09-22,48.2,48.5,46.62,46.95,46.95,48.25,316,15000.0,17,,311.0,98.42,new
PANACEABIO, EQ,2026-09-22,381.95,393.95,377.0,382.65,384.7,376.15,149585,57902000.0,5715,,62638.0,41.87,new
PANACHE, BE,2026-09-22,520.1,520.6,509.6,509.6,509.6,520.0,18891,9630000.0,59,,,,new
PANAMAPET, EQ,2026-09-22,475.9,485.5,472.3,481.25,482.45,475.15,138492,66529999.99999999,5296,,63642.0,45.95,new
PANORAMA, EQ,2026-09-22,56.29,56.5,54.12,55.32,55.32,54.89,319717,17745000.0,2944,,167305.0,52.33,new
PANSARI, EQ,2026-09-22,281.0,281.05,275.2,278.1,278.0,279.6,461,129000.0,26,,432.0,93.71,new
PAR, BE,2026-09-22,130.0,138.0,128.0,137.82,137.98,132.26,19588,2606000.0,276,,,,new
PARACABLES, EQ,2026-09-22,61.29,62.74,60.9,61.75,61.87,61.03,1049848,64792999.99999999,5770,,458126.0,43.64,new
PARADEEP, EQ,2026-09-22,155.6,157.79,153.51,154.17,154.21,155.73,1162417,181154000.0,20845,,425635.0,36.62,new
PARAGMILK, EQ,2026-09-22,278.0,283.0,270.25,279.4,282.0,272.4,3909827,1084384000.0,70641,,1512355.0,38.68,new
PARAGON, SM,2026-09-22,52.55,55.0,52.55,54.5,55.0,53.0,3600,194000.0,3,,2400.0,66.67,new
PARAMOUNT, SM,2026-09-22,38.35,38.35,38.3,38.3,38.3,40.3,4800,184000.0,4,,1200.0,25.0,new
PARAS, EQ,2026-09-22,1413.5,1444.9,1364.4,1375.5,1385.4,1406.5,723945,1015907000.0,38664,,210461.0,29.07,new
PARASPETRO, EQ,2026-09-22,2.18,2.18,2.07,2.09,2.11,2.14,77231,164000.0,208,,54818.0,70.98,new
PARIN, SM,2026-09-22,690.05,705.0,690.0,697.7,700.0,699.5,12000,8359000.0,33,,6000.0,50.0,new
PARKHOSPS, EQ,2026-09-22,285.0,288.5,281.0,285.1,285.0,284.7,364039,103645000.0,6594,,181330.0,49.81,new
PARKHOTELS, EQ,2026-09-22,106.25,109.7,105.2,107.75,107.91,106.19,231164,24614000.0,6060,,109261.0,47.27,new
PARNAXLAB, EQ,2026-09-22,118.42,139.8,118.42,129.22,129.0,118.42,6455,824000.0,131,,6000.0,92.95,new
PARSVNATH, BE,2026-09-22,1.9,1.9,1.9,1.9,1.9,1.87,11386,22000.0,78,,,,new
PARTH, SM,2026-09-22,524.95,555.0,524.95,542.0,541.0,515.0,20000,10740000.0,36,,13600.0,68.0,new
PARTYCRUS, SM,2026-09-22,99.05,103.0,97.1,97.1,97.1,97.75,15000,1488000.0,14,,12000.0,80.0,new
PASHUPATI, EQ,2026-09-22,80.8,81.19,79.55,80.2,80.4,80.19,127639,10252000.0,1374,,60401.0,47.32,new
PASUPTAC, EQ,2026-09-22,72.5,78.0,71.75,76.37,76.44,71.17,967519,72671000.0,8657,,496172.0,51.28,new
PATANJALI, EQ,2026-09-22,394.0,412.8,394.0,404.0,404.0,396.2,15560500,6307036000.0,128257,,2090639.0,13.44,new
PATELENG, EQ,2026-09-22,25.85,27.87,25.85,26.85,26.83,25.75,8482601,230489000.0,22892,,3251910.0,38.34,new
PATELRMART, EQ,2026-09-22,204.6,207.69,203.41,205.36,203.41,203.41,38760,7959999.999999999,998,,24204.0,62.45,new
PATILAUTOM, SM,2026-09-22,331.15,364.35,329.0,359.8,362.0,330.1,217800,76793000.0,322,,147000.0,67.49,new
PATINTLOG, EQ,2026-09-22,14.66,15.19,14.1,14.19,14.13,14.64,80249,1156000.0,535,,55166.0,68.74,new
PAUSHAKLTD, EQ,2026-09-22,713.05,723.65,696.0,700.95,701.95,705.25,28680,20309000.0,1775,,20289.0,70.74,new
PAVNAIND, EQ,2026-09-22,16.09,16.56,15.3,15.46,15.48,15.7,192402,3042000.0,677,,112853.0,58.65,new
PAYTM, EQ,2026-09-22,1808.7,1828.1,1802.6,1814.4,1814.4,1810.0,1208769,2193191000.0,39223,,408065.0,33.76,new
PBMPOLY, EQ,2026-09-22,65.0,68.0,65.0,65.01,65.05,65.0,1938,126000.0,27,,1936.0,99.9,new
PCBL, EQ,2026-09-22,346.2,354.15,345.7,347.75,348.15,344.35,1739256,607899000.0,37965,,647513.0,37.23,new
PCCL, SM,2026-09-22,451.8,452.0,420.5,450.9,452.0,451.8,22000,9801000.0,40,,12800.0,58.18,new
PCJEWELLER, EQ,2026-09-22,12.79,13.72,12.71,13.58,13.48,12.79,638501220,8504282000.000001,288152,,136497845.0,21.38,new
PDMJEPAPER, EQ,2026-09-22,99.42,101.42,97.0,97.36,97.3,98.18,118631,11692000.0,2134,,50093.0,42.23,new
PDSL, EQ,2026-09-22,353.85,367.9,352.65,361.45,359.0,353.85,106649,38624000.0,5969,,62935.0,59.01,new
PEARLPOLY, EQ,2026-09-22,18.82,18.83,18.15,18.83,18.83,17.94,26641,501000.0,70,,24027.0,90.19,new
PELATRO, SM,2026-09-22,388.0,395.0,380.0,394.2,394.5,382.4,17700,6886000.0,50,,13800.0,77.97,new
PENIND, EQ,2026-09-22,172.9,176.7,171.72,174.14,174.1,171.07,375240,65514000.0,6032,,180711.0,48.16,new
PENINLAND, EQ,2026-09-22,16.35,17.7,15.8,17.03,17.29,16.19,657910,11212000.0,1774,,338956.0,51.52,new
PENTAGON, ST,2026-09-22,100.0,100.5,91.2,91.2,91.2,95.9,13000,1296000.0,11,,13000.0,100.0,new
PERMAGN, EQ,2026-09-22,850.0,850.0,827.7,837.85,840.0,836.65,3008,2516000.0,257,,2433.0,80.88,new
PERNIASPOP, EQ,2026-09-22,533.7,549.75,533.5,545.75,542.1,533.35,92753,50350000.0,4491,,40803.0,43.99,new
PERSISTENT, EQ,2026-09-22,5454.5,5463.0,5359.0,5366.0,5366.0,5449.0,350423,1886525000.0,31298,,148284.0,42.32,new
PETRONET, EQ,2026-09-22,287.6,288.25,280.3,281.75,281.75,287.5,1996961,563911000.0,40714,,1277259.0,63.96,new
PFC, EQ,2026-09-22,345.2,346.5,343.1,345.8,345.8,344.75,7604431,2621796000.0,49517,,4733419.0,62.25,new
PFIZER, EQ,2026-09-22,4050.0,4050.0,3990.5,3998.9,3993.3,4035.7,10508,42188000.0,2532,,5881.0,55.97,new
PFOCUS, EQ,2026-09-22,352.6,362.0,346.1,357.45,357.0,352.65,4255646,1503657000.0,44658,,533491.0,12.54,new
PFS, EQ,2026-09-22,27.03,27.09,26.31,26.43,26.5,26.73,261099,6964000.0,1714,,190444.0,72.94,new
PGEL, EQ,2026-09-22,540.0,541.45,519.0,520.2,520.2,536.55,855489,449926000.0,19393,,345410.0,40.38,new
PGHH, EQ,2026-09-22,7426.0,7454.0,7200.0,7282.0,7270.0,7426.0,52867,384814000.0,13524,,29131.0,55.1,new
PGHL, EQ,2026-09-22,5480.0,5544.5,5406.0,5459.0,5480.0,5503.5,5659,30905000.0,1831,,1812.0,32.02,new
PGIL, EQ,2026-09-22,1139.6,1228.0,1139.5,1194.9,1190.0,1138.4,230499,276102000.0,23755,,64377.0,27.93,new
PGINVIT, IV,2026-09-22,101.29,101.38,100.91,101.01,100.95,101.0,842331,85103000.0,4893,,723682.0,85.91,new
PHANTOMFX, SM,2026-09-22,92.1,94.0,91.0,92.95,92.95,92.4,10200,939000.0,23,,8100.0,79.41,new
PHARMABEES, EQ,2026-09-22,28.4,28.4,27.15,27.68,27.68,27.76,2961932,82123000.0,8081,,2248591.0,75.92,new
PHOENIXLTD, EQ,2026-09-22,1948.9,1958.0,1930.3,1953.4,1953.4,1929.0,421114,819129000.0,22875,,255797.0,60.74,new
PHOENXINTL, EQ,2026-09-22,28.9,28.9,27.8,28.35,28.9,27.95,810,23000.0,18,,710.0,87.65,new
PICCADIL, EQ,2026-09-22,594.7,624.35,591.3,614.8,613.2,591.2,255580,156652000.0,16465,,103837.0,40.63,new
PIDILITIND, EQ,2026-09-22,1576.3,1587.0,1562.7,1572.7,1572.7,1573.2,482511,759209000.0,19585,,291001.0,60.31,new
PIGL, EQ,2026-09-22,101.9,102.0,99.9,101.06,100.32,101.05,19598,1975000.0,322,,13714.0,69.98,new
PIIND, EQ,2026-09-22,2364.9,2428.7,2350.0,2410.0,2410.0,2321.8,837735,2008797000.0,58880,,144799.0,17.28,new
PILANIINVS, EQ,2026-09-22,4060.0,4072.8,4006.0,4008.3,4029.5,4027.1,1454,5847000.0,250,,1153.0,79.3,new
PILITA, EQ,2026-09-22,7.3,7.52,7.3,7.38,7.35,7.3,19689,146000.0,246,,12977.0,65.91,new
PINELABS, EQ,2026-09-22,195.25,204.95,191.63,197.58,197.3,193.7,82008849,16284109000.0,424255,,13640795.0,16.63,new
PIONEEREMB, EQ,2026-09-22,22.5,22.5,22.0,22.28,22.0,22.32,8614,192000.0,103,,5965.0,69.25,new
PIONRINV, BE,2026-09-22,78.1,80.0,78.0,78.51,78.51,78.05,605,47000.0,8,,,,new
PIRAMALFIN, EQ,2026-09-22,2220.4,2231.9,2176.3,2206.7,2200.1,2220.4,265963,587694000.0,26515,,155145.0,58.33,new
PITTIENG, EQ,2026-09-22,1140.0,1142.4,1113.4,1121.9,1125.0,1134.4,41005,46107000.0,4249,,22324.0,54.44,new
PIXTRANS, EQ,2026-09-22,1730.7,1754.1,1724.1,1733.0,1730.0,1730.7,8411,14616000.0,1289,,5351.0,63.62,new
PKTEA, BE,2026-09-22,997.9,997.9,997.9,997.9,997.9,950.4,1408,1405000.0,69,,,,new
PLASTIBLEN, EQ,2026-09-22,186.79,189.5,185.0,185.94,185.7,185.67,7913,1481000.0,364,,5517.0,69.72,new
PLATIND, EQ,2026-09-22,212.75,217.49,210.25,216.07,217.3,211.08,67727,14522999.999999998,1485,,49412.0,72.96,new
PLAZACABLE, EQ,2026-09-22,61.7,63.54,60.45,62.27,61.85,61.7,92063,5725000.0,1355,,53709.0,58.34,new
PML, EQ,2026-09-22,474.05,498.85,474.05,498.85,498.85,490.85,425,204999.99999999997,22,,424.0,99.76,new
PNB, EQ,2026-09-22,118.45,118.74,116.7,117.0,117.0,118.0,8967547,1053106000.0,27839,,4139221.0,46.16,new
PNBGILTS, EQ,2026-09-22,76.61,80.0,76.02,76.23,76.05,76.88,402524,31151000.0,4441,,110181.0,27.37,new
PNBHOUSING, EQ,2026-09-22,1139.8,1147.7,1121.0,1125.6,1125.6,1141.1,217294,245731000.0,16292,,99092.0,45.6,new
PNC, EQ,2026-09-22,16.5,16.8,16.15,16.42,16.5,16.66,4378,72000.0,109,,3459.0,79.01,new
PNCINFRA, EQ,2026-09-22,140.47,143.9,138.34,139.62,139.76,140.47,1611269,226232000.00000003,21182,,851372.0,52.84,new
PNGJL, EQ,2026-09-22,601.05,606.4,596.7,598.4,597.7,601.55,131220,78870000.0,7530,,63369.0,48.29,new
PNGSREVA, EQ,2026-09-22,511.9,529.0,508.0,511.7,509.6,511.05,167836,87320000.0,8135,,63523.0,37.85,new
POCL, EQ,2026-09-22,476.0,482.5,470.05,472.95,471.95,472.85,349421,166727000.0,13803,,128040.0,36.64,new
PODDARMENT, EQ,2026-09-22,290.0,290.0,282.0,288.7,289.0,289.15,2054,587000.0,57,,1749.0,85.15,new
POEL, EQ,2026-09-22,137.35,141.0,137.35,138.05,138.5,137.31,20838,2884000.0,614,,14322.0,68.73,new
POKARNA, EQ,2026-09-22,739.7,747.45,730.0,732.55,735.0,732.9,47211,34916000.0,3423,,20960.0,44.4,new
POLICYBZR, EQ,2026-09-22,1794.4,1806.4,1773.7,1805.0,1805.0,1793.0,793833,1421649000.0,43680,,478058.0,60.22,new
POLYCAB, EQ,2026-09-22,8400.0,8442.0,8345.0,8350.0,8350.0,8369.5,231281,1941036000.0,39430,,129308.0,55.91,new
POLYMED, EQ,2026-09-22,1715.4,1728.0,1695.5,1699.0,1700.0,1706.2,59651,101711000.0,7927,,29789.0,49.94,new
POLYPLEX, EQ,2026-09-22,1108.0,1118.9,1082.4,1091.6,1093.6,1107.7,33912,37113000.0,2487,,20546.0,60.59,new
POLYSIL, SM,2026-09-22,59.75,59.75,59.75,59.75,59.75,62.85,17000,1016000.0,15,,17000.0,100.0,new
POLYSPIN, EQ,2026-09-22,30.6,30.6,28.0,28.51,29.0,30.0,2465,72000.0,51,,1558.0,63.2,new
PONNIERODE, EQ,2026-09-22,359.4,369.45,359.0,362.8,362.0,354.1,14405,5237000.0,1011,,8151.0,56.58,new
POONAWALLA, EQ,2026-09-22,468.2,478.45,468.2,471.9,470.85,471.0,787982,372577000.0,25407,,491425.0,62.37,new
POSITRON, SM,2026-09-22,213.55,230.6,213.55,223.45,222.6,211.45,24900,5654000.0,73,,21000.0,84.34,new
POWERGRID, EQ,2026-09-22,267.0,268.3,265.95,265.95,265.95,266.1,7314792,1953627000.0,56787,,4737489.0,64.77,new
POWERICA, EQ,2026-09-22,579.95,579.95,549.8,559.3,554.75,568.1,113348,64096000.0,5696,,42914.0,37.86,new
POWERINDIA, EQ,2026-09-22,32170.0,32550.0,31195.0,31415.0,31415.0,31870.0,89147,2841513000.0,29383,,36361.0,40.79,new
POWERMECH, EQ,2026-09-22,2455.0,2491.3,2410.0,2443.1,2410.0,2444.2,32584,80028000.0,6153,,12080.0,37.07,new
PPAP, BE,2026-09-22,237.0,237.0,232.15,232.6,232.55,235.55,5366,1259000.0,96,,,,new
PPL, BE,2026-09-22,267.0,281.0,267.0,273.4,273.55,270.35,23688,6529000.000000001,282,,,,new
PPLPHARMA, EQ,2026-09-22,215.5,215.97,209.5,210.12,209.92,214.66,2470090,524197999.99999994,32381,,1106174.0,44.78,new
PPSL, SM,2026-09-22,2.95,2.95,2.9,2.9,2.9,3.0,9000,26000.0,3,,9000.0,100.0,new
PRABHA, EQ,2026-09-22,230.23,241.73,230.23,235.72,234.89,230.12,249425,59051000.0,3511,,134189.0,53.8,new
PRADPME, BE,2026-09-22,487.0,498.85,480.0,498.85,498.85,475.1,31261,15528000.0,174,,,,new
PRAENG, EQ,2026-09-22,22.49,22.8,21.35,21.56,21.69,22.26,25926,566000.0,272,,18500.0,71.36,new
PRAJIND, EQ,2026-09-22,312.5,323.2,312.5,317.55,317.0,312.15,502874,160627000.0,13128,,205435.0,40.85,new
PRAKASH, EQ,2026-09-22,121.0,125.73,118.3,119.12,119.0,120.09,564037,68453000.0,7132,,205433.0,36.42,new
PRAKASHSTL, EQ,2026-09-22,3.81,3.82,3.66,3.72,3.7,3.69,65227,244000.0,345,,51080.0,78.31,new
PRAMARA, SM,2026-09-22,84.55,88.7,84.0,88.7,88.7,84.5,95500,8197000.0,63,,45000.0,47.12,new
PRAMODINI, SM,2026-09-22,116.95,117.1,114.25,115.1,115.0,114.85,67200,7756999.999999999,52,,49200.0,73.21,new
PRANAV, EQ,2026-09-22,105.98,106.07,101.89,102.87,102.7,105.25,2894567,300675000.0,34872,,977619.0,33.77,new
PRANIK, SM,2026-09-22,42.15,42.15,42.15,42.15,42.15,42.15,8000,337000.0,4,,8000.0,100.0,new
PRASOLCHEM, EQ,2026-09-22,685.05,710.4,676.0,704.75,710.0,681.4,413042,287359000.0,24189,,186660.0,45.19,new
PRATHAM, SM,2026-09-22,120.0,123.0,120.0,120.15,120.15,120.05,3200,385000.0,6,,3200.0,100.0,new
PRAVEG, EQ,2026-09-22,253.9,263.95,252.05,255.85,255.3,252.3,26918,6901000.000000001,1284,,15654.0,58.15,new
PRAXIS, EQ,2026-09-22,4.32,4.35,4.2,4.35,4.35,4.22,39242,169000.0,122,,33527.0,85.44,new
PRECAM, EQ,2026-09-22,117.42,120.9,116.81,118.87,118.99,117.42,110105,13083000.000000002,3001,,48863.0,44.38,new
PRECISION, ST,2026-09-22,6.0,6.55,6.0,6.55,6.55,6.3,8000,51000.0,4,,8000.0,100.0,new
PRECOT, EQ,2026-09-22,709.0,709.0,668.85,674.6,674.0,689.85,2741,1870000.0,213,,1352.0,49.33,new
PRECWIRE, EQ,2026-09-22,471.0,499.65,471.0,491.1,494.0,473.7,960152,472514000.00000006,39568,,287947.0,29.99,new
PREMCO, EQ,2026-09-22,400.0,403.85,390.5,402.0,402.0,397.0,354,142000.0,42,,331.0,93.5,new
PREMEXPLN, EQ,2026-09-22,677.9,677.9,671.0,674.25,673.5,675.15,109557,73902000.0,1675,,86124.0,78.61,new
PREMIER, BE,2026-09-22,2.84,2.88,2.65,2.83,2.84,2.78,35580,98000.0,141,,,,new
PREMIERENE, EQ,2026-09-22,914.6,920.0,896.2,907.2,907.2,919.9,1202025,1087484000.0,20190,,676386.0,56.27,new
PREMIERPOL, EQ,2026-09-22,79.96,82.0,79.18,81.02,81.68,79.3,94173,7590000.000000001,2703,,46516.0,49.39,new
PREMIUM, SM,2026-09-22,41.0,43.8,40.0,42.0,42.0,40.5,126000,5235000.0,39,,87000.0,69.05,new
PRESSTONIC, SM,2026-09-22,39.5,41.85,37.0,41.05,41.3,35.9,303200,12064000.0,277,,158400.0,52.24,new
PRESTIGE, EQ,2026-09-22,1483.0,1495.1,1454.0,1479.6,1479.6,1474.0,512562,754836000.0,13686,,364298.0,71.07,new
PRICOLLTD, EQ,2026-09-22,756.5,776.0,752.4,768.1,769.95,756.5,210797,161920000.0,15590,,88538.0,42.0,new
PRIMECAB, ST,2026-09-22,171.55,171.55,166.0,166.2,166.2,171.6,20800,3510000.0,13,,20800.0,100.0,new
PRIMESECU, EQ,2026-09-22,300.0,300.0,287.3,290.2,294.0,298.7,8958,2619000.0,576,,5407.0,60.36,new
PRIMO, EQ,2026-09-22,22.31,23.3,21.26,22.69,22.8,22.31,174515,3944000.0,993,,97998.0,56.15,new
PRINCEPIPE, EQ,2026-09-22,266.3,269.25,264.1,265.25,265.5,266.1,99974,26652999.999999996,3506,,52812.0,52.83,new
PRIORITY, EQ,2026-09-22,232.0,236.0,221.41,223.5,223.7,231.88,124239,28317000.0,1840,,71361.0,57.44,new
PRISMX, EQ,2026-09-22,0.56,0.56,0.54,0.55,0.55,0.55,88701,49000.0,74,,68774.0,77.53,new
PRITI, EQ,2026-09-22,33.59,33.88,32.0,32.9,33.7,32.93,6371,208000.0,182,,5955.0,93.47,new
PRITIKA, SM,2026-09-22,65.0,65.0,63.0,63.0,63.0,65.0,4000,256000.0,2,,4000.0,100.0,new
PRITIKAUTO, BE,2026-09-22,15.49,15.65,15.06,15.6,15.65,15.27,89488,1379000.0,243,,,,new
PRIVISCL, EQ,2026-09-22,3535.3,3571.2,3493.3,3515.2,3529.5,3525.6,41202,145392000.0,9773,,21536.0,52.27,new
PRIZOR, ST,2026-09-22,1064.15,1106.45,1064.15,1106.45,1106.45,1084.8,29200,31547000.000000004,53,,29200.0,100.0,new
PRLIND, SM,2026-09-22,44.6,47.9,43.35,46.0,46.0,45.05,34000,1586000.0,24,,27000.0,79.41,new
PROFX, SM,2026-09-22,70.0,70.5,70.0,70.5,70.5,70.95,8000,562000.0,5,,8000.0,100.0,new
PROPSHOP, SM,2026-09-22,71.75,71.75,70.1,70.25,70.1,72.05,16000,1132000.0,8,,14000.0,87.5,new
PROSTARM, EQ,2026-09-22,128.03,130.0,127.09,127.84,128.85,128.4,66825,8561000.0,1473,,34327.0,51.37,new
PROTEAN, EQ,2026-09-22,575.0,656.9,568.35,620.65,626.65,588.35,14817622,9286333000.0,347824,,1718533.0,11.6,new
PROV, SM,2026-09-22,1900.0,1900.0,1852.1,1887.7,1887.7,1852.0,240,451000.0,3,,160.0,66.67,new
PROZONER, EQ,2026-09-22,53.39,53.39,51.5,52.23,51.81,52.9,432191,22557000.0,1870,,373197.0,86.35,new
PRSMJOHNSN, EQ,2026-09-22,117.65,117.65,115.5,116.08,116.11,116.44,173322,20109000.0,3223,,98374.0,56.76,new
PRUDENT, EQ,2026-09-22,3426.8,3468.8,3393.0,3403.7,3415.0,3426.8,9530,32595000.0,4410,,4563.0,47.88,new
PRUDMOULI, EQ,2026-09-22,14.0,14.69,13.61,13.71,13.61,14.19,25129,348000.0,130,,22069.0,87.82,new
PSB, EQ,2026-09-22,21.95,22.06,21.81,21.93,21.95,21.95,468789,10279000.0,2168,,235916.0,50.32,new
PSFL, SM,2026-09-22,32.0,32.35,32.0,32.35,32.35,31.1,8000,256999.99999999997,4,,8000.0,100.0,new
PSPPROJECT, EQ,2026-09-22,828.95,855.6,821.25,828.7,826.05,820.15,54861,46091000.0,3303,,26721.0,48.71,new
PSRAJ, SM,2026-09-22,101.0,103.9,101.0,103.9,103.9,103.35,70000,7122000.0,10,,70000.0,100.0,new
PSUBANK, EQ,2026-09-22,83.09,83.69,82.51,82.66,82.51,83.07,29570,2454000.0,320,,15166.0,51.29,new
PSUBANKADD, EQ,2026-09-22,84.46,84.46,83.16,83.2,83.64,83.97,14924,1246000.0,209,,7606.0,50.96,new
PSUBNKBEES, EQ,2026-09-22,93.9,93.9,92.0,92.15,92.17,92.76,686677,63451000.0,4915,,357523.0,52.07,new
PSUBNKIETF, EQ,2026-09-22,84.5,84.69,83.55,83.66,84.19,84.2,30018,2519000.0,576,,17309.0,57.66,new
PTC, EQ,2026-09-22,156.78,157.95,155.08,155.63,155.9,156.28,1053065,164661000.0,9629,,672025.0,63.82,new
PTCIL, EQ,2026-09-22,22320.0,22455.0,22005.0,22130.0,22260.0,22300.0,15358,340843000.0,5136,,5411.0,35.23,new
PTL, EQ,2026-09-22,38.44,38.59,38.05,38.35,38.4,38.3,16578,635000.0,475,,11274.0,68.01,new
PULZ, SM,2026-09-22,21.3,21.5,20.75,21.5,21.5,21.75,50000,1054000.0,13,,48000.0,96.0,new
PUNJABCHEM, EQ,2026-09-22,1072.0,1085.9,1052.5,1066.2,1055.1,1064.8,6041,6450000.0,680,,3065.0,50.74,new
PURPLEUTED, ST,2026-09-22,440.0,462.75,436.6,462.75,462.75,440.75,24500,11224000.0,55,,24500.0,100.0,new
PURVA, EQ,2026-09-22,214.94,223.7,214.0,216.69,216.05,214.94,395080,86394000.0,7753,,74424.0,18.84,new
PURVFLEXI, SM,2026-09-22,48.0,48.0,48.0,48.0,48.0,46.6,800,38000.0,1,,800.0,100.0,new
PUSHPA, SM,2026-09-22,100.6,106.0,100.6,106.0,106.0,104.6,64000,6684000.0,59,,13000.0,20.31,new
PVP, EQ,2026-09-22,65.35,65.35,63.7,65.35,65.35,62.24,789426,51326000.0,1887,,360385.0,45.65,new
PVRINOX, EQ,2026-09-22,1350.0,1352.8,1306.0,1334.8,1335.0,1349.3,388638,515171000.0,30852,,198949.0,51.19,new
PVSL, EQ,2026-09-22,99.75,100.99,99.0,99.92,99.0,99.38,11215,1119000.0,519,,7104.0,63.34,new
PVTBANIETF, EQ,2026-09-22,28.37,28.37,27.58,27.7,27.77,27.68,755688,20936000.0,1639,,474902.0,62.84,new
PVTBANK, EQ,2026-09-22,28.0,28.0,27.29,27.3,27.29,27.54,3207,88000.0,23,,2625.0,81.85,new
PVTBANKADD, EQ,2026-09-22,27.9,27.98,27.74,27.91,27.95,27.9,54566,1521000.0,111,,34884.0,63.93,new
PVTBKGROWW, EQ,2026-09-22,27.95,27.95,27.3,27.39,27.63,27.6,14442,398000.0,79,,10203.0,70.65,new
PWL, EQ,2026-09-22,135.01,136.84,132.5,136.35,136.05,134.76,6126383,827181000.0,42712,,2303162.0,37.59,new
PYRAMID, EQ,2026-09-22,157.67,159.05,155.43,157.79,158.0,157.67,16861,2653000.0,500,,10481.0,62.16,new
QGOLDHALF, EQ,2026-09-22,125.82,125.9,124.6,125.2,125.4,125.82,142236,17820000.0,944,,65687.0,46.18,new
QLINE, SM,2026-09-22,707.0,710.0,682.0,683.25,682.0,698.2,36000,25061000.0,80,,24800.0,68.89,new
QMSMEDI, BE,2026-09-22,190.0,195.52,183.21,192.8,190.1,186.22,72067,13703000.0,681,,,,new
QNIFTY, EQ,2026-09-22,257.62,261.9,257.0,257.6,258.0,258.5,5541,1428000.0,142,,3994.0,72.08,new
QPOWER, EQ,2026-09-22,1500.0,1539.1,1487.5,1491.6,1490.0,1486.4,215820,326099000.0,14869,,115242.0,53.4,new
QUADFUTURE, EQ,2026-09-22,538.0,551.45,516.9,522.4,522.4,536.0,701484,374162000.0,22289,,217721.0,31.04,new
QUADPRO, ST,2026-09-22,3.55,3.55,3.55,3.55,3.55,3.4,12000,43000.0,1,,12000.0,100.0,new
QUAL30IETF, EQ,2026-09-22,20.42,20.43,20.28,20.37,20.42,20.51,41414,842000.0,280,,32523.0,78.53,new
QUALIANCE, ST,2026-09-22,173.65,185.0,173.65,173.85,174.0,182.75,605000,105623000.0,239,,585000.0,96.69,new
QUALITY30, EQ,2026-09-22,20.14,20.14,19.96,19.96,19.96,20.14,4581,92000.0,109,,3571.0,77.95,new
QUESS, EQ,2026-09-22,359.65,372.25,357.8,360.45,361.2,363.1,403546,147099000.0,20418,,161899.0,40.12,new
QUESTLAB, SM,2026-09-22,74.0,76.5,74.0,75.0,75.0,74.1,9600,723000.0,7,,7200.0,75.0,new
QUICKHEAL, EQ,2026-09-22,151.84,156.0,151.4,152.32,152.25,151.79,114004,17478000.0,2377,,53559.0,46.98,new
QUICKTOUCH, SM,2026-09-22,17.85,17.85,17.0,17.0,17.0,17.85,3500,60000.0,7,,2500.0,71.43,new
QUINT, BE,2026-09-22,76.73,80.56,74.1,80.56,80.56,76.73,193585,15372000.0,377,,,,new
QVCEL, SM,2026-09-22,23.25,23.25,23.25,23.25,23.25,22.15,4800,112000.00000000001,3,,3200.0,66.67,new
RACE, EQ,2026-09-22,102.0,119.98,99.94,119.98,119.98,99.99,682329,73242000.0,1482,,531285.0,77.86,new
RACLGEAR, EQ,2026-09-22,1717.0,1813.0,1713.1,1758.0,1754.0,1716.7,64952,114755000.0,9053,,22154.0,34.11,new
RADAAN, EQ,2026-09-22,2.88,2.88,2.81,2.87,2.82,2.82,14744,42000.0,56,,13115.0,88.95,new
RADHIKAJWE, BE,2026-09-22,71.55,74.85,71.0,72.15,71.64,74.1,293333,21250000.0,1797,,,,new
RADIANTCMS, EQ,2026-09-22,35.39,35.99,35.13,35.24,35.25,35.24,263083,9302000.0,1585,,142911.0,54.32,new
RADICO, EQ,2026-09-22,4493.0,4512.3,4436.0,4448.8,4448.8,4480.0,160829,717714000.0,18127,,92250.0,57.36,new
RADIOCITY, EQ,2026-09-22,6.1,6.14,5.98,6.09,6.09,6.02,59997,361000.0,238,,56960.0,94.94,new
RAILTEL, EQ,2026-09-22,260.2,266.15,258.3,263.9,264.1,260.25,469926,123780000.0,11880,,115140.0,24.5,new
RAIN, EQ,2026-09-22,212.98,221.0,212.6,219.54,219.0,212.18,4482583,977285000.0,34460,,2149187.0,47.95,new
RAINBOW, EQ,2026-09-22,1442.0,1454.6,1411.2,1430.9,1429.8,1439.6,95288,136335000.0,9794,,64216.0,67.39,new
RAJESHEXPO, BZ,2026-09-22,70.99,71.98,68.5,68.74,69.0,70.62,743032,51938000.0,2823,,,,new
RAJINDLTD, SM,2026-09-22,64.4,65.4,64.0,64.3,64.3,62.95,10500,677000.0,7,,9000.0,85.71,new
RAJMET, EQ,2026-09-22,3.16,3.19,3.12,3.14,3.13,3.12,283086,890000.0,789,,187666.0,66.29,new
RAJOOENG, BE,2026-09-22,54.63,55.5,53.57,54.31,54.6,55.23,133368,7276000.000000001,560,,,,new
RAJPALAYAM, EQ,2026-09-22,772.35,778.5,757.0,758.5,757.0,768.55,367,281000.0,35,,349.0,95.1,new
RAJPUTANA, SM,2026-09-22,196.5,196.5,191.2,194.55,194.55,199.5,3000,586000.0,5,,3000.0,100.0,new
RAJRATAN, EQ,2026-09-22,452.0,461.0,445.0,450.2,454.0,452.75,86400,39109000.0,4658,,47636.0,55.13,new
RAJRILTD, BE,2026-09-22,20.79,20.79,20.09,20.15,20.3,20.49,14148,285000.0,87,,,,new
RAJSREESUG, EQ,2026-09-22,32.48,32.9,31.4,32.16,32.5,32.32,24067,775000.0,431,,13186.0,54.79,new
RAJTV, EQ,2026-09-22,9.09,9.31,8.84,9.31,9.31,8.87,128187,1187000.0,252,,96146.0,75.0,new
RALLIS, EQ,2026-09-22,202.0,203.44,199.23,201.95,201.49,202.15,559902,112596000.0,16124,,263042.0,46.98,new
RAMANEWS, EQ,2026-09-22,32.39,32.54,31.51,32.11,32.07,32.14,17709,569000.0,180,,15880.0,89.67,new
RAMAPHO, EQ,2026-09-22,121.21,123.5,120.05,120.16,120.6,120.98,12642,1542000.0,367,,8469.0,66.99,new
RAMASTEEL, BE,2026-09-22,4.51,4.58,4.26,4.54,4.57,4.38,6376739,28466000.000000004,4178,,,,new
RAMBHAJO, EQ,2026-09-22,306.0,306.0,282.1,284.1,283.79,304.03,754506,220269000.0,12919,,337714.0,44.76,new
RAMCOCEM, EQ,2026-09-22,880.0,889.9,872.5,883.5,885.7,885.1,292303,256407000.00000003,7188,,215885.0,73.86,new
RAMCOIND, EQ,2026-09-22,323.8,328.65,319.5,320.85,320.0,326.15,46173,14910000.0,2337,,25277.0,54.74,new
RAMCOSYS, EQ,2026-09-22,564.0,592.4,564.0,592.4,592.4,564.2,92608,54571000.0,1960,,58976.0,63.68,new
RAMKY, EQ,2026-09-22,320.05,323.95,314.3,316.55,318.0,317.0,33762,10728000.0,1222,,20289.0,60.09,new
RAMRAT, EQ,2026-09-22,550.1,571.8,545.85,562.75,571.8,550.1,812222,456032000.0,15117,,655168.0,80.66,new
RANASUG, EQ,2026-09-22,14.11,14.39,14.04,14.11,14.07,14.18,237048,3365000.0,810,,90903.0,38.35,new
RANEHOLDIN, EQ,2026-09-22,1584.3,1600.0,1571.5,1585.6,1590.0,1570.8,5656,8970000.0,744,,3491.0,61.72,new
RAPIDFLEET, SM,2026-09-22,209.5,211.0,209.5,211.0,211.0,199.6,9000,1892000.0000000002,14,,3000.0,33.33,new
RAPPID, SM,2026-09-22,346.1,365.0,346.05,346.1,346.1,351.3,5400,1905999.9999999998,9,,3600.0,66.67,new
RATEGAIN, EQ,2026-09-22,844.9,858.0,834.0,837.5,844.0,842.3,277542,233992000.0,17501,,147766.0,53.24,new
RATNAMANI, EQ,2026-09-22,2777.0,2802.0,2765.0,2781.7,2765.0,2776.9,27421,76412000.0,6327,,12042.0,43.92,new
RATNAVEER, EQ,2026-09-22,336.2,341.1,327.0,332.3,331.5,334.55,6199353,2068290000.0000002,61744,,1296332.0,20.91,new
RAYMOND, EQ,2026-09-22,1090.0,1193.4,1089.95,1116.95,1117.0,1084.95,4950372,5701088000.0,165295,,827245.0,16.71,new
RAYMONDLSL, EQ,2026-09-22,652.4,667.15,647.55,652.8,653.0,646.15,312338,204642000.0,12332,,149387.0,47.83,new
RAYMONDREL, EQ,2026-09-22,587.0,612.4,586.0,589.5,592.0,585.45,765481,460554000.0,22578,,323120.0,42.21,new
RBA, EQ,2026-09-22,95.7,95.7,92.14,93.64,94.25,95.22,3566634,333332000.0,32222,,1802487.0,50.54,new
RBLBANK, EQ,2026-09-22,404.3,424.4,402.85,423.2,423.2,402.4,7366610,3050734000.0,60635,,2106717.0,28.6,new
RBMINFRA, SM,2026-09-22,278.55,284.95,270.0,271.1,271.1,278.55,13200,3640000.0,49,,9400.0,71.21,new
RBS, SM,2026-09-22,81.5,84.0,81.5,83.8,83.8,79.75,12800,1064000.0,14,,4800.0,37.5,new
RBZJEWEL, BE,2026-09-22,176.0,179.55,170.0,177.78,179.1,171.75,82958,14691000.0,699,,,,new
RCDL, SM,2026-09-22,14.75,14.8,14.2,14.8,14.8,14.1,66000,968000.0,16,,42000.0,63.64,new
RCDL-RE, ST,2026-09-22,2.9,3.4,2.9,3.4,3.4,2.85,66000,218000.00000000003,17,,66000.0,100.0,new
RCF, EQ,2026-09-22,109.24,109.5,107.45,107.63,107.6,108.74,957267,103710999.99999999,10091,,433007.0,45.23,new
RCOM, BE,2026-09-22,0.91,0.92,0.89,0.89,0.9,0.91,3105011,2803000.0,2008,,,,new
READYMIX, SM,2026-09-22,70.0,70.0,67.0,69.95,69.95,70.0,11000,752000.0,11,,8000.0,72.73,new
RECLTD, EQ,2026-09-22,310.3,311.0,307.1,307.1,307.1,310.2,4641953,1433837000.0,36300,,2937282.0,63.28,new
REDINGTON, EQ,2026-09-22,394.0,412.2,392.6,410.35,411.0,392.05,5662870,2296055000.0,76308,,2240478.0,39.56,new
REDTAPE, EQ,2026-09-22,116.41,120.0,115.9,118.8,118.9,116.41,543970,64362000.0,8555,,151549.0,27.86,new
REFEX, EQ,2026-09-22,293.2,296.9,289.05,291.0,290.3,293.2,525817,153803000.0,13271,,166819.0,31.73,new
REFRACTORY, SM,2026-09-22,34.85,34.85,34.85,34.85,34.85,33.2,3000,105000.0,3,,3000.0,100.0,new
REGAAL, EQ,2026-09-22,83.44,100.12,82.6,97.21,98.8,83.44,8177219,770812000.0,47011,,1414088.0,17.29,new
REGENCERAM, EQ,2026-09-22,32.0,33.55,31.99,33.3,33.32,31.02,2947,95000.0,41,,2190.0,74.31,new
RELAXO, EQ,2026-09-22,295.95,298.0,291.5,292.65,292.85,293.55,209982,61754000.0,8839,,71860.0,34.22,new
RELCHEMQ, EQ,2026-09-22,118.0,119.8,116.0,117.61,116.5,118.72,2469,290000.0,105,,1387.0,56.18,new
RELIABLE, EQ,2026-09-22,142.1,147.98,141.15,142.05,143.27,141.01,20777,2995000.0,1135,,13097.0,63.04,new
RELIANCE, EQ,2026-09-22,1247.6,1251.9,1237.4,1240.4,1240.4,1247.4,10684376,13303725000.0,137145,,6109518.0,57.18,new
RELIGARE, EQ,2026-09-22,252.01,253.09,248.4,249.17,248.55,253.21,903971,226806000.0,13142,,433411.0,47.95,new
RELINFRA, BE,2026-09-22,48.02,48.02,48.02,48.02,48.02,49.0,71113,3415000.0,475,,,,new
RELTD, EQ,2026-09-22,143.99,153.58,143.99,151.26,150.28,143.93,195108,29362000.0,3730,,97389.0,49.92,new
REMSONSIND, EQ,2026-09-22,97.99,99.85,96.1,97.82,99.35,96.02,111502,10917000.0,1546,,54885.0,49.22,new
REMUS, SM,2026-09-22,1002.0,1002.0,942.0,951.15,964.95,988.8,6100,5851000.0,52,,5000.0,81.97,new
RENTOMOJO, EQ,2026-09-22,542.0,546.0,520.0,524.9,525.1,539.75,3415248,1811993000.0,75282,,723820.0,21.19,new
RENUKA, EQ,2026-09-22,22.92,23.35,22.72,22.82,22.76,22.98,6690805,154143000.0,10755,,1757009.0,26.26,new
REPCOHOME, EQ,2026-09-22,362.15,362.15,355.0,357.25,357.0,362.15,62778,22425000.0,2048,,39181.0,62.41,new
REPL, EQ,2026-09-22,59.5,59.5,56.0,57.67,57.0,59.25,3370,195000.0,86,,2003.0,59.44,new
REPRO, EQ,2026-09-22,299.85,300.0,295.3,298.2,298.8,299.4,10077,3002000.0,462,,7371.0,73.15,new
RESPONIND, EQ,2026-09-22,160.0,162.47,156.48,157.38,157.78,160.26,83796,13338000.0,2280,,34508.0,41.18,new
RETAIL, EQ,2026-09-22,18.89,18.89,17.05,17.11,17.11,17.89,1490,26000.0,59,,1283.0,86.11,new
REXPRO, SM,2026-09-22,36.2,36.25,36.1,36.1,36.1,38.0,10000,361000.0,9,,9000.0,90.0,new
RFBL, ST,2026-09-22,92.9,92.9,92.9,92.9,92.9,88.5,9000,836000.0,3,,9000.0,100.0,new
RGL, EQ,2026-09-22,162.24,162.96,155.51,156.78,156.26,161.55,467283,73901000.0,7375,,214181.0,45.84,new
RHETAN, EQ,2026-09-22,17.67,18.8,17.67,17.67,17.67,18.6,5520962,98660000.0,9988,,3370198.0,61.04,new
RHFL, BZ,2026-09-22,1.71,1.76,1.68,1.7,1.72,1.73,1124648,1926000.0000000002,1033,,,,new
RHIM, EQ,2026-09-22,392.6,397.85,372.2,379.2,378.6,368.0,11882563,4578741000.0,158172,,1297292.0,10.92,new
RHL, EQ,2026-09-22,176.0,179.99,173.0,174.82,174.5,176.5,4903,864000.0,35,,4348.0,88.68,new
RICHA, SM,2026-09-22,82.5,82.5,82.5,82.5,82.5,75.5,1000,83000.0,1,,1000.0,100.0,new
RICOAUTO, EQ,2026-09-22,128.9,130.9,127.31,128.14,128.05,128.43,457519,58936000.0,5294,,153478.0,33.55,new
RIIL, EQ,2026-09-22,712.0,719.95,703.8,709.7,709.05,705.35,36666,26099000.0,2247,,7486.0,20.42,new
RIIT, IV,2026-09-22,119.12,120.45,118.5,119.38,119.44,119.91,128107,15288000.0,5361,,108195.0,84.46,new
RILINFRA, SM,2026-09-22,32.85,33.5,32.85,33.35,33.5,32.85,5100,170000.0,31,,3900.0,76.47,new
RIR, EQ,2026-09-22,196.0,199.75,188.87,191.56,190.0,194.45,1078839,208706000.0,16764,,389474.0,36.1,new
RISHABH, EQ,2026-09-22,750.0,765.95,731.15,736.55,737.2,748.05,108922,81509000.0,7188,,56621.0,51.98,new
RITCO, EQ,2026-09-22,285.0,290.2,280.9,287.2,288.9,283.6,67260,19165000.0,2116,,40309.0,59.93,new
RITES, EQ,2026-09-22,203.98,208.34,203.0,203.6,203.9,203.23,578211,118228000.0,14149,,134435.0,23.25,new
RITEZONE, SM,2026-09-22,19.4,19.4,19.4,19.4,19.4,20.4,1600,31000.0,1,,1600.0,100.0,new
RKDL, EQ,2026-09-22,18.76,19.16,18.21,18.85,18.92,18.66,86335,1626000.0000000002,437,,51507.0,59.66,new
RKEC, EQ,2026-09-22,18.61,18.61,17.4,18.43,18.49,18.36,19316,353000.0,227,,9237.0,47.82,new
RKFORGE, EQ,2026-09-22,719.4,741.0,712.1,716.25,715.0,716.5,660677,481222000.0,23253,,247670.0,37.49,new
RKSWAMY, EQ,2026-09-22,91.05,91.5,87.25,87.8,88.0,88.79,20496,1812000.0,486,,16174.0,78.91,new
RMC, EQ,2026-09-22,217.51,228.16,217.51,225.2,226.0,216.64,28244,6337000.0,1549,,13157.0,46.58,new
RMDRIP, BE,2026-09-22,22.75,24.0,22.75,23.72,23.82,23.08,168812,3978000.0,535,,,,new
RML, EQ,2026-09-22,1345.6,1384.4,1341.1,1347.9,1341.2,1345.6,37741,51266999.99999999,4146,,15395.0,40.79,new
RNBDENIMS, BE,2026-09-22,9.01,9.18,8.8,8.96,8.98,8.97,107785,967000.0,288,,,,new
RNFI, SM,2026-09-22,320.05,322.0,316.0,316.5,316.5,326.85,13200,4212000.0,21,,10800.0,81.82,new
RNPL, SM,2026-09-22,57.9,57.9,52.6,52.6,52.6,55.35,22800,1206000.0,18,,21600.0,94.74,new
ROCKINGDCE, SM,2026-09-22,214.15,228.8,214.15,218.75,217.0,223.95,1250,272000.0,5,,1000.0,80.0,new
ROHLTD, EQ,2026-09-22,314.0,314.0,305.15,306.0,305.95,308.5,8254,2540000.0,681,,4022.0,48.73,new
ROLEXRINGS, EQ,2026-09-22,172.7,175.85,172.06,172.5,173.79,172.68,534690,92922000.0,7519,,284884.0,53.28,new
ROLLT, BE,2026-09-22,6.1,6.26,5.9,6.26,6.26,5.97,1239003,7658000.0,933,,,,new
ROML, EQ,2026-09-22,40.55,41.68,40.29,41.14,40.64,40.71,3417,140000.0,46,,3207.0,93.85,new
ROSSARI, EQ,2026-09-22,441.65,445.9,435.0,442.25,437.05,441.0,88725,38986000.0,4745,,52425.0,59.09,new
ROSSELLIND, EQ,2026-09-22,52.27,52.5,51.3,51.92,52.0,51.96,37290,1945000.0,604,,26255.0,70.41,new
ROSSTECH, EQ,2026-09-22,1363.8,1505.0,1363.7,1494.1,1490.1,1359.7,1051024,1542903000.0,73245,,181935.0,17.31,new
ROTO, EQ,2026-09-22,63.24,63.8,62.5,62.8,62.98,62.75,234959,14819000.0,2550,,105331.0,44.83,new
ROUTE, EQ,2026-09-22,468.9,471.3,462.2,463.95,463.95,469.2,187200,87209000.0,7227,,112883.0,60.3,new
ROXHITECH, SM,2026-09-22,44.05,44.25,44.05,44.05,44.05,45.1,4800,212000.0,3,,3200.0,66.67,new
ROYALARC, SM,2026-09-22,160.0,160.0,160.0,160.0,160.0,152.0,1200,192000.0,1,,1200.0,100.0,new
RPEL, EQ,2026-09-22,1714.9,1760.0,1713.8,1742.3,1735.0,1692.2,70679,123088000.00000001,9628,,31032.0,43.91,new
RPGLIFE, EQ,2026-09-22,2760.3,2819.9,2722.1,2746.9,2756.0,2760.2,7450,20583000.0,1855,,2623.0,35.21,new
RPOWER, EQ,2026-09-22,21.02,21.32,20.82,20.89,20.9,21.0,15218039,319482000.0,30338,,5667453.0,37.24,new
RPPINFRA, EQ,2026-09-22,53.05,55.49,53.05,54.98,55.19,53.56,27867,1515000.0,398,,17569.0,63.05,new
RPPL, BE,2026-09-22,19.84,20.2,19.3,19.54,20.19,19.83,57203,1124000.0,140,,,,new
RPSGVENT, EQ,2026-09-22,855.65,857.0,831.5,841.65,840.0,843.4,23708,20036000.0,1476,,14297.0,60.3,new
RPTECH, EQ,2026-09-22,812.0,900.0,812.0,883.55,895.0,811.9,726954,629133000.0,32363,,357737.0,49.21,new
RRECL, EQ,2026-09-22,138.8,138.8,137.0,137.0,137.0,138.8,156,22000.0,6,,154.0,98.72,new
RRIL, EQ,2026-09-22,16.3,16.5,15.51,16.11,16.28,16.38,28596,461000.00000000006,230,,18420.0,64.41,new
RRKABEL, EQ,2026-09-22,2416.0,2491.0,2414.5,2472.5,2474.0,2411.7,317242,781227000.0,29499,,173753.0,54.77,new
RSDFIN, BE,2026-09-22,90.0,92.0,88.0,91.0,91.0,92.49,110,10000.0,10,,,,new
RSL, EQ,2026-09-22,199.9,202.22,186.05,187.27,187.9,197.88,483336,92845000.0,10309,,196122.0,40.58,new
RSSOFTWARE, EQ,2026-09-22,30.3,31.74,29.7,31.6,31.63,30.23,48181,1507000.0,269,,35558.0,73.8,new
RSWM, EQ,2026-09-22,234.4,234.9,225.55,227.01,225.76,231.4,95632,21938000.0,2084,,52429.0,54.82,new
RSYSTEMS, EQ,2026-09-22,242.31,244.89,238.15,239.45,239.54,243.08,93080,22422000.0,2641,,44633.0,47.95,new
RTNINDIA, EQ,2026-09-22,27.17,28.39,27.06,27.22,27.18,27.08,1363637,37598000.0,8622,,415473.0,30.47,new
RTNPOWER, EQ,2026-09-22,7.11,7.21,7.05,7.06,7.09,7.11,13563610,96417000.0,11037,,5923225.0,43.67,new
RTSPOWR, EQ,2026-09-22,90.0,91.5,85.3,90.06,90.89,87.96,6801,616000.0,78,,6614.0,97.25,new
RUBFILA, EQ,2026-09-22,67.8,67.88,66.02,66.97,67.5,67.88,40794,2722000.0,663,,16786.0,41.15,new
RUBICON, EQ,2026-09-22,1720.0,1730.8,1662.0,1671.2,1676.0,1732.6,344602,583463000.0,33920,,186704.0,54.18,new
RUBYMILLS, EQ,2026-09-22,479.75,479.75,450.05,459.95,460.0,462.3,6782,3114000.0,530,,3951.0,58.26,new
RUCHINFRA, EQ,2026-09-22,5.07,5.2,4.96,5.01,5.01,4.98,70765,359000.0,277,,34299.0,48.47,new
RUCHIRA, EQ,2026-09-22,108.0,108.0,105.6,105.93,105.65,109.13,14598,1560000.0,383,,9419.0,64.52,new
RUDRA, EQ,2026-09-22,20.43,20.5,20.0,20.1,20.05,20.23,15293,308000.0,110,,12659.0,82.78,new
RULKA, SM,2026-09-22,109.5,111.1,106.5,106.5,106.5,108.3,11100,1207000.0,23,,6600.0,59.46,new
RUPA, EQ,2026-09-22,137.1,138.8,136.8,138.52,138.1,137.22,75272,10363000.0,2897,,40722.0,54.1,new
RUSHIL, EQ,2026-09-22,16.2,17.5,16.2,16.7,16.67,16.28,592262,9954000.0,1116,,334802.0,56.53,new
RUSTOMJEE, EQ,2026-09-22,358.35,367.45,353.95,363.55,364.5,354.45,38395,13859000.0,1484,,16838.0,43.85,new
RVHL, EQ,2026-09-22,39.8,40.5,39.2,39.65,40.4,40.01,5919,238000.0,60,,5544.0,93.66,new
RVNL, EQ,2026-09-22,211.0,213.3,209.63,211.15,211.15,209.71,4049857,855933000.0,35467,,970500.0,23.96,new
RVTH, EQ,2026-09-22,685.0,685.35,670.05,671.55,671.55,679.35,132,89000.0,15,,129.0,97.73,new
S&SPOWER, EQ,2026-09-22,323.1,330.05,318.6,325.45,325.75,322.5,4106,1336000.0,115,,3519.0,85.7,new
SAAKSHI, ST,2026-09-22,360.2,380.0,360.2,372.0,372.0,368.0,42600,15806000.0,35,,38400.0,90.14,new
SAATVIKGL, EQ,2026-09-22,434.2,451.0,428.8,446.75,449.0,431.6,345259,153226000.0,12133,,146046.0,42.3,new
SAB, EQ,2026-09-22,174.15,174.15,170.0,174.15,174.15,174.15,5,1000.0,3,,5.0,100.0,new
SACHEEROME, SM,2026-09-22,520.9,537.35,505.05,508.4,507.0,520.9,18300,9455000.0,51,,9900.0,54.1,new
SADBHAV, EQ,2026-09-22,7.5,7.73,7.46,7.68,7.6,7.5,115553,872000.0000000001,319,,98831.0,85.53,new
SADBHIN, EQ,2026-09-22,2.52,2.59,2.46,2.58,2.59,2.49,117847,298000.0,228,,105807.0,89.78,new
SADHAV, SM,2026-09-22,107.35,107.35,106.15,107.1,107.1,107.35,5400,575000.0,5,,4200.0,77.78,new
SADHNANIQ, BE,2026-09-22,2.87,3.0,2.77,2.85,2.85,2.88,3184795,9282000.0,1286,,,,new
SAFARI, EQ,2026-09-22,1494.0,1517.4,1480.5,1498.5,1496.0,1485.7,29262,43915000.0,5278,,14319.0,48.93,new
SAFEENTP, SM,2026-09-22,250.0,255.0,248.0,248.1,248.0,250.0,49000,12233000.0,73,,42000.0,85.71,new
SAGARDEEP, EQ,2026-09-22,23.03,23.87,23.03,23.39,23.39,23.39,4115,96000.0,71,,2943.0,71.52,new
SAGCEM, EQ,2026-09-22,152.6,154.72,151.0,151.32,151.96,152.7,45894,6998000.0,1039,,30749.0,67.0,new
SAGILITY, EQ,2026-09-22,46.0,46.24,45.51,45.61,45.61,45.95,7493649,343610000.0,18943,,3563720.0,47.56,new
SAHAJSOLAR, SM,2026-09-22,91.4,92.65,90.0,90.2,91.0,92.55,17600,1601000.0000000002,42,,14000.0,79.55,new
SAHANA, SM,2026-09-22,843.0,859.0,834.0,841.7,845.0,841.1,24000,20222000.0,101,,15600.0,65.0,new
SAHASRA, SM,2026-09-22,370.5,370.5,370.5,370.5,370.5,352.9,13200,4891000.0,29,,13200.0,100.0,new
SAHLIBHFI, EQ,2026-09-22,77.4,77.8,74.5,77.36,77.38,76.56,28755,2178000.0,709,,14271.0,49.63,new
SAHYADRI, EQ,2026-09-22,367.6,380.0,358.55,360.25,361.0,370.95,6899,2527000.0,645,,4527.0,65.62,new
SAICAPI, EQ,2026-09-22,159.99,159.99,142.5,152.52,159.9,156.99,55,9000.0,9,,35.0,63.64,new
SAIFL, SM,2026-09-22,4.3,4.35,4.15,4.3,4.3,4.4,272000,1158000.0,57,,192000.0,70.59,new
SAIL, EQ,2026-09-22,177.1,178.29,174.0,174.01,174.01,177.3,7065250,1239411000.0,50110,,2873670.0,40.67,new
SAILIFE, EQ,2026-09-22,1608.1,1615.0,1592.5,1600.5,1609.6,1608.0,274572,440428000.0,25937,,137888.0,50.22,new
SAIPARENT, EQ,2026-09-22,513.15,517.35,505.0,506.65,507.9,510.85,27104,13791000.0,1709,,15832.0,58.41,new
SAKAR, EQ,2026-09-22,1168.0,1196.9,1145.0,1188.4,1184.2,1158.45,107278,126341000.00000001,8649,,50524.0,47.1,new
SAKHTISUG, EQ,2026-09-22,18.55,18.8,18.21,18.3,18.25,18.21,86231,1589000.0,394,,52228.0,60.57,new
SAKSOFT, EQ,2026-09-22,147.0,147.0,143.74,144.36,144.05,146.62,221274,32141000.000000004,3724,,90882.0,41.07,new
SAKUMA, EQ,2026-09-22,1.52,1.53,1.51,1.52,1.53,1.53,822511,1249000.0,699,,605788.0,73.65,new
SALASAR, EQ,2026-09-22,4.86,5.0,4.86,4.96,4.91,4.86,3500589,17210000.0,2471,,1905497.0,54.43,new
SALONA, EQ,2026-09-22,261.1,280.0,261.05,271.5,270.0,261.05,5038,1395000.0,149,,3293.0,65.36,new
SALSTEEL, EQ,2026-09-22,82.36,84.8,79.49,80.98,82.0,82.26,715814,58771000.0,4879,,166534.0,23.26,new
SALZERELEC, EQ,2026-09-22,548.95,563.1,542.35,545.95,543.05,546.65,39062,21595000.0,2153,,18634.0,47.7,new
SAMAY, ST,2026-09-22,47.75,47.9,47.75,47.8,47.9,46.0,8000,383000.0,2,,8000.0,100.0,new
SAMBHAAV, EQ,2026-09-22,6.0,6.29,5.9,5.96,6.0,6.06,36588,219000.0,133,,24878.0,67.99,new
SAMBHV, EQ,2026-09-22,155.9,156.0,150.8,151.94,152.8,155.13,5785775,886046999.9999999,43578,,1429713.0,24.71,new
SAMHI, EQ,2026-09-22,159.59,161.69,159.0,159.52,159.84,160.26,527288,84375000.0,10305,,262170.0,49.72,new
SAMMAANCAP, EQ,2026-09-22,143.5,144.95,141.75,142.36,141.85,142.88,2980044,427624000.0,14536,,1640566.0,55.05,new
SAMPANN, EQ,2026-09-22,24.89,24.89,23.76,24.1,24.34,24.07,14344,346000.0,168,,12648.0,88.18,new
SANATHAN, EQ,2026-09-22,479.9,482.45,466.8,471.3,473.75,479.9,34433,16371000.0,2868,,23311.0,67.7,new
SANDESH, EQ,2026-09-22,1055.0,1055.0,1032.0,1038.7,1032.0,1048.3,412,430999.99999999994,66,,316.0,76.7,new
SANDHAR, EQ,2026-09-22,594.0,599.8,583.4,586.3,586.0,591.45,76254,44975000.0,4750,,45547.0,59.73,new
SANDUMA, EQ,2026-09-22,183.15,186.47,182.21,183.24,184.5,183.15,386959,71183000.0,7162,,173605.0,44.86,new
SANGAMIND, EQ,2026-09-22,582.85,582.85,556.8,569.3,566.0,578.8,10602,6052000.0,1085,,6149.0,58.0,new
SANGANI, SM,2026-09-22,47.3,49.5,47.3,49.5,49.5,49.75,15000,718000.0,10,,9000.0,60.0,new
SANGHVIMOV, EQ,2026-09-22,437.0,444.9,433.1,438.8,437.6,436.65,154791,68050000.0,6643,,79963.0,51.66,new
SANGINITA, BE,2026-09-22,73.92,73.92,73.92,73.92,73.92,72.48,21841,1614000.0,56,,,,new
SANOFI, EQ,2026-09-22,3077.8,3091.1,3053.0,3058.8,3060.0,3077.3,13451,41232000.0,2886,,8443.0,62.77,new
SANOFICONR, EQ,2026-09-22,3997.6,4024.8,3960.0,3993.0,4020.0,3997.6,3410,13581000.0,1040,,1822.0,53.43,new
SANSERA, EQ,2026-09-22,4489.9,4630.0,4393.3,4586.5,4615.5,4297.0,914987,4136560000.0,124629,,284006.0,31.04,new
SANSTAR, EQ,2026-09-22,113.46,114.85,112.1,112.61,112.11,112.34,164181,18591000.0,3199,,60464.0,36.83,new
SANWARIA, BZ,2026-09-22,0.2,0.2,0.19,0.19,0.2,0.19,571650,112999.99999999999,137,,,,new
SAPPHIRE, EQ,2026-09-22,239.6,239.6,232.56,237.24,236.24,238.37,675367,159587000.0,15787,,313082.0,46.36,new
SAPPL, EQ,2026-09-22,272.3,272.3,272.0,272.15,272.0,282.4,270,73000.0,7,,260.0,96.3,new
SARDAEN, EQ,2026-09-22,505.95,510.0,500.55,503.35,508.95,503.25,219099,110515000.00000001,9020,,110840.0,50.59,new
SAREGAMA, EQ,2026-09-22,488.2,508.85,486.45,503.35,502.5,488.2,406636,204311000.0,17642,,131569.0,32.36,new
SARLAPOLY, EQ,2026-09-22,98.15,100.5,97.09,99.26,99.85,98.68,65467,6494000.0,1110,,34782.0,53.13,new
SARTELE, SM,2026-09-22,73.0,76.95,73.0,75.85,75.25,73.4,61000,4545000.0,83,,42000.0,68.85,new
SARVESHWAR, EQ,2026-09-22,3.74,3.74,3.66,3.67,3.66,3.69,801580,2951000.0,1202,,574963.0,71.73,new
SASKEN, EQ,2026-09-22,1738.0,1795.5,1700.0,1755.6,1767.0,1710.0,62363,109158999.99999999,5239,,36467.0,58.48,new
SATECH, SM,2026-09-22,36.9,38.0,36.9,38.0,38.0,37.05,2000,75000.0,2,,2000.0,100.0,new
SATIA, EQ,2026-09-22,67.69,68.95,66.11,67.41,67.5,67.68,70149,4730000.0,1337,,39474.0,56.27,new
SATIN, EQ,2026-09-22,223.4,225.1,218.51,223.2,223.75,221.12,156325,34707000.0,2313,,106215.0,67.94,new
SATIPOLY, SM,2026-09-22,33.0,33.0,32.8,32.8,32.8,34.5,2000,66000.0,4,,2000.0,100.0,new
SATKARTAR, SM,2026-09-22,161.95,168.8,160.0,160.2,160.0,154.9,124000,20474000.0,116,,90400.0,72.9,new
SATTVAENGG, SM,2026-09-22,62.85,62.85,58.05,59.0,59.0,57.4,12800,759000.0,8,,11200.0,87.5,new
SAURASHCEM, EQ,2026-09-22,53.14,54.0,52.71,53.15,53.0,53.22,44355,2359000.0,736,,29302.0,66.06,new
SAVY, SM,2026-09-22,143.0,143.0,134.0,136.9,136.05,138.4,86400,11644000.0,8,,85200.0,98.61,new
SAWALIYA, SM,2026-09-22,160.05,160.05,155.0,155.0,155.0,159.9,25200,3970000.0000000005,15,,22800.0,90.48,new
SAYAJIHOTL, EQ,2026-09-22,329.9,329.9,309.15,309.15,309.15,319.35,266,84000.0,20,,261.0,98.12,new
SAYAJIIND, EQ,2026-09-22,120.42,121.0,119.79,121.0,121.0,120.42,1013,123000.0,6,,1010.0,99.7,new
SBC, EQ,2026-09-22,49.19,49.49,49.19,49.23,49.2,49.2,7180385,354252000.0,4901,,1902363.0,26.49,new
SBCL, EQ,2026-09-22,1140.0,1168.5,1117.7,1126.9,1131.6,1144.1,193534,221516000.0,14248,,94338.0,48.74,new
SBFC, EQ,2026-09-22,91.01,91.44,90.27,90.41,90.38,91.28,623342,56596000.0,7701,,338412.0,54.29,new
SBGLP, EQ,2026-09-22,23.62,24.1,22.65,23.34,23.44,23.22,92156,2173000.0,452,,70527.0,76.53,new
SBIBPB, EQ,2026-09-22,48.55,48.55,47.78,47.86,48.1,48.14,22749,1096000.0,277,,12686.0,55.77,new
SBICARD, EQ,2026-09-22,637.1,642.65,630.65,634.95,634.95,637.0,676501,429795000.0,21625,,336185.0,49.69,new
SBIETFCON, EQ,2026-09-22,118.85,120.28,118.33,118.93,118.61,118.85,2601,310000.0,64,,1562.0,60.05,new
SBIETFIT, EQ,2026-09-22,321.44,324.55,314.3,317.37,318.5,321.44,14353,4541000.0,305,,6554.0,45.66,new
SBIETFPB, EQ,2026-09-22,279.37,284.9,278.96,279.18,281.66,279.37,24239,6764000.0,82,,24016.0,99.08,new
SBIETFQLTY, EQ,2026-09-22,215.17,215.17,213.46,214.19,214.11,215.52,1235,264000.0,41,,1235.0,100.0,new
SBIFUNDS, EQ,2026-09-22,552.5,554.9,544.0,546.0,546.0,552.6,526991,289196000.0,21971,,286789.0,54.42,new
SBILIFE, EQ,2026-09-22,1761.1,1772.7,1740.0,1756.3,1756.3,1756.0,329671,579774000.0,25357,,190831.0,57.89,new
SBILIQETF, EQ,2026-09-22,1056.9,1056.92,1056.9,1056.9,1056.9,1056.76,621027,656364000.0,307,,542041.0,87.28,new
SBIMIDMOM, EQ,2026-09-22,63.86,65.04,62.57,63.01,65.04,63.26,61859,3904000.0,183,,52002.0,84.07,new
SBIN, EQ,2026-09-22,999.1,1000.1,981.3,987.0,987.0,996.0,6126235,6051343000.0,125775,,3052014.0,49.82,new
SBINEQWETF, EQ,2026-09-22,33.14,33.38,32.28,32.43,32.63,32.73,29413,958000.0,279,,13477.0,45.82,new
SBINMID150, EQ,2026-09-22,23.39,23.7,22.83,22.93,22.83,22.96,41838,961999.9999999999,129,,38240.0,91.4,new
SBISILVER, EQ,2026-09-22,227.11,227.92,223.81,225.6,226.47,227.75,1305691,294980000.0,6086,,304280.0,23.3,new
SBISMLETF, EQ,2026-09-22,18.32,18.43,18.24,18.28,18.27,18.32,33143,607000.0,220,,26425.0,79.73,new
SBIVALETF, EQ,2026-09-22,14.51,14.51,14.4,14.46,14.48,14.5,4168,60000.0,46,,4168.0,100.0,new
SCANSTL, BE,2026-09-22,50.5,52.99,50.0,52.82,52.5,50.75,26262,1346000.0,176,,,,new
SCHAEFFLER, EQ,2026-09-22,4112.0,4124.5,4035.0,4054.2,4038.4,4118.2,27601,112481000.0,12520,,16749.0,60.68,new
SCHAND, EQ,2026-09-22,135.25,135.97,131.1,133.75,134.5,134.28,30117,4032000.0,1423,,14725.0,48.89,new
SCHNEIDER, EQ,2026-09-22,1235.0,1254.1,1210.0,1214.2,1215.7,1235.2,136911,167828000.0,12572,,62242.0,45.46,new
SCI, EQ,2026-09-22,282.0,283.9,279.0,281.1,280.7,280.55,1193262,335711000.0,19930,,381991.0,32.01,new
SCILAL, EQ,2026-09-22,38.19,39.29,37.72,38.27,38.21,38.23,298183,11427000.0,1876,,192570.0,64.58,new
SCML, SM,2026-09-22,77.3,79.0,76.0,79.0,79.0,79.0,28000,2171000.0,25,,10000.0,35.71,new
SCODATUBES, EQ,2026-09-22,128.95,130.26,128.5,128.85,129.0,129.28,184669,23834000.0,2017,,145814.0,78.96,new
SCPL, BE,2026-09-22,658.0,665.0,636.1,659.5,658.0,653.2,12743,8423000.0,228,,,,new
SDBL, EQ,2026-09-22,68.85,69.15,67.21,67.45,67.5,68.11,289834,19704000.0,3827,,142463.0,49.15,new
SDREAMS, SM,2026-09-22,82.65,82.7,81.0,81.0,81.0,78.4,4000,329000.0,4,,4000.0,100.0,new
SEAMECLTD, EQ,2026-09-22,1695.0,1754.0,1690.1,1734.7,1735.0,1698.8,35821,61764000.0,4548,,18365.0,51.27,new
SECLEDBETA, EQ,2026-09-22,14.96,14.96,14.29,14.31,14.31,14.38,11225,161000.0,27,,11184.0,99.63,new
SECMARK, EQ,2026-09-22,140.21,142.38,135.05,136.11,141.97,140.21,1337,185000.0,87,,1048.0,78.38,new
SECURKLOUD, EQ,2026-09-22,17.0,17.0,16.57,16.85,16.84,16.85,4936,83000.0,68,,3334.0,67.54,new
SEDEMAC, EQ,2026-09-22,3100.0,3108.0,2985.6,3034.3,3028.2,3088.0,95017,288570000.0,11976,,42658.0,44.9,new
SEIL, EQ,2026-09-22,186.23,192.73,184.91,191.74,192.2,184.79,257983,49002000.0,2961,,153343.0,59.44,new
SEJALLTD, EQ,2026-09-22,688.35,688.35,659.6,666.3,661.5,678.9,3526,2355000.0,435,,2109.0,59.81,new
SEKURITIND, EQ,2026-09-22,113.21,115.79,112.41,114.35,114.9,113.6,26965,3080000.0,536,,19135.0,70.96,new
SEL, SM,2026-09-22,342.05,376.0,342.0,372.15,374.0,359.0,5000,1820000.0,18,,2800.0,56.0,new
SELECTIPO, EQ,2026-09-22,48.72,48.93,48.57,48.84,48.85,48.48,70034,3421000.0,119,,64614.0,92.26,new
SELLOWRAP, SM,2026-09-22,67.5,67.5,67.5,67.5,67.5,67.5,1600,108000.0,1,,1600.0,100.0,new
SEMAC, EQ,2026-09-22,272.25,281.95,272.25,279.0,275.0,284.2,24,7000.000000000001,8,,16.0,66.67,new
SENCO, EQ,2026-09-22,341.9,344.7,336.0,337.35,338.0,341.9,343192,116516000.00000001,13766,,152025.0,44.3,new
SENORES, EQ,2026-09-22,1396.0,1409.8,1372.1,1379.9,1382.0,1395.1,229036,315936000.0,15760,,111999.0,48.9,new
SENSEXADD, EQ,2026-09-22,77.54,77.55,76.83,77.06,77.03,77.08,729,56000.00000000001,21,,329.0,45.13,new
SENSEXAXIS, EQ,2026-09-22,77.8,78.09,77.28,77.69,77.73,77.68,2580,200999.99999999997,38,,1287.0,49.88,new
SENSEXBETA, EQ,2026-09-22,829.45,833.68,826.0,828.37,826.39,829.42,1707,1414000.0,77,,1440.0,84.36,new
SENSEXETF, EQ,2026-09-22,77.5,77.61,76.88,77.12,76.99,77.27,14793,1142000.0,225,,4549.0,30.75,new
SENSEXIETF, EQ,2026-09-22,875.0,875.0,856.51,860.49,860.1,863.3,4680,4029000.0,333,,2938.0,62.78,new
SEPC, EQ,2026-09-22,5.09,5.2,5.09,5.16,5.19,5.09,6308331,32563000.0,3622,,3030199.0,48.03,new
SERVICE, SM,2026-09-22,67.7,69.25,66.35,66.35,66.35,66.05,8000,545000.0,4,,6000.0,75.0,new
SERVOTECH, EQ,2026-09-22,71.45,72.7,70.11,70.64,70.6,71.8,551402,39283000.0,5609,,303017.0,54.95,new
SESHAPAPER, EQ,2026-09-22,247.16,250.0,245.0,246.94,246.76,247.61,28688,7078000.0,979,,19287.0,67.23,new
SETCO, BE,2026-09-22,17.0,17.6,16.9,17.04,17.44,17.28,36933,636000.0,189,,,,new
SETF10GILT, EQ,2026-09-22,262.85,263.89,261.78,262.53,262.53,262.08,1544,405000.0,20,,1338.0,86.66,new
SETFGOLD, EQ,2026-09-22,129.5,129.58,128.12,128.91,129.23,129.53,5500775,708907000.0,9827,,2542780.0,46.23,new
SETFNIF50, EQ,2026-09-22,259.09,259.09,251.03,251.73,251.83,252.78,534174,134411000.0,5829,,349275.0,65.39,new
SETFNIFBK, EQ,2026-09-22,581.09,582.32,576.61,578.21,577.9,580.4,34953,20194000.0,1299,,29294.0,83.81,new
SETFNN50, EQ,2026-09-22,776.75,777.9,770.24,772.86,776.99,776.38,14862,11507000.0,1102,,9072.0,61.04,new
SETL, EQ,2026-09-22,410.0,412.2,393.15,402.55,403.0,408.65,721740,289767000.0,13553,,304205.0,42.15,new
SETUINFRA, BZ,2026-09-22,0.6,0.6,0.58,0.58,0.58,0.59,11884,7000.000000000001,23,,,,new
SEYAIND, BE,2026-09-22,13.64,13.64,13.17,13.64,13.64,13.38,14897,202000.0,58,,,,new
SFL, EQ,2026-09-22,655.0,676.3,644.95,648.25,647.0,643.5,223486,147527000.0,14822,,82516.0,36.92,new
SGBAPR28I, GB,2026-09-22,15225.0,15275.0,15180.0,15199.25,15200.0,15279.76,859,13059000.0,49,,789.0,91.85,new
SGBAUG27, GB,2026-09-22,15106.01,15117.0,14979.99,15031.68,15050.0,15106.0,128,1928000.0,29,,81.0,63.28,new
SGBAUG28V, GB,2026-09-22,15131.04,15175.0,15020.0,15042.33,15050.0,15131.04,667,10067000.0,96,,495.0,74.21,new
SGBAUG29V, GB,2026-09-22,15174.6,15215.0,15100.0,15125.0,15125.0,15174.69,98,1482000.0,32,,65.0,66.33,new
SGBAUG30, GB,2026-09-22,15180.01,15349.99,15180.01,15196.0,15196.0,15270.68,187,2850000.0,50,,177.0,94.65,new
SGBD29VIII, GB,2026-09-22,15102.0,15244.0,15102.0,15200.0,15200.0,15252.85,64,971000.0000000001,24,,38.0,59.38,new
SGBDC27VII, GB,2026-09-22,15100.0,15100.0,15100.0,15100.0,15100.0,15200.0,1,15000.0,1,,1.0,100.0,new
SGBDE30III, GB,2026-09-22,15210.01,15299.0,15210.01,15249.99,15249.99,15299.99,212,3235000.0,58,,155.0,73.11,new
SGBDE31III, GB,2026-09-22,15564.0,15564.0,15420.0,15524.18,15501.05,15529.97,1308,20282000.0,210,,1004.0,76.76,new
SGBDEC26, GB,2026-09-22,15101.0,15101.0,15101.0,15101.0,15101.0,15001.0,5,76000.0,2,,5.0,100.0,new
SGBFEB27, GB,2026-09-22,15150.0,15150.0,15000.0,15145.35,15150.0,15000.0,35,530000.0,6,,34.0,97.14,new
SGBFEB29XI, GB,2026-09-22,15105.0,15159.0,15055.0,15055.58,15055.55,15104.2,31,467000.0,9,,19.0,61.29,new
SGBFEB32IV, GB,2026-09-22,15766.79,15849.98,15701.0,15741.18,15751.0,15766.79,736,11594000.0,164,,432.0,58.7,new
SGBJ28VIII, GB,2026-09-22,15110.0,15110.0,15000.0,15078.99,15078.99,15110.0,7,105000.0,4,,7.0,100.0,new
SGBJAN27, GB,2026-09-22,15099.99,15099.99,14964.0,15089.99,15090.0,15100.0,37,558000.0,8,,35.0,94.59,new
SGBJAN29IX, GB,2026-09-22,15120.0,15135.0,15011.01,15060.0,15060.0,15136.0,156,2358000.0,28,,131.0,83.97,new
SGBJAN29X, GB,2026-09-22,15110.05,15150.0,15000.0,15097.47,15100.0,15110.05,96,1446000.0,18,,43.0,44.79,new
SGBJAN30IX, GB,2026-09-22,15150.0,15300.0,15111.0,15142.55,15170.0,15202.0,357,5427000.0,56,,316.0,88.52,new
SGBJU29III, GB,2026-09-22,15133.0,15133.0,15055.55,15065.0,15065.0,15133.5,77,1163000.0,20,,50.0,64.94,new
SGBJUL28IV, GB,2026-09-22,15101.13,15165.0,15005.01,15047.8,15050.0,15101.13,828,12482000.0,59,,705.0,85.14,new
SGBJUL29IV, GB,2026-09-22,15126.0,15200.0,15025.0,15025.51,15026.02,15127.0,176,2660000.0,30,,131.0,74.43,new
SGBJUN27, GB,2026-09-22,15110.01,15150.0,14980.0,14980.0,14980.0,15110.01,17,256999.99999999997,7,,15.0,88.24,new
SGBJUN28, GB,2026-09-22,15150.0,15150.0,15021.01,15033.57,15030.0,15120.0,161,2421000.0,20,,153.0,95.03,new
SGBJUN29II, GB,2026-09-22,15054.35,15150.0,15054.35,15139.99,15139.99,15130.0,536,8111000.0,36,,386.0,72.01,new
SGBJUN30, GB,2026-09-22,15270.0,15299.0,15180.0,15222.43,15200.0,15268.96,93,1417000.0,27,,80.0,86.02,new
SGBJUN31I, GB,2026-09-22,15449.99,15449.99,15323.99,15379.51,15389.0,15389.04,401,6165000.0,93,,333.0,83.04,new
SGBMAR30X, GB,2026-09-22,15230.0,15246.0,15140.0,15142.92,15140.0,15228.33,77,1167000.0,29,,68.0,88.31,new
SGBMAR31IV, GB,2026-09-22,15341.85,15341.85,15250.0,15279.51,15253.0,15352.48,131,2002000.0,30,,127.0,96.95,new
SGBMAY28, GB,2026-09-22,15100.01,15199.9,15070.01,15077.5,15070.01,15144.0,16,242000.0,12,,6.0,37.5,new
SGBMAY29I, GB,2026-09-22,15216.37,15216.37,15074.99,15101.0,15100.0,15216.37,423,6398000.0,88,,320.0,75.65,new
SGBMR29XII, GB,2026-09-22,15112.0,15149.0,15025.0,15066.8,15069.0,15112.0,184,2773000.0,57,,140.0,76.09,new
SGBN28VIII, GB,2026-09-22,15165.85,15170.0,15075.0,15078.57,15075.0,15165.85,17,256999.99999999997,7,,10.0,58.82,new
SGBNV29VII, GB,2026-09-22,15226.0,15249.0,15061.01,15125.01,15125.01,15225.72,326,4941000.0,45,,247.0,75.77,new
SGBOC28VII, GB,2026-09-22,15350.0,15350.0,15110.0,15180.0,15180.0,15280.0,188,2853000.0,10,,175.0,93.09,new
SGBOCT26, GB,2026-09-22,15150.0,15200.0,15150.0,15166.33,15200.0,15251.0,101,1532000.0,9,,101.0,100.0,new
SGBOCT27, GB,2026-09-22,15152.0,15200.0,15152.0,15200.0,15200.0,15202.0,111,1686000.0,6,,101.0,90.99,new
SGBOCT27VI, GB,2026-09-22,15172.76,15172.76,15172.76,15172.76,15172.76,15172.76,2,30000.0,1,,2.0,100.0,new
SGBSEP27, GB,2026-09-22,15050.01,15055.0,15000.0,15055.0,15055.0,15503.98,10,150000.0,5,,8.0,80.0,new
SGBSEP28VI, GB,2026-09-22,15110.0,15120.0,15005.03,15032.12,15029.9,15114.85,193,2907000.0,32,,171.0,88.6,new
SGBSEP29VI, GB,2026-09-22,15102.45,15175.0,15035.0,15035.93,15050.0,15102.45,331,4994000.0,98,,165.0,49.85,new
SGBSEP31II, GB,2026-09-22,15425.0,15445.99,15310.0,15342.99,15339.01,15444.25,849,13054000.0,159,,681.0,80.21,new
SGFIN, EQ,2026-09-22,632.0,646.75,618.1,624.6,628.0,623.25,174549,109956000.0,9328,,72222.0,41.38,new
SGIL, EQ,2026-09-22,606.0,650.0,600.05,636.8,643.0,598.1,39063,24772000.0,1099,,18957.0,48.53,new
SGL, EQ,2026-09-22,9.67,9.74,9.0,9.07,9.05,9.43,6143,56999.99999999999,191,,5681.0,92.48,new
SGLRES, EQ,2026-09-22,2.53,2.55,2.36,2.4,2.44,2.48,42415,102000.0,147,,28359.0,66.86,new
SGMART, EQ,2026-09-22,728.1,737.05,718.1,721.8,720.0,730.4,57564,41871000.0,5363,,31141.0,54.1,new
SGRL, EQ,2026-09-22,735.0,736.95,675.05,704.8,694.5,720.75,33078,23355000.0,2638,,15276.0,46.18,new
SHADOWFAX, EQ,2026-09-22,272.75,288.25,272.5,283.05,282.8,272.75,10724382,3033317000.0,193703,,5659793.0,52.78,new
SHAH, EQ,2026-09-22,3.32,3.32,3.23,3.25,3.24,3.29,843480,2754000.0,629,,586900.0,69.58,new
SHAHALLOYS, BE,2026-09-22,84.05,90.0,83.5,89.98,90.0,87.88,23286,2034000.0,183,,,,new
SHAILY, EQ,2026-09-22,3281.5,3281.5,3150.0,3168.8,3152.0,3265.1,152551,487947000.0,20773,,70221.0,46.03,new
SHAKTIPUMP, EQ,2026-09-22,471.0,482.25,467.5,469.1,468.0,470.95,446914,212125000.0,19349,,168535.0,37.71,new
SHALBY, EQ,2026-09-22,138.75,144.13,136.1,136.7,136.5,138.32,196871,27389000.0,2653,,117822.0,59.85,new
SHALPAINTS, BE,2026-09-22,82.36,82.36,76.55,77.64,78.05,80.16,42713,3364000.0,286,,,,new
SHANKARA, EQ,2026-09-22,147.46,147.99,138.15,141.39,141.0,147.46,115988,16494000.0,1445,,47657.0,41.09,new
SHANKESH, EQ,2026-09-22,91.99,93.0,90.66,91.09,91.71,91.54,1338379,122971000.0,11491,,475453.0,35.52,new
SHANTI, EQ,2026-09-22,5.7,5.88,5.45,5.56,5.5,5.61,49440,276000.0,149,,32811.0,66.37,new
SHANTIGEAR, EQ,2026-09-22,700.0,723.0,670.5,673.7,675.6,691.3,84984,59014000.0,4019,,32155.0,37.84,new
SHANTIGOLD, EQ,2026-09-22,259.8,268.4,256.15,258.04,259.0,258.69,1083004,282667000.0,17797,,453627.0,41.89,new
SHANTIINOR, SM,2026-09-22,188.8,189.8,170.95,173.95,174.9,188.8,368000,65911000.0,215,,254400.0,69.13,new
SHARDACROP, EQ,2026-09-22,746.0,756.15,743.25,747.35,748.0,745.75,82060,61446000.0,6420,,35962.0,43.82,new
SHARDAMOTR, EQ,2026-09-22,957.7,988.9,955.8,985.75,987.6,957.75,141934,138996000.0,11511,,64478.0,45.43,new
SHARDUL, BE,2026-09-22,54.6,55.7,54.45,55.2,55.2,54.4,11612,638000.0,35,,,,new
SHAREINDIA, EQ,2026-09-22,223.95,229.59,221.34,223.32,222.38,227.11,2064061,462545000.0,22365,,734272.0,35.57,new
SHARIABEES, EQ,2026-09-22,451.75,451.75,434.0,435.76,439.9,440.74,17144,7484000.0,580,,14255.0,83.15,new
SHBAJRG, EQ,2026-09-22,153.79,153.99,151.0,153.79,153.99,152.27,2551,390000.0,38,,2195.0,86.04,new
SHEEL, ST,2026-09-22,60.0,60.0,57.35,58.0,58.0,60.0,8000,471000.0,3,,8000.0,100.0,new
SHEETAL, SM,2026-09-22,357.0,357.0,355.0,355.0,355.0,357.3,1000,356000.0,2,,500.0,50.0,new
SHEKHAWATI, BE,2026-09-22,23.67,23.67,22.55,23.67,23.67,22.55,78935,1864000.0,179,,,,new
SHEMAROO, BE,2026-09-22,118.0,122.99,118.0,121.25,120.66,118.95,5923,714000.0,57,,,,new
SHERA, SM,2026-09-22,186.95,188.55,181.05,182.05,183.0,186.95,30000,5562000.0,29,,21000.0,70.0,new
SHERVANI, EQ,2026-09-22,343.0,343.0,343.0,343.0,343.0,343.0,27,9000.0,4,,27.0,100.0,new
SHETHJI, SM,2026-09-22,191.0,191.0,182.5,184.4,185.0,185.4,17000,3154000.0,15,,14000.0,82.35,new
SHIGAN, SM,2026-09-22,60.0,65.0,60.0,65.0,65.0,62.0,3000,188000.0,2,,3000.0,100.0,new
SHILCTECH, EQ,2026-09-22,3975.0,4025.0,3965.5,3989.0,3979.0,3976.7,9161,36564000.0,3467,,6071.0,66.27,new
SHILGRAVQ, EQ,2026-09-22,157.0,159.54,152.0,154.57,155.94,156.52,2724,418000.0,56,,2264.0,83.11,new
SHILPAMED, EQ,2026-09-22,1060.0,1073.0,1023.3,1033.15,1034.0,1070.8,675143,708550000.0,31921,,258024.0,38.22,new
SHINDL, EQ,2026-09-22,164.83,164.83,160.0,162.53,164.72,163.0,247030,40092000.0,1256,,104942.0,42.48,new
SHIPROCKET, EQ,2026-09-22,122.99,130.15,122.55,126.19,126.44,122.49,4643439,589507000.0,39572,,1162060.0,25.03,new
SHIVAAGRO, EQ,2026-09-22,42.44,42.44,39.0,40.03,41.11,41.75,2056,82000.0,61,,1551.0,75.44,new
SHIVACEM, EQ,2026-09-22,15.88,15.88,15.31,15.5,15.5,15.67,33780,527000.0,426,,27006.0,79.95,new
SHIVALIK, EQ,2026-09-22,404.5,436.9,395.8,416.9,417.45,398.95,297963,125326000.0,14315,,129407.0,43.43,new
SHIVAMAUTO, EQ,2026-09-22,17.9,18.23,17.55,17.75,17.6,18.23,87411,1556000.0,389,,67008.0,76.66,new
SHIVAMILLS, EQ,2026-09-22,61.35,61.35,59.22,61.24,61.24,60.15,110,7000.000000000001,10,,57.0,51.82,new
SHIVASHRIT, SM,2026-09-22,118.45,118.45,112.25,113.65,112.5,114.35,53000,6071000.0,38,,25000.0,47.17,new
SHIVATEX, EQ,2026-09-22,174.08,177.98,168.11,172.07,170.0,172.35,3694,631000.0,139,,2903.0,78.59,new
SHIVAUM, EQ,2026-09-22,460.35,519.0,460.0,515.05,513.9,472.55,682178,319607000.0,2269,,514746.0,75.46,new
SHK, EQ,2026-09-22,136.27,141.02,136.27,138.28,138.01,136.26,210414,29370000.0,3564,,109294.0,51.94,new
SHKSIL, SM,2026-09-22,33.25,33.25,31.0,32.85,32.85,35.5,24000,776000.0,11,,14000.0,58.33,new
SHOPERSTOP, EQ,2026-09-22,394.95,400.0,389.8,392.5,391.0,394.95,28442,11196000.0,2372,,10952.0,38.51,new
SHRADDHA, EQ,2026-09-22,152.9,152.9,144.2,144.78,144.21,148.11,5638,835000.0,137,,4473.0,79.34,new
SHRADHA, EQ,2026-09-22,30.94,30.94,29.9,30.78,30.8,29.99,5324,161000.0,26,,4032.0,75.73,new
SHREDIGCEM, EQ,2026-09-22,67.7,67.94,66.13,66.92,67.1,67.08,60844,4071000.0,1142,,44148.0,72.56,new
SHREECEM, EQ,2026-09-22,22540.0,22650.0,22165.0,22200.0,22200.0,22550.0,9585,213806000.0,5784,,3960.0,41.31,new
SHREEDHAR, ST,2026-09-22,174.2,177.5,174.2,177.5,177.5,169.05,34000,6005000.0,15,,32000.0,94.12,new
SHREEJISPG, EQ,2026-09-22,713.55,723.65,695.6,719.35,718.0,709.5,1156580,823498000.0,10232,,436196.0,37.71,new
SHREEKARNI, SM,2026-09-22,368.0,378.0,367.95,377.7,378.0,355.0,4200,1579000.0,17,,4200.0,100.0,new
SHREEOSFM, SM,2026-09-22,49.95,50.1,49.95,49.95,49.95,49.05,3000,150000.0,3,,3000.0,100.0,new
SHREEPUSHK, EQ,2026-09-22,519.6,519.6,501.35,505.85,507.0,513.25,33737,17089000.0,2509,,18683.0,55.38,new
SHREERAMA, EQ,2026-09-22,44.0,44.46,43.11,43.69,43.5,43.24,41912,1841000.0,434,,22644.0,54.03,new
SHREMINVIT, IV,2026-09-22,102.0,102.0,102.0,102.0,102.0,101.0,200000,20400000.0,6,,200000.0,100.0,new
SHRENIK, BZ,2026-09-22,0.29,0.3,0.28,0.28,0.29,0.29,680395,193000.0,166,,,,new
SHREYANIND, EQ,2026-09-22,133.61,133.61,126.8,127.31,127.51,132.29,13105,1680000.0,292,,10885.0,83.06,new
SHRIAHIMSA, SM,2026-09-22,470.05,473.95,465.45,473.95,473.95,474.5,7200,3369000.0,12,,6000.0,83.33,new
SHRIKANHA, SM,2026-09-22,21.5,21.5,21.5,21.5,21.5,22.5,1600,34000.0,1,,1600.0,100.0,new
SHRIKRISH, EQ,2026-09-22,35.61,35.61,34.75,34.75,34.75,37.26,104,4000.0,7,,65.0,62.5,new
SHRINGARMS, EQ,2026-09-22,208.99,211.0,207.0,208.56,207.8,207.9,192061,40161000.0,2047,,89316.0,46.5,new
SHRIPISTON, EQ,2026-09-22,4523.5,4587.9,4491.0,4512.6,4518.0,4508.7,52033,235442000.0,11576,,26904.0,51.71,new
SHRIRAMFIN, EQ,2026-09-22,1011.8,1016.6,995.5,1006.0,1006.0,1011.8,3773069,3795348000.0000005,76643,,2411799.0,63.92,new
SHRIRAMPPS, EQ,2026-09-22,72.03,72.83,70.52,71.03,71.07,71.76,248568,17768000.0,2165,,132850.0,53.45,new
SHRJAGP, EQ,2026-09-22,638.95,640.0,625.05,630.5,630.0,639.0,614,390000.0,56,,472.0,76.87,new
SHUBHSHREE, SM,2026-09-22,340.0,352.0,340.0,352.0,352.0,340.0,900,310000.0,3,,900.0,100.0,new
SHUKRAPHAR, EQ,2026-09-22,55.33,59.4,55.33,58.59,58.49,55.33,5114278,297450000.0,18173,,1641240.0,32.09,new
SHYAMCENT, BE,2026-09-22,5.02,5.1,5.01,5.04,5.04,5.09,46119,231999.99999999997,73,,,,new
SHYAMDHANI, SM,2026-09-22,55.5,55.5,51.0,54.0,54.0,53.5,48000,2507000.0,23,,32000.0,66.67,new
SHYAMMETL, EQ,2026-09-22,1105.2,1105.2,1085.9,1094.1,1092.9,1097.5,383963,420043999.99999994,13862,,268390.0,69.9,new
SHYAMTEL, EQ,2026-09-22,11.13,11.39,10.81,11.05,11.05,11.18,5020,56000.00000000001,15,,4343.0,86.51,new
SICAGEN, EQ,2026-09-22,53.57,53.57,51.7,52.05,52.05,52.22,12795,670000.0,186,,10476.0,81.88,new
SICALLOG, BE,2026-09-22,93.2,96.9,92.5,93.76,93.0,94.31,33561,3179000.0,112,,,,new
SIDDHICOTS, SM,2026-09-22,27.5,27.55,27.0,27.55,27.55,27.0,18000,495000.0,13,,16800.0,93.33,new
SIDDHIKA, SM,2026-09-22,205.0,219.0,202.8,219.0,219.0,212.5,6500,1372000.0,12,,4500.0,69.23,new
SIEL, EQ,2026-09-22,28.9,30.48,28.9,30.48,30.48,29.03,14,0.0,4,,14.0,100.0,new
SIEMENS, EQ,2026-09-22,3890.0,3954.3,3850.1,3858.0,3858.0,3887.0,257553,1001835000.0,40720,,107753.0,41.84,new
SIGACHI, EQ,2026-09-22,31.3,31.64,30.41,30.61,30.49,31.12,3127491,96909000.0,11516,,1211816.0,38.75,new
SIGIND, BE,2026-09-22,71.39,71.98,70.0,71.3,71.5,71.39,31901,2274000.0,364,,,,new
SIGMA, EQ,2026-09-22,46.8,47.4,46.0,46.46,46.79,46.76,69532,3259000.0000000005,974,,48574.0,69.86,new
SIGMAADV, BE,2026-09-22,914.95,950.0,905.0,948.0,949.8,908.95,369254,346019000.0,6688,,,,new
SIGNATURE, EQ,2026-09-22,767.15,787.55,760.0,763.1,760.0,761.9,308020,237744000.0,13563,,25227.0,8.19,new
SIGNPOST, EQ,2026-09-22,269.95,272.65,266.3,267.05,268.85,269.15,17124,4621000.0,697,,10904.0,63.68,new
SIKA, EQ,2026-09-22,1097.4,1103.0,1052.45,1062.8,1053.7,1085.25,38121,41107000.0,4440,,11434.0,29.99,new
SIKKO, BE,2026-09-22,5.92,6.18,5.78,5.99,5.99,6.03,679968,4031000.0,636,,,,new
SIL, EQ,2026-09-22,15.7,16.5,15.7,16.01,15.99,15.7,72593,1169000.0,813,,51063.0,70.34,new
SILGO, EQ,2026-09-22,70.6,71.26,68.18,70.92,69.11,70.02,16891,1188000.0,349,,7228.0,42.79,new
SILINV, EQ,2026-09-22,443.0,452.35,433.1,440.8,440.8,443.0,149,66000.0,28,,126.0,84.56,new
SILKFLEX, SM,2026-09-22,309.05,309.05,294.5,301.4,303.0,294.35,63000,19269000.0,43,,30000.0,47.62,new
SILVER, EQ,2026-09-22,232.04,232.3,228.2,230.01,230.78,232.01,391777,90228000.0,6152,,125069.0,31.92,new
SILVER001, EQ,2026-09-22,23.93,24.15,23.11,23.34,23.57,23.55,74232,1744000.0000000002,168,,49942.0,67.28,new
SILVER1, EQ,2026-09-22,22.53,22.62,22.15,22.35,22.42,22.54,10450572,233842000.0,5878,,4143541.0,39.65,new
SILVER360, EQ,2026-09-22,228.58,228.66,224.89,226.34,226.76,228.25,11650,2641000.0,381,,6613.0,56.76,new
SILVERADD, EQ,2026-09-22,22.54,22.54,22.0,22.18,22.29,22.39,6357708,141252000.0,10875,,3129080.0,49.22,new
SILVERAG, EQ,2026-09-22,225.0,226.66,222.32,224.07,224.99,226.13,387711,86842000.0,3007,,221406.0,57.11,new
SILVERAXIS, EQ,2026-09-22,230.95,231.22,227.2,229.33,230.79,230.95,886110,203499000.0,4015,,357845.0,40.38,new
SILVERBEES, EQ,2026-09-22,222.25,222.49,218.42,220.27,220.8,222.21,17443388,3845706000.0,58384,,6407608.0,36.73,new
SILVERBETA, EQ,2026-09-22,223.0,224.53,220.46,222.29,222.95,224.32,593224,131936999.99999999,4028,,166554.0,28.08,new
SILVERBND, EQ,2026-09-22,232.52,233.24,229.19,231.26,232.12,233.58,10288,2376000.0,115,,9880.0,96.03,new
SILVERCASE, EQ,2026-09-22,23.52,23.58,23.17,23.36,23.43,23.56,4537007,106325000.0,5962,,1999471.0,44.07,new
SILVERIETF, EQ,2026-09-22,232.25,232.29,228.11,230.18,230.78,232.0,3508319,807783000.0,14120,,1049684.0,29.92,new
SILVERTUC, EQ,2026-09-22,162.5,164.71,155.15,155.89,155.22,160.7,655906,105377000.0,9170,,269324.0,41.06,new
SIMBHALS, BZ,2026-09-22,6.54,6.67,6.41,6.41,6.41,6.54,9236,60000.0,44,,,,new
SIMCA, ST,2026-09-22,270.0,271.0,267.0,271.0,271.0,268.65,15600,4190000.0,13,,15600.0,100.0,new
SIMPLEXINF, EQ,2026-09-22,252.1,260.5,252.1,256.3,255.0,250.7,149503,38355000.0,2417,,104698.0,70.03,new
SINCLAIR, EQ,2026-09-22,83.15,84.07,81.05,81.79,81.95,83.71,8447,695000.0,224,,6195.0,73.34,new
SINDHUTRAD, EQ,2026-09-22,24.0,24.3,23.8,24.11,24.23,23.99,337022,8090000.000000001,1079,,165513.0,49.11,new
SINGERIND, EQ,2026-09-22,76.8,78.9,76.48,77.26,77.45,75.98,26645,2075000.0,409,,19769.0,74.19,new
SINTERCOM, EQ,2026-09-22,75.15,80.94,75.0,80.49,80.67,73.91,38291,2989000.0,131,,37557.0,98.08,new
SIRCA, EQ,2026-09-22,406.0,411.6,402.25,404.6,404.5,404.55,139519,56802000.0,2955,,55607.0,39.86,new
SIS, EQ,2026-09-22,420.55,433.0,420.35,424.05,420.5,420.55,254932,109026000.0,11404,,147450.0,57.84,new
SITINET, BZ,2026-09-22,0.28,0.29,0.28,0.28,0.28,0.28,275612,79000.0,191,,,,new
SIYSIL, EQ,2026-09-22,535.8,538.4,527.1,535.75,532.1,530.0,20446,10919000.0,2317,,8612.0,42.12,new
SJLOGISTIC, SM,2026-09-22,314.9,321.5,313.25,313.95,313.25,313.1,25250,7984000.0,92,,13750.0,54.46,new
SJS, EQ,2026-09-22,2335.0,2359.9,2304.5,2310.8,2329.0,2329.6,56227,130591000.00000001,7996,,29065.0,51.69,new
SJVN, EQ,2026-09-22,63.4,63.91,62.85,63.11,63.05,63.35,2784240,176119000.0,18585,,1449709.0,52.07,new
SKFINDIA, EQ,2026-09-22,1537.9,1539.8,1504.0,1507.2,1506.3,1532.5,37128,56315000.0,4883,,22515.0,60.64,new
SKFINDUS, EQ,2026-09-22,2894.4,2917.6,2781.6,2790.8,2782.5,2880.0,21855,61639000.0,5195,,9826.0,44.96,new
SKIPPER, EQ,2026-09-22,563.2,577.5,555.45,561.55,561.4,560.35,666777,378241000.0,25140,,241864.0,36.27,new
SKMEGGPROD, EQ,2026-09-22,229.0,231.1,218.3,221.25,220.85,229.05,237366,52978000.0,3978,,148459.0,62.54,new
SKP, SM,2026-09-22,161.25,162.6,160.05,160.05,160.05,163.0,20500,3314000.0,36,,2000.0,9.76,new
SKYGOLD, EQ,2026-09-22,796.0,806.0,788.55,802.55,803.95,794.75,490824,391601000.0,18149,,287566.0,58.59,new
SKYTECH, SM,2026-09-22,27.75,27.75,27.75,27.75,27.75,26.45,8000,222000.00000000003,3,,8000.0,100.0,new
SKYWAYS, EQ,2026-09-22,128.54,133.0,124.63,130.32,131.09,126.03,13853831,1784830000.0,90404,,1540915.0,11.12,new
SLONE, ST,2026-09-22,169.0,174.5,164.0,169.25,174.5,166.6,2000,341000.0,5,,1600.0,80.0,new
SMALL250, EQ,2026-09-22,18.73,18.73,18.29,18.35,18.35,18.36,597786,10968000.0,525,,160477.0,26.85,new
SMALLADD, EQ,2026-09-22,18.49,18.52,18.35,18.43,18.45,18.35,23859,438999.99999999994,113,,18234.0,76.42,new
SMALLCAP, EQ,2026-09-22,50.2,50.2,48.66,48.74,48.75,48.98,1707236,83453000.0,2753,,706442.0,41.38,new
SMALLGROWW, EQ,2026-09-22,49.1,49.38,48.62,48.84,48.62,48.91,8360,409000.0,68,,3927.0,46.97,new
SMALLIETF, EQ,2026-09-22,18.47,18.47,18.25,18.34,18.31,18.38,43651,802000.0,125,,23525.0,53.89,new
SMARTEN, SM,2026-09-22,56.7,59.5,56.7,59.3,59.5,56.7,56400,3318000.0,41,,44400.0,78.72,new
SMARTLINK, BE,2026-09-22,212.51,224.0,212.51,223.97,224.0,213.57,3657,816000.0,52,,,,new
SMARTWORKS, EQ,2026-09-22,545.7,557.9,536.65,543.9,545.0,540.25,75216,41244000.0,5154,,33392.0,44.39,new
SMCGLOBAL, EQ,2026-09-22,81.99,82.88,80.76,82.43,82.5,81.53,641242,52659000.0,4566,,452554.0,70.57,new
SML100CASE, EQ,2026-09-22,11.56,11.56,11.25,11.29,11.32,11.28,1248407,14113999.999999998,1140,,1012654.0,81.12,new
SMLMAH, EQ,2026-09-22,6490.0,6787.0,6451.5,6719.5,6750.0,6464.0,73551,488264999.99999994,11340,,31345.0,42.62,new
SMLT, EQ,2026-09-22,61.5,61.5,58.5,60.77,61.4,59.98,3830,231000.0,263,,3102.0,80.99,new
SMSPHARMA, EQ,2026-09-22,467.85,494.45,467.85,483.35,482.0,466.5,1908207,921434000.0,41751,,637354.0,33.4,new
SNEHAA, SM,2026-09-22,43.7,44.0,43.7,44.0,44.0,44.2,3000,132000.0,3,,3000.0,100.0,new
SNOWMAN, EQ,2026-09-22,35.79,35.79,34.75,34.85,34.75,35.21,115991,4067000.0,1094,,67731.0,58.39,new
SNXT30BEES, EQ,2026-09-22,42.14,42.33,41.93,42.06,42.07,42.14,5894,248000.0,56,,3760.0,63.79,new
SNXT50BETA, EQ,2026-09-22,95.2,95.44,92.05,92.66,92.05,94.34,4011,375000.0,79,,3742.0,93.29,new
SOBHA, EQ,2026-09-22,1223.3,1260.0,1217.9,1230.9,1228.6,1214.0,133744,165535000.0,14986,,34446.0,25.76,new
SOCL, SM,2026-09-22,28.7,28.7,27.4,27.4,27.4,28.7,9600,273000.0,5,,9600.0,100.0,new
SOFTTECH, EQ,2026-09-22,535.0,535.0,494.95,498.25,494.95,521.0,9390,4735000.0,281,,7047.0,75.05,new
SOLARA, EQ,2026-09-22,753.4,763.0,739.55,744.55,748.0,753.25,260825,195125000.0,13650,,128662.0,49.33,new
SOLARINDS, EQ,2026-09-22,19395.0,20225.0,19315.0,19890.0,19890.0,19265.0,396641,7880111000.0,70251,,159257.0,40.15,new
SOLARWORLD, EQ,2026-09-22,141.0,142.93,138.24,139.46,138.5,140.82,581345,81166000.0,4488,,395250.0,67.99,new
SOLEX, EQ,2026-09-22,699.8,712.9,671.4,678.95,675.0,692.05,42358,29264999.999999996,4253,,17747.0,41.9,new
SOMANYCERA, EQ,2026-09-22,589.5,601.75,589.45,594.75,595.05,589.45,97579,58138000.0,4828,,61247.0,62.77,new
SOMATEX, EQ,2026-09-22,80.0,81.44,78.51,80.02,80.0,80.11,5262,421000.0,108,,2500.0,47.51,new
SOMICONVEY, EQ,2026-09-22,93.0,93.98,90.98,92.66,93.0,92.46,1916,177000.0,87,,1496.0,78.08,new
SONACOMS, EQ,2026-09-22,800.0,809.0,794.05,809.0,809.0,795.25,1560055,1250900000.0,34790,,677032.0,43.4,new
SONAL, EQ,2026-09-22,84.01,84.01,84.01,84.01,84.01,84.01,50,4000.0,4,,50.0,100.0,new
SONAMAC, SM,2026-09-22,32.9,32.9,32.9,32.9,32.9,32.45,1000,33000.0,1,,1000.0,100.0,new
SONAMLTD, BE,2026-09-22,70.0,70.0,67.0,67.21,68.74,68.43,33405,2275000.0,149,,,,new
SONATSOFTW, EQ,2026-09-22,279.9,285.0,276.0,284.45,284.65,278.8,954532,269308000.0,13443,,398455.0,41.74,new
SONUINFRA, ST,2026-09-22,47.3,47.3,47.3,47.3,47.3,45.1,1500,71000.0,1,,1500.0,100.0,new
SOTL, EQ,2026-09-22,728.6,733.35,714.55,724.35,727.0,724.7,190337,137979000.0,10417,,70417.0,37.0,new
SOUTHBANK, EQ,2026-09-22,45.89,45.95,45.11,45.23,45.42,45.52,4437444,201898000.0,17672,,1939866.0,43.72,new
SOUTHWEST, EQ,2026-09-22,189.0,194.51,189.0,190.79,192.99,189.49,95266,18259000.0,2527,,49538.0,52.0,new
SPAL, EQ,2026-09-22,977.7,991.0,972.5,979.7,973.1,973.1,20612,20217000.0,2062,,9797.0,47.53,new
SPANDANA, EQ,2026-09-22,229.2,231.41,226.0,227.38,227.45,228.63,51888,11861000.0,2262,,22769.0,43.88,new
SPARC, EQ,2026-09-22,195.9,203.5,195.9,197.96,197.9,196.1,884640,177376000.0,16213,,369408.0,41.76,new
SPCENET, EQ,2026-09-22,3.22,3.38,3.19,3.29,3.3,3.17,909337,3002000.0,633,,623962.0,68.62,new
SPCL, SM,2026-09-22,66.8,68.5,66.15,66.7,66.15,66.8,18000,1213000.0,26,,11400.0,63.33,new
SPCON, SM,2026-09-22,182.25,207.5,165.0,165.0,165.0,186.9,39600,6800000.0,21,,28800.0,72.73,new
SPECIALITY, BE,2026-09-22,144.0,150.0,144.0,149.53,148.0,144.0,29566,4398000.0,307,,,,new
SPECTRUM, BE,2026-09-22,3285.0,3351.0,3090.0,3344.5,3349.9,3191.5,14682,48384000.0,936,,,,new
SPENCERS, EQ,2026-09-22,28.39,28.99,27.85,28.47,28.41,28.03,19506,554000.0,203,,14435.0,74.0,new
SPIC, EQ,2026-09-22,66.8,67.15,65.86,66.09,66.1,66.74,205502,13647999.999999998,2115,,120235.0,58.51,new
SPLIL, EQ,2026-09-22,30.26,31.5,29.65,30.52,30.31,30.26,7934,246000.0,68,,6423.0,80.96,new
SPLPETRO, EQ,2026-09-22,870.75,871.0,852.35,864.75,860.0,865.6,126025,109008999.99999999,10349,,67136.0,53.27,new
SPMLINFRA, EQ,2026-09-22,169.83,171.0,165.49,166.44,165.49,167.99,121670,20462000.0,1666,,68021.0,55.91,new
SPORTKING, EQ,2026-09-22,206.87,219.79,205.97,214.49,215.41,206.87,455954,98121000.0,12051,,206442.0,45.28,new
SPPPOLY, SM,2026-09-22,11.8,11.8,11.8,11.8,11.8,12.2,2000,24000.0,1,,2000.0,100.0,new
SPRL, SM,2026-09-22,109.2,109.2,109.2,109.2,109.2,104.0,4000,437000.0,5,,4000.0,100.0,new
SPUNWEB, SM,2026-09-22,100.75,100.75,99.0,100.0,100.0,102.9,18000,1801000.0000000002,13,,16800.0,93.33,new
SRD, EQ,2026-09-22,40.99,41.0,39.65,40.32,40.5,40.47,15162,607000.0,141,,13731.0,90.56,new
SREEL, BE,2026-09-22,276.3,281.79,276.3,279.9,280.0,278.7,8245,2302000.0,210,,,,new
SRF, EQ,2026-09-22,2540.0,2554.3,2526.4,2538.3,2538.3,2540.0,69512,176586000.0,8039,,37825.0,54.42,new
SRGHFL, EQ,2026-09-22,133.0,145.0,130.2,143.75,145.0,132.5,74850,10484000.0,809,,63472.0,84.8,new
SRHHYPOLTD, EQ,2026-09-22,664.7,670.0,591.25,599.25,597.25,627.7,336785,211819000.0,21893,,105214.0,31.24,new
SRIKPRIND, BE,2026-09-22,28.64,29.74,28.0,28.78,29.0,28.54,18113,523000.00000000006,101,,,,new
SRIVASAVI, ST,2026-09-22,76.1,77.7,76.1,77.7,77.7,74.0,10000,772000.0,8,,10000.0,100.0,new
SRM, EQ,2026-09-22,420.25,428.0,415.3,419.8,420.0,421.0,43479,18308000.0,2438,,22767.0,52.36,new
SRTL, EQ,2026-09-22,38.36,39.03,37.4,38.84,38.9,38.36,55248,2128000.0,377,,49999.0,90.5,new
SSDL, EQ,2026-09-22,62.78,70.99,62.77,65.71,65.1,60.28,490278,33261000.0,9331,,119221.0,24.32,new
SSEGL, SM,2026-09-22,401.0,402.95,386.0,386.85,387.0,398.45,44600,17440000.0,192,,31400.0,70.4,new
SSFL, ST,2026-09-22,296.0,296.0,285.0,289.95,289.95,295.0,5500,1598000.0,11,,4500.0,81.82,new
SSWL, EQ,2026-09-22,361.75,389.85,358.0,364.8,366.0,361.75,2427282,912045000.0000001,52228,,755335.0,31.12,new
STALLION, BE,2026-09-22,230.9,237.7,221.6,226.23,226.0,231.5,479856,110579000.0,3299,,,,new
STANLEY, EQ,2026-09-22,136.15,136.99,134.7,135.43,135.49,135.11,35397,4809000.0,898,,18010.0,50.88,new
STAR, EQ,2026-09-22,1234.2,1246.7,1195.5,1217.4,1219.0,1235.1,285056,348399000.0,25638,,121631.0,42.67,new
STARCEMENT, EQ,2026-09-22,194.0,195.0,189.1,189.51,189.87,193.5,147576,28273000.0,3757,,85678.0,58.06,new
STARHEALTH, EQ,2026-09-22,543.0,547.0,539.2,544.6,544.95,542.9,355636,193497000.0,21620,,223832.0,62.94,new
STARPAPER, EQ,2026-09-22,158.5,160.0,155.22,156.79,157.69,159.13,3168,498000.00000000006,109,,2369.0,74.78,new
STARTECK, EQ,2026-09-22,253.15,253.15,240.3,242.0,242.0,251.85,19,5000.0,10,,10.0,52.63,new
STCINDIA, EQ,2026-09-22,111.9,112.15,110.9,111.06,111.01,111.04,14626,1630000.0,522,,10337.0,70.68,new
STEAMHOUSE, EQ,2026-09-22,107.75,113.04,106.65,112.02,112.23,105.05,21132380,2319609000.0,104306,,4642832.0,21.97,new
STEELCAS, EQ,2026-09-22,365.0,365.0,340.0,350.15,353.0,317.45,1480419,515953000.0,35922,,309224.0,20.89,new
STEELCITY, EQ,2026-09-22,87.56,87.56,84.87,85.59,85.5,86.07,3722,319000.0,110,,2892.0,77.7,new
STEELXIND, EQ,2026-09-22,11.22,11.45,11.1,11.18,11.19,11.22,3289141,36890000.0,3045,,1697448.0,51.61,new
STEL, EQ,2026-09-22,662.0,674.0,656.05,663.55,660.5,662.75,3924,2609000.0,423,,2348.0,59.84,new
STERTOOLS, BE,2026-09-22,219.0,229.7,218.0,223.02,224.0,218.8,34254,7664000.0,504,,,,new
STLNETWORK, EQ,2026-09-22,45.09,47.34,44.01,47.34,47.34,45.09,13000814,598106000.0,24415,,8089031.0,62.22,new
STLSTRINF, EQ,2026-09-22,24.99,24.99,23.0,23.16,23.75,24.04,10145,238000.0,84,,6741.0,66.45,new
STLTECH, BE,2026-09-22,819.95,851.0,818.0,839.55,838.5,813.65,1444247,1211726000.0,23826,,,,new
STOVEKRAFT, EQ,2026-09-22,817.9,835.95,816.05,827.8,828.0,815.1,107974,89573000.0,10803,,37617.0,34.84,new
STRIDERS, SM,2026-09-22,56.0,62.75,53.0,53.25,53.25,52.3,203200,11967000.0,54,,156800.0,77.17,new
STUDDS, EQ,2026-09-22,429.0,434.4,419.55,421.45,422.0,430.5,44386,18841000.0,2320,,25110.0,56.57,new
STUDIOLSD, SM,2026-09-22,9.2,9.2,8.85,8.85,8.85,9.2,8000,72000.0,4,,8000.0,100.0,new
STYL, EQ,2026-09-22,350.15,364.0,345.25,361.25,359.05,350.15,84140,30177999.999999996,3498,,38010.0,45.17,new
STYLAMIND, EQ,2026-09-22,3194.9,3360.5,3153.4,3309.4,3288.0,3195.5,109057,355179000.0,18982,,44159.0,40.49,new
STYLEBAAZA, EQ,2026-09-22,398.95,399.05,375.05,375.05,375.05,394.75,4125890,1563613000.0,21337,,2308319.0,55.95,new
STYRENIX, EQ,2026-09-22,2096.0,2110.4,2070.0,2078.3,2070.0,2096.1,16283,34015000.0,2533,,9261.0,56.88,new
SUBAHOTELS, SM,2026-09-22,89.5,93.3,89.5,90.05,90.05,89.45,26400,2396000.0,19,,10800.0,40.91,new
SUBEXLTD, EQ,2026-09-22,19.7,19.83,19.1,19.37,19.34,19.61,4951473,95905000.0,9790,,1752843.0,35.4,new
SUBROS, EQ,2026-09-22,715.0,724.35,715.0,720.65,723.25,714.9,18563,13341999.999999998,1685,,10227.0,55.09,new
SUDARCOLOR, EQ,2026-09-22,410.0,410.0,388.15,390.2,391.0,402.0,4738,1863000.0,274,,3282.0,69.27,new
SUDARSCHEM, EQ,2026-09-22,1274.1,1274.1,1222.4,1230.3,1232.0,1257.9,122386,151790000.0,8141,,69057.0,56.43,new
SUDEEPPHRM, EQ,2026-09-22,1141.1,1201.2,1133.8,1197.1,1201.2,1144.0,307848,366608000.0,15432,,161041.0,52.31,new
SUKHJITS, EQ,2026-09-22,163.0,164.5,160.03,161.0,160.7,163.31,11140,1804000.0,383,,6833.0,61.34,new
SULA, EQ,2026-09-22,134.9,136.89,134.46,135.48,134.46,134.46,259852,35230000.0,3994,,125067.0,48.13,new
SUMAX, SM,2026-09-22,108.0,112.7,107.3,108.0,108.75,108.35,49200,5380000.0,41,,36000.0,73.17,new
SUMEDHA, EQ,2026-09-22,48.1,48.1,44.0,44.04,44.0,43.9,2902,131000.0,95,,2523.0,86.94,new
SUMEETINDS, EQ,2026-09-22,10.44,10.53,10.44,10.53,10.53,10.03,624237,6566000.0,200,,535833.0,85.84,new
SUMICHEM, EQ,2026-09-22,453.55,462.7,450.65,457.5,459.0,454.55,466298,213400000.0,15034,,305160.0,65.44,new
SUMIT, EQ,2026-09-22,50.99,50.99,48.5,50.06,50.02,49.54,13814,684000.0,110,,12662.0,91.66,new
SUMMITSEC, EQ,2026-09-22,1404.8,1410.0,1395.3,1404.0,1401.5,1388.5,650,911000.0,174,,393.0,60.46,new
SUNCLAY, EQ,2026-09-22,1252.5,1266.6,1221.0,1252.5,1245.0,1251.8,6249,7751000.000000001,615,,3973.0,63.58,new
SUNDARAM, EQ,2026-09-22,1.19,1.19,1.16,1.17,1.18,1.17,232872,273000.0,277,,172272.0,73.98,new
SUNDARMFIN, EQ,2026-09-22,4665.6,4873.7,4650.0,4751.9,4710.0,4679.5,90693,436447000.0,20770,,36003.0,39.7,new
SUNDRMBRAK, BE,2026-09-22,705.0,709.0,665.0,690.85,693.0,699.0,4033,2739000.0,94,,,,new
SUNDRMFAST, EQ,2026-09-22,1205.6,1218.9,1176.6,1190.9,1194.3,1207.4,190200,226669000.0,22083,,94535.0,49.7,new
SUNDROP, EQ,2026-09-22,719.0,773.0,711.5,742.35,740.0,707.95,291500,217536000.0,13355,,117421.0,40.28,new
SUNFLAG, EQ,2026-09-22,355.45,362.2,352.7,355.05,356.05,352.85,199128,71303000.0,6277,,92779.0,46.59,new
SUNLITE, SM,2026-09-22,669.0,669.0,630.0,634.15,631.0,657.5,46500,30041000.000000004,126,,28500.0,61.29,new
SUNLOC, EQ,2026-09-22,73.0,75.8,73.0,75.8,75.8,73.0,122,9000.0,4,,64.0,52.46,new
SUNPHARMA, EQ,2026-09-22,1869.0,1876.4,1842.3,1846.4,1846.4,1868.9,1062235,1966954000.0,80108,,676260.0,63.66,new
SUNRAKSHAK, EQ,2026-09-22,365.5,368.9,363.0,364.85,363.0,365.0,4543,1663000.0,173,,3315.0,72.97,new
SUNREST, SM,2026-09-22,36.95,38.45,36.95,38.45,38.45,36.75,11200,426000.0,6,,11200.0,100.0,new
SUNSHIEL, EQ,2026-09-22,1227.0,1235.0,1184.8,1192.0,1190.0,1208.4,6652,8025000.0,731,,3278.0,49.28,new
SUNSHINE, EQ,2026-09-22,432.8,444.0,427.2,440.4,440.0,430.1,705974,307120000.0,8683,,371751.0,52.66,new
SUNTECH, SM,2026-09-22,39.9,40.0,37.6,37.6,37.6,38.6,9600,374000.0,6,,8000.0,83.33,new
SUNTECK, EQ,2026-09-22,290.3,292.7,286.1,287.9,286.55,290.0,54482,15778000.0,2211,,23282.0,42.73,new
SUNTV, EQ,2026-09-22,458.0,494.2,454.0,490.1,489.2,457.55,3413835,1652825999.9999998,73354,,774213.0,22.68,new
SUPERHOUSE, EQ,2026-09-22,170.31,171.0,168.0,169.17,168.0,169.49,4819,817000.0,97,,3829.0,79.46,new
SUPERSPIN, BE,2026-09-22,6.93,7.42,6.76,7.4,7.4,7.07,55578,401000.0,43,,,,new
SUPRAJIT, EQ,2026-09-22,484.0,487.7,482.2,483.45,482.2,480.85,37481,18172000.0,3816,,20111.0,53.66,new
SUPREME, EQ,2026-09-22,33.7,33.7,31.1,32.19,32.5,31.96,14062,447000.0,200,,10384.0,73.84,new
SUPREMEENG, BZ,2026-09-22,3.72,3.72,3.72,3.72,3.72,3.65,190781,710000.0,88,,,,new
SUPREMEIND, EQ,2026-09-22,3495.0,3511.2,3435.9,3460.5,3460.5,3500.0,194956,676727000.0,13921,,127408.0,65.35,new
SUPREMEINF, EQ,2026-09-22,82.92,83.0,80.2,80.5,80.2,80.95,6278,511000.00000000006,127,,3703.0,58.98,new
SUPREMEPWR, SM,2026-09-22,207.05,209.95,200.0,203.45,202.0,210.5,109000,22298000.0,163,,69500.0,63.76,new
SUPRIYA, EQ,2026-09-22,963.0,971.65,933.1,939.1,936.3,957.7,333549,317601000.0,23441,,118684.0,35.58,new
SUPTANERY, BE,2026-09-22,10.15,10.15,10.15,10.15,10.15,9.67,72173,733000.0,112,,,,new
SURAJEST, EQ,2026-09-22,213.0,226.61,213.0,217.0,213.1,216.41,622792,137951000.0,12871,,216544.0,34.77,new
SURAJLTD, EQ,2026-09-22,198.0,204.99,190.3,202.41,203.0,198.0,920,185000.0,57,,829.0,90.11,new
SURAKSHA, EQ,2026-09-22,351.9,358.05,341.0,353.4,351.0,349.1,177064,62326000.0,5909,,87026.0,49.15,new
SURANASOL, EQ,2026-09-22,25.82,26.35,25.41,25.53,25.55,26.03,17108,442000.0,352,,14520.0,84.87,new
SURANAT&P, EQ,2026-09-22,16.11,16.5,16.11,16.19,16.28,16.1,22965,374000.0,318,,15076.0,65.65,new
SURANI, SM,2026-09-22,95.0,100.0,95.0,100.0,100.0,100.0,2400,238000.0,5,,2400.0,100.0,new
SURYALA, EQ,2026-09-22,392.9,392.95,380.2,390.8,390.8,382.0,421,164000.0,19,,266.0,63.18,new
SURYALAXMI, EQ,2026-09-22,57.6,58.89,57.01,57.4,57.4,57.74,3951,229999.99999999997,79,,3361.0,85.07,new
SURYAROSNI, EQ,2026-09-22,211.18,215.8,211.01,212.05,211.2,211.18,391334,83193000.0,8180,,202498.0,51.75,new
SURYODAY, EQ,2026-09-22,148.55,148.97,145.79,146.4,147.95,146.94,125159,18446000.0,2279,,68271.0,54.55,new
SUTLEJTEX, BE,2026-09-22,39.45,40.0,38.37,38.92,38.66,38.34,20552,805000.0000000001,67,,,,new
SUVEN, EQ,2026-09-22,337.9,345.2,334.3,335.45,336.05,337.9,271490,91764000.0,8716,,127241.0,46.87,new
SUVIDHAA, EQ,2026-09-22,2.25,2.39,2.19,2.22,2.23,2.22,1482871,3318000.0,518,,1457389.0,98.28,new
SUYOG, EQ,2026-09-22,654.9,658.5,641.5,644.65,650.0,648.2,15031,9742000.0,1035,,8145.0,54.19,new
SUZLON, EQ,2026-09-22,43.5,44.22,42.91,43.0,43.0,43.34,41578320,1808248000.0,88357,,17964295.0,43.21,new
SVGLOBAL, EQ,2026-09-22,159.0,159.5,150.2,155.6,151.6,160.65,7057,1099000.0,213,,3833.0,54.31,new
SVLL, EQ,2026-09-22,814.0,885.0,814.0,867.65,879.45,816.0,7371,6246000.0,215,,6476.0,87.86,new
SVPGLOB, EQ,2026-09-22,3.44,3.44,3.19,3.34,3.35,3.35,31926,105000.0,64,,20723.0,64.91,new
SWANCORP, EQ,2026-09-22,303.0,311.0,301.0,302.75,301.25,302.2,1116225,341608000.0,24775,,314437.0,28.17,new
SWANDEF, BE,2026-09-22,2646.0,2769.9,2645.6,2722.0,2727.0,2713.4,26576,72891000.0,1080,,,,new
SWARAJ, BE,2026-09-22,279.0,301.0,278.95,292.55,290.0,286.7,345708,102818000.0,1748,,,,new
SWARAJENG, EQ,2026-09-22,3572.4,3594.7,3542.0,3556.0,3550.0,3572.4,5088,18086000.0,1142,,3340.0,65.64,new
SWARNSAR, EQ,2026-09-22,37.81,40.4,36.55,39.69,39.65,37.07,54675,2151000.0,339,,43674.0,79.88,new
SWASTIK, ST,2026-09-22,17.75,17.75,17.75,17.75,17.75,16.95,2400,43000.0,2,,2400.0,100.0,new
SWELECTES, EQ,2026-09-22,573.8,574.0,559.8,564.95,565.7,572.6,4248,2403000.0,450,,2875.0,67.68,new
SWIGGY, EQ,2026-09-22,273.0,284.25,272.8,284.05,284.05,272.7,32604564,9123174000.0,143178,,19531318.0,59.9,new
SWISSMLTRY, BE,2026-09-22,14.34,14.69,13.93,14.39,14.4,14.34,107210,1524000.0,293,,,,new
SWSOLAR, EQ,2026-09-22,178.89,186.66,176.1,178.42,177.55,173.27,5752741,1046148000.0,65534,,826629.0,14.37,new
SYMBIOTEC, EQ,2026-09-22,1099.0,1188.0,1095.0,1120.9,1118.0,1156.05,2182137,2505482000.0,119944,,622320.0,28.52,new
SYMPHONY, EQ,2026-09-22,597.8,598.05,589.1,590.55,590.9,597.8,22943,13611000.000000002,1540,,13224.0,57.64,new
SYNCOMF, EQ,2026-09-22,19.87,21.0,19.87,20.4,20.32,19.85,9828587,202862000.0,16105,,3913035.0,39.81,new
SYNGENE, EQ,2026-09-22,385.15,385.85,373.6,377.5,378.0,385.15,422362,159811000.0,19766,,200116.0,47.38,new
SYNOPTICS, ST,2026-09-22,45.0,47.25,45.0,47.25,47.25,45.0,4800,225000.0,8,,4800.0,100.0,new
SYRMA, EQ,2026-09-22,1720.0,1803.9,1714.5,1741.8,1732.9,1713.3,4023734,7130389999.999999,133696,,868531.0,21.59,new
SYSTANGO, SM,2026-09-22,221.45,226.7,221.4,226.0,224.1,220.7,19200,4300000.0,47,,12000.0,62.5,new
SYSTMTXC, BE,2026-09-22,75.0,76.3,74.9,76.3,76.3,75.6,15671,1179000.0,48,,,,new
TAALTECH, EQ,2026-09-22,1163.0,1234.0,1158.0,1185.4,1175.0,5714.6,145451,174963000.0,15313,,63938.0,43.96,new
TAC, ST,2026-09-22,480.0,500.25,475.7,500.25,500.25,476.45,41600,20389000.0,140,,40600.0,97.6,new
TAINWALCHM, EQ,2026-09-22,219.54,228.0,216.0,219.29,217.75,219.54,1736,384000.0,94,,1320.0,76.04,new
TAJGVK, EQ,2026-09-22,328.8,332.95,326.05,328.85,328.2,328.8,38081,12541000.0,1744,,19078.0,50.1,new
TAKE, EQ,2026-09-22,16.6,16.6,15.75,15.84,15.94,16.47,254803,4126000.0,1695,,197956.0,77.69,new
TALBROAUTO, EQ,2026-09-22,466.0,485.8,464.55,475.3,475.0,467.3,342284,162772000.0,12040,,134150.0,39.19,new
TAMBOLIIN, BE,2026-09-22,305.9,305.9,280.0,289.95,289.95,292.2,3180,930000.0000000001,88,,,,new
TANAA, EQ,2026-09-22,334.5,378.95,332.5,367.05,364.5,319.6,965676,351071000.0,30526,,225724.0,23.37,new
TANKUP, ST,2026-09-22,1643.5,1643.5,1638.0,1638.0,1638.0,1613.05,2250,3689000.0,6,,2250.0,100.0,new
TANLA, EQ,2026-09-22,493.0,496.35,483.75,485.35,486.0,493.4,387958,189245000.0,11826,,201010.0,51.81,new
TARACHAND, EQ,2026-09-22,47.25,47.99,46.6,47.08,47.45,47.2,41820,1978000.0,478,,25722.0,61.51,new
TARAPUR, EQ,2026-09-22,12.0,12.53,11.45,12.08,12.23,12.31,39790,480000.0,280,,30771.0,77.33,new
TARC, EQ,2026-09-22,129.97,132.19,129.05,130.66,129.35,129.97,312935,40871000.0,4287,,181169.0,57.89,new
TARIL, EQ,2026-09-22,279.15,285.75,279.15,280.75,280.9,278.25,810752,228835000.0,16288,,397837.0,49.07,new
TARMAT, EQ,2026-09-22,55.87,55.9,54.13,54.22,54.25,54.76,9899,543000.0,258,,7430.0,75.06,new
TARSONS, EQ,2026-09-22,342.0,344.9,330.2,331.5,330.2,341.3,262560,88296000.0,8951,,70892.0,27.0,new
TASTYBITE, EQ,2026-09-22,9801.0,9941.0,9784.0,9829.0,9800.0,9798.0,3087,30322000.000000004,662,,2229.0,72.21,new
TATACAP, EQ,2026-09-22,343.0,345.6,340.25,341.1,341.35,343.7,934131,319495000.0,30757,,546354.0,58.49,new
TATACHEM, EQ,2026-09-22,695.0,697.05,673.0,674.0,674.0,694.7,1586207,1080279000.0,34670,,576929.0,36.37,new
TATACOMM, EQ,2026-09-22,1733.0,1741.0,1682.1,1692.4,1687.0,1732.7,136660,232564000.0,16128,,58531.0,42.83,new
TATACONSUM, EQ,2026-09-22,1002.9,1006.0,984.1,984.1,984.1,1000.6,683063,678204000.0,41429,,388106.0,56.82,new
TATAELXSI, EQ,2026-09-22,3295.0,3295.0,3200.0,3220.0,3220.0,3287.0,523177,1685030000.0,45786,,160303.0,30.64,new
TATAGOLD, EQ,2026-09-22,14.78,14.78,14.61,14.69,14.73,14.76,45022739,661963000.0,54172,,25222247.0,56.02,new
TATAINVEST, EQ,2026-09-22,686.0,697.15,677.1,682.25,679.75,680.5,729720,501397000.0,24576,,230522.0,31.59,new
TATAPOWER, EQ,2026-09-22,367.0,370.0,365.9,367.0,367.0,367.15,2521297,927627000.0,34026,,1277910.0,50.68,new
TATASTEEL, EQ,2026-09-22,183.6,185.49,183.1,184.97,184.97,183.4,17525509,3227613000.0,92588,,7417657.0,42.32,new
TATATECH, EQ,2026-09-22,724.9,724.9,712.0,715.55,713.75,724.9,476836,342317000.0,26683,,208783.0,43.79,new
TATSILV, EQ,2026-09-22,22.52,22.59,22.17,22.36,22.4,22.55,31043387,694844000.0,37045,,10101501.0,32.54,new
TATVA, EQ,2026-09-22,1775.0,1817.0,1731.5,1744.2,1740.0,1761.2,53674,95382000.0,5959,,20859.0,38.86,new
TAURIAN, ST,2026-09-22,521.1,562.0,521.1,559.65,562.0,535.25,36800,20498000.0,45,,30400.0,82.61,new
TBI, SM,2026-09-22,79.95,80.0,76.3,77.05,77.0,79.2,28800,2239000.0,34,,23400.0,81.25,new
TBOTEK, EQ,2026-09-22,1705.0,1748.0,1682.1,1703.7,1693.5,1704.9,596139,1023765000.0,31975,,312343.0,52.39,new
TBZ, EQ,2026-09-22,650.0,665.35,636.95,665.35,665.35,633.7,881481,581580000.0,7168,,426890.0,48.43,new
TCC, EQ,2026-09-22,46.22,55.18,45.2,52.62,53.8,45.99,4284942,218510000.0,21015,,559174.0,13.05,new
TCI, EQ,2026-09-22,809.8,825.0,797.0,813.45,805.05,807.25,70223,56791000.0,11748,,36140.0,51.46,new
TCIEXP, EQ,2026-09-22,482.6,489.95,482.6,486.15,484.0,482.6,8484,4122000.0,983,,5151.0,60.71,new
TCIFINANCE, EQ,2026-09-22,15.15,15.68,14.81,15.26,15.2,15.41,4943,76000.0,100,,3850.0,77.89,new
TCL, SM,2026-09-22,139.0,139.0,130.0,131.55,130.0,138.75,43200,5701000.0,53,,33600.0,77.78,new
TCPLPACK, EQ,2026-09-22,3914.0,3919.8,3813.5,3833.8,3814.2,3881.1,2746,10553000.0,920,,1496.0,54.48,new
TCS, EQ,2026-09-22,2135.1,2135.2,2098.2,2105.0,2105.0,2128.7,3641623,7677794000.0,108224,,2002739.0,55.0,new
TDPOWERSYS, EQ,2026-09-22,754.0,763.25,743.35,756.4,757.0,747.3,1714771,1292506000.0,59991,,751849.0,43.85,new
TEAMGTY, EQ,2026-09-22,242.99,242.99,235.2,240.77,241.0,241.9,359,86000.0,25,,311.0,86.63,new
TEAMLEASE, EQ,2026-09-22,1230.2,1230.2,1195.4,1201.0,1204.1,1217.0,16127,19518000.0,5037,,9571.0,59.35,new
TEAMTECH, ST,2026-09-22,132.9,134.0,130.0,130.0,130.0,130.0,20000,2636000.0,9,,16000.0,80.0,new
TECH, EQ,2026-09-22,31.55,32.23,31.1,31.37,31.5,31.71,33252,1041000.0,263,,18803.0,56.55,new
TECHD, SM,2026-09-22,550.0,565.0,549.95,556.8,558.4,539.0,26100,14519999.999999998,77,,15600.0,59.77,new
TECHERA, SM,2026-09-22,152.0,154.95,150.4,151.15,151.2,152.65,36800,5631000.0,45,,28800.0,78.26,new
TECHLABS, SM,2026-09-22,132.0,132.0,120.35,120.5,120.35,126.65,47375,5843000.0,146,,42250.0,89.18,new
TECHM, EQ,2026-09-22,1553.7,1558.7,1530.9,1551.6,1551.6,1558.5,1013719,1564719000.0,61901,,565537.0,55.79,new
TECHNOCRAF, EQ,2026-09-22,439.0,463.0,438.3,457.5,462.0,437.65,1492761,673705000.0,27649,,721521.0,48.33,new
TECHNOE, EQ,2026-09-22,1017.7,1041.4,1000.0,1005.65,1008.5,1012.25,112644,114550000.0,11932,,48898.0,43.41,new
TECHNVISN, EQ,2026-09-22,4154.5,4290.0,3947.0,3982.5,3954.5,4154.5,773,3107000.0,200,,609.0,78.78,new
TECILCHEM, EQ,2026-09-22,9.31,9.46,9.0,9.31,9.21,9.46,6433,60000.0,68,,6264.0,97.37,new
TEGA, EQ,2026-09-22,2130.0,2175.0,2060.0,2069.0,2069.4,2129.0,1295775,2751238000.0,59519,,242639.0,18.73,new
TEJA, SM,2026-09-22,230.85,233.7,215.0,218.8,219.85,236.55,45600,10074000.0,50,,19800.0,43.42,new
TEJASNET, EQ,2026-09-22,518.0,527.0,515.0,516.3,516.0,516.85,963970,501018000.0,25942,,243677.0,25.28,new
TEMBO, EQ,2026-09-22,57.99,58.86,57.01,57.36,57.18,57.8,1028129,59241000.0,3917,,435467.0,42.36,new
TEMPSENS, EQ,2026-09-22,528.0,551.55,528.0,537.1,537.25,526.85,1620809,874256000.0,39354,,425742.0,26.27,new
TENNIND, EQ,2026-09-22,513.0,535.1,513.0,532.75,531.05,514.1,1047619,553291000.0,34617,,619454.0,59.13,new
TERASOFT, EQ,2026-09-22,251.1,252.8,238.25,240.8,239.6,248.65,15569,3764000.0,1116,,7979.0,51.25,new
TEXINFRA, EQ,2026-09-22,115.31,115.9,108.95,115.02,115.07,114.06,130228,14974000.0,867,,100425.0,77.11,new
TEXMOPIPES, EQ,2026-09-22,61.0,62.0,59.15,59.38,59.68,60.67,270473,16326000.0,2568,,80062.0,29.6,new
TEXRAIL, EQ,2026-09-22,114.43,119.95,114.43,119.2,119.5,114.43,4041975,478768000.0,32672,,1862075.0,46.07,new
TFCILTD, EQ,2026-09-22,140.49,144.48,139.79,140.8,140.87,140.06,9890686,1406525000.0,28244,,5457577.0,55.18,new
TFL, EQ,2026-09-22,11.84,12.08,11.67,11.75,11.73,12.08,1810,21000.0,27,,1020.0,56.35,new
TGBHOTELS, EQ,2026-09-22,9.9,9.9,9.34,9.64,9.75,9.54,18593,180000.0,134,,13999.0,75.29,new
TGL, ST,2026-09-22,14.7,14.7,14.7,14.7,14.7,14.95,3400,50000.0,11,,3400.0,100.0,new
TGVSL, EQ,2026-09-22,106.12,109.0,106.12,107.45,107.12,107.0,126979,13677000.000000002,2770,,66294.0,52.21,new
THACKER, EQ,2026-09-22,1077.9,1077.9,1000.0,1008.75,1050.0,1077.9,16,17000.0,9,,16.0,100.0,new
THAKDEV, EQ,2026-09-22,125.0,128.9,115.6,126.36,115.6,118.42,622,78000.0,24,,419.0,67.36,new
THANGAMAYL, EQ,2026-09-22,4965.0,5164.5,4955.0,5119.5,5132.0,4930.5,65238,332413000.0,9383,,32908.0,50.44,new
THEINVEST, EQ,2026-09-22,95.99,95.99,93.5,95.25,95.89,95.39,1491,141000.0,150,,1107.0,74.25,new
THEJO, EQ,2026-09-22,2141.8,2199.0,2140.0,2167.9,2199.0,2141.8,9018,19495000.0,1554,,6788.0,75.27,new
THELEELA, EQ,2026-09-22,540.0,548.75,531.05,537.05,539.5,537.45,518559,279540000.0,24272,,324280.0,62.53,new
THEMISMED, EQ,2026-09-22,123.2,126.19,122.0,122.6,123.5,123.92,57664,7137000.0,1021,,30972.0,53.71,new
THERMAX, EQ,2026-09-22,3580.0,3615.0,3459.0,3472.2,3459.0,3578.2,183238,644987000.0,40953,,115179.0,62.86,new
THESL, ST,2026-09-22,13.9,13.9,13.9,13.9,13.9,13.25,3000,42000.0,1,,3000.0,100.0,new
THOMASCOOK, EQ,2026-09-22,105.05,106.0,103.81,104.85,105.09,105.03,359934,37815000.0,5470,,148327.0,41.21,new
THOMASCOTT, EQ,2026-09-22,239.85,245.0,235.1,236.9,236.5,236.7,91068,21849000.0,2354,,53280.0,58.51,new
THYROCARE, EQ,2026-09-22,573.4,594.0,573.0,577.5,578.0,571.45,397695,231787000.0,21666,,196731.0,49.47,new
TI, EQ,2026-09-22,581.2,585.7,572.1,574.65,573.5,579.55,1596488,925574000.0,22404,,1121657.0,70.26,new
TICL, BE,2026-09-22,5.85,5.87,5.5,5.56,5.5,5.78,328364,1829000.0,360,,,,new
TIGERLOGS, EQ,2026-09-22,25.66,26.75,25.66,26.57,26.37,25.66,94527,2477000.0,543,,80144.0,84.78,new
TIIL, EQ,2026-09-22,3050.0,3065.7,2936.0,2983.0,2985.0,3043.4,57681,172173000.0,9144,,31361.0,54.37,new
TIINDIA, EQ,2026-09-22,2602.0,2617.4,2558.4,2574.0,2574.0,2588.0,81195,210080000.00000003,10718,,37976.0,46.77,new
TIJARIA, BE,2026-09-22,7.2,7.47,6.87,6.87,6.87,7.23,42120,297000.0,130,,,,new
TIL, BE,2026-09-22,259.55,260.0,243.86,248.07,250.0,256.69,62532,15734000.0,459,,,,new
TIMETECHNO, EQ,2026-09-22,178.52,181.9,176.9,180.59,181.0,180.23,2674483,479654000.0,24724,,675975.0,25.27,new
TIMEX, EQ,2026-09-22,708.5,718.45,701.65,703.8,705.15,709.65,236271,167398000.0,14080,,92039.0,38.95,new
TIMKEN, EQ,2026-09-22,3156.6,3194.9,3115.0,3178.5,3183.0,3136.8,38073,120344000.0,8543,,20845.0,54.75,new
TINNARUBR, EQ,2026-09-22,1029.35,1047.0,1002.75,1008.1,1005.5,1029.35,40473,41191000.0,3358,,19048.0,47.06,new
TIPSFILMS, EQ,2026-09-22,317.0,328.45,314.25,316.35,314.95,320.7,2578,819000.0,331,,2225.0,86.31,new
TIPSMUSIC, EQ,2026-09-22,658.1,672.0,658.1,661.8,663.85,660.0,165069,109843000.0,9764,,91152.0,55.22,new
TIRUMALCHM, EQ,2026-09-22,157.75,159.76,156.2,157.32,157.9,156.75,146008,23046000.0,2659,,75285.0,51.56,new
TIRUPATIFL, BE,2026-09-22,74.61,74.61,74.61,74.61,74.61,71.06,347410,25920000.0,557,,,,new
TITAGARH, EQ,2026-09-22,841.9,854.6,831.3,834.85,837.5,841.05,341550,287287000.0,20453,,136602.0,39.99,new
TITAN, EQ,2026-09-22,4876.0,4982.0,4862.5,4928.5,4928.5,4875.0,1238174,6114490000.0,105317,,649354.0,52.44,new
TMB, EQ,2026-09-22,895.0,897.8,870.6,883.75,885.0,886.35,140878,123723000.0,14927,,64599.0,45.85,new
TMCV, EQ,2026-09-22,444.5,452.0,437.2,440.1,439.9,444.5,4761149,2117834999.9999998,79064,,2216086.0,46.55,new
TMPV, EQ,2026-09-22,302.1,302.8,298.5,300.05,300.05,301.65,6935097,2084559999.9999998,81438,,3405624.0,49.11,new
TNIDETF, EQ,2026-09-22,88.06,88.99,88.06,88.6,88.07,88.77,20531,1816000.0,287,,14266.0,69.49,new
TNPETRO, EQ,2026-09-22,131.7,132.0,128.15,129.0,128.15,130.35,559727,72783000.0,7828,,204212.0,36.48,new
TNPL, EQ,2026-09-22,146.01,146.23,141.22,142.56,142.75,145.48,241006,34378000.0,5261,,126236.0,52.38,new
TNTELE, EQ,2026-09-22,9.89,9.89,8.95,9.11,9.06,9.24,22551,206999.99999999997,193,,9809.0,43.5,new
TOKYOPLAST, EQ,2026-09-22,77.0,78.98,75.02,78.4,78.5,77.0,4504,346000.0,32,,3387.0,75.2,new
TOLINS, EQ,2026-09-22,90.77,92.77,89.02,89.6,89.15,89.39,26635,2411000.0,703,,19614.0,73.64,new
TOP100CASE, EQ,2026-09-22,10.43,10.45,10.26,10.3,10.32,10.35,903235,9313000.0,1118,,544287.0,60.26,new
TOP10ADD, EQ,2026-09-22,85.39,85.39,84.49,84.53,84.6,85.39,590727,50120000.0,923,,347864.0,58.89,new
TOP15IETF, EQ,2026-09-22,9.55,9.57,9.43,9.45,9.48,9.52,284359,2690000.0,384,,149474.0,52.57,new
TOP20, EQ,2026-09-22,8.69,8.69,8.62,8.64,8.64,8.67,44627,386000.0,127,,43100.0,96.58,new
TORNTPHARM, EQ,2026-09-22,4984.0,4984.0,4910.0,4935.0,4935.0,4970.0,244345,1207567000.0,26105,,158061.0,64.69,new
TORNTPOWER, EQ,2026-09-22,1261.0,1268.4,1242.0,1246.3,1250.0,1262.0,126940,159028000.0,13877,,66445.0,52.34,new
TOTAL, BE,2026-09-22,71.0,72.55,70.0,72.19,70.05,70.3,6008,430999.99999999994,36,,,,new
TOUCHWOOD, EQ,2026-09-22,61.79,62.78,59.08,61.67,61.91,61.78,903,55000.00000000001,77,,498.0,55.15,new
TOYAMSL, EQ,2026-09-22,0.84,0.84,0.84,0.84,0.84,0.8,170180,143000.0,63,,170168.0,99.99,new
TPHQ, BE,2026-09-22,0.54,0.56,0.53,0.53,0.54,0.55,1127715,603000.0,392,,,,new
TPLPLASTEH, EQ,2026-09-22,65.72,66.25,64.47,65.09,65.66,65.03,118214,7705000.0,1150,,33620.0,28.44,new
TRACXN, EQ,2026-09-22,31.98,32.85,31.5,32.69,32.69,31.98,265268,8575000.0,4087,,203510.0,76.72,new
TRANSCOR, EQ,2026-09-22,29.0,29.0,24.2,24.92,25.33,24.97,12276,333000.0,93,,6391.0,52.06,new
TRANSPEK, BE,2026-09-22,1349.9,1372.0,1315.0,1338.6,1327.0,1374.6,575,772000.0,53,,,,new
TRANSRAILL, EQ,2026-09-22,420.0,488.0,420.0,477.15,474.0,414.2,23971640,11258918000.0,357503,,2045812.0,8.53,new
TRANSTEEL, SM,2026-09-22,86.95,88.2,83.0,86.3,86.3,84.25,52000,4489000.0,43,,30000.0,57.69,new
TRANSWORLD, BE,2026-09-22,166.51,168.94,166.51,166.51,166.51,166.51,8159,1365000.0,29,,,,new
TRAVELFOOD, EQ,2026-09-22,1228.5,1240.7,1223.3,1230.3,1230.0,1228.5,15552,19129000.0,3167,,8711.0,56.01,new
TREEHOUSE, EQ,2026-09-22,5.84,6.1,5.76,6.05,6.05,5.84,21627,129000.0,130,,18735.0,86.63,new
TREJHARA, EQ,2026-09-22,136.0,145.0,132.0,136.21,137.2,132.25,46087,6388000.0,1112,,26589.0,57.69,new
TREL, EQ,2026-09-22,26.51,27.89,26.51,27.31,27.74,26.68,181088,4950000.0,5200,,107689.0,59.47,new
TRENT, EQ,2026-09-22,2838.7,2847.9,2754.2,2782.9,2782.9,2815.5,764083,2132891000.0,50339,,357513.0,46.79,new
TRF, EQ,2026-09-22,217.0,219.01,215.15,216.06,215.5,216.43,4526,977999.9999999999,170,,3372.0,74.5,new
TRIDENT, EQ,2026-09-22,23.09,23.19,22.82,22.93,22.93,23.02,2129961,48996000.0,9597,,1048043.0,49.2,new
TRIDHYA, SM,2026-09-22,6.95,6.95,6.95,6.95,6.95,7.3,3000,21000.0,1,,3000.0,100.0,new
TRIGYN, EQ,2026-09-22,56.0,56.45,55.2,55.76,55.75,56.02,16792,936999.9999999999,308,,10983.0,65.41,new
TRITONV, EQ,2026-09-22,1085.0,1091.6,1063.9,1080.1,1085.0,1063.9,981,1063000.0,256,,629.0,64.12,new
TRITURBINE, EQ,2026-09-22,555.65,564.85,546.8,550.3,553.95,555.65,374231,207836000.0,50742,,174879.0,46.73,new
TRIVENI, EQ,2026-09-22,239.95,244.05,238.55,239.55,239.1,238.75,311291,75170000.0,7846,,162432.0,52.18,new
TROM, SM,2026-09-22,55.0,55.0,54.9,54.9,54.9,54.95,1800,99000.0,2,,1800.0,100.0,new
TRU, EQ,2026-09-22,4.03,4.28,4.03,4.17,4.19,4.12,36808,151000.0,160,,24684.0,67.06,new
TRUALT, EQ,2026-09-22,415.55,428.9,411.0,414.45,418.0,415.05,371407,155746000.0,10276,,221469.0,59.63,new
TRUST, SM,2026-09-22,27.0,27.15,26.2,26.2,26.2,26.15,7200,191000.0,7,,7200.0,100.0,new
TSC, ST,2026-09-22,54.0,54.0,54.0,54.0,54.0,51.45,20000,1080000.0,6,,20000.0,100.0,new
TSFINV, EQ,2026-09-22,464.95,467.35,459.0,461.35,463.85,460.35,47069,21781000.0,2569,,26735.0,56.8,new
TTKHLTCARE, EQ,2026-09-22,1079.8,1084.8,1040.0,1050.2,1046.0,1073.3,29824,31561000.0,2961,,17727.0,59.44,new
TTKPRESTIG, EQ,2026-09-22,529.45,530.0,516.0,517.15,516.0,524.9,41161,21451000.0,4306,,25063.0,60.89,new
TTL, EQ,2026-09-22,7.32,7.48,7.01,7.29,7.3,7.42,574914,4168000.0,541,,361021.0,62.8,new
TTML, EQ,2026-09-22,35.25,35.99,35.25,35.62,35.5,35.36,1182880,42115000.0,6118,,448962.0,37.95,new
TUNWAL, SM,2026-09-22,25.4,25.6,25.15,25.2,25.15,25.3,34000,861999.9999999999,17,,24000.0,70.59,new
TURTLEMINT, EQ,2026-09-22,132.46,143.0,130.51,140.23,139.5,131.17,3713889,517953000.0,49108,,1213687.0,32.68,new
TUTIALKA, EQ,2026-09-22,57.5,57.5,54.05,55.34,55.0,56.56,3470,192000.0,148,,2384.0,68.7,new
TVSELECT, EQ,2026-09-22,401.2,401.2,388.0,391.15,389.9,396.0,26743,10530000.0,1645,,14578.0,54.51,new
TVSHLTD, EQ,2026-09-22,12671.0,12798.0,12501.0,12543.0,12605.0,12729.0,3500,44101000.0,1151,,1844.0,52.69,new
TVSMOTOR, EQ,2026-09-22,4155.0,4188.1,4134.0,4140.0,4140.0,4155.0,544904,2266616000.0,39675,,362245.0,66.48,new
TVSSCS, EQ,2026-09-22,133.1,135.63,131.58,132.31,132.21,132.85,510639,68069000.0,9587,,188230.0,36.86,new
TVSSRICHAK, EQ,2026-09-22,4658.0,4690.0,4610.0,4650.0,4650.0,4592.0,7781,36164000.0,1642,,2550.0,32.77,new
TVTODAY, EQ,2026-09-22,107.15,109.81,107.0,107.67,107.65,107.64,40045,4324000.0,684,,33201.0,82.91,new
TVVISION, BE,2026-09-22,2.68,2.78,2.68,2.78,2.78,2.65,54667,152000.0,74,,,,new
TWCGOLDETF, EQ,2026-09-22,151.2,151.2,149.46,150.57,150.98,151.46,51682,7759000.0,515,,51583.0,99.81,new
UBL, EQ,2026-09-22,1234.0,1234.9,1210.4,1215.2,1218.0,1227.8,88734,107989000.00000001,11498,,48794.0,54.99,new
UCAL, BE,2026-09-22,146.0,149.7,142.0,145.12,145.99,145.05,7010,1016000.0,83,,,,new
UCOBANK, EQ,2026-09-22,23.62,23.78,23.62,23.72,23.73,23.62,2058479,48790000.0,8902,,776916.0,37.74,new
UDAYJEW, EQ,2026-09-22,151.83,152.11,147.0,148.87,147.0,151.08,11047,1651000.0000000002,439,,7406.0,67.04,new
UDS, EQ,2026-09-22,198.0,207.8,196.0,198.14,199.44,198.48,138849,28002999.999999996,4295,,56322.0,40.56,new
UEL, EQ,2026-09-22,202.99,202.99,190.0,191.3,193.0,198.29,19352,3740999.9999999995,932,,9728.0,50.27,new
UFBL, BE,2026-09-22,704.5,738.65,704.5,720.3,720.0,716.15,30557,22097000.0,1201,,,,new
UFLEX, EQ,2026-09-22,669.0,679.7,640.0,648.15,646.0,656.15,251203,165160000.0,7370,,91418.0,36.39,new
UFO, EQ,2026-09-22,61.0,61.95,60.3,60.64,60.5,60.87,33271,2030000.0,379,,24133.0,72.53,new
UGARSUGAR, EQ,2026-09-22,56.01,56.85,55.0,55.35,55.7,55.8,452353,25287000.0,3911,,99236.0,21.94,new
UGROCAP, EQ,2026-09-22,82.01,83.31,82.01,82.74,82.6,82.29,78300,6469000.0,1033,,55472.0,70.85,new
UHTL, ST,2026-09-22,195.8,195.8,195.8,195.8,195.8,192.0,6000,1175000.0,3,,6000.0,100.0,new
UJJIVANSFB, EQ,2026-09-22,64.99,65.8,64.46,64.74,64.7,64.79,5992425,389930000.0,29768,,2804356.0,46.8,new
ULTRACEMCO, EQ,2026-09-22,11100.0,11142.0,11000.0,11000.0,11000.0,11100.0,320797,3556640000.0,35467,,195660.0,60.99,new
ULTRAMAR, EQ,2026-09-22,438.0,438.0,422.05,423.9,425.0,435.0,20679,8843000.0,978,,12264.0,59.31,new
UMA, SM,2026-09-22,17.5,17.5,17.5,17.5,17.5,17.5,4000,70000.0,1,,4000.0,100.0,new
UMAEXPORTS, BE,2026-09-22,19.53,20.01,19.28,20.01,20.01,19.62,16517,322000.0,42,,,,new
UMESLTD, EQ,2026-09-22,4.34,4.64,4.27,4.57,4.6,4.25,45624,204000.0,142,,36355.0,79.68,new
UMIYA-MRO, EQ,2026-09-22,98.06,99.49,96.21,97.29,96.21,98.33,7773,760000.0,147,,5596.0,71.99,new
UNICHEMLAB, EQ,2026-09-22,538.0,566.0,534.7,538.75,538.2,540.65,114861,63136000.0,5821,,42396.0,36.91,new
UNIDT, EQ,2026-09-22,222.0,223.35,210.72,212.42,213.35,222.44,12203,2644000.0,685,,7785.0,63.8,new
UNIECOM, EQ,2026-09-22,81.55,90.5,80.96,86.32,85.77,81.11,13825616,1216457000.0,71309,,675103.0,4.88,new
UNIENTER, EQ,2026-09-22,92.0,92.0,89.67,91.15,91.26,91.82,3572,324000.0,71,,2560.0,71.67,new
UNIHEALTH, SM,2026-09-22,655.0,668.0,650.0,651.85,650.0,668.0,16500,10828000.0,29,,13000.0,78.79,new
UNIINFO, EQ,2026-09-22,11.0,11.48,11.0,11.45,11.45,11.33,1335,15000.0,31,,1319.0,98.8,new
UNILEX, SM,2026-09-22,25.0,27.0,25.0,27.0,27.0,28.0,3200,83000.0,2,,3200.0,100.0,new
UNIMECH, EQ,2026-09-22,1719.9,1868.2,1715.0,1732.5,1736.0,1698.4,1014230,1798005000.0,68692,,308544.0,30.42,new
UNIONBANK, EQ,2026-09-22,178.0,178.8,175.86,178.0,178.0,178.09,5275793,934187000.0000001,44836,,2522108.0,47.81,new
UNIONGOLD, EQ,2026-09-22,149.0,150.5,147.25,147.9,150.5,148.3,400811,59288000.0,61,,400627.0,99.95,new
UNIPARTS, EQ,2026-09-22,859.0,860.95,841.65,851.7,853.0,854.85,68579,58277000.0,5986,,32815.0,47.85,new
UNITDSPR, EQ,2026-09-22,1402.9,1405.3,1390.2,1398.0,1398.0,1397.0,387186,541288000.0,21851,,224342.0,57.94,new
UNITECH, EQ,2026-09-22,4.17,4.17,4.08,4.09,4.13,4.13,2193592,9026000.0,1874,,1447122.0,65.97,new
UNITEDPOLY, EQ,2026-09-22,46.0,46.75,44.95,45.57,46.4,46.05,212897,9848000.0,679,,148518.0,69.76,new
UNITEDTEA, EQ,2026-09-22,430.05,437.45,423.2,427.35,428.6,430.05,3724,1602000.0,64,,3444.0,92.48,new
UNIVASTU, BE,2026-09-22,151.99,151.99,147.0,148.17,148.3,150.82,24598,3675000.0,234,,,,new
UNIVCABLES, EQ,2026-09-22,1488.0,1548.6,1462.0,1478.2,1470.2,1477.5,145762,219257000.00000003,16327,,51151.0,35.09,new
UNIVPHOTO, BE,2026-09-22,602.1,615.0,581.0,589.65,590.0,599.15,2770,1648000.0,100,,,,new
UNOMINDA, EQ,2026-09-22,1227.5,1240.1,1220.7,1226.0,1226.0,1227.5,316922,389795000.0,21344,,129933.0,41.0,new
UPHOT, EQ,2026-09-22,1449.0,1522.5,1449.0,1507.8,1522.5,1450.0,34,51000.0,6,,34.0,100.0,new
UPL, EQ,2026-09-22,559.25,562.55,555.0,559.9,559.9,559.9,2741227,1530555000.0,38293,,1799721.0,65.65,new
URAVIDEF, BE,2026-09-22,105.5,105.5,104.9,104.9,104.9,105.9,1071,112999.99999999999,23,,,,new
URBAN, SM,2026-09-22,119.15,119.7,116.6,116.6,116.6,120.0,12000,1415000.0,15,,9600.0,80.0,new
URBANCO, EQ,2026-09-22,173.4,175.95,171.67,174.21,174.0,173.4,6235889,1083811000.0,56134,,2790743.0,44.75,new
URJA, EQ,2026-09-22,9.06,9.14,8.96,9.04,9.07,9.06,413283,3733000.0,2033,,247098.0,59.79,new
USHAFIN, SM,2026-09-22,51.0,51.0,48.5,51.0,51.0,51.0,25600,1275000.0,16,,14400.0,56.25,new
USHAMART, EQ,2026-09-22,541.0,541.0,525.7,531.3,532.7,533.9,2758062,1466708000.0,60176,,1334053.0,48.37,new
USK, EQ,2026-09-22,19.65,20.49,19.65,19.97,19.99,20.12,18360,369000.0,194,,16228.0,88.39,new
UTIAMC, EQ,2026-09-22,921.35,935.95,911.05,919.95,919.55,924.8,129398,119798000.0,11892,,71207.0,55.03,new
UTKAL, SM,2026-09-22,48.95,49.95,48.0,49.95,49.95,48.0,16000,783000.0,8,,16000.0,100.0,new
UTKARSHBNK, EQ,2026-09-22,14.0,14.3,13.85,13.88,13.89,14.0,6307706,88143000.0,6024,,3204878.0,50.81,new
UTLSOLAR, EQ,2026-09-22,418.05,435.9,418.05,434.6,435.0,422.05,217304,93332000.0,12017,,120880.0,55.63,new
UTSSAV, SM,2026-09-22,646.5,656.85,646.0,652.35,650.0,653.0,36600,23885000.0,31,,31200.0,85.25,new
UTTAMSUGAR, EQ,2026-09-22,259.0,264.25,255.25,258.25,259.35,256.05,120563,31433000.0,3192,,35905.0,29.78,new
UYFINCORP, BE,2026-09-22,19.69,19.69,19.0,19.15,19.3,19.38,107768,2071000.0,188,,,,new
V2RETAIL, EQ,2026-09-22,210.68,213.6,210.0,213.18,212.95,210.85,459607,97649000.0,9617,,220569.0,47.99,new
VADILALIND, EQ,2026-09-22,7520.0,7937.5,7520.0,7598.0,7629.0,7415.0,48713,377299000.0,12799,,13447.0,27.6,new
VADILENT, EQ,2026-09-22,10400.0,10400.0,10300.0,10350.0,10370.0,10500.0,79,818000.0,24,,78.0,98.73,new
VAIBHAVGBL, EQ,2026-09-22,209.1,211.32,206.9,208.18,208.7,208.01,223734,46718000.0,5598,,119250.0,53.3,new
VAISHALI, EQ,2026-09-22,8.17,8.75,8.17,8.58,8.59,8.24,124367,1062000.0,417,,79610.0,64.01,new
VAKRANGEE, EQ,2026-09-22,5.2,5.3,5.16,5.26,5.29,5.16,1307740,6837000.0,1910,,750047.0,57.35,new
VAL30IETF, EQ,2026-09-22,14.96,14.96,14.8,14.84,14.87,14.84,161495,2399000.0,405,,58130.0,35.99,new
VALIANTLAB, BE,2026-09-22,127.1,132.25,125.88,126.56,126.7,127.08,65482,8383000.0,483,,,,new
VALIANTORG, EQ,2026-09-22,421.0,425.0,391.15,418.35,418.95,422.95,123062,50382000.0,2637,,70648.0,57.41,new
VALUE, EQ,2026-09-22,15.84,15.85,15.75,15.79,15.8,15.8,16648,263000.0,65,,12708.0,76.33,new
VALUE360, SM,2026-09-22,67.0,67.0,57.0,61.25,62.0,65.3,43200,2583000.0,32,,27600.0,63.89,new
VALUEAXIS, EQ,2026-09-22,32.43,32.43,32.0,32.04,32.18,32.16,116290,3731000.0,262,,99992.0,85.99,new
VAML, EQ,2026-09-22,415.8,430.75,415.15,425.35,424.6,413.05,8507810,3619583999.9999995,157380,,4924344.0,57.88,new
VARDHACRLC, BE,2026-09-22,45.0,45.0,44.0,44.38,44.45,44.56,16881,747000.0,120,,,,new
VARDMNPOLY, EQ,2026-09-22,5.89,5.95,5.75,5.8,5.84,5.79,87970,512000.0,370,,72769.0,82.72,new
VARROC, EQ,2026-09-22,877.9,912.2,860.25,864.5,863.0,872.55,721004,637242000.0,46020,,217267.0,30.13,new
VASCONEQ, EQ,2026-09-22,32.25,32.49,31.2,31.44,31.3,32.18,391428,12453000.0,1746,,253659.0,64.8,new
VASUPRADA, EQ,2026-09-22,93.1,100.0,93.1,100.0,100.0,98.0,462,45000.0,5,,462.0,100.0,new
VASWANI, EQ,2026-09-22,46.99,46.99,45.28,45.61,45.98,46.1,13382,614000.0,334,,8443.0,63.09,new
VBL, EQ,2026-09-22,427.2,433.8,424.2,430.0,430.0,425.0,5138730,2212993000.0,58541,,2665698.0,51.87,new
VCL, BE,2026-09-22,1.58,1.68,1.57,1.6,1.58,1.6,4742713,7643000.000000001,396,,,,new
VDEAL, SM,2026-09-22,125.0,128.0,120.5,122.6,125.0,124.85,9600,1189000.0,15,,6600.0,68.75,new
VEDAVAAG, EQ,2026-09-22,23.21,23.21,20.5,21.8,22.05,22.85,109600,2403000.0,504,,75723.0,69.09,new
VEDL, EQ,2026-09-22,261.0,263.85,260.2,263.0,263.0,260.5,5419840,1421197000.0,56507,,2760167.0,50.93,new
VEDPOWER, EQ,2026-09-22,30.86,31.61,30.77,31.07,31.15,30.78,18011957,561544000.0,44664,,7457873.0,41.41,new
VEEDOL, EQ,2026-09-22,1362.0,1372.7,1357.3,1369.9,1370.1,1357.0,8152,11151000.0,869,,4077.0,50.01,new
VEEGALAND, BE,2026-09-22,138.99,140.95,135.2,139.84,140.15,141.84,548154,75870000.0,4474,,,,new
VEEKAYEM, SM,2026-09-22,95.0,100.85,92.25,100.85,100.85,97.1,2500,238000.0,3,,2500.0,100.0,new
VELJAN, BE,2026-09-22,1951.1,2005.0,1945.0,1996.7,1980.0,1987.4,379,751000.0,49,,,,new
VENKEYS, EQ,2026-09-22,1641.0,1698.0,1641.0,1675.9,1675.4,1640.3,58766,98146000.0,6697,,30020.0,51.08,new
VENTIVE, EQ,2026-09-22,560.0,583.5,555.35,579.6,577.5,556.75,97386,55248000.0,1691,,78359.0,80.46,new
VENUSPIPES, EQ,2026-09-22,2242.0,2258.8,2182.0,2223.3,2218.6,2231.2,149878,331626000.0,15013,,64567.0,43.08,new
VENUSREM, EQ,2026-09-22,1599.0,1644.0,1582.8,1611.5,1598.9,1593.2,21162,34295000.0,1532,,12211.0,57.7,new
VERANDA, EQ,2026-09-22,231.97,232.61,225.16,230.13,230.7,229.17,627174,144670000.0,4203,,532452.0,84.9,new
VERITAAS, SM,2026-09-22,24.6,24.6,24.0,24.25,24.25,25.2,3600,87000.0,3,,3600.0,100.0,new
VERTIS, IV,2026-09-22,115.0,115.0,113.57,114.5,115.0,113.9,325000,37119000.0,11,,300000.0,92.31,new
VERTOZ, EQ,2026-09-22,37.99,37.99,36.5,36.89,36.75,36.93,20979,773000.0,349,,18150.0,86.52,new
VESUVIUS, EQ,2026-09-22,399.95,405.0,392.0,392.75,392.0,397.75,84558,33489999.999999996,5138,,48248.0,57.06,new
VETO, EQ,2026-09-22,145.95,145.95,139.0,139.57,139.02,143.78,101878,14431000.0,1592,,62928.0,61.77,new
VGCL, EQ,2026-09-22,48.49,48.49,45.0,46.9,46.87,47.14,5454,249000.00000000003,49,,4752.0,87.13,new
VGINFOTECH, SM,2026-09-22,136.55,139.4,136.55,138.7,139.0,137.5,23000,3186000.0,18,,16000.0,69.57,new
VGL, EQ,2026-09-22,69.05,70.6,68.07,68.34,68.07,69.03,167860,11550000.0,2480,,80282.0,47.83,new
VGUARD, EQ,2026-09-22,327.95,328.0,318.55,320.5,320.0,324.95,275290,88636000.0,12355,,173646.0,63.08,new
VHL, EQ,2026-09-22,3348.3,3396.7,3331.0,3342.8,3333.0,3339.1,306,1025000.0,77,,225.0,73.53,new
VHLTD, BE,2026-09-22,131.0,131.0,125.5,126.18,127.0,128.32,26659,3429999.9999999995,175,,,,new
VIAZ, SM,2026-09-22,74.4,80.0,73.25,76.5,79.4,76.4,20000,1525000.0,10,,18000.0,90.0,new
VICTORYEV, SM,2026-09-22,13.8,14.15,13.75,14.15,14.15,14.2,12000,166000.0,4,,9000.0,75.0,new
VIDHIING, EQ,2026-09-22,358.35,364.0,351.7,359.95,359.95,354.45,72419,25994000.0,2308,,54315.0,75.0,new
VIDYAWIRES, EQ,2026-09-22,85.97,86.5,84.34,84.77,85.0,85.45,526875,45033000.0,4787,,315693.0,59.92,new
VIESL, SM,2026-09-22,382.05,382.05,373.0,374.8,374.0,373.0,11200,4221000.0,13,,9600.0,85.71,new
VIGOR, SM,2026-09-22,104.0,105.95,101.0,101.2,101.0,102.05,16000,1644000.0000000002,10,,16000.0,100.0,new
VIJAYA, EQ,2026-09-22,1548.3,1571.8,1505.9,1516.0,1513.0,1556.1,147335,227094999.99999997,19667,,74209.0,50.37,new
VIJAYPD, SM,2026-09-22,66.0,66.0,63.2,65.0,65.0,63.0,12000,773000.0,6,,10000.0,83.33,new
VIJIFIN, BE,2026-09-22,15.6,15.6,15.6,15.6,15.6,15.3,218651,3411000.0,103,,,,new
VIJSOLX, EQ,2026-09-22,664.4,664.5,621.2,638.0,638.0,634.95,330,212000.0,44,,252.0,76.36,new
VIKASECO, EQ,2026-09-22,1.05,1.07,1.04,1.04,1.05,1.04,1737447,1830999.9999999998,930,,957976.0,55.14,new
VIKASLIFE, EQ,2026-09-22,1.24,1.27,1.23,1.26,1.27,1.23,1613858,2012000.0,7485,,1007666.0,62.44,new
VIKRAMSOLR, EQ,2026-09-22,164.73,165.6,161.7,162.35,162.5,163.75,1586320,258290000.0,11903,,955405.0,60.23,new
VIKRAN, EQ,2026-09-22,56.48,57.07,55.06,55.38,55.47,56.16,851048,47625000.0,5010,,438643.0,51.54,new
VILAS, SM,2026-09-22,369.9,427.0,366.0,419.95,415.0,368.4,243250,97576000.0,660,,139000.0,57.14,new
VILINBIO, ST,2026-09-22,55.1,55.1,55.0,55.0,55.0,55.1,12000,660000.0,3,,12000.0,100.0,new
VIMTALABS, EQ,2026-09-22,622.6,626.5,607.1,610.15,611.9,616.05,154392,95081000.0,11593,,65732.0,42.57,new
VINATIORGA, EQ,2026-09-22,1226.5,1232.7,1199.5,1202.7,1201.9,1222.1,89448,108064000.00000001,14297,,57119.0,63.86,new
VINCOFE, EQ,2026-09-22,176.5,181.0,173.32,174.2,174.2,176.33,1555865,275152000.0,19439,,399577.0,25.68,new
VINDHYATEL, EQ,2026-09-22,2881.0,2947.7,2822.0,2865.4,2865.0,2853.2,100801,291542000.0,14232,,30961.0,30.71,new
VINEETLAB, EQ,2026-09-22,36.23,36.23,34.3,34.81,35.29,35.54,63313,2235000.0,483,,40006.0,63.19,new
VINNY, EQ,2026-09-22,0.94,0.94,0.92,0.92,0.93,0.93,483748,450000.0,205,,467635.0,96.67,new
VINOD, ST,2026-09-22,76.65,76.65,76.65,76.65,76.65,80.65,2400,184000.0,2,,2400.0,100.0,new
VINSYS, ST,2026-09-22,588.0,590.0,580.9,582.9,590.0,589.7,6500,3797000.0,19,,6500.0,100.0,new
VINYAS, SM,2026-09-22,1520.0,1597.45,1520.0,1589.0,1597.45,1503.4,10100,15852000.000000002,82,,8400.0,83.17,new
VINYLINDIA, EQ,2026-09-22,219.0,222.72,219.0,220.2,220.0,216.69,3368,744000.0,198,,2449.0,72.71,new
VIPCLOTHNG, EQ,2026-09-22,21.3,22.2,20.61,21.66,21.73,21.25,84807,1832000.0,300,,67977.0,80.15,new
VIPIND, EQ,2026-09-22,299.0,305.0,295.6,297.2,295.6,295.9,297936,89791000.0,7218,,144530.0,48.51,new
VIPULLTD, BE,2026-09-22,11.99,12.0,11.45,11.45,11.45,12.05,235569,2723000.0,309,,,,new
VIRAT, EQ,2026-09-22,376.0,384.8,355.3,376.55,371.0,371.95,3472,1289000.0,348,,1744.0,50.23,new
VIRINCHI, EQ,2026-09-22,14.27,14.27,13.85,14.0,14.08,13.98,26065,365000.0,182,,18876.0,72.42,new
VIRTUALG, BE,2026-09-22,0.45,0.47,0.43,0.46,0.47,0.45,729173,324000.0,194,,,,new
VISACHROME, EQ,2026-09-22,32.0,33.16,31.51,33.16,33.16,31.59,15870,524000.0,63,,15755.0,99.28,new
VISAKAIND, EQ,2026-09-22,95.57,96.19,94.0,94.47,94.3,95.42,120212,11426000.0,1886,,72374.0,60.21,new
VISAMAN, SM,2026-09-22,35.15,35.15,35.15,35.15,35.15,36.95,28000,984000.0,25,,26000.0,92.86,new
VISDEM, SM,2026-09-22,84.45,85.0,84.45,85.0,85.0,82.7,4800,407000.0,4,,4800.0,100.0,new
VISHAL, EQ,2026-09-22,18.35,18.43,18.0,18.19,18.04,18.17,36313,658000.0,234,,25692.0,70.75,new
VISHNU, EQ,2026-09-22,714.5,732.8,714.5,720.9,721.45,716.5,69771,50468000.0,4284,,31970.0,45.82,new
VISHNUINFR, SM,2026-09-22,153.5,153.5,148.55,150.5,150.5,153.95,8500,1274000.0,15,,5000.0,58.82,new
VISHWARAJ, EQ,2026-09-22,5.35,5.39,5.28,5.32,5.32,5.27,204980,1093000.0,453,,101091.0,49.32,new
VISHWAS, ST,2026-09-22,39.0,39.0,37.85,38.45,37.95,39.8,9600,371000.0,6,,8000.0,83.33,new
VISL, EQ,2026-09-22,31.0,32.21,30.68,32.21,32.21,30.68,16918818,538841000.0,20042,,8768551.0,51.83,new
VITAL, EQ,2026-09-22,56.9,56.9,53.0,53.02,54.5,54.9,510,28000.000000000004,15,,502.0,98.43,new
VIVIANA, EQ,2026-09-22,747.0,790.0,721.25,734.0,744.9,732.6,38813,29375000.0,3119,,15587.0,40.16,new
VIVIDEL, SM,2026-09-22,1838.75,1859.95,1750.15,1763.5,1756.05,1838.75,11520,20756000.0,44,,8160.0,70.83,new
VIVIDHA, EQ,2026-09-22,0.52,0.55,0.51,0.52,0.53,0.52,285268,151000.0,185,,222479.0,77.99,new
VIVIMEDLAB, BE,2026-09-22,5.37,5.5,5.37,5.38,5.5,5.47,47716,256999.99999999997,59,,,,new
VIVOBIOT, EQ,2026-09-22,16.58,16.98,16.22,16.71,16.26,16.21,7298,122000.0,136,,6378.0,87.39,new
VIYASH, EQ,2026-09-22,252.0,262.65,250.25,251.5,252.55,251.65,4520764,1158469000.0,70841,,2174750.0,48.11,new
VLEGOV, EQ,2026-09-22,10.1,10.39,9.95,10.29,10.16,10.09,90978,931000.0,451,,71734.0,78.85,new
VLINFRA, SM,2026-09-22,25.65,25.65,25.45,25.45,25.45,25.65,7500,192000.0,5,,6000.0,80.0,new
VLSFINANCE, EQ,2026-09-22,238.14,241.0,235.57,236.46,238.7,238.14,4007,955000.0000000001,128,,3198.0,79.81,new
VMARCIND, SM,2026-09-22,318.85,336.9,318.85,331.7,331.8,322.1,220500,72476000.0,136,,145500.0,65.99,new
VMART, EQ,2026-09-22,815.0,815.0,792.1,795.6,793.55,808.8,51319,41180000.0,3158,,24898.0,48.52,new
VMM, EQ,2026-09-22,102.0,104.03,101.34,104.03,104.03,101.65,12806676,1315734000.0,32715,,7670464.0,59.89,new
VMOBILE, SM,2026-09-22,57.2,57.2,57.2,57.2,57.2,57.2,1600,92000.0,2,,1600.0,100.0,new
VMSTMT, EQ,2026-09-22,48.5,49.0,47.02,47.23,47.25,48.62,54927,2631000.0,476,,37358.0,68.01,new
VOEPL, EQ,2026-09-22,496.8,512.85,488.2,493.05,491.0,494.4,52839,26498000.0,3120,,28053.0,53.09,new
VOGL, EQ,2026-09-22,34.33,35.95,33.95,35.01,35.05,33.87,46962562,1640033000.0000002,89188,,15145978.0,32.25,new
VOITHPAPR, EQ,2026-09-22,1454.0,1470.0,1432.1,1440.0,1440.0,1432.4,745,1075000.0,96,,604.0,81.07,new
VOLERCAR, SM,2026-09-22,227.0,227.0,220.0,220.05,220.0,231.95,19200,4248000.0,21,,11200.0,58.33,new
VOLTAMP, EQ,2026-09-22,10802.0,11094.0,10665.0,10747.0,10737.0,10802.0,14738,160622000.0,6859,,6144.0,41.69,new
VOLTAS, EQ,2026-09-22,1143.0,1143.1,1100.0,1100.8,1100.8,1142.1,1090998,1216678000.0,40415,,539270.0,49.43,new
VPRPL, EQ,2026-09-22,34.0,34.43,33.34,33.56,33.6,33.96,230707,7770000.0,1405,,128086.0,55.52,new
VR, SM,2026-09-22,101.0,101.0,101.0,101.0,101.0,105.8,400,40000.0,1,,400.0,100.0,new
VRAJ, EQ,2026-09-22,129.2,130.9,125.2,125.88,127.0,128.65,20043,2582000.0,698,,11179.0,55.78,new
VRLLOG, EQ,2026-09-22,291.2,297.0,290.7,291.75,292.5,292.25,99556,29227000.0,5922,,44778.0,44.98,new
VSCL, SM,2026-09-22,20.25,20.25,20.25,20.25,20.25,20.75,3000,61000.0,1,,3000.0,100.0,new
VSSL, EQ,2026-09-22,410.15,416.6,406.45,407.8,408.3,410.8,91342,37539000.0,3764,,53554.0,58.63,new
VSTIND, EQ,2026-09-22,206.5,208.01,204.2,205.69,205.7,206.76,94917,19530000.0,3044,,57679.0,60.77,new
VSTL, EQ,2026-09-22,113.9,115.45,113.0,114.19,114.95,114.48,5081,581000.0,315,,2370.0,46.64,new
VSTTILLERS, EQ,2026-09-22,4312.2,4398.9,4238.0,4305.4,4384.0,4290.7,13939,60221000.0,2707,,6425.0,46.09,new
VTL, EQ,2026-09-22,554.0,559.85,549.05,551.2,552.5,554.15,196638,108965000.00000001,12947,,87087.0,44.29,new
VTMLTD, EQ,2026-09-22,46.2,47.0,45.1,45.4,45.89,46.26,74894,3413000.0000000005,333,,68616.0,91.62,new
WAAREEENER, EQ,2026-09-22,2529.0,2547.0,2480.2,2494.8,2494.8,2499.0,1148630,2887640000.0,48368,,445451.0,38.78,new
WAAREEINDO, EQ,2026-09-22,256.95,267.25,251.0,254.45,252.65,255.1,366936,95851000.0,3551,,83120.0,22.65,new
WAAREERTL, EQ,2026-09-22,818.0,841.4,811.6,816.95,817.0,813.9,173634,143479000.0,14495,,67943.0,39.13,new
WABAG, EQ,2026-09-22,2105.0,2123.2,2063.1,2072.1,2072.4,2099.5,230608,481145000.0,19592,,104138.0,45.16,new
WAKEFIT, EQ,2026-09-22,147.41,151.64,142.6,146.86,148.7,146.66,567656,83188000.0,8180,,239576.0,42.2,new
WALCHANNAG, EQ,2026-09-22,201.98,205.0,197.5,199.05,199.0,201.18,371862,74458000.0,6334,,212813.0,57.23,new
WALPAR, SM,2026-09-22,23.15,24.2,23.15,24.2,24.2,23.1,6000,141000.0,3,,4000.0,66.67,new
WANBURY, EQ,2026-09-22,228.05,230.0,221.0,222.7,222.0,227.55,104097,23452000.0,2588,,57903.0,55.62,new
WARDINMOBI, EQ,2026-09-22,5.75,6.18,5.57,5.63,5.68,5.61,318418,1802000.0,749,,213602.0,67.08,new
WATERBASE, EQ,2026-09-22,44.99,45.89,44.99,45.52,45.73,44.99,24632,1121000.0,637,,17167.0,69.69,new
WCIL, EQ,2026-09-22,96.5,96.5,94.01,95.14,94.89,95.59,164399,15725000.0,1230,,135765.0,82.58,new
WEALTH, EQ,2026-09-22,824.45,844.5,824.0,836.4,837.9,822.55,1276,1064000.0,106,,1159.0,90.83,new
WEBELSOLAR, EQ,2026-09-22,72.0,73.78,71.35,71.8,72.0,72.03,1722203,124934999.99999999,11622,,880902.0,51.15,new
WEIZMANIND, EQ,2026-09-22,73.0,73.01,71.02,72.8,72.2,71.76,1007,73000.0,40,,772.0,76.66,new
WEL, EQ,2026-09-22,77.9,80.4,77.73,80.4,80.4,76.58,462050,36796000.0,2376,,268766.0,58.17,new
WELCORP, EQ,2026-09-22,2762.7,2829.0,2706.7,2731.5,2745.0,2762.7,1437944,3974890000.0,104426,,405317.0,28.19,new
WELENT, EQ,2026-09-22,788.65,800.0,778.0,783.75,781.0,784.7,519523,409216000.0,11707,,305150.0,58.74,new
WELINV, BE,2026-09-22,2413.7,2413.7,2408.9,2408.9,2408.9,2366.4,227,548000.0,19,,,,new
WELSPLSOL, EQ,2026-09-22,55.8,56.25,53.0,53.06,53.02,55.74,912274,49285000.0,7651,,450062.0,49.33,new
WELSPUNLIV, EQ,2026-09-22,215.4,224.0,215.32,221.51,223.5,215.87,5107266,1126101000.0,46847,,1891033.0,37.03,new
WENDT, EQ,2026-09-22,8718.0,8945.0,8570.5,8627.0,8680.0,8640.5,16023,140635000.0,4359,,5882.0,36.71,new
WESTLIFE, EQ,2026-09-22,564.1,585.4,555.2,574.0,571.15,564.1,139627,80039000.0,10162,,60131.0,43.07,new
WEWIN, EQ,2026-09-22,42.4,43.02,41.5,43.0,43.0,42.4,3623,154000.0,39,,3417.0,94.31,new
WEWORK, EQ,2026-09-22,670.05,680.85,668.3,671.15,668.3,672.35,31492,21263000.0,3208,,14755.0,46.85,new
WHBRADY, EQ,2026-09-22,484.0,485.0,458.3,464.4,462.9,472.55,445,208000.0,138,,432.0,97.08,new
WHEELS, EQ,2026-09-22,2174.9,2255.9,2141.1,2174.0,2183.0,2174.9,125029,274440000.0,11231,,37630.0,30.1,new
WHIRLPOOL, EQ,2026-09-22,728.0,730.75,718.7,721.05,722.45,723.65,104472,75612000.0,7471,,56154.0,53.75,new
WHITEFORCE, SM,2026-09-22,41.1,41.1,41.1,41.1,41.1,40.0,1600,66000.0,1,,1600.0,100.0,new
WILLAMAGOR, EQ,2026-09-22,24.15,24.15,23.08,23.6,23.6,23.67,408,10000.0,17,,370.0,90.69,new
WINDLAS, EQ,2026-09-22,1138.5,1148.0,1092.3,1102.3,1105.6,1129.4,51621,57624000.0,5180,,26966.0,52.24,new
WINDMACHIN, EQ,2026-09-22,296.0,303.0,293.25,300.0,300.0,295.85,183702,55074000.0,1414,,148669.0,80.93,new
WINSOL, SM,2026-09-22,110.9,110.9,110.9,110.9,110.9,111.9,400,44000.0,1,,400.0,100.0,new
WIPL, EQ,2026-09-22,165.0,165.0,158.5,159.4,158.92,165.44,2901,469000.00000000006,86,,2682.0,92.45,new
WIPRO, EQ,2026-09-22,164.81,166.0,163.21,166.0,166.0,164.55,14726893,2421575000.0,80702,,7779204.0,52.82,new
WOCKPHARMA, EQ,2026-09-22,2205.9,2247.0,2176.8,2185.4,2191.0,2187.3,1006397,2222359000.0,54417,,330035.0,32.79,new
WOL3D, SM,2026-09-22,139.0,139.0,138.9,138.9,138.9,135.0,5000,695000.0,5,,5000.0,100.0,new
WOMANCART, ST,2026-09-22,105.0,105.0,101.15,104.35,104.35,105.2,13200,1349000.0,29,,7200.0,54.55,new
WONDERLA, EQ,2026-09-22,512.3,517.0,510.0,511.15,511.3,511.95,46738,23907000.0,3688,,28566.0,61.12,new
WORTHPERI, EQ,2026-09-22,145.41,149.96,145.1,148.82,148.0,148.33,4773,698000.0,59,,4356.0,91.26,new
WPIL, EQ,2026-09-22,446.95,452.9,434.15,439.35,439.05,446.95,76916,33937000.0,5216,,31867.0,41.43,new
WSI, EQ,2026-09-22,57.4,58.99,56.0,58.32,58.75,57.32,11479,663000.0,332,,7918.0,68.98,new
WSTCSTPAPR, EQ,2026-09-22,761.25,764.95,737.35,749.75,749.0,760.25,223516,167414000.0,13950,,119392.0,53.42,new
WTICAB, SM,2026-09-22,101.95,102.0,99.0,99.7,99.7,102.5,10000,1002999.9999999999,18,,7500.0,75.0,new
XCHANGING, EQ,2026-09-22,61.95,61.95,60.1,60.32,60.49,61.31,67795,4113000.0000000005,1128,,49146.0,72.49,new
XELPMOC, EQ,2026-09-22,75.4,75.7,71.1,73.32,73.0,73.88,21198,1555000.0,657,,11400.0,53.78,new
XPROINDIA, EQ,2026-09-22,1200.0,1212.4,1164.6,1201.0,1205.0,1195.1,51808,61388000.0,4560,,31180.0,60.18,new
XTGLOBAL, EQ,2026-09-22,30.34,30.85,29.9,30.14,30.3,30.01,16700,507000.0,241,,10220.0,61.2,new
XTRANET, EQ,2026-09-22,352.0,358.5,326.3,334.36,333.0,341.43,2041149,705219000.0,26491,,729239.0,35.73,new
YAAP, SM,2026-09-22,123.0,123.0,121.0,121.15,121.0,123.0,3000,365000.0,3,,2000.0,66.67,new
YASHO, EQ,2026-09-22,3965.5,4011.9,3850.0,3959.4,3940.0,3945.8,37966,149290000.0,6889,,19481.0,51.31,new
YASHOPTICS, SM,2026-09-22,131.05,132.9,130.0,130.0,130.0,131.05,5600,737000.0,7,,5600.0,100.0,new
YATHARTH, EQ,2026-09-22,1125.3,1136.0,1102.4,1129.1,1131.9,1125.3,578412,648972000.0,28828,,190246.0,32.89,new
YATRA, EQ,2026-09-22,104.8,110.73,104.5,108.82,109.5,103.69,1814749,196875000.0,16083,,675273.0,37.21,new
YCCL, SM,2026-09-22,8.5,8.55,8.3,8.3,8.3,8.55,9000,76000.0,3,,9000.0,100.0,new
YESBANK, EQ,2026-09-22,23.17,23.29,23.04,23.2,23.2,23.17,36775729,851453000.0000001,91823,,21554569.0,58.61,new
YOGI, EQ,2026-09-22,163.9,163.9,155.01,161.0,161.0,162.0,401,63000.0,32,,366.0,91.27,new
YUDIZ, SM,2026-09-22,23.0,23.0,23.0,23.0,23.0,23.0,1600,37000.0,2,,1600.0,100.0,new
YUKEN, EQ,2026-09-22,1138.45,1149.0,1071.7,1137.95,1140.0,1125.8,32762,36285000.0,3774,,17550.0,53.57,new
ZAGGLE, EQ,2026-09-22,182.0,182.7,178.55,179.95,180.2,180.01,652387,117678000.0,10002,,329279.0,50.47,new
ZEAL, SM,2026-09-22,78.2,78.2,73.2,73.55,73.55,77.6,3000,225999.99999999997,4,,2400.0,80.0,new
ZEEL, EQ,2026-09-22,78.22,79.2,77.77,78.21,78.3,77.68,8389460,657910000.0,33365,,1769208.0,21.09,new
ZEELEARN, EQ,2026-09-22,6.95,6.99,6.7,6.81,6.77,6.77,167275,1141000.0,464,,134656.0,80.5,new
ZEEMEDIA, EQ,2026-09-22,7.4,7.99,7.39,7.56,7.59,7.31,2865132,22090000.0,3712,,1402234.0,48.94,new
ZENITHDRUG, SM,2026-09-22,42.35,42.35,40.0,41.35,41.4,42.0,23200,950000.0,21,,19200.0,82.76,new
ZENITHEXPO, EQ,2026-09-22,197.0,198.97,197.0,197.62,197.0,197.0,280,55000.00000000001,7,,280.0,100.0,new
ZENITHSTL, EQ,2026-09-22,5.58,5.58,5.27,5.31,5.3,5.31,61929,330000.0,263,,53152.0,85.83,new
ZENSARTECH, EQ,2026-09-22,432.55,439.3,431.7,432.6,432.0,436.4,578686,250939000.0,16701,,220758.0,38.15,new
ZENTEC, EQ,2026-09-22,1696.5,1729.9,1666.0,1673.8,1673.9,1687.2,252218,426774000.0,21517,,85382.0,33.85,new
ZFCVINDIA, EQ,2026-09-22,2362.6,2385.9,2312.9,2362.2,2350.0,2362.6,264362,622125000.0,44914,,154851.0,58.58,new
ZFSTEERING, EQ,2026-09-22,695.0,703.95,686.1,689.7,689.0,693.65,1643,1141000.0,154,,1132.0,68.9,new
ZIMLAB, EQ,2026-09-22,131.25,134.96,130.5,133.8,134.0,133.65,56716,7556999.999999999,779,,38659.0,68.16,new
ZODIAC, EQ,2026-09-22,235.8,235.8,225.0,227.72,228.74,230.26,10456,2416000.0,759,,6209.0,59.38,new
ZODIACLOTH, EQ,2026-09-22,69.4,70.89,69.12,69.89,70.0,69.51,3940,275000.0,60,,3063.0,77.74,new
ZOTA, EQ,2026-09-22,1317.0,1438.0,1295.0,1356.0,1350.0,1287.8,1031885,1427803000.0,63900,,214850.0,20.82,new
ZSARACOM, EQ,2026-09-22,10282.0,10535.0,10282.0,10485.0,10485.0,10282.0,9,94000.0,7,,8.0,88.89,new
ZTECH, SM,2026-09-22,397.0,434.0,393.25,429.5,430.0,397.0,40500,17166000.0,98,,28200.0,69.63,new
ZUARI, EQ,2026-09-22,222.84,226.76,222.21,225.72,225.3,222.84,57519,12953000.0,1661,,25979.0,45.17,new
ZUARIIND, EQ,2026-09-22,273.25,279.95,273.0,275.1,276.0,272.6,77212,21339000.0,2482,,41337.0,53.54,new
ZYDUSLIFE, EQ,2026-09-22,1161.0,1178.0,1160.0,1162.3,1162.3,1161.0,1243696,1454170000.0,22915,,698350.0,56.15,new
ZYDUSWELL, EQ,2026-09-22,534.5,537.0,514.0,520.55,520.0,530.45,193863,101100000.0,12808,,50534.0,26.07,new
