SYMBOL,SERIES,DATE,OPEN,HIGH,LOW,CLOSE,LAST,PREV_CLOSE,VOLUME,TURNOVER,TRADES,ISIN,DELIV_QTY,DELIV_PER,SOURCE
1018GS2026,GS,2026-09-07,104.98,104.99,104.97,104.97,104.97,104.96,5694,598000.0,19,,5683.0,99.81,new
20MICRONS,EQ,2026-09-07,224.9,231.99,220.71,224.8,226.0,222.49,373719,84798000.0,7946,,141267.0,37.8,new
21STCENMGM,EQ,2026-09-07,38.4,38.85,37.47,38.28,38.7,38.13,8675,334000.0,69,,5902.0,68.03,new
360ONE,EQ,2026-09-07,1141.8,1143.5,1127.2,1136.9,1136.9,1137.0,407077,461837000.0,35276,,204269.0,50.18,new
3BBLACKBIO,EQ,2026-09-07,1486.0,1530.2,1470.2,1521.3,1525.9,1460.1,14265,21526000.0,2078,,7103.0,49.79,new
3IINFOLTD,BE,2026-09-07,22.5,22.74,21.75,22.07,22.1,22.37,111578,2495000.0,666,,,,new
3MINDIA,EQ,2026-09-07,32700.0,32985.0,32480.0,32840.0,32950.0,32845.0,1326,43388000.0,962,,644.0,48.57,new
3PLAND,EQ,2026-09-07,32.39,32.39,31.67,32.15,32.15,32.39,1703,55000.00000000001,68,,1634.0,95.95,new
574GS2026,GS,2026-09-07,101.21,101.21,101.21,101.21,101.21,101.95,5,1000.0,2,,5.0,100.0,new
591GS2028,GS,2026-09-07,100.5,100.5,100.5,100.5,100.5,100.69,99,10000.0,1,,99.0,100.0,new
5PAISA,EQ,2026-09-07,339.0,344.85,337.05,339.85,338.45,342.1,29942,10172000.0,1640,,12856.0,42.94,new
603GS2029,GS,2026-09-07,100.25,100.25,100.25,100.25,100.25,100.47,5,1000.0,1,,5.0,100.0,new
610GS2031,GS,2026-09-07,99.99,99.99,99.99,99.99,99.99,97.0,1,0.0,1,,1.0,100.0,new
636GS2031,GS,2026-09-07,100.49,100.49,100.49,100.49,100.49,101.5,100,10000.0,1,,100.0,100.0,new
63MOONS,EQ,2026-09-07,882.55,882.65,860.05,872.7,870.0,876.5,249471,217512000.0,11309,,116689.0,46.77,new
645GS2029,GS,2026-09-07,101.36,101.36,101.36,101.36,101.36,103.2,5,1000.0,1,,5.0,100.0,new
648GS2035,GS,2026-09-07,98.5,100.0,98.5,100.0,100.0,100.0,3350,332000.0,11,,2625.0,78.36,new
654GS2032,GS,2026-09-07,100.1,100.35,100.1,100.35,100.35,100.16,26000,2605000.0,4,,26000.0,100.0,new
657GS2033A,GS,2026-09-07,100.0,100.0,97.81,97.81,97.81,98.41,2100,206999.99999999997,5,,2100.0,100.0,new
664GS2027,GS,2026-09-07,101.2,101.2,101.2,101.2,101.2,101.2,100,10000.0,1,,100.0,100.0,new
667GS2035,GS,2026-09-07,98.81,98.81,98.81,98.81,98.81,100.2,100,10000.0,1,,100.0,100.0,new
667GS2050,GS,2026-09-07,92.51,93.2,92.5,93.2,93.2,93.0,6413,595000.0,7,,6413.0,100.0,new
668GS2033,GS,2026-09-07,99.0,99.0,99.0,99.0,99.0,100.0,5000,495000.0,2,,5000.0,100.0,new
676GS2061,GS,2026-09-07,88.7,90.8,88.7,90.45,90.45,90.65,15861,1435000.0,25,,15843.0,99.89,new
679GS2031,GS,2026-09-07,100.5,100.5,100.5,100.5,100.5,100.5,390,39000.0,1,,390.0,100.0,new
690GS2065,GS,2026-09-07,93.7,93.7,93.1,93.3,93.1,93.74,3600,336000.0,11,,3600.0,100.0,new
692GS2039,GS,2026-09-07,99.01,99.3,99.01,99.29,99.28,97.02,111,11000.0,4,,100.0,90.09,new
694GS2036,GS,2026-09-07,102.2,102.31,102.2,102.31,102.31,102.2,400,41000.0,4,,400.0,100.0,new
695GS2061,GS,2026-09-07,92.5,93.5,92.5,93.5,93.5,94.7,438,41000.0,7,,419.0,95.66,new
698GR2054,GS,2026-09-07,92.1,94.5,92.1,94.5,94.5,93.1,201,19000.0,4,,200.0,99.5,new
702GS2027,GS,2026-09-07,102.0,102.0,102.0,102.0,102.0,102.0,199,20000.0,1,,199.0,100.0,new
702GS2031,GS,2026-09-07,101.7,101.7,101.7,101.7,101.7,101.79,1000,102000.0,1,,1000.0,100.0,new
704GS2029,GS,2026-09-07,103.0,103.0,103.0,103.0,103.0,103.0,2000,206000.0,2,,2000.0,100.0,new
706GS2028,GS,2026-09-07,104.0,104.1,104.0,104.1,104.1,104.32,7275,757000.0,4,,7275.0,100.0,new
706GS2041,GS,2026-09-07,100.15,100.15,100.15,100.15,100.15,100.15,1000,100000.0,2,,1000.0,100.0,new
706GS2046,GS,2026-09-07,100.8,100.8,100.7,100.7,100.7,106.0,11591,1167000.0,14,,11591.0,100.0,new
709GS2054,GS,2026-09-07,95.97,95.97,95.5,95.52,95.5,95.98,30487,2916000.0,22,,30487.0,100.0,new
709GS2074,GS,2026-09-07,95.8,95.8,95.5,95.5,95.5,95.6,4498,430000.0,24,,4498.0,100.0,new
710GS2029,GS,2026-09-07,103.41,103.41,103.41,103.41,103.41,104.0,1,0.0,1,,1.0,100.0,new
717GS2030,GS,2026-09-07,103.85,103.85,103.85,103.85,103.85,103.81,10,1000.0,1,,10.0,100.0,new
718GS2037,GS,2026-09-07,104.95,104.95,102.01,102.5,102.5,102.8,47811,4903000.0,24,,42807.0,89.53,new
723GS2039,GS,2026-09-07,104.58,104.58,104.58,104.58,104.58,104.58,1000,105000.0,1,,1000.0,100.0,new
724GS2055,GS,2026-09-07,97.29,97.29,96.82,96.98,96.95,96.82,15921,1543000.0,34,,15021.0,94.35,new
725GS2063,GS,2026-09-07,97.2,97.2,96.93,96.98,96.96,96.98,345123,33463000.0,319,,289350.0,83.84,new
726GS2032,GS,2026-09-07,103.4,103.4,102.32,103.2,103.3,103.4,114010,11749000.0,14,,109570.0,96.11,new
726GS2033,GS,2026-09-07,102.0,103.35,102.0,103.35,103.35,103.25,25000,2571000.0,6,,25000.0,100.0,new
732GS2030,GS,2026-09-07,103.61,103.61,103.61,103.61,103.61,104.0,200,21000.0,2,,200.0,100.0,new
733GS2026,GS,2026-09-07,102.31,102.31,102.31,102.31,102.31,102.11,210,21000.0,3,,210.0,100.0,new
734GS2064,GS,2026-09-07,98.65,99.1,98.6,98.84,98.83,98.85,10885,1076000.0,25,,9677.0,88.9,new
736GS2052,GS,2026-09-07,102.0,102.0,101.75,101.75,101.75,101.15,493,50000.0,3,,493.0,100.0,new
738GS2027,GS,2026-09-07,101.61,102.7,101.61,102.6,102.6,102.62,18236,1867000.0000000002,19,,18188.0,99.74,new
73GS2053,GS,2026-09-07,98.85,98.85,98.75,98.8,98.8,98.85,10200,1008000.0,16,,10200.0,100.0,new
740IIFCL33,N1,2026-09-07,1151.37,1151.37,1151.37,1151.37,1151.37,1158.0,6,7000.000000000001,1,,6.0,100.0,new
741GS2036,GS,2026-09-07,105.18,105.18,105.07,105.07,105.07,105.0,433,46000.0,3,,433.0,100.0,new
743GS2076,GS,2026-09-07,100.6,100.6,99.25,99.25,99.25,99.83,459559,45616000.0,387,,459054.0,99.89,new
746GS2073,GS,2026-09-07,101.26,101.5,101.26,101.39,101.5,101.5,1965,199000.0,9,,1957.0,99.59,new
74GS2062,GS,2026-09-07,101.97,101.97,101.97,101.97,101.97,103.0,20,2000.0,3,,20.0,100.0,new
754GS2036,GS,2026-09-07,106.2,106.3,105.86,106.17,106.22,106.18,463584,49200000.0,251,,444137.0,95.81,new
771GS2066,GS,2026-09-07,103.77,103.77,103.55,103.6,103.6,103.66,11379,1180000.0,18,,10788.0,94.81,new
795GS2032,GS,2026-09-07,107.2,107.2,107.2,107.2,107.2,106.4,12,1000.0,1,,12.0,100.0,new
824GS2027,GS,2026-09-07,101.7,101.7,101.7,101.7,101.7,101.7,1,0.0,1,,1.0,100.0,new
828GS2027,GS,2026-09-07,158.56,158.56,158.56,158.56,158.56,166.9,17,3000.0,1,,17.0,100.0,new
897GS2030,GS,2026-09-07,112.0,112.5,112.0,112.5,112.5,112.5,2050,229999.99999999997,3,,2050.0,100.0,new
92GS2030,GS,2026-09-07,115.5,115.5,115.3,115.32,115.3,115.25,3600,416000.0,4,,3600.0,100.0,new
A2ZINFRA,EQ,2026-09-07,15.61,16.05,15.4,15.76,15.95,15.61,96495,1520000.0,272,,64480.0,66.82,new
AAATECH,EQ,2026-09-07,91.0,93.96,91.0,92.07,91.53,91.74,10152,938000.0000000001,269,,6353.0,62.58,new
AADHARHFC,EQ,2026-09-07,483.5,485.0,471.0,478.95,475.35,483.55,270755,129034999.99999999,14573,,139601.0,51.56,new
AAKAAR,SM,2026-09-07,62.0,62.0,62.0,62.0,62.0,62.7,12800,794000.0,7,,12800.0,100.0,new
AAKASH,EQ,2026-09-07,8.69,8.88,8.18,8.59,8.62,8.75,251561,2141000.0,515,,188315.0,74.86,new
AARADHYA,SM,2026-09-07,117.1,121.85,117.1,121.85,121.85,110.8,10800,1306000.0,8,,10800.0,100.0,new
AAREYDRUGS,EQ,2026-09-07,94.1,98.5,94.1,97.31,95.88,95.79,218466,21242000.0,1603,,154252.0,70.61,new
AARNAV,BE,2026-09-07,32.17,32.17,31.29,31.45,31.42,32.17,1446,46000.0,26,,,,new
AARON,EQ,2026-09-07,129.0,129.0,125.0,125.54,126.29,128.45,4586,582000.0,272,,3493.0,76.17,new
AARTECH,BE,2026-09-07,49.48,49.98,48.26,49.53,49.3,48.64,24982,1235000.0,140,,,,new
AARTIDRUGS,EQ,2026-09-07,433.25,434.7,419.25,423.0,425.9,431.65,94385,40236000.0,4870,,51719.0,54.8,new
AARTIIND,EQ,2026-09-07,493.25,495.75,487.35,490.7,490.5,492.05,518899,255098999.99999997,17370,,225807.0,43.52,new
AARTIPHARM,EQ,2026-09-07,861.0,894.7,856.35,862.65,859.0,858.8,745049,650102000.0,28866,,368416.0,49.45,new
AARTISURF,BE,2026-09-07,548.5,549.9,530.0,546.8,543.0,548.5,8263,4459000.0,280,,,,new
AARVI,EQ,2026-09-07,140.5,145.49,140.3,143.36,144.0,141.92,10492,1484000.0,309,,6568.0,62.6,new
AASTHA,EQ,2026-09-07,79.25,79.25,76.42,77.36,78.79,78.12,177179,13660000.0,2112,,89295.0,50.4,new
AATMAJ,SM,2026-09-07,18.25,18.25,17.55,18.0,18.0,18.25,20000,359000.0,8,,16000.0,80.0,new
AAVAS,EQ,2026-09-07,1291.0,1311.4,1285.2,1306.2,1306.6,1304.2,82507,107115000.00000001,13558,,44062.0,53.4,new
ABAN,BE,2026-09-07,14.99,15.1,14.7,14.84,14.75,14.99,20900,311000.0,129,,,,new
ABANSENT,EQ,2026-09-07,27.5,28.99,27.0,28.39,28.0,27.86,4724,133000.0,221,,3702.0,78.37,new
ABB,EQ,2026-09-07,7410.0,7459.5,7327.0,7434.0,7434.0,7410.0,111152,822529000.0000001,16322,,52918.0,47.61,new
ABBOTINDIA,EQ,2026-09-07,26150.0,26195.0,25810.0,25940.0,25905.0,26065.0,5392,139843000.0,2704,,2641.0,48.98,new
ABCAPITAL,EQ,2026-09-07,404.0,404.75,399.5,403.25,403.25,404.9,2451987,985562000.0000001,41504,,1497764.0,61.08,new
ABCOTS,EQ,2026-09-07,208.8,223.45,208.1,212.01,210.05,208.15,10187,2185000.0,402,,6474.0,63.55,new
ABDL,EQ,2026-09-07,609.9,610.4,596.85,600.0,600.0,609.95,428345,257251000.00000003,15080,,320436.0,74.81,new
ABFRL,EQ,2026-09-07,52.95,55.11,51.99,53.21,53.0,52.97,10440736,560639000.0,39359,,3686440.0,35.31,new
ABGSEC,EQ,2026-09-07,114.72,114.74,113.62,114.51,114.51,113.58,1748,199000.0,14,,1725.0,98.68,new
ABH,ST,2026-09-07,76.7,76.7,76.7,76.7,76.7,80.7,10800,827999.9999999999,8,,10800.0,100.0,new
ABHAPOWER,SM,2026-09-07,25.35,25.35,24.0,24.0,24.0,24.6,4800,119000.0,3,,4800.0,100.0,new
ABINFRA,BE,2026-09-07,11.45,11.45,11.01,11.4,11.3,11.35,282685,3193000.0,343,,,,new
ABLBL,EQ,2026-09-07,86.9,87.4,84.99,85.55,85.6,86.07,543434,46781000.0,7555,,227053.0,41.78,new
ABMKNO,EQ,2026-09-07,186.0,189.99,185.0,189.64,189.98,189.9,2557,474000.0,29,,2491.0,97.42,new
ABREL,EQ,2026-09-07,1373.6,1384.0,1356.1,1377.8,1380.2,1373.6,65234,89343000.0,6075,,37254.0,57.11,new
ABSL10BANK,EQ,2026-09-07,170.8,170.8,165.0,165.62,165.1,168.65,1301,219000.0,72,,680.0,52.27,new
ABSLAMC,EQ,2026-09-07,1062.3,1064.1,1035.0,1041.9,1049.4,1062.3,197790,206464000.0,20326,,110242.0,55.74,new
ABSLBANETF,EQ,2026-09-07,58.95,58.97,58.5,58.66,58.7,59.06,118426,6937000.0,520,,62687.0,52.93,new
ABSLLIQUID,EQ,2026-09-07,975.0,1000.01,975.0,1000.0,1000.0,1000.0,1522,1522000.0,23,,1457.0,95.73,new
ABSLMSCIN,EQ,2026-09-07,29.58,29.6,29.23,29.23,29.23,29.44,289,9000.0,12,,276.0,95.5,new
ABSLNN50ET,EQ,2026-09-07,77.46,78.0,76.3,77.15,78.0,77.08,10606,814000.0,305,,6501.0,61.3,new
ABSLPSE,EQ,2026-09-07,10.2,10.25,10.09,10.11,10.18,10.18,88062,892000.0,443,,70040.0,79.53,new
ABSMARINE,SM,2026-09-07,338.8,347.75,321.0,336.75,333.0,337.9,169500,57070000.00000001,287,,106000.0,62.54,new
ACC,EQ,2026-09-07,1287.0,1288.5,1265.5,1268.7,1271.0,1283.8,90302,114773000.0,8619,,45854.0,50.78,new
ACCELYA,EQ,2026-09-07,1131.0,1135.8,1120.0,1127.1,1126.2,1131.0,5455,6150000.0,507,,3766.0,69.04,new
ACCENTMIC,SM,2026-09-07,620.7,624.2,615.3,623.6,624.2,617.8,59500,36901000.0,100,,39500.0,66.39,new
ACCPL,ST,2026-09-07,201.9,210.0,201.9,210.0,210.0,200.0,68400,14338000.0,31,,66000.0,96.49,new
ACCURACY,BE,2026-09-07,4.33,4.41,4.2,4.33,4.34,4.31,34746,150000.0,200,,,,new
ACE,EQ,2026-09-07,1125.4,1131.0,1111.0,1113.2,1113.0,1125.4,109007,121740000.00000001,8927,,60958.0,55.92,new
ACEINTEG,EQ,2026-09-07,18.58,18.58,17.52,17.54,17.53,17.83,2039,36000.0,36,,1287.0,63.12,new
ACETEC,SM,2026-09-07,130.0,134.0,130.0,132.0,130.0,139.0,4800,629000.0,4,,2400.0,50.0,new
ACGL,EQ,2026-09-07,1799.0,1839.0,1780.0,1799.4,1800.0,1797.6,1000,1818000.0,151,,649.0,64.9,new
ACI,EQ,2026-09-07,504.4,513.6,496.0,509.35,511.9,504.2,619983,312575000.0,30852,,296779.0,47.87,new
ACL,EQ,2026-09-07,43.36,43.99,43.02,43.49,43.96,43.36,7960,348000.0,277,,5518.0,69.32,new
ACMESOLAR,EQ,2026-09-07,422.8,423.4,409.0,413.15,412.0,418.0,1367600,568481000.0,39926,,545815.0,39.91,new
ACSTECH,BE,2026-09-07,52.4,54.42,51.4,54.42,54.42,51.83,308737,16610000.0,351,,,,new
ACTIVEINFR,SM,2026-09-07,176.35,176.35,176.35,176.35,176.35,172.5,3600,635000.0,2,,3600.0,100.0,new
ACUTAAS,EQ,2026-09-07,3168.5,3212.7,3160.0,3181.6,3192.0,3168.5,141224,450201000.0,24089,,78219.0,55.39,new
ADANIENSOL,EQ,2026-09-07,1412.7,1418.5,1387.8,1390.4,1390.4,1409.6,1342576,1879184999.9999998,33355,,660949.0,49.23,new
ADANIENT,EQ,2026-09-07,2940.0,2964.4,2918.5,2950.0,2950.0,2938.0,981218,2882978000.0,67251,,442279.0,45.07,new
ADANIGREEN,EQ,2026-09-07,1301.2,1309.8,1285.0,1288.0,1288.0,1301.3,685684,889293000.0,26231,,288855.0,42.13,new
ADANIPORTS,EQ,2026-09-07,1714.0,1716.4,1685.9,1694.3,1694.3,1707.3,1175225,1998643000.0,55609,,711557.0,60.55,new
ADANIPOWER,EQ,2026-09-07,207.1,208.65,204.16,204.49,204.49,207.2,9839611,2024961000.0,78870,,3949843.0,40.14,new
ADDICTIVE,SM,2026-09-07,44.1,45.0,44.1,44.9,44.9,43.3,4000,178000.0,8,,4000.0,100.0,new
ADDIND,EQ,2026-09-07,79.34,85.0,78.95,80.81,82.9,79.34,2067,171000.0,41,,1941.0,93.9,new
ADFFOODS,EQ,2026-09-07,263.15,269.0,259.0,266.15,269.0,264.8,120114,31558000.0,3740,,66470.0,55.34,new
ADISOFT,SM,2026-09-07,209.95,218.0,199.0,214.65,215.9,206.25,161600,33893000.0,191,,115200.0,71.29,new
ADL,EQ,2026-09-07,71.4,74.0,71.4,72.57,72.55,72.0,646,47000.0,18,,445.0,68.89,new
ADOR,EQ,2026-09-07,1674.4,1681.9,1624.1,1644.1,1657.1,1674.4,37401,61908000.00000001,5600,,20134.0,53.83,new
ADROITINFO,EQ,2026-09-07,10.31,10.73,10.25,10.31,10.38,10.31,24445,252000.0,161,,18757.0,76.73,new
ADSL,EQ,2026-09-07,103.08,103.99,100.21,101.46,102.4,104.13,126207,12819999.999999998,2492,,67470.0,53.46,new
ADVAIT,EQ,2026-09-07,2151.3,2159.4,2070.2,2096.4,2090.9,2151.3,49298,103593000.0,6343,,29486.0,59.81,new
ADVANCE,EQ,2026-09-07,117.43,119.8,115.9,116.43,116.09,117.43,95430,11217000.0,1389,,54407.0,57.01,new
ADVANIHOTR,EQ,2026-09-07,49.45,49.98,49.0,49.12,49.19,49.45,19626,967000.0,430,,14595.0,74.37,new
ADVENTHTL,EQ,2026-09-07,134.5,135.65,132.0,133.19,133.18,134.57,123600,16479000.0,1664,,63223.0,51.15,new
ADVENZYMES,EQ,2026-09-07,293.2,298.5,292.2,297.85,296.8,293.2,151606,44914000.0,2629,,98837.0,65.19,new
ADVIKCA,EQ,2026-09-07,1.12,1.13,1.1,1.1,1.11,1.12,337126,374000.0,299,,302810.0,89.82,new
AEGISLOG,EQ,2026-09-07,1274.6,1278.7,1238.0,1253.7,1264.0,1270.2,378402,476047999.99999994,26363,,175119.0,46.28,new
AEGISVOPAK,EQ,2026-09-07,281.65,287.0,279.55,285.35,285.0,284.5,615354,174611000.0,14041,,262287.0,42.62,new
AEPL,EQ,2026-09-07,17.85,18.25,17.26,18.02,17.99,17.5,99702,1787000.0,388,,57416.0,57.59,new
AEQUS,EQ,2026-09-07,242.42,242.72,233.0,233.86,234.25,242.18,2461232,580210000.0,39549,,1187777.0,48.26,new
AEROENTER,EQ,2026-09-07,143.23,156.0,142.55,154.73,155.4,141.81,3260028,493997999.99999994,29599,,1451063.0,44.51,new
AEROFLEX,EQ,2026-09-07,538.05,561.7,536.2,558.15,555.5,537.45,1428851,793448000.0,34147,,514123.0,35.98,new
AERON,SM,2026-09-07,83.0,87.0,83.0,84.95,84.95,83.0,19000,1604000.0,19,,17000.0,89.47,new
AERONEU,EQ,2026-09-07,80.57,80.57,77.0,77.28,77.01,80.57,36220,2857000.0,392,,17538.0,48.42,new
AEROPLANE,EQ,2026-09-07,198.39,202.3,195.0,198.03,196.0,194.29,994634,197362000.0,9893,,706493.0,71.03,new
AESTHETIK,SM,2026-09-07,69.05,70.0,68.6,70.0,70.0,69.8,10000,694000.0,6,,5000.0,50.0,new
AETHER,EQ,2026-09-07,1621.0,1635.0,1604.8,1619.5,1619.0,1625.6,122482,198579000.0,16219,,60219.0,49.17,new
AFCONS,EQ,2026-09-07,291.55,296.2,290.5,293.2,293.45,292.8,425086,124601000.0,17733,,226502.0,53.28,new
AFFLE,EQ,2026-09-07,1630.0,1654.5,1605.7,1623.2,1625.1,1616.5,423635,690680000.0,36018,,124918.0,29.49,new
AFFORDABLE,EQ,2026-09-07,156.1,162.0,155.71,160.03,161.0,157.47,23084,3679999.9999999995,684,,15847.0,68.65,new
AFIL,EQ,2026-09-07,9.25,9.39,9.06,9.14,9.19,9.22,552669,5090000.0,530,,327622.0,59.28,new
AFSL,EQ,2026-09-07,202.07,207.8,201.25,202.78,202.5,202.07,3949,805000.0000000001,140,,2360.0,59.76,new
AGARIND,EQ,2026-09-07,450.95,452.1,437.0,440.2,438.0,450.8,45037,19930000.0,3378,,22137.0,49.15,new
AGARWALEYE,EQ,2026-09-07,514.1,528.8,513.8,518.25,518.3,514.1,402398,210013000.0,15128,,240507.0,59.77,new
AGARWALFT,SM,2026-09-07,28.7,28.7,28.7,28.7,28.7,28.6,1500,43000.0,1,,1500.0,100.0,new
AGARWALTUF,SM,2026-09-07,141.95,150.05,141.95,150.0,150.0,140.6,91200,13403000.0,59,,70800.0,77.63,new
AGI,EQ,2026-09-07,732.5,744.2,730.0,732.65,734.0,735.25,98108,72236000.0,4446,,51362.0,52.35,new
AGIIL,EQ,2026-09-07,286.4,291.0,275.55,277.15,275.7,283.7,1078054,306174000.0,8565,,295238.0,27.39,new
AGL,EQ,2026-09-07,13.6,13.71,13.46,13.58,13.6,13.65,8294166,112846000.0,17038,,5560811.0,67.04,new
AGNI,SM,2026-09-07,14.5,15.05,14.5,15.0,15.0,15.25,17500,261000.0,7,,10000.0,57.14,new
AGRITECH,EQ,2026-09-07,103.45,103.45,99.0,100.07,100.0,101.21,921,92000.0,46,,717.0,77.85,new
AGROPHOS,EQ,2026-09-07,25.77,26.4,24.0,24.82,24.73,25.77,35970,897000.0000000001,248,,25936.0,72.1,new
AGSTRA,BZ,2026-09-07,1.99,1.99,1.9,1.94,1.95,1.99,281354,541000.0,287,,,,new
AGUL,SM,2026-09-07,43.65,48.15,43.65,48.15,48.15,45.9,10000,446000.0,5,,8000.0,80.0,new
AHCL,EQ,2026-09-07,15.74,15.85,15.41,15.48,15.5,15.68,2176718,33899000.0,2930,,1078131.0,49.53,new
AHLADA,EQ,2026-09-07,37.29,37.29,35.74,36.8,37.04,37.29,20508,747000.0,276,,13748.0,67.04,new
AHLEAST,EQ,2026-09-07,139.9,139.9,135.22,135.82,137.0,136.51,1897,258000.0,60,,806.0,42.49,new
AHLUCONT,EQ,2026-09-07,602.0,609.6,594.8,597.05,598.9,599.05,80503,48296000.0,4831,,47538.0,59.05,new
AHLWEST,BE,2026-09-07,530.0,530.0,530.0,530.0,530.0,530.85,10,5000.0,2,,,,new
AIAENG,EQ,2026-09-07,4231.2,4249.0,4180.0,4224.0,4239.0,4231.2,15736,66336000.0,5347,,7052.0,44.81,new
AIIL,EQ,2026-09-07,517.75,519.5,509.0,514.95,518.9,519.9,136349,70022000.0,9751,,62401.0,45.77,new
AILIMITED,SM,2026-09-07,22.25,22.25,21.15,21.15,21.15,22.25,6000,130000.0,2,,6000.0,100.0,new
AIMTRON,SM,2026-09-07,1582.6,1635.0,1541.05,1622.5,1614.0,1582.6,34000,54244000.00000001,160,,22000.0,64.71,new
AIRAN,EQ,2026-09-07,15.44,16.6,15.2,16.44,16.31,15.44,430162,6927000.0,1727,,249187.0,57.93,new
AIROLAM,EQ,2026-09-07,90.0,90.0,86.04,86.22,86.99,86.46,1008,88000.0,37,,526.0,52.18,new
AISL,SM,2026-09-07,62.0,62.0,57.0,57.0,57.0,59.95,11400,659000.0,14,,9600.0,84.21,new
AJANTPHARM,EQ,2026-09-07,3445.0,3539.0,3438.0,3513.6,3516.5,3464.8,72590,255031000.0,13836,,42895.0,59.09,new
AJAXENGG,EQ,2026-09-07,582.45,607.0,579.15,596.2,595.05,582.45,123620,73767000.0,9585,,66097.0,53.47,new
AJMERA,EQ,2026-09-07,117.6,118.6,116.03,117.54,117.47,117.76,184338,21612000.0,3263,,80138.0,43.47,new
AJOONI,EQ,2026-09-07,3.71,3.8,3.47,3.49,3.52,3.71,1511024,5435000.0,1213,,1143415.0,75.67,new
AKANKSHA,SM,2026-09-07,136.7,137.0,135.3,137.0,137.0,136.7,13000,1777000.0,11,,11000.0,84.62,new
AKASH,EQ,2026-09-07,26.0,26.0,25.2,25.69,25.69,25.6,2451,63000.0,29,,1633.0,66.63,new
AKCAPIT,EQ,2026-09-07,1769.0,1775.0,1684.9,1733.5,1722.0,1736.9,1137,1989999.9999999998,219,,1014.0,89.18,new
AKG,EQ,2026-09-07,9.26,9.63,9.26,9.38,9.38,9.59,18592,175000.0,86,,18510.0,99.56,new
AKI,EQ,2026-09-07,7.94,7.94,7.94,7.94,7.94,7.22,701339,5569000.0,302,,616593.0,87.92,new
AKIKO,SM,2026-09-07,430.0,430.0,418.0,422.1,422.1,416.15,27200,11544000.0,23,,23200.0,85.29,new
AKSHAR,EQ,2026-09-07,0.42,0.44,0.42,0.42,0.43,0.42,1198508,512000.0,319,,833603.0,69.55,new
AKSHARCHEM,BE,2026-09-07,440.0,467.05,440.0,463.9,467.05,444.85,54450,25189000.0,705,,,,new
AKSHOPTFBR,BE,2026-09-07,7.8,7.8,7.7,7.8,7.8,7.43,722743,5634000.0,467,,,,new
AKUMS,EQ,2026-09-07,765.75,772.9,751.5,754.65,754.3,765.75,120744,91848000.0,8564,,62476.0,51.74,new
ALANKIT,EQ,2026-09-07,8.2,8.24,8.05,8.16,8.2,8.14,120164,984000.0,580,,96540.0,80.34,new
ALBERTDAVD,EQ,2026-09-07,866.1,880.0,851.1,863.0,860.5,860.25,4087,3535000.0,386,,2720.0,66.55,new
ALCODIS,SM,2026-09-07,68.5,68.5,68.5,68.5,68.5,68.4,625,43000.0,1,,625.0,100.0,new
ALEMBICLTD,EQ,2026-09-07,112.3,114.34,107.53,108.05,108.1,111.41,1721715,190924000.0,17501,,699968.0,40.66,new
ALFREDHE,EQ,2026-09-07,2960.0,3020.0,2800.0,2945.0,2945.0,2898.9,126,368000.0,36,,106.0,84.13,new
ALGOQUANT,EQ,2026-09-07,64.5,66.0,63.5,63.89,64.89,64.5,1553966,99527000.0,1930,,497521.0,32.02,new
ALICON,EQ,2026-09-07,684.2,691.5,670.5,681.75,689.15,684.2,8931,6092000.0,1033,,5299.0,59.33,new
ALIVUS,EQ,2026-09-07,1377.2,1419.7,1361.0,1388.9,1383.4,1366.3,128673,179283000.0,9391,,54380.0,42.26,new
ALKALI,EQ,2026-09-07,69.99,78.66,68.0,78.66,78.66,65.55,72483,5509000.0,735,,44898.0,61.94,new
ALKEM,EQ,2026-09-07,5219.0,5242.5,5104.5,5242.5,5242.5,5190.0,139659,718247000.0,23460,,85770.0,61.41,new
ALKYLAMINE,EQ,2026-09-07,2012.0,2090.3,1950.0,1986.3,2012.0,2020.9,126528,257031000.0,15187,,36669.0,28.98,new
ALLCARGO,EQ,2026-09-07,12.44,12.78,12.25,12.67,12.72,12.44,15107126,190514000.0,15014,,4886271.0,32.34,new
ALLDIGI,EQ,2026-09-07,809.0,817.4,802.55,810.3,809.0,805.85,8789,7111000.0,784,,6453.0,73.42,new
ALLETEC,SM,2026-09-07,139.0,144.7,137.3,143.9,144.45,137.25,28800,4094000.0,65,,26000.0,90.28,new
ALLTIME,EQ,2026-09-07,206.49,216.25,206.49,214.65,214.0,206.08,264900,56603000.0,5021,,136250.0,51.43,new
ALMONDZ,EQ,2026-09-07,17.97,19.8,17.9,19.2,19.2,17.89,773910,14869999.999999998,2321,,541719.0,70.0,new
ALOKINDS,EQ,2026-09-07,7.83,7.88,7.46,7.6,7.64,7.83,27360409,208083000.0,19938,,13724718.0,50.16,new
ALPA,EQ,2026-09-07,63.99,63.99,61.5,62.17,61.95,62.71,3393,213000.0,105,,1138.0,33.54,new
ALPEXSOLAR,SM,2026-09-07,900.0,950.0,900.0,933.9,935.0,889.3,116600,108138000.00000001,803,,80900.0,69.38,new
ALPHA,EQ,2026-09-07,54.3,54.3,53.88,53.97,54.05,54.16,574919,31050000.0,3522,,373180.0,64.91,new
ALPHAETF,EQ,2026-09-07,25.91,26.69,25.91,26.57,26.58,26.58,184284,4903000.0,750,,134533.0,73.0,new
ALPHAGEO,BE,2026-09-07,325.0,332.0,318.2,324.55,319.0,323.85,18720,6098000.0,329,,,,new
ALPINETEX,EQ,2026-09-07,57.88,64.9,53.82,63.17,62.6,57.76,1259777,76232000.0,9125,,420492.0,33.38,new
ALPL30IETF,EQ,2026-09-07,27.59,27.64,27.44,27.49,27.62,27.59,408997,11246000.0,1569,,202072.0,49.41,new
ALUFLUOR,EQ,2026-09-07,500.05,505.5,496.15,499.15,500.0,499.05,6241,3133000.0,324,,4536.0,72.68,new
ALUWIND,SM,2026-09-07,48.5,48.95,47.0,48.0,48.0,49.2,9000,430000.0,6,,7500.0,83.33,new
AMAGI,EQ,2026-09-07,567.95,578.15,551.6,575.15,575.65,563.3,399014,224400000.0,15655,,195370.0,48.96,new
AMAL,EQ,2026-09-07,741.05,764.9,741.05,758.85,758.95,743.2,4759,3589000.0,349,,3680.0,77.33,new
AMANTA,BE,2026-09-07,197.91,197.91,197.91,197.91,197.91,194.03,19409,3840999.9999999995,44,,,,new
AMARJOTHI,EQ,2026-09-07,160.94,162.0,155.04,160.0,160.0,160.94,456,73000.0,23,,433.0,94.96,new
AMBAAUTO,SM,2026-09-07,109.2,110.9,108.55,108.55,108.55,110.5,14000,1541000.0,10,,12000.0,85.71,new
AMBALALSA,BE,2026-09-07,42.52,44.75,42.52,42.98,42.98,43.73,23823,1026000.0,196,,,,new
AMBER,EQ,2026-09-07,7465.0,7473.5,7390.0,7439.0,7439.0,7474.0,122437,909270999.9999999,20533,,59490.0,48.59,new
AMBICAAGAR,EQ,2026-09-07,27.0,27.78,26.01,26.83,27.0,27.21,23205,630000.0,182,,19643.0,84.65,new
AMBIKCO,EQ,2026-09-07,1631.1,1648.7,1624.8,1642.8,1646.0,1639.1,7879,12894000.0,1185,,4069.0,51.64,new
AMBUJACEM,EQ,2026-09-07,403.0,405.35,398.6,398.6,398.6,405.0,879449,352327000.0,19572,,458676.0,52.15,new
AMCL,SM,2026-09-07,361.1,387.0,361.1,387.0,387.0,370.0,800,299000.0,2,,800.0,100.0,new
AMDIND,EQ,2026-09-07,61.88,62.89,58.02,60.3,60.2,60.32,70502,4324000.0,1279,,28264.0,40.09,new
AMEYA,SM,2026-09-07,102.15,112.5,102.15,112.5,112.5,107.15,5000,534000.0,4,,3000.0,60.0,new
AMIABLE,SM,2026-09-07,63.9,76.95,63.85,76.95,76.95,77.0,9600,697000.0,6,,0.0,0.0,new
AMJLAND,EQ,2026-09-07,39.0,39.43,38.34,39.08,39.0,39.47,9260,359000.0,155,,5952.0,64.28,new
AMNPLST,EQ,2026-09-07,172.8,173.84,166.35,168.22,168.15,172.89,4663,794000.0,213,,3642.0,78.1,new
AMRUTANJAN,EQ,2026-09-07,505.4,505.45,495.6,500.3,497.2,505.45,63397,31638000.0,2647,,32257.0,50.88,new
ANANDRATHI,EQ,2026-09-07,2217.0,2255.0,2210.8,2224.0,2225.0,2215.9,270161,603493000.0,24279,,116612.0,43.16,new
ANANTAM,IV,2026-09-07,106.49,106.99,105.85,106.78,106.13,106.0,19320,2057999.9999999998,96,,19028.0,98.49,new
ANANTRAJ,EQ,2026-09-07,622.0,644.8,615.2,638.25,637.35,625.45,5173652,3287698000.0000005,69231,,1560083.0,30.15,new
ANAWIL,SM,2026-09-07,378.05,400.0,377.0,396.35,395.95,382.4,239600,93611000.0,504,,142800.0,59.6,new
ANDHRAPAP,EQ,2026-09-07,64.1,77.34,61.99,72.2,72.95,64.45,27336653,1981166000.0,122086,,2217287.0,8.11,new
ANDHRSUGAR,EQ,2026-09-07,100.3,101.89,98.82,99.4,99.4,99.51,443882,44434000.0,5552,,174350.0,39.28,new
ANDREWYU,EQ,2026-09-07,27.66,28.3,27.11,27.35,27.11,27.93,65412,1809000.0,441,,53290.0,81.47,new
ANGELONE,EQ,2026-09-07,300.9,307.0,298.05,303.8,303.8,299.8,7522794,2291266000.0,49604,,2870572.0,38.16,new
ANIKINDS,EQ,2026-09-07,45.0,46.95,43.0,44.77,44.99,45.0,15794,701000.0,268,,11568.0,73.24,new
ANKITMETAL,BZ,2026-09-07,1.73,1.73,1.67,1.67,1.67,1.7,3534,6000.0,18,,,,new
ANLON,SM,2026-09-07,674.0,688.0,674.0,687.0,687.0,670.0,7600,5175000.0,19,,7600.0,100.0,new
ANMOL,EQ,2026-09-07,10.0,11.49,10.0,10.09,10.23,10.08,167944,1737000.0,415,,130128.0,77.48,new
ANNAPURNA,EQ,2026-09-07,143.0,145.0,137.0,143.8,143.9,140.2,101805,14366999.999999998,813,,73296.0,72.0,new
ANNU,BE,2026-09-07,64.82,64.82,64.82,64.82,64.82,68.23,124866,8094000.0,1861,,,,new
ANONDITA,SM,2026-09-07,1110.0,1182.95,1110.0,1147.9,1150.0,1109.55,68800,79129000.0,231,,51800.0,75.29,new
ANSALAPI,BZ,2026-09-07,3.37,3.37,3.34,3.35,3.37,3.31,20632,69000.0,53,,,,new
ANSALBU,EQ,2026-09-07,84.9,84.9,76.34,79.24,78.5,80.68,1438,117000.0,70,,1288.0,89.57,new
ANTELOPUS,EQ,2026-09-07,960.0,1024.0,930.0,985.3,985.0,957.15,2854173,2803201000.0,85188,,292658.0,10.25,new
ANTGRAPHIC,EQ,2026-09-07,0.73,0.75,0.71,0.73,0.73,0.73,207125,151000.0,204,,141396.0,68.27,new
ANTHEM,EQ,2026-09-07,940.05,958.85,931.1,933.5,931.5,934.05,667717,631622000.0,49856,,326706.0,48.93,new
ANUHPHR,EQ,2026-09-07,82.7,91.8,82.0,90.29,91.0,81.1,1069062,94955000.0,10010,,487950.0,45.64,new
ANUP,EQ,2026-09-07,1784.0,1791.2,1766.0,1770.6,1770.6,1785.8,11158,19811000.0,2142,,5883.0,52.72,new
ANURAS,EQ,2026-09-07,1258.8,1266.3,1227.1,1233.6,1239.4,1238.7,286021,355773000.0,12398,,128647.0,44.98,new
AONEGOLD,EQ,2026-09-07,14.22,14.22,14.08,14.19,14.2,14.37,404500,5729000.0,1909,,273476.0,67.61,new
AONELIQUID,EQ,2026-09-07,1075.81,1075.81,1075.79,1075.79,1075.79,1075.67,7111,7650000.0,126,,5002.0,70.34,new
AONENIFTY,EQ,2026-09-07,9.98,9.98,9.81,9.83,9.84,9.89,156717,1543000.0,1587,,142211.0,90.74,new
AONESILVER,EQ,2026-09-07,8.89,8.9,8.73,8.79,8.8,8.89,389029,3422000.0,1647,,264258.0,67.93,new
AONETMMQ50,EQ,2026-09-07,10.35,10.4,10.27,10.31,10.31,10.3,32677,337000.0,326,,14353.0,43.92,new
AONETOTAL,EQ,2026-09-07,11.98,11.98,11.84,11.84,11.84,11.93,196397,2331000.0,1598,,84872.0,43.21,new
APARINDS,EQ,2026-09-07,17501.0,17793.0,17307.0,17728.0,17749.0,17421.0,73366,1285233000.0,26201,,25063.0,34.16,new
APCL,EQ,2026-09-07,103.3,103.3,99.03,99.93,99.2,101.42,7097,710000.0,133,,5065.0,71.37,new
APCOTEXIND,EQ,2026-09-07,639.9,640.0,625.0,631.6,635.8,635.5,96163,60823000.0,5239,,44254.0,46.02,new
APEX,EQ,2026-09-07,374.95,377.05,364.8,368.2,369.25,375.15,115008,42541000.0,4041,,60172.0,52.32,new
APEXECO,ST,2026-09-07,278.2,278.2,266.0,274.9,274.9,278.2,8000,2176000.0,10,,8000.0,100.0,new
APLAPOLLO,EQ,2026-09-07,2250.0,2255.0,2198.8,2215.0,2215.0,2250.0,709214,1573057000.0,44665,,371901.0,52.44,new
APLLTD,EQ,2026-09-07,808.0,828.1,797.4,799.55,802.95,808.2,171275,138556000.0,12937,,77584.0,45.3,new
APOLLO,EQ,2026-09-07,391.0,407.4,390.3,403.95,403.0,388.9,11691954,4710450000.0,103147,,4778118.0,40.87,new
APOLLOHOSP,EQ,2026-09-07,8682.0,8840.5,8650.0,8760.0,8760.0,8650.0,303793,2657045000.0,39583,,173460.0,57.1,new
APOLLOPIPE,EQ,2026-09-07,609.65,611.3,597.0,601.0,602.75,605.1,115502,69647000.0,4458,,53094.0,45.97,new
APOLLOTYRE,EQ,2026-09-07,428.0,430.0,419.0,420.8,421.0,429.55,438180,184796000.0,19332,,207501.0,47.36,new
APOLSINHOT,EQ,2026-09-07,1218.1,1220.0,1200.1,1204.9,1200.1,1218.1,979,1183000.0,131,,823.0,84.07,new
APOORVA,EQ,2026-09-07,25.25,25.25,25.25,25.25,25.25,25.25,29,1000.0,2,,29.0,100.0,new
APRAMEYA,SM,2026-09-07,116.0,119.95,112.1,112.65,112.1,116.5,14000,1609000.0,21,,12500.0,89.29,new
APS,SM,2026-09-07,241.0,250.0,241.0,242.5,242.5,244.75,9000,2212000.0,35,,5750.0,63.89,new
APSISAERO,ST,2026-09-07,623.5,623.5,623.0,623.5,623.5,611.3,32400,20189000.0,21,,28800.0,88.89,new
APTECHT,BE,2026-09-07,90.98,90.98,89.0,89.47,89.5,89.13,60244,5405000.0,415,,,,new
APTUS,EQ,2026-09-07,258.0,258.85,252.35,256.89,255.52,258.85,1460350,373826000.0,35659,,782457.0,53.58,new
AQYLON,EQ,2026-09-07,22.79,23.58,22.65,23.54,23.58,22.46,522202,12114000.0,1434,,334434.0,64.04,new
ARCHIDPLY,EQ,2026-09-07,104.2,104.9,102.18,103.62,103.12,104.89,16124,1668000.0,248,,10632.0,65.94,new
ARCHIES,EQ,2026-09-07,13.34,13.34,12.63,12.88,12.95,12.9,8213,106000.0,136,,5531.0,67.34,new
ARCIIL,SM,2026-09-07,36.9,36.9,34.1,34.1,34.1,36.95,7000,247000.00000000003,7,,6000.0,85.71,new
ARCL,EQ,2026-09-07,228.8,236.25,224.05,233.87,230.0,225.0,1534,360000.0,40,,1250.0,81.49,new
ARDEE,EQ,2026-09-07,55.66,57.7,54.66,56.09,56.2,55.66,4068340,229002000.0,18319,,1683014.0,41.37,new
ARE&M,EQ,2026-09-07,864.2,864.2,836.5,842.95,843.0,864.2,694840,586720000.0,38149,,352855.0,50.78,new
ARENTERP,EQ,2026-09-07,34.65,35.0,30.05,34.76,34.7,34.65,1895,64000.0,42,,1311.0,69.18,new
ARFIN,EQ,2026-09-07,88.7,98.86,87.72,95.27,95.6,87.24,4760846,454507000.0,37879,,1997202.0,41.95,new
ARHAM,SM,2026-09-07,210.5,213.9,209.0,212.9,212.9,213.95,77000,16251000.0,29,,29000.0,37.66,new
ARIES,EQ,2026-09-07,501.5,524.75,484.2,485.95,487.0,500.1,113668,57546000.0,6392,,56687.0,49.87,new
ARIHANT,EQ,2026-09-07,979.9,985.25,935.8,961.25,983.0,953.15,1341,1291000.0,376,,700.0,52.2,new
ARIHANTACA,SM,2026-09-07,490.0,500.0,490.0,500.0,500.0,498.25,10400,5186000.0,12,,10400.0,100.0,new
ARIHANTCAP,EQ,2026-09-07,80.5,80.5,78.22,78.36,78.22,79.69,162170,12872000.0,1193,,95879.0,59.12,new
ARIHANTSUP,EQ,2026-09-07,229.5,238.0,229.05,233.75,234.95,229.5,26550,6169000.0,149,,25818.0,97.24,new
ARIS,EQ,2026-09-07,129.35,129.5,126.1,126.32,126.39,128.56,539906,68634000.0,5792,,230519.0,42.7,new
ARKADE,EQ,2026-09-07,125.77,125.77,123.85,124.82,124.62,125.22,121170,15124000.0,1374,,47149.0,38.91,new
ARMANFIN,EQ,2026-09-07,2068.0,2068.0,1998.0,2033.8,2036.7,2069.3,25672,52165000.0,3278,,14788.0,57.6,new
ARMOUR,ST,2026-09-07,17.3,17.3,17.3,17.3,17.3,18.0,2000,35000.0,1,,2000.0,100.0,new
AROGRANITE,EQ,2026-09-07,24.95,25.05,23.95,24.29,24.38,24.55,25353,619000.0,140,,21578.0,85.11,new
ARROWGREEN,BE,2026-09-07,814.1,829.0,785.5,805.1,808.95,814.1,19575,15731000.0,666,,,,new
ARSHIYA,BZ,2026-09-07,0.72,0.74,0.7,0.71,0.72,0.73,277427,200999.99999999997,99,,,,new
ARSSBL,EQ,2026-09-07,515.0,524.7,508.3,516.3,514.1,515.05,133960,69204000.0,4206,,63042.0,47.06,new
ARTEMISMED,EQ,2026-09-07,337.5,344.6,332.15,343.5,344.5,332.8,782569,265154000.0,27321,,356835.0,45.6,new
ARTNIRMAN,EQ,2026-09-07,40.63,40.63,39.11,40.21,40.6,40.63,1820,72000.0,24,,1749.0,96.1,new
ARUNAYA,SM,2026-09-07,15.3,15.35,14.4,14.4,14.4,14.45,12000,177000.0,6,,6000.0,50.0,new
ARVEE,EQ,2026-09-07,162.2,169.15,162.2,163.93,163.5,165.1,697,115999.99999999999,46,,340.0,48.78,new
ARVIND,EQ,2026-09-07,546.2,567.35,546.15,564.5,562.75,552.95,478679,269184000.0,18294,,236088.0,49.32,new
ARVINDFASN,EQ,2026-09-07,446.4,447.25,438.0,439.2,440.4,446.5,81565,36056000.0,7935,,40194.0,49.28,new
ARVINDPORT,SM,2026-09-07,31.05,32.85,31.05,32.85,32.85,32.0,7500,236000.0,4,,6000.0,80.0,new
ARVSMART,EQ,2026-09-07,643.7,652.0,640.0,646.8,649.5,642.5,27106,17525000.0,2314,,13446.0,49.61,new
ARYAMAN,EQ,2026-09-07,620.2,630.0,610.2,630.0,630.0,620.2,34,21000.0,7,,34.0,100.0,new
ASAHIINDIA,EQ,2026-09-07,960.0,960.4,949.0,954.65,959.0,955.9,106030,101058000.0,5871,,71606.0,67.53,new
ASAHISONG,BE,2026-09-07,373.2,391.25,373.2,391.15,391.25,372.65,43329,16900000.0,513,,,,new
ASAL,EQ,2026-09-07,473.0,479.7,459.0,470.1,470.6,473.75,18318,8612000.0,829,,9321.0,50.88,new
ASALCBR,EQ,2026-09-07,705.85,712.0,701.4,707.8,706.2,706.35,16434,11636000.0,1315,,8170.0,49.71,new
ASHALOG,SM,2026-09-07,62.0,62.0,62.0,62.0,62.0,62.5,2000,124000.0,2,,2000.0,100.0,new
ASHAPURMIN,EQ,2026-09-07,551.0,554.5,536.6,538.15,537.55,551.0,296446,161040000.0,16764,,163265.0,55.07,new
ASHIANA,EQ,2026-09-07,360.6,361.55,346.85,349.75,349.5,359.55,71117,25106000.0,2678,,42125.0,59.23,new
ASHIKAG,BE,2026-09-07,426.85,436.85,418.0,420.1,419.0,426.85,54529,22939000.0,244,,,,new
ASHIMASYN,EQ,2026-09-07,17.9,17.9,17.65,17.75,17.75,17.89,35393,628000.0,153,,29896.0,84.47,new
ASHOKA,EQ,2026-09-07,115.6,117.29,114.52,115.5,115.46,115.55,581090,67246000.0,5582,,232338.0,39.98,new
ASHOKAMET,EQ,2026-09-07,13.58,15.24,13.57,14.3,14.2,13.58,152039,2208000.0,581,,78413.0,51.57,new
ASHOKLEY,EQ,2026-09-07,170.0,172.13,168.4,170.0,170.0,169.0,10426646,1772213000.0,70369,,4232978.0,40.6,new
ASHUTOSH,ST,2026-09-07,140.0,147.0,137.0,147.0,147.0,92.0,3186000,449889999.99999994,1638,,3182400.0,99.89,new
ASHWINI,SM,2026-09-07,180.0,180.0,178.0,178.0,178.0,180.0,2000,358000.0,2,,2000.0,100.0,new
ASIANENE,EQ,2026-09-07,521.6,521.6,498.05,511.8,515.0,517.45,356718,181640000.0,11849,,155773.0,43.67,new
ASIANHOTNR,EQ,2026-09-07,388.0,388.9,379.85,382.65,380.0,384.75,22793,8717000.0,914,,12867.0,56.45,new
ASIANPAINT,EQ,2026-09-07,2511.1,2523.5,2489.7,2500.9,2500.9,2527.3,240336,601439000.0,29019,,120227.0,50.02,new
ASIANTILES,EQ,2026-09-07,50.4,51.22,49.32,49.85,50.3,50.26,2616485,131283000.0,7799,,1053466.0,40.26,new
ASIANTNE,EQ,2026-09-07,10.0,10.0,9.2,9.5,9.33,9.74,12163,114999.99999999999,88,,8168.0,67.15,new
ASKAUTOLTD,EQ,2026-09-07,619.95,621.95,604.05,611.5,608.0,618.85,121536,74253000.0,7776,,53848.0,44.31,new
ASMS,BE,2026-09-07,7.03,7.15,6.92,7.01,7.1,7.07,234125,1637000.0,392,,,,new
ASPINWALL,EQ,2026-09-07,260.5,264.0,254.2,260.65,264.0,259.25,2192,569000.0,78,,1636.0,74.64,new
ASPIRE,SM,2026-09-07,13.6,13.6,13.6,13.6,13.6,13.25,2000,27000.0,1,,2000.0,100.0,new
ASSAMENT,EQ,2026-09-07,833.8,833.8,790.0,790.0,790.0,830.0,6,5000.0,2,,6.0,100.0,new
ASTAR,EQ,2026-09-07,590.0,597.9,586.0,597.9,597.9,585.0,11,6000.0,7,,10.0,90.91,new
ASTEC,EQ,2026-09-07,555.0,559.3,540.0,552.35,553.0,554.45,41084,22484000.0,2331,,22314.0,54.31,new
ASTERDM,EQ,2026-09-07,786.0,798.8,781.75,795.65,795.9,785.75,881643,697325000.0,44980,,464833.0,52.72,new
ASTRAL,EQ,2026-09-07,1482.7,1501.5,1482.2,1498.2,1498.2,1492.9,742651,1109588000.0,28864,,480686.0,64.73,new
ASTRAMICRO,EQ,2026-09-07,1740.0,1771.6,1705.0,1711.6,1725.0,1729.0,471255,817541000.0,32538,,195529.0,41.49,new
ASTRAZEN,EQ,2026-09-07,6945.0,6994.0,6830.0,6851.0,6879.5,6944.0,5460,37728000.0,1670,,2138.0,39.16,new
ASTRON,BZ,2026-09-07,3.0,3.05,2.94,3.0,3.0,3.06,22636,68000.0,63,,,,new
ATALREAL,EQ,2026-09-07,26.6,26.9,26.49,26.5,26.51,26.22,28399351,753516000.0,5540,,11145054.0,39.24,new
ATAM,EQ,2026-09-07,53.0,55.67,53.0,54.27,54.25,52.99,17563,950000.0,293,,12773.0,72.73,new
ATCENERGY,ST,2026-09-07,22.4,22.55,22.2,22.2,22.2,22.5,10800,242000.0,7,,10800.0,100.0,new
ATGL,EQ,2026-09-07,613.05,617.0,601.9,603.7,605.0,612.35,415933,253029000.0,17750,,156487.0,37.62,new
ATHERENERG,EQ,2026-09-07,1575.0,1618.0,1561.1,1599.3,1599.3,1584.0,3789386,6046205000.0,103405,,852952.0,22.51,new
ATL,EQ,2026-09-07,25.8,25.8,24.84,25.03,25.39,25.31,187311,4725000.0,1596,,87184.0,46.55,new
ATLANTAA,EQ,2026-09-07,39.42,39.96,37.12,37.66,38.3,39.15,73904,2815000.0,666,,44655.0,60.42,new
ATLANTAELE,EQ,2026-09-07,1898.1,1958.0,1890.3,1938.1,1942.1,1881.7,141076,272607000.0,14726,,72125.0,51.12,new
ATLASCYCLE,EQ,2026-09-07,96.18,96.31,93.55,94.49,95.1,96.18,2973,281000.0,106,,2596.0,87.32,new
ATLPP,E1,2026-09-07,9.22,9.89,8.76,9.82,9.82,9.0,8424,77000.0,32,,7804.0,92.64,new
ATMASTCO,SM,2026-09-07,140.0,140.0,137.0,137.5,137.0,139.5,6400,888000.0000000001,14,,6000.0,93.75,new
ATUL,EQ,2026-09-07,6351.5,6400.0,6302.5,6312.5,6302.5,6386.0,21154,134100000.0,5975,,11376.0,53.78,new
ATULAUTO,EQ,2026-09-07,462.0,465.45,458.1,459.1,460.0,465.15,58661,27068000.0,2519,,34509.0,58.83,new
AUBANK,EQ,2026-09-07,1065.0,1066.8,1046.9,1053.0,1053.0,1065.0,939647,992808000.0,48927,,480857.0,51.17,new
AUGMONT,EQ,2026-09-07,908.8,931.4,878.1,891.6,887.8,901.5,1669696,1504368000.0,55276,,316708.0,18.97,new
AURIONPRO,EQ,2026-09-07,682.4,694.0,665.15,668.7,670.0,689.7,203606,137297000.0,11656,,118711.0,58.3,new
AUROIMPEX,SM,2026-09-07,28.0,28.0,28.0,28.0,28.0,27.5,1600,45000.0,1,,1600.0,100.0,new
AUROPHARMA,EQ,2026-09-07,1646.0,1668.0,1646.0,1660.0,1660.0,1653.1,536717,889431000.0,34127,,259622.0,48.37,new
AURUM,EQ,2026-09-07,224.0,228.0,223.0,225.14,228.0,225.16,45681,10255000.0,1058,,32413.0,70.96,new
AURUS,EQ,2026-09-07,4.99,4.99,4.65,4.94,4.77,4.84,64024,314000.0,259,,55471.0,86.64,new
AUSL,SM,2026-09-07,24.55,24.55,24.55,24.55,24.55,24.55,10000,246000.0,4,,10000.0,100.0,new
AUSOMENT,EQ,2026-09-07,162.8,163.45,155.15,156.21,156.69,161.79,7654,1216000.0,124,,6837.0,89.33,new
AUSTENG,EQ,2026-09-07,125.95,131.0,125.0,125.0,125.0,124.7,5309,676000.0,69,,3784.0,71.28,new
AUTOAXLES,EQ,2026-09-07,1690.0,1707.7,1651.1,1666.6,1665.3,1688.7,7960,13304000.0,1076,,5605.0,70.41,new
AUTOBEES,EQ,2026-09-07,287.47,289.39,281.0,286.85,287.4,287.47,190612,54629000.0,3707,,115159.0,60.42,new
AUTOIETF,EQ,2026-09-07,29.11,29.11,28.51,28.81,28.89,28.81,633914,18255000.0,2720,,505237.0,79.7,new
AUTOIND,EQ,2026-09-07,86.89,86.89,83.0,84.73,84.4,86.45,302191,25567000.0,3654,,176178.0,58.3,new
AVADHSUGAR,EQ,2026-09-07,811.0,858.0,811.0,839.7,842.0,809.5,187551,157185000.0,7225,,69498.0,37.06,new
AVALON,EQ,2026-09-07,2262.0,2424.0,2250.1,2352.5,2345.1,2196.6,1652753,3883255000.0000005,108267,,295193.0,17.86,new
AVANA,ST,2026-09-07,149.0,156.1,147.15,156.1,156.1,154.75,28000,4199000.0,13,,28000.0,100.0,new
AVANCE,EQ,2026-09-07,0.82,0.85,0.82,0.83,0.84,0.82,3867349,3244000.0,1388,,1793386.0,46.37,new
AVANTEL,EQ,2026-09-07,154.98,157.7,153.65,156.74,156.97,154.96,676368,105805000.0,7027,,304659.0,45.04,new
AVANTIFEED,EQ,2026-09-07,798.6,804.25,782.25,786.55,786.4,798.6,183898,145861000.0,13341,,93430.0,50.81,new
AVG,BE,2026-09-07,165.1,167.04,162.36,165.04,165.03,166.04,13412,2217000.0,112,,,,new
AVIANSH,SM,2026-09-07,103.0,103.5,103.0,103.5,103.5,102.5,2000,206999.99999999997,2,,2000.0,100.0,new
AVIENCE,SM,2026-09-07,282.0,284.4,272.0,274.0,272.0,275.0,16200,4531000.0,25,,12000.0,74.07,new
AVL,EQ,2026-09-07,600.0,604.85,593.15,599.25,599.55,600.05,168049,100658000.0,9152,,118882.0,70.74,new
AVONMORE,EQ,2026-09-07,13.07,14.22,13.07,14.1,14.1,13.02,647927,8937000.0,1342,,505729.0,78.05,new
AVPINFRA,SM,2026-09-07,58.5,59.9,57.1,58.75,59.9,58.25,51200,2978000.0,50,,35200.0,68.75,new
AVROIND,EQ,2026-09-07,8.84,8.85,8.3,8.5,8.57,8.72,339333,2886000.0,1166,,201398.0,59.35,new
AVTNPL,EQ,2026-09-07,91.5,91.89,89.61,90.1,90.2,91.02,126113,11422000.0,1899,,75112.0,59.56,new
AWFIS,EQ,2026-09-07,262.0,264.0,254.15,255.2,255.0,260.8,304253,78159000.0,10200,,199434.0,65.55,new
AWHCL,EQ,2026-09-07,368.9,376.0,367.8,370.5,373.95,370.8,66405,24592000.0,2705,,35218.0,53.04,new
AWL,EQ,2026-09-07,187.29,189.09,185.21,188.27,188.06,187.29,1402294,262641000.0,21949,,683157.0,48.72,new
AXISBANK,EQ,2026-09-07,1271.0,1271.9,1261.6,1266.0,1266.0,1273.0,1592707,2016250999.9999998,63527,,961730.0,60.38,new
AXISCADES,EQ,2026-09-07,1711.6,1785.0,1711.6,1778.0,1777.0,1711.6,192175,338467000.0,13928,,94212.0,49.02,new
AXITA,EQ,2026-09-07,8.05,8.09,8.0,8.0,8.01,8.01,574580,4604000.0,679,,338437.0,58.9,new
AXTEL,EQ,2026-09-07,390.15,397.95,390.15,391.65,392.0,394.5,1357,533000.0,106,,867.0,63.89,new
AYE,EQ,2026-09-07,185.0,192.0,182.96,184.06,184.5,184.81,1370435,257791000.0,25758,,674306.0,49.2,new
AYMSYNTEX,EQ,2026-09-07,314.7,321.9,310.05,315.2,316.0,310.7,78696,24790000.0,1665,,52537.0,66.76,new
AZAD,EQ,2026-09-07,2777.3,2898.0,2773.3,2868.0,2875.0,2777.3,493178,1407726000.0,34961,,189359.0,38.4,new
AZADIND,EQ,2026-09-07,91.98,91.98,89.0,89.88,89.01,89.59,66631,5984000.0,735,,10738.0,16.12,new
BABAFP,SM,2026-09-07,23.0,23.85,23.0,23.75,23.75,23.85,6400,151000.0,4,,4800.0,75.0,new
BAFNAPH,BE,2026-09-07,301.75,301.75,301.0,301.75,301.75,295.85,3079,928999.9999999999,43,,,,new
BAGDIGITAL,SM,2026-09-07,105.0,105.0,105.0,105.0,105.0,105.0,1600,168000.0,1,,1600.0,100.0,new
BAGFILMS,EQ,2026-09-07,4.62,5.06,4.51,4.81,4.81,4.51,596328,2888000.0,849,,289004.0,48.46,new
BAGMANE,RR,2026-09-07,106.89,107.5,106.03,107.48,107.45,106.28,712552,76239000.0,8373,,624056.0,87.58,new
BAHETI,SM,2026-09-07,861.0,861.0,826.0,826.0,826.0,846.0,15000,12575000.0,26,,8625.0,57.5,new
BAIDFIN,EQ,2026-09-07,10.02,11.42,10.02,10.89,11.3,10.12,194252,2072000.0,504,,167762.0,86.36,new
BAJAJ-AUTO,EQ,2026-09-07,11810.0,11860.0,11727.0,11800.0,11800.0,11919.0,106111,1250295000.0,20614,,52275.0,49.26,new
BAJAJCON,EQ,2026-09-07,515.1,528.5,506.55,526.0,521.5,517.55,1131292,590546000.0,42638,,628712.0,55.57,new
BAJAJELEC,EQ,2026-09-07,335.0,345.0,331.15,342.1,343.05,331.15,243527,82930000.0,8197,,92416.0,37.95,new
BAJAJFINSV,EQ,2026-09-07,1968.0,1973.0,1938.6,1938.6,1938.6,1970.0,502611,982887999.9999999,26545,,314545.0,62.58,new
BAJAJHCARE,EQ,2026-09-07,323.95,333.0,320.1,328.8,330.7,321.45,184124,60354000.0,4618,,75805.0,41.17,new
BAJAJHFL,EQ,2026-09-07,82.91,84.98,82.5,84.04,84.09,83.08,3878435,324805000.0,27137,,1724079.0,44.45,new
BAJAJHIND,EQ,2026-09-07,22.15,23.14,22.15,22.77,22.82,21.86,47854998,1086843000.0,52793,,10910191.0,22.8,new
BAJAJHLDNG,EQ,2026-09-07,11200.0,11200.0,10956.0,10956.0,10956.0,11162.0,40066,442313000.0,8436,,23755.0,59.29,new
BAJAJINDEF,EQ,2026-09-07,225.0,227.38,221.71,222.26,221.8,222.69,10012,2239000.0,331,,5845.0,58.38,new
BAJAJST,EQ,2026-09-07,360.0,368.5,360.0,366.4,365.6,362.95,16911,6182000.0,454,,14385.0,85.06,new
BAJEL,EQ,2026-09-07,182.5,187.92,182.41,187.45,186.6,183.82,535172,98975000.0,4729,,246865.0,46.13,new
BAJFINANCE,EQ,2026-09-07,1064.0,1070.0,1054.3,1060.0,1060.0,1060.5,3586860,3799051000.0,84407,,1934962.0,53.95,new
BALAJEE,EQ,2026-09-07,26.66,26.66,25.65,25.73,25.99,26.16,12936,335000.0,174,,9518.0,73.58,new
BALAJIPHOS,SM,2026-09-07,108.3,108.5,106.25,106.25,106.25,114.0,10000,1073000.0,10,,7000.0,70.0,new
BALAJITELE,EQ,2026-09-07,96.0,96.01,90.1,91.81,92.49,93.17,181918,16855000.0,2649,,93166.0,51.21,new
BALAMINES,EQ,2026-09-07,2575.0,2629.8,2478.8,2566.8,2560.0,2525.2,490283,1258428000.0,42742,,164842.0,33.62,new
BALAXI,EQ,2026-09-07,26.0,26.0,23.5,24.24,24.43,25.37,69369,1707999.9999999998,289,,50857.0,73.31,new
BALKRISHNA,EQ,2026-09-07,17.5,17.5,16.81,16.9,17.0,17.08,28940,501000.0,112,,21211.0,73.29,new
BALKRISIND,EQ,2026-09-07,2273.0,2295.0,2242.6,2287.1,2292.8,2284.6,364047,827824000.0,65639,,204881.0,56.28,new
BALMLAWRIE,EQ,2026-09-07,178.55,179.1,176.92,177.98,178.1,177.98,165626,29479000.000000004,2255,,86506.0,52.23,new
BALPHARMA,EQ,2026-09-07,87.73,95.0,86.0,92.69,93.0,87.73,156982,14419999.999999998,1886,,83615.0,53.26,new
BALRAMCHIN,EQ,2026-09-07,695.0,722.0,695.0,711.55,707.0,690.6,5509645,3916305000.0000005,97258,,567189.0,10.29,new
BALUFORGE,EQ,2026-09-07,576.0,581.35,540.9,557.6,555.75,574.1,2264071,1260779000.0,34556,,618485.0,27.32,new
BANARBEADS,EQ,2026-09-07,115.0,115.0,109.59,111.13,113.94,113.9,2938,327000.0,83,,2807.0,95.54,new
BANARISUG,EQ,2026-09-07,3825.2,3924.3,3785.1,3832.3,3898.9,3803.3,2346,9008000.0,474,,693.0,29.54,new
BANCOINDIA,EQ,2026-09-07,623.1,631.0,620.1,626.95,628.0,623.5,82486,51665000.0,6604,,43799.0,53.1,new
BANDHANBNK,EQ,2026-09-07,164.95,166.42,161.67,164.7,164.7,164.95,5204215,853945000.0000001,41263,,1595077.0,30.65,new
BANG,EQ,2026-09-07,35.4,35.4,34.0,34.61,34.7,34.79,18690,644000.0,59,,12371.0,66.19,new
BANK10ADD,EQ,2026-09-07,16.93,17.14,16.8,16.91,16.89,16.93,1853887,31220000.0,200,,1846393.0,99.6,new
BANK10BETF,EQ,2026-09-07,21.0,21.0,20.61,20.76,20.84,20.9,1418,28999.999999999996,15,,1414.0,99.72,new
BANKA,EQ,2026-09-07,80.99,82.01,78.3,82.0,82.0,79.0,9023,732000.0,48,,8494.0,94.14,new
BANKADD,EQ,2026-09-07,58.67,58.82,58.41,58.71,58.79,58.99,82169,4805000.0,188,,74361.0,90.5,new
BANKBARODA,EQ,2026-09-07,240.0,240.9,235.2,237.0,237.0,239.0,6824391,1616671000.0,55052,,3510899.0,51.45,new
BANKBEES,EQ,2026-09-07,598.0,598.0,590.4,591.58,591.74,596.2,929935,550390000.0,10319,,555461.0,59.73,new
BANKBETA,EQ,2026-09-07,59.48,59.52,58.94,59.04,59.0,59.57,233415,13794000.0,1024,,143378.0,61.43,new
BANKBETF,EQ,2026-09-07,58.79,58.79,58.0,58.19,58.0,58.56,41761,2425000.0,328,,35339.0,84.62,new
BANKETF,EQ,2026-09-07,585.18,585.18,581.09,581.69,581.37,586.33,37630,21899000.0,1149,,25082.0,66.65,new
BANKIETF,EQ,2026-09-07,57.66,60.08,57.66,58.68,58.66,59.14,543968,31927999.999999996,2608,,364507.0,67.01,new
BANKINDIA,EQ,2026-09-07,145.0,145.5,141.44,142.02,142.02,145.0,3604727,513197000.0,23297,,1706087.0,47.33,new
BANKNIFTY1,EQ,2026-09-07,61.2,61.2,59.25,59.32,59.31,59.71,246660,14640000.0,1381,,181851.0,73.73,new
BANKPSU,EQ,2026-09-07,86.14,86.14,84.75,84.91,85.02,86.14,60427,5129000.0,201,,52365.0,86.66,new
BANSALWIRE,EQ,2026-09-07,315.0,321.65,315.0,317.4,320.0,315.0,51358,16322000.0,2672,,29913.0,58.24,new
BANSWRAS,EQ,2026-09-07,117.05,117.05,114.52,115.32,114.58,117.05,29695,3426000.0,470,,23855.0,80.33,new
BARFLEX,SM,2026-09-07,60.9,60.9,60.5,60.5,60.5,60.9,8000,484999.99999999994,2,,8000.0,100.0,new
BASF,EQ,2026-09-07,3875.0,3879.8,3780.0,3788.0,3780.0,3864.9,20383,77922000.0,3791,,11706.0,57.43,new
BASILIC,SM,2026-09-07,192.0,192.0,184.65,187.45,187.05,188.65,13200,2468000.0,33,,9900.0,75.0,new
BASML,BE,2026-09-07,25.01,25.4,24.5,24.83,24.99,25.41,53236,1326000.0,166,,,,new
BATAINDIA,EQ,2026-09-07,672.75,675.0,667.5,669.45,668.75,672.75,68230,45773000.0,5060,,34854.0,51.08,new
BATLIBOI,EQ,2026-09-07,92.28,92.28,88.0,88.83,88.61,90.81,71900,6385000.0,553,,60679.0,84.39,new
BAWEJA,SM,2026-09-07,24.65,26.1,24.65,26.1,26.1,26.1,4000,100000.0,5,,4000.0,100.0,new
BAYERCROP,EQ,2026-09-07,4009.8,4010.8,3966.0,3987.4,3975.0,3989.9,7323,29139000.0,1985,,4383.0,59.85,new
BBETF0432,EQ,2026-09-07,1352.99,1352.99,1341.7,1346.06,1347.5,1342.3,7586,10216000.0,88,,7107.0,93.69,new
BBL,EQ,2026-09-07,2265.6,2300.0,2233.1,2239.1,2243.6,2289.3,26757,60469000.00000001,3938,,16800.0,62.79,new
BBNPNBETF,EQ,2026-09-07,58.0,59.25,57.4,57.78,57.4,58.3,2199,126000.0,49,,1858.0,84.49,new
BBNPPGOLD,EQ,2026-09-07,148.5,148.55,145.0,146.6,146.2,148.7,7224,1060000.0,127,,5745.0,79.53,new
BBOX,EQ,2026-09-07,721.85,780.5,711.0,774.25,777.0,712.25,1254584,957806000.0,47556,,381843.0,30.44,new
BBTC,EQ,2026-09-07,1517.6,1524.5,1468.1,1471.9,1479.8,1496.8,58433,86841000.0,4663,,23700.0,40.56,new
BBTCL,EQ,2026-09-07,232.52,235.25,230.3,231.6,231.56,230.22,3577,832000.0,90,,2951.0,82.5,new
BCG,EQ,2026-09-07,9.05,9.79,9.05,9.62,9.65,8.98,18043444,172336000.0,11770,,7396127.0,40.99,new
BCLIND,EQ,2026-09-07,36.78,36.99,36.22,36.48,36.57,36.62,419893,15356000.0,2573,,214590.0,51.11,new
BCONCEPTS,EQ,2026-09-07,170.8,176.0,167.37,173.98,172.13,167.33,8363,1435000.0,728,,4789.0,57.26,new
BCPL,EQ,2026-09-07,69.5,69.95,67.55,68.39,68.06,68.45,8075,555000.0,258,,4636.0,57.41,new
BDL,EQ,2026-09-07,1258.0,1267.0,1240.0,1241.7,1241.7,1255.0,807688,1011044000.0,26157,,278520.0,34.48,new
BEACON,SM,2026-09-07,83.6,85.5,80.75,83.6,83.6,83.6,13000,1071000.0,12,,9000.0,69.23,new
BEARDSELL,EQ,2026-09-07,26.25,26.25,24.8,24.99,25.25,25.31,12167,306000.0,170,,8889.0,73.06,new
BECTORFOOD,EQ,2026-09-07,225.1,234.99,223.38,230.65,230.75,225.96,1048506,241921000.0,23225,,442557.0,42.21,new
BEDMUTHA,EQ,2026-09-07,115.79,115.79,107.4,107.76,108.0,112.37,1518,166000.0,70,,1337.0,88.08,new
BEEKAY,EQ,2026-09-07,405.1,430.0,405.1,428.3,425.25,417.4,2437,1041000.0,133,,1738.0,71.32,new
BEL,EQ,2026-09-07,406.35,409.25,404.0,404.0,404.0,405.35,5965784,2424223000.0,98097,,3126254.0,52.4,new
BELLACASA,EQ,2026-09-07,240.01,248.8,240.01,240.87,243.7,242.85,7879,1917000.0000000002,651,,3421.0,43.42,new
BELRISE,EQ,2026-09-07,235.0,238.4,229.25,230.29,231.1,236.86,3431813,800371000.0,66031,,1766298.0,51.47,new
BEML,EQ,2026-09-07,2067.0,2125.0,2060.7,2097.2,2091.1,2057.8,487014,1017698000.0,30702,,154143.0,31.65,new
BENARAS,EQ,2026-09-07,10248.0,10399.0,10052.0,10134.0,10101.0,10200.0,39,404000.0,14,,32.0,82.05,new
BENGALASM,EQ,2026-09-07,6277.0,6490.0,6226.0,6302.0,6232.0,6332.5,438,2779000.0,158,,295.0,67.35,new
BEPL,EQ,2026-09-07,126.91,128.57,125.01,126.84,127.0,127.5,1042410,132322000.0,9553,,473520.0,45.43,new
BERGEPAINT,EQ,2026-09-07,485.4,488.95,480.55,484.5,484.7,485.3,305409,148070000.0,13514,,156232.0,51.16,new
BESTAGRO,EQ,2026-09-07,19.46,20.22,19.32,20.07,20.19,19.29,1602936,31845999.999999996,6535,,708007.0,44.17,new
BETA,EQ,2026-09-07,2204.0,2204.0,2087.9,2123.9,2159.0,2218.5,42831,91141000.0,5804,,22712.0,53.03,new
BEWLTD,SM,2026-09-07,51.1,51.1,50.0,50.0,50.0,49.3,2000,101000.0,4,,2000.0,100.0,new
BFINVEST,EQ,2026-09-07,472.0,472.0,455.55,458.95,458.1,469.35,14548,6722000.0,1023,,8351.0,57.4,new
BFSI,EQ,2026-09-07,27.17,27.17,26.95,26.97,27.0,27.17,109906,2969000.0,999,,72656.0,66.11,new
BFUTILITIE,EQ,2026-09-07,542.4,542.45,525.3,529.4,530.05,542.45,68085,36269000.0,2952,,28341.0,41.63,new
BGLOBAL,BZ,2026-09-07,3.31,3.31,3.06,3.2,3.2,3.16,23752,75000.0,37,,,,new
BGRENERGY,BE,2026-09-07,247.4,258.55,238.0,258.49,258.5,246.26,78117,19871000.0,836,,,,new
BHADORA,ST,2026-09-07,108.0,111.25,107.0,109.15,107.0,111.95,22800,2501000.0,18,,22800.0,100.0,new
BHAGCHEM,EQ,2026-09-07,264.6,267.2,259.4,260.75,260.0,264.6,62090,16293000.0,1159,,45005.0,72.48,new
BHAGERIA,BE,2026-09-07,319.85,319.85,319.85,319.85,319.85,304.65,141581,45285000.0,639,,,,new
BHAGYANGR,EQ,2026-09-07,370.8,378.0,363.55,373.4,374.85,370.45,88451,32804000.000000004,3398,,49140.0,55.56,new
BHANDARI,EQ,2026-09-07,3.08,3.08,2.95,2.98,3.02,3.03,145915,438999.99999999994,395,,123743.0,84.8,new
BHARATCOAL,EQ,2026-09-07,33.73,34.4,33.65,33.75,33.77,33.81,4266149,144760000.0,15409,,1719766.0,40.31,new
BHARATFORG,EQ,2026-09-07,1953.0,1955.9,1927.3,1955.0,1955.0,1956.0,1414192,2748979000.0,63953,,876260.0,61.96,new
BHARATGEAR,BE,2026-09-07,103.5,103.5,102.5,102.79,103.5,102.93,16153,1660000.0000000002,118,,,,new
BHARATRAS,EQ,2026-09-07,1173.9,1186.9,1148.1,1161.0,1164.0,1171.8,19157,22289000.0,2016,,10965.0,57.24,new
BHARATSE,EQ,2026-09-07,211.99,232.0,209.0,227.65,228.01,211.69,737108,166218000.0,14049,,161398.0,21.9,new
BHARATWIRE,EQ,2026-09-07,180.42,182.16,178.01,180.0,179.77,181.32,99252,17902000.0,1891,,47937.0,48.3,new
BHARTIARTL,EQ,2026-09-07,1845.0,1855.5,1830.4,1854.0,1854.0,1840.0,5972458,11001713000.0,169054,,4500214.0,75.35,new
BHARTIHEXA,EQ,2026-09-07,1502.8,1534.6,1498.0,1528.7,1525.0,1495.4,83814,127174000.0,15036,,42983.0,51.28,new
BHEL,EQ,2026-09-07,432.9,434.95,418.55,421.45,421.45,431.1,4092933,1735309999.9999998,51225,,1706132.0,41.68,new
BI,BE,2026-09-07,100.64,100.64,100.6,100.64,100.64,95.85,207087,20841000.0,186,,,,new
BIGBLOC,EQ,2026-09-07,42.35,42.5,41.31,41.43,41.45,41.92,26885,1119000.0,346,,22156.0,82.41,new
BIKAJI,EQ,2026-09-07,585.1,587.0,577.1,580.25,582.0,584.2,73330,42495000.0,5037,,34623.0,47.22,new
BIKEWO,ST,2026-09-07,93.0,102.6,92.95,99.7,102.6,97.8,134000,12770000.0,49,,104000.0,77.61,new
BIL,EQ,2026-09-07,930.0,955.0,907.05,931.15,920.0,907.85,20199,18807000.0,1134,,13413.0,66.4,new
BILVYAPAR,BE,2026-09-07,4.06,4.24,3.92,4.07,4.07,4.04,6685,27000.0,26,,,,new
BIMETAL,EQ,2026-09-07,635.0,635.0,575.8,620.1,610.0,635.0,567,344000.0,113,,414.0,73.02,new
BIOCON,EQ,2026-09-07,396.5,397.35,388.65,391.4,391.4,397.4,2488189,975694000.0,37576,,1340035.0,53.86,new
BIOFILCHEM,EQ,2026-09-07,31.36,32.7,31.36,32.04,32.05,32.0,6959,222000.00000000003,119,,4875.0,70.05,new
BIOPOL,SM,2026-09-07,48.0,48.0,48.0,48.0,48.0,45.75,33600,1613000.0,15,,33600.0,100.0,new
BIRET,RR,2026-09-07,343.0,343.99,340.22,341.27,341.97,341.79,221960,75819000.0,11869,,173195.0,78.03,new
BIRLACABLE,EQ,2026-09-07,395.0,395.0,357.75,357.75,357.75,376.55,780466,284806000.0,8015,,393675.0,50.44,new
BIRLACORPN,EQ,2026-09-07,892.0,892.0,859.8,868.15,865.05,887.35,86094,74873000.0,8648,,50125.0,58.22,new
BIRLAMONEY,EQ,2026-09-07,127.85,127.85,125.01,125.96,125.8,126.37,24407,3072000.0,543,,15342.0,62.86,new
BIRLANU,EQ,2026-09-07,1459.8,1470.0,1433.2,1448.9,1445.1,1448.0,9598,13941000.0,1314,,3920.0,40.84,new
BIRLAPREC,EQ,2026-09-07,59.65,61.4,57.76,58.12,57.85,57.92,892405,53217999.99999999,6232,,547418.0,61.34,new
BLACKBUCK,EQ,2026-09-07,587.95,593.6,582.05,583.6,584.4,586.1,145511,85594000.0,13559,,86276.0,59.29,new
BLACKROSE,BE,2026-09-07,114.97,114.97,111.5,111.86,112.5,113.02,30178,3419000.0,314,,,,new
BLAL,EQ,2026-09-07,161.02,163.45,158.61,158.98,159.83,160.88,25030,3995000.0000000005,837,,19020.0,75.99,new
BLBLIMITED,EQ,2026-09-07,16.9,17.05,16.35,16.87,17.0,16.68,83422,1397000.0,310,,51231.0,61.41,new
BLEL,EQ,2026-09-07,456.3,483.0,456.0,478.3,479.0,453.15,2567920,1205519000.0,42227,,620334.0,24.16,new
BLIL,EQ,2026-09-07,72.67,73.4,72.55,72.79,72.55,72.53,106611,7781999.999999999,1314,,63033.0,59.12,new
BLISSGVS,BE,2026-09-07,670.0,704.55,660.5,691.35,693.0,671.0,581762,400394000.0,5771,,,,new
BLKASHYAP,EQ,2026-09-07,59.69,59.74,55.9,56.85,57.25,59.34,615051,35050000.0,4784,,330065.0,53.66,new
BLS,EQ,2026-09-07,239.0,244.07,238.2,239.17,238.8,238.79,877913,210959000.0,14655,,358484.0,40.83,new
BLSE,EQ,2026-09-07,318.9,330.75,317.3,319.45,320.0,320.05,384135,123815000.00000001,5960,,176685.0,46.0,new
BLUECHIP,BE,2026-09-07,2.1,2.1,2.1,2.1,2.1,2.14,3773,8000.0,10,,,,new
BLUECLOUDS,EQ,2026-09-07,19.92,20.16,19.62,19.69,19.74,19.88,826444,16354000.0,2257,,450956.0,54.57,new
BLUECOAST,EQ,2026-09-07,23.49,23.99,22.32,22.44,22.4,23.49,760,17000.0,28,,656.0,86.32,new
BLUEDART,EQ,2026-09-07,4991.7,4996.6,4953.0,4988.8,4975.0,4991.7,4441,22120000.0,1019,,3093.0,69.65,new
BLUEJET,EQ,2026-09-07,570.8,572.9,561.0,569.05,570.0,569.8,454178,256737000.0,18991,,249618.0,54.96,new
BLUEPEBBLE,SM,2026-09-07,88.0,88.15,76.05,76.5,76.1,84.0,12800,1017000.0,25,,10800.0,84.38,new
BLUESTARCO,EQ,2026-09-07,1477.3,1503.3,1476.4,1496.0,1496.0,1484.0,503988,753139000.0,27471,,275538.0,54.67,new
BLUESTONE,EQ,2026-09-07,845.0,883.3,843.05,870.0,872.0,842.75,1213108,1056052000.0,47671,,328042.0,27.04,new
BLUEWATER,ST,2026-09-07,498.9,498.9,473.0,491.85,491.85,486.75,5000,2437000.0,5,,4000.0,80.0,new
BLUSPRING,EQ,2026-09-07,138.86,138.96,135.05,137.19,138.25,138.96,216374,29661000.0,3682,,113228.0,52.33,new
BMETRICS,SM,2026-09-07,34.5,35.0,33.65,33.8,33.8,35.15,16800,577000.0,20,,16000.0,95.24,new
BMLL,SM,2026-09-07,180.0,180.1,164.25,165.55,164.25,177.0,154000,26133000.0,94,,88000.0,57.14,new
BMWVENTLTD,EQ,2026-09-07,54.7,55.7,54.7,55.21,55.12,55.36,61090,3376000.0,589,,44094.0,72.18,new
BNAGROCHEM,EQ,2026-09-07,224.0,224.0,208.0,213.46,210.0,216.73,3763,795000.0,104,,2912.0,77.39,new
BNALTD,BE,2026-09-07,360.0,377.0,360.0,376.0,376.0,360.0,90,33000.0,10,,,,new
BNKETFAXIS,EQ,2026-09-07,591.03,591.59,587.81,588.11,587.81,592.5,501141,294799000.0,708,,500269.0,99.83,new
BODALCHEM,EQ,2026-09-07,168.0,171.18,162.8,171.18,171.18,155.62,4910182,831524000.0,18306,,1947766.0,39.67,new
BOHRAIND,EQ,2026-09-07,12.7,12.9,12.5,12.51,12.5,12.7,17811,225000.0,74,,11298.0,63.43,new
BOMDYEING,EQ,2026-09-07,113.05,113.66,112.0,112.21,112.07,113.47,233902,26301000.0,2580,,116166.0,49.66,new
BONLON,EQ,2026-09-07,43.0,43.0,40.05,40.08,40.06,40.13,5106,206000.0,155,,3419.0,66.96,new
BORANA,EQ,2026-09-07,304.65,339.0,304.65,325.25,327.0,307.6,103211,33550000.0,2092,,54720.0,53.02,new
BOROLTD,EQ,2026-09-07,259.02,262.0,252.5,254.24,253.5,258.96,123730,31681000.0,3520,,61461.0,49.67,new
BORORENEW,EQ,2026-09-07,501.9,517.95,500.95,513.65,514.0,499.15,675793,346070000.0,20922,,293919.0,43.49,new
BOROSCI,EQ,2026-09-07,130.59,133.32,129.21,130.65,131.28,132.16,30777,4036999.9999999995,931,,12796.0,41.58,new
BOSCH-HCIL,EQ,2026-09-07,1825.0,1891.3,1802.3,1849.1,1854.9,1818.8,64899,120268000.0,9726,,30219.0,46.56,new
BOSCHLTD,EQ,2026-09-07,46750.0,48550.0,46535.0,48025.0,48025.0,46820.0,54963,2632404000.0,23896,,26095.0,47.48,new
BOSS,SM,2026-09-07,54.6,57.9,54.2,57.2,57.9,55.7,16000,889000.0,8,,10000.0,62.5,new
BPCL,EQ,2026-09-07,314.9,316.7,311.2,312.9,312.9,315.7,2363459,739195000.0,27894,,1275236.0,53.96,new
BPL,EQ,2026-09-07,49.38,49.87,48.1,48.77,49.0,49.38,35621,1736000.0,617,,17504.0,49.14,new
BPLPHARMA,EQ,2026-09-07,1539.0,1575.0,1500.0,1548.7,1563.0,1533.3,1034,1611000.0,106,,735.0,71.08,new
BRACEPORT,SM,2026-09-07,58.0,58.0,48.0,51.4,57.0,58.8,65600,3404999.9999999995,41,,35200.0,53.66,new
BRAHMINFRA,EQ,2026-09-07,162.98,163.82,156.0,158.66,160.74,163.82,14611,2341000.0,483,,10984.0,75.18,new
BRANDMAN,SM,2026-09-07,165.25,175.7,165.25,170.25,170.0,171.3,8000,1370000.0,8,,5600.0,70.0,new
BRIGADE,EQ,2026-09-07,700.0,704.85,672.9,679.05,676.0,696.1,867916,594210000.0,32228,,213412.0,24.59,new
BRIGHOTEL,EQ,2026-09-07,59.9,59.9,57.11,57.34,57.64,59.19,333568,19305000.0,10246,,228869.0,68.61,new
BRIGHTBR,EQ,2026-09-07,255.0,263.95,247.5,259.1,260.0,254.8,3231,838000.0000000001,80,,3185.0,98.58,new
BRITANNIA,EQ,2026-09-07,5126.0,5126.0,5005.5,5042.5,5042.5,5101.5,307760,1551973000.0,34290,,156112.0,50.73,new
BRNL,EQ,2026-09-07,17.04,17.28,17.03,17.09,17.1,17.12,11606,198000.0,171,,10029.0,86.41,new
BROOKS,EQ,2026-09-07,66.7,70.8,66.6,67.7,67.1,66.07,25779,1748000.0,289,,16411.0,63.66,new
BSE,EQ,2026-09-07,3430.0,3474.5,3420.0,3446.2,3446.2,3409.8,3952983,13619681000.0,177372,,1884961.0,47.68,new
BSE500IETF,EQ,2026-09-07,40.12,40.12,39.07,39.26,39.27,39.33,213523,8380000.0,3018,,131311.0,61.5,new
BSHSL,EQ,2026-09-07,91.48,93.9,90.0,92.51,92.0,91.48,16733,1550000.0,304,,11833.0,70.72,new
BSL,EQ,2026-09-07,123.85,124.75,120.3,122.63,122.99,123.58,12827,1566000.0,100,,11167.0,87.06,new
BSLGOLDETF,EQ,2026-09-07,134.3,134.3,132.81,133.82,133.84,135.36,187146,24998000.0,2870,,118502.0,63.32,new
BSLNIFTY,EQ,2026-09-07,28.84,28.84,27.8,27.93,28.02,28.14,4403601,122925000.0,8043,,3528534.0,80.13,new
BSLSENETFG,EQ,2026-09-07,76.73,79.0,76.43,78.72,79.0,77.52,2432,187000.0,156,,1797.0,73.89,new
BSOFT,EQ,2026-09-07,289.35,289.4,281.15,282.45,282.8,289.35,1074663,304509000.0,27005,,558059.0,51.93,new
BTML,EQ,2026-09-07,8.59,8.59,8.34,8.49,8.49,8.51,612293,5199000.0,317,,495166.0,80.87,new
BTTL,BE,2026-09-07,42.56,42.56,41.06,41.36,41.2,41.53,1309,55000.00000000001,38,,,,new
BUILDPRO,EQ,2026-09-07,1300.0,1320.0,1255.0,1271.4,1263.8,1298.2,119206,153560000.0,6164,,76877.0,64.49,new
BULKCORP,ST,2026-09-07,81.0,81.0,81.0,81.0,81.0,78.0,1200,97000.0,1,,1200.0,100.0,new
BURNPUR,EQ,2026-09-07,22.63,22.63,20.49,20.49,20.49,21.56,378050,8000000.0,1239,,218661.0,57.84,new
BUTTERFLY,EQ,2026-09-07,624.8,624.85,613.0,614.9,615.0,624.85,8621,5338000.0,477,,5159.0,59.84,new
BVCL,EQ,2026-09-07,43.2,43.2,41.62,42.3,42.01,43.48,38507,1628000.0,362,,22586.0,58.65,new
BYKE,BE,2026-09-07,32.8,32.8,32.0,32.0,32.0,32.11,99890,3202000.0000000005,79,,,,new
C2C,SM,2026-09-07,219.8,223.0,214.5,215.75,215.75,221.8,60750,13203000.0,334,,44100.0,72.59,new
CADSYS,ST,2026-09-07,46.4,46.4,46.4,46.4,46.4,46.45,500,23000.0,1,,500.0,100.0,new
CALSOFT,BE,2026-09-07,38.94,38.94,38.94,38.94,38.94,40.98,70769,2756000.0,281,,,,new
CAMLINFINE,EQ,2026-09-07,103.9,103.9,101.1,101.68,101.6,103.13,283654,29070999.999999996,3360,,151329.0,53.35,new
CAMPUS,EQ,2026-09-07,222.91,222.91,217.2,218.77,219.1,223.24,487844,106895000.0,11072,,296567.0,60.79,new
CAMS,EQ,2026-09-07,748.0,748.8,736.5,736.5,736.5,748.8,452436,335892000.0,21923,,256674.0,56.73,new
CANARYS,SM,2026-09-07,26.2,26.5,24.75,24.9,24.75,26.1,100000,2534000.0,22,,60000.0,60.0,new
CANBK,EQ,2026-09-07,125.8,126.35,124.0,124.0,124.0,125.5,9628580,1199172000.0,61835,,5564777.0,57.79,new
CANFINHOME,EQ,2026-09-07,805.8,814.4,795.0,805.45,808.0,807.4,378816,305012000.0,18559,,251526.0,66.4,new
CANHLIFE,EQ,2026-09-07,158.5,158.5,152.95,153.97,153.85,157.23,1602353,247744999.99999997,13585,,1064194.0,66.41,new
CANTABIL,EQ,2026-09-07,242.8,243.6,238.01,238.83,238.16,243.05,78096,18700000.0,2423,,54921.0,70.32,new
CAPACITE,EQ,2026-09-07,216.5,217.1,204.8,205.8,206.4,216.22,627204,130608000.0,12204,,351129.0,55.98,new
CAPILLARY,EQ,2026-09-07,490.05,490.05,472.0,473.8,475.9,490.05,97805,46741000.0,3028,,63454.0,64.88,new
CAPINVIT,IV,2026-09-07,76.9,77.25,76.64,76.85,76.89,76.64,1192869,91679000.0,2072,,1175169.0,98.52,new
CAPITALSFB,EQ,2026-09-07,285.0,286.5,273.85,277.9,278.0,280.95,38251,10711000.0,840,,21191.0,55.4,new
CAPLIPOINT,EQ,2026-09-07,2797.1,2836.0,2778.0,2814.0,2821.0,2810.8,111399,312854000.0,14381,,43354.0,38.92,new
CAPTRUST,BE,2026-09-07,20.04,20.21,19.62,19.89,19.9,20.04,19020,379000.0,76,,,,new
CARBORUNIV,EQ,2026-09-07,1139.4,1151.0,1095.0,1104.0,1109.7,1130.6,237087,266853000.00000003,16473,,100733.0,42.49,new
CARERATING,EQ,2026-09-07,1738.1,1809.0,1715.7,1729.3,1726.1,1738.2,92927,164075000.0,13218,,43931.0,47.27,new
CARRARO,EQ,2026-09-07,532.0,544.9,526.0,540.45,539.7,533.65,167274,89167000.0,6759,,122181.0,73.04,new
CARTRADE,EQ,2026-09-07,3004.0,3250.0,3004.0,3179.9,3176.8,3000.2,1233314,3909219000.0,95084,,283670.0,23.0,new
CARYSIL,EQ,2026-09-07,1136.1,1165.0,1105.1,1152.6,1156.7,1140.8,198641,224196000.0,10615,,121774.0,61.3,new
CASHIETF,EQ,2026-09-07,1078.38,1078.49,1077.33,1078.48,1078.49,1078.38,3401939,3668893000.0,365,,3042493.0,89.43,new
CASTROLIND,EQ,2026-09-07,191.8,191.8,188.17,189.01,189.0,190.27,1639217,310671000.0,24628,,1029449.0,62.8,new
CCAVENUE,EQ,2026-09-07,15.76,16.27,15.42,15.94,15.96,15.7,16874449,268119999.99999997,19230,,5373606.0,31.84,new
CCCL,EQ,2026-09-07,14.6,14.62,13.91,14.14,14.1,14.27,124145,1760000.0000000002,426,,97473.0,78.52,new
CCHHL,EQ,2026-09-07,12.7,12.98,12.61,12.65,12.91,12.61,21353,274000.0,105,,20691.0,96.9,new
CCL,EQ,2026-09-07,1103.8,1109.9,1085.0,1097.4,1108.0,1106.2,151259,165650000.0,17087,,77811.0,51.44,new
CDSL,EQ,2026-09-07,1392.1,1438.0,1383.8,1414.9,1414.9,1394.6,2731594,3883082000.0,73798,,1009400.0,36.95,new
CEATLTD,EQ,2026-09-07,3368.0,3368.0,3287.0,3336.1,3336.1,3333.2,55616,184770000.0,8581,,20060.0,36.07,new
CEDAAR,ST,2026-09-07,13.6,13.6,13.3,13.3,13.3,13.6,3000,40000.0,3,,3000.0,100.0,new
CEIGALL,EQ,2026-09-07,356.6,373.2,355.15,370.3,370.95,355.8,814931,297797000.0,16246,,460391.0,56.49,new
CEINSYS,EQ,2026-09-07,680.9,724.0,680.9,708.75,715.0,677.85,149385,106199000.0,9394,,61232.0,40.99,new
CELEBRITY,EQ,2026-09-07,6.8,6.8,6.66,6.72,6.7,6.8,10083,68000.0,52,,4825.0,47.85,new
CELLECOR,SM,2026-09-07,32.35,32.5,32.05,32.25,32.05,32.85,93000,2995000.0,28,,57000.0,61.29,new
CELLO,EQ,2026-09-07,343.05,344.95,337.35,338.95,338.85,342.0,158668,54019000.00000001,8120,,79548.0,50.13,new
CELLPOINT,SM,2026-09-07,15.25,15.3,15.25,15.3,15.3,16.3,4800,73000.0,4,,4800.0,100.0,new
CEMNTGROWW,EQ,2026-09-07,14.8,14.81,14.46,14.54,14.6,14.66,115933,1685000.0000000002,605,,80099.0,69.09,new
CEMPRO,EQ,2026-09-07,1297.4,1355.0,1284.6,1316.9,1311.0,1297.4,401585,533400000.0,33327,,224365.0,55.87,new
CENTENKA,EQ,2026-09-07,618.3,624.95,602.0,607.05,607.5,608.9,131351,80899000.0,5192,,43087.0,32.8,new
CENTEXT,EQ,2026-09-07,20.36,21.0,20.31,20.92,20.91,20.19,166389,3452000.0000000005,1147,,119614.0,71.89,new
CENTRALBK,EQ,2026-09-07,31.03,31.15,30.8,30.96,30.96,31.08,3821575,118239000.00000001,19451,,2358456.0,61.71,new
CENTRUM,EQ,2026-09-07,22.58,23.09,22.23,22.47,22.27,22.55,215222,4857000.0,452,,120336.0,55.91,new
CENTUM,EQ,2026-09-07,3778.2,4420.0,3778.2,4376.9,4381.0,3767.3,827315,3499668000.0,106420,,133876.0,16.18,new
CENTURYPLY,EQ,2026-09-07,750.25,760.0,736.1,739.3,738.95,748.45,37954,28137000.0,7222,,20897.0,55.06,new
CERA,EQ,2026-09-07,5787.5,5799.0,5712.0,5743.5,5731.0,5787.5,2630,15107000.0,1044,,1470.0,55.89,new
CEREBRAINT,BZ,2026-09-07,2.69,2.82,2.69,2.79,2.82,2.69,212461,589000.0,156,,,,new
CESC,EQ,2026-09-07,146.5,150.0,145.0,145.44,145.8,146.5,1756003,257838000.0,24090,,951723.0,54.2,new
CEWATER,EQ,2026-09-07,263.85,269.0,260.0,265.25,264.0,262.55,38769,10265000.0,2072,,19022.0,49.06,new
CFEL,EQ,2026-09-07,31.85,32.75,31.85,32.48,32.55,32.48,13840,451000.0,97,,12497.0,90.3,new
CGCL,EQ,2026-09-07,282.7,287.45,273.1,275.7,273.8,279.9,6271786,1755191000.0,153972,,2030508.0,32.38,new
CGPOWER,EQ,2026-09-07,902.0,912.05,894.25,895.0,895.0,891.0,3937949,3556301999.9999995,89241,,1389769.0,35.29,new
CGRAPHICS,SM,2026-09-07,145.6,148.5,140.0,142.85,144.75,147.6,71200,10331000.0,50,,59200.0,83.15,new
CGVAK,EQ,2026-09-07,148.2,152.0,144.0,147.27,148.0,148.21,1517,224000.00000000003,102,,1223.0,80.62,new
CHALET,EQ,2026-09-07,900.0,913.45,893.1,908.75,911.0,896.75,144926,131432000.0,11647,,70527.0,48.66,new
CHAMBLFERT,EQ,2026-09-07,420.0,421.95,416.45,418.05,418.5,419.05,364232,152293000.0,15628,,225948.0,62.03,new
CHAMUNDA,SM,2026-09-07,43.35,43.5,43.35,43.4,43.5,43.35,6000,261000.0,2,,6000.0,100.0,new
CHANDAN,SM,2026-09-07,214.0,214.1,206.0,213.95,213.95,211.5,10400,2189000.0,13,,8800.0,84.62,new
CHAVDA,SM,2026-09-07,124.0,129.0,124.0,125.55,126.1,124.5,14000,1766000.0,13,,10000.0,71.43,new
CHEMBOND,EQ,2026-09-07,174.7,192.0,168.51,184.4,183.45,170.9,33357,5977000.0,762,,26857.0,80.51,new
CHEMBONDCH,BE,2026-09-07,259.95,267.15,253.0,267.15,267.15,254.45,9181,2418000.0,122,,,,new
CHEMCON,BE,2026-09-07,200.0,201.9,196.0,199.56,199.51,198.38,24267,4837000.0,210,,,,new
CHEMCRUX,EQ,2026-09-07,79.66,83.3,79.66,82.25,81.25,82.16,3553,291000.0,131,,3164.0,89.05,new
CHEMFAB,EQ,2026-09-07,360.1,365.9,350.0,356.05,356.05,360.1,2768,989000.0,157,,2128.0,76.88,new
CHEMICAL,EQ,2026-09-07,29.9,30.5,29.9,30.05,30.1,30.2,985997,29695999.999999996,1046,,788628.0,79.98,new
CHEMPLASTS,EQ,2026-09-07,170.0,196.95,169.82,185.53,184.0,170.29,17821135,3349794000.0,145423,,1417026.0,7.95,new
CHENNPETRO,EQ,2026-09-07,1455.0,1461.4,1417.0,1430.2,1429.7,1452.2,567726,812280000.0,23369,,142069.0,25.02,new
CHETANA,SM,2026-09-07,43.75,43.8,43.75,43.8,43.8,43.65,9600,420000.0,2,,9600.0,100.0,new
CHEVIOT,EQ,2026-09-07,1189.9,1244.1,1177.0,1217.1,1218.0,1159.4,14214,17282000.0,1303,,9067.0,63.79,new
CHOICEGOLD,EQ,2026-09-07,150.0,152.0,149.51,150.14,150.04,152.65,4860,731000.0,170,,1475.0,30.35,new
CHOICEIN,EQ,2026-09-07,762.0,768.95,751.85,755.65,756.0,760.95,290500,220448000.0,7144,,93888.0,32.32,new
CHOLAFIN,EQ,2026-09-07,1838.6,1848.2,1798.3,1848.2,1848.2,1839.0,876074,1600327000.0,35376,,498655.0,56.92,new
CHOLAHLDNG,EQ,2026-09-07,1523.0,1533.1,1495.3,1520.7,1520.1,1525.7,60819,92299000.0,8736,,32391.0,53.26,new
CIEINDIA,EQ,2026-09-07,390.0,390.0,382.3,383.55,383.0,385.35,224191,86286000.0,16423,,134066.0,59.8,new
CIFL,EQ,2026-09-07,20.49,20.75,19.56,19.89,20.19,19.98,1286514,25770000.0,757,,1172076.0,91.1,new
CINELINE,EQ,2026-09-07,98.4,104.4,95.23,98.71,98.49,95.23,332503,33479000.000000004,4046,,151967.0,45.7,new
CINEVISTA,EQ,2026-09-07,14.52,14.99,14.17,14.25,14.23,14.24,8091,115999.99999999999,67,,7880.0,97.39,new
CIPLA,EQ,2026-09-07,1380.0,1395.7,1376.8,1395.0,1395.0,1385.0,606497,841807000.0,29776,,402064.0,66.29,new
CITIUSINVT,IV,2026-09-07,116.4,117.45,115.8,116.22,116.3,116.37,135845,15771000.0,540,,131289.0,96.65,new
CKKRETAIL,SM,2026-09-07,150.0,150.1,149.5,149.65,149.5,151.0,38400,5759000.0,11,,37600.0,97.92,new
CLASSICEIL,SM,2026-09-07,57.65,57.65,57.0,57.65,57.65,54.95,41600,2396000.0,23,,30400.0,73.08,new
CLAYCRAFT,SM,2026-09-07,159.8,159.8,151.0,152.0,153.0,159.4,90600,13866000.0,119,,73200.0,80.79,new
CLCIND,BE,2026-09-07,45.11,48.99,45.11,48.93,48.95,47.48,1882,92000.0,17,,,,new
CLEAN,EQ,2026-09-07,831.95,858.7,829.6,844.4,844.5,836.15,386433,326531000.0,20354,,140949.0,36.47,new
CLEANMAX,EQ,2026-09-07,1344.0,1418.9,1340.3,1380.4,1378.6,1347.9,347544,482388000.0,28548,,153770.0,44.24,new
CLEDUCATE,EQ,2026-09-07,58.05,60.98,56.7,60.97,60.89,58.08,25262,1484000.0,212,,21362.0,84.56,new
CLSEL,EQ,2026-09-07,301.9,306.3,298.6,299.65,299.0,301.9,69317,20848000.0,1925,,32897.0,47.46,new
CLSL,ST,2026-09-07,82.95,83.0,82.95,83.0,83.0,87.25,6000,498000.00000000006,3,,6000.0,100.0,new
CMICABLES,BZ,2026-09-07,2.41,2.53,2.41,2.51,2.53,2.53,19333,49000.0,53,,,,new
CMLL,EQ,2026-09-07,504.05,506.9,483.6,490.25,485.55,503.05,495341,242791000.0,12783,,296516.0,59.86,new
CMNL,SM,2026-09-07,115.0,116.75,115.0,116.35,116.75,115.75,3000,347000.0,4,,2250.0,75.0,new
CMPDI,EQ,2026-09-07,244.0,247.0,236.6,240.12,240.8,243.92,2756152,668227000.0,40046,,1335164.0,48.44,new
CMRGREEN,EQ,2026-09-07,229.0,230.38,220.0,221.03,223.3,228.34,755435,170261000.0,15109,,533532.0,70.63,new
CMRSL,SM,2026-09-07,70.5,76.8,70.5,76.8,76.8,73.15,21600,1653000.0,21,,21600.0,100.0,new
CMSINFO,EQ,2026-09-07,243.46,244.98,238.11,239.02,239.01,243.46,454986,109121000.0,17097,,309907.0,68.11,new
CNL,EQ,2026-09-07,1221.5,1244.9,1200.0,1209.5,1208.1,1215.5,20230,24646000.0,1528,,12124.0,59.93,new
COALINDIA,EQ,2026-09-07,416.6,420.3,413.3,418.85,418.85,415.35,13592701,5674958000.0,114546,,8582927.0,63.14,new
COASTCORP,EQ,2026-09-07,41.88,41.88,40.11,40.44,40.21,41.88,47462,1936000.0,492,,27272.0,57.46,new
COCHINSHIP,EQ,2026-09-07,1498.2,1520.4,1490.1,1506.4,1506.4,1499.1,615515,930440000.0,20959,,180545.0,29.33,new
COCKERILL,EQ,2026-09-07,8193.0,8244.5,7908.0,8065.5,7990.0,8193.5,7820,63463000.0,1703,,2968.0,37.95,new
COFFEEDAY,EQ,2026-09-07,33.1,34.26,31.0,31.13,31.0,32.86,2063142,67033000.00000001,4262,,1251308.0,60.65,new
COFORGE,EQ,2026-09-07,1958.0,1958.6,1920.4,1935.0,1935.0,1972.8,1187703,2299190000.0,58042,,677866.0,57.07,new
COHANCE,EQ,2026-09-07,450.0,458.2,443.5,449.55,451.8,456.6,845966,379772000.0,29741,,314436.0,37.17,new
COLPAL,EQ,2026-09-07,1836.0,1838.9,1807.3,1813.5,1813.5,1829.2,289793,526235999.99999994,17013,,183706.0,63.39,new
COMFINTE,EQ,2026-09-07,6.22,6.3,6.0,6.11,6.18,6.21,138631,851000.0,426,,113109.0,81.59,new
COMMOIETF,EQ,2026-09-07,100.6,100.83,98.98,99.07,99.4,100.33,39614,3932000.0,1680,,20878.0,52.7,new
COMPEAU,EQ,2026-09-07,371.5,371.5,350.0,353.0,369.55,371.8,250,92000.0,26,,209.0,83.6,new
COMPINFO,BZ,2026-09-07,1.09,1.1,1.06,1.06,1.06,1.09,10515,11000.0,34,,,,new
COMPUSOFT,EQ,2026-09-07,13.04,13.26,13.02,13.16,13.15,13.02,32153,422000.0,180,,26616.0,82.78,new
COMSYN,EQ,2026-09-07,303.0,304.0,291.8,294.2,296.4,301.3,242835,71615000.0,1859,,123467.0,50.84,new
CONCOR,EQ,2026-09-07,507.9,510.3,501.3,503.9,503.9,508.0,705152,356348000.0,16077,,337558.0,47.87,new
CONCORDBIO,EQ,2026-09-07,1417.1,1456.1,1417.0,1443.2,1449.9,1417.1,62119,89417000.0,9562,,24312.0,39.14,new
CONFIPET,EQ,2026-09-07,82.48,85.2,82.0,82.18,82.2,82.48,2942312,242798999.99999997,9940,,1961595.0,66.67,new
CONNPLEX,SM,2026-09-07,254.0,267.65,240.0,247.45,245.0,244.45,151200,38307000.0,153,,117600.0,77.78,new
CONS,EQ,2026-09-07,12.2,12.2,11.89,11.93,11.98,11.98,27163,324000.0,198,,24197.0,89.08,new
CONSOFINVT,BE,2026-09-07,302.7,302.7,302.7,302.7,302.7,288.3,29631,8969000.0,76,,,,new
CONSUMAXIS,EQ,2026-09-07,119.57,121.72,118.76,119.07,119.07,119.02,741,89000.0,40,,261.0,35.22,new
CONSUMBEES,EQ,2026-09-07,131.08,131.08,128.9,129.07,129.19,129.78,67100,8662000.0,1457,,37088.0,55.27,new
CONSUMER,EQ,2026-09-07,12.33,12.33,11.94,11.95,11.99,12.03,820562,9814000.0,592,,657628.0,80.14,new
CONSUMIETF,EQ,2026-09-07,120.28,120.56,119.35,120.02,120.56,120.67,10197,1224000.0,261,,4958.0,48.62,new
CONTI,SM,2026-09-07,11.65,11.65,11.65,11.65,11.65,11.1,3333,39000.0,1,,3333.0,100.0,new
CONTROLPR,EQ,2026-09-07,596.3,608.0,589.55,600.2,602.0,593.35,13181,7887000.0,1312,,7682.0,58.28,new
COOLCAPS,ST,2026-09-07,24.5,25.55,24.1,24.85,25.2,24.5,97500,2425000.0,55,,95000.0,97.44,new
CORALFINAC,EQ,2026-09-07,32.81,33.49,32.51,32.68,32.81,33.47,3658,121000.0,122,,2525.0,69.03,new
CORDELIA,EQ,2026-09-07,103.9,109.09,102.01,109.08,109.09,103.9,3042994,327804000.0,12991,,1894587.0,62.26,new
CORDSCABLE,EQ,2026-09-07,324.0,324.0,302.0,313.35,313.0,317.0,194076,60794000.00000001,4575,,110606.0,56.99,new
COROMANDEL,EQ,2026-09-07,1937.1,1980.0,1925.1,1974.6,1972.2,1938.8,86472,169653000.0,15347,,50254.0,58.12,new
CORONA,EQ,2026-09-07,2100.0,2108.6,2056.7,2071.4,2077.0,2100.1,8419,17516000.0,2241,,4453.0,52.89,new
COSMOFIRST,EQ,2026-09-07,919.85,932.9,918.4,926.3,922.0,919.85,55031,50928000.0,3415,,22418.0,40.74,new
COUNCODOS,BE,2026-09-07,6.44,6.64,6.4,6.51,6.41,6.45,20948,136000.0,104,,,,new
CPCAP,EQ,2026-09-07,129.1,140.7,128.11,135.89,136.9,128.33,111085,15146000.0,1326,,63133.0,56.83,new
CPEDU,EQ,2026-09-07,194.0,198.0,190.0,195.31,195.3,191.97,12394,2423000.0,261,,10415.0,84.03,new
CPL,EQ,2026-09-07,62.6,63.49,62.1,62.28,62.35,62.11,117100,7359000.0,421,,10630.0,9.08,new
CPPLUS,EQ,2026-09-07,3705.0,3803.1,3705.0,3752.9,3747.9,3704.6,170197,640972000.0,31037,,103276.0,60.68,new
CPS,SM,2026-09-07,1175.0,1186.5,1175.0,1186.5,1186.5,1130.0,1350,1598000.0,9,,1200.0,88.89,new
CPSEETF,EQ,2026-09-07,93.2,94.47,93.2,93.47,93.26,93.7,480522,45027000.0,8409,,254312.0,52.92,new
CRAFTSMAN,EQ,2026-09-07,11456.0,11456.0,11100.0,11297.0,11250.0,11398.0,27397,308227000.0,10299,,13573.0,49.54,new
CRAMC,EQ,2026-09-07,253.0,253.95,248.15,249.25,249.1,251.5,153117,38322000.0,5270,,102340.0,66.84,new
CRAVATEX,EQ,2026-09-07,335.0,335.0,320.2,322.05,322.05,329.5,207,67000.0,36,,189.0,91.3,new
CRAYONS,SM,2026-09-07,24.15,24.95,23.9,24.0,24.0,25.1,13000,316000.0,11,,10000.0,76.92,new
CREATIVEYE,EQ,2026-09-07,6.19,6.25,6.03,6.18,6.07,6.19,5934,37000.0,53,,4644.0,78.26,new
CREDENT,SM,2026-09-07,315.8,335.0,310.5,324.5,326.0,317.7,121200,39396000.0,183,,83400.0,68.81,new
CREDITACC,EQ,2026-09-07,1448.0,1448.5,1420.0,1427.2,1425.0,1443.1,110842,158496000.0,23191,,55320.0,49.91,new
CREST,EQ,2026-09-07,357.35,375.0,351.75,370.65,373.0,359.0,5288,1942000.0000000002,139,,2668.0,50.45,new
CRISIL,EQ,2026-09-07,4800.0,4838.7,4769.0,4786.6,4773.7,4802.0,26082,125307000.0,8189,,12471.0,47.81,new
CRIZAC,EQ,2026-09-07,160.31,164.79,160.11,162.15,162.25,160.29,199395,32435000.000000004,3968,,93175.0,46.73,new
CROMPTON,EQ,2026-09-07,231.99,233.18,229.63,231.02,231.02,232.4,1668593,386341000.0,35828,,761585.0,45.64,new
CROWN,EQ,2026-09-07,114.7,117.8,114.0,115.39,115.0,112.84,18928,2181000.0,284,,13805.0,72.93,new
CRSL,BE,2026-09-07,2.76,2.84,2.61,2.63,2.67,2.73,570828,1517000.0,780,,,,new
CSBBANK,EQ,2026-09-07,328.4,328.4,318.75,321.15,322.85,328.55,390084,125939000.00000001,14566,,186538.0,47.82,new
CSLFINANCE,EQ,2026-09-07,254.9,258.0,237.68,243.61,243.72,251.77,136742,33801000.0,4053,,83552.0,61.1,new
CSM,EQ,2026-09-07,94.0,95.0,92.67,93.57,92.7,94.36,104718,9777000.0,1451,,60138.0,57.43,new
CSSL,SM,2026-09-07,93.0,93.0,92.5,93.0,93.0,91.65,15000,1394000.0,8,,14000.0,93.33,new
CTE,BE,2026-09-07,42.66,43.49,40.67,41.85,42.5,41.82,9057,382000.0,63,,,,new
CUB,EQ,2026-09-07,235.5,248.85,234.2,238.48,237.6,236.01,6586154,1598404000.0,88340,,2018153.0,30.64,new
CUBEINVIT,IV,2026-09-07,157.5,158.0,156.8,157.38,157.0,157.5,382415,60180999.99999999,5421,,363219.0,94.98,new
CUBEXTUB,EQ,2026-09-07,77.98,77.98,76.01,76.25,76.7,76.8,36300,2783000.0,984,,21189.0,58.37,new
CUDML,SM,2026-09-07,102.5,104.2,102.1,102.1,102.1,105.2,43000,4434000.0,28,,41000.0,95.35,new
CUMMINSIND,EQ,2026-09-07,5035.0,5072.0,4985.0,5030.0,5030.0,5035.0,201783,1014641000.0,27804,,109460.0,54.25,new
CUPID,EQ,2026-09-07,283.7,285.8,280.05,280.95,281.0,283.15,5517341,1557927000.0,59356,,2418155.0,43.83,new
CURAA,EQ,2026-09-07,76.0,80.0,76.0,77.96,77.25,72.46,2646,206999.99999999997,71,,2038.0,77.02,new
CURIS,SM,2026-09-07,151.35,169.8,151.35,165.7,169.8,151.35,60000,9573000.0,47,,50000.0,83.33,new
CURRENT,SM,2026-09-07,83.3,85.0,83.25,85.0,85.0,85.0,12800,1080000.0,8,,9600.0,75.0,new
CYBERMEDIA,EQ,2026-09-07,26.82,28.99,26.4,26.57,26.52,26.4,438940,12041000.0,2525,,175477.0,39.98,new
CYBERTECH,BE,2026-09-07,133.0,134.99,132.5,134.0,134.85,133.36,19142,2569000.0,219,,,,new
CYIENT,EQ,2026-09-07,1098.1,1117.6,1074.2,1105.4,1102.1,1101.8,362143,396658000.0,24780,,130163.0,35.94,new
CYIENTDLM,EQ,2026-09-07,856.0,873.9,851.95,865.35,869.05,856.95,271098,233916000.0,16453,,110936.0,40.92,new
DABUR,EQ,2026-09-07,380.9,381.8,373.8,375.5,375.5,380.9,2530210,950615000.0,33365,,1438573.0,56.86,new
DAICHI,BE,2026-09-07,363.2,380.0,352.0,370.6,370.0,364.8,3024,1121000.0,88,,,,new
DALBHARAT,EQ,2026-09-07,1750.0,1752.1,1701.2,1713.9,1715.0,1749.3,81213,139736000.0,9506,,33750.0,41.56,new
DALMIASUG,EQ,2026-09-07,441.0,463.0,441.0,447.8,448.0,438.55,292054,132523000.0,8425,,92946.0,31.82,new
DAMCAPITAL,EQ,2026-09-07,144.3,145.21,143.0,143.38,143.0,144.9,155993,22446000.0,2197,,107097.0,68.66,new
DAMODARIND,BE,2026-09-07,28.45,29.3,28.01,29.3,29.3,28.45,2507,72000.0,26,,,,new
DANGEE,EQ,2026-09-07,2.98,3.02,2.86,2.89,2.89,2.94,83815,244000.0,154,,74469.0,88.85,new
DANISH,SM,2026-09-07,845.0,874.1,836.75,870.1,872.0,854.1,48300,41321000.0,188,,38700.0,80.12,new
DATAMATICS,EQ,2026-09-07,762.2,769.0,752.1,756.3,758.8,764.9,38172,29048000.0,2432,,19707.0,51.63,new
DATAPATTNS,EQ,2026-09-07,4569.1,4644.0,4554.3,4590.8,4604.5,4585.0,304258,1400546000.0,31118,,74580.0,24.51,new
DAVANGERE,EQ,2026-09-07,2.02,2.05,1.95,1.96,1.98,1.96,20523336,40880000.0,4485,,12451733.0,60.67,new
DBCORP,EQ,2026-09-07,196.9,197.82,193.55,195.24,194.9,195.65,61431,12009000.0,2050,,30202.0,49.16,new
DBEIL,EQ,2026-09-07,6.61,7.71,6.61,7.5,7.6,6.43,3371577,25384000.0,3562,,1892467.0,56.13,new
DBL,EQ,2026-09-07,398.0,403.0,390.0,391.85,391.85,401.0,124937,49136000.0,4124,,68191.0,54.58,new
DBOL,EQ,2026-09-07,126.0,129.4,125.03,127.52,127.5,124.99,207124,26379000.000000004,3654,,72780.0,35.14,new
DBREALTY,EQ,2026-09-07,103.25,103.25,100.12,100.88,100.8,102.57,833894,84521000.0,6893,,491089.0,58.89,new
DBSTOCKBRO,BE,2026-09-07,28.4,28.96,28.4,28.61,28.94,28.63,1337,39000.0,18,,,,new
DCAL,EQ,2026-09-07,175.0,175.0,170.72,171.53,171.6,174.38,139366,23958000.0,2318,,79545.0,57.08,new
DCBBANK,EQ,2026-09-07,220.9,222.99,218.05,221.31,221.5,220.74,877083,193143000.0,18133,,402422.0,45.88,new
DCG,SM,2026-09-07,69.0,69.0,64.65,66.65,66.65,68.8,27600,1814000.0,23,,20400.0,73.91,new
DCI,EQ,2026-09-07,351.0,357.85,341.8,351.25,350.15,350.55,54966,19208000.0,2712,,26333.0,47.91,new
DCM,BE,2026-09-07,77.61,78.7,75.5,76.15,75.5,77.01,29267,2237000.0,115,,,,new
DCMFINSERV,EQ,2026-09-07,5.2,5.35,5.04,5.33,5.33,5.2,3440,18000.0,61,,3246.0,94.36,new
DCMNVL,EQ,2026-09-07,186.99,188.0,182.35,183.01,183.0,184.96,14824,2736000.0,1058,,5593.0,37.73,new
DCMSHRIRAM,EQ,2026-09-07,1019.9,1025.4,1005.0,1011.2,1013.9,1020.9,56453,57085000.0,4705,,32193.0,57.03,new
DCMSIL,EQ,2026-09-07,68.57,69.79,67.0,67.42,67.75,68.76,65873,4474000.0,763,,47297.0,71.8,new
DCMSRIND,EQ,2026-09-07,45.97,47.46,44.0,44.53,44.8,44.91,523876,23836000.0,4236,,153978.0,29.39,new
DCW,EQ,2026-09-07,45.86,48.99,45.67,47.99,48.08,45.98,5474375,263469000.0,19024,,1568311.0,28.65,new
DCXINDIA,EQ,2026-09-07,168.64,175.7,168.5,173.67,173.95,168.83,1095598,188517000.0,11267,,481954.0,43.99,new
DDEVPLSTIK,EQ,2026-09-07,275.0,278.95,272.3,274.75,274.85,273.0,102212,28188000.0,2888,,62509.0,61.16,new
DECCANCE,EQ,2026-09-07,569.9,583.45,567.1,573.15,570.3,569.75,23294,13388000.0,717,,14054.0,60.33,new
DECCANTRAN,SM,2026-09-07,20.25,20.5,20.25,20.5,20.5,20.0,8400,172000.0,7,,7200.0,85.71,new
DECNGOLD,EQ,2026-09-07,213.98,217.8,212.1,215.77,216.0,213.87,636636,136849000.0,9786,,293857.0,46.16,new
DEEDEV,EQ,2026-09-07,667.0,690.0,652.5,677.05,682.0,658.25,299886,202564000.0,12691,,151787.0,50.61,new
DEEM,ST,2026-09-07,44.1,44.4,44.1,44.4,44.4,42.3,3000,133000.0,3,,3000.0,100.0,new
DEEP,EQ,2026-09-07,34.6,35.7,34.6,35.57,35.38,35.0,14659,515000.00000000006,95,,12743.0,86.93,new
DEEPAKFERT,EQ,2026-09-07,1362.0,1368.9,1337.2,1344.2,1347.0,1362.1,194988,262919000.0,15524,,98808.0,50.67,new
DEEPAKNTR,EQ,2026-09-07,1712.4,1728.3,1636.5,1642.1,1645.0,1712.4,424929,704352000.0,31041,,218622.0,51.45,new
DEEPINDS,EQ,2026-09-07,790.0,799.5,765.0,785.2,785.0,786.45,736057,577249000.0,32015,,280910.0,38.16,new
DEFENCE,EQ,2026-09-07,79.94,82.78,79.94,82.04,82.1,81.99,253197,20786000.0,1045,,189788.0,74.96,new
DELAPLEX,SM,2026-09-07,100.0,104.0,100.0,103.8,103.85,100.0,9000,923000.0,15,,6600.0,73.33,new
DELHIVERY,EQ,2026-09-07,456.0,458.75,450.4,453.8,453.8,457.9,583502,264801000.00000003,17404,,308258.0,52.83,new
DELPHIFX,BE,2026-09-07,6.06,6.25,5.85,6.01,5.91,6.04,106241,644000.0,172,,,,new
DELTACORP,EQ,2026-09-07,56.25,56.8,56.0,56.2,56.05,56.12,457673,25751000.0,3401,,207977.0,45.44,new
DELTAMAGNT,EQ,2026-09-07,59.45,59.45,56.7,58.38,59.2,58.4,1235,73000.0,40,,1058.0,85.67,new
DELTIC,SM,2026-09-07,34.5,35.45,34.5,35.15,35.15,35.35,17000,596000.0,11,,15000.0,88.24,new
DEN,EQ,2026-09-07,27.7,28.07,27.7,27.9,27.9,27.97,188251,5250000.0,931,,144900.0,76.97,new
DENEERS,SM,2026-09-07,172.45,174.8,168.0,168.9,170.0,172.3,34200,5868000.0,27,,26400.0,77.19,new
DENORA,EQ,2026-09-07,812.3,835.0,806.05,814.35,812.2,812.3,2607,2135000.0,234,,2004.0,76.87,new
DENTA,EQ,2026-09-07,275.4,283.25,272.65,280.65,280.95,275.35,128930,36082000.0,4435,,57539.0,44.63,new
DENTALKART,SM,2026-09-07,402.05,417.9,399.0,417.2,417.0,412.0,6250,2535000.0,24,,3750.0,60.0,new
DEVIT,EQ,2026-09-07,24.12,25.0,24.05,24.27,24.39,24.21,60754,1477000.0,364,,41508.0,68.32,new
DEVX,EQ,2026-09-07,33.29,33.29,31.5,33.0,33.05,33.29,44383,1464000.0,433,,33689.0,75.91,new
DEVYANI,EQ,2026-09-07,138.93,140.57,137.11,138.8,140.1,139.28,1286011,178223000.0,26804,,638467.0,49.65,new
DGCONTENT,EQ,2026-09-07,23.55,25.5,23.55,24.55,24.56,24.83,4499,111000.00000000001,92,,3841.0,85.37,new
DHABRIYA,BE,2026-09-07,503.45,505.0,490.0,496.05,500.0,503.45,8513,4245000.0,169,,,,new
DHAMPURSUG,EQ,2026-09-07,170.79,176.89,170.5,171.28,171.26,167.59,893333,154893000.0,12761,,264162.0,29.57,new
DHANBANK,EQ,2026-09-07,31.92,31.99,30.97,31.36,31.29,31.86,691890,21778000.0,2325,,348533.0,50.37,new
DHANSA,SM,2026-09-07,28.1,29.5,28.1,29.5,29.5,28.1,36000,1052000.0,18,,34000.0,94.44,new
DHANUKA,EQ,2026-09-07,1011.0,1030.0,1004.4,1023.7,1021.0,1010.65,28708,29277999.999999996,2218,,13909.0,48.45,new
DHARAN,BZ,2026-09-07,0.14,0.14,0.13,0.13,0.14,0.13,13389174,1837000.0,1737,,,,new
DHARARAIL,ST,2026-09-07,139.0,140.0,137.0,140.0,140.0,136.6,27000,3760000.0,18,,27000.0,100.0,new
DHARIWAL,SM,2026-09-07,24.2,25.2,22.85,25.2,25.2,24.0,1881000,47051000.0,201,,1419000.0,75.44,new
DHARMAJ,EQ,2026-09-07,269.8,271.85,268.8,270.05,270.1,270.05,21811,5891000.0,930,,17275.0,79.2,new
DHATRE,EQ,2026-09-07,4.35,5.17,4.21,4.57,4.62,4.33,122265,565000.0,356,,66529.0,54.41,new
DHOOTTRANS,EQ,2026-09-07,1580.0,1584.0,1526.1,1551.7,1551.0,1615.7,1799977,2803227000.0,68213,,322691.0,17.93,new
DHRUV,EQ,2026-09-07,23.0,23.39,22.32,22.8,22.8,22.32,6742,155000.0,45,,6394.0,94.84,new
DHTL,SM,2026-09-07,34.2,34.2,34.2,34.2,34.2,32.6,2400,82000.0,2,,2400.0,100.0,new
DHUNINV,EQ,2026-09-07,1017.9,1043.0,1017.35,1036.5,1036.0,1019.15,417,430000.0,103,,275.0,65.95,new
DIACABS,BE,2026-09-07,340.0,340.0,325.2,332.6,332.9,331.8,904317,301113000.0,8495,,,,new
DIAMINESQ,EQ,2026-09-07,241.06,244.77,239.48,242.29,242.9,240.99,6892,1669000.0000000002,179,,4288.0,62.22,new
DIAMONDYD,EQ,2026-09-07,1162.2,1168.3,1130.0,1142.2,1133.5,1158.3,23661,27041000.000000004,2290,,13102.0,55.37,new
DICIND,EQ,2026-09-07,618.6,630.0,618.05,625.35,623.0,618.6,7985,4988000.0,359,,6349.0,79.51,new
DIFFNKG,EQ,2026-09-07,475.0,479.0,444.0,454.4,452.45,474.9,545618,248710000.0,19835,,196070.0,35.94,new
DIGIDRIVE,EQ,2026-09-07,17.02,18.18,17.02,17.73,17.83,17.65,17456,312000.0,130,,16343.0,93.62,new
DIGIKORE,SM,2026-09-07,40.1,40.1,38.05,38.4,38.3,40.1,26000,1007000.0,38,,16400.0,63.08,new
DIGISPICE,EQ,2026-09-07,17.17,17.17,16.75,16.97,16.97,16.98,36898,626000.0,223,,29463.0,79.85,new
DIGITIDE,EQ,2026-09-07,97.82,98.37,94.5,95.77,96.03,97.01,196958,18951000.0,2541,,120885.0,61.38,new
DIGJAMLMTD,EQ,2026-09-07,50.96,50.96,48.35,49.94,49.95,49.96,578,28999.999999999996,28,,463.0,80.1,new
DISAQ,EQ,2026-09-07,11950.0,12167.0,11621.0,11758.0,11899.0,11990.0,509,6060000.0,360,,186.0,36.54,new
DISHTV,EQ,2026-09-07,2.57,2.57,2.51,2.52,2.51,2.57,1384237,3500000.0,1469,,1164045.0,84.09,new
DIVGIITTS,EQ,2026-09-07,1242.0,1285.2,1155.2,1175.9,1183.0,1235.8,213515,252800000.0,17618,,85798.0,40.18,new
DIVIDEND,EQ,2026-09-07,36.35,36.35,35.19,35.32,35.32,35.62,6234,220000.00000000003,125,,3921.0,62.9,new
DIVINEHIRA,ST,2026-09-07,108.35,113.75,106.6,112.85,113.75,109.45,13200,1467000.0,10,,12000.0,90.91,new
DIVISLAB,EQ,2026-09-07,9119.5,9315.0,9119.5,9315.0,9315.0,9100.0,502162,4649261000.0,48476,,318621.0,63.45,new
DIVOPPBEES,EQ,2026-09-07,78.0,78.0,75.76,76.06,76.27,76.77,59703,4540000.0,1648,,40658.0,68.1,new
DIVYADHAN,ST,2026-09-07,47.1,47.1,47.1,47.1,47.1,44.9,6000,283000.0,2,,6000.0,100.0,new
DIXON,EQ,2026-09-07,14227.0,14429.0,13937.0,14180.0,14180.0,14240.0,377556,5345141000.0,60937,,152685.0,40.44,new
DJML,EQ,2026-09-07,75.64,76.99,73.51,75.07,74.95,75.64,102035,7644000.0,1746,,14250.0,13.97,new
DLF,EQ,2026-09-07,685.0,685.0,672.7,672.7,672.7,681.9,1252534,847487000.0000001,32853,,702007.0,56.05,new
DLINKINDIA,EQ,2026-09-07,452.0,452.0,442.55,445.7,447.8,451.15,50148,22365000.0,2416,,23888.0,47.64,new
DMART,EQ,2026-09-07,3757.0,3768.9,3682.3,3710.0,3710.0,3770.0,303872,1126312000.0,30736,,168582.0,55.48,new
DMCC,EQ,2026-09-07,296.0,297.0,291.8,293.3,295.0,293.35,24500,7209000.0,1057,,8483.0,34.62,new
DNAMEDIA,EQ,2026-09-07,2.67,2.69,2.51,2.63,2.66,2.63,28920,76000.0,96,,22519.0,77.87,new
DODLA,EQ,2026-09-07,1066.8,1083.9,1056.6,1073.1,1078.8,1066.8,17288,18551000.0,2388,,10396.0,60.13,new
DOLATALGO,EQ,2026-09-07,71.0,71.0,69.5,69.96,69.65,70.91,121207,8484000.0,1368,,78820.0,65.03,new
DOLLAR,EQ,2026-09-07,262.15,265.0,261.0,262.05,262.95,264.25,78512,20604000.0,2164,,48457.0,61.72,new
DOLLEX,SM,2026-09-07,35.6,36.4,35.6,35.75,35.7,36.8,144000,5136000.0,13,,136000.0,94.44,new
DOLPHIN,EQ,2026-09-07,687.0,741.4,660.0,720.4,718.0,674.0,400551,289649000.0,9684,,129828.0,32.41,new
DOMS,EQ,2026-09-07,2203.0,2225.0,2195.0,2201.5,2201.0,2208.7,28632,63132000.00000001,5691,,15034.0,52.51,new
DONEAR,EQ,2026-09-07,93.9,94.49,88.3,89.13,88.71,92.25,78902,7231000.0,893,,40861.0,51.79,new
DPABHUSHAN,EQ,2026-09-07,1419.0,1488.8,1406.2,1424.7,1420.0,1414.2,43118,62641999.99999999,3798,,14387.0,33.37,new
DPEL,SM,2026-09-07,580.0,603.0,576.0,600.75,602.0,578.75,119500,70843000.0,186,,89500.0,74.9,new
DPSCLTD,BE,2026-09-07,7.29,7.29,7.12,7.18,7.27,7.09,64844,469000.00000000006,450,,,,new
DPWIRES,BE,2026-09-07,154.62,156.49,154.2,155.98,156.46,154.62,5544,859000.0,93,,,,new
DRAGARWQ,EQ,2026-09-07,5475.0,5494.5,5280.0,5323.5,5325.0,5422.5,2556,13797999.999999998,1211,,983.0,38.46,new
DRCSYSTEMS,EQ,2026-09-07,13.78,14.18,13.2,13.25,13.23,13.64,84530,1141000.0,412,,65968.0,78.04,new
DREAMFOLKS,EQ,2026-09-07,66.01,66.96,65.45,65.94,65.7,66.93,37302,2462000.0,803,,23590.0,63.24,new
DREDGECORP,EQ,2026-09-07,1080.0,1096.0,1050.1,1054.2,1056.9,1087.7,147493,158160000.0,7381,,63061.0,42.76,new
DRONE,SM,2026-09-07,33.5,33.5,32.65,33.2,33.2,33.5,15500,512000.0,27,,9500.0,61.29,new
DRREDDY,EQ,2026-09-07,1150.5,1163.2,1141.8,1144.2,1144.2,1151.0,420952,484422999.99999994,25469,,180561.0,42.89,new
DSFCL,BE,2026-09-07,25.81,26.39,25.25,25.99,26.39,25.81,43735,1131000.0,149,,,,new
DSKULKARNI,BE,2026-09-07,19.8,19.8,19.8,19.8,19.8,19.42,555,11000.0,16,,,,new
DSSL,EQ,2026-09-07,1086.9,1096.9,1035.0,1040.4,1048.6,1053.1,51125,53987000.0,4500,,30724.0,60.1,new
DTIL,BE,2026-09-07,151.0,151.0,144.0,146.08,146.0,150.64,16459,2418000.0,147,,,,new
DUCOL,SM,2026-09-07,110.0,110.0,104.0,109.7,109.7,108.0,12800,1392000.0,7,,12800.0,100.0,new
DUCON,EQ,2026-09-07,1.9,1.97,1.76,1.79,1.79,1.92,2533778,4696000.0,1319,,1995472.0,78.75,new
DUCON-RE1,BE,2026-09-07,0.39,0.48,0.28,0.43,0.4,0.39,5898191,2246000.0,2216,,,,new
DURLAX,SM,2026-09-07,64.5,65.0,62.3,65.0,65.0,64.5,38000,2422000.0,19,,20000.0,52.63,new
DVL,EQ,2026-09-07,291.8,301.0,291.0,298.2,299.0,290.05,40018,11920000.0,1307,,23077.0,57.67,new
DWARKESH,EQ,2026-09-07,47.79,49.62,47.0,47.38,47.45,47.31,3965247,190633000.0,15013,,946523.0,23.87,new
DYCL,EQ,2026-09-07,487.9,494.8,452.7,461.05,461.05,487.9,1246633,582459000.0,35136,,489050.0,39.23,new
DYNAMATECH,EQ,2026-09-07,11654.0,11974.0,11483.0,11569.0,11584.0,11654.0,17282,202491000.0,6688,,7291.0,42.19,new
DYNAMIC,ST,2026-09-07,148.0,148.0,142.8,147.25,147.25,146.3,7000,1027999.9999999999,7,,7000.0,100.0,new
DYNPRO,EQ,2026-09-07,239.5,239.5,228.94,233.2,234.71,236.06,13546,3164000.0,788,,6611.0,48.8,new
E2E,BE,2026-09-07,610.0,631.6,610.0,630.2,630.0,601.55,1248683,784270000.0,16363,,,,new
E2ERAIL,SM,2026-09-07,369.0,372.0,346.0,350.15,346.05,353.1,219200,78908000.0,212,,72000.0,32.85,new
EASEMYTRIP,EQ,2026-09-07,6.0,6.05,5.95,6.01,6.03,6.0,7840157,47048000.0,5843,,4449271.0,56.75,new
EASTSILK,BE,2026-09-07,60.8,60.8,58.02,58.04,58.04,61.0,330,19000.0,9,,,,new
EASTWEST,EQ,2026-09-07,2.33,2.4,2.31,2.36,2.33,2.36,35817,85000.0,104,,26919.0,75.16,new
EBANK10,EQ,2026-09-07,16.81,16.81,16.63,16.65,16.65,16.84,667,11000.0,22,,583.0,87.41,new
EBANKNIFTY,EQ,2026-09-07,57.78,57.88,57.48,57.78,57.78,58.26,713,41000.0,33,,693.0,97.19,new
EBBETF0430,EQ,2026-09-07,1601.0,1614.0,1601.0,1612.3,1613.49,1609.05,4405,7098999.999999999,564,,3281.0,74.48,new
EBBETF0431,EQ,2026-09-07,1442.98,1442.98,1433.04,1435.08,1436.01,1440.43,3434,4929000.0,99,,2957.0,86.11,new
EBBETF0433,EQ,2026-09-07,1311.12,1314.98,1306.02,1310.01,1309.99,1311.12,15394,20131000.0,174,,13448.0,87.36,new
EBGNG,EQ,2026-09-07,603.05,624.75,601.55,619.1,622.05,601.25,413604,255041000.0,15555,,170315.0,41.18,new
EBIX,BE,2026-09-07,20.48,20.8,19.3,20.49,20.49,20.28,29032,572000.0,98,,,,new
ECAPINSURE,EQ,2026-09-07,24.24,24.24,23.76,23.9,23.93,23.99,28186,674000.0,340,,24063.0,85.37,new
ECLERX,EQ,2026-09-07,1905.7,1910.7,1858.0,1888.8,1909.1,1905.7,171958,323894000.0,20843,,81014.0,47.11,new
ECOLINE,ST,2026-09-07,180.0,180.0,171.35,175.15,180.0,180.35,16000,2807000.0,13,,15000.0,93.75,new
ECORECO,EQ,2026-09-07,458.0,475.0,454.6,456.0,457.0,459.35,7709,3559000.0000000005,627,,4963.0,64.38,new
ECOSMOBLTY,EQ,2026-09-07,116.4,116.4,111.3,111.75,111.89,113.54,72911,8184000.0,1384,,47783.0,65.54,new
EDELWEISS,EQ,2026-09-07,137.0,137.0,130.51,132.72,134.95,136.08,21562787,2860805000.0,84900,,9301527.0,43.14,new
EDUCOMP,BZ,2026-09-07,0.92,0.92,0.86,0.91,0.92,0.9,47909,43000.0,101,,,,new
EEPL,ST,2026-09-07,142.75,142.75,140.0,141.0,141.0,139.7,12000,1703000.0,11,,10000.0,83.33,new
EFACTOR,SM,2026-09-07,173.0,185.0,169.0,172.55,185.0,173.0,24800,4293000.0,33,,23600.0,95.16,new
EFCIL,EQ,2026-09-07,192.2,194.79,190.61,191.74,194.0,193.24,571486,110749000.0,4946,,482134.0,84.36,new
EFFWA,SM,2026-09-07,351.05,375.0,351.05,370.0,370.0,360.0,12400,4579000.0,28,,10000.0,80.65,new
EFORCE,SM,2026-09-07,20.0,20.0,20.0,20.0,20.0,20.05,7200,144000.0,4,,7200.0,100.0,new
EGOLD,EQ,2026-09-07,153.3,153.3,150.9,151.95,151.95,153.8,506401,76934000.0,726,,489121.0,96.59,new
EICHERMOT,EQ,2026-09-07,7658.0,7729.0,7615.0,7672.0,7672.0,7630.5,466050,3585469999.9999995,38086,,272727.0,58.52,new
EIDPARRY,EQ,2026-09-07,782.0,796.8,771.25,777.7,778.0,781.35,301706,236653000.00000003,13999,,122659.0,40.66,new
EIEL,EQ,2026-09-07,199.2,204.7,197.25,198.33,198.88,199.17,824767,165735000.0,14975,,273218.0,33.13,new
EIFFL,BE,2026-09-07,267.6,268.9,267.6,268.9,268.9,273.05,2464,659000.0,18,,,,new
EIHAHOTELS,EQ,2026-09-07,296.35,300.0,294.1,296.45,297.0,297.65,9142,2722000.0,665,,5225.0,57.15,new
EIHOTEL,EQ,2026-09-07,294.0,294.85,290.5,294.0,294.5,291.9,112598,32988000.0,6902,,57842.0,51.37,new
EIMCOELECO,EQ,2026-09-07,2263.2,2282.3,2236.2,2268.0,2261.2,2254.4,14898,33662000.0,2457,,7484.0,50.23,new
EKC,EQ,2026-09-07,105.94,106.42,102.91,104.7,103.9,106.42,182166,19063000.0,2806,,91349.0,50.15,new
EKI,EQ,2026-09-07,74.25,74.42,70.0,71.37,72.0,74.13,29655,2133000.0,669,,21290.0,71.79,new
ELANTAS,EQ,2026-09-07,12295.0,13876.0,11900.0,13054.0,13109.0,12219.0,17387,228775000.0,8221,,3209.0,18.46,new
ELCIDIN,EQ,2026-09-07,109995.0,109995.0,107500.0,108950.0,108950.0,107590.0,8,869000.0,7,,6.0,75.0,new
ELDEHSG,EQ,2026-09-07,789.05,799.0,778.6,788.85,779.0,789.1,667,523000.00000000006,63,,441.0,66.12,new
ELECON,EQ,2026-09-07,431.65,434.3,423.15,426.7,427.75,433.75,259797,111092000.0,11198,,110362.0,42.48,new
ELECTCAST,EQ,2026-09-07,83.8,84.99,80.13,80.51,80.5,83.71,3291661,269278000.0,17475,,1843221.0,56.0,new
ELECTHERM,EQ,2026-09-07,980.9,990.9,965.0,966.4,966.0,980.9,15422,15022999.999999998,468,,12682.0,82.23,new
ELGIEQUIP,EQ,2026-09-07,645.95,653.4,637.3,642.4,644.9,642.1,807924,521837000.0,34667,,355760.0,44.03,new
ELGIRUBCO,EQ,2026-09-07,58.69,58.9,56.82,57.68,57.67,58.69,34515,2000000.0,917,,16928.0,49.05,new
ELGNZ,SM,2026-09-07,87.55,88.9,86.0,88.85,88.9,87.55,13000,1132000.0,13,,7000.0,53.85,new
ELIN,EQ,2026-09-07,95.05,96.9,95.01,96.14,96.2,95.4,73903,7080000.0,974,,40133.0,54.3,new
ELIQUID,EQ,2026-09-07,1046.7,1046.72,1046.7,1046.71,1046.72,1046.6,35902,37579000.0,25,,21798.0,60.72,new
ELITECON,EQ,2026-09-07,8.25,8.91,8.25,8.25,8.25,8.68,4027390,33330000.0,10945,,3881780.0,96.38,new
ELLEN,EQ,2026-09-07,327.0,335.15,320.0,321.7,323.0,331.85,282425,92011000.0,7696,,150744.0,53.37,new
ELM250,EQ,2026-09-07,16.75,16.75,16.23,16.41,16.45,16.61,110565,1834000.0,313,,94411.0,85.39,new
ELMDIV,EQ,2026-09-07,36.68,36.68,36.16,36.26,36.26,36.5,1265,46000.0,13,,1020.0,80.63,new
ELPROINTL,EQ,2026-09-07,175.0,177.58,174.41,175.05,175.0,174.0,10857,1907000.0,178,,7489.0,68.98,new
EMAMILTD,EQ,2026-09-07,366.65,370.95,364.7,367.55,366.15,366.05,907011,333854000.0,16992,,577824.0,63.71,new
EMAMIPAP,BE,2026-09-07,119.4,121.71,116.5,121.34,121.71,115.92,111945,13504000.0,729,,,,new
EMAMIREAL,EQ,2026-09-07,66.99,68.99,65.75,67.62,68.5,66.74,16845,1137000.0,483,,12217.0,72.53,new
EMAPARTNER,SM,2026-09-07,85.35,87.0,81.55,84.5,86.95,85.35,35000,2964000.0,29,,24000.0,68.57,new
EMBASSY,RR,2026-09-07,440.0,441.0,438.0,438.88,438.87,438.69,309177,135911000.0,12887,,287000.0,92.83,new
EMBDL,EQ,2026-09-07,57.53,59.45,56.85,59.1,58.9,57.53,3189848,185474000.0,13407,,1346960.0,42.23,new
EMCURE,EQ,2026-09-07,1934.8,1960.1,1915.1,1926.8,1920.0,1927.6,118478,228706000.0,21079,,54311.0,45.84,new
EMETAL,EQ,2026-09-07,13.38,13.38,13.12,13.17,13.18,13.36,7027,93000.0,48,,4155.0,59.13,new
EMIL,EQ,2026-09-07,173.74,182.4,171.0,178.24,178.8,173.74,1704742,304240000.0,23711,,773992.0,45.4,new
EMKAY,EQ,2026-09-07,270.75,278.9,262.0,265.15,266.25,267.25,50770,13641999.999999998,1464,,27674.0,54.51,new
EMKAYTOOLS,SM,2026-09-07,100.9,102.0,97.2,97.5,97.5,98.0,2850,285000.0,17,,2100.0,73.68,new
EMMBI,BE,2026-09-07,91.45,93.3,87.5,92.0,92.0,91.0,3882,347000.0,66,,,,new
EMMIL,SM,2026-09-07,118.0,123.95,116.0,118.0,117.05,120.1,21500,2541000.0,42,,19250.0,89.53,new
EMMVEE,EQ,2026-09-07,323.7,334.7,320.25,325.2,325.7,325.2,2033248,665554000.0,40854,,748583.0,36.82,new
EMPIND,EQ,2026-09-07,1214.9,1220.0,1188.1,1192.1,1193.8,1195.6,17291,20743000.0,1931,,12441.0,71.95,new
EMPOWER,EQ,2026-09-07,1.92,1.93,1.92,1.93,1.93,1.84,9399271,18127000.0,2217,,7290614.0,77.57,new
EMSLIMITED,EQ,2026-09-07,383.5,392.6,376.9,385.55,385.95,383.05,270932,104047000.0,7391,,81116.0,29.94,new
EMUDHRA,EQ,2026-09-07,527.85,530.45,500.1,502.45,502.0,524.8,172528,88134000.0,7847,,86880.0,50.36,new
EMULTIMQ,EQ,2026-09-07,42.13,42.22,41.78,42.0,42.05,42.0,18947,794000.0,141,,15216.0,80.31,new
ENCOMPAS,SM,2026-09-07,256.15,256.45,256.15,256.45,256.45,256.8,800,204999.99999999997,2,,800.0,100.0,new
ENDURANCE,EQ,2026-09-07,2782.8,2798.9,2745.1,2763.2,2769.9,2782.8,53026,146638000.0,11843,,27323.0,51.53,new
ENERGY,EQ,2026-09-07,39.18,39.18,38.13,38.15,38.27,38.41,475227,18193000.0,1250,,272034.0,57.24,new
ENERGYAXIS,EQ,2026-09-07,19.34,19.34,18.98,19.03,19.14,19.15,7646,146000.0,86,,6178.0,80.8,new
ENERGYDEV,EQ,2026-09-07,15.48,15.69,15.25,15.43,15.5,15.49,20723,320000.0,162,,18280.0,88.21,new
ENEXT50,EQ,2026-09-07,73.24,73.52,72.5,72.63,72.63,73.1,201,15000.0,13,,201.0,100.0,new
ENFUSE,SM,2026-09-07,160.0,160.0,160.0,160.0,160.0,155.0,600,96000.0,1,,600.0,100.0,new
ENGINERSIN,EQ,2026-09-07,281.05,283.75,272.75,277.05,277.0,279.45,3272902,909557000.0,49970,,1108202.0,33.86,new
ENIFTY,EQ,2026-09-07,23.58,24.79,23.58,24.01,24.01,24.19,9333,224000.00000000003,95,,7864.0,84.26,new
ENIL,EQ,2026-09-07,102.65,104.26,101.03,101.34,101.1,102.65,17853,1844000.0000000002,458,,8789.0,49.23,new
ENKEIWHEL,EQ,2026-09-07,399.0,410.9,395.0,395.15,397.25,389.8,1719,687000.0,129,,1561.0,90.81,new
ENRIN,EQ,2026-09-07,3115.8,3185.0,3111.6,3121.9,3115.0,3115.7,441448,1391898000.0,42567,,207142.0,46.92,new
ENSER,SM,2026-09-07,15.25,15.25,15.0,15.1,15.1,15.3,55000,833000.0,11,,55000.0,100.0,new
ENTERO,EQ,2026-09-07,1857.0,1920.0,1835.0,1898.4,1888.0,1827.6,322283,608172000.0,30111,,185909.0,57.69,new
ENVIRO,SM,2026-09-07,71.0,71.85,69.6,69.75,69.6,70.5,17000,1207000.0,16,,14000.0,82.35,new
EPACK,EQ,2026-09-07,189.49,190.94,185.15,186.33,186.25,189.27,278336,52064000.0,5894,,135258.0,48.6,new
EPACKPEB,EQ,2026-09-07,231.11,233.07,228.15,230.44,233.0,231.11,232605,53551000.0,4778,,111094.0,47.76,new
EPIGRAL,EQ,2026-09-07,1228.0,1231.8,1176.1,1179.8,1180.0,1219.7,50803,60847000.0,6165,,26951.0,53.05,new
EPL,EQ,2026-09-07,248.0,255.75,246.3,248.95,248.7,247.1,6283376,1582024000.0,61812,,3548085.0,56.47,new
EPWINDIA,ST,2026-09-07,235.05,235.05,231.9,231.9,231.9,244.1,7200,1677000.0,6,,7200.0,100.0,new
EQUAL200,EQ,2026-09-07,14.16,14.16,13.71,13.72,13.74,13.82,4127,56999.99999999999,87,,4007.0,97.09,new
EQUAL50,EQ,2026-09-07,330.22,330.22,327.05,327.67,327.68,330.22,1412,463000.0,55,,705.0,49.93,new
EQUAL50ADD,EQ,2026-09-07,340.0,340.0,337.57,338.64,338.55,340.33,30125,10187000.0,505,,21092.0,70.01,new
EQUIPPP,BE,2026-09-07,22.5,22.98,22.12,22.85,22.7,22.75,2952,67000.0,19,,,,new
EQUITASBNK,EQ,2026-09-07,72.95,73.74,72.6,73.35,73.21,72.95,843776,61684000.0,10504,,437191.0,51.81,new
ERIS,EQ,2026-09-07,1327.4,1341.0,1318.2,1324.3,1338.0,1321.7,27451,36421000.0,3859,,10517.0,38.31,new
ESABINDIA,EQ,2026-09-07,6053.5,6108.0,6015.0,6092.0,6108.0,6067.5,5026,30522000.000000004,1712,,3340.0,66.45,new
ESAFSFB,BE,2026-09-07,41.79,42.02,40.52,41.76,41.85,41.41,445009,18488000.0,2112,,,,new
ESCONET,ST,2026-09-07,236.0,250.5,236.0,249.4,250.5,238.6,51600,12853000.0,98,,51200.0,99.22,new
ESCORTS,EQ,2026-09-07,2965.0,2985.3,2936.0,2957.4,2955.0,2968.8,25297,74648000.0,6560,,13331.0,52.7,new
ESDS,EQ,2026-09-07,1090.05,1090.05,1090.05,1090.05,1090.05,908.4,742653,809529000.0,11025,,737573.0,99.32,new
ESENSEX,EQ,2026-09-07,76.42,77.29,76.42,76.77,76.77,77.46,158,12000.0,30,,156.0,98.73,new
ESFL,SM,2026-09-07,117.55,117.55,112.0,115.15,115.0,120.75,24120,2776000.0,58,,17280.0,71.64,new
ESG,EQ,2026-09-07,41.1,41.17,40.8,40.84,40.88,41.15,5116,209000.0,112,,5075.0,99.2,new
ESILVER,EQ,2026-09-07,225.12,231.77,225.12,230.04,228.65,232.78,43044,9892000.0,1456,,13939.0,32.38,new
ESPRIT,SM,2026-09-07,62.0,63.0,62.0,62.0,62.0,63.0,4800,299000.0,3,,1600.0,33.33,new
ESSARSHPNG,EQ,2026-09-07,17.18,17.65,16.12,16.41,16.49,17.09,372333,6274000.0,1277,,224074.0,60.18,new
ESSENTIA,EQ,2026-09-07,1.05,1.1,1.05,1.1,1.1,1.05,2788603,3045000.0,441,,1722633.0,61.77,new
ESTER,EQ,2026-09-07,94.4,94.4,90.95,91.54,91.65,93.57,92014,8495000.0,1146,,57478.0,62.47,new
ETERNAL,EQ,2026-09-07,325.75,325.75,319.7,320.8,320.8,322.75,12845170,4137772000.0,107300,,6918988.0,53.86,new
ETHOSLTD,EQ,2026-09-07,2779.8,2844.7,2724.6,2746.6,2750.0,2792.8,44369,122717000.0,7567,,23765.0,53.56,new
ETL,SM,2026-09-07,1098.85,1098.85,1067.95,1067.95,1067.95,1047.0,300,325000.0,2,,300.0,100.0,new
ETML,SM,2026-09-07,78.0,82.5,78.0,79.05,79.7,81.95,129600,10375000.0,58,,118800.0,91.67,new
EUREKAFORB,EQ,2026-09-07,426.0,426.0,402.9,406.2,406.25,423.75,195035,80134000.0,11583,,111066.0,56.95,new
EUROBOND,EQ,2026-09-07,154.0,154.0,148.0,150.78,149.0,151.0,6201,932000.0,73,,5172.0,83.41,new
EUROPRATIK,EQ,2026-09-07,262.0,263.55,255.4,257.0,257.0,263.75,190094,49172000.0,3683,,32007.0,16.84,new
EUROTEXIND,BE,2026-09-07,13.46,13.46,13.46,13.46,13.46,13.73,2294,31000.0,2,,,,new
EVEREADY,EQ,2026-09-07,315.75,331.0,315.0,327.15,326.0,317.9,116376,37565000.0,4109,,64626.0,55.53,new
EVERESTIND,BE,2026-09-07,422.0,430.0,417.0,422.2,426.45,423.9,10629,4484000.0,309,,,,new
EVIETF,EQ,2026-09-07,33.12,33.12,32.2,32.27,32.47,32.47,312202,10085000.0,1173,,171717.0,55.0,new
EVINDIA,EQ,2026-09-07,33.25,33.25,32.09,32.38,32.39,32.44,208167,6739000.0,2498,,150179.0,72.14,new
EXCELINDUS,EQ,2026-09-07,1036.0,1036.1,999.0,1002.6,999.0,1031.4,11574,11679000.0,1076,,8715.0,75.3,new
EXCELLENT,ST,2026-09-07,199.5,202.3,199.5,202.3,202.3,209.5,3200,643000.0,2,,3200.0,100.0,new
EXCELSOFT,EQ,2026-09-07,70.01,70.39,66.9,68.26,68.3,70.23,583097,39890000.0,4333,,295170.0,50.62,new
EXICOM,EQ,2026-09-07,179.0,187.6,178.0,184.33,183.9,177.85,4232220,781011000.0,38650,,1428616.0,33.76,new
EXIDEIND,EQ,2026-09-07,422.3,427.5,416.6,425.75,425.75,424.35,1662688,701244000.0,40593,,743867.0,44.74,new
EXIMROUTES,SM,2026-09-07,107.5,107.5,106.1,106.8,106.1,107.1,1600,171000.0,2,,1600.0,100.0,new
EXPLEOSOL,EQ,2026-09-07,910.45,922.0,895.0,899.55,902.8,899.0,32051,29054000.000000004,3068,,16133.0,50.34,new
EXXARO,EQ,2026-09-07,6.68,6.69,6.25,6.59,6.57,6.59,571741,3754999.9999999995,658,,416959.0,72.93,new
FABTECH,EQ,2026-09-07,148.35,150.2,148.35,148.47,148.4,150.2,35383,5267000.0,623,,21782.0,61.56,new
FACT,EQ,2026-09-07,799.5,808.95,791.3,793.3,796.95,801.4,53413,42523000.0,3835,,24852.0,46.53,new
FAIRCHEMOR,BE,2026-09-07,655.55,690.0,644.1,646.85,645.0,660.25,44289,29055000.0,680,,,,new
FASCINATE,SM,2026-09-07,65.3,65.3,65.3,65.3,65.3,72.55,342400,22359000.0,121,,342400.0,100.0,new
FAZE3Q,EQ,2026-09-07,493.0,503.3,482.8,500.9,497.0,493.95,8510,4227000.0,579,,4871.0,57.24,new
FCL,EQ,2026-09-07,52.25,56.66,52.19,56.66,56.66,51.51,42019821,2317306000.0,97397,,13244846.0,31.52,new
FCSSOFT,EQ,2026-09-07,1.47,1.47,1.43,1.43,1.44,1.45,1557564,2247000.0,1223,,1128828.0,72.47,new
FDC,EQ,2026-09-07,345.55,345.55,338.6,342.15,342.5,342.8,89168,30460000.000000004,6526,,60810.0,68.2,new
FEDDERSHOL,EQ,2026-09-07,48.0,48.6,48.0,48.03,48.05,47.28,2445557,117686999.99999999,2825,,612063.0,25.03,new
FEDERALBNK,EQ,2026-09-07,343.0,343.0,337.6,342.0,342.0,343.0,5174214,1762672000.0,81193,,2998085.0,57.94,new
FEDFINA,EQ,2026-09-07,162.89,169.0,161.07,165.45,165.7,161.56,2135760,355592000.0,27555,,941830.0,44.1,new
FEL,BZ,2026-09-07,0.38,0.39,0.38,0.38,0.39,0.38,222406,85000.0,125,,,,new
FELDVR,BZ,2026-09-07,2.13,2.21,2.07,2.2,2.2,2.17,1322,3000.0,24,,,,new
FELIX,SM,2026-09-07,210.2,224.0,206.5,222.15,218.9,210.2,283000,61482000.00000001,315,,148500.0,52.47,new
FERMENTA,EQ,2026-09-07,502.0,511.0,494.0,496.5,497.45,498.5,79101,39792000.0,3561,,40344.0,51.0,new
FIBERWEB,EQ,2026-09-07,26.49,26.55,25.32,26.42,26.5,25.75,21246,554000.0,171,,18538.0,87.25,new
FIDEL,SM,2026-09-07,137.3,142.0,137.3,142.0,142.0,142.0,5000,703000.0,5,,5000.0,100.0,new
FIEMIND,EQ,2026-09-07,2085.8,2090.0,2053.0,2068.8,2089.9,2085.8,38402,79291000.0,6167,,19675.0,51.23,new
FILATEX,EQ,2026-09-07,78.5,79.69,76.25,76.59,76.25,77.72,990763,77163000.0,5947,,472277.0,47.67,new
FILATFASH,EQ,2026-09-07,0.19,0.19,0.17,0.18,0.18,0.18,36890656,6653000.0,2702,,21360763.0,57.9,new
FINBUD,SM,2026-09-07,134.35,134.35,128.0,132.1,132.1,133.0,18000,2360000.0,16,,13000.0,72.22,new
FINCABLES,EQ,2026-09-07,1212.0,1252.0,1211.1,1227.0,1225.0,1220.2,732032,899261000.0,39361,,294440.0,40.22,new
FINEORG,EQ,2026-09-07,5126.0,5169.5,5070.0,5125.0,5120.0,5152.0,11396,58372000.0,3645,,6527.0,57.27,new
FINIETF,EQ,2026-09-07,32.12,33.77,32.12,32.71,32.78,32.95,150695,4943000.0,1289,,109783.0,72.85,new
FINKURVE,EQ,2026-09-07,72.91,77.0,70.21,71.45,72.2,72.31,65750,4747000.0,890,,29267.0,44.51,new
FINOPB,EQ,2026-09-07,139.34,142.69,137.81,138.9,138.9,139.33,187350,26138000.0,2670,,84450.0,45.08,new
FINPIPE,EQ,2026-09-07,158.0,160.21,156.85,157.16,157.55,158.63,261198,41306000.0,14646,,118089.0,45.21,new
FIRSTCRY,EQ,2026-09-07,180.16,181.25,176.01,177.03,177.35,180.16,583428,103803000.0,8858,,265354.0,45.48,new
FISCHER,EQ,2026-09-07,36.34,36.34,35.5,35.72,35.54,36.04,250781,8966000.0,1073,,178899.0,71.34,new
FIVESTAR,EQ,2026-09-07,519.0,530.95,519.0,526.2,525.1,523.05,276188,145275000.0,20880,,164881.0,59.7,new
FLAIR,EQ,2026-09-07,243.75,244.8,239.15,240.22,240.2,243.71,98923,23884000.0,2149,,65464.0,66.18,new
FLEXIADD,EQ,2026-09-07,10.11,10.11,9.95,9.98,10.02,10.06,69225,692000.0,534,,47270.0,68.28,new
FLEXITUFF,BE,2026-09-07,2.35,2.35,2.18,2.18,2.18,2.29,162913,358000.0,213,,,,new
FLFL,BZ,2026-09-07,1.28,1.29,1.19,1.25,1.26,1.25,110260,135000.0,100,,,,new
FLUOROCHEM,EQ,2026-09-07,4574.0,4603.8,4470.0,4530.5,4533.0,4554.0,104652,473005000.0,20759,,53073.0,50.71,new
FLYSBS,SM,2026-09-07,634.9,666.0,634.9,657.4,660.0,635.6,84000,54942999.99999999,298,,54400.0,64.76,new
FMCGADD,EQ,2026-09-07,46.71,46.71,45.87,45.93,46.06,46.25,21129,969999.9999999999,242,,11792.0,55.81,new
FMCGIETF,EQ,2026-09-07,49.47,49.95,49.08,49.17,49.28,49.47,1486830,73116000.0,6819,,1167956.0,78.55,new
FMGOETZE,EQ,2026-09-07,490.0,494.0,462.9,482.05,482.4,501.45,1455155,692102000.0,26568,,467616.0,32.14,new
FMNL,EQ,2026-09-07,10.59,10.59,9.6,9.77,9.73,10.1,81674,805000.0000000001,282,,54866.0,67.18,new
FOCUS,BE,2026-09-07,63.58,64.39,63.0,63.64,63.64,63.37,21579,1376000.0,186,,,,new
FONEBOX,SM,2026-09-07,100.0,105.0,100.0,103.45,102.95,100.0,12000,1242000.0,11,,10000.0,83.33,new
FOODSIN,EQ,2026-09-07,57.3,57.9,56.32,57.4,57.8,57.37,65087,3722000.0,479,,45489.0,69.89,new
FORCAS,ST,2026-09-07,239.45,239.45,234.0,234.0,234.0,237.05,3200,758000.0,2,,1600.0,50.0,new
FORCEMOT,EQ,2026-09-07,17521.0,17947.0,17501.0,17829.0,17829.0,17500.0,51095,908396999.9999999,16697,,19956.0,39.06,new
FORGEAUTO,SM,2026-09-07,107.0,107.0,101.0,101.0,101.0,105.0,8400,867000.0,7,,8400.0,100.0,new
FORTIS,EQ,2026-09-07,902.1,911.5,892.8,910.0,910.0,905.0,893344,807741000.0,28208,,437188.0,48.94,new
FOSECOIND,EQ,2026-09-07,6263.0,6354.5,6110.0,6128.5,6140.0,6263.0,8061,50032000.0,3484,,4794.0,59.47,new
FRACTAL,EQ,2026-09-07,821.0,821.95,798.55,801.2,803.5,825.45,397346,319395000.0,18758,,261772.0,65.88,new
FREDUN,EQ,2026-09-07,1487.0,1487.0,1360.0,1405.5,1390.0,1470.7,33122,47433000.0,2658,,22432.0,67.73,new
FRESHARA,ST,2026-09-07,430.0,445.0,427.0,431.0,431.0,425.7,45000,19637000.0,62,,42600.0,94.67,new
FROG,ST,2026-09-07,257.6,258.0,244.8,247.45,248.2,257.65,53600,13236000.000000002,85,,51200.0,95.52,new
FRONTSP,EQ,2026-09-07,1304.8,1304.8,1264.0,1268.0,1270.0,1291.8,10430,13272000.0,1316,,6699.0,64.23,new
FSL,EQ,2026-09-07,265.05,266.0,256.85,259.6,259.4,264.4,821088,213087000.0,22967,,356472.0,43.41,new
FUSION,EQ,2026-09-07,202.9,206.5,198.15,200.52,200.3,203.19,888653,179744000.0,21672,,464561.0,52.28,new
FWSTC,SM,2026-09-07,195.0,195.0,190.8,191.0,191.0,175.15,2400,461000.00000000006,4,,2400.0,100.0,new
GABRIEL,EQ,2026-09-07,1353.1,1374.0,1326.7,1363.5,1372.0,1353.2,147826,199407000.0,15535,,55068.0,37.25,new
GAEL,EQ,2026-09-07,168.4,169.0,164.52,165.48,165.75,167.81,678295,112628000.0,14129,,382982.0,56.46,new
GAIL,EQ,2026-09-07,173.4,177.3,172.8,176.0,176.0,173.4,9910348,1740984000.0,71516,,5284545.0,53.32,new
GAJA,EQ,2026-09-07,161.75,161.99,154.2,155.42,155.1,161.1,1078393,169593000.0,9214,,535137.0,49.62,new
GALAPREC,EQ,2026-09-07,1034.5,1055.0,1012.3,1037.4,1035.0,1024.0,30325,31481000.0,3121,,16689.0,55.03,new
GALAXYSURF,EQ,2026-09-07,2154.2,2178.0,2126.0,2136.6,2134.6,2165.0,15905,34087000.0,3738,,9090.0,57.15,new
GALLANTT,EQ,2026-09-07,574.5,577.8,566.05,572.45,575.0,574.0,54832,31383000.0,4423,,26750.0,48.79,new
GANDHAR,EQ,2026-09-07,268.0,271.8,261.8,264.85,264.65,267.6,719670,191243000.0,10170,,359880.0,50.01,new
GANDHITUBE,EQ,2026-09-07,889.0,905.0,889.0,898.55,904.9,900.15,4198,3772000.0,441,,2558.0,60.93,new
GANECOS,EQ,2026-09-07,999.9,999.9,970.4,990.0,985.0,999.9,109978,108210999.99999999,9603,,48695.0,44.28,new
GANESHBE,BE,2026-09-07,124.89,129.39,124.1,129.39,129.39,123.23,327639,42105000.0,630,,,,new
GANESHCP,EQ,2026-09-07,177.0,178.75,168.25,169.59,172.8,174.46,155960,26872000.000000004,3079,,80637.0,51.7,new
GANESHHOU,EQ,2026-09-07,755.1,763.15,751.0,758.75,758.0,758.95,17875,13519999.999999998,1216,,10711.0,59.92,new
GANESHIN,ST,2026-09-07,99.7,100.0,94.05,94.05,94.05,99.0,74400,7102000.0,68,,72000.0,96.77,new
GANGABATH,SM,2026-09-07,20.6,20.65,20.4,20.4,20.4,20.3,15000,308000.0,5,,6000.0,40.0,new
GANGAFORGE,EQ,2026-09-07,1.7,1.76,1.62,1.63,1.64,1.68,6103756,10246000.0,2579,,3374503.0,55.29,new
GANGESSECU,EQ,2026-09-07,118.01,123.0,117.83,121.89,121.89,118.71,4328,520000.0,54,,3747.0,86.58,new
GARFIBRES,EQ,2026-09-07,800.55,822.65,795.35,819.25,817.0,800.55,29908,24295000.0,4616,,12903.0,43.14,new
GARUDA,EQ,2026-09-07,180.0,180.0,176.81,178.63,178.73,178.73,211606,37797000.0,2583,,115493.0,54.58,new
GATECH,BE,2026-09-07,0.87,0.87,0.87,0.87,0.87,0.91,6232232,5422000.0,4637,,,,new
GATECHDVR,BE,2026-09-07,0.49,0.5,0.48,0.49,0.5,0.48,691528,341000.0,309,,,,new
GATEWAY,EQ,2026-09-07,54.87,55.0,53.8,53.96,53.99,54.69,397333,21489000.0,3470,,241460.0,60.77,new
GAUDIUMIVF,BE,2026-09-07,114.75,118.0,112.01,112.76,112.86,116.43,176755,20174000.0,1528,,,,new
GAYAHWS,EQ,2026-09-07,1.93,2.0,1.91,1.92,1.95,1.93,289982,565000.0,374,,134847.0,46.5,new
GAYAPROJ,EQ,2026-09-07,22.5,22.5,21.81,22.18,22.24,21.76,565332,12580000.0,2299,,455593.0,80.59,new
GCHOTELS,ST,2026-09-07,99.0,101.2,97.0,99.2,99.7,99.85,42000,4156000.0,53,,36000.0,85.71,new
GCSL,EQ,2026-09-07,595.5,613.2,595.5,601.85,602.7,595.15,1222825,741524000.0,9693,,488653.0,39.96,new
GEECEE,BE,2026-09-07,382.0,382.0,365.2,370.85,369.7,366.2,2324,861999.9999999999,54,,,,new
GEEKAYWIRE,EQ,2026-09-07,30.15,30.92,29.85,30.14,30.44,29.61,256145,7798999.999999999,1407,,182125.0,71.1,new
GEMAROMA,EQ,2026-09-07,161.5,166.69,157.5,158.19,159.0,161.5,70224,11226000.0,1762,,43171.0,61.48,new
GENCON,EQ,2026-09-07,44.42,44.99,41.52,41.98,42.39,44.63,366956,16097999.999999998,2055,,69692.0,18.99,new
GENESYS,EQ,2026-09-07,234.0,241.9,227.03,240.16,239.0,230.88,670463,157989000.0,12494,,278005.0,41.46,new
GENSOL,BZ,2026-09-07,17.25,17.84,16.8,17.19,17.4,17.28,54286,935000.0,415,,,,new
GENUSPAPER,EQ,2026-09-07,12.76,14.2,12.37,13.22,13.33,12.76,517475,6894000.0,1383,,266457.0,51.49,new
GENUSPOWER,EQ,2026-09-07,335.0,346.9,334.0,336.4,337.45,337.8,2776994,946678000.0000001,178782,,1287655.0,46.37,new
GENXAI,SM,2026-09-07,80.3,82.5,80.3,82.5,82.5,80.3,6000,491000.0,5,,6000.0,100.0,new
GEOJITFSL,EQ,2026-09-07,82.96,83.68,82.1,82.78,83.0,82.72,197271,16340000.0,2051,,103187.0,52.31,new
GESHIP,EQ,2026-09-07,1369.0,1389.2,1352.0,1376.7,1372.0,1369.7,888277,1220157000.0,50685,,473965.0,53.36,new
GFLLIMITED,EQ,2026-09-07,63.99,63.99,61.41,62.17,62.0,62.81,173356,10798000.0,3347,,85154.0,49.12,new
GFSTEELS,BE,2026-09-07,15.0,15.0,15.0,15.0,15.0,15.0,1430,21000.0,4,,,,new
GGBL,SM,2026-09-07,223.0,224.5,218.05,219.3,220.0,222.9,31200,6911000.0,97,,21600.0,69.23,new
GHCL,EQ,2026-09-07,437.0,437.95,432.5,433.35,433.15,436.6,54136,23562000.0,2127,,36443.0,67.32,new
GHCLTEXTIL,EQ,2026-09-07,139.8,139.8,132.4,133.36,133.65,136.72,359899,48414000.0,6236,,197246.0,54.81,new
GICHSGFIN,EQ,2026-09-07,141.99,142.44,140.1,140.42,140.7,140.45,62788,8849000.0,1114,,34628.0,55.15,new
GICL,EQ,2026-09-07,24.9,24.9,23.65,24.42,24.4,24.6,317054,7694000.0,598,,148700.0,46.9,new
GICRE,EQ,2026-09-07,361.9,362.45,348.2,349.8,352.0,358.45,1713058,604126000.0,23702,,806573.0,47.08,new
GILLANDERS,EQ,2026-09-07,103.05,105.0,101.2,104.63,105.0,103.19,2241,231999.99999999997,196,,2015.0,89.92,new
GILLETTE,EQ,2026-09-07,7312.5,7391.0,7280.0,7380.5,7382.5,7312.5,9738,71377000.0,3149,,5637.0,57.89,new
GILT10BETA,EQ,2026-09-07,27.11,27.6,26.23,26.4,26.4,26.58,503607,13294999.999999998,72,,503209.0,99.92,new
GILT5BETA,EQ,2026-09-07,67.6,69.0,65.81,66.94,66.94,66.94,202427,13421000.0,55,,202157.0,99.87,new
GILT5YBEES,EQ,2026-09-07,66.33,67.31,66.07,66.31,66.36,66.33,207982,13790000.0,832,,128723.0,61.89,new
GINNIFILA,BE,2026-09-07,42.5,42.84,41.5,42.18,42.44,42.57,39857,1684000.0,124,,,,new
GIPCL,EQ,2026-09-07,206.0,206.1,199.36,200.72,201.73,205.18,540738,109323000.0,7291,,339475.0,62.78,new
GIRIRAJ,SM,2026-09-07,74.65,78.35,74.65,78.35,78.35,74.65,3500,272000.0,5,,3500.0,100.0,new
GJL,ST,2026-09-07,254.95,255.0,254.95,255.0,255.0,251.0,2400,612000.0,2,,2400.0,100.0,new
GKB,EQ,2026-09-07,64.0,68.0,62.25,65.25,65.25,63.97,1462,96000.0,15,,1229.0,84.06,new
GKENERGY,EQ,2026-09-07,128.96,131.67,127.41,129.46,130.0,128.96,248778,31993000.0,3891,,120253.0,48.34,new
GKSL,EQ,2026-09-07,172.83,177.9,172.83,176.34,177.9,172.81,382407,67248000.0,6505,,112562.0,29.44,new
GKWLIMITED,EQ,2026-09-07,1582.1,1585.0,1510.0,1550.6,1550.0,1610.9,2522,3910000.0,93,,2262.0,89.69,new
GLAND,EQ,2026-09-07,2929.6,3042.0,2916.9,2974.3,2972.0,2932.4,1031320,3079657000.0,69921,,409964.0,39.75,new
GLAXO,EQ,2026-09-07,2937.9,3075.0,2932.7,2957.8,2967.0,2958.1,155659,465458000.0,18114,,72707.0,46.71,new
GLENMARK,EQ,2026-09-07,2420.2,2472.0,2420.2,2451.9,2451.9,2437.2,267568,656890000.0,29294,,109229.0,40.82,new
GLFL,EQ,2026-09-07,5.78,5.78,5.56,5.63,5.72,5.8,3020,17000.0,23,,2920.0,96.69,new
GLOBAL,EQ,2026-09-07,121.0,122.98,119.1,120.15,119.1,120.45,129151,15662000.0,1429,,89410.0,69.23,new
GLOBALE,EQ,2026-09-07,11.9,11.9,10.83,11.4,11.4,11.39,3819,42000.0,34,,2850.0,74.63,new
GLOBALPET,SM,2026-09-07,156.85,158.0,156.85,157.5,157.0,165.0,3750,589000.0,5,,3750.0,100.0,new
GLOBALVECT,EQ,2026-09-07,139.26,144.8,138.2,139.64,139.97,141.16,7148,1009000.0,366,,3807.0,53.26,new
GLOBE,EQ,2026-09-07,1.92,1.92,1.83,1.86,1.88,1.89,389980,730000.0,285,,357474.0,91.66,new
GLOBECIVIL,EQ,2026-09-07,48.99,48.99,45.42,46.15,46.5,48.15,31751,1481000.0,472,,17832.0,56.16,new
GLOBUSSPR,EQ,2026-09-07,918.75,918.75,878.0,895.1,896.0,914.3,150541,134741000.0,7915,,93474.0,62.09,new
GLOSTERLTD,EQ,2026-09-07,596.5,629.0,586.5,603.4,613.0,596.5,1178,718000.0,97,,862.0,73.17,new
GLOTTIS,EQ,2026-09-07,62.04,62.04,58.05,59.62,60.0,62.1,66359,4000000.0,979,,48084.0,72.46,new
GMBREW,EQ,2026-09-07,915.1,951.0,914.1,941.4,937.2,919.85,90903,85451000.0,6323,,52979.0,58.28,new
GMDCLTD,EQ,2026-09-07,562.95,564.65,556.8,557.6,557.5,562.95,357732,199942000.0,12489,,165074.0,46.14,new
GML,SM,2026-09-07,17.8,17.8,17.8,17.8,17.8,17.85,4000,71000.0,2,,4000.0,100.0,new
GMMPFAUDLR,EQ,2026-09-07,1140.0,1254.0,1134.9,1235.7,1236.0,1147.9,1280855,1568633000.0,78115,,498152.0,38.89,new
GMRAIRPORT,EQ,2026-09-07,98.05,98.48,95.65,95.94,95.94,97.45,5131436,496167000.0,86469,,2833297.0,55.21,new
GMRP&UI,EQ,2026-09-07,95.8,98.35,93.1,93.57,93.33,95.3,1193207,114292000.0,8932,,547750.0,45.91,new
GNA,EQ,2026-09-07,551.05,558.0,540.55,543.2,548.2,551.05,131118,72002000.0,4402,,62372.0,47.57,new
GNFC,EQ,2026-09-07,601.7,605.7,594.2,597.9,599.8,596.7,1281385,767680000.0,25797,,763124.0,59.55,new
GNRL,EQ,2026-09-07,100.0,116.33,100.0,113.96,114.0,99.27,3632929,406936000.0,37533,,1590173.0,43.77,new
GOACARBON,EQ,2026-09-07,377.0,387.0,372.9,382.55,384.95,378.45,18478,7043000.000000001,1137,,9628.0,52.11,new
GOCLCORP,EQ,2026-09-07,429.0,439.5,426.3,436.95,435.2,427.45,182392,79305000.0,5623,,101278.0,55.53,new
GOCOLORS,EQ,2026-09-07,332.0,343.15,327.55,329.7,328.2,326.65,235954,78882000.0,5743,,117596.0,49.84,new
GODAVARIB,EQ,2026-09-07,245.39,248.0,241.31,244.95,247.0,241.7,86089,21067000.0,2198,,36225.0,42.08,new
GODFRYPHLP,EQ,2026-09-07,2051.0,2058.9,2011.0,2029.0,2029.0,2051.0,120277,244080000.00000003,13236,,50315.0,41.83,new
GODIGIT,EQ,2026-09-07,260.0,260.75,254.85,256.6,255.5,258.3,110938,28439000.0,4068,,65409.0,58.96,new
GODREJAGRO,EQ,2026-09-07,648.15,671.1,642.25,665.5,665.0,644.85,338467,222581000.0,13657,,153960.0,45.49,new
GODREJCP,EQ,2026-09-07,878.5,879.05,857.1,861.9,861.9,878.0,2647422,2283038000.0,49729,,1800684.0,68.02,new
GODREJIND,EQ,2026-09-07,1171.0,1184.9,1148.8,1159.8,1170.0,1163.5,64123,74670000.0,10618,,27493.0,42.88,new
GODREJPROP,EQ,2026-09-07,1982.0,1984.0,1891.1,1922.2,1922.2,1982.0,752808,1447760000.0,33374,,275408.0,36.58,new
GOKEX,EQ,2026-09-07,801.0,801.0,775.0,776.95,776.9,789.2,130637,102457000.0,8183,,62095.0,47.53,new
GOKUL,EQ,2026-09-07,42.97,43.95,42.37,42.85,42.7,42.96,182713,7884999.999999999,1747,,38744.0,21.2,new
GOKULAGRO,EQ,2026-09-07,231.17,234.8,231.06,231.69,232.25,231.17,199537,46348000.0,5609,,97802.0,49.01,new
GOLD1,EQ,2026-09-07,127.5,127.5,125.91,126.71,126.68,128.47,1539958,194840000.0,9005,,1041527.0,67.63,new
GOLD360,EQ,2026-09-07,148.8,148.9,146.9,147.85,148.4,149.7,20611,3044000.0,464,,7449.0,36.14,new
GOLDADD,EQ,2026-09-07,14.9,14.9,14.65,14.74,14.76,14.95,2711253,39975000.0,11521,,1781910.0,65.72,new
GOLDAXIS,EQ,2026-09-07,125.55,126.6,125.41,126.22,126.25,128.11,4383759,551380000.0,6504,,3460158.0,78.93,new
GOLDBEES,EQ,2026-09-07,125.7,125.92,124.75,125.58,125.51,127.17,20788912,2603890000.0,131582,,10131376.0,48.73,new
GOLDBETA,EQ,2026-09-07,128.2,128.25,127.0,128.0,128.0,129.5,1004130,128346000.0,4263,,597282.0,59.48,new
GOLDBND,EQ,2026-09-07,153.28,153.28,150.74,151.8,151.84,153.82,44081,6683000.0,353,,39409.0,89.4,new
GOLDCASE,EQ,2026-09-07,24.11,24.11,23.74,23.9,23.89,24.21,13980715,333198000.0,22196,,7749934.0,55.43,new
GOLDENTOBC,BZ,2026-09-07,25.9,25.9,24.02,24.25,25.19,24.96,3549,90000.0,40,,,,new
GOLDETF,EQ,2026-09-07,148.51,148.51,146.81,147.84,147.78,149.46,1124196,165732000.0,7130,,738463.0,65.69,new
GOLDIAM,EQ,2026-09-07,345.15,345.95,331.8,340.45,339.0,345.3,926463,312854000.0,17972,,434596.0,46.91,new
GOLDIETF,EQ,2026-09-07,131.28,131.28,129.12,130.01,130.0,131.8,5501440,713296000.0,57764,,3314397.0,60.25,new
GOLDSTAR,SM,2026-09-07,8.0,8.0,7.65,7.9,7.9,7.7,33750,265000.0,3,,22500.0,66.67,new
GOLDTECH,BE,2026-09-07,47.9,48.3,47.5,47.93,48.3,47.04,16616,794000.0,91,,,,new
GOODLUCK,EQ,2026-09-07,480.0,485.0,466.7,479.75,479.0,472.9,644419,306414000.0,18662,,350718.0,54.42,new
GOODYEAR,EQ,2026-09-07,743.45,743.45,722.2,730.8,726.0,741.5,6727,4934000.0,431,,5372.0,79.86,new
GOPAL,EQ,2026-09-07,266.0,267.9,263.5,266.3,266.0,265.1,92027,24428000.0,2928,,42597.0,46.29,new
GOYALALUM,EQ,2026-09-07,6.22,6.22,6.08,6.16,6.16,6.22,53518,330000.0,387,,45178.0,84.42,new
GOYALSALT,SM,2026-09-07,106.0,106.0,100.0,102.75,102.5,105.0,25800,2661000.0,19,,19800.0,76.74,new
GPECO,SM,2026-09-07,441.55,446.9,415.0,417.9,418.0,441.55,27800,11828000.0,96,,24800.0,89.21,new
GPIL,EQ,2026-09-07,242.79,245.2,239.43,244.05,245.2,240.67,1531854,371311000.0,21903,,829501.0,54.15,new
GPPL,EQ,2026-09-07,161.41,162.69,160.39,160.98,161.5,161.62,738209,119124000.0,12139,,431389.0,58.44,new
GPTHEALTH,EQ,2026-09-07,159.0,162.0,158.57,161.37,161.0,158.17,173981,27950000.0,3758,,98673.0,56.71,new
GPTINFRA,EQ,2026-09-07,112.0,113.69,111.0,111.76,112.0,112.1,90908,10193000.0,991,,50255.0,55.28,new
GRADIENTE,EQ,2026-09-07,2.76,2.76,2.6,2.64,2.63,2.71,1514582,4045000.0000000005,294,,1032946.0,68.2,new
GRANDOAK,EQ,2026-09-07,35.9,36.5,35.0,35.86,35.0,34.84,1194,43000.0,68,,657.0,55.03,new
GRANULES,EQ,2026-09-07,844.5,873.85,842.2,867.3,867.0,848.3,1033026,894294000.0,31322,,505075.0,48.89,new
GRAPHISAD,SM,2026-09-07,24.55,26.75,24.25,26.0,26.0,25.5,42000,1074000.0,34,,30000.0,71.43,new
GRAPHITE,EQ,2026-09-07,734.5,739.75,714.05,717.1,719.45,733.6,519646,376046000.0,15060,,234442.0,45.12,new
GRASIM,EQ,2026-09-07,3322.0,3327.7,3293.0,3302.4,3302.4,3322.0,1179298,3897083999.9999995,48144,,797466.0,67.62,new
GRAUWEIL,EQ,2026-09-07,71.5,71.93,70.75,71.45,71.0,70.59,129623,9244000.0,5832,,73607.0,56.79,new
GRAVISSHO,EQ,2026-09-07,28.51,29.38,28.51,28.66,28.66,29.4,436,13000.0,18,,341.0,78.21,new
GRAVITA,EQ,2026-09-07,1661.6,1692.8,1660.9,1676.9,1673.0,1661.6,120216,202039000.0,13588,,58285.0,48.48,new
GRCL,SM,2026-09-07,560.0,575.0,550.1,553.35,575.0,575.0,3500,1942000.0000000002,13,,3500.0,100.0,new
GREAVESCOT,EQ,2026-09-07,196.0,196.49,192.1,194.45,195.5,195.56,725978,141101000.0,11384,,280903.0,38.69,new
GREENCHEF,SM,2026-09-07,65.0,65.0,64.0,64.0,64.0,66.2,4800,311000.0,6,,4000.0,83.33,new
GREENLAM,EQ,2026-09-07,242.62,242.8,235.7,236.87,237.64,242.62,94051,22442000.0,2025,,61659.0,65.56,new
GREENLEAF,ST,2026-09-07,119.9,120.75,118.0,120.75,120.75,115.0,21000,2530000.0,19,,18000.0,85.71,new
GREENPANEL,EQ,2026-09-07,158.32,166.0,156.01,162.55,162.1,158.32,744111,120913000.00000001,12977,,304772.0,40.96,new
GREENPLY,EQ,2026-09-07,309.25,312.5,300.2,302.2,301.2,304.7,389935,119402000.0,8680,,184264.0,47.26,new
GREENPOWER,EQ,2026-09-07,9.28,9.38,9.17,9.23,9.27,9.28,1873150,17344000.0,4733,,898655.0,47.98,new
GRETEX,SM,2026-09-07,225.15,225.15,225.15,225.15,225.15,237.0,750,169000.0,1,,750.0,100.0,new
GRINDWELL,EQ,2026-09-07,1955.0,1972.9,1925.1,1932.9,1935.0,1962.5,23158,45072000.0,4137,,14321.0,61.84,new
GRINFRA,EQ,2026-09-07,869.1,874.95,852.85,862.6,863.05,869.1,29533,25486000.0,4102,,14247.0,48.24,new
GRMOVER,EQ,2026-09-07,87.36,87.36,85.0,85.8,85.99,87.53,1118026,96365000.0,4515,,186957.0,16.72,new
GROBTEA,EQ,2026-09-07,965.9,974.0,949.9,959.15,959.2,977.65,174,167000.0,32,,110.0,63.22,new
GROWW,EQ,2026-09-07,194.75,196.6,191.01,194.73,194.78,194.0,21419848,4168787000.0000005,144046,,10995561.0,51.33,new
GROWWCAPM,EQ,2026-09-07,11.5,11.59,11.48,11.56,11.59,11.44,321273,3709000.0000000005,848,,231465.0,72.05,new
GROWWCHEM,EQ,2026-09-07,30.23,30.5,30.0,30.08,30.1,30.24,11679,353000.0,296,,6384.0,54.66,new
GROWWDEFNC,EQ,2026-09-07,98.42,98.42,96.86,97.75,97.84,97.42,217691,21265000.0,3653,,132351.0,60.8,new
GROWWEV,EQ,2026-09-07,31.56,32.69,31.56,32.37,32.4,32.37,772261,24892000.0,4411,,563287.0,72.94,new
GROWWGOLD,EQ,2026-09-07,14.98,14.98,14.72,14.81,14.79,15.03,2789656,41252000.0,6202,,1368507.0,49.06,new
GROWWHOSPI,EQ,2026-09-07,52.08,52.26,51.7,52.1,52.26,51.83,132678,6898000.0,1051,,68113.0,51.34,new
GROWWLIQID,EQ,2026-09-07,110.64,110.66,110.64,110.65,110.65,110.64,165247,18285000.0,356,,88953.0,53.83,new
GROWWLOVOL,EQ,2026-09-07,10.04,10.43,10.04,10.28,10.28,10.3,18110,185000.0,181,,10049.0,55.49,new
GROWWMC150,EQ,2026-09-07,235.0,235.0,230.09,230.1,230.09,233.51,2164,499000.0,65,,1265.0,58.46,new
GROWWMETAL,EQ,2026-09-07,13.03,13.03,12.5,12.52,12.57,12.72,497131,6260000.0,2218,,288849.0,58.1,new
GROWWMOM50,EQ,2026-09-07,11.06,11.06,10.91,11.0,11.03,10.99,194295,2140000.0,637,,167295.0,86.1,new
GROWWN200,EQ,2026-09-07,11.39,11.48,11.22,11.27,11.3,11.34,66361,747000.0,418,,44625.0,67.25,new
GROWWNET,EQ,2026-09-07,10.96,10.96,10.73,10.79,10.8,10.86,469311,5071000.0,799,,376278.0,80.18,new
GROWWNIFTY,EQ,2026-09-07,9.69,9.75,9.43,9.6,9.63,9.68,824351,7945000.0,5548,,594184.0,72.08,new
GROWWNXT50,EQ,2026-09-07,72.89,73.99,72.41,72.79,72.53,73.45,21112,1538000.0,188,,13314.0,63.06,new
GROWWPOWER,EQ,2026-09-07,11.31,11.38,11.19,11.2,11.22,11.33,1531393,17253000.0,3404,,988481.0,64.55,new
GROWWPSE,EQ,2026-09-07,99.98,99.98,95.5,97.95,98.0,98.3,6647,651000.0,130,,5617.0,84.5,new
GROWWPSUBK,EQ,2026-09-07,86.78,86.78,84.21,84.67,84.74,85.88,7308,620000.0,191,,4281.0,58.58,new
GROWWRAIL,EQ,2026-09-07,28.23,28.24,27.9,28.0,28.02,28.08,356895,10003000.0,2843,,234435.0,65.69,new
GROWWRLTY,EQ,2026-09-07,10.21,10.21,10.02,10.05,10.14,10.21,578932,5820000.0,677,,525448.0,90.76,new
GROWWSC250,EQ,2026-09-07,10.95,10.95,10.55,10.67,10.66,10.69,117852,1257000.0,752,,77089.0,65.41,new
GROWWSLVR,EQ,2026-09-07,22.65,22.65,22.42,22.53,22.55,22.83,960509,21609000.0,2839,,391749.0,40.79,new
GRPLTD,EQ,2026-09-07,2046.9,2046.9,1975.6,2004.1,1997.0,2013.0,1104,2201000.0,178,,845.0,76.54,new
GRSE,EQ,2026-09-07,2530.0,2542.5,2502.0,2506.6,2510.0,2533.2,215499,542497000.0,15966,,92688.0,43.01,new
GRWRHITECH,EQ,2026-09-07,7066.0,7112.5,6560.5,6951.5,6951.5,7086.5,248502,1692516999.9999998,48445,,112353.0,45.21,new
GSEC10ADD,EQ,2026-09-07,26.79,26.81,26.75,26.81,26.81,26.79,11,0.0,3,,11.0,100.0,new
GSEC10IETF,EQ,2026-09-07,263.81,264.54,261.92,261.92,261.92,262.5,183,48000.0,12,,114.0,62.3,new
GSEC10YEAR,EQ,2026-09-07,30.49,30.49,30.31,30.35,30.35,30.37,15279,463000.0,743,,14564.0,95.32,new
GSEC5IETF,EQ,2026-09-07,66.09,66.73,66.08,66.5,66.5,66.51,57232,3795000.0000000005,52,,29428.0,51.42,new
GSFC,EQ,2026-09-07,163.3,163.74,161.53,162.02,162.0,162.88,947889,153663000.0,14619,,541874.0,57.17,new
GSLSU,EQ,2026-09-07,29.78,29.78,28.4,29.45,29.58,28.37,164591,4815000.0,1737,,94342.0,57.32,new
GSMFOILS,SM,2026-09-07,105.6,105.6,105.6,105.6,105.6,111.15,10500,1109000.0,18,,10500.0,100.0,new
GSPCROP,EQ,2026-09-07,622.25,624.6,594.25,600.95,599.3,619.25,203559,123746000.0,5687,,73414.0,36.07,new
GSS,EQ,2026-09-07,10.83,11.44,10.83,11.02,11.12,11.03,52386,581000.0,176,,27711.0,52.9,new
GSTL,SM,2026-09-07,11.4,11.7,11.4,11.7,11.7,12.0,4000,46000.0,4,,2000.0,50.0,new
GTECJAINX,BE,2026-09-07,28.68,29.3,28.0,29.3,29.3,29.27,4005,115999.99999999999,24,,,,new
GTL,EQ,2026-09-07,7.13,7.3,7.07,7.25,7.24,7.11,256404,1855000.0,678,,191120.0,74.54,new
GTLINFRA,EQ,2026-09-07,1.16,1.21,1.16,1.2,1.21,1.16,69809746,82399000.0,13395,,33260693.0,47.64,new
GTPL,EQ,2026-09-07,59.0,59.02,57.52,58.91,59.0,58.67,76926,4513000.0,788,,50270.0,65.35,new
GUFICBIO,EQ,2026-09-07,449.9,467.8,438.85,448.0,446.7,444.9,382048,173391000.0,12436,,161980.0,42.4,new
GUJALKALI,EQ,2026-09-07,724.8,727.2,701.85,707.85,706.0,721.6,86704,61723000.0,5976,,30038.0,34.64,new
GUJAPOLLO,EQ,2026-09-07,362.35,363.35,338.75,345.2,342.1,355.95,16534,5743000.0,744,,10158.0,61.44,new
GUJENERGY,EQ,2026-09-07,265.0,267.0,261.5,261.93,261.9,263.59,1483233,390136000.0,29101,,895441.0,60.37,new
GUJRAFFIA,EQ,2026-09-07,41.45,41.45,40.01,40.9,40.9,41.0,1621,66000.0,32,,816.0,50.34,new
GUJTHEM,EQ,2026-09-07,414.9,442.0,409.1,429.3,426.25,411.35,1088263,470442000.0,31408,,512642.0,47.11,new
GULFOILLUB,EQ,2026-09-07,1060.0,1076.6,1048.0,1052.8,1054.5,1067.8,53249,56266000.0,6339,,26208.0,49.22,new
GULFPETRO,BE,2026-09-07,65.61,67.89,65.0,65.27,66.0,65.91,115544,7654000.000000001,414,,,,new
GULPOLY,EQ,2026-09-07,186.55,187.55,182.35,183.04,182.35,186.01,121930,22483000.0,2330,,68789.0,56.42,new
GURUNANAK,SM,2026-09-07,35.15,35.2,35.1,35.1,35.1,36.9,14400,505999.99999999994,9,,12800.0,88.89,new
GVKPIL,BE,2026-09-07,2.1,2.12,2.05,2.09,2.1,2.08,560924,1175000.0,835,,,,new
GVPIL,EQ,2026-09-07,647.0,682.0,641.0,655.15,655.2,649.6,230305,152736000.0,8098,,102360.0,44.45,new
GVPTECH,BE,2026-09-07,8.44,8.44,7.85,8.0,8.18,8.05,74554,609000.0,418,,,,new
GVT&D,EQ,2026-09-07,4334.5,4389.1,4321.1,4367.2,4367.2,4306.3,295967,1289522000.0,48602,,150022.0,50.69,new
GYFTR,EQ,2026-09-07,184.15,188.0,182.52,186.34,187.99,182.54,23288,4319000.0,528,,14885.0,63.92,new
HAL,EQ,2026-09-07,4884.8,4909.9,4835.4,4855.2,4855.2,4856.0,602641,2936680000.0,44859,,280912.0,46.61,new
HALDER,EQ,2026-09-07,294.65,294.65,270.25,286.6,290.0,293.5,23488,6776000.000000001,209,,6304.0,26.84,new
HALDYNGL,BE,2026-09-07,145.3,149.45,142.5,144.33,145.0,147.7,31734,4623000.0,308,,,,new
HALEOSLABS,EQ,2026-09-07,1462.8,1499.0,1450.0,1462.0,1450.0,1451.3,545,803999.9999999999,41,,377.0,69.17,new
HAMPTON,EQ,2026-09-07,8.18,8.18,7.61,8.11,8.15,7.86,368622,2990000.0,115,,367206.0,99.62,new
HAPPSTMNDS,EQ,2026-09-07,354.0,354.05,343.05,343.5,343.05,354.0,1292099,446459000.0,25018,,543285.0,42.05,new
HAPPY,SM,2026-09-07,87.85,88.0,85.0,86.0,86.0,89.65,32000,2756000.0,14,,24000.0,75.0,new
HAPPYFORGE,EQ,2026-09-07,2250.0,2287.4,2203.5,2231.4,2227.7,2238.5,45858,102429000.0,9286,,26632.0,58.07,new
HARDWYN,EQ,2026-09-07,9.15,9.28,9.14,9.17,9.17,9.13,311011,2854000.0,674,,164957.0,53.04,new
HARIOMPIPE,EQ,2026-09-07,360.85,378.0,357.4,365.2,364.55,359.2,183197,67604000.0,6202,,70825.0,38.66,new
HARRMALAYA,EQ,2026-09-07,190.0,198.0,188.0,189.85,188.7,192.72,9922,1894000.0000000002,475,,7076.0,71.32,new
HARSHA,EQ,2026-09-07,458.8,461.4,451.05,455.45,455.5,454.35,135432,61734000.0,5353,,78610.0,58.04,new
HATHWAY,EQ,2026-09-07,10.52,10.53,10.36,10.38,10.4,10.52,922339,9627000.0,2039,,481694.0,52.23,new
HATSUN,EQ,2026-09-07,1158.0,1158.1,1116.3,1132.8,1134.0,1168.8,66432,75103000.0,7344,,26876.0,40.46,new
HAVELLS,EQ,2026-09-07,1159.6,1159.7,1140.0,1150.0,1150.0,1154.0,882205,1012114000.0,58121,,496995.0,56.34,new
HAVISHA,EQ,2026-09-07,1.44,1.47,1.31,1.32,1.31,1.41,98394,133000.0,156,,80879.0,82.2,new
HAWKINCOOK,EQ,2026-09-07,8426.0,8426.0,8200.0,8254.0,8240.0,8406.5,1354,11228000.0,419,,704.0,51.99,new
HAZOOR,EQ,2026-09-07,19.6,19.99,19.33,19.85,19.9,19.13,252002,4972000.0,661,,146705.0,58.22,new
HBESD,EQ,2026-09-07,74.0,77.3,74.0,74.1,74.1,75.1,780,57999.99999999999,14,,775.0,99.36,new
HBLENGINE,EQ,2026-09-07,695.7,707.95,690.15,703.9,706.95,695.75,961999,670870000.0,26575,,360405.0,37.46,new
HBPOR,EQ,2026-09-07,58.62,61.1,58.5,60.46,60.5,58.38,726,43000.0,65,,716.0,98.62,new
HBSL,EQ,2026-09-07,56.0,56.0,52.0,52.43,52.38,54.91,7993,423000.00000000006,160,,5013.0,62.72,new
HCC,EQ,2026-09-07,23.0,23.67,22.75,23.54,23.6,22.98,31279184,729955000.0,33737,,11645880.0,37.23,new
HCG,EQ,2026-09-07,700.15,713.85,684.5,687.9,689.55,700.2,165572,115133000.0,16027,,89727.0,54.19,new
HCL-INSYS,EQ,2026-09-07,10.15,10.2,9.95,9.99,10.07,10.1,208739,2100000.0,897,,158996.0,76.17,new
HCLTECH,EQ,2026-09-07,1271.7,1286.8,1263.0,1282.8,1282.8,1293.4,2008363,2556691000.0,61309,,938694.0,46.74,new
HDBFS,EQ,2026-09-07,682.7,687.15,675.4,685.05,683.95,682.7,1539050,1051837000.0000001,18421,,1320704.0,85.81,new
HDFCAMC,EQ,2026-09-07,2468.8,2473.6,2432.0,2432.0,2432.0,2458.3,300166,735286000.0,25415,,188065.0,62.65,new
HDFCBANK,EQ,2026-09-07,712.1,713.0,707.05,710.5,710.5,712.1,12180390,8653416000.0,190729,,7666610.0,62.94,new
HDFCBSE500,EQ,2026-09-07,37.74,37.88,37.02,37.19,37.39,37.56,1265857,47134000.0,541,,768200.0,60.69,new
HDFCGOLD,EQ,2026-09-07,130.4,130.4,128.96,129.88,129.88,131.45,3238638,420064000.00000006,15459,,2234659.0,69.0,new
HDFCGROWTH,EQ,2026-09-07,118.88,118.88,117.2,117.39,117.25,118.29,21630,2541000.0,237,,12680.0,58.62,new
HDFCLIFE,EQ,2026-09-07,546.4,546.4,533.2,533.2,533.2,546.4,1190100,641424000.0,35398,,639482.0,53.73,new
HDFCLIQUID,EQ,2026-09-07,1077.84,1077.84,1076.85,1076.85,1076.85,1076.75,28363,30543000.0,62,,17325.0,61.08,new
HDFCLOWVOL,EQ,2026-09-07,20.5,20.5,20.34,20.35,20.35,20.48,4814,98000.0,96,,2068.0,42.96,new
HDFCMID150,EQ,2026-09-07,23.75,23.75,23.33,23.38,23.47,23.5,366427,8580000.0,2100,,235643.0,64.31,new
HDFCMOMENT,EQ,2026-09-07,30.99,31.19,30.25,31.0,31.01,30.99,126317,3915999.9999999995,805,,66160.0,52.38,new
HDFCNEXT50,EQ,2026-09-07,74.81,74.88,74.1,74.38,74.62,74.75,132021,9812000.0,1043,,81326.0,61.6,new
HDFCNIF100,EQ,2026-09-07,26.45,26.45,25.71,25.76,25.9,25.93,41544,1072000.0,481,,22194.0,53.42,new
HDFCNIFBAN,EQ,2026-09-07,60.7,60.7,58.7,58.84,58.87,59.22,237829,13991999.999999998,799,,116053.0,48.8,new
HDFCNIFIT,EQ,2026-09-07,32.03,33.6,31.94,32.06,32.13,32.86,184453,5942000.0,726,,99907.0,54.16,new
HDFCNIFTY,EQ,2026-09-07,274.3,274.3,266.3,268.29,268.42,270.3,98890,26570000.0,1656,,78094.0,78.97,new
HDFCNIMEG,EQ,2026-09-07,133.01,133.28,131.1,131.56,132.02,133.56,30510,4015000.0,168,,29575.0,96.94,new
HDFCPSUBK,EQ,2026-09-07,86.16,86.23,85.0,85.07,85.5,86.16,20087,1714000.0,271,,13167.0,65.55,new
HDFCPVTBAN,EQ,2026-09-07,29.09,29.09,28.16,28.25,28.16,28.39,395778,11202000.0,713,,240947.0,60.88,new
HDFCQUAL,EQ,2026-09-07,58.31,58.34,58.0,58.12,58.32,58.65,5358,312000.0,135,,3176.0,59.28,new
HDFCSENSEX,EQ,2026-09-07,88.19,88.19,78.44,86.47,86.73,87.15,46781,4044000.0,1020,,34121.0,72.94,new
HDFCSILVER,EQ,2026-09-07,221.8,221.8,218.0,219.9,219.8,222.7,2927057,642895000.0,12272,,1592441.0,54.4,new
HDFCSML250,EQ,2026-09-07,189.3,189.3,185.83,186.73,186.81,186.65,1018542,189929000.0,13847,,608060.0,59.7,new
HDFCVALUE,EQ,2026-09-07,125.88,125.88,124.25,124.54,125.0,125.88,8599,1073000.0,159,,5628.0,65.45,new
HDIL,BZ,2026-09-07,1.52,1.53,1.47,1.49,1.49,1.47,161530,244000.0,258,,,,new
HEADSUP,EQ,2026-09-07,7.48,7.48,6.66,7.02,7.36,7.21,2844,20000.0,93,,1449.0,50.95,new
HEALTHADD,EQ,2026-09-07,16.6,17.0,16.56,16.68,16.76,16.58,13107,218000.00000000003,264,,10849.0,82.77,new
HEALTHAXIS,EQ,2026-09-07,171.21,171.5,166.7,168.11,167.59,167.04,3053,511000.00000000006,110,,2333.0,76.42,new
HEALTHCARE,EQ,2026-09-07,21.94,21.99,21.49,21.64,21.67,21.51,47020,1016000.0,239,,19642.0,41.77,new
HEALTHIETF,EQ,2026-09-07,168.66,170.49,168.08,169.45,169.2,168.65,59893,10111000.0,1804,,31015.0,51.78,new
HEALTHX,EQ,2026-09-07,295.0,304.0,294.3,296.9,296.25,300.3,4706,1407000.0,69,,4337.0,92.16,new
HEALTHY,EQ,2026-09-07,17.26,17.29,16.79,17.03,17.1,16.84,327939,5556000.0,1383,,140951.0,42.98,new
HECPROJECT,EQ,2026-09-07,117.95,119.98,117.95,118.17,118.97,117.78,3073,364000.0,51,,2061.0,67.07,new
HEG,BE,2026-09-07,260.0,273.0,250.0,272.2,273.0,728.25,3615221,962420000.0000001,26923,,,,new
HEIDELBERG,EQ,2026-09-07,160.99,162.18,159.61,160.56,160.5,160.17,428563,68981000.0,5074,,262215.0,61.18,new
HEMIPROP,EQ,2026-09-07,127.0,127.0,124.76,125.08,124.98,126.55,204770,25725000.0,2365,,143518.0,70.09,new
HERANBA,EQ,2026-09-07,173.8,173.83,168.12,169.62,169.2,173.83,45360,7743000.000000001,1234,,26948.0,59.41,new
HERITGFOOD,EQ,2026-09-07,383.0,390.0,377.05,384.15,381.0,382.35,1306175,502774000.0,24275,,653780.0,50.05,new
HEROMOTOCO,EQ,2026-09-07,5300.0,5347.5,5270.0,5270.0,5270.0,5300.0,354258,1878421000.0,33227,,191625.0,54.09,new
HESTERBIO,EQ,2026-09-07,2405.4,2405.4,2330.1,2362.7,2378.0,2405.4,8149,19250000.0,1273,,2282.0,28.0,new
HEXAGON,BE,2026-09-07,67.2,67.22,65.0,65.72,66.0,67.23,135136,8885000.0,585,,,,new
HEXATRADEX,EQ,2026-09-07,157.65,159.9,157.0,158.58,159.25,157.65,337,53000.0,23,,251.0,74.48,new
HEXT,EQ,2026-09-07,528.6,528.6,518.05,522.85,523.5,528.6,126595,66155999.99999999,8181,,55756.0,44.04,new
HFCL,BE,2026-09-07,239.0,243.01,237.61,243.01,243.01,231.44,4679636,1132583000.0,11861,,,,new
HGINFRA,EQ,2026-09-07,482.0,491.55,479.3,488.7,489.9,482.0,48912,23806000.0,3405,,23640.0,48.33,new
HGM,EQ,2026-09-07,51.58,54.2,50.62,50.81,50.63,52.63,3567,186000.0,70,,2849.0,79.87,new
HGS,EQ,2026-09-07,400.95,400.95,395.0,395.55,395.0,399.25,6707,2658000.0,513,,4049.0,60.37,new
HIGREEN,SM,2026-09-07,124.0,124.0,121.0,123.9,123.9,124.0,13600,1682000.0,12,,12800.0,94.12,new
HIKAL,EQ,2026-09-07,222.01,257.0,218.82,243.0,243.5,222.3,31089358,7628274000.000001,276928,,1890725.0,6.08,new
HILINFRA,EQ,2026-09-07,43.51,44.59,43.4,43.72,43.97,44.45,69037,3017000.0,768,,40487.0,58.65,new
HILTON,EQ,2026-09-07,18.7,19.0,18.6,18.64,18.6,18.63,83413,1564000.0,305,,61099.0,73.25,new
HIMATSEIDE,EQ,2026-09-07,71.3,71.69,69.82,70.15,70.0,71.51,549464,38721000.0,3214,,263455.0,47.95,new
HINDADH,EQ,2026-09-07,377.9,377.9,353.05,361.25,366.0,370.9,1441,523000.00000000006,167,,942.0,65.37,new
HINDALCO,EQ,2026-09-07,1011.1,1014.8,999.8,1006.0,1006.0,1011.0,1848438,1856609999.9999998,43748,,1025205.0,55.46,new
HINDALUMI,EQ,2026-09-07,93.45,97.5,93.45,96.25,96.25,97.43,1737,166000.0,113,,981.0,56.48,new
HINDCOMPOS,EQ,2026-09-07,391.0,404.2,385.2,398.75,400.0,394.85,3471,1380000.0,188,,2878.0,82.92,new
HINDCON,EQ,2026-09-07,23.89,24.84,23.37,24.25,24.42,23.9,34266,831000.0,378,,23206.0,67.72,new
HINDCOPPER,EQ,2026-09-07,521.6,521.6,506.6,509.1,509.95,521.65,5991278,3071505000.0,91972,,2682489.0,44.77,new
HINDOILEXP,EQ,2026-09-07,185.0,193.99,184.46,188.85,188.0,185.0,2651804,505880000.0,29508,,810278.0,30.56,new
HINDPETRO,EQ,2026-09-07,355.0,356.9,349.55,356.9,356.9,356.5,3859485,1363575000.0,41960,,1861409.0,48.23,new
HINDUNILVR,EQ,2026-09-07,1972.0,1974.2,1958.0,1960.0,1960.0,1973.4,713057,1401834000.0,30463,,369578.0,51.83,new
HINDWAREAP,EQ,2026-09-07,182.5,184.07,179.78,182.54,182.5,182.61,74937,13602000.000000002,1865,,49590.0,66.18,new
HINDZINC,EQ,2026-09-07,597.85,598.0,587.5,589.15,589.15,601.0,3801807,2246033000.0,39425,,1848804.0,48.63,new
HIRECT,EQ,2026-09-07,1215.0,1235.0,1200.2,1211.9,1216.0,1222.4,61020,74047000.0,4683,,31121.0,51.0,new
HISARMETAL,EQ,2026-09-07,167.6,167.6,160.02,162.02,162.0,162.19,1223,196000.0,48,,1079.0,88.23,new
HITECH,EQ,2026-09-07,75.99,77.6,75.51,75.96,76.0,75.77,514424,39341000.0,5564,,305669.0,59.42,new
HITECHCORP,BE,2026-09-07,339.45,339.45,326.4,334.35,333.5,337.0,7494,2507000.0,50,,,,new
HITECHGEAR,BE,2026-09-07,587.4,592.0,566.0,567.3,570.5,567.15,6670,3847999.9999999995,142,,,,new
HLEGLAS,EQ,2026-09-07,335.9,342.0,330.15,336.25,338.0,333.65,292854,98677000.0,8778,,100822.0,34.43,new
HLVLTD,EQ,2026-09-07,6.46,6.6,6.28,6.41,6.38,6.48,194205,1238000.0,680,,135465.0,69.75,new
HMAAGRO,EQ,2026-09-07,20.9,20.92,20.59,20.66,20.69,20.84,563266,11683000.0,1839,,344763.0,61.21,new
HMT,BZ,2026-09-07,66.05,69.04,66.05,68.18,68.98,66.91,29199,1991000.0,326,,,,new
HMVL,BE,2026-09-07,84.99,85.68,83.11,83.45,83.15,84.28,37145,3120000.0,142,,,,new
HNDFDS,EQ,2026-09-07,611.1,634.0,611.1,628.9,626.0,615.05,100524,62355999.99999999,7364,,44579.0,44.35,new
HNGSNGBEES,EQ,2026-09-07,470.99,471.88,465.02,469.32,469.8,471.09,72290,33873000.0,5290,,42250.0,58.45,new
HOACFOODS,ST,2026-09-07,1010.0,1010.0,990.0,990.0,990.0,1009.95,4875,4871000.0,12,,4875.0,100.0,new
HOLMARC,SM,2026-09-07,106.0,106.0,102.1,103.9,103.95,105.05,8250,852999.9999999999,10,,5250.0,63.64,new
HOMEFIRST,EQ,2026-09-07,1209.6,1244.9,1206.1,1233.7,1239.0,1210.1,315751,388772000.0,26164,,169178.0,53.58,new
HONASA,EQ,2026-09-07,470.0,474.9,464.0,468.9,470.0,471.05,703603,330588000.0,23579,,324978.0,46.19,new
HONAUT,EQ,2026-09-07,35660.0,35895.0,35380.0,35565.0,35600.0,35655.0,1788,63660000.0,1172,,967.0,54.08,new
HONDAPOWER,EQ,2026-09-07,2033.9,2033.9,1995.0,1999.8,1995.0,2024.6,2937,5893000.0,626,,1590.0,54.14,new
HORIZONIND,EQ,2026-09-07,55.25,55.78,54.54,54.85,54.7,55.13,3005572,165402000.0,24535,,1633493.0,54.35,new
HPAL,EQ,2026-09-07,35.49,36.0,34.52,35.7,35.73,35.58,41013,1461000.0,828,,26853.0,65.47,new
HPIL,EQ,2026-09-07,122.0,123.75,120.1,121.87,121.8,123.75,140,17000.0,23,,111.0,79.29,new
HPL,EQ,2026-09-07,304.15,309.4,300.5,301.55,300.55,304.15,76591,23261000.0,3184,,35442.0,46.27,new
HPTL,SM,2026-09-07,322.25,322.25,322.25,322.25,322.25,329.75,600,193000.0,1,,600.0,100.0,new
HRHNEXT,SM,2026-09-07,26.6,26.65,25.2,25.2,25.2,25.4,24000,635000.0,10,,22500.0,93.75,new
HRYNSHP,EQ,2026-09-07,101.86,101.86,98.5,100.98,100.99,101.36,278,28000.000000000004,35,,211.0,75.9,new
HSBCGOLD,EQ,2026-09-07,137.86,137.86,127.17,132.11,132.25,133.81,33987,4475000.0,151,,29522.0,86.86,new
HSCL,EQ,2026-09-07,666.0,687.0,666.0,672.65,674.4,671.05,2666117,1805071000.0,43727,,889852.0,33.38,new
HTEL,BE,2026-09-07,73.4,75.45,72.0,73.25,73.5,73.65,1163441,86210000.0,5586,,,,new
HTMEDIA,EQ,2026-09-07,26.0,26.9,25.55,25.7,25.94,26.12,57931,1498000.0,429,,37258.0,64.31,new
HUBTOWN,EQ,2026-09-07,188.0,194.0,185.69,189.91,189.5,189.26,508005,96693000.0,6463,,279441.0,55.01,new
HUDCO,EQ,2026-09-07,180.6,181.05,178.54,179.24,179.15,180.52,716189,128532000.0,15142,,344478.0,48.1,new
HUHTAMAKI,EQ,2026-09-07,255.0,257.9,245.0,250.05,252.9,255.0,247720,61840000.0,5846,,120896.0,48.8,new
HVAX,SM,2026-09-07,640.0,653.95,633.65,651.3,653.95,667.0,1950,1246000.0,13,,1650.0,84.62,new
HYBRIDETF,EQ,2026-09-07,10.25,10.25,10.03,10.05,10.06,10.03,7834,79000.0,86,,6710.0,85.65,new
HYBRIDFIN,BE,2026-09-07,16.99,17.5,16.67,17.19,17.19,16.67,10009,168000.0,26,,,,new
HYUNDAI,EQ,2026-09-07,2195.0,2224.5,2190.2,2210.0,2210.0,2205.0,508562,1122867000.0,38989,,299851.0,58.96,new
IBLFL,SM,2026-09-07,58.0,60.9,58.0,60.9,60.9,58.0,20000,1203000.0,9,,18000.0,90.0,new
IBULLSLTD,EQ,2026-09-07,25.5,26.34,25.0,25.7,25.58,25.67,8153717,209712000.0,14672,,4477303.0,54.91,new
ICDSLTD,EQ,2026-09-07,71.56,77.69,64.31,67.32,67.0,71.45,120496,8162000.0,2177,,42685.0,35.42,new
ICELCO,SM,2026-09-07,122.8,122.8,115.1,116.3,115.1,119.05,19200,2279000.0,13,,14400.0,75.0,new
ICEMAKE,EQ,2026-09-07,739.0,739.0,720.3,724.75,725.0,738.6,8713,6345000.0,703,,5696.0,65.37,new
ICICIAMC,EQ,2026-09-07,2970.9,3038.2,2933.3,3013.7,3004.0,2970.9,279992,836087999.9999999,32961,,151650.0,54.16,new
ICICIB22,EQ,2026-09-07,113.14,116.0,113.14,113.84,113.97,114.34,133321,15197000.0,4377,,82407.0,61.81,new
ICICIBANK,EQ,2026-09-07,1428.0,1434.4,1422.6,1427.5,1427.5,1423.2,8035111,11464682000.0,126269,,5190287.0,64.6,new
ICICIGI,EQ,2026-09-07,1517.0,1517.0,1493.1,1493.4,1493.4,1510.0,426021,640555000.0,22352,,235032.0,55.17,new
ICICIPRULI,EQ,2026-09-07,491.0,492.0,470.65,470.65,470.65,494.55,1678977,806864000.0,34594,,698071.0,41.58,new
ICIL,EQ,2026-09-07,449.8,458.55,443.05,453.7,450.95,449.8,467699,210775000.0,15789,,180484.0,38.59,new
ICRA,EQ,2026-09-07,4975.0,5010.0,4901.1,4929.4,4923.0,4884.5,43495,215528000.00000003,6429,,25509.0,58.65,new
IDBI,EQ,2026-09-07,90.0,92.65,89.73,90.75,90.94,90.63,7985304,726716000.0,33363,,2462377.0,30.84,new
IDEA,EQ,2026-09-07,15.09,15.68,15.06,15.6,15.6,15.02,695355022,10784958000.0,975938,,199608307.0,28.71,new
IDEAFORGE,EQ,2026-09-07,777.0,791.65,762.0,765.45,765.85,777.05,253500,196611000.0,16138,,153971.0,60.74,new
IDENTICAL,SM,2026-09-07,18.05,18.05,18.05,18.05,18.05,18.05,2000,36000.0,1,,2000.0,100.0,new
IDFCFIRSTB,EQ,2026-09-07,86.29,86.79,85.9,86.44,86.44,86.71,10617041,916308000.0,42140,,6434282.0,60.6,new
IDFNIFTYET,EQ,2026-09-07,261.0,266.9,261.0,262.43,264.04,264.49,2513,663000.0,78,,2344.0,93.27,new
IEML,ST,2026-09-07,43.8,44.15,40.25,41.25,41.05,42.05,42000,1791000.0,51,,36000.0,85.71,new
IEX,EQ,2026-09-07,119.49,119.88,117.21,117.5,117.5,118.91,3730649,440317000.0,33587,,2203414.0,59.06,new
IFBAGRO,EQ,2026-09-07,896.85,919.85,894.6,896.25,897.0,903.3,3748,3386000.0,249,,2699.0,72.01,new
IFBIND,EQ,2026-09-07,1305.7,1337.6,1303.1,1313.6,1313.9,1305.7,21925,28956000.0,3047,,10669.0,48.66,new
IFCI,EQ,2026-09-07,104.9,107.36,101.4,102.51,102.29,101.38,207830587,21582227000.0,546172,,29415652.0,14.15,new
IFGLEXPOR,EQ,2026-09-07,204.0,205.47,202.5,203.79,204.1,204.69,9039,1843000.0,541,,5378.0,59.5,new
IGARASHI,EQ,2026-09-07,424.0,428.45,413.6,415.15,415.9,422.75,58243,24365000.0,2025,,34321.0,58.93,new
IGCL,EQ,2026-09-07,73.5,73.75,68.16,72.48,72.79,72.89,83569,6005000.0,1495,,46361.0,55.48,new
IGIL,EQ,2026-09-07,324.05,324.05,312.05,318.0,320.0,323.5,742176,235544999.99999997,26856,,410952.0,55.37,new
IGL,EQ,2026-09-07,157.0,157.0,154.5,154.8,155.69,158.04,1105359,171748000.0,15421,,523086.0,47.32,new
IGPL,EQ,2026-09-07,575.0,576.0,557.05,558.8,562.35,567.4,83345,47229000.0,4411,,45109.0,54.12,new
IIFL,EQ,2026-09-07,649.0,667.0,635.3,654.05,655.0,651.15,4742061,3093403000.0,96328,,1665138.0,35.11,new
IIFLCAPS,EQ,2026-09-07,341.4,342.95,339.85,340.45,341.0,341.2,565824,193455000.0,7528,,297299.0,52.54,new
IITL,EQ,2026-09-07,146.78,146.8,137.3,140.1,139.8,146.4,103995,15116000.0,1097,,15366.0,14.78,new
IKIO,EQ,2026-09-07,212.34,212.34,201.5,202.98,202.5,212.34,279865,57639000.0,4866,,148253.0,52.97,new
IKS,EQ,2026-09-07,1769.8,1799.0,1752.4,1788.0,1786.0,1759.9,127280,227352000.0,14653,,59250.0,46.55,new
IL&FSENGG,BZ,2026-09-07,37.5,37.65,37.0,37.0,37.0,36.75,30844,1154000.0,57,,,,new
IL&FSTRANS,BZ,2026-09-07,2.09,2.13,2.03,2.11,2.1,2.06,54588,114999.99999999999,72,,,,new
IMAGICAA,EQ,2026-09-07,55.95,57.44,54.5,54.86,55.63,55.38,1374657,77257000.0,5640,,603137.0,43.88,new
IMFA,EQ,2026-09-07,1275.0,1299.7,1272.1,1286.9,1298.0,1288.4,100370,128965000.00000001,9826,,55962.0,55.76,new
IMPAL,EQ,2026-09-07,1116.0,1180.2,1103.4,1114.2,1128.0,1114.6,6049,6911000.0,523,,3521.0,58.21,new
IMPEXFERRO,BZ,2026-09-07,4.81,4.81,4.81,4.81,4.81,4.72,13211,64000.0,17,,,,new
INA,EQ,2026-09-07,90.78,93.8,88.23,92.77,92.8,90.24,755743,69466000.0,7052,,339259.0,44.89,new
INCREDIBLE,EQ,2026-09-07,32.54,32.9,31.56,32.34,32.0,32.54,3017,98000.0,46,,3001.0,99.47,new
INDBANK,EQ,2026-09-07,28.98,28.99,28.01,28.16,28.2,28.58,63723,1805000.0,632,,50660.0,79.5,new
INDGN,EQ,2026-09-07,602.8,604.85,591.85,599.35,598.0,601.5,336187,200807000.0,22799,,193338.0,57.51,new
INDHOTEL,EQ,2026-09-07,719.9,720.45,709.2,716.2,716.2,720.0,2137419,1525102000.0,35230,,1169146.0,54.7,new
INDIACEM,EQ,2026-09-07,362.0,362.2,355.0,356.1,357.1,362.5,33475,11981000.0,2751,,16676.0,49.82,new
INDIAGLYCO,BE,2026-09-07,273.4,273.4,272.0,273.4,273.4,260.4,225992,61780999.99999999,1184,,,,new
INDIAMART,EQ,2026-09-07,1726.4,1727.9,1703.4,1706.4,1707.8,1726.4,54073,92499000.0,6302,,38674.0,71.52,new
INDIANB,EQ,2026-09-07,879.7,883.55,865.4,869.4,869.4,879.7,1005311,874887000.0000001,21366,,574132.0,57.11,new
INDIANCARD,EQ,2026-09-07,219.9,219.9,210.2,217.85,219.0,219.97,417,90000.0,38,,312.0,74.82,new
INDIANHUME,EQ,2026-09-07,388.5,401.85,386.1,394.9,394.75,387.8,45044,17806000.0,1705,,25776.0,57.22,new
INDIASHLTR,EQ,2026-09-07,677.1,678.9,663.7,672.15,667.05,677.1,88324,59360000.0,5539,,53934.0,61.06,new
INDIGO,EQ,2026-09-07,4950.0,5008.0,4944.0,5001.0,5001.0,4977.0,354874,1768765000.0000002,28042,,177660.0,50.06,new
INDIGOPNTS,EQ,2026-09-07,1182.0,1209.0,1157.9,1178.0,1172.3,1185.8,77673,92393000.0,10695,,37554.0,48.35,new
INDIGRID,IV,2026-09-07,175.75,175.75,175.04,175.39,175.39,175.49,649928,114039000.00000001,7784,,623529.0,95.94,new
INDIQUBE,EQ,2026-09-07,196.0,204.6,190.21,202.13,203.0,194.54,125698,25061000.0,2825,,57492.0,45.74,new
INDNIPPON,EQ,2026-09-07,1180.0,1180.0,1115.0,1128.4,1121.4,1158.2,38355,43652000.0,3029,,22132.0,57.7,new
INDOAMIN,BE,2026-09-07,125.55,130.0,125.5,127.23,128.5,125.96,83059,10634000.0,553,,,,new
INDOBORAX,EQ,2026-09-07,524.0,542.8,501.0,503.95,505.95,514.9,392536,204491000.0,15648,,129285.0,32.94,new
INDOCO,EQ,2026-09-07,249.3,257.24,248.06,250.7,251.28,262.51,315104,79482000.0,7376,,111814.0,35.48,new
INDOFARM,EQ,2026-09-07,135.0,135.0,131.0,131.65,132.3,134.03,72717,9637000.0,1817,,39292.0,54.03,new
INDOKEM,EQ,2026-09-07,639.0,645.0,630.05,636.35,640.0,625.55,4721,3005000.0,308,,3132.0,66.34,new
INDOMIM,EQ,2026-09-07,973.9,976.95,941.75,946.7,948.9,971.5,1601278,1538620000.0,77095,,578911.0,36.15,new
INDORAMA,EQ,2026-09-07,74.0,78.0,71.8,73.56,73.04,72.96,2102406,159019000.0,17976,,710363.0,33.79,new
INDOSTAR,EQ,2026-09-07,260.89,260.89,250.6,253.08,252.0,258.66,58965,14946000.0,1555,,33831.0,57.37,new
INDOTECH,EQ,2026-09-07,3666.4,3690.0,3558.1,3666.6,3653.0,3663.1,19314,69993000.0,2791,,12544.0,64.95,new
INDOTHAI,EQ,2026-09-07,33.97,37.53,33.97,37.53,37.53,35.75,16502372,595242000.0,12715,,8552247.0,51.82,new
INDOUS,EQ,2026-09-07,77.48,79.95,75.96,78.74,78.84,77.48,5684,442000.0,355,,3843.0,67.61,new
INDOWIND,EQ,2026-09-07,9.19,9.19,8.61,8.91,8.96,9.02,84385,752000.0,483,,68453.0,81.12,new
INDPRUD,EQ,2026-09-07,6300.0,6390.0,6260.0,6385.0,6385.0,6305.0,75,473000.00000000006,12,,75.0,100.0,new
INDRAMEDCO,EQ,2026-09-07,349.7,353.9,349.15,351.4,352.3,349.7,127117,44724000.0,4585,,70611.0,55.55,new
INDSWFTLAB,EQ,2026-09-07,351.5,373.45,351.0,368.7,368.85,355.95,650855,238671000.0,11774,,296393.0,45.54,new
INDTERRAIN,EQ,2026-09-07,30.42,31.39,30.0,30.74,30.78,30.42,8811,267000.0,55,,7310.0,82.96,new
INDUSINDBK,EQ,2026-09-07,1004.1,1017.9,995.0,998.0,998.0,1008.5,1418742,1425561000.0,52969,,709311.0,50.0,new
INDUSINVIT,IV,2026-09-07,134.33,134.33,132.9,132.97,132.91,133.94,238973,31866000.000000004,7658,,193702.0,81.06,new
INDUSTOWER,EQ,2026-09-07,379.25,383.75,376.0,376.45,376.45,376.8,4311184,1633682000.0,64622,,2065473.0,47.91,new
INFINIUM,SM,2026-09-07,283.0,283.0,270.0,274.9,275.0,264.0,7500,2064999.9999999998,15,,6000.0,80.0,new
INFLUX,SM,2026-09-07,287.0,289.0,281.0,288.6,289.0,291.35,22200,6309000.0,28,,15600.0,70.27,new
INFOBEAN,EQ,2026-09-07,161.27,161.27,158.14,159.73,160.0,162.08,185457,29589000.0,3538,,85413.0,46.06,new
INFOLLION,SM,2026-09-07,158.0,159.9,154.05,155.65,154.05,159.8,7200,1130000.0,18,,4800.0,66.67,new
INFOMEDIA,EQ,2026-09-07,5.35,5.57,5.2,5.43,5.46,5.35,15375,84000.0,62,,12451.0,80.98,new
INFRA,EQ,2026-09-07,12.05,12.1,11.97,11.98,11.99,12.04,19707,237000.0,182,,19418.0,98.53,new
INFRABEES,EQ,2026-09-07,969.0,969.0,947.7,949.48,949.75,956.45,6435,6114000.0,731,,3568.0,55.45,new
INFRAIETF,EQ,2026-09-07,94.51,95.2,94.21,94.39,94.7,94.8,71385,6745000.0,4393,,41781.0,58.53,new
INFY,EQ,2026-09-07,1109.5,1109.9,1085.0,1087.5,1087.5,1130.0,7668346,8390499000.000001,195551,,3794091.0,49.48,new
INGERRAND,EQ,2026-09-07,4840.0,4849.8,4713.5,4730.3,4736.6,4844.7,21053,99935000.0,3499,,11820.0,56.14,new
INNOMET,ST,2026-09-07,288.05,288.05,288.05,288.05,288.05,282.45,25200,7259000.0,24,,25200.0,100.0,new
INNOVACAP,EQ,2026-09-07,1198.9,1199.4,1155.0,1164.4,1170.0,1175.4,104975,123663000.00000001,14634,,43482.0,41.42,new
INNOVANA,EQ,2026-09-07,305.2,316.7,300.0,301.65,300.5,305.2,822,252999.99999999997,127,,408.0,49.64,new
INNOVISION,EQ,2026-09-07,260.0,260.0,254.9,256.25,255.6,254.9,8908,2284000.0,600,,4105.0,46.08,new
INOXGREEN,EQ,2026-09-07,175.0,175.1,169.01,172.28,175.1,175.1,1320442,225859000.0,11101,,591154.0,44.77,new
INOXINDIA,EQ,2026-09-07,2260.0,2265.0,2214.1,2231.4,2240.6,2247.8,154701,345472000.0,20497,,76771.0,49.63,new
INOXWIND,EQ,2026-09-07,74.5,75.99,73.66,75.6,75.6,74.4,15134302,1138088000.0,41440,,6154965.0,40.67,new
INSECTICID,EQ,2026-09-07,611.55,625.55,600.3,606.5,601.0,618.45,31882,19641000.0,2271,,19549.0,61.32,new
INSPIRISYS,EQ,2026-09-07,89.1,90.7,88.01,88.75,88.45,89.53,2089,186000.0,50,,1915.0,91.67,new
INSUREIETF,EQ,2026-09-07,15.32,15.32,15.05,15.06,15.16,15.23,468531,7072000.0,244,,324709.0,69.3,new
INTELLECT,EQ,2026-09-07,690.7,691.0,675.7,682.15,681.3,686.65,244782,166507000.0,12523,,118865.0,48.56,new
INTENTECH,EQ,2026-09-07,82.25,82.7,80.01,80.71,80.5,82.25,7085,577000.0,206,,5277.0,74.48,new
INTERARCH,EQ,2026-09-07,1707.0,1714.9,1688.0,1703.5,1705.5,1707.0,31615,53845000.00000001,4068,,19970.0,63.17,new
INTERNET,EQ,2026-09-07,14.6,14.98,14.46,14.53,14.57,14.61,182327,2657000.0,270,,102572.0,56.26,new
INTLCONV,EQ,2026-09-07,83.08,83.08,79.1,79.92,80.5,81.18,62311,5029000.0,1871,,38424.0,61.66,new
INVENTURE,EQ,2026-09-07,0.94,0.95,0.92,0.92,0.93,0.93,633483,591000.0,367,,493204.0,77.86,new
INVICTA,SM,2026-09-07,71.5,71.5,66.0,68.0,68.0,68.0,36800,2508000.0,23,,22400.0,60.87,new
INVPRECQ,BE,2026-09-07,1299.0,1299.0,1299.0,1299.0,1299.0,1273.6,1969,2558000.0,15,,,,new
IOB,EQ,2026-09-07,33.55,33.63,33.02,33.1,33.06,33.55,1509216,50023000.0,7838,,942971.0,62.48,new
IOC,EQ,2026-09-07,137.0,137.5,135.15,135.15,135.15,137.6,5955660,809958000.0,52239,,3395928.0,57.02,new
IOLCP,EQ,2026-09-07,202.9,217.5,202.5,213.04,215.39,199.95,10023570,2113048000.0,92421,,2669105.0,26.63,new
IONEXCHANG,EQ,2026-09-07,413.0,454.0,409.0,439.1,436.0,409.2,4902160,2168054000.0,112360,,1070626.0,21.84,new
IPCALAB,EQ,2026-09-07,1965.4,1978.4,1943.7,1959.1,1962.0,1965.3,92425,180794000.0,19617,,45728.0,49.48,new
IPHL,SM,2026-09-07,73.0,78.0,72.0,76.1,77.0,74.95,68400,5219000.0,49,,46800.0,68.42,new
IPL,EQ,2026-09-07,138.8,138.8,136.0,136.63,136.7,138.34,87993,12045000.0,1647,,46893.0,53.29,new
IPRINGLTD,EQ,2026-09-07,150.01,168.99,150.01,154.84,156.92,159.99,2504,388000.0,136,,1834.0,73.24,new
IRB,EQ,2026-09-07,19.6,19.67,19.23,19.25,19.26,19.65,4864321,94139000.0,13205,,2604051.0,53.53,new
IRBINVIT,IV,2026-09-07,64.8,64.89,64.53,64.71,64.8,64.54,521607,33753000.0,5283,,468114.0,89.74,new
IRCON,EQ,2026-09-07,119.0,120.09,117.5,117.71,117.8,119.25,1299800,153971000.0,20798,,435069.0,33.47,new
IRCTC,EQ,2026-09-07,476.05,477.7,473.65,474.5,475.0,476.05,405838,192773000.0,18046,,210635.0,51.9,new
IREDA,EQ,2026-09-07,113.27,113.99,112.6,112.95,112.95,113.64,2955590,333991000.0,22577,,1127392.0,38.14,new
IRFC,EQ,2026-09-07,83.5,83.9,82.63,83.0,83.0,83.4,5917347,492583000.0,35809,,2440335.0,41.24,new
IRIS,EQ,2026-09-07,271.4,271.4,256.01,260.35,259.0,265.92,33019,8688000.0,1370,,19867.0,60.17,new
IRISDOREME,EQ,2026-09-07,65.0,65.0,61.63,62.15,61.79,63.58,948563,60379999.99999999,4209,,325459.0,34.31,new
IRMENERGY,EQ,2026-09-07,282.1,288.0,281.0,284.5,285.9,281.4,64263,18269000.0,3158,,29814.0,46.39,new
ISFT,EQ,2026-09-07,81.5,84.18,81.49,83.1,83.6,81.61,127511,10599000.0,1054,,8803.0,6.9,new
ISGEC,EQ,2026-09-07,792.0,792.0,778.9,781.1,780.0,787.35,31403,24637000.0,3232,,16413.0,52.27,new
ISHAN,SM,2026-09-07,0.55,0.55,0.55,0.55,0.55,0.55,48000,26000.0,1,,48000.0,100.0,new
ISHANCH,EQ,2026-09-07,44.92,46.28,43.85,44.3,44.84,44.29,22763,1019999.9999999999,501,,14148.0,62.15,new
ISTLTD,EQ,2026-09-07,655.0,702.15,643.55,654.9,655.0,654.55,1918,1266000.0,122,,1591.0,82.95,new
IT,EQ,2026-09-07,34.79,34.79,33.2,33.32,33.41,34.09,508608,16998000.0,1704,,217544.0,42.77,new
ITADD,EQ,2026-09-07,32.5,32.73,31.68,31.79,31.98,32.57,195664,6222000.0,255,,154765.0,79.1,new
ITALIANE,SM,2026-09-07,32.1,32.2,32.1,32.2,32.2,33.5,6000,193000.0,3,,6000.0,100.0,new
ITAXIS,EQ,2026-09-07,335.64,338.0,328.6,330.42,331.4,339.03,8697,2878000.0,122,,6399.0,73.58,new
ITBEES,EQ,2026-09-07,35.0,35.0,33.22,33.33,33.4,34.09,10631291,355544000.0,28312,,6769533.0,63.68,new
ITBETA,EQ,2026-09-07,318.2,318.27,314.67,316.25,317.12,322.95,1297,411000.00000000006,61,,1297.0,100.0,new
ITC,EQ,2026-09-07,264.1,264.95,262.95,263.5,263.5,264.1,6688002,1763236000.0,149313,,3792130.0,56.7,new
ITCHOTELS,EQ,2026-09-07,161.0,161.0,157.5,157.77,157.7,161.23,1451816,230396999.99999997,24930,,872015.0,60.06,new
ITDC,EQ,2026-09-07,645.0,648.0,640.2,643.35,641.95,644.35,40483,26042000.0,2326,,12999.0,32.11,new
ITETF,EQ,2026-09-07,32.54,32.54,31.67,31.78,31.85,32.54,452051,14406000.0,1400,,249659.0,55.23,new
ITI,EQ,2026-09-07,272.1,275.9,269.15,270.6,271.0,272.5,171656,46751000.0,5321,,43843.0,25.54,new
ITIETF,EQ,2026-09-07,34.01,34.01,33.25,33.36,33.53,34.01,485884,16240000.0,2211,,346881.0,71.39,new
ITL,EQ,2026-09-07,369.85,375.75,364.05,364.45,370.0,364.55,5110,1873999.9999999998,95,,4537.0,88.79,new
ITTL,ST,2026-09-07,65.45,65.45,65.45,65.45,65.45,64.2,630,41000.0,4,,630.0,100.0,new
IVALUE,EQ,2026-09-07,231.87,235.95,225.65,227.02,228.6,230.26,114721,26342000.0,3334,,68515.0,59.72,new
IVC,EQ,2026-09-07,10.19,10.48,10.0,10.28,10.25,10.24,784795,8092000.0,1856,,525745.0,66.99,new
IVP,BE,2026-09-07,203.34,213.5,203.0,212.46,213.5,203.34,34624,7278000.0,248,,,,new
IVZBANKNF,EQ,2026-09-07,56.41,57.16,56.41,57.05,57.05,57.56,393,22000.0,17,,245.0,62.34,new
IVZINGOLD,EQ,2026-09-07,133.6,133.6,131.1,131.85,131.75,133.95,38012,5003000.0,322,,26498.0,69.71,new
IVZINNIFTY,EQ,2026-09-07,274.53,274.53,272.68,273.0,273.0,274.53,2129,581000.0,47,,2079.0,97.65,new
IVZSENSEX,EQ,2026-09-07,78.1,78.59,75.93,76.28,76.28,76.56,2082,159000.0,35,,1339.0,64.31,new
IWARE,ST,2026-09-07,494.0,504.9,461.5,478.5,478.5,485.35,24600,11871000.0,39,,22200.0,90.24,new
IWP,EQ,2026-09-07,33.2,34.94,33.2,34.41,34.4,34.38,6764,233000.0,66,,6164.0,91.13,new
IXIGO,EQ,2026-09-07,168.85,168.85,164.4,167.39,166.2,166.75,504059,83870000.0,16177,,275697.0,54.7,new
IZMO,EQ,2026-09-07,898.5,950.0,878.0,924.5,920.0,902.45,205930,189215000.0,14538,,69377.0,33.69,new
J&KBANK,EQ,2026-09-07,150.09,150.09,146.5,147.88,148.29,150.02,1078053,159352000.0,16788,,531593.0,49.31,new
JAGRAN,EQ,2026-09-07,61.4,62.0,60.82,61.81,61.75,60.98,252138,15457000.0,2473,,151205.0,59.97,new
JAGSNPHARM,EQ,2026-09-07,242.06,247.96,237.2,239.06,239.8,242.06,59705,14354000.0,2502,,31668.0,53.04,new
JAIBALAJI,EQ,2026-09-07,71.0,72.5,66.3,69.71,69.98,69.73,2563416,180274000.0,8571,,1488730.0,58.08,new
JAICORPLTD,EQ,2026-09-07,99.55,100.3,98.1,98.56,98.1,99.52,245829,24358000.0,3328,,119067.0,48.43,new
JAINAM,SM,2026-09-07,213.65,213.65,213.65,213.65,213.65,203.5,500,107000.0,1,,500.0,100.0,new
JAINIK,SM,2026-09-07,212.0,212.0,210.0,211.0,210.0,209.2,4800,1015000.0,4,,4800.0,100.0,new
JAINREC,EQ,2026-09-07,277.9,290.6,277.9,281.35,282.9,277.95,1350135,384493000.0,26580,,427358.0,31.65,new
JAIPURKURT,EQ,2026-09-07,24.85,25.71,24.85,25.49,25.49,25.33,26169,655000.0,206,,18348.0,70.11,new
JALAN,ST,2026-09-07,1.8,1.8,1.8,1.8,1.8,1.8,3000,5000.0,1,,3000.0,100.0,new
JAMNAAUTO,EQ,2026-09-07,120.17,127.0,120.17,126.61,126.99,120.69,3705464,464021000.0,29853,,1563602.0,42.2,new
JARO,EQ,2026-09-07,445.1,447.4,441.0,443.4,442.0,445.65,102854,45792000.0,1995,,15122.0,14.7,new
JASH,EQ,2026-09-07,498.0,514.0,490.0,511.15,513.0,478.5,484422,243938000.0,18849,,192907.0,39.82,new
JAYAGROGN,EQ,2026-09-07,230.6,234.0,227.0,228.33,231.0,230.6,11160,2558000.0,183,,9079.0,81.35,new
JAYBARMARU,EQ,2026-09-07,122.5,123.97,118.61,120.19,120.44,122.29,261651,31570999.999999996,3216,,180898.0,69.14,new
JAYBEE,SM,2026-09-07,86.0,86.0,81.0,81.7,81.7,84.35,40500,3335000.0,71,,35000.0,86.42,new
JAYESH,SM,2026-09-07,139.0,139.9,134.4,139.9,139.9,134.4,8000,1086000.0,4,,8000.0,100.0,new
JAYKAY,EQ,2026-09-07,154.2,160.78,151.51,158.73,159.1,153.69,587254,91746000.0,11103,,235893.0,40.17,new
JAYKAY-RE1,BE,2026-09-07,70.05,80.0,70.0,76.05,77.4,78.69,252501,18500000.0,2184,,,,new
JAYNECOIND,EQ,2026-09-07,90.62,93.07,89.03,89.67,89.58,89.04,8499629,772740000.0,36025,,3617347.0,42.56,new
JAYSREETEA,EQ,2026-09-07,100.54,103.0,98.1,98.61,98.11,98.95,55012,5510000.0,955,,26851.0,48.81,new
JBMA,EQ,2026-09-07,622.8,625.5,610.9,613.6,614.0,625.6,203154,125232000.0,8413,,113153.0,55.7,new
JENBURPH,EQ,2026-09-07,1022.2,1057.0,1022.2,1043.0,1040.8,1038.8,575,600000.0,73,,486.0,84.52,new
JETFREIGHT,EQ,2026-09-07,21.28,21.56,20.0,20.31,20.5,21.18,185078,3836999.9999999995,1433,,101530.0,54.86,new
JEYYAM,ST,2026-09-07,22.1,22.1,21.7,22.1,22.1,22.15,12000,264000.0,6,,12000.0,100.0,new
JFLLIFE,SM,2026-09-07,10.05,10.05,9.65,9.65,9.65,9.85,18000,179000.0,3,,12000.0,66.67,new
JGCHEM,EQ,2026-09-07,596.05,608.1,577.4,581.35,588.0,598.15,285713,168384000.0,10947,,128628.0,45.02,new
JHS,EQ,2026-09-07,7.89,8.15,7.85,7.99,8.1,7.89,22920,184000.0,151,,16478.0,71.89,new
JINDALPHOT,EQ,2026-09-07,1021.2,1028.8,1007.2,1010.8,1007.2,1021.2,1748,1773000.0,230,,1385.0,79.23,new
JINDALPOLY,EQ,2026-09-07,672.35,719.5,672.35,699.1,698.0,672.35,38473,26982000.0,2874,,18665.0,48.51,new
JINDALSAW,EQ,2026-09-07,311.0,312.6,305.55,309.55,308.1,305.3,2210468,684135000.0,28927,,1301651.0,58.89,new
JINDALSTEL,EQ,2026-09-07,1164.5,1168.0,1130.0,1147.9,1147.9,1165.0,752810,859142000.0,33377,,239382.0,31.8,new
JINDRILL,EQ,2026-09-07,666.95,686.9,653.7,664.15,666.0,663.05,722088,487170000.0,27253,,220828.0,30.58,new
JINDWORLD,EQ,2026-09-07,59.15,61.99,52.02,58.52,58.5,57.51,95411627,5478836000.0,231137,,13212831.0,13.85,new
JIOFIN,EQ,2026-09-07,239.0,239.3,234.4,234.4,234.4,239.5,10127575,2387168000.0,69660,,6146687.0,60.69,new
JISLDVREQS,EQ,2026-09-07,22.29,22.4,21.32,21.99,21.98,21.93,84004,1852000.0,296,,55685.0,66.29,new
JISLJALEQS,EQ,2026-09-07,31.35,32.94,30.61,32.51,32.4,30.87,17973234,577704000.0,42924,,4340587.0,24.15,new
JITFINFRA,EQ,2026-09-07,307.0,307.8,296.1,301.0,300.15,304.5,22805,6869000.0,708,,15362.0,67.36,new
JIWANRAM,SM,2026-09-07,4.4,4.4,4.25,4.25,4.25,4.3,132000,575000.0,20,,90000.0,68.18,new
JKCEMENT,EQ,2026-09-07,5083.5,5106.5,5021.0,5047.0,5049.5,5083.5,37329,188879000.0,15633,,23754.0,63.63,new
JKIL,EQ,2026-09-07,487.05,492.8,484.35,491.3,491.8,487.35,43503,21305000.0,2862,,26607.0,61.16,new
JKIPL,EQ,2026-09-07,104.98,104.98,98.05,98.56,98.05,100.56,5563,555000.0,252,,4046.0,72.73,new
JKLAKSHMI,EQ,2026-09-07,516.1,518.95,505.9,507.15,507.1,515.7,162822,83048000.0,6388,,105409.0,64.74,new
JKPAPER,EQ,2026-09-07,410.15,429.7,409.0,420.05,419.5,405.8,2617975,1105334000.0,52007,,632113.0,24.15,new
JKTYRE,EQ,2026-09-07,368.45,369.9,366.55,368.45,368.0,367.35,241365,88866000.0,7683,,100133.0,41.49,new
JLHL,EQ,2026-09-07,284.0,289.9,283.25,285.4,288.0,286.45,50788,14488999.999999998,3528,,24463.0,48.17,new
JMA,EQ,2026-09-07,92.15,92.19,90.0,90.04,90.0,90.58,5812,527000.0,103,,5162.0,88.82,new
JMFINANCIL,EQ,2026-09-07,132.77,132.85,129.0,130.28,130.24,132.06,3350488,436397999.99999994,29434,,1747222.0,52.15,new
JNKINDIA,EQ,2026-09-07,448.95,450.0,428.85,435.35,433.0,445.05,69670,30558999.999999996,3042,,37378.0,53.65,new
JNPR,EQ,2026-09-07,264.0,268.4,258.0,260.65,262.0,265.1,277307,72747000.0,8126,,130751.0,47.15,new
JOCIL,EQ,2026-09-07,150.4,167.4,147.51,159.32,159.0,154.3,54555,8681000.0,895,,28588.0,52.4,new
JPOLYINVST,EQ,2026-09-07,997.45,1019.9,993.1,1006.8,1007.0,997.45,4998,5018000.0,620,,2378.0,47.58,new
JPPOWER,EQ,2026-09-07,16.29,17.14,16.09,16.79,16.75,16.29,91476432,1529144000.0,71867,,21794757.0,23.83,new
JSFB,EQ,2026-09-07,533.4,540.05,528.5,538.5,539.8,535.1,358223,191812000.0,14370,,182163.0,50.85,new
JSL,EQ,2026-09-07,737.95,741.0,728.0,736.8,735.0,737.85,536059,394490000.0,23813,,341800.0,63.76,new
JSLL,EQ,2026-09-07,518.65,531.05,513.7,516.75,518.8,516.3,604190,315064000.0,21113,,254069.0,42.05,new
JSWCEMENT,EQ,2026-09-07,123.6,125.0,121.16,121.81,121.44,124.07,1140728,139719000.0,31320,,690235.0,60.51,new
JSWDULUX,EQ,2026-09-07,3182.0,3238.5,3161.0,3186.8,3185.0,3174.5,31552,100676000.0,5902,,11799.0,37.4,new
JSWENERGY,EQ,2026-09-07,539.9,541.25,528.0,530.0,530.0,539.85,2738335,1460592000.0,34633,,1620418.0,59.18,new
JSWHL,EQ,2026-09-07,11549.0,11549.0,11312.0,11372.0,11376.0,11472.0,1253,14251000.0,584,,709.0,56.58,new
JSWINFRA,EQ,2026-09-07,333.4,338.65,330.0,330.85,330.05,333.0,2486873,831669000.0,48697,,1640104.0,65.95,new
JSWSTEEL,EQ,2026-09-07,1334.3,1335.0,1301.0,1302.0,1302.0,1325.0,1276231,1676208000.0000002,33678,,568708.0,44.56,new
JTEKTINDIA,EQ,2026-09-07,121.46,122.0,119.55,121.3,122.0,121.27,159794,19257000.0,1603,,112372.0,70.32,new
JTLIND,EQ,2026-09-07,92.42,92.42,88.0,89.51,88.94,91.67,2749009,245366000.0,18830,,1259859.0,45.83,new
JUBLCPL,EQ,2026-09-07,2222.6,2273.9,2191.1,2206.6,2210.0,2222.6,8080,17974000.0,1258,,4526.0,56.01,new
JUBLFOOD,EQ,2026-09-07,482.0,484.2,472.1,475.4,475.4,482.7,391181,186877000.0,10088,,115946.0,29.64,new
JUBLINGREA,EQ,2026-09-07,680.7,684.95,669.15,675.35,677.6,680.3,107000,72383000.0,7084,,61414.0,57.4,new
JUBLPHARMA,EQ,2026-09-07,928.0,954.2,918.0,950.3,950.45,924.5,317471,298173000.0,21011,,160939.0,50.69,new
JUNIORBEES,EQ,2026-09-07,790.0,796.3,785.2,786.26,788.5,791.07,260292,204992000.0,15360,,173663.0,66.72,new
JUNIPER,EQ,2026-09-07,216.8,217.95,214.5,215.33,215.0,216.82,64582,13919999.999999998,2234,,42429.0,65.7,new
JUSTDIAL,EQ,2026-09-07,699.8,701.35,685.1,698.75,699.7,692.85,132821,92324000.0,5852,,52011.0,39.16,new
JWL,EQ,2026-09-07,243.24,248.4,243.24,244.99,245.0,243.24,625971,153605000.0,15757,,189379.0,30.25,new
JYOTHYLAB,EQ,2026-09-07,203.0,203.0,194.2,195.1,194.88,201.54,906846,178804000.0,19037,,545241.0,60.12,new
JYOTICNC,EQ,2026-09-07,1002.5,1024.85,998.05,1020.65,1020.2,1003.9,927422,939520999.9999999,37953,,457189.0,49.3,new
JYOTIGLOBL,SM,2026-09-07,40.3,42.3,40.3,42.3,42.3,40.3,28000,1170000.0,13,,28000.0,100.0,new
JYOTIRES,EQ,2026-09-07,855.25,875.9,852.3,868.75,872.0,868.1,5575,4829000.0,559,,3015.0,54.08,new
JYOTISTRUC,EQ,2026-09-07,10.05,10.3,9.82,10.16,10.15,10.02,6554240,66184000.0,5030,,3387730.0,51.69,new
K2INFRA,ST,2026-09-07,48.0,50.2,47.4,47.4,47.4,48.8,17400,844000.0,28,,16200.0,93.1,new
KABRAEXTRU,EQ,2026-09-07,587.0,642.0,587.0,634.5,639.0,579.15,759426,478356000.00000006,26286,,247316.0,32.57,new
KAJARIACER,EQ,2026-09-07,1235.0,1239.6,1215.0,1220.5,1219.0,1239.6,124971,153325000.0,9128,,68840.0,55.08,new
KAKATCEM,EQ,2026-09-07,108.1,113.0,108.1,109.14,108.7,109.6,3671,405999.99999999994,112,,2179.0,59.36,new
KALAMANDIR,EQ,2026-09-07,86.49,86.93,85.6,85.93,86.1,86.49,213711,18375000.0,2149,,127569.0,59.69,new
KALANA,SM,2026-09-07,18.8,19.6,18.8,19.6,19.6,18.8,16000,312000.0,8,,14000.0,87.5,new
KALPATARU,EQ,2026-09-07,273.1,277.65,273.1,275.9,274.0,277.65,10479,2883000.0,525,,5853.0,55.85,new
KALYANIFRG,BE,2026-09-07,1087.1,1087.1,1027.0,1027.0,1027.0,1081.05,3993,4144000.0,359,,,,new
KALYANKJIL,EQ,2026-09-07,600.0,602.75,590.0,591.0,591.0,598.8,3808474,2267421000.0,46319,,978905.0,25.7,new
KAMAHOLD,EQ,2026-09-07,2368.0,2368.0,2321.0,2331.1,2325.1,2348.2,3887,9072000.0,516,,2410.0,62.0,new
KAMANWALA,EQ,2026-09-07,16.59,16.99,16.5,16.53,16.5,16.59,620,10000.0,18,,617.0,99.52,new
KAMATHOTEL,EQ,2026-09-07,224.13,229.0,221.13,228.19,227.0,225.51,50009,11260000.0,1259,,23873.0,47.74,new
KAMDHENU,BE,2026-09-07,39.63,40.2,39.15,39.88,39.9,39.24,817834,32464999.999999996,3541,,,,new
KAMOPAINTS,EQ,2026-09-07,4.53,4.59,4.31,4.4,4.41,4.53,336415,1487000.0,891,,232060.0,68.98,new
KANANIIND,EQ,2026-09-07,1.54,1.55,1.5,1.52,1.51,1.52,70990,108000.0,240,,51527.0,72.58,new
KANCHI,EQ,2026-09-07,409.7,409.7,398.0,403.05,404.75,409.7,1467,590000.0,102,,1069.0,72.87,new
KANCOTEA,EQ,2026-09-07,54.85,58.7,52.45,56.4,56.4,54.85,185,11000.0,9,,183.0,98.92,new
KANDARP,SM,2026-09-07,98.5,98.5,98.5,98.5,98.5,97.0,1000,99000.0,1,,1000.0,100.0,new
KANORICHEM,BE,2026-09-07,153.05,157.5,153.05,155.41,155.1,155.56,11807,1836000.0,221,,,,new
KANPRPLA,EQ,2026-09-07,253.0,254.85,238.1,240.1,245.0,250.2,28881,7027000.0,1696,,18745.0,64.9,new
KANSAINER,EQ,2026-09-07,193.85,196.9,193.25,194.28,193.25,194.2,142743,27893000.0,6060,,75529.0,52.91,new
KAPSTON,EQ,2026-09-07,584.05,586.45,560.3,566.5,570.0,584.05,81363,46240000.0,3401,,47617.0,58.52,new
KARMAENG,EQ,2026-09-07,37.45,38.24,37.2,37.3,37.2,37.45,1761,66000.0,51,,1729.0,98.18,new
KARNIKA,SM,2026-09-07,117.55,120.5,117.35,120.1,120.0,118.3,40000,4771000.0,25,,34000.0,85.0,new
KARURVYSYA,EQ,2026-09-07,348.0,351.2,341.0,341.7,341.5,348.85,1235358,426085999.99999994,30389,,697852.0,56.49,new
KATARIA,SM,2026-09-07,113.0,128.9,113.0,128.9,128.9,107.45,132000,16838000.0,112,,130200.0,98.64,new
KAUSHALYA,BE,2026-09-07,886.0,886.0,850.5,874.9,874.9,850.0,50,43000.0,21,,,,new
KAVDEFENCE,EQ,2026-09-07,70.05,72.97,65.61,66.51,65.8,67.14,1750897,119864000.00000001,17196,,747888.0,42.71,new
KAYA,BE,2026-09-07,359.0,362.35,349.0,362.3,362.2,345.1,20277,7339000.0,384,,,,new
KAYNES,EQ,2026-09-07,3588.8,3734.8,3571.1,3604.0,3604.0,3598.0,1148533,4200187999.9999995,78895,,266599.0,23.21,new
KAYTEX,SM,2026-09-07,58.0,58.0,55.5,57.8,57.8,56.5,4000,229000.0,5,,2400.0,60.0,new
KCEIL,SM,2026-09-07,79.5,80.4,78.0,78.35,78.25,79.1,14500,1137000.0,28,,12000.0,82.76,new
KCK,ST,2026-09-07,14.7,15.3,14.6,15.2,15.3,15.35,100000,1489000.0,19,,95000.0,95.0,new
KCP,EQ,2026-09-07,163.3,164.81,160.54,163.3,164.5,162.38,168236,27392000.0,2875,,89506.0,53.2,new
KCPSUGIND,BE,2026-09-07,31.43,32.9,31.31,31.88,31.82,32.07,133957,4262000.0,462,,,,new
KDDL,EQ,2026-09-07,3900.0,4025.0,3900.0,3991.9,3978.0,3911.0,46216,184572000.0,8445,,23336.0,50.49,new
KDGREEN,EQ,2026-09-07,50.19,53.0,48.05,48.57,48.05,50.44,415996,20544000.0,2495,,69684.0,16.75,new
KDL,SM,2026-09-07,94.0,94.0,89.1,91.45,92.0,92.45,12450,1141000.0,59,,7800.0,62.65,new
KEC,EQ,2026-09-07,408.55,409.8,399.55,401.65,401.9,408.55,720450,290229000.0,24707,,375697.0,52.15,new
KECL,EQ,2026-09-07,126.78,128.0,122.2,122.93,123.6,126.41,106450,13240000.0,2402,,66021.0,62.02,new
KEEPLEARN,EQ,2026-09-07,2.0,2.24,1.89,1.91,1.91,1.87,173243,351000.0,151,,168606.0,97.32,new
KEI,EQ,2026-09-07,4850.0,4871.0,4678.0,4704.0,4704.0,4850.0,1220350,5765877000.0,109374,,574178.0,47.05,new
KELLTONTEC,EQ,2026-09-07,13.95,14.0,13.51,13.62,13.69,13.87,2692298,36820000.0,4846,,1382329.0,51.34,new
KEN,SM,2026-09-07,39.0,39.95,38.15,38.15,38.15,39.0,7200,280000.0,6,,6000.0,83.33,new
KENNAMET,EQ,2026-09-07,4717.0,4799.8,4654.0,4693.0,4671.0,4688.5,32325,153043000.0,6800,,18694.0,57.83,new
KERNEX,EQ,2026-09-07,1830.0,1864.0,1750.0,1769.3,1777.9,1817.0,280918,504614000.00000006,21566,,122131.0,43.48,new
KESORAMIND,BE,2026-09-07,11.11,11.11,11.11,11.11,11.11,10.9,293437,3260000.0,212,,,,new
KEYFINSERV,EQ,2026-09-07,252.9,252.9,244.2,248.6,246.0,245.05,629,156000.0,68,,328.0,52.15,new
KFINTECH,EQ,2026-09-07,928.8,932.8,918.05,922.5,922.5,928.9,301718,279297000.0,12380,,106579.0,35.32,new
KHADIM,BE,2026-09-07,117.0,117.0,116.0,116.0,116.0,117.3,49507,5766000.0,79,,,,new
KHAICHEM,EQ,2026-09-07,54.97,55.0,53.1,53.6,53.55,54.86,106909,5764000.0,1390,,57221.0,53.52,new
KHAITANLTD,EQ,2026-09-07,163.0,164.0,150.51,162.35,163.8,162.0,6696,1042000.0,182,,4234.0,63.23,new
KHANDSE,EQ,2026-09-07,18.48,18.58,16.96,17.61,17.76,18.38,3101,55000.00000000001,117,,1899.0,61.24,new
KHFM,SM,2026-09-07,46.9,46.9,46.9,46.9,46.9,44.95,1550,73000.0,1,,1550.0,100.0,new
KICL,EQ,2026-09-07,5173.0,5246.0,5150.0,5196.0,5180.0,5203.0,419,2177000.0,136,,258.0,61.58,new
KILITCH,BE,2026-09-07,181.0,188.0,181.0,187.82,188.0,180.95,47535,8846000.0,371,,,,new
KIMS,EQ,2026-09-07,760.0,770.6,758.1,764.55,765.7,764.1,135387,103342000.0,10947,,78420.0,57.92,new
KINGFA,EQ,2026-09-07,5915.0,6098.5,5880.0,6056.5,6044.0,5932.5,12213,73562000.0,4541,,7212.0,59.05,new
KIOCL,EQ,2026-09-07,382.1,384.2,375.0,376.5,376.0,382.1,73813,27936000.0,2330,,39127.0,53.01,new
KIRANVYPAR,EQ,2026-09-07,204.0,207.78,204.0,204.65,204.0,205.41,1193,244000.0,30,,1193.0,100.0,new
KIRIINDUS,EQ,2026-09-07,565.05,603.95,565.05,583.2,578.55,559.1,3877065,2287809000.0,72104,,1217538.0,31.4,new
KIRLFER,EQ,2026-09-07,462.7,463.5,457.5,460.1,458.0,459.6,47157,21697000.0,3260,,35554.0,75.39,new
KIRLOSBROS,EQ,2026-09-07,1862.0,1869.3,1825.0,1832.4,1839.8,1862.0,26166,48154000.0,5867,,12981.0,49.61,new
KIRLOSENG,EQ,2026-09-07,2180.0,2218.5,2156.5,2174.8,2160.0,2201.9,237548,517545000.0,25448,,117007.0,49.26,new
KIRLOSIND,EQ,2026-09-07,3720.0,3743.9,3689.9,3715.1,3701.3,3731.5,2583,9594000.0,835,,1505.0,58.27,new
KIRLPNU,EQ,2026-09-07,762.8,768.8,754.7,760.15,762.0,760.45,99244,75631000.0,9024,,56840.0,57.27,new
KISSHT,EQ,2026-09-07,307.05,326.0,306.55,320.95,320.95,309.3,2052956,655195000.0,41222,,997349.0,48.58,new
KITEX,EQ,2026-09-07,127.99,128.96,126.55,127.77,126.75,128.85,283393,36199000.0,3602,,133595.0,47.14,new
KJMCFIN,EQ,2026-09-07,63.14,65.88,60.23,61.84,61.82,63.14,5578,347000.0,113,,2695.0,48.31,new
KKCL,EQ,2026-09-07,519.85,522.8,502.0,504.5,507.5,514.3,17767,9092000.0,1820,,8962.0,50.44,new
KLBRENG-B,EQ,2026-09-07,468.05,476.0,456.3,461.2,461.1,467.85,278310,129894000.0,8988,,150618.0,54.12,new
KLL,SM,2026-09-07,25.0,26.8,24.5,24.8,24.5,25.0,64000,1632999.9999999998,45,,49600.0,77.5,new
KMCSHIL,EQ,2026-09-07,140.37,140.4,135.0,135.73,135.8,138.24,70725,9651000.0,1729,,38852.0,54.93,new
KMEW,EQ,2026-09-07,3033.4,3060.4,2910.0,2961.6,2968.0,3033.4,80097,237088000.0,12710,,35099.0,43.82,new
KMSUGAR,EQ,2026-09-07,30.65,31.99,30.6,30.71,30.77,30.68,350469,10908000.0,2423,,140984.0,40.23,new
KNACK,EQ,2026-09-07,189.72,190.0,185.0,185.93,185.4,187.3,664588,123964000.00000001,5453,,290418.0,43.7,new
KNAGRI,EQ,2026-09-07,200.0,201.9,198.91,201.18,201.0,199.4,3513,703000.0,225,,2226.0,63.36,new
KNRCON,EQ,2026-09-07,124.0,125.64,121.95,122.75,122.8,124.66,995698,123095000.0,11570,,448591.0,45.05,new
KODYTECH,ST,2026-09-07,1594.0,1594.0,1513.0,1530.0,1539.9,1569.95,6100,9397000.0,52,,5600.0,91.8,new
KOHINOOR,EQ,2026-09-07,33.0,33.0,30.5,30.87,30.85,32.77,309835,9758000.0,3282,,152957.0,49.37,new
KOKUYOCMLN,EQ,2026-09-07,80.81,81.0,78.88,79.43,79.06,80.61,55343,4423000.0,698,,34515.0,62.37,new
KOLTEPATIL,EQ,2026-09-07,440.0,446.2,437.8,443.6,445.0,441.85,53573,23712000.0,2767,,28390.0,52.99,new
KONSTELEC,ST,2026-09-07,62.5,65.0,59.45,64.35,64.35,62.05,81000,5107000.0,41,,70000.0,86.42,new
KONTOR,SM,2026-09-07,52.95,52.95,49.3,51.25,52.0,52.95,9000,457000.0,12,,5400.0,60.0,new
KOPRAN,EQ,2026-09-07,234.2,253.71,230.5,245.87,245.6,232.54,2037485,495737000.0,28291,,1047563.0,51.41,new
KORE,SM,2026-09-07,136.15,136.15,136.15,136.15,136.15,123.8,16500,2246000.0,34,,13500.0,81.82,new
KOTAKBANK,EQ,2026-09-07,421.8,425.7,421.0,422.1,422.1,424.5,7148641,3023375000.0,131582,,4731381.0,66.19,new
KOTARISUG,BE,2026-09-07,30.1,30.87,28.65,30.13,29.75,29.92,51190,1534000.0,360,,,,new
KOTHARIPET,EQ,2026-09-07,131.5,135.5,131.5,133.27,133.79,130.56,110465,14741000.0,2711,,59367.0,53.74,new
KOTHARIPRO,EQ,2026-09-07,68.9,68.9,65.37,66.16,66.0,67.39,13662,908000.0,129,,11423.0,83.61,new
KOTIC,EQ,2026-09-07,134.4,134.89,128.85,131.86,132.5,132.47,11885,1574000.0,486,,6556.0,55.16,new
KOTYARK,BE,2026-09-07,34.58,34.58,32.55,32.89,32.99,33.76,143365,4845000.0,497,,,,new
KOVAI,EQ,2026-09-07,6045.0,6125.0,6000.5,6069.0,6125.0,6062.5,4985,30198000.0,1942,,2994.0,60.06,new
KPEL,EQ,2026-09-07,247.0,254.85,240.77,241.85,241.48,247.32,303324,74441000.0,7335,,142542.0,46.99,new
KPIGREEN,EQ,2026-09-07,305.5,306.75,302.0,302.6,303.0,307.0,619631,187999000.0,13833,,278054.0,44.87,new
KPIL,EQ,2026-09-07,1406.6,1427.9,1400.1,1424.4,1420.0,1406.6,96907,137290000.0,15872,,50352.0,51.96,new
KPITTECH,EQ,2026-09-07,575.85,575.9,560.0,562.25,562.25,575.45,1316814,744928000.0,38221,,624478.0,47.42,new
KPL,EQ,2026-09-07,3312.3,3428.3,3285.6,3411.2,3420.0,3285.5,22589,76376000.0,3840,,12749.0,56.44,new
KPRMILL,EQ,2026-09-07,1180.0,1182.0,1144.4,1154.7,1157.0,1186.3,204839,236989000.0,16410,,91158.0,44.5,new
KRBL,EQ,2026-09-07,425.0,439.8,422.0,427.3,427.0,421.95,690366,298073000.0,18810,,283645.0,41.09,new
KREBSBIO,EQ,2026-09-07,55.14,57.72,54.26,55.99,55.21,55.95,3613,202000.0,107,,2685.0,74.31,new
KRIDHANINF,EQ,2026-09-07,2.0,2.08,1.98,1.99,1.98,2.03,96168,192000.0,527,,95872.0,99.69,new
KRISHANA,EQ,2026-09-07,183.44,186.34,181.5,182.84,183.5,184.13,542443,99255000.0,6847,,303792.0,56.0,new
KRISHCA,SM,2026-09-07,153.5,161.5,153.25,160.05,160.0,161.85,13000,2064000.0,23,,7500.0,57.69,new
KRISHIVAL,EQ,2026-09-07,417.0,418.8,414.7,415.25,415.9,416.3,11010,4588000.0,315,,9352.0,84.94,new
KRISHNADEF,EQ,2026-09-07,1016.0,1073.9,1011.0,1066.4,1070.0,1013.2,142424,150360000.0,13139,,65939.0,46.3,new
KRITI,EQ,2026-09-07,61.6,64.0,60.5,62.47,62.2,61.6,17485,1093000.0,138,,14108.0,80.69,new
KRITIKA,EQ,2026-09-07,5.26,5.46,5.21,5.35,5.38,5.37,166723,888000.0000000001,424,,107148.0,64.27,new
KRITINUT,EQ,2026-09-07,86.0,87.0,82.55,83.2,83.75,86.45,14700,1236000.0,415,,9833.0,66.89,new
KRMAYURVED,SM,2026-09-07,287.85,290.5,282.55,285.5,285.5,287.85,21000,5992000.0,19,,16000.0,76.19,new
KRN,EQ,2026-09-07,1578.0,1653.9,1574.9,1625.4,1623.0,1578.7,329624,538171000.0,19884,,198655.0,60.27,new
KRONOX,BE,2026-09-07,185.0,186.95,179.1,180.09,180.0,184.69,117149,21224000.0,844,,,,new
KROSS,EQ,2026-09-07,212.84,212.99,208.12,209.13,209.5,211.57,103699,21794000.0,2585,,59926.0,57.79,new
KRSNAA,EQ,2026-09-07,559.25,567.55,551.0,564.05,565.0,560.0,34582,19360000.0,3177,,19881.0,57.49,new
KRT,RR,2026-09-07,113.49,113.69,111.9,113.21,113.11,112.49,7562965,856493000.0,21763,,7261814.0,96.02,new
KRYSTAL,EQ,2026-09-07,650.0,667.5,650.0,661.5,667.5,654.6,12891,8521000.0,824,,6941.0,53.84,new
KSB,EQ,2026-09-07,822.0,822.0,799.45,801.45,800.7,813.55,91474,73737000.0,6761,,48155.0,52.64,new
KSCL,EQ,2026-09-07,744.1,749.85,729.0,732.3,729.0,744.1,41739,30757000.0,3484,,26045.0,62.4,new
KSE,EQ,2026-09-07,181.92,182.0,175.52,177.0,179.54,180.12,25847,4599000.0,541,,21045.0,81.42,new
KSHINTL,EQ,2026-09-07,1094.65,1125.9,1090.7,1105.65,1109.0,1087.8,320607,355601000.0,24323,,98497.0,30.72,new
KSHITIJPOL,EQ,2026-09-07,3.46,3.46,3.46,3.46,3.46,3.3,928806,3214000.0,580,,888793.0,95.69,new
KSL,EQ,2026-09-07,941.6,959.7,936.1,941.45,940.0,940.5,72294,68429000.0,5192,,34853.0,48.21,new
KSOLVES,EQ,2026-09-07,274.95,274.95,268.75,269.1,268.8,272.05,20423,5513000.0,1211,,13716.0,67.16,new
KSR,EQ,2026-09-07,34.89,34.95,33.01,34.13,34.8,34.61,188573,6458000.0,246,,171600.0,91.0,new
KTKBANK,EQ,2026-09-07,339.6,340.0,332.6,333.6,333.3,340.1,1114008,372969000.0,16581,,627559.0,56.33,new
KUANTUM,EQ,2026-09-07,75.03,80.06,73.91,76.7,77.48,74.18,296520,23069000.0,3035,,152720.0,51.5,new
KUSUMGAR,EQ,2026-09-07,569.0,576.55,568.95,571.9,570.25,571.2,131443,75216000.0,4209,,77825.0,59.21,new
KWIL,EQ,2026-09-07,42.1,42.49,41.03,41.12,41.11,42.12,11048008,459792000.0,27178,,4325352.0,39.15,new
LADDERUP,EQ,2026-09-07,50.0,50.0,50.0,50.0,50.0,51.4,16,1000.0,4,,16.0,100.0,new
LAGNAM,EQ,2026-09-07,74.05,76.0,74.05,74.55,74.55,74.8,2066,154000.0,43,,1538.0,74.44,new
LAHOTIOV,EQ,2026-09-07,43.94,45.0,42.0,44.0,44.0,43.08,4169,178000.0,33,,3382.0,81.12,new
LAKPRE,BZ,2026-09-07,5.26,5.26,5.11,5.26,5.26,5.01,2165,11000.0,18,,,,new
LAKSHMIMIL,EQ,2026-09-07,7671.5,7900.0,7625.0,7734.0,7900.0,7621.0,22,170000.0,14,,13.0,59.09,new
LAKSHYA,SM,2026-09-07,83.0,84.9,81.1,83.5,83.5,81.8,10400,864000.0,9,,10400.0,100.0,new
LAL,EQ,2026-09-07,8.87,9.06,8.81,8.86,8.87,8.91,18975,169000.0,92,,16639.0,87.69,new
LALITHAA,EQ,2026-09-07,314.0,326.8,309.5,317.75,317.0,306.7,24705575,7863731000.0,187588,,5778384.0,23.39,new
LALPATHLAB,EQ,2026-09-07,1880.0,1913.0,1870.1,1901.9,1900.0,1877.5,191362,362943000.0,25834,,75649.0,39.53,new
LAMBODHARA,EQ,2026-09-07,134.67,140.0,133.26,134.6,134.25,134.67,6832,934000.0,440,,3598.0,52.66,new
LAMOSAIC,ST,2026-09-07,58.6,61.45,58.6,59.0,59.0,60.85,27600,1673999.9999999998,28,,25800.0,93.48,new
LANCER,EQ,2026-09-07,13.06,13.23,12.63,12.96,12.93,13.03,341167,4423000.0,723,,269063.0,78.87,new
LANCORHOL,EQ,2026-09-07,41.5,41.75,38.41,40.12,39.9,40.35,855132,34292000.0,5036,,472810.0,55.29,new
LANDMARK,EQ,2026-09-07,510.15,513.1,491.15,494.1,497.6,510.15,97730,48702000.0,8092,,53346.0,54.59,new
LANDSMILL,EQ,2026-09-07,0.64,0.64,0.58,0.58,0.6,0.63,6371276,3838000.0000000005,1912,,4485108.0,70.4,new
LAOPALA,EQ,2026-09-07,174.0,174.59,171.2,171.96,171.2,173.9,38975,6720000.0,1496,,23186.0,59.49,new
LARGEMID50,EQ,2026-09-07,37.0,37.0,36.13,36.15,36.15,36.39,3824,138000.0,30,,3102.0,81.12,new
LASA,EQ,2026-09-07,6.73,6.8,6.6,6.68,6.68,6.73,17590,118000.0,138,,15951.0,90.68,new
LASERPOWER,EQ,2026-09-07,296.9,312.9,295.2,310.7,311.95,295.65,1032439,316377000.0,18410,,449504.0,43.54,new
LATENTVIEW,EQ,2026-09-07,266.25,268.55,258.75,261.7,262.05,267.25,522059,136462000.0,13357,,285790.0,54.74,new
LATTEYS,EQ,2026-09-07,20.6,21.31,20.06,20.63,20.62,20.5,23947,498000.00000000006,219,,21671.0,90.5,new
LAURUSLABS,EQ,2026-09-07,1840.0,1876.7,1832.7,1876.7,1876.7,1840.0,1148664,2135839000.0,34906,,550085.0,47.89,new
LAXMICOT,EQ,2026-09-07,13.75,14.0,13.3,13.38,13.5,13.73,25952,350000.0,144,,16218.0,62.49,new
LAXMIDENTL,EQ,2026-09-07,199.14,200.01,196.75,197.73,199.0,199.14,26034,5160000.0,1276,,15383.0,59.09,new
LAXMIINDIA,EQ,2026-09-07,133.45,136.75,130.37,130.89,131.4,132.6,299362,39900000.0,4070,,125340.0,41.87,new
LCCINFOTEC,EQ,2026-09-07,3.81,3.98,3.55,3.79,3.82,3.81,23439,89000.0,149,,16281.0,69.46,new
LCL,EQ,2026-09-07,584.0,587.95,561.95,565.5,565.0,581.5,364696,206996999.99999997,12691,,215889.0,59.2,new
LEAPIND,EQ,2026-09-07,152.0,152.55,145.45,146.28,146.19,150.26,2141218,318068000.0,23760,,954476.0,44.58,new
LEENEE,BE,2026-09-07,8.62,8.7,8.06,8.29,8.29,8.45,6138,51000.0,41,,,,new
LEMERITE,EQ,2026-09-07,20.81,21.2,20.26,20.72,21.0,20.93,166891,3467000.0,399,,39714.0,23.8,new
LEMONTREE,EQ,2026-09-07,105.49,107.49,105.38,107.28,107.22,104.95,3117893,332451000.0,26014,,1706854.0,54.74,new
LENSKART,EQ,2026-09-07,688.95,697.25,684.5,688.0,688.6,684.9,3142143,2164737000.0,53718,,1934172.0,61.56,new
LEXUS,EQ,2026-09-07,13.7,13.78,13.33,13.38,13.61,13.53,2663,36000.0,62,,1947.0,73.11,new
LFIC,EQ,2026-09-07,134.64,134.64,134.59,134.59,134.59,134.64,414,56000.00000000001,8,,414.0,100.0,new
LGBBROSLTD,EQ,2026-09-07,1688.1,1749.7,1688.1,1731.7,1726.0,1702.8,45200,78482000.0,4793,,27249.0,60.29,new
LGEINDIA,EQ,2026-09-07,1654.5,1668.9,1640.1,1647.8,1645.0,1640.7,314218,518650000.0,23289,,173848.0,55.33,new
LGHL,EQ,2026-09-07,171.1,180.99,171.1,176.23,179.94,175.42,12672,2253000.0,474,,4239.0,33.45,new
LIBAS,EQ,2026-09-07,10.46,10.5,9.95,9.99,9.96,10.46,101788,1023000.0,336,,91053.0,89.45,new
LIBERTSHOE,EQ,2026-09-07,237.88,237.88,230.41,231.37,232.08,233.27,14382,3344000.0,472,,9628.0,66.94,new
LICHSGFIN,EQ,2026-09-07,563.15,567.6,548.0,552.0,552.0,562.05,1618855,904528000.0000001,21540,,813197.0,50.23,new
LICI,EQ,2026-09-07,418.7,419.6,410.25,411.5,411.5,415.35,2694855,1115150000.0,44071,,1368554.0,50.78,new
LICMFGOLD,EQ,2026-09-07,138.0,138.0,136.3,137.1,136.8,138.75,40485,5540000.0,874,,18938.0,46.78,new
LICNETFGSC,EQ,2026-09-07,30.07,30.07,29.16,29.4,29.4,29.34,41178,1207000.0,116,,38816.0,94.26,new
LICNETFN50,EQ,2026-09-07,268.7,268.7,266.1,266.1,266.1,267.77,1457,389000.0,42,,1293.0,88.74,new
LICNETFSEN,EQ,2026-09-07,865.7,865.76,858.02,858.02,858.02,862.89,15,13000.0,10,,15.0,100.0,new
LICNFNHGP,EQ,2026-09-07,273.31,274.65,267.05,270.76,268.31,270.61,3521,951000.0,131,,1854.0,52.66,new
LICNMID100,EQ,2026-09-07,63.76,63.97,63.25,63.32,63.26,63.84,5433,345000.0,105,,3551.0,65.36,new
LIKHITHA,EQ,2026-09-07,204.0,206.34,202.21,205.16,205.0,204.8,39855,8145000.0,717,,22370.0,56.13,new
LINC,EQ,2026-09-07,98.99,98.99,95.07,96.8,96.94,95.07,12384,1197000.0,380,,8854.0,71.5,new
LINCOLN,EQ,2026-09-07,626.8,640.0,617.7,632.35,635.0,620.8,75014,47315000.0,3367,,36198.0,48.25,new
LINDEINDIA,EQ,2026-09-07,6346.0,6394.5,6300.5,6372.5,6380.0,6346.0,14317,90771000.0,4243,,7923.0,55.34,new
LIQGRWBEES,EQ,2026-09-07,1059.73,1059.73,1054.56,1054.56,1054.56,1054.46,36349,38333000.0,187,,32197.0,88.58,new
LIQUID,EQ,2026-09-07,999.99,1000.0,999.99,999.99,999.99,999.99,134800,134800000.0,300,,101142.0,75.03,new
LIQUID1,EQ,2026-09-07,1122.0,1122.0,1121.43,1121.56,1121.57,1121.43,3065905,3438601000.0,648,,2668972.0,87.05,new
LIQUIDADD,EQ,2026-09-07,1143.64,1143.81,1143.63,1143.64,1143.63,1143.51,2275197,2601988000.0,568,,2071895.0,91.06,new
LIQUIDBEES,EQ,2026-09-07,1000.0,1001.0,999.62,999.99,1000.01,1000.0,3518550,3518539000.0,5087,,2759330.0,78.42,new
LIQUIDBETA,EQ,2026-09-07,981.86,1019.0,981.86,1007.14,1007.14,1007.04,127,128000.0,9,,103.0,81.1,new
LIQUIDBETF,EQ,2026-09-07,1097.77,1097.79,1097.77,1097.78,1097.79,1097.63,199910,219458000.0,216,,127651.0,63.85,new
LIQUIDCASE,EQ,2026-09-07,115.8,115.82,115.8,115.81,115.81,115.8,15135867,1752882000.0,15061,,10325385.0,68.22,new
LIQUIDETF,EQ,2026-09-07,999.99,1000.01,999.99,999.99,1000.0,999.99,94305,94305000.0,190,,57098.0,60.55,new
LIQUIDIETF,EQ,2026-09-07,999.99,1000.01,999.99,999.99,1000.0,999.99,209203,209203000.00000003,254,,127767.0,61.07,new
LIQUIDPLUS,EQ,2026-09-07,1102.12,1102.14,1102.12,1102.13,1102.14,1102.01,131407,144828000.0,327,,101560.0,77.29,new
LIQUIDSBI,EQ,2026-09-07,1000.0,1000.0,999.99,999.99,999.99,1000.0,591,591000.0,24,,566.0,95.77,new
LIQUIDSHRI,EQ,2026-09-07,1120.42,1120.42,1120.4,1120.4,1120.4,1120.33,15393,17246000.0,24,,14375.0,93.39,new
LKPSEC,EQ,2026-09-07,15.28,15.82,15.05,15.42,15.45,15.28,8421,129000.0,72,,7395.0,87.82,new
LLOYDS,SM,2026-09-07,57.9,57.9,57.9,57.9,57.9,58.0,1000,57999.99999999999,1,,1000.0,100.0,new
LLOYDSENGG,EQ,2026-09-07,84.0,85.11,82.65,83.19,83.8,84.21,3246321,271475000.0,15903,,1446209.0,44.55,new
LLOYDSENT,EQ,2026-09-07,74.0,74.32,72.1,72.28,72.35,74.23,1823072,132870000.0,9070,,874038.0,47.94,new
LLOYDSME,EQ,2026-09-07,1820.0,1823.0,1801.1,1803.0,1804.0,1823.0,257764,464985999.99999994,13403,,139345.0,54.06,new
LMW,EQ,2026-09-07,18780.0,18891.0,18455.0,18551.0,18600.0,18774.0,4966,92425000.0,1874,,2924.0,58.88,new
LODHA,EQ,2026-09-07,1231.9,1231.9,1200.0,1200.0,1200.0,1222.0,410768,498074000.0,13804,,173892.0,42.33,new
LOKESHMACH,EQ,2026-09-07,373.7,374.45,355.1,357.7,356.2,364.6,47124,17290000.0,1897,,26334.0,55.88,new
LORDSCHLO,EQ,2026-09-07,149.0,149.0,138.05,138.93,139.97,146.6,20253,2865000.0,887,,13765.0,67.97,new
LOTUSCHO,EQ,2026-09-07,633.55,655.65,592.0,596.45,598.9,630.4,17992,10891000.0,1396,,10319.0,57.35,new
LOTUSDEV,BE,2026-09-07,194.0,201.7,190.05,199.71,199.99,193.25,1307102,258786000.0,4702,,,,new
LOTUSEYE,EQ,2026-09-07,109.43,111.45,107.6,109.06,109.99,109.43,10632,1168000.0,711,,7305.0,68.71,new
LOVABLE,EQ,2026-09-07,71.37,72.9,70.0,70.96,70.99,71.37,12581,894000.0,236,,8062.0,64.08,new
LOWVOL,EQ,2026-09-07,204.13,204.21,203.3,203.84,203.85,204.13,2063,420000.0,19,,1033.0,50.07,new
LOWVOL1,EQ,2026-09-07,21.35,21.35,20.72,20.82,20.72,20.93,2329530,48654000.0,309,,2254209.0,96.77,new
LOWVOLIETF,EQ,2026-09-07,22.52,22.52,21.73,21.84,21.96,21.98,1680113,36676000.0,1937,,1056644.0,62.89,new
LOYALTEX,EQ,2026-09-07,215.0,222.0,207.7,217.32,222.0,218.14,594,129000.0,39,,530.0,89.23,new
LPDC,EQ,2026-09-07,6.57,6.92,6.05,6.32,6.33,6.73,188005,1190000.0,1157,,120756.0,64.23,new
LRRPL,SM,2026-09-07,86.0,88.0,86.0,88.0,88.0,88.0,4500,393000.0,3,,4500.0,100.0,new
LT,EQ,2026-09-07,3962.0,4004.9,3960.9,3999.0,3999.0,3964.1,1256683,5002544000.0,62154,,762595.0,60.68,new
LTF,EQ,2026-09-07,314.0,315.3,310.9,312.5,312.5,314.0,2068591,648596000.0,25752,,1052981.0,50.9,new
LTFOODS,EQ,2026-09-07,443.8,454.95,440.0,448.95,449.55,444.8,729443,327453000.0,22676,,248400.0,34.05,new
LTGILTBEES,EQ,2026-09-07,29.86,29.89,29.24,29.87,29.88,29.84,1086510,32432000.0,656,,1019387.0,93.82,new
LTGILTCASE,EQ,2026-09-07,31.02,31.02,30.31,30.45,30.41,30.41,146580,4461000.0,405,,97619.0,66.6,new
LTM,EQ,2026-09-07,4500.0,4519.4,4405.0,4448.0,4448.0,4554.0,361825,1606219000.0,24662,,140820.0,38.92,new
LTTS,EQ,2026-09-07,3470.0,3484.8,3400.1,3414.2,3415.9,3493.3,64566,221040000.0,13838,,30407.0,47.09,new
LUMAXIND,EQ,2026-09-07,6180.0,6272.5,6099.5,6139.5,6142.5,6181.5,12227,75623000.0,3100,,5391.0,44.09,new
LUMAXTECH,EQ,2026-09-07,1947.7,1967.7,1916.2,1935.5,1943.0,1951.9,124170,240182000.00000003,15639,,56004.0,45.1,new
LUMINO,EQ,2026-09-07,116.75,121.0,114.4,114.82,115.0,114.5,44559124,5234958000.0,165257,,8530391.0,19.14,new
LUPIN,EQ,2026-09-07,2121.1,2135.5,2095.6,2105.0,2105.0,2110.0,819621,1726997000.0,43067,,399218.0,48.71,new
LUXIND,EQ,2026-09-07,1168.0,1184.9,1150.5,1159.4,1151.5,1175.1,14521,16971000.0,1796,,8283.0,57.04,new
LXCHEM,EQ,2026-09-07,172.0,174.4,170.25,171.99,171.5,172.04,583493,100523000.0,7309,,256169.0,43.9,new
LYKALABS,BE,2026-09-07,79.92,79.92,79.91,79.92,79.92,78.36,11492,918000.0,36,,,,new
M&M,EQ,2026-09-07,3154.1,3178.0,3145.0,3160.0,3160.0,3170.0,1715004,5426276000.0,87156,,1123951.0,65.54,new
M&MFIN,EQ,2026-09-07,373.4,375.4,366.0,372.35,372.95,373.65,1859254,686284000.0,51776,,935945.0,50.34,new
MAANALU,EQ,2026-09-07,117.22,118.85,115.0,115.27,115.04,117.9,48318,5622000.0,947,,35358.0,73.18,new
MACOBSTECH,SM,2026-09-07,204.0,204.0,195.1,195.1,195.1,201.9,5600,1126000.0,7,,4800.0,85.71,new
MACPOWER,EQ,2026-09-07,1906.0,1920.0,1775.0,1813.7,1828.0,1904.9,44751,82188000.0,6855,,24313.0,54.33,new
MADHAV,EQ,2026-09-07,35.36,35.36,34.66,35.0,35.0,35.36,1200,42000.0,14,,1195.0,99.58,new
MADHAVBAUG,ST,2026-09-07,160.0,160.0,152.55,153.7,152.55,160.5,8400,1329000.0,13,,8400.0,100.0,new
MADHAVIPL,EQ,2026-09-07,7.91,8.15,7.81,7.91,7.9,7.98,84619,675000.0,332,,67011.0,79.19,new
MADHUCON,BE,2026-09-07,4.6,4.79,4.41,4.67,4.79,4.63,17448,79000.0,48,,,,new
MADHURKNIT,ST,2026-09-07,81.5,81.5,81.5,81.5,81.5,85.75,1200,98000.0,1,,1200.0,100.0,new
MADHUSUDAN,ST,2026-09-07,236.0,239.95,232.7,232.7,232.7,236.0,13000,3051000.0,13,,13000.0,100.0,new
MADRASFERT,EQ,2026-09-07,65.5,65.56,64.3,64.56,64.37,65.12,33182,2146000.0,526,,21777.0,65.63,new
MAFANG,EQ,2026-09-07,212.74,224.0,210.46,219.37,219.0,207.56,967348,211646000.0,20894,,533241.0,55.12,new
MAFATIND,EQ,2026-09-07,121.66,123.85,121.0,121.83,122.34,121.66,33638,4110000.0,986,,22472.0,66.81,new
MAGADSUGAR,EQ,2026-09-07,560.7,585.0,560.0,573.95,571.35,552.05,72979,41954000.0,4188,,21650.0,29.67,new
MAGNUM,EQ,2026-09-07,18.81,19.46,18.4,19.12,19.12,19.0,23999,458000.0,157,,20332.0,84.72,new
MAGSON,SM,2026-09-07,183.0,187.9,181.95,185.45,187.9,184.0,4000,736000.0,4,,2000.0,50.0,new
MAHABANK,EQ,2026-09-07,86.1,87.5,84.7,85.0,85.0,85.95,12286857,1051444000.0,40997,,5387575.0,43.85,new
MAHAPEXLTD,EQ,2026-09-07,53.98,58.78,53.8,55.94,55.0,53.51,10593,596000.0,285,,6982.0,65.91,new
MAHASTEEL,BE,2026-09-07,1268.4,1309.9,1231.0,1294.4,1278.3,1282.5,5574,7086000.0,391,,,,new
MAHEPC,EQ,2026-09-07,105.8,105.8,101.65,103.17,102.36,103.62,25774,2658000.0,389,,16274.0,63.14,new
MAHESHWARI,BE,2026-09-07,71.01,72.93,71.01,71.05,72.93,72.21,9419,671000.0,26,,,,new
MAHICKRA,SM,2026-09-07,282.5,297.0,282.5,292.0,297.0,290.0,3750,1077000.0,5,,3750.0,100.0,new
MAHKTECH,EQ,2026-09-07,22.1,23.2,22.1,23.04,23.06,22.1,1051069,23894000.0,8068,,807757.0,76.85,new
MAHLIFE,EQ,2026-09-07,362.4,369.0,355.15,360.15,359.85,362.4,65575,23630000.0,3058,,34645.0,52.83,new
MAHLOG,EQ,2026-09-07,406.95,412.0,401.55,403.2,404.3,405.35,156509,63709000.0,9470,,88486.0,56.54,new
MAHSCOOTER,EQ,2026-09-07,13602.0,13628.0,13400.0,13493.0,13500.0,13602.0,3534,47683000.0,1087,,2181.0,61.71,new
MAHSEAMLES,EQ,2026-09-07,691.0,717.8,676.95,688.95,689.0,688.1,911812,638423000.0,46780,,386244.0,42.36,new
MAITHANALL,EQ,2026-09-07,1130.0,1195.0,1098.1,1103.85,1102.0,1090.55,993839,1145292000.0,52702,,251692.0,25.33,new
MAITREYA,SM,2026-09-07,130.5,130.5,115.1,116.0,116.0,120.0,4400,518000.0,11,,4000.0,90.91,new
MAJESAUT,BE,2026-09-07,357.45,357.45,350.0,352.15,352.0,354.95,2218,784000.0,130,,,,new
MAKEINDIA,EQ,2026-09-07,165.23,168.53,164.31,164.92,164.7,165.23,61763,10186000.0,759,,38285.0,61.99,new
MAKERSL,EQ,2026-09-07,195.45,195.45,176.2,186.75,186.0,189.9,2555,472000.0,149,,1820.0,71.23,new
MAKS,SM,2026-09-07,15.85,15.85,15.85,15.85,15.85,15.1,1500,24000.0,1,,1500.0,100.0,new
MAL,SM,2026-09-07,40.0,40.1,40.0,40.1,40.1,38.2,16000,641000.0,10,,16000.0,100.0,new
MALLCOM,EQ,2026-09-07,1018.6,1018.6,966.0,977.3,977.0,1018.15,4489,4418000.0,399,,3401.0,75.76,new
MALUPAPER,EQ,2026-09-07,32.44,34.95,31.69,33.07,33.3,31.65,181607,6069000.0,1183,,71897.0,39.59,new
MAMATA,EQ,2026-09-07,412.5,424.65,402.0,413.5,415.0,412.55,63489,26527000.0,4244,,35294.0,55.59,new
MANAKALUCO,EQ,2026-09-07,38.0,39.85,38.0,39.44,39.41,38.1,87012,3404999.9999999995,1245,,61375.0,70.54,new
MANAKCOAT,EQ,2026-09-07,121.05,123.0,120.76,121.15,120.8,121.8,86174,10477000.0,1332,,51813.0,60.13,new
MANAKSIA,EQ,2026-09-07,64.3,68.4,62.88,66.36,65.7,63.05,274781,18219000.0,2589,,138412.0,50.37,new
MANAKSTEEL,BE,2026-09-07,107.0,110.16,105.0,106.41,106.99,107.3,80511,8651000.0,414,,,,new
MANALIPETC,EQ,2026-09-07,88.0,88.14,84.67,86.16,86.25,86.76,2321723,200541000.0,13711,,625209.0,26.93,new
MANAPPURAM,EQ,2026-09-07,332.35,332.35,323.15,325.6,325.6,339.7,9089525,2967180000.0,77169,,3478820.0,38.27,new
MANAV,SM,2026-09-07,39.0,40.0,39.0,40.0,40.0,38.7,16000,632000.0,2,,16000.0,100.0,new
MANBA,EQ,2026-09-07,130.03,131.98,129.5,130.79,130.5,128.95,50373,6592000.0,446,,9675.0,19.21,new
MANCREDIT,EQ,2026-09-07,226.0,228.55,224.98,226.94,225.1,228.33,64748,14646000.0,661,,6336.0,9.79,new
MANGALAM,EQ,2026-09-07,30.0,30.43,29.3,29.57,29.56,30.02,25964,774000.0,411,,18642.0,71.8,new
MANGLMCEM,EQ,2026-09-07,1088.5,1110.1,1082.8,1090.2,1090.2,1095.2,74696,81741000.0,3247,,47752.0,63.93,new
MANILAM,SM,2026-09-07,46.0,47.95,46.0,46.0,46.0,48.0,8000,372000.0,4,,4000.0,50.0,new
MANINDS,EQ,2026-09-07,794.7,826.95,776.0,819.4,822.0,788.55,695397,556500000.0,28736,,286131.0,41.15,new
MANINFRA,EQ,2026-09-07,125.5,127.79,124.0,124.42,124.5,124.8,1448189,182685000.0,13248,,600291.0,41.45,new
MANIPALHOS,EQ,2026-09-07,730.0,734.8,708.1,727.25,723.0,725.2,1800446,1304922000.0,41432,,1025507.0,56.96,new
MANKIND,EQ,2026-09-07,2317.0,2331.6,2303.5,2318.0,2318.0,2327.9,153500,355542000.0,15386,,71012.0,46.26,new
MANOMAY,EQ,2026-09-07,239.8,240.51,231.41,234.48,236.5,234.97,299405,70826000.0,6020,,88954.0,29.71,new
MANORAMA,EQ,2026-09-07,1993.0,2024.7,1967.3,2003.6,1997.3,1993.4,213280,426220000.0,21481,,99162.0,46.49,new
MANORG,EQ,2026-09-07,491.3,509.3,491.0,494.7,491.0,489.5,5971,2981000.0,420,,3529.0,59.1,new
MANUFGBEES,EQ,2026-09-07,163.73,166.07,162.44,162.77,163.1,163.73,4547,742000.0,161,,2836.0,62.37,new
MANUGRAPH,BE,2026-09-07,14.75,15.45,14.11,14.87,15.0,14.75,23384,345000.0,119,,,,new
MANYAVAR,EQ,2026-09-07,597.1,598.2,583.55,586.25,588.0,594.2,271674,160308000.0,10575,,117513.0,43.26,new
MAPMYINDIA,EQ,2026-09-07,980.0,982.0,963.8,976.0,977.4,972.2,80595,78453000.0,6427,,34984.0,43.41,new
MARALOVER,EQ,2026-09-07,63.98,65.0,62.21,64.26,64.0,61.83,98744,6321000.0,528,,65143.0,65.97,new
MARATHON,EQ,2026-09-07,439.0,461.5,430.95,459.5,460.6,437.9,267908,120526000.0,8275,,148224.0,55.33,new
MARCO,SM,2026-09-07,31.3,31.9,30.15,30.95,31.0,31.15,33000,1016000.0,21,,27000.0,81.82,new
MARICO,EQ,2026-09-07,815.15,819.05,802.5,806.0,806.0,815.15,717139,579110000.0,28341,,428069.0,59.69,new
MARINE,EQ,2026-09-07,431.45,435.95,415.0,419.95,417.95,432.15,522124,222217000.0,17248,,245907.0,47.1,new
MARKOLINES,EQ,2026-09-07,172.0,180.8,169.73,175.36,174.8,171.89,761919,133575000.0,5289,,203172.0,26.67,new
MARKSANS,EQ,2026-09-07,327.5,339.0,326.75,335.05,337.0,326.75,2798363,934173000.0,47159,,1074022.0,38.38,new
MARSONS,EQ,2026-09-07,139.4,144.28,127.92,128.83,128.8,137.56,4849194,662607000.0,34433,,1299841.0,26.81,new
MARUTI,EQ,2026-09-07,12691.0,12833.0,12618.0,12760.0,12760.0,12694.0,413778,5279179000.0,54553,,247272.0,59.76,new
MASFIN,EQ,2026-09-07,295.2,296.8,292.25,295.25,295.8,295.0,96140,28322000.000000004,7913,,69197.0,71.98,new
MASKINVEST,EQ,2026-09-07,147.9,148.0,147.9,148.0,148.0,148.64,11,2000.0,2,,10.0,90.91,new
MASON,SM,2026-09-07,115.75,116.6,114.3,114.3,114.3,113.9,2500,288000.0,4,,2000.0,80.0,new
MASPTOP50,EQ,2026-09-07,81.46,87.76,81.46,85.9,86.2,79.86,985591,83424000.0,10231,,669791.0,67.96,new
MASTEK,EQ,2026-09-07,1769.0,1770.0,1681.6,1691.7,1690.4,1772.9,94731,162154000.0,12702,,45404.0,47.93,new
MASTER,SM,2026-09-07,425.0,425.0,424.0,424.0,424.0,429.95,3000,1274000.0,6,,3000.0,100.0,new
MASTERTR,EQ,2026-09-07,90.2,92.93,87.0,88.86,89.0,89.16,1260805,113230000.0,10272,,257303.0,20.41,new
MATRIMONY,EQ,2026-09-07,528.5,528.5,520.0,521.45,520.5,529.05,7444,3893000.0,501,,4901.0,65.84,new
MAWANASUG,EQ,2026-09-07,147.0,150.99,143.3,145.11,143.8,145.43,304058,44720000.0,4482,,103962.0,34.19,new
MAXESTATES,EQ,2026-09-07,536.65,550.0,529.5,543.2,547.0,542.1,81378,43888000.0,2814,,58004.0,71.28,new
MAXHEALTH,EQ,2026-09-07,983.0,994.9,974.0,992.0,992.0,984.8,1854549,1831745000.0,36693,,994241.0,53.61,new
MAXIND,EQ,2026-09-07,151.9,153.69,145.36,147.69,147.17,150.66,66352,9891000.0,1109,,36630.0,55.21,new
MAXPOSURE,SM,2026-09-07,31.5,31.5,30.3,30.45,30.45,29.8,10000,305000.0,7,,7000.0,70.0,new
MAXVOLT,SM,2026-09-07,316.0,331.0,316.0,324.9,322.5,324.8,34000,11042000.0,72,,25600.0,75.29,new
MAYURUNIQ,EQ,2026-09-07,725.05,731.55,701.7,712.4,714.5,734.85,174923,124480000.0,11335,,93550.0,53.48,new
MAZDA,BE,2026-09-07,266.0,276.0,260.6,274.2,276.0,270.0,36482,9886000.0,330,,,,new
MAZDOCK,EQ,2026-09-07,2490.0,2505.3,2434.1,2454.2,2454.2,2475.0,535900,1321411000.0,25834,,195042.0,36.4,new
MBAPL,EQ,2026-09-07,166.68,168.43,160.2,163.01,160.2,166.12,1696919,278618000.0,14566,,892875.0,52.62,new
MBECL,BE,2026-09-07,271.83,271.83,271.83,271.83,271.83,258.89,1273,346000.0,80,,,,new
MBEL,EQ,2026-09-07,270.15,271.2,266.05,268.05,267.5,270.15,37808,10153000.0,3223,,19869.0,52.55,new
MBLINFRA,EQ,2026-09-07,24.54,24.54,23.1,23.35,23.35,24.3,70027,1647000.0,190,,55010.0,78.56,new
MCCHRLS-B,EQ,2026-09-07,685.0,685.0,625.1,679.9,685.0,670.0,194,132000.0,24,,183.0,94.33,new
MCL,EQ,2026-09-07,59.0,59.0,56.6,57.02,56.65,58.3,29277,1691000.0,1103,,15098.0,51.57,new
MCLEODRUSS,EQ,2026-09-07,46.3,46.59,44.72,45.17,45.3,46.3,323414,14774000.0,1473,,230057.0,71.13,new
MCLOUD,EQ,2026-09-07,26.41,26.5,25.9,25.97,26.0,26.29,1770283,46179000.0,3698,,1155312.0,65.26,new
MCON,SM,2026-09-07,44.0,44.0,42.55,42.55,42.55,44.0,2000,87000.0,2,,2000.0,100.0,new
MCX,EQ,2026-09-07,3276.9,3374.4,3276.9,3330.2,3330.2,3275.4,1889368,6307631000.0,94673,,625467.0,33.1,new
MEDANTA,EQ,2026-09-07,1474.1,1481.2,1420.4,1422.6,1423.0,1469.8,204437,293565000.0,24659,,102760.0,50.26,new
MEDIASSIST,EQ,2026-09-07,344.95,344.95,333.15,336.5,336.95,340.35,108756,36600000.0,7380,,57906.0,53.24,new
MEDICAMEQ,EQ,2026-09-07,273.0,288.0,267.0,279.25,280.0,270.25,149313,41820000.0,3415,,85388.0,57.19,new
MEDICAPQ,EQ,2026-09-07,26.94,26.94,24.0,26.9,26.9,26.29,2926,75000.0,38,,2780.0,95.01,new
MEDICO,EQ,2026-09-07,39.87,41.1,39.49,40.77,40.7,39.87,106027,4292000.0,1117,,58636.0,55.3,new
MEDISTEP,SM,2026-09-07,23.0,23.5,23.0,23.4,23.4,22.9,42000,972000.0000000001,7,,39000.0,92.86,new
MEDPLUS,EQ,2026-09-07,670.0,672.05,656.55,659.7,659.8,676.35,150921,99644000.0,9452,,93651.0,62.05,new
MEESHO,EQ,2026-09-07,209.98,211.24,205.75,210.3,209.49,209.0,15413416,3231697000.0,124025,,8296146.0,53.82,new
MEGAFLEX,SM,2026-09-07,91.0,95.0,91.0,95.0,95.0,91.0,5000,467000.0,5,,5000.0,100.0,new
MEGASTAR,EQ,2026-09-07,308.95,308.95,298.0,300.1,299.2,307.6,3236,982000.0,110,,2773.0,85.69,new
MEGATHERM,SM,2026-09-07,231.0,231.0,220.0,220.5,221.0,228.75,9600,2168000.0,21,,8400.0,87.5,new
MEIL,EQ,2026-09-07,284.0,285.95,277.15,279.25,277.15,285.1,68490,19315000.0,1842,,41641.0,60.8,new
MENNPIS,EQ,2026-09-07,78.0,83.99,78.0,81.72,82.44,77.64,331191,26976000.0,4669,,192098.0,58.0,new
MENONBE,BE,2026-09-07,320.0,324.0,305.35,306.35,307.0,321.4,74902,23335000.0,1228,,,,new
MEP,BZ,2026-09-07,0.7,0.7,0.7,0.7,0.7,0.71,27863,20000.0,38,,,,new
MERCANTILE,EQ,2026-09-07,24.99,27.7,24.01,24.43,24.06,25.45,977634,25254000.0,1867,,133496.0,13.66,new
MERCURYEV,EQ,2026-09-07,36.74,38.0,34.0,37.4,37.69,36.74,4166748,153118000.0,1652,,4082537.0,97.98,new
METAL,EQ,2026-09-07,13.28,13.79,13.25,13.28,13.29,13.46,1556005,20718000.0,6505,,1099423.0,70.66,new
METALIC,ST,2026-09-07,138.0,141.35,132.4,137.6,137.6,134.65,52800,7258000.0,30,,48000.0,90.91,new
METALIETF,EQ,2026-09-07,13.58,13.58,12.95,13.24,13.28,13.4,4556782,60473000.0,15182,,2888705.0,63.39,new
METROBRAND,EQ,2026-09-07,932.0,942.35,926.15,934.5,936.3,929.15,32820,30677999.999999996,9767,,18854.0,57.45,new
METROGLOBL,EQ,2026-09-07,137.99,142.0,132.2,140.0,140.0,136.14,377,52000.0,36,,332.0,88.06,new
METROPOLIS,EQ,2026-09-07,588.7,588.7,574.4,577.75,578.6,588.7,174730,101151000.0,18432,,92170.0,52.75,new
MFML,EQ,2026-09-07,18.99,19.8,18.18,18.62,19.2,18.59,3340,62000.0,58,,2934.0,87.84,new
MFSL,EQ,2026-09-07,1537.5,1544.3,1510.0,1520.0,1520.0,1548.4,938109,1430518000.0,21890,,714503.0,76.16,new
MGEL,EQ,2026-09-07,14.86,17.08,13.0,15.72,15.52,14.24,1420121,22214000.0,1436,,1158128.0,81.55,new
MGL,EQ,2026-09-07,1097.0,1105.0,1088.1,1092.1,1090.0,1096.6,99788,109160999.99999999,10617,,56047.0,56.17,new
MGSL,SM,2026-09-07,74.5,74.75,72.0,73.0,73.0,73.8,22800,1671000.0,19,,15600.0,68.42,new
MHHL,SM,2026-09-07,30.05,32.4,30.05,32.4,32.4,31.4,10500,326000.0,5,,7500.0,71.43,new
MHLXMIRU,BE,2026-09-07,174.89,175.0,166.15,175.0,175.0,174.89,44184,7678000.0,159,,,,new
MHRIL,EQ,2026-09-07,208.5,208.59,204.79,205.53,205.1,207.4,95483,19707000.0,2957,,52964.0,55.47,new
MICEL,BE,2026-09-07,36.52,37.2,36.52,37.0,37.0,36.74,198925,7366000.0,740,,,,new
MICROPRO,SM,2026-09-07,17.7,19.4,17.7,19.4,19.4,19.85,3200,59000.0,2,,1600.0,50.0,new
MID150,EQ,2026-09-07,23.61,23.61,23.39,23.49,23.5,23.61,24438,574000.0,251,,21556.0,88.21,new
MID150BEES,EQ,2026-09-07,234.14,241.95,234.14,239.11,239.55,240.15,641457,153318000.0,11789,,454947.0,70.92,new
MID150CASE,EQ,2026-09-07,11.79,11.79,11.51,11.63,11.65,11.68,1349390,15704000.0,5790,,1077096.0,79.82,new
MIDBANKADD,EQ,2026-09-07,17.5,17.5,17.35,17.38,17.38,17.5,2242,39000.0,30,,2013.0,89.79,new
MIDCAP,EQ,2026-09-07,18.88,18.88,18.4,18.43,18.47,18.51,570419,10536000.0,1247,,365543.0,64.08,new
MIDCAPADD,EQ,2026-09-07,23.28,23.28,23.09,23.12,23.09,23.28,1740,40000.0,47,,1336.0,76.78,new
MIDCAPBETA,EQ,2026-09-07,233.5,234.62,232.73,233.48,233.48,233.21,781,183000.0,40,,603.0,77.21,new
MIDCAPETF,EQ,2026-09-07,23.98,23.98,23.48,23.61,23.6,23.73,9967439,235392000.0,8101,,9504502.0,95.36,new
MIDCAPIETF,EQ,2026-09-07,24.06,24.13,23.75,23.9,23.95,24.06,758696,18169000.0,3568,,468549.0,61.76,new
MIDHANI,EQ,2026-09-07,420.9,429.55,418.25,419.9,420.0,418.8,643391,273039000.0,17805,,242168.0,37.64,new
MIDQ50ADD,EQ,2026-09-07,25.04,25.04,24.85,24.92,24.97,25.01,37263,927999.9999999999,252,,21750.0,58.37,new
MIDSELIETF,EQ,2026-09-07,20.33,20.33,19.52,19.78,19.83,19.93,324925,6434999.999999999,1091,,219347.0,67.51,new
MIDSMALL,EQ,2026-09-07,52.86,52.86,51.66,51.74,51.7,51.82,306025,15836000.000000002,917,,235957.0,77.1,new
MIDWESTLTD,EQ,2026-09-07,1074.5,1078.9,1051.0,1062.6,1070.0,1062.1,11743,12475000.0,1098,,6293.0,53.59,new
MIIL,EQ,2026-09-07,722.5,733.55,707.5,710.15,715.9,717.05,57187,40727000.0,888,,24353.0,42.58,new
MILKYMIST,EQ,2026-09-07,255.06,277.67,248.56,276.01,277.49,252.43,35261875,9543864000.0,212254,,6208571.0,17.61,new
MILTON,SM,2026-09-07,38.1,38.1,36.2,36.2,36.2,38.1,4400,163000.0,2,,4400.0,100.0,new
MINALIND,BE,2026-09-07,5.61,5.61,5.61,5.61,5.61,5.35,215075,1207000.0,294,,,,new
MINDACORP,EQ,2026-09-07,690.05,700.15,690.05,695.55,696.3,702.8,134028,93286000.0,7908,,74957.0,55.93,new
MINDSPACE,RR,2026-09-07,501.11,502.9,496.01,497.82,497.01,501.11,241830,120558999.99999999,6799,,182681.0,75.54,new
MINDTECK,EQ,2026-09-07,169.99,173.38,167.15,168.74,169.0,168.81,28354,4806000.0,889,,15996.0,56.42,new
MIRZAINT,EQ,2026-09-07,31.25,31.79,30.56,31.01,30.56,30.96,120081,3740000.0,1495,,65367.0,54.44,new
MITCON,EQ,2026-09-07,77.8,80.9,76.02,80.58,80.9,77.8,19958,1580000.0,139,,19396.0,97.18,new
MITTAL,EQ,2026-09-07,0.82,0.96,0.81,0.92,0.91,0.8,11585530,10829000.0,1939,,7362210.0,63.55,new
MKEXIM,EQ,2026-09-07,62.0,62.02,60.25,61.35,61.7,62.18,3667,224000.00000000003,192,,2791.0,76.11,new
MKPL,EQ,2026-09-07,4.02,4.07,4.0,4.03,4.0,4.02,73508,296000.0,380,,68842.0,93.65,new
MLKFOOD,EQ,2026-09-07,86.48,88.0,84.05,85.8,85.74,83.63,2956,254000.0,90,,1798.0,60.83,new
MMFL,EQ,2026-09-07,630.15,635.9,615.2,618.1,618.05,630.1,137890,86287000.0,5534,,83695.0,60.7,new
MMP,EQ,2026-09-07,405.9,455.6,404.5,444.95,448.0,404.15,388765,170925000.0,10613,,190941.0,49.11,new
MMTC,EQ,2026-09-07,64.5,64.62,63.5,63.82,63.67,64.18,1021196,65354000.0,7914,,410034.0,40.15,new
MMWL,EQ,2026-09-07,14.25,14.8,13.95,14.34,14.5,14.53,15481,224000.00000000003,174,,10700.0,69.12,new
MNC,EQ,2026-09-07,33.21,33.37,32.99,33.04,33.09,33.21,47177,1560000.0,513,,32387.0,68.65,new
MOALPHA50,EQ,2026-09-07,56.36,56.36,55.83,56.19,56.24,56.36,4419,247000.00000000003,91,,3130.0,70.83,new
MOBANK10,EQ,2026-09-07,17.24,17.35,16.67,16.78,16.89,16.95,8289,140000.0,93,,2098.0,25.31,new
MOBIKWIK,EQ,2026-09-07,191.0,195.95,189.61,194.24,193.8,192.12,796100,154068000.0,10269,,345310.0,43.38,new
MOCAPITAL,EQ,2026-09-07,54.5,55.45,54.5,54.82,54.64,54.5,1027218,56351000.0,3110,,635371.0,61.85,new
MODEFENCE,EQ,2026-09-07,108.0,108.23,106.79,107.24,106.9,107.14,1225654,131569000.0,8644,,673627.0,54.96,new
MODINATUR,EQ,2026-09-07,345.0,347.65,339.05,344.8,340.2,340.95,4172,1436000.0,174,,3650.0,87.49,new
MODIRUBBER,EQ,2026-09-07,128.67,139.0,126.0,128.99,128.32,131.3,3086,403000.0,198,,1903.0,61.67,new
MODIS,EQ,2026-09-07,383.7,385.35,378.0,383.05,383.9,380.85,26315,10058000.0,1009,,15348.0,58.32,new
MODISONLTD,EQ,2026-09-07,454.5,491.95,452.0,475.6,475.5,469.95,336826,159038000.0,11778,,143156.0,42.5,new
MODTHREAD,EQ,2026-09-07,54.91,57.0,54.6,54.7,54.7,54.37,6400,356000.0,110,,6056.0,94.63,new
MOENERGY,EQ,2026-09-07,38.84,38.84,37.65,37.89,37.8,38.42,261823,9973000.0,1055,,195855.0,74.8,new
MOGOLD,EQ,2026-09-07,151.25,151.25,148.9,150.25,150.35,151.75,44956,6738000.0,589,,12430.0,27.65,new
MOGSEC,EQ,2026-09-07,65.06,65.7,65.06,65.2,65.2,65.69,1738,113999.99999999999,66,,1694.0,97.47,new
MOHEALTH,EQ,2026-09-07,52.88,52.88,51.37,51.89,52.06,51.84,77382,4008000.0,703,,44626.0,57.67,new
MOHITE,EQ,2026-09-07,2.79,2.9,2.7,2.81,2.82,2.79,140078,387000.0,152,,106850.0,76.28,new
MOHITIND,EQ,2026-09-07,23.44,25.7,23.44,23.73,24.0,23.78,3230,77000.0,85,,2199.0,68.08,new
MOIL,EQ,2026-09-07,254.25,255.47,246.9,247.22,247.4,252.3,649693,161978000.0,13158,,387451.0,59.64,new
MOINFRA,EQ,2026-09-07,60.17,60.17,58.35,58.51,58.4,58.68,18063,1056000.0,85,,15719.0,87.02,new
MOIPO,EQ,2026-09-07,49.64,49.64,48.51,48.66,48.8,49.15,881,43000.0,43,,703.0,79.8,new
MOKSH,EQ,2026-09-07,10.21,10.21,10.0,10.13,10.18,10.07,51262,520000.0,176,,44863.0,87.52,new
MOL,EQ,2026-09-07,66.99,67.4,65.36,65.73,65.8,66.66,1280175,84885000.0,6440,,492376.0,38.46,new
MOLBIO,EQ,2026-09-07,1170.0,1183.7,1098.2,1127.2,1130.0,1160.5,1068499,1206243000.0,41413,,233751.0,21.88,new
MOLDTECH,BE,2026-09-07,208.96,219.4,208.96,219.18,219.4,208.96,131595,28457000.0,1161,,,,new
MOLDTKPAC,EQ,2026-09-07,706.6,707.3,695.0,697.6,695.0,706.65,31809,22250000.0,2405,,18268.0,57.43,new
MOLOWVOL,EQ,2026-09-07,36.12,36.12,35.71,35.93,35.96,36.12,50020,1787000.0,87,,45217.0,90.4,new
MOM100,EQ,2026-09-07,68.12,68.5,67.58,67.83,68.0,68.18,328993,22357000.0,3645,,187853.0,57.1,new
MOM30IETF,EQ,2026-09-07,31.36,31.44,31.08,31.23,31.25,31.36,490030,15329000.0,2070,,303102.0,61.85,new
MOM50,EQ,2026-09-07,250.45,251.2,248.72,249.1,248.72,251.47,4130,1030000.0000000001,200,,3028.0,73.32,new
MOMENTUM,EQ,2026-09-07,31.4,31.5,30.83,31.18,31.27,31.06,91422,2848000.0,242,,55043.0,60.21,new
MOMENTUM30,EQ,2026-09-07,30.81,30.87,30.64,30.76,30.83,30.81,360329,11104000.0,77,,333398.0,92.53,new
MOMENTUM50,EQ,2026-09-07,55.0,55.0,54.1,54.33,54.48,54.38,1121489,60996000.0,1952,,888264.0,79.2,new
MOMETAL,EQ,2026-09-07,13.45,13.45,13.15,13.2,13.21,13.32,20769,274000.0,53,,19196.0,92.43,new
MOMGF,EQ,2026-09-07,163.3,163.3,161.8,161.86,162.34,165.66,2408,390000.0,80,,2406.0,99.92,new
MOMIDMTM,EQ,2026-09-07,65.02,65.02,64.16,64.44,64.35,64.55,82907,5342000.0,439,,53607.0,64.66,new
MOMMIDCAP,EQ,2026-09-07,13.05,13.05,12.94,12.96,12.97,12.99,1720781,22326000.0,1207,,1668351.0,96.95,new
MOMNC,EQ,2026-09-07,32.83,32.83,32.0,32.02,32.05,32.19,4522,145000.0,36,,4493.0,99.36,new
MOMOMENTUM,EQ,2026-09-07,62.2,62.88,60.55,62.06,61.76,62.27,56872,3535000.0,553,,33407.0,58.74,new
MON100,EQ,2026-09-07,332.78,339.99,327.84,336.35,335.55,324.67,1288381,429939000.00000006,38827,,707079.0,54.88,new
MON50EQUAL,EQ,2026-09-07,33.33,33.33,32.77,33.08,33.0,33.17,5659,186000.0,81,,4446.0,78.57,new
MONARCH,EQ,2026-09-07,377.9,388.9,375.0,383.25,381.25,377.9,162414,62171000.0,2948,,86020.0,52.96,new
MONEXT50,EQ,2026-09-07,73.14,73.14,72.37,72.41,72.92,73.14,3953,287000.0,99,,3354.0,84.85,new
MONEYBOXX,EQ,2026-09-07,58.79,59.99,56.0,56.83,57.03,58.8,19082,1082000.0,181,,12841.0,67.29,new
MONIFTY100,EQ,2026-09-07,25.95,25.95,25.01,25.15,25.19,25.32,13407,337000.0,114,,7740.0,57.73,new
MONIFTY500,EQ,2026-09-07,24.5,24.5,23.67,23.78,23.8,23.91,394544,9372000.0,2002,,275430.0,69.81,new
MONOLITH,SM,2026-09-07,1267.05,1345.0,1228.0,1312.5,1305.0,1265.65,117500,151744000.0,365,,74250.0,63.19,new
MONOPHARMA,SM,2026-09-07,9.0,9.0,9.0,9.0,9.0,8.95,4000,36000.0,2,,4000.0,100.0,new
MONQ50,EQ,2026-09-07,145.47,170.31,142.21,164.09,170.31,141.93,562328,88833000.0,9924,,298125.0,53.02,new
MONTECARLO,EQ,2026-09-07,574.1,584.0,571.55,575.45,578.0,574.5,61489,35445000.0,3107,,34264.0,55.72,new
MOOILGAS,EQ,2026-09-07,11.52,11.52,11.12,11.12,11.18,11.29,8883,99000.0,60,,8883.0,100.0,new
MOPSE,EQ,2026-09-07,99.6,101.57,98.77,99.05,99.25,101.57,3404,338000.0,73,,3399.0,99.85,new
MOQUALITY,EQ,2026-09-07,198.0,198.36,196.49,197.14,197.11,198.73,1282,252999.99999999997,49,,1111.0,86.66,new
MORARJEE,BZ,2026-09-07,9.22,9.22,9.22,9.22,9.22,9.7,3055,28000.000000000004,9,,,,new
MOREALTY,EQ,2026-09-07,94.0,94.0,89.55,89.89,90.0,90.84,395534,35624000.0,1943,,197984.0,50.05,new
MOREPENLAB,EQ,2026-09-07,115.96,122.14,114.56,118.88,119.0,113.74,21606889,2564400000.0,86201,,5730139.0,26.52,new
MOS,ST,2026-09-07,7.2,7.9,7.2,7.25,7.2,7.55,1904000,14300000.0,235,,1744000.0,91.6,new
MOSCHIP,EQ,2026-09-07,212.0,218.88,210.31,212.6,213.2,212.22,2023785,434709000.0,24433,,640011.0,31.62,new
MOSERVICE,EQ,2026-09-07,31.53,31.53,30.6,30.65,30.74,30.91,4002,123000.0,99,,4002.0,100.0,new
MOSILVER,EQ,2026-09-07,228.98,228.98,226.25,227.8,227.73,230.02,27297,6200000.0,964,,8531.0,31.25,new
MOSMALL250,EQ,2026-09-07,18.61,18.64,18.49,18.55,18.58,18.52,1328215,24657000.0,3056,,1168152.0,87.95,new
MOTHERSON,EQ,2026-09-07,160.5,164.65,160.12,162.0,162.0,160.7,15669796,2554176000.0,61723,,8914057.0,56.89,new
MOTILALOFS,EQ,2026-09-07,1037.0,1058.9,1031.4,1055.0,1055.0,1037.0,1551861,1630891000.0,36050,,766077.0,49.37,new
MOTISONS,EQ,2026-09-07,16.6,17.44,16.4,16.77,16.79,16.48,50923605,863279000.0000001,64367,,10636156.0,20.89,new
MOTOGENFIN,EQ,2026-09-07,29.25,34.4,28.71,31.37,31.5,28.71,474032,15158000.000000002,1573,,258198.0,54.47,new
MOTOUR,EQ,2026-09-07,79.29,79.29,77.1,77.37,77.49,77.74,30320,2345000.0,174,,30029.0,99.04,new
MOVALUE,EQ,2026-09-07,113.5,113.8,111.8,112.05,111.96,113.26,54279,6093000.0,991,,40258.0,74.17,new
MOXSH,SM,2026-09-07,94.5,94.5,94.5,94.5,94.5,99.0,1600,151000.0,1,,1600.0,100.0,new
MPDL,BE,2026-09-07,32.35,34.75,32.35,33.69,33.69,33.98,2082,69000.0,18,,,,new
MPEL,ST,2026-09-07,28.7,28.7,27.35,27.35,27.35,27.35,19200,543000.0,11,,19200.0,100.0,new
MPHASIS,EQ,2026-09-07,2409.9,2409.9,2340.3,2369.1,2369.1,2422.0,382610,902853000.0000001,30053,,148901.0,38.92,new
MPSLTD,EQ,2026-09-07,2666.6,2700.0,2608.1,2635.7,2621.0,2658.9,11114,29499000.0,2421,,5601.0,50.4,new
MRF,EQ,2026-09-07,130200.0,130300.0,128705.0,128890.0,128980.0,129945.0,3771,486302000.00000006,2889,,1833.0,48.61,new
MRIL,ST,2026-09-07,60.1,60.15,60.1,60.15,60.15,57.3,6400,385000.0,4,,6400.0,100.0,new
MRPL,EQ,2026-09-07,175.7,176.88,172.25,173.19,173.0,174.83,2388877,414712000.0,17505,,705528.0,29.53,new
MSCI360,EQ,2026-09-07,10.2,10.27,9.99,10.07,10.26,10.27,24416,246000.0,62,,24105.0,98.73,new
MSCIADD,EQ,2026-09-07,29.44,29.44,29.25,29.3,29.3,29.53,1891,55000.00000000001,24,,1097.0,58.01,new
MSCIINDIA,EQ,2026-09-07,29.82,29.82,29.53,29.6,29.66,29.82,4704,139000.0,116,,4319.0,91.82,new
MSL,EQ,2026-09-07,142.22,144.0,140.1,144.0,144.0,142.22,468,66000.0,16,,392.0,83.76,new
MSPL,EQ,2026-09-07,35.57,35.9,34.5,34.78,35.02,35.4,1152651,40257000.0,3405,,599017.0,51.97,new
MSTCLTD,EQ,2026-09-07,738.0,795.0,729.0,785.65,793.0,734.2,1016067,785680000.0,35124,,460818.0,45.35,new
MSUMI,EQ,2026-09-07,36.35,37.05,36.27,36.9,36.95,36.52,7282689,268303000.00000003,33052,,3677168.0,50.49,new
MTARTECH,BE,2026-09-07,7288.0,7519.0,7170.0,7519.0,7519.0,7161.0,176047,1302904000.0,20685,,,,new
MTEDUCARE,BE,2026-09-07,1.81,1.85,1.81,1.85,1.85,1.77,26745,49000.0,137,,,,new
MTNL,EQ,2026-09-07,26.63,26.63,25.9,26.05,26.0,26.55,826835,21692000.0,3026,,468970.0,56.72,new
MUFIN,EQ,2026-09-07,137.5,138.68,135.26,136.17,136.28,137.56,310297,42584000.0,2975,,119354.0,38.46,new
MUFTI,EQ,2026-09-07,74.68,76.48,72.9,74.0,74.84,75.23,62838,4717000.0,961,,33088.0,52.66,new
MUKANDLTD,EQ,2026-09-07,134.0,138.89,133.41,136.9,137.24,134.44,94829,12971000.0,1478,,60391.0,63.68,new
MUKESHB,EQ,2026-09-07,134.0,134.0,133.5,133.84,133.5,133.91,163,22000.0,2,,113.0,69.33,new
MUKKA,EQ,2026-09-07,31.5,33.22,31.11,32.15,32.0,31.34,5209798,168085000.0,21022,,2158126.0,41.42,new
MUKTAARTS,BE,2026-09-07,61.75,61.75,57.42,59.83,59.9,58.9,7885,478000.0,98,,,,new
MULTICAP,EQ,2026-09-07,16.37,17.37,16.37,16.69,16.72,16.79,173829,2909000.0,700,,141752.0,81.55,new
MUNISH,SM,2026-09-07,83.05,83.05,83.0,83.0,83.0,83.05,6000,498000.00000000006,5,,4800.0,80.0,new
MUNJALAU,EQ,2026-09-07,112.0,117.94,111.41,116.04,115.98,112.28,1017431,117645000.0,11694,,239676.0,23.56,new
MUNJALSHOW,EQ,2026-09-07,128.1,130.85,128.0,129.21,130.0,129.21,51497,6620999.999999999,422,,38762.0,75.27,new
MURUDCERA,EQ,2026-09-07,29.17,30.24,28.7,29.33,29.5,29.66,30157,894000.0,188,,27803.0,92.19,new
MUTHOOTCAP,EQ,2026-09-07,237.21,245.0,237.21,239.07,239.0,241.72,4347,1047000.0000000001,282,,2615.0,60.16,new
MUTHOOTFIN,EQ,2026-09-07,2899.0,2920.0,2871.2,2880.0,2880.0,2913.8,370903,1074246000.0,27968,,153542.0,41.4,new
MUTHOOTMF,EQ,2026-09-07,205.48,206.5,196.3,197.93,198.39,205.29,654148,130577000.0,6431,,438991.0,67.11,new
MVELECTRO,EQ,2026-09-07,729.7,841.1,725.0,806.45,819.8,729.7,20414269,16612206000.0,424060,,992893.0,4.86,new
MVGJL,EQ,2026-09-07,181.9,215.88,181.0,215.88,215.88,179.9,3202765,657073000.0,51174,,881187.0,27.51,new
MVKAGRO,SM,2026-09-07,248.15,248.15,248.15,248.15,248.15,236.35,15300,3797000.0,22,,15300.0,100.0,new
MWL,EQ,2026-09-07,39.3,40.79,37.9,38.5,39.19,38.56,560275,21926000.0,3770,,138797.0,24.77,new
MYMUDRA,SM,2026-09-07,72.0,72.0,69.0,69.0,69.0,72.0,18000,1269000.0,12,,16800.0,93.33,new
MYSORPETRO,BE,2026-09-07,130.0,133.47,128.85,133.42,133.47,127.12,5771,766000.0,134,,,,new
NACLIND,EQ,2026-09-07,169.0,169.0,164.1,164.58,165.0,166.84,209008,34633000.0,4621,,108087.0,51.71,new
NAGAFERT,BZ,2026-09-07,1.95,1.96,1.95,1.95,1.95,2.05,321456,627000.0,456,,,,new
NAGREEKCAP,EQ,2026-09-07,23.0,24.0,23.0,23.75,23.8,23.25,5595,133000.0,57,,3601.0,64.36,new
NAGREEKEXP,EQ,2026-09-07,22.67,23.87,22.2,22.31,22.26,24.1,59277,1347000.0,557,,34214.0,57.72,new
NAHARCAP,EQ,2026-09-07,261.95,262.25,255.2,257.85,255.6,261.75,12931,3339000.0,77,,12384.0,95.77,new
NAHARINDUS,EQ,2026-09-07,136.75,142.0,136.44,139.05,139.0,137.63,36943,5146000.0,1015,,20339.0,55.06,new
NAHARPOLY,EQ,2026-09-07,252.99,252.99,236.1,238.38,238.0,244.54,11368,2737000.0,345,,8081.0,71.09,new
NAHARSPING,EQ,2026-09-07,288.0,295.0,285.1,286.15,289.0,289.8,31377,9067000.0,667,,24043.0,76.63,new
NAM-INDIA,EQ,2026-09-07,1158.8,1196.0,1152.0,1195.0,1195.0,1159.9,1817884,2140045000.0,49713,,1017422.0,55.97,new
NAMAN,SM,2026-09-07,40.05,40.1,40.05,40.1,40.1,40.1,5600,224000.00000000003,7,,5600.0,100.0,new
NAMOEWASTE,ST,2026-09-07,279.7,287.75,278.0,284.0,285.0,274.1,39200,11138000.0,45,,35200.0,89.8,new
NARMADA,EQ,2026-09-07,13.45,14.8,13.27,14.39,14.29,13.51,1151548,16111000.000000002,1547,,451245.0,39.19,new
NATCAPSUQ,BE,2026-09-07,207.21,215.0,205.6,205.93,205.6,216.42,20095,4177000.0000000005,163,,,,new
NATCOPHARM,EQ,2026-09-07,829.0,841.5,828.0,838.3,840.8,828.65,301243,251596000.0,25490,,156140.0,51.83,new
NATHBIOGEN,EQ,2026-09-07,152.2,154.0,150.29,152.65,152.5,153.12,5107,778000.0,196,,4219.0,82.61,new
NATIONALUM,EQ,2026-09-07,376.05,377.5,365.9,365.9,365.9,374.1,3280288,1212905000.0,44899,,1714731.0,52.27,new
NATIONSTD,EQ,2026-09-07,109.0,109.0,103.01,104.73,105.8,107.74,18222,1912000.0,512,,9078.0,49.82,new
NAUKRI,EQ,2026-09-07,1319.0,1321.8,1284.4,1302.5,1302.5,1319.8,856453,1105934000.0,39322,,534559.0,62.42,new
NAVA,EQ,2026-09-07,563.0,563.0,554.1,556.25,557.6,560.2,118784,66186000.0,5159,,65271.0,54.95,new
NAVINFLUOR,EQ,2026-09-07,8557.5,8649.0,8532.5,8603.5,8600.0,8557.5,76404,657053000.0,18868,,46277.0,60.57,new
NAVKARCORP,EQ,2026-09-07,96.24,97.37,95.38,96.02,96.01,96.24,104141,10014000.0,1835,,58076.0,55.77,new
NAVKARURB,BE,2026-09-07,0.92,0.94,0.86,0.92,0.92,0.9,1230590,1095000.0,448,,,,new
NAVNETEDUL,EQ,2026-09-07,131.0,132.9,130.1,131.84,131.06,131.21,78249,10272000.0,1365,,50046.0,63.96,new
NAZARA,EQ,2026-09-07,368.25,374.4,362.5,370.3,368.45,368.65,1205780,444635000.00000006,23779,,587399.0,48.72,new
NBCC,EQ,2026-09-07,86.32,86.59,85.62,86.0,86.0,86.6,1862601,160177000.0,15493,,764920.0,41.07,new
NBIFIN,EQ,2026-09-07,1991.8,2035.0,1964.0,1967.7,2000.0,1981.9,5452,10732000.0,46,,5095.0,93.45,new
NCC,EQ,2026-09-07,149.7,153.33,146.56,150.67,150.5,149.7,3434160,515941000.0,39427,,1453202.0,42.32,new
NCLIND,EQ,2026-09-07,180.21,182.0,175.64,178.3,177.25,177.81,62081,11028000.0,4277,,37872.0,61.0,new
NDGL,EQ,2026-09-07,2722.0,2839.9,2722.0,2790.0,2790.0,2787.7,121,338000.0,30,,94.0,77.69,new
NDL,EQ,2026-09-07,2.83,3.06,2.79,2.98,3.0,2.83,2614796,7745000.0,2730,,1706640.0,65.27,new
NDLVENTURE,EQ,2026-09-07,125.1,125.1,119.25,120.57,120.61,124.72,9138,1104000.0,170,,7266.0,79.51,new
NDRAUTO,EQ,2026-09-07,727.0,727.0,716.5,721.45,726.0,723.45,8125,5857000.0,958,,4760.0,58.58,new
NDTV,EQ,2026-09-07,74.27,75.29,72.5,72.87,72.62,74.27,81638,6015000.0,1182,,41066.0,50.3,new
NEAGI,EQ,2026-09-07,3300.0,3465.0,3298.0,3449.0,3449.0,3300.1,79,264000.0,11,,64.0,81.01,new
NECCLTD,BE,2026-09-07,19.43,19.43,19.0,19.42,19.43,18.51,463207,8933000.0,470,,,,new
NECLIFE,EQ,2026-09-07,12.11,12.4,11.9,12.07,12.13,12.19,252741,3057000.0,486,,192868.0,76.31,new
NELCAST,EQ,2026-09-07,117.0,118.99,114.01,114.77,114.99,116.99,84949,9838000.0,2079,,46780.0,55.07,new
NELCO,EQ,2026-09-07,921.65,942.8,909.0,933.2,931.5,911.25,227379,211302000.0,10576,,77932.0,34.27,new
NEOCHEM,SM,2026-09-07,97.0,97.0,93.5,93.9,93.5,95.25,21600,2050000.0,14,,20400.0,94.44,new
NEOGEN,EQ,2026-09-07,2148.8,2244.2,2127.5,2207.1,2205.0,2137.9,177696,393014000.0,35235,,76784.0,43.21,new
NEPHROCARE,SM,2026-09-07,90.65,92.5,80.05,82.1,80.05,93.55,100800,8665000.0,191,,90400.0,89.68,new
NEPHROPLUS,EQ,2026-09-07,704.9,715.7,697.55,710.85,713.0,697.05,189382,134043000.0,10193,,102560.0,54.16,new
NEPTUNE,SM,2026-09-07,179.95,180.0,179.95,180.0,180.0,175.0,1000,180000.0,2,,1000.0,100.0,new
NESCO,EQ,2026-09-07,1045.6,1093.3,1043.7,1076.0,1075.9,1047.6,114449,123144000.0,9450,,56865.0,49.69,new
NESTLEIND,EQ,2026-09-07,1401.0,1405.7,1392.9,1398.0,1398.0,1410.5,897310,1254623000.0,46376,,592915.0,66.08,new
NETF,EQ,2026-09-07,254.86,261.9,254.86,258.45,260.1,261.4,5018,1304000.0,227,,2629.0,52.39,new
NETWEB,EQ,2026-09-07,5215.0,5306.5,5135.0,5157.0,5175.5,5193.0,975374,5079716000.0,74140,,190752.0,19.56,new
NETWORK18,EQ,2026-09-07,28.31,28.55,27.2,27.64,27.76,28.38,5566967,154438000.0,11735,,2672923.0,48.01,new
NEUEON,BE,2026-09-07,10.7,11.78,10.7,11.78,11.78,11.22,25826,299000.0,86,,,,new
NEULANDLAB,EQ,2026-09-07,22565.0,22960.0,22415.0,22870.0,22955.0,22660.0,22291,506295000.0,8854,,11249.0,50.46,new
NEWGEN,EQ,2026-09-07,524.8,526.3,515.9,520.7,521.0,524.8,537213,278973000.0,15649,,227448.0,42.34,new
NEWJAISA,ST,2026-09-07,17.75,17.75,17.45,17.45,17.45,17.75,3000,53000.0,2,,3000.0,100.0,new
NEXT30ADD,EQ,2026-09-07,42.57,42.64,42.36,42.49,42.64,42.69,7601,322000.0,70,,5640.0,74.2,new
NEXT50,EQ,2026-09-07,758.88,758.88,748.49,748.99,749.2,755.1,177686,133149000.0,2184,,158308.0,89.09,new
NEXT50ADD,EQ,2026-09-07,73.28,73.35,72.95,73.04,73.35,73.52,2995,219000.0,150,,1679.0,56.06,new
NEXT50BETA,EQ,2026-09-07,79.05,79.44,78.5,78.66,78.9,79.05,77235,6080000.0,792,,44234.0,57.27,new
NEXT50ETF,EQ,2026-09-07,74.88,74.88,73.14,73.23,73.15,73.83,15266,1120000.0,169,,15058.0,98.64,new
NEXT50IETF,EQ,2026-09-07,79.18,79.18,76.45,76.79,77.0,77.25,512076,39361000.0,7592,,335293.0,65.48,new
NEXTMEDIA,EQ,2026-09-07,3.89,3.89,3.7,3.76,3.75,3.89,75733,283000.0,199,,59107.0,78.05,new
NFL,EQ,2026-09-07,70.5,70.7,70.05,70.32,70.35,70.51,287324,20204000.0,2083,,142964.0,49.76,new
NFPSAMPOOR,SM,2026-09-07,19.7,20.95,19.5,20.7,20.5,20.6,28000,559000.0,14,,20000.0,71.43,new
NGIL,EQ,2026-09-07,41.48,41.48,39.15,40.11,40.3,40.58,6383,254000.0,53,,4597.0,72.02,new
NGLFINE,EQ,2026-09-07,2868.1,2907.9,2815.2,2873.0,2902.0,2907.5,7062,20146000.0,1489,,3480.0,49.28,new
NH,EQ,2026-09-07,1867.8,1920.0,1867.8,1911.8,1913.3,1858.5,329018,627822000.0,27375,,97386.0,29.6,new
NHPC,EQ,2026-09-07,76.25,77.05,75.55,76.0,76.0,76.25,8825125,671855000.0,31021,,4177034.0,47.33,new
NIACL,EQ,2026-09-07,233.9,242.6,224.31,231.2,229.22,229.91,23442397,5398625000.0,186431,,2918461.0,12.45,new
NIBE,EQ,2026-09-07,1336.6,1336.6,1312.8,1318.0,1318.5,1336.6,29295,38759000.0,2535,,17654.0,60.26,new
NIBL,EQ,2026-09-07,30.8,32.0,30.32,30.71,30.71,30.8,14117,434999.99999999994,90,,11489.0,81.38,new
NICCOPAR,EQ,2026-09-07,79.16,82.99,76.46,79.27,81.0,79.55,2359,189000.0,67,,2066.0,87.58,new
NIDAN,SM,2026-09-07,14.1,14.8,14.1,14.8,14.8,14.1,2000,28999.999999999996,2,,1000.0,50.0,new
NIF100BEES,EQ,2026-09-07,269.24,269.24,264.03,264.6,264.8,266.58,47589,12607000.0,704,,42571.0,89.46,new
NIF100IETF,EQ,2026-09-07,28.05,28.05,27.66,27.83,27.84,28.05,293260,8173000.0,3429,,179823.0,61.32,new
NIF500BETA,EQ,2026-09-07,38.29,38.3,37.21,37.24,37.25,37.54,2978,111000.00000000001,21,,2967.0,99.63,new
NIFTY1,EQ,2026-09-07,269.8,269.8,263.91,264.2,264.5,265.82,61919,16380000.000000002,2097,,37766.0,60.99,new
NIFTY100EW,EQ,2026-09-07,35.43,35.43,34.74,34.85,34.85,35.06,326610,11385000.0,282,,318113.0,97.4,new
NIFTYADD,EQ,2026-09-07,252.48,255.5,249.96,250.91,250.69,252.48,4423,1111000.0,238,,2981.0,67.4,new
NIFTYAXIS,EQ,2026-09-07,263.55,265.61,263.01,263.61,263.94,265.62,53790,14183000.000000002,288,,50465.0,93.82,new
NIFTYBEES,EQ,2026-09-07,273.19,273.78,270.9,271.21,271.4,273.27,5921896,1608642000.0,80483,,3945775.0,66.63,new
NIFTYBETA,EQ,2026-09-07,269.7,269.7,263.62,263.89,264.0,265.73,13709,3622999.9999999995,683,,9955.0,72.62,new
NIFTYBETF,EQ,2026-09-07,245.96,245.96,244.31,245.2,245.0,246.65,1491,366000.0,146,,922.0,61.84,new
NIFTYCASE,EQ,2026-09-07,9.88,9.88,9.55,9.56,9.6,9.64,1224251,11730000.0,2829,,1126139.0,91.99,new
NIFTYETF,EQ,2026-09-07,267.2,267.2,254.17,258.42,259.1,260.69,797690,206396000.0,1493,,530803.0,66.54,new
NIFTYIETF,EQ,2026-09-07,275.4,275.4,269.4,269.6,269.88,271.88,784440,211896999.99999997,26897,,565729.0,72.12,new
NIFTYJBLK,EQ,2026-09-07,12.59,13.05,12.03,12.31,12.32,12.29,221203,2710000.0,937,,138226.0,62.49,new
NIFTYQLITY,EQ,2026-09-07,21.32,21.32,20.99,21.09,21.14,21.32,28266,596000.0,333,,21297.0,75.34,new
NIITLTD,EQ,2026-09-07,98.94,101.16,97.0,97.22,97.0,98.96,303377,29808000.0,3195,,128120.0,42.23,new
NIITMTS,EQ,2026-09-07,226.9,230.0,218.23,220.72,219.0,225.94,402338,89544000.0,9235,,255657.0,63.54,new
NIKITA,SM,2026-09-07,72.5,72.5,72.5,72.5,72.5,72.5,6000,434999.99999999994,2,,6000.0,100.0,new
NILAINFRA,EQ,2026-09-07,6.74,6.75,6.62,6.71,6.72,6.67,226516,1519000.0,375,,213968.0,94.46,new
NILASPACES,EQ,2026-09-07,12.34,12.42,12.07,12.23,12.19,12.23,1212332,14793000.0,1821,,531420.0,43.83,new
NILE,EQ,2026-09-07,1466.2,1487.9,1452.2,1459.0,1460.0,1465.8,3153,4620000.0,384,,2329.0,73.87,new
NILKAMAL,EQ,2026-09-07,2121.8,2141.8,2050.0,2063.2,2058.0,2116.5,30738,64254000.0,4324,,10974.0,35.7,new
NIMBSPROJ,EQ,2026-09-07,149.9,150.0,142.5,143.51,143.01,147.84,1099,158000.0,48,,867.0,78.89,new
NINSYS,EQ,2026-09-07,711.95,716.75,701.3,705.85,710.0,712.75,3673,2602000.0,577,,2436.0,66.32,new
NIPPOBATRY,EQ,2026-09-07,329.9,330.0,325.0,325.25,325.5,331.75,1690,551000.0,127,,1359.0,80.41,new
NIRAJ,EQ,2026-09-07,28.46,29.39,28.45,28.88,28.8,28.72,13511,388000.0,121,,10009.0,74.08,new
NIRAJISPAT,BE,2026-09-07,368.45,368.45,368.45,368.45,368.45,387.8,1523,561000.0,19,,,,new
NIRLON,EQ,2026-09-07,620.05,624.8,604.55,615.15,614.0,620.0,15402,9539000.0,724,,11989.0,77.84,new
NIRMAN,SM,2026-09-07,28.45,28.8,27.3,28.45,28.45,28.3,6300,177000.0,19,,5400.0,85.71,new
NITCO,EQ,2026-09-07,95.51,96.04,92.55,93.84,94.01,96.1,1345082,126550000.0,6094,,663441.0,49.32,new
NITINSPIN,EQ,2026-09-07,639.05,639.95,625.05,627.45,627.9,639.05,38469,24294000.0,2018,,23649.0,61.48,new
NITIRAJ,EQ,2026-09-07,224.5,234.95,215.0,231.04,226.98,219.19,18036,4104000.0,335,,10321.0,57.22,new
NITTAGELA,EQ,2026-09-07,1644.0,1691.5,1644.0,1677.8,1675.0,1632.5,6224,10395000.0,796,,3894.0,62.56,new
NIVABUPA,EQ,2026-09-07,80.1,81.25,80.0,80.67,80.7,80.11,337165,27157000.0,12839,,195594.0,58.01,new
NKIND,EQ,2026-09-07,61.99,61.99,55.55,57.21,57.49,57.1,1387,80000.0,36,,880.0,63.45,new
NLCINDIA,EQ,2026-09-07,275.8,278.0,268.3,269.3,269.95,273.05,1349980,367159000.0,28940,,559310.0,41.43,new
NMDC,EQ,2026-09-07,85.29,85.63,83.54,83.85,83.85,84.7,15859358,1335125000.0,45547,,6551030.0,41.31,new
NMSTEEL,SM,2026-09-07,23.65,23.65,23.0,23.0,23.0,23.85,4800,111000.00000000001,3,,4800.0,100.0,new
NOCIL,EQ,2026-09-07,174.0,175.85,170.55,172.23,171.7,172.44,416468,71858000.0,5520,,182602.0,43.85,new
NOIDATOLL,EQ,2026-09-07,4.22,4.22,3.95,4.02,4.04,4.14,207178,835000.0,544,,166098.0,80.17,new
NORBTEAEXP,EQ,2026-09-07,70.34,73.0,67.7,67.71,67.71,70.69,1134,79000.0,28,,715.0,63.05,new
NORTHARC,EQ,2026-09-07,303.75,311.0,299.05,306.0,306.9,302.15,1691631,518370000.0,19861,,871745.0,51.53,new
NOVAAGRI,BE,2026-09-07,23.76,23.85,22.68,23.31,23.16,23.87,46319,1073000.0,282,,,,new
NOVARTIND,EQ,2026-09-07,1661.2,1699.0,1602.5,1639.6,1645.0,1646.7,73338,121958999.99999999,6841,,28731.0,39.18,new
NPBET,EQ,2026-09-07,290.32,290.32,287.0,287.34,287.0,290.32,655,189000.0,51,,548.0,83.66,new
NPST,EQ,2026-09-07,1713.8,1746.8,1691.2,1740.4,1722.0,1718.8,38352,66129999.99999999,5266,,18869.0,49.2,new
NRAIL,EQ,2026-09-07,595.0,631.0,584.0,589.95,595.0,584.0,145834,88998000.0,8155,,64438.0,44.19,new
NRBBEARING,EQ,2026-09-07,457.0,485.35,451.1,483.0,484.1,447.0,1028877,489034000.0,26028,,357676.0,34.76,new
NRL,BE,2026-09-07,129.5,133.26,125.0,132.78,133.26,126.92,251730,33177000.0,971,,,,new
NRVANDANA,SM,2026-09-07,72.9,72.9,68.5,68.5,68.5,69.9,12000,843000.0,4,,9000.0,75.0,new
NSIL,EQ,2026-09-07,5675.0,5785.0,5661.0,5677.0,5661.0,5721.5,1489,8489000.0,387,,974.0,65.41,new
NSLNISP,EQ,2026-09-07,46.65,46.98,45.44,45.87,45.88,46.02,5748765,264741000.0,21540,,2282509.0,39.7,new
NTCIND,EQ,2026-09-07,133.82,137.79,131.15,134.57,134.59,133.16,3390,451000.0,36,,3380.0,99.71,new
NTPC,EQ,2026-09-07,332.5,333.8,330.35,332.0,332.0,332.5,5245813,1739859999.9999998,50202,,3281525.0,62.56,new
NTPCGREEN,EQ,2026-09-07,89.39,89.5,88.06,88.16,88.25,89.36,1311104,115956000.0,15219,,849916.0,64.82,new
NUCLEUS,EQ,2026-09-07,730.0,730.0,706.4,718.4,718.0,729.15,49947,35879000.0,3675,,28795.0,57.65,new
NURECA,BE,2026-09-07,322.7,325.0,313.1,319.2,320.8,322.7,2872,913000.0000000001,136,,,,new
NUVAMA,EQ,2026-09-07,1815.6,1859.0,1815.0,1832.4,1835.5,1815.6,217617,399693000.0,21569,,93665.0,43.04,new
NUVOCO,EQ,2026-09-07,352.85,353.45,341.0,345.1,345.1,352.15,863221,297814000.0,12522,,659596.0,76.41,new
NV20,EQ,2026-09-07,14.0,14.0,13.8,13.82,13.84,13.99,90008,1247000.0,402,,70839.0,78.7,new
NV20BEES,EQ,2026-09-07,139.5,139.5,138.01,138.43,138.53,139.39,19458,2696000.0,445,,13269.0,68.19,new
NV20IETF,EQ,2026-09-07,13.56,13.75,13.19,13.49,13.53,13.62,533872,7214000.0,3371,,281697.0,52.76,new
NXST,RR,2026-09-07,166.99,167.9,164.56,167.04,167.5,165.89,682539,113736999.99999999,11282,,527375.0,77.27,new
NYKAA,EQ,2026-09-07,331.0,339.75,330.1,332.7,332.7,332.5,4285910,1439463000.0,71409,,2463706.0,57.48,new
OAL,EQ,2026-09-07,519.9,544.7,491.05,537.35,544.7,519.9,139317,73835000.0,5075,,71019.0,50.98,new
OBCL,EQ,2026-09-07,56.29,56.29,55.0,55.03,55.05,55.19,4087,225000.0,32,,3412.0,83.48,new
OBEROIRLTY,EQ,2026-09-07,1876.0,1885.5,1847.5,1847.5,1847.5,1875.6,206196,384302000.0,16388,,131028.0,63.55,new
OBSCP,SM,2026-09-07,842.0,850.25,774.0,838.25,838.05,835.75,84800,69095000.0,194,,44800.0,52.83,new
OCCLLTD,BE,2026-09-07,163.0,168.0,160.0,164.42,165.0,163.93,49800,8198999.999999999,267,,,,new
ODIGMA,EQ,2026-09-07,23.45,23.9,22.28,22.46,22.7,23.45,35479,802999.9999999999,504,,28961.0,81.63,new
ODYCORP,EQ,2026-09-07,7.89,7.89,7.06,7.26,7.38,7.46,144311,1046000.0000000001,348,,106859.0,74.05,new
OFSS,EQ,2026-09-07,12105.0,12110.0,11679.0,11847.0,11847.0,12058.0,185270,2185336000.0,27868,,70975.0,38.31,new
OIL,EQ,2026-09-07,490.8,492.75,481.45,487.0,487.0,488.3,2811694,1362751000.0,27937,,1719780.0,61.17,new
OILCOUNTUB,BE,2026-09-07,65.0,65.0,63.7,63.75,63.75,65.0,42503,2746000.0,85,,,,new
OILIETF,EQ,2026-09-07,11.08,11.4,11.08,11.26,11.28,11.37,1268013,14319000.0,2749,,996963.0,78.62,new
OLAELEC,EQ,2026-09-07,38.0,38.7,37.43,37.96,38.1,38.2,28426081,1083459000.0,70752,,7549395.0,26.56,new
OLECTRA,EQ,2026-09-07,1229.0,1238.0,1203.5,1207.4,1210.0,1229.0,266992,323762000.0,17956,,129887.0,48.65,new
OLIL,SM,2026-09-07,429.15,429.15,422.0,427.6,428.05,427.05,31200,13260000.0,29,,30800.0,98.72,new
OMAXAUTO,EQ,2026-09-07,182.0,183.0,176.0,177.63,176.01,183.07,61613,11055000.0,1243,,45998.0,74.66,new
OMAXE,EQ,2026-09-07,134.0,136.56,128.39,129.82,130.05,136.38,2495006,330585000.0,16095,,600779.0,24.08,new
OMFREIGHT,BE,2026-09-07,88.0,91.5,88.0,88.03,88.01,89.84,3769,334000.0,91,,,,new
OMINFRAL,EQ,2026-09-07,84.7,85.1,83.1,83.64,83.95,84.43,39818,3334000.0000000005,609,,28695.0,72.07,new
OMNI,EQ,2026-09-07,529.95,534.05,513.0,519.55,524.55,526.0,289190,151387000.0,10200,,120075.0,41.52,new
OMPOWER,EQ,2026-09-07,175.6,178.0,169.06,170.31,170.06,175.68,142210,24456000.0,6058,,73278.0,51.53,new
ONDOOR,SM,2026-09-07,280.0,300.0,279.95,295.1,298.7,289.6,4800,1391000.0,15,,3300.0,68.75,new
ONEGLOBAL,EQ,2026-09-07,535.1,544.95,515.3,522.0,524.8,542.4,14827,7775000.0,870,,9936.0,67.01,new
ONELIFECAP,BE,2026-09-07,33.1,33.1,30.85,31.99,31.99,32.18,11986,378000.0,68,,,,new
ONEPOINT,EQ,2026-09-07,57.5,59.7,56.87,57.73,58.0,57.01,1177260,68366000.0,6398,,451853.0,38.38,new
ONESOURCE,EQ,2026-09-07,1552.9,1573.0,1530.0,1552.3,1569.0,1537.8,140096,217992999.99999997,13366,,87480.0,62.44,new
ONGC,EQ,2026-09-07,235.98,235.98,232.77,233.7,233.7,234.65,5391548,1259449000.0,51764,,2982615.0,55.32,new
ONIDA,EQ,2026-09-07,34.5,35.29,34.5,34.81,34.85,34.64,195059,6784000.0,1977,,118897.0,60.95,new
ONIXSOLAR,EQ,2026-09-07,418.45,423.35,383.05,423.2,423.35,403.2,900835,365701000.0,8940,,395911.0,43.95,new
ONMOBILE,BE,2026-09-07,48.77,49.19,48.77,49.15,49.15,48.49,94234,4615000.0,245,,,,new
ONWARDTEC,EQ,2026-09-07,280.0,286.45,280.0,283.85,283.2,284.35,27744,7843000.000000001,758,,18737.0,67.54,new
ONYX,ST,2026-09-07,37.8,39.35,37.8,39.35,39.35,37.5,34000,1320000.0,16,,32000.0,94.12,new
OPTIEMUS,EQ,2026-09-07,569.3,579.3,556.9,560.45,563.0,569.3,148080,84043000.0,8292,,74003.0,49.98,new
OPTIFIN,EQ,2026-09-07,14.15,15.79,13.5,14.43,14.4,14.84,64263,960000.0,250,,48073.0,74.81,new
OPTIMYSTIX,SM,2026-09-07,143.65,154.9,130.0,150.0,152.0,141.85,951200,132630000.0,285,,460000.0,48.36,new
OPTIVALUE,ST,2026-09-07,182.7,182.7,166.7,167.25,168.0,174.05,20800,3585000.0,13,,17600.0,84.62,new
ORBTEXP,BE,2026-09-07,229.0,244.9,229.0,239.0,239.0,239.02,3707,880000.0000000001,55,,,,new
ORCHASP,EQ,2026-09-07,1.39,1.42,1.29,1.29,1.3,1.39,409348,539000.0,319,,379953.0,92.82,new
ORCHPHARMA,EQ,2026-09-07,949.9,955.15,942.0,947.1,946.45,954.65,12349,11698000.0,1188,,7205.0,58.34,new
ORIANA,SM,2026-09-07,1212.0,1240.0,1175.0,1216.85,1225.0,1205.7,65175,78649000.0,574,,45450.0,69.74,new
ORICONENT,EQ,2026-09-07,54.15,54.94,52.5,52.92,52.55,54.15,51117,2723000.0,760,,29750.0,58.2,new
ORIENTALTL,EQ,2026-09-07,5.34,5.43,5.03,5.12,5.12,5.31,115176,592000.0,466,,75824.0,65.83,new
ORIENTBELL,EQ,2026-09-07,418.0,434.95,411.75,415.1,413.0,420.1,107644,45670000.0,5077,,62214.0,57.8,new
ORIENTCEM,EQ,2026-09-07,130.3,130.3,125.1,126.56,127.0,129.68,315036,40209000.0,3136,,144247.0,45.79,new
ORIENTCER,EQ,2026-09-07,43.91,44.89,43.07,44.6,44.36,43.91,64878,2881000.0,1506,,31481.0,48.52,new
ORIENTELEC,EQ,2026-09-07,180.0,180.5,175.11,176.38,175.11,179.19,72511,12872000.0,2275,,45207.0,62.35,new
ORIENTHOT,EQ,2026-09-07,139.05,140.26,138.1,139.11,138.12,139.93,347072,48301000.0,1877,,196998.0,56.76,new
ORIENTLTD,BE,2026-09-07,82.99,82.99,78.1,81.49,81.49,80.65,222,18000.0,12,,,,new
ORIENTPPR,EQ,2026-09-07,17.03,19.28,16.85,18.81,18.68,17.08,2027757,37075000.0,5053,,1026581.0,50.63,new
ORIENTTECH,EQ,2026-09-07,237.2,237.9,234.0,235.16,236.0,238.39,122613,28898000.0,2521,,68317.0,55.72,new
ORIRAIL,EQ,2026-09-07,132.0,134.7,126.6,127.28,126.7,130.76,158500,20653000.0,1896,,89014.0,56.16,new
ORISSAMINE,EQ,2026-09-07,4315.0,4340.0,4167.9,4189.9,4183.0,4311.7,7107,30043000.0,2120,,4106.0,57.77,new
ORKLAINDIA,EQ,2026-09-07,591.15,598.2,587.0,590.7,592.0,594.15,39698,23536000.0,4809,,19570.0,49.3,new
ORTEL,BZ,2026-09-07,1.85,1.85,1.85,1.85,1.85,1.9,25,0.0,1,,,,new
ORTINGLOBE,EQ,2026-09-07,15.82,15.89,15.26,15.44,15.84,15.67,5143,81000.0,23,,4267.0,82.97,new
OSELDEVICE,SM,2026-09-07,380.0,381.4,365.05,371.15,370.0,385.15,55800,20780000.0,233,,40600.0,72.76,new
OSIAHYPER,BE,2026-09-07,2.47,2.54,2.38,2.45,2.48,2.47,319369,790000.0,376,,,,new
OSWALAGRO,EQ,2026-09-07,36.2,37.79,36.2,36.61,36.78,36.66,22621,827999.9999999999,352,,15902.0,70.3,new
OSWALGREEN,EQ,2026-09-07,20.59,20.88,20.13,20.27,20.28,20.39,116996,2373000.0,513,,61901.0,52.91,new
OSWALPUMPS,EQ,2026-09-07,279.0,281.0,273.7,274.4,274.85,279.2,458203,126447000.0,10730,,247076.0,53.92,new
OSWALSEEDS,EQ,2026-09-07,11.51,12.59,11.51,12.06,12.22,11.72,77347,927999.9999999999,236,,58198.0,75.24,new
OWAIS,ST,2026-09-07,79.2,81.75,78.85,81.05,81.75,80.45,16000,1272000.0,70,,15800.0,98.75,new
PACEDIGITK,EQ,2026-09-07,169.0,171.72,159.99,161.09,161.99,167.59,1573488,258789000.0,18067,,888746.0,56.48,new
PACIFICI,EQ,2026-09-07,143.11,144.0,140.0,140.0,140.0,143.82,391,55000.00000000001,17,,369.0,94.37,new
PAGEIND,EQ,2026-09-07,36300.0,36495.0,35625.0,35825.0,35825.0,36300.0,11706,420587000.0,5367,,5014.0,42.83,new
PAISALO,EQ,2026-09-07,74.37,80.0,74.25,79.41,78.97,74.1,35087813,2739454000.0,63882,,13708460.0,39.07,new
PAKKA,EQ,2026-09-07,74.5,77.9,73.75,77.22,77.2,73.71,270324,20735000.0,6464,,137978.0,51.04,new
PALASHSECU,EQ,2026-09-07,90.17,90.17,89.2,89.2,89.2,90.17,438,39000.0,11,,436.0,99.54,new
PALREDTEC,EQ,2026-09-07,55.83,57.75,55.83,56.12,56.05,55.83,2454,139000.0,41,,2399.0,97.76,new
PANACEABIO,EQ,2026-09-07,378.55,383.0,376.6,378.4,379.3,381.25,45995,17450000.0,1897,,25646.0,55.76,new
PANACHE,BE,2026-09-07,525.0,526.0,514.5,526.0,526.0,525.0,6263,3274000.0,56,,,,new
PANAMAPET,EQ,2026-09-07,495.55,504.9,480.1,481.35,482.0,495.45,245862,120264000.00000001,6253,,109104.0,44.38,new
PANCHMAHQ,EQ,2026-09-07,300.0,300.0,272.95,296.85,297.8,300.0,27,8000.0,9,,26.0,96.3,new
PANORAMA,EQ,2026-09-07,47.81,49.4,47.69,48.87,49.0,47.41,357826,17458000.0,1468,,166371.0,46.49,new
PANSARI,EQ,2026-09-07,299.95,307.3,299.9,300.45,300.0,300.05,373,113999.99999999999,12,,248.0,66.49,new
PAR,BE,2026-09-07,148.88,148.88,148.88,148.88,148.88,156.71,13035,1941000.0,137,,,,new
PARACABLES,EQ,2026-09-07,65.3,67.32,65.16,65.61,65.99,65.51,1407319,92980000.0,7662,,666275.0,47.34,new
PARADEEP,EQ,2026-09-07,157.5,159.0,155.65,157.98,158.6,157.0,3228904,508728000.0,32463,,1578132.0,48.88,new
PARAGMILK,EQ,2026-09-07,254.6,257.85,243.95,250.25,249.5,249.6,1227989,309262000.0,18089,,455760.0,37.11,new
PARAGON,SM,2026-09-07,49.0,57.0,48.5,56.9,57.0,47.5,152400,8397000.0,118,,111600.0,73.23,new
PARAMOUNT,SM,2026-09-07,38.65,38.65,38.65,38.65,38.65,36.85,10800,417000.0,7,,8400.0,77.78,new
PARAS,EQ,2026-09-07,1414.9,1494.7,1414.4,1489.4,1489.5,1414.9,1794488,2629235000.0,69676,,567404.0,31.62,new
PARASPETRO,EQ,2026-09-07,2.09,2.17,2.09,2.15,2.16,2.14,159359,340000.0,278,,108786.0,68.26,new
PARIN,SM,2026-09-07,709.5,735.0,709.5,725.0,725.0,716.3,6000,4324000.0,21,,3000.0,50.0,new
PARKHOSPS,EQ,2026-09-07,286.0,290.9,280.05,286.8,286.05,286.25,816945,233546999.99999997,11711,,395925.0,48.46,new
PARKHOTELS,EQ,2026-09-07,112.2,113.1,110.98,111.21,111.1,112.18,61379,6848999.999999999,1200,,40051.0,65.25,new
PARNAXLAB,EQ,2026-09-07,134.99,136.8,122.05,132.99,132.99,134.8,337,45000.0,37,,289.0,85.76,new
PARSVNATH,BE,2026-09-07,1.6,1.6,1.6,1.6,1.6,1.57,62274,100000.0,61,,,,new
PARTH,SM,2026-09-07,525.0,540.0,525.0,536.5,540.0,525.7,3600,1916000.0,9,,3600.0,100.0,new
PARTYCRUS,SM,2026-09-07,83.0,90.0,81.5,86.35,90.0,79.7,6000,507000.0,6,,5000.0,83.33,new
PASHUPATI,EQ,2026-09-07,83.8,98.32,81.0,81.34,81.45,81.94,587440,50584000.0,6157,,162502.0,27.66,new
PASUPTAC,BE,2026-09-07,69.4,69.45,66.55,67.32,67.0,67.64,116622,7927000.0,546,,,,new
PATANJALI,EQ,2026-09-07,344.0,344.0,336.15,340.9,340.9,342.5,1977606,673105000.0,56701,,1002563.0,50.7,new
PATELENG,EQ,2026-09-07,27.38,27.55,26.95,27.1,27.0,27.28,1622375,44194000.0,5924,,937288.0,57.77,new
PATELRMART,EQ,2026-09-07,218.32,228.0,215.66,217.99,220.0,218.32,82912,18424000.0,2416,,37271.0,44.95,new
PATILAUTOM,SM,2026-09-07,290.0,319.0,290.0,296.75,297.0,279.35,362400,110983000.0,527,,245400.0,67.72,new
PATINTLOG,BE,2026-09-07,13.61,13.61,13.2,13.41,13.45,13.32,44088,588000.0,116,,,,new
PAUSHAKLTD,EQ,2026-09-07,790.9,790.9,760.0,763.1,762.0,785.5,19900,15396000.0,2135,,11277.0,56.67,new
PAVNAIND,EQ,2026-09-07,17.6,17.6,15.36,16.09,16.12,17.22,304883,4922000.0,1170,,202750.0,66.5,new
PAYTM,EQ,2026-09-07,1659.6,1669.3,1642.0,1664.0,1664.0,1659.5,1822600,3018951000.0,52742,,771533.0,42.33,new
PCBL,EQ,2026-09-07,316.0,322.8,313.35,317.45,317.5,317.0,1125415,358690000.0,20025,,316631.0,28.13,new
PCCL,SM,2026-09-07,427.0,434.95,416.05,430.35,430.2,425.15,28000,11950000.0,55,,20400.0,72.86,new
PCJEWELLER,EQ,2026-09-07,12.29,14.08,12.21,13.93,13.99,11.86,2196523618,29364630000.0,626266,,269616994.0,12.27,new
PDMJEPAPER,EQ,2026-09-07,93.0,108.99,93.0,101.43,101.99,93.22,5921103,616132000.0,48761,,577180.0,9.75,new
PDSL,EQ,2026-09-07,360.0,360.95,347.2,349.6,348.15,358.5,112309,39693000.0,5333,,68654.0,61.13,new
PEARLPOLY,EQ,2026-09-07,15.08,15.79,15.08,15.3,15.79,15.08,3678,56999.99999999999,75,,3013.0,81.92,new
PELATRO,SM,2026-09-07,399.0,400.0,381.5,387.5,389.0,391.75,22500,8816000.0,56,,16200.0,72.0,new
PENIND,EQ,2026-09-07,171.4,178.68,169.5,175.96,175.8,169.56,1301524,227650000.0,16208,,525985.0,40.41,new
PENINLAND,EQ,2026-09-07,17.14,17.14,16.05,16.17,16.05,16.55,226908,3783000.0,675,,163685.0,72.14,new
PENTAGON,SM,2026-09-07,90.4,90.5,90.4,90.5,90.5,82.3,29000,2624000.0,20,,28000.0,96.55,new
PERFECT,SZ,2026-09-07,1.9,1.9,1.85,1.9,1.9,1.9,12000,23000.0,4,,12000.0,100.0,new
PERMAGN,EQ,2026-09-07,905.7,905.7,867.8,872.0,870.3,888.2,2107,1848000.0,323,,1533.0,72.76,new
PERNIASPOP,EQ,2026-09-07,535.0,588.9,515.85,568.55,568.5,575.0,8722845,4872410000.0,184959,,1407107.0,16.13,new
PERSISTENT,EQ,2026-09-07,5610.0,5622.0,5522.0,5540.0,5540.0,5643.0,404979,2250916000.0,25430,,170511.0,42.1,new
PETRONET,EQ,2026-09-07,288.1,293.8,288.1,290.95,290.95,288.1,1737649,505778000.0,34817,,1009752.0,58.11,new
PFC,EQ,2026-09-07,355.75,359.15,353.0,353.1,353.1,355.6,6560499,2327059000.0,48691,,4043523.0,61.63,new
PFIZER,EQ,2026-09-07,4598.8,4610.0,4557.0,4596.5,4601.0,4609.7,17548,80464000.0,3612,,10054.0,57.29,new
PFOCUS,EQ,2026-09-07,309.0,315.0,301.0,311.75,315.0,307.0,1727525,534455000.0,32474,,614912.0,35.59,new
PFS,EQ,2026-09-07,27.0,27.87,26.71,27.39,27.32,26.94,499077,13709000.0,3367,,239972.0,48.08,new
PGEL,EQ,2026-09-07,560.0,564.65,554.5,559.55,559.55,562.3,667138,373483000.0,16717,,223005.0,33.43,new
PGHH,EQ,2026-09-07,7669.0,7719.5,7602.0,7634.5,7649.0,7667.5,10292,78880000.0,2740,,6376.0,61.95,new
PGHL,EQ,2026-09-07,5699.5,5706.5,5650.0,5667.0,5683.0,5660.0,4981,28273000.0,1320,,2663.0,53.46,new
PGIL,EQ,2026-09-07,2277.0,2299.8,2249.5,2257.2,2258.4,2278.3,35644,81002000.0,7246,,18051.0,50.64,new
PGINVIT,IV,2026-09-07,101.17,104.5,101.17,102.51,102.61,101.17,1633443,167146000.0,10259,,1343761.0,82.27,new
PHANTOMFX,SM,2026-09-07,116.9,117.0,113.3,116.0,116.95,116.85,33000,3799000.0,48,,27300.0,82.73,new
PHARMABEES,EQ,2026-09-07,27.42,27.5,26.9,27.4,27.47,27.32,4126001,112915000.00000001,12336,,1974000.0,47.84,new
PHOENIXLTD,EQ,2026-09-07,1942.0,1942.0,1899.1,1905.0,1905.0,1942.0,253740,485282000.0,21315,,151908.0,59.87,new
PHOENXINTL,EQ,2026-09-07,31.9,31.9,29.32,29.68,30.19,29.01,2251,68000.0,49,,2135.0,94.85,new
PHOGLOBAL,SM,2026-09-07,14.25,14.25,14.25,14.25,14.25,14.25,2000,28999.999999999996,1,,2000.0,100.0,new
PICCADIL,EQ,2026-09-07,616.15,634.8,611.0,617.95,617.2,615.75,363733,227248999.99999997,12154,,155537.0,42.76,new
PIDILITIND,EQ,2026-09-07,1625.9,1628.9,1575.0,1575.0,1575.0,1629.5,591643,946814000.0,26118,,323034.0,54.6,new
PIGL,EQ,2026-09-07,100.9,100.9,97.81,98.35,98.2,98.78,63190,6225000.0,718,,44905.0,71.06,new
PIIND,EQ,2026-09-07,2454.0,2468.5,2428.0,2430.0,2430.0,2465.0,104432,255133000.0,12744,,46448.0,44.48,new
PILANIINVS,EQ,2026-09-07,4349.8,4349.8,4282.1,4298.7,4282.1,4323.8,869,3745000.0000000005,198,,606.0,69.74,new
PILITA,EQ,2026-09-07,8.14,8.24,7.74,7.85,7.75,8.02,66138,523000.00000000006,173,,51287.0,77.55,new
PINELABS,EQ,2026-09-07,168.0,168.48,163.85,164.49,164.68,166.37,10783461,1787966000.0,63149,,5367314.0,49.77,new
PIONEEREMB,EQ,2026-09-07,21.61,21.98,21.17,21.74,21.74,21.36,6135,133000.0,46,,5457.0,88.95,new
PIONRINV,BE,2026-09-07,79.75,80.05,79.75,80.05,80.05,83.89,1487,119000.0,5,,,,new
PIRAMALFIN,EQ,2026-09-07,2221.2,2290.8,2209.9,2261.0,2275.0,2225.0,500739,1135991000.0,29131,,251812.0,50.29,new
PITTIENG,EQ,2026-09-07,1084.9,1228.0,1084.0,1176.2,1177.1,1084.9,1699396,2022073000.0,83445,,389260.0,22.91,new
PIXTRANS,EQ,2026-09-07,1793.0,1830.5,1750.0,1754.9,1750.0,1791.7,12137,21520000.0,1907,,7236.0,59.62,new
PKTEA,EQ,2026-09-07,808.0,963.15,808.0,963.15,963.15,802.65,13475,12877000.000000002,546,,8127.0,60.31,new
PLADAINFO,SM,2026-09-07,11.3,11.35,11.3,11.35,11.35,10.85,9000,102000.0,2,,9000.0,100.0,new
PLASTIBLEN,EQ,2026-09-07,187.91,197.69,185.0,193.14,193.0,187.91,57836,11233000.0,1407,,33480.0,57.89,new
PLATIND,EQ,2026-09-07,232.0,239.5,232.0,233.73,233.01,231.54,88487,20886000.0,2568,,44493.0,50.28,new
PLAZACABLE,EQ,2026-09-07,60.9,61.2,58.45,59.05,59.29,61.32,145018,8586000.0,1386,,92336.0,63.67,new
PML,EQ,2026-09-07,503.5,503.5,486.15,489.75,497.0,488.8,28,14000.000000000002,7,,26.0,92.86,new
PNB,EQ,2026-09-07,116.41,117.17,115.55,115.6,115.6,117.0,11062919,1284685000.0,35900,,6013467.0,54.36,new
PNBGILTS,EQ,2026-09-07,83.08,84.3,81.52,81.87,82.21,83.08,330796,27395999.999999996,4662,,161346.0,48.78,new
PNBHOUSING,EQ,2026-09-07,1166.0,1188.9,1163.7,1182.1,1182.1,1166.0,721594,850095999.9999999,30073,,377750.0,52.35,new
PNC,EQ,2026-09-07,16.63,17.0,15.72,16.35,16.7,16.72,10105,166000.0,223,,7760.0,76.79,new
PNCINFRA,EQ,2026-09-07,182.5,183.68,180.7,181.71,181.62,183.11,203926,37096000.0,4986,,113587.0,55.7,new
PNGJL,EQ,2026-09-07,612.0,634.7,612.0,618.95,619.8,609.05,1030718,645518000.0,37333,,456725.0,44.31,new
PNGSREVA,EQ,2026-09-07,519.9,564.5,519.05,540.15,539.65,516.35,502653,274850000.0,20025,,181042.0,36.02,new
POCL,EQ,2026-09-07,478.1,479.95,464.95,467.95,470.95,477.8,236111,111581000.0,7897,,125963.0,53.35,new
PODDARMENT,EQ,2026-09-07,257.8,285.0,256.1,277.85,278.0,257.1,23704,6453000.0,513,,18304.0,77.22,new
POEL,EQ,2026-09-07,146.91,151.76,144.0,145.39,145.43,142.78,43276,6358000.0,879,,31475.0,72.73,new
POKARNA,EQ,2026-09-07,815.2,828.0,795.1,803.0,800.0,817.15,48658,39283000.0,3225,,27665.0,56.86,new
POLICYBZR,EQ,2026-09-07,1830.0,1843.2,1752.3,1792.0,1792.0,1836.0,1228810,2202265000.0,50844,,631474.0,51.39,new
POLYCAB,EQ,2026-09-07,8310.0,8361.5,8175.0,8261.0,8261.0,8300.0,568946,4681424000.0,64890,,293887.0,51.65,new
POLYMED,EQ,2026-09-07,1705.0,1767.8,1695.1,1701.1,1707.0,1702.5,193636,334972000.0,24728,,65892.0,34.03,new
POLYPLEX,EQ,2026-09-07,1185.0,1192.8,1166.1,1180.0,1184.5,1191.0,35308,41530000.0,2665,,21273.0,60.25,new
POLYSIL,SM,2026-09-07,73.9,73.9,71.0,73.85,71.0,70.4,143000,10565000.0,103,,120500.0,84.27,new
POLYSPIN,EQ,2026-09-07,29.5,29.5,29.42,29.42,29.42,29.64,507,15000.0,4,,507.0,100.0,new
PONNIERODE,EQ,2026-09-07,381.5,396.25,381.05,386.85,385.0,382.45,39314,15230000.000000002,2245,,21048.0,53.54,new
POONAWALLA,EQ,2026-09-07,468.0,468.05,456.3,459.15,457.0,468.45,452170,208254000.0,18930,,260328.0,57.57,new
POSITRON,SM,2026-09-07,185.7,185.7,179.0,183.35,183.0,180.0,11400,2082999.9999999998,34,,9000.0,78.95,new
POWERGRID,EQ,2026-09-07,266.0,268.8,264.25,266.45,266.45,266.0,7015606,1876663000.0,70801,,3965709.0,56.53,new
POWERICA,EQ,2026-09-07,527.65,531.4,507.1,512.1,513.2,525.05,197171,102149000.0,9371,,91265.0,46.29,new
POWERINDIA,EQ,2026-09-07,31635.0,32175.0,31635.0,31775.0,31775.0,31650.0,50681,1617979000.0,17887,,23514.0,46.4,new
POWERMECH,EQ,2026-09-07,2311.0,2388.0,2311.0,2359.8,2357.3,2306.1,55807,131910999.99999999,9698,,22409.0,40.15,new
PPAP,BE,2026-09-07,262.9,262.9,252.3,256.15,258.85,260.9,11250,2888000.0,264,,,,new
PPL,BE,2026-09-07,261.0,273.8,260.5,270.05,272.0,262.0,39747,10585000.0,485,,,,new
PPLPHARMA,EQ,2026-09-07,214.23,221.8,213.12,219.66,219.5,214.22,6407335,1402451000.0,80720,,2154896.0,33.63,new
PPSL,SM,2026-09-07,2.75,2.9,2.75,2.85,2.85,2.85,90000,252999.99999999997,20,,51000.0,56.67,new
PRABHA,EQ,2026-09-07,235.1,245.0,231.0,243.39,242.5,230.6,1535655,367775000.0,16000,,428723.0,27.92,new
PRADPME,BE,2026-09-07,495.0,495.0,485.05,490.75,488.0,491.6,3715,1814999.9999999998,28,,,,new
PRAENG,EQ,2026-09-07,24.69,25.7,24.1,24.25,24.2,24.69,114004,2802000.0,471,,86137.0,75.56,new
PRAJIND,EQ,2026-09-07,334.0,344.0,333.6,336.55,337.5,335.55,380568,129010999.99999999,10714,,124034.0,32.59,new
PRAKASH,EQ,2026-09-07,126.68,126.68,124.31,125.08,125.4,125.63,445797,55748000.0,2958,,300580.0,67.43,new
PRAKASHSTL,EQ,2026-09-07,3.87,3.9,3.7,3.75,3.77,3.82,119894,453000.0,318,,61787.0,51.53,new
PRAMARA,SM,2026-09-07,101.25,107.7,100.0,101.0,101.0,102.25,48500,4920000.0,17,,46000.0,94.85,new
PRAMODINI,SM,2026-09-07,114.0,116.0,113.0,114.6,115.45,114.8,67200,7720999.999999999,51,,46800.0,69.64,new
PRANIK,SM,2026-09-07,48.95,48.95,44.0,44.4,44.0,47.85,12800,582000.0,8,,6400.0,50.0,new
PRATHAM,SM,2026-09-07,119.0,120.05,119.0,120.05,120.05,119.0,1600,192000.0,4,,1600.0,100.0,new
PRAVEG,EQ,2026-09-07,268.8,268.8,262.55,264.55,265.55,266.15,17250,4571000.0,713,,9647.0,55.92,new
PRAXIS,EQ,2026-09-07,4.88,4.88,4.6,4.66,4.6,4.65,250069,1172000.0,259,,238401.0,95.33,new
PRECAM,EQ,2026-09-07,123.05,126.0,122.77,123.98,123.96,124.02,117683,14644999.999999998,2674,,42690.0,36.28,new
PRECISION,ST,2026-09-07,6.5,6.8,6.5,6.8,6.8,6.5,20000,135000.0,8,,16000.0,80.0,new
PRECOT,EQ,2026-09-07,705.0,705.0,688.6,693.9,694.1,698.05,2931,2043000.0,197,,2455.0,83.76,new
PRECWIRE,EQ,2026-09-07,470.3,471.3,455.4,460.95,462.5,472.8,442911,204457000.0,17245,,198137.0,44.74,new
PREMCO,EQ,2026-09-07,392.5,394.95,384.0,391.95,391.95,390.95,1109,428000.0,41,,1073.0,96.75,new
PREMEXPLN,EQ,2026-09-07,663.0,667.45,662.4,663.25,663.2,664.0,168558,111833999.99999999,5103,,124129.0,73.64,new
PREMIER,BE,2026-09-07,2.74,2.75,2.65,2.74,2.74,2.75,1156,3000.0,19,,,,new
PREMIERENE,EQ,2026-09-07,999.7,1006.6,987.0,990.0,990.0,1002.0,543434,540039000.0,19037,,223629.0,41.15,new
PREMIERPOL,EQ,2026-09-07,95.36,95.73,90.57,91.45,91.69,95.36,273939,25328000.0,4169,,130749.0,47.73,new
PREMIUM,SM,2026-09-07,38.0,38.0,38.0,38.0,38.0,38.0,9000,342000.0,3,,9000.0,100.0,new
PRESSTONIC,SM,2026-09-07,32.5,33.75,30.0,30.8,31.0,33.05,122400,3804999.9999999995,108,,92000.0,75.16,new
PRESTIGE,EQ,2026-09-07,1595.0,1595.0,1550.0,1550.0,1550.0,1587.0,231985,362415000.0,12962,,107793.0,46.47,new
PRICOLLTD,EQ,2026-09-07,767.0,784.0,765.1,779.35,778.55,764.95,303473,236159000.0,16585,,137654.0,45.36,new
PRIMECAB,ST,2026-09-07,191.0,191.0,187.65,187.65,187.65,197.5,20800,3919000.0,13,,20800.0,100.0,new
PRIMESECU,EQ,2026-09-07,283.05,283.4,277.5,278.9,278.0,284.5,21379,5977000.0,792,,13064.0,61.11,new
PRIMO,EQ,2026-09-07,21.27,21.35,20.85,20.87,21.05,21.27,56833,1193000.0,939,,32702.0,57.54,new
PRINCEPIPE,EQ,2026-09-07,283.0,291.35,283.0,283.95,283.95,283.0,142855,40962000.0,3705,,68205.0,47.74,new
PRIORITY,BE,2026-09-07,245.0,245.0,229.43,229.92,229.43,241.5,730027,172093000.0,7812,,,,new
PRISMX,EQ,2026-09-07,0.55,0.56,0.53,0.54,0.54,0.55,130426,71000.0,144,,105235.0,80.69,new
PRITI,BE,2026-09-07,33.6,33.6,33.25,33.34,33.49,33.89,2791,93000.0,62,,,,new
PRITIKAUTO,BE,2026-09-07,16.26,16.26,15.46,15.76,15.5,16.27,555392,8655000.0,1158,,,,new
PRIVISCL,EQ,2026-09-07,3387.2,3420.7,3349.0,3382.6,3400.0,3367.3,71960,243659000.0,8892,,48643.0,67.6,new
PRIZOR,ST,2026-09-07,1224.4,1224.4,1224.4,1224.4,1224.4,1200.4,7600,9305000.0,11,,7600.0,100.0,new
PRLIND,SM,2026-09-07,39.8,45.65,39.75,45.55,45.6,38.05,338000,14565000.0,208,,278000.0,82.25,new
PROPSHOP,SM,2026-09-07,70.3,72.0,68.05,71.4,72.0,70.1,74000,5177000.0,32,,52000.0,70.27,new
PROSTARM,EQ,2026-09-07,135.84,143.95,135.32,138.86,138.12,134.73,638920,89706000.0,7854,,243757.0,38.15,new
PROTEAN,EQ,2026-09-07,496.3,517.75,493.2,515.4,515.1,496.3,393890,199038000.0,12840,,203322.0,51.62,new
PROV,SM,2026-09-07,1875.0,1875.0,1860.0,1860.0,1860.0,1910.0,240,448000.00000000006,3,,240.0,100.0,new
PROZONER,EQ,2026-09-07,50.9,50.9,47.8,48.01,47.82,49.76,200743,9798000.0,1602,,128211.0,63.87,new
PRSMJOHNSN,EQ,2026-09-07,111.99,112.96,111.0,112.21,112.02,111.12,279614,31294000.0,3776,,133216.0,47.64,new
PRUDENT,EQ,2026-09-07,3336.8,3400.3,3322.6,3367.7,3380.0,3347.6,47991,161488000.0,8684,,28810.0,60.03,new
PRUDMOULI,BE,2026-09-07,16.5,16.99,15.51,16.88,16.95,16.25,29253,487000.0,82,,,,new
PSB,EQ,2026-09-07,23.23,23.25,22.92,22.98,22.96,23.23,658224,15160000.0,2398,,355773.0,54.05,new
PSFL,SM,2026-09-07,34.0,38.75,34.0,38.6,38.6,34.0,40000,1481000.0,20,,40000.0,100.0,new
PSPPROJECT,EQ,2026-09-07,883.2,883.75,865.0,869.05,870.5,875.5,30351,26439999.999999996,1953,,19532.0,64.35,new
PSRAJ,ST,2026-09-07,86.9,86.9,82.5,85.85,85.9,83.95,32500,2764000.0,10,,25000.0,76.92,new
PSUBANK,EQ,2026-09-07,83.8,85.93,83.8,84.42,84.58,85.53,81863,6913000.0,906,,42259.0,51.62,new
PSUBANKADD,EQ,2026-09-07,86.36,86.36,85.0,85.39,85.55,86.43,35983,3073000.0,326,,15691.0,43.61,new
PSUBNKBEES,EQ,2026-09-07,96.8,96.8,93.97,94.21,94.31,95.45,1692469,159681000.0,7761,,1065492.0,62.95,new
PSUBNKIETF,EQ,2026-09-07,86.96,86.96,85.2,85.42,85.7,86.53,109940,9409000.0,1052,,58264.0,53.0,new
PTC,EQ,2026-09-07,157.0,157.0,154.4,154.78,154.8,156.29,953200,148162000.0,12957,,672061.0,70.51,new
PTCIL,EQ,2026-09-07,23770.0,24030.0,23505.0,23755.0,23740.0,23830.0,29308,698081000.0,11261,,8751.0,29.86,new
PTL,EQ,2026-09-07,38.73,39.2,38.35,38.69,38.84,38.74,32700,1265000.0,740,,22334.0,68.3,new
PUNJABCHEM,EQ,2026-09-07,1105.7,1105.9,1090.0,1098.4,1100.0,1100.3,2526,2773000.0,661,,1632.0,64.61,new
PURPLEUTED,ST,2026-09-07,418.0,419.7,398.0,404.15,400.0,416.2,19250,7845999.999999999,71,,19250.0,100.0,new
PURVA,EQ,2026-09-07,232.0,232.0,221.21,223.02,222.91,230.72,633537,141900000.0,12062,,155973.0,24.62,new
PURVFLEXI,SM,2026-09-07,43.65,46.9,43.55,44.95,45.1,45.8,52000,2312000.0,35,,45600.0,87.69,new
PUSHPA,SM,2026-09-07,109.95,113.95,109.95,113.95,113.9,108.95,29000,3286000.0,23,,23000.0,79.31,new
PVP,EQ,2026-09-07,70.0,71.0,64.55,65.16,64.55,67.94,2458317,165708000.0,13536,,1286562.0,52.34,new
PVRINOX,EQ,2026-09-07,1199.1,1199.1,1125.7,1156.5,1152.0,1227.2,3208552,3699019000.0,127466,,1001289.0,31.21,new
PVSL,EQ,2026-09-07,102.0,105.15,100.0,100.54,100.0,102.63,38417,3879999.9999999995,1878,,28204.0,73.42,new
PVTBANIETF,EQ,2026-09-07,28.47,28.47,27.93,28.02,27.96,28.17,662433,18587000.0,1198,,371563.0,56.09,new
PVTBANK,EQ,2026-09-07,28.1,28.1,27.78,27.87,27.87,28.0,7757,217000.0,17,,5934.0,76.5,new
PVTBANKADD,EQ,2026-09-07,28.25,28.29,28.17,28.24,28.29,28.34,26044,735000.0,136,,19054.0,73.16,new
PVTBKGROWW,EQ,2026-09-07,27.79,27.99,27.57,27.9,27.9,27.92,5456,152000.0,150,,3304.0,60.56,new
PWL,EQ,2026-09-07,127.47,130.32,126.54,129.67,129.5,126.42,18012338,2320293000.0,91341,,3916524.0,21.74,new
PYRAMID,EQ,2026-09-07,154.2,154.76,150.6,151.3,150.65,153.83,42997,6554000.000000001,1101,,27372.0,63.66,new
QGOLDHALF,EQ,2026-09-07,125.99,126.12,125.0,125.79,125.8,127.62,367265,46177000.0,1249,,202679.0,55.19,new
QLINE,SM,2026-09-07,640.0,650.0,602.0,626.25,618.0,639.6,129600,80939000.0,306,,74400.0,57.41,new
QMSMEDI,BE,2026-09-07,162.9,165.0,156.0,161.87,160.05,158.97,28479,4618000.0,167,,,,new
QNIFTY,EQ,2026-09-07,266.2,266.2,261.6,262.18,262.4,264.15,5242,1375000.0,193,,3895.0,74.3,new
QPOWER,EQ,2026-09-07,1559.8,1570.0,1460.0,1482.5,1484.8,1495.3,660514,1013017000.0,25065,,293257.0,44.4,new
QUADFUTURE,EQ,2026-09-07,417.9,432.6,414.35,415.65,415.85,417.9,432652,182354000.0,13843,,124282.0,28.73,new
QUADPRO,SM,2026-09-07,2.6,2.6,2.6,2.6,2.6,2.5,12000,31000.0,1,,12000.0,100.0,new
QUAL30IETF,EQ,2026-09-07,21.07,21.33,20.76,20.82,20.91,21.12,125990,2623000.0,573,,84065.0,66.72,new
QUALITY30,EQ,2026-09-07,20.65,21.0,20.4,20.49,20.51,20.65,5483,112000.00000000001,74,,3482.0,63.51,new
QUESS,EQ,2026-09-07,351.1,358.0,337.8,339.6,341.0,354.75,398988,137221000.0,15920,,199751.0,50.06,new
QUESTLAB,SM,2026-09-07,84.8,84.8,81.3,82.0,82.0,85.5,24000,2016000.0,9,,22800.0,95.0,new
QUICKHEAL,EQ,2026-09-07,147.1,164.43,147.0,153.16,152.5,140.94,833659,129873000.0,9879,,264923.0,31.78,new
QUICKTOUCH,SM,2026-09-07,16.8,16.8,16.8,16.8,16.8,16.0,6500,109000.00000000001,11,,6500.0,100.0,new
QUINT,EQ,2026-09-07,40.68,41.0,38.22,39.3,40.0,40.68,7999,319000.0,112,,7163.0,89.55,new
QUINTEGRA,BE,2026-09-07,1.22,1.27,1.15,1.15,1.15,1.21,25979,32000.0,36,,,,new
QVCEL,SM,2026-09-07,23.6,23.6,23.6,23.6,23.6,24.75,1600,38000.0,1,,1600.0,100.0,new
RACE,EQ,2026-09-07,100.99,102.0,98.31,99.92,99.99,99.3,7233,724000.0,135,,4979.0,68.84,new
RACLGEAR,EQ,2026-09-07,1580.0,1606.4,1553.0,1573.7,1575.5,1576.1,27158,42779000.0,3104,,12444.0,45.82,new
RADAAN,EQ,2026-09-07,3.0,3.04,2.92,3.0,3.01,2.97,21177,63000.0,127,,11257.0,53.16,new
RADHIKAJWE,EQ,2026-09-07,84.62,97.4,84.61,94.28,93.0,83.16,31907643,2957441000.0,154074,,2498750.0,7.83,new
RADIANTCMS,EQ,2026-09-07,43.27,43.45,42.05,42.72,42.64,41.78,571809,24378000.0,3139,,337429.0,59.01,new
RADICO,EQ,2026-09-07,4470.0,4496.0,4433.0,4444.0,4444.0,4494.0,110526,493139000.00000006,16190,,67480.0,61.05,new
RADIOCITY,EQ,2026-09-07,6.28,6.36,6.2,6.23,6.25,6.28,37379,234000.0,140,,34798.0,93.1,new
RADIOWALLA,ST,2026-09-07,27.3,27.35,27.3,27.35,27.35,28.7,4800,131000.0,3,,4800.0,100.0,new
RAILTEL,EQ,2026-09-07,271.0,274.5,268.05,270.05,270.3,271.05,399954,108335999.99999999,10492,,144826.0,36.21,new
RAIN,EQ,2026-09-07,215.0,216.8,210.15,211.38,210.15,215.72,2224146,474418999.99999994,16667,,1130951.0,50.85,new
RAINBOW,EQ,2026-09-07,1447.2,1487.6,1442.0,1469.9,1468.4,1447.2,115787,170726000.0,12625,,68902.0,59.51,new
RAJESHEXPO,BZ,2026-09-07,84.99,84.99,78.87,79.72,80.0,83.02,136629,10985000.0,1827,,,,new
RAJINDLTD,SM,2026-09-07,62.9,62.9,62.9,62.9,62.9,63.0,1500,94000.0,1,,1500.0,100.0,new
RAJMET,EQ,2026-09-07,3.16,3.16,3.1,3.15,3.15,3.15,316026,992000.0,683,,170354.0,53.91,new
RAJOOENG,BE,2026-09-07,52.98,54.16,52.0,54.16,54.16,51.59,496256,26604000.000000004,1737,,,,new
RAJPALAYAM,EQ,2026-09-07,800.0,804.95,762.6,775.65,765.25,795.3,2828,2217000.0,208,,1874.0,66.27,new
RAJPUTANA,SM,2026-09-07,217.0,217.0,205.05,205.6,205.25,219.95,32000,6681000.0,35,,23000.0,71.88,new
RAJRATAN,EQ,2026-09-07,502.0,508.3,485.45,488.8,488.6,498.35,75607,37452000.0,4098,,42470.0,56.17,new
RAJRILTD,BE,2026-09-07,22.08,22.08,21.65,21.65,21.65,22.09,5441,118000.0,86,,,,new
RAJSREESUG,EQ,2026-09-07,36.09,37.27,35.11,35.68,35.86,35.47,57781,2082999.9999999998,523,,37909.0,65.61,new
RAJTV,EQ,2026-09-07,8.05,8.47,8.0,8.47,8.47,8.07,76436,642000.0,259,,64478.0,84.36,new
RALLIS,EQ,2026-09-07,209.1,209.84,205.36,206.15,206.2,208.82,517541,106959999.99999999,11766,,361299.0,69.81,new
RAMANEWS,EQ,2026-09-07,31.43,32.95,31.15,32.64,32.89,31.75,35616,1157000.0,261,,24627.0,69.15,new
RAMAPHO,EQ,2026-09-07,126.0,126.0,123.0,124.2,123.12,123.48,14683,1818000.0,327,,10311.0,70.22,new
RAMASTEEL,BE,2026-09-07,4.0,4.1,4.0,4.1,4.1,4.02,1943527,7879000.000000001,1630,,,,new
RAMBHAJO,EQ,2026-09-07,270.4,288.3,270.4,276.32,273.44,268.68,1832168,510628000.0,28263,,426046.0,23.25,new
RAMCOCEM,EQ,2026-09-07,884.55,890.0,868.0,871.5,868.9,884.5,156814,137559000.0,19612,,82739.0,52.76,new
RAMCOIND,EQ,2026-09-07,323.95,325.9,318.0,323.05,324.5,323.25,100157,32223000.0,2343,,54881.0,54.79,new
RAMCOSYS,EQ,2026-09-07,604.0,620.0,600.6,604.35,609.0,611.2,84590,51465000.0,3772,,44516.0,52.63,new
RAMKY,EQ,2026-09-07,346.25,349.45,337.05,339.6,340.8,347.4,39929,13615000.0,1618,,24799.0,62.11,new
RAMRAT,EQ,2026-09-07,560.65,564.0,521.95,527.2,527.65,560.65,336077,180101000.0,19448,,157712.0,46.93,new
RANASUG,EQ,2026-09-07,14.8,15.51,14.8,14.99,14.99,14.8,558685,8499000.0,1183,,244347.0,43.74,new
RANEHOLDIN,EQ,2026-09-07,1651.9,1705.0,1651.0,1673.0,1670.0,1651.1,37763,63370000.00000001,3671,,13327.0,35.29,new
RAPIDFLEET,SM,2026-09-07,235.0,235.0,231.05,232.0,232.0,233.0,13800,3215000.0,22,,3600.0,26.09,new
RAPPID,SM,2026-09-07,310.0,316.0,301.0,306.2,308.0,309.5,11400,3522999.9999999995,15,,7200.0,63.16,new
RATEGAIN,EQ,2026-09-07,854.0,861.65,843.2,856.5,859.95,851.15,226177,192973000.0,14144,,106014.0,46.87,new
RATNAMANI,EQ,2026-09-07,2726.0,2741.1,2638.3,2658.5,2670.0,2727.0,40860,109434999.99999999,7689,,19035.0,46.59,new
RATNAVEER,EQ,2026-09-07,307.4,316.0,303.0,306.45,304.85,304.75,3736782,1157547000.0,21942,,1332335.0,35.65,new
RAYMOND,EQ,2026-09-07,740.85,789.6,736.3,772.4,775.0,740.85,3293248,2551424000.0,86429,,734407.0,22.3,new
RAYMONDLSL,EQ,2026-09-07,666.0,678.95,657.05,672.9,673.0,663.65,123831,83226000.0,8581,,66591.0,53.78,new
RAYMONDREL,EQ,2026-09-07,530.0,558.8,530.0,553.7,555.0,529.15,510573,280385000.0,15905,,238967.0,46.8,new
RBA,EQ,2026-09-07,97.3,98.0,95.61,96.41,96.55,97.15,2031006,196681000.0,14821,,973178.0,47.92,new
RBLBANK,EQ,2026-09-07,416.0,418.25,407.85,415.0,415.0,414.35,3484526,1441286000.0,64259,,1463384.0,42.0,new
RBMINFRA,SM,2026-09-07,237.0,237.0,227.9,229.8,229.2,236.9,18400,4258000.0,69,,14000.0,76.09,new
RBS,SM,2026-09-07,87.0,90.0,80.05,89.0,89.0,88.1,46400,4111999.9999999995,22,,38400.0,82.76,new
RBZJEWEL,EQ,2026-09-07,198.99,199.0,186.18,190.71,189.99,200.69,1090155,211673999.99999997,17233,,447970.0,41.09,new
RCDL,SM,2026-09-07,14.15,14.8,13.75,14.3,14.05,14.15,45000,644000.0,14,,39000.0,86.67,new
RCDL-RE,ST,2026-09-07,2.4,2.9,2.0,2.7,2.7,2.45,144000,362000.0,21,,144000.0,100.0,new
RCF,EQ,2026-09-07,115.02,115.4,113.52,113.92,114.01,114.92,870216,99512000.0,9374,,375020.0,43.1,new
RCOM,BE,2026-09-07,0.81,0.85,0.81,0.85,0.85,0.81,5380404,4511000.0,2714,,,,new
READYMIX,SM,2026-09-07,77.8,77.8,73.6,74.25,73.7,76.0,49000,3701000.0,45,,19000.0,38.78,new
RECLTD,EQ,2026-09-07,319.0,321.4,316.05,316.4,316.4,318.7,3769684,1200872000.0,27020,,1888461.0,50.1,new
REDINGTON,EQ,2026-09-07,371.05,381.6,370.0,378.2,378.1,371.3,5166393,1954002000.0,77729,,1572572.0,30.44,new
REDTAPE,EQ,2026-09-07,120.43,121.54,118.48,118.81,119.0,120.43,178625,21296000.0,3512,,99831.0,55.89,new
REFEX,EQ,2026-09-07,283.0,284.65,276.5,277.15,277.5,282.55,192648,53711000.0,4601,,110809.0,57.52,new
REFRACTORY,SM,2026-09-07,25.0,25.0,24.05,24.35,24.2,25.25,25000,608000.0,21,,21000.0,84.0,new
REGAAL,EQ,2026-09-07,89.0,89.28,87.19,88.16,87.61,88.51,165613,14627000.000000002,1401,,98947.0,59.75,new
REGENCERAM,EQ,2026-09-07,37.99,37.99,34.51,35.0,34.51,34.86,1964,69000.0,83,,1576.0,80.24,new
RELAXO,EQ,2026-09-07,344.75,345.0,335.75,338.05,340.5,344.75,108144,36638000.0,6558,,40768.0,37.7,new
RELCHEMQ,EQ,2026-09-07,116.73,116.73,112.37,113.33,115.5,116.73,3050,351000.0,118,,2076.0,68.07,new
RELIABLE,EQ,2026-09-07,141.0,141.97,123.55,138.12,139.0,140.88,32235,4527000.0,1436,,7127.0,22.11,new
RELIANCE,EQ,2026-09-07,1323.1,1324.2,1301.9,1309.5,1309.5,1322.0,10210522,13363876000.0,231898,,6969619.0,68.26,new
RELIGARE,EQ,2026-09-07,257.08,260.5,254.01,255.45,255.95,257.08,1240789,319765000.0,16381,,648461.0,52.26,new
RELINFRA,BE,2026-09-07,57.0,58.16,56.99,58.16,58.16,57.02,79789,4632000.0,537,,,,new
RELTD,EQ,2026-09-07,160.95,160.95,156.71,159.21,159.75,161.37,198563,31525000.0,3305,,134963.0,67.97,new
REMSONSIND,EQ,2026-09-07,99.9,104.6,97.02,97.86,97.99,99.35,94298,9313000.0,1921,,57636.0,61.12,new
REMUS,SM,2026-09-07,909.0,914.95,870.0,878.75,870.0,890.05,3700,3329999.9999999995,33,,2600.0,70.27,new
RENUKA,EQ,2026-09-07,24.1,25.57,24.1,25.15,25.12,24.04,34693464,873285000.0,47545,,10009811.0,28.85,new
REPCOHOME,EQ,2026-09-07,361.0,361.0,355.3,358.75,359.85,358.75,48377,17303000.0,1479,,30955.0,63.99,new
REPL,BE,2026-09-07,62.0,63.13,60.43,60.99,60.75,63.19,22087,1358000.0,80,,,,new
REPRO,EQ,2026-09-07,322.15,325.9,316.2,324.25,325.7,319.45,6875,2217000.0,419,,4026.0,58.56,new
RESPONIND,EQ,2026-09-07,152.39,152.39,147.0,148.15,147.01,154.9,1222693,182241000.0,15399,,223531.0,18.28,new
RETAIL,EQ,2026-09-07,17.0,17.0,16.5,16.59,16.55,17.24,2827,47000.0,62,,2470.0,87.37,new
REXPRO,SM,2026-09-07,37.75,38.0,37.45,37.45,37.45,39.4,9000,338000.0,9,,7000.0,77.78,new
RFBL,ST,2026-09-07,88.5,88.85,88.5,88.85,88.85,84.65,21000,1863000.0,7,,15000.0,71.43,new
RGL,EQ,2026-09-07,151.0,157.0,148.11,153.1,152.99,149.26,1856449,284109000.0,21062,,622333.0,33.52,new
RHETAN,EQ,2026-09-07,26.69,26.69,26.68,26.68,26.69,25.42,8256003,220331000.0,6174,,3330942.0,40.35,new
RHFL,BZ,2026-09-07,1.88,1.88,1.8,1.82,1.82,1.82,465042,856000.0,1018,,,,new
RHIM,EQ,2026-09-07,371.8,375.15,369.0,373.8,373.3,371.35,150341,55869000.00000001,4850,,76121.0,50.63,new
RHL,EQ,2026-09-07,166.3,170.0,165.0,166.16,166.0,167.89,8578,1424000.0,53,,8265.0,96.35,new
RICHA,ST,2026-09-07,75.05,75.05,74.1,74.4,74.1,78.0,3000,223000.0,3,,3000.0,100.0,new
RICOAUTO,EQ,2026-09-07,130.42,135.95,129.08,135.47,135.01,130.46,2142105,286212000.0,19248,,895033.0,41.78,new
RIIL,EQ,2026-09-07,750.0,753.0,730.0,732.4,732.8,750.95,83105,61330999.99999999,3636,,34887.0,41.98,new
RIIT,IV,2026-09-07,122.0,122.0,121.0,121.44,121.4,121.57,116168,14111000.000000002,2038,,105208.0,90.57,new
RILINFRA,SM,2026-09-07,34.5,35.65,30.2,33.15,32.0,35.15,35100,1202000.0,120,,33100.0,94.3,new
RIR,EQ,2026-09-07,175.04,203.83,175.04,191.95,190.01,169.86,11233703,2179134000.0,112059,,1434948.0,12.77,new
RISHABH,EQ,2026-09-07,739.95,815.0,739.95,809.95,812.0,738.45,774109,614020000.0,32815,,292389.0,37.77,new
RITCO,EQ,2026-09-07,302.0,331.15,301.45,319.8,320.0,301.8,574280,184204000.0,11781,,212142.0,36.94,new
RITES,EQ,2026-09-07,215.8,217.94,214.11,215.8,216.0,215.8,244159,52741000.0,7918,,98977.0,40.54,new
RITEZONE,SM,2026-09-07,21.5,21.5,21.5,21.5,21.5,20.5,1600,34000.0,1,,1600.0,100.0,new
RKDL,EQ,2026-09-07,18.39,18.86,18.14,18.25,18.44,18.39,8760,162000.0,81,,7736.0,88.31,new
RKEC,EQ,2026-09-07,22.1,22.1,20.0,20.3,20.3,21.73,87634,1804000.0,436,,69522.0,79.33,new
RKFORGE,EQ,2026-09-07,700.0,711.0,691.0,706.25,706.0,700.85,698070,490504000.0,23233,,287883.0,41.24,new
RKSWAMY,EQ,2026-09-07,94.0,94.79,92.37,93.66,93.11,94.25,49297,4627000.0,1523,,32889.0,66.72,new
RMC,EQ,2026-09-07,233.54,241.02,230.0,233.31,231.7,233.54,68499,16152000.000000002,2677,,25688.0,37.5,new
RMDRIP,BE,2026-09-07,21.05,22.0,21.05,21.84,21.96,21.13,350403,7545000.0,756,,,,new
RML,EQ,2026-09-07,1280.0,1410.0,1251.1,1388.2,1398.0,1295.9,976998,1333850000.0,56481,,154102.0,15.77,new
RNBDENIMS,BE,2026-09-07,9.76,10.69,9.76,10.49,10.35,10.27,290850,2934000.0,721,,,,new
RNFI,SM,2026-09-07,299.0,322.0,299.0,317.15,314.95,299.15,89400,27627000.0,121,,67200.0,75.17,new
RNPL,SM,2026-09-07,80.0,82.0,75.05,75.05,75.05,79.0,16800,1297000.0,11,,10800.0,64.29,new
ROCKINGDCE,SM,2026-09-07,225.5,229.0,220.0,229.0,229.0,234.25,3750,834000.0,13,,3250.0,86.67,new
ROCKPP,E1,2026-09-07,70.3,70.4,70.3,70.4,70.4,64.0,5000,352000.0,5,,5000.0,100.0,new
ROHLTD,EQ,2026-09-07,297.0,305.25,297.0,303.9,302.15,298.55,30726,9272000.0,1017,,21813.0,70.99,new
ROLEXRINGS,EQ,2026-09-07,173.0,178.8,172.01,175.67,176.57,171.72,1410147,248877000.0,17251,,596049.0,42.27,new
ROLLT,BE,2026-09-07,4.5,4.58,4.31,4.58,4.58,4.37,990134,4510000.0,613,,,,new
ROML,EQ,2026-09-07,42.1,43.23,42.0,43.01,43.02,42.0,4076,172000.0,30,,3862.0,94.75,new
ROSSARI,EQ,2026-09-07,465.0,465.0,456.0,458.5,458.15,460.25,57155,26243000.0,2915,,30043.0,52.56,new
ROSSELLIND,EQ,2026-09-07,57.04,57.85,56.12,56.92,56.12,56.96,43055,2449000.0,786,,27385.0,63.6,new
ROSSTECH,EQ,2026-09-07,1156.3,1172.0,1139.6,1148.2,1145.0,1150.5,107652,123773000.0,8150,,44355.0,41.2,new
ROTO,EQ,2026-09-07,65.0,65.36,63.16,63.59,63.89,65.03,166395,10637000.0,2861,,82406.0,49.52,new
ROUTE,EQ,2026-09-07,500.5,522.5,497.1,512.05,511.0,501.55,219416,112407000.0,7409,,96680.0,44.06,new
ROXHITECH,SM,2026-09-07,46.35,47.6,46.35,47.2,47.2,46.3,30400,1431000.0,19,,24000.0,78.95,new
RPEL,EQ,2026-09-07,1819.1,1821.5,1635.6,1681.2,1681.0,1807.2,312911,529558000.0,32558,,123426.0,39.44,new
RPGLIFE,EQ,2026-09-07,2746.0,2781.1,2651.0,2673.4,2665.0,2721.6,13615,36912000.0,2206,,5865.0,43.08,new
RPOWER,EQ,2026-09-07,22.08,22.52,21.73,21.94,21.98,22.08,19788828,436631000.00000006,32770,,4441370.0,22.44,new
RPPINFRA,EQ,2026-09-07,53.97,54.99,53.39,54.28,54.79,54.14,984315,52727000.0,728,,965309.0,98.07,new
RPPL,BE,2026-09-07,23.5,23.5,22.16,23.32,23.45,23.29,48148,1081000.0,127,,,,new
RPSGVENT,EQ,2026-09-07,834.65,834.65,811.1,816.5,821.0,831.4,22339,18365000.0,959,,13756.0,61.58,new
RPTECH,EQ,2026-09-07,824.8,869.8,824.8,853.4,854.85,823.65,412998,353807000.0,22084,,183731.0,44.49,new
RRECL,EQ,2026-09-07,137.0,138.9,126.2,132.27,132.0,136.83,1004,133000.0,38,,933.0,92.93,new
RRIL,EQ,2026-09-07,16.66,16.8,16.45,16.54,16.69,16.66,12846,215000.0,71,,12235.0,95.24,new
RRKABEL,EQ,2026-09-07,2430.8,2484.0,2353.7,2387.1,2388.7,2454.1,1299097,3115285000.0,87548,,539907.0,41.56,new
RSDFIN,BE,2026-09-07,93.05,99.91,93.05,96.94,97.0,96.75,1479,139000.0,26,,,,new
RSL,EQ,2026-09-07,181.5,188.4,181.5,186.05,187.95,181.5,322525,59915000.0,4955,,148424.0,46.02,new
RSSOFTWARE,EQ,2026-09-07,30.94,30.94,29.3,29.59,29.59,30.61,29124,861000.0,227,,20471.0,70.29,new
RSWM,BE,2026-09-07,220.63,226.9,212.0,217.69,217.4,220.63,35426,7779000.000000001,441,,,,new
RSYSTEMS,EQ,2026-09-07,260.0,260.0,250.09,250.72,251.21,256.12,115816,29356000.0,3464,,71904.0,62.08,new
RTNINDIA,EQ,2026-09-07,27.78,28.8,27.5,28.14,28.24,27.82,1961722,55371000.0,7822,,609263.0,31.06,new
RTNPOWER,EQ,2026-09-07,7.4,7.47,7.2,7.32,7.34,7.36,23370904,171726000.0,18606,,9189931.0,39.32,new
RTSPOWR,EQ,2026-09-07,93.95,93.95,88.0,89.68,90.0,88.08,2950,265000.0,74,,2666.0,90.37,new
RUBFILA,EQ,2026-09-07,69.15,72.0,68.5,70.96,71.7,70.69,110771,7795999.999999999,466,,93282.0,84.21,new
RUBICON,EQ,2026-09-07,1760.1,1796.1,1740.5,1748.4,1751.0,1768.3,84252,148289000.0,9562,,37826.0,44.9,new
RUBYMILLS,EQ,2026-09-07,446.1,499.05,435.0,457.0,450.0,428.3,175583,83567000.0,5164,,54137.0,30.83,new
RUCHINFRA,EQ,2026-09-07,5.75,5.89,5.6,5.62,5.65,5.82,195310,1113000.0,701,,134381.0,68.8,new
RUCHIRA,EQ,2026-09-07,109.0,112.0,106.0,107.88,108.49,107.5,285875,31448000.0,3808,,104383.0,36.51,new
RUDRA,EQ,2026-09-07,20.33,20.65,20.01,20.04,20.02,20.33,31696,638000.0,118,,24766.0,78.14,new
RULKA,SM,2026-09-07,109.0,109.0,106.25,107.55,106.25,106.25,4500,483000.0,9,,3900.0,86.67,new
RUPA,EQ,2026-09-07,144.35,145.31,142.21,142.92,143.0,144.49,71290,10216000.0,2517,,44570.0,62.52,new
RUSHIL,EQ,2026-09-07,16.03,16.47,15.82,16.04,16.01,16.01,513661,8262000.0,746,,364862.0,71.03,new
RUSTOMJEE,EQ,2026-09-07,377.0,377.0,366.0,366.9,367.0,373.95,24787,9171000.0,1031,,15082.0,60.85,new
RVHL,EQ,2026-09-07,40.03,41.99,39.14,40.2,40.82,39.84,13726,562000.0,106,,11050.0,80.5,new
RVNL,EQ,2026-09-07,215.08,216.45,209.36,210.05,210.05,212.49,12205275,2603424000.0,75470,,2595091.0,21.26,new
RVTH,EQ,2026-09-07,735.0,735.0,717.1,717.5,717.5,734.45,4493,3235000.0,12,,4491.0,99.96,new
S&SPOWER,EQ,2026-09-07,333.3,337.4,326.0,334.0,332.0,323.95,1689,559000.0,105,,1290.0,76.38,new
SAAKSHI,ST,2026-09-07,310.1,321.0,306.55,320.5,318.0,317.3,43200,13611000.000000002,21,,41400.0,95.83,new
SAATVIKGL,EQ,2026-09-07,420.45,426.65,418.05,421.0,420.3,424.4,33301,14024000.0,1271,,16667.0,50.05,new
SAB,EQ,2026-09-07,184.41,192.6,183.5,192.6,192.6,183.5,64,12000.0,8,,64.0,100.0,new
SACHEEROME,SM,2026-09-07,499.0,552.75,499.0,522.55,525.0,485.25,78600,41186000.0,194,,49200.0,62.6,new
SADBHAV,EQ,2026-09-07,8.14,8.14,8.0,8.02,8.06,8.15,96462,775000.0,223,,82051.0,85.06,new
SADBHIN,BE,2026-09-07,2.51,2.62,2.51,2.58,2.56,2.55,139939,359000.0,175,,,,new
SADHAV,SM,2026-09-07,114.8,114.8,110.1,110.3,110.3,110.65,9600,1071000.0,15,,6000.0,62.5,new
SADHNANIQ,BE,2026-09-07,2.77,2.77,2.77,2.77,2.77,2.72,1526451,4228000.0,178,,,,new
SAFARI,EQ,2026-09-07,1540.0,1554.9,1526.2,1537.8,1526.5,1540.4,25661,39610000.0,3506,,12572.0,48.99,new
SAFEENTP,SM,2026-09-07,270.0,280.0,270.0,271.95,272.45,273.0,49000,13433000.000000002,75,,36000.0,73.47,new
SAGARDEEP,EQ,2026-09-07,23.85,23.85,23.6,23.64,23.61,23.62,2852,68000.0,53,,2804.0,98.32,new
SAGCEM,EQ,2026-09-07,154.13,155.89,151.3,153.64,153.6,152.86,36273,5557000.0,1174,,22791.0,62.83,new
SAGILITY,EQ,2026-09-07,46.82,46.97,45.88,45.95,45.95,46.82,9292276,428967000.0,34234,,4923417.0,52.98,new
SAHAJSOLAR,SM,2026-09-07,99.0,99.75,95.5,98.5,98.9,99.95,13600,1328000.0,34,,8000.0,58.82,new
SAHANA,SM,2026-09-07,920.3,935.0,919.0,923.05,924.5,920.3,19950,18451000.0,80,,18450.0,92.48,new
SAHASRA,SM,2026-09-07,308.9,308.9,296.0,298.35,299.6,307.85,40800,12262000.0,97,,34000.0,83.33,new
SAHLIBHFI,EQ,2026-09-07,90.2,90.2,85.5,86.54,87.0,89.52,24595,2151000.0,662,,12370.0,50.29,new
SAHYADRI,EQ,2026-09-07,399.8,406.9,386.2,394.55,395.5,392.15,44941,17925000.0,2490,,21617.0,48.1,new
SAICAPI,EQ,2026-09-07,158.34,158.34,133.5,141.6,141.6,157.56,903,127000.0,63,,679.0,75.19,new
SAIFL,SM,2026-09-07,4.9,4.9,4.7,4.7,4.7,4.8,288000,1370000.0,66,,216000.0,75.0,new
SAIL,EQ,2026-09-07,196.99,196.99,187.3,187.9,187.9,196.8,32633382,6193390000.0,120565,,12093991.0,37.06,new
SAILIFE,EQ,2026-09-07,1590.0,1599.8,1567.4,1579.6,1589.0,1584.3,456700,722319000.0,30306,,237906.0,52.09,new
SAIPARENT,EQ,2026-09-07,524.0,524.0,513.75,516.45,519.5,519.55,98724,51008000.0,4904,,58668.0,59.43,new
SAJHOTELS,ST,2026-09-07,38.0,38.0,38.0,38.0,38.0,37.9,42000,1596000.0,5,,42000.0,100.0,new
SAKAR,EQ,2026-09-07,1021.0,1124.0,1018.95,1109.2,1119.0,1013.9,339553,366103000.0,22079,,130674.0,38.48,new
SAKHTISUG,EQ,2026-09-07,19.83,20.8,19.8,19.96,20.1,19.78,333634,6720000.0,1369,,146104.0,43.79,new
SAKSOFT,EQ,2026-09-07,155.03,155.04,150.66,151.77,152.14,154.58,199363,30292000.0,4229,,96234.0,48.27,new
SAKUMA,EQ,2026-09-07,1.65,1.65,1.61,1.62,1.64,1.62,771720,1261000.0,981,,633668.0,82.11,new
SALASAR,EQ,2026-09-07,5.17,5.26,5.01,5.09,5.1,5.2,6552808,33543000.0,4875,,3962757.0,60.47,new
SALONA,EQ,2026-09-07,265.4,265.4,261.5,263.45,265.4,269.95,3,1000.0,3,,2.0,66.67,new
SALSTEEL,EQ,2026-09-07,81.99,84.5,79.0,81.8,80.0,81.37,670446,55550000.0,5284,,139528.0,20.81,new
SALZERELEC,EQ,2026-09-07,550.05,554.0,546.0,551.1,551.0,549.7,28522,15704000.0,1981,,15834.0,55.52,new
SAMAY,ST,2026-09-07,43.0,46.5,43.0,45.0,45.0,44.5,20000,903999.9999999999,5,,12000.0,60.0,new
SAMBANDAM,EQ,2026-09-07,121.0,121.0,120.1,120.4,120.99,123.23,160,19000.0,10,,160.0,100.0,new
SAMBHAAV,EQ,2026-09-07,6.1,6.1,5.51,5.85,6.04,5.94,30372,177000.0,149,,17758.0,58.47,new
SAMBHV,EQ,2026-09-07,129.6,134.0,127.98,133.53,133.48,128.69,2426547,320670000.0,19022,,1254894.0,51.72,new
SAMHI,EQ,2026-09-07,151.0,157.2,148.92,155.77,155.75,153.99,1637051,250057000.00000003,34616,,857758.0,52.4,new
SAMMAANCAP,EQ,2026-09-07,159.2,159.2,154.6,155.92,155.77,158.39,4790140,748332000.0,23104,,2375166.0,49.58,new
SAMPANN,EQ,2026-09-07,24.61,25.7,24.4,24.54,24.7,25.19,29722,736000.0,222,,27014.0,90.89,new
SANATHAN,EQ,2026-09-07,458.1,476.6,455.0,470.9,468.8,456.2,358640,168691000.0,13555,,174023.0,48.52,new
SANDESH,EQ,2026-09-07,1069.9,1069.9,1038.5,1053.9,1052.5,1051.3,697,731000.0,158,,545.0,78.19,new
SANDHAR,EQ,2026-09-07,628.5,632.7,618.75,620.4,619.45,624.0,160536,100275000.0,6216,,84997.0,52.95,new
SANDUMA,EQ,2026-09-07,200.79,200.79,194.5,195.17,194.6,197.83,547791,107048000.0,10395,,301369.0,55.02,new
SANGAMIND,EQ,2026-09-07,579.3,579.3,572.0,576.3,576.0,578.8,5704,3282000.0,457,,3685.0,64.6,new
SANGANI,SM,2026-09-07,56.0,56.0,56.0,56.0,56.0,54.6,1500,84000.0,1,,1500.0,100.0,new
SANGHVIMOV,EQ,2026-09-07,436.7,443.95,434.2,438.6,441.0,439.2,194873,85553000.0,7738,,100731.0,51.69,new
SANGINITA,BE,2026-09-07,60.69,60.69,60.69,60.69,60.69,59.5,84263,5114000.0,136,,,,new
SANOFI,EQ,2026-09-07,3162.2,3162.3,3114.4,3122.0,3120.0,3158.2,9580,30000000.0,1980,,6536.0,68.23,new
SANOFICONR,EQ,2026-09-07,4210.0,4210.0,4075.0,4106.0,4086.0,4201.7,2789,11530000.0,705,,1648.0,59.09,new
SANSERA,EQ,2026-09-07,3782.6,3921.0,3782.6,3896.3,3890.0,3782.6,134580,521731000.00000006,19848,,68042.0,50.56,new
SANSTAR,EQ,2026-09-07,110.05,112.05,108.8,110.01,110.7,111.31,228597,25162000.0,3018,,106869.0,46.75,new
SANWARIA,BZ,2026-09-07,0.18,0.19,0.18,0.19,0.19,0.18,1083859,200999.99999999997,263,,,,new
SAPPHIRE,EQ,2026-09-07,228.04,230.0,225.09,228.18,230.0,228.43,329020,74857000.0,9358,,145770.0,44.3,new
SAPPL,EQ,2026-09-07,272.1,303.3,272.1,276.6,273.0,281.85,2393,676000.0,124,,1538.0,64.27,new
SARDAEN,EQ,2026-09-07,508.8,515.4,503.7,512.5,512.0,508.55,336777,171668000.0,12274,,172691.0,51.28,new
SAREGAMA,EQ,2026-09-07,492.6,502.0,484.05,494.3,493.7,492.75,382387,189248000.0,16440,,173387.0,45.34,new
SARLAPOLY,EQ,2026-09-07,100.2,103.0,99.32,101.78,101.0,100.2,32414,3264000.0,691,,22279.0,68.73,new
SARTELE,SM,2026-09-07,89.4,92.0,89.1,89.85,89.65,89.4,67000,6081000.0,110,,49500.0,73.88,new
SARVESHWAR,EQ,2026-09-07,3.55,3.69,3.4,3.67,3.69,3.36,5003962,17914000.0,3722,,3832725.0,76.59,new
SASKEN,EQ,2026-09-07,1910.0,1930.0,1810.0,1826.6,1836.0,1881.3,26468,49002000.0,5906,,18287.0,69.09,new
SATECH,SM,2026-09-07,39.05,40.05,39.0,40.05,40.05,39.6,3000,118000.0,3,,3000.0,100.0,new
SATIA,EQ,2026-09-07,63.01,70.5,63.01,68.19,68.02,63.36,793900,54247000.0,5528,,444230.0,55.96,new
SATIN,EQ,2026-09-07,220.75,221.45,216.2,216.94,216.32,220.75,242756,52996000.0,4500,,147603.0,60.8,new
SATKARTAR,SM,2026-09-07,118.0,118.15,116.05,116.05,116.05,116.7,15200,1780999.9999999998,13,,14400.0,94.74,new
SATTVAENGG,SM,2026-09-07,64.95,64.95,62.05,62.35,62.35,61.5,24000,1515000.0,14,,22400.0,93.33,new
SAURASHCEM,EQ,2026-09-07,58.0,58.02,55.5,55.8,55.7,57.61,110734,6254000.0,1467,,73464.0,66.34,new
SAVY,SM,2026-09-07,140.0,147.0,140.0,144.7,144.95,136.15,199200,28991000.000000004,28,,138000.0,69.28,new
SAWALIYA,SM,2026-09-07,160.0,172.95,160.0,169.0,172.95,159.95,30600,5157000.0,25,,27600.0,90.2,new
SAYAJIHOTL,EQ,2026-09-07,333.85,333.85,323.0,323.0,323.0,319.35,4,1000.0,4,,4.0,100.0,new
SAYAJIIND,EQ,2026-09-07,116.51,116.51,116.5,116.5,116.5,116.11,117,14000.000000000002,6,,117.0,100.0,new
SBC,EQ,2026-09-07,46.0,47.8,45.71,46.87,46.91,45.76,9874017,465164000.00000006,13106,,4233119.0,42.87,new
SBCL,EQ,2026-09-07,1121.0,1138.4,1077.0,1092.1,1097.5,1121.1,314685,349202000.0,18869,,154544.0,49.11,new
SBFC,EQ,2026-09-07,99.7,99.8,97.5,98.48,98.61,100.08,647488,63729000.0,7895,,291013.0,44.94,new
SBGLP,EQ,2026-09-07,23.97,25.59,23.36,23.81,23.8,23.96,12002,294000.0,148,,7177.0,59.8,new
SBIBPB,EQ,2026-09-07,50.04,50.04,48.83,49.08,49.15,49.56,69439,3408000.0,558,,60507.0,87.14,new
SBICARD,EQ,2026-09-07,653.1,674.65,648.75,674.65,674.65,658.25,2781077,1842825999.9999998,58763,,1601430.0,57.58,new
SBIETFCON,EQ,2026-09-07,119.89,120.97,119.26,119.35,119.65,119.89,3094,371000.0,144,,2684.0,86.75,new
SBIETFIT,EQ,2026-09-07,341.95,341.95,331.52,333.91,334.2,340.64,164912,54722000.0,434,,159000.0,96.42,new
SBIETFPB,EQ,2026-09-07,283.57,285.0,282.98,283.54,283.26,283.57,2369,672000.0,98,,2013.0,84.97,new
SBIETFQLTY,EQ,2026-09-07,221.86,221.86,219.0,219.42,219.91,221.86,4699,1032000.0,126,,4680.0,99.6,new
SBIFUNDS,EQ,2026-09-07,561.0,561.3,555.05,557.8,557.0,562.1,891727,496801000.0,26050,,587258.0,65.86,new
SBILIFE,EQ,2026-09-07,1775.0,1775.0,1727.8,1732.0,1732.0,1775.0,1155352,2017581000.0000002,52613,,677190.0,58.61,new
SBILIQETF,EQ,2026-09-07,1054.92,1054.92,1054.9,1054.91,1054.92,1054.81,176911,186625000.0,72,,174578.0,98.68,new
SBIMIDMOM,EQ,2026-09-07,64.09,64.09,63.5,63.53,63.5,63.73,12720,809000.0,161,,10149.0,79.79,new
SBIN,EQ,2026-09-07,1020.8,1021.7,1000.6,1005.9,1005.9,1016.1,10220001,10283099000.0,261914,,6640215.0,64.97,new
SBINEQWETF,EQ,2026-09-07,33.26,33.26,32.9,32.93,32.91,33.26,28815,950000.0,370,,27430.0,95.19,new
SBINMID150,EQ,2026-09-07,23.26,23.41,23.08,23.15,23.3,23.3,22338,518000.0,174,,21613.0,96.75,new
SBISILVER,EQ,2026-09-07,227.0,227.0,224.0,225.27,225.5,228.31,519370,116799000.0,7009,,161127.0,31.02,new
SBISMLETF,EQ,2026-09-07,18.55,18.8,18.31,18.5,18.57,18.55,59139,1098000.0,386,,31788.0,53.75,new
SBIVALETF,EQ,2026-09-07,14.82,14.82,14.6,14.6,14.63,14.75,8194,120000.0,85,,7924.0,96.7,new
SCANSTL,BE,2026-09-07,59.0,60.8,57.3,59.85,60.5,59.22,32163,1900000.0,143,,,,new
SCHAEFFLER,EQ,2026-09-07,3956.4,4025.5,3900.0,3999.6,3994.6,3956.4,31084,122916000.00000001,6988,,17063.0,54.89,new
SCHAND,EQ,2026-09-07,137.5,137.5,131.66,133.34,133.05,136.41,19360,2595000.0,449,,13700.0,70.76,new
SCHNEIDER,EQ,2026-09-07,1224.2,1228.8,1190.0,1193.6,1198.0,1232.4,134222,161788000.0,12881,,57655.0,42.95,new
SCI,EQ,2026-09-07,295.35,298.25,292.6,293.75,293.65,295.35,1033416,304762000.0,20050,,452686.0,43.8,new
SCILAL,EQ,2026-09-07,39.8,39.85,39.1,39.27,39.2,39.77,172331,6798999.999999999,1513,,101623.0,58.97,new
SCML,SM,2026-09-07,81.0,81.0,80.55,80.65,80.6,81.0,19000,1537000.0,8,,15000.0,78.95,new
SCODATUBES,EQ,2026-09-07,135.98,136.5,129.3,130.33,131.4,135.02,204606,26911000.0,2413,,129480.0,63.28,new
SCPL,BE,2026-09-07,646.3,675.0,645.3,655.05,663.0,646.45,24090,15934000.0,297,,,,new
SDBL,EQ,2026-09-07,74.1,77.5,74.0,75.02,74.8,74.0,1759825,134144000.0,12359,,749314.0,42.58,new
SDREAMS,SM,2026-09-07,84.05,84.05,83.0,83.0,83.0,85.15,10000,834000.0,7,,10000.0,100.0,new
SEAMECLTD,EQ,2026-09-07,1795.0,1828.9,1753.6,1779.9,1775.5,1793.6,57558,102960999.99999999,5515,,31206.0,54.22,new
SECMARK,EQ,2026-09-07,143.0,146.0,135.25,143.24,136.5,144.4,3254,467000.0,80,,2219.0,68.19,new
SECURKLOUD,EQ,2026-09-07,17.05,17.5,16.6,17.12,17.1,17.01,9354,159000.0,162,,8371.0,89.49,new
SEDEMAC,EQ,2026-09-07,2798.0,2890.0,2794.8,2876.2,2878.3,2814.4,68747,195747000.0,10843,,32790.0,47.7,new
SEIL,EQ,2026-09-07,201.0,201.32,196.9,200.17,200.0,200.76,294366,58613000.0,2317,,222776.0,75.68,new
SEITINVIT,IV,2026-09-07,122.0,122.0,122.0,122.0,122.0,122.0,1000000,122000000.0,17,,1000000.0,100.0,new
SEJALLTD,EQ,2026-09-07,661.85,679.3,652.8,666.05,660.0,657.5,5532,3682000.0,643,,2915.0,52.69,new
SEKURITIND,EQ,2026-09-07,114.56,115.0,114.01,114.16,114.01,114.56,27540,3149000.0,336,,18436.0,66.94,new
SEL,SM,2026-09-07,327.5,332.85,325.0,332.85,332.85,317.95,6800,2256000.0,28,,6400.0,94.12,new
SELECTIPO,EQ,2026-09-07,49.86,49.86,48.42,48.47,48.62,48.65,70853,3443000.0,166,,41036.0,57.92,new
SELMC,EQ,2026-09-07,27.48,28.5,26.51,26.83,26.62,27.5,12229,332000.0,145,,9035.0,73.88,new
SEMAC,EQ,2026-09-07,280.0,290.0,280.0,282.0,282.0,277.25,794,225000.0,44,,634.0,79.85,new
SENCO,EQ,2026-09-07,357.4,368.75,356.6,365.1,365.0,358.65,1718666,627023000.0,42955,,684468.0,39.83,new
SENORES,EQ,2026-09-07,1428.4,1512.0,1410.4,1497.5,1510.0,1428.4,404434,596803000.0,26666,,212672.0,52.59,new
SENSEXADD,EQ,2026-09-07,79.29,79.29,78.45,78.54,78.9,79.29,1646,129000.0,43,,1128.0,68.53,new
SENSEXAXIS,EQ,2026-09-07,80.67,81.0,78.8,78.99,80.8,79.81,2416,191000.0,86,,1583.0,65.52,new
SENSEXBETA,EQ,2026-09-07,850.89,851.5,843.0,843.38,843.0,850.89,1030,871000.0000000001,237,,907.0,88.06,new
SENSEXETF,EQ,2026-09-07,78.9,79.5,78.5,78.59,78.66,79.2,24303,1912000.0,434,,10568.0,43.48,new
SENSEXIETF,EQ,2026-09-07,884.25,886.09,875.01,876.69,879.0,884.24,11792,10351000.0,645,,6501.0,55.13,new
SEPC,EQ,2026-09-07,5.36,5.45,5.33,5.41,5.41,5.38,5271492,28475000.0,3778,,2644701.0,50.17,new
SERVICE,SM,2026-09-07,67.05,70.0,67.05,70.0,70.0,69.45,26000,1800000.0,12,,8000.0,30.77,new
SERVOTECH,EQ,2026-09-07,78.2,80.48,78.2,79.03,79.5,79.62,312588,24826000.0,3877,,150498.0,48.15,new
SESHAPAPER,EQ,2026-09-07,232.0,248.79,232.0,242.37,242.65,233.09,250778,60732000.00000001,3680,,115699.0,46.14,new
SETCO,BE,2026-09-07,17.79,17.89,17.01,17.53,17.7,17.45,38839,684000.0,174,,,,new
SETF10GILT,EQ,2026-09-07,264.5,264.5,262.39,263.32,263.35,263.1,28655,7545000.0,66,,27865.0,97.24,new
SETFGOLD,EQ,2026-09-07,129.94,129.94,128.64,129.56,129.45,131.22,7528668,974417000.0,18417,,5569754.0,73.98,new
SETFNIF50,EQ,2026-09-07,258.7,258.7,255.5,256.36,256.75,258.08,1045454,268230000.00000003,7481,,893431.0,85.46,new
SETFNIFBK,EQ,2026-09-07,590.86,590.86,586.01,587.34,586.01,590.86,56526,33195000.0,1057,,29310.0,51.85,new
SETFNN50,EQ,2026-09-07,788.2,794.9,776.81,780.05,778.55,785.05,35829,27968000.0,2200,,22665.0,63.26,new
SETL,EQ,2026-09-07,410.0,412.8,388.55,388.55,388.55,408.95,1261874,502141000.0,22584,,756368.0,59.94,new
SETUINFRA,BZ,2026-09-07,0.58,0.59,0.58,0.59,0.59,0.57,22994,14000.000000000002,26,,,,new
SEYAIND,BE,2026-09-07,12.25,12.48,12.02,12.41,12.1,12.25,7414,91000.0,39,,,,new
SFL,EQ,2026-09-07,647.0,652.05,637.5,642.7,643.05,646.8,69226,44578000.0,8665,,36378.0,52.55,new
SFML,SM,2026-09-07,22.0,22.35,21.3,21.3,21.3,21.5,8000,177000.0,3,,6400.0,80.0,new
SGBAPR28I,GB,2026-09-07,15247.37,15247.37,15090.0,15098.85,15090.0,15323.99,495,7477000.0,61,,414.0,83.64,new
SGBAUG27,GB,2026-09-07,15174.99,15174.99,15000.0,15066.54,15101.0,15241.31,101,1523000.0,43,,88.0,87.13,new
SGBAUG28V,GB,2026-09-07,15138.0,15138.0,15005.01,15078.94,15055.0,15228.56,975,14688000.0,181,,716.0,73.44,new
SGBAUG29V,GB,2026-09-07,15247.0,15250.0,15034.45,15226.04,15250.0,15313.8,468,7066000.0,116,,337.0,72.01,new
SGBAUG30,GB,2026-09-07,15083.65,15450.0,15083.65,15380.71,15330.01,15470.42,417,6387000.0,85,,353.0,84.65,new
SGBD29VIII,GB,2026-09-07,15015.01,15294.99,15015.01,15154.37,15120.01,15345.0,103,1562000.0,35,,77.0,74.76,new
SGBDC27VII,GB,2026-09-07,15225.0,15225.0,15225.0,15225.0,15225.0,15225.0,3,46000.0,3,,3.0,100.0,new
SGBDE30III,GB,2026-09-07,15288.99,15414.99,15215.04,15317.44,15414.99,15413.38,343,5241000.0,59,,288.0,83.97,new
SGBDE31III,GB,2026-09-07,16017.53,16017.53,15400.0,15597.97,15550.0,15626.86,748,11620000.0,191,,545.0,72.86,new
SGBDEC26,GB,2026-09-07,15175.0,15175.0,15100.9,15100.9,15100.9,15175.0,5,76000.0,4,,5.0,100.0,new
SGBFEB28IX,GB,2026-09-07,14815.01,15300.0,14815.01,15002.0,15002.0,14802.11,47,704000.0,9,,26.0,55.32,new
SGBFEB29XI,GB,2026-09-07,15250.0,15250.0,15006.5,15052.2,15052.2,15241.55,90,1356000.0,33,,59.0,65.56,new
SGBFEB32IV,GB,2026-09-07,15393.21,15785.0,15393.21,15775.95,15784.99,15787.91,1385,21675000.0,301,,913.0,65.92,new
SGBJAN29IX,GB,2026-09-07,15050.0,15100.0,15005.01,15070.32,15055.0,15227.5,287,4323000.0,53,,231.0,80.49,new
SGBJAN29X,GB,2026-09-07,15050.0,15198.9,15024.5,15062.0,15040.0,15245.0,248,3747000.0,61,,186.0,75.0,new
SGBJAN30IX,GB,2026-09-07,15198.9,15279.99,15099.01,15176.48,15151.01,15242.2,152,2303000.0,42,,91.0,59.87,new
SGBJU29III,GB,2026-09-07,15217.33,15274.0,15006.01,15079.88,15035.0,15293.8,175,2645000.0,40,,147.0,84.0,new
SGBJUL27,GB,2026-09-07,15100.0,15100.0,14911.02,14911.02,14911.02,15149.99,5,75000.0,5,,5.0,100.0,new
SGBJUL28IV,GB,2026-09-07,15198.89,15198.89,15040.0,15085.0,15085.0,15249.78,167,2517000.0,30,,97.0,58.08,new
SGBJUL29IV,GB,2026-09-07,15012.5,15100.0,15010.0,15080.15,15080.25,15264.25,299,4503000.0,69,,164.0,54.85,new
SGBJUN27,GB,2026-09-07,14916.51,15120.0,14916.51,15045.45,15100.0,15298.99,27,405999.99999999994,8,,23.0,85.19,new
SGBJUN28,GB,2026-09-07,15025.04,15150.01,15025.04,15085.7,15090.0,15233.75,205,3097000.0,30,,156.0,76.1,new
SGBJUN29II,GB,2026-09-07,15198.9,15198.9,15005.02,15090.0,15090.0,15231.01,188,2834000.0,36,,150.0,79.79,new
SGBJUN30,GB,2026-09-07,15373.0,15373.0,15210.0,15210.0,15210.0,15449.0,52,795000.0,18,,33.0,63.46,new
SGBJUN31I,GB,2026-09-07,15195.7,15437.0,15195.7,15417.77,15437.0,15505.82,377,5798000.0,105,,322.0,85.41,new
SGBMAR30X,GB,2026-09-07,15220.06,15278.99,15220.06,15278.99,15278.99,15425.0,33,503000.0,14,,31.0,93.94,new
SGBMAR31IV,GB,2026-09-07,15132.31,15449.0,15132.31,15440.0,15440.0,15520.32,95,1458000.0,40,,58.0,61.05,new
SGBMAY28,GB,2026-09-07,15100.0,15140.0,15003.1,15065.0,15065.0,15260.0,17,256000.0,9,,13.0,76.47,new
SGBMAY29I,GB,2026-09-07,15150.0,15150.0,15055.0,15093.03,15099.99,15295.42,543,8192000.0,117,,387.0,71.27,new
SGBMR29XII,GB,2026-09-07,15198.9,15198.9,15053.0,15086.38,15063.0,15244.6,187,2823000.0,62,,132.0,70.59,new
SGBN28VIII,GB,2026-09-07,15050.0,15160.0,15050.0,15095.19,15095.19,15261.04,57,860000.0,16,,46.0,80.7,new
SGBNOV26,GB,2026-09-07,15001.0,15069.0,15001.0,15069.0,15069.0,15150.0,2,30000.0,2,,1.0,50.0,new
SGBNV29VII,GB,2026-09-07,15102.0,15199.99,15071.01,15100.33,15075.0,15300.0,499,7563000.0,47,,454.0,90.98,new
SGBOC28VII,GB,2026-09-07,15050.0,15184.99,15050.0,15102.3,15100.51,15320.2,139,2098000.0,27,,104.0,74.82,new
SGBOCT27VI,GB,2026-09-07,15150.0,15150.0,15001.0,15050.0,15050.0,15150.0,30,451000.0,5,,20.0,66.67,new
SGBSEP27,GB,2026-09-07,15001.0,15064.0,15001.0,15064.0,15064.0,15350.01,4,60000.0,2,,2.0,50.0,new
SGBSEP28VI,GB,2026-09-07,15005.01,15169.99,15005.01,15080.62,15075.0,15300.0,171,2582000.0,54,,130.0,76.02,new
SGBSEP29VI,GB,2026-09-07,15025.1,15149.98,15020.01,15037.44,15030.0,15246.68,198,2980000.0,71,,115.0,58.08,new
SGBSEP31II,GB,2026-09-07,15520.76,15541.99,15301.01,15510.73,15460.0,15620.76,1138,17543000.0,217,,757.0,66.52,new
SGFIN,EQ,2026-09-07,675.7,691.85,675.7,677.6,677.0,675.7,118788,81237000.0,5364,,60468.0,50.9,new
SGIL,EQ,2026-09-07,610.0,610.0,600.0,600.85,601.95,606.2,3866,2325000.0,172,,2497.0,64.59,new
SGL,EQ,2026-09-07,10.0,10.3,9.82,9.83,10.1,10.05,3686,37000.0,58,,2784.0,75.53,new
SGLRES,EQ,2026-09-07,2.47,2.53,2.32,2.5,2.53,2.41,42931,106000.0,110,,20394.0,47.5,new
SGMART,EQ,2026-09-07,828.7,847.5,805.4,810.4,813.0,824.75,166232,137244000.0,12971,,82322.0,49.52,new
SGRL,EQ,2026-09-07,700.0,717.0,698.35,714.2,713.95,708.55,9913,7053000.0,552,,7354.0,74.19,new
SHADOWFAX,EQ,2026-09-07,260.95,260.95,248.05,250.2,250.1,259.55,2178213,548526000.0,27832,,1117633.0,51.31,new
SHAH,EQ,2026-09-07,3.51,3.6,3.44,3.46,3.44,3.51,1158873,4040999.9999999995,1043,,711831.0,61.42,new
SHAHALLOYS,BE,2026-09-07,100.5,104.25,96.43,102.63,101.5,101.5,57275,5722000.0,308,,,,new
SHAILY,EQ,2026-09-07,3262.6,3394.0,3252.6,3348.7,3340.0,3278.3,174319,584647000.0,25686,,86148.0,49.42,new
SHAKTIPUMP,EQ,2026-09-07,471.2,475.0,465.0,466.95,467.45,473.0,332018,155598000.0,15821,,164302.0,49.49,new
SHALBY,EQ,2026-09-07,152.51,153.99,151.0,151.24,151.0,152.71,31659,4818000.0,814,,18519.0,58.5,new
SHALPAINTS,BE,2026-09-07,83.0,85.94,82.0,83.9,84.0,85.47,336078,28033000.0,661,,,,new
SHANKARA,EQ,2026-09-07,149.0,150.0,147.0,148.26,148.12,148.18,135828,20127000.0,813,,95390.0,70.23,new
SHANKESH,EQ,2026-09-07,100.09,106.85,99.8,102.37,102.45,98.92,10083730,1048867000.0,53885,,1973727.0,19.57,new
SHANTI,EQ,2026-09-07,6.13,6.6,6.0,6.5,6.6,6.25,136721,869000.0,227,,112849.0,82.54,new
SHANTIGEAR,EQ,2026-09-07,620.0,652.0,606.0,640.0,637.0,621.75,433775,276359000.0,17019,,129763.0,29.91,new
SHANTIGOLD,EQ,2026-09-07,261.48,277.0,260.41,270.72,270.2,256.34,4067799,1098668000.0,45429,,1559694.0,38.34,new
SHANTIINOR,ST,2026-09-07,157.7,165.55,150.0,165.55,165.55,83.0,3441600,545683000.0,1356,,3433600.0,99.77,new
SHARDACROP,EQ,2026-09-07,772.1,776.95,765.0,767.45,768.0,768.35,63229,48719000.0,5306,,33616.0,53.17,new
SHARDAMOTR,EQ,2026-09-07,885.5,898.85,880.2,890.05,889.1,881.95,41347,36800000.0,4770,,24218.0,58.57,new
SHARDUL,BE,2026-09-07,54.9,54.9,53.55,54.06,54.58,54.49,4677,252999.99999999997,44,,,,new
SHAREINDIA,EQ,2026-09-07,170.5,174.98,170.5,171.86,171.95,170.5,325602,56161000.0,2586,,182456.0,56.04,new
SHARIABEES,EQ,2026-09-07,455.1,457.98,446.0,447.05,446.0,452.84,14600,6545000.0,961,,8747.0,59.91,new
SHBAJRG,EQ,2026-09-07,160.0,163.2,158.3,161.97,161.99,160.67,962,155000.0,51,,593.0,61.64,new
SHEEL,ST,2026-09-07,59.45,61.6,58.85,61.6,61.6,61.6,12000,720000.0,6,,10000.0,83.33,new
SHEETAL,SM,2026-09-07,340.0,340.0,340.0,340.0,340.0,348.1,500,170000.0,1,,500.0,100.0,new
SHEKHAWATI,BE,2026-09-07,15.52,16.29,14.85,16.01,15.84,15.52,23177,365000.0,108,,,,new
SHEMAROO,BE,2026-09-07,123.5,128.35,123.5,124.69,124.1,126.61,6269,789000.0,53,,,,new
SHERA,SM,2026-09-07,188.0,188.0,180.0,181.1,180.0,182.3,31000,5687000.0,31,,27000.0,87.1,new
SHERVANI,EQ,2026-09-07,316.0,316.0,305.05,305.15,305.15,315.1,349,107000.0,9,,335.0,95.99,new
SHETHJI,SM,2026-09-07,197.6,208.5,197.1,205.1,208.5,195.95,56000,11285000.0,40,,46000.0,82.14,new
SHIGAN,SM,2026-09-07,69.0,69.0,69.0,69.0,69.0,71.1,1500,104000.0,1,,1500.0,100.0,new
SHILCTECH,EQ,2026-09-07,4085.6,4217.0,4020.4,4187.0,4190.0,4065.3,30568,126458999.99999999,6103,,15673.0,51.27,new
SHILGRAVQ,EQ,2026-09-07,148.0,152.95,147.5,150.25,150.25,144.8,1004,151000.0,31,,866.0,86.25,new
SHILPAMED,EQ,2026-09-07,974.0,980.1,923.0,939.5,942.0,964.15,1088314,1025462000.0000001,41302,,467784.0,42.98,new
SHINDL,EQ,2026-09-07,162.32,167.9,159.46,162.77,162.0,162.42,176047,28393000.0,869,,10384.0,5.9,new
SHIPROCKET,EQ,2026-09-07,135.92,141.9,132.52,135.21,134.5,135.92,9262559,1272237000.0,48150,,1828089.0,19.74,new
SHIVAAGRO,EQ,2026-09-07,43.44,45.0,38.0,41.41,43.0,41.39,24597,1010000.0,266,,16714.0,67.95,new
SHIVACEM,EQ,2026-09-07,16.47,16.5,15.56,16.07,16.18,15.97,58521,939000.0,191,,51650.0,88.26,new
SHIVALIK,EQ,2026-09-07,332.0,344.0,312.0,316.85,315.2,327.4,129342,42557000.0,5350,,56601.0,43.76,new
SHIVAMAUTO,EQ,2026-09-07,18.01,18.01,17.28,17.33,17.3,18.01,29199,512000.0,179,,17791.0,60.93,new
SHIVAMILLS,EQ,2026-09-07,60.9,62.98,59.51,60.99,61.0,60.5,2663,161000.0,45,,1921.0,72.14,new
SHIVASHRIT,SM,2026-09-07,119.95,119.95,116.75,116.75,116.75,120.0,21000,2510000.0,4,,20000.0,95.24,new
SHIVATEX,EQ,2026-09-07,182.85,185.0,177.26,179.46,179.06,182.86,5838,1055000.0,115,,4601.0,78.81,new
SHIVAUM,EQ,2026-09-07,455.0,459.4,450.5,453.7,453.95,448.05,2794,1262000.0,40,,2606.0,93.27,new
SHK,EQ,2026-09-07,151.0,151.0,147.1,148.0,147.6,150.87,262326,39016000.0,4254,,120176.0,45.81,new
SHKSIL,SM,2026-09-07,34.0,35.0,34.0,35.0,35.0,34.0,22000,760000.0,7,,22000.0,100.0,new
SHOPERSTOP,EQ,2026-09-07,383.65,383.7,371.85,376.3,377.7,381.75,18095,6820000.0,1777,,9500.0,52.5,new
SHRADDHA,EQ,2026-09-07,161.5,161.5,151.05,154.92,157.5,156.48,3018,467000.0,95,,2493.0,82.6,new
SHRADHA,EQ,2026-09-07,31.48,32.11,31.02,31.47,31.25,31.48,12901,405999.99999999994,95,,7141.0,55.35,new
SHREDIGCEM,EQ,2026-09-07,73.0,74.44,71.2,72.04,72.34,74.44,89317,6476000.000000001,1343,,50232.0,56.24,new
SHREECEM,EQ,2026-09-07,23855.0,23920.0,23365.0,23365.0,23365.0,23855.0,17715,416663000.0,8816,,10460.0,59.05,new
SHREEDHAR,ST,2026-09-07,113.05,114.95,112.0,114.95,114.95,114.3,22000,2479000.0,6,,22000.0,100.0,new
SHREEJISPG,EQ,2026-09-07,690.0,704.25,676.9,699.8,700.0,680.15,1404657,966574000.0,21615,,533264.0,37.96,new
SHREEKARNI,SM,2026-09-07,380.5,388.0,380.5,385.5,385.5,380.2,1800,693000.0,9,,1350.0,75.0,new
SHREEOSFM,SM,2026-09-07,56.0,56.7,56.0,56.7,56.7,56.5,2000,112999.99999999999,2,,2000.0,100.0,new
SHREEPUSHK,EQ,2026-09-07,480.4,535.4,478.0,514.9,520.0,475.25,399174,199796000.0,14229,,140063.0,35.09,new
SHREERAMA,EQ,2026-09-07,45.17,45.17,43.11,43.84,44.0,44.12,42678,1866000.0,1089,,23240.0,54.45,new
SHREMINVIT,IV,2026-09-07,100.5,100.5,100.5,100.5,100.5,100.5,425000,42713000.0,1,,425000.0,100.0,new
SHRENIK,BZ,2026-09-07,0.3,0.3,0.29,0.29,0.3,0.29,358365,106000.0,185,,,,new
SHREYANIND,EQ,2026-09-07,130.0,138.5,129.3,134.2,135.19,128.93,24013,3236999.9999999995,387,,9093.0,37.87,new
SHRIAHIMSA,ST,2026-09-07,480.0,480.0,463.0,471.25,474.0,485.5,15000,7103000.0,19,,13800.0,92.0,new
SHRIKANHA,SM,2026-09-07,21.0,21.85,21.0,21.85,21.85,20.85,62400,1358000.0,16,,60800.0,97.44,new
SHRIKRISH,EQ,2026-09-07,37.5,40.48,37.5,39.22,38.7,39.79,748,28999.999999999996,17,,594.0,79.41,new
SHRINGARMS,EQ,2026-09-07,218.0,225.0,216.1,218.59,217.69,217.91,658203,145988000.0,7043,,152227.0,23.13,new
SHRIPISTON,EQ,2026-09-07,4515.0,4598.9,4480.0,4491.5,4490.0,4536.9,39044,176882000.0,12554,,19248.0,49.3,new
SHRIRAMFIN,EQ,2026-09-07,1045.0,1046.1,1029.3,1037.0,1037.0,1041.0,1812019,1876141000.0,117266,,1157392.0,63.87,new
SHRIRAMPPS,EQ,2026-09-07,77.75,78.0,75.31,75.5,75.55,76.9,384585,29379000.000000004,3958,,207768.0,54.02,new
SHRITECH,SM,2026-09-07,59.3,60.3,59.3,60.3,60.3,59.55,4000,239000.0,2,,2000.0,50.0,new
SHRJAGP,EQ,2026-09-07,621.0,660.0,620.55,644.1,641.0,625.65,1328,840000.0,72,,1238.0,93.22,new
SHUBHSHREE,SM,2026-09-07,336.0,355.0,335.0,355.0,355.0,349.95,3900,1340000.0,13,,3000.0,76.92,new
SHUKRAPHAR,EQ,2026-09-07,51.93,53.59,51.93,53.07,53.14,51.93,1887833,99905000.0,7414,,985795.0,52.22,new
SHYAMCENT,BE,2026-09-07,5.24,5.24,4.89,4.97,4.98,5.03,224285,1110000.0,133,,,,new
SHYAMDHANI,ST,2026-09-07,51.6,51.6,51.6,51.6,51.6,52.7,2000,103000.0,1,,2000.0,100.0,new
SHYAMMETL,EQ,2026-09-07,1065.2,1090.0,1053.2,1082.3,1089.0,1065.3,244531,263311000.0,14292,,114325.0,46.75,new
SHYAMTEL,EQ,2026-09-07,11.69,11.69,10.51,11.0,11.0,11.6,15284,170000.0,94,,14349.0,93.88,new
SICAGEN,EQ,2026-09-07,58.95,59.0,57.52,58.53,58.6,58.28,29282,1717000.0000000002,376,,16411.0,56.04,new
SICALLOG,BE,2026-09-07,106.0,106.0,101.97,102.98,103.0,107.33,21475,2209000.0,188,,,,new
SIDDHICOTS,SM,2026-09-07,27.05,27.05,27.05,27.05,27.05,27.05,3600,97000.0,2,,3600.0,100.0,new
SIDDHIKA,SM,2026-09-07,225.0,230.0,225.0,230.0,230.0,225.0,1500,340000.0,3,,1500.0,100.0,new
SIEL,EQ,2026-09-07,31.9,32.99,30.42,30.79,30.42,31.9,121,4000.0,11,,105.0,86.78,new
SIEMENS,EQ,2026-09-07,3990.0,3998.1,3904.1,3927.0,3927.0,3977.0,200987,791725000.0,20035,,92883.0,46.21,new
SIGACHI,EQ,2026-09-07,35.05,35.31,33.88,34.41,34.3,34.74,2477935,85100000.0,8131,,1189877.0,48.02,new
SIGIND,BE,2026-09-07,70.37,70.37,66.86,66.91,66.86,70.37,16343,1102000.0,108,,,,new
SIGMA,EQ,2026-09-07,47.8,47.8,46.0,47.45,47.5,46.66,70149,3295000.0000000005,921,,42529.0,60.63,new
SIGMAADV,BE,2026-09-07,760.0,765.65,732.0,740.15,737.0,762.4,162011,120710999.99999999,3347,,,,new
SIGNATURE,EQ,2026-09-07,798.7,804.0,791.85,799.95,799.95,796.55,179010,142567000.0,4560,,12013.0,6.71,new
SIGNPOST,EQ,2026-09-07,245.25,285.0,242.6,269.5,271.0,244.25,3876593,1066787999.9999999,65785,,343326.0,8.86,new
SIKA,EQ,2026-09-07,1004.95,1004.95,982.3,986.1,988.2,996.1,14380,14241999.999999998,1410,,9342.0,64.97,new
SIKKO,BE,2026-09-07,5.4,5.62,5.2,5.56,5.62,5.41,983416,5373000.0,629,,,,new
SIL,EQ,2026-09-07,19.6,19.84,18.94,19.17,19.3,19.59,49360,952999.9999999999,345,,40315.0,81.68,new
SILGO,EQ,2026-09-07,70.32,75.49,69.9,73.15,73.22,69.97,419919,30570999.999999996,2135,,252967.0,60.24,new
SILINV,EQ,2026-09-07,478.8,478.95,462.25,472.05,471.3,478.8,792,373000.0,90,,553.0,69.82,new
SILKFLEX,SM,2026-09-07,301.0,302.7,291.0,292.6,294.0,288.3,82000,24616000.0,77,,45000.0,54.88,new
SILKY,SM,2026-09-07,68.5,69.0,66.05,68.95,68.95,71.95,3200,218000.00000000003,4,,2400.0,75.0,new
SILLYMONKS,EQ,2026-09-07,16.19,16.19,15.42,15.94,16.18,16.19,30334,484000.0,144,,23613.0,77.84,new
SILVER,EQ,2026-09-07,231.44,231.44,228.59,229.65,229.72,232.64,540810,124018000.0,8103,,176358.0,32.61,new
SILVER001,EQ,2026-09-07,23.87,24.1,23.02,23.35,24.1,23.54,124610,2893000.0,87,,120920.0,97.04,new
SILVER1,EQ,2026-09-07,22.49,22.49,22.2,22.32,22.32,22.6,6105939,136039000.0,6477,,2675025.0,43.81,new
SILVER360,EQ,2026-09-07,228.48,228.48,224.68,226.55,226.52,229.11,4727,1070000.0,239,,2311.0,48.89,new
SILVERADD,EQ,2026-09-07,22.34,22.34,22.04,22.15,22.15,22.44,5429513,120116000.00000001,6947,,2882341.0,53.09,new
SILVERAG,EQ,2026-09-07,225.9,225.9,222.56,223.98,224.06,227.02,288141,64448000.0,3430,,137699.0,47.79,new
SILVERAXIS,EQ,2026-09-07,230.0,230.0,227.52,228.63,228.5,231.46,303886,69391000.0,2694,,219351.0,72.18,new
SILVERBEES,EQ,2026-09-07,220.75,220.75,218.62,219.96,220.04,222.78,13898563,3052714000.0,76616,,5679325.0,40.86,new
SILVERBETA,EQ,2026-09-07,223.49,223.49,220.67,222.04,221.71,224.83,369041,81789000.0,3601,,152123.0,41.22,new
SILVERBND,EQ,2026-09-07,232.87,232.88,229.25,230.34,230.2,233.61,6772,1559000.0,237,,2537.0,37.46,new
SILVERCASE,EQ,2026-09-07,23.33,23.4,23.2,23.31,23.32,23.61,6085242,141739000.0,9190,,2067064.0,33.97,new
SILVERIETF,EQ,2026-09-07,230.4,230.54,228.46,229.68,229.86,232.48,1782466,408607000.0,19796,,760410.0,42.66,new
SILVERTUC,EQ,2026-09-07,167.48,168.39,161.34,163.56,164.2,167.97,377764,62226000.0,6425,,128780.0,34.09,new
SIMBHALS,BZ,2026-09-07,7.8,7.8,7.65,7.65,7.65,7.8,5269,40000.0,29,,,,new
SIMCA,ST,2026-09-07,261.3,262.0,258.0,261.1,260.5,260.0,15600,4047999.9999999995,11,,14400.0,92.31,new
SIMPLEXINF,EQ,2026-09-07,271.25,271.9,258.0,260.35,259.3,270.5,38376,10101000.0,928,,24406.0,63.6,new
SIMPLXREA,EQ,2026-09-07,149.98,149.98,136.0,141.7,141.7,142.99,569,80000.0,22,,569.0,100.0,new
SINCLAIR,EQ,2026-09-07,84.99,86.9,83.42,84.45,84.5,83.5,64110,5461000.0,756,,50978.0,79.52,new
SINDHUTRAD,EQ,2026-09-07,25.28,25.57,24.44,25.25,25.25,25.28,1799387,44955000.0,3100,,782195.0,43.47,new
SINGERIND,EQ,2026-09-07,76.97,78.44,73.99,74.97,75.02,76.98,150121,11289000.0,1049,,91948.0,61.25,new
SINTERCOM,EQ,2026-09-07,81.11,82.0,81.0,81.43,81.43,80.8,126972,10340000.0,41,,126399.0,99.55,new
SIRCA,EQ,2026-09-07,439.9,442.75,435.55,436.85,437.0,439.25,197385,86623000.0,2625,,79661.0,40.36,new
SIS,EQ,2026-09-07,430.95,438.2,425.2,428.65,427.75,430.95,444184,192866000.0,17196,,172231.0,38.77,new
SITINET,BZ,2026-09-07,0.29,0.3,0.28,0.29,0.28,0.29,1140018,330000.0,300,,,,new
SIYSIL,EQ,2026-09-07,553.4,566.95,553.4,563.55,565.5,552.65,30927,17348000.0,2056,,16557.0,53.54,new
SJLOGISTIC,SM,2026-09-07,317.9,320.0,315.1,319.35,319.25,315.7,29000,9214000.0,64,,26500.0,91.38,new
SJS,EQ,2026-09-07,2306.1,2389.1,2306.1,2332.3,2340.0,2306.1,137522,323274000.0,21053,,67645.0,49.19,new
SJVN,EQ,2026-09-07,65.0,66.07,64.7,65.56,65.6,65.23,2007816,131505000.0,18537,,759137.0,37.81,new
SKFINDIA,EQ,2026-09-07,1559.8,1578.0,1542.2,1546.6,1549.9,1553.2,24033,37352000.0,4800,,13890.0,57.8,new
SKFINDUS,EQ,2026-09-07,3040.0,3047.7,2992.1,3016.1,3000.1,3002.5,24293,73357000.0,5117,,13265.0,54.6,new
SKIL,BZ,2026-09-07,0.79,0.87,0.79,0.87,0.87,0.83,71005,59000.0,78,,,,new
SKIPPER,EQ,2026-09-07,596.0,616.8,590.0,604.4,602.0,591.1,4277657,2573948000.0,85734,,1524030.0,35.63,new
SKMEGGPROD,EQ,2026-09-07,256.35,259.0,244.55,246.85,247.35,257.1,276867,69629000.0,5455,,164288.0,59.34,new
SKP,SM,2026-09-07,146.1,171.9,146.1,164.1,160.0,151.5,54000,8479000.0,102,,9500.0,17.59,new
SKYGOLD,EQ,2026-09-07,782.0,800.05,767.0,788.15,786.6,781.45,683200,537658000.0,25134,,288312.0,42.2,new
SKYTECH,SM,2026-09-07,36.05,36.05,36.05,36.05,36.05,40.05,51200,1846000.0,26,,51200.0,100.0,new
SKYWAYS,EQ,2026-09-07,122.5,123.09,112.0,113.91,113.2,122.72,9718981,1118461000.0,62489,,2339851.0,24.08,new
SLONE,ST,2026-09-07,195.1,196.0,186.5,189.1,189.1,187.0,2800,535000.0,7,,2000.0,71.43,new
SMALL250,EQ,2026-09-07,18.91,18.91,18.51,18.56,18.58,18.54,175195,3252000.0000000005,925,,103490.0,59.07,new
SMALLADD,EQ,2026-09-07,18.54,18.67,18.47,18.57,18.6,18.53,253514,4705000.0,272,,244518.0,96.45,new
SMALLCAP,EQ,2026-09-07,49.39,49.44,48.9,49.27,49.2,48.9,1426963,70347000.0,3429,,893073.0,62.59,new
SMALLGROWW,EQ,2026-09-07,49.55,49.67,49.13,49.22,49.22,49.06,8780,434000.0,130,,5799.0,66.05,new
SMALLIETF,EQ,2026-09-07,18.57,18.6,18.48,18.54,18.51,18.57,70346,1302000.0,213,,59517.0,84.61,new
SMARTEN,ST,2026-09-07,52.5,53.5,52.5,53.5,53.5,54.85,2400,127000.0,2,,2400.0,100.0,new
SMARTLINK,BE,2026-09-07,218.09,219.45,206.13,210.82,208.15,213.81,1649,350000.0,37,,,,new
SMARTWORKS,EQ,2026-09-07,547.0,548.85,534.1,538.95,540.0,541.5,35123,18947000.0,2064,,19268.0,54.86,new
SMCGLOBAL,EQ,2026-09-07,79.01,85.4,79.01,84.95,85.0,81.25,3923881,327905000.0,21363,,1830610.0,46.65,new
SML100CASE,EQ,2026-09-07,11.41,11.77,11.31,11.44,11.45,11.43,1144688,13094999.999999998,1879,,829069.0,72.43,new
SMLMAH,EQ,2026-09-07,6339.0,6449.0,6143.0,6393.5,6376.0,6298.5,247779,1564652000.0,49599,,57466.0,23.19,new
SMLT,EQ,2026-09-07,64.27,64.93,63.16,63.84,63.9,65.59,6659,425000.0,203,,3461.0,51.97,new
SMSPHARMA,EQ,2026-09-07,390.0,444.0,387.45,397.95,397.8,392.5,3870958,1620696000.0,72833,,803535.0,20.76,new
SNEHAA,SM,2026-09-07,46.95,46.95,46.95,46.95,46.95,47.0,1000,47000.0,1,,1000.0,100.0,new
SNOWMAN,EQ,2026-09-07,36.5,36.9,36.0,36.67,36.6,36.85,82852,3026000.0,1368,,49617.0,59.89,new
SNXT30BEES,EQ,2026-09-07,42.37,42.45,42.15,42.36,42.4,42.58,8853,375000.0,90,,8361.0,94.44,new
SNXT50BETA,EQ,2026-09-07,92.6,95.98,92.6,94.03,94.55,94.98,3237,305000.0,153,,1508.0,46.59,new
SOBHA,EQ,2026-09-07,1276.0,1276.0,1243.2,1250.1,1260.0,1263.8,38511,48195000.0,4375,,14545.0,37.77,new
SOCL,SM,2026-09-07,29.5,29.5,28.95,28.95,28.95,29.5,3200,94000.0,2,,3200.0,100.0,new
SOFTTECH,EQ,2026-09-07,441.95,442.0,423.0,432.45,433.0,423.15,7493,3224000.0,120,,5646.0,75.35,new
SOLARA,EQ,2026-09-07,643.85,711.0,639.15,697.05,699.8,639.15,2187893,1513934000.0,71504,,646002.0,29.53,new
SOLARINDS,EQ,2026-09-07,21450.0,22200.0,21450.0,21950.0,21950.0,21445.0,227176,4978324000.0,44679,,79208.0,34.87,new
SOLARWORLD,EQ,2026-09-07,150.51,151.99,147.01,147.9,148.11,149.32,97974,14501000.0,1696,,46335.0,47.29,new
SOLEX,EQ,2026-09-07,728.8,728.8,714.35,718.45,720.0,725.3,14793,10650000.0,1421,,7524.0,50.86,new
SOMANYCERA,EQ,2026-09-07,554.95,574.45,554.95,559.4,556.05,557.35,84012,47611000.0,4197,,43568.0,51.86,new
SOMATEX,EQ,2026-09-07,89.31,92.84,86.37,86.72,87.0,90.22,17649,1550000.0,272,,11643.0,65.97,new
SOMICONVEY,EQ,2026-09-07,91.05,93.93,91.05,92.37,92.49,91.33,5859,540000.0,139,,4741.0,80.92,new
SONACOMS,EQ,2026-09-07,786.95,790.85,778.0,788.0,788.0,789.0,1159441,911182000.0,29942,,568331.0,49.02,new
SONAMAC,SM,2026-09-07,32.95,32.95,32.95,32.95,32.95,33.0,1000,33000.0,1,,1000.0,100.0,new
SONAMLTD,BE,2026-09-07,68.0,69.13,67.0,69.13,69.13,65.84,52083,3590999.9999999995,195,,,,new
SONATSOFTW,EQ,2026-09-07,285.25,286.0,273.45,283.85,284.1,285.25,1737278,484178000.0,32125,,580772.0,33.43,new
SONUINFRA,ST,2026-09-07,46.65,46.65,46.5,46.65,46.65,44.45,300000,13972000.0,88,,297000.0,99.0,new
SOTL,EQ,2026-09-07,824.05,850.1,698.7,705.75,712.0,740.75,2433195,1829627000.0,77958,,588037.0,24.17,new
SOUTHBANK,EQ,2026-09-07,47.3,47.67,46.5,46.54,46.59,47.29,4949017,231844999.99999997,20179,,2673674.0,54.02,new
SOUTHWEST,EQ,2026-09-07,213.5,225.79,211.19,222.26,220.0,212.92,581017,127360999.99999999,11932,,163087.0,28.07,new
SPAL,EQ,2026-09-07,1066.5,1093.8,1055.2,1065.9,1064.0,1071.1,29190,31180000.0,3607,,13805.0,47.29,new
SPANDANA,EQ,2026-09-07,239.99,241.0,237.2,238.88,238.85,239.81,58630,14021000.0,2022,,32622.0,55.64,new
SPARC,EQ,2026-09-07,199.9,208.65,199.59,205.87,206.9,199.47,1498275,307761000.0,22439,,569756.0,38.03,new
SPCENET,EQ,2026-09-07,3.5,3.61,3.46,3.56,3.58,3.41,1383299,4901000.0,948,,1046257.0,75.63,new
SPCL,SM,2026-09-07,61.55,65.0,61.55,63.65,63.95,62.6,24600,1564000.0,38,,16200.0,65.85,new
SPEB,SM,2026-09-07,92.15,92.15,92.1,92.1,92.1,95.0,8000,737000.0,4,,6000.0,75.0,new
SPECIALITY,BE,2026-09-07,139.25,140.0,135.0,135.29,137.49,139.59,29250,3992000.0,169,,,,new
SPECTRUM,BE,2026-09-07,2369.0,2486.8,2369.0,2486.8,2486.8,2368.4,5740,14176000.0,296,,,,new
SPECTSTM,SM,2026-09-07,56.1,60.0,54.0,60.0,60.0,56.0,5600,324000.0,6,,5600.0,100.0,new
SPELS,EQ,2026-09-07,148.61,151.7,146.3,147.64,147.81,149.38,47712,7068000.000000001,1745,,29361.0,61.54,new
SPENCERS,EQ,2026-09-07,28.6,29.01,28.12,28.78,28.9,28.5,19688,566000.0,409,,15976.0,81.15,new
SPIC,EQ,2026-09-07,71.0,72.5,70.5,71.02,71.3,71.28,551519,39392000.0,3492,,258275.0,46.83,new
SPLIL,EQ,2026-09-07,30.39,32.0,29.75,31.09,31.5,30.39,15875,488000.0,113,,10557.0,66.5,new
SPLPETRO,EQ,2026-09-07,774.9,805.0,771.05,802.5,804.8,771.05,863737,687325000.0,32491,,293966.0,34.03,new
SPMLINFRA,EQ,2026-09-07,183.2,183.89,178.07,180.21,180.95,181.41,283043,51202000.0,4605,,138781.0,49.03,new
SPORTKING,EQ,2026-09-07,228.34,230.0,217.07,221.85,221.0,229.22,400590,89110000.0,7468,,197302.0,49.25,new
SPPPOLY,SM,2026-09-07,11.75,12.65,11.75,12.65,12.65,12.35,6000,72000.0,3,,4000.0,66.67,new
SPRL,SM,2026-09-07,102.5,102.5,102.5,102.5,102.5,102.5,800,82000.0,1,,800.0,100.0,new
SPUNWEB,SM,2026-09-07,103.8,105.0,101.65,102.9,102.9,102.9,21600,2224000.0,10,,19200.0,88.89,new
SRD,EQ,2026-09-07,39.98,40.09,38.75,39.01,39.39,39.33,25361,1001000.0,217,,17800.0,70.19,new
SREEL,EQ,2026-09-07,269.8,286.01,263.0,279.4,281.0,265.52,72657,20268000.0,2201,,53272.0,73.32,new
SRF,EQ,2026-09-07,2536.2,2560.0,2526.5,2546.0,2546.0,2547.0,208077,529075000.0,27214,,115486.0,55.5,new
SRGHFL,EQ,2026-09-07,258.0,258.0,240.9,245.85,242.0,245.45,1647,401000.0,66,,1311.0,79.6,new
SRHHYPOLTD,EQ,2026-09-07,535.5,542.25,530.0,531.6,531.1,531.05,13332,7122000.0,559,,10379.0,77.85,new
SRIKPRIND,EQ,2026-09-07,35.43,35.78,32.5,33.82,33.56,33.38,113310,3829999.9999999995,704,,51914.0,45.82,new
SRIVASAVI,ST,2026-09-07,79.5,79.95,75.1,79.25,79.25,79.0,24000,1851000.0000000002,18,,17000.0,70.83,new
SRM,EQ,2026-09-07,464.65,477.45,458.1,460.05,458.45,462.35,102399,47787000.0,3252,,48114.0,46.99,new
SRTL,EQ,2026-09-07,37.7,38.36,36.81,37.98,38.0,37.71,36439,1374000.0,542,,21493.0,58.98,new
SSDL,EQ,2026-09-07,57.07,57.48,56.16,57.11,57.02,56.69,15015,857000.0,531,,10328.0,68.78,new
SSEGL,SM,2026-09-07,408.75,408.75,390.05,399.85,402.0,400.6,39600,15708000.000000002,147,,21800.0,55.05,new
SSFL,ST,2026-09-07,262.6,273.0,260.0,273.0,273.0,260.0,22000,5946000.0,38,,22000.0,100.0,new
SSWL,EQ,2026-09-07,374.6,383.8,365.45,371.3,370.7,361.85,2780026,1042335000.0,50516,,909438.0,32.71,new
STALLION,BE,2026-09-07,207.0,208.99,201.6,202.64,202.42,206.68,362233,73804000.0,3711,,,,new
STANLEY,EQ,2026-09-07,136.45,138.39,135.52,137.16,136.01,135.48,68522,9395000.0,1508,,35424.0,51.7,new
STAR,EQ,2026-09-07,1058.7,1187.6,1045.0,1178.8,1166.0,1059.6,2617272,3034138000.0,104221,,521232.0,19.92,new
STARCEMENT,EQ,2026-09-07,191.0,195.04,188.61,194.4,194.6,190.19,322246,62312000.0,7495,,202418.0,62.81,new
STARHEALTH,EQ,2026-09-07,552.85,574.0,546.95,565.95,573.95,557.35,776080,430612000.0,34589,,443727.0,57.18,new
STARPAPER,EQ,2026-09-07,153.0,167.0,150.1,162.61,162.79,151.42,113673,18477000.0,1518,,85812.0,75.49,new
STARTECK,EQ,2026-09-07,248.05,254.25,245.25,247.2,251.25,249.25,245,61000.0,71,,177.0,72.24,new
STCINDIA,EQ,2026-09-07,115.75,115.75,114.01,114.27,114.02,115.28,14553,1668000.0,277,,9960.0,68.44,new
STEELCAS,EQ,2026-09-07,328.2,336.35,324.65,326.85,326.1,328.05,65750,21741000.0,2596,,37673.0,57.3,new
STEELCITY,EQ,2026-09-07,87.0,87.0,84.4,84.99,85.0,85.55,3037,258000.0,73,,2304.0,75.86,new
STEELXIND,EQ,2026-09-07,11.34,11.4,11.1,11.23,11.24,11.34,1498999,16823000.0,2564,,703591.0,46.94,new
STEL,EQ,2026-09-07,590.0,609.95,590.0,596.7,596.1,607.9,3622,2172000.0,365,,1662.0,45.89,new
STERTOOLS,BE,2026-09-07,219.4,223.5,217.55,219.53,220.0,221.31,9708,2141000.0,294,,,,new
STLNETWORK,EQ,2026-09-07,29.51,30.31,29.5,30.31,30.31,28.87,1989195,59917999.99999999,1963,,1656575.0,83.28,new
STLSTRINF,EQ,2026-09-07,19.55,22.78,18.12,19.07,18.86,19.55,5513,111000.00000000001,104,,2694.0,48.87,new
STLTECH,BE,2026-09-07,786.3,786.3,786.3,786.3,786.3,748.9,532828,418963000.0,2947,,,,new
STOVEKRAFT,EQ,2026-09-07,836.5,867.5,832.2,849.25,855.0,832.55,174466,148720000.0,9476,,68077.0,39.02,new
STUDDS,EQ,2026-09-07,426.75,438.0,418.0,419.95,423.45,424.2,80163,33829000.0,5121,,53901.0,67.24,new
STUDIOLSD,SM,2026-09-07,9.85,9.85,9.7,9.8,9.8,9.85,16000,157000.0,7,,16000.0,100.0,new
STYL,EQ,2026-09-07,385.0,387.5,378.2,380.2,381.05,383.5,58586,22327000.0,2156,,35543.0,60.67,new
STYLAMIND,EQ,2026-09-07,3387.4,3445.8,3284.2,3370.7,3376.0,3387.4,48594,164349000.0,11569,,20139.0,41.44,new
STYLEBAAZA,EQ,2026-09-07,401.0,409.7,397.4,399.5,400.0,400.25,1380118,554644000.0,7267,,620669.0,44.97,new
STYRENIX,EQ,2026-09-07,2044.0,2091.0,2024.3,2063.7,2070.2,2043.2,57965,119415000.00000001,7095,,36171.0,62.4,new
SUBAHOTELS,SM,2026-09-07,98.3,98.95,93.0,98.5,98.5,98.3,76800,7359000.0,63,,52800.0,68.75,new
SUBEXLTD,EQ,2026-09-07,17.61,17.62,16.6,16.74,16.71,17.28,2594174,44041000.0,4379,,1559559.0,60.12,new
SUBROS,EQ,2026-09-07,710.0,713.45,702.0,704.75,704.0,709.6,25162,17822000.0,1668,,16005.0,63.61,new
SUDARCOLOR,EQ,2026-09-07,384.1,396.95,382.15,386.8,385.5,383.45,16386,6379000.0,936,,10258.0,62.6,new
SUDARSCHEM,EQ,2026-09-07,1224.9,1265.0,1223.5,1239.8,1244.0,1222.8,222036,276700000.0,19467,,103614.0,46.67,new
SUDEEPPHRM,EQ,2026-09-07,1342.5,1378.0,1305.0,1323.3,1323.5,1329.3,208143,278089000.0,15486,,98935.0,47.53,new
SUKHJITS,EQ,2026-09-07,160.6,163.86,157.75,160.55,161.0,157.86,27049,4324000.0,397,,19606.0,72.48,new
SULA,EQ,2026-09-07,149.85,149.85,146.2,147.09,146.7,149.0,139355,20565000.0,2707,,76724.0,55.06,new
SUMAX,ST,2026-09-07,102.2,111.8,101.2,111.4,111.8,106.5,543600,59616999.99999999,313,,514800.0,94.7,new
SUMEDHA,EQ,2026-09-07,39.4,39.7,38.0,39.7,39.7,39.01,1206,47000.0,11,,910.0,75.46,new
SUMEETINDS,EQ,2026-09-07,11.5,11.8,11.25,11.29,11.3,11.5,1315064,15182000.0,2041,,1048797.0,79.75,new
SUMICHEM,EQ,2026-09-07,493.4,497.7,485.2,487.9,488.95,493.4,96847,47599000.0,5634,,50707.0,52.36,new
SUMIT,EQ,2026-09-07,51.7,51.7,50.21,51.31,51.0,51.71,14892,758000.0,580,,9216.0,61.89,new
SUMMITSEC,EQ,2026-09-07,1429.0,1430.9,1411.0,1419.8,1415.2,1434.2,8351,11860000.0,235,,7963.0,95.35,new
SUNCLAY,EQ,2026-09-07,1310.9,1313.1,1262.7,1299.4,1295.0,1304.4,6938,8973000.0,942,,4607.0,66.4,new
SUNDARAM,EQ,2026-09-07,1.23,1.24,1.2,1.2,1.21,1.23,642010,777000.0,389,,527258.0,82.13,new
SUNDARMFIN,EQ,2026-09-07,4639.9,4732.8,4625.1,4708.3,4700.0,4648.7,49899,233286000.0,9463,,33033.0,66.2,new
SUNDRMBRAK,BE,2026-09-07,742.0,759.95,727.0,732.0,747.7,740.0,374,277000.0,47,,,,new
SUNDRMFAST,EQ,2026-09-07,1219.0,1224.8,1195.0,1200.5,1200.9,1212.3,61152,73733000.0,6529,,36379.0,59.49,new
SUNDROP,EQ,2026-09-07,664.35,664.35,653.0,659.45,657.0,662.5,6385,4212000.0,457,,4357.0,68.24,new
SUNFLAG,EQ,2026-09-07,343.7,345.45,337.05,338.4,339.0,343.7,120395,40843000.0,2790,,72631.0,60.33,new
SUNLITE,SM,2026-09-07,525.05,540.0,516.0,536.8,539.7,542.5,24600,13018000.0,75,,16200.0,65.85,new
SUNLOC,EQ,2026-09-07,79.98,79.98,79.98,79.98,79.98,79.98,8,1000.0,3,,8.0,100.0,new
SUNPHARMA,EQ,2026-09-07,1899.0,1907.8,1883.1,1895.0,1895.0,1899.0,1579345,2987028000.0,74767,,1073313.0,67.96,new
SUNRAKSHAK,EQ,2026-09-07,366.05,375.0,366.05,370.15,368.2,369.55,8109,3010000.0,250,,7111.0,87.69,new
SUNSHIEL,EQ,2026-09-07,1175.0,1275.0,1155.0,1268.6,1270.0,1144.9,13356,16653000.0,1204,,8715.0,65.25,new
SUNSHINE,EQ,2026-09-07,444.9,492.9,444.9,486.3,489.15,441.45,3585788,1719136000.0,56343,,584055.0,16.29,new
SUNTECH,SM,2026-09-07,39.15,39.15,39.15,39.15,39.15,40.05,1600,63000.0,1,,1600.0,100.0,new
SUNTECK,EQ,2026-09-07,299.5,300.1,293.0,294.0,294.6,299.5,112311,33164999.999999996,3446,,65602.0,58.41,new
SUNTV,EQ,2026-09-07,470.95,470.95,451.5,452.85,452.9,470.9,589224,269071000.0,26016,,300927.0,51.07,new
SUPERHOUSE,EQ,2026-09-07,168.01,172.3,166.0,170.62,172.3,169.23,3532,594000.0,88,,1925.0,54.5,new
SUPERSPIN,BE,2026-09-07,6.95,7.29,6.65,6.99,7.0,6.95,110736,787000.0,108,,,,new
SUPRAJIT,EQ,2026-09-07,479.0,482.0,470.15,473.2,474.6,479.45,47325,22504000.0,5682,,26173.0,55.3,new
SUPREME,EQ,2026-09-07,37.51,37.69,36.0,37.41,37.5,36.27,11414,420000.0,161,,5789.0,50.72,new
SUPREMEENG,BZ,2026-09-07,3.09,3.09,3.09,3.09,3.09,3.03,288648,892000.0,99,,,,new
SUPREMEIND,EQ,2026-09-07,3475.0,3603.1,3470.1,3598.0,3598.0,3475.0,370941,1325921000.0,32719,,93482.0,25.2,new
SUPREMEINF,EQ,2026-09-07,84.12,87.0,82.5,85.77,86.13,83.42,59001,5013000.0,1330,,18687.0,31.67,new
SUPREMEPWR,SM,2026-09-07,234.0,238.9,229.0,233.85,233.0,222.6,113000,26382000.0,189,,75000.0,66.37,new
SUPRIYA,EQ,2026-09-07,869.9,923.0,864.0,909.1,913.0,852.85,1225649,1107293000.0,52437,,345971.0,28.23,new
SUPTANERY,BE,2026-09-07,12.59,12.59,12.59,12.59,12.59,13.25,37276,469000.00000000006,285,,,,new
SURAJEST,EQ,2026-09-07,178.28,181.39,175.0,176.09,176.9,178.25,310830,54701000.0,2241,,264230.0,85.01,new
SURAJLTD,EQ,2026-09-07,202.01,205.8,198.45,200.0,200.0,201.79,8352,1672000.0,49,,8299.0,99.37,new
SURAKSHA,EQ,2026-09-07,330.55,345.0,328.95,338.9,339.0,332.45,102949,34692000.0,2981,,65747.0,63.86,new
SURANASOL,EQ,2026-09-07,26.11,26.32,25.52,25.86,25.93,26.11,70035,1818000.0,502,,61277.0,87.49,new
SURANAT&P,EQ,2026-09-07,16.27,16.9,16.2,16.43,16.36,16.57,100451,1661000.0,472,,87345.0,86.95,new
SURANI,SM,2026-09-07,96.0,96.0,96.0,96.0,96.0,99.7,1000,96000.0,4,,1000.0,100.0,new
SURYALA,EQ,2026-09-07,411.0,424.95,408.0,421.4,423.0,411.85,2187,919999.9999999999,53,,1978.0,90.44,new
SURYALAXMI,EQ,2026-09-07,61.0,61.0,58.55,58.85,58.75,60.79,4203,250999.99999999997,73,,2450.0,58.29,new
SURYAROSNI,EQ,2026-09-07,216.35,218.19,215.0,215.81,216.0,216.49,500001,108016000.00000001,15424,,355839.0,71.17,new
SURYODAY,EQ,2026-09-07,152.97,153.12,150.73,152.21,153.0,152.07,203120,30862000.0,3807,,94150.0,46.35,new
SUTLEJTEX,BE,2026-09-07,42.49,42.93,40.65,40.75,40.85,40.89,68622,2885000.0,262,,,,new
SUVEN,EQ,2026-09-07,378.7,395.4,376.1,377.15,377.2,378.0,862473,330994000.0,27077,,316718.0,36.72,new
SUVIDHAA,EQ,2026-09-07,2.44,2.56,2.13,2.21,2.25,2.42,382018,902999.9999999999,666,,254891.0,66.72,new
SUYOG,EQ,2026-09-07,723.6,739.6,711.3,718.5,724.0,731.2,60317,43756000.0,2364,,41514.0,68.83,new
SUZLON,EQ,2026-09-07,45.41,45.55,44.85,45.55,45.55,45.35,28911783,1309994000.0,58409,,12963248.0,44.84,new
SVGLOBAL,EQ,2026-09-07,160.0,160.0,147.06,151.09,151.98,163.62,21648,3343000.0,608,,11706.0,54.07,new
SVLL,BE,2026-09-07,801.0,830.0,799.25,800.0,800.0,799.25,629,505000.0,23,,,,new
SVPGLOB,EQ,2026-09-07,3.72,3.78,3.59,3.6,3.59,3.65,25956,94000.0,71,,21566.0,83.09,new
SWANCORP,EQ,2026-09-07,280.5,283.85,273.9,278.1,280.0,281.5,1155945,322598000.0,18340,,375577.0,32.49,new
SWANDEF,BE,2026-09-07,2501.4,2520.2,2420.2,2496.0,2499.0,2520.2,25333,62891000.0,1001,,,,new
SWARAJ,BE,2026-09-07,360.0,363.7,353.2,355.35,358.0,357.35,66377,23637000.0,437,,,,new
SWARAJENG,EQ,2026-09-07,3629.0,3699.0,3593.3,3648.0,3625.1,3557.8,28465,103754000.0,4918,,14015.0,49.24,new
SWARNSAR,EQ,2026-09-07,36.5,39.25,35.1,37.58,38.2,35.25,82042,3100000.0,600,,67397.0,82.15,new
SWELECTES,EQ,2026-09-07,574.0,589.9,547.05,572.35,589.0,572.5,122811,69299000.0,4158,,82202.0,66.93,new
SWIGGY,EQ,2026-09-07,277.7,280.5,274.65,276.45,276.45,276.1,23743792,6594258000.0,103849,,12003969.0,50.56,new
SWISSMLTRY,BE,2026-09-07,15.46,15.79,15.02,15.18,15.4,15.59,75964,1161000.0,262,,,,new
SWSOLAR,EQ,2026-09-07,187.2,188.0,184.5,185.13,185.0,186.23,536948,99603000.0,8735,,252297.0,46.99,new
SYMBIOTEC,EQ,2026-09-07,1068.0,1141.0,1068.0,1098.7,1102.75,1078.25,3088018,3447944000.0,125611,,913433.0,29.58,new
SYMPHONY,EQ,2026-09-07,592.9,593.45,570.0,573.4,572.5,580.35,58826,34256000.0,4495,,28582.0,48.59,new
SYNCOMF,EQ,2026-09-07,20.08,20.57,19.73,20.27,20.3,20.58,11295960,227417999.99999997,23285,,3926602.0,34.76,new
SYNGENE,EQ,2026-09-07,395.0,396.3,387.25,389.3,388.0,395.6,444340,173321000.0,14939,,254912.0,57.37,new
SYNOPTICS,ST,2026-09-07,49.35,49.35,49.35,49.35,49.35,49.35,600,30000.0,1,,600.0,100.0,new
SYRMA,EQ,2026-09-07,1458.5,1645.0,1458.3,1634.8,1627.0,1457.3,13079561,20825271000.0,354310,,2289753.0,17.51,new
SYSTANGO,SM,2026-09-07,223.2,227.0,222.0,226.0,226.0,225.25,15200,3415999.9999999995,24,,12000.0,78.95,new
SYSTMTXC,BE,2026-09-07,62.4,63.24,62.4,63.24,63.24,60.23,10694,676000.0,34,,,,new
TAALTECH,EQ,2026-09-07,4548.0,4574.8,4400.0,4439.1,4400.0,4502.2,8803,39474000.0,1245,,6438.0,73.13,new
TAC,ST,2026-09-07,434.9,434.9,420.5,425.2,428.45,433.35,28800,12271000.0,120,,24600.0,85.42,new
TAINWALCHM,EQ,2026-09-07,216.83,216.83,206.35,208.48,208.05,213.71,4163,878999.9999999999,154,,1866.0,44.82,new
TAJGVK,EQ,2026-09-07,332.05,339.0,328.1,329.2,329.4,332.55,66810,22181000.0,2166,,41516.0,62.14,new
TAKE,EQ,2026-09-07,14.51,14.51,14.51,14.51,14.51,13.82,225946,3278000.0,96,,223945.0,99.11,new
TALBROAUTO,EQ,2026-09-07,416.0,441.85,411.85,431.8,430.95,407.75,1798087,775925000.0,37129,,394904.0,21.96,new
TAMBOLIIN,BE,2026-09-07,263.3,265.1,258.05,259.15,259.0,259.7,4182,1089000.0,50,,,,new
TANAA,EQ,2026-09-07,284.0,285.9,280.0,282.0,284.9,282.15,7571,2147000.0,357,,5302.0,70.03,new
TANKUP,ST,2026-09-07,1615.0,1615.0,1566.05,1566.05,1566.05,1598.0,1250,1982999.9999999998,5,,1250.0,100.0,new
TANLA,EQ,2026-09-07,523.15,523.15,512.3,520.2,521.0,521.15,317979,164444000.0,13004,,135637.0,42.66,new
TARACHAND,EQ,2026-09-07,49.38,49.38,47.1,47.43,47.5,48.78,45282,2159000.0,1385,,26963.0,59.54,new
TARAPUR,EQ,2026-09-07,13.03,13.5,12.51,12.71,12.93,13.03,70228,914000.0,288,,51803.0,73.76,new
TARC,EQ,2026-09-07,128.81,135.68,126.55,134.9,134.74,126.99,2061276,274566000.0,19678,,1016916.0,49.33,new
TARIL,EQ,2026-09-07,302.1,303.8,296.7,299.65,299.6,300.95,746125,223509000.0,14719,,358136.0,48.0,new
TARMAT,EQ,2026-09-07,61.53,62.89,60.0,61.91,61.76,61.23,47182,2913000.0,1185,,26372.0,55.89,new
TARSONS,EQ,2026-09-07,336.0,336.0,327.0,328.55,328.8,335.55,80073,26480000.0,2059,,44665.0,55.78,new
TASTYBITE,EQ,2026-09-07,9902.0,10008.0,9603.0,9901.0,9810.0,9982.0,7569,74364000.0,1717,,4318.0,57.05,new
TATACAP,EQ,2026-09-07,375.05,375.05,365.15,369.95,369.1,375.05,934265,344374000.0,55403,,547291.0,58.58,new
TATACHEM,EQ,2026-09-07,625.0,627.15,611.1,613.35,612.0,625.1,501210,308723000.0,16067,,193907.0,38.69,new
TATACOMM,EQ,2026-09-07,1754.1,1754.1,1725.0,1738.5,1740.0,1756.1,185621,322536000.0,32068,,110715.0,59.65,new
TATACONSUM,EQ,2026-09-07,1014.0,1019.9,1004.0,1015.0,1015.0,1010.0,1368015,1387502000.0,73407,,893533.0,65.32,new
TATAELXSI,EQ,2026-09-07,3547.6,3547.9,3475.0,3497.0,3497.0,3558.0,161685,565950000.0,19959,,76099.0,47.07,new
TATAGOLD,EQ,2026-09-07,14.87,14.87,14.67,14.76,14.77,14.94,57797478,851183000.0,108504,,25904528.0,44.82,new
TATAINVEST,EQ,2026-09-07,629.15,631.55,625.75,627.8,627.5,633.7,94363,59245000.00000001,9252,,48644.0,51.55,new
TATAPOWER,EQ,2026-09-07,366.9,369.8,363.0,365.7,365.7,368.0,4849767,1768386000.0,44553,,2399548.0,49.48,new
TATASTEEL,EQ,2026-09-07,189.0,190.24,184.37,185.61,185.61,188.79,23695657,4397145000.0,118633,,9705069.0,40.96,new
TATATECH,EQ,2026-09-07,798.1,799.65,778.25,785.1,787.0,800.0,774063,610792000.0,33749,,321198.0,41.5,new
TATSILV,EQ,2026-09-07,22.54,22.54,22.18,22.31,22.35,22.62,26564982,592138000.0,60244,,9904146.0,37.28,new
TATVA,EQ,2026-09-07,1700.0,1721.2,1646.7,1695.8,1698.0,1678.5,88807,149698000.0,9999,,46073.0,51.88,new
TAURIAN,ST,2026-09-07,472.1,491.95,469.3,470.1,469.3,494.0,36800,17415000.0,45,,32000.0,86.96,new
TBI,SM,2026-09-07,73.55,73.65,69.7,71.35,71.85,73.55,61800,4400000.0,65,,52200.0,84.47,new
TBOTEK,EQ,2026-09-07,1684.0,1719.9,1672.0,1705.4,1702.9,1688.9,172047,293332000.0,5094,,139009.0,80.8,new
TBZ,EQ,2026-09-07,528.9,528.9,528.9,528.9,528.9,480.85,318752,168588000.0,2227,,316139.0,99.18,new
TCC,EQ,2026-09-07,44.0,44.47,40.5,41.08,41.24,44.1,580938,24165000.0,5090,,240548.0,41.41,new
TCI,EQ,2026-09-07,868.2,885.5,858.05,863.95,863.0,868.2,30299,26189999.999999996,3334,,21720.0,71.69,new
TCIEXP,EQ,2026-09-07,551.0,569.95,542.2,549.1,552.0,552.9,55023,30502999.999999996,2302,,26646.0,48.43,new
TCIFINANCE,BE,2026-09-07,15.09,15.2,14.7,15.2,15.2,15.1,4600,69000.0,48,,,,new
TCL,SM,2026-09-07,121.0,122.95,107.0,113.05,110.5,123.0,128800,14951000.0,122,,76000.0,59.01,new
TCPLPACK,EQ,2026-09-07,4140.0,4140.0,3800.0,3862.4,3851.0,4091.9,34746,136632000.0,7984,,12037.0,34.64,new
TCS,EQ,2026-09-07,2290.1,2299.9,2260.1,2270.0,2270.0,2304.0,2297551,5223049000.0,70867,,1201565.0,52.3,new
TDPOWERSYS,EQ,2026-09-07,740.0,754.7,728.1,734.15,739.2,740.1,925420,683806000.0,39164,,431755.0,46.66,new
TEAMGTY,EQ,2026-09-07,243.6,243.6,235.0,235.03,235.0,235.29,661,155000.0,18,,484.0,73.22,new
TEAMLEASE,EQ,2026-09-07,1285.0,1309.2,1261.1,1279.2,1275.0,1250.6,36478,47007000.0,4804,,16738.0,45.89,new
TEAMTECH,ST,2026-09-07,137.25,137.25,137.05,137.05,137.05,137.0,16000,2195000.0,6,,16000.0,100.0,new
TECH,EQ,2026-09-07,33.97,34.77,32.73,32.78,32.9,33.81,96939,3194000.0,449,,49171.0,50.72,new
TECHD,SM,2026-09-07,535.0,538.0,519.0,523.15,522.1,533.55,19200,10071000.0,59,,16500.0,85.94,new
TECHERA,SM,2026-09-07,160.9,162.85,157.0,158.75,158.5,160.9,48000,7634999.999999999,59,,27200.0,56.67,new
TECHLABS,SM,2026-09-07,117.2,118.0,115.0,115.9,117.4,115.2,12500,1457000.0,72,,9875.0,79.0,new
TECHM,EQ,2026-09-07,1575.1,1593.6,1545.3,1564.0,1564.0,1596.9,2028588,3161906000.0,50380,,1223143.0,60.3,new
TECHNOCRAF,EQ,2026-09-07,365.0,397.4,363.1,388.95,389.9,366.1,2343237,906289000.0,35880,,692652.0,29.56,new
TECHNOE,EQ,2026-09-07,983.0,986.75,957.25,962.5,962.5,979.5,129751,125199000.0,10042,,70216.0,54.12,new
TECHNVISN,EQ,2026-09-07,4917.5,4918.5,4710.5,4792.5,4770.5,4917.5,537,2579000.0,156,,371.0,69.09,new
TECILCHEM,EQ,2026-09-07,9.72,10.17,9.4,9.5,9.5,9.72,13279,127000.0,47,,12958.0,97.58,new
TEGA,EQ,2026-09-07,1560.0,1638.0,1540.1,1603.5,1612.0,1548.0,634918,1019618000.0,35154,,278212.0,43.82,new
TEJA,SM,2026-09-07,235.1,250.0,235.1,240.9,240.0,236.05,87600,21462000.0,69,,65400.0,74.66,new
TEJASNET,EQ,2026-09-07,615.0,616.2,590.05,593.6,592.95,614.15,3912391,2342414000.0,67779,,866509.0,22.15,new
TEMBO,EQ,2026-09-07,59.75,60.5,57.61,58.43,58.4,58.47,4643901,273677000.0,15604,,1726845.0,37.19,new
TEMPSENS,EQ,2026-09-07,559.0,559.0,540.0,546.2,543.2,554.8,1663376,911590000.0,30655,,461200.0,27.73,new
TENNIND,EQ,2026-09-07,520.0,522.85,514.5,515.45,515.45,517.55,229138,118425000.0,14305,,137735.0,60.11,new
TERAI,EQ,2026-09-07,121.43,140.0,121.43,130.7,131.0,121.43,1019,134000.0,53,,647.0,63.49,new
TERASOFT,EQ,2026-09-07,286.2,286.2,271.0,273.25,271.0,283.4,26187,7256999.999999999,1199,,12167.0,46.46,new
TEXINFRA,EQ,2026-09-07,113.9,121.8,113.0,119.26,119.95,115.02,411113,48435000.0,3681,,177570.0,43.19,new
TEXMOPIPES,EQ,2026-09-07,47.3,55.47,47.25,54.18,53.89,46.23,2193984,117855000.0,13759,,694095.0,31.64,new
TEXRAIL,EQ,2026-09-07,117.45,123.9,117.25,119.46,119.5,115.99,9209299,1112505000.0,59938,,3009575.0,32.68,new
TFCILTD,EQ,2026-09-07,143.0,145.04,139.1,140.9,140.0,143.26,4618937,658748000.0,18944,,1946780.0,42.15,new
TFL,EQ,2026-09-07,12.48,12.55,11.9,11.91,11.91,12.36,19420,241000.0,59,,18351.0,94.5,new
TGBHOTELS,EQ,2026-09-07,9.48,9.89,9.3,9.56,9.59,9.48,4414,42000.0,93,,2800.0,63.43,new
TGL,ST,2026-09-07,17.7,17.7,17.7,17.7,17.7,18.05,1000,18000.0,4,,1000.0,100.0,new
TGVSL,EQ,2026-09-07,111.56,114.0,109.98,110.52,110.2,109.98,366176,41095000.0,2998,,221561.0,60.51,new
THACKER,EQ,2026-09-07,1080.0,1100.0,1016.0,1016.0,1016.0,1050.0,64,68000.0,14,,41.0,64.06,new
THAKDEV,EQ,2026-09-07,141.0,149.99,140.0,149.99,149.99,144.0,233,33000.0,6,,233.0,100.0,new
THANGAMAYL,EQ,2026-09-07,5332.0,5505.0,5311.0,5474.0,5492.0,5332.0,93135,507201000.0,14728,,54888.0,58.93,new
THEINVEST,EQ,2026-09-07,95.23,99.0,94.1,97.89,97.99,95.0,8725,850000.0,154,,6507.0,74.58,new
THEJO,EQ,2026-09-07,2125.9,2195.0,2100.1,2160.2,2155.6,2125.3,19040,41015000.0,1533,,13093.0,68.77,new
THELEELA,EQ,2026-09-07,554.95,556.95,541.0,543.5,542.0,554.05,234413,127882000.0,20118,,124695.0,53.19,new
THEMISMED,EQ,2026-09-07,121.38,140.6,119.17,133.07,132.51,120.42,4732951,635519000.0,50369,,487312.0,10.3,new
THERMAX,EQ,2026-09-07,3638.0,3670.0,3593.3,3622.0,3619.0,3637.6,141581,514858000.0,28412,,80483.0,56.85,new
THESL,ST,2026-09-07,15.4,15.4,15.35,15.35,15.35,16.15,9000,138000.0,3,,6000.0,66.67,new
THOMASCOOK,EQ,2026-09-07,112.0,115.7,111.0,112.52,112.24,111.65,1879256,212669000.0,17665,,724306.0,38.54,new
THOMASCOTT,EQ,2026-09-07,264.95,267.8,256.05,259.65,262.9,262.75,39653,10269000.0,2025,,23088.0,58.23,new
THYROCARE,EQ,2026-09-07,573.75,580.75,566.2,573.15,577.8,576.15,243176,138964000.0,32208,,131336.0,54.01,new
TI,EQ,2026-09-07,532.0,545.6,520.0,533.25,538.7,535.1,451824,242489000.0,16160,,226130.0,50.05,new
TICL,BE,2026-09-07,8.37,8.37,7.8,8.01,8.14,8.12,42805,349000.0,112,,,,new
TIGERLOGS,EQ,2026-09-07,28.61,29.37,28.01,28.08,28.03,28.61,56684,1602000.0,473,,32960.0,58.15,new
TIIL,EQ,2026-09-07,3194.0,3262.8,3137.6,3166.4,3174.0,3194.6,20927,66860000.0,4449,,11309.0,54.04,new
TIINDIA,EQ,2026-09-07,2690.0,2709.0,2679.0,2683.0,2683.0,2698.0,121565,326978000.0,14050,,63916.0,52.58,new
TIJARIA,BE,2026-09-07,9.74,9.8,9.07,9.07,9.07,9.54,159836,1481000.0,196,,,,new
TIL,BE,2026-09-07,253.4,256.5,246.4,250.33,249.0,252.88,109314,27525000.0,612,,,,new
TIMETECHNO,EQ,2026-09-07,188.41,188.41,182.99,184.53,186.2,188.49,1326457,245658000.0,18405,,708078.0,53.38,new
TIMEX,EQ,2026-09-07,672.1,672.15,617.6,628.3,628.0,669.85,616321,391327000.0,42084,,253213.0,41.08,new
TIMKEN,EQ,2026-09-07,3148.0,3150.0,3085.0,3098.7,3085.0,3125.3,18234,56742999.99999999,4813,,8273.0,45.37,new
TINNARUBR,EQ,2026-09-07,1038.2,1038.2,995.35,1012.9,1014.7,1028.2,49466,50018000.0,3900,,23784.0,48.08,new
TIPSFILMS,EQ,2026-09-07,330.15,337.85,326.05,328.15,327.1,331.0,2447,810000.0,292,,1351.0,55.21,new
TIPSMUSIC,EQ,2026-09-07,649.75,652.0,641.2,643.7,644.0,649.75,156576,101249000.0,12591,,92598.0,59.14,new
TIRUMALCHM,EQ,2026-09-07,157.02,158.98,154.32,154.98,154.32,157.19,229828,35936000.0,4366,,104129.0,45.31,new
TIRUPATIFL,BE,2026-09-07,69.05,72.5,67.6,70.85,70.9,69.05,330327,23497000.0,1220,,,,new
TITAGARH,EQ,2026-09-07,878.75,901.55,866.0,896.45,891.3,871.85,1383593,1231692000.0,49988,,512962.0,37.07,new
TITAN,EQ,2026-09-07,5010.0,5028.0,4958.5,4995.0,4995.0,5020.0,480336,2393162000.0,40115,,298271.0,62.1,new
TMB,EQ,2026-09-07,942.9,954.2,930.15,936.45,934.85,932.45,148519,139831000.0,13433,,67504.0,45.45,new
TMCV,EQ,2026-09-07,459.0,461.9,454.15,459.65,460.0,458.2,4403689,2015879000.0,68880,,2096881.0,47.62,new
TMPV,EQ,2026-09-07,311.5,312.0,307.0,307.0,307.0,311.5,6493351,2003613000.0,75154,,3314259.0,51.04,new
TNIDETF,EQ,2026-09-07,89.15,91.99,89.15,89.81,89.83,90.94,83031,7458000.0,749,,69476.0,83.67,new
TNPETRO,EQ,2026-09-07,134.0,135.5,130.77,131.73,131.2,132.7,701145,93190000.0,7345,,302139.0,43.09,new
TNPL,EQ,2026-09-07,156.01,166.0,154.31,159.5,159.99,155.75,2376677,382424000.0,26267,,740955.0,31.18,new
TNTELE,EQ,2026-09-07,8.99,9.13,8.88,8.97,8.99,8.88,18897,170000.0,112,,12822.0,67.85,new
TOKYOPLAST,EQ,2026-09-07,76.5,76.5,74.99,75.99,76.0,76.51,683,52000.0,42,,620.0,90.78,new
TOLINS,EQ,2026-09-07,91.3,92.7,91.01,92.26,91.6,91.98,31998,2937000.0,815,,20619.0,64.44,new
TOP100CASE,EQ,2026-09-07,10.43,10.74,10.42,10.47,10.5,10.54,857161,8990000.0,1828,,813424.0,94.9,new
TOP10ADD,EQ,2026-09-07,87.98,87.99,87.01,87.19,87.15,87.98,208340,18170000.0,626,,131915.0,63.32,new
TOP15IETF,EQ,2026-09-07,9.86,9.86,9.72,9.74,9.77,9.82,104502,1018000.0,256,,50151.0,47.99,new
TOP20,EQ,2026-09-07,8.65,8.92,8.65,8.83,8.82,8.88,39047,344000.0,219,,27420.0,70.22,new
TORNTPHARM,EQ,2026-09-07,4857.0,4915.0,4823.0,4914.0,4914.0,4857.0,229459,1120612000.0,37406,,126256.0,55.02,new
TORNTPOWER,EQ,2026-09-07,1307.0,1323.0,1271.2,1275.7,1282.0,1299.1,349676,453002000.00000006,26585,,203167.0,58.1,new
TOTAL,EQ,2026-09-07,69.03,77.95,69.03,74.14,74.0,70.88,29615,2208000.0,304,,25685.0,86.73,new
TOUCHWOOD,EQ,2026-09-07,63.48,63.48,60.5,62.0,62.0,62.81,413,26000.0,62,,335.0,81.11,new
TOYAMSL,EQ,2026-09-07,0.62,0.62,0.61,0.61,0.62,0.61,251250,154000.0,193,,196424.0,78.18,new
TPHQ,BE,2026-09-07,0.55,0.57,0.53,0.53,0.54,0.55,819959,447000.0,428,,,,new
TPLPLASTEH,EQ,2026-09-07,71.73,72.25,68.4,68.61,68.99,71.74,203179,14278000.0,1941,,101000.0,49.71,new
TRACXN,EQ,2026-09-07,29.96,30.08,29.17,29.68,29.7,29.96,218499,6494000.0,807,,148836.0,68.12,new
TRANSCOR,EQ,2026-09-07,25.61,25.61,24.48,25.14,25.27,25.49,2423,60000.0,65,,1930.0,79.65,new
TRANSPEK,BE,2026-09-07,1425.0,1429.7,1361.1,1399.2,1404.9,1446.5,10148,14222999.999999998,267,,,,new
TRANSRAILL,EQ,2026-09-07,430.0,436.9,418.0,419.55,419.8,429.3,639224,272321000.0,18964,,269806.0,42.21,new
TRANSTEEL,SM,2026-09-07,77.65,77.65,75.05,76.0,76.0,75.9,86000,6531999.999999999,42,,76000.0,88.37,new
TRANSWORLD,BE,2026-09-07,171.0,174.42,171.0,172.0,172.0,171.0,2327,405000.0,35,,,,new
TRAVELFOOD,EQ,2026-09-07,1296.5,1312.4,1280.2,1285.3,1281.0,1296.3,22411,29039000.0,4062,,10898.0,48.63,new
TREEHOUSE,EQ,2026-09-07,6.3,6.35,6.06,6.1,6.15,6.29,13741,85000.0,100,,11927.0,86.8,new
TREJHARA,EQ,2026-09-07,151.25,152.49,144.02,147.19,147.79,152.01,21367,3150000.0,688,,11665.0,54.59,new
TREL,EQ,2026-09-07,27.69,27.9,26.95,27.18,27.29,27.44,122858,3354999.9999999995,3366,,84949.0,69.14,new
TRENT,EQ,2026-09-07,2850.0,2854.4,2772.5,2814.5,2814.5,2853.0,1021019,2861669000.0,52602,,521111.0,51.04,new
TRF,EQ,2026-09-07,231.7,235.99,230.0,235.13,235.7,231.59,14703,3443000.0,389,,12308.0,83.71,new
TRIDENT,EQ,2026-09-07,24.17,24.23,23.92,23.98,24.06,24.16,2135046,51260000.0,10416,,1129583.0,52.91,new
TRIDHYA,ST,2026-09-07,6.9,7.5,6.9,7.5,7.5,7.2,15000,107000.0,4,,15000.0,100.0,new
TRIGYN,EQ,2026-09-07,58.7,60.25,58.3,59.88,59.35,58.97,30944,1851000.0000000002,1567,,19524.0,63.09,new
TRITONV,EQ,2026-09-07,1138.1,1152.6,1129.6,1140.5,1131.0,1136.1,1897,2171000.0,296,,1414.0,74.54,new
TRITURBINE,EQ,2026-09-07,577.3,578.9,565.5,568.75,572.0,577.3,209558,119711999.99999999,31401,,103835.0,49.55,new
TRIVENI,EQ,2026-09-07,277.05,283.95,273.15,276.1,275.7,275.65,626456,174980000.0,11283,,212327.0,33.89,new
TROM,SM,2026-09-07,59.0,62.0,56.0,61.9,61.9,59.5,6600,394000.0,11,,4800.0,72.73,new
TRU,EQ,2026-09-07,4.05,4.11,3.94,4.1,4.11,4.05,140699,573000.0,279,,92813.0,65.97,new
TRUALT,EQ,2026-09-07,425.95,433.85,420.0,424.1,422.5,425.25,73764,31342000.0,3218,,37814.0,51.26,new
TRUST,SM,2026-09-07,29.95,29.95,28.8,28.85,28.85,30.0,9600,279000.0,15,,9600.0,100.0,new
TSC,ST,2026-09-07,43.05,45.2,43.05,45.2,45.2,43.05,76000,3429999.9999999995,17,,76000.0,100.0,new
TSFINV,EQ,2026-09-07,405.45,410.25,400.5,403.6,404.5,404.7,36179,14640000.0,2044,,18455.0,51.01,new
TTKHLTCARE,EQ,2026-09-07,1105.0,1128.0,1085.1,1091.1,1100.0,1100.2,62317,68601000.0,3573,,45976.0,73.78,new
TTKPRESTIG,EQ,2026-09-07,562.8,567.0,545.0,548.0,548.0,562.75,66655,36858000.0,5380,,36337.0,54.52,new
TTL,EQ,2026-09-07,6.69,6.89,6.65,6.74,6.8,6.81,143018,961999.9999999999,237,,121151.0,84.71,new
TTML,EQ,2026-09-07,37.74,38.09,36.6,37.35,37.35,37.74,1329750,49925000.0,6612,,733861.0,55.19,new
TUNWAL,SM,2026-09-07,25.15,25.5,24.8,24.9,24.85,25.1,54000,1355000.0,25,,42000.0,77.78,new
TURTLEMINT,EQ,2026-09-07,144.08,145.09,140.19,142.42,143.0,144.08,553335,79085000.0,11738,,218487.0,39.49,new
TUTIALKA,EQ,2026-09-07,61.84,61.9,58.61,59.74,60.49,60.36,9023,543000.0,270,,6934.0,76.85,new
TVSELECT,EQ,2026-09-07,422.5,423.35,417.0,418.8,417.0,420.85,15849,6651000.000000001,940,,8017.0,50.58,new
TVSHLTD,EQ,2026-09-07,13774.0,14170.0,13601.0,13748.0,13706.0,13374.0,26789,371151000.0,11747,,11112.0,41.48,new
TVSMOTOR,EQ,2026-09-07,4127.0,4159.9,4100.7,4132.0,4132.0,4133.1,353313,1459398000.0,31539,,169572.0,47.99,new
TVSSCS,EQ,2026-09-07,130.95,132.99,127.84,129.05,129.35,130.41,429219,55490000.0,7102,,202720.0,47.23,new
TVSSRICHAK,EQ,2026-09-07,5230.5,5370.0,5230.5,5305.0,5290.5,5237.5,6409,33984000.0,1965,,3042.0,47.46,new
TVTODAY,EQ,2026-09-07,110.95,111.48,107.62,110.68,110.43,110.95,28994,3199000.0,622,,19729.0,68.05,new
TVVISION,BE,2026-09-07,3.38,3.38,3.22,3.22,3.22,3.38,112582,363000.0,108,,,,new
TWCGOLDETF,EQ,2026-09-07,152.93,152.93,149.93,151.22,151.14,152.93,3316,501000.0,825,,2835.0,85.49,new
UBL,EQ,2026-09-07,1283.8,1305.1,1275.3,1291.0,1288.4,1279.4,181984,234973999.99999997,15443,,102219.0,56.17,new
UCAL,BE,2026-09-07,151.65,151.65,145.0,148.38,148.4,146.02,12217,1805999.9999999998,84,,,,new
UCL,ST,2026-09-07,244.8,244.8,244.8,244.8,244.8,249.75,2000,490000.00000000006,1,,2000.0,100.0,new
UCOBANK,EQ,2026-09-07,24.75,24.9,24.32,24.42,24.45,24.78,4573497,112335999.99999999,14196,,2585250.0,56.53,new
UDAYJEW,EQ,2026-09-07,168.4,171.6,148.0,167.58,165.0,143.0,638490,105017000.0,4553,,155441.0,24.35,new
UDS,EQ,2026-09-07,239.0,239.5,216.2,217.84,217.3,239.03,398512,89883000.0,11438,,181291.0,45.49,new
UEL,EQ,2026-09-07,245.8,245.8,229.52,229.52,229.52,241.6,34311,8079000.000000001,643,,22909.0,66.77,new
UFBL,BE,2026-09-07,690.1,700.0,673.1,691.55,691.2,700.35,29545,20359000.0,979,,,,new
UFLEX,EQ,2026-09-07,684.15,685.5,668.0,682.7,681.5,675.6,152186,103160999.99999999,5303,,72611.0,47.71,new
UFO,EQ,2026-09-07,66.2,66.2,64.0,64.51,64.22,65.09,47044,3062000.0,699,,30729.0,65.32,new
UGARSUGAR,EQ,2026-09-07,54.0,55.85,53.82,54.19,54.34,53.35,656681,35902000.0,5324,,269040.0,40.97,new
UGROCAP,EQ,2026-09-07,86.35,87.25,84.92,85.42,86.0,86.35,117768,10156000.0,1693,,73434.0,62.35,new
UHTL,ST,2026-09-07,161.55,161.55,161.55,161.55,161.55,158.4,6000,969000.0,3,,6000.0,100.0,new
UJJIVANSFB,EQ,2026-09-07,64.51,65.4,63.56,65.09,64.96,64.43,9339056,602721000.0,38329,,4829330.0,51.71,new
ULTRACEMCO,EQ,2026-09-07,11370.0,11370.0,11175.0,11175.0,11175.0,11408.0,214788,2411167000.0,37736,,141036.0,65.66,new
ULTRAMAR,EQ,2026-09-07,437.15,441.7,428.0,429.4,428.2,437.15,41522,17971000.0,4289,,21973.0,52.92,new
UMAEXPORTS,BE,2026-09-07,23.5,23.5,23.5,23.5,23.5,23.97,4248,100000.0,29,,,,new
UMESLTD,EQ,2026-09-07,5.19,5.19,4.92,5.09,5.1,5.09,22429,113999.99999999999,103,,18983.0,84.64,new
UMIYA-MRO,EQ,2026-09-07,108.0,109.0,104.0,104.82,104.3,104.42,41787,4425000.0,667,,27374.0,65.51,new
UNICHEMLAB,EQ,2026-09-07,550.2,591.25,548.0,569.75,570.0,550.2,309037,175788000.0,12401,,60512.0,19.58,new
UNIDT,BE,2026-09-07,220.95,235.0,220.04,233.24,233.5,225.46,80548,18451000.0,316,,,,new
UNIECOM,EQ,2026-09-07,88.38,88.38,85.0,85.36,85.85,87.62,288190,24693000.0,2715,,194194.0,67.38,new
UNIENTER,EQ,2026-09-07,92.0,95.5,92.0,92.85,92.6,93.19,4658,433000.0,101,,3531.0,75.81,new
UNIHEALTH,SM,2026-09-07,715.0,720.95,700.0,720.45,720.0,724.0,21000,14999000.0,36,,16000.0,76.19,new
UNIINFO,EQ,2026-09-07,11.0,11.2,10.62,11.06,11.2,11.0,1078,12000.0,27,,925.0,85.81,new
UNILEX,SM,2026-09-07,26.0,27.0,26.0,27.0,27.0,27.75,3200,85000.0,2,,1600.0,50.0,new
UNIMECH,EQ,2026-09-07,1513.0,1528.0,1489.0,1495.7,1502.6,1502.7,169474,256042999.99999997,14547,,74352.0,43.87,new
UNIONBANK,EQ,2026-09-07,186.5,188.45,183.2,186.04,186.04,187.22,12010754,2213909000.0,44740,,6662507.0,55.47,new
UNIONGOLD,EQ,2026-09-07,150.0,150.15,147.55,148.75,148.65,150.2,1064,158000.0,103,,851.0,79.98,new
UNIPARTS,EQ,2026-09-07,865.8,906.85,865.8,902.1,903.95,874.05,165683,147899000.0,11592,,84719.0,51.13,new
UNITDSPR,EQ,2026-09-07,1457.9,1468.4,1431.5,1440.0,1440.0,1471.7,377003,543707000.0,22827,,211415.0,56.08,new
UNITECH,EQ,2026-09-07,4.24,4.44,4.16,4.22,4.24,4.08,17838014,76863000.0,7947,,9336260.0,52.34,new
UNITEDPOLY,EQ,2026-09-07,42.0,43.0,41.25,42.88,42.91,41.66,182224,7712000.0,1439,,128938.0,70.76,new
UNITEDTEA,EQ,2026-09-07,447.8,447.8,440.3,441.95,441.95,442.8,5946,2628000.0,94,,5621.0,94.53,new
UNIVAFOODS,BE,2026-09-07,9.03,9.03,9.03,9.03,9.03,9.03,1150,10000.0,4,,,,new
UNIVASTU,BE,2026-09-07,164.0,171.0,163.0,169.89,169.0,168.34,72463,12123000.0,460,,,,new
UNIVCABLES,EQ,2026-09-07,1560.8,1586.2,1477.0,1487.6,1493.0,1576.3,287909,436897999.99999994,28949,,156239.0,54.27,new
UNIVPHOTO,BE,2026-09-07,502.0,514.9,500.0,514.9,514.9,490.4,5224,2660000.0,144,,,,new
UNOMINDA,EQ,2026-09-07,1245.0,1252.1,1221.2,1241.7,1241.7,1249.7,390846,481684000.0,24821,,216021.0,55.27,new
UPHOT,EQ,2026-09-07,1355.0,1355.0,1320.0,1330.0,1330.0,1387.0,613,811999.9999999999,40,,600.0,97.88,new
UPL,EQ,2026-09-07,580.1,586.75,573.0,573.0,573.0,582.15,1754057,1017698000.0,23237,,971796.0,55.4,new
URAVIDEF,BE,2026-09-07,117.5,117.5,115.84,115.84,115.84,118.2,828,97000.0,23,,,,new
URBAN,SM,2026-09-07,124.9,129.8,124.9,127.1,127.5,117.6,69600,8861000.0,81,,46400.0,66.67,new
URBANCO,EQ,2026-09-07,181.84,182.86,175.25,176.06,176.2,181.09,4774283,849545000.0000001,38071,,1743405.0,36.52,new
URJA,EQ,2026-09-07,9.07,9.2,9.0,9.12,9.12,9.18,594104,5415000.0,1915,,391491.0,65.9,new
USASEEDS,SM,2026-09-07,93.0,94.0,88.0,94.0,94.0,92.4,1284,118000.0,3,,1284.0,100.0,new
USHAFIN,SM,2026-09-07,54.5,56.45,52.3,56.1,56.35,54.7,48000,2670000.0,17,,46400.0,96.67,new
USHAMART,EQ,2026-09-07,514.15,515.1,498.45,500.3,499.0,514.15,545048,274425000.0,21193,,294028.0,53.95,new
USK,EQ,2026-09-07,21.41,21.41,20.36,20.9,21.14,20.99,33012,684000.0,179,,22003.0,66.65,new
UTIAMC,EQ,2026-09-07,883.7,892.75,879.0,889.95,889.0,880.55,64072,56785000.0,5332,,30715.0,47.94,new
UTKARSHBNK,EQ,2026-09-07,14.64,15.1,14.4,15.03,15.02,14.56,8467823,126060999.99999999,8240,,3961492.0,46.78,new
UTLSOLAR,EQ,2026-09-07,432.5,434.75,413.05,417.3,420.0,429.75,247130,103879000.0,13603,,136999.0,55.44,new
UTSSAV,SM,2026-09-07,475.1,508.0,475.1,491.4,495.0,468.3,36000,17792000.0,54,,24600.0,68.33,new
UTTAMSUGAR,EQ,2026-09-07,283.45,294.0,281.2,284.0,285.0,281.2,343123,98419000.0,9167,,86840.0,25.31,new
UWCSL,SM,2026-09-07,115.7,115.7,115.7,115.7,115.7,110.25,1000,115999.99999999999,1,,1000.0,100.0,new
UYFINCORP,BE,2026-09-07,20.2,20.2,19.06,19.63,19.87,19.73,96033,1900000.0,270,,,,new
V2RETAIL,EQ,2026-09-07,220.0,225.7,217.69,222.42,221.97,216.5,3160103,703835000.0,35593,,1880497.0,59.51,new
VADILALIND,EQ,2026-09-07,7629.0,7692.5,7456.0,7505.5,7477.0,7655.0,21025,158521000.0,5101,,10547.0,50.16,new
VADILENT,EQ,2026-09-07,10399.0,10950.0,10399.0,10730.0,10500.0,10045.0,22,233000.0,22,,19.0,86.36,new
VAIBHAVGBL,EQ,2026-09-07,218.0,220.07,215.7,216.49,216.02,218.74,194020,42209000.0,6302,,102212.0,52.68,new
VAISHALI,EQ,2026-09-07,8.53,8.53,8.21,8.37,8.4,8.32,91770,765000.0,212,,60669.0,66.11,new
VAKRANGEE,EQ,2026-09-07,5.79,5.81,5.61,5.66,5.69,5.79,1770839,10111000.0,2642,,1168715.0,66.0,new
VAL30IETF,EQ,2026-09-07,14.81,15.24,14.81,15.06,15.08,15.19,184406,2782000.0,763,,113194.0,61.38,new
VALIANTLAB,BE,2026-09-07,110.9,110.9,104.1,108.7,108.74,105.97,171865,18727000.0,696,,,,new
VALIANTORG,BE,2026-09-07,325.0,333.0,322.0,326.1,329.0,320.25,27827,9102000.0,438,,,,new
VALUE,EQ,2026-09-07,16.15,16.18,15.99,16.04,16.04,16.15,46657,749000.0,133,,34915.0,74.83,new
VALUE360,SM,2026-09-07,72.0,72.05,69.25,69.75,69.25,74.0,7200,509999.99999999994,6,,6000.0,83.33,new
VALUEAXIS,EQ,2026-09-07,33.7,33.7,32.56,32.8,32.92,32.88,91408,2987000.0,457,,50648.0,55.41,new
VAML,EQ,2026-09-07,438.0,440.0,434.25,438.9,438.8,437.75,3188490,1395838000.0,71858,,1943700.0,60.96,new
VARDHACRLC,BE,2026-09-07,43.21,44.0,42.51,42.79,43.49,43.59,36959,1595000.0,330,,,,new
VARDMNPOLY,EQ,2026-09-07,5.91,5.98,5.8,5.89,5.9,5.87,62048,366000.0,248,,53739.0,86.61,new
VARROC,EQ,2026-09-07,821.05,832.0,813.0,827.05,832.0,826.35,154732,127167000.0,9317,,72917.0,47.12,new
VASA,SM,2026-09-07,3.85,3.85,3.85,3.85,3.85,4.05,4000,15000.0,1,,4000.0,100.0,new
VASCONEQ,EQ,2026-09-07,30.56,30.79,30.0,30.09,30.01,30.47,143213,4323000.0,674,,94791.0,66.19,new
VASUPRADA,EQ,2026-09-07,111.38,111.38,107.63,108.0,108.0,107.1,179,19000.0,7,,179.0,100.0,new
VASWANI,EQ,2026-09-07,47.49,47.49,45.51,45.85,46.49,47.01,26758,1236000.0,353,,18084.0,67.58,new
VBL,EQ,2026-09-07,406.0,407.6,404.0,405.95,405.95,407.6,5062827,2051990000.0000002,71778,,3399034.0,67.14,new
VCL,BE,2026-09-07,1.53,1.53,1.51,1.51,1.51,1.58,290941,440000.00000000006,180,,,,new
VDEAL,SM,2026-09-07,152.1,153.8,149.0,149.0,149.0,157.0,22200,3365000.0,36,,15000.0,67.57,new
VEDAVAAG,EQ,2026-09-07,18.3,18.5,17.0,18.15,18.1,18.17,31991,587000.0,199,,30316.0,94.76,new
VEDL,EQ,2026-09-07,272.1,272.5,267.0,268.0,268.0,272.1,4892640,1315934000.0,51799,,2368076.0,48.4,new
VEDPOWER,EQ,2026-09-07,34.2,34.54,33.75,34.12,34.46,34.2,12155109,413462000.0,43256,,6570864.0,54.06,new
VEEDOL,EQ,2026-09-07,1464.0,1481.0,1452.2,1456.3,1455.3,1476.8,6133,8976000.0,1171,,3985.0,64.98,new
VEEKAYEM,SM,2026-09-07,109.1,111.5,107.4,111.5,111.5,113.05,4500,491000.0,9,,3000.0,66.67,new
VELJAN,BE,2026-09-07,1888.3,1935.0,1832.0,1902.3,1917.0,1878.9,1081,2064999.9999999998,121,,,,new
VENKEYS,EQ,2026-09-07,1640.8,1670.9,1631.6,1648.3,1644.3,1659.6,40538,66726000.0,5260,,18700.0,46.13,new
VENTIVE,EQ,2026-09-07,604.5,604.5,578.0,580.55,579.05,588.2,12470,7265000.000000001,1265,,6130.0,49.16,new
VENUSPIPES,EQ,2026-09-07,1639.8,1821.0,1639.8,1805.4,1811.0,1631.0,603283,1063933000.0,43337,,208687.0,34.59,new
VENUSREM,BE,2026-09-07,1694.4,1724.9,1652.1,1669.4,1657.1,1694.4,17771,29908999.999999996,855,,,,new
VERANDA,EQ,2026-09-07,244.0,246.63,241.0,241.81,242.97,242.63,113164,27470000.0,2346,,68753.0,60.76,new
VERITAAS,SM,2026-09-07,29.2,29.2,28.5,28.75,28.75,29.9,4800,139000.0,4,,4800.0,100.0,new
VERTEXPLUS,SM,2026-09-07,57.0,59.5,57.0,57.5,59.5,56.7,3000,173000.0,2,,3000.0,100.0,new
VERTIS,IV,2026-09-07,119.0,119.0,117.0,117.0,117.0,115.05,50000,5900000.0,2,,50000.0,100.0,new
VERTOZ,EQ,2026-09-07,38.2,38.67,36.27,37.04,37.12,37.66,43316,1628000.0,474,,26825.0,61.93,new
VESUVIUS,EQ,2026-09-07,422.4,424.9,416.8,419.55,419.05,419.15,70358,29574000.0,2903,,45326.0,64.42,new
VETO,BE,2026-09-07,126.99,126.99,124.1,125.62,125.6,125.5,30100,3779000.0,208,,,,new
VGCL,EQ,2026-09-07,52.62,53.37,50.15,50.98,50.65,52.62,5319,276000.0,82,,3696.0,69.49,new
VGINFOTECH,SM,2026-09-07,140.0,143.55,139.0,140.75,141.0,139.4,22000,3087000.0,21,,18000.0,81.82,new
VGL,EQ,2026-09-07,52.43,55.81,51.5,53.52,52.1,53.31,47866,2540000.0,1061,,23247.0,48.57,new
VGUARD,EQ,2026-09-07,333.9,335.45,330.85,332.55,332.55,335.4,382618,127310999.99999999,10262,,206901.0,54.08,new
VHL,EQ,2026-09-07,3576.0,3675.0,3576.0,3620.8,3628.0,3626.4,193,703000.0,63,,170.0,88.08,new
VHLTD,BE,2026-09-07,117.45,124.0,116.1,121.87,123.5,118.21,265117,31562000.0,393,,,,new
VHLTD-RE1,BE,2026-09-07,0.68,0.68,0.68,0.68,0.68,0.49,78853,54000.0,90,,,,new
VIAZ,SM,2026-09-07,68.5,70.85,68.5,70.85,70.85,67.5,8000,562000.0,4,,8000.0,100.0,new
VICTORYEV,SM,2026-09-07,15.3,15.3,15.3,15.3,15.3,15.65,6000,92000.0,2,,6000.0,100.0,new
VIDHIING,EQ,2026-09-07,351.0,355.95,348.0,349.0,348.0,347.75,11998,4218000.0,834,,7003.0,58.37,new
VIDYAWIRES,EQ,2026-09-07,90.9,90.99,87.55,88.15,88.15,90.13,876024,78097000.0,7029,,470257.0,53.68,new
VIESL,SM,2026-09-07,396.0,402.2,390.0,394.1,394.0,393.1,29600,11668000.0,27,,20800.0,70.27,new
VIGOR,SM,2026-09-07,103.85,112.75,103.85,112.75,112.75,102.5,44800,4968000.0,28,,41600.0,92.86,new
VIJAYA,EQ,2026-09-07,1493.2,1527.5,1487.9,1497.5,1497.0,1493.2,101311,152720000.0,11341,,34425.0,33.98,new
VIJAYPD,SM,2026-09-07,63.0,66.75,63.0,66.75,66.75,63.0,8000,519000.00000000006,4,,4000.0,50.0,new
VIJIFIN,BE,2026-09-07,16.91,16.91,16.91,16.91,16.91,16.58,14384,243000.00000000003,39,,,,new
VIJSOLX,EQ,2026-09-07,684.25,687.0,677.8,682.1,682.1,687.7,99,67000.0,18,,95.0,95.96,new
VIKASECO,EQ,2026-09-07,1.07,1.08,1.06,1.07,1.07,1.07,1477986,1582000.0,1250,,1005213.0,68.01,new
VIKASLIFE,EQ,2026-09-07,1.29,1.3,1.26,1.29,1.3,1.29,1692409,2179000.0,10898,,1001617.0,59.18,new
VIKRAMSOLR,EQ,2026-09-07,168.6,168.85,165.25,165.81,166.3,168.45,2014976,334932000.0,17421,,1001619.0,49.71,new
VIKRAN,EQ,2026-09-07,61.0,61.37,59.88,60.6,60.2,60.77,1147055,69529000.0,6432,,403345.0,35.16,new
VILAS,SM,2026-09-07,356.0,360.95,354.15,356.3,355.0,353.7,60500,21516000.0,58,,58750.0,97.11,new
VILINBIO,SM,2026-09-07,56.95,56.95,56.9,56.95,56.95,54.25,72000,4100000.0,17,,68000.0,94.44,new
VIMTALABS,EQ,2026-09-07,636.0,644.65,633.15,640.65,641.45,635.65,109952,70378000.0,4772,,46190.0,42.01,new
VINATIORGA,EQ,2026-09-07,1312.2,1315.7,1295.6,1298.9,1305.0,1310.7,44434,57847000.0,5584,,30962.0,69.68,new
VINCOFE,EQ,2026-09-07,170.58,185.5,170.48,178.88,178.74,170.65,4026692,723677000.0,37615,,1583146.0,39.32,new
VINDHYATEL,EQ,2026-09-07,2755.0,2952.6,2750.3,2765.0,2778.0,2732.7,214917,615348000.0,25198,,60421.0,28.11,new
VINEETLAB,EQ,2026-09-07,37.9,38.3,37.17,37.28,37.25,37.37,70769,2646000.0,240,,61109.0,86.35,new
VINNY,EQ,2026-09-07,1.02,1.04,1.0,1.01,1.01,1.02,431438,438999.99999999994,249,,276559.0,64.1,new
VINSYS,ST,2026-09-07,598.5,598.5,596.5,596.5,596.5,597.0,1250,747000.0,4,,1250.0,100.0,new
VINYAS,SM,2026-09-07,1567.15,1567.15,1507.55,1520.25,1524.9,1559.35,6800,10361000.0,59,,5200.0,76.47,new
VINYLINDIA,EQ,2026-09-07,227.6,232.3,227.0,228.68,227.1,232.38,5175,1189000.0,261,,4042.0,78.11,new
VIPCLOTHNG,EQ,2026-09-07,20.15,20.7,20.1,20.16,20.28,20.15,36857,746000.0,145,,34431.0,93.42,new
VIPIND,EQ,2026-09-07,314.05,325.45,312.8,320.5,322.25,314.05,613544,197369000.0,15001,,286768.0,46.74,new
VIPULLTD,BE,2026-09-07,13.71,13.71,13.71,13.71,13.71,13.98,18348,252000.0,41,,,,new
VIRAT,EQ,2026-09-07,429.0,440.95,404.4,433.2,428.0,423.35,6095,2608000.0,584,,3258.0,53.45,new
VIRINCHI,EQ,2026-09-07,14.5,14.9,14.11,14.31,14.35,14.7,163647,2356000.0,501,,121944.0,74.52,new
VIRTUALG,BE,2026-09-07,0.48,0.48,0.45,0.45,0.46,0.47,348816,160000.0,313,,,,new
VISACHROME,EQ,2026-09-07,37.47,39.45,36.66,36.73,36.7,38.34,135928,5031000.0,443,,89562.0,65.89,new
VISAKAIND,EQ,2026-09-07,96.0,96.0,91.28,92.17,92.78,93.37,303340,28368000.0,3887,,136545.0,45.01,new
VISAMAN,SM,2026-09-07,58.35,58.35,58.35,58.35,58.35,61.4,1000,57999.99999999999,1,,1000.0,100.0,new
VISDEM,SM,2026-09-07,103.75,103.75,98.0,98.0,98.0,103.75,6000,607000.0,5,,6000.0,100.0,new
VISHAL,EQ,2026-09-07,19.13,19.5,17.35,18.24,18.4,18.67,81605,1510000.0,425,,60261.0,73.84,new
VISHNU,EQ,2026-09-07,700.0,744.0,698.0,726.5,729.0,702.0,401102,292985000.0,17810,,180534.0,45.01,new
VISHNUINFR,SM,2026-09-07,155.55,160.95,155.55,157.1,157.1,158.0,4000,632000.0,8,,3000.0,75.0,new
VISHWARAJ,EQ,2026-09-07,5.91,6.22,5.9,5.96,5.97,5.9,862570,5238000.0,1090,,440219.0,51.04,new
VISL,EQ,2026-09-07,35.76,36.34,34.52,34.64,34.7,35.39,21758859,766819000.0,50439,,11407117.0,52.43,new
VITAL,EQ,2026-09-07,57.0,58.0,54.1,56.59,56.65,55.72,4143,233000.0,51,,3932.0,94.91,new
VIVIANA,EQ,2026-09-07,816.0,830.0,773.0,776.55,774.0,804.7,41040,32635000.000000004,1280,,25615.0,62.41,new
VIVIDEL,SM,2026-09-07,1654.95,1750.05,1620.15,1696.1,1705.0,1591.6,73920,124238000.00000001,264,,64320.0,87.01,new
VIVIDHA,EQ,2026-09-07,0.52,0.54,0.51,0.51,0.52,0.52,127511,67000.0,194,,102236.0,80.18,new
VIVIMEDLAB,BE,2026-09-07,6.51,6.51,6.45,6.45,6.45,6.58,43686,282000.0,44,,,,new
VIVOBIOT,EQ,2026-09-07,19.0,19.08,18.42,18.99,19.0,18.8,39076,739000.0,209,,37356.0,95.6,new
VIYASH,EQ,2026-09-07,266.5,266.9,262.55,263.65,263.75,265.85,2271312,599268000.0,24114,,1353794.0,59.6,new
VLEGOV,EQ,2026-09-07,10.98,10.98,10.26,10.47,10.48,10.61,99020,1031000.0,592,,71336.0,72.04,new
VLINFRA,SM,2026-09-07,27.8,27.8,27.8,27.8,27.8,27.8,3000,83000.0,1,,3000.0,100.0,new
VLSFINANCE,EQ,2026-09-07,245.0,247.8,244.0,244.43,244.4,246.44,5921,1452000.0,187,,4393.0,74.19,new
VMARCIND,SM,2026-09-07,303.1,315.9,288.1,303.0,301.15,320.1,1245000,374744000.0,749,,691500.0,55.54,new
VMART,EQ,2026-09-07,829.35,831.9,815.0,826.2,824.0,824.2,58090,47881000.0,5538,,28870.0,49.7,new
VMM,EQ,2026-09-07,106.15,106.57,103.06,104.0,104.0,106.14,19261503,2004453000.0,70256,,10778520.0,55.96,new
VMOBILE,SM,2026-09-07,59.0,59.0,56.5,56.6,57.0,58.85,18400,1054000.0,22,,18400.0,100.0,new
VMSTMT,EQ,2026-09-07,45.45,45.6,44.1,44.58,44.53,45.46,29817,1338000.0,436,,16886.0,56.63,new
VOEPL,EQ,2026-09-07,553.2,574.95,538.6,543.15,541.0,553.2,99932,55770000.00000001,4248,,43795.0,43.82,new
VOGL,EQ,2026-09-07,38.02,38.09,36.8,36.94,37.03,38.02,26950606,1004243000.0,54715,,12988780.0,48.19,new
VOITHPAPR,EQ,2026-09-07,1487.9,1488.0,1436.0,1475.5,1480.0,1458.6,361,529000.0,44,,256.0,70.91,new
VOLERCAR,SM,2026-09-07,247.5,251.95,232.6,235.9,235.9,246.95,30400,7337000.0,28,,22400.0,73.68,new
VOLTAMP,EQ,2026-09-07,11500.0,11502.0,10951.0,11067.0,11098.0,11418.0,35462,393740000.0,14614,,14481.0,40.84,new
VOLTAS,EQ,2026-09-07,1170.0,1176.4,1164.4,1167.2,1167.2,1170.0,402813,471454000.0,15585,,200641.0,49.81,new
VPRPL,EQ,2026-09-07,36.38,36.44,34.0,34.27,34.69,36.28,480055,16763000.0,2569,,275812.0,57.45,new
VR,SM,2026-09-07,107.1,107.1,107.1,107.1,107.1,102.0,400,43000.0,1,,400.0,100.0,new
VRAJ,EQ,2026-09-07,121.53,124.0,121.53,122.14,122.67,121.71,9594,1178000.0,275,,7052.0,73.5,new
VRLLOG,EQ,2026-09-07,297.7,298.9,291.15,292.75,293.0,297.7,144481,42505000.0,9699,,90977.0,62.97,new
VSSL,EQ,2026-09-07,363.9,370.0,355.3,356.45,357.1,364.15,70989,25731000.0,3329,,38328.0,53.99,new
VSTIND,EQ,2026-09-07,208.0,208.5,205.97,206.96,207.39,208.15,94351,19530000.0,3240,,57816.0,61.28,new
VSTL,EQ,2026-09-07,118.01,123.15,118.01,121.75,121.7,117.66,37905,4591000.0,883,,26218.0,69.17,new
VSTTILLERS,EQ,2026-09-07,4208.5,4208.8,4113.0,4131.9,4138.0,4187.6,6410,26624000.0,1837,,3876.0,60.47,new
VTL,EQ,2026-09-07,592.0,598.5,586.4,590.2,589.0,598.2,209417,124133999.99999999,11382,,87536.0,41.8,new
VTMLTD,EQ,2026-09-07,58.9,58.9,55.5,56.49,57.15,56.12,10946,625000.0,119,,6758.0,61.74,new
WAAREEENER,EQ,2026-09-07,2626.0,2653.0,2590.0,2593.0,2593.0,2635.0,382404,999493000.0,23903,,204103.0,53.37,new
WAAREEINDO,EQ,2026-09-07,275.65,275.65,263.5,265.55,266.7,272.0,63383,16872000.0,1776,,37100.0,58.53,new
WAAREERTL,EQ,2026-09-07,851.4,857.8,848.8,852.6,850.0,858.95,78010,66454999.99999999,5663,,40514.0,51.93,new
WABAG,EQ,2026-09-07,2029.0,2064.8,1985.3,2008.0,2012.0,2005.3,388707,783567000.0,25811,,114646.0,29.49,new
WAKEFIT,EQ,2026-09-07,152.28,157.48,151.7,155.34,155.55,151.55,1054577,164055000.0,13998,,416697.0,39.51,new
WALCHANNAG,EQ,2026-09-07,208.61,225.5,206.91,223.36,224.72,208.61,2190611,481524000.0,24589,,951221.0,43.42,new
WALPAR,SM,2026-09-07,22.8,23.05,22.8,23.05,23.05,23.75,4000,92000.0,2,,4000.0,100.0,new
WANBURY,EQ,2026-09-07,243.1,253.0,240.0,250.55,252.0,246.2,140282,34485000.0,4136,,63258.0,45.09,new
WARDINMOBI,EQ,2026-09-07,5.94,5.98,4.69,5.77,5.8,5.86,385034,2176000.0,1056,,268503.0,69.73,new
WATERBASE,EQ,2026-09-07,49.0,49.84,47.71,48.49,48.5,48.63,23118,1135000.0,235,,14082.0,60.91,new
WCIL,EQ,2026-09-07,84.0,84.45,82.5,82.78,82.5,83.38,55033,4578000.0,1144,,33731.0,61.29,new
WEALTH,EQ,2026-09-07,841.7,852.7,832.0,839.25,844.95,841.7,1513,1273000.0,151,,1397.0,92.33,new
WEBELSOLAR,EQ,2026-09-07,74.0,75.81,73.9,75.21,75.38,74.53,1728404,129292000.0,10584,,942141.0,54.51,new
WEIZMANIND,EQ,2026-09-07,74.5,75.85,72.5,73.37,75.85,74.5,802,59000.0,52,,519.0,64.71,new
WEL,EQ,2026-09-07,75.5,76.68,72.23,72.23,72.23,76.03,1602669,116779000.0,7887,,1051728.0,65.62,new
WELCORP,EQ,2026-09-07,2584.9,2674.8,2536.8,2597.9,2600.0,2590.6,1503451,3943835000.0,101258,,562459.0,37.41,new
WELENT,EQ,2026-09-07,813.6,815.2,772.5,783.5,783.1,813.6,621082,491082000.0,19272,,272838.0,43.93,new
WELINV,BE,2026-09-07,2275.3,2275.3,2275.3,2275.3,2275.3,2230.7,20,46000.0,5,,,,new
WELSPLSOL,EQ,2026-09-07,60.44,61.99,58.5,58.99,59.3,59.55,2204084,132860999.99999999,16833,,1079928.0,49.0,new
WELSPUNLIV,EQ,2026-09-07,210.0,216.0,209.02,211.95,212.92,208.51,6124120,1303868000.0,65773,,1818009.0,29.69,new
WENDT,EQ,2026-09-07,8160.0,8420.0,8113.5,8340.0,8284.5,8160.0,8810,73382000.0,2596,,4337.0,49.23,new
WESTLIFE,EQ,2026-09-07,528.0,538.85,520.2,533.05,530.0,530.6,32363,17079000.0,3204,,13483.0,41.66,new
WEWIN,EQ,2026-09-07,41.0,43.9,41.0,41.97,41.9,41.91,907,38000.0,34,,799.0,88.09,new
WEWORK,EQ,2026-09-07,666.95,688.35,666.55,675.35,675.0,666.95,160167,108394000.0,16097,,90882.0,56.74,new
WHBRADY,EQ,2026-09-07,493.0,497.0,493.0,495.5,495.5,482.2,12,6000.0,4,,12.0,100.0,new
WHEELS,EQ,2026-09-07,1740.0,1799.9,1713.1,1755.4,1768.0,1724.9,341864,597654000.0,22050,,183708.0,53.74,new
WHIRLPOOL,EQ,2026-09-07,818.4,825.0,809.0,815.35,814.0,815.95,199585,162542000.0,13972,,118988.0,59.62,new
WHITEFORCE,SM,2026-09-07,38.0,38.0,38.0,38.0,38.0,38.0,3200,122000.0,2,,3200.0,100.0,new
WILLAMAGOR,EQ,2026-09-07,25.4,25.4,23.5,23.76,23.61,25.4,10152,249000.00000000003,120,,9122.0,89.85,new
WINDLAS,EQ,2026-09-07,1150.0,1181.9,1145.0,1154.75,1152.0,1126.35,275989,320836000.0,21026,,98567.0,35.71,new
WINDMACHIN,EQ,2026-09-07,303.1,316.15,302.05,310.5,310.2,304.25,94815,29450000.0,2873,,49692.0,52.41,new
WINSOL,SM,2026-09-07,114.0,116.0,114.0,116.0,116.0,116.0,2400,277000.0,4,,2400.0,100.0,new
WIPL,EQ,2026-09-07,162.0,166.99,162.0,164.52,164.55,167.99,1359,225000.0,29,,1170.0,86.09,new
WIPRO,EQ,2026-09-07,175.89,176.47,172.65,172.8,172.8,176.4,10720636,1861328000.0,104981,,5154535.0,48.08,new
WOCKPHARMA,EQ,2026-09-07,2112.5,2236.0,2076.2,2208.0,2212.8,2088.7,4319658,9416811000.0,189291,,995465.0,23.04,new
WOL3D,SM,2026-09-07,136.5,142.4,136.5,142.35,142.35,136.5,3000,421000.0,3,,3000.0,100.0,new
WOMANCART,ST,2026-09-07,105.5,108.55,101.5,103.9,108.35,105.7,14400,1502000.0,32,,12800.0,88.89,new
WONDERLA,EQ,2026-09-07,538.6,538.6,521.1,526.3,526.0,533.9,40911,21566000.0,2347,,20486.0,50.07,new
WORTHPERI,EQ,2026-09-07,150.3,156.5,150.3,154.99,154.9,154.99,3939,610000.0,48,,1399.0,35.52,new
WPIL,EQ,2026-09-07,445.0,445.0,433.0,435.3,435.0,443.9,31690,13841000.0,1539,,19975.0,63.03,new
WSI,EQ,2026-09-07,60.5,61.31,59.71,61.0,60.04,60.37,83914,5087000.0,1853,,54774.0,65.27,new
WSTCSTPAPR,EQ,2026-09-07,648.5,693.0,644.55,687.5,689.0,650.25,605527,409178000.0,25001,,269456.0,44.5,new
WTICAB,SM,2026-09-07,104.5,105.0,99.0,101.35,101.5,104.15,44000,4474000.0,56,,36500.0,82.95,new
XCHANGING,EQ,2026-09-07,61.38,64.8,60.63,64.3,64.4,61.4,325705,20651000.0,2093,,146387.0,44.94,new
XELPMOC,EQ,2026-09-07,80.0,81.0,77.48,78.08,78.39,80.14,13772,1084000.0,264,,10548.0,76.59,new
XPROINDIA,EQ,2026-09-07,1326.0,1408.7,1326.0,1362.0,1350.0,1325.1,340774,465905000.0,22951,,192251.0,56.42,new
XTGLOBAL,EQ,2026-09-07,31.06,32.45,31.0,32.0,32.38,31.69,71432,2274000.0,994,,30311.0,42.43,new
XTRANET,EQ,2026-09-07,242.0,281.08,236.58,279.83,281.08,234.24,13668382,3666944999.9999995,149232,,1350838.0,9.88,new
YAAP,SM,2026-09-07,138.2,142.5,134.0,134.0,134.0,137.8,29000,4022000.0,29,,26000.0,89.66,new
YASHO,EQ,2026-09-07,4134.1,4162.5,3958.1,3987.8,3998.0,4134.1,28306,114035999.99999999,5261,,15774.0,55.73,new
YASHOPTICS,SM,2026-09-07,123.75,123.75,114.95,116.35,117.0,123.75,16800,1968000.0,20,,15200.0,90.48,new
YATHARTH,EQ,2026-09-07,995.0,1019.0,985.6,994.8,991.0,991.1,357062,358123000.0,17277,,129373.0,36.23,new
YATRA,EQ,2026-09-07,113.0,117.45,112.2,114.97,114.7,113.49,1530727,176982000.0,12572,,576212.0,37.64,new
YCCL,SM,2026-09-07,8.5,9.15,8.0,8.55,8.6,8.6,51000,432000.0,15,,39000.0,76.47,new
YESBANK,EQ,2026-09-07,22.44,22.59,22.28,22.42,22.42,22.5,33364009,746640000.0,68684,,17070926.0,51.17,new
YOGI,EQ,2026-09-07,163.4,163.4,155.0,163.25,163.25,163.45,4221,689000.0,64,,4188.0,99.22,new
YUDIZ,SM,2026-09-07,27.95,27.95,25.65,25.95,25.65,26.95,5600,147000.0,5,,5600.0,100.0,new
YUKEN,EQ,2026-09-07,1015.85,1024.05,994.3,1005.6,999.5,1010.8,9288,9342000.0,876,,6063.0,65.28,new
ZAGGLE,EQ,2026-09-07,180.65,184.5,177.0,183.49,184.43,180.77,1176464,212546999.99999997,17048,,374058.0,31.8,new
ZEAL,SM,2026-09-07,65.5,78.6,65.5,78.6,78.6,65.5,43800,3386999.9999999995,21,,43200.0,98.63,new
ZEEL,EQ,2026-09-07,88.0,89.0,85.42,85.99,85.73,91.61,42609965,3698608999.9999995,135743,,13438352.0,31.54,new
ZEELEARN,BE,2026-09-07,7.2,7.2,6.74,6.78,6.84,7.09,483351,3319000.0,698,,,,new
ZEEMEDIA,EQ,2026-09-07,8.2,8.22,7.77,7.94,7.93,8.22,5318153,41931000.0,4409,,2725295.0,51.25,new
ZENITHDRUG,SM,2026-09-07,42.0,46.4,42.0,45.45,46.4,42.75,24000,1067000.0,26,,20800.0,86.67,new
ZENITHEXPO,EQ,2026-09-07,207.0,214.0,193.9,196.57,196.5,204.1,1681,342000.0,42,,492.0,29.27,new
ZENITHSTL,EQ,2026-09-07,6.15,6.5,5.8,6.03,6.09,5.9,377098,2324000.0,773,,224713.0,59.59,new
ZENSARTECH,EQ,2026-09-07,462.7,463.1,450.0,453.85,452.75,461.55,659073,299201000.0,20746,,293269.0,44.5,new
ZENTEC,EQ,2026-09-07,1801.4,1842.0,1780.0,1794.6,1804.6,1801.4,344083,618356000.0,18692,,90765.0,26.38,new
ZFCVINDIA,EQ,2026-09-07,2550.4,2551.0,2471.1,2491.7,2494.7,2551.9,49999,124917000.0,8905,,29840.0,59.68,new
ZFSTEERING,EQ,2026-09-07,678.0,678.0,652.2,668.5,663.0,667.5,9550,6339000.0,275,,7326.0,76.71,new
ZIMLAB,EQ,2026-09-07,126.0,132.1,125.9,129.16,129.9,125.5,83808,10812000.0,1340,,38342.0,45.75,new
ZODIAC,EQ,2026-09-07,245.15,246.37,236.12,237.16,236.56,240.17,10640,2561000.0,485,,6902.0,64.87,new
ZODIACLOTH,EQ,2026-09-07,73.0,73.65,71.52,71.85,72.0,72.23,2628,190000.0,56,,2560.0,97.41,new
ZOTA,EQ,2026-09-07,1138.1,1138.1,1087.0,1089.7,1087.0,1132.4,29556,32620999.999999996,2343,,18225.0,61.66,new
ZSARACOM,EQ,2026-09-07,11859.0,11859.0,11302.0,11706.0,11700.0,11302.0,54,629000.0,40,,40.0,74.07,new
ZTECH,SM,2026-09-07,471.0,479.95,462.4,467.65,466.25,476.3,14700,6903000.0,44,,11400.0,77.55,new
ZUARI,EQ,2026-09-07,224.83,231.1,223.53,226.85,226.0,225.56,123314,28026000.0,2562,,47990.0,38.92,new
ZUARIIND,EQ,2026-09-07,276.45,286.5,274.8,280.4,282.0,276.45,98022,27629000.000000004,4008,,50906.0,51.93,new
ZYDUSLIFE,EQ,2026-09-07,1114.2,1163.0,1114.1,1156.9,1156.9,1120.0,2107281,2419851000.0,39710,,919935.0,43.66,new
ZYDUSWELL,EQ,2026-09-07,537.3,581.0,536.65,555.35,551.5,531.7,7627303,4312649000.0,158027,,477122.0,6.26,new
