SYMBOL,SERIES,DATE,OPEN,HIGH,LOW,CLOSE,LAST,PREV_CLOSE,VOLUME,TURNOVER,TRADES,ISIN,DELIV_QTY,DELIV_PER,SOURCE
1018GS2026,GS,2026-09-04,105.0,105.0,104.7,104.96,104.96,105.0,5208,546000.0,10,,5000.0,96.01,new
20MICRONS,EQ,2026-09-04,218.91,224.9,216.5,222.49,222.95,217.82,174812,38639000.0,4145,,82174.0,47.01,new
21STCENMGM,EQ,2026-09-04,38.49,38.7,37.36,38.13,38.0,38.1,2056,78000.0,44,,1530.0,74.42,new
360ONE,EQ,2026-09-04,1149.1,1156.1,1127.1,1137.0,1137.0,1155.0,603451,688260000.0,32281,,311039.0,51.54,new
3BBLACKBIO,EQ,2026-09-04,1508.5,1513.9,1411.2,1460.1,1476.2,1486.2,19626,28418000.0,2351,,8828.0,44.98,new
3IINFOLTD,BE,2026-09-04,21.99,22.5,21.99,22.37,22.4,21.79,161133,3600000.0,591,,,,new
3MINDIA,EQ,2026-09-04,32730.0,32965.0,32680.0,32845.0,32955.0,32820.0,932,30563000.0,600,,556.0,59.66,new
3PLAND,EQ,2026-09-04,32.3,32.45,30.75,32.39,32.39,32.45,11543,365000.0,223,,7898.0,68.42,new
574GS2026,GS,2026-09-04,101.95,101.95,101.95,101.95,101.95,101.05,1,0.0,1,,1.0,100.0,new
585GS2030,GS,2026-09-04,98.5,98.5,98.5,98.5,98.5,94.09,501,49000.0,2,,501.0,100.0,new
591GS2028,GS,2026-09-04,100.05,100.7,100.0,100.69,100.0,99.78,15340,1544000.0,6,,15218.0,99.2,new
5PAISA,EQ,2026-09-04,342.45,367.9,336.35,342.1,341.8,342.45,258086,90740000.0,7643,,65965.0,25.56,new
601GS2030,GS,2026-09-04,98.5,98.5,98.5,98.5,98.5,99.0,19,2000.0,1,,19.0,100.0,new
603GS2029,GS,2026-09-04,100.47,100.47,100.47,100.47,100.47,98.5,100,10000.0,1,,100.0,100.0,new
610GS2031,GS,2026-09-04,97.0,97.0,97.0,97.0,97.0,99.99,200,19000.0,1,,200.0,100.0,new
620GS2029,GS,2026-09-04,100.2,100.2,100.2,100.2,100.2,99.75,7000,701000.0,1,,7000.0,100.0,new
633GS2035,GS,2026-09-04,99.2,99.3,99.2,99.3,99.3,99.3,199,20000.0,2,,199.0,100.0,new
63MOONS,EQ,2026-09-04,867.95,903.0,853.3,876.5,875.0,851.25,1136718,1003550000.0,41951,,478314.0,42.08,new
648GS2035,GS,2026-09-04,100.0,100.0,100.0,100.0,100.0,100.0,10,1000.0,1,,10.0,100.0,new
654GS2032,GS,2026-09-04,100.0,100.16,100.0,100.16,100.16,100.0,17692,1770000.0,10,,17692.0,100.0,new
664GS2027,GS,2026-09-04,101.2,101.2,101.2,101.2,101.2,101.4,100,10000.0,1,,100.0,100.0,new
667GS2035,GS,2026-09-04,100.2,100.2,100.2,100.2,100.2,104.0,799,80000.0,1,,799.0,100.0,new
667GS2050,GS,2026-09-04,93.0,93.0,93.0,93.0,93.0,92.5,1,0.0,1,,1.0,100.0,new
668GS2033,GS,2026-09-04,98.66,100.0,98.66,100.0,100.0,100.0,300,30000.0,3,,200.0,66.67,new
668GS2040,GS,2026-09-04,98.5,98.5,97.8,97.8,97.8,97.68,20102,1966000.0,2,,20102.0,100.0,new
676GS2061,GS,2026-09-04,90.67,90.67,90.55,90.65,90.67,90.26,3797,344000.0,15,,3797.0,100.0,new
679GS2031,GS,2026-09-04,101.5,101.5,100.5,100.5,100.5,101.0,110,11000.0,2,,110.0,100.0,new
679GS2034A,GS,2026-09-04,99.93,99.93,99.93,99.93,99.93,99.88,199,20000.0,1,,199.0,100.0,new
68GS2060,GS,2026-09-04,91.0,91.0,91.0,91.0,91.0,91.45,990,90000.0,3,,990.0,100.0,new
690GS2065,GS,2026-09-04,93.99,93.99,93.7,93.74,93.7,93.29,17185,1612000.0,19,,15185.0,88.36,new
692GS2039,GS,2026-09-04,97.02,97.02,97.02,97.02,97.02,99.0,500,49000.0,1,,500.0,100.0,new
694GS2036,GS,2026-09-04,103.13,103.13,102.2,102.2,102.2,102.11,108,11000.0,2,,108.0,100.0,new
695GS2061,GS,2026-09-04,94.0,94.7,94.0,94.7,94.7,94.0,2,0.0,2,,1.0,50.0,new
702GS2027,GS,2026-09-04,102.0,102.0,102.0,102.0,102.0,103.0,100,10000.0,1,,100.0,100.0,new
704GS2029,GS,2026-09-04,103.0,103.0,103.0,103.0,103.0,103.0,100,10000.0,1,,100.0,100.0,new
706GS2028,GS,2026-09-04,104.0,104.35,104.0,104.32,104.2,104.2,16100,1679000.0,5,,16100.0,100.0,new
706GS2041,GS,2026-09-04,101.0,101.0,100.15,100.15,100.15,100.5,3990,401999.99999999994,3,,3990.0,100.0,new
709GS2054,GS,2026-09-04,95.95,96.0,95.6,95.98,95.98,95.7,12308,1181000.0,10,,7308.0,59.38,new
709GS2074,GS,2026-09-04,95.6,95.8,95.6,95.6,95.6,95.41,1551,148000.0,5,,1551.0,100.0,new
710GS2029,GS,2026-09-04,103.26,104.0,103.26,104.0,104.0,104.39,1089,112999.99999999999,3,,1089.0,100.0,new
716GS2050,GS,2026-09-04,102.0,102.0,102.0,102.0,102.0,102.0,15,2000.0,1,,15.0,100.0,new
717GS2030,GS,2026-09-04,103.81,103.81,103.81,103.81,103.81,103.8,10000,1038000.0000000001,3,,10000.0,100.0,new
718GS2033,GS,2026-09-04,101.97,101.97,101.97,101.97,101.97,103.0,100,10000.0,1,,100.0,100.0,new
718GS2037,GS,2026-09-04,102.53,103.0,102.0,102.8,102.8,102.53,38273,3922000.0,36,,37769.0,98.68,new
719GS2060,GS,2026-09-04,99.6,99.6,99.6,99.6,99.6,99.02,25,2000.0,1,,25.0,100.0,new
723GS2039,GS,2026-09-04,104.58,104.58,104.58,104.58,104.58,104.58,100,10000.0,1,,100.0,100.0,new
724GS2055,GS,2026-09-04,97.4,97.4,96.8,96.82,96.84,97.3,16037,1554000.0,55,,15532.0,96.85,new
725GS2063,GS,2026-09-04,96.86,97.14,96.71,96.98,96.97,96.83,266232,25814999.999999996,150,,264071.0,99.19,new
726GS2032,GS,2026-09-04,103.0,103.4,102.75,103.4,103.4,103.05,2400,247000.00000000003,4,,2400.0,100.0,new
726GS2033,GS,2026-09-04,103.25,103.25,103.25,103.25,103.25,102.55,1600,165000.0,2,,1600.0,100.0,new
732GS2030,GS,2026-09-04,103.61,104.0,103.61,104.0,104.0,102.57,200,21000.0,2,,100.0,50.0,new
733GS2026,GS,2026-09-04,102.11,102.11,102.11,102.11,102.11,102.11,200,20000.0,2,,200.0,100.0,new
734GS2064,GS,2026-09-04,99.48,99.48,98.6,98.85,98.85,98.88,127566,12620000.0,95,,127564.0,100.0,new
736GS2052,GS,2026-09-04,101.0,101.35,101.0,101.15,101.15,101.5,31009,3139000.0,33,,31009.0,100.0,new
737GS2028,GS,2026-09-04,104.3,106.58,104.3,106.47,106.58,106.58,3575,380000.0,7,,3575.0,100.0,new
738GS2027,GS,2026-09-04,102.63,102.75,102.62,102.62,102.62,102.56,29686,3047000.0,19,,29686.0,100.0,new
73GS2053,GS,2026-09-04,98.85,98.85,98.78,98.85,98.85,98.77,54492,5385000.0,29,,54492.0,100.0,new
741GS2036,GS,2026-09-04,104.95,105.1,104.6,105.0,105.0,104.99,2022,212000.0,11,,2009.0,99.36,new
743GS2076,GS,2026-09-04,99.75,99.89,99.51,99.83,99.85,99.75,14967,1494000.0,37,,14958.0,99.94,new
746GS2073,GS,2026-09-04,100.55,101.5,100.48,101.5,101.5,101.49,101,10000.0,4,,101.0,100.0,new
74GS2062,GS,2026-09-04,103.0,103.0,100.11,103.0,103.0,103.98,502,50000.0,3,,502.0,100.0,new
750GS2056,GS,2026-09-04,100.55,102.25,100.55,102.24,102.25,101.57,4412,451000.0,9,,4412.0,100.0,new
754GS2036,GS,2026-09-04,106.05,106.25,106.05,106.18,106.25,106.14,379689,40313000.0,179,,370889.0,97.68,new
771GS2066,GS,2026-09-04,103.8,103.95,103.6,103.66,103.65,103.9,129820,13466000.0,53,,119995.0,92.43,new
795GS2032,GS,2026-09-04,106.4,106.4,106.4,106.4,106.4,104.86,200,21000.0,1,,200.0,100.0,new
824GS2027,GS,2026-09-04,101.75,101.75,101.7,101.7,101.7,103.6,615,63000.0,6,,615.0,100.0,new
824GS2033,GS,2026-09-04,108.46,108.46,108.46,108.46,108.46,109.75,2000,217000.0,2,,2000.0,100.0,new
832GS2032,GS,2026-09-04,107.0,110.0,107.0,107.01,107.01,106.94,202,22000.0,3,,101.0,50.0,new
897GS2030,GS,2026-09-04,112.98,113.0,112.0,112.5,112.5,111.5,13236,1491000.0,16,,12236.0,92.44,new
92GS2030,GS,2026-09-04,118.38,118.38,115.0,115.25,115.25,115.5,18736,2159000.0,19,,18736.0,100.0,new
A2ZINFRA,EQ,2026-09-04,15.98,16.24,15.33,15.61,15.74,15.98,308540,4824000.0,740,,177213.0,57.44,new
AAATECH,EQ,2026-09-04,93.17,93.99,91.1,91.74,91.46,93.17,11314,1040000.0,369,,7014.0,61.99,new
AADHARHFC,EQ,2026-09-04,478.7,488.0,477.7,483.55,485.0,478.65,197998,95642000.0,10142,,99282.0,50.14,new
AAKAAR,SM,2026-09-04,61.3,62.9,61.3,62.7,62.7,63.0,11200,699000.0,6,,9600.0,85.71,new
AAKASH,EQ,2026-09-04,8.88,8.89,8.69,8.75,8.8,8.77,139620,1224000.0,248,,104008.0,74.49,new
AARADHYA,SM,2026-09-04,97.0,110.8,97.0,110.8,110.8,100.75,398400,41959000.0,83,,386400.0,96.99,new
AAREYDRUGS,EQ,2026-09-04,96.0,96.99,93.55,95.79,96.0,94.44,109417,10431000.0,828,,83192.0,76.03,new
AARNAV,BE,2026-09-04,32.22,32.95,32.1,32.17,32.1,32.22,2300,75000.0,21,,,,new
AARON,EQ,2026-09-04,131.0,131.0,127.0,128.45,128.0,128.98,4376,561000.0,191,,3242.0,74.09,new
AARTECH,BE,2026-09-04,49.5,49.5,48.5,48.64,48.5,49.16,13250,647000.0,74,,,,new
AARTIDRUGS,EQ,2026-09-04,429.25,443.75,426.2,431.65,435.0,425.85,250307,109110999.99999999,8751,,115447.0,46.12,new
AARTIIND,EQ,2026-09-04,503.6,509.9,490.0,492.05,493.25,501.9,767774,381121000.0,23817,,373615.0,48.66,new
AARTIPHARM,EQ,2026-09-04,872.0,879.75,854.1,858.8,856.25,868.1,463265,399406000.0,19523,,244056.0,52.68,new
AARTISURF,BE,2026-09-04,549.9,554.9,540.0,548.5,550.9,544.25,9195,5029000.0,319,,,,new
AARVI,EQ,2026-09-04,139.61,143.96,139.61,141.92,141.15,141.35,7773,1106000.0,345,,5592.0,71.94,new
AASTHA,EQ,2026-09-04,79.56,80.87,77.92,78.12,78.3,80.05,228188,17965000.0,1615,,119342.0,52.3,new
AATMAJ,SM,2026-09-04,18.25,18.25,18.25,18.25,18.25,18.25,2000,37000.0,1,,2000.0,100.0,new
AAVAS,EQ,2026-09-04,1298.3,1318.0,1298.3,1304.2,1307.0,1297.8,60456,79038000.0,8307,,30079.0,49.75,new
ABAN,BE,2026-09-04,14.9,15.05,14.49,14.99,14.98,14.78,36824,542000.0,279,,,,new
ABANSENT,EQ,2026-09-04,28.4,28.4,27.2,27.86,27.5,27.45,6398,176000.0,107,,5563.0,86.95,new
ABB,EQ,2026-09-04,7445.5,7470.0,7376.0,7410.0,7410.0,7432.0,150500,1116516000.0,18754,,82551.0,54.85,new
ABBOTINDIA,EQ,2026-09-04,25945.0,26365.0,25810.0,26065.0,26090.0,25945.0,8803,229246000.0,3571,,3882.0,44.1,new
ABCAPITAL,EQ,2026-09-04,400.2,407.4,400.2,404.9,404.9,402.0,2167785,876958000.0,34690,,1118270.0,51.59,new
ABCOTS,EQ,2026-09-04,209.7,217.99,206.3,208.15,207.0,207.46,4500,944000.0,298,,2407.0,53.49,new
ABDL,EQ,2026-09-04,603.25,614.15,603.25,609.95,606.2,609.4,114222,69676000.0,5160,,64248.0,56.25,new
ABFRL,EQ,2026-09-04,50.76,53.5,50.45,52.97,53.07,50.41,8157673,426910000.00000006,38913,,2731691.0,33.49,new
ABGSEC,EQ,2026-09-04,114.94,114.94,113.54,113.58,113.58,114.33,104,12000.0,22,,75.0,72.12,new
ABH,ST,2026-09-04,80.7,80.7,80.7,80.7,80.7,84.9,138000,11137000.0,68,,136800.0,99.13,new
ABHAPOWER,SM,2026-09-04,24.0,24.75,23.1,24.6,24.5,23.95,24000,571000.0,15,,20800.0,86.67,new
ABINFRA,BE,2026-09-04,11.15,11.59,10.95,11.35,11.5,11.18,234755,2613000.0,399,,,,new
ABLBL,EQ,2026-09-04,84.18,86.9,83.72,86.07,86.25,83.49,852050,72950000.0,12676,,358640.0,42.09,new
ABMINTLLTD,BE,2026-09-04,55.86,55.86,55.86,55.86,55.86,57.0,338,19000.0,9,,,,new
ABMKNO,EQ,2026-09-04,193.6,193.6,188.0,189.9,189.9,188.0,556,105000.0,14,,504.0,90.65,new
ABREL,EQ,2026-09-04,1376.9,1400.9,1362.5,1373.6,1372.0,1376.9,68679,94708000.0,9841,,24660.0,35.91,new
ABSL10BANK,EQ,2026-09-04,168.16,170.5,165.14,168.65,165.14,168.15,156,26000.0,21,,51.0,32.69,new
ABSLAMC,EQ,2026-09-04,1047.7,1065.0,1036.1,1062.3,1064.0,1045.2,127937,134726000.0,11137,,65493.0,51.19,new
ABSLBANETF,EQ,2026-09-04,59.05,59.26,58.85,59.06,58.85,59.05,61627,3638000.0000000005,306,,50628.0,82.15,new
ABSLLIQUID,EQ,2026-09-04,1000.0,1000.01,999.99,1000.0,1000.0,999.99,1302,1302000.0,18,,1048.0,80.49,new
ABSLMSCIN,EQ,2026-09-04,29.79,29.85,29.31,29.44,29.44,29.5,1070,32000.0,28,,797.0,74.49,new
ABSLNN50ET,EQ,2026-09-04,77.99,77.99,76.9,77.08,77.08,77.01,6022,465000.00000000006,182,,3774.0,62.67,new
ABSLPSE,EQ,2026-09-04,10.17,10.2,10.11,10.18,10.2,10.11,110576,1124000.0,342,,98011.0,88.64,new
ABSMARINE,SM,2026-09-04,314.8,344.0,312.0,337.9,338.8,307.15,343500,114434999.99999999,558,,235000.0,68.41,new
ACC,EQ,2026-09-04,1277.0,1289.3,1272.0,1283.8,1287.0,1272.0,101446,129978000.0,6445,,50737.0,50.01,new
ACCELYA,EQ,2026-09-04,1130.7,1139.2,1125.7,1131.0,1133.0,1129.6,2359,2668000.0,358,,1637.0,69.39,new
ACCENTMIC,SM,2026-09-04,612.0,619.0,608.7,617.8,619.0,607.4,56500,34771000.0,97,,26000.0,46.02,new
ACCORD,ST,2026-09-04,188.45,188.45,188.45,188.45,188.45,198.35,2000,377000.0,1,,2000.0,100.0,new
ACCPL,ST,2026-09-04,202.0,202.0,200.0,200.0,200.0,202.0,13200,2660000.0,9,,13200.0,100.0,new
ACCURACY,BE,2026-09-04,4.27,4.34,4.27,4.31,4.33,4.22,25313,109000.00000000001,142,,,,new
ACE,EQ,2026-09-04,1148.4,1189.0,1117.1,1125.4,1127.0,1145.5,557111,645286000.0,33114,,205879.0,36.95,new
ACEINTEG,EQ,2026-09-04,17.4,18.7,17.29,17.83,18.4,17.02,17975,325000.0,166,,10948.0,60.91,new
ACETEC,SM,2026-09-04,139.0,139.0,139.0,139.0,139.0,139.0,1200,167000.0,1,,1200.0,100.0,new
ACGL,EQ,2026-09-04,1799.8,1842.9,1761.8,1797.6,1839.0,1790.9,616,1105000.0,105,,394.0,63.96,new
ACI,EQ,2026-09-04,501.0,512.7,495.0,504.2,501.35,495.2,640010,322553000.0,31200,,273447.0,42.73,new
ACL,EQ,2026-09-04,43.58,43.59,43.0,43.36,43.59,43.58,18265,790000.0,274,,13792.0,75.51,new
ACMESOLAR,EQ,2026-09-04,402.9,430.5,399.55,418.0,419.0,401.9,6203953,2589885000.0,110173,,2000296.0,32.24,new
ACSTECH,BE,2026-09-04,51.9,52.0,51.0,51.83,51.8,50.69,124987,6427000.0,235,,,,new
ACUTAAS,EQ,2026-09-04,3211.1,3228.8,3156.3,3168.5,3169.0,3201.0,149850,476850000.0,21292,,90069.0,60.11,new
ADANIENSOL,EQ,2026-09-04,1385.6,1412.7,1376.7,1409.6,1409.6,1385.7,1386991,1946073000.0,34134,,620353.0,44.73,new
ADANIENT,EQ,2026-09-04,2900.0,2965.0,2882.8,2938.0,2938.0,2901.0,1060844,3113053000.0,45143,,346901.0,32.7,new
ADANIGREEN,EQ,2026-09-04,1288.0,1304.5,1278.2,1301.3,1301.3,1283.4,768437,996145000.0000001,25762,,277347.0,36.09,new
ADANIPORTS,EQ,2026-09-04,1699.9,1716.9,1692.4,1707.3,1707.3,1706.5,1281968,2188911000.0,43769,,753346.0,58.76,new
ADANIPOWER,EQ,2026-09-04,208.29,208.99,206.75,207.2,207.2,208.29,9328145,1936433000.0000002,49319,,3318652.0,35.58,new
ADDICTIVE,SM,2026-09-04,43.0,44.75,43.0,43.3,43.0,43.0,8500,370000.0,13,,8500.0,100.0,new
ADDIND,EQ,2026-09-04,81.55,83.68,79.0,79.34,79.0,76.69,486,39000.0,34,,319.0,65.64,new
ADFFOODS,EQ,2026-09-04,267.5,269.15,262.4,264.8,266.85,267.5,78833,20905000.0,2557,,38525.0,48.87,new
ADISOFT,SM,2026-09-04,199.0,208.0,199.0,206.25,204.55,200.0,49600,10137000.0,60,,43200.0,87.1,new
ADL,EQ,2026-09-04,75.0,75.0,71.0,72.0,72.0,72.79,757,55000.00000000001,24,,520.0,68.69,new
ADOR,EQ,2026-09-04,1720.0,1731.0,1662.2,1674.4,1674.0,1714.6,26990,45410000.0,3997,,14544.0,53.89,new
ADROITINFO,EQ,2026-09-04,10.2,10.6,10.2,10.31,10.3,10.31,10874,112999.99999999999,82,,8809.0,81.01,new
ADSL,EQ,2026-09-04,105.24,105.72,103.5,104.13,104.49,104.85,63640,6645999.999999999,1471,,31961.0,50.22,new
ADVAIT,EQ,2026-09-04,2230.0,2244.9,2136.0,2151.3,2165.0,2210.9,66736,145660000.0,8813,,33378.0,50.01,new
ADVANCE,EQ,2026-09-04,119.75,119.76,116.86,117.43,118.09,118.53,118344,13966999.999999998,1046,,80075.0,67.66,new
ADVANIHOTR,EQ,2026-09-04,49.25,49.99,49.0,49.45,49.27,49.18,22126,1092000.0,327,,16474.0,74.46,new
ADVENTHTL,EQ,2026-09-04,135.25,135.7,132.81,134.57,134.1,134.98,78410,10517000.0,1234,,49285.0,62.86,new
ADVENZYMES,EQ,2026-09-04,297.1,300.8,292.1,293.2,293.8,296.0,257142,76201000.0,3866,,151360.0,58.86,new
ADVIKCA,EQ,2026-09-04,1.15,1.16,1.11,1.12,1.14,1.13,329513,373000.0,336,,230445.0,69.94,new
AEGISLOG,EQ,2026-09-04,1288.1,1327.3,1265.0,1270.2,1270.0,1287.2,665965,861115000.0,35153,,255280.0,38.33,new
AEGISVOPAK,EQ,2026-09-04,286.5,294.1,283.1,284.5,284.0,286.85,788218,226886000.0,17726,,330990.0,41.99,new
AEPL,EQ,2026-09-04,16.81,18.2,16.0,17.5,17.31,17.09,170886,2989000.0,888,,86698.0,50.73,new
AEQUS,EQ,2026-09-04,247.9,249.0,241.0,242.18,241.0,247.23,1802739,439027000.00000006,29668,,964333.0,53.49,new
AEROENTER,EQ,2026-09-04,143.88,145.19,140.2,141.81,144.0,142.86,477542,67997000.0,4185,,240198.0,50.3,new
AEROFLEX,EQ,2026-09-04,544.0,552.95,527.1,537.45,539.65,542.15,1026759,554443000.0,25542,,335625.0,32.69,new
AERON,SM,2026-09-04,78.8,83.0,78.8,83.0,83.0,78.8,25000,2039000.0,23,,23000.0,92.0,new
AERONEU,EQ,2026-09-04,78.25,87.7,77.71,80.57,79.89,78.99,80348,6548999.999999999,1953,,11703.0,14.57,new
AEROPLANE,EQ,2026-09-04,188.0,197.0,187.15,194.29,196.2,188.07,724408,139871000.0,9550,,386737.0,53.39,new
AESTHETIK,SM,2026-09-04,69.0,69.9,68.7,69.8,69.75,70.0,6000,416000.0,6,,3000.0,50.0,new
AETHER,EQ,2026-09-04,1660.1,1666.3,1614.3,1625.6,1625.0,1654.7,205632,336102000.0,21619,,107979.0,52.51,new
AFCONS,EQ,2026-09-04,295.05,297.4,291.35,292.8,292.0,294.7,400459,117672000.0,15773,,210521.0,52.57,new
AFFLE,EQ,2026-09-04,1529.0,1645.0,1521.0,1616.5,1626.0,1519.2,3213241,5160547000.0,162220,,585581.0,18.22,new
AFFORDABLE,EQ,2026-09-04,164.93,164.93,155.15,157.47,161.49,159.68,21622,3443000.0,547,,15416.0,71.3,new
AFIL,EQ,2026-09-04,9.5,9.54,9.19,9.22,9.25,9.31,579665,5389000.0,493,,463317.0,79.93,new
AFSL,EQ,2026-09-04,211.8,211.8,201.3,202.07,202.0,208.77,9724,1982000.0,258,,8155.0,83.86,new
AGARIND,EQ,2026-09-04,441.45,455.0,440.0,450.8,452.9,440.5,56050,24999000.0,2486,,30978.0,55.27,new
AGARWALEYE,EQ,2026-09-04,511.6,515.95,507.8,514.1,514.65,511.45,81568,41780000.0,5450,,41799.0,51.24,new
AGARWALTUF,SM,2026-09-04,138.45,140.9,137.75,140.6,140.4,136.3,48000,6639000.0,33,,38400.0,80.0,new
AGI,EQ,2026-09-04,746.5,753.9,731.25,735.25,732.5,742.2,98049,72591000.0,4203,,52188.0,53.23,new
AGIIL,EQ,2026-09-04,279.0,284.9,277.75,283.7,284.4,278.3,261176,73462000.0,2813,,121779.0,46.63,new
AGL,EQ,2026-09-04,13.61,13.97,13.61,13.65,13.66,13.66,978529,13476000.0,2387,,548261.0,56.03,new
AGRITECH,EQ,2026-09-04,101.1,103.8,99.85,101.21,101.0,101.1,3474,349000.0,94,,2959.0,85.18,new
AGROPHOS,EQ,2026-09-04,26.19,26.89,25.5,25.77,26.24,26.19,12923,335000.0,175,,10375.0,80.28,new
AGSTRA,BZ,2026-09-04,2.0,2.02,1.91,1.99,2.0,1.98,146893,289000.0,249,,,,new
AHCL,EQ,2026-09-04,15.68,15.89,15.54,15.68,15.73,15.6,2049674,32181000.0,2391,,962104.0,46.94,new
AHIMSA,ST,2026-09-04,25.75,25.75,25.75,25.75,25.75,25.8,231000,5948000.0,2,,231000.0,100.0,new
AHLADA,EQ,2026-09-04,36.51,38.5,35.51,37.29,37.0,37.51,11371,420000.0,178,,8186.0,71.99,new
AHLEAST,EQ,2026-09-04,135.05,139.0,135.0,136.51,137.89,135.86,987,135000.0,46,,182.0,18.44,new
AHLUCONT,EQ,2026-09-04,599.9,611.9,592.6,599.05,600.0,595.45,225666,135319000.0,9251,,148758.0,65.92,new
AHLWEST,BE,2026-09-04,511.25,530.9,487.0,530.85,530.9,512.05,442,231000.0,21,,,,new
AIAENG,EQ,2026-09-04,4250.0,4272.4,4206.0,4231.2,4211.0,4272.4,117943,501325000.0,5899,,107862.0,91.45,new
AIIL,EQ,2026-09-04,521.9,528.0,518.0,519.9,518.5,519.05,145614,76064000.0,9105,,71404.0,49.04,new
AILIMITED,SM,2026-09-04,22.25,22.25,22.25,22.25,22.25,21.25,9000,200000.0,3,,9000.0,100.0,new
AIMTRON,SM,2026-09-04,1631.9,1631.9,1579.0,1582.6,1579.0,1620.35,18600,29720000.0,86,,15200.0,81.72,new
AIRAN,EQ,2026-09-04,15.13,15.55,14.9,15.44,15.54,14.8,208770,3213000.0000000005,843,,159101.0,76.21,new
AIROLAM,EQ,2026-09-04,88.0,88.0,86.21,86.46,86.21,86.34,797,69000.0,28,,625.0,78.42,new
AISL,SM,2026-09-04,59.95,59.95,55.9,59.95,59.95,57.1,45000,2690000.0,44,,42000.0,93.33,new
AJANTPHARM,EQ,2026-09-04,3503.5,3521.1,3455.3,3464.8,3460.1,3521.1,65346,227242000.0,10255,,41013.0,62.76,new
AJAXENGG,EQ,2026-09-04,577.0,588.0,571.0,582.45,583.0,579.75,74192,43093000.0,9241,,35477.0,47.82,new
AJMERA,EQ,2026-09-04,116.0,121.0,116.0,117.76,117.5,115.45,443302,52557000.00000001,6461,,219201.0,49.45,new
AJOONI,EQ,2026-09-04,3.73,3.76,3.68,3.71,3.73,3.71,147021,546000.0,290,,99004.0,67.34,new
AKANKSHA,SM,2026-09-04,130.25,136.7,127.25,136.7,136.7,130.2,55000,7386000.0,41,,46000.0,83.64,new
AKASH,EQ,2026-09-04,25.1,25.97,24.67,25.6,25.64,24.92,5520,140000.0,46,,3830.0,69.38,new
AKCAPIT,EQ,2026-09-04,1698.9,1740.0,1684.2,1736.9,1740.0,1697.4,674,1163000.0,128,,569.0,84.42,new
AKG,EQ,2026-09-04,9.4,9.79,9.2,9.59,9.36,9.34,37356,350000.0,149,,28005.0,74.97,new
AKI,EQ,2026-09-04,7.22,7.22,7.22,7.22,7.22,6.57,258805,1869000.0000000002,113,,258795.0,100.0,new
AKIKO,SM,2026-09-04,398.05,419.0,398.05,416.15,419.0,404.0,27200,11153000.0,26,,24000.0,88.24,new
AKSHAR,EQ,2026-09-04,0.42,0.44,0.42,0.42,0.43,0.42,1110421,474000.0,300,,673032.0,60.61,new
AKSHARCHEM,BE,2026-09-04,445.2,445.2,402.8,444.85,445.2,424.0,70539,30166000.000000004,959,,,,new
AKSHOPTFBR,BE,2026-09-04,6.99,7.43,6.99,7.43,7.43,7.08,227194,1661000.0,287,,,,new
AKUMS,EQ,2026-09-04,784.4,785.0,748.35,765.75,764.8,780.55,338753,257909000.0,21239,,174108.0,51.4,new
ALANKIT,EQ,2026-09-04,8.05,8.19,7.95,8.14,8.15,8.02,76587,620000.0,507,,62157.0,81.16,new
ALBERTDAVD,EQ,2026-09-04,876.9,878.0,851.6,860.25,869.9,870.15,3339,2877000.0,357,,2621.0,78.5,new
ALCODIS,SM,2026-09-04,65.05,70.75,65.05,68.4,70.75,71.85,4375,295000.0,6,,1875.0,42.86,new
ALEMBICLTD,EQ,2026-09-04,111.6,114.8,109.81,111.41,111.7,109.51,5309246,597581000.0,39669,,1212344.0,22.83,new
ALFREDHE,EQ,2026-09-04,2898.0,2900.0,2810.0,2898.9,2898.9,2898.3,23,65000.0,9,,21.0,91.3,new
ALGOQUANT,EQ,2026-09-04,64.27,64.89,64.03,64.5,64.19,64.27,1132524,72908000.0,2150,,325408.0,28.73,new
ALICON,EQ,2026-09-04,685.25,691.0,667.55,684.2,691.0,684.55,12867,8746000.0,969,,6375.0,49.55,new
ALIVUS,EQ,2026-09-04,1418.9,1446.9,1356.4,1366.3,1369.9,1418.8,169642,235034000.0,15579,,82218.0,48.47,new
ALKALI,BE,2026-09-04,66.5,68.85,65.25,65.55,65.55,66.52,5638,380000.0,57,,,,new
ALKEM,EQ,2026-09-04,5190.0,5210.5,5130.0,5190.0,5190.0,5193.0,63261,327424000.0,10154,,34555.0,54.62,new
ALKYLAMINE,EQ,2026-09-04,1999.0,2068.1,1999.0,2020.9,2026.0,2003.2,97864,198999000.0,14308,,27276.0,27.87,new
ALLCARGO,EQ,2026-09-04,12.77,12.77,12.22,12.44,12.43,12.51,12711642,158348000.0,12649,,3213553.0,25.28,new
ALLDIGI,EQ,2026-09-04,805.6,810.0,797.0,805.85,803.85,801.65,2586,2080999.9999999998,302,,1508.0,58.31,new
ALLETEC,SM,2026-09-04,135.9,137.65,135.9,137.25,137.3,133.25,22400,3068000.0,43,,21600.0,96.43,new
ALLTIME,EQ,2026-09-04,201.97,210.0,200.5,206.08,206.45,199.78,171524,35356000.0,4261,,89913.0,52.42,new
ALMONDZ,EQ,2026-09-04,17.8,18.09,17.52,17.89,18.0,17.66,302678,5397000.0,613,,194833.0,64.37,new
ALOKINDS,EQ,2026-09-04,7.56,8.28,7.54,7.83,7.86,7.53,65791332,524705000.0,32342,,23508679.0,35.73,new
ALPA,EQ,2026-09-04,64.0,64.0,61.5,62.71,62.05,63.3,9194,578000.0,161,,5974.0,64.98,new
ALPEXSOLAR,SM,2026-09-04,877.65,905.0,864.95,889.3,890.0,877.75,101900,90475000.0,617,,74600.0,73.21,new
ALPHA,EQ,2026-09-04,54.35,54.41,54.01,54.16,54.2,54.27,667379,36187000.0,2029,,530893.0,79.55,new
ALPHAETF,EQ,2026-09-04,26.5,26.71,26.49,26.58,26.62,26.52,481962,12827000.000000002,696,,322763.0,66.97,new
ALPHAGEO,BE,2026-09-04,321.7,329.8,317.1,323.85,324.9,315.0,15099,4880000.0,388,,,,new
ALPINETEX,EQ,2026-09-04,57.6,58.95,55.6,57.76,57.88,57.17,337604,19260000.0,3446,,141040.0,41.78,new
ALPL30IETF,EQ,2026-09-04,27.85,27.85,27.5,27.59,27.65,27.76,473904,13088000.0,1194,,331228.0,69.89,new
ALUFLUOR,EQ,2026-09-04,505.0,505.0,496.05,499.05,498.6,502.15,4229,2116000.0,162,,3668.0,86.73,new
ALUWIND,SM,2026-09-04,48.5,49.4,47.55,49.2,49.2,48.5,9000,438000.0,6,,7500.0,83.33,new
AMAGI,EQ,2026-09-04,566.85,570.0,555.3,563.3,565.2,562.35,183462,103217000.0,6580,,77004.0,41.97,new
AMAL,EQ,2026-09-04,748.0,756.7,735.0,743.2,756.4,749.8,4940,3672999.9999999995,369,,3843.0,77.79,new
AMANTA,BE,2026-09-04,194.03,194.03,194.03,194.03,194.03,190.23,11335,2199000.0,28,,,,new
AMARJOTHI,EQ,2026-09-04,159.0,164.68,158.0,160.94,162.39,158.81,9739,1571000.0,85,,4886.0,50.17,new
AMBAAUTO,SM,2026-09-04,113.9,113.9,109.55,110.5,110.5,109.55,126000,14016999.999999998,15,,114000.0,90.48,new
AMBALALSA,BE,2026-09-04,43.67,45.6,42.8,43.73,43.5,43.67,39962,1760000.0000000002,185,,,,new
AMBER,EQ,2026-09-04,7428.0,7524.0,7380.0,7474.0,7474.0,7410.0,128335,958774000.0,19991,,54205.0,42.24,new
AMBICAAGAR,EQ,2026-09-04,27.69,28.35,25.54,27.21,26.06,26.33,520846,14247000.0,1482,,173682.0,33.35,new
AMBIKCO,EQ,2026-09-04,1649.9,1650.0,1624.3,1639.1,1638.0,1634.7,5906,9679000.0,825,,3127.0,52.95,new
AMBUJACEM,EQ,2026-09-04,404.95,408.2,404.25,405.0,405.0,405.0,807422,327743000.0,13152,,327098.0,40.51,new
AMCL,SM,2026-09-04,357.0,370.0,357.0,370.0,370.0,363.5,1600,584000.0,4,,1600.0,100.0,new
AMDIND,EQ,2026-09-04,58.0,61.75,58.0,60.32,60.3,58.51,73559,4471000.0,950,,44813.0,60.92,new
AMEYA,SM,2026-09-04,107.15,107.15,107.15,107.15,107.15,107.15,2000,214000.0,1,,2000.0,100.0,new
AMJLAND,EQ,2026-09-04,39.79,39.92,38.63,39.47,39.65,39.6,3541,139000.0,119,,3059.0,86.39,new
AMNPLST,EQ,2026-09-04,179.95,179.95,172.8,172.89,172.8,176.07,5639,984000.0,291,,4372.0,77.53,new
AMRUTANJAN,EQ,2026-09-04,509.0,516.0,500.1,505.45,502.0,507.35,41069,20742000.0,1038,,19454.0,47.37,new
ANANDRATHI,EQ,2026-09-04,2213.0,2224.0,2201.0,2215.9,2215.0,2205.3,119776,265196999.99999997,13636,,71259.0,59.49,new
ANANTAM,IV,2026-09-04,106.0,106.39,105.66,106.0,106.0,106.0,13503,1431000.0,87,,13004.0,96.3,new
ANANTRAJ,EQ,2026-09-04,633.0,646.4,622.1,625.45,625.3,628.3,4215356,2673086000.0,66431,,907304.0,21.52,new
ANAWIL,SM,2026-09-04,379.8,393.9,369.0,382.4,380.0,382.5,308800,117414000.00000001,655,,164000.0,53.11,new
ANDHRAPAP,EQ,2026-09-04,63.8,64.98,62.22,64.45,63.9,63.29,342517,21883000.0,2631,,171571.0,50.09,new
ANDHRSUGAR,EQ,2026-09-04,102.19,102.71,98.75,99.51,99.5,101.29,477164,47824000.0,5143,,241148.0,50.54,new
ANDREWYU,EQ,2026-09-04,28.0,28.5,27.79,27.93,28.0,27.98,42562,1198000.0,286,,31163.0,73.22,new
ANGELONE,EQ,2026-09-04,295.1,308.35,294.75,299.8,299.8,286.0,29274355,8825066000.0,175151,,5953130.0,20.34,new
ANIKINDS,EQ,2026-09-04,45.2,46.95,45.0,45.0,45.6,44.99,2038,93000.0,35,,1329.0,65.21,new
ANKITMETAL,BZ,2026-09-04,1.69,1.7,1.66,1.7,1.7,1.69,6585,11000.0,27,,,,new
ANLON,SM,2026-09-04,658.0,673.95,658.0,670.0,670.0,658.0,6800,4543000.0,16,,6000.0,88.24,new
ANMOL,EQ,2026-09-04,10.0,10.2,9.7,10.08,10.16,10.04,48326,484999.99999999994,241,,36174.0,74.85,new
ANNAPURNA,EQ,2026-09-04,151.45,151.45,139.0,140.2,140.01,147.78,96996,13774000.0,1165,,65040.0,67.05,new
ANNU,BE,2026-09-04,68.23,69.0,68.23,68.23,68.23,71.82,412335,28147000.000000004,3486,,,,new
ANONDITA,SM,2026-09-04,1105.0,1144.8,1105.0,1109.55,1144.8,1099.9,71200,79669000.0,200,,59000.0,82.87,new
ANSALAPI,BZ,2026-09-04,3.31,3.32,3.26,3.31,3.31,3.31,8384,28000.000000000004,13,,,,new
ANSALBU,EQ,2026-09-04,75.0,83.0,75.0,80.68,83.0,76.35,905,72000.0,13,,888.0,98.12,new
ANTELOPUS,EQ,2026-09-04,1001.0,1028.8,925.2,957.15,949.0,1013.3,4816181,4805165000.0,130208,,484474.0,10.06,new
ANTGRAPHIC,EQ,2026-09-04,0.75,0.76,0.73,0.73,0.74,0.75,202908,150000.0,173,,191262.0,94.26,new
ANTHEM,EQ,2026-09-04,970.0,973.5,926.8,934.05,933.35,950.7,872940,821102000.0,49939,,440711.0,50.49,new
ANUHPHR,EQ,2026-09-04,80.75,82.35,79.7,81.1,80.73,79.68,80373,6539000.0,1399,,51475.0,64.05,new
ANUP,EQ,2026-09-04,1820.0,1820.0,1781.0,1785.8,1784.1,1808.0,10691,19148000.0,1718,,5657.0,52.91,new
ANURAS,EQ,2026-09-04,1240.0,1246.1,1234.0,1238.7,1234.0,1240.2,82271,101814000.0,3801,,52276.0,63.54,new
ANYA,SM,2026-09-04,15.3,15.3,15.3,15.3,15.3,15.05,5000,77000.0,1,,5000.0,100.0,new
ANZEN,IV,2026-09-04,129.0,129.0,129.0,129.0,129.0,130.0,25000,3225000.0,1,,25000.0,100.0,new
AONEGOLD,EQ,2026-09-04,14.29,14.48,14.29,14.37,14.35,14.28,470758,6765000.000000001,1226,,259897.0,55.21,new
AONELIQUID,EQ,2026-09-04,1075.71,1075.71,1075.66,1075.67,1075.67,1075.29,18446,19842000.0,138,,11535.0,62.53,new
AONENIFTY,EQ,2026-09-04,10.13,10.13,9.86,9.89,9.9,9.89,88348,875000.0,1178,,70929.0,80.28,new
AONESILVER,EQ,2026-09-04,8.77,8.92,8.77,8.89,8.89,8.79,264493,2349000.0,958,,179852.0,68.0,new
AONETMMQ50,EQ,2026-09-04,10.33,10.49,10.24,10.3,10.31,10.28,32103,331000.0,250,,21498.0,66.97,new
AONETOTAL,EQ,2026-09-04,11.9,12.0,11.87,11.93,11.94,11.85,188125,2242000.0,1193,,150305.0,79.9,new
APARINDS,EQ,2026-09-04,17689.0,17895.0,17365.0,17421.0,17437.0,17704.0,93101,1640579000.0,27628,,32631.0,35.05,new
APCL,EQ,2026-09-04,102.5,102.5,100.11,101.42,101.9,100.1,4976,505000.0,106,,3501.0,70.36,new
APCOTEXIND,EQ,2026-09-04,658.0,665.0,632.7,635.5,634.0,650.4,172649,111377000.0,8268,,84937.0,49.2,new
APEX,EQ,2026-09-04,378.0,383.6,373.2,375.15,373.7,376.75,99807,37665000.0,3751,,43187.0,43.27,new
APEXECO,ST,2026-09-04,251.9,278.2,251.9,278.2,278.2,265.0,10400,2787000.0,13,,9600.0,92.31,new
APLAPOLLO,EQ,2026-09-04,2154.6,2281.0,2150.4,2250.0,2250.0,2159.4,955928,2123708000.0000002,31541,,478164.0,50.02,new
APLLTD,EQ,2026-09-04,805.0,811.75,792.6,808.2,804.0,803.65,174296,139867000.0,13154,,81383.0,46.69,new
APOLLO,EQ,2026-09-04,383.5,392.95,383.5,388.9,389.8,383.25,4500219,1747437000.0,33823,,1541462.0,34.25,new
APOLLOHOSP,EQ,2026-09-04,8702.5,8740.0,8641.0,8650.0,8650.0,8692.0,288351,2501175000.0,30333,,219653.0,76.18,new
APOLLOPIPE,EQ,2026-09-04,617.0,617.0,600.55,605.1,605.0,614.55,76562,46378000.0,2742,,34920.0,45.61,new
APOLLOTYRE,EQ,2026-09-04,433.85,435.15,428.25,429.55,430.85,433.85,407526,175437000.0,15940,,224280.0,55.03,new
APOLSINHOT,EQ,2026-09-04,1233.1,1248.0,1212.0,1218.1,1214.2,1233.1,625,765000.0,57,,487.0,77.92,new
APRAMEYA,SM,2026-09-04,120.0,120.5,115.0,116.5,118.45,120.3,21000,2483000.0,33,,19000.0,90.48,new
APS,SM,2026-09-04,245.0,248.65,241.0,244.75,243.0,245.0,12000,2941000.0,40,,8250.0,68.75,new
APSISAERO,ST,2026-09-04,611.3,611.3,611.3,611.3,611.3,599.35,2400,1467000.0,2,,2400.0,100.0,new
APTECHT,BE,2026-09-04,91.0,91.99,88.25,89.13,89.49,90.97,128869,11551000.0,903,,,,new
APTUS,EQ,2026-09-04,257.31,261.96,256.2,258.85,258.65,257.31,1203338,311197000.0,33845,,742764.0,61.73,new
AQYLON,EQ,2026-09-04,22.18,22.66,21.76,22.46,22.66,21.59,555317,12377000.0,1622,,380872.0,68.59,new
ARCHIDPLY,EQ,2026-09-04,107.99,107.99,103.65,104.89,103.82,105.99,17295,1832999.9999999998,307,,6819.0,39.43,new
ARCHIES,EQ,2026-09-04,13.0,13.2,12.8,12.9,12.87,12.91,10318,134000.0,98,,7472.0,72.42,new
ARCIIL,SM,2026-09-04,37.2,37.2,36.0,36.95,36.95,37.9,4000,147000.0,4,,3000.0,75.0,new
ARCL,EQ,2026-09-04,238.25,238.25,216.89,225.0,225.0,228.3,998,221000.0,54,,827.0,82.87,new
ARDEE,EQ,2026-09-04,55.97,56.14,55.2,55.66,55.9,54.84,2239330,124632000.0,12131,,799363.0,35.7,new
ARE&M,EQ,2026-09-04,861.3,868.95,855.05,864.2,864.9,860.4,363791,314149000.0,21774,,179104.0,49.23,new
ARENTERP,EQ,2026-09-04,36.0,36.0,34.6,34.65,34.6,35.06,597,21000.0,22,,546.0,91.46,new
ARFIN,EQ,2026-09-04,89.02,89.02,85.89,87.24,86.9,89.09,1136109,99188000.0,4595,,131672.0,11.59,new
ARHAM,SM,2026-09-04,215.0,215.0,208.0,213.95,214.5,214.45,81000,17231000.0,59,,35000.0,43.21,new
ARIES,EQ,2026-09-04,496.55,506.95,486.3,500.1,502.95,496.6,59836,29714999.999999996,2666,,27008.0,45.14,new
ARIHANT,EQ,2026-09-04,959.0,994.8,920.5,953.15,988.35,920.65,1172,1113000.0,176,,604.0,51.54,new
ARIHANTACA,SM,2026-09-04,495.0,500.0,495.0,498.25,500.0,496.0,3600,1794000.0000000002,9,,3200.0,88.89,new
ARIHANTCAP,EQ,2026-09-04,78.88,80.4,78.35,79.69,80.25,78.52,235293,18733000.0,1413,,112878.0,47.97,new
ARIHANTSUP,EQ,2026-09-04,239.0,239.0,228.0,229.5,229.0,236.15,37696,8917000.0,412,,32889.0,87.25,new
ARIS,EQ,2026-09-04,130.0,132.89,127.1,128.56,128.0,129.43,1642011,213312000.0,8777,,665530.0,40.53,new
ARKADE,EQ,2026-09-04,125.4,126.45,121.78,125.22,125.99,124.17,285467,35326000.0,3435,,89664.0,31.41,new
ARMANFIN,EQ,2026-09-04,1987.2,2083.0,1987.2,2069.3,2073.0,1991.9,42583,87631000.0,4530,,26529.0,62.3,new
ARMOUR,ST,2026-09-04,18.0,18.0,18.0,18.0,18.0,18.0,2000,36000.0,1,,2000.0,100.0,new
AROGRANITE,EQ,2026-09-04,25.05,25.05,24.4,24.55,24.55,24.97,5191,127000.0,39,,5173.0,99.65,new
ARROWGREEN,BE,2026-09-04,777.4,816.0,775.85,814.1,816.0,777.4,41808,33590000.0,1054,,,,new
ARSHIYA,BZ,2026-09-04,0.75,0.76,0.7,0.73,0.73,0.73,349656,249000.00000000003,200,,,,new
ARSSBL,EQ,2026-09-04,520.65,529.4,513.35,515.05,516.0,514.95,153131,79768000.0,4296,,58516.0,38.21,new
ARTEMISMED,EQ,2026-09-04,321.0,339.3,318.3,332.8,332.95,319.85,885338,295886000.0,23561,,354164.0,40.0,new
ARTNIRMAN,EQ,2026-09-04,40.8,40.99,40.63,40.63,40.63,40.43,172,7000.000000000001,4,,172.0,100.0,new
ARUNAYA,SM,2026-09-04,14.3,14.5,14.3,14.45,14.4,14.6,12000,172000.0,6,,8000.0,66.67,new
ARVEE,EQ,2026-09-04,165.61,171.9,163.0,165.1,171.9,165.0,790,131000.0,41,,392.0,49.62,new
ARVIND,EQ,2026-09-04,563.1,566.0,550.0,552.95,553.0,567.0,308497,171796000.0,15618,,121476.0,39.38,new
ARVINDFASN,EQ,2026-09-04,456.6,458.05,445.0,446.5,446.0,454.3,75363,34026000.0,5220,,40389.0,53.59,new
ARVINDPORT,SM,2026-09-04,32.0,32.0,32.0,32.0,32.0,32.0,9000,288000.0,1,,9000.0,100.0,new
ARVSMART,EQ,2026-09-04,645.6,653.8,640.05,642.5,645.0,639.0,28414,18379000.0,1595,,15622.0,54.98,new
ARYAMAN,EQ,2026-09-04,615.0,626.35,615.0,620.2,622.95,626.5,129,80000.0,10,,87.0,67.44,new
ASAHIINDIA,EQ,2026-09-04,962.95,969.8,952.95,955.9,954.0,962.25,256318,246069999.99999997,15061,,131092.0,51.14,new
ASAHISONG,BE,2026-09-04,372.0,377.0,367.1,372.65,373.0,368.8,18001,6722000.0,194,,,,new
ASAL,EQ,2026-09-04,486.5,486.5,466.05,473.75,472.75,486.3,23916,11321000.0,1757,,14403.0,60.22,new
ASALCBR,EQ,2026-09-04,696.05,710.0,696.05,706.35,700.05,696.05,14302,10046000.0,1497,,8543.0,59.73,new
ASHALOG,SM,2026-09-04,62.5,62.5,62.5,62.5,62.5,63.25,1000,63000.0,1,,1000.0,100.0,new
ASHAPURMIN,EQ,2026-09-04,549.85,559.95,546.0,551.0,553.0,547.95,275733,152183000.0,13177,,125476.0,45.51,new
ASHIANA,EQ,2026-09-04,366.2,370.4,358.2,359.55,358.75,366.55,40739,14827000.000000002,991,,29845.0,73.26,new
ASHIKAG,BE,2026-09-04,443.85,443.85,421.0,426.85,426.9,429.25,82968,35284000.0,168,,,,new
ASHIMASYN,EQ,2026-09-04,17.6,18.34,17.5,17.89,17.94,17.88,207276,3675000.0,330,,165688.0,79.94,new
ASHOKA,EQ,2026-09-04,117.25,118.18,115.0,115.55,115.77,117.32,998292,115767000.0,9403,,466859.0,46.77,new
ASHOKAMET,EQ,2026-09-04,13.95,13.99,13.38,13.58,13.55,13.47,17200,237000.0,103,,14406.0,83.76,new
ASHOKLEY,EQ,2026-09-04,168.98,173.29,168.18,169.0,169.0,169.35,13509881,2304474000.0,59938,,7214313.0,53.4,new
ASHWINI,SM,2026-09-04,180.0,180.0,180.0,180.0,180.0,180.0,1000,180000.0,1,,1000.0,100.0,new
ASIANENE,EQ,2026-09-04,527.05,538.0,509.0,517.45,519.0,523.0,476280,249638000.0,15683,,187223.0,39.31,new
ASIANHOTNR,EQ,2026-09-04,389.95,390.85,378.55,384.75,388.75,383.85,10682,4117000.0,448,,5372.0,50.29,new
ASIANPAINT,EQ,2026-09-04,2540.0,2553.9,2519.8,2527.3,2527.3,2541.6,399368,1012471999.9999999,32272,,240625.0,60.25,new
ASIANTILES,EQ,2026-09-04,49.8,50.5,49.56,50.26,50.19,49.96,2049363,102652000.0,5169,,760256.0,37.1,new
ASIANTNE,EQ,2026-09-04,9.5,9.76,9.34,9.74,9.74,9.76,16866,161000.0,64,,16169.0,95.87,new
ASKAUTOLTD,EQ,2026-09-04,639.0,639.0,615.15,618.85,619.0,632.2,164992,102855000.0,7129,,93953.0,56.94,new
ASMS,BE,2026-09-04,7.11,7.23,7.01,7.07,7.12,7.11,65281,462000.0,228,,,,new
ASPINWALL,EQ,2026-09-04,257.65,265.0,257.55,259.25,257.55,257.55,2331,613000.0,67,,2155.0,92.45,new
ASPIRE,SM,2026-09-04,12.5,13.25,12.5,13.25,13.25,13.05,4000,52000.0,2,,2000.0,50.0,new
ASSAMENT,EQ,2026-09-04,826.85,830.0,826.85,830.0,830.0,831.0,16,13000.0,2,,16.0,100.0,new
ASTAR,EQ,2026-09-04,590.0,597.9,585.0,585.0,585.0,578.5,9,5000.0,4,,8.0,88.89,new
ASTEC,EQ,2026-09-04,581.8,581.8,552.1,554.45,552.35,573.25,43913,24705000.0,2181,,28777.0,65.53,new
ASTERDM,EQ,2026-09-04,790.85,792.05,780.35,785.75,785.35,787.0,1157850,911615000.0,41732,,657724.0,56.81,new
ASTRAL,EQ,2026-09-04,1489.8,1509.9,1484.0,1492.9,1492.9,1495.2,658868,984779999.9999999,24797,,416557.0,63.22,new
ASTRAMICRO,EQ,2026-09-04,1666.1,1741.0,1666.1,1729.0,1734.4,1665.1,502645,863137000.0000001,26428,,245488.0,48.84,new
ASTRAZEN,EQ,2026-09-04,6999.0,7062.0,6900.0,6944.0,6950.0,6940.5,6489,45223000.0,2682,,3019.0,46.52,new
ASTRON,BZ,2026-09-04,3.0,3.14,2.88,3.06,3.0,3.0,45331,136000.0,106,,,,new
ATALREAL,EQ,2026-09-04,26.09,26.4,26.04,26.22,26.15,25.9,13883610,362621000.0,5677,,3483006.0,25.09,new
ATAM,EQ,2026-09-04,55.99,58.4,50.0,52.99,52.67,54.79,42586,2280000.0,445,,25253.0,59.3,new
ATCENERGY,ST,2026-09-04,22.8,22.8,22.05,22.5,22.5,22.5,12000,272000.0,7,,12000.0,100.0,new
ATGL,EQ,2026-09-04,614.0,619.8,610.55,612.35,614.0,614.05,445851,274247000.0,15365,,149865.0,33.61,new
ATHERENERG,EQ,2026-09-04,1644.0,1644.5,1560.9,1584.0,1584.0,1638.9,5585636,8886302000.0,146553,,1547508.0,27.71,new
ATL,EQ,2026-09-04,24.49,25.65,24.32,25.31,25.2,24.26,220494,5519000.0,2019,,128945.0,58.48,new
ATLANTAA,EQ,2026-09-04,41.28,41.28,39.0,39.15,39.29,39.86,20793,819000.0,370,,13847.0,66.59,new
ATLANTAELE,EQ,2026-09-04,1905.9,1920.0,1847.9,1881.7,1884.0,1886.4,102999,193512000.0,12287,,50623.0,49.15,new
ATLASCYCLE,EQ,2026-09-04,96.44,96.44,93.5,96.18,96.2,95.44,3691,352000.0,109,,2496.0,67.62,new
ATLPP,E1,2026-09-04,9.06,9.2,9.0,9.0,9.0,9.1,342,3000.0,9,,342.0,100.0,new
ATMASTCO,SM,2026-09-04,140.0,140.75,137.6,139.5,139.5,139.75,9200,1283000.0,12,,8800.0,95.65,new
ATUL,EQ,2026-09-04,6476.0,6515.5,6370.5,6386.0,6376.0,6469.0,18343,117558000.0,6096,,10247.0,55.86,new
ATULAUTO,EQ,2026-09-04,462.0,467.2,458.35,465.15,467.0,461.3,88513,40936000.0,3469,,38706.0,43.73,new
AUBANK,EQ,2026-09-04,1071.9,1074.1,1060.4,1065.0,1065.0,1072.0,602949,644295000.0,31140,,295430.0,49.0,new
AUGMONT,EQ,2026-09-04,922.7,940.1,894.0,901.5,900.0,922.7,942895,864620000.0000001,33716,,292278.0,31.0,new
AURIONPRO,EQ,2026-09-04,691.0,697.3,686.0,689.7,686.9,686.45,98258,67851000.0,4773,,55400.0,56.38,new
AUROIMPEX,SM,2026-09-04,27.55,27.55,27.25,27.5,27.5,28.65,16000,438000.0,10,,11200.0,70.0,new
AUROPHARMA,EQ,2026-09-04,1637.3,1661.5,1622.6,1653.1,1653.1,1637.3,573938,947192000.0,26194,,223407.0,38.93,new
AURUM,EQ,2026-09-04,226.7,228.55,223.7,225.16,226.6,224.76,88743,20076000.0,2073,,60375.0,68.03,new
AURUS,EQ,2026-09-04,4.7,4.95,4.57,4.84,4.85,4.62,26293,127000.0,155,,23488.0,89.33,new
AUSL,SM,2026-09-04,24.55,24.55,24.55,24.55,24.55,25.8,2000,49000.0,1,,2000.0,100.0,new
AUSOMENT,EQ,2026-09-04,162.0,166.59,155.2,161.79,160.45,159.95,18928,3064000.0,204,,11100.0,58.64,new
AUSTENG,EQ,2026-09-04,124.7,124.7,121.3,124.7,124.7,124.7,951,118000.0,37,,794.0,83.49,new
AUTOAXLES,EQ,2026-09-04,1710.0,1717.8,1684.1,1688.7,1685.0,1705.4,7212,12253000.0,838,,5180.0,71.82,new
AUTOBEES,EQ,2026-09-04,289.86,289.87,286.9,287.47,288.0,288.19,194219,55871000.0,2819,,121538.0,62.58,new
AUTOIETF,EQ,2026-09-04,29.06,29.06,28.73,28.81,28.91,28.91,980798,28260000.000000004,2654,,695599.0,70.92,new
AUTOIND,EQ,2026-09-04,94.0,95.9,85.21,86.45,86.87,92.75,600314,53499000.0,6554,,282717.0,47.09,new
AVADHSUGAR,EQ,2026-09-04,827.0,827.0,801.0,809.5,809.1,831.1,97497,78954000.0,4353,,42962.0,44.06,new
AVALON,EQ,2026-09-04,2320.0,2347.7,2175.0,2196.6,2184.3,2248.6,683759,1543325000.0,62829,,194421.0,28.43,new
AVANA,ST,2026-09-04,154.6,154.75,154.6,154.75,154.75,152.4,8000,1237000.0,3,,8000.0,100.0,new
AVANCE,EQ,2026-09-04,0.83,0.83,0.82,0.82,0.83,0.82,2992770,2465000.0,1245,,1678248.0,56.08,new
AVANTEL,EQ,2026-09-04,156.6,158.38,154.46,154.96,155.03,156.5,546755,85359000.0,6048,,290877.0,53.2,new
AVANTIFEED,EQ,2026-09-04,797.1,805.8,795.5,798.6,798.0,795.85,208229,166777000.0,14589,,92882.0,44.61,new
AVG,BE,2026-09-04,171.3,173.0,165.05,166.04,167.0,171.3,38132,6411000.0,257,,,,new
AVIANSH,SM,2026-09-04,104.5,104.5,102.5,102.5,102.5,104.5,6000,619000.0,5,,4000.0,66.67,new
AVIENCE,SM,2026-09-04,272.0,279.0,270.05,275.0,275.0,270.5,10200,2799000.0,16,,9600.0,94.12,new
AVL,EQ,2026-09-04,604.0,604.0,590.4,600.05,598.1,600.4,226161,135134000.0,18774,,162400.0,71.81,new
AVONMORE,EQ,2026-09-04,13.74,13.74,12.93,13.02,13.05,13.12,310318,4072999.9999999995,722,,235455.0,75.88,new
AVPINFRA,SM,2026-09-04,58.5,59.0,58.0,58.25,58.05,58.4,18400,1071000.0,17,,16000.0,86.96,new
AVROIND,EQ,2026-09-04,8.78,8.96,8.6,8.72,8.63,8.97,390578,3432000.0,1288,,260269.0,66.64,new
AVTNPL,EQ,2026-09-04,93.66,93.66,90.45,91.02,91.5,91.64,309025,28318000.0,3137,,168430.0,54.5,new
AWFIS,EQ,2026-09-04,258.0,262.95,256.55,260.8,261.95,256.5,118804,30987000.0,3931,,61578.0,51.83,new
AWHCL,EQ,2026-09-04,372.2,374.85,367.05,370.8,370.8,371.4,64504,23944000.0,3214,,35361.0,54.82,new
AWL,EQ,2026-09-04,191.11,191.9,186.2,187.29,188.0,190.79,2987354,562060000.0,35133,,1533488.0,51.33,new
AXISBANK,EQ,2026-09-04,1270.3,1280.7,1262.0,1273.0,1273.0,1267.0,3810611,4856455000.0,61874,,2360804.0,61.95,new
AXISCADES,EQ,2026-09-04,1735.2,1765.0,1701.7,1711.6,1710.1,1730.4,168634,292321000.0,14233,,92020.0,54.57,new
AXITA,EQ,2026-09-04,8.11,8.14,8.01,8.01,8.02,8.01,356179,2858000.0,600,,172436.0,48.41,new
AXTEL,EQ,2026-09-04,388.6,396.7,388.6,394.5,394.5,394.8,1470,578000.0,43,,1345.0,91.5,new
AYE,EQ,2026-09-04,182.05,188.95,180.84,184.81,184.71,180.61,1223851,227714000.0,20556,,522623.0,42.7,new
AYMSYNTEX,EQ,2026-09-04,317.25,323.45,305.1,310.7,315.1,317.25,124761,39243000.0,4405,,56543.0,45.32,new
AZAD,EQ,2026-09-04,2770.0,2824.3,2753.4,2777.3,2781.0,2766.9,224210,624899000.0,18137,,75648.0,33.74,new
AZADIND,EQ,2026-09-04,90.32,90.97,89.0,89.59,89.9,90.32,36841,3302000.0000000005,402,,10262.0,27.85,new
BABAFP,SM,2026-09-04,24.0,24.0,23.85,23.85,23.85,25.5,6400,153000.0,4,,4800.0,75.0,new
BAFNAPH,BE,2026-09-04,296.6,296.6,295.85,295.85,295.85,301.85,4794,1421000.0,74,,,,new
BAGDIGITAL,SM,2026-09-04,106.0,106.0,105.0,105.0,105.0,106.0,11200,1181000.0,5,,9600.0,85.71,new
BAGFILMS,EQ,2026-09-04,4.35,4.6,4.29,4.51,4.49,4.32,225253,1011000.0,226,,150988.0,67.03,new
BAGMANE,RR,2026-09-04,107.04,107.04,105.9,106.28,106.15,106.38,399564,42467000.0,4657,,331362.0,82.93,new
BAHETI,SM,2026-09-04,881.0,881.0,842.65,846.0,846.0,849.45,13875,11829000.0,27,,7875.0,56.76,new
BAIDFIN,EQ,2026-09-04,10.23,10.23,9.91,10.12,10.2,10.1,43775,444000.00000000006,165,,35155.0,80.31,new
BAJAJ-AUTO,EQ,2026-09-04,12005.0,12025.0,11873.0,11919.0,11919.0,11920.0,154199,1841113000.0,19294,,90859.0,58.92,new
BAJAJCON,EQ,2026-09-04,512.0,519.8,507.5,517.55,516.0,508.95,1279757,657173000.0,26101,,554365.0,43.32,new
BAJAJELEC,EQ,2026-09-04,334.0,337.15,330.0,331.15,331.0,334.2,73439,24434000.0,2379,,37122.0,50.55,new
BAJAJFINSV,EQ,2026-09-04,1985.0,1994.2,1970.0,1970.0,1970.0,1992.1,437793,866360000.0,31032,,234585.0,53.58,new
BAJAJHCARE,EQ,2026-09-04,327.8,331.9,319.85,321.45,320.75,325.2,458849,148591000.0,5529,,211665.0,46.13,new
BAJAJHFL,EQ,2026-09-04,83.0,83.55,82.93,83.08,83.19,82.95,1824719,151769000.0,19747,,969433.0,53.13,new
BAJAJHIND,EQ,2026-09-04,22.18,22.18,21.5,21.86,21.96,22.08,21280859,462968999.99999994,23788,,4974070.0,23.37,new
BAJAJHLDNG,EQ,2026-09-04,11102.0,11355.0,11100.0,11162.0,11162.0,11165.0,37106,415822999.99999994,10973,,19680.0,53.04,new
BAJAJINDEF,EQ,2026-09-04,221.3,224.9,220.53,222.69,223.0,220.84,30501,6764000.0,435,,27771.0,91.05,new
BAJAJST,EQ,2026-09-04,366.7,366.85,361.7,362.95,364.0,361.5,4966,1810000.0000000002,438,,3229.0,65.02,new
BAJEL,EQ,2026-09-04,185.69,188.12,182.53,183.82,184.5,185.69,94742,17510000.0,1983,,50131.0,52.91,new
BAJFINANCE,EQ,2026-09-04,1050.6,1063.6,1049.7,1060.5,1060.5,1049.0,5952048,6285695000.0,104933,,4387056.0,73.71,new
BALAJEE,EQ,2026-09-04,26.65,26.65,26.11,26.16,26.15,26.15,17375,455999.99999999994,129,,13079.0,75.27,new
BALAJIPHOS,SM,2026-09-04,109.95,114.8,109.95,114.0,114.0,108.25,13000,1459000.0,10,,12000.0,92.31,new
BALAJITELE,EQ,2026-09-04,91.25,95.7,88.36,93.17,93.0,91.31,1526021,141071000.0,10826,,267544.0,17.53,new
BALAMINES,EQ,2026-09-04,2432.0,2550.0,2432.0,2525.2,2516.0,2417.8,608894,1533578000.0,55081,,186704.0,30.66,new
BALAXI,EQ,2026-09-04,26.6,26.6,24.93,25.37,24.93,25.8,50780,1302000.0,216,,44637.0,87.9,new
BALCO,SM,2026-09-04,17.55,19.0,17.55,19.0,19.0,18.45,3600,66000.0,3,,2400.0,66.67,new
BALKRISHNA,EQ,2026-09-04,17.5,17.5,17.0,17.08,17.4,17.48,6016,104000.0,71,,5193.0,86.32,new
BALKRISIND,EQ,2026-09-04,2330.0,2346.3,2264.0,2284.6,2281.0,2327.3,324489,742163000.0,29526,,163140.0,50.28,new
BALMLAWRIE,EQ,2026-09-04,177.75,178.44,177.3,177.98,178.24,176.93,106907,19010000.0,1933,,61267.0,57.31,new
BALPHARMA,EQ,2026-09-04,87.7,89.69,87.1,87.73,88.0,87.71,8210,721000.0,199,,6930.0,84.41,new
BALRAMCHIN,EQ,2026-09-04,697.0,702.0,682.5,690.6,691.55,704.35,2232338,1543250000.0,43329,,362556.0,16.24,new
BALUFORGE,EQ,2026-09-04,572.5,585.35,563.6,574.1,577.25,570.35,1304593,750416000.0,21451,,406434.0,31.15,new
BANARBEADS,EQ,2026-09-04,114.01,115.89,113.52,113.9,113.75,114.85,1302,149000.0,51,,1039.0,79.8,new
BANARISUG,EQ,2026-09-04,3878.2,3883.0,3774.0,3803.3,3800.0,3874.7,857,3276000.0,190,,536.0,62.54,new
BANCOINDIA,EQ,2026-09-04,618.4,629.1,616.5,623.5,626.0,616.9,77773,48478000.0,6891,,39149.0,50.34,new
BANDHANBNK,EQ,2026-09-04,165.11,166.74,164.5,164.95,164.95,164.23,2928918,484363000.0,21919,,1446683.0,49.39,new
BANG,EQ,2026-09-04,34.16,34.97,33.3,34.79,34.83,34.17,78335,2706000.0,468,,39358.0,50.24,new
BANK10ADD,EQ,2026-09-04,16.87,16.98,16.86,16.93,16.92,16.96,2303,39000.0,68,,984.0,42.73,new
BANK10BETF,EQ,2026-09-04,20.69,20.92,20.68,20.9,20.9,20.69,538,11000.0,10,,511.0,94.98,new
BANKA,EQ,2026-09-04,79.0,79.0,77.25,79.0,79.0,75.27,5253,412000.0,37,,5209.0,99.16,new
BANKADD,EQ,2026-09-04,58.96,59.14,58.82,58.99,59.01,58.95,5499,324000.0,53,,2837.0,51.59,new
BANKBARODA,EQ,2026-09-04,242.37,242.37,239.0,239.0,239.0,240.44,7816984,1876863000.0,34280,,5188974.0,66.38,new
BANKBEES,EQ,2026-09-04,599.0,599.0,595.03,596.2,596.0,596.02,345232,205955000.00000003,5094,,186107.0,53.91,new
BANKBETA,EQ,2026-09-04,59.58,59.71,59.41,59.57,59.58,59.58,65905,3926000.0,440,,42248.0,64.1,new
BANKBETF,EQ,2026-09-04,58.42,58.75,58.32,58.56,58.5,58.4,5574,326000.0,245,,2949.0,52.91,new
BANKETF,EQ,2026-09-04,588.93,588.93,585.01,586.33,586.27,586.0,18870,11078000.0,210,,10817.0,57.32,new
BANKIETF,EQ,2026-09-04,59.25,59.3,59.0,59.14,59.18,59.14,278048,16453000.0,1204,,128546.0,46.23,new
BANKINDIA,EQ,2026-09-04,144.8,145.8,144.11,145.0,145.0,145.0,2902558,421060000.00000006,44590,,1331072.0,45.86,new
BANKNIFTY1,EQ,2026-09-04,60.19,60.19,59.61,59.71,59.7,59.75,149995,8968000.0,731,,101111.0,67.41,new
BANKPSU,EQ,2026-09-04,86.38,86.74,86.1,86.14,86.1,86.33,11350,981000.0,76,,4519.0,39.81,new
BANSALWIRE,EQ,2026-09-04,319.0,322.75,313.25,315.0,313.4,319.0,63070,20020000.0,2867,,43654.0,69.22,new
BANSWRAS,EQ,2026-09-04,119.38,120.0,116.26,117.05,117.0,117.78,31201,3671000.0,314,,23972.0,76.83,new
BARFLEX,SM,2026-09-04,60.9,60.9,58.05,60.9,60.9,60.9,12000,718000.0,6,,8000.0,66.67,new
BASF,EQ,2026-09-04,3835.0,3907.0,3829.4,3864.9,3875.0,3832.4,30319,116983999.99999999,4174,,16342.0,53.9,new
BASILIC,SM,2026-09-04,193.0,193.0,186.05,188.65,187.7,193.95,13800,2609000.0,41,,11700.0,84.78,new
BASML,BE,2026-09-04,24.91,25.45,24.91,25.41,25.4,25.02,39871,1002999.9999999999,121,,,,new
BATAINDIA,EQ,2026-09-04,677.45,682.0,671.0,672.75,673.0,677.4,89939,60854000.0,5667,,46812.0,52.05,new
BATLIBOI,EQ,2026-09-04,89.9,91.94,88.88,90.81,90.51,88.39,25336,2287000.0,879,,15013.0,59.26,new
BAWEJA,ST,2026-09-04,26.0,26.25,26.0,26.1,26.1,25.95,7200,188000.0,9,,7200.0,100.0,new
BAYERCROP,EQ,2026-09-04,3960.8,3998.9,3960.8,3989.9,3995.0,3960.8,9989,39796000.0,1611,,7167.0,71.75,new
BBETF0432,EQ,2026-09-04,1361.18,1361.18,1340.96,1342.3,1345.55,1342.98,1332,1792000.0000000002,95,,812.0,60.96,new
BBL,EQ,2026-09-04,2309.7,2315.9,2280.0,2289.3,2280.0,2298.3,26842,61722000.0,2531,,19394.0,72.25,new
BBNPNBETF,EQ,2026-09-04,58.02,58.31,58.0,58.3,58.3,57.15,200,12000.0,21,,199.0,99.5,new
BBNPPGOLD,EQ,2026-09-04,148.2,149.5,146.8,148.7,148.5,147.5,1237,184000.0,61,,860.0,69.52,new
BBOX,EQ,2026-09-04,722.0,731.2,710.0,712.25,714.0,720.9,198315,142109000.0,12698,,108799.0,54.86,new
BBTC,EQ,2026-09-04,1513.9,1513.9,1495.1,1496.8,1495.1,1501.6,43404,65157000.00000001,3393,,22068.0,50.84,new
BBTCL,EQ,2026-09-04,236.0,236.0,227.0,230.22,227.3,233.77,3429,794000.0,169,,2283.0,66.58,new
BCG,EQ,2026-09-04,9.03,9.06,8.91,8.98,9.02,9.0,2648978,23820000.0,3310,,1713989.0,64.7,new
BCLIND,EQ,2026-09-04,36.37,37.95,36.04,36.62,36.9,36.22,526260,19266000.0,2673,,292375.0,55.56,new
BCONCEPTS,EQ,2026-09-04,166.0,176.43,165.0,167.33,170.55,165.43,11790,2005999.9999999998,613,,8142.0,69.06,new
BCPL,EQ,2026-09-04,67.77,72.0,67.25,68.45,68.9,67.77,15587,1079000.0,476,,10054.0,64.5,new
BDL,EQ,2026-09-04,1253.0,1293.0,1253.0,1255.0,1255.0,1257.7,1391949,1772334000.0,42408,,411661.0,29.57,new
BEACON,SM,2026-09-04,84.5,84.5,82.95,83.6,84.35,87.3,20000,1673000.0,20,,11000.0,55.0,new
BEARDSELL,EQ,2026-09-04,25.29,26.32,24.62,25.31,25.79,25.41,7642,195000.0,204,,5493.0,71.88,new
BECTORFOOD,EQ,2026-09-04,230.01,231.7,225.16,225.96,226.5,229.41,493507,112658999.99999999,13225,,231393.0,46.89,new
BEDMUTHA,EQ,2026-09-04,108.5,115.0,108.5,112.37,112.0,112.23,7077,795000.0,115,,5236.0,73.99,new
BEEKAY,EQ,2026-09-04,419.55,421.0,406.85,417.4,421.0,419.55,4726,1932999.9999999998,172,,3723.0,78.78,new
BEL,EQ,2026-09-04,409.25,413.1,405.35,405.35,405.35,408.6,8354982,3422432000.0,92382,,4045622.0,48.42,new
BELLACASA,EQ,2026-09-04,241.9,246.95,240.02,242.85,242.0,239.51,4050,985000.0,263,,2917.0,72.02,new
BELRISE,EQ,2026-09-04,238.15,239.25,233.52,236.86,237.0,238.11,1873911,443188000.0,26919,,844003.0,45.04,new
BEML,EQ,2026-09-04,2082.0,2127.0,2045.0,2057.8,2058.0,2079.4,687676,1435602000.0,41468,,220150.0,32.01,new
BENARAS,EQ,2026-09-04,10270.0,10270.0,10200.0,10200.0,10200.0,10200.0,107,1091000.0,30,,107.0,100.0,new
BENGALASM,EQ,2026-09-04,6445.0,6499.0,6271.0,6332.5,6280.0,6375.0,362,2319000.0,104,,221.0,61.05,new
BEPL,EQ,2026-09-04,130.0,131.2,126.1,127.5,127.11,129.74,1190325,152709000.0,11867,,531317.0,44.64,new
BERGEPAINT,EQ,2026-09-04,494.0,496.7,484.0,485.3,484.95,491.4,277300,135103000.0,23139,,149971.0,54.08,new
BESTAGRO,EQ,2026-09-04,20.99,21.2,18.83,19.29,19.15,20.34,2082129,40865000.0,5742,,928764.0,44.61,new
BETA,EQ,2026-09-04,2258.0,2275.7,2190.1,2218.5,2211.0,2258.9,13251,29458999.999999996,2146,,7030.0,53.05,new
BEWLTD,SM,2026-09-04,50.7,50.7,48.25,49.3,49.5,49.3,11500,567000.0,21,,8000.0,69.57,new
BFINVEST,EQ,2026-09-04,475.0,475.0,464.1,469.35,470.0,469.45,33149,15576000.0,1587,,15675.0,47.29,new
BFSI,EQ,2026-09-04,27.61,27.61,27.02,27.17,27.15,27.02,323149,8774000.0,608,,194148.0,60.08,new
BFUTILITIE,EQ,2026-09-04,543.05,561.55,537.0,542.45,537.0,544.0,272295,149618000.0,12608,,57407.0,21.08,new
BGRENERGY,BE,2026-09-04,238.44,247.8,235.7,246.26,244.1,238.44,42914,10376000.0,466,,,,new
BHADORA,ST,2026-09-04,106.0,113.5,102.7,111.95,111.95,108.1,69600,7648000.0,33,,63600.0,91.38,new
BHAGCHEM,EQ,2026-09-04,266.6,269.8,263.1,264.6,266.0,266.3,34606,9205000.0,759,,19355.0,55.93,new
BHAGERIA,BE,2026-09-04,288.0,304.65,286.0,304.65,304.65,290.15,218809,66049000.0,1396,,,,new
BHAGYANGR,EQ,2026-09-04,373.05,381.8,369.0,370.45,369.75,373.45,77510,28929000.000000004,2681,,44251.0,57.09,new
BHANDARI,EQ,2026-09-04,3.02,3.05,3.0,3.03,3.04,3.0,101595,308000.0,194,,81983.0,80.7,new
BHARATCOAL,EQ,2026-09-04,33.8,34.05,33.6,33.81,33.9,33.8,3546055,119753000.0,12715,,1795560.0,50.64,new
BHARATFORG,EQ,2026-09-04,1997.6,1997.6,1951.0,1956.0,1956.0,1981.0,1526364,3007566000.0,88838,,812410.0,53.23,new
BHARATGEAR,BE,2026-09-04,104.49,106.48,102.05,102.93,103.01,104.49,18094,1873000.0,187,,,,new
BHARATRAS,EQ,2026-09-04,1190.1,1207.0,1165.2,1171.8,1179.9,1184.2,25242,29858000.0,2734,,16983.0,67.28,new
BHARATSE,EQ,2026-09-04,213.69,214.7,210.5,211.69,211.99,213.69,93907,19951000.0,2110,,46028.0,49.01,new
BHARATWIRE,EQ,2026-09-04,179.51,182.59,178.97,181.32,181.5,180.42,141594,25630000.0,2287,,69606.0,49.16,new
BHARTIARTL,EQ,2026-09-04,1868.1,1870.7,1840.0,1840.0,1840.0,1869.0,3614328,6704395000.0,93290,,2634172.0,72.88,new
BHARTIHEXA,EQ,2026-09-04,1507.0,1520.2,1490.0,1495.4,1500.0,1505.6,37216,55878000.0,4372,,19913.0,53.51,new
BHEL,EQ,2026-09-04,433.0,439.2,429.2,431.1,431.1,431.8,5925391,2570597000.0,52899,,2357628.0,39.79,new
BI,BE,2026-09-04,93.57,95.85,91.52,95.85,95.85,91.29,89587,8518000.0,233,,,,new
BIGBLOC,EQ,2026-09-04,41.95,42.4,40.31,41.92,42.4,41.29,56466,2332000.0,623,,35100.0,62.16,new
BIKAJI,EQ,2026-09-04,587.15,589.85,582.0,584.2,583.0,587.15,52134,30527000.0,3510,,30667.0,58.82,new
BIKEWO,ST,2026-09-04,103.95,103.95,97.8,97.8,97.8,102.9,74000,7287000.0,29,,70000.0,94.59,new
BIL,EQ,2026-09-04,924.0,924.0,899.95,907.85,913.75,915.85,8736,7952000.0,638,,6086.0,69.67,new
BILVYAPAR,BE,2026-09-04,3.98,4.09,3.91,4.04,4.05,3.98,6223,25000.0,29,,,,new
BIMETAL,EQ,2026-09-04,633.5,635.5,633.5,635.0,635.0,630.45,107,68000.0,8,,107.0,100.0,new
BIOCON,EQ,2026-09-04,404.0,404.9,396.2,397.4,397.4,402.0,3108555,1246689000.0,26399,,1688538.0,54.32,new
BIOFILCHEM,EQ,2026-09-04,32.8,32.8,31.31,32.0,31.85,31.97,5543,178000.0,151,,4449.0,80.26,new
BIOPOL,SM,2026-09-04,45.7,45.75,45.7,45.75,45.75,43.6,10800,494000.00000000006,4,,10800.0,100.0,new
BIRET,RR,2026-09-04,344.0,344.0,339.5,341.79,341.99,342.37,136167,46511000.0,7282,,101232.0,74.34,new
BIRLACABLE,BE,2026-09-04,376.55,376.55,375.55,376.55,376.55,358.65,174752,65801000.0,1035,,,,new
BIRLACORPN,EQ,2026-09-04,880.0,895.0,874.3,887.35,892.0,880.9,48723,43169000.0,4366,,25289.0,51.9,new
BIRLAMONEY,EQ,2026-09-04,126.77,129.19,123.5,126.37,126.29,127.15,62184,7868000.000000001,1043,,43742.0,70.34,new
BIRLANU,EQ,2026-09-04,1440.0,1451.0,1421.9,1448.0,1451.0,1423.5,5921,8498000.0,437,,2969.0,50.14,new
BIRLAPREC,EQ,2026-09-04,53.25,59.79,52.73,57.92,57.4,51.67,2574084,147065000.0,15177,,1027914.0,39.93,new
BLACKBUCK,EQ,2026-09-04,582.0,588.95,580.0,586.1,585.0,582.4,157466,92049000.0,18533,,87528.0,55.59,new
BLACKROSE,BE,2026-09-04,113.0,115.0,111.15,113.02,112.91,112.43,16624,1877000.0,191,,,,new
BLAL,EQ,2026-09-04,162.0,164.95,160.61,160.88,161.3,161.93,43253,7011000.0,854,,34506.0,79.78,new
BLBLIMITED,EQ,2026-09-04,17.0,17.1,16.42,16.68,16.95,16.96,117198,1962000.0,443,,85245.0,72.74,new
BLEL,EQ,2026-09-04,454.25,458.8,448.0,453.15,454.95,454.25,823610,372026000.0,13315,,254768.0,30.93,new
BLIL,EQ,2026-09-04,72.98,72.98,72.36,72.53,72.59,72.47,97501,7079000.000000001,1045,,58448.0,59.95,new
BLISSGVS,BE,2026-09-04,630.0,671.3,607.4,671.0,671.3,639.35,347698,230042999.99999997,3162,,,,new
BLKASHYAP,EQ,2026-09-04,57.6,62.45,57.04,59.34,59.4,57.6,2983058,181838000.0,12864,,1300082.0,43.58,new
BLS,EQ,2026-09-04,240.15,241.25,237.0,238.79,241.0,240.15,646943,154253000.0,10399,,325226.0,50.27,new
BLSE,EQ,2026-09-04,324.05,326.95,317.35,320.05,319.1,323.65,143302,46122000.0,3292,,62080.0,43.32,new
BLUECLOUDS,EQ,2026-09-04,19.85,20.15,19.8,19.88,19.9,19.9,1013239,20176000.0,2267,,610290.0,60.23,new
BLUECOAST,BE,2026-09-04,22.58,24.2,22.01,23.49,23.49,23.16,892,20000.0,24,,,,new
BLUEDART,EQ,2026-09-04,5034.0,5048.9,4968.1,4991.7,5000.0,5028.8,5838,29187000.0,1318,,3612.0,61.87,new
BLUEJET,EQ,2026-09-04,582.05,584.0,565.5,569.8,571.15,579.0,442380,253501000.00000003,11811,,277378.0,62.7,new
BLUEPEBBLE,SM,2026-09-04,73.95,84.0,73.95,84.0,84.0,70.0,18000,1479000.0,45,,12000.0,66.67,new
BLUESTARCO,EQ,2026-09-04,1485.7,1514.7,1475.0,1484.0,1484.0,1485.7,419549,625703000.0,29196,,175929.0,41.93,new
BLUESTONE,EQ,2026-09-04,802.0,848.0,800.05,842.75,845.0,804.9,1065449,889185000.0,38110,,252462.0,23.7,new
BLUEWATER,ST,2026-09-04,475.0,490.0,473.2,486.75,490.0,497.95,16000,7686000.0,16,,14000.0,87.5,new
BLUSPRING,EQ,2026-09-04,135.4,139.8,132.0,138.96,137.2,134.25,605059,83055000.0,8224,,258066.0,42.65,new
BMETRICS,SM,2026-09-04,39.85,40.0,35.05,35.15,35.15,34.7,8800,328000.0,8,,4800.0,54.55,new
BMLL,SM,2026-09-04,165.0,181.0,165.0,177.0,180.0,162.3,67000,11441000.0,56,,29000.0,43.28,new
BMWVENTLTD,EQ,2026-09-04,56.22,56.22,55.1,55.36,55.21,55.13,40922,2264000.0,1029,,23436.0,57.27,new
BNAGROCHEM,EQ,2026-09-04,226.28,227.69,215.4,216.73,215.5,226.73,1260,283000.0,107,,651.0,51.67,new
BNALTD,BE,2026-09-04,360.0,360.0,360.0,360.0,360.0,360.0,42,15000.0,2,,,,new
BNKETFAXIS,EQ,2026-09-04,593.46,595.93,591.8,592.5,592.5,593.0,145,86000.0,25,,124.0,85.52,new
BODALCHEM,EQ,2026-09-04,147.26,159.99,146.36,155.62,155.49,150.76,5050468,785379000.0,40463,,1229213.0,24.34,new
BOHRAIND,EQ,2026-09-04,12.25,12.93,12.25,12.7,12.36,12.35,3714,47000.0,39,,2944.0,79.27,new
BOMDYEING,EQ,2026-09-04,113.19,115.25,113.05,113.47,113.68,113.19,381464,43409000.0,3612,,147274.0,38.61,new
BONLON,EQ,2026-09-04,40.74,41.87,40.05,40.13,40.06,40.66,3268,132000.0,99,,2185.0,66.86,new
BORANA,EQ,2026-09-04,303.65,309.4,303.65,307.6,307.8,300.35,11240,3447000.0,295,,7197.0,64.03,new
BOROLTD,EQ,2026-09-04,249.0,260.0,247.79,258.96,258.71,248.63,265545,68025000.0,5949,,109672.0,41.3,new
BORORENEW,EQ,2026-09-04,495.0,505.5,491.6,499.15,499.1,497.5,271428,135892000.0,17675,,126737.0,46.69,new
BOROSCI,EQ,2026-09-04,136.41,136.8,131.0,132.16,131.0,134.93,46065,6134000.0,876,,32221.0,69.95,new
BOSCH-HCIL,EQ,2026-09-04,1777.7,1843.0,1756.2,1818.8,1833.0,1777.7,64153,115224000.0,6377,,35675.0,55.61,new
BOSCHLTD,EQ,2026-09-04,47195.0,47200.0,46660.0,46820.0,46820.0,47000.0,16913,792331000.0,8679,,7482.0,44.24,new
BOSS,SM,2026-09-04,54.25,55.9,54.2,55.7,55.7,56.6,10000,551000.0,5,,10000.0,100.0,new
BPCL,EQ,2026-09-04,319.4,320.65,315.7,315.7,315.7,320.05,1834819,583852000.0,19332,,908487.0,49.51,new
BPL,EQ,2026-09-04,49.21,50.18,49.0,49.38,49.3,49.31,56301,2791000.0,962,,35704.0,63.42,new
BPLPHARMA,EQ,2026-09-04,1545.0,1568.8,1520.0,1533.3,1550.0,1520.8,586,902000.0,110,,366.0,62.46,new
BRAHMINFRA,EQ,2026-09-04,160.0,167.89,160.0,163.82,164.0,162.17,26893,4409000.0,669,,12854.0,47.8,new
BRANDMAN,SM,2026-09-04,174.5,176.5,171.0,171.3,171.1,172.55,12800,2215000.0,15,,8800.0,68.75,new
BRIGADE,EQ,2026-09-04,714.0,735.0,685.8,696.1,693.0,712.3,1980508,1402449000.0,67648,,256252.0,12.94,new
BRIGHOTEL,EQ,2026-09-04,58.95,59.89,58.9,59.19,59.07,58.95,84277,5007000.0,2393,,42026.0,49.87,new
BRIGHTBR,EQ,2026-09-04,254.6,260.55,252.1,254.8,254.8,254.6,20221,5239000.0,151,,18439.0,91.19,new
BRITANNIA,EQ,2026-09-04,5155.0,5160.5,5089.5,5101.5,5101.5,5130.0,269673,1382024000.0,24426,,176038.0,65.28,new
BRNL,EQ,2026-09-04,17.13,17.39,17.01,17.12,17.25,17.12,18030,310000.0,191,,10723.0,59.47,new
BROOKS,BE,2026-09-04,65.95,66.68,64.0,66.07,66.0,64.15,12920,844000.0,95,,,,new
BSE,EQ,2026-09-04,3400.0,3474.0,3391.7,3409.8,3409.8,3306.1,7975058,27395759999.999996,321829,,2669764.0,33.48,new
BSE500IETF,EQ,2026-09-04,40.2,40.2,39.3,39.33,39.47,39.41,61545,2429000.0,997,,32401.0,52.65,new
BSHSL,EQ,2026-09-04,89.46,94.2,88.5,91.48,90.81,89.46,15418,1408000.0,247,,11728.0,76.07,new
BSL,EQ,2026-09-04,124.0,124.99,122.75,123.58,123.85,123.22,1949,241000.0,81,,1783.0,91.48,new
BSLGOLDETF,EQ,2026-09-04,136.33,136.33,134.7,135.36,135.1,134.18,224272,30339999.999999996,2547,,147481.0,65.76,new
BSLNIFTY,EQ,2026-09-04,28.34,28.34,27.97,28.14,28.09,28.07,339470,9550000.0,3601,,229405.0,67.58,new
BSLSENETFG,EQ,2026-09-04,78.67,78.67,77.12,77.52,77.52,77.15,2392,185000.0,72,,2028.0,84.78,new
BSOFT,EQ,2026-09-04,295.0,299.55,288.45,289.35,288.6,293.25,1083783,316445000.0,30305,,596276.0,55.02,new
BTML,EQ,2026-09-04,8.42,8.7,8.2,8.51,8.3,8.49,305536,2584000.0,301,,233239.0,76.34,new
BTTL,BE,2026-09-04,43.08,43.49,41.0,41.53,42.5,42.66,4172,173000.0,62,,,,new
BUILDPRO,EQ,2026-09-04,1288.8,1305.0,1282.5,1298.2,1294.0,1288.8,351369,455822999.99999994,5087,,293871.0,83.64,new
BULKCORP,ST,2026-09-04,78.0,78.0,78.0,78.0,78.0,75.6,1200,94000.0,1,,1200.0,100.0,new
BURNPUR,EQ,2026-09-04,21.56,21.56,21.56,21.56,21.56,20.54,55339,1193000.0,181,,55339.0,100.0,new
BUTTERFLY,EQ,2026-09-04,615.15,628.9,611.05,624.85,623.0,613.6,11660,7244000.0,737,,7546.0,64.72,new
BVCL,EQ,2026-09-04,44.7,44.7,43.17,43.48,43.21,43.14,85128,3739000.0,300,,28859.0,33.9,new
BYKE,BE,2026-09-04,32.88,32.88,31.22,32.11,32.4,31.9,33009,1059000.0,128,,,,new
C2C,SM,2026-09-04,225.05,226.5,220.0,221.8,223.45,223.85,57150,12680000.0,256,,35550.0,62.2,new
CALSOFT,BE,2026-09-04,43.0,43.0,40.98,40.98,40.98,43.13,155604,6468000.000000001,609,,,,new
CAMLINFINE,EQ,2026-09-04,102.9,105.37,102.1,103.13,103.01,102.28,689443,71371000.0,6530,,326066.0,47.29,new
CAMPUS,EQ,2026-09-04,223.97,225.0,220.51,223.24,221.95,223.97,364174,81120000.0,8786,,189980.0,52.17,new
CAMS,EQ,2026-09-04,750.0,757.75,746.05,748.8,748.8,747.4,469646,352919000.0,24622,,198308.0,42.22,new
CANARYS,SM,2026-09-04,25.8,26.55,24.85,26.1,26.25,25.8,96000,2483000.0,21,,60000.0,62.5,new
CANBK,EQ,2026-09-04,126.3,127.3,125.5,125.5,125.5,125.8,12141084,1536504000.0,48968,,6873482.0,56.61,new
CANFINHOME,EQ,2026-09-04,808.0,815.0,802.6,807.4,807.05,804.95,222474,180020000.0,12191,,154565.0,69.48,new
CANHLIFE,EQ,2026-09-04,155.08,161.05,153.51,157.23,156.7,154.31,1086892,172039000.0,21398,,499929.0,46.0,new
CANTABIL,EQ,2026-09-04,238.7,245.0,238.0,243.05,243.7,237.74,94452,22815000.0,1486,,42282.0,44.77,new
CAPACITE,EQ,2026-09-04,209.95,217.9,208.22,216.22,216.5,208.88,373452,79915000.0,5699,,170324.0,45.61,new
CAPILLARY,EQ,2026-09-04,485.0,492.35,480.0,490.05,486.5,480.05,109289,53267999.99999999,3384,,68256.0,62.45,new
CAPINVIT,IV,2026-09-04,76.44,76.88,76.2,76.64,76.79,76.19,1210656,92501000.0,1335,,1193309.0,98.57,new
CAPITALSFB,EQ,2026-09-04,285.6,285.6,280.1,280.95,281.4,281.85,6864,1941000.0,402,,4009.0,58.41,new
CAPLIPOINT,EQ,2026-09-04,2845.0,2845.0,2759.6,2810.8,2794.0,2845.0,208526,581526000.0,21861,,72779.0,34.9,new
CAPTRUST,BE,2026-09-04,20.0,20.7,19.44,20.04,20.16,19.76,37318,748000.0,101,,,,new
CARBORUNIV,EQ,2026-09-04,1078.7,1140.9,1069.9,1130.6,1130.0,1078.0,338864,380595000.0,21605,,151049.0,44.58,new
CARERATING,EQ,2026-09-04,1718.0,1762.9,1699.7,1738.2,1731.0,1708.4,354155,611433000.0,11044,,312261.0,88.17,new
CARRARO,EQ,2026-09-04,531.9,538.95,527.25,533.65,534.9,533.95,71136,37952000.0,4781,,32522.0,45.72,new
CARTRADE,EQ,2026-09-04,2997.0,3051.9,2945.3,3000.2,3002.0,2992.2,315551,946581000.0,42267,,132755.0,42.07,new
CARYSIL,EQ,2026-09-04,1161.9,1180.0,1136.5,1140.8,1146.0,1157.0,72848,84433000.0,5628,,37560.0,51.56,new
CASHIETF,EQ,2026-09-04,1078.37,1078.39,1078.37,1078.38,1078.39,1077.99,101592,109555000.0,103,,86426.0,85.07,new
CASTROLIND,EQ,2026-09-04,186.21,190.95,186.03,190.27,190.31,186.42,4231930,800519000.0,28190,,3046214.0,71.98,new
CCAVENUE,EQ,2026-09-04,15.48,16.21,15.41,15.7,15.76,15.4,35876401,566531000.0,39145,,11805817.0,32.91,new
CCCL,EQ,2026-09-04,14.49,14.54,14.12,14.27,14.45,14.19,118802,1700000.0,372,,78875.0,66.39,new
CCHHL,EQ,2026-09-04,12.7,12.95,12.4,12.61,12.83,12.64,42082,531000.0,142,,36354.0,86.39,new
CCL,EQ,2026-09-04,1107.3,1114.9,1079.7,1106.2,1105.5,1107.3,193825,212723999.99999997,18992,,106192.0,54.79,new
CDSL,EQ,2026-09-04,1400.0,1417.9,1391.6,1394.6,1394.6,1394.0,1117172,1568607000.0,38445,,342873.0,30.69,new
CEATLTD,EQ,2026-09-04,3323.3,3344.0,3291.2,3333.2,3333.0,3315.3,73368,243703000.00000003,15232,,36692.0,50.01,new
CEDAAR,ST,2026-09-04,13.2,13.6,13.1,13.6,13.6,13.7,10000,132000.0,5,,10000.0,100.0,new
CEIGALL,EQ,2026-09-04,359.85,359.85,351.0,355.8,355.0,347.55,949597,336816000.0,18029,,283676.0,29.87,new
CEINSYS,EQ,2026-09-04,682.0,702.0,672.0,677.85,680.8,678.65,71954,49369000.0,4494,,36130.0,50.21,new
CELEBRITY,EQ,2026-09-04,6.83,6.83,6.6,6.8,6.82,6.74,23532,159000.0,83,,19563.0,83.13,new
CELLECOR,SM,2026-09-04,32.15,33.0,31.4,32.85,32.35,32.5,354000,11506000.0,63,,276000.0,77.97,new
CELLO,EQ,2026-09-04,344.9,345.55,339.8,342.0,342.55,343.45,189002,64747000.0,7403,,106965.0,56.59,new
CELLPOINT,SM,2026-09-04,15.35,16.3,15.35,16.3,16.3,15.35,2400,38000.0,2,,2400.0,100.0,new
CEMNTGROWW,EQ,2026-09-04,14.79,14.79,14.52,14.66,14.67,14.64,63765,934000.0,335,,36942.0,57.93,new
CEMPRO,EQ,2026-09-04,1299.0,1314.7,1270.1,1297.4,1299.0,1296.9,359470,464714000.00000006,19708,,237410.0,66.04,new
CENTENKA,EQ,2026-09-04,620.0,620.0,607.05,608.9,610.0,616.65,126471,77159000.0,5991,,37348.0,29.53,new
CENTEXT,EQ,2026-09-04,21.29,22.2,19.75,20.19,20.5,21.24,957330,19724000.0,3040,,501969.0,52.43,new
CENTRALBK,EQ,2026-09-04,30.85,31.18,30.78,31.08,31.1,30.77,5295221,164335000.0,11961,,3177880.0,60.01,new
CENTRUM,EQ,2026-09-04,22.37,22.75,22.0,22.55,22.75,22.45,180060,4024000.0,521,,89926.0,49.94,new
CENTUM,EQ,2026-09-04,3746.3,3800.0,3723.0,3767.3,3760.0,3776.1,29156,109470000.0,6016,,9646.0,33.08,new
CENTURYPLY,EQ,2026-09-04,749.9,755.35,745.15,748.45,750.25,749.2,17510,13104000.0,3279,,9633.0,55.01,new
CERA,EQ,2026-09-04,5800.0,5889.5,5737.5,5787.5,5790.0,5683.5,19476,113006000.0,6266,,5654.0,29.03,new
CEREBRAINT,BZ,2026-09-04,2.6,2.72,2.55,2.69,2.7,2.6,60459,160000.0,123,,,,new
CESC,EQ,2026-09-04,148.29,149.14,145.91,146.5,146.0,147.96,1448303,213139000.0,11780,,1077168.0,74.37,new
CEWATER,EQ,2026-09-04,266.15,266.9,261.0,262.55,262.0,265.4,42011,11059000.0,1830,,19843.0,47.23,new
CFEL,EQ,2026-09-04,32.1,32.67,31.41,32.48,32.48,32.05,14038,454000.0,79,,13384.0,95.34,new
CGCL,EQ,2026-09-04,274.0,284.8,271.5,279.9,281.9,271.7,7594713,2098998000.0,54695,,2155505.0,28.38,new
CGPOWER,EQ,2026-09-04,895.0,899.8,888.05,891.0,891.0,895.0,2159759,1932433000.0000002,39300,,1095265.0,50.71,new
CGRAPHICS,SM,2026-09-04,150.9,150.9,147.0,147.6,147.6,148.55,16000,2369000.0,18,,12000.0,75.0,new
CGVAK,EQ,2026-09-04,155.0,155.0,148.0,148.21,148.2,148.01,1852,275000.0,41,,1736.0,93.74,new
CHALET,EQ,2026-09-04,890.0,904.0,888.05,896.75,900.0,890.75,87842,78884000.0,8774,,44752.0,50.95,new
CHAMBLFERT,EQ,2026-09-04,419.9,422.95,418.05,419.05,419.5,418.3,329143,138340000.0,15583,,201542.0,61.23,new
CHAMUNDA,SM,2026-09-04,44.95,44.95,42.95,43.35,43.35,43.25,21000,915000.0,7,,15000.0,71.43,new
CHANDAN,SM,2026-09-04,208.1,214.95,204.0,211.5,212.5,208.95,27200,5690000.0,32,,16000.0,58.82,new
CHAVDA,SM,2026-09-04,127.1,127.1,124.0,124.5,124.5,127.1,7000,876000.0,7,,6000.0,85.71,new
CHEMBOND,EQ,2026-09-04,178.96,178.96,169.01,170.9,172.0,173.02,6660,1146000.0,219,,3422.0,51.38,new
CHEMBONDCH,BE,2026-09-04,261.6,267.45,252.0,254.45,252.0,259.0,5353,1373000.0,132,,,,new
CHEMCON,BE,2026-09-04,201.95,202.4,197.55,198.38,199.5,201.29,14633,2916000.0,252,,,,new
CHEMCRUX,EQ,2026-09-04,82.0,83.2,80.05,82.16,82.28,82.48,5344,434000.0,181,,4594.0,85.97,new
CHEMFAB,EQ,2026-09-04,364.45,364.45,356.05,360.1,360.05,358.0,4597,1651000.0000000002,53,,4525.0,98.43,new
CHEMICAL,EQ,2026-09-04,30.54,30.54,30.1,30.2,30.29,30.29,539227,16344999.999999998,1142,,337024.0,62.5,new
CHEMPLASTS,EQ,2026-09-04,168.0,173.58,168.0,170.29,171.0,167.03,198762,33811000.0,5114,,93811.0,47.2,new
CHENNPETRO,EQ,2026-09-04,1445.1,1463.9,1425.5,1452.2,1450.0,1440.0,934269,1352932000.0,33069,,249173.0,26.67,new
CHETANA,SM,2026-09-04,43.0,43.8,43.0,43.65,43.8,43.0,6400,278000.0,4,,4800.0,75.0,new
CHEVIOT,EQ,2026-09-04,1143.0,1166.0,1141.0,1159.4,1154.8,1143.1,1428,1648000.0,118,,1285.0,89.99,new
CHOICEGOLD,EQ,2026-09-04,154.5,154.5,151.35,152.65,152.92,151.13,9699,1477000.0,151,,5738.0,59.16,new
CHOICEIN,EQ,2026-09-04,768.9,781.2,756.5,760.95,761.0,768.45,567061,436060000.00000006,14203,,169075.0,29.82,new
CHOLAFIN,EQ,2026-09-04,1841.0,1859.9,1828.0,1839.0,1839.0,1849.3,677118,1246887000.0,36495,,443900.0,65.56,new
CHOLAHLDNG,EQ,2026-09-04,1516.0,1532.7,1498.3,1525.7,1525.0,1502.8,77666,117921000.0,7808,,39324.0,50.63,new
CIEINDIA,EQ,2026-09-04,387.0,387.0,382.25,385.35,384.75,383.95,185100,71116000.0,10934,,114719.0,61.98,new
CIFL,EQ,2026-09-04,20.59,21.1,19.8,19.98,20.36,20.17,231565,4664000.0,364,,212723.0,91.86,new
CINELINE,EQ,2026-09-04,91.4,99.4,90.1,95.23,95.75,89.83,308404,29257000.0,2264,,127633.0,41.39,new
CINEVISTA,EQ,2026-09-04,14.49,14.98,14.2,14.24,14.5,14.19,2982,43000.0,57,,2466.0,82.7,new
CIPLA,EQ,2026-09-04,1397.7,1399.1,1375.5,1385.0,1385.0,1394.7,1326180,1835806000.0000002,46344,,686344.0,51.75,new
CITIUSINVT,IV,2026-09-04,115.99,116.39,115.0,116.37,116.39,115.03,115340,13409000.0,144,,109256.0,94.73,new
CKKRETAIL,SM,2026-09-04,151.05,151.05,151.0,151.0,151.0,157.95,1600,242000.0,2,,1600.0,100.0,new
CLASSICEIL,SM,2026-09-04,54.8,54.95,54.8,54.95,54.95,52.35,25600,1406000.0,11,,24000.0,93.75,new
CLAYCRAFT,SM,2026-09-04,160.0,162.0,158.0,159.4,158.8,159.85,23400,3729999.9999999995,36,,16200.0,69.23,new
CLEAN,EQ,2026-09-04,853.5,855.95,834.0,836.15,835.0,852.95,297191,250281000.0,19595,,133291.0,44.85,new
CLEANMAX,EQ,2026-09-04,1306.0,1357.9,1289.7,1347.9,1344.0,1298.7,256257,343151000.0,20896,,113817.0,44.42,new
CLEDUCATE,BE,2026-09-04,58.99,59.75,56.65,58.08,56.65,59.53,12818,755000.0,81,,,,new
CLSEL,EQ,2026-09-04,302.9,306.7,298.05,301.9,302.0,304.8,68370,20601000.0,2038,,33824.0,49.47,new
CMLL,EQ,2026-09-04,508.0,517.05,501.1,503.05,502.0,501.4,314875,159965000.0,8230,,105155.0,33.4,new
CMNL,SM,2026-09-04,125.0,127.0,114.2,115.75,114.2,121.95,25500,3089000.0,30,,21000.0,82.35,new
CMPDI,EQ,2026-09-04,239.39,244.55,236.67,243.92,243.6,239.66,2694037,651946000.0,29485,,1339686.0,49.73,new
CMRGREEN,EQ,2026-09-04,231.55,231.55,225.81,228.34,228.5,230.74,270377,61629000.0,5496,,121740.0,45.03,new
CMRSL,SM,2026-09-04,72.8,73.15,72.0,73.15,73.15,69.7,4000,291000.0,5,,4000.0,100.0,new
CMSINFO,EQ,2026-09-04,245.45,246.94,241.0,243.46,243.7,244.86,528852,128495000.0,16069,,313849.0,59.35,new
CNL,EQ,2026-09-04,1246.5,1247.3,1210.0,1215.5,1229.8,1243.4,12127,14883000.000000002,964,,8254.0,68.06,new
COALINDIA,EQ,2026-09-04,418.0,418.0,412.55,415.35,415.35,420.05,6126850,2538756000.0,69442,,3735438.0,60.97,new
COASTCORP,EQ,2026-09-04,42.32,43.09,41.54,41.88,42.0,41.93,69707,2942000.0,673,,44247.0,63.48,new
COCHINSHIP,EQ,2026-09-04,1488.9,1522.9,1486.0,1499.1,1499.1,1486.7,630573,951865000.0,22367,,178307.0,28.28,new
COCKERILL,EQ,2026-09-04,8095.0,8230.0,8025.5,8193.5,8210.0,8080.0,4524,36832000.0,949,,2608.0,57.65,new
COFFEEDAY,BE,2026-09-04,32.2,32.86,31.92,32.86,32.86,31.3,1123239,36822000.0,1393,,,,new
COFORGE,EQ,2026-09-04,1982.0,1992.9,1962.4,1972.8,1972.8,1971.8,1108102,2189361000.0,44156,,547632.0,49.42,new
COHANCE,EQ,2026-09-04,463.3,470.0,453.6,456.6,456.0,460.85,572792,264348999.99999997,26506,,256719.0,44.82,new
COLPAL,EQ,2026-09-04,1860.0,1863.9,1829.2,1829.2,1829.2,1850.0,562995,1036456000.0,27974,,376557.0,66.88,new
COMFINTE,EQ,2026-09-04,6.15,6.26,6.07,6.21,6.22,6.19,114743,708000.0,347,,71100.0,61.96,new
COMMOIETF,EQ,2026-09-04,99.7,100.43,99.25,100.33,100.0,99.41,28716,2869000.0,1348,,15287.0,53.24,new
COMPEAU,EQ,2026-09-04,368.7,379.95,353.0,371.8,370.0,361.8,2858,1053000.0,99,,2152.0,75.3,new
COMPINFO,BZ,2026-09-04,1.05,1.11,1.03,1.09,1.08,1.07,24498,27000.0,27,,,,new
COMPUSOFT,EQ,2026-09-04,13.2,13.2,12.62,13.02,13.1,12.89,23203,302000.0,252,,16405.0,70.7,new
COMSYN,EQ,2026-09-04,300.5,306.0,285.3,301.3,300.0,302.7,108742,32624000.0,1784,,74339.0,68.36,new
CONCOR,EQ,2026-09-04,508.8,509.65,502.0,508.0,508.0,508.85,1107962,559655000.0,20722,,623217.0,56.25,new
CONCORDBIO,EQ,2026-09-04,1450.0,1450.4,1411.6,1417.1,1420.0,1447.7,59142,84505000.0,7166,,30777.0,52.04,new
CONFIPET,EQ,2026-09-04,84.7,85.3,82.0,82.48,82.3,84.28,2371168,197625000.0,14601,,1260534.0,53.16,new
CONNPLEX,SM,2026-09-04,223.0,252.7,222.0,244.45,247.0,223.35,670400,155288000.0,345,,513600.0,76.61,new
CONS,EQ,2026-09-04,11.97,12.04,11.95,11.98,12.03,12.01,14601,175000.0,125,,12877.0,88.19,new
CONSOFINVT,BE,2026-09-04,288.3,288.3,288.3,288.3,288.3,274.6,21811,6288000.0,40,,,,new
CONSUMAXIS,EQ,2026-09-04,120.17,120.37,119.02,119.02,119.02,119.64,1590,191000.0,21,,1224.0,76.98,new
CONSUMBEES,EQ,2026-09-04,130.8,130.8,129.56,129.78,130.12,130.02,421784,54872000.0,1348,,403190.0,95.59,new
CONSUMER,EQ,2026-09-04,12.45,12.45,12.0,12.03,12.04,12.02,487786,5872000.0,314,,393079.0,80.58,new
CONSUMIETF,EQ,2026-09-04,120.7,121.21,120.45,120.67,120.82,121.06,412702,49956000.0,246,,375198.0,90.91,new
CONTI,SM,2026-09-04,11.1,11.1,10.95,11.1,11.1,11.1,203313,2247000.0,4,,203313.0,100.0,new
CONTROLPR,EQ,2026-09-04,602.0,602.0,591.15,593.35,593.0,600.3,7641,4538000.0,1450,,4553.0,59.59,new
COOLCAPS,ST,2026-09-04,24.2,24.5,23.05,24.5,24.5,23.35,176250,4272000.0,93,,172500.0,97.87,new
CORALFINAC,EQ,2026-09-04,33.58,34.0,32.32,33.47,33.2,32.94,13197,442000.0,247,,6855.0,51.94,new
CORDELIA,EQ,2026-09-04,102.5,106.96,101.81,103.9,103.39,101.87,2698667,284250000.0,8937,,779467.0,28.88,new
CORDSCABLE,EQ,2026-09-04,306.0,330.0,306.0,317.0,315.8,302.9,264160,84483000.0,4857,,123287.0,46.67,new
COROMANDEL,EQ,2026-09-04,1927.0,1948.3,1927.0,1938.8,1940.1,1931.3,143726,278603000.0,11670,,99928.0,69.53,new
CORONA,EQ,2026-09-04,2121.0,2150.4,2090.8,2100.1,2094.0,2127.8,12081,25513000.0,2434,,4169.0,34.51,new
COSMOFIRST,EQ,2026-09-04,938.7,943.1,916.0,919.85,920.0,940.15,66169,61310000.0,3778,,45215.0,68.33,new
COUNCODOS,BE,2026-09-04,6.65,6.65,6.44,6.45,6.44,6.52,11466,75000.0,62,,,,new
CPCAP,EQ,2026-09-04,121.69,139.79,117.25,128.33,128.7,118.3,85391,10851000.0,1126,,41629.0,48.75,new
CPEDU,EQ,2026-09-04,190.39,195.01,188.48,191.97,193.0,189.76,5928,1142000.0,131,,4872.0,82.19,new
CPL,EQ,2026-09-04,62.4,62.9,61.45,62.11,62.5,62.4,138710,8595000.0,975,,18692.0,13.48,new
CPPLUS,EQ,2026-09-04,3752.7,3797.9,3645.0,3704.6,3705.0,3751.3,202259,751763000.0,23263,,127250.0,62.91,new
CPS,SM,2026-09-04,1169.8,1169.8,1105.8,1130.0,1130.0,1164.0,3000,3411999.9999999995,12,,2850.0,95.0,new
CPSEETF,EQ,2026-09-04,95.44,95.44,93.4,93.7,93.58,93.57,353172,33132000.0,5424,,204164.0,57.81,new
CRAFTSMAN,EQ,2026-09-04,11248.0,11539.0,11097.0,11398.0,11360.0,11220.0,28595,325405000.0,10263,,12488.0,43.67,new
CRAMC,EQ,2026-09-04,252.1,254.0,250.0,251.5,251.75,251.2,177971,44890000.0,4315,,109919.0,61.76,new
CRAVATEX,EQ,2026-09-04,326.75,339.9,314.95,329.5,317.35,326.75,1353,446000.0,104,,1158.0,85.59,new
CRAYONS,SM,2026-09-04,26.0,26.0,24.8,25.1,25.1,26.0,9000,229000.0,6,,9000.0,100.0,new
CREATIVEYE,EQ,2026-09-04,6.15,6.25,5.89,6.19,6.19,6.13,16063,99000.0,55,,13628.0,84.84,new
CREDENT,SM,2026-09-04,336.5,340.0,311.0,317.7,311.0,336.5,140400,45686000.0,205,,114600.0,81.62,new
CREDITACC,EQ,2026-09-04,1453.9,1468.0,1438.0,1443.1,1440.0,1437.4,217925,315871000.0,27335,,127343.0,58.43,new
CREST,EQ,2026-09-04,369.9,369.9,356.2,359.0,357.1,365.3,1505,542000.0,118,,1201.0,79.8,new
CRISIL,EQ,2026-09-04,4775.0,4872.0,4726.3,4802.0,4790.0,4759.7,184833,891819000.0,16015,,149461.0,80.86,new
CRIZAC,EQ,2026-09-04,163.0,163.77,159.95,160.29,160.31,162.27,294106,47374000.0,6684,,184106.0,62.6,new
CROMPTON,EQ,2026-09-04,227.64,235.47,226.27,232.4,232.4,226.51,4443658,1037170000.0000001,31875,,1849443.0,41.62,new
CROWN,EQ,2026-09-04,114.45,114.69,110.03,112.84,114.0,111.8,37657,4251000.0,279,,29454.0,78.22,new
CRSL,BE,2026-09-04,2.61,2.74,2.48,2.73,2.74,2.61,702306,1882999.9999999998,867,,,,new
CSBBANK,EQ,2026-09-04,325.15,331.65,320.8,328.55,329.0,324.95,658990,215977000.0,15607,,314279.0,47.69,new
CSLFINANCE,EQ,2026-09-04,245.58,254.7,245.58,251.77,252.0,243.86,94290,23707000.0,2410,,67288.0,71.36,new
CSM,EQ,2026-09-04,93.99,94.78,93.4,94.36,94.57,94.0,80421,7555000.0,727,,58684.0,72.97,new
CSSL,SM,2026-09-04,90.5,93.0,89.75,91.65,93.0,90.15,26000,2348000.0,14,,24000.0,92.31,new
CTE,BE,2026-09-04,41.01,42.74,39.51,41.82,42.34,41.03,11345,472000.0,76,,,,new
CUB,EQ,2026-09-04,234.0,242.9,233.69,236.01,235.24,234.36,2621193,628596000.0,44237,,1128650.0,43.06,new
CUBEINVIT,IV,2026-09-04,157.78,158.0,156.5,157.5,156.5,157.0,504255,79221000.0,5575,,473556.0,93.91,new
CUBEXTUB,EQ,2026-09-04,76.6,78.66,75.95,76.8,76.7,76.41,48940,3783000.0,1373,,27125.0,55.43,new
CUDML,SM,2026-09-04,105.0,106.0,102.0,105.2,105.2,104.0,22000,2279000.0,17,,21000.0,95.45,new
CUMMINSIND,EQ,2026-09-04,5071.0,5083.0,5013.0,5035.0,5035.0,5071.0,483825,2438711000.0,28202,,352666.0,72.89,new
CUPID,EQ,2026-09-04,280.0,287.0,280.0,283.15,283.6,279.95,8434946,2392691000.0,64825,,3848101.0,45.62,new
CURAA,EQ,2026-09-04,78.5,78.5,60.0,72.46,74.0,66.2,2020,145000.0,114,,1371.0,67.87,new
CURIS,SM,2026-09-04,145.7,153.5,145.0,151.35,151.9,145.1,38000,5658000.0,37,,30000.0,78.95,new
CURRENT,SM,2026-09-04,86.2,86.2,85.0,85.0,85.0,89.0,6400,546000.0,4,,6400.0,100.0,new
CYBERMEDIA,EQ,2026-09-04,25.9,28.45,22.2,26.4,26.75,23.88,2157521,57565000.0,7778,,585091.0,27.12,new
CYBERTECH,BE,2026-09-04,134.39,134.39,132.5,133.36,133.5,132.27,6933,924000.0,135,,,,new
CYIENT,EQ,2026-09-04,1111.3,1131.7,1096.2,1101.8,1100.8,1111.3,327209,364488000.0,17661,,104180.0,31.84,new
CYIENTDLM,EQ,2026-09-04,833.8,894.0,830.0,856.95,855.5,836.55,1201568,1043627000.0,45322,,429960.0,35.78,new
DABUR,EQ,2026-09-04,380.45,383.25,377.35,380.9,380.9,380.7,1702061,647999000.0,28671,,876010.0,51.47,new
DAICHI,EQ,2026-09-04,374.7,374.7,359.8,364.8,363.1,369.75,5043,1857999.9999999998,169,,3739.0,74.14,new
DALBHARAT,EQ,2026-09-04,1770.1,1778.9,1740.0,1749.3,1752.0,1771.2,73496,129273000.0,10844,,41771.0,56.83,new
DALMIASUG,EQ,2026-09-04,460.95,462.5,435.05,438.55,439.0,461.05,342704,151924000.0,8816,,139211.0,40.62,new
DAMCAPITAL,EQ,2026-09-04,145.99,147.49,144.17,144.9,144.54,145.28,170224,24729000.0,2298,,75655.0,44.44,new
DAMODARIND,BE,2026-09-04,29.12,29.12,28.22,28.45,28.45,28.98,1493,43000.0,14,,,,new
DANGEE,EQ,2026-09-04,2.94,2.98,2.9,2.94,2.95,2.94,40836,120000.0,125,,33972.0,83.19,new
DANISH,SM,2026-09-04,890.0,890.3,841.3,854.1,852.1,874.15,31500,27198000.0,144,,20850.0,66.19,new
DATAMATICS,EQ,2026-09-04,771.45,785.0,762.2,764.9,766.0,774.85,55826,43094000.0,3293,,27359.0,49.01,new
DATAPATTNS,EQ,2026-09-04,4588.0,4666.0,4546.4,4585.0,4570.0,4587.3,377845,1743791999.9999998,36760,,84746.0,22.43,new
DAVANGERE,EQ,2026-09-04,2.07,2.07,1.94,1.96,1.95,2.04,15393852,30557000.0,5021,,11435873.0,74.29,new
DBCORP,EQ,2026-09-04,195.79,197.09,193.79,195.65,194.8,193.78,43972,8604000.0,1222,,25727.0,58.51,new
DBEIL,BE,2026-09-04,6.2,6.44,6.05,6.43,6.44,6.14,210682,1335000.0,344,,,,new
DBL,EQ,2026-09-04,402.75,404.0,398.0,401.0,401.25,398.55,58236,23313000.0,1965,,25322.0,43.48,new
DBOL,EQ,2026-09-04,128.96,128.96,124.0,124.99,125.2,129.64,232171,29060000.000000004,3660,,130212.0,56.08,new
DBREALTY,EQ,2026-09-04,103.4,105.0,101.0,102.57,102.89,103.05,1439328,148040000.0,7889,,783773.0,54.45,new
DBSTOCKBRO,BE,2026-09-04,29.19,29.19,28.4,28.63,28.95,29.07,4158,120000.0,36,,,,new
DCAL,EQ,2026-09-04,178.5,178.5,173.2,174.38,174.2,176.99,122894,21515000.0,2245,,74132.0,60.32,new
DCBBANK,EQ,2026-09-04,222.4,223.9,220.2,220.74,221.0,222.2,539992,119698000.0,13976,,256899.0,47.57,new
DCCL,SM,2026-09-04,43.0,43.0,43.0,43.0,43.0,43.0,4000,172000.0,2,,4000.0,100.0,new
DCG,SM,2026-09-04,68.25,69.95,67.5,68.8,67.6,65.35,22800,1568000.0,18,,21600.0,94.74,new
DCI,EQ,2026-09-04,362.0,362.0,346.1,350.55,352.85,357.65,87942,31027000.0,2764,,37122.0,42.21,new
DCM,BE,2026-09-04,77.0,78.4,76.8,77.01,76.95,76.97,16163,1246000.0,42,,,,new
DCMFINSERV,EQ,2026-09-04,5.09,5.37,5.09,5.2,5.25,5.09,5995,31000.0,67,,5360.0,89.41,new
DCMNVL,EQ,2026-09-04,188.94,191.14,183.25,184.96,185.78,182.04,16490,3107000.0,245,,13525.0,82.02,new
DCMSHRIRAM,EQ,2026-09-04,1024.9,1026.1,1014.0,1020.9,1020.0,1019.2,85914,87613000.0,7325,,53932.0,62.77,new
DCMSIL,EQ,2026-09-04,71.3,71.3,68.06,68.76,69.0,70.29,99773,6966000.0,1074,,65841.0,65.99,new
DCMSRIND,EQ,2026-09-04,46.6,46.63,44.1,44.91,45.4,46.51,182082,8280000.0,1937,,67059.0,36.83,new
DCW,EQ,2026-09-04,46.11,46.95,45.81,45.98,46.2,46.3,912734,42338000.0,3660,,326087.0,35.73,new
DCXINDIA,EQ,2026-09-04,170.15,172.35,168.1,168.83,169.65,169.57,328462,55916000.0,4906,,166604.0,50.72,new
DDEVPLSTIK,EQ,2026-09-04,273.55,274.95,271.3,273.0,273.5,272.5,51629,14078000.0,1229,,36432.0,70.56,new
DECCANCE,EQ,2026-09-04,569.8,579.9,564.35,569.75,568.85,565.15,29858,17057000.0,589,,21520.0,72.07,new
DECCANTRAN,SM,2026-09-04,20.25,20.25,20.0,20.0,20.0,20.25,117600,2353000.0,6,,117600.0,100.0,new
DECNGOLD,EQ,2026-09-04,215.0,219.3,212.43,213.87,215.0,213.8,959258,206955000.00000003,14447,,442945.0,46.18,new
DEEDEV,EQ,2026-09-04,645.8,673.8,642.05,658.25,659.0,645.9,327955,217359000.0,18558,,147142.0,44.87,new
DEEM,ST,2026-09-04,42.25,42.3,42.25,42.3,42.3,40.3,3000,127000.0,3,,3000.0,100.0,new
DEEP,EQ,2026-09-04,36.8,36.8,34.21,35.0,35.54,36.0,23168,821000.0000000001,193,,19386.0,83.68,new
DEEPAKFERT,EQ,2026-09-04,1362.7,1395.0,1353.3,1362.1,1364.8,1355.9,229112,314401000.0,16670,,110590.0,48.27,new
DEEPAKNTR,EQ,2026-09-04,1728.0,1743.7,1705.7,1712.4,1715.1,1725.3,196070,337183000.0,22151,,103034.0,52.55,new
DEEPINDS,EQ,2026-09-04,757.75,793.7,749.0,786.45,783.0,744.85,1324171,1028587000.0000001,35441,,457266.0,34.53,new
DEFENCE,EQ,2026-09-04,81.75,82.57,81.59,81.99,81.81,81.45,239629,19679000.0,881,,126750.0,52.89,new
DELAPLEX,SM,2026-09-04,87.0,103.0,87.0,100.0,100.0,97.65,7800,773000.0,13,,5400.0,69.23,new
DELHIVERY,EQ,2026-09-04,465.0,465.9,457.9,457.9,457.9,464.35,1936111,892354999.9999999,29259,,1274507.0,65.83,new
DELPHIFX,BE,2026-09-04,6.17,6.17,5.8,6.04,6.07,5.94,117604,705000.0,214,,,,new
DELTACORP,EQ,2026-09-04,56.79,57.4,55.56,56.12,56.26,56.25,1070574,60472000.0,5816,,487361.0,45.52,new
DELTAMAGNT,EQ,2026-09-04,56.66,59.9,55.72,58.4,58.94,57.23,4124,238000.0,188,,3462.0,83.95,new
DELTIC,SM,2026-09-04,35.8,35.8,34.65,35.35,35.35,35.8,6000,211000.0,6,,5000.0,83.33,new
DEN,EQ,2026-09-04,27.66,28.1,27.66,27.97,27.95,27.87,211531,5904000.0,1022,,151747.0,71.74,new
DENEERS,SM,2026-09-04,167.5,176.0,167.5,172.3,170.2,169.9,60000,10454000.0,36,,52200.0,87.0,new
DENORA,EQ,2026-09-04,822.3,836.0,810.1,812.3,812.0,824.55,2711,2217000.0,276,,2024.0,74.66,new
DENTA,EQ,2026-09-04,273.2,276.9,271.0,275.35,275.6,270.4,56286,15428000.0,1823,,23748.0,42.19,new
DENTALKART,SM,2026-09-04,402.0,412.0,402.0,412.0,412.0,400.0,4250,1744000.0000000002,17,,3500.0,82.35,new
DEVIT,EQ,2026-09-04,24.9,25.5,23.61,24.21,24.4,24.52,69859,1697000.0,477,,50286.0,71.98,new
DEVX,EQ,2026-09-04,32.9,33.39,32.66,33.29,33.15,32.13,40903,1352000.0,308,,30201.0,73.84,new
DEVYANI,EQ,2026-09-04,138.0,142.86,137.37,139.28,139.32,138.05,2432975,342019000.0,32970,,855506.0,35.16,new
DGCONTENT,EQ,2026-09-04,24.75,25.0,24.55,24.83,24.55,24.43,1564,39000.0,45,,1418.0,90.66,new
DHABRIYA,BE,2026-09-04,515.85,528.9,501.0,503.45,510.0,513.3,8802,4497000.0,178,,,,new
DHAMPURSUG,EQ,2026-09-04,176.45,176.45,165.63,167.59,167.4,177.05,832821,140825000.0,11069,,398090.0,47.8,new
DHANBANK,EQ,2026-09-04,31.8,32.03,31.69,31.86,31.95,31.72,349043,11125000.0,1133,,209633.0,60.06,new
DHANLAXMI,SM,2026-09-04,24.3,25.0,24.3,25.0,25.0,24.25,8000,197000.0,4,,4000.0,50.0,new
DHANSA,SM,2026-09-04,27.95,28.1,26.9,28.1,28.1,26.8,18000,500000.0,9,,12000.0,66.67,new
DHANUKA,EQ,2026-09-04,1009.0,1014.0,994.8,1010.65,1014.0,1010.15,17124,17236000.0,1253,,8927.0,52.13,new
DHARAN,BZ,2026-09-04,0.14,0.14,0.13,0.13,0.14,0.13,13130525,1816000.0,1594,,,,new
DHARARAIL,ST,2026-09-04,140.0,140.0,134.5,136.6,134.5,140.05,15000,2079000.0,12,,15000.0,100.0,new
DHARIWAL,SM,2026-09-04,24.95,24.95,22.65,24.0,24.15,23.8,846000,20485000.0,191,,531000.0,62.77,new
DHARMAJ,EQ,2026-09-04,268.3,271.0,264.3,270.05,270.0,269.05,29203,7845999.999999999,1792,,16685.0,57.13,new
DHATRE,EQ,2026-09-04,4.33,4.59,4.21,4.33,4.43,4.35,17330,75000.0,109,,12135.0,70.02,new
DHOOTTRANS,EQ,2026-09-04,1615.0,1665.0,1570.1,1615.7,1580.0,1583.5,6047122,9814338000.0,317283,,1285880.0,21.26,new
DHRUV,EQ,2026-09-04,23.45,23.45,22.29,22.32,22.85,23.45,7195,163000.0,100,,5859.0,81.43,new
DHUNINV,EQ,2026-09-04,1046.25,1054.8,1012.65,1019.15,1015.0,1046.25,1224,1261000.0,204,,800.0,65.36,new
DIACABS,BE,2026-09-04,324.0,339.0,316.7,331.8,332.5,322.9,1146702,380196000.0,9863,,,,new
DIAMINESQ,EQ,2026-09-04,243.54,245.39,240.0,240.99,240.0,244.76,3798,923000.0,299,,3063.0,80.65,new
DIAMONDYD,EQ,2026-09-04,1162.3,1162.3,1147.6,1158.3,1161.0,1159.8,5787,6672000.0,713,,3759.0,64.96,new
DICIND,EQ,2026-09-04,596.0,638.95,589.75,618.6,613.1,584.0,45846,28362000.0,1548,,31618.0,68.97,new
DIFFNKG,EQ,2026-09-04,487.0,519.9,470.0,474.9,476.8,477.6,2072376,1030653000.0000001,52420,,437280.0,21.1,new
DIGIDRIVE,EQ,2026-09-04,17.31,18.0,17.31,17.65,17.8,17.8,6628,118000.0,96,,5912.0,89.2,new
DIGIKORE,SM,2026-09-04,40.0,41.0,36.0,40.1,40.6,40.0,57600,2252000.0,92,,23600.0,40.97,new
DIGISPICE,EQ,2026-09-04,17.29,17.29,16.52,16.98,16.99,16.96,73604,1243000.0,282,,35870.0,48.73,new
DIGITIDE,EQ,2026-09-04,95.55,98.19,95.31,97.01,97.27,95.52,263762,25593000.0,1597,,122342.0,46.38,new
DIGJAMLMTD,EQ,2026-09-04,50.48,51.0,49.41,49.96,50.97,49.4,1422,72000.0,33,,773.0,54.36,new
DISAQ,EQ,2026-09-04,11987.0,12119.0,11825.0,11990.0,11999.0,11775.0,61,732000.0,48,,31.0,50.82,new
DISHTV,EQ,2026-09-04,2.61,2.65,2.51,2.57,2.59,2.61,1807676,4665000.0,1693,,1355353.0,74.98,new
DIVGIITTS,EQ,2026-09-04,1245.1,1268.3,1211.2,1235.8,1225.2,1235.2,94690,116523000.0,7891,,42835.0,45.24,new
DIVIDEND,EQ,2026-09-04,35.72,35.72,35.49,35.62,35.61,35.55,2476,88000.0,61,,1492.0,60.26,new
DIVINEHIRA,ST,2026-09-04,115.0,115.0,109.0,109.45,113.5,113.7,16800,1859000.0,8,,12000.0,71.43,new
DIVISLAB,EQ,2026-09-04,9244.0,9269.0,9100.0,9100.0,9100.0,9250.0,250202,2294932000.0,28411,,158206.0,63.23,new
DIVOPPBEES,EQ,2026-09-04,76.68,77.4,76.27,76.77,76.95,76.68,97372,7476000.000000001,980,,65760.0,67.53,new
DIVYADHAN,ST,2026-09-04,44.95,44.95,44.9,44.9,44.9,42.85,12000,539000.0,3,,12000.0,100.0,new
DIXON,EQ,2026-09-04,14445.0,14463.0,14070.0,14240.0,14240.0,14445.0,350720,4991620000.0,53585,,129916.0,37.04,new
DJML,EQ,2026-09-04,70.71,76.9,70.71,75.64,74.69,70.71,234263,17534000.0,2757,,96217.0,41.07,new
DLF,EQ,2026-09-04,681.65,689.75,680.8,681.9,681.9,681.65,1911967,1310683000.0,51851,,1017091.0,53.2,new
DLINKINDIA,EQ,2026-09-04,453.0,455.9,448.4,451.15,451.7,452.35,67520,30470999.999999996,2802,,31849.0,47.17,new
DMART,EQ,2026-09-04,3765.0,3779.9,3745.9,3770.0,3770.0,3763.0,288600,1085763000.0,20814,,175208.0,60.71,new
DMCC,EQ,2026-09-04,294.7,302.0,291.1,293.35,291.5,295.5,46455,13786000.000000002,1452,,20062.0,43.19,new
DNAMEDIA,EQ,2026-09-04,2.68,2.7,2.51,2.63,2.67,2.63,34439,90000.0,123,,22011.0,63.91,new
DODLA,EQ,2026-09-04,1081.7,1081.7,1062.0,1066.8,1065.1,1069.9,8579,9166000.0,1616,,4825.0,56.24,new
DOLATALGO,EQ,2026-09-04,70.49,72.99,70.11,70.91,70.4,70.05,187699,13376000.0,1685,,79123.0,42.15,new
DOLLAR,EQ,2026-09-04,265.55,267.1,262.8,264.25,263.5,265.0,36786,9737000.0,1075,,20289.0,55.15,new
DOLLEX,SM,2026-09-04,36.8,36.8,36.8,36.8,36.8,35.0,4000,147000.0,1,,4000.0,100.0,new
DOLPHIN,EQ,2026-09-04,625.0,681.55,623.3,674.0,677.0,619.6,169333,112078000.0,3757,,88126.0,52.04,new
DOMS,EQ,2026-09-04,2205.0,2224.8,2183.2,2208.7,2208.3,2207.6,77261,170429000.0,10476,,41719.0,54.0,new
DONEAR,EQ,2026-09-04,90.39,93.47,89.1,92.25,92.02,88.56,106790,9788000.0,698,,64195.0,60.11,new
DPABHUSHAN,EQ,2026-09-04,1362.8,1445.0,1362.8,1414.2,1414.2,1359.4,36359,51436000.0,3609,,9960.0,27.39,new
DPEL,SM,2026-09-04,579.95,580.0,577.0,578.75,578.1,577.3,12000,6948000.0,21,,6000.0,50.0,new
DPSCLTD,BE,2026-09-04,7.4,7.45,6.95,7.09,7.28,7.27,147130,1054000.0,464,,,,new
DPWIRES,BE,2026-09-04,154.0,156.5,154.0,154.62,154.55,153.99,2489,385000.0,69,,,,new
DRAGARWQ,EQ,2026-09-04,5339.0,5474.0,5302.0,5422.5,5474.0,5339.0,954,5142000.0,193,,774.0,81.13,new
DRCSYSTEMS,EQ,2026-09-04,13.21,13.85,13.21,13.64,13.75,13.42,37863,516000.0,229,,27690.0,73.13,new
DREAMFOLKS,EQ,2026-09-04,66.1,67.47,66.07,66.93,67.0,66.33,38187,2538000.0,694,,22708.0,59.47,new
DREDGECORP,EQ,2026-09-04,1074.7,1117.5,1074.7,1087.7,1084.6,1074.7,128213,140581000.0,8211,,35502.0,27.69,new
DRONE,SM,2026-09-04,34.15,34.15,32.0,33.5,33.45,34.0,43500,1446000.0,75,,28000.0,64.37,new
DRREDDY,EQ,2026-09-04,1157.0,1166.8,1151.0,1151.0,1151.0,1155.0,568461,659407000.0,33569,,323584.0,56.92,new
DSFCL,BE,2026-09-04,25.79,26.24,25.5,25.81,25.88,25.75,66854,1722000.0,145,,,,new
DSSL,EQ,2026-09-04,992.6,1053.1,990.0,1053.1,1053.1,1003.0,34708,36005000.0,2982,,18049.0,52.0,new
DTIL,BE,2026-09-04,153.63,153.63,146.6,150.64,150.0,152.87,6245,933000.0,110,,,,new
DUCOL,SM,2026-09-04,109.0,114.9,108.0,108.0,108.0,109.0,4000,440000.00000000006,5,,3200.0,80.0,new
DUCON,EQ,2026-09-04,1.92,1.99,1.84,1.92,1.92,1.93,1709236,3233000.0,1080,,1306124.0,76.42,new
DUCON-RE1,BE,2026-09-04,0.39,0.41,0.39,0.39,0.39,0.65,5721926,2232000.0,1818,,,,new
DUGLOBAL,SM,2026-09-04,25.7,25.7,25.5,25.55,25.65,25.0,12500,320000.0,4,,12500.0,100.0,new
DURLAX,SM,2026-09-04,66.45,66.5,64.1,64.5,64.7,66.5,26000,1689000.0,12,,16000.0,61.54,new
DVL,EQ,2026-09-04,284.45,292.0,284.45,290.05,292.0,285.8,15605,4512000.0,492,,10053.0,64.42,new
DWARKESH,EQ,2026-09-04,49.41,49.41,47.01,47.31,47.47,49.32,2333510,111445000.0,9152,,858760.0,36.8,new
DYCL,EQ,2026-09-04,541.9,546.8,484.0,487.9,488.0,544.3,1789647,903416000.0,44589,,739649.0,41.33,new
DYNAMATECH,EQ,2026-09-04,11560.0,11775.0,11558.0,11654.0,11672.0,11532.0,8608,100306000.0,3309,,2830.0,32.88,new
DYNAMIC,ST,2026-09-04,141.8,148.75,139.05,146.3,148.75,141.7,14500,2106000.0,29,,11000.0,75.86,new
DYNPRO,EQ,2026-09-04,240.0,248.0,235.0,236.06,236.89,237.81,37117,8974000.0,1061,,26340.0,70.96,new
E2E,BE,2026-09-04,573.1,615.0,573.1,601.55,602.0,592.7,631973,377009000.0,11345,,,,new
E2ERAIL,SM,2026-09-04,337.0,364.95,337.0,353.1,354.6,345.4,83200,29127999.999999996,86,,35200.0,42.31,new
EASEMYTRIP,EQ,2026-09-04,6.03,6.03,5.98,6.0,5.99,5.97,5002636,30043000.0,4499,,2699285.0,53.96,new
EASTSILK,BE,2026-09-04,63.99,63.99,60.8,61.0,60.86,63.99,1126,69000.0,29,,,,new
EASTWEST,EQ,2026-09-04,2.3,2.4,2.28,2.36,2.37,2.34,61727,144000.0,167,,47970.0,77.71,new
EBANK10,EQ,2026-09-04,16.83,16.84,16.66,16.84,16.84,16.83,401,7000.000000000001,15,,398.0,99.25,new
EBANKNIFTY,EQ,2026-09-04,58.11,58.27,57.82,58.26,58.26,58.22,2088,121000.0,15,,2026.0,97.03,new
EBBETF0430,EQ,2026-09-04,1611.98,1611.98,1607.71,1609.05,1608.75,1607.71,2002,3222000.0,260,,1606.0,80.22,new
EBBETF0431,EQ,2026-09-04,1432.36,1443.67,1431.0,1440.43,1438.05,1439.55,5856,8434000.0,200,,2790.0,47.64,new
EBBETF0433,EQ,2026-09-04,1313.15,1314.98,1306.53,1311.12,1311.0,1309.36,2625,3444000.0,95,,1894.0,72.15,new
EBGNG,EQ,2026-09-04,622.0,633.4,583.0,601.25,604.0,622.1,1005022,608154000.0,40195,,446481.0,44.42,new
EBIX,BE,2026-09-04,20.24,20.48,19.5,20.28,20.29,19.84,20412,405000.0,75,,,,new
ECAPINSURE,EQ,2026-09-04,23.89,24.0,23.72,23.99,24.0,23.77,53393,1272000.0,176,,47016.0,88.06,new
ECLERX,EQ,2026-09-04,1960.0,1967.8,1878.3,1905.7,1901.0,1971.7,163141,314858000.0,22979,,70117.0,42.98,new
ECOLINE,ST,2026-09-04,181.0,183.0,176.0,180.35,183.0,180.0,31000,5583000.0,19,,31000.0,100.0,new
ECORECO,EQ,2026-09-04,462.0,468.95,455.85,459.35,457.0,456.1,10145,4688000.0,655,,8157.0,80.4,new
ECOSMOBLTY,EQ,2026-09-04,113.93,115.9,112.13,113.54,113.0,113.93,79330,9020000.0,1366,,47505.0,59.88,new
EDELWEISS,EQ,2026-09-04,136.11,138.24,134.76,136.08,135.9,134.76,11273587,1537791000.0,64340,,4802952.0,42.6,new
EEPL,ST,2026-09-04,132.0,141.7,132.0,139.7,141.7,135.05,18000,2490000.0,18,,17000.0,94.44,new
EFACTOR,SM,2026-09-04,180.0,180.0,168.15,173.0,173.0,175.0,3600,633000.0,6,,2000.0,55.56,new
EFCIL,EQ,2026-09-04,198.09,202.0,192.0,193.24,193.0,200.84,235570,46246000.0,4668,,136097.0,57.77,new
EFFWA,ST,2026-09-04,370.0,380.0,350.2,360.0,360.0,368.15,8800,3200000.0,19,,8800.0,100.0,new
EFORCE,SM,2026-09-04,19.3,21.4,19.3,20.05,20.05,19.5,16800,341000.0,14,,12000.0,71.43,new
EGOLD,EQ,2026-09-04,153.2,154.4,153.05,153.8,153.75,152.6,167536,25768000.0,360,,160267.0,95.66,new
EICHERMOT,EQ,2026-09-04,7665.0,7665.5,7590.0,7630.5,7630.5,7690.0,492954,3757757000.0,47403,,343882.0,69.76,new
EIDPARRY,EQ,2026-09-04,778.25,784.5,774.85,781.35,782.0,778.25,270760,210982000.00000003,11684,,131254.0,48.48,new
EIEL,EQ,2026-09-04,196.9,201.7,195.65,199.17,199.1,195.66,769678,153011000.0,12654,,304654.0,39.58,new
EIFFL,BE,2026-09-04,273.05,273.05,273.05,273.05,273.05,278.6,1424,389000.0,15,,,,new
EIHAHOTELS,EQ,2026-09-04,305.45,308.6,295.3,297.65,299.55,303.85,11705,3510000.0,1161,,8049.0,68.77,new
EIHOTEL,EQ,2026-09-04,292.65,293.4,290.1,291.9,291.8,290.75,154906,45193000.0,10144,,83244.0,53.74,new
EIMCOELECO,EQ,2026-09-04,2286.1,2286.1,2240.0,2254.4,2250.0,2280.4,19567,44224000.0,2517,,11877.0,60.7,new
EKC,EQ,2026-09-04,107.4,107.65,105.15,106.42,106.5,107.0,150735,16016999.999999998,1680,,95432.0,63.31,new
EKI,EQ,2026-09-04,73.15,76.0,73.11,74.13,74.3,74.06,6162,458000.0,205,,4839.0,78.53,new
ELANTAS,EQ,2026-09-04,12395.0,12400.0,12100.0,12219.0,12279.0,12114.0,1367,16691000.0,588,,714.0,52.23,new
ELCIDIN,EQ,2026-09-04,109880.0,109880.0,107400.0,107590.0,107900.0,106500.0,12,1295000.0,12,,7.0,58.33,new
ELDEHSG,EQ,2026-09-04,781.0,801.0,781.0,789.1,794.8,790.45,415,328000.0,35,,361.0,86.99,new
ELECON,EQ,2026-09-04,436.5,442.5,428.75,433.75,433.0,435.95,535067,232935000.0,20353,,159527.0,29.81,new
ELECTCAST,EQ,2026-09-04,84.3,84.9,82.61,83.71,83.15,83.85,1762760,147418000.0,13251,,752076.0,42.66,new
ELECTHERM,EQ,2026-09-04,979.9,999.9,979.9,980.9,980.0,979.9,7385,7264000.0,331,,5848.0,79.19,new
ELGIEQUIP,EQ,2026-09-04,632.95,645.4,627.5,642.1,643.45,630.35,691967,441570000.0,22241,,317521.0,45.89,new
ELGIRUBCO,EQ,2026-09-04,59.98,59.98,58.1,58.69,58.59,59.08,44079,2593000.0,1003,,17645.0,40.03,new
ELGNZ,SM,2026-09-04,85.5,88.25,84.3,87.55,88.0,84.05,25000,2150000.0,24,,16000.0,64.0,new
ELIN,EQ,2026-09-04,95.26,97.3,95.0,95.4,95.25,95.26,196524,18868000.0,2356,,109742.0,55.84,new
ELIQUID,EQ,2026-09-04,1046.75,1046.75,1046.59,1046.6,1046.6,1046.25,11691,12236000.0,7,,11691.0,100.0,new
ELITECON,EQ,2026-09-04,8.68,8.68,8.68,8.68,8.68,9.13,1122582,9744000.0,3278,,1122582.0,100.0,new
ELLEN,EQ,2026-09-04,333.8,340.15,327.5,331.85,331.1,330.45,759237,254685000.0,15867,,352897.0,46.48,new
ELM250,EQ,2026-09-04,16.8,16.8,16.51,16.61,16.68,16.65,355767,5927000.0,278,,337329.0,94.82,new
ELMDIV,EQ,2026-09-04,36.99,36.99,36.49,36.5,36.5,36.38,602,22000.0,12,,598.0,99.34,new
ELPROINTL,EQ,2026-09-04,173.66,174.94,173.58,174.0,174.0,174.44,3631,632000.0,75,,2242.0,61.75,new
EMAMILTD,EQ,2026-09-04,370.0,371.4,361.85,366.05,367.0,368.2,1293997,471913000.0,22806,,767481.0,59.31,new
EMAMIPAP,BE,2026-09-04,112.35,115.92,111.7,115.92,115.92,110.4,35403,4063000.0000000005,307,,,,new
EMAMIREAL,EQ,2026-09-04,69.29,69.3,65.7,66.74,66.45,68.7,24880,1664999.9999999998,382,,19723.0,79.27,new
EMAPARTNER,SM,2026-09-04,85.0,86.0,80.55,85.35,86.0,83.05,18000,1512000.0,16,,14000.0,77.78,new
EMBASSY,RR,2026-09-04,439.97,439.97,435.11,438.69,438.36,438.57,641632,281459000.0,10850,,611702.0,95.34,new
EMBDL,EQ,2026-09-04,58.65,59.19,57.25,57.53,57.6,58.59,2533639,147092000.0,11846,,1276003.0,50.36,new
EMCURE,EQ,2026-09-04,1888.0,1935.0,1874.7,1927.6,1925.9,1854.7,276608,529689000.00000006,24433,,112894.0,40.81,new
EMETAL,EQ,2026-09-04,13.21,13.36,13.13,13.36,13.36,13.19,5051,66000.0,14,,4890.0,96.81,new
EMIL,EQ,2026-09-04,175.4,176.67,167.54,173.74,172.6,176.16,1637322,282154000.0,22574,,726750.0,44.39,new
EMKAY,EQ,2026-09-04,259.0,270.0,255.15,267.25,267.0,257.75,54753,14479000.0,1159,,38638.0,70.57,new
EMKAYTOOLS,SM,2026-09-04,93.5,98.0,93.5,98.0,98.0,96.05,1350,132000.0,9,,1200.0,88.89,new
EMMBI,BE,2026-09-04,91.05,94.2,90.75,91.0,90.75,90.17,5830,536000.0,66,,,,new
EMMIL,SM,2026-09-04,120.0,124.0,118.15,120.1,120.1,120.65,15750,1905000.0,25,,11000.0,69.84,new
EMMVEE,EQ,2026-09-04,327.0,330.9,322.3,325.2,325.35,326.4,873378,284298000.0,27551,,380050.0,43.51,new
EMPIND,EQ,2026-09-04,1202.0,1208.3,1192.0,1195.6,1196.0,1195.9,6883,8242000.0,500,,5777.0,83.93,new
EMPOWER,EQ,2026-09-04,1.73,1.9,1.73,1.84,1.89,1.82,26427168,46945000.0,4753,,11039243.0,41.77,new
EMSLIMITED,EQ,2026-09-04,387.35,388.95,381.0,383.05,383.75,387.35,166270,63677000.0,4614,,72617.0,43.67,new
EMUDHRA,EQ,2026-09-04,519.85,534.4,519.85,524.8,525.0,519.85,71392,37531000.0,2873,,36777.0,51.51,new
EMULTIMQ,EQ,2026-09-04,42.19,42.24,41.75,42.0,42.0,41.77,11409,479000.0,126,,7297.0,63.96,new
ENCOMPAS,SM,2026-09-04,251.45,258.95,248.0,256.8,258.0,248.65,9600,2429000.0,21,,7600.0,79.17,new
ENDURANCE,EQ,2026-09-04,2757.0,2795.0,2736.6,2782.8,2772.3,2754.7,50285,138950000.0,9180,,32106.0,63.85,new
ENERGY,EQ,2026-09-04,38.49,38.81,38.3,38.41,38.3,38.41,274108,10543000.0,773,,232941.0,84.98,new
ENERGYAXIS,EQ,2026-09-04,19.0,19.17,19.0,19.15,19.17,19.2,7399,141000.0,52,,7292.0,98.55,new
ENERGYDEV,EQ,2026-09-04,15.99,15.99,15.45,15.49,15.5,15.5,11133,174000.0,171,,8678.0,77.95,new
ENEXT50,EQ,2026-09-04,73.52,73.55,73.1,73.1,73.1,72.8,275,20000.0,9,,275.0,100.0,new
ENFUSE,SM,2026-09-04,155.05,155.05,155.0,155.0,155.0,160.75,1800,279000.0,3,,1800.0,100.0,new
ENGINERSIN,EQ,2026-09-04,282.4,284.5,278.35,279.45,280.0,281.95,3490446,983698000.0,51832,,1377233.0,39.46,new
ENIFTY,EQ,2026-09-04,24.75,24.75,24.1,24.19,24.19,24.15,6023,146000.0,58,,4517.0,75.0,new
ENIL,EQ,2026-09-04,99.67,103.1,99.67,102.65,103.0,99.61,27341,2775000.0,582,,20099.0,73.51,new
ENKEIWHEL,EQ,2026-09-04,396.0,400.0,384.0,389.8,399.0,380.8,776,306000.0,73,,744.0,95.88,new
ENRIN,EQ,2026-09-04,3160.0,3186.8,3106.0,3115.7,3115.1,3155.2,262111,819998000.0,34297,,151491.0,57.8,new
ENSER,SM,2026-09-04,15.35,15.35,15.25,15.3,15.35,14.8,50000,767000.0,10,,50000.0,100.0,new
ENTERO,EQ,2026-09-04,1848.0,1868.9,1811.1,1827.6,1824.8,1848.0,96165,177131000.0,11496,,46199.0,48.04,new
ENVIRO,SM,2026-09-04,69.1,71.25,69.05,70.5,70.5,71.15,11000,772000.0,11,,6000.0,54.55,new
EPACK,EQ,2026-09-04,191.0,192.5,187.99,189.27,188.5,189.08,343336,65141999.99999999,5259,,148156.0,43.15,new
EPACKPEB,EQ,2026-09-04,227.5,233.85,227.5,231.11,230.0,227.3,324727,74959000.0,5343,,127314.0,39.21,new
EPIGRAL,EQ,2026-09-04,1230.0,1254.8,1214.5,1219.7,1227.4,1236.7,48188,59337000.0,6030,,22191.0,46.05,new
EPL,EQ,2026-09-04,246.55,250.9,244.55,247.1,247.25,246.55,3718253,920060000.0,30937,,1751312.0,47.1,new
EPWINDIA,ST,2026-09-04,245.0,245.0,243.2,244.1,244.1,256.0,4800,1171000.0,4,,4800.0,100.0,new
EQUAL200,EQ,2026-09-04,13.95,13.95,13.81,13.82,13.82,13.83,10167,141000.0,48,,9375.0,92.21,new
EQUAL50,EQ,2026-09-04,329.56,330.22,329.4,330.22,330.22,329.56,444,146000.0,8,,227.0,51.13,new
EQUAL50ADD,EQ,2026-09-04,341.54,342.0,338.98,340.33,338.98,340.57,15781,5381000.0,242,,12480.0,79.08,new
EQUIPPP,BE,2026-09-04,22.89,22.89,22.1,22.75,22.79,22.89,1891,43000.0,12,,,,new
EQUITASBNK,EQ,2026-09-04,73.05,73.99,72.8,72.95,73.6,73.04,534782,39248000.0,6980,,316827.0,59.24,new
ERIS,EQ,2026-09-04,1301.0,1332.2,1301.0,1321.7,1319.0,1303.5,69111,91229000.0,10716,,41703.0,60.34,new
ESABINDIA,EQ,2026-09-04,6107.5,6114.0,6050.0,6067.5,6060.0,6077.5,2820,17121000.0,1113,,1747.0,61.95,new
ESAFSFB,BE,2026-09-04,41.67,41.84,41.05,41.41,41.6,41.67,271495,11239000.0,1394,,,,new
ESCONET,SM,2026-09-04,221.0,238.8,221.0,238.6,238.8,227.45,40800,9607000.0,87,,31600.0,77.45,new
ESCORTS,EQ,2026-09-04,2993.0,3001.0,2960.3,2968.8,2968.3,2978.2,62925,187046000.0,12404,,34866.0,55.41,new
ESDS,EQ,2026-09-04,757.0,908.4,756.0,908.4,908.4,429.0,15790052,13115875000.0,192111,,10515154.0,66.59,new
ESENSEX,EQ,2026-09-04,77.0,77.56,77.0,77.46,77.46,77.32,37,3000.0,10,,23.0,62.16,new
ESFL,SM,2026-09-04,121.0,121.6,116.6,120.75,121.6,115.15,11160,1335000.0,23,,10080.0,90.32,new
ESG,EQ,2026-09-04,41.16,41.2,41.0,41.15,41.15,41.07,2704,111000.00000000001,53,,2426.0,89.72,new
ESILVER,EQ,2026-09-04,224.09,234.69,224.09,232.78,233.01,229.84,221315,51515000.0,798,,198113.0,89.52,new
ESPRIT,SM,2026-09-04,63.0,63.5,63.0,63.0,63.0,63.5,4800,303000.0,3,,3200.0,66.67,new
ESSARSHPNG,EQ,2026-09-04,17.0,17.65,16.9,17.09,17.0,16.87,325102,5591000.0,1388,,187749.0,57.75,new
ESSENTIA,EQ,2026-09-04,1.05,1.08,1.05,1.05,1.07,1.05,2849052,3029000.0,825,,1213667.0,42.6,new
ESTER,EQ,2026-09-04,94.04,94.72,93.0,93.57,93.85,94.03,41294,3867000.0,656,,26083.0,63.16,new
ETERNAL,EQ,2026-09-04,325.3,327.75,320.8,322.75,322.75,324.8,17824027,5767662000.0,108841,,11256198.0,63.15,new
ETHOSLTD,EQ,2026-09-04,2794.0,2905.6,2776.0,2792.8,2800.0,2793.1,79319,226257000.00000003,7746,,55297.0,69.71,new
ETL,SM,2026-09-04,1035.15,1047.0,1035.15,1047.0,1047.0,1098.1,300,312000.0,2,,300.0,100.0,new
ETML,SM,2026-09-04,80.8,85.8,80.8,81.95,81.95,82.0,6000,496000.0,5,,2400.0,40.0,new
EUREKAFORB,EQ,2026-09-04,430.0,430.0,422.15,423.75,423.95,429.25,99508,42313000.0,7971,,47482.0,47.72,new
EUROBOND,EQ,2026-09-04,154.0,154.0,148.01,151.0,151.0,151.1,921,138000.0,65,,682.0,74.05,new
EUROPRATIK,EQ,2026-09-04,267.0,270.05,258.0,263.75,262.0,267.0,192832,50479000.0,2636,,45602.0,23.65,new
EUROTEXIND,BE,2026-09-04,13.73,13.73,13.73,13.73,13.73,13.99,300,4000.0,1,,,,new
EVEREADY,EQ,2026-09-04,319.0,322.3,316.0,317.9,316.2,319.45,57194,18243000.0,1346,,35991.0,62.93,new
EVERESTIND,BE,2026-09-04,425.0,433.95,415.0,423.9,424.85,425.25,12743,5388000.0,149,,,,new
EVIETF,EQ,2026-09-04,32.89,32.89,32.31,32.47,32.56,32.56,183629,5956000.0,834,,122880.0,66.92,new
EVINDIA,EQ,2026-09-04,32.8,32.8,32.38,32.44,32.46,32.67,304394,9890000.0,1987,,237744.0,78.1,new
EXCELINDUS,EQ,2026-09-04,1035.1,1045.0,1026.1,1031.4,1045.0,1034.9,4529,4680000.0,619,,2613.0,57.69,new
EXCELLENT,ST,2026-09-04,209.0,209.5,208.0,209.5,209.5,209.0,6400,1337000.0,4,,6400.0,100.0,new
EXCELSOFT,EQ,2026-09-04,70.5,71.8,69.52,70.23,70.0,70.66,299626,21152000.0,2293,,122378.0,40.84,new
EXICOM,EQ,2026-09-04,166.8,179.75,166.8,177.85,178.4,166.13,5389417,947960000.0,51639,,1652933.0,30.67,new
EXIDEIND,EQ,2026-09-04,423.9,428.5,416.4,424.35,424.2,423.0,2581393,1091713000.0,39007,,1139592.0,44.15,new
EXIMROUTES,SM,2026-09-04,107.1,107.1,107.1,107.1,107.1,107.1,1600,171000.0,2,,1600.0,100.0,new
EXPLEOSOL,EQ,2026-09-04,904.0,910.0,888.0,899.0,901.0,898.75,27691,24796000.0,2682,,14127.0,51.02,new
EXXARO,EQ,2026-09-04,6.6,6.85,6.5,6.59,6.58,6.7,298855,1980000.0,712,,242227.0,81.05,new
FABTECH,EQ,2026-09-04,147.14,152.26,147.07,150.2,150.9,147.33,112484,16875000.0,1375,,61323.0,54.52,new
FACT,EQ,2026-09-04,803.05,812.5,798.15,801.4,801.5,800.2,97544,78504000.0,6313,,31212.0,32.0,new
FAIRCHEMOR,BE,2026-09-04,661.1,661.1,652.0,660.25,660.25,661.1,3280,2160000.0,57,,,,new
FALCONTECH,SM,2026-09-04,12.45,12.45,12.45,12.45,12.45,12.45,1200,15000.0,1,,1200.0,100.0,new
FASCINATE,ST,2026-09-04,72.55,72.55,72.55,72.55,72.55,76.35,13600,986999.9999999999,16,,13600.0,100.0,new
FAZE3Q,EQ,2026-09-04,502.35,502.35,485.1,493.95,498.9,498.4,9304,4606000.0,655,,4298.0,46.2,new
FCL,EQ,2026-09-04,48.68,52.1,48.6,51.51,51.7,48.41,20692198,1054991000.0,50149,,8669984.0,41.9,new
FCSSOFT,EQ,2026-09-04,1.44,1.46,1.44,1.45,1.46,1.44,1046769,1517000.0,1057,,766732.0,73.25,new
FDC,EQ,2026-09-04,343.0,351.8,341.55,342.8,342.3,341.6,120312,41468000.0,7719,,65036.0,54.06,new
FEDDERSHOL,EQ,2026-09-04,47.4,47.7,46.0,47.28,47.25,46.0,1773925,83798000.0,2439,,238714.0,13.46,new
FEDERALBNK,EQ,2026-09-04,344.9,344.9,341.8,343.0,343.0,344.6,4115397,1412015000.0,56122,,2557269.0,62.14,new
FEDFINA,EQ,2026-09-04,156.32,163.2,156.32,161.56,161.87,157.86,818017,131438000.00000001,12601,,397577.0,48.6,new
FEL,BZ,2026-09-04,0.39,0.4,0.38,0.38,0.39,0.39,197550,78000.0,97,,,,new
FELDVR,BZ,2026-09-04,2.19,2.21,2.1,2.17,2.2,2.2,2115,5000.0,26,,,,new
FELIX,SM,2026-09-04,195.3,215.0,194.55,210.2,208.45,194.2,219000,44727000.0,247,,116000.0,52.97,new
FERMENTA,EQ,2026-09-04,502.3,509.35,491.65,498.5,495.4,502.3,101413,50685000.0,6328,,50258.0,49.56,new
FIBERWEB,EQ,2026-09-04,26.2,26.2,25.6,25.75,25.8,25.91,10675,275000.0,91,,9427.0,88.31,new
FIDEL,SM,2026-09-04,140.0,142.0,140.0,142.0,142.0,139.05,10000,1418000.0,6,,10000.0,100.0,new
FIEMIND,EQ,2026-09-04,2050.0,2092.4,2036.0,2085.8,2087.0,2036.9,46943,96914000.0,6225,,25052.0,53.37,new
FILATEX,EQ,2026-09-04,77.1,78.45,75.65,77.72,78.1,76.72,1156499,89450000.0,9620,,584717.0,50.56,new
FILATFASH,EQ,2026-09-04,0.19,0.19,0.18,0.18,0.19,0.18,21161213,3872000.0,1613,,14777497.0,69.83,new
FINBUD,SM,2026-09-04,128.0,133.1,128.0,133.0,133.0,128.0,11000,1433000.0,7,,10000.0,90.91,new
FINCABLES,EQ,2026-09-04,1223.5,1254.9,1211.0,1220.2,1225.0,1272.9,1492429,1844900999.9999998,48647,,626265.0,41.96,new
FINEORG,EQ,2026-09-04,5178.5,5190.0,5136.0,5152.0,5143.5,5179.5,12034,62084000.0,3756,,7028.0,58.4,new
FINIETF,EQ,2026-09-04,33.46,33.46,32.69,32.95,32.9,32.65,174481,5741000.0,1226,,114208.0,65.46,new
FINKURVE,EQ,2026-09-04,69.9,73.72,69.74,72.31,72.9,70.23,62572,4521000.0,987,,33615.0,53.72,new
FINOPB,EQ,2026-09-04,140.25,142.9,138.5,139.33,139.1,140.23,82299,11510000.0,1305,,41569.0,50.51,new
FINPIPE,EQ,2026-09-04,160.0,160.0,156.0,158.63,158.95,158.9,507087,80272000.0,17238,,128194.0,25.28,new
FIRSTCRY,EQ,2026-09-04,179.0,183.0,176.25,180.16,180.07,178.67,1541167,276624000.0,19085,,408374.0,26.5,new
FISCHER,EQ,2026-09-04,37.44,37.62,35.8,36.04,36.16,37.03,329518,11981000.0,1374,,198042.0,60.1,new
FIVESTAR,EQ,2026-09-04,538.0,538.0,512.5,523.05,521.5,534.6,915369,475712000.0,39792,,450242.0,49.19,new
FLAIR,EQ,2026-09-04,249.55,249.95,242.4,243.71,242.61,248.11,105224,25764999.999999996,2424,,63966.0,60.79,new
FLEXIADD,EQ,2026-09-04,10.31,10.44,10.0,10.06,10.05,10.05,35100,353000.0,354,,22190.0,63.22,new
FLEXITUFF,BE,2026-09-04,2.4,2.4,2.28,2.29,2.29,2.4,98460,227000.0,175,,,,new
FLFL,BZ,2026-09-04,1.22,1.27,1.16,1.25,1.25,1.22,107261,129000.0,79,,,,new
FLUOROCHEM,EQ,2026-09-04,4839.3,4850.0,4461.1,4554.0,4565.0,4694.6,473510,2186636000.0,77614,,197712.0,41.75,new
FLYSBS,SM,2026-09-04,632.45,651.0,620.1,635.6,631.0,625.25,68800,43632000.0,221,,43600.0,63.37,new
FMCGADD,EQ,2026-09-04,46.22,48.8,46.11,46.25,46.34,46.22,47656,2202000.0,191,,26376.0,55.35,new
FMCGIETF,EQ,2026-09-04,49.0,49.75,49.0,49.47,49.6,49.46,2400471,118765000.00000001,4684,,1828434.0,76.17,new
FMGOETZE,EQ,2026-09-04,511.0,517.5,499.6,501.45,503.0,613.7,1030188,519972000.0,20491,,363151.0,35.25,new
FMNL,EQ,2026-09-04,9.81,10.1,9.63,10.1,10.1,9.62,18463,182000.0,90,,14450.0,78.26,new
FOCE,SM,2026-09-04,487.0,487.0,487.0,487.0,487.0,512.0,480,234000.0,2,,480.0,100.0,new
FOCUS,BE,2026-09-04,64.5,64.65,62.8,63.37,63.63,63.9,58966,3731000.0,431,,,,new
FONEBOX,SM,2026-09-04,99.5,100.0,99.5,100.0,100.0,95.25,2000,200000.0,2,,2000.0,100.0,new
FOODSIN,EQ,2026-09-04,56.0,57.9,54.72,57.37,57.69,56.06,89638,5095000.0,1022,,49114.0,54.79,new
FORCEMOT,EQ,2026-09-04,17515.0,17857.0,17500.0,17500.0,17500.0,17500.0,47840,845618000.0,13497,,18545.0,38.76,new
FORGEAUTO,SM,2026-09-04,105.0,105.0,105.0,105.0,105.0,100.0,15600,1638000.0,11,,12000.0,76.92,new
FORTIS,EQ,2026-09-04,914.0,917.45,903.8,905.0,905.0,917.5,627470,570533000.0,18123,,322685.0,51.43,new
FOSECOIND,EQ,2026-09-04,6372.5,6404.0,6216.5,6263.0,6259.0,6372.5,7937,49993000.0,1992,,3401.0,42.85,new
FRACTAL,EQ,2026-09-04,819.0,830.0,817.2,825.45,828.1,817.4,216017,178015000.0,15692,,117701.0,54.49,new
FREDUN,EQ,2026-09-04,1502.9,1517.0,1458.0,1470.7,1462.3,1488.3,15103,22473000.0,1248,,9286.0,61.48,new
FRESHARA,ST,2026-09-04,440.0,440.0,417.8,425.7,423.75,439.75,49800,21026000.0,74,,39000.0,78.31,new
FROG,ST,2026-09-04,264.0,275.95,255.0,257.65,255.0,265.9,31600,8398000.0,73,,29200.0,92.41,new
FRONTSP,EQ,2026-09-04,1267.3,1305.0,1255.9,1291.8,1289.8,1269.8,21620,27883999.999999996,2204,,14593.0,67.5,new
FSL,EQ,2026-09-04,265.6,273.85,263.75,264.4,264.0,265.3,942732,252426000.00000003,19537,,309249.0,32.8,new
FUSION,EQ,2026-09-04,199.73,207.0,199.21,203.19,203.0,199.73,1385863,282728000.0,18954,,947622.0,68.38,new
FWSTC,SM,2026-09-04,187.0,187.0,175.0,175.15,177.2,197.0,52200,9158000.0,18,,51000.0,97.7,new
GABRIEL,EQ,2026-09-04,1349.0,1368.0,1310.6,1353.2,1355.5,1345.8,208239,278851000.0,19505,,73770.0,35.43,new
GAEL,EQ,2026-09-04,170.88,171.2,167.2,167.81,167.5,170.88,466226,78434000.0,8584,,235077.0,50.42,new
GAIL,EQ,2026-09-04,174.27,174.27,171.92,173.4,173.4,174.67,3878219,671268000.0,25389,,1883619.0,48.57,new
GAJA,EQ,2026-09-04,158.0,162.01,157.51,161.1,161.9,157.62,1327301,212553000.00000003,15002,,377772.0,28.46,new
GAJANAND,SM,2026-09-04,8.0,8.85,8.0,8.4,8.85,8.9,6000,51000.0,2,,6000.0,100.0,new
GALAPREC,EQ,2026-09-04,1036.1,1038.9,1015.2,1024.0,1024.9,1026.2,21048,21595000.0,1748,,11623.0,55.22,new
GALAXYSURF,EQ,2026-09-04,2251.6,2273.9,2143.5,2165.0,2172.5,2251.6,43774,95516000.0,8192,,20817.0,47.56,new
GALLANTT,EQ,2026-09-04,585.0,597.45,568.45,574.0,573.5,572.65,300142,174202000.0,19112,,70051.0,23.34,new
GANDHAR,EQ,2026-09-04,268.4,269.05,261.0,267.6,268.0,267.4,860917,228796999.99999997,10840,,389610.0,45.26,new
GANDHITUBE,EQ,2026-09-04,901.75,904.95,898.0,900.15,900.0,902.55,1700,1532000.0,207,,1198.0,70.47,new
GANECOS,EQ,2026-09-04,1023.5,1023.5,962.5,999.9,1000.0,1015.4,331101,327988000.0,28534,,124618.0,37.64,new
GANESHBE,BE,2026-09-04,123.29,125.0,121.0,123.23,123.99,121.18,82123,10123000.0,369,,,,new
GANESHCP,EQ,2026-09-04,169.79,176.98,168.47,174.46,173.0,168.82,117370,20374000.0,2220,,58969.0,50.24,new
GANESHHOU,EQ,2026-09-04,767.2,770.0,753.9,758.95,755.0,765.5,25372,19315000.0,1619,,14629.0,57.66,new
GANESHIN,ST,2026-09-04,99.8,100.0,96.35,99.0,99.0,99.75,58400,5764000.0,55,,56000.0,95.89,new
GANGABATH,SM,2026-09-04,20.8,20.8,20.15,20.3,20.3,20.75,30000,612000.0,10,,15000.0,50.0,new
GANGAFORGE,EQ,2026-09-04,1.68,1.75,1.68,1.68,1.7,1.76,8689563,14659000.0,2873,,4133797.0,47.57,new
GANGESSECU,EQ,2026-09-04,120.05,123.9,118.02,118.71,118.5,119.9,1203,145000.0,85,,902.0,74.98,new
GARFIBRES,EQ,2026-09-04,800.0,813.25,792.9,800.55,795.0,800.05,15701,12550000.0,3136,,6996.0,44.56,new
GARUDA,EQ,2026-09-04,178.75,181.11,178.0,178.73,178.37,178.88,285751,51282000.00000001,3997,,140707.0,49.24,new
GATECH,BE,2026-09-04,0.91,0.91,0.91,0.91,0.91,0.95,6348637,5777000.0,4662,,,,new
GATECHDVR,BE,2026-09-04,0.51,0.52,0.48,0.48,0.51,0.5,424573,210000.0,284,,,,new
GATEWAY,EQ,2026-09-04,54.77,55.06,54.36,54.69,54.69,54.5,387773,21200000.0,3207,,222384.0,57.35,new
GAUDIUMIVF,BE,2026-09-04,115.01,122.0,113.0,116.43,117.2,117.24,193356,22638000.0,1472,,,,new
GAYAHWS,EQ,2026-09-04,2.0,2.04,1.92,1.93,1.93,1.96,206145,401999.99999999994,316,,140740.0,68.27,new
GAYAPROJ,EQ,2026-09-04,22.37,22.4,21.3,21.76,21.87,22.18,363836,8009000.0,1808,,277553.0,76.29,new
GCHOTELS,ST,2026-09-04,96.9,101.9,95.2,99.85,99.85,98.25,19800,1946000.0,33,,16200.0,81.82,new
GCSL,EQ,2026-09-04,592.0,596.85,577.7,595.15,595.6,586.7,726731,427375000.0,8753,,241064.0,33.17,new
GEECEE,BE,2026-09-04,369.5,371.0,365.2,366.2,369.7,369.5,1125,416000.0,27,,,,new
GEEKAYWIRE,EQ,2026-09-04,29.9,30.1,29.39,29.61,29.7,29.39,127142,3756000.0,850,,102615.0,80.71,new
GEMAROMA,EQ,2026-09-04,163.04,166.7,160.0,161.5,162.9,162.22,90914,14769000.0,1692,,45606.0,50.16,new
GENCON,EQ,2026-09-04,42.5,45.37,42.45,44.63,45.0,42.36,345096,15236000.000000002,1905,,52929.0,15.34,new
GENESYS,EQ,2026-09-04,222.63,234.0,222.62,230.88,232.0,222.63,475906,108556000.0,7656,,224624.0,47.2,new
GENSOL,BZ,2026-09-04,17.15,17.89,17.01,17.28,17.3,17.17,49395,853999.9999999999,550,,,,new
GENUSPAPER,EQ,2026-09-04,12.57,12.83,12.21,12.76,12.7,12.44,216963,2755000.0,413,,185250.0,85.38,new
GENUSPOWER,EQ,2026-09-04,340.8,349.35,334.75,337.8,339.4,339.7,2486451,847295999.9999999,50287,,1112065.0,44.72,new
GENXAI,SM,2026-09-04,82.0,82.5,80.1,80.3,80.1,81.5,15600,1277000.0,13,,13200.0,84.62,new
GEOJITFSL,EQ,2026-09-04,82.79,83.9,82.31,82.72,82.65,82.77,332909,27654000.000000004,2910,,180191.0,54.13,new
GESHIP,EQ,2026-09-04,1360.4,1378.0,1340.0,1369.7,1366.0,1353.6,1043987,1423712000.0,60758,,506400.0,48.51,new
GFLLIMITED,EQ,2026-09-04,59.69,63.89,58.9,62.81,63.3,58.65,497897,30851000.0,4337,,329930.0,66.26,new
GGBL,SM,2026-09-04,221.0,224.65,219.05,222.9,222.9,221.85,18600,4110000.0,50,,15000.0,80.65,new
GHCL,EQ,2026-09-04,442.5,442.5,436.1,436.6,436.2,437.55,84548,37109000.0,3129,,52793.0,62.44,new
GHCLTEXTIL,EQ,2026-09-04,139.23,139.85,135.05,136.72,136.71,138.02,424691,58144000.00000001,5069,,212762.0,50.1,new
GICHSGFIN,EQ,2026-09-04,142.06,143.64,139.6,140.45,140.29,142.06,172955,24399000.0,2171,,92017.0,53.2,new
GICL,EQ,2026-09-04,24.0,24.9,23.33,24.6,24.64,24.0,162762,3957000.0,479,,102185.0,62.78,new
GICRE,EQ,2026-09-04,343.65,361.3,341.6,358.45,359.1,356.15,4931565,1747093000.0,51131,,1641411.0,33.28,new
GILLANDERS,EQ,2026-09-04,103.0,105.06,101.75,103.19,104.0,104.73,1894,195000.0,46,,1080.0,57.02,new
GILLETTE,EQ,2026-09-04,7340.0,7371.0,7300.0,7312.5,7322.0,7341.0,9291,68060000.0,2909,,5407.0,58.2,new
GILT10BETA,EQ,2026-09-04,26.68,26.75,26.22,26.58,26.67,26.68,1210,32000.0,18,,1114.0,92.07,new
GILT5BETA,EQ,2026-09-04,66.49,67.06,66.49,66.94,66.94,66.49,18441,1234000.0,20,,17657.0,95.75,new
GILT5YBEES,EQ,2026-09-04,66.54,66.55,66.21,66.33,66.33,66.23,183586,12173000.0,383,,132707.0,72.29,new
GINNIFILA,BE,2026-09-04,43.79,43.79,41.56,42.57,42.97,43.17,55171,2352000.0,171,,,,new
GIPCL,EQ,2026-09-04,208.9,208.9,204.26,205.18,205.51,208.04,400260,82405000.0,6911,,253113.0,63.24,new
GIRIRAJ,SM,2026-09-04,78.0,78.55,74.65,74.65,74.65,78.55,879500,65966000.0,10,,879250.0,99.97,new
GJL,ST,2026-09-04,239.0,259.05,239.0,251.0,251.0,246.75,76800,18796000.0,49,,75200.0,97.92,new
GKB,EQ,2026-09-04,65.0,66.0,63.01,63.97,64.0,65.8,13013,842000.0,30,,7637.0,58.69,new
GKENERGY,EQ,2026-09-04,129.55,131.0,128.0,128.96,129.0,129.55,264878,34183000.0,3758,,132478.0,50.01,new
GKSL,EQ,2026-09-04,172.88,175.09,171.51,172.81,173.0,171.51,238346,41302000.0,3887,,75632.0,31.73,new
GKWLIMITED,EQ,2026-09-04,1622.0,1622.0,1582.0,1610.9,1618.5,1600.0,154,247000.00000000003,26,,142.0,92.21,new
GLAND,EQ,2026-09-04,2915.0,2969.0,2851.1,2932.4,2939.7,2907.9,2977808,8644188000.0,106175,,1280582.0,43.0,new
GLAXO,EQ,2026-09-04,2938.9,2972.8,2925.5,2958.1,2954.0,2937.5,48109,141980000.0,7671,,18464.0,38.38,new
GLENMARK,EQ,2026-09-04,2454.5,2456.7,2422.7,2437.2,2437.2,2459.0,412728,1005401000.0,25342,,237692.0,57.59,new
GLFL,EQ,2026-09-04,5.64,5.8,5.55,5.8,5.8,5.66,4293,25000.0,17,,4225.0,98.42,new
GLOBAL,EQ,2026-09-04,116.3,126.45,115.39,120.45,121.0,116.27,570402,69977000.0,3953,,325012.0,56.98,new
GLOBALE,EQ,2026-09-04,11.38,11.5,10.86,11.39,10.9,11.38,18110,204000.0,43,,15864.0,87.6,new
GLOBALPET,ST,2026-09-04,163.85,165.0,163.85,165.0,165.0,157.15,20250,3339000.0,21,,20250.0,100.0,new
GLOBALVECT,EQ,2026-09-04,144.0,144.0,140.1,141.16,140.5,142.65,2436,345000.0,151,,1850.0,75.94,new
GLOBE,EQ,2026-09-04,1.93,1.94,1.87,1.89,1.9,1.91,440779,834000.0,294,,386779.0,87.75,new
GLOBECIVIL,EQ,2026-09-04,48.85,49.01,47.61,48.15,48.24,48.92,41613,2010000.0000000002,439,,30457.0,73.19,new
GLOBUSSPR,EQ,2026-09-04,919.65,919.65,910.0,914.3,915.0,919.65,46420,42449000.0,2535,,26072.0,56.17,new
GLOSTERLTD,EQ,2026-09-04,599.7,599.7,590.25,596.5,595.95,590.75,323,193000.0,26,,318.0,98.45,new
GLOTTIS,EQ,2026-09-04,62.2,63.21,62.0,62.1,62.03,62.31,33918,2107000.0,469,,30575.0,90.14,new
GMBREW,EQ,2026-09-04,910.0,924.95,910.0,919.85,921.9,910.55,40347,37019000.0,2783,,23618.0,58.54,new
GMDCLTD,EQ,2026-09-04,566.2,570.75,561.0,562.95,563.0,565.85,503162,284278000.0,15769,,166092.0,33.01,new
GML,SM,2026-09-04,18.0,18.45,17.85,17.85,17.85,17.85,6000,109000.00000000001,3,,6000.0,100.0,new
GMMPFAUDLR,EQ,2026-09-04,1073.5,1175.0,1073.5,1147.9,1160.0,1073.5,1049404,1202921000.0,54027,,270486.0,25.78,new
GMRAIRPORT,EQ,2026-09-04,96.86,97.98,96.3,97.45,97.45,96.87,9286457,903811000.0,42822,,5598468.0,60.29,new
GMRP&UI,EQ,2026-09-04,91.61,96.78,90.71,95.3,95.29,91.69,1966833,185568000.0,12699,,810841.0,41.23,new
GNA,EQ,2026-09-04,537.0,557.0,529.55,551.05,554.0,531.8,276542,151514000.0,8707,,140383.0,50.76,new
GNFC,EQ,2026-09-04,588.9,599.0,585.6,596.7,598.0,587.35,791924,469764000.00000006,18983,,391533.0,49.44,new
GNRL,EQ,2026-09-04,97.6,101.2,96.9,99.27,100.9,96.72,185644,18252000.0,1776,,148707.0,80.1,new
GOACARBON,EQ,2026-09-04,377.1,381.0,372.0,378.45,375.15,375.25,9112,3429999.9999999995,697,,6295.0,69.08,new
GOCLCORP,EQ,2026-09-04,425.0,431.0,423.0,427.45,428.5,422.95,304041,129867000.0,8667,,110833.0,36.45,new
GOCOLORS,EQ,2026-09-04,323.6,328.5,323.1,326.65,326.0,322.55,46077,15013999.999999998,1320,,23681.0,51.39,new
GODAVARIB,EQ,2026-09-04,246.85,246.85,240.5,241.7,241.76,245.25,53060,12847000.0,1221,,29661.0,55.9,new
GODFRYPHLP,EQ,2026-09-04,2045.0,2073.3,2040.0,2051.0,2051.0,2045.0,100359,206252000.0,9709,,29567.0,29.46,new
GODIGIT,EQ,2026-09-04,256.4,261.0,254.4,258.3,261.0,257.85,203109,52338000.0,4972,,123361.0,60.74,new
GODREJAGRO,EQ,2026-09-04,657.0,665.5,638.7,644.85,646.0,658.95,306292,198405000.0,17174,,129552.0,42.3,new
GODREJCP,EQ,2026-09-04,878.65,880.0,866.1,878.0,878.0,880.0,1306185,1142589000.0,24785,,590152.0,45.18,new
GODREJIND,EQ,2026-09-04,1157.8,1187.2,1152.0,1163.5,1173.0,1154.3,60778,71163000.0,7015,,18764.0,30.87,new
GODREJPROP,EQ,2026-09-04,2000.0,2021.7,1971.0,1982.0,1982.0,2001.5,307319,612980000.0,17479,,107209.0,34.89,new
GOKEX,EQ,2026-09-04,768.5,802.5,768.5,789.2,786.9,767.65,472178,372784000.0,16074,,253013.0,53.58,new
GOKUL,EQ,2026-09-04,41.6,43.9,41.44,42.96,43.75,41.95,221325,9410000.0,1596,,54858.0,24.79,new
GOKULAGRO,EQ,2026-09-04,234.1,236.67,229.98,231.17,231.78,234.91,282521,65698000.0,7042,,133684.0,47.32,new
GOLD1,EQ,2026-09-04,128.75,129.99,127.95,128.47,128.5,127.48,1165650,149737000.0,6196,,605197.0,51.92,new
GOLD360,EQ,2026-09-04,150.15,151.0,149.6,149.7,149.6,149.4,9775,1467000.0,192,,4812.0,49.23,new
GOLDADD,EQ,2026-09-04,15.14,15.14,14.87,14.95,14.95,14.84,4153135,62079999.99999999,3490,,3485113.0,83.92,new
GOLDAXIS,EQ,2026-09-04,128.47,129.25,127.84,128.11,128.19,127.2,333634,42819000.0,2624,,212753.0,63.77,new
GOLDBEES,EQ,2026-09-04,126.85,127.72,126.78,127.17,127.09,126.23,20415178,2597281000.0,70327,,8577919.0,42.02,new
GOLDBETA,EQ,2026-09-04,129.05,130.3,129.05,129.5,129.6,128.5,548417,71011000.0,2289,,409861.0,74.74,new
GOLDBND,EQ,2026-09-04,154.98,154.98,152.93,153.82,153.83,152.71,2042,314000.0,219,,1207.0,59.11,new
GOLDCASE,EQ,2026-09-04,24.51,24.51,24.13,24.21,24.22,24.03,8672063,210100000.0,9012,,4396300.0,50.69,new
GOLDENTOBC,BZ,2026-09-04,25.0,25.0,24.0,24.96,24.98,25.0,3366,83000.0,41,,,,new
GOLDETF,EQ,2026-09-04,148.61,150.73,148.61,149.46,149.4,148.23,1811520,270766000.0,4481,,1259490.0,69.53,new
GOLDIAM,EQ,2026-09-04,341.05,350.0,341.05,345.3,346.0,340.65,332390,114814000.00000001,7831,,132929.0,39.99,new
GOLDIETF,EQ,2026-09-04,131.21,132.99,131.21,131.8,131.9,130.75,4150183,547287000.0,25030,,2218228.0,53.45,new
GOLDKART,SM,2026-09-04,102.0,102.0,102.0,102.0,102.0,100.0,1250,128000.0,1,,1250.0,100.0,new
GOLDTECH,BE,2026-09-04,46.5,47.96,46.5,47.04,47.45,47.1,5814,276000.0,60,,,,new
GOODLUCK,EQ,2026-09-04,468.95,480.0,468.1,472.9,472.4,469.4,455214,215784000.0,9833,,245110.0,53.85,new
GOODYEAR,EQ,2026-09-04,733.1,748.0,733.1,741.5,740.2,736.7,2498,1853000.0,276,,1641.0,65.69,new
GOPAL,EQ,2026-09-04,267.45,267.5,263.8,265.1,266.0,265.4,84409,22380000.0,6321,,45585.0,54.0,new
GOYALALUM,EQ,2026-09-04,6.31,6.45,6.16,6.22,6.27,6.31,74465,467000.0,368,,29223.0,39.24,new
GOYALSALT,SM,2026-09-04,106.0,106.0,105.0,105.0,105.0,106.5,1800,190000.0,3,,1800.0,100.0,new
GPECO,ST,2026-09-04,423.0,443.4,423.0,441.55,441.0,422.3,32800,14438000.0,129,,31800.0,96.95,new
GPIL,EQ,2026-09-04,239.9,243.86,238.89,240.67,240.41,239.9,985110,237575000.0,15181,,516824.0,52.46,new
GPPL,EQ,2026-09-04,165.5,165.83,160.81,161.62,162.18,165.43,1293533,209948000.0,22993,,600683.0,46.44,new
GPTHEALTH,EQ,2026-09-04,153.29,159.0,151.96,158.17,158.9,153.68,259291,40488000.0,3723,,123428.0,47.6,new
GPTINFRA,EQ,2026-09-04,110.87,113.3,110.5,112.1,111.11,110.88,108936,12166000.0,1779,,54678.0,50.19,new
GRADIENTE,EQ,2026-09-04,2.77,2.8,2.65,2.71,2.7,2.67,1829209,5000000.0,462,,792217.0,43.31,new
GRANDOAK,EQ,2026-09-04,35.85,36.7,34.48,34.84,36.4,34.98,4351,154000.0,320,,2413.0,55.46,new
GRANULES,EQ,2026-09-04,853.0,863.6,838.6,848.3,849.8,853.85,1172635,994733000.0,27025,,559829.0,47.74,new
GRAPHISAD,SM,2026-09-04,26.1,26.6,25.1,25.5,25.5,25.6,10800,277000.0,9,,8400.0,77.78,new
GRAPHITE,EQ,2026-09-04,721.8,740.3,714.65,733.6,735.0,721.3,1066661,778683000.0,27873,,308635.0,28.93,new
GRASIM,EQ,2026-09-04,3318.9,3332.6,3268.1,3322.0,3322.0,3310.0,892704,2961317000.0,43703,,542315.0,60.75,new
GRAUWEIL,EQ,2026-09-04,70.61,71.99,70.05,70.59,71.0,70.84,175799,12476000.0,2714,,104993.0,59.72,new
GRAVISSHO,EQ,2026-09-04,28.7,29.5,28.66,29.4,29.4,29.6,329,10000.0,8,,328.0,99.7,new
GRAVITA,EQ,2026-09-04,1684.8,1696.6,1615.1,1661.6,1668.9,1684.8,442686,730140000.0,45023,,222169.0,50.19,new
GRCL,SM,2026-09-04,565.0,575.0,565.0,575.0,575.0,570.15,1250,709000.0,4,,1250.0,100.0,new
GREAVESCOT,EQ,2026-09-04,193.5,197.07,193.21,195.56,195.0,194.78,467649,91205000.0,8117,,204095.0,43.64,new
GREENCHEF,SM,2026-09-04,68.0,71.5,66.2,66.2,66.2,66.5,32000,2228000.0,40,,27200.0,85.0,new
GREENLAM,EQ,2026-09-04,244.17,244.59,241.02,242.62,243.01,244.17,14287,3467000.0,570,,8167.0,57.16,new
GREENLEAF,ST,2026-09-04,112.35,115.4,112.35,115.0,115.0,110.0,4000,458000.0,4,,4000.0,100.0,new
GREENPANEL,EQ,2026-09-04,159.2,162.0,157.3,158.32,158.64,157.62,268737,42784000.0,4915,,124519.0,46.33,new
GREENPLY,EQ,2026-09-04,292.1,307.9,292.1,304.7,305.9,293.0,387224,117192000.0,6481,,240949.0,62.22,new
GREENPOWER,EQ,2026-09-04,9.19,9.34,9.19,9.28,9.24,9.19,1505445,13952000.000000002,3566,,760037.0,50.49,new
GRETEX,SM,2026-09-04,247.0,247.0,235.5,237.0,237.0,247.5,3000,725000.0,4,,3000.0,100.0,new
GRINDWELL,EQ,2026-09-04,1982.5,1997.3,1955.0,1962.5,1985.0,1974.4,10248,20247000.0,2912,,5484.0,53.51,new
GRINFRA,EQ,2026-09-04,878.95,878.95,865.6,869.1,866.9,871.1,8369,7284999.999999999,1224,,4233.0,50.58,new
GRMOVER,EQ,2026-09-04,85.82,88.15,85.46,87.53,87.98,85.81,1151167,99390000.0,4874,,182530.0,15.86,new
GROBTEA,EQ,2026-09-04,980.0,999.4,971.5,977.65,973.0,980.0,101,99000.0,19,,95.0,94.06,new
GROWW,EQ,2026-09-04,193.0,195.68,191.85,194.0,194.5,190.24,44702306,8674313000.0,208015,,21709004.0,48.56,new
GROWWCAPM,EQ,2026-09-04,11.49,11.57,11.33,11.44,11.49,11.33,279688,3203000.0,643,,156857.0,56.08,new
GROWWCHEM,EQ,2026-09-04,30.19,30.68,30.1,30.24,30.32,30.19,4453571,134848000.0,392,,4330259.0,97.23,new
GROWWDEFNC,EQ,2026-09-04,97.1,98.0,96.76,97.42,97.44,96.61,231792,22607000.0,2351,,124530.0,53.72,new
GROWWEV,EQ,2026-09-04,32.82,32.82,32.18,32.37,32.46,32.57,259593,8407000.0,2060,,179432.0,69.12,new
GROWWGOLD,EQ,2026-09-04,14.98,15.21,14.93,15.03,15.04,14.91,2159184,32467000.0,4385,,1337889.0,61.96,new
GROWWHOSPI,EQ,2026-09-04,52.11,52.59,51.77,51.83,51.92,52.06,303066,15747000.0,859,,252869.0,83.44,new
GROWWLIQID,EQ,2026-09-04,110.65,110.65,110.64,110.64,110.65,110.6,649969,71914000.0,224,,478826.0,73.67,new
GROWWLOVOL,EQ,2026-09-04,10.5,10.5,10.24,10.3,10.31,10.34,4721,49000.0,144,,2807.0,59.46,new
GROWWMC150,EQ,2026-09-04,233.72,233.72,231.63,233.51,233.72,233.72,303,71000.0,34,,277.0,91.42,new
GROWWMETAL,EQ,2026-09-04,12.48,12.77,12.32,12.72,12.68,12.48,467942,5919000.0,1502,,195870.0,41.86,new
GROWWMOM50,EQ,2026-09-04,11.17,11.17,10.92,10.99,11.0,11.02,277790,3050000.0,564,,199222.0,71.72,new
GROWWN200,EQ,2026-09-04,11.04,11.53,11.04,11.34,11.36,11.33,29513,334000.0,209,,18820.0,63.77,new
GROWWNET,EQ,2026-09-04,10.95,10.95,10.63,10.86,10.87,10.79,490430,5326000.0,576,,341834.0,69.7,new
GROWWNIFTY,EQ,2026-09-04,9.65,9.76,9.65,9.68,9.69,9.66,684423,6629000.000000001,3382,,349390.0,51.05,new
GROWWNXT50,EQ,2026-09-04,73.99,73.99,72.81,73.45,73.45,73.45,2293,168000.0,74,,1544.0,67.34,new
GROWWPOWER,EQ,2026-09-04,11.32,11.39,11.25,11.33,11.38,11.32,2199856,24884000.0,2548,,1438692.0,65.4,new
GROWWPSE,EQ,2026-09-04,97.3,99.48,95.9,98.3,98.44,97.89,4944,484999.99999999994,132,,3447.0,69.72,new
GROWWPSUBK,EQ,2026-09-04,86.48,86.48,85.01,85.88,86.0,85.33,1830,157000.0,108,,999.0,54.59,new
GROWWRAIL,EQ,2026-09-04,28.19,28.22,27.85,28.08,28.09,28.05,2704363,75975000.0,2019,,2548563.0,94.24,new
GROWWRLTY,EQ,2026-09-04,10.3,10.34,10.15,10.21,10.23,10.2,161707,1657999.9999999998,474,,100518.0,62.16,new
GROWWSC250,EQ,2026-09-04,10.72,10.72,10.6,10.69,10.67,10.66,100126,1071000.0,522,,64125.0,64.04,new
GROWWSLVR,EQ,2026-09-04,22.81,22.94,22.69,22.83,22.83,22.55,1486031,33925000.0,3142,,680243.0,45.78,new
GRPLTD,EQ,2026-09-04,1998.2,2019.0,1959.0,2013.0,2010.0,1979.7,1281,2569000.0,217,,1018.0,79.47,new
GRSE,EQ,2026-09-04,2517.9,2564.4,2517.9,2533.2,2538.0,2509.8,299818,761867000.0,19311,,101731.0,33.93,new
GRWRHITECH,EQ,2026-09-04,7117.5,7155.0,7050.0,7086.5,7067.0,7100.0,35292,250673999.99999997,8008,,21368.0,60.55,new
GSEC10ADD,EQ,2026-09-04,26.79,26.79,26.48,26.79,26.79,26.49,42,1000.0,4,,22.0,52.38,new
GSEC10IETF,EQ,2026-09-04,262.5,262.5,262.5,262.5,262.5,262.5,42,11000.0,3,,42.0,100.0,new
GSEC10YEAR,EQ,2026-09-04,30.53,30.53,30.22,30.37,30.37,30.5,616,19000.0,12,,580.0,94.16,new
GSEC5IETF,EQ,2026-09-04,66.51,66.51,66.51,66.51,66.51,66.51,862,56999.99999999999,24,,862.0,100.0,new
GSFC,EQ,2026-09-04,162.73,165.85,162.02,162.88,162.95,161.86,1107016,181049000.0,12987,,483918.0,43.71,new
GSLSU,EQ,2026-09-04,27.02,28.37,27.02,28.37,28.37,27.02,31054,867000.0,127,,21683.0,69.82,new
GSMFOILS,SM,2026-09-04,111.15,111.15,111.15,111.15,111.15,117.0,13500,1501000.0,18,,13500.0,100.0,new
GSPCROP,EQ,2026-09-04,627.0,627.6,616.0,619.25,619.2,625.9,119185,73955000.0,2145,,40339.0,33.85,new
GSS,EQ,2026-09-04,11.75,11.75,10.73,11.03,11.05,11.16,198815,2199000.0,369,,141186.0,71.01,new
GSTL,SM,2026-09-04,12.05,12.3,11.95,12.0,12.0,11.9,12000,145000.0,11,,9000.0,75.0,new
GTECJAINX,BE,2026-09-04,29.0,29.29,28.0,29.27,29.27,28.85,5483,159000.0,23,,,,new
GTL,EQ,2026-09-04,7.21,7.34,7.07,7.11,7.15,7.2,293515,2099000.0,698,,193251.0,65.84,new
GTLINFRA,EQ,2026-09-04,1.17,1.17,1.14,1.16,1.17,1.16,35008053,40512000.0,12244,,18926055.0,54.06,new
GTPL,EQ,2026-09-04,58.5,59.5,57.51,58.67,58.95,57.93,87796,5145000.0,928,,57641.0,65.65,new
GUFICBIO,EQ,2026-09-04,440.5,447.2,437.15,444.9,446.0,439.35,88007,38955000.0,3472,,45027.0,51.16,new
GUJALKALI,EQ,2026-09-04,728.5,736.0,715.1,721.6,720.5,722.85,109374,79663000.0,9119,,40717.0,37.23,new
GUJAPOLLO,EQ,2026-09-04,350.1,365.0,343.85,355.95,357.95,347.95,12193,4334000.0,416,,7551.0,61.93,new
GUJENERGY,EQ,2026-09-04,264.11,268.36,262.14,263.59,263.45,264.1,3952971,1047510000.0,52229,,2578554.0,65.23,new
GUJRAFFIA,EQ,2026-09-04,41.2,41.2,41.0,41.0,41.0,41.3,106,4000.0,9,,61.0,57.55,new
GUJTHEM,EQ,2026-09-04,428.7,433.85,408.5,411.35,412.0,425.1,605159,251462000.0,15623,,289506.0,47.84,new
GULFOILLUB,EQ,2026-09-04,1089.9,1089.9,1054.5,1067.8,1074.0,1112.5,157655,168462000.0,12754,,86744.0,55.02,new
GULFPETRO,BE,2026-09-04,66.82,66.82,64.5,65.91,65.99,66.82,51859,3414000.0,279,,,,new
GULPOLY,EQ,2026-09-04,186.27,188.01,184.42,186.01,187.19,186.27,133134,24735000.0,2261,,57104.0,42.89,new
GURUNANAK,SM,2026-09-04,34.0,36.9,33.4,36.9,36.9,35.15,28800,1009000.0,18,,19200.0,66.67,new
GVKPIL,BE,2026-09-04,2.08,2.09,2.05,2.08,2.09,2.05,561750,1168000.0,681,,,,new
GVPIL,EQ,2026-09-04,668.0,668.0,644.35,649.6,647.0,663.75,255215,167080000.0,11937,,123847.0,48.53,new
GVPTECH,BE,2026-09-04,8.5,8.59,8.0,8.05,8.13,8.25,90191,732000.0,388,,,,new
GVT&D,EQ,2026-09-04,4352.0,4399.5,4304.3,4306.3,4306.3,4362.0,549760,2388437000.0,49520,,292701.0,53.24,new
GYFTR,EQ,2026-09-04,182.22,186.38,180.01,182.54,181.01,180.23,27733,5083000.0,629,,15116.0,54.51,new
HAL,EQ,2026-09-04,4831.0,4936.0,4817.4,4856.0,4856.0,4765.6,1399667,6851019000.0,77137,,445970.0,31.86,new
HALDER,EQ,2026-09-04,282.0,295.0,282.0,293.5,294.0,284.9,26009,7593000.000000001,398,,8834.0,33.97,new
HALDYNGL,BE,2026-09-04,146.6,149.25,145.1,147.7,147.1,144.65,40259,5933000.0,352,,,,new
HALEOSLABS,EQ,2026-09-04,1509.4,1509.4,1441.0,1451.3,1443.0,1482.1,5164,7529000.000000001,100,,4998.0,96.79,new
HAMPTON,EQ,2026-09-04,8.06,8.3,7.8,7.86,8.09,8.1,9884,79000.0,114,,9769.0,98.84,new
HAPPSTMNDS,EQ,2026-09-04,355.0,358.0,352.6,354.0,353.5,353.95,1122676,397958000.0,20317,,422334.0,37.62,new
HAPPY,SM,2026-09-04,87.0,93.0,82.65,89.65,90.0,86.65,116000,10225000.0,54,,68000.0,58.62,new
HAPPYFORGE,EQ,2026-09-04,2265.1,2306.2,2226.6,2238.5,2240.0,2294.4,69563,156764000.0,15374,,42721.0,61.41,new
HARDWYN,EQ,2026-09-04,9.11,9.35,8.99,9.13,9.1,9.11,1626111,14879000.0,1141,,971372.0,59.74,new
HARIOMPIPE,EQ,2026-09-04,357.5,364.6,352.75,359.2,359.0,355.45,113348,40574000.0,3478,,43100.0,38.02,new
HARRMALAYA,EQ,2026-09-04,193.0,195.49,190.92,192.72,193.5,191.2,7134,1378000.0,196,,4171.0,58.47,new
HARSHA,EQ,2026-09-04,451.35,457.1,447.3,454.35,455.8,451.05,132144,59874000.0,5837,,76230.0,57.69,new
HATHWAY,EQ,2026-09-04,10.26,10.58,10.26,10.52,10.53,10.26,1819906,18945000.0,1933,,909265.0,49.96,new
HATSUN,EQ,2026-09-04,1159.9,1185.0,1124.9,1168.8,1161.5,1160.8,65825,76284000.0,5965,,25083.0,38.11,new
HAVELLS,EQ,2026-09-04,1178.0,1178.0,1149.7,1154.0,1154.0,1200.0,2840527,3291908000.0,94606,,1464035.0,51.54,new
HAVISHA,EQ,2026-09-04,1.47,1.47,1.4,1.41,1.43,1.4,107777,154000.0,134,,57504.0,53.35,new
HAWKINCOOK,EQ,2026-09-04,8338.0,8471.0,8225.0,8406.5,8358.0,8297.0,1806,15057000.0,707,,987.0,54.65,new
HAZOOR,EQ,2026-09-04,19.4,19.9,18.52,19.13,19.09,19.28,1290374,25215000.0,1060,,1124762.0,87.17,new
HBESD,EQ,2026-09-04,75.0,76.9,75.0,75.1,75.1,75.0,1075,81000.0,22,,1041.0,96.84,new
HBLENGINE,EQ,2026-09-04,668.5,724.0,667.0,695.75,695.0,665.55,14312325,10122587000.0,270164,,1346486.0,9.41,new
HBPOR,EQ,2026-09-04,59.66,60.0,58.26,58.38,58.36,59.66,115,7000.000000000001,10,,110.0,95.65,new
HBSL,EQ,2026-09-04,54.0,55.93,54.0,54.91,55.29,54.5,1337,73000.0,33,,1181.0,88.33,new
HCC,EQ,2026-09-04,23.06,23.54,22.9,22.98,22.97,23.13,20266993,468446000.0,21413,,7032581.0,34.7,new
HCG,EQ,2026-09-04,707.8,718.25,698.1,700.2,703.95,703.45,65274,46238000.0,4683,,29962.0,45.9,new
HCL-INSYS,EQ,2026-09-04,10.32,10.39,9.93,10.1,10.1,10.14,702510,7051000.000000001,1092,,532752.0,75.84,new
HCLTECH,EQ,2026-09-04,1324.9,1331.4,1291.2,1293.4,1293.4,1319.0,2210569,2884545000.0,71268,,1365474.0,61.77,new
HDBFS,EQ,2026-09-04,693.45,705.0,680.05,682.7,682.35,693.45,366577,253454000.0,17760,,164810.0,44.96,new
HDFCAMC,EQ,2026-09-04,2511.3,2517.8,2456.0,2458.3,2458.3,2510.8,844970,2093000999.9999998,58081,,615815.0,72.88,new
HDFCBANK,EQ,2026-09-04,708.35,716.5,708.35,712.1,712.1,706.65,14488024,10338146000.0,202544,,8371615.0,57.78,new
HDFCBSE500,EQ,2026-09-04,38.48,38.48,37.42,37.56,37.62,37.73,862356,32375000.0,224,,838323.0,97.21,new
HDFCGOLD,EQ,2026-09-04,132.5,133.62,130.72,131.45,131.4,130.37,3350795,440624000.0,9122,,2031508.0,60.63,new
HDFCGROWTH,EQ,2026-09-04,118.04,119.87,118.04,118.29,118.69,118.68,55143,6523999.999999999,150,,25604.0,46.43,new
HDFCLIFE,EQ,2026-09-04,533.7,548.0,533.3,546.4,546.4,533.5,6016219,3266042000.0,59921,,3609378.0,59.99,new
HDFCLIQUID,EQ,2026-09-04,1076.75,1076.77,1076.73,1076.75,1076.75,1076.39,14831,15969000.0,41,,11757.0,79.27,new
HDFCLOWVOL,EQ,2026-09-04,20.55,20.6,20.45,20.48,20.6,20.55,3372,69000.0,80,,1428.0,42.35,new
HDFCMID150,EQ,2026-09-04,23.78,23.78,23.45,23.5,23.48,23.53,422354,9933000.0,1296,,281118.0,66.56,new
HDFCMOMENT,EQ,2026-09-04,30.45,31.19,30.45,30.99,31.15,31.07,97334,3018000.0,563,,59711.0,61.35,new
HDFCNEXT50,EQ,2026-09-04,75.05,75.06,74.5,74.75,74.5,74.64,201831,15093000.0,646,,136370.0,67.57,new
HDFCNIF100,EQ,2026-09-04,25.94,26.08,25.89,25.93,26.08,25.94,17792,462000.0,227,,10788.0,60.63,new
HDFCNIFBAN,EQ,2026-09-04,60.65,60.65,59.08,59.22,59.31,59.18,123216,7305000.0,473,,111025.0,90.11,new
HDFCNIFIT,EQ,2026-09-04,33.32,33.43,32.81,32.86,32.97,33.0,128067,4220000.0,212,,114893.0,89.71,new
HDFCNIFTY,EQ,2026-09-04,271.02,271.42,269.8,270.3,270.05,269.79,140738,38102000.0,900,,115846.0,82.31,new
HDFCNIMEG,EQ,2026-09-04,131.73,133.99,131.5,133.56,133.99,131.49,46678,6215000.0,163,,39372.0,84.35,new
HDFCPSUBK,EQ,2026-09-04,86.57,87.11,86.03,86.16,86.49,86.33,44418,3846000.0,218,,26068.0,58.69,new
HDFCPVTBAN,EQ,2026-09-04,29.01,29.01,28.18,28.39,28.27,28.31,143631,4084000.0000000005,318,,100179.0,69.75,new
HDFCQUAL,EQ,2026-09-04,58.87,58.93,58.5,58.65,58.77,58.52,2788,164000.0,69,,1681.0,60.29,new
HDFCSENSEX,EQ,2026-09-04,86.67,87.59,86.67,87.15,87.27,86.75,23630,2060000.0000000002,447,,16747.0,70.87,new
HDFCSILVER,EQ,2026-09-04,215.0,223.71,215.0,222.7,222.62,220.08,2287210,509368999.99999994,8666,,838369.0,36.65,new
HDFCSML250,EQ,2026-09-04,187.49,187.49,186.26,186.65,186.3,186.26,738277,137887000.0,12380,,534504.0,72.4,new
HDFCVALUE,EQ,2026-09-04,125.5,126.24,125.43,125.88,126.24,125.5,1613,202999.99999999997,75,,853.0,52.88,new
HDIL,BZ,2026-09-04,1.51,1.54,1.47,1.47,1.49,1.51,144902,217000.0,170,,,,new
HEADSUP,EQ,2026-09-04,6.63,7.5,6.62,7.21,7.1,6.69,52608,385000.0,124,,49119.0,93.37,new
HEALTHADD,EQ,2026-09-04,16.7,16.72,16.5,16.58,16.65,16.7,21553,358000.0,100,,20140.0,93.44,new
HEALTHAXIS,EQ,2026-09-04,171.23,190.0,166.75,167.04,172.0,168.69,6611,1107000.0,125,,3166.0,47.89,new
HEALTHCARE,EQ,2026-09-04,22.06,22.06,21.48,21.51,21.54,21.63,20094,434000.0,251,,16354.0,81.39,new
HEALTHIETF,EQ,2026-09-04,170.65,170.66,168.17,168.65,169.33,170.09,169428,28645000.0,1685,,103236.0,60.93,new
HEALTHX,EQ,2026-09-04,295.0,303.7,289.0,300.3,301.5,292.05,17264,5103000.0,414,,14611.0,84.63,new
HEALTHY,EQ,2026-09-04,17.0,17.21,16.81,16.84,16.99,17.06,723183,12220000.0,1399,,479267.0,66.27,new
HECPROJECT,EQ,2026-09-04,121.78,121.78,115.05,117.78,119.0,121.34,8085,951000.0,102,,6397.0,79.12,new
HEG,EQ,2026-09-04,709.0,744.9,695.8,728.25,725.5,707.45,2565950,1848150999.9999998,51535,,1043169.0,40.65,new
HEIDELBERG,EQ,2026-09-04,158.3,160.89,158.3,160.17,160.0,158.19,218319,34920000.0,3811,,133953.0,61.36,new
HEMIPROP,EQ,2026-09-04,125.93,127.77,125.91,126.55,126.3,125.93,269289,34092000.0,2431,,171055.0,63.52,new
HERANBA,EQ,2026-09-04,175.9,177.99,173.3,173.83,173.6,175.93,13651,2387000.0,802,,7228.0,52.95,new
HERITGFOOD,EQ,2026-09-04,373.4,384.7,369.1,382.35,381.0,371.55,1034903,392494000.0,16079,,387570.0,37.45,new
HEROMOTOCO,EQ,2026-09-04,5319.0,5322.5,5260.0,5300.0,5300.0,5308.5,607423,3218069000.0,52796,,390189.0,64.24,new
HESTERBIO,EQ,2026-09-04,2199.9,2540.9,2170.0,2405.4,2391.0,2201.7,93542,229059000.0,8472,,10466.0,11.19,new
HEXAGON,BE,2026-09-04,66.6,67.75,65.25,67.23,67.05,66.42,102191,6829000.000000001,639,,,,new
HEXATRADEX,EQ,2026-09-04,160.0,160.0,157.0,157.65,158.0,158.0,1741,275000.0,52,,1619.0,92.99,new
HEXT,EQ,2026-09-04,531.7,541.0,524.0,528.6,531.0,529.1,192374,101986000.0,9496,,77386.0,40.23,new
HFCL,BE,2026-09-04,226.0,231.44,225.0,231.44,231.44,220.42,4395650,1012861000.0,10733,,,,new
HGINFRA,EQ,2026-09-04,479.35,484.0,475.0,482.0,480.0,479.9,49859,23942000.0,2622,,25878.0,51.9,new
HGM,EQ,2026-09-04,51.6,54.05,50.55,52.63,53.3,51.54,31154,1653000.0,287,,23892.0,76.69,new
HGS,EQ,2026-09-04,393.0,409.0,391.05,399.25,401.0,393.0,9933,3921000.0,525,,7521.0,75.72,new
HIGREEN,SM,2026-09-04,123.0,125.0,119.25,124.0,124.0,122.55,7200,881000.0,9,,5600.0,77.78,new
HIKAL,EQ,2026-09-04,234.0,236.74,220.1,222.3,222.9,240.36,5359400,1229709000.0,59686,,1051214.0,19.61,new
HILINFRA,EQ,2026-09-04,44.68,45.4,44.2,44.45,44.52,44.68,36577,1629000.0,410,,26451.0,72.32,new
HILTON,EQ,2026-09-04,18.99,18.99,18.5,18.63,18.69,18.71,83646,1564000.0,327,,58701.0,70.18,new
HIMATSEIDE,EQ,2026-09-04,70.42,71.89,70.25,71.51,71.71,70.32,358084,25483000.0,3631,,190520.0,53.21,new
HINDADH,EQ,2026-09-04,383.75,383.75,363.25,370.9,372.9,370.85,517,193000.0,52,,495.0,95.74,new
HINDALCO,EQ,2026-09-04,1012.9,1020.8,1005.0,1011.0,1011.0,1010.0,3682428,3733980000.0000005,93460,,2238105.0,60.78,new
HINDALUMI,EQ,2026-09-04,97.0,100.7,95.2,97.43,98.9,97.5,3024,295000.0,128,,2229.0,73.71,new
HINDCOMPOS,EQ,2026-09-04,392.1,415.0,392.1,394.85,392.1,393.1,5640,2253000.0,319,,3043.0,53.95,new
HINDCON,EQ,2026-09-04,25.19,25.19,23.0,23.9,23.98,24.28,42853,1032000.0,345,,30601.0,71.41,new
HINDCOPPER,EQ,2026-09-04,522.15,523.95,518.0,521.65,521.7,518.5,3802351,1979833000.0000002,45647,,1214004.0,31.93,new
HINDOILEXP,EQ,2026-09-04,183.0,188.0,180.15,185.0,184.99,184.38,1959249,358065000.0,18993,,557554.0,28.46,new
HINDPETRO,EQ,2026-09-04,359.9,360.05,355.55,356.5,356.5,361.35,3155139,1127621000.0,28717,,2065157.0,65.45,new
HINDUNILVR,EQ,2026-09-04,1967.0,1984.2,1950.4,1973.4,1973.4,1962.0,2247162,4433834000.0,122231,,1518145.0,67.56,new
HINDWAREAP,EQ,2026-09-04,187.0,187.24,181.0,182.61,181.2,185.82,113928,20844000.0,2584,,85240.0,74.82,new
HINDZINC,EQ,2026-09-04,598.0,603.0,592.0,601.0,601.0,587.95,4650039,2777865000.0,42173,,1992128.0,42.84,new
HIRECT,EQ,2026-09-04,1236.0,1249.7,1220.4,1222.4,1220.4,1235.8,18689,22998000.0,1863,,10932.0,58.49,new
HISARMETAL,EQ,2026-09-04,163.89,166.01,161.6,162.19,162.5,162.81,964,158000.0,56,,626.0,64.94,new
HITECH,EQ,2026-09-04,75.45,76.34,74.25,75.77,75.8,75.15,1169763,87857000.0,12087,,569922.0,48.72,new
HITECHCORP,BE,2026-09-04,339.85,339.85,330.1,337.0,337.0,337.0,6573,2201000.0,63,,,,new
HITECHGEAR,BE,2026-09-04,571.0,578.0,566.0,567.15,567.0,575.55,1037,591000.0,30,,,,new
HLEGLAS,EQ,2026-09-04,320.05,343.0,320.05,333.65,333.5,320.05,605651,200564000.0,12941,,202540.0,33.44,new
HLVLTD,EQ,2026-09-04,6.54,6.74,6.34,6.48,6.49,6.41,143901,939000.0,471,,116357.0,80.86,new
HMAAGRO,EQ,2026-09-04,20.9,21.15,20.8,20.84,20.91,20.93,314281,6559000.0,1515,,188686.0,60.04,new
HMT,BZ,2026-09-04,69.99,69.99,65.7,66.91,67.15,69.07,31667,2156000.0,244,,,,new
HMVL,BE,2026-09-04,87.5,88.0,84.0,84.28,85.0,86.49,15089,1282000.0,117,,,,new
HNDFDS,EQ,2026-09-04,626.9,631.5,609.5,615.05,610.5,626.9,133631,82055000.0,10581,,93212.0,69.75,new
HNGSNGBEES,EQ,2026-09-04,470.01,475.25,470.0,471.09,471.4,468.46,61650,29125000.0,3201,,39227.0,63.63,new
HOACFOODS,ST,2026-09-04,965.0,1010.0,959.95,1009.95,1009.9,965.0,6375,6263000.0,17,,6375.0,100.0,new
HOLMARC,SM,2026-09-04,107.0,107.0,102.0,105.05,105.05,104.95,16500,1713000.0,19,,15000.0,90.91,new
HOMEFIRST,EQ,2026-09-04,1201.4,1229.0,1196.0,1210.1,1210.0,1201.4,128463,155980000.0,15823,,73359.0,57.11,new
HONASA,EQ,2026-09-04,480.25,492.6,468.8,471.05,470.0,477.05,996548,477489000.00000006,24279,,445510.0,44.71,new
HONAUT,EQ,2026-09-04,35265.0,35870.0,35265.0,35655.0,35600.0,35265.0,1792,63860000.0,1177,,870.0,48.55,new
HONDAPOWER,EQ,2026-09-04,1986.4,2036.0,1976.0,2024.6,2025.0,1986.4,2712,5435000.0,512,,1492.0,55.01,new
HORIZONIND,EQ,2026-09-04,55.49,55.99,54.6,55.13,54.85,55.69,6411837,351834000.0,22902,,3551292.0,55.39,new
HPAL,EQ,2026-09-04,36.2,36.49,34.7,35.58,35.85,35.4,59982,2150000.0,717,,41761.0,69.62,new
HPIL,EQ,2026-09-04,118.7,125.08,114.4,123.75,122.5,122.01,1499,182000.0,44,,1365.0,91.06,new
HPL,EQ,2026-09-04,304.4,308.0,300.6,304.15,305.7,303.25,97614,29724000.0,3297,,44585.0,45.67,new
HRHNEXT,SM,2026-09-04,25.0,25.4,25.0,25.4,25.4,24.8,18000,457000.0,3,,18000.0,100.0,new
HRYNSHP,EQ,2026-09-04,99.0,102.0,99.0,101.36,99.15,100.75,434,43000.0,46,,393.0,90.55,new
HSBCGOLD,EQ,2026-09-04,134.02,134.31,133.31,133.81,133.31,132.53,29190,3911000.0,291,,22234.0,76.17,new
HSCL,EQ,2026-09-04,664.4,674.65,660.75,671.05,670.6,662.0,2597175,1735693999.9999998,31607,,1052457.0,40.52,new
HTEL,BE,2026-09-04,74.5,75.9,71.1,73.65,73.75,74.73,1652363,120943000.0,8570,,,,new
HTMEDIA,EQ,2026-09-04,26.56,26.9,26.06,26.12,26.3,26.56,43144,1136000.0,334,,25054.0,58.07,new
HUBTOWN,EQ,2026-09-04,192.0,197.48,188.3,189.26,189.98,192.2,598031,114248000.0,6200,,327817.0,54.82,new
HUDCO,EQ,2026-09-04,181.96,181.96,179.82,180.52,180.5,181.07,946223,170877000.0,13982,,492122.0,52.01,new
HUHTAMAKI,EQ,2026-09-04,258.95,260.4,252.0,255.0,255.45,258.2,125656,32032000.0,3335,,76332.0,60.75,new
HVAX,SM,2026-09-04,667.0,667.0,667.0,667.0,667.0,669.95,150,100000.0,1,,150.0,100.0,new
HYBRIDETF,EQ,2026-09-04,10.27,10.27,10.03,10.03,10.05,10.07,41052,413000.0,97,,27817.0,67.76,new
HYBRIDFIN,BE,2026-09-04,16.8,17.25,16.42,16.67,16.55,16.6,7267,121000.0,49,,,,new
HYUNDAI,EQ,2026-09-04,2152.0,2214.5,2150.7,2205.0,2205.0,2152.0,531330,1164538000.0,36779,,250196.0,47.09,new
IBLFL,SM,2026-09-04,58.0,58.0,58.0,58.0,58.0,60.9,2000,115999.99999999999,1,,2000.0,100.0,new
IBULLSLTD,EQ,2026-09-04,25.92,26.12,25.12,25.67,25.69,25.84,7874352,200542000.0,14317,,4165957.0,52.91,new
ICDSLTD,EQ,2026-09-04,70.0,71.45,66.2,71.45,71.45,64.96,53177,3745000.0000000005,575,,28902.0,54.35,new
ICELCO,SM,2026-09-04,120.1,124.0,118.05,119.05,119.05,119.25,91200,10977000.0,24,,70800.0,77.63,new
ICEMAKE,EQ,2026-09-04,739.25,743.7,734.45,738.6,739.0,739.25,7174,5298000.0,616,,4841.0,67.48,new
ICICIAMC,EQ,2026-09-04,2990.0,2995.9,2958.5,2970.9,2965.0,2980.0,281169,837177000.0,21106,,160880.0,57.22,new
ICICIB22,EQ,2026-09-04,116.31,116.31,113.9,114.34,114.58,114.03,255356,29183000.0,2694,,177169.0,69.38,new
ICICIBANK,EQ,2026-09-04,1432.1,1438.3,1421.4,1423.2,1423.2,1430.0,6693889,9566875000.0,100896,,4537805.0,67.79,new
ICICIGI,EQ,2026-09-04,1521.7,1533.8,1507.4,1510.0,1510.0,1521.7,824875,1250113000.0,25036,,596060.0,72.26,new
ICICIPRULI,EQ,2026-09-04,495.05,503.15,492.1,494.55,494.55,495.05,962782,479416000.0,34371,,472001.0,49.02,new
ICIL,EQ,2026-09-04,440.1,457.95,436.3,449.8,449.05,437.35,621520,278842000.0,18147,,195072.0,31.39,new
ICRA,EQ,2026-09-04,4890.0,4998.2,4866.0,4884.5,4885.0,4889.3,21042,104046000.0,3220,,10305.0,48.97,new
IDBI,EQ,2026-09-04,92.4,92.4,90.42,90.63,90.62,91.97,5012839,456804000.0,21010,,1895746.0,37.82,new
IDEA,EQ,2026-09-04,14.53,15.16,14.51,15.02,15.02,14.48,525960563,7870972000.0,774211,,159158688.0,30.26,new
IDEAFORGE,EQ,2026-09-04,783.95,799.0,774.0,777.05,776.55,776.55,208626,163808000.0,15451,,109270.0,52.38,new
IDENTICAL,SM,2026-09-04,22.45,22.45,18.0,18.05,18.0,19.1,20000,405000.0,10,,16000.0,80.0,new
IDFCFIRSTB,EQ,2026-09-04,87.81,87.98,86.5,86.71,86.71,87.5,15288105,1332127000.0,52562,,7329344.0,47.94,new
IDFNIFTYET,EQ,2026-09-04,266.63,268.89,263.95,264.49,264.0,265.31,1426,377000.0,54,,1289.0,90.39,new
IEML,ST,2026-09-04,40.2,42.3,40.15,42.05,42.0,40.3,40000,1655000.0,59,,39500.0,98.75,new
IEX,EQ,2026-09-04,121.0,121.63,118.51,118.91,118.91,119.15,11547227,1383523000.0,78737,,4426507.0,38.33,new
IFBAGRO,EQ,2026-09-04,913.9,916.0,887.3,903.3,912.0,889.05,4296,3876000.0,418,,2333.0,54.31,new
IFBIND,EQ,2026-09-04,1317.2,1318.5,1300.5,1305.7,1306.0,1311.8,19145,25013000.0,2025,,12681.0,66.24,new
IFCI,EQ,2026-09-04,96.5,107.5,96.41,101.38,102.17,95.91,407352536,41971793000.0,954040,,39482257.0,9.69,new
IFGLEXPOR,EQ,2026-09-04,205.5,210.58,202.0,204.69,207.5,207.44,22469,4621000.0,834,,12813.0,57.03,new
IGARASHI,EQ,2026-09-04,416.25,428.0,416.25,422.75,424.0,416.25,40948,17281000.0,1646,,18039.0,44.05,new
IGCL,EQ,2026-09-04,73.27,73.49,72.34,72.89,72.5,73.27,54634,3979999.9999999995,879,,32459.0,59.41,new
IGIL,EQ,2026-09-04,330.0,330.95,322.05,323.5,323.05,325.95,369135,120063000.00000001,19190,,215368.0,58.34,new
IGL,EQ,2026-09-04,150.5,159.5,150.5,158.04,158.31,149.42,8174532,1283408000.0,62988,,3334409.0,40.79,new
IGPL,EQ,2026-09-04,553.5,572.0,550.05,567.4,568.25,548.85,200277,112956000.0,5882,,92988.0,46.43,new
IIFL,EQ,2026-09-04,645.7,662.9,640.4,651.15,652.0,643.4,2119359,1382265000.0,35534,,1021515.0,48.2,new
IIFLCAPS,EQ,2026-09-04,337.4,341.95,337.4,341.2,340.9,338.05,330001,112274000.0,6950,,219698.0,66.57,new
IITL,EQ,2026-09-04,151.08,152.65,145.1,146.4,145.8,151.92,100778,15224000.0,1053,,14572.0,14.46,new
IKIO,EQ,2026-09-04,209.99,222.0,209.2,212.34,211.0,208.31,831128,179665000.0,13990,,223762.0,26.92,new
IKS,EQ,2026-09-04,1728.5,1799.8,1728.5,1759.9,1751.9,1732.4,220451,388387000.0,16983,,88787.0,40.28,new
IL&FSENGG,BZ,2026-09-04,35.0,36.75,35.0,36.75,36.75,35.0,113314,4134000.0000000005,85,,,,new
IL&FSTRANS,BZ,2026-09-04,2.16,2.16,2.01,2.06,2.1,2.11,97511,202999.99999999997,104,,,,new
IMAGICAA,EQ,2026-09-04,54.4,57.44,53.94,55.38,55.3,54.55,2402726,135071000.0,10657,,1205348.0,50.17,new
IMFA,EQ,2026-09-04,1293.0,1312.0,1274.2,1288.4,1291.0,1281.7,162105,208840000.0,11606,,91259.0,56.3,new
IMPAL,EQ,2026-09-04,1096.0,1129.0,1081.0,1114.6,1127.0,1087.8,1266,1397000.0,178,,1013.0,80.02,new
IMPEXFERRO,BZ,2026-09-04,4.72,4.72,4.72,4.72,4.72,4.63,11143,53000.0,15,,,,new
INA,EQ,2026-09-04,89.22,91.93,89.22,90.24,89.9,89.03,481868,43655000.0,4760,,238614.0,49.52,new
INCREDIBLE,EQ,2026-09-04,32.13,32.99,31.99,32.54,32.55,32.13,5276,169000.0,38,,4300.0,81.5,new
INDBANK,EQ,2026-09-04,29.19,29.19,28.13,28.58,28.51,28.71,93377,2675000.0,671,,61370.0,65.72,new
INDGN,EQ,2026-09-04,603.15,611.4,598.3,601.5,599.8,600.15,804735,486320000.0,21575,,542466.0,67.41,new
INDHOTEL,EQ,2026-09-04,730.0,732.95,717.5,720.0,720.0,732.0,1528492,1104177000.0,25462,,915918.0,59.92,new
INDIACEM,EQ,2026-09-04,358.8,363.9,358.15,362.5,362.75,358.8,42548,15368000.0,3438,,18420.0,43.29,new
INDIAGLYCO,BE,2026-09-04,260.4,260.4,260.4,260.4,260.4,248.0,21597,5624000.0,61,,,,new
INDIAMART,EQ,2026-09-04,1730.0,1745.0,1722.5,1726.4,1727.3,1729.5,43854,75933000.0,6148,,28225.0,64.36,new
INDIANB,EQ,2026-09-04,883.05,892.4,879.1,879.7,879.7,888.75,786614,696181000.0,22041,,381404.0,48.49,new
INDIANCARD,EQ,2026-09-04,214.79,225.01,208.61,219.97,223.98,214.82,3224,703000.0,91,,2305.0,71.5,new
INDIANHUME,EQ,2026-09-04,390.6,400.05,383.35,387.8,390.0,390.7,56614,22090000.0,1975,,31708.0,56.01,new
INDIASHLTR,EQ,2026-09-04,669.05,680.0,669.05,677.1,676.0,673.1,70209,47427000.0,5526,,43158.0,61.47,new
INDIGO,EQ,2026-09-04,4980.0,5035.0,4977.0,4977.0,4977.0,4980.0,394117,1970691000.0,37006,,235051.0,59.64,new
INDIGOPNTS,EQ,2026-09-04,1183.1,1195.0,1170.0,1185.8,1180.0,1183.1,94147,111608999.99999999,10508,,52379.0,55.64,new
INDIGRID,IV,2026-09-04,175.59,175.6,174.99,175.49,175.41,175.07,489772,85868000.0,4843,,422999.0,86.37,new
INDIQUBE,EQ,2026-09-04,194.52,195.9,193.0,194.54,194.5,193.09,16617,3225000.0,574,,11038.0,66.43,new
INDNIPPON,EQ,2026-09-04,1115.1,1175.0,1101.8,1158.2,1170.0,1109.4,63581,72459000.0,3995,,33361.0,52.47,new
INDOAMIN,BE,2026-09-04,125.5,128.74,123.0,125.96,126.4,124.28,50224,6332000.0,289,,,,new
INDOBORAX,EQ,2026-09-04,524.5,524.5,507.15,514.9,512.0,512.8,126424,65261000.0,5813,,47703.0,37.73,new
INDOCO,EQ,2026-09-04,272.95,274.7,260.59,262.51,266.5,272.56,368891,98297000.0,8462,,137671.0,37.32,new
INDOFARM,EQ,2026-09-04,135.59,136.59,132.91,134.03,133.6,134.54,68314,9178000.0,1716,,35676.0,52.22,new
INDOKEM,EQ,2026-09-04,636.0,640.0,615.1,625.55,638.85,628.7,3809,2417000.0,244,,2629.0,69.02,new
INDOMIM,EQ,2026-09-04,926.0,983.6,926.0,971.5,967.0,922.4,4512815,4357476000.0,135739,,1537302.0,34.07,new
INDORAMA,EQ,2026-09-04,69.79,74.25,69.55,72.96,73.5,68.87,1609101,117105000.0,15322,,583442.0,36.26,new
INDOSTAR,EQ,2026-09-04,256.5,261.6,255.0,258.66,256.51,255.88,111553,28851000.0,1717,,69783.0,62.56,new
INDOTECH,EQ,2026-09-04,3619.7,3704.0,3606.4,3663.1,3650.0,3610.7,7508,27586000.0,1393,,4717.0,62.83,new
INDOTHAI,EQ,2026-09-04,35.75,35.75,35.75,35.75,35.75,37.63,742070,26529000.000000004,1626,,736955.0,99.31,new
INDOUS,EQ,2026-09-04,77.02,79.78,70.0,77.48,77.2,78.82,41730,3238000.0000000005,280,,37988.0,91.03,new
INDOWIND,EQ,2026-09-04,9.19,9.2,8.93,9.02,9.04,9.05,77378,701000.0,468,,71151.0,91.95,new
INDPRUD,EQ,2026-09-04,6228.0,6390.0,6221.0,6305.0,6305.0,6325.0,94,592000.0,20,,76.0,80.85,new
INDRAMEDCO,EQ,2026-09-04,357.7,358.6,348.3,349.7,350.0,356.35,311569,109715000.00000001,4724,,207819.0,66.7,new
INDSWFTLAB,EQ,2026-09-04,373.1,373.1,350.0,355.95,351.5,372.7,695062,249451000.00000003,11918,,355013.0,51.08,new
INDTERRAIN,EQ,2026-09-04,30.8,30.8,30.05,30.42,30.2,30.22,17159,520000.0,89,,12526.0,73.0,new
INDUSINDBK,EQ,2026-09-04,1004.8,1008.6,998.0,1008.5,1008.5,1004.8,1321066,1324266000.0,25721,,692536.0,52.42,new
INDUSINVIT,IV,2026-09-04,134.01,134.01,133.5,133.94,134.0,134.01,95377,12774000.0,3232,,83186.0,87.22,new
INDUSTOWER,EQ,2026-09-04,375.0,380.45,374.15,376.8,376.8,374.95,1578193,595101000.0,21308,,851663.0,53.96,new
INFINIUM,SM,2026-09-04,255.9,264.0,250.1,264.0,264.0,250.0,14500,3771000.0,17,,14000.0,96.55,new
INFLUX,SM,2026-09-04,296.0,296.0,290.0,291.35,290.0,290.4,4200,1227000.0,7,,3600.0,85.71,new
INFOBEAN,EQ,2026-09-04,157.0,167.4,157.0,162.08,161.27,157.68,750810,122942000.0,13142,,211608.0,28.18,new
INFOLLION,SM,2026-09-04,159.9,160.1,155.15,159.8,159.9,158.4,13200,2107000.0,21,,12000.0,90.91,new
INFOMEDIA,EQ,2026-09-04,5.18,5.81,5.17,5.35,5.37,5.18,22935,122000.0,140,,12605.0,54.96,new
INFRA,EQ,2026-09-04,12.21,12.21,12.01,12.04,12.03,12.03,14437,174000.0,135,,9523.0,65.96,new
INFRABEES,EQ,2026-09-04,954.38,958.63,952.54,956.45,952.85,954.28,3516,3359000.0000000005,395,,1901.0,54.07,new
INFRAIETF,EQ,2026-09-04,94.93,95.24,94.52,94.8,94.52,94.72,555466,52680999.99999999,4446,,527026.0,94.88,new
INFY,EQ,2026-09-04,1133.0,1146.7,1125.4,1130.0,1130.0,1130.3,5881388,6658277000.0,109162,,3829599.0,65.11,new
INGERRAND,EQ,2026-09-04,4888.0,4888.0,4830.0,4844.7,4830.0,4846.4,11320,54912000.0,1562,,6303.0,55.68,new
INM,SM,2026-09-04,151.0,151.0,141.05,148.0,148.0,148.0,7200,1059000.0,12,,6600.0,91.67,new
INNOMET,ST,2026-09-04,282.45,282.45,282.45,282.45,282.45,276.95,37200,10507000.0,19,,37200.0,100.0,new
INNOVACAP,EQ,2026-09-04,1130.6,1199.9,1118.0,1175.4,1178.9,1125.4,321751,377036000.0,26774,,85511.0,26.58,new
INNOVANA,EQ,2026-09-04,308.0,315.0,301.0,305.2,309.55,308.5,583,178000.0,68,,403.0,69.13,new
INNOVISION,EQ,2026-09-04,269.0,269.0,253.6,254.9,254.25,255.65,11734,3015000.0,765,,4779.0,40.73,new
INOXGREEN,EQ,2026-09-04,171.01,176.7,168.7,175.1,176.5,171.01,1333015,231096999.99999997,13176,,595273.0,44.66,new
INOXINDIA,EQ,2026-09-04,2223.0,2320.0,2208.0,2247.8,2246.5,2176.2,1027233,2329876000.0,83916,,240799.0,23.44,new
INOXWIND,EQ,2026-09-04,74.27,76.5,73.5,74.4,74.4,74.0,22688206,1692539000.0,66739,,6643453.0,29.28,new
INSECTICID,EQ,2026-09-04,619.6,624.8,612.2,618.45,615.55,614.15,22609,13974000.0,1289,,14251.0,63.03,new
INSPIRE,SM,2026-09-04,8.45,8.45,8.45,8.45,8.45,8.05,4000,34000.0,2,,4000.0,100.0,new
INSPIRISYS,EQ,2026-09-04,94.0,95.77,89.0,89.53,91.6,93.03,2978,273000.0,101,,2377.0,79.82,new
INSUREIETF,EQ,2026-09-04,15.06,15.33,15.05,15.23,15.21,15.04,402017,6097000.0,138,,220128.0,54.76,new
INTEGRITY,ST,2026-09-04,175.0,175.0,175.0,175.0,175.0,171.05,1200,210000.0,1,,1200.0,100.0,new
INTELLECT,EQ,2026-09-04,680.3,703.65,680.3,686.65,688.0,678.3,491572,340749000.0,32327,,164300.0,33.42,new
INTENTECH,EQ,2026-09-04,78.08,85.5,78.08,82.25,82.0,79.54,42907,3528000.0,848,,26684.0,62.19,new
INTERARCH,EQ,2026-09-04,1692.0,1721.0,1692.0,1707.0,1700.0,1701.2,33231,56698000.0,4580,,19303.0,58.09,new
INTERNET,EQ,2026-09-04,14.65,14.74,14.44,14.61,14.59,14.52,534263,7812000.0,242,,359634.0,67.31,new
INTLCONV,EQ,2026-09-04,79.88,83.28,79.0,81.18,81.25,79.44,92332,7540000.000000001,1669,,60283.0,65.29,new
INVENTURE,EQ,2026-09-04,0.93,0.95,0.92,0.93,0.95,0.92,618481,578000.0,354,,397104.0,64.21,new
INVICTA,SM,2026-09-04,68.0,68.0,68.0,68.0,68.0,68.3,1600,109000.00000000001,1,,1600.0,100.0,new
INVPRECQ,BE,2026-09-04,1275.0,1275.0,1268.0,1273.6,1273.6,1280.0,1405,1785000.0000000002,27,,,,new
IOB,EQ,2026-09-04,33.31,33.64,33.02,33.55,33.5,33.23,2673908,89330000.0,10221,,1374189.0,51.39,new
IOC,EQ,2026-09-04,137.0,137.76,136.87,137.6,137.6,137.8,4277697,587581000.0,29860,,2733519.0,63.9,new
IOLCP,EQ,2026-09-04,197.0,204.98,192.5,199.95,199.0,196.43,5291531,1059245999.9999999,49711,,1459439.0,27.58,new
IONEXCHANG,EQ,2026-09-04,384.1,412.0,382.55,409.2,411.8,382.2,1293430,521802000.00000006,34620,,430699.0,33.3,new
IPCALAB,EQ,2026-09-04,1950.0,1969.0,1944.2,1965.3,1965.0,1956.1,80401,157697000.0,9361,,45844.0,57.02,new
IPHL,SM,2026-09-04,71.6,77.0,69.05,74.95,74.0,72.75,54000,3900000.0,45,,34800.0,64.44,new
IPL,EQ,2026-09-04,137.1,138.96,137.1,138.34,138.9,137.5,67260,9298000.0,1210,,36996.0,55.0,new
IPRINGLTD,EQ,2026-09-04,163.0,165.95,155.1,159.99,162.0,162.07,3047,491000.0,84,,2378.0,78.04,new
IPSL,SM,2026-09-04,215.0,215.0,215.0,215.0,215.0,210.0,500,108000.0,1,,500.0,100.0,new
IRB,EQ,2026-09-04,19.85,19.91,19.6,19.65,19.66,19.67,6862525,135500000.0,14986,,2736472.0,39.88,new
IRBINVIT,IV,2026-09-04,64.74,64.83,64.3,64.54,64.65,64.5,411810,26581000.0,3471,,346085.0,84.04,new
IRCON,EQ,2026-09-04,119.28,120.79,118.05,119.25,119.15,118.69,1686344,201267000.0,24391,,501402.0,29.73,new
IRCTC,EQ,2026-09-04,474.8,479.0,474.05,476.05,477.0,474.6,603706,287524000.0,24156,,299234.0,49.57,new
IREDA,EQ,2026-09-04,113.5,114.6,113.25,113.64,113.64,113.0,2627200,299276000.0,16839,,985287.0,37.5,new
IRFC,EQ,2026-09-04,82.7,83.95,82.7,83.4,83.4,82.65,7883831,657085000.0,36348,,3058213.0,38.79,new
IRIS,EQ,2026-09-04,256.0,273.99,256.0,265.92,265.0,253.93,92277,24703000.0,3337,,39342.0,42.63,new
IRISDOREME,EQ,2026-09-04,60.28,64.13,60.2,63.58,63.8,59.98,2431238,151624000.0,7464,,1194233.0,49.12,new
IRMENERGY,EQ,2026-09-04,287.15,287.15,278.65,281.4,280.0,283.85,76393,21614000.0,2608,,38901.0,50.92,new
ISFT,EQ,2026-09-04,85.12,86.79,80.8,81.61,82.77,84.79,132771,11295000.0,1587,,15660.0,11.79,new
ISGEC,EQ,2026-09-04,775.55,790.85,773.05,787.35,785.85,771.1,30774,24089000.0,6215,,17395.0,56.52,new
ISHAN,SM,2026-09-04,0.5,0.55,0.5,0.55,0.55,0.5,96000,50000.0,2,,96000.0,100.0,new
ISHANCH,EQ,2026-09-04,45.98,46.1,43.55,44.29,44.4,45.4,38670,1746000.0,992,,22214.0,57.45,new
ISTLTD,EQ,2026-09-04,672.75,675.0,650.0,654.55,650.0,659.55,357,237000.0,46,,303.0,84.87,new
IT,EQ,2026-09-04,34.44,34.75,34.0,34.09,34.2,34.19,153062,5255000.0,1016,,70388.0,45.99,new
ITADD,EQ,2026-09-04,32.99,32.99,32.52,32.57,32.63,32.67,6830,224000.00000000003,56,,4258.0,62.34,new
ITALIANE,SM,2026-09-04,33.0,33.5,33.0,33.5,33.5,32.0,12000,401000.0,6,,10000.0,83.33,new
ITAXIS,EQ,2026-09-04,343.16,344.99,335.61,339.03,340.0,339.76,1669,568000.0,62,,785.0,47.03,new
ITBEES,EQ,2026-09-04,34.34,34.76,34.0,34.09,34.25,34.29,8504508,291229000.0,14153,,5756878.0,67.69,new
ITBETA,EQ,2026-09-04,326.08,326.17,322.5,322.95,322.5,324.46,84,27000.0,12,,52.0,61.9,new
ITC,EQ,2026-09-04,264.0,266.25,262.65,264.1,264.1,263.0,9519153,2519989000.0,145963,,4936252.0,51.86,new
ITCHOTELS,EQ,2026-09-04,161.0,164.5,160.01,161.23,161.32,160.25,2050484,331736000.0,31365,,1011648.0,49.34,new
ITDC,EQ,2026-09-04,643.95,653.0,640.1,644.35,645.0,643.35,39915,25739000.0,2475,,10001.0,25.06,new
ITETF,EQ,2026-09-04,33.05,33.17,32.5,32.54,32.59,32.69,127150,4159000.0000000005,481,,53589.0,42.15,new
ITI,EQ,2026-09-04,268.5,276.6,268.5,272.5,272.9,268.45,264152,71912000.0,7251,,62875.0,23.8,new
ITIETF,EQ,2026-09-04,34.59,34.73,33.95,34.01,33.95,34.24,354409,12125000.0,1099,,251700.0,71.02,new
ITL,EQ,2026-09-04,370.0,370.0,358.5,364.55,370.0,362.4,558,202999.99999999997,43,,480.0,86.02,new
IVALUE,EQ,2026-09-04,237.04,239.39,228.61,230.26,229.1,236.18,133823,31111000.0,4062,,76730.0,57.34,new
IVC,EQ,2026-09-04,10.84,10.84,10.19,10.24,10.24,10.09,1022586,10603000.0,1918,,690681.0,67.54,new
IVP,BE,2026-09-04,202.0,209.97,202.0,203.34,203.0,206.25,10358,2129000.0,87,,,,new
IVZBANKNF,EQ,2026-09-04,57.39,57.56,57.35,57.56,57.56,57.42,1513,87000.0,11,,1513.0,100.0,new
IVZINGOLD,EQ,2026-09-04,134.9,134.9,133.5,133.95,134.0,133.3,9964,1334000.0,165,,7483.0,75.1,new
IVZINNIFTY,EQ,2026-09-04,267.79,277.9,267.79,274.53,274.22,274.66,158,43000.0,40,,94.0,59.49,new
IVZSENSEX,EQ,2026-09-04,77.7,77.7,76.54,76.56,76.56,76.63,972,75000.0,17,,524.0,53.91,new
IWARE,ST,2026-09-04,470.0,485.35,470.0,485.35,485.35,462.25,28800,13894999.999999998,47,,21000.0,72.92,new
IWP,EQ,2026-09-04,34.0,35.49,33.52,34.38,34.06,34.08,25747,889000.0,75,,24940.0,96.87,new
IXIGO,EQ,2026-09-04,163.76,170.63,163.39,166.75,167.0,162.15,3400102,565730000.0,55718,,1845947.0,54.29,new
IZMO,EQ,2026-09-04,915.0,926.1,900.0,902.45,902.6,921.95,87266,79269000.0,7045,,38310.0,43.9,new
J&KBANK,EQ,2026-09-04,150.45,152.8,149.05,150.02,150.3,149.86,1883250,284346000.0,25100,,902647.0,47.93,new
JAGRAN,EQ,2026-09-04,61.49,61.59,60.93,60.98,60.98,61.23,247379,15106000.0,2075,,181577.0,73.4,new
JAGSNPHARM,EQ,2026-09-04,242.0,243.18,238.81,242.06,242.4,243.02,96227,23184000.0,2506,,46365.0,48.18,new
JAIBALAJI,EQ,2026-09-04,71.08,71.55,69.32,69.73,69.7,70.85,293778,20672000.0,2409,,210242.0,71.56,new
JAICORPLTD,EQ,2026-09-04,100.1,100.89,99.2,99.52,99.69,99.15,246316,24592000.0,3112,,115640.0,46.95,new
JAINAM,SM,2026-09-04,203.5,203.5,203.3,203.5,203.5,214.0,3000,610000.0,3,,3000.0,100.0,new
JAINIK,SM,2026-09-04,206.4,212.0,206.4,209.2,209.95,204.5,13200,2744000.0,11,,12000.0,90.91,new
JAINREC,EQ,2026-09-04,280.55,282.3,276.15,277.95,277.2,279.8,1135766,315517000.0,26345,,416986.0,36.71,new
JAIPURKURT,EQ,2026-09-04,25.74,26.37,24.65,25.33,25.0,25.82,51045,1304000.0,176,,47127.0,92.32,new
JALAN,ST,2026-09-04,1.8,1.8,1.8,1.8,1.8,1.85,6000,11000.0,2,,6000.0,100.0,new
JAMNAAUTO,EQ,2026-09-04,122.15,122.29,120.36,120.69,121.5,122.04,691775,83734000.0,8019,,380983.0,55.07,new
JARO,EQ,2026-09-04,455.6,457.8,441.8,445.65,445.1,454.4,119338,53899000.0,2609,,37791.0,31.67,new
JASH,EQ,2026-09-04,470.5,489.95,470.5,478.5,480.5,464.15,280288,135340000.0,15722,,82454.0,29.42,new
JAYAGROGN,EQ,2026-09-04,232.04,235.96,227.01,230.6,229.0,230.83,8025,1861000.0,261,,5995.0,74.7,new
JAYBARMARU,EQ,2026-09-04,122.4,122.79,121.5,122.29,122.5,121.81,141098,17229000.0,2206,,77774.0,55.12,new
JAYBEE,SM,2026-09-04,84.95,86.55,84.35,84.35,84.35,84.95,10000,852000.0,15,,8500.0,85.0,new
JAYESH,SM,2026-09-04,132.65,134.4,130.05,134.4,134.4,132.65,38000,5009000.0,34,,13000.0,34.21,new
JAYKAY,EQ,2026-09-04,165.37,167.88,151.76,153.69,153.58,166.46,470358,73794000.0,7012,,245514.0,52.2,new
JAYNECOIND,EQ,2026-09-04,92.0,94.37,85.22,89.04,88.7,98.68,49840056,4412245000.0,185969,,17721628.0,35.56,new
JAYSREETEA,EQ,2026-09-04,99.39,101.34,98.0,98.95,99.18,99.31,48814,4878000.0,589,,34644.0,70.97,new
JBMA,EQ,2026-09-04,629.5,633.75,622.05,625.6,626.2,629.1,146607,92067000.0,8913,,58285.0,39.76,new
JENBURPH,EQ,2026-09-04,1036.2,1045.0,1030.0,1038.8,1040.0,1031.5,422,437000.0,38,,378.0,89.57,new
JETFREIGHT,EQ,2026-09-04,21.24,21.44,20.9,21.18,21.06,20.91,123233,2606000.0,1319,,59992.0,48.68,new
JEYYAM,ST,2026-09-04,22.0,22.65,22.0,22.15,22.15,22.4,44000,976000.0,16,,44000.0,100.0,new
JFLLIFE,SM,2026-09-04,9.85,9.85,9.85,9.85,9.85,9.8,6000,59000.0,1,,6000.0,100.0,new
JGCHEM,EQ,2026-09-04,618.8,622.0,592.45,598.15,600.0,612.2,210794,126650000.0,8687,,94996.0,45.07,new
JHS,EQ,2026-09-04,7.86,8.08,7.81,7.89,7.95,7.86,45834,363000.0,246,,40941.0,89.32,new
JINDALPHOT,EQ,2026-09-04,1002.1,1049.7,1002.1,1021.2,1035.0,1026.2,2011,2071000.0,297,,1034.0,51.42,new
JINDALPOLY,EQ,2026-09-04,677.5,687.95,670.0,672.35,673.1,683.7,11895,8023999.999999999,858,,6541.0,54.99,new
JINDALSAW,EQ,2026-09-04,312.0,312.0,304.3,305.3,305.0,310.85,868641,266864000.0,16623,,434475.0,50.02,new
JINDALSTEL,EQ,2026-09-04,1147.0,1170.9,1138.7,1165.0,1165.0,1145.0,893053,1034223000.0,32645,,406754.0,45.55,new
JINDRILL,EQ,2026-09-04,652.85,672.0,647.0,663.05,663.95,649.9,708720,469777000.00000006,24310,,265131.0,37.41,new
JINDWORLD,EQ,2026-09-04,49.67,57.78,49.02,57.51,57.78,48.15,188275533,10239527000.0,320645,,17063197.0,9.06,new
JIOFIN,EQ,2026-09-04,237.8,240.63,237.8,239.5,239.5,237.45,11860254,2839655000.0,63338,,6116662.0,51.57,new
JISLDVREQS,EQ,2026-09-04,21.2,23.34,20.81,21.93,21.79,21.03,310219,6787000.0,614,,176105.0,56.77,new
JISLJALEQS,EQ,2026-09-04,28.29,32.39,28.25,30.87,31.2,28.16,29548721,917440000.0,56608,,3998809.0,13.53,new
JITFINFRA,EQ,2026-09-04,310.5,314.85,300.0,304.5,305.0,310.65,23808,7268000.000000001,614,,12671.0,53.22,new
JIWANRAM,SM,2026-09-04,4.4,4.4,4.3,4.3,4.3,4.35,24000,104000.0,4,,12000.0,50.0,new
JKCEMENT,EQ,2026-09-04,5044.0,5126.0,5025.5,5083.5,5120.0,5039.5,15032,76178000.0,3618,,7376.0,49.07,new
JKIL,EQ,2026-09-04,488.0,492.95,486.15,487.35,486.65,487.7,24845,12153000.0,1228,,15359.0,61.82,new
JKIPL,EQ,2026-09-04,107.5,107.5,100.38,100.56,101.0,105.66,19248,1978000.0,475,,13546.0,70.38,new
JKLAKSHMI,EQ,2026-09-04,519.0,522.85,512.05,515.7,514.0,514.4,512153,264139000.0,8011,,425708.0,83.12,new
JKPAPER,EQ,2026-09-04,412.0,413.75,401.6,405.8,405.65,410.15,381165,154773000.0,11305,,142844.0,37.48,new
JKTYRE,EQ,2026-09-04,368.9,371.9,366.5,367.35,368.45,369.45,360957,133148000.0,11588,,178388.0,49.42,new
JLHL,EQ,2026-09-04,293.35,293.35,284.15,286.45,285.0,290.3,102896,29713000.0,3889,,85536.0,83.13,new
JMA,EQ,2026-09-04,93.79,93.79,89.0,90.58,91.0,92.24,7483,684000.0,139,,6095.0,81.45,new
JMFINANCIL,EQ,2026-09-04,134.9,136.3,130.65,132.06,132.0,134.53,4507470,598254000.0,48491,,1791769.0,39.75,new
JNKINDIA,EQ,2026-09-04,431.5,450.4,431.5,445.05,444.8,431.45,128595,57227000.0,4761,,56587.0,44.0,new
JNPR,EQ,2026-09-04,261.0,273.25,259.6,265.1,264.2,259.2,983254,262039000.0,18604,,485759.0,49.4,new
JOCIL,BE,2026-09-04,152.9,156.85,152.01,154.3,155.0,152.89,8078,1255000.0,86,,,,new
JPOLYINVST,EQ,2026-09-04,1010.0,1011.8,992.5,997.45,1008.0,1006.5,3507,3514000.0,564,,1291.0,36.81,new
JPPOWER,EQ,2026-09-04,16.02,16.43,16.02,16.29,16.36,16.14,30695821,497843000.0,24426,,11133733.0,36.27,new
JSFB,EQ,2026-09-04,534.2,544.0,524.55,535.1,533.0,534.2,453979,242937000.0,12898,,200005.0,44.06,new
JSL,EQ,2026-09-04,738.4,741.25,732.0,737.85,740.0,738.4,780597,575854000.0,21064,,474395.0,60.77,new
JSLL,EQ,2026-09-04,504.4,529.9,502.15,516.3,519.95,501.45,921231,477133000.0,30939,,391789.0,42.53,new
JSWCEMENT,EQ,2026-09-04,123.5,125.17,123.02,124.07,124.1,123.37,1203964,149842000.0,37057,,654446.0,54.36,new
JSWDULUX,EQ,2026-09-04,3167.6,3209.5,3155.6,3174.5,3172.0,3167.6,24093,76473000.0,3861,,17437.0,72.37,new
JSWENERGY,EQ,2026-09-04,537.55,540.25,534.25,539.85,539.85,539.5,2598872,1397317000.0,48270,,1661866.0,63.95,new
JSWHL,EQ,2026-09-04,11760.0,11811.0,11360.0,11472.0,11540.0,11590.0,2952,34329000.0,1313,,1015.0,34.38,new
JSWINFRA,EQ,2026-09-04,334.1,337.8,332.5,333.0,333.0,334.1,2001532,669432000.0,30842,,1428649.0,71.38,new
JSWSTEEL,EQ,2026-09-04,1305.0,1331.7,1300.1,1325.0,1325.0,1308.0,1094356,1446084000.0,31558,,580155.0,53.01,new
JTEKTINDIA,EQ,2026-09-04,122.5,123.05,120.71,121.27,121.46,121.82,143861,17491000.0,1884,,72359.0,50.3,new
JTLIND,EQ,2026-09-04,90.0,92.89,89.77,91.67,91.45,89.67,2884117,263625000.0,18506,,1216567.0,42.18,new
JUBLCPL,EQ,2026-09-04,2329.1,2342.6,2203.5,2222.6,2234.1,2304.8,7185,16310000.0,1167,,4220.0,58.73,new
JUBLFOOD,EQ,2026-09-04,482.9,488.0,481.35,482.7,482.7,482.9,624576,302095000.0,23258,,254404.0,40.73,new
JUBLINGREA,EQ,2026-09-04,694.0,697.35,678.0,680.3,680.95,690.55,91316,62559000.0,7010,,45556.0,49.89,new
JUBLPHARMA,EQ,2026-09-04,919.0,930.0,901.2,924.5,930.0,907.9,498346,455575000.0,27270,,216480.0,43.44,new
JUNIORBEES,EQ,2026-09-04,795.84,795.84,784.0,791.07,791.65,788.74,283994,224784000.0,7296,,213941.0,75.33,new
JUNIPER,EQ,2026-09-04,215.0,220.94,214.5,216.82,216.0,217.69,82885,17914000.0,1689,,46955.0,56.65,new
JUSTDIAL,EQ,2026-09-04,697.2,697.2,688.1,692.85,693.0,697.35,106018,73409000.0,4250,,40523.0,38.22,new
JWL,EQ,2026-09-04,240.71,249.0,240.71,243.24,244.0,241.09,1056588,259542000.0,22313,,241989.0,22.9,new
JYOTHYLAB,EQ,2026-09-04,201.0,203.55,200.05,201.54,202.0,200.5,469980,94820000.0,9930,,228839.0,48.69,new
JYOTICNC,EQ,2026-09-04,1026.85,1043.0,1000.1,1003.9,1002.5,1026.85,1051995,1069802000.0,35102,,420571.0,39.98,new
JYOTIGLOBL,SM,2026-09-04,40.4,40.4,38.0,40.3,40.3,38.5,30000,1196000.0,15,,28000.0,93.33,new
JYOTIRES,EQ,2026-09-04,877.0,877.0,863.05,868.1,867.5,866.35,5189,4508000.0,518,,3418.0,65.87,new
JYOTISTRUC,EQ,2026-09-04,9.85,10.2,9.6,10.02,10.09,9.8,10113711,100616000.0,10569,,3649486.0,36.08,new
K2INFRA,ST,2026-09-04,50.45,50.45,48.7,48.8,48.7,48.95,6000,296000.0,8,,5400.0,90.0,new
KABRAEXTRU,EQ,2026-09-04,566.0,583.95,560.35,579.15,580.0,564.8,130668,75305000.0,3898,,56820.0,43.48,new
KAJARIACER,EQ,2026-09-04,1260.6,1262.0,1235.0,1239.6,1235.0,1260.6,319639,397077000.0,19442,,178760.0,55.93,new
KAKATCEM,EQ,2026-09-04,110.7,112.4,108.0,109.6,109.12,110.67,2586,283000.0,175,,1707.0,66.01,new
KALAMANDIR,EQ,2026-09-04,85.99,86.76,85.81,86.49,86.75,85.87,150963,13030000.000000002,1955,,81320.0,53.87,new
KALANA,SM,2026-09-04,19.95,19.95,18.55,18.8,18.8,19.3,38000,714000.0,17,,22000.0,57.89,new
KALPATARU,EQ,2026-09-04,278.75,280.2,275.0,277.65,278.15,276.55,40767,11314000.0,701,,27064.0,66.39,new
KALYANIFRG,BE,2026-09-04,1157.4,1157.4,1070.0,1081.05,1083.0,1125.25,8487,9382000.0,451,,,,new
KALYANKJIL,EQ,2026-09-04,588.2,604.95,585.3,598.8,598.8,585.3,9662044,5784265000.0,94262,,1998449.0,20.68,new
KAMAHOLD,EQ,2026-09-04,2369.9,2369.9,2340.0,2348.2,2350.0,2341.1,1979,4649000.0,284,,1133.0,57.25,new
KAMANWALA,EQ,2026-09-04,16.5,16.6,16.5,16.59,16.6,15.9,7692,127000.0,18,,6592.0,85.7,new
KAMATHOTEL,EQ,2026-09-04,216.96,227.88,215.88,225.51,225.0,217.66,107699,24149000.0,2471,,54736.0,50.82,new
KAMDHENU,BE,2026-09-04,39.05,40.44,38.5,39.24,39.3,38.77,1255794,49807000.0,3154,,,,new
KAMOPAINTS,EQ,2026-09-04,4.58,4.62,4.49,4.53,4.55,4.53,270171,1235000.0,496,,212593.0,78.69,new
KANANIIND,EQ,2026-09-04,1.51,1.53,1.5,1.52,1.53,1.51,144024,218000.00000000003,260,,105232.0,73.07,new
KANCHI,EQ,2026-09-04,396.6,415.0,396.6,409.7,409.0,398.55,1607,658000.0,84,,1119.0,69.63,new
KANCOTEA,EQ,2026-09-04,58.4,58.4,53.1,54.85,54.85,56.79,28,2000.0,8,,5.0,17.86,new
KANDARP,SM,2026-09-04,97.0,97.0,97.0,97.0,97.0,92.9,1000,97000.0,1,,1000.0,100.0,new
KANORICHEM,BE,2026-09-04,155.68,158.89,152.02,155.56,154.2,155.68,14865,2310000.0,118,,,,new
KANPRPLA,EQ,2026-09-04,263.8,263.8,247.9,250.2,247.95,256.4,11967,3039000.0,795,,7418.0,61.99,new
KANSAINER,EQ,2026-09-04,195.14,195.9,192.98,194.2,194.5,195.11,2465067,477077000.00000006,6116,,2364464.0,95.92,new
KAPSTON,EQ,2026-09-04,581.35,590.0,571.05,584.05,585.75,581.35,70957,41390000.0,1852,,43545.0,61.37,new
KARMAENG,EQ,2026-09-04,39.0,39.0,36.8,37.45,37.45,37.7,4181,156000.0,128,,3301.0,78.95,new
KARNIKA,SM,2026-09-04,115.85,120.0,115.0,118.3,120.0,115.55,46000,5390000.0,36,,39000.0,84.78,new
KARURVYSYA,EQ,2026-09-04,354.0,354.0,347.7,348.85,349.0,350.0,955056,334809000.0,24176,,493467.0,51.67,new
KATARIA,SM,2026-09-04,105.0,107.75,105.0,107.45,107.75,103.85,3000,321000.0,5,,3000.0,100.0,new
KAUSHALYA,BE,2026-09-04,864.0,887.0,850.0,850.0,850.0,864.0,202,176000.0,29,,,,new
KAVDEFENCE,EQ,2026-09-04,56.95,67.38,56.78,67.14,66.77,56.15,1505543,99109000.0,6294,,924916.0,61.43,new
KAYA,BE,2026-09-04,342.0,345.1,340.0,345.1,345.1,328.7,11466,3954000.0,118,,,,new
KAYNES,EQ,2026-09-04,3487.8,3617.9,3450.0,3598.0,3598.0,3485.0,1211084,4300443000.0,89485,,294896.0,24.35,new
KAYTEX,SM,2026-09-04,58.25,58.25,56.5,56.5,56.5,55.35,4800,274000.0,5,,4000.0,83.33,new
KCEIL,SM,2026-09-04,79.0,80.4,78.1,79.1,80.0,79.1,11000,869999.9999999999,20,,9000.0,81.82,new
KCK,ST,2026-09-04,14.35,15.4,14.35,15.35,15.4,14.9,50000,762000.0,13,,50000.0,100.0,new
KCP,EQ,2026-09-04,168.99,170.5,162.04,162.38,162.2,168.17,228887,37701000.0,3391,,126844.0,55.42,new
KCPSUGIND,BE,2026-09-04,31.63,33.3,30.8,32.07,32.5,32.28,194150,6162000.0,586,,,,new
KDDL,EQ,2026-09-04,3864.9,3963.0,3864.9,3911.0,3914.4,3855.3,25376,99523000.0,5630,,14631.0,57.66,new
KDGREEN,EQ,2026-09-04,55.29,55.29,50.16,50.44,51.5,51.81,21136,1078000.0,219,,16090.0,76.13,new
KDL,SM,2026-09-04,92.95,92.95,90.75,92.45,91.75,90.5,13950,1286000.0,70,,10050.0,72.04,new
KEC,EQ,2026-09-04,406.15,410.6,403.3,408.55,408.3,406.15,777483,316343000.0,21480,,368722.0,47.43,new
KECL,EQ,2026-09-04,125.49,127.07,125.0,126.41,126.7,125.2,55192,6962000.0,1323,,28762.0,52.11,new
KEEPLEARN,EQ,2026-09-04,2.03,2.03,1.87,1.87,1.93,1.9,39241,75000.0,116,,24902.0,63.46,new
KEI,EQ,2026-09-04,5000.0,5028.0,4820.0,4850.0,4850.0,5327.0,2381568,11730000000.0,162655,,995015.0,41.78,new
KELLTONTEC,EQ,2026-09-04,13.98,14.25,13.79,13.87,13.9,13.99,2178042,30467000.0,3979,,1076147.0,49.41,new
KEN,SM,2026-09-04,39.0,39.0,39.0,39.0,39.0,40.0,3600,140000.0,3,,3600.0,100.0,new
KENNAMET,EQ,2026-09-04,4551.5,4722.0,4551.0,4688.5,4695.0,4532.2,21846,101767000.0,3903,,11322.0,51.83,new
KERNEX,EQ,2026-09-04,1755.0,1869.7,1754.9,1817.0,1814.6,1709.6,852400,1553619000.0,53107,,210659.0,24.71,new
KESORAMIND,BE,2026-09-04,11.05,11.05,10.9,10.9,10.9,11.05,119860,1320000.0,176,,,,new
KEYFINSERV,EQ,2026-09-04,244.2,258.55,243.25,245.05,245.0,248.7,2872,711000.0,142,,1761.0,61.32,new
KFINTECH,EQ,2026-09-04,933.0,947.95,923.55,928.9,928.9,927.7,715524,670183000.0,22086,,227829.0,31.84,new
KHADIM,BE,2026-09-04,113.0,117.3,113.0,117.3,117.3,115.0,15169,1743000.0,89,,,,new
KHAICHEM,EQ,2026-09-04,54.85,55.54,54.3,54.86,54.9,54.83,94220,5173000.0,817,,58949.0,62.57,new
KHAITANLTD,EQ,2026-09-04,163.0,166.5,160.61,162.0,162.0,162.41,2277,369000.0,94,,2112.0,92.75,new
KHANDSE,EQ,2026-09-04,18.4,18.41,17.2,18.38,18.38,18.11,698,12000.0,43,,534.0,76.5,new
KHFM,SM,2026-09-04,44.95,44.95,44.95,44.95,44.95,43.95,1550,70000.0,1,,1550.0,100.0,new
KICL,EQ,2026-09-04,5222.5,5251.0,5200.0,5203.0,5200.0,5212.5,291,1521000.0,107,,184.0,63.23,new
KILITCH,BE,2026-09-04,172.8,181.14,172.8,180.95,180.95,172.52,33164,5924000.0,306,,,,new
KIMS,EQ,2026-09-04,769.95,778.55,758.55,764.1,762.0,767.85,158954,121914000.00000001,11617,,91769.0,57.73,new
KINGFA,EQ,2026-09-04,5910.0,6050.0,5887.0,5932.5,5910.0,5888.0,8112,48376000.0,3173,,4955.0,61.08,new
KIOCL,EQ,2026-09-04,382.85,387.9,380.05,382.1,381.9,380.55,57868,22208000.0,1944,,25842.0,44.66,new
KIRANVYPAR,EQ,2026-09-04,207.0,207.8,202.7,205.41,203.8,207.98,3402,702000.0,99,,2687.0,78.98,new
KIRIINDUS,EQ,2026-09-04,578.75,599.35,555.1,559.1,561.0,578.95,2243746,1297311000.0,48383,,621480.0,27.7,new
KIRLFER,EQ,2026-09-04,459.75,468.9,451.85,459.6,462.7,454.55,242037,112043000.0,6831,,169682.0,70.11,new
KIRLOSBROS,EQ,2026-09-04,1885.9,1901.8,1859.8,1862.0,1867.0,1881.3,19160,35971000.0,3968,,9325.0,48.67,new
KIRLOSENG,EQ,2026-09-04,2270.0,2279.0,2182.2,2201.9,2192.0,2267.6,365394,815678000.0,30188,,184619.0,50.53,new
KIRLOSIND,EQ,2026-09-04,3734.0,3783.9,3685.0,3731.5,3720.0,3724.7,7463,27757000.0,1243,,3933.0,52.7,new
KIRLPNU,EQ,2026-09-04,771.0,772.8,754.05,760.45,762.8,759.8,137821,104910999.99999999,10596,,79166.0,57.44,new
KISSHT,EQ,2026-09-04,305.45,316.9,305.25,309.3,308.2,305.3,1041438,323853000.0,28679,,486800.0,46.74,new
KITEX,EQ,2026-09-04,123.65,130.57,123.65,128.85,129.6,123.64,679715,86616000.0,6901,,265909.0,39.12,new
KJMCFIN,EQ,2026-09-04,66.79,68.0,63.14,63.14,63.14,66.46,2504,162000.0,47,,2044.0,81.63,new
KKCL,EQ,2026-09-04,505.95,519.45,499.95,514.3,510.0,503.8,34214,17367000.0,2002,,19504.0,57.01,new
KKJEWELS,SM,2026-09-04,99.0,99.0,98.0,98.0,98.0,99.5,2000,197000.0,2,,2000.0,100.0,new
KLBRENG-B,EQ,2026-09-04,454.0,474.0,452.5,467.85,467.0,453.25,303427,140838000.0,7643,,164680.0,54.27,new
KLL,SM,2026-09-04,24.15,25.0,24.15,25.0,25.0,24.65,12000,296000.0,13,,11200.0,93.33,new
KMCSHIL,EQ,2026-09-04,138.0,141.58,136.5,138.24,138.5,138.0,94440,13127000.000000002,1567,,56616.0,59.95,new
KMEW,EQ,2026-09-04,3175.0,3175.0,3011.1,3033.4,3035.0,3150.4,98630,302398000.0,17405,,45272.0,45.9,new
KMSUGAR,EQ,2026-09-04,32.0,32.33,30.4,30.68,30.55,32.0,302618,9334000.0,1900,,202481.0,66.91,new
KNACK,EQ,2026-09-04,190.7,190.7,186.6,187.3,187.21,188.37,402969,75761000.0,4435,,211019.0,52.37,new
KNAGRI,EQ,2026-09-04,210.0,210.0,194.88,199.4,200.99,206.23,15550,3153000.0,365,,10025.0,64.47,new
KNRCON,EQ,2026-09-04,119.8,125.95,118.05,124.66,124.79,119.27,2626704,321938000.0,22699,,1123844.0,42.79,new
KODYTECH,ST,2026-09-04,1570.0,1596.0,1550.1,1569.95,1570.0,1567.0,6000,9474000.0,49,,5900.0,98.33,new
KOHINOOR,EQ,2026-09-04,33.79,33.79,32.5,32.77,32.5,33.52,131797,4369000.0,1926,,40177.0,30.48,new
KOKUYOCMLN,EQ,2026-09-04,79.49,81.0,78.61,80.61,80.24,78.44,40527,3253000.0,661,,27243.0,67.22,new
KOLTEPATIL,EQ,2026-09-04,450.65,456.5,440.05,441.85,441.5,449.55,72213,32185000.000000004,2754,,40498.0,56.08,new
KONSTELEC,ST,2026-09-04,62.05,64.75,61.9,62.05,62.05,62.05,51000,3202000.0000000005,21,,45000.0,88.24,new
KONTOR,SM,2026-09-04,52.95,52.95,52.95,52.95,52.95,53.5,600,32000.0,1,,600.0,100.0,new
KOPRAN,EQ,2026-09-04,232.4,242.8,229.29,232.54,233.0,232.24,661197,155488000.0,12742,,321399.0,48.61,new
KORE,SM,2026-09-04,118.8,123.8,118.55,123.8,123.8,112.55,58000,7109000.0,119,,51250.0,88.36,new
KOTAKBANK,EQ,2026-09-04,421.65,425.95,421.65,424.5,424.5,421.15,9408316,3989733000.0,243194,,6773568.0,72.0,new
KOTARISUG,BE,2026-09-04,30.5,30.5,29.26,29.92,29.83,30.53,27875,831000.0,246,,,,new
KOTHARIPET,EQ,2026-09-04,129.56,132.0,129.0,130.56,130.5,129.02,51588,6725000.0,1127,,36091.0,69.96,new
KOTHARIPRO,EQ,2026-09-04,66.9,68.37,66.26,67.39,67.26,67.58,3862,261000.0,83,,2748.0,71.15,new
KOTIC,EQ,2026-09-04,135.2,135.99,130.25,132.47,131.51,134.79,11357,1518000.0,418,,6280.0,55.3,new
KOTYARK,BE,2026-09-04,33.0,33.76,33.0,33.76,33.76,32.16,133703,4494000.0,365,,,,new
KOVAI,EQ,2026-09-04,6140.0,6140.0,5994.0,6062.5,6025.0,6091.5,1977,11972000.0,776,,1158.0,58.57,new
KPEL,EQ,2026-09-04,242.99,253.03,239.28,247.32,246.6,240.89,382368,94471000.0,6987,,180926.0,47.32,new
KPIGREEN,EQ,2026-09-04,303.3,307.95,303.3,307.0,307.5,303.25,525172,160471000.0,12780,,227829.0,43.38,new
KPIL,EQ,2026-09-04,1421.1,1449.0,1402.0,1406.6,1408.0,1417.7,145207,206832000.00000003,20841,,67852.0,46.73,new
KPITTECH,EQ,2026-09-04,584.0,593.6,575.0,575.45,575.45,583.5,1239906,719954000.0,22622,,621560.0,50.13,new
KPL,EQ,2026-09-04,3350.0,3421.7,3211.1,3285.5,3281.1,3351.7,49245,162536000.0,6325,,23705.0,48.14,new
KPRMILL,EQ,2026-09-04,1179.7,1195.0,1168.1,1186.3,1184.0,1175.4,199902,237130000.00000003,19612,,96342.0,48.19,new
KRBL,EQ,2026-09-04,425.5,429.65,416.85,421.95,421.45,424.9,313910,132315000.00000001,9211,,129984.0,41.41,new
KREBSBIO,EQ,2026-09-04,56.5,56.5,54.45,55.95,55.14,54.5,5830,324000.0,304,,4949.0,84.89,new
KRIDHANINF,BE,2026-09-04,2.09,2.1,2.02,2.03,2.04,2.01,20638,42000.0,50,,,,new
KRISHANA,EQ,2026-09-04,185.05,188.1,181.98,184.13,185.46,186.37,525256,96796000.0,8805,,305720.0,58.2,new
KRISHCA,SM,2026-09-04,158.5,161.85,158.5,161.85,161.85,161.95,6500,1046000.0000000001,13,,5000.0,76.92,new
KRISHIVAL,EQ,2026-09-04,413.95,419.0,409.25,416.3,416.8,413.5,31340,12977000.000000002,1147,,22112.0,70.56,new
KRISHNADEF,EQ,2026-09-04,1011.0,1037.0,1008.0,1013.2,1016.0,1008.7,67885,69149000.0,5396,,35958.0,52.97,new
KRITI,EQ,2026-09-04,60.11,62.98,59.0,61.6,62.0,60.94,23406,1416000.0,300,,16480.0,70.41,new
KRITIKA,EQ,2026-09-04,5.49,5.49,5.13,5.37,5.39,5.39,76423,409000.0,425,,66007.0,86.37,new
KRITINUT,EQ,2026-09-04,87.4,87.4,83.0,86.45,86.39,83.36,13358,1148000.0,189,,8389.0,62.8,new
KRMAYURVED,SM,2026-09-04,279.0,287.9,277.05,287.85,287.9,282.9,56000,15765000.0,45,,41000.0,73.21,new
KRN,EQ,2026-09-04,1540.9,1581.1,1521.2,1578.7,1581.1,1505.9,408862,644204000.0,8835,,196738.0,48.12,new
KRONOX,BE,2026-09-04,182.45,189.0,182.0,184.69,184.35,183.37,86294,15922999.999999998,554,,,,new
KROSS,EQ,2026-09-04,211.34,217.45,210.25,211.57,211.25,211.34,223590,47761000.0,4637,,114086.0,51.02,new
KRSNAA,EQ,2026-09-04,552.35,564.4,550.05,560.0,562.0,550.95,21497,11992000.0,1790,,11636.0,54.13,new
KRT,RR,2026-09-04,112.95,113.1,111.72,112.49,112.8,113.51,6191981,696422000.0,8404,,5940782.0,95.94,new
KRYSTAL,EQ,2026-09-04,659.2,661.0,650.25,654.6,657.0,661.95,8580,5627000.0,462,,4985.0,58.1,new
KSB,EQ,2026-09-04,815.3,817.0,807.0,813.55,815.0,810.6,89128,72448000.0,8454,,52475.0,58.88,new
KSCL,EQ,2026-09-04,748.5,751.8,741.0,744.1,745.0,744.8,46257,34555000.0,2971,,26599.0,57.5,new
KSE,EQ,2026-09-04,184.97,184.97,177.0,180.12,178.02,180.29,15087,2706000.0,374,,11613.0,76.97,new
KSHINTL,EQ,2026-09-04,1035.1,1098.0,1032.8,1087.8,1090.9,1022.7,542413,581945000.0,39159,,183218.0,33.78,new
KSHITIJ-RE,BE,2026-09-04,0.08,0.08,0.08,0.08,0.08,0.07,4638413,371000.0,1105,,,,new
KSHITIJPOL,EQ,2026-09-04,3.15,3.3,3.15,3.3,3.3,3.15,2941441,9633000.0,1040,,2530565.0,86.03,new
KSL,EQ,2026-09-04,956.3,957.2,935.0,940.5,936.0,950.2,67652,63876000.0,4532,,33284.0,49.2,new
KSOLVES,EQ,2026-09-04,271.0,276.5,270.0,272.05,275.0,271.5,16299,4440000.0,774,,7922.0,48.6,new
KSR,EQ,2026-09-04,32.5,34.69,31.9,34.61,34.19,31.54,388546,12847999.999999998,432,,370012.0,95.23,new
KTKBANK,EQ,2026-09-04,341.0,345.9,338.25,340.1,340.0,339.75,1919012,654584000.0,25327,,956412.0,49.84,new
KUANTUM,EQ,2026-09-04,75.2,75.6,73.7,74.18,74.64,75.16,61468,4574000.0,842,,31262.0,50.86,new
KUSUMGAR,EQ,2026-09-04,577.0,584.7,569.1,571.2,570.0,581.65,226964,130181000.0,6096,,136735.0,60.25,new
KWIL,EQ,2026-09-04,42.31,42.73,41.8,42.12,42.15,42.31,11043010,466016000.0,35932,,4559474.0,41.29,new
LADDERUP,EQ,2026-09-04,50.3,51.45,42.7,51.4,51.4,51.7,23,1000.0,8,,12.0,52.17,new
LAGNAM,EQ,2026-09-04,74.63,77.27,74.0,74.8,75.0,74.4,23024,1734000.0,70,,21800.0,94.68,new
LAHOTIOV,EQ,2026-09-04,46.0,46.0,43.0,43.08,43.01,45.08,3701,162000.0,67,,3363.0,90.87,new
LAKPRE,BZ,2026-09-04,4.8,5.01,4.8,5.01,5.01,4.78,3002,15000.0,4,,,,new
LAKSHMIMIL,EQ,2026-09-04,7621.0,7800.0,7621.0,7621.0,7621.0,7800.0,29,225000.0,11,,28.0,96.55,new
LAKSHYA,SM,2026-09-04,83.5,85.0,81.05,81.8,81.8,83.65,10400,856000.0,13,,8800.0,84.62,new
LAL,EQ,2026-09-04,8.81,9.15,8.81,8.91,8.9,9.0,30223,272000.0,107,,23324.0,77.17,new
LALITHAA,EQ,2026-09-04,283.0,308.3,280.6,306.7,308.3,280.3,23781731,7051736000.0,156381,,6439292.0,27.08,new
LALPATHLAB,EQ,2026-09-04,1920.5,1925.2,1855.7,1877.5,1895.0,1925.2,288144,540154000.0,42647,,148797.0,51.64,new
LAMBODHARA,EQ,2026-09-04,138.81,139.91,133.96,134.67,134.5,137.47,4467,611000.0,283,,2218.0,49.65,new
LAMOSAIC,ST,2026-09-04,60.5,61.0,59.6,60.85,61.0,61.4,72000,4387000.0,38,,70200.0,97.5,new
LANCER,EQ,2026-09-04,13.19,13.2,12.82,13.03,13.2,13.19,603720,7830000.0,1168,,506847.0,83.95,new
LANCORHOL,EQ,2026-09-04,35.13,40.88,34.21,40.35,40.52,34.75,2381575,91710000.0,9124,,1196755.0,50.25,new
LANDMARK,EQ,2026-09-04,500.0,516.4,497.0,510.15,508.0,498.0,79884,40579000.0,2759,,40572.0,50.79,new
LANDSMILL,EQ,2026-09-04,0.67,0.71,0.63,0.63,0.64,0.67,10129295,6736000.0,1760,,4613771.0,45.55,new
LAOPALA,EQ,2026-09-04,171.56,174.86,171.56,173.9,173.02,171.55,75699,13135000.0,1759,,39435.0,52.09,new
LARGEMID50,EQ,2026-09-04,36.36,36.42,36.27,36.39,36.39,36.36,2309,84000.0,14,,1353.0,58.6,new
LASA,EQ,2026-09-04,6.99,7.0,6.69,6.73,6.69,6.82,24575,168000.0,156,,17225.0,70.09,new
LASERPOWER,EQ,2026-09-04,303.7,305.95,291.5,295.65,297.9,301.05,999119,297239000.0,13918,,520383.0,52.08,new
LATENTVIEW,EQ,2026-09-04,267.0,270.8,265.85,267.25,266.9,266.0,351722,94382000.0,9812,,157602.0,44.81,new
LATTEYS,EQ,2026-09-04,21.49,21.49,20.35,20.5,20.51,20.98,44829,927999.9999999999,245,,39903.0,89.01,new
LAURUSLABS,EQ,2026-09-04,1855.0,1871.8,1835.2,1840.0,1840.0,1868.5,1075943,1991203000.0,40157,,604792.0,56.21,new
LAXMICOT,EQ,2026-09-04,12.58,14.25,12.58,13.73,13.98,12.71,72640,993000.0,401,,41398.0,56.99,new
LAXMIDENTL,EQ,2026-09-04,199.2,201.0,197.5,199.14,200.5,199.2,40392,8039000.0,1887,,21954.0,54.35,new
LAXMIINDIA,EQ,2026-09-04,128.7,135.0,128.37,132.6,132.55,128.13,360742,47643000.0,4636,,174743.0,48.44,new
LCCINFOTEC,EQ,2026-09-04,4.07,4.08,3.72,3.81,3.86,3.85,44787,172000.0,258,,25996.0,58.04,new
LCL,EQ,2026-09-04,560.0,598.0,560.0,581.5,580.8,553.45,1628313,952065000.0,89054,,727078.0,44.65,new
LEAPIND,EQ,2026-09-04,153.5,155.3,149.5,150.26,150.11,152.41,5589910,851623000.0,43498,,2523870.0,45.15,new
LEENEE,BE,2026-09-04,8.15,8.84,8.08,8.45,8.45,8.49,29014,242000.0,77,,,,new
LEMERITE,EQ,2026-09-04,21.3,21.3,20.56,20.93,20.56,21.11,135407,2847000.0,268,,28360.0,20.94,new
LEMONTREE,EQ,2026-09-04,105.24,107.0,104.77,104.95,105.0,104.89,3464757,365277000.0,24317,,2137101.0,61.68,new
LENSKART,EQ,2026-09-04,672.55,694.8,672.55,684.9,683.05,672.45,10188245,6985527000.0,172364,,5969654.0,58.59,new
LEXUS,EQ,2026-09-04,13.22,13.94,13.22,13.53,13.72,13.54,5919,80000.0,103,,3396.0,57.37,new
LFIC,EQ,2026-09-04,140.0,140.0,134.5,134.64,134.6,135.28,387,52000.0,13,,303.0,78.29,new
LGBBROSLTD,EQ,2026-09-04,1716.2,1738.0,1697.0,1702.8,1699.4,1716.2,50384,85880000.0,5297,,35522.0,70.5,new
LGEINDIA,EQ,2026-09-04,1661.2,1672.6,1634.0,1640.7,1640.0,1662.3,387555,637524000.0,29809,,227185.0,58.62,new
LGHL,EQ,2026-09-04,175.2,183.48,173.26,175.42,176.0,178.95,6577,1174000.0,235,,1746.0,26.55,new
LIBAS,EQ,2026-09-04,10.65,10.9,10.26,10.46,10.4,10.48,19725,206000.0,97,,17242.0,87.41,new
LIBERTSHOE,EQ,2026-09-04,234.31,238.0,231.9,233.27,232.5,234.3,15371,3604999.9999999995,564,,11088.0,72.14,new
LICHSGFIN,EQ,2026-09-04,554.0,579.4,554.0,562.05,562.05,554.0,7126780,4061104000.0,56929,,3129561.0,43.91,new
LICI,EQ,2026-09-04,416.85,419.3,415.3,415.35,415.35,416.9,5411741,2258499000.0,42606,,2960983.0,54.71,new
LICMFGOLD,EQ,2026-09-04,138.9,139.7,138.25,138.75,138.7,137.5,349843,48639000.0,551,,327148.0,93.51,new
LICNETFGSC,EQ,2026-09-04,29.51,29.51,29.26,29.34,29.34,29.21,75526,2217000.0,92,,73261.0,97.0,new
LICNETFN50,EQ,2026-09-04,269.53,270.02,267.59,267.77,267.7,267.67,347,93000.0,21,,178.0,51.3,new
LICNETFSEN,EQ,2026-09-04,868.17,875.0,860.0,862.89,860.0,863.46,22,19000.0,6,,11.0,50.0,new
LICNFNHGP,EQ,2026-09-04,274.66,275.99,270.11,270.61,270.5,276.04,386,105000.0,28,,359.0,93.01,new
LICNMID100,EQ,2026-09-04,63.42,64.05,63.42,63.84,63.84,63.42,2147,137000.0,61,,1432.0,66.7,new
LIKHITHA,EQ,2026-09-04,204.54,206.99,203.2,204.8,203.25,202.9,27488,5645000.0,495,,17796.0,64.74,new
LINC,EQ,2026-09-04,94.1,96.5,94.1,95.07,95.03,94.69,7202,688000.0,227,,6279.0,87.18,new
LINCOLN,EQ,2026-09-04,627.0,631.0,618.0,620.8,623.0,622.65,29091,18108000.0,1281,,18159.0,62.42,new
LINDEINDIA,EQ,2026-09-04,6409.0,6411.0,6330.0,6346.0,6368.0,6373.0,9490,60400000.0,2441,,5332.0,56.19,new
LIQGRWBEES,EQ,2026-09-04,1054.14,1054.49,1054.14,1054.46,1054.45,1054.14,101203,106716000.00000001,196,,82772.0,81.79,new
LIQUID,EQ,2026-09-04,999.99,1000.0,999.99,999.99,1000.0,999.99,328991,328990000.0,387,,194015.0,58.97,new
LIQUID1,EQ,2026-09-04,1121.04,1121.45,1121.04,1121.43,1121.44,1121.04,616507,691375000.0,764,,259346.0,42.07,new
LIQUIDADD,EQ,2026-09-04,1143.55,1143.67,1143.5,1143.51,1143.5,1143.13,332115,379778000.0,281,,242987.0,73.16,new
LIQUIDBEES,EQ,2026-09-04,1020.0,1020.0,999.99,1000.0,1000.01,1000.0,2607097,2607108000.0,5798,,2035892.0,78.09,new
LIQUIDBETA,EQ,2026-09-04,1007.06,1007.06,1007.03,1007.04,1007.04,1006.7,100142,100846000.0,30,,99990.0,99.85,new
LIQUIDBETF,EQ,2026-09-04,1097.63,1097.65,1097.63,1097.63,1097.63,1097.27,217506,238742999.99999997,99,,139432.0,64.1,new
LIQUIDCASE,EQ,2026-09-04,115.81,115.81,115.79,115.8,115.79,115.76,18435860,2134870000.0,15767,,12411151.0,67.32,new
LIQUIDETF,EQ,2026-09-04,1000.01,1000.01,999.99,999.99,1000.0,999.99,308648,308648000.0,395,,272787.0,88.38,new
LIQUIDIETF,EQ,2026-09-04,1000.0,1000.01,999.51,999.99,1000.0,999.99,540668,540668000.0,315,,469655.0,86.87,new
LIQUIDPLUS,EQ,2026-09-04,1101.95,1102.03,1101.95,1102.01,1102.03,1101.63,233686,257526000.00000003,300,,172220.0,73.7,new
LIQUIDSBI,EQ,2026-09-04,999.99,1000.01,999.99,1000.0,1000.01,1000.01,5550,5550000.0,27,,4540.0,81.8,new
LIQUIDSHRI,EQ,2026-09-04,1120.31,1120.33,1120.31,1120.33,1120.33,1119.96,20717,23210000.0,25,,17533.0,84.63,new
LKPSEC,EQ,2026-09-04,15.59,15.99,14.62,15.28,15.2,15.02,7614,118000.0,92,,6171.0,81.05,new
LLOYDS,SM,2026-09-04,56.35,60.0,55.05,58.0,58.0,57.5,9000,512000.0,8,,7000.0,77.78,new
LLOYDSENGG,EQ,2026-09-04,85.11,86.63,83.94,84.21,84.66,84.95,4801657,408703000.0,23635,,1962755.0,40.88,new
LLOYDSENT,EQ,2026-09-04,71.79,74.69,71.79,74.23,74.2,71.97,3684805,271090000.0,15028,,1894805.0,51.42,new
LLOYDSME,EQ,2026-09-04,1848.7,1850.6,1820.1,1823.0,1826.0,1848.7,146092,267511000.0,11968,,71034.0,48.62,new
LMW,EQ,2026-09-04,19195.0,19195.0,18700.0,18774.0,18760.0,18993.0,2214,41680000.0,1009,,1080.0,48.78,new
LODHA,EQ,2026-09-04,1225.0,1237.8,1209.5,1222.0,1222.0,1234.0,948334,1159445000.0,26054,,442335.0,46.64,new
LOKESHMACH,EQ,2026-09-04,378.8,378.8,362.2,364.6,367.0,360.3,56473,20900000.0,1499,,34140.0,60.45,new
LORDSCHLO,EQ,2026-09-04,142.0,148.34,142.0,146.6,146.75,141.55,40550,5906000.0,878,,28878.0,71.22,new
LOTUSCHO,EQ,2026-09-04,635.0,649.95,624.0,630.4,633.0,650.95,4002,2545000.0,330,,2642.0,66.02,new
LOTUSDEV,BE,2026-09-04,184.8,193.87,182.56,193.25,193.87,184.64,1589932,304252000.0,3847,,,,new
LOTUSEYE,EQ,2026-09-04,109.9,110.45,108.3,109.43,108.5,109.28,8350,914000.0,121,,6650.0,79.64,new
LOVABLE,EQ,2026-09-04,72.85,72.85,70.57,71.37,71.0,72.21,5969,425000.0,264,,4678.0,78.37,new
LOWVOL,EQ,2026-09-04,204.13,204.13,204.13,204.13,204.13,205.78,1,0.0,1,,1.0,100.0,new
LOWVOL1,EQ,2026-09-04,21.1,21.14,20.88,20.93,20.94,21.1,642373,13524000.0,212,,446398.0,69.49,new
LOWVOLIETF,EQ,2026-09-04,22.13,22.13,21.91,21.98,22.01,21.98,1319509,29099000.0,1115,,858940.0,65.1,new
LOYALTEX,EQ,2026-09-04,210.0,221.82,206.0,218.14,212.3,211.82,2285,501000.0,47,,2042.0,89.37,new
LPDC,EQ,2026-09-04,7.03,7.06,6.61,6.73,6.66,6.69,41802,285000.0,183,,20082.0,48.04,new
LRRPL,SM,2026-09-04,87.0,88.0,87.0,88.0,88.0,86.9,3000,263000.0,2,,3000.0,100.0,new
LT,EQ,2026-09-04,3981.0,3994.9,3964.1,3964.1,3964.1,3975.0,1319056,5253027000.0,98662,,827413.0,62.73,new
LTF,EQ,2026-09-04,317.0,320.5,313.4,314.0,314.0,316.9,3279672,1039648000.0,27954,,1522077.0,46.41,new
LTFOODS,EQ,2026-09-04,442.45,448.9,439.0,444.8,442.25,442.55,450291,199682000.0,18698,,178147.0,39.56,new
LTGILTBEES,EQ,2026-09-04,29.89,29.89,29.82,29.84,29.86,29.86,3617915,107953000.0,773,,3514946.0,97.15,new
LTGILTCASE,EQ,2026-09-04,30.45,30.6,30.38,30.41,30.42,30.42,131619,4004999.9999999995,194,,90298.0,68.61,new
LTM,EQ,2026-09-04,4570.3,4656.3,4545.3,4554.0,4554.0,4560.0,243635,1116883000.0,19950,,98818.0,40.56,new
LTTS,EQ,2026-09-04,3520.0,3535.8,3462.0,3493.3,3482.2,3501.2,51558,180003000.0,8628,,24847.0,48.19,new
LUMAXIND,EQ,2026-09-04,6450.0,6450.0,6107.5,6181.5,6178.0,6380.5,15590,97493000.0,3627,,8384.0,53.78,new
LUMAXTECH,EQ,2026-09-04,1995.2,2010.0,1942.9,1951.9,1954.7,1985.4,81128,159398000.0,11010,,39102.0,48.2,new
LUMINO,EQ,2026-09-04,112.4,122.0,111.22,114.5,114.95,110.32,139069849,16228032999.999998,451001,,17106290.0,12.3,new
LUPIN,EQ,2026-09-04,2140.1,2148.0,2100.6,2110.0,2110.0,2132.0,862828,1826615000.0000002,39010,,526696.0,61.04,new
LUXIND,EQ,2026-09-04,1170.1,1191.9,1170.1,1175.1,1171.2,1171.7,9331,11002000.0,910,,5005.0,53.64,new
LXCHEM,EQ,2026-09-04,174.4,176.46,171.7,172.04,172.2,175.58,416497,72320000.0,7250,,213719.0,51.31,new
LYKALABS,BE,2026-09-04,78.36,78.36,78.36,78.36,78.36,76.83,31844,2495000.0,55,,,,new
M&M,EQ,2026-09-04,3158.7,3185.3,3144.2,3170.0,3170.0,3150.0,1489449,4719845000.0,76929,,985722.0,66.18,new
M&MFIN,EQ,2026-09-04,379.0,380.95,371.5,373.65,374.75,376.05,2628655,988989000.0,52603,,1375052.0,52.31,new
MAANALU,EQ,2026-09-04,120.15,123.0,117.21,117.9,117.82,120.77,74246,8789000.0,816,,46923.0,63.2,new
MACPOWER,EQ,2026-09-04,1955.8,1960.0,1860.0,1904.9,1906.0,1944.1,38330,73150000.0,5622,,20754.0,54.15,new
MADHAV,EQ,2026-09-04,36.7,36.7,34.11,35.36,35.75,34.84,6274,221000.0,143,,4004.0,63.82,new
MADHAVBAUG,ST,2026-09-04,160.3,160.5,160.3,160.5,160.5,160.3,1200,192000.0,2,,1200.0,100.0,new
MADHAVIPL,EQ,2026-09-04,7.92,8.3,7.92,7.98,7.98,7.92,78511,633000.0,310,,54604.0,69.55,new
MADHUCON,BE,2026-09-04,4.81,5.0,4.6,4.63,4.6,4.81,34348,159000.0,62,,,,new
MADHUSUDAN,ST,2026-09-04,238.0,238.0,230.0,236.0,236.0,232.0,20000,4690000.0,17,,20000.0,100.0,new
MADRASFERT,EQ,2026-09-04,65.34,65.75,65.08,65.12,65.09,65.13,26810,1750000.0,458,,18040.0,67.29,new
MAFANG,EQ,2026-09-04,207.56,207.56,207.56,207.56,207.56,207.08,59968,12447000.0,351,,59968.0,100.0,new
MAFATIND,EQ,2026-09-04,124.77,124.77,120.35,121.66,122.2,123.24,25114,3071000.0,825,,16395.0,65.28,new
MAGADSUGAR,EQ,2026-09-04,568.0,568.0,546.0,552.05,552.0,566.7,19463,10765000.0,1422,,10696.0,54.96,new
MAGNUM,EQ,2026-09-04,18.82,19.49,18.82,19.0,19.0,19.0,7566,144000.0,48,,6863.0,90.71,new
MAHABANK,EQ,2026-09-04,86.75,86.95,85.7,85.95,85.95,86.32,13802528,1193277000.0,37453,,6884434.0,49.88,new
MAHAPEXLTD,EQ,2026-09-04,54.7,54.75,53.01,53.51,53.01,54.72,6664,360000.0,134,,4510.0,67.68,new
MAHASTEEL,BE,2026-09-04,1195.3,1320.9,1195.3,1282.5,1231.0,1258.2,10107,12448000.0,527,,,,new
MAHEPC,EQ,2026-09-04,103.3,104.9,103.2,103.62,103.22,103.25,7636,793000.0,204,,5430.0,71.11,new
MAHESHWARI,BE,2026-09-04,71.99,73.0,71.99,72.21,72.23,72.88,6852,496000.0,26,,,,new
MAHICKRA,SM,2026-09-04,285.0,290.0,285.0,290.0,290.0,295.0,1500,430999.99999999994,2,,1500.0,100.0,new
MAHKTECH,EQ,2026-09-04,22.1,22.1,22.1,22.1,22.1,22.26,436637,9650000.0,473,,426637.0,97.71,new
MAHLIFE,EQ,2026-09-04,365.0,366.7,360.15,362.4,361.4,363.1,37464,13606000.0,2260,,17943.0,47.89,new
MAHLOG,EQ,2026-09-04,400.85,410.15,399.55,405.35,406.7,400.3,130587,52849000.0,5680,,80895.0,61.95,new
MAHSCOOTER,EQ,2026-09-04,13727.0,13727.0,13590.0,13602.0,13619.0,13639.0,1009,13729000.0,324,,735.0,72.84,new
MAHSEAMLES,EQ,2026-09-04,654.75,695.8,651.5,688.1,688.0,653.5,1179393,807572000.0,42816,,350813.0,29.75,new
MAITHANALL,EQ,2026-09-04,1044.0,1105.0,1035.5,1090.55,1099.0,1038.5,400161,432535999.99999994,18948,,143266.0,35.8,new
MAITREYA,SM,2026-09-04,120.0,120.0,120.0,120.0,120.0,123.9,400,48000.0,1,,400.0,100.0,new
MAJESAUT,BE,2026-09-04,355.0,356.25,345.1,354.95,354.95,352.7,3642,1277000.0,184,,,,new
MAKEINDIA,EQ,2026-09-04,165.42,165.79,165.06,165.23,165.37,165.47,32053,5300000.0,383,,21293.0,66.43,new
MAKERSL,EQ,2026-09-04,206.85,206.85,188.4,189.9,191.99,200.77,6513,1273000.0,439,,4237.0,65.05,new
MAKS,SM,2026-09-04,15.1,15.1,15.1,15.1,15.1,14.4,1500,23000.0,1,,1500.0,100.0,new
MAL,SM,2026-09-04,38.05,38.2,37.25,38.2,38.2,34.75,177600,6775000.0,86,,158400.0,89.19,new
MALLCOM,EQ,2026-09-04,1040.0,1040.0,998.8,1018.15,1028.8,998.8,1900,1928000.0,157,,948.0,49.89,new
MALUPAPER,EQ,2026-09-04,32.97,32.97,31.15,31.65,31.65,32.44,8353,268000.0,105,,6805.0,81.47,new
MAMATA,EQ,2026-09-04,404.55,417.0,401.75,412.55,408.5,404.55,39601,16194999.999999998,1594,,19613.0,49.53,new
MANAKALUCO,EQ,2026-09-04,37.68,38.31,37.6,38.1,38.3,37.68,34763,1324000.0,361,,26191.0,75.34,new
MANAKCOAT,EQ,2026-09-04,119.91,122.55,119.35,121.8,122.0,120.65,144960,17546000.0,1579,,81014.0,55.89,new
MANAKSIA,EQ,2026-09-04,59.69,63.89,59.2,63.05,63.4,59.12,235473,14754000.0,2316,,138620.0,58.87,new
MANAKSTEEL,EQ,2026-09-04,109.0,113.0,106.35,107.3,107.5,111.91,171136,18635000.0,1885,,99497.0,58.14,new
MANALIPETC,EQ,2026-09-04,89.56,90.61,86.0,86.76,86.55,89.73,6435710,568829000.0,27514,,1500345.0,23.31,new
MANAPPURAM,EQ,2026-09-04,345.05,345.2,338.2,339.7,339.7,341.0,2017457,687114000.0,21527,,830852.0,41.18,new
MANBA,EQ,2026-09-04,131.5,133.32,128.5,128.95,130.5,129.45,26727,3489000.0,285,,7858.0,29.4,new
MANCREDIT,EQ,2026-09-04,233.82,235.38,227.01,228.33,229.24,231.4,6769,1553000.0,383,,2645.0,39.08,new
MANGALAM,EQ,2026-09-04,30.9,30.9,29.9,30.02,30.0,30.3,18726,568000.0,225,,13837.0,73.89,new
MANGLMCEM,EQ,2026-09-04,1098.0,1114.0,1081.7,1095.2,1095.0,1098.2,64519,70897000.0,3570,,27743.0,43.0,new
MANINDS,EQ,2026-09-04,801.0,807.75,781.5,788.55,785.9,793.4,505736,401891000.0,23876,,196251.0,38.81,new
MANINFRA,EQ,2026-09-04,126.0,128.3,123.78,124.8,124.75,124.59,1748780,219253000.00000003,11864,,978424.0,55.95,new
MANIPALHOS,EQ,2026-09-04,729.0,738.0,720.5,725.2,723.0,726.0,1177059,858466000.0,36339,,589995.0,50.12,new
MANKIND,EQ,2026-09-04,2366.5,2390.0,2317.0,2327.9,2327.9,2368.8,122389,286487000.0,12835,,63154.0,51.6,new
MANOMAY,EQ,2026-09-04,232.0,237.8,224.5,234.97,235.0,226.83,390666,89665000.0,4222,,101814.0,26.06,new
MANORAMA,EQ,2026-09-04,1984.0,2017.5,1957.7,1993.4,1976.9,1966.3,521970,1039576000.0,44226,,207273.0,39.71,new
MANORG,EQ,2026-09-04,487.8,513.0,484.2,489.5,489.85,490.25,16738,8248999.999999999,1863,,11466.0,68.5,new
MANUFGBEES,EQ,2026-09-04,163.81,164.1,163.06,163.73,164.1,163.81,3201,523000.00000000006,113,,2766.0,86.41,new
MANUGRAPH,BE,2026-09-04,14.23,14.77,14.23,14.75,14.75,14.6,14661,214000.0,36,,,,new
MANYAVAR,EQ,2026-09-04,567.9,604.0,563.0,594.2,597.0,568.2,775723,456760999.99999994,30614,,318413.0,41.05,new
MAPMYINDIA,EQ,2026-09-04,975.0,982.9,967.6,972.2,972.4,968.6,65490,63752000.0,6240,,27251.0,41.61,new
MARALOVER,EQ,2026-09-04,55.0,65.69,55.0,61.83,62.8,55.26,313426,19533000.0,2285,,145717.0,46.49,new
MARATHON,EQ,2026-09-04,436.05,450.0,434.0,437.9,438.0,434.95,388461,171862000.0,7019,,105163.0,27.07,new
MARCO,SM,2026-09-04,32.8,32.8,31.15,31.15,31.15,32.2,12000,383000.0,8,,9000.0,75.0,new
MARICO,EQ,2026-09-04,824.05,824.7,814.1,815.15,815.15,827.4,1021459,835579999.9999999,32320,,705243.0,69.04,new
MARINE,EQ,2026-09-04,432.0,442.95,426.7,432.15,430.5,430.4,826123,359167000.0,22089,,268879.0,32.55,new
MARKOLINES,EQ,2026-09-04,171.47,173.15,170.0,171.89,172.0,171.34,251690,43203000.0,1111,,53875.0,21.41,new
MARKSANS,EQ,2026-09-04,333.0,335.45,323.45,326.75,327.8,332.2,1654370,542841000.0,25469,,578881.0,34.99,new
MARSONS,EQ,2026-09-04,125.89,140.73,125.3,137.56,137.91,125.53,12724657,1725582000.0,82782,,1133518.0,8.91,new
MARUSHIKA,SM,2026-09-04,110.0,110.0,109.6,109.6,109.6,110.0,3600,395000.0,3,,3600.0,100.0,new
MARUTI,EQ,2026-09-04,12880.0,12880.0,12656.0,12694.0,12694.0,12857.0,322752,4108283000.0,65754,,182259.0,56.47,new
MASFIN,EQ,2026-09-04,295.0,296.85,292.8,295.0,295.2,292.7,69659,20560000.0,7392,,43194.0,62.01,new
MASKINVEST,EQ,2026-09-04,140.0,150.72,140.0,148.64,146.15,143.55,22,3000.0,7,,15.0,68.18,new
MASON,SM,2026-09-04,116.25,116.25,113.4,113.9,113.4,117.2,10000,1148000.0,15,,9000.0,90.0,new
MASPTOP50,EQ,2026-09-04,79.86,79.86,79.86,79.86,79.86,79.26,25819,2062000.0,131,,25819.0,100.0,new
MASTEK,EQ,2026-09-04,1815.0,1831.9,1752.9,1772.9,1766.5,1792.6,94020,167078000.0,11844,,37646.0,40.04,new
MASTER,SM,2026-09-04,429.95,430.0,429.95,429.95,430.0,426.0,1000,430000.0,2,,1000.0,100.0,new
MASTERTR,EQ,2026-09-04,81.05,95.5,81.05,89.16,89.5,81.03,8360812,761523000.0,43240,,720665.0,8.62,new
MATRIMONY,EQ,2026-09-04,532.25,533.9,524.0,529.05,530.6,529.6,7124,3768000.0,402,,4258.0,59.77,new
MAWANASUG,EQ,2026-09-04,146.0,146.98,143.2,145.43,145.5,146.27,186868,27047000.000000004,3781,,87163.0,46.64,new
MAXESTATES,EQ,2026-09-04,535.0,546.85,529.0,542.1,536.4,530.7,111898,60054000.0,3876,,79670.0,71.2,new
MAXHEALTH,EQ,2026-09-04,994.9,1001.3,981.1,984.8,984.8,994.9,1167047,1157410000.0,34531,,650300.0,55.72,new
MAXIND,EQ,2026-09-04,154.0,154.58,150.1,150.66,150.45,152.89,24712,3759000.0000000005,906,,13908.0,56.28,new
MAXPOSURE,SM,2026-09-04,29.3,30.7,29.3,29.8,29.8,29.0,189000,5669000.0,26,,179000.0,94.71,new
MAXVOLT,SM,2026-09-04,328.4,334.7,321.25,324.8,328.5,328.4,23600,7713000.0,55,,17600.0,74.58,new
MAYURUNIQ,EQ,2026-09-04,730.0,737.5,727.5,734.85,735.35,728.8,29504,21639000.0,1657,,19960.0,67.65,new
MAZDA,BE,2026-09-04,269.45,274.2,260.0,270.0,267.0,272.85,28256,7564000.0,270,,,,new
MAZDOCK,EQ,2026-09-04,2489.0,2546.6,2475.0,2475.0,2475.0,2474.0,735425,1848934000.0,32127,,173880.0,23.64,new
MBAPL,EQ,2026-09-04,162.08,167.39,160.73,166.12,166.95,162.08,983522,161284000.0,8749,,536327.0,54.53,new
MBECL,BE,2026-09-04,258.89,258.89,258.89,258.89,258.89,246.57,2944,762000.0,78,,,,new
MBEL,EQ,2026-09-04,276.95,277.0,268.0,270.15,271.0,275.45,74971,20356000.0,1586,,40169.0,53.58,new
MBLINFRA,EQ,2026-09-04,25.0,25.0,24.0,24.3,24.26,24.44,25935,631000.0,154,,16868.0,65.04,new
MCCHRLS-B,EQ,2026-09-04,682.6,682.6,656.05,670.0,670.0,679.95,310,206000.0,50,,299.0,96.45,new
MCL,EQ,2026-09-04,58.0,58.9,57.21,58.3,58.49,58.5,25283,1466000.0,951,,12885.0,50.96,new
MCLEODRUSS,EQ,2026-09-04,46.41,47.99,46.0,46.3,46.25,46.61,185910,8684000.0,1097,,106167.0,57.11,new
MCLOUD,EQ,2026-09-04,26.51,26.67,26.25,26.29,26.3,26.46,1615599,42656000.0,3806,,1014770.0,62.81,new
MCON,SM,2026-09-04,44.6,44.6,44.0,44.0,44.0,42.5,8000,356000.0,8,,8000.0,100.0,new
MCX,EQ,2026-09-04,3187.8,3287.4,3165.6,3275.4,3275.4,3170.2,2485731,8037835000.000001,89140,,884117.0,35.57,new
MEDANTA,EQ,2026-09-04,1424.3,1491.8,1424.3,1469.8,1478.0,1417.3,470026,691399000.0,55760,,239254.0,50.9,new
MEDIASSIST,EQ,2026-09-04,341.65,348.5,338.5,340.35,339.1,343.95,433407,148370000.0,12318,,337589.0,77.89,new
MEDICAMEQ,EQ,2026-09-04,262.0,276.8,260.65,270.25,271.75,259.4,118422,31980000.0,2703,,56587.0,47.78,new
MEDICAPQ,EQ,2026-09-04,26.9,26.9,25.16,26.29,26.3,25.08,1645,43000.0,38,,1449.0,88.09,new
MEDICO,EQ,2026-09-04,39.4,40.19,39.0,39.87,39.52,39.5,52932,2087000.0,756,,26840.0,50.71,new
MEDIORG,SM,2026-09-04,26.5,26.7,26.5,26.5,26.5,25.65,44000,1166000.0,10,,42000.0,95.45,new
MEDISTEP,SM,2026-09-04,23.5,23.5,22.85,22.9,22.9,22.8,12000,278000.0,3,,12000.0,100.0,new
MEDPLUS,EQ,2026-09-04,660.65,691.35,650.2,676.35,663.05,660.65,310867,208659000.0,12964,,114387.0,36.8,new
MEESHO,EQ,2026-09-04,209.74,216.67,207.87,209.0,209.98,209.74,22949812,4878476000.0,129113,,9694787.0,42.24,new
MEGAFLEX,SM,2026-09-04,95.0,95.0,91.0,91.0,91.0,95.0,6000,558000.0,5,,6000.0,100.0,new
MEGASTAR,EQ,2026-09-04,301.05,309.65,301.05,307.6,307.95,304.1,2947,899000.0,114,,2642.0,89.65,new
MEGATHERM,SM,2026-09-04,207.0,232.95,207.0,228.75,232.95,205.1,58000,12564000.0,98,,48800.0,84.14,new
MEIL,EQ,2026-09-04,286.9,295.45,280.0,285.1,287.0,283.75,99521,28432000.0,3061,,58314.0,58.59,new
MENNPIS,EQ,2026-09-04,74.82,79.46,74.78,77.64,77.8,74.82,261863,20396000.0,4156,,131383.0,50.17,new
MENONBE,BE,2026-09-04,311.0,323.95,311.0,321.4,320.0,308.55,202288,65288000.0,2953,,,,new
MEP,BZ,2026-09-04,0.71,0.71,0.71,0.71,0.71,0.72,13408,10000.0,32,,,,new
MERCANTILE,EQ,2026-09-04,26.9,26.9,24.49,25.45,25.26,25.55,550263,14210000.0,1130,,209440.0,38.06,new
MERCURYEV,EQ,2026-09-04,37.91,37.93,36.12,36.74,36.94,36.67,41943,1544000.0,676,,28084.0,66.96,new
METAL,EQ,2026-09-04,13.62,13.62,13.28,13.46,13.47,13.29,1538895,20641000.0,3462,,786492.0,51.11,new
METALIC,ST,2026-09-04,135.0,141.5,134.5,134.65,135.0,137.0,48000,6580000.0,27,,46400.0,96.67,new
METALIETF,EQ,2026-09-04,13.4,13.45,13.2,13.4,13.41,13.2,5744597,76493000.0,8061,,3054316.0,53.17,new
METROBRAND,EQ,2026-09-04,915.65,935.0,909.0,929.15,927.0,915.65,39468,36400000.0,4906,,25300.0,64.1,new
METROGLOBL,EQ,2026-09-04,137.0,139.5,133.25,136.14,137.99,137.0,601,81000.0,44,,498.0,82.86,new
METROPOLIS,EQ,2026-09-04,593.4,593.4,584.9,588.7,590.5,591.9,239323,140921000.0,14831,,126367.0,52.8,new
MFML,EQ,2026-09-04,18.63,18.8,18.12,18.59,18.8,18.36,3002,56000.00000000001,56,,2417.0,80.51,new
MFSL,EQ,2026-09-04,1537.0,1569.0,1531.4,1548.4,1548.4,1537.0,543214,844436000.0,27632,,304532.0,56.06,new
MGEL,BE,2026-09-04,14.26,14.5,14.15,14.24,14.49,14.4,92187,1313000.0,217,,,,new
MGL,EQ,2026-09-04,1067.0,1101.6,1067.0,1096.6,1100.0,1066.4,288338,314372000.0,23619,,146057.0,50.65,new
MGSL,SM,2026-09-04,75.05,76.5,72.5,73.8,73.9,74.55,16800,1247000.0,13,,12000.0,71.43,new
MHLXMIRU,BE,2026-09-04,172.1,174.9,172.1,174.89,174.85,174.89,3411,593000.0,42,,,,new
MHRIL,EQ,2026-09-04,208.0,211.0,206.55,207.4,207.55,207.91,155829,32438000.0,2759,,117787.0,75.59,new
MICEL,BE,2026-09-04,36.74,36.74,36.74,36.74,36.74,37.48,82417,3028000.0,553,,,,new
MID150,EQ,2026-09-04,23.56,23.71,23.54,23.61,23.68,23.63,59978,1419000.0,142,,42075.0,70.15,new
MID150BEES,EQ,2026-09-04,241.04,241.05,238.67,240.15,239.44,240.14,654280,157281000.0,6417,,487477.0,74.51,new
MID150CASE,EQ,2026-09-04,11.72,11.74,11.65,11.68,11.7,11.68,879546,10293000.0,3209,,708650.0,80.57,new
MIDBANKADD,EQ,2026-09-04,17.52,17.54,17.47,17.5,17.5,17.52,10430,182000.0,24,,7516.0,72.06,new
MIDCAP,EQ,2026-09-04,18.89,18.89,17.9,18.51,18.57,18.52,695787,12876000.0,940,,288955.0,41.53,new
MIDCAPADD,EQ,2026-09-04,23.14,23.36,23.14,23.28,23.28,23.14,1461,34000.0,23,,1180.0,80.77,new
MIDCAPBETA,EQ,2026-09-04,234.77,235.82,232.07,233.21,235.73,234.77,767,180000.0,33,,540.0,70.4,new
MIDCAPETF,EQ,2026-09-04,24.23,24.23,23.7,23.73,23.74,23.75,1238138,29438000.0,4406,,866885.0,70.02,new
MIDCAPIETF,EQ,2026-09-04,24.54,24.54,24.02,24.06,24.13,24.06,669603,16138000.0,1900,,411636.0,61.47,new
MIDHANI,EQ,2026-09-04,417.0,428.2,416.3,418.8,420.3,416.9,562610,236882000.00000003,14315,,206249.0,36.66,new
MIDQ50ADD,EQ,2026-09-04,25.06,25.14,24.95,25.01,25.05,25.06,45658,1143000.0,104,,37100.0,81.26,new
MIDSELIETF,EQ,2026-09-04,19.92,20.05,19.88,19.93,19.89,19.92,137616,2748000.0,608,,80705.0,58.65,new
MIDSMALL,EQ,2026-09-04,52.07,53.07,51.7,51.82,51.83,52.03,148865,7723999.999999999,728,,117019.0,78.61,new
MIDWESTLTD,EQ,2026-09-04,1064.9,1065.0,1053.0,1062.1,1057.2,1054.3,7030,7448999.999999999,725,,4304.0,61.22,new
MIEL,SM,2026-09-04,11.75,12.1,11.7,11.85,11.85,12.3,16000,189000.0,6,,12000.0,75.0,new
MIIL,EQ,2026-09-04,722.0,722.35,711.85,717.05,714.0,718.4,82890,59301000.0,670,,48508.0,58.52,new
MILKYMIST,EQ,2026-09-04,255.0,260.59,249.5,252.43,252.95,252.89,14599282,3704026999.9999995,107595,,1987628.0,13.61,new
MILTON,SM,2026-09-04,36.5,38.3,34.7,38.1,38.3,36.5,19800,743000.0,8,,17600.0,88.89,new
MINALIND,BE,2026-09-04,5.35,5.35,5.35,5.35,5.35,5.1,73953,396000.0,113,,,,new
MINDACORP,EQ,2026-09-04,709.75,709.8,695.25,702.8,697.1,706.5,199782,139973000.0,11199,,102933.0,51.52,new
MINDSPACE,RR,2026-09-04,503.84,505.0,500.39,501.11,500.4,499.92,139215,69893000.0,8265,,110150.0,79.12,new
MINDTECK,EQ,2026-09-04,168.0,170.98,167.15,168.81,169.15,168.22,17432,2951000.0,646,,10324.0,59.22,new
MIRZAINT,EQ,2026-09-04,30.7,31.5,30.7,30.96,30.82,30.99,65986,2048000.0,685,,47381.0,71.8,new
MITCON,BE,2026-09-04,78.0,78.25,77.8,77.8,77.8,78.0,1066,83000.0,22,,,,new
MITTAL,EQ,2026-09-04,0.8,0.82,0.78,0.8,0.82,0.78,713212,570000.0,362,,534960.0,75.01,new
MKEXIM,EQ,2026-09-04,61.89,63.0,60.24,62.18,62.99,60.18,17942,1106000.0,249,,14712.0,82.0,new
MKPL,EQ,2026-09-04,4.06,4.12,3.92,4.02,4.02,4.06,143996,579000.0,488,,95632.0,66.41,new
MLKFOOD,EQ,2026-09-04,83.55,85.0,82.5,83.63,84.78,82.62,1824,153000.0,62,,972.0,53.29,new
MMEL,SM,2026-09-04,24.55,25.75,24.0,25.25,25.25,24.5,54000,1334000.0,20,,48000.0,88.89,new
MMFL,EQ,2026-09-04,643.8,649.9,620.0,630.1,629.65,641.8,163248,103245000.0,7658,,74642.0,45.72,new
MMP,EQ,2026-09-04,399.9,404.95,383.35,404.15,400.0,395.95,112103,44514000.0,2401,,72542.0,64.71,new
MMTC,EQ,2026-09-04,62.61,66.2,62.53,64.18,64.19,62.32,8443462,548946000.0,38101,,1493305.0,17.69,new
MMWL,EQ,2026-09-04,14.1,14.59,14.1,14.53,14.23,14.07,8751,127000.0,170,,8245.0,94.22,new
MNC,EQ,2026-09-04,34.1,34.1,33.16,33.21,33.3,33.27,83789,2783000.0,341,,77066.0,91.98,new
MOALPHA50,EQ,2026-09-04,56.36,57.5,56.16,56.36,56.45,56.62,5914,333000.0,80,,5025.0,84.97,new
MOBANK10,EQ,2026-09-04,17.0,17.0,16.85,16.95,16.96,16.9,868,15000.0,42,,835.0,96.2,new
MOBIKWIK,EQ,2026-09-04,191.15,193.72,189.9,192.12,191.98,190.61,393306,75635000.0,5598,,150109.0,38.17,new
MOBILISE,SM,2026-09-04,108.15,108.15,108.15,108.15,108.15,113.75,1600,173000.0,1,,1600.0,100.0,new
MOCAPITAL,EQ,2026-09-04,55.14,55.14,54.02,54.5,54.6,53.8,682395,37214000.0,2510,,408377.0,59.84,new
MODEFENCE,EQ,2026-09-04,106.9,107.97,106.5,107.14,107.34,106.05,3442112,370564000.0,6810,,2803942.0,81.46,new
MODINATUR,EQ,2026-09-04,345.1,345.1,328.0,340.95,338.4,334.3,3782,1290000.0,147,,2799.0,74.01,new
MODIRUBBER,EQ,2026-09-04,135.38,135.38,130.42,131.3,131.0,131.83,1186,157000.0,72,,621.0,52.36,new
MODIS,EQ,2026-09-04,377.5,383.8,376.6,380.85,378.0,379.1,11292,4294000.0,502,,6470.0,57.3,new
MODISONLTD,EQ,2026-09-04,479.2,494.65,469.95,469.95,469.95,494.65,412447,196801000.0,6839,,197444.0,47.87,new
MODTHREAD,EQ,2026-09-04,53.0,55.98,53.0,54.37,55.0,53.39,12306,667000.0,178,,6319.0,51.35,new
MOENERGY,EQ,2026-09-04,38.0,38.99,37.86,38.42,38.42,38.31,118745,4562000.0,534,,99935.0,84.16,new
MOGOLD,EQ,2026-09-04,150.55,153.0,150.55,151.75,151.65,150.65,39281,5969000.0,609,,18659.0,47.5,new
MOGSEC,EQ,2026-09-04,65.38,65.7,65.34,65.69,65.62,65.4,1982,130000.0,26,,1825.0,92.08,new
MOHEALTH,EQ,2026-09-04,52.68,52.68,51.67,51.84,51.92,52.17,31140,1617000.0000000002,585,,26247.0,84.29,new
MOHITE,EQ,2026-09-04,2.8,2.84,2.6,2.79,2.8,2.8,133842,367000.0,151,,97805.0,73.07,new
MOHITIND,EQ,2026-09-04,24.99,24.99,23.37,23.78,23.73,23.72,10348,245000.00000000003,86,,7048.0,68.11,new
MOIL,EQ,2026-09-04,252.7,253.7,249.97,252.3,252.55,250.68,505504,127220000.0,9610,,220131.0,43.55,new
MOINFRA,EQ,2026-09-04,58.7,58.7,58.45,58.68,58.61,58.66,1827,107000.0,27,,1827.0,100.0,new
MOIPO,EQ,2026-09-04,48.69,51.0,48.65,49.15,48.93,48.74,23258,1143000.0,63,,23203.0,99.76,new
MOKSH,EQ,2026-09-04,9.99,10.2,9.99,10.07,10.05,9.98,112542,1136000.0,268,,90118.0,80.07,new
MOL,EQ,2026-09-04,68.23,68.75,66.28,66.66,66.28,67.52,1538689,103459999.99999999,7566,,778643.0,50.6,new
MOLBIO,EQ,2026-09-04,1139.9,1177.0,1117.2,1160.5,1158.9,1135.2,594273,680920000.0,23770,,154110.0,25.93,new
MOLDTECH,BE,2026-09-04,207.0,215.0,200.55,208.96,209.3,207.31,27919,5819000.0,446,,,,new
MOLDTKPAC,EQ,2026-09-04,702.85,710.05,700.0,706.65,708.0,699.6,36489,25731000.0,1951,,20898.0,57.27,new
MOLOWVOL,EQ,2026-09-04,36.09,36.21,35.97,36.12,36.21,36.35,3927,142000.0,89,,2800.0,71.3,new
MOM100,EQ,2026-09-04,68.6,68.73,68.0,68.18,68.12,68.18,153254,10472000.0,2100,,93072.0,60.73,new
MOM30IETF,EQ,2026-09-04,30.64,31.41,30.64,31.36,31.39,31.27,501933,15726000.0,1578,,298396.0,59.45,new
MOM50,EQ,2026-09-04,250.29,252.0,250.29,251.47,252.0,250.41,1830,459000.0,81,,1592.0,86.99,new
MOMENTUM,EQ,2026-09-04,31.25,31.56,31.0,31.06,31.0,31.37,128103,3993000.0,298,,111722.0,87.21,new
MOMENTUM30,EQ,2026-09-04,30.79,30.87,30.66,30.81,30.81,30.65,21437,660000.0,46,,12116.0,56.52,new
MOMENTUM50,EQ,2026-09-04,54.54,54.55,53.78,54.38,54.5,54.25,675732,36728000.0,1403,,477934.0,70.73,new
MOMETAL,EQ,2026-09-04,13.21,13.41,13.16,13.32,13.41,13.16,9735,130000.0,25,,8634.0,88.69,new
MOMGF,EQ,2026-09-04,161.93,170.0,161.93,165.66,163.0,162.74,315,51000.0,28,,292.0,92.7,new
MOMIDMTM,EQ,2026-09-04,64.7,64.89,64.5,64.55,64.5,64.7,59852,3869000.0,273,,53539.0,89.45,new
MOMMIDCAP,EQ,2026-09-04,13.01,13.07,12.98,12.99,12.99,13.02,463054,6026000.0,472,,440224.0,95.07,new
MOMNC,EQ,2026-09-04,33.0,33.0,32.15,32.19,32.19,32.29,2895,93000.0,23,,2753.0,95.09,new
MOMOMENTUM,EQ,2026-09-04,61.92,62.62,61.56,62.27,62.51,62.18,43375,2694000.0,340,,31033.0,71.55,new
MON100,EQ,2026-09-04,324.67,324.67,324.67,324.67,324.67,323.86,70173,22783000.0,747,,70173.0,100.0,new
MON50EQUAL,EQ,2026-09-04,33.3,33.3,32.98,33.17,33.17,33.16,6254,206999.99999999997,61,,5147.0,82.3,new
MONARCH,EQ,2026-09-04,380.1,382.65,373.0,377.9,377.0,381.3,77678,29317000.0,1927,,49488.0,63.71,new
MONEXT50,EQ,2026-09-04,73.05,73.33,72.84,73.14,73.26,73.05,1755,128000.0,54,,1355.0,77.21,new
MONEYBOXX,EQ,2026-09-04,56.93,68.66,56.93,58.8,58.79,57.22,92042,5792000.0,1040,,42499.0,46.17,new
MONIFTY100,EQ,2026-09-04,25.28,25.35,25.2,25.32,25.32,25.17,23737,601000.0,46,,23026.0,97.0,new
MONIFTY500,EQ,2026-09-04,23.8,23.93,23.8,23.91,23.93,23.8,249509,5962000.0,1019,,169779.0,68.05,new
MONOLITH,SM,2026-09-04,1295.0,1295.0,1240.0,1265.65,1284.0,1286.1,33250,42227000.0,101,,24000.0,72.18,new
MONOPHARMA,SM,2026-09-04,8.65,8.95,8.65,8.95,8.95,8.95,6000,53000.0,3,,4000.0,66.67,new
MONQ50,EQ,2026-09-04,141.93,141.93,141.93,141.93,141.93,141.73,17832,2531000.0,95,,17832.0,100.0,new
MONTECARLO,EQ,2026-09-04,567.4,577.0,562.15,574.5,574.0,564.45,53976,30752000.0,2042,,29078.0,53.87,new
MOOILGAS,EQ,2026-09-04,11.21,11.29,11.19,11.29,11.29,11.21,6633,75000.0,36,,6543.0,98.64,new
MOPSE,EQ,2026-09-04,99.46,102.5,99.42,101.57,99.74,99.4,217,22000.0,20,,211.0,97.24,new
MOQUALITY,EQ,2026-09-04,199.49,199.53,198.14,198.73,198.73,199.01,1467,292000.0,27,,1314.0,89.57,new
MOREALTY,EQ,2026-09-04,92.0,92.55,90.12,90.84,90.5,91.75,2200446,200892000.0,2616,,1797580.0,81.69,new
MOREPENLAB,EQ,2026-09-04,117.91,118.0,112.55,113.74,113.6,117.45,17563502,2017343000.0,68746,,5691959.0,32.41,new
MOS,ST,2026-09-04,7.55,7.55,7.55,7.55,7.55,7.9,152000,1148000.0,30,,152000.0,100.0,new
MOSCHIP,EQ,2026-09-04,213.56,215.19,211.11,212.22,212.4,213.57,1176516,250564000.0,14637,,475224.0,40.39,new
MOSERVICE,EQ,2026-09-04,30.91,30.99,30.9,30.91,30.91,30.64,4297,133000.0,21,,4297.0,100.0,new
MOSILVER,EQ,2026-09-04,231.14,231.15,228.28,230.02,230.4,227.19,20361,4684000.0,747,,7628.0,37.46,new
MOSMALL250,EQ,2026-09-04,18.96,18.96,18.45,18.52,18.58,18.55,1698632,31489999.999999996,1854,,1135087.0,66.82,new
MOTHERSON,EQ,2026-09-04,162.01,162.9,160.26,160.7,160.7,162.0,7139764,1150562000.0,38412,,3972535.0,55.64,new
MOTILALOFS,EQ,2026-09-04,1023.0,1040.8,1022.8,1037.0,1037.0,1012.8,807197,833675000.0,27936,,282650.0,35.02,new
MOTISONS,EQ,2026-09-04,15.21,17.5,15.21,16.48,16.6,15.37,123701270,2045896000.0,165631,,11168602.0,9.03,new
MOTOGENFIN,BE,2026-09-04,27.72,29.0,27.72,28.71,28.75,27.97,38267,1091000.0,74,,,,new
MOTOUR,EQ,2026-09-04,78.21,78.21,77.63,77.74,77.63,77.89,14189,1105000.0,128,,12856.0,90.61,new
MOVALUE,EQ,2026-09-04,115.0,115.0,112.8,113.26,112.8,112.8,33586,3802000.0000000005,499,,25435.0,75.73,new
MPDL,BE,2026-09-04,34.89,34.89,33.0,33.98,33.99,33.23,957,33000.0,18,,,,new
MPEL,ST,2026-09-04,27.35,27.35,27.35,27.35,27.35,26.05,3200,88000.0,2,,3200.0,100.0,new
MPHASIS,EQ,2026-09-04,2482.0,2502.7,2417.3,2422.0,2422.0,2471.0,160732,393635000.0,13534,,59997.0,37.33,new
MPSLTD,EQ,2026-09-04,2633.6,2700.0,2631.6,2658.9,2650.1,2620.6,15166,40413000.0,2535,,8703.0,57.38,new
MRF,EQ,2026-09-04,130950.0,131080.0,129705.0,129945.0,130000.0,130510.0,4656,606101000.0,2742,,3105.0,66.69,new
MRIL,ST,2026-09-04,58.0,58.0,57.3,57.3,57.3,60.15,4800,276000.0,3,,4800.0,100.0,new
MRPL,EQ,2026-09-04,176.4,178.9,174.25,174.83,175.4,175.99,3031271,533726000.0,20658,,841548.0,27.76,new
MSCI360,EQ,2026-09-04,10.12,10.27,10.04,10.27,10.27,10.06,6033,61000.0,23,,5170.0,85.7,new
MSCIADD,EQ,2026-09-04,29.37,29.53,29.37,29.53,29.53,29.37,836,25000.0,11,,328.0,39.23,new
MSCIINDIA,EQ,2026-09-04,29.85,29.89,29.71,29.82,29.87,29.71,544455,16241000.0,95,,543083.0,99.75,new
MSL,EQ,2026-09-04,145.0,149.0,137.53,142.22,141.0,137.53,1952,288000.0,51,,1662.0,85.14,new
MSPL,EQ,2026-09-04,35.79,35.8,35.01,35.4,35.48,35.34,334614,11826000.0,1689,,228295.0,68.23,new
MSTCLTD,EQ,2026-09-04,746.55,749.0,724.0,734.2,736.0,744.25,159233,117279000.0,6930,,85325.0,53.58,new
MSUMI,EQ,2026-09-04,36.81,37.05,36.18,36.52,36.57,37.03,12064648,440018999.99999994,36139,,6705836.0,55.58,new
MTARTECH,BE,2026-09-04,6930.0,7161.0,6850.0,7161.0,7161.0,6820.0,222417,1578958000.0,16894,,,,new
MTEDUCARE,BE,2026-09-04,1.77,1.77,1.7,1.77,1.77,1.69,30604,54000.0,61,,,,new
MTNL,EQ,2026-09-04,26.59,26.98,26.47,26.55,26.55,26.42,518060,13794000.0,2310,,194839.0,37.61,new
MUFIN,EQ,2026-09-04,137.45,138.78,136.42,137.56,136.87,136.92,1131652,155844000.0,4050,,390150.0,34.48,new
MUFTI,EQ,2026-09-04,72.85,75.6,72.51,75.23,75.55,72.87,149617,11150000.0,1414,,87241.0,58.31,new
MUKANDLTD,EQ,2026-09-04,133.49,134.9,132.81,134.44,134.2,132.97,44731,5988000.0,684,,25361.0,56.7,new
MUKESHB,EQ,2026-09-04,134.0,134.0,133.9,133.91,133.99,134.0,312,42000.0,5,,312.0,100.0,new
MUKKA,EQ,2026-09-04,29.99,32.44,28.96,31.34,31.3,28.72,6910108,212355000.00000003,25607,,2547451.0,36.87,new
MUKTAARTS,BE,2026-09-04,54.98,58.9,54.98,58.9,58.9,56.1,13799,811000.0,64,,,,new
MULTICAP,EQ,2026-09-04,16.83,16.84,16.76,16.79,16.76,16.75,75191,1263000.0,361,,51669.0,68.72,new
MUNISH,SM,2026-09-04,82.0,83.95,82.0,83.05,83.05,82.55,15600,1295000.0,12,,12000.0,76.92,new
MUNJALAU,EQ,2026-09-04,113.45,114.99,111.34,112.28,112.1,112.92,317397,35753000.0,4135,,123266.0,38.84,new
MUNJALSHOW,EQ,2026-09-04,129.27,130.8,128.1,129.21,129.8,129.27,19122,2485000.0,424,,10670.0,55.8,new
MURUDCERA,EQ,2026-09-04,30.45,30.48,29.45,29.66,29.71,29.97,15994,476000.0,227,,11394.0,71.24,new
MUTHOOTCAP,EQ,2026-09-04,248.0,249.88,238.9,241.72,240.75,243.75,9133,2221000.0,465,,5491.0,60.12,new
MUTHOOTFIN,EQ,2026-09-04,2971.0,2979.9,2913.0,2913.8,2913.8,2926.5,583485,1712852000.0,41017,,268136.0,45.95,new
MUTHOOTMF,EQ,2026-09-04,208.99,209.55,204.8,205.29,207.0,206.89,177382,36662000.0,2299,,97512.0,54.97,new
MVELECTRO,EQ,2026-09-04,730.65,752.4,710.0,729.7,724.0,730.65,3173336,2323805000.0,58930,,365879.0,11.53,new
MVGJL,EQ,2026-09-04,172.1,187.8,172.1,179.9,179.06,171.97,1146917,208819000.0,23530,,319122.0,27.82,new
MVKAGRO,SM,2026-09-04,236.35,236.35,236.35,236.35,236.35,225.1,12000,2836000.0,11,,12000.0,100.0,new
MWL,EQ,2026-09-04,39.7,39.7,37.6,38.56,38.35,39.08,243445,9428000.0,831,,194770.0,80.01,new
MYMUDRA,SM,2026-09-04,66.35,74.0,66.35,72.0,72.0,70.0,16800,1209000.0,11,,14400.0,85.71,new
MYSORPETRO,BE,2026-09-04,125.51,127.95,122.0,127.12,127.9,124.89,5905,748000.0,73,,,,new
NACLIND,EQ,2026-09-04,166.0,168.45,165.21,166.84,167.8,166.45,220617,36785000.0,3809,,106213.0,48.14,new
NAGREEKCAP,EQ,2026-09-04,22.87,23.34,22.22,23.25,23.34,22.87,2918,66000.0,88,,1999.0,68.51,new
NAGREEKEXP,EQ,2026-09-04,21.1,25.0,20.81,24.1,22.5,21.3,411783,9399000.0,516,,22469.0,5.46,new
NAHARCAP,EQ,2026-09-04,259.5,261.9,258.0,261.75,261.85,259.5,798,206999.99999999997,29,,726.0,90.98,new
NAHARINDUS,EQ,2026-09-04,137.96,139.23,136.23,137.63,136.6,137.96,17477,2408000.0,408,,8175.0,46.78,new
NAHARPOLY,EQ,2026-09-04,247.86,247.86,239.4,244.54,243.1,248.39,12772,3112000.0,365,,8802.0,68.92,new
NAHARSPING,EQ,2026-09-04,295.7,296.0,288.1,289.8,290.05,293.0,36995,10772000.0,966,,23501.0,63.52,new
NAM-INDIA,EQ,2026-09-04,1160.0,1184.5,1151.8,1159.9,1159.9,1164.9,1522876,1772927000.0,34189,,977811.0,64.21,new
NAMAN,SM,2026-09-04,40.1,40.1,40.1,40.1,40.1,40.0,3200,128000.0,4,,3200.0,100.0,new
NAMOEWASTE,ST,2026-09-04,264.9,275.3,262.15,274.1,272.0,262.2,32000,8683000.0,40,,26400.0,82.5,new
NARMADA,EQ,2026-09-04,13.65,13.79,13.35,13.51,13.48,13.62,246596,3335000.0,646,,176134.0,71.43,new
NATCAPSUQ,BE,2026-09-04,232.2,234.0,215.64,216.42,220.4,226.98,13334,2989000.0,201,,,,new
NATCOPHARM,EQ,2026-09-04,839.0,841.8,826.5,828.65,827.7,838.3,445370,370454000.0,34975,,269252.0,60.46,new
NATHBIOGEN,EQ,2026-09-04,154.0,154.94,151.66,153.12,153.1,153.07,7468,1141000.0,183,,5833.0,78.11,new
NATIONALUM,EQ,2026-09-04,376.0,378.95,372.75,374.1,374.1,374.0,5517970,2070278000.0,60913,,3036941.0,55.04,new
NATIONSTD,EQ,2026-09-04,106.5,108.06,104.0,107.74,106.49,104.75,16687,1785000.0000000002,651,,8402.0,50.35,new
NAUKRI,EQ,2026-09-04,1330.5,1349.5,1313.1,1319.8,1319.8,1330.0,556306,736786000.0,32323,,319167.0,57.37,new
NAVA,EQ,2026-09-04,558.5,562.95,556.5,560.2,560.35,557.2,192328,107658000.0,6564,,113388.0,58.96,new
NAVINFLUOR,EQ,2026-09-04,8700.0,8700.0,8512.0,8557.5,8553.0,8697.0,131131,1125884000.0,24980,,74663.0,56.94,new
NAVKARCORP,EQ,2026-09-04,97.51,99.41,96.0,96.24,97.0,97.44,230610,22357000.0,2050,,121200.0,52.56,new
NAVKARURB,BE,2026-09-04,0.92,0.92,0.88,0.9,0.91,0.89,226159,204000.0,282,,,,new
NAVNETEDUL,EQ,2026-09-04,132.75,132.75,130.88,131.21,131.16,132.08,77764,10241000.0,874,,47024.0,60.47,new
NAZARA,EQ,2026-09-04,366.8,370.95,363.25,368.65,368.4,365.8,1088812,400027000.0,13592,,694401.0,63.78,new
NBCC,EQ,2026-09-04,86.5,87.35,86.31,86.6,86.6,86.5,2548390,221150000.0,16051,,1029552.0,40.4,new
NBIFIN,EQ,2026-09-04,1971.7,1998.6,1960.0,1981.9,1985.0,1983.4,5313,10447000.0,51,,5235.0,98.53,new
NCC,EQ,2026-09-04,146.6,150.45,145.87,149.7,150.0,147.24,2168692,320916000.0,21637,,1227377.0,56.6,new
NCLIND,EQ,2026-09-04,176.01,179.0,175.52,177.81,177.5,177.36,29351,5200000.0,2878,,15585.0,53.1,new
NDGL,EQ,2026-09-04,2760.0,2840.0,2735.5,2787.7,2785.0,2757.6,392,1093000.0,77,,350.0,89.29,new
NDL,EQ,2026-09-04,2.83,2.87,2.8,2.83,2.85,2.83,1205958,3417000.0,1098,,895146.0,74.23,new
NDLVENTURE,EQ,2026-09-04,123.9,125.1,123.18,124.72,125.0,123.01,18630,2315000.0,178,,17010.0,91.3,new
NDRAUTO,EQ,2026-09-04,727.8,729.0,716.8,723.45,724.5,724.2,8337,6025000.0,872,,4700.0,56.38,new
NDTV,EQ,2026-09-04,71.0,75.3,70.75,74.27,74.4,70.66,236637,17345000.0,1764,,117231.0,49.54,new
NEAGI,EQ,2026-09-04,3300.1,3300.1,3300.1,3300.1,3300.1,3370.1,1,3000.0,1,,1.0,100.0,new
NECCLTD,BE,2026-09-04,17.71,18.51,17.65,18.51,18.51,17.63,337201,6084000.0,221,,,,new
NECLIFE,EQ,2026-09-04,12.2,12.49,12.11,12.19,12.2,12.17,205001,2507000.0,361,,170557.0,83.2,new
NELCAST,EQ,2026-09-04,118.76,119.48,116.5,116.99,117.0,118.76,88011,10342000.0,1262,,62797.0,71.35,new
NELCO,EQ,2026-09-04,939.5,942.75,908.0,911.25,912.0,933.75,159766,147264000.0,7697,,81801.0,51.2,new
NEOCHEM,SM,2026-09-04,94.05,98.05,94.0,95.25,95.1,96.1,15600,1489000.0,10,,13200.0,84.62,new
NEOGEN,EQ,2026-09-04,2149.0,2172.6,2123.0,2137.9,2146.0,2137.1,88400,189807000.0,19344,,44372.0,50.19,new
NEPHROCARE,SM,2026-09-04,98.0,98.5,89.95,93.55,93.75,98.0,26800,2524000.0,58,,20800.0,77.61,new
NEPHROPLUS,EQ,2026-09-04,711.85,720.0,692.0,697.05,700.0,706.75,197509,139837000.0,11171,,92769.0,46.97,new
NEPTUNE,SM,2026-09-04,175.0,175.0,175.0,175.0,175.0,174.0,500,88000.0,1,,500.0,100.0,new
NESCO,EQ,2026-09-04,1039.5,1066.8,1039.5,1047.6,1043.0,1044.8,48170,50679000.0,4726,,28973.0,60.15,new
NESTLEIND,EQ,2026-09-04,1415.0,1420.0,1402.5,1410.5,1410.5,1416.0,974257,1373796000.0,39301,,569315.0,58.44,new
NETF,EQ,2026-09-04,262.0,263.89,260.0,261.4,263.89,260.55,5315,1388000.0,170,,4146.0,78.01,new
NETWEB,EQ,2026-09-04,5297.5,5424.0,5164.5,5193.0,5190.0,5270.0,1816227,9614868000.0,130017,,343068.0,18.89,new
NETWORK18,EQ,2026-09-04,27.56,28.53,27.56,28.38,28.31,27.55,3493333,98245000.0,8433,,1866595.0,53.43,new
NEUEON,BE,2026-09-04,10.95,11.38,10.88,11.22,11.24,10.94,51567,568000.0,137,,,,new
NEULANDLAB,EQ,2026-09-04,23095.0,23095.0,22550.0,22660.0,22640.0,22890.0,21110,481285999.99999994,6268,,12236.0,57.96,new
NEWGEN,EQ,2026-09-04,522.0,543.95,522.0,524.8,526.5,517.65,2160906,1150975000.0,48574,,399250.0,18.48,new
NEXT30ADD,EQ,2026-09-04,42.65,42.78,42.5,42.69,42.67,42.59,3585,153000.0,97,,1911.0,53.31,new
NEXT50,EQ,2026-09-04,758.91,758.91,754.01,755.1,754.33,755.13,85666,64745000.00000001,2449,,69915.0,81.61,new
NEXT50ADD,EQ,2026-09-04,73.68,73.72,73.3,73.52,73.53,73.68,13815,1016000.0,35,,6419.0,46.46,new
NEXT50BETA,EQ,2026-09-04,78.9,79.58,78.81,79.05,78.93,78.93,686812,54344000.00000001,1565,,669131.0,97.43,new
NEXT50ETF,EQ,2026-09-04,73.64,74.0,73.5,73.83,73.88,73.64,8527,629000.0,85,,7255.0,85.08,new
NEXT50IETF,EQ,2026-09-04,78.6,78.6,77.06,77.25,77.42,77.06,319174,24665000.0,3652,,218058.0,68.32,new
NEXTMEDIA,EQ,2026-09-04,3.86,4.12,3.86,3.89,3.87,4.0,54384,214000.0,149,,34043.0,62.6,new
NFL,EQ,2026-09-04,70.34,70.88,70.34,70.51,70.64,70.33,400837,28291000.000000004,2425,,188129.0,46.93,new
NFPSAMPOOR,SM,2026-09-04,20.6,20.6,20.6,20.6,20.6,20.5,6000,124000.0,3,,6000.0,100.0,new
NGIL,EQ,2026-09-04,41.04,41.04,39.55,40.58,39.75,40.24,5259,211000.0,40,,3583.0,68.13,new
NGLFINE,EQ,2026-09-04,2940.0,2981.9,2890.5,2907.5,2900.0,2940.8,7107,20809000.0,1535,,3036.0,42.72,new
NH,EQ,2026-09-04,1881.0,1898.8,1850.5,1858.5,1862.0,1882.2,210266,393212000.0,27450,,106628.0,50.71,new
NHPC,EQ,2026-09-04,76.39,76.75,75.91,76.25,76.25,76.45,4059538,310146000.0,21579,,2287976.0,56.36,new
NIACL,EQ,2026-09-04,196.49,234.39,196.49,229.91,231.0,195.33,66928665,14930435000.0,399899,,7439732.0,11.12,new
NIBE,EQ,2026-09-04,1327.0,1349.0,1325.0,1336.6,1340.0,1322.0,28848,38527000.0,2713,,14624.0,50.69,new
NIBL,EQ,2026-09-04,30.51,31.64,30.51,30.8,30.9,30.76,6851,212000.0,83,,5137.0,74.98,new
NICCOPAR,EQ,2026-09-04,77.51,83.99,77.43,79.55,79.55,78.2,2885,231000.0,71,,2406.0,83.4,new
NIDAN,SM,2026-09-04,15.45,15.45,14.1,14.1,14.1,14.85,6000,90000.0,6,,5000.0,83.33,new
NIF100BEES,EQ,2026-09-04,265.32,267.34,265.19,266.58,266.9,265.6,31122,8301000.000000001,475,,27190.0,87.37,new
NIF100IETF,EQ,2026-09-04,28.14,28.14,27.95,28.05,28.07,27.93,44315,1241000.0,1146,,23316.0,52.61,new
NIF500BETA,EQ,2026-09-04,38.3,38.3,37.39,37.54,37.55,37.45,990,37000.0,18,,937.0,94.65,new
NIFTY1,EQ,2026-09-04,265.42,272.7,265.31,265.82,266.2,265.42,54358,14454000.0,1346,,38052.0,70.0,new
NIFTY100EW,EQ,2026-09-04,35.0,35.1,34.95,35.06,35.06,35.0,16624,583000.0,122,,15986.0,96.16,new
NIFTYADD,EQ,2026-09-04,252.72,253.75,251.8,252.48,253.75,251.97,3105,784000.0,119,,1676.0,53.98,new
NIFTYAXIS,EQ,2026-09-04,265.78,265.99,264.62,265.62,265.61,264.58,27062,7188000.0,145,,25573.0,94.5,new
NIFTYBEES,EQ,2026-09-04,278.08,278.08,272.56,273.27,273.23,272.63,3162846,864502000.0,31548,,2236367.0,70.71,new
NIFTYBETA,EQ,2026-09-04,267.57,267.57,265.15,265.73,265.55,264.92,8750,2327000.0,314,,6235.0,71.26,new
NIFTYBETF,EQ,2026-09-04,249.51,249.51,245.75,246.65,245.75,245.83,1413872,348627000.0,1596,,800399.0,56.61,new
NIFTYCASE,EQ,2026-09-04,9.8,9.8,9.59,9.64,9.64,9.59,560039,5398000.0,1342,,449932.0,80.34,new
NIFTYETF,EQ,2026-09-04,260.99,261.45,259.58,260.69,260.58,260.05,110752,28888000.0,718,,58445.0,52.77,new
NIFTYIETF,EQ,2026-09-04,272.23,272.4,270.51,271.88,271.73,270.98,315336,85766000.0,8765,,220924.0,70.06,new
NIFTYJBLK,EQ,2026-09-04,12.29,12.57,12.23,12.29,12.32,12.29,56629,696000.0,626,,41859.0,73.92,new
NIFTYQLITY,EQ,2026-09-04,21.29,21.43,21.24,21.32,21.33,21.36,16867,359000.0,177,,11803.0,69.98,new
NIITLTD,EQ,2026-09-04,97.5,100.57,97.5,98.96,99.1,97.57,255516,25343000.0,3016,,115450.0,45.18,new
NIITMTS,EQ,2026-09-04,229.99,229.99,222.21,225.94,225.0,222.91,100147,22574000.0,3678,,49382.0,49.31,new
NIKITA,SM,2026-09-04,72.5,72.5,72.5,72.5,72.5,71.55,2400,174000.0,2,,2400.0,100.0,new
NILAINFRA,EQ,2026-09-04,6.7,6.75,6.62,6.67,6.68,6.7,220311,1469000.0,551,,170422.0,77.36,new
NILASPACES,EQ,2026-09-04,12.45,12.54,12.18,12.23,12.3,12.28,666134,8180000.0,1272,,283328.0,42.53,new
NILE,EQ,2026-09-04,1456.0,1492.0,1450.3,1465.8,1470.0,1470.5,2840,4171000.0,431,,2191.0,77.15,new
NILKAMAL,EQ,2026-09-04,2101.8,2130.0,2081.0,2116.5,2101.2,2111.1,19143,40349000.0,2435,,8866.0,46.31,new
NIMBSPROJ,EQ,2026-09-04,154.0,154.0,144.34,147.84,150.8,151.93,4411,648000.0,197,,2373.0,53.8,new
NINSYS,EQ,2026-09-04,716.9,716.95,702.6,712.75,713.0,709.25,2822,2002000.0,410,,1817.0,64.39,new
NIPPOBATRY,EQ,2026-09-04,323.75,333.55,323.0,331.75,330.0,324.0,2225,728000.0,142,,1569.0,70.52,new
NIRAJ,EQ,2026-09-04,29.1,29.4,28.37,28.72,28.5,29.13,30448,875000.0,230,,22970.0,75.44,new
NIRAJISPAT,BE,2026-09-04,387.8,387.8,387.8,387.8,387.8,408.2,601,233000.0,17,,,,new
NIRLON,EQ,2026-09-04,621.6,624.5,610.0,620.0,620.0,621.6,10246,6357000.0,596,,7953.0,77.62,new
NIRMAN,SM,2026-09-04,29.0,29.5,28.2,28.3,28.45,28.35,12300,352000.0,23,,9900.0,80.49,new
NITCO,EQ,2026-09-04,96.7,97.0,94.95,96.1,96.5,96.28,449640,43143000.0,3222,,244829.0,54.45,new
NITINSPIN,EQ,2026-09-04,640.25,644.4,633.7,639.05,635.0,640.25,63257,40419000.0,2393,,35562.0,56.22,new
NITIRAJ,EQ,2026-09-04,207.95,241.0,200.0,219.19,218.85,205.13,38842,8682000.0,707,,23479.0,60.45,new
NITTAGELA,EQ,2026-09-04,1600.3,1654.0,1600.0,1632.5,1628.0,1639.1,5396,8783000.0,650,,3609.0,66.88,new
NIVABUPA,EQ,2026-09-04,80.75,81.07,79.51,80.11,80.28,80.73,804923,64470000.00000001,9110,,547067.0,67.97,new
NKIND,EQ,2026-09-04,58.85,59.9,57.01,57.1,57.1,56.32,937,56000.00000000001,24,,926.0,98.83,new
NLCINDIA,EQ,2026-09-04,277.0,277.1,272.05,273.05,273.3,274.9,714404,195575000.0,14879,,386874.0,54.15,new
NMDC,EQ,2026-09-04,84.52,85.18,84.26,84.7,84.7,84.19,13224234,1119931000.0,36754,,6796593.0,51.39,new
NMSTEEL,SM,2026-09-04,23.8,24.0,23.7,23.85,24.0,23.9,8000,190000.0,5,,6400.0,80.0,new
NOCIL,EQ,2026-09-04,172.3,174.5,170.0,172.44,172.39,171.8,403591,69494000.0,4384,,218503.0,54.14,new
NOIDATOLL,EQ,2026-09-04,4.27,4.27,4.03,4.14,4.1,4.27,171080,713000.0,292,,150062.0,87.71,new
NORBTEAEXP,EQ,2026-09-04,71.8,71.8,67.0,70.69,70.69,68.55,752,53000.0,16,,400.0,53.19,new
NORTHARC,EQ,2026-09-04,306.7,307.1,299.15,302.15,302.45,304.6,1089238,329364000.0,13431,,545825.0,50.11,new
NOVAAGRI,BE,2026-09-04,23.2,24.09,23.08,23.87,23.71,23.55,57585,1366000.0,212,,,,new
NOVARTIND,EQ,2026-09-04,1614.9,1665.0,1614.9,1646.7,1653.0,1614.1,22436,37090000.0,1889,,16625.0,74.1,new
NPBET,EQ,2026-09-04,292.57,292.57,288.29,290.32,292.0,292.64,1194,346000.0,65,,1001.0,83.84,new
NPST,EQ,2026-09-04,1720.9,1775.0,1705.0,1718.8,1724.6,1718.4,56393,98435000.0,5758,,26902.0,47.7,new
NRAIL,EQ,2026-09-04,498.95,595.25,496.05,584.0,595.0,496.05,157426,89869000.0,5383,,62475.0,39.69,new
NRBBEARING,EQ,2026-09-04,453.9,453.9,443.6,447.0,447.9,451.05,195054,87328000.0,6815,,108266.0,55.51,new
NRL,BE,2026-09-04,126.92,126.92,126.92,126.92,126.92,124.44,109113,13849000.0,215,,,,new
NRVANDANA,SM,2026-09-04,69.9,69.9,69.9,69.9,69.9,68.1,3000,210000.0,1,,3000.0,100.0,new
NSIL,EQ,2026-09-04,5683.0,5799.0,5636.0,5721.5,5701.0,5683.0,4333,24820000.0,454,,3503.0,80.84,new
NSLNISP,EQ,2026-09-04,45.61,46.5,44.97,46.02,46.19,45.4,5132127,235298000.0,16995,,1796538.0,35.01,new
NTCIND,EQ,2026-09-04,139.0,139.0,130.26,133.16,133.15,132.95,7739,1057000.0,169,,7549.0,97.54,new
NTPC,EQ,2026-09-04,332.75,334.05,329.8,332.5,332.5,330.9,7032282,2336377000.0,64357,,4532526.0,64.45,new
NTPCGREEN,EQ,2026-09-04,88.74,89.5,88.65,89.36,89.2,88.73,1370420,122199000.0,17094,,689273.0,50.3,new
NUCLEUS,EQ,2026-09-04,740.0,743.45,726.0,729.15,728.2,740.0,38501,28382000.0,1562,,31467.0,81.73,new
NURECA,BE,2026-09-04,331.9,331.9,320.1,322.7,322.0,332.6,5556,1798000.0,176,,,,new
NUVAMA,EQ,2026-09-04,1856.0,1862.8,1796.4,1815.6,1812.0,1839.2,263032,481810999.99999994,33688,,118513.0,45.06,new
NUVOCO,EQ,2026-09-04,336.65,354.8,336.45,352.15,352.3,338.1,1482368,518937000.0,33070,,604429.0,40.77,new
NV20,EQ,2026-09-04,14.28,14.28,13.93,13.99,13.99,13.94,87237,1216000.0,179,,80932.0,92.77,new
NV20BEES,EQ,2026-09-04,139.15,140.12,139.0,139.39,139.5,139.13,5065,707000.0,228,,3550.0,70.09,new
NV20IETF,EQ,2026-09-04,13.55,13.65,13.55,13.62,13.64,13.55,322970,4400000.0,1811,,216132.0,66.92,new
NXST,RR,2026-09-04,168.0,168.2,163.4,165.89,166.4,167.8,1115181,185315000.0,5277,,883123.0,79.19,new
NYKAA,EQ,2026-09-04,332.15,336.15,332.0,332.5,332.5,334.2,2156326,720379000.0,19333,,1307752.0,60.65,new
OAL,EQ,2026-09-04,507.0,532.5,503.7,519.9,516.5,502.3,181436,94380000.0,8166,,64957.0,35.8,new
OBCL,EQ,2026-09-04,55.13,55.7,55.1,55.19,55.7,54.99,1073,59000.0,18,,1040.0,96.92,new
OBEROIRLTY,EQ,2026-09-04,1914.0,1932.8,1874.0,1875.6,1875.6,1902.0,585940,1116249000.0,45289,,271955.0,46.41,new
OBSCP,SM,2026-09-04,848.05,856.95,833.15,835.75,835.1,841.9,26400,22208000.0,63,,20000.0,75.76,new
OCCLLTD,BE,2026-09-04,167.95,168.0,163.05,163.93,164.4,164.32,55824,9210000.0,324,,,,new
ODIGMA,EQ,2026-09-04,23.99,23.99,23.21,23.45,23.54,23.47,11579,273000.0,300,,9950.0,85.93,new
ODYCORP,EQ,2026-09-04,6.93,8.31,6.81,7.46,7.39,6.93,311228,2401000.0,678,,132447.0,42.56,new
OFSS,EQ,2026-09-04,12199.0,12348.0,12028.0,12058.0,12058.0,12149.0,166477,2025477000.0,32216,,82108.0,49.32,new
OIL,EQ,2026-09-04,492.0,492.55,486.5,488.3,488.3,490.0,1259478,616214000.0,18062,,732490.0,58.16,new
OILCOUNTUB,BE,2026-09-04,65.0,65.0,65.0,65.0,65.0,66.32,15996,1040000.0,31,,,,new
OILIETF,EQ,2026-09-04,11.34,11.41,11.28,11.37,11.38,11.33,1207003,13741000.0,1509,,1050106.0,87.0,new
OLAELEC,EQ,2026-09-04,37.65,38.95,37.56,38.2,38.21,37.47,42570426,1621617000.0,88750,,9887232.0,23.23,new
OLECTRA,EQ,2026-09-04,1247.0,1260.7,1223.2,1229.0,1229.1,1244.8,251277,311382000.0,16875,,126916.0,50.51,new
OLIL,SM,2026-09-04,404.0,427.05,399.1,427.05,427.05,408.65,23200,9500000.0,54,,8400.0,36.21,new
OMAXAUTO,EQ,2026-09-04,183.59,186.58,181.3,183.07,183.0,183.59,18555,3414000.0,754,,11189.0,60.3,new
OMAXE,EQ,2026-09-04,128.42,138.89,127.01,136.38,136.05,127.29,5607789,750342000.0,33417,,1066583.0,19.02,new
OMFREIGHT,BE,2026-09-04,89.0,90.5,86.15,89.84,90.5,89.0,9030,802999.9999999999,99,,,,new
OMFURN,SM,2026-09-04,55.0,55.0,53.85,53.85,53.85,56.5,3600,195000.0,3,,3600.0,100.0,new
OMINFRAL,EQ,2026-09-04,82.0,86.0,81.89,84.43,84.5,82.68,68243,5702000.0,1144,,33400.0,48.94,new
OMNI,EQ,2026-09-04,523.0,529.85,518.8,526.0,526.0,519.25,303506,159498000.0,13530,,103395.0,34.07,new
OMPOWER,EQ,2026-09-04,171.23,176.9,170.2,175.68,175.5,171.09,75803,13222999.999999998,1189,,48736.0,64.29,new
ONDOOR,SM,2026-09-04,312.55,340.0,281.0,289.6,292.0,291.55,12300,3694000.0,35,,7800.0,63.41,new
ONEGLOBAL,EQ,2026-09-04,547.8,552.95,530.35,542.4,544.0,527.15,16907,9202000.0,1044,,9069.0,53.64,new
ONELIFECAP,BE,2026-09-04,32.44,33.55,31.0,32.18,32.05,31.98,18280,592000.0,61,,,,new
ONEPOINT,EQ,2026-09-04,54.6,58.77,54.51,57.01,56.4,54.62,2688123,154402000.0,12028,,825010.0,30.69,new
ONESOURCE,EQ,2026-09-04,1585.0,1596.3,1526.0,1537.8,1534.5,1575.7,112994,175398000.0,12742,,57619.0,50.99,new
ONGC,EQ,2026-09-04,235.44,235.44,233.6,234.65,234.65,236.0,5338085,1252210000.0,49732,,3164036.0,59.27,new
ONIDA,EQ,2026-09-04,34.3,34.89,33.56,34.64,34.55,34.35,244072,8369000.0,1221,,141636.0,58.03,new
ONIXSOLAR,EQ,2026-09-04,402.0,403.2,399.95,403.2,403.2,384.0,265016,106798000.0,830,,215405.0,81.28,new
ONMOBILE,BE,2026-09-04,46.59,48.49,46.59,48.49,48.49,47.54,130107,6192000.0,410,,,,new
ONWARDTEC,EQ,2026-09-04,283.3,288.0,280.0,284.35,284.5,283.3,37115,10555000.0,1092,,21617.0,58.24,new
ONYX,ST,2026-09-04,37.5,38.75,37.3,37.5,37.5,39.25,126000,4722000.0,26,,118000.0,93.65,new
OPTIEMUS,EQ,2026-09-04,569.1,579.25,562.1,569.3,575.15,564.85,61281,34904000.0,4692,,26766.0,43.68,new
OPTIFIN,EQ,2026-09-04,14.98,15.87,14.25,14.84,14.98,14.98,167616,2558000.0,491,,121285.0,72.36,new
OPTIMYSTIX,SM,2026-09-04,145.0,150.0,140.0,141.85,141.9,144.6,46400,6703000.0,43,,40000.0,86.21,new
OPTIVALUE,ST,2026-09-04,166.5,174.05,166.5,174.05,174.05,165.8,52800,9082000.0,18,,35200.0,66.67,new
ORBTEXP,BE,2026-09-04,238.0,243.98,238.0,239.02,239.03,238.0,2189,524000.0,31,,,,new
ORCHASP,EQ,2026-09-04,1.43,1.43,1.38,1.39,1.38,1.41,79157,111000.00000000001,136,,51740.0,65.36,new
ORCHPHARMA,EQ,2026-09-04,937.0,965.45,934.7,954.65,958.0,934.65,41657,39621000.0,3178,,19153.0,45.98,new
ORIANA,SM,2026-09-04,1251.0,1251.0,1181.0,1205.7,1212.0,1239.7,73425,88428000.0,825,,51900.0,70.68,new
ORICONENT,EQ,2026-09-04,53.2,54.7,52.66,54.15,53.6,52.99,22589,1219000.0,601,,12635.0,55.93,new
ORIENTALTL,EQ,2026-09-04,5.07,5.64,4.93,5.31,5.34,5.02,322042,1689000.0,661,,235245.0,73.05,new
ORIENTBELL,EQ,2026-09-04,417.0,423.95,410.0,420.1,420.7,412.65,69026,28833000.0,1949,,51027.0,73.92,new
ORIENTCEM,EQ,2026-09-04,128.0,130.21,128.0,129.68,129.75,128.48,118199,15305000.000000002,1215,,74571.0,63.09,new
ORIENTCER,EQ,2026-09-04,44.3,45.8,43.72,43.91,44.04,43.94,73584,3252000.0000000005,1770,,41290.0,56.11,new
ORIENTELEC,EQ,2026-09-04,179.0,181.28,176.57,179.19,178.58,178.15,74074,13209000.0,1795,,43513.0,58.74,new
ORIENTHOT,EQ,2026-09-04,142.48,142.48,139.06,139.93,139.14,141.96,301159,42335000.0,1630,,147243.0,48.89,new
ORIENTLTD,BE,2026-09-04,82.99,82.99,80.35,80.65,80.4,83.77,1884,152000.0,21,,,,new
ORIENTPPR,EQ,2026-09-04,17.14,17.35,17.0,17.08,17.04,17.13,100814,1730000.0,510,,70760.0,70.19,new
ORIENTTECH,EQ,2026-09-04,239.88,242.0,236.44,238.39,239.0,238.75,63818,15246000.0,1959,,29625.0,46.42,new
ORIRAIL,EQ,2026-09-04,125.3,134.94,125.3,130.76,131.0,125.72,263412,34464000.0,1978,,130946.0,49.71,new
ORISSAMINE,EQ,2026-09-04,4302.0,4350.0,4270.1,4311.7,4295.0,4290.3,4863,20936000.0,1181,,1916.0,39.4,new
ORKLAINDIA,EQ,2026-09-04,585.1,598.7,585.1,594.15,594.0,588.5,84660,50306000.0,6301,,40201.0,47.49,new
ORTINGLOBE,EQ,2026-09-04,15.7,15.77,15.2,15.67,15.23,15.02,9743,153000.0,66,,8191.0,84.07,new
OSELDEVICE,SM,2026-09-04,398.4,398.4,381.1,385.15,388.9,383.9,9400,3629000.0,46,,7200.0,76.6,new
OSIAHYPER,BE,2026-09-04,2.48,2.49,2.41,2.47,2.49,2.48,338637,828999.9999999999,349,,,,new
OSWALAGRO,EQ,2026-09-04,36.88,37.29,36.5,36.66,36.66,36.88,21089,774000.0,180,,18851.0,89.39,new
OSWALGREEN,EQ,2026-09-04,20.0,20.63,20.0,20.39,20.25,19.86,158014,3215000.0,1301,,72720.0,46.02,new
OSWALPUMPS,EQ,2026-09-04,282.85,291.5,278.0,279.2,280.0,279.55,858028,241821000.0,14523,,371431.0,43.29,new
OSWALSEEDS,EQ,2026-09-04,11.61,12.0,11.61,11.72,11.85,11.92,48433,573000.0,230,,31059.0,64.13,new
OWAIS,ST,2026-09-04,80.1,81.9,79.2,80.45,81.9,80.8,10300,819000.0,55,,9800.0,95.15,new
PACEDIGITK,EQ,2026-09-04,167.5,168.39,166.12,167.59,167.21,166.23,512494,85815000.0,6052,,263152.0,51.35,new
PACIFICI,EQ,2026-09-04,140.05,149.0,137.15,143.82,141.0,145.0,288,41000.0,31,,253.0,87.85,new
PAGEIND,EQ,2026-09-04,35865.0,36370.0,35680.0,36300.0,36300.0,35865.0,14523,524992000.0,6597,,7297.0,50.24,new
PAISALO,EQ,2026-09-04,71.65,74.2,70.05,74.1,74.02,70.28,31201929,2279946000.0,54941,,14871595.0,47.66,new
PAKKA,EQ,2026-09-04,73.95,74.98,72.05,73.71,74.0,73.64,119489,8786000.0,3006,,62411.0,52.23,new
PALASHSECU,EQ,2026-09-04,91.7,91.7,89.0,90.17,90.6,88.43,427,39000.0,10,,251.0,58.78,new
PALREDTEC,BE,2026-09-04,53.2,55.86,53.2,55.83,55.7,53.2,7128,394000.0,22,,,,new
PANACEABIO,EQ,2026-09-04,389.0,396.4,380.0,381.25,380.1,389.05,56486,21704000.0,2070,,35725.0,63.25,new
PANACHE,BE,2026-09-04,515.0,525.0,514.5,525.0,525.0,525.0,3723,1938000.0,51,,,,new
PANAMAPET,EQ,2026-09-04,489.0,497.85,479.0,495.45,497.0,484.55,242825,118972000.0,6523,,101042.0,41.61,new
PANORAMA,EQ,2026-09-04,46.0,48.0,44.6,47.41,46.87,45.83,473879,22284000.0,1614,,185321.0,39.11,new
PANSARI,EQ,2026-09-04,301.0,310.4,292.0,300.05,299.95,300.0,589,177000.0,31,,477.0,80.98,new
PAR,BE,2026-09-04,168.0,168.0,156.71,156.71,156.71,164.95,10607,1675000.0,238,,,,new
PARACABLES,EQ,2026-09-04,64.1,69.0,64.0,65.51,65.4,64.3,4472304,300611000.0,19294,,2041409.0,45.65,new
PARADEEP,EQ,2026-09-04,154.0,157.68,152.5,157.0,157.21,153.53,3778120,587419000.0,39668,,1419544.0,37.57,new
PARAGMILK,EQ,2026-09-04,255.0,255.7,247.05,249.6,250.8,254.2,613677,153227000.0,7759,,313433.0,51.07,new
PARAGON,SM,2026-09-04,49.0,50.0,47.5,47.5,47.5,48.0,8400,411000.00000000006,6,,6000.0,71.43,new
PARAMOUNT,SM,2026-09-04,36.85,36.85,36.85,36.85,36.85,35.1,2400,88000.0,2,,1200.0,50.0,new
PARAS,EQ,2026-09-04,1415.8,1439.9,1410.0,1414.9,1414.5,1411.5,552173,785279000.0,26678,,124875.0,22.62,new
PARASPETRO,EQ,2026-09-04,2.23,2.23,2.11,2.14,2.13,2.13,112807,241000.0,216,,68129.0,60.39,new
PARIN,SM,2026-09-04,735.0,735.0,699.0,716.3,716.55,713.85,8500,6116000.0,30,,6000.0,70.59,new
PARKHOSPS,EQ,2026-09-04,289.0,289.35,283.75,286.25,286.5,286.7,504932,144649000.0,5915,,367123.0,72.71,new
PARKHOTELS,EQ,2026-09-04,112.95,113.7,111.82,112.18,111.91,113.14,155104,17400000.0,1559,,125056.0,80.63,new
PARNAXLAB,EQ,2026-09-04,135.54,135.54,130.0,134.8,134.8,135.54,736,98000.0,40,,691.0,93.89,new
PARSVNATH,BE,2026-09-04,1.57,1.57,1.57,1.57,1.57,1.54,127768,200999.99999999997,69,,,,new
PARTH,SM,2026-09-04,537.5,545.0,523.0,525.7,525.0,537.0,13600,7226000.000000001,32,,11600.0,85.29,new
PASHUPATI,EQ,2026-09-04,83.5,83.5,81.3,81.94,82.8,83.1,25243,2078000.0,932,,13803.0,54.68,new
PASUPTAC,BE,2026-09-04,67.5,69.82,66.95,67.64,67.65,66.79,108786,7378000.0,719,,,,new
PATANJALI,EQ,2026-09-04,345.0,345.75,341.2,342.5,342.5,342.9,1749871,600421000.0,8505,,838838.0,47.94,new
PATELENG,EQ,2026-09-04,27.12,27.5,27.0,27.28,27.3,27.11,2330616,63591000.0,8796,,1378264.0,59.14,new
PATELRMART,EQ,2026-09-04,221.9,221.9,217.3,218.32,218.9,220.58,23300,5101000.0,880,,14381.0,61.72,new
PATILAUTOM,SM,2026-09-04,265.05,284.9,265.0,279.35,278.75,264.45,271800,74184000.0,351,,204600.0,75.28,new
PATINTLOG,BE,2026-09-04,13.4,13.68,13.27,13.32,13.27,13.41,22681,305000.0,125,,,,new
PAUSHAKLTD,EQ,2026-09-04,808.0,816.45,781.0,785.5,790.0,806.15,31723,25199000.0,2491,,13151.0,41.46,new
PAVNAIND,EQ,2026-09-04,16.72,18.3,16.72,17.22,17.2,16.87,48040,832000.0,462,,37532.0,78.13,new
PAYTM,EQ,2026-09-04,1635.2,1697.7,1626.6,1659.5,1659.5,1637.0,5191803,8666965000.0,102813,,2289795.0,44.1,new
PBMPOLY,EQ,2026-09-04,59.3,64.0,57.14,61.0,61.0,58.67,528,32000.0,9,,428.0,81.06,new
PCBL,EQ,2026-09-04,315.7,318.4,315.15,317.0,318.1,314.25,621744,196676000.0,9849,,380461.0,61.19,new
PCCL,SM,2026-09-04,444.95,444.95,423.05,425.15,425.1,440.55,14400,6240000.0,22,,10800.0,75.0,new
PCJEWELLER,EQ,2026-09-04,10.6,12.17,10.51,11.86,11.99,10.52,1088942848,12427450000.0,285367,,208187030.0,19.12,new
PDMJEPAPER,EQ,2026-09-04,96.0,96.06,92.7,93.22,94.0,94.57,86197,8106999.999999999,1518,,40336.0,46.8,new
PDSL,EQ,2026-09-04,356.0,361.25,352.5,358.5,360.0,353.9,97344,34790000.0,4396,,57069.0,58.63,new
PEARLPOLY,EQ,2026-09-04,15.05,15.9,15.0,15.08,15.05,15.29,14296,221000.0,168,,9083.0,63.54,new
PELATRO,SM,2026-09-04,364.0,395.0,356.0,391.75,395.0,364.0,44400,16892000.0,107,,34500.0,77.7,new
PENIND,EQ,2026-09-04,168.7,171.0,167.02,169.56,168.82,166.88,477553,80693000.0,5875,,286194.0,59.93,new
PENINLAND,BE,2026-09-04,15.75,16.8,15.75,16.55,16.56,16.06,90635,1486000.0,232,,,,new
PENTAGON,SM,2026-09-04,82.3,82.3,82.2,82.3,82.3,74.85,33000,2716000.0,27,,28000.0,84.85,new
PERMAGN,EQ,2026-09-04,889.95,906.1,868.05,888.2,898.0,876.6,2962,2630000.0,360,,2190.0,73.94,new
PERSISTENT,EQ,2026-09-04,5680.0,5724.5,5634.0,5643.0,5643.0,5657.0,302507,1716668999.9999998,22664,,91997.0,30.41,new
PETRONET,EQ,2026-09-04,290.25,292.15,287.8,288.1,288.1,289.5,1412952,409960000.00000006,29476,,939342.0,66.48,new
PFC,EQ,2026-09-04,344.9,357.7,344.0,355.6,355.6,345.5,19206290,6784878000.0,93027,,13384461.0,69.69,new
PFIZER,EQ,2026-09-04,4628.2,4667.9,4575.0,4609.7,4600.0,4643.7,32739,151183000.0,3276,,26779.0,81.8,new
PFOCUS,EQ,2026-09-04,298.95,309.95,289.85,307.0,307.05,291.65,1960283,588947000.0,31885,,984886.0,50.24,new
PFS,EQ,2026-09-04,27.4,27.73,26.75,26.94,26.99,27.11,481425,13082000.0,2116,,265038.0,55.05,new
PGEL,EQ,2026-09-04,554.9,564.0,552.05,562.3,562.3,553.9,990864,554312000.0,20888,,365642.0,36.9,new
PGHH,EQ,2026-09-04,7725.0,7754.5,7659.0,7667.5,7659.0,7725.0,21072,162067000.0,6081,,13346.0,63.34,new
PGHL,EQ,2026-09-04,5757.5,5780.0,5650.0,5660.0,5651.0,5757.5,7255,41205000.0,2559,,4498.0,62.0,new
PGIL,EQ,2026-09-04,2316.7,2329.1,2268.3,2278.3,2277.0,2329.0,82043,187776000.0,13315,,45452.0,55.4,new
PGINVIT,IV,2026-09-04,100.57,101.3,100.01,101.17,101.13,100.5,962443,97001000.0,5825,,788882.0,81.97,new
PHANTOMFX,SM,2026-09-04,112.25,119.8,112.25,116.85,115.5,112.95,31200,3639000.0,51,,27600.0,88.46,new
PHARMABEES,EQ,2026-09-04,27.37,27.6,27.21,27.32,27.3,27.37,4482502,122533999.99999999,10887,,3158540.0,70.46,new
PHOENIXLTD,EQ,2026-09-04,1961.5,1969.3,1935.5,1942.0,1942.0,1960.0,263929,514432000.0,26302,,147347.0,55.83,new
PHOENXINTL,EQ,2026-09-04,32.5,32.5,28.52,29.01,28.9,29.48,5152,153000.0,84,,3389.0,65.78,new
PICCADIL,EQ,2026-09-04,623.6,629.8,612.0,615.75,617.0,620.5,167134,103408999.99999999,9013,,87411.0,52.3,new
PIDILITIND,EQ,2026-09-04,1635.2,1638.3,1625.0,1629.5,1629.5,1638.3,605836,988120000.0000001,20726,,391011.0,64.54,new
PIGL,EQ,2026-09-04,101.8,101.8,98.2,98.78,98.99,99.83,28460,2833000.0,516,,19083.0,67.05,new
PIIND,EQ,2026-09-04,2415.0,2509.0,2410.0,2465.0,2465.0,2419.9,415878,1029374000.0,27586,,151489.0,36.43,new
PILANIINVS,EQ,2026-09-04,4360.0,4375.4,4322.0,4323.8,4322.0,4354.5,699,3034000.0,219,,459.0,65.67,new
PILITA,EQ,2026-09-04,8.27,8.27,7.75,8.02,8.0,7.95,40149,321000.0,139,,29836.0,74.31,new
PINELABS,EQ,2026-09-04,157.4,168.2,155.38,166.37,166.52,156.5,46587163,7653141000.0,205278,,18244788.0,39.16,new
PIONEEREMB,EQ,2026-09-04,21.65,21.7,20.86,21.36,21.6,21.65,62157,1324000.0,139,,50104.0,80.61,new
PIONRINV,BE,2026-09-04,80.0,83.89,76.05,83.89,83.89,80.0,1072,86000.0,22,,,,new
PIRAMALFIN,EQ,2026-09-04,2221.0,2258.3,2201.6,2225.0,2230.0,2232.9,98603,220719000.0,14090,,50355.0,51.07,new
PITTIENG,EQ,2026-09-04,1112.0,1112.0,1073.0,1084.9,1090.0,1105.1,48625,53096000.0,3924,,26026.0,53.52,new
PIXTRANS,EQ,2026-09-04,1799.6,1810.0,1777.0,1791.7,1800.0,1799.4,12505,22411000.0,1710,,6858.0,54.84,new
PKTEA,EQ,2026-09-04,777.7,810.0,740.05,802.65,798.0,751.75,6257,4961000.0,86,,6111.0,97.67,new
PLADAINFO,SM,2026-09-04,10.8,10.85,10.8,10.85,10.85,10.35,15000,162000.0,5,,15000.0,100.0,new
PLASTIBLEN,EQ,2026-09-04,189.47,189.58,186.0,187.91,187.6,188.33,13407,2514000.0,468,,7597.0,56.66,new
PLATIND,EQ,2026-09-04,237.01,237.01,230.0,231.54,232.65,234.45,92532,21495000.0,1706,,61987.0,66.99,new
PLAZACABLE,EQ,2026-09-04,62.75,63.0,60.0,61.32,61.46,62.62,128546,7967000.0,1424,,79719.0,62.02,new
PML,EQ,2026-09-04,493.95,500.0,486.0,488.8,500.0,493.95,57,28000.000000000004,11,,51.0,89.47,new
PNB,EQ,2026-09-04,116.9,118.05,116.45,117.0,117.0,116.32,11160741,1311836000.0,35033,,6196964.0,55.52,new
PNBGILTS,EQ,2026-09-04,78.99,85.5,78.99,83.08,83.3,78.63,2416618,201074000.0,16087,,666265.0,27.57,new
PNBHOUSING,EQ,2026-09-04,1141.1,1195.0,1141.1,1166.0,1166.0,1145.5,923575,1085395000.0,34433,,415527.0,44.99,new
PNC,EQ,2026-09-04,16.45,16.9,16.26,16.72,16.75,16.62,4397,73000.0,101,,4107.0,93.4,new
PNCINFRA,EQ,2026-09-04,182.95,187.5,180.01,183.11,183.0,182.97,499774,91436000.0,9078,,271939.0,54.41,new
PNGJL,EQ,2026-09-04,589.0,614.4,586.7,609.05,609.8,591.25,436673,265105000.00000003,17468,,180370.0,41.31,new
PNGSREVA,EQ,2026-09-04,520.8,523.0,502.05,516.35,518.9,516.3,103324,53120000.00000001,3156,,67078.0,64.92,new
POCL,EQ,2026-09-04,479.7,490.0,475.25,477.8,479.0,476.1,292548,141397000.0,14068,,124558.0,42.58,new
PODDARMENT,EQ,2026-09-04,259.7,260.0,253.1,257.1,257.75,255.6,2908,746000.0,87,,2409.0,82.84,new
POEL,EQ,2026-09-04,143.05,147.94,141.0,142.78,142.9,144.2,51934,7423000.0,928,,44019.0,84.76,new
POKARNA,EQ,2026-09-04,832.2,836.0,811.0,817.15,816.6,831.4,49926,41163000.0,2768,,32251.0,64.6,new
POLICYBZR,EQ,2026-09-04,1848.2,1866.6,1828.7,1836.0,1836.0,1870.0,445054,820287000.0000001,25654,,200169.0,44.98,new
POLYCAB,EQ,2026-09-04,8500.0,8500.0,8250.0,8300.0,8300.0,8807.5,1559741,13025482000.0,162753,,721733.0,46.27,new
POLYMED,EQ,2026-09-04,1760.0,1774.9,1690.1,1702.5,1699.9,1768.7,171700,296233000.0,20605,,89247.0,51.98,new
POLYPLEX,EQ,2026-09-04,1207.9,1207.9,1178.1,1191.0,1188.0,1202.7,72824,86626000.0,2725,,47801.0,65.64,new
POLYSIL,SM,2026-09-04,70.4,70.4,70.4,70.4,70.4,67.05,7000,493000.0,4,,7000.0,100.0,new
POLYSPIN,EQ,2026-09-04,28.0,29.87,28.0,29.64,29.64,28.35,1968,56000.00000000001,21,,1447.0,73.53,new
PONNIERODE,EQ,2026-09-04,402.9,402.9,379.6,382.45,383.4,398.65,31436,12170000.0,1966,,18253.0,58.06,new
POONAWALLA,EQ,2026-09-04,466.55,476.35,464.0,468.45,468.05,465.1,713159,335440000.0,25459,,402831.0,56.49,new
POSITRON,SM,2026-09-04,171.5,181.0,171.0,180.0,181.0,171.0,23400,4128000.0,71,,19800.0,84.62,new
POWERGRID,EQ,2026-09-04,266.9,267.5,265.05,266.0,266.0,265.6,7967122,2120572000.0,60237,,4368863.0,54.84,new
POWERICA,EQ,2026-09-04,519.8,534.0,516.1,525.05,525.0,512.95,291923,153901000.0,8896,,141887.0,48.6,new
POWERINDIA,EQ,2026-09-04,32000.0,32195.0,31545.0,31650.0,31650.0,32000.0,83443,2648167000.0,30096,,39042.0,46.79,new
POWERMECH,EQ,2026-09-04,2399.9,2416.0,2270.1,2306.1,2336.0,2399.8,135843,315523000.0,18425,,72881.0,53.65,new
PPAP,BE,2026-09-04,256.7,263.0,255.8,260.9,261.9,256.7,10692,2783000.0,187,,,,new
PPL,BE,2026-09-04,256.5,263.9,255.1,262.0,262.15,257.4,23505,6119000.0,310,,,,new
PPLPHARMA,EQ,2026-09-04,214.99,217.0,210.52,214.22,213.96,214.49,2618467,558289000.0,27466,,1013777.0,38.72,new
PPSL,SM,2026-09-04,2.8,2.9,2.8,2.85,2.85,2.85,45000,127000.0,11,,33000.0,73.33,new
PRABHA,EQ,2026-09-04,221.99,258.4,218.81,230.6,234.99,220.97,11908766,2898375000.0,138252,,1745729.0,14.66,new
PRADPME,BE,2026-09-04,497.45,500.0,486.0,491.6,490.0,497.45,11144,5474000.0,97,,,,new
PRAENG,EQ,2026-09-04,25.49,26.1,24.36,24.69,24.63,25.75,154995,3901000.0,492,,119751.0,77.26,new
PRAJIND,EQ,2026-09-04,339.95,343.35,333.65,335.55,335.0,341.6,425298,143229000.0,10510,,207432.0,48.77,new
PRAKASH,EQ,2026-09-04,124.16,126.79,123.11,125.63,126.0,123.66,297033,37243000.0,3287,,130094.0,43.8,new
PRAKASHSTL,EQ,2026-09-04,3.65,3.9,3.65,3.82,3.83,3.65,213981,809000.0,354,,142745.0,66.71,new
PRAMARA,SM,2026-09-04,102.45,104.85,101.25,102.25,102.95,103.25,6500,667000.0,11,,4000.0,61.54,new
PRAMODINI,SM,2026-09-04,115.0,116.95,114.05,114.8,114.5,115.25,46800,5413000.0,35,,36000.0,76.92,new
PRANIK,SM,2026-09-04,41.45,47.85,41.45,47.85,47.85,39.9,43200,2041000.0,22,,43200.0,100.0,new
PRATHAM,SM,2026-09-04,119.0,119.0,119.0,119.0,119.0,120.0,1200,143000.0,1,,1200.0,100.0,new
PRAVEG,EQ,2026-09-04,263.0,273.4,261.0,266.15,265.0,260.4,28429,7583000.0,1605,,15278.0,53.74,new
PRAXIS,EQ,2026-09-04,4.46,4.65,4.45,4.65,4.65,4.43,292373,1346000.0,210,,286466.0,97.98,new
PRECAM,EQ,2026-09-04,122.65,126.0,122.47,124.02,124.4,122.1,118929,14711000.000000002,2612,,60739.0,51.07,new
PRECISION,ST,2026-09-04,6.5,6.5,6.5,6.5,6.5,6.45,2000,13000.0,1,,2000.0,100.0,new
PRECOT,EQ,2026-09-04,700.9,709.95,677.15,698.05,692.0,699.9,2308,1613000.0,147,,1811.0,78.47,new
PRECWIRE,EQ,2026-09-04,491.75,501.85,469.55,472.8,472.0,487.85,830119,402086000.0,28644,,235058.0,28.32,new
PREMCO,EQ,2026-09-04,388.0,392.0,385.45,390.95,390.95,385.55,2051,792000.0,39,,2007.0,97.85,new
PREMEXPLN,EQ,2026-09-04,665.0,672.0,663.0,664.0,664.0,666.35,305895,203733000.0,2677,,232439.0,75.99,new
PREMIER,BE,2026-09-04,2.7,2.77,2.57,2.75,2.75,2.64,8850,24000.0,34,,,,new
PREMIERENE,EQ,2026-09-04,1002.5,1008.8,996.0,1002.0,1002.0,1008.0,1046394,1046345000.0000001,23550,,607796.0,58.08,new
PREMIERPOL,EQ,2026-09-04,93.5,98.8,87.21,95.36,96.0,92.35,1113475,105573000.0,12281,,264384.0,23.74,new
PREMIUM,SM,2026-09-04,41.25,42.2,38.0,38.0,38.0,41.2,21000,867000.0,7,,21000.0,100.0,new
PRESSTONIC,SM,2026-09-04,35.0,35.0,32.4,33.05,32.95,34.3,55200,1832999.9999999998,46,,44000.0,79.71,new
PRESTIGE,EQ,2026-09-04,1620.1,1646.6,1565.2,1587.0,1587.0,1615.2,588022,941515000.0,23708,,190247.0,32.35,new
PRICOLLTD,EQ,2026-09-04,768.2,772.6,753.2,764.95,763.0,768.4,246508,188014000.0,15204,,118278.0,47.98,new
PRIMECAB,ST,2026-09-04,198.0,209.35,194.0,197.5,197.5,200.0,25600,5069000.0,16,,25600.0,100.0,new
PRIMESECU,EQ,2026-09-04,288.85,291.05,281.25,284.5,281.65,290.2,24727,7033000.0,423,,18973.0,76.73,new
PRIMO,EQ,2026-09-04,20.94,21.89,20.4,21.27,21.19,20.68,157678,3329000.0,1031,,94129.0,59.7,new
PRINCEPIPE,EQ,2026-09-04,284.5,291.5,281.5,283.0,284.0,289.5,140756,39970000.0,3824,,67400.0,47.88,new
PRIORITY,BE,2026-09-04,230.0,241.5,230.0,241.5,241.5,200.0,1959092,457566000.0,16280,,,,new
PRISMX,EQ,2026-09-04,0.52,0.56,0.52,0.55,0.56,0.52,111170,60000.0,126,,96526.0,86.83,new
PRITI,BE,2026-09-04,34.05,34.05,32.51,33.89,33.95,33.35,4101,137000.0,59,,,,new
PRITIKAUTO,BE,2026-09-04,15.96,16.4,15.75,16.27,16.26,16.28,189451,3041000.0,387,,,,new
PRIVISCL,EQ,2026-09-04,3410.0,3410.6,3350.0,3367.3,3400.7,3373.5,42021,142089000.0,6916,,28011.0,66.66,new
PRIZOR,ST,2026-09-04,1161.0,1200.4,1161.0,1200.4,1200.4,1176.9,6400,7594000.0,16,,6400.0,100.0,new
PRLIND,SM,2026-09-04,38.65,39.0,37.6,38.05,38.2,38.85,102000,3895000.0000000005,83,,72000.0,70.59,new
PROFX,SM,2026-09-04,77.0,77.0,77.0,77.0,77.0,76.1,1600,123000.0,1,,1600.0,100.0,new
PROLIFE,SM,2026-09-04,78.0,79.0,78.0,79.0,79.0,79.0,1000,79000.0,2,,1000.0,100.0,new
PROPEQUITY,SM,2026-09-04,229.95,230.0,225.0,225.0,225.0,210.0,3600,824000.0,6,,3000.0,83.33,new
PROPSHOP,SM,2026-09-04,69.0,72.0,66.05,70.1,70.1,69.6,174000,12086000.0,44,,158000.0,90.8,new
PROSTARM,EQ,2026-09-04,131.15,138.0,129.38,134.73,137.0,129.73,275346,36585000.0,2776,,155111.0,56.33,new
PROTEAN,EQ,2026-09-04,497.0,503.0,489.35,496.3,501.0,494.8,385965,191248000.0,10626,,229454.0,59.45,new
PROV,SM,2026-09-04,1875.0,1925.0,1875.0,1910.0,1910.0,1875.0,240,457000.0,3,,240.0,100.0,new
PROZONER,EQ,2026-09-04,46.02,50.7,45.75,49.76,49.9,46.42,722413,35256000.0,3869,,384087.0,53.17,new
PRSMJOHNSN,EQ,2026-09-04,111.16,112.22,111.0,111.12,111.0,111.31,167167,18623000.0,2108,,105633.0,63.19,new
PRUDENT,EQ,2026-09-04,3328.4,3358.5,3200.0,3347.6,3350.0,3328.5,53800,177108000.0,11099,,31127.0,57.86,new
PRUDMOULI,BE,2026-09-04,16.5,16.5,15.85,16.25,16.25,16.49,4362,70000.0,40,,,,new
PSB,EQ,2026-09-04,23.19,23.45,22.99,23.23,23.31,23.05,1431638,33264999.999999996,4731,,706626.0,49.36,new
PSFL,SM,2026-09-04,33.1,34.0,33.05,34.0,34.0,33.0,42000,1402000.0,12,,38000.0,90.48,new
PSPPROJECT,EQ,2026-09-04,868.0,887.9,862.0,875.5,884.0,861.95,51382,44915000.0,3446,,23370.0,45.48,new
PSRAJ,ST,2026-09-04,77.2,84.0,77.2,83.95,84.0,80.0,50000,4133000.0,15,,47500.0,95.0,new
PSUBANK,EQ,2026-09-04,85.6,86.18,85.3,85.53,85.91,85.36,235393,20145000.0,664,,115978.0,49.27,new
PSUBANKADD,EQ,2026-09-04,87.95,87.95,86.11,86.43,86.78,86.59,13572,1176000.0,213,,5589.0,41.18,new
PSUBNKBEES,EQ,2026-09-04,95.7,96.2,95.34,95.45,95.67,95.68,1284747,122938000.00000001,4088,,865377.0,67.36,new
PSUBNKIETF,EQ,2026-09-04,86.73,87.2,86.18,86.53,87.03,86.56,155480,13484000.0,748,,74374.0,47.84,new
PTC,EQ,2026-09-04,155.34,156.8,155.25,156.29,156.5,155.25,849440,132485999.99999999,9419,,520431.0,61.27,new
PTCIL,EQ,2026-09-04,23705.0,24125.0,23410.0,23830.0,23680.0,23820.0,65344,1557565000.0,24412,,25515.0,39.05,new
PTL,EQ,2026-09-04,38.64,39.25,38.25,38.74,38.55,38.22,62624,2431000.0,985,,46938.0,74.95,new
PULZ,SM,2026-09-04,22.4,22.4,22.05,22.1,22.05,22.95,16000,355000.0,7,,16000.0,100.0,new
PUNJABCHEM,EQ,2026-09-04,1099.7,1110.1,1087.1,1100.3,1106.0,1097.0,2842,3134000.0,295,,1731.0,60.91,new
PURPLEUTED,ST,2026-09-04,400.0,416.45,400.0,416.2,416.45,396.65,40750,16713999.999999998,115,,39750.0,97.55,new
PURVA,EQ,2026-09-04,215.0,236.0,215.0,230.72,227.5,211.09,17390475,4000965000.0,139958,,636437.0,3.66,new
PURVFLEXI,SM,2026-09-04,45.8,47.0,45.8,45.8,45.8,48.2,11200,515000.00000000006,10,,10400.0,92.86,new
PUSHPA,SM,2026-09-04,106.55,108.95,106.25,108.95,108.95,110.0,8000,860000.0,8,,7000.0,87.5,new
PVP,EQ,2026-09-04,64.89,68.14,62.11,67.94,68.14,64.9,5145513,339809000.0,15960,,2011996.0,39.1,new
PVRINOX,EQ,2026-09-04,1216.0,1232.8,1215.0,1227.2,1230.0,1247.5,213587,261244000.0,19534,,110878.0,51.91,new
PVSL,EQ,2026-09-04,104.95,104.95,101.4,102.63,102.0,103.54,28205,2886000.0,581,,22995.0,81.53,new
PVTBANIETF,EQ,2026-09-04,28.26,28.35,28.06,28.17,28.22,28.15,672096,18934000.0,1009,,364791.0,54.28,new
PVTBANK,EQ,2026-09-04,27.92,28.0,27.91,28.0,28.0,27.85,722,20000.0,9,,722.0,100.0,new
PVTBANKADD,EQ,2026-09-04,28.37,28.4,28.24,28.34,28.4,28.38,17724,501999.99999999994,85,,7130.0,40.23,new
PVTBKGROWW,EQ,2026-09-04,28.19,28.19,27.69,27.92,27.7,27.74,7168,200000.0,114,,4139.0,57.74,new
PWL,EQ,2026-09-04,123.37,130.7,123.03,126.42,126.74,120.6,62160413,7880950000.0,264548,,13985728.0,22.5,new
PYRAMID,EQ,2026-09-04,156.5,156.5,151.88,153.83,152.56,154.87,60009,9207000.0,990,,41380.0,68.96,new
QGOLDHALF,EQ,2026-09-04,127.39,128.96,127.1,127.62,127.6,126.98,315196,40246000.0,1196,,189448.0,60.1,new
QLINE,SM,2026-09-04,637.6,655.0,635.0,639.6,640.0,637.6,64400,41382000.0,150,,52000.0,80.75,new
QMSMEDI,BE,2026-09-04,163.7,163.7,152.0,158.97,158.95,159.07,14456,2264000.0,140,,,,new
QNIFTY,EQ,2026-09-04,270.24,270.24,262.8,264.15,264.4,263.65,2823,745000.0,154,,1231.0,43.61,new
QPOWER,EQ,2026-09-04,1435.0,1495.3,1431.2,1495.3,1495.3,1424.1,228191,338344000.0,13078,,131586.0,57.66,new
QUADFUTURE,EQ,2026-09-04,427.0,439.0,415.1,417.9,420.95,425.6,294130,124380000.0,7422,,138414.0,47.06,new
QUADPRO,SM,2026-09-04,2.5,2.5,2.5,2.5,2.5,2.45,24000,60000.0,1,,24000.0,100.0,new
QUAL30IETF,EQ,2026-09-04,21.19,21.39,21.03,21.12,21.13,21.07,76847,1620000.0,212,,60792.0,79.11,new
QUALITY30,EQ,2026-09-04,20.67,20.8,20.65,20.65,20.72,20.75,7309,151000.0,45,,6330.0,86.61,new
QUESS,EQ,2026-09-04,367.0,367.0,343.7,354.75,355.5,366.55,974018,341996000.0,29950,,277846.0,28.53,new
QUESTLAB,SM,2026-09-04,85.05,85.5,84.9,85.5,85.5,84.8,6000,509999.99999999994,4,,4800.0,80.0,new
QUICKHEAL,BE,2026-09-04,137.14,141.0,136.0,140.94,141.0,137.14,56701,7916000.0,594,,,,new
QUICKTOUCH,SM,2026-09-04,14.7,16.0,14.7,16.0,16.0,15.25,5000,78000.0,9,,4500.0,90.0,new
QUINT,EQ,2026-09-04,41.0,41.35,39.03,40.68,41.35,39.91,9343,374000.0,86,,8566.0,91.68,new
RACE,EQ,2026-09-04,98.31,102.29,98.31,99.3,99.05,100.94,72608,7300000.0,195,,69460.0,95.66,new
RACLGEAR,EQ,2026-09-04,1575.0,1617.9,1544.7,1576.1,1585.0,1558.8,47944,76131000.0,5411,,20773.0,43.33,new
RADAAN,EQ,2026-09-04,3.05,3.11,2.82,2.97,2.97,2.89,44053,130000.0,113,,30274.0,68.72,new
RADHIKAJWE,EQ,2026-09-04,71.55,85.0,71.55,83.16,84.2,71.32,14544177,1179994000.0,82624,,2353621.0,16.18,new
RADIANTCMS,EQ,2026-09-04,40.22,45.25,40.22,41.78,42.19,39.87,1713450,73368000.0,7743,,893814.0,52.16,new
RADICO,EQ,2026-09-04,4536.4,4559.8,4444.0,4494.0,4494.0,4559.0,205308,919698000.0,29577,,116483.0,56.74,new
RADIOCITY,EQ,2026-09-04,6.21,6.38,6.21,6.28,6.3,6.24,60215,378000.0,128,,54451.0,90.43,new
RADIOWALLA,ST,2026-09-04,28.7,28.7,28.7,28.7,28.7,30.2,8000,229999.99999999997,4,,6400.0,80.0,new
RAILTEL,EQ,2026-09-04,270.8,273.9,270.0,271.05,272.0,270.9,401507,109093000.0,9571,,115757.0,28.83,new
RAIN,EQ,2026-09-04,212.6,217.3,210.1,215.72,214.98,211.71,4009182,859119000.0,27891,,1312124.0,32.73,new
RAINBOW,EQ,2026-09-04,1460.0,1460.0,1432.3,1447.2,1445.0,1440.8,49513,71467000.0,8665,,22539.0,45.52,new
RAJESHEXPO,BZ,2026-09-04,86.4,86.6,82.2,83.02,82.9,83.46,234404,19927000.0,2518,,,,new
RAJINDLTD,SM,2026-09-04,62.05,63.0,62.05,63.0,63.0,63.55,3000,188000.0,2,,1500.0,50.0,new
RAJMET,EQ,2026-09-04,3.16,3.18,3.1,3.15,3.18,3.11,289526,910000.0,650,,215805.0,74.54,new
RAJOOENG,BE,2026-09-04,49.62,51.59,49.0,51.59,51.59,49.14,412844,21057000.0,1244,,,,new
RAJPALAYAM,EQ,2026-09-04,800.0,809.8,795.0,795.3,795.9,799.7,1199,955000.0000000001,51,,1022.0,85.24,new
RAJPUTANA,SM,2026-09-04,220.0,221.0,217.0,219.95,219.95,216.55,6000,1315000.0,9,,5500.0,91.67,new
RAJRATAN,EQ,2026-09-04,495.15,504.9,488.0,498.35,503.0,495.1,99899,49317000.0,3471,,42948.0,42.99,new
RAJRILTD,BE,2026-09-04,21.88,22.44,21.88,22.09,22.09,22.32,3031,67000.0,51,,,,new
RAJSREESUG,EQ,2026-09-04,37.14,37.14,35.35,35.47,35.55,36.43,29765,1063000.0,461,,17126.0,57.54,new
RAJTV,EQ,2026-09-04,8.21,8.5,8.07,8.07,8.07,8.49,220386,1780999.9999999998,305,,218186.0,99.0,new
RALLIS,EQ,2026-09-04,210.0,212.51,208.36,208.82,209.1,209.83,361939,75916000.0,9082,,189702.0,52.41,new
RAMANEWS,EQ,2026-09-04,32.96,32.96,31.66,31.75,31.9,32.35,4990,159000.0,89,,4508.0,90.34,new
RAMAPHO,EQ,2026-09-04,125.5,125.65,123.01,123.48,123.5,124.01,11962,1482000.0,312,,7417.0,62.0,new
RAMASTEEL,BE,2026-09-04,4.06,4.06,4.02,4.02,4.02,4.09,1376297,5559000.0,2146,,,,new
RAMBHAJO,EQ,2026-09-04,249.9,268.68,247.06,268.68,268.68,244.26,1915247,500788000.0,24492,,624633.0,32.61,new
RAMCOCEM,EQ,2026-09-04,882.6,894.0,873.8,884.5,882.0,879.15,98361,87137000.0,9195,,41726.0,42.42,new
RAMCOIND,EQ,2026-09-04,326.0,329.7,320.3,323.25,323.95,324.0,105342,34183000.0,2055,,55859.0,53.03,new
RAMCOSYS,EQ,2026-09-04,598.4,615.85,596.5,611.2,610.0,586.55,217405,132189000.00000001,6491,,92688.0,42.63,new
RAMKY,EQ,2026-09-04,354.0,354.0,343.6,347.4,348.2,351.35,33996,11803000.0,1149,,23103.0,67.96,new
RAMRAT,EQ,2026-09-04,563.6,574.3,555.2,560.65,561.25,560.8,342804,193274000.0,19311,,148506.0,43.32,new
RANASUG,EQ,2026-09-04,15.15,15.21,14.72,14.8,14.76,15.15,346950,5160000.0,740,,259897.0,74.91,new
RANEHOLDIN,EQ,2026-09-04,1635.3,1740.0,1623.5,1651.1,1645.0,1635.3,102623,173124000.0,10412,,23016.0,22.43,new
RAPIDFLEET,SM,2026-09-04,233.15,234.1,233.0,233.0,233.0,232.0,23400,5460000.0,34,,3600.0,15.38,new
RATEGAIN,EQ,2026-09-04,870.0,888.45,845.0,851.15,852.0,869.75,551109,473112000.0,24016,,295157.0,53.56,new
RATNAMANI,EQ,2026-09-04,2661.0,2748.0,2656.2,2727.0,2730.0,2669.7,72730,197169000.0,13147,,27894.0,38.35,new
RATNAVEER,EQ,2026-09-04,289.0,308.25,288.95,304.75,308.0,286.1,4493978,1352427000.0,29102,,1285149.0,28.6,new
RAYMOND,EQ,2026-09-04,752.3,756.8,733.05,740.85,741.55,757.9,1867268,1396758000.0,48935,,366372.0,19.62,new
RAYMONDLSL,EQ,2026-09-04,647.95,683.95,647.0,663.65,664.9,647.85,335816,223939000.0,21448,,154537.0,46.02,new
RAYMONDREL,EQ,2026-09-04,542.5,559.0,524.0,529.15,532.9,536.75,936640,508150000.0,20735,,450950.0,48.15,new
RBA,EQ,2026-09-04,98.47,101.16,96.5,97.15,96.85,97.89,2606009,257215000.0,14332,,1210836.0,46.46,new
RBLBANK,EQ,2026-09-04,409.0,417.05,406.7,414.35,414.35,408.1,7858699,3252233000.0,86651,,3978361.0,50.62,new
RBMINFRA,SM,2026-09-04,244.4,245.6,233.0,236.9,236.0,244.4,10000,2398000.0,41,,7400.0,74.0,new
RBS,SM,2026-09-04,88.5,90.75,88.0,88.1,88.0,88.5,5600,496000.0,6,,4800.0,85.71,new
RBZJEWEL,EQ,2026-09-04,197.0,204.7,194.0,200.69,201.4,191.68,6929954,1384660000.0,72876,,780630.0,11.26,new
RCDL,SM,2026-09-04,15.05,15.5,14.1,14.15,14.1,15.65,123000,1782999.9999999998,35,,111000.0,90.24,new
RCDL-RE,ST,2026-09-04,2.5,2.5,2.3,2.45,2.35,2.1,342000,850000.0,70,,339000.0,99.12,new
RCF,EQ,2026-09-04,115.2,116.24,114.2,114.92,115.02,114.52,1043164,120317000.0,9443,,454941.0,43.61,new
RCOM,BE,2026-09-04,0.8,0.82,0.79,0.81,0.81,0.79,3829914,3076000.0,1799,,,,new
READYMIX,SM,2026-09-04,78.85,78.85,74.65,76.0,74.65,78.2,21000,1611000.0,21,,9000.0,42.86,new
RECLTD,EQ,2026-09-04,313.6,320.2,313.2,318.7,318.7,313.6,5894088,1865281000.0000002,34787,,3336151.0,56.6,new
REDINGTON,EQ,2026-09-04,374.4,378.8,367.2,371.3,371.3,372.45,3554885,1318349000.0,44267,,1625525.0,45.73,new
REDTAPE,EQ,2026-09-04,118.9,121.9,117.6,120.43,121.0,117.48,423314,50978000.0,4359,,272188.0,64.3,new
REFEX,EQ,2026-09-04,279.05,288.2,279.05,282.55,282.45,279.25,249214,70742000.0,4885,,103586.0,41.57,new
REFRACTORY,SM,2026-09-04,24.65,25.35,24.25,25.25,25.25,25.5,45000,1097000.0,14,,41000.0,91.11,new
REGAAL,EQ,2026-09-04,89.76,92.69,87.5,88.51,88.29,89.17,576781,51874000.0,2770,,177426.0,30.76,new
REGENCERAM,EQ,2026-09-04,38.2,38.2,34.41,34.86,34.68,36.47,1624,57999.99999999999,58,,1028.0,63.3,new
RELAXO,EQ,2026-09-04,345.95,346.9,342.75,344.75,345.7,343.95,48646,16777000.000000002,2871,,18561.0,38.16,new
RELCHEMQ,EQ,2026-09-04,113.85,118.0,113.85,116.73,117.85,116.77,1295,150000.0,67,,619.0,47.8,new
RELIABLE,EQ,2026-09-04,141.2,141.54,139.21,140.88,141.2,141.26,15018,2114000.0,654,,1575.0,10.49,new
RELIANCE,EQ,2026-09-04,1304.1,1333.0,1304.1,1322.0,1322.0,1302.5,13031534,17283588000.0,181295,,8600946.0,66.0,new
RELIGARE,EQ,2026-09-04,251.0,258.4,248.11,257.08,256.8,251.89,1795582,453550000.0,16103,,1030654.0,57.4,new
RELINFRA,BE,2026-09-04,55.9,57.02,54.8,57.02,57.02,55.91,198794,11157000.0,1111,,,,new
RELTD,EQ,2026-09-04,160.0,162.0,157.97,161.37,159.8,159.15,124230,19820000.0,1896,,76356.0,61.46,new
REMSONSIND,EQ,2026-09-04,93.69,99.9,93.69,99.35,99.2,95.05,158912,15606000.0,3980,,92773.0,58.38,new
REMUS,SM,2026-09-04,886.05,906.0,886.05,890.05,888.0,894.1,3000,2685000.0,25,,2200.0,73.33,new
RENUKA,EQ,2026-09-04,24.3,24.66,23.46,24.04,24.14,24.27,13578560,323172000.0,19992,,4115787.0,30.31,new
REPCOHOME,EQ,2026-09-04,358.1,361.95,356.15,358.75,359.95,355.75,41434,14865000.0,1032,,24295.0,58.64,new
REPL,BE,2026-09-04,62.75,68.0,62.75,63.19,64.39,65.96,8034,509000.0,84,,,,new
REPRO,EQ,2026-09-04,326.7,326.7,317.0,319.45,322.0,323.15,4692,1501000.0,290,,3122.0,66.54,new
RESPONIND,EQ,2026-09-04,151.25,176.14,150.37,154.9,151.99,151.87,40184929,6773146000.000001,227735,,1184079.0,2.95,new
RETAIL,EQ,2026-09-04,17.1,17.44,16.5,17.24,17.24,17.45,2441,41000.0,44,,1712.0,70.14,new
RGL,EQ,2026-09-04,137.94,150.38,137.89,149.26,149.35,137.12,3035236,447381000.00000006,26139,,893218.0,29.43,new
RHETAN,EQ,2026-09-04,25.42,25.42,25.41,25.42,25.42,23.11,5456321,138675000.0,2223,,4410090.0,80.83,new
RHFL,BZ,2026-09-04,1.76,1.83,1.76,1.82,1.83,1.79,474713,857000.0,900,,,,new
RHIM,EQ,2026-09-04,372.6,373.8,369.0,371.35,371.7,369.75,97629,36250000.0,3202,,55931.0,57.29,new
RHL,EQ,2026-09-04,167.15,174.79,166.2,167.89,166.6,167.6,1284,216000.0,45,,914.0,71.18,new
RICHA,ST,2026-09-04,78.0,78.0,78.0,78.0,78.0,81.0,1000,78000.0,1,,1000.0,100.0,new
RICOAUTO,EQ,2026-09-04,126.95,131.75,126.6,130.46,131.3,126.49,1119592,144761000.0,9451,,360533.0,32.2,new
RIIL,EQ,2026-09-04,757.0,762.75,748.1,750.95,748.15,752.95,42420,31998000.0,1815,,13812.0,32.56,new
RIIT,IV,2026-09-04,122.4,122.4,121.41,121.57,121.57,121.4,56392,6856000.0,1261,,53875.0,95.54,new
RILINFRA,SM,2026-09-04,36.0,36.0,35.05,35.15,35.2,35.1,4900,173000.0,25,,4400.0,89.8,new
RIR,EQ,2026-09-04,158.0,175.45,158.0,169.86,174.49,157.58,335333,56130999.99999999,3982,,192291.0,57.34,new
RISHABH,EQ,2026-09-04,738.0,750.0,714.6,738.45,743.5,734.95,208178,152031000.0,8827,,91254.0,43.83,new
RITCO,EQ,2026-09-04,302.6,304.6,298.55,301.8,302.0,301.0,112935,34222000.0,1065,,75074.0,66.48,new
RITES,EQ,2026-09-04,214.0,217.2,214.0,215.8,216.0,213.78,278299,59999000.0,7183,,94196.0,33.85,new
RITEZONE,SM,2026-09-04,20.5,20.5,20.5,20.5,20.5,19.65,3200,66000.0,2,,3200.0,100.0,new
RKDL,EQ,2026-09-04,18.14,18.74,18.14,18.39,18.36,18.32,7502,140000.0,97,,6875.0,91.64,new
RKEC,EQ,2026-09-04,21.67,22.59,19.9,21.73,21.5,21.64,65608,1397000.0,431,,38755.0,59.07,new
RKFORGE,EQ,2026-09-04,732.5,732.5,689.45,700.85,701.95,726.85,1116062,785299000.0,32766,,568344.0,50.92,new
RKSWAMY,EQ,2026-09-04,92.5,94.69,91.7,94.25,94.0,92.0,16462,1544000.0,439,,12135.0,73.72,new
RMC,EQ,2026-09-04,225.3,236.0,224.41,233.54,233.5,225.97,40561,9354000.0,1963,,20818.0,51.33,new
RMDRIP,BE,2026-09-04,21.4,21.8,21.0,21.13,21.1,21.0,262979,5561000.0,528,,,,new
RML,EQ,2026-09-04,1127.5,1333.0,1125.1,1295.9,1295.4,1127.4,2195205,2841885000.0,80830,,169795.0,7.73,new
RNBDENIMS,EQ,2026-09-04,10.81,10.81,10.27,10.27,10.27,10.81,424488,4384000.0,764,,222972.0,52.53,new
RNFI,SM,2026-09-04,303.0,309.3,297.1,299.15,299.0,299.75,100200,30242000.0,93,,84600.0,84.43,new
RNPL,SM,2026-09-04,82.0,83.0,79.0,79.0,79.0,81.5,7200,590000.0,6,,1200.0,16.67,new
ROCKINGDCE,SM,2026-09-04,220.0,239.8,216.9,234.25,235.0,227.15,9000,2080000.0,35,,5500.0,61.11,new
ROCKPP,E1,2026-09-04,64.0,64.0,64.0,64.0,64.0,70.0,2000,128000.0,2,,2000.0,100.0,new
ROHLTD,EQ,2026-09-04,298.0,305.2,297.0,298.55,297.0,298.5,7153,2141000.0,361,,4327.0,60.49,new
ROLEXRINGS,EQ,2026-09-04,176.0,176.36,171.0,171.72,172.6,174.83,743997,128892000.0,9140,,357159.0,48.01,new
ROLLT,BE,2026-09-04,4.35,4.37,4.17,4.37,4.37,4.17,470102,2050000.0,234,,,,new
ROML,EQ,2026-09-04,42.2,42.8,41.31,42.0,42.42,42.35,11538,484999.99999999994,77,,10789.0,93.51,new
ROSSARI,EQ,2026-09-04,461.0,468.25,456.1,460.25,461.0,457.0,83247,38335000.0,3103,,47974.0,57.63,new
ROSSELLIND,EQ,2026-09-04,57.8,58.05,55.99,56.96,57.0,57.67,77117,4393000.0,764,,41166.0,53.38,new
ROSSTECH,EQ,2026-09-04,1116.3,1168.0,1116.3,1150.5,1152.8,1116.3,234989,269560000.0,13499,,98346.0,41.85,new
ROTO,EQ,2026-09-04,64.45,65.9,63.6,65.03,64.89,63.76,233711,15066000.0,3407,,100303.0,42.92,new
ROUTE,EQ,2026-09-04,503.65,508.0,500.5,501.55,501.8,503.65,76123,38336000.0,3141,,31616.0,41.53,new
ROXHITECH,SM,2026-09-04,46.05,47.6,46.05,46.3,46.25,47.5,24000,1127000.0,15,,17600.0,73.33,new
RPEL,EQ,2026-09-04,1889.8,1943.7,1778.4,1807.2,1800.0,1885.2,209791,389159000.0,27169,,72149.0,34.39,new
RPGLIFE,EQ,2026-09-04,2652.4,2739.0,2638.9,2721.6,2720.2,2652.4,20463,55050000.0,2723,,9460.0,46.23,new
RPOWER,EQ,2026-09-04,22.11,22.32,22.04,22.08,22.17,22.03,13517969,299362000.0,23383,,5044794.0,37.32,new
RPPINFRA,EQ,2026-09-04,55.65,55.68,53.77,54.14,54.0,55.04,32609,1782999.9999999998,614,,22241.0,68.21,new
RPPL,BE,2026-09-04,22.45,23.5,22.1,23.29,23.3,22.57,15868,363000.0,62,,,,new
RPSGVENT,EQ,2026-09-04,836.55,872.85,829.0,831.4,829.0,833.3,23012,19497000.0,1386,,11867.0,51.57,new
RPTECH,EQ,2026-09-04,814.0,833.0,811.5,823.65,824.8,815.65,158904,130688000.00000001,9903,,83181.0,52.35,new
RRECL,EQ,2026-09-04,138.0,138.0,129.99,136.83,136.83,138.37,309,41000.0,12,,285.0,92.23,new
RRIL,EQ,2026-09-04,16.99,17.0,16.5,16.66,16.8,16.71,18631,311000.0,113,,14660.0,78.69,new
RRKABEL,EQ,2026-09-04,2550.0,2609.0,2374.4,2454.1,2458.0,2617.7,2596720,6401107000.0,180021,,784190.0,30.2,new
RSDFIN,BE,2026-09-04,105.1,105.1,95.22,96.75,100.64,100.11,2026,200000.0,40,,,,new
RSL,EQ,2026-09-04,182.93,184.89,181.1,181.5,182.0,181.56,337269,61710000.0,3608,,139514.0,41.37,new
RSSOFTWARE,EQ,2026-09-04,30.1,31.4,29.5,30.61,30.9,29.91,50380,1547000.0,354,,34197.0,67.88,new
RSWM,BE,2026-09-04,218.0,226.5,217.99,220.63,220.1,217.28,67600,14981000.0,999,,,,new
RSYSTEMS,EQ,2026-09-04,252.5,257.5,251.0,256.12,256.89,252.64,203978,52004999.99999999,3980,,118907.0,58.29,new
RTNINDIA,EQ,2026-09-04,27.63,28.13,27.63,27.82,27.8,27.43,1727353,48087000.0,5278,,762024.0,44.12,new
RTNPOWER,EQ,2026-09-04,7.24,7.39,7.23,7.36,7.37,7.24,13604316,99367000.0,12534,,6192554.0,45.52,new
RTSPOWR,EQ,2026-09-04,92.21,99.0,87.1,88.08,90.0,90.4,2343,212000.0,62,,1924.0,82.12,new
RUBFILA,EQ,2026-09-04,66.42,72.0,66.05,70.69,70.75,66.42,76949,5385000.0,666,,60337.0,78.41,new
RUBICON,EQ,2026-09-04,1788.8,1792.0,1752.2,1768.3,1763.0,1775.7,113571,201117000.0,10409,,45975.0,40.48,new
RUBYMILLS,BE,2026-09-04,415.0,429.5,408.0,428.3,429.0,409.05,23319,9870000.0,467,,,,new
RUCHINFRA,EQ,2026-09-04,6.0,6.11,5.51,5.82,5.75,6.04,367135,2137000.0,1086,,185147.0,50.43,new
RUCHIRA,EQ,2026-09-04,105.5,108.0,105.0,107.5,107.72,105.12,61272,6519000.0,1077,,42755.0,69.78,new
RUDRA,EQ,2026-09-04,20.3,20.8,20.3,20.33,20.35,20.38,25195,515000.00000000006,157,,12546.0,49.8,new
RULKA,SM,2026-09-04,105.4,110.9,105.4,106.25,106.25,109.6,3300,360000.0,6,,3000.0,90.91,new
RUPA,EQ,2026-09-04,144.43,145.4,143.05,144.49,144.81,144.43,81141,11680000.0,2556,,45438.0,56.0,new
RUSHIL,EQ,2026-09-04,16.2,16.46,15.66,16.01,15.98,16.18,247963,3995000.0000000005,822,,163016.0,65.74,new
RUSTOMJEE,EQ,2026-09-04,381.75,381.75,372.25,373.95,372.35,381.75,27990,10526000.0,1208,,16579.0,59.23,new
RVHL,EQ,2026-09-04,39.87,40.0,38.25,39.84,40.0,39.09,8503,336000.0,93,,8365.0,98.38,new
RVNL,EQ,2026-09-04,211.0,214.18,209.62,212.49,212.49,209.3,6287421,1333587000.0,44145,,1076525.0,17.12,new
RVTH,EQ,2026-09-04,729.0,743.9,729.0,734.45,740.0,729.05,277,202000.0,18,,273.0,98.56,new
S&SPOWER,EQ,2026-09-04,317.9,327.8,310.05,323.95,327.8,319.85,1826,580000.0,201,,1336.0,73.17,new
SAAKSHI,ST,2026-09-04,300.0,321.0,300.0,317.3,321.0,312.0,15000,4645000.0,20,,12600.0,84.0,new
SAATVIKGL,EQ,2026-09-04,422.5,428.4,417.1,424.4,421.0,421.65,40616,17161000.0,1453,,19897.0,48.99,new
SAB,EQ,2026-09-04,183.0,183.75,183.0,183.5,183.5,175.0,365,67000.0,6,,345.0,94.52,new
SABAR,ST,2026-09-04,9.5,9.5,9.5,9.5,9.5,9.05,55000,523000.00000000006,8,,55000.0,100.0,new
SACHEEROME,SM,2026-09-04,456.0,490.1,455.0,485.25,483.0,455.45,47400,22542000.0,100,,36000.0,75.95,new
SADBHAV,EQ,2026-09-04,8.03,8.35,8.01,8.15,8.23,8.03,131919,1072000.0,298,,96168.0,72.9,new
SADBHIN,BE,2026-09-04,2.51,2.57,2.51,2.55,2.56,2.53,60912,155000.0,120,,,,new
SADHAV,SM,2026-09-04,111.0,112.5,109.55,110.65,109.55,111.95,9000,997000.0000000001,15,,5400.0,60.0,new
SADHNANIQ,BE,2026-09-04,2.7,2.72,2.7,2.72,2.72,2.67,462137,1255000.0,138,,,,new
SAFARI,EQ,2026-09-04,1509.5,1550.1,1508.3,1540.4,1543.9,1509.5,23964,36874000.0,2670,,12589.0,52.53,new
SAFEENTP,SM,2026-09-04,274.0,279.75,271.0,273.0,271.0,277.2,31000,8522000.0,58,,21000.0,67.74,new
SAGARDEEP,EQ,2026-09-04,23.76,24.0,23.53,23.62,23.6,23.76,5256,125000.0,70,,2522.0,47.98,new
SAGCEM,EQ,2026-09-04,156.01,157.04,152.25,152.86,152.5,154.38,244455,37419000.0,1466,,210204.0,85.99,new
SAGILITY,EQ,2026-09-04,47.0,47.27,46.5,46.82,46.82,46.8,11136928,521835000.00000006,26621,,5843834.0,52.47,new
SAHAJSOLAR,SM,2026-09-04,99.2,100.7,95.0,99.95,99.95,99.4,16000,1564000.0,39,,12400.0,77.5,new
SAHANA,SM,2026-09-04,926.0,930.95,917.0,920.3,921.0,927.9,20100,18508000.0,98,,15900.0,79.1,new
SAHASRA,ST,2026-09-04,308.95,310.0,301.0,307.85,310.0,306.25,24400,7477000.0,52,,20800.0,85.25,new
SAHLIBHFI,EQ,2026-09-04,88.52,90.8,88.0,89.52,89.9,89.12,43843,3934000.0000000005,992,,27918.0,63.68,new
SAHYADRI,EQ,2026-09-04,360.0,402.7,360.0,392.15,388.0,359.4,111187,43409000.0,5879,,45021.0,40.49,new
SAICAPI,EQ,2026-09-04,160.2,163.8,155.1,157.56,158.45,157.05,1101,177000.0,41,,767.0,69.66,new
SAIFL,SM,2026-09-04,5.05,5.05,4.8,4.8,4.8,4.95,296000,1441000.0,49,,196000.0,66.22,new
SAIL,EQ,2026-09-04,197.86,200.1,194.3,196.8,196.8,197.0,19094202,3774968000.0,69085,,7131445.0,37.35,new
SAILIFE,EQ,2026-09-04,1570.0,1622.0,1561.9,1584.3,1584.9,1574.8,561938,896432000.0,30349,,209055.0,37.2,new
SAIPARENT,EQ,2026-09-04,523.8,523.8,516.0,519.55,518.05,518.15,45947,23874000.0,1706,,27649.0,60.18,new
SAKAR,EQ,2026-09-04,1012.0,1019.0,987.95,1013.9,1012.0,1006.95,87982,88397000.0,5941,,47106.0,53.54,new
SAKHTISUG,EQ,2026-09-04,20.35,20.4,19.61,19.78,19.87,20.35,175324,3479999.9999999995,907,,92042.0,52.5,new
SAKSOFT,EQ,2026-09-04,153.69,156.4,153.01,154.58,156.4,153.69,179015,27623000.0,2898,,66847.0,37.34,new
SAKUMA,EQ,2026-09-04,1.6,1.65,1.55,1.62,1.65,1.58,721220,1156000.0,898,,531433.0,73.69,new
SALASAR,EQ,2026-09-04,5.12,5.88,5.12,5.2,5.21,5.08,26712678,144034000.0,20032,,9277139.0,34.73,new
SALONA,EQ,2026-09-04,259.5,274.75,259.0,269.95,269.95,262.9,74,19000.0,19,,66.0,89.19,new
SALSTEEL,EQ,2026-09-04,82.2,84.63,80.01,81.37,81.49,82.04,233867,19199000.0,1594,,114179.0,48.82,new
SALZERELEC,EQ,2026-09-04,540.0,555.0,537.05,549.7,548.7,537.3,54544,29911000.0,2936,,26033.0,47.73,new
SAMAY,ST,2026-09-04,44.5,44.5,44.5,44.5,44.5,46.0,4000,178000.0,1,,4000.0,100.0,new
SAMBANDAM,EQ,2026-09-04,120.0,125.0,120.0,123.23,120.0,120.0,206,26000.0,12,,186.0,90.29,new
SAMBHAAV,EQ,2026-09-04,5.94,6.17,5.7,5.94,6.01,6.0,46902,277000.0,87,,41504.0,88.49,new
SAMBHV,EQ,2026-09-04,130.7,131.8,127.0,128.69,129.05,129.64,1221798,158357000.0,11539,,438932.0,35.93,new
SAMHI,EQ,2026-09-04,152.59,155.6,152.55,153.99,155.5,152.59,397845,61152000.0,10909,,219730.0,55.23,new
SAMMAANCAP,EQ,2026-09-04,155.0,161.0,153.51,158.39,157.9,153.7,13853349,2195677000.0,61464,,6827755.0,49.29,new
SAMPANN,EQ,2026-09-04,24.31,25.58,24.31,25.19,25.19,24.61,10476,262000.0,134,,8709.0,83.13,new
SANATHAN,EQ,2026-09-04,441.05,474.95,441.05,456.2,455.1,433.05,330832,152999000.0,8764,,85543.0,25.86,new
SANDESH,EQ,2026-09-04,1069.0,1069.0,1035.0,1051.3,1050.0,1050.9,750,787000.0,135,,628.0,83.73,new
SANDHAR,EQ,2026-09-04,631.0,635.0,617.15,624.0,626.0,627.85,143060,89051000.0,5495,,74975.0,52.41,new
SANDUMA,EQ,2026-09-04,198.0,199.5,196.5,197.83,197.56,197.89,375487,74290000.0,7447,,193424.0,51.51,new
SANGAMIND,EQ,2026-09-04,573.25,582.8,572.1,578.8,575.0,571.85,7685,4442000.0,733,,4270.0,55.56,new
SANGANI,SM,2026-09-04,54.6,54.6,54.6,54.6,54.6,52.0,12000,655000.0,4,,12000.0,100.0,new
SANGHVIMOV,EQ,2026-09-04,456.4,472.0,436.65,439.2,439.5,453.0,455750,205817000.0,20233,,239582.0,52.57,new
SANGINITA,BE,2026-09-04,59.5,59.5,59.5,59.5,59.5,58.34,64797,3854999.9999999995,85,,,,new
SANOFI,EQ,2026-09-04,3206.0,3207.8,3151.0,3158.2,3154.0,3190.8,9898,31427000.0,2236,,6289.0,63.54,new
SANOFICONR,EQ,2026-09-04,4205.3,4234.9,4108.0,4201.7,4185.0,4205.4,6432,26812000.0,1451,,3638.0,56.56,new
SANSERA,EQ,2026-09-04,3808.8,3833.8,3733.7,3782.6,3772.0,3789.6,101677,384415000.0,15246,,53357.0,52.48,new
SANSTAR,EQ,2026-09-04,108.0,114.9,108.0,111.31,110.56,108.0,633145,70871000.0,4216,,144767.0,22.86,new
SANWARIA,BZ,2026-09-04,0.19,0.2,0.18,0.18,0.19,0.19,871449,168000.0,172,,,,new
SAPPHIRE,EQ,2026-09-04,228.5,233.99,225.56,228.43,228.5,228.76,713459,163995000.0,20970,,342368.0,47.99,new
SAPPL,EQ,2026-09-04,292.0,292.0,275.45,281.85,285.0,280.6,796,222000.00000000003,42,,625.0,78.52,new
SARDAEN,EQ,2026-09-04,510.05,517.05,504.2,508.55,508.0,506.55,526969,268781000.0,18591,,242178.0,45.96,new
SAREGAMA,EQ,2026-09-04,498.4,500.0,488.1,492.75,491.4,493.65,353123,175067000.0,20683,,176080.0,49.86,new
SARLAPOLY,EQ,2026-09-04,102.75,102.98,97.75,100.2,99.9,102.15,97835,9806000.0,1452,,63712.0,65.12,new
SARTELE,SM,2026-09-04,91.5,93.5,89.0,89.4,89.0,91.35,39500,3584000.0000000005,58,,30500.0,77.22,new
SARVESHWAR,EQ,2026-09-04,3.38,3.43,3.33,3.36,3.38,3.35,1228078,4154000.0,1558,,786860.0,64.07,new
SASKEN,EQ,2026-09-04,1925.4,1925.4,1870.5,1881.3,1886.0,1902.4,12365,23416000.0,1492,,7766.0,62.81,new
SATECH,SM,2026-09-04,38.8,40.65,38.8,39.6,40.0,38.4,20000,799000.0,18,,17000.0,85.0,new
SATIA,EQ,2026-09-04,60.74,63.85,60.01,63.36,63.8,60.37,251939,15846000.0,2801,,151539.0,60.15,new
SATIN,EQ,2026-09-04,220.39,223.48,217.58,220.75,219.78,219.37,205973,45318000.0,4012,,111051.0,53.92,new
SATIPOLY,ST,2026-09-04,38.0,38.9,38.0,38.9,38.9,37.05,2000,77000.0,4,,2000.0,100.0,new
SATKARTAR,SM,2026-09-04,118.4,118.4,115.95,116.7,116.25,118.2,28800,3371000.0,27,,21600.0,75.0,new
SATTVAENGG,SM,2026-09-04,63.0,63.0,61.1,61.5,61.5,62.0,11200,696000.0,7,,9600.0,85.71,new
SAURASHCEM,EQ,2026-09-04,56.81,58.6,56.0,57.61,57.85,56.81,90990,5259000.0,1185,,41891.0,46.04,new
SAVY,SM,2026-09-04,135.1,141.2,135.1,136.15,140.0,135.1,139200,19156000.0,48,,126000.0,90.52,new
SAWALIYA,SM,2026-09-04,152.0,159.95,152.0,159.95,159.95,150.15,8400,1323000.0,14,,7200.0,85.71,new
SAYAJIHOTL,EQ,2026-09-04,325.0,325.0,315.0,319.35,319.6,303.8,12,4000.0,8,,11.0,91.67,new
SAYAJIIND,EQ,2026-09-04,119.89,119.89,116.01,116.11,116.21,119.89,103,12000.0,4,,101.0,98.06,new
SBC,EQ,2026-09-04,43.48,46.89,43.45,45.76,45.95,43.25,13241116,597266000.0,14431,,5341929.0,40.34,new
SBCL,EQ,2026-09-04,1189.3,1215.7,1102.4,1121.1,1115.0,1155.9,810275,919034000.0,44614,,322970.0,39.86,new
SBFC,EQ,2026-09-04,99.9,100.67,98.37,100.08,100.0,99.9,817043,81361000.0,8451,,316190.0,38.7,new
SBGLP,EQ,2026-09-04,25.68,25.68,23.6,23.96,23.9,24.68,12199,296000.0,187,,9772.0,80.1,new
SBIBPB,EQ,2026-09-04,49.97,50.05,49.26,49.56,49.56,49.48,104576,5207000.0,319,,93273.0,89.19,new
SBICARD,EQ,2026-09-04,661.0,668.7,656.3,658.25,658.25,661.0,1752698,1160644000.0,25566,,1008068.0,57.52,new
SBIETFCON,EQ,2026-09-04,122.54,122.54,119.7,119.89,119.7,120.31,13201,1585000.0,81,,10346.0,78.37,new
SBIETFIT,EQ,2026-09-04,342.1,346.1,338.69,340.64,342.1,342.1,1908,653000.0,161,,1363.0,71.44,new
SBIETFPB,EQ,2026-09-04,290.89,290.89,282.98,283.57,285.46,285.51,2003,570000.0,67,,1246.0,62.21,new
SBIETFQLTY,EQ,2026-09-04,223.5,223.5,221.5,221.86,222.21,223.32,718,160000.0,70,,681.0,94.85,new
SBIFUNDS,EQ,2026-09-04,563.9,565.5,558.9,562.1,561.6,564.0,1143214,642526000.0,26282,,704723.0,61.64,new
SBILIFE,EQ,2026-09-04,1715.0,1775.0,1707.4,1775.0,1775.0,1715.0,1720166,3022210000.0,54483,,937528.0,54.5,new
SBILIQETF,EQ,2026-09-04,1054.81,1054.83,1054.81,1054.81,1054.81,1054.43,104098,109804000.0,73,,73514.0,70.62,new
SBIMIDMOM,EQ,2026-09-04,63.7,64.07,63.56,63.73,63.79,63.87,5431,347000.0,116,,3951.0,72.75,new
SBIN,EQ,2026-09-04,1026.0,1029.2,1016.1,1016.1,1016.1,1023.4,6724566,6869612000.0,146219,,4178795.0,62.14,new
SBINEQWETF,EQ,2026-09-04,33.2,33.31,33.1,33.26,33.12,33.13,26479,880000.0000000001,184,,26180.0,98.87,new
SBINMID150,EQ,2026-09-04,23.59,23.59,23.26,23.3,23.31,23.32,11172,260000.0,126,,7650.0,68.47,new
SBISILVER,EQ,2026-09-04,226.74,229.16,226.74,228.31,228.5,225.5,717256,163638000.0,4637,,224175.0,31.25,new
SBISMLETF,EQ,2026-09-04,18.47,18.67,18.47,18.55,18.6,18.47,29237,542000.0,209,,22666.0,77.53,new
SBIVALETF,EQ,2026-09-04,14.72,14.75,14.66,14.75,14.75,14.65,5269,78000.0,63,,4827.0,91.61,new
SCANSTL,BE,2026-09-04,58.81,60.8,56.5,59.22,60.8,58.82,33610,1961000.0,154,,,,new
SCHAEFFLER,EQ,2026-09-04,3950.0,4004.6,3871.7,3956.4,3958.9,3950.6,53652,211898999.99999997,11259,,27227.0,50.75,new
SCHAND,EQ,2026-09-04,136.0,137.99,135.35,136.41,136.2,136.73,10647,1451000.0,418,,7695.0,72.27,new
SCHNEIDER,EQ,2026-09-04,1198.0,1235.7,1192.2,1232.4,1224.2,1191.0,255402,311386000.0,20576,,129593.0,50.74,new
SCI,EQ,2026-09-04,296.4,300.25,293.75,295.35,296.1,294.95,1792086,531614999.99999994,25743,,759570.0,42.38,new
SCILAL,EQ,2026-09-04,40.1,40.1,39.7,39.77,39.83,40.02,196582,7830000.0,1416,,143686.0,73.09,new
SCML,SM,2026-09-04,84.0,84.1,74.0,81.0,81.0,83.2,14000,1115000.0,13,,2000.0,14.29,new
SCODATUBES,EQ,2026-09-04,134.8,136.59,131.2,135.02,135.98,134.95,215520,29002000.0,2686,,112233.0,52.08,new
SCPL,BE,2026-09-04,643.0,657.0,627.1,646.45,653.5,641.9,8409,5415000.0,184,,,,new
SDBL,EQ,2026-09-04,72.82,74.55,72.15,74.0,74.09,72.62,578202,42572000.0,3720,,385481.0,66.67,new
SEAMECLTD,EQ,2026-09-04,1787.0,1804.0,1770.5,1793.6,1796.5,1786.6,130765,234142999.99999997,10768,,72496.0,55.44,new
SECMARK,EQ,2026-09-04,148.46,150.0,144.4,144.4,144.4,148.46,1139,166000.0,51,,622.0,54.61,new
SECURKLOUD,EQ,2026-09-04,17.58,17.8,16.98,17.01,17.3,17.41,24259,413999.99999999994,152,,21689.0,89.41,new
SEDEMAC,EQ,2026-09-04,2916.2,2919.0,2800.0,2814.4,2808.3,2905.9,102621,292272000.0,10840,,58612.0,57.12,new
SEIL,EQ,2026-09-04,202.1,202.34,198.5,200.76,201.0,202.34,440822,88307000.0,1777,,360814.0,81.85,new
SEJALLTD,EQ,2026-09-04,670.1,674.75,648.0,657.5,658.15,672.45,5519,3660000.0,539,,3452.0,62.55,new
SEKURITIND,EQ,2026-09-04,113.95,116.0,113.95,114.56,114.25,114.67,31358,3608000.0,368,,24627.0,78.53,new
SEL,SM,2026-09-04,312.5,320.25,307.0,317.95,320.25,305.0,4800,1510000.0,22,,4000.0,83.33,new
SELECTIPO,EQ,2026-09-04,48.7,48.96,48.58,48.65,48.72,48.72,61110,2984000.0,128,,47334.0,77.46,new
SELLOWRAP,SM,2026-09-04,67.5,67.5,67.5,67.5,67.5,66.5,1600,108000.0,1,,1600.0,100.0,new
SELMC,EQ,2026-09-04,29.5,29.5,26.53,27.5,27.5,27.17,4456,123000.0,82,,3539.0,79.42,new
SEMAC,EQ,2026-09-04,298.9,298.9,276.05,277.25,277.0,290.55,4531,1261000.0,135,,3261.0,71.97,new
SENCO,EQ,2026-09-04,349.85,362.8,349.85,358.65,358.75,349.05,1141834,408132000.0,27979,,395086.0,34.6,new
SENORES,EQ,2026-09-04,1442.8,1465.9,1420.0,1428.4,1433.0,1430.4,124425,178874000.0,10741,,45687.0,36.72,new
SENSEXADD,EQ,2026-09-04,79.33,79.33,79.29,79.29,79.29,79.18,56,4000.0,4,,28.0,50.0,new
SENSEXAXIS,EQ,2026-09-04,78.67,81.0,78.67,79.81,79.4,79.67,1362,109000.00000000001,52,,679.0,49.85,new
SENSEXBETA,EQ,2026-09-04,866.26,866.26,848.52,850.89,851.8,849.27,4022,3417000.0,78,,3875.0,96.35,new
SENSEXETF,EQ,2026-09-04,79.5,79.5,79.07,79.2,79.14,79.12,14854,1177000.0,163,,8302.0,55.89,new
SENSEXIETF,EQ,2026-09-04,903.99,903.99,881.95,884.24,882.51,881.95,28419,25159000.0,284,,27138.0,95.49,new
SEPC,EQ,2026-09-04,5.39,5.44,5.35,5.38,5.4,5.37,7339250,39539000.0,4047,,3398732.0,46.31,new
SERVICE,SM,2026-09-04,70.8,71.85,67.25,69.45,69.9,69.4,34000,2349000.0,17,,12000.0,35.29,new
SERVOTECH,EQ,2026-09-04,80.7,82.26,78.88,79.62,79.55,80.25,492370,39260000.0,4199,,180920.0,36.74,new
SESHAPAPER,EQ,2026-09-04,236.0,236.0,231.0,233.09,232.55,234.51,18854,4382000.0,479,,12864.0,68.23,new
SETCO,BE,2026-09-04,17.88,18.1,17.11,17.45,17.5,17.36,24126,421000.0,165,,,,new
SETF10GILT,EQ,2026-09-04,264.0,264.49,263.01,263.1,263.1,263.85,7480,1973000.0,72,,7405.0,99.0,new
SETFGOLD,EQ,2026-09-04,133.47,133.47,130.75,131.22,131.22,130.22,4422415,580259000.0,10708,,2318080.0,52.42,new
SETFNIF50,EQ,2026-09-04,259.9,259.9,257.33,258.08,258.5,257.33,561856,145025000.0,3274,,355989.0,63.36,new
SETFNIFBK,EQ,2026-09-04,593.87,593.87,589.83,590.86,590.31,591.31,18450,10914000.0,604,,9844.0,53.36,new
SETFNN50,EQ,2026-09-04,787.52,799.0,781.73,785.05,784.0,783.6,80614,63305999.99999999,1956,,68755.0,85.29,new
SETL,EQ,2026-09-04,395.0,410.7,390.1,408.95,408.5,391.15,1430578,580075000.0,18974,,694379.0,48.54,new
SETUINFRA,BZ,2026-09-04,0.57,0.57,0.57,0.57,0.57,0.55,46145,26000.0,41,,,,new
SEYAIND,BE,2026-09-04,12.3,12.3,11.9,12.25,12.01,12.06,4895,59000.0,45,,,,new
SFL,EQ,2026-09-04,647.0,650.2,642.1,646.8,643.0,644.9,59553,38516000.0,6360,,30824.0,51.76,new
SFML,SM,2026-09-04,21.8,21.8,21.5,21.5,21.5,22.0,24000,517000.0,6,,24000.0,100.0,new
SGBAPR28I,GB,2026-09-04,15275.0,15350.0,15251.0,15323.99,15301.0,15180.84,61,934000.0,24,,36.0,59.02,new
SGBAUG27,GB,2026-09-04,15151.0,15288.98,15151.0,15241.31,15250.0,15105.26,57,867000.0,28,,48.0,84.21,new
SGBAUG28V,GB,2026-09-04,15152.0,15279.0,15136.57,15228.56,15245.0,15112.39,530,8063000.0,133,,371.0,70.0,new
SGBAUG29V,GB,2026-09-04,15255.55,15350.0,15255.55,15313.8,15270.0,15237.2,51,781000.0,23,,34.0,66.67,new
SGBAUG30,GB,2026-09-04,15308.01,15575.0,15308.01,15470.42,15499.99,15281.42,268,4143000.0,75,,159.0,59.33,new
SGBD29VIII,GB,2026-09-04,15260.0,15379.99,15201.0,15345.0,15340.0,15239.92,104,1590000.0,33,,87.0,83.65,new
SGBDC27VII,GB,2026-09-04,15125.11,15270.0,15125.11,15225.0,15225.0,15150.0,18,274000.0,9,,15.0,83.33,new
SGBDE30III,GB,2026-09-04,15365.01,15450.0,15365.01,15413.38,15410.0,15362.96,180,2777000.0,38,,152.0,84.44,new
SGBDE31III,GB,2026-09-04,15556.56,15688.4,15556.56,15626.86,15630.0,15542.74,1138,17769000.0,177,,839.0,73.73,new
SGBDEC26,GB,2026-09-04,15200.0,15275.0,15175.0,15175.0,15175.0,15150.0,9,137000.0,7,,8.0,88.89,new
SGBFEB27,GB,2026-09-04,15200.0,15200.0,15200.0,15200.0,15200.0,14849.0,4,61000.0,4,,4.0,100.0,new
SGBFEB29XI,GB,2026-09-04,15200.0,15345.0,15155.01,15241.55,15250.0,15093.5,193,2941000.0,59,,144.0,74.61,new
SGBFEB32IV,GB,2026-09-04,15806.56,15849.97,15736.0,15787.91,15800.0,15742.54,1206,19046000.0,238,,840.0,69.65,new
SGBJ28VIII,GB,2026-09-04,15299.99,15299.99,15299.99,15299.99,15299.99,15099.9,1,15000.0,1,,1.0,100.0,new
SGBJAN27,GB,2026-09-04,15105.11,15249.0,15105.11,15248.0,15248.0,14950.0,9,137000.0,4,,5.0,55.56,new
SGBJAN29IX,GB,2026-09-04,15185.5,15266.55,15155.11,15227.5,15250.0,15111.99,53,807000.0,19,,38.0,71.7,new
SGBJAN29X,GB,2026-09-04,15200.51,15250.0,15198.14,15245.0,15204.0,15108.22,267,4071000.0,22,,228.0,85.39,new
SGBJAN30IX,GB,2026-09-04,15340.0,15379.02,15211.0,15242.2,15280.0,15160.71,224,3424000.0,58,,188.0,83.93,new
SGBJU29III,GB,2026-09-04,15205.0,15300.0,15202.0,15293.8,15300.0,15120.0,120,1830000.0,30,,77.0,64.17,new
SGBJUL28IV,GB,2026-09-04,15155.01,15279.5,15155.01,15249.78,15250.0,15116.01,253,3847999.9999999995,53,,195.0,77.08,new
SGBJUL29IV,GB,2026-09-04,15170.0,15300.0,15170.0,15264.25,15250.0,15127.94,120,1832000.0,24,,94.0,78.33,new
SGBJUN27,GB,2026-09-04,15299.97,15299.97,15298.99,15298.99,15298.99,14950.0,4,61000.0,3,,4.0,100.0,new
SGBJUN28,GB,2026-09-04,15186.73,15270.0,15155.02,15233.75,15190.0,15131.45,40,610000.0,12,,35.0,87.5,new
SGBJUN29II,GB,2026-09-04,15175.0,15299.99,15175.0,15231.01,15231.01,15135.0,73,1116000.0,8,,69.0,94.52,new
SGBJUN30,GB,2026-09-04,15511.0,15511.0,15400.0,15449.0,15449.0,15287.44,49,757000.0,10,,30.0,61.22,new
SGBJUN31I,GB,2026-09-04,15500.0,15535.0,15450.05,15505.82,15480.0,15379.14,145,2246000.0,53,,112.0,77.24,new
SGBMAR28X,GB,2026-09-04,15274.17,15300.57,15255.01,15257.0,15257.0,15160.0,44,672000.0,21,,39.0,88.64,new
SGBMAR30X,GB,2026-09-04,15350.0,15450.0,15300.0,15425.0,15425.0,15318.46,116,1782000.0,27,,64.0,55.17,new
SGBMAR31IV,GB,2026-09-04,15436.57,15639.83,15436.57,15520.32,15500.0,15413.07,114,1770000.0,46,,67.0,58.77,new
SGBMAY28,GB,2026-09-04,15259.99,15280.0,15200.04,15260.0,15260.0,15123.33,59,900000.0,12,,52.0,88.14,new
SGBMAY29I,GB,2026-09-04,15211.01,15299.0,15211.01,15295.42,15299.0,15136.47,459,7008000.0,51,,376.0,81.92,new
SGBMR29XII,GB,2026-09-04,15261.27,15325.0,15211.01,15244.6,15250.0,15142.5,148,2259000.0,52,,103.0,69.59,new
SGBN28VIII,GB,2026-09-04,15242.0,15300.0,15235.0,15261.04,15261.04,15176.0,41,626000.0,14,,19.0,46.34,new
SGBNV29VII,GB,2026-09-04,15250.0,15344.0,15250.0,15300.0,15300.0,15158.0,169,2584000.0,20,,164.0,97.04,new
SGBOC28VII,GB,2026-09-04,15250.02,15340.0,15250.02,15320.2,15340.0,15185.0,123,1879000.0,29,,107.0,86.99,new
SGBOCT27,GB,2026-09-04,15250.0,15300.0,15250.0,15300.0,15300.0,14962.0,6,92000.0,3,,6.0,100.0,new
SGBSEP27,GB,2026-09-04,15350.01,15350.01,15350.01,15350.01,15350.01,15251.0,27,413999.99999999994,1,,27.0,100.0,new
SGBSEP28VI,GB,2026-09-04,15261.89,15300.02,15200.0,15300.0,15300.0,15159.8,384,5861000.0,88,,241.0,62.76,new
SGBSEP29VI,GB,2026-09-04,15303.2,15350.01,15152.0,15246.68,15299.0,15352.09,221,3372000.0,71,,121.0,54.75,new
SGBSEP31II,GB,2026-09-04,15555.01,15674.0,15555.01,15620.76,15629.99,15509.43,338,5275000.0,89,,279.0,82.54,new
SGFIN,EQ,2026-09-04,682.5,682.5,655.9,675.7,678.5,676.8,164000,110674000.0,5875,,87159.0,53.15,new
SGIL,EQ,2026-09-04,612.85,612.85,600.0,606.2,609.0,603.8,4698,2834000.0,275,,3814.0,81.18,new
SGL,EQ,2026-09-04,10.31,10.31,9.93,10.05,10.15,10.26,2432,25000.0,59,,2167.0,89.1,new
SGLRES,EQ,2026-09-04,2.5,2.5,2.32,2.41,2.47,2.39,58369,140000.0,131,,39848.0,68.27,new
SGMART,EQ,2026-09-04,822.0,834.05,815.55,824.75,822.0,815.85,114546,94311000.0,6666,,49094.0,42.86,new
SGRL,EQ,2026-09-04,684.0,717.0,684.0,708.55,708.95,684.1,22022,15451000.0,1184,,15451.0,70.16,new
SHADOWFAX,EQ,2026-09-04,260.9,262.3,256.25,259.55,260.7,259.9,1649661,428088000.0,18502,,853648.0,51.75,new
SHAH,EQ,2026-09-04,3.53,3.6,3.45,3.51,3.52,3.49,1297179,4563000.0,827,,828143.0,63.84,new
SHAHALLOYS,BE,2026-09-04,102.15,106.0,101.5,101.5,101.5,106.84,140569,14422000.0,348,,,,new
SHAILY,EQ,2026-09-04,3265.0,3310.0,3240.0,3278.3,3266.5,3267.1,77257,252992999.99999997,12260,,37805.0,48.93,new
SHAKTIPUMP,EQ,2026-09-04,475.0,482.8,470.8,473.0,474.0,472.2,419668,199414000.0,15452,,171715.0,40.92,new
SHALBY,EQ,2026-09-04,152.65,154.49,152.0,152.71,152.51,152.64,31700,4855000.0,983,,18438.0,58.16,new
SHALPAINTS,BE,2026-09-04,85.6,85.62,85.0,85.47,85.26,81.55,141870,12143000.0,488,,,,new
SHANKARA,EQ,2026-09-04,147.01,148.99,147.01,148.18,147.46,147.09,46914,6927000.0,563,,32931.0,70.19,new
SHANKESH,EQ,2026-09-04,97.35,103.45,97.0,98.92,98.78,97.4,8474688,854507000.0,48883,,2050499.0,24.2,new
SHANTI,EQ,2026-09-04,6.31,6.57,6.11,6.25,6.22,6.31,24947,158000.0,91,,16209.0,64.97,new
SHANTIGEAR,EQ,2026-09-04,600.0,637.45,586.85,621.75,615.55,582.8,1612281,1001533000.0,42943,,267813.0,16.61,new
SHANTIGOLD,EQ,2026-09-04,247.01,259.48,246.0,256.34,258.3,245.05,2489253,634970000.0,32519,,895751.0,35.98,new
SHARDACROP,EQ,2026-09-04,771.65,780.5,765.0,768.35,771.05,772.75,105369,81357000.0,7338,,56437.0,53.56,new
SHARDAMOTR,EQ,2026-09-04,879.05,885.45,872.6,881.95,882.65,877.9,27320,24014000.0,3219,,15817.0,57.9,new
SHARDUL,BE,2026-09-04,53.77,56.4,53.15,54.49,54.5,53.77,10278,555000.0,59,,,,new
SHAREINDIA,EQ,2026-09-04,171.06,172.75,170.1,170.5,170.11,169.27,316097,53979000.0,1853,,212212.0,67.14,new
SHARIABEES,EQ,2026-09-04,458.12,458.12,451.93,452.84,452.0,453.44,25560,11568000.0,507,,20319.0,79.5,new
SHBAJRG,EQ,2026-09-04,161.05,165.0,160.02,160.67,162.97,160.83,2205,359000.0,89,,1531.0,69.43,new
SHEEL,ST,2026-09-04,63.0,63.0,61.6,61.6,61.6,64.5,6000,372000.0,3,,4000.0,66.67,new
SHEETAL,SM,2026-09-04,348.1,348.1,348.1,348.1,348.1,348.0,500,174000.0,1,,500.0,100.0,new
SHEKHAWATI,BE,2026-09-04,15.24,15.7,14.72,15.52,15.55,15.25,26781,412000.0,116,,,,new
SHEMAROO,BE,2026-09-04,124.01,127.5,124.01,126.61,125.51,125.74,3580,451999.99999999994,27,,,,new
SHERA,SM,2026-09-04,183.1,186.8,181.9,182.3,182.0,182.4,34000,6246000.0,34,,28000.0,82.35,new
SHERVANI,EQ,2026-09-04,316.0,319.95,315.05,315.1,315.1,315.05,78,25000.0,7,,77.0,98.72,new
SHETHJI,SM,2026-09-04,190.6,208.95,190.6,195.95,208.95,190.25,72000,13901000.0,28,,63000.0,87.5,new
SHIGAN,SM,2026-09-04,74.0,74.0,71.1,71.1,71.1,73.95,9000,651000.0,6,,7500.0,83.33,new
SHILCTECH,EQ,2026-09-04,4045.2,4104.5,4023.5,4065.3,4050.3,4041.6,17962,73233000.0,3766,,10306.0,57.38,new
SHILGRAVQ,EQ,2026-09-04,149.42,151.0,143.0,144.8,149.89,150.42,9295,1361000.0,225,,7090.0,76.28,new
SHILPAMED,EQ,2026-09-04,956.15,973.9,946.2,964.15,958.0,956.15,652726,629031000.0,24194,,247704.0,37.95,new
SHINDL,EQ,2026-09-04,159.07,163.0,156.2,162.42,160.26,159.35,220380,35489000.0,881,,18842.0,8.55,new
SHIPROCKET,EQ,2026-09-04,137.19,138.2,134.21,135.92,135.99,135.89,4989875,678755000.0,27339,,1144889.0,22.94,new
SHIVAAGRO,EQ,2026-09-04,41.7,41.7,40.25,41.39,41.39,42.9,4883,200999.99999999997,24,,4865.0,99.63,new
SHIVACEM,EQ,2026-09-04,16.09,16.89,15.4,15.97,15.99,15.7,55679,893000.0,302,,39248.0,70.49,new
SHIVALIK,BE,2026-09-04,313.4,329.05,313.4,327.4,329.05,313.4,46428,15238999.999999998,576,,,,new
SHIVAMAUTO,EQ,2026-09-04,18.4,18.4,17.32,18.01,17.85,17.8,77913,1404000.0,187,,51979.0,66.71,new
SHIVAMILLS,EQ,2026-09-04,59.0,62.0,59.0,60.5,60.5,61.58,438,27000.0,25,,411.0,93.84,new
SHIVASHRIT,SM,2026-09-04,120.95,123.5,120.0,120.0,120.0,120.95,34000,4114000.0,6,,30000.0,88.24,new
SHIVATEX,EQ,2026-09-04,185.25,187.49,181.11,182.86,182.94,182.22,15793,2907000.0,196,,8800.0,55.72,new
SHIVAUM,EQ,2026-09-04,449.9,455.0,448.0,448.05,448.05,450.0,1042,470000.0,57,,425.0,40.79,new
SHK,EQ,2026-09-04,150.4,153.58,149.11,150.87,150.17,150.14,432026,65542999.99999999,6066,,203038.0,47.0,new
SHKSIL,SM,2026-09-04,35.0,35.5,32.95,34.0,34.0,34.25,32000,1087000.0,14,,22000.0,68.75,new
SHOPERSTOP,EQ,2026-09-04,391.45,394.95,381.0,381.75,381.0,391.45,14069,5446000.0,1118,,5984.0,42.53,new
SHRADDHA,EQ,2026-09-04,157.49,159.8,153.21,156.48,158.0,152.78,3120,488999.99999999994,131,,2108.0,67.56,new
SHRADHA,EQ,2026-09-04,31.9,32.0,31.15,31.48,31.5,31.9,16176,509000.0,127,,14059.0,86.91,new
SHREDIGCEM,EQ,2026-09-04,74.28,74.79,72.98,74.44,74.0,74.28,189709,14022000.0,1590,,115266.0,60.76,new
SHREECEM,EQ,2026-09-04,23850.0,24140.0,23780.0,23855.0,23855.0,23910.0,15350,368039000.0,6995,,8408.0,54.78,new
SHREEDHAR,ST,2026-09-04,108.55,115.0,108.5,114.3,115.0,112.55,20000,2216000.0,8,,16000.0,80.0,new
SHREEJISPG,EQ,2026-09-04,670.65,684.0,657.3,680.15,684.0,664.25,2336669,1560691000.0,21704,,917789.0,39.28,new
SHREEKARNI,SM,2026-09-04,382.0,383.5,372.0,380.2,380.0,386.65,4050,1531000.0,23,,2550.0,62.96,new
SHREEOSFM,SM,2026-09-04,56.4,56.5,56.4,56.5,56.5,55.95,2000,112999.99999999999,2,,2000.0,100.0,new
SHREEPUSHK,EQ,2026-09-04,482.2,483.0,465.0,475.25,472.0,477.45,50352,23935000.0,2458,,22847.0,45.37,new
SHREERAMA,EQ,2026-09-04,43.82,45.29,43.82,44.12,44.0,44.52,51339,2279000.0,675,,32043.0,62.41,new
SHREMINVIT,IV,2026-09-04,100.5,100.5,100.5,100.5,100.5,100.5,575000,57788000.0,2,,575000.0,100.0,new
SHRENIK,BZ,2026-09-04,0.29,0.3,0.28,0.29,0.3,0.29,346855,102000.0,157,,,,new
SHREYANIND,EQ,2026-09-04,130.0,130.7,126.9,128.93,130.0,129.3,6128,790000.0,114,,5196.0,84.79,new
SHRIAHIMSA,ST,2026-09-04,480.0,488.0,458.0,485.5,488.0,473.1,12000,5700000.0,20,,9000.0,75.0,new
SHRIKANHA,SM,2026-09-04,21.2,21.2,20.85,20.85,20.85,21.7,11200,235000.0,6,,9600.0,85.71,new
SHRIKRISH,EQ,2026-09-04,41.0,41.0,39.0,39.79,39.8,38.85,1225,50000.0,34,,941.0,76.82,new
SHRINGARMS,EQ,2026-09-04,218.35,222.7,216.51,217.91,218.0,217.28,255200,56151000.0,1689,,68618.0,26.89,new
SHRIPISTON,EQ,2026-09-04,4551.3,4568.9,4420.0,4536.9,4560.0,4551.3,68512,307807000.0,13669,,33135.0,48.36,new
SHRIRAMFIN,EQ,2026-09-04,1044.2,1052.8,1037.0,1041.0,1041.0,1044.2,4135730,4311671000.0,60483,,3039100.0,73.48,new
SHRIRAMPPS,EQ,2026-09-04,76.8,77.28,76.02,76.9,76.55,75.68,248858,19100000.0,2731,,151876.0,61.03,new
SHRJAGP,EQ,2026-09-04,621.3,636.0,600.05,625.65,620.05,621.3,782,484999.99999999994,89,,520.0,66.5,new
SHUBHSHREE,SM,2026-09-04,352.0,352.0,335.0,349.95,349.95,352.0,2100,731000.0,3,,2100.0,100.0,new
SHUKRAPHAR,EQ,2026-09-04,53.39,55.54,51.66,51.93,51.8,51.93,4036493,215196000.0,13652,,1533308.0,37.99,new
SHYAMCENT,BE,2026-09-04,4.94,5.05,4.91,5.03,5.03,4.96,164214,821000.0000000001,170,,,,new
SHYAMDHANI,ST,2026-09-04,52.7,52.7,52.7,52.7,52.7,54.0,2000,105000.0,1,,2000.0,100.0,new
SHYAMMETL,EQ,2026-09-04,1079.9,1087.3,1058.6,1065.3,1063.0,1076.4,199343,214364000.0,10777,,112665.0,56.52,new
SHYAMTEL,EQ,2026-09-04,11.25,11.93,11.06,11.6,11.93,11.42,2583,28999.999999999996,44,,2425.0,93.88,new
SICAGEN,EQ,2026-09-04,59.45,59.45,57.93,58.28,58.07,58.65,18933,1105000.0,258,,12548.0,66.28,new
SICALLOG,BE,2026-09-04,106.96,109.99,103.85,107.33,107.5,108.88,108364,11570000.0,405,,,,new
SIDDHICOTS,SM,2026-09-04,27.6,27.6,26.95,27.05,27.05,26.6,6000,163000.0,5,,4800.0,80.0,new
SIDDHIKA,SM,2026-09-04,223.0,225.0,223.0,225.0,225.0,223.0,2500,561000.0,5,,2500.0,100.0,new
SIEL,EQ,2026-09-04,32.0,32.0,30.88,31.9,31.9,30.89,748,24000.0,10,,748.0,100.0,new
SIEMENS,EQ,2026-09-04,4042.0,4042.0,3974.1,3977.0,3977.0,4030.0,177116,708942000.0,15570,,83360.0,47.07,new
SIGACHI,EQ,2026-09-04,32.55,35.6,32.31,34.74,34.84,32.55,9215095,317743000.0,27794,,2782930.0,30.2,new
SIGIND,BE,2026-09-04,72.45,72.45,69.01,70.37,71.15,71.14,3242,227000.0,56,,,,new
SIGMA,EQ,2026-09-04,48.0,48.22,45.77,46.66,46.1,47.42,132618,6209000.0,1386,,75620.0,57.02,new
SIGMAADV,BE,2026-09-04,754.8,779.9,752.55,762.4,765.65,754.8,118525,91031000.0,2501,,,,new
SIGNATURE,EQ,2026-09-04,795.0,809.9,783.0,796.55,794.0,794.2,239499,189704000.0,9471,,26136.0,10.91,new
SIGNPOST,EQ,2026-09-04,245.7,250.8,243.0,244.25,243.3,245.45,56184,13805000.000000002,1952,,35720.0,63.58,new
SIKA,EQ,2026-09-04,974.0,1013.7,974.0,996.1,994.0,974.75,31520,31583999.999999996,2347,,15804.0,50.14,new
SIKKO,BE,2026-09-04,5.3,5.45,5.19,5.41,5.4,5.33,228858,1222000.0,423,,,,new
SIL,EQ,2026-09-04,19.91,19.91,19.22,19.59,19.45,19.52,66127,1291000.0,440,,38975.0,58.94,new
SILGO,EQ,2026-09-04,71.45,71.71,67.3,69.97,70.5,71.16,113233,8055000.0,673,,8854.0,7.82,new
SILINV,EQ,2026-09-04,484.9,491.9,470.0,478.8,478.0,487.5,2201,1052000.0,133,,1599.0,72.65,new
SILKFLEX,SM,2026-09-04,288.3,288.3,283.0,288.3,288.3,274.6,60000,17229000.0,57,,41000.0,68.33,new
SILKY,SM,2026-09-04,68.5,71.95,68.5,71.95,71.95,69.95,3200,223000.0,4,,3200.0,100.0,new
SILLYMONKS,EQ,2026-09-04,15.6,16.49,15.6,16.19,16.19,16.24,2494,40000.0,83,,1883.0,75.5,new
SILVER,EQ,2026-09-04,230.51,233.49,230.51,232.64,232.3,229.64,770617,179209000.0,6547,,248985.0,32.31,new
SILVER001,EQ,2026-09-04,23.72,23.83,23.26,23.54,23.56,23.25,14165,333000.0,62,,11956.0,84.41,new
SILVER1,EQ,2026-09-04,22.4,22.77,22.4,22.6,22.59,22.28,5918854,133622000.0,5053,,2424338.0,40.96,new
SILVER360,EQ,2026-09-04,227.4,229.69,227.4,229.11,229.5,226.38,14214,3254000.0,265,,9273.0,65.24,new
SILVERADD,EQ,2026-09-04,22.36,22.57,22.31,22.44,22.47,22.19,2849876,63979999.99999999,5395,,1073642.0,37.67,new
SILVERAG,EQ,2026-09-04,229.69,229.69,225.34,227.02,227.0,224.43,122655,27817000.0,2180,,66187.0,53.96,new
SILVERAXIS,EQ,2026-09-04,230.02,232.5,230.02,231.46,231.42,228.73,144700,33498000.0,1362,,51604.0,35.66,new
SILVERBEES,EQ,2026-09-04,222.12,223.74,221.25,222.78,222.75,219.88,16085668,3580789000.0,52588,,6890920.0,42.84,new
SILVERBETA,EQ,2026-09-04,223.12,225.86,223.12,224.83,224.93,221.96,288687,64897000.0,2092,,84218.0,29.17,new
SILVERBND,EQ,2026-09-04,233.1,234.35,232.14,233.61,232.28,230.37,13449,3142000.0,530,,12328.0,91.66,new
SILVERCASE,EQ,2026-09-04,23.3,23.88,23.3,23.61,23.63,23.3,5606876,132380000.0,5687,,2018063.0,35.99,new
SILVERIETF,EQ,2026-09-04,232.88,233.46,230.51,232.48,232.34,229.94,2490162,578674000.0,13707,,958803.0,38.5,new
SILVERTUC,EQ,2026-09-04,169.38,170.4,166.68,167.97,168.2,169.72,373676,62741999.99999999,5889,,113721.0,30.43,new
SIMBHALS,BZ,2026-09-04,7.8,7.8,7.8,7.8,7.8,7.95,3573,28000.000000000004,13,,,,new
SIMCA,ST,2026-09-04,258.6,260.0,258.0,260.0,260.0,257.65,3000,777000.0,5,,2400.0,80.0,new
SIMPLEXINF,EQ,2026-09-04,270.0,274.0,264.35,270.5,274.0,266.95,96034,25861000.0,1677,,64353.0,67.01,new
SIMPLXREA,EQ,2026-09-04,143.98,143.98,142.99,142.99,142.99,139.5,12,2000.0,3,,12.0,100.0,new
SINCLAIR,EQ,2026-09-04,84.0,84.75,82.6,83.5,84.0,83.85,26997,2262000.0,424,,20361.0,75.42,new
SINDHUTRAD,EQ,2026-09-04,24.15,25.9,23.91,25.28,25.05,23.95,11832177,299882000.0,16007,,2197821.0,18.57,new
SINGERIND,EQ,2026-09-04,76.63,81.99,75.12,76.98,77.5,75.88,170692,13378000.0,2126,,69660.0,40.81,new
SINTERCOM,EQ,2026-09-04,81.2,90.0,79.62,80.8,79.71,79.61,10325,853999.9999999999,139,,6547.0,63.41,new
SIRCA,EQ,2026-09-04,440.5,443.0,437.0,439.25,438.0,440.4,156696,68954000.0,2401,,74331.0,47.44,new
SIS,EQ,2026-09-04,435.85,436.65,428.05,430.95,433.0,435.85,390191,168687000.0,10574,,130167.0,33.36,new
SITINET,BZ,2026-09-04,0.3,0.3,0.29,0.29,0.3,0.29,228821,67000.0,161,,,,new
SIYSIL,EQ,2026-09-04,558.65,558.9,549.95,552.65,557.5,558.65,28594,15819999.999999998,2091,,16210.0,56.69,new
SJLOGISTIC,SM,2026-09-04,315.0,317.95,312.1,315.7,315.5,315.2,32000,10085000.0,82,,27000.0,84.38,new
SJS,EQ,2026-09-04,2411.1,2411.1,2285.0,2306.1,2320.0,2411.1,229418,536181000.00000006,24799,,116444.0,50.76,new
SJVN,EQ,2026-09-04,65.05,65.55,64.75,65.23,65.5,64.98,1260938,81961000.0,10831,,685748.0,54.38,new
SKFINDIA,EQ,2026-09-04,1533.0,1563.9,1533.0,1553.2,1558.0,1540.6,91130,141556000.0,6442,,75607.0,82.97,new
SKFINDUS,EQ,2026-09-04,3070.0,3081.9,2981.0,3002.5,2981.0,3062.8,33944,103170000.0,9035,,20521.0,60.46,new
SKIPPER,EQ,2026-09-04,538.15,609.0,533.75,591.1,591.75,546.9,10118419,5970106000.0,190678,,2025158.0,20.01,new
SKMEGGPROD,EQ,2026-09-04,261.8,263.45,255.7,257.1,257.3,262.4,242481,62999000.0,4760,,138689.0,57.2,new
SKP,SM,2026-09-04,147.1,152.5,146.85,151.5,151.5,146.6,46500,6961000.0,54,,16500.0,35.48,new
SKYGOLD,EQ,2026-09-04,742.0,788.0,733.0,781.45,788.0,742.0,1069790,811262000.0,32306,,482888.0,45.14,new
SKYTECH,SM,2026-09-04,40.05,40.05,40.05,40.05,40.05,44.5,32000,1282000.0,15,,32000.0,100.0,new
SKYWAYS,EQ,2026-09-04,131.5,133.65,120.1,122.72,121.15,130.06,8338807,1075534000.0,45579,,3201149.0,38.39,new
SLONE,ST,2026-09-04,187.65,188.8,180.0,187.0,188.8,179.85,29600,5422000.0,40,,29200.0,98.65,new
SMALL250,EQ,2026-09-04,18.75,18.75,18.51,18.54,18.52,18.51,194876,3618000.0,593,,131715.0,67.59,new
SMALLADD,EQ,2026-09-04,18.66,18.7,18.49,18.53,18.69,18.56,67956,1268000.0,114,,46668.0,68.67,new
SMALLCAP,EQ,2026-09-04,49.25,49.4,47.73,48.9,49.22,49.06,3500382,171724000.0,3340,,2427208.0,69.34,new
SMALLGROWW,EQ,2026-09-04,39.41,49.79,39.41,49.06,49.05,48.96,6170,302000.0,93,,3918.0,63.5,new
SMALLIETF,EQ,2026-09-04,18.89,19.0,18.45,18.57,18.62,18.54,65128,1211000.0,138,,33289.0,51.11,new
SMARTEN,ST,2026-09-04,54.85,54.85,54.85,54.85,54.85,54.85,1200,66000.0,1,,1200.0,100.0,new
SMARTLINK,BE,2026-09-04,213.0,215.2,206.8,213.81,214.0,212.72,4055,858000.0,60,,,,new
SMARTWORKS,EQ,2026-09-04,536.7,548.8,535.25,541.5,547.0,531.4,44075,23955000.0,2063,,24461.0,55.5,new
SMCGLOBAL,EQ,2026-09-04,79.99,81.9,79.0,81.25,81.3,79.42,865274,69819000.0,3326,,411059.0,47.51,new
SML100CASE,EQ,2026-09-04,11.49,11.5,11.4,11.43,11.44,11.41,2300711,26331000.0,1744,,1448863.0,62.97,new
SMLMAH,EQ,2026-09-04,5725.0,6298.5,5719.5,6298.5,6298.5,5726.0,427607,2603150000.0,63893,,109862.0,25.69,new
SMLT,EQ,2026-09-04,65.8,70.0,63.12,65.59,64.65,64.59,7074,458000.0,193,,4070.0,57.53,new
SMSPHARMA,EQ,2026-09-04,374.0,398.4,373.0,392.5,393.95,374.15,473075,184207000.0,11260,,191678.0,40.52,new
SNEHAA,SM,2026-09-04,47.0,49.5,47.0,47.0,47.0,46.0,6000,288000.0,6,,5000.0,83.33,new
SNOWMAN,EQ,2026-09-04,36.5,37.0,36.3,36.85,36.99,36.41,75311,2760000.0,935,,42541.0,56.49,new
SNXT30BEES,EQ,2026-09-04,42.76,42.76,42.42,42.58,42.6,42.43,8325,354000.0,54,,8266.0,99.29,new
SNXT50BETA,EQ,2026-09-04,96.31,96.58,94.5,94.98,94.5,95.56,727,70000.0,81,,475.0,65.34,new
SOBHA,EQ,2026-09-04,1273.3,1276.6,1243.1,1263.8,1273.0,1259.1,74200,93367000.0,7278,,34695.0,46.76,new
SOCL,SM,2026-09-04,29.0,29.6,29.0,29.5,29.5,29.0,11200,328000.0,7,,11200.0,100.0,new
SOFTTECH,EQ,2026-09-04,421.9,425.0,414.4,423.15,422.0,421.8,2760,1165000.0,45,,2175.0,78.8,new
SOLARA,EQ,2026-09-04,628.0,652.0,619.0,639.15,637.1,629.85,396998,252717000.0,13734,,170356.0,42.91,new
SOLARINDS,EQ,2026-09-04,21500.0,21695.0,21345.0,21445.0,21445.0,21500.0,127515,2744875000.0,25107,,51177.0,40.13,new
SOLARWORLD,EQ,2026-09-04,150.99,153.23,148.2,149.32,149.01,149.76,219235,32945000.0,3713,,103612.0,47.26,new
SOLEX,EQ,2026-09-04,734.8,761.0,720.0,725.3,721.55,728.95,113401,83505000.0,7475,,30462.0,26.86,new
SOMANYCERA,EQ,2026-09-04,573.0,573.6,552.55,557.35,556.7,569.5,78257,43950000.0,3662,,45564.0,58.22,new
SOMATEX,EQ,2026-09-04,96.74,97.38,88.25,90.22,90.9,92.75,33507,3118000.0,544,,16372.0,48.86,new
SOMICONVEY,EQ,2026-09-04,95.0,95.0,90.56,91.33,91.03,92.21,8738,799000.0,240,,5365.0,61.4,new
SONACOMS,EQ,2026-09-04,800.0,805.5,783.2,789.0,789.0,800.0,816762,646356000.0,23333,,406854.0,49.81,new
SONAL,EQ,2026-09-04,88.98,88.98,88.9,88.98,88.98,88.99,5,0.0,4,,3.0,60.0,new
SONAMAC,SM,2026-09-04,35.8,35.8,33.0,33.0,33.0,34.1,7000,237000.0,7,,4000.0,57.14,new
SONAMLTD,BE,2026-09-04,70.0,70.0,65.49,65.84,66.05,67.87,39654,2680000.0,373,,,,new
SONATSOFTW,EQ,2026-09-04,286.25,291.05,282.15,285.25,285.15,284.0,830434,236873000.0,15627,,321890.0,38.76,new
SONUINFRA,ST,2026-09-04,44.45,44.45,44.3,44.45,44.45,42.35,69000,3063000.0,30,,69000.0,100.0,new
SOTL,EQ,2026-09-04,743.0,744.95,731.15,740.75,744.25,737.35,273612,201713000.0,12976,,76064.0,27.8,new
SOUTHBANK,EQ,2026-09-04,47.95,48.44,47.14,47.29,47.38,47.7,8819050,420418999.99999994,26264,,3875913.0,43.95,new
SOUTHWEST,EQ,2026-09-04,211.25,220.0,211.25,212.92,212.2,213.12,139283,30014999.999999996,2892,,83956.0,60.28,new
SPAL,EQ,2026-09-04,1062.8,1077.0,1025.0,1071.1,1061.0,1062.8,64434,67675000.0,6330,,29639.0,46.0,new
SPANDANA,EQ,2026-09-04,238.29,242.0,238.29,239.81,240.0,236.52,79485,19050000.0,2229,,40306.0,50.71,new
SPARC,EQ,2026-09-04,202.5,203.19,199.0,199.47,199.8,202.54,588034,117908000.0,9746,,274487.0,46.68,new
SPCENET,EQ,2026-09-04,3.35,3.53,3.3,3.41,3.43,3.24,1308892,4512000.0,858,,1079721.0,82.49,new
SPCL,SM,2026-09-04,61.3,62.95,61.0,62.6,62.1,61.2,22200,1372000.0,29,,18000.0,81.08,new
SPEB,SM,2026-09-04,95.0,95.0,95.0,95.0,95.0,94.5,2000,190000.0,1,,2000.0,100.0,new
SPECIALITY,BE,2026-09-04,137.0,140.99,135.21,139.59,140.8,135.67,16598,2284000.0,160,,,,new
SPECTRUM,BE,2026-09-04,2360.0,2368.4,2256.0,2368.4,2368.4,2255.7,14242,33469000.0,621,,,,new
SPECTSTM,SM,2026-09-04,56.0,56.0,56.0,56.0,56.0,56.0,800,45000.0,1,,800.0,100.0,new
SPELS,EQ,2026-09-04,150.5,150.5,148.0,149.38,149.1,148.61,17175,2563000.0,797,,9691.0,56.43,new
SPENCERS,EQ,2026-09-04,29.4,29.4,28.12,28.5,28.6,28.57,24318,701000.0,293,,17974.0,73.91,new
SPIC,EQ,2026-09-04,71.15,72.99,71.0,71.28,71.35,71.13,648651,46620000.0,4349,,357838.0,55.17,new
SPLIL,EQ,2026-09-04,31.4,32.5,29.97,30.39,30.69,30.97,20970,639000.0,148,,12507.0,59.64,new
SPLPETRO,EQ,2026-09-04,725.0,783.0,724.95,771.05,768.2,725.8,1726190,1327867000.0,53198,,341819.0,19.8,new
SPMLINFRA,EQ,2026-09-04,173.6,183.58,172.38,181.41,180.2,173.31,407685,73292000.0,6363,,136111.0,33.39,new
SPORTKING,EQ,2026-09-04,232.0,233.99,225.4,229.22,228.29,230.6,266293,61125000.0,5971,,136512.0,51.26,new
SPRL,SM,2026-09-04,102.5,102.5,102.5,102.5,102.5,102.5,800,82000.0,1,,800.0,100.0,new
SPUNWEB,SM,2026-09-04,105.0,106.0,101.1,102.9,103.8,101.1,33600,3495000.0000000005,21,,28800.0,85.71,new
SRD,EQ,2026-09-04,39.66,40.19,39.27,39.33,39.59,39.66,26155,1038000.0000000001,196,,19583.0,74.87,new
SREEL,EQ,2026-09-04,259.0,268.8,259.0,265.52,264.2,258.96,21434,5668000.0,655,,15687.0,73.19,new
SRF,EQ,2026-09-04,2631.1,2631.1,2532.2,2547.0,2547.0,2617.0,352418,901946999.9999999,33775,,140687.0,39.92,new
SRGHFL,EQ,2026-09-04,249.7,261.0,241.0,245.45,244.95,249.7,3956,968000.0,114,,2260.0,57.13,new
SRHHYPOLTD,EQ,2026-09-04,512.95,542.0,507.1,531.05,531.2,508.9,49199,26099000.0,3306,,22468.0,45.67,new
SRIKPRIND,EQ,2026-09-04,36.8,36.8,31.11,33.38,34.2,33.46,388915,13268000.0,3208,,160353.0,41.23,new
SRIVASAVI,ST,2026-09-04,78.0,79.0,78.0,79.0,79.0,76.65,3000,236000.0,3,,3000.0,100.0,new
SRM,EQ,2026-09-04,475.0,483.6,457.95,462.35,459.0,470.3,129358,60603000.0,3278,,63692.0,49.24,new
SRTL,EQ,2026-09-04,36.72,37.85,36.5,37.71,37.64,36.72,29437,1098000.0,452,,22471.0,76.34,new
SSDL,EQ,2026-09-04,55.92,57.78,55.51,56.69,56.2,55.92,14090,800000.0,691,,7644.0,54.25,new
SSEGL,SM,2026-09-04,400.0,405.95,393.1,400.6,393.1,402.25,24400,9778000.0,75,,21800.0,89.34,new
SSFL,ST,2026-09-04,268.0,271.0,260.0,260.0,260.0,265.65,5000,1315000.0,10,,5000.0,100.0,new
SSWL,EQ,2026-09-04,360.75,365.7,348.5,361.85,360.9,360.8,1006017,358415000.0,20263,,437695.0,43.51,new
STALLION,BE,2026-09-04,206.1,210.99,205.0,206.68,207.45,207.61,352515,73085000.0,2887,,,,new
STANLEY,EQ,2026-09-04,137.4,138.99,135.0,135.48,135.21,137.46,62857,8565000.0,1489,,41099.0,65.38,new
STAR,EQ,2026-09-04,1053.1,1066.5,1040.0,1059.6,1060.0,1053.6,217190,229646999.99999997,14698,,104004.0,47.89,new
STARCEMENT,EQ,2026-09-04,184.47,192.8,184.0,190.19,192.6,184.47,192236,36201000.0,3346,,126001.0,65.54,new
STARHEALTH,EQ,2026-09-04,562.2,567.8,553.05,557.35,558.9,559.35,260539,145078000.0,12805,,141001.0,54.12,new
STARPAPER,EQ,2026-09-04,155.24,155.24,150.0,151.42,151.12,154.47,11085,1676000.0000000002,241,,6984.0,63.0,new
STARTECK,EQ,2026-09-04,249.8,250.95,244.1,249.25,249.6,245.55,162,40000.0,50,,103.0,63.58,new
STCINDIA,EQ,2026-09-04,115.61,119.5,114.71,115.28,115.1,114.65,60350,7063000.0,1147,,18995.0,31.47,new
STEELCAS,EQ,2026-09-04,318.0,332.4,314.05,328.05,324.5,317.85,106510,34572000.0,4903,,53435.0,50.17,new
STEELCITY,EQ,2026-09-04,87.9,87.9,85.0,85.55,86.0,86.47,6956,600000.0,198,,5059.0,72.73,new
STEELXIND,EQ,2026-09-04,11.78,11.8,11.2,11.34,11.3,11.31,3888782,44309000.0,4524,,1696494.0,43.63,new
STEL,EQ,2026-09-04,615.05,616.0,598.2,607.9,613.7,606.95,3953,2399000.0,288,,3136.0,79.33,new
STERTOOLS,BE,2026-09-04,220.0,224.94,220.0,221.31,221.25,220.78,14338,3188000.0,266,,,,new
STLNETWORK,EQ,2026-09-04,28.01,28.87,27.78,28.87,28.87,27.5,2164957,62076000.0,3184,,1603016.0,74.04,new
STLSTRINF,EQ,2026-09-04,19.5,20.2,19.0,19.55,19.55,19.49,168,3000.0,13,,167.0,99.4,new
STLTECH,BE,2026-09-04,748.9,748.9,748.9,748.9,748.9,713.25,295544,221333000.0,3280,,,,new
STOVEKRAFT,EQ,2026-09-04,840.9,849.0,825.0,832.55,834.0,839.75,93139,77539000.0,4844,,46092.0,49.49,new
STRIDERS,SM,2026-09-04,64.7,64.7,64.7,64.7,64.7,66.0,4800,311000.0,3,,4800.0,100.0,new
STUDDS,EQ,2026-09-04,431.35,431.35,422.7,424.2,425.15,426.95,34112,14533000.000000002,2243,,23401.0,68.6,new
STUDIOLSD,SM,2026-09-04,9.8,9.9,9.3,9.85,9.85,9.5,20000,193000.0,10,,16000.0,80.0,new
STYL,EQ,2026-09-04,393.0,399.0,380.1,383.5,384.4,387.05,123059,47757000.0,3455,,43502.0,35.35,new
STYLAMIND,EQ,2026-09-04,3272.4,3400.0,3230.1,3387.4,3399.9,3240.9,65092,218069999.99999997,11811,,24213.0,37.2,new
STYLEBAAZA,EQ,2026-09-04,397.5,403.7,391.95,400.25,399.25,394.85,557524,222551000.00000003,5822,,286212.0,51.34,new
STYRENIX,EQ,2026-09-04,2007.6,2078.0,2007.6,2043.2,2051.0,2007.0,30372,61841000.0,3926,,19201.0,63.22,new
SUBAHOTELS,SM,2026-09-04,100.0,101.0,97.7,98.3,98.95,100.0,36000,3569000.0,26,,27600.0,76.67,new
SUBEXLTD,EQ,2026-09-04,17.65,17.85,17.21,17.28,17.28,17.69,1970415,34467000.0,2978,,1354443.0,68.74,new
SUBROS,EQ,2026-09-04,705.85,718.0,705.25,709.6,710.45,705.85,26816,19066000.0,2029,,14805.0,55.21,new
SUDARCOLOR,EQ,2026-09-04,390.6,394.6,381.0,383.45,384.25,388.0,7856,3052000.0,292,,5633.0,71.7,new
SUDARSCHEM,EQ,2026-09-04,1249.0,1253.6,1216.0,1222.8,1222.5,1249.3,186180,229371000.0,12038,,81677.0,43.87,new
SUDEEPPHRM,EQ,2026-09-04,1300.1,1357.4,1300.0,1329.3,1335.0,1292.8,242835,323092000.0,19583,,102713.0,42.3,new
SUKHJITS,EQ,2026-09-04,157.81,159.8,157.01,157.86,159.06,157.71,4696,742000.0,99,,4360.0,92.84,new
SULA,EQ,2026-09-04,147.56,150.0,147.5,149.0,149.1,147.56,170121,25319000.0,2733,,76238.0,44.81,new
SUMAX,ST,2026-09-04,108.1,111.8,105.15,106.5,107.5,110.65,276000,29864000.0,146,,255600.0,92.61,new
SUMEDHA,EQ,2026-09-04,39.4,39.49,38.75,39.01,39.01,38.51,3377,131000.0,15,,3262.0,96.59,new
SUMEETINDS,EQ,2026-09-04,11.65,11.65,11.14,11.5,11.52,11.44,1120467,12749000.0,1434,,753492.0,67.25,new
SUMICHEM,EQ,2026-09-04,500.0,504.9,490.2,493.4,496.5,498.35,142729,70924000.0,8045,,75042.0,52.58,new
SUMIT,EQ,2026-09-04,53.0,53.0,50.79,51.71,51.73,51.57,9572,493000.0,370,,5304.0,55.41,new
SUMMITSEC,EQ,2026-09-04,1459.0,1459.0,1431.0,1434.2,1433.3,1442.3,1566,2255000.0,290,,1151.0,73.5,new
SUNCLAY,EQ,2026-09-04,1296.8,1311.9,1285.7,1304.4,1308.8,1291.3,3165,4125000.0,372,,2390.0,75.51,new
SUNDARAM,EQ,2026-09-04,1.23,1.26,1.21,1.23,1.23,1.23,323987,400000.0,231,,294093.0,90.77,new
SUNDARMFIN,EQ,2026-09-04,4561.0,4656.3,4561.0,4648.7,4654.9,4578.0,19600,90892000.0,6938,,13153.0,67.11,new
SUNDRMBRAK,BE,2026-09-04,754.75,754.75,732.6,740.0,740.0,751.0,1401,1039000.0,69,,,,new
SUNDRMFAST,EQ,2026-09-04,1200.0,1217.0,1194.4,1212.3,1207.0,1199.1,44457,53588000.0,5482,,24340.0,54.75,new
SUNDROP,EQ,2026-09-04,656.4,666.05,654.6,662.5,663.75,656.4,6390,4221000.0,407,,4406.0,68.95,new
SUNFLAG,EQ,2026-09-04,349.95,350.75,342.2,343.7,344.75,346.5,90403,31187000.0,1842,,52661.0,58.25,new
SUNLITE,SM,2026-09-04,540.35,550.0,540.05,542.5,540.1,540.35,11400,6221000.0,38,,9900.0,86.84,new
SUNLOC,EQ,2026-09-04,79.99,79.99,79.98,79.98,79.98,79.99,41,3000.0,2,,41.0,100.0,new
SUNPHARMA,EQ,2026-09-04,1912.0,1917.3,1895.0,1899.0,1899.0,1916.0,761333,1448656000.0,48684,,495879.0,65.13,new
SUNRAKSHAK,EQ,2026-09-04,370.0,375.0,365.0,369.55,366.05,373.8,13415,4966000.0,177,,11941.0,89.01,new
SUNREST,SM,2026-09-04,38.45,39.0,38.45,39.0,39.0,38.75,9600,373000.0,4,,9600.0,100.0,new
SUNSHIEL,EQ,2026-09-04,1169.5,1169.5,1140.1,1144.9,1145.0,1145.1,981,1124000.0,100,,908.0,92.56,new
SUNSHINE,EQ,2026-09-04,443.05,476.85,440.0,441.45,444.0,438.8,2746047,1257856000.0,43350,,351972.0,12.82,new
SUNTECH,SM,2026-09-04,40.1,40.1,40.05,40.05,40.05,41.05,3200,128000.0,2,,3200.0,100.0,new
SUNTECK,EQ,2026-09-04,297.5,300.7,297.5,299.5,300.0,297.75,71967,21549000.0,1502,,38163.0,53.03,new
SUNTV,EQ,2026-09-04,465.95,482.7,464.95,470.9,471.65,465.9,846938,402962000.0,45751,,387119.0,45.71,new
SUPERHOUSE,EQ,2026-09-04,168.74,171.0,166.54,169.23,169.99,168.74,2738,463000.0,99,,1549.0,56.57,new
SUPERSPIN,BE,2026-09-04,7.03,7.17,6.84,6.95,7.0,6.83,105266,748000.0,126,,,,new
SUPRAJIT,EQ,2026-09-04,488.0,488.0,476.5,479.45,480.4,489.7,56637,27277000.0,4915,,32999.0,58.26,new
SUPREME,EQ,2026-09-04,37.7,37.7,36.12,36.27,36.22,36.21,8259,302000.0,102,,4786.0,57.95,new
SUPREMEENG,BZ,2026-09-04,3.03,3.03,3.03,3.03,3.03,2.98,297128,900000.0,101,,,,new
SUPREMEIND,EQ,2026-09-04,3509.9,3526.4,3475.0,3475.0,3475.0,3508.1,139232,487326000.0,11277,,84098.0,60.4,new
SUPREMEINF,EQ,2026-09-04,85.18,85.18,82.75,83.42,82.75,83.49,16081,1341000.0,140,,12511.0,77.8,new
SUPREMEPWR,SM,2026-09-04,219.1,232.0,214.15,222.6,226.0,219.1,65500,14519999.999999998,98,,45000.0,68.7,new
SUPRIYA,EQ,2026-09-04,838.55,868.0,838.55,852.85,845.9,842.7,324059,278427000.0,22527,,154250.0,47.6,new
SUPTANERY,BE,2026-09-04,13.25,13.25,13.25,13.25,13.25,13.94,40062,531000.0,304,,,,new
SURAJEST,EQ,2026-09-04,177.9,181.48,177.52,178.25,177.62,177.8,129331,23271000.0,1479,,79801.0,61.7,new
SURAJLTD,EQ,2026-09-04,204.0,204.99,201.0,201.79,201.01,203.17,3832,776000.0,66,,3598.0,93.89,new
SURAKSHA,EQ,2026-09-04,339.6,340.7,331.0,332.45,332.1,339.6,38299,12819999.999999998,1288,,21185.0,55.31,new
SURANASOL,EQ,2026-09-04,26.0,27.75,25.9,26.11,26.07,25.94,96327,2529000.0,603,,65932.0,68.45,new
SURANAT&P,EQ,2026-09-04,16.49,16.6,16.12,16.57,16.58,16.21,29385,483000.0,231,,24866.0,84.62,new
SURANI,SM,2026-09-04,99.8,99.8,94.0,99.7,99.7,100.0,9600,919999.9999999999,32,,9400.0,97.92,new
SURYALA,EQ,2026-09-04,419.9,419.9,405.0,411.85,415.0,407.7,1694,704000.0,26,,1673.0,98.76,new
SURYALAXMI,EQ,2026-09-04,61.0,62.49,60.01,60.79,61.13,60.03,1013,62000.0,30,,723.0,71.37,new
SURYAROSNI,EQ,2026-09-04,216.66,220.58,215.96,216.49,216.1,216.66,449482,97794000.0,6657,,276195.0,61.45,new
SURYODAY,EQ,2026-09-04,152.6,154.31,151.2,152.07,152.75,153.57,130519,19917000.0,2120,,49474.0,37.91,new
SUTLEJTEX,BE,2026-09-04,38.9,40.9,38.9,40.89,40.9,38.96,71822,2912000.0,194,,,,new
SUVEN,EQ,2026-09-04,382.0,388.45,376.7,378.0,378.4,378.35,494667,188269000.0,19774,,221652.0,44.81,new
SUVIDHAA,EQ,2026-09-04,2.16,2.47,2.01,2.42,2.46,2.06,651333,1529000.0,653,,414121.0,63.58,new
SUYOG,EQ,2026-09-04,747.55,747.55,723.0,731.2,735.0,737.3,10651,7777000.0,758,,6937.0,65.13,new
SUZLON,EQ,2026-09-04,46.11,46.37,45.03,45.35,45.35,46.03,55366085,2520350000.0,106068,,23541209.0,42.52,new
SVGLOBAL,EQ,2026-09-04,162.0,172.81,157.15,163.62,160.21,144.01,286302,48043000.0,4232,,61310.0,21.41,new
SVLL,BE,2026-09-04,806.0,818.0,796.0,799.25,796.0,806.0,623,499000.0,31,,,,new
SVPGLOB,EQ,2026-09-04,3.58,3.71,3.5,3.65,3.65,3.59,48032,173000.0,120,,27886.0,58.06,new
SWANCORP,EQ,2026-09-04,283.5,286.45,279.9,281.5,281.7,284.1,810711,229471000.0,11721,,264706.0,32.65,new
SWANDEF,BE,2026-09-04,2439.0,2555.0,2429.0,2520.2,2520.0,2490.0,18892,47088000.0,1311,,,,new
SWARAJ,BE,2026-09-04,365.0,365.0,352.75,357.35,359.0,354.5,57932,20670000.0,449,,,,new
SWARAJENG,EQ,2026-09-04,3544.1,3672.0,3540.0,3557.8,3550.0,3554.7,6552,23426000.0,1529,,3761.0,57.4,new
SWARNSAR,EQ,2026-09-04,35.05,35.44,34.17,35.25,35.25,35.48,6016,212000.0,35,,5998.0,99.7,new
SWASTIK,ST,2026-09-04,20.0,20.0,19.0,19.0,19.0,20.0,3600,71000.0,3,,3600.0,100.0,new
SWELECTES,EQ,2026-09-04,584.0,584.0,570.25,572.5,570.55,576.9,17212,9876000.0,1465,,7752.0,45.04,new
SWIGGY,EQ,2026-09-04,269.3,284.4,269.3,276.1,276.1,269.3,184369387,51119834000.0,239161,,148767707.0,80.69,new
SWISSMLTRY,BE,2026-09-04,15.7,15.85,14.66,15.59,15.65,15.4,81525,1249000.0,284,,,,new
SWSOLAR,EQ,2026-09-04,188.2,191.85,185.5,186.23,187.2,187.79,580711,108775000.0,8709,,282909.0,48.72,new
SYLVANPLY,SM,2026-09-04,55.55,55.55,55.55,55.55,55.55,53.05,4000,222000.00000000003,1,,4000.0,100.0,new
SYMBIOTEC,EQ,2026-09-04,1085.05,1099.7,1056.0,1078.25,1075.5,1076.85,1509878,1622157000.0,55703,,484935.0,32.12,new
SYMPHONY,EQ,2026-09-04,573.0,582.5,573.0,580.35,580.4,572.8,32564,18817000.0,1815,,14387.0,44.18,new
SYNCOMF,EQ,2026-09-04,20.93,21.88,20.01,20.58,20.5,21.36,16788160,346402000.0,39261,,5924824.0,35.29,new
SYNGENE,EQ,2026-09-04,399.7,403.15,394.3,395.6,395.15,400.8,522372,207177000.0,19456,,314091.0,60.13,new
SYNOPTICS,ST,2026-09-04,47.2,49.35,44.65,49.35,49.35,47.0,6000,281000.0,10,,5400.0,90.0,new
SYRMA,EQ,2026-09-04,1455.2,1470.0,1450.4,1457.3,1460.0,1452.8,569018,830434000.0,34619,,274403.0,48.22,new
SYSTANGO,SM,2026-09-04,228.0,230.2,223.25,225.25,223.25,230.1,12800,2892000.0,31,,9600.0,75.0,new
SYSTMTXC,BE,2026-09-04,58.0,60.23,56.0,60.23,60.23,57.37,72839,4352000.0,83,,,,new
TAALTECH,EQ,2026-09-04,4600.0,4634.8,4475.2,4502.2,4510.0,4496.0,5834,26583000.0,1322,,3740.0,64.11,new
TAC,ST,2026-09-04,431.0,445.0,424.6,433.35,433.0,437.25,22800,9915000.0,101,,18400.0,80.7,new
TAINWALCHM,EQ,2026-09-04,207.63,215.5,207.6,213.71,213.75,207.63,1124,238000.0,24,,922.0,82.03,new
TAJGVK,EQ,2026-09-04,333.7,336.5,330.35,332.55,335.8,333.8,150325,50198000.0,2772,,66815.0,44.45,new
TAKE,EQ,2026-09-04,12.52,13.82,12.52,13.82,13.82,13.17,918186,11878000.0,912,,722882.0,78.73,new
TALBROAUTO,EQ,2026-09-04,412.15,413.45,401.5,407.75,408.0,412.15,76183,30993000.0,3610,,42985.0,56.42,new
TAMBOLIIN,BE,2026-09-04,255.0,261.5,250.0,259.7,258.0,250.0,11736,3023000.0,80,,,,new
TANAA,EQ,2026-09-04,282.35,287.4,280.0,282.15,284.7,282.35,9298,2642000.0,441,,6194.0,66.62,new
TANKUP,ST,2026-09-04,1639.0,1639.0,1598.0,1598.0,1598.0,1608.35,2250,3639000.0,7,,2250.0,100.0,new
TANLA,EQ,2026-09-04,515.45,528.95,515.45,521.15,521.3,514.8,368770,192267000.0,12911,,138627.0,37.59,new
TARACHAND,EQ,2026-09-04,48.75,49.39,48.0,48.78,48.94,48.33,54428,2650000.0,1343,,18106.0,33.27,new
TARAPUR,EQ,2026-09-04,13.55,13.55,12.21,13.03,13.21,13.33,46363,597000.0,303,,33584.0,72.44,new
TARC,EQ,2026-09-04,124.2,127.98,123.05,126.99,127.0,124.19,355398,44990000.0,4209,,211161.0,59.42,new
TARIL,EQ,2026-09-04,301.15,305.3,300.0,300.95,302.0,300.6,752285,227208000.0,15735,,297965.0,39.61,new
TARMAT,EQ,2026-09-04,64.49,64.79,60.55,61.23,60.55,64.49,36316,2278000.0,623,,22442.0,61.8,new
TARSONS,EQ,2026-09-04,336.5,341.4,333.0,335.55,333.6,336.5,63661,21481000.0,1903,,27484.0,43.17,new
TASTYBITE,EQ,2026-09-04,10132.0,10224.0,9945.0,9982.0,10010.0,10052.0,1301,13037000.0,513,,708.0,54.42,new
TATACAP,EQ,2026-09-04,371.85,376.85,371.3,375.05,375.25,371.85,1331842,498921000.0,22145,,922976.0,69.3,new
TATACHEM,EQ,2026-09-04,630.0,634.5,624.0,625.1,624.7,641.35,991042,622282000.0,27730,,399356.0,40.3,new
TATACOMM,EQ,2026-09-04,1696.4,1763.0,1696.4,1756.1,1751.6,1696.4,276930,483458000.0,26714,,129690.0,46.83,new
TATACONSUM,EQ,2026-09-04,1020.0,1022.9,1008.5,1010.0,1010.0,1019.2,1030689,1044106000.0,33815,,706746.0,68.57,new
TATAELXSI,EQ,2026-09-04,3625.0,3659.5,3525.0,3558.0,3558.0,3580.0,203529,729966000.0,17517,,84251.0,41.4,new
TATAGOLD,EQ,2026-09-04,14.82,15.04,14.82,14.94,14.95,14.82,44264152,661637000.0,64376,,17129570.0,38.7,new
TATAINVEST,EQ,2026-09-04,637.95,644.0,631.55,633.7,636.8,637.95,130701,83300000.0,6814,,54718.0,41.87,new
TATAPOWER,EQ,2026-09-04,365.1,368.5,364.1,368.0,368.0,365.7,3826383,1403869000.0,35646,,2222447.0,58.08,new
TATASTEEL,EQ,2026-09-04,184.2,189.9,182.84,188.79,188.79,184.2,36500951,6838452000.0,121419,,16871357.0,46.22,new
TATATECH,EQ,2026-09-04,808.05,830.95,796.1,800.0,802.0,805.1,1067933,865987999.9999999,49944,,355771.0,33.31,new
TATSILV,EQ,2026-09-04,22.35,22.79,22.35,22.62,22.64,22.34,34470366,779462000.0,38486,,15953635.0,46.28,new
TATVA,EQ,2026-09-04,1609.9,1688.0,1580.1,1678.5,1677.0,1596.2,85803,141769000.0,9319,,45414.0,52.93,new
TAURIAN,ST,2026-09-04,506.0,506.0,483.2,494.0,494.0,506.0,15200,7475000.0,19,,10400.0,68.42,new
TBI,SM,2026-09-04,73.8,75.9,73.0,73.55,73.5,72.7,125400,9314000.0,97,,96600.0,77.03,new
TBOTEK,EQ,2026-09-04,1733.7,1734.9,1671.5,1688.9,1679.0,1733.7,66445,113191000.00000001,5726,,32202.0,48.46,new
TBZ,EQ,2026-09-04,456.0,480.85,456.0,480.85,480.85,437.15,3486401,1646736000.0,34113,,1008033.0,28.91,new
TCC,EQ,2026-09-04,47.33,49.22,43.8,44.1,44.0,233.13,578711,26914000.0,6528,,338025.0,58.41,new
TCI,EQ,2026-09-04,874.8,888.25,864.0,868.2,868.0,870.9,18074,15713000.0,2514,,10507.0,58.13,new
TCIEXP,EQ,2026-09-04,549.5,557.0,539.0,552.9,554.0,541.3,65210,35915000.0,3709,,34630.0,53.11,new
TCIFINANCE,BE,2026-09-04,15.78,15.78,14.41,15.1,15.34,15.08,19130,288000.0,75,,,,new
TCL,SM,2026-09-04,123.6,124.5,120.1,123.0,123.0,123.6,28800,3535000.0,36,,20000.0,69.44,new
TCPLPACK,EQ,2026-09-04,3971.4,4157.2,3921.0,4091.9,4140.0,3956.6,15468,63229000.0,3729,,6964.0,45.02,new
TCS,EQ,2026-09-04,2330.0,2363.9,2302.4,2304.0,2304.0,2320.1,2564322,5951009000.0,112846,,1542024.0,60.13,new
TDPOWERSYS,EQ,2026-09-04,723.0,742.8,717.95,740.1,739.5,722.55,1283741,941803000.0000001,71146,,678882.0,52.88,new
TEAMGTY,EQ,2026-09-04,243.68,243.68,235.1,235.29,235.1,243.68,684,162000.0,35,,351.0,51.32,new
TEAMLEASE,EQ,2026-09-04,1260.0,1280.0,1235.0,1250.6,1252.0,1250.0,29000,36289000.0,3424,,16855.0,58.12,new
TEAMTECH,ST,2026-09-04,136.0,137.0,136.0,137.0,137.0,138.0,8000,1090000.0,4,,8000.0,100.0,new
TECH,EQ,2026-09-04,33.99,34.62,33.33,33.81,33.75,33.82,18515,627000.0,177,,11732.0,63.36,new
TECHD,SM,2026-09-04,531.1,535.0,528.0,533.55,535.0,531.0,19500,10363000.0,60,,17100.0,87.69,new
TECHERA,SM,2026-09-04,158.65,161.8,156.25,160.9,160.9,158.8,19200,3057000.0,24,,14400.0,75.0,new
TECHLABS,SM,2026-09-04,121.0,121.0,114.0,115.2,116.75,118.3,15125,1773000.0,78,,13500.0,89.26,new
TECHM,EQ,2026-09-04,1605.1,1623.4,1586.9,1596.9,1596.9,1598.0,1173518,1874571000.0,27058,,668526.0,56.97,new
TECHNOCRAF,EQ,2026-09-04,372.0,373.65,363.1,366.1,366.5,373.2,476411,175487000.0,9749,,193759.0,40.67,new
TECHNOE,EQ,2026-09-04,975.0,983.35,969.3,979.5,978.0,973.65,82871,80874000.0,7651,,45610.0,55.04,new
TECHNVISN,EQ,2026-09-04,5135.0,5135.0,4880.0,4917.5,4880.0,5136.5,1147,5640000.0,260,,809.0,70.53,new
TECILCHEM,EQ,2026-09-04,10.1,10.2,9.6,9.72,9.9,9.98,21289,208000.0,78,,12949.0,60.82,new
TEGA,EQ,2026-09-04,1555.8,1558.0,1536.0,1548.0,1540.1,1552.8,55328,85538000.0,4706,,33062.0,59.76,new
TEJA,SM,2026-09-04,235.0,238.0,231.0,236.05,236.7,240.3,58800,13868000.0,62,,44400.0,75.51,new
TEJASNET,EQ,2026-09-04,570.0,622.8,570.0,614.15,612.0,567.45,26085952,15898465000.0,340750,,3265470.0,12.52,new
TEMBO,EQ,2026-09-04,56.1,61.2,55.4,58.47,60.5,55.94,7416209,432121000.0,10506,,1886785.0,25.44,new
TEMPSENS,EQ,2026-09-04,570.8,573.75,547.55,554.8,552.8,568.55,2650794,1486501000.0,42688,,700606.0,26.43,new
TENNIND,EQ,2026-09-04,519.8,521.6,513.6,517.55,519.15,515.7,581989,301062000.0,24132,,318693.0,54.76,new
TERAI,EQ,2026-09-04,121.1,132.95,121.1,121.43,121.26,124.3,1068,131000.0,32,,1005.0,94.1,new
TERASOFT,EQ,2026-09-04,282.0,296.55,279.7,283.4,282.05,281.3,41365,11896000.0,1207,,18834.0,45.53,new
TEXINFRA,EQ,2026-09-04,116.32,117.14,114.5,115.02,115.0,116.7,122665,14138000.0,1077,,89168.0,72.69,new
TEXMOPIPES,EQ,2026-09-04,45.9,46.45,45.31,46.23,46.45,45.49,23440,1079000.0,267,,18284.0,78.0,new
TEXRAIL,EQ,2026-09-04,113.6,117.53,113.33,115.99,115.75,113.63,3746637,435010000.00000006,22755,,1816179.0,48.47,new
TFCILTD,EQ,2026-09-04,147.19,147.39,142.4,143.26,143.16,146.71,8211306,1185422000.0,17636,,3307944.0,40.29,new
TFL,EQ,2026-09-04,12.56,12.74,12.26,12.36,12.4,12.56,23861,296000.0,50,,23585.0,98.84,new
TGBHOTELS,EQ,2026-09-04,10.0,10.0,9.35,9.48,9.5,9.69,24575,233000.0,150,,13546.0,55.12,new
TGL,ST,2026-09-04,18.05,18.05,18.05,18.05,18.05,18.4,400,7000.000000000001,2,,400.0,100.0,new
TGVSL,EQ,2026-09-04,109.8,114.24,108.01,109.98,109.85,108.57,615070,68556000.0,5521,,360353.0,58.59,new
THACKER,BE,2026-09-04,1002.0,1050.0,980.0,1050.0,1050.0,1002.0,38,38000.0,14,,,,new
THAKDEV,EQ,2026-09-04,144.0,144.0,137.0,144.0,144.0,147.0,33,5000.0,7,,33.0,100.0,new
THANGAMAYL,EQ,2026-09-04,5293.5,5351.5,5232.0,5332.0,5349.0,5295.0,65612,348456000.0,13547,,36824.0,56.12,new
THEINVEST,EQ,2026-09-04,98.11,98.11,94.61,95.0,94.75,98.1,3714,356000.0,172,,2488.0,66.99,new
THEJO,EQ,2026-09-04,2081.0,2142.0,2081.0,2125.3,2112.5,2091.0,5621,11895000.0,668,,4038.0,71.84,new
THELEELA,EQ,2026-09-04,564.45,567.85,550.0,554.05,556.0,566.05,561774,313500000.0,16509,,388051.0,69.08,new
THEMISMED,EQ,2026-09-04,125.27,128.08,119.71,120.42,120.25,124.87,159319,19659000.0,2791,,76646.0,48.11,new
THERMAX,EQ,2026-09-04,3739.0,3765.6,3617.0,3637.6,3650.0,3733.9,258180,945067000.0,35265,,136776.0,52.98,new
THOMASCOOK,EQ,2026-09-04,106.0,112.94,106.0,111.65,111.5,106.31,2297803,253665000.0,19887,,801467.0,34.88,new
THOMASCOTT,EQ,2026-09-04,261.05,269.65,258.5,262.75,265.0,260.95,44350,11754000.0,1716,,27165.0,61.25,new
THYROCARE,EQ,2026-09-04,575.05,581.9,573.35,576.15,576.4,578.65,137365,79357000.0,17438,,76187.0,55.46,new
TI,EQ,2026-09-04,540.0,540.9,520.0,535.1,535.0,544.25,540041,287073000.0,19586,,241461.0,44.71,new
TICL,BE,2026-09-04,8.19,8.4,8.08,8.12,8.17,8.08,51861,425000.0,144,,,,new
TIGERLOGS,EQ,2026-09-04,29.88,29.88,28.16,28.61,28.6,29.22,168111,4870000.0,557,,149240.0,88.77,new
TIIL,EQ,2026-09-04,3283.7,3346.2,3152.3,3194.6,3192.2,3267.4,25085,81073000.0,4689,,12839.0,51.18,new
TIINDIA,EQ,2026-09-04,2727.0,2727.0,2685.0,2698.0,2698.0,2735.4,173117,467052000.00000006,18353,,101183.0,58.45,new
TIJARIA,BE,2026-09-04,9.4,9.54,9.4,9.54,9.54,9.09,250018,2381000.0,167,,,,new
TIL,BE,2026-09-04,249.98,257.25,246.0,252.88,255.0,245.0,296756,75108000.0,1110,,,,new
TIMETECHNO,EQ,2026-09-04,189.4,191.15,188.0,188.49,188.83,189.36,1385822,263040000.0,11544,,322959.0,23.3,new
TIMEX,EQ,2026-09-04,654.85,674.0,646.3,669.85,670.0,649.55,323553,214306000.0,23545,,139714.0,43.18,new
TIMKEN,EQ,2026-09-04,3124.9,3139.3,3100.0,3125.3,3125.2,3124.8,15156,47308000.0,4681,,8013.0,52.87,new
TINNARUBR,EQ,2026-09-04,1057.8,1057.8,1017.2,1028.2,1034.6,1036.8,38228,39518000.0,2812,,15457.0,40.43,new
TIPSFILMS,EQ,2026-09-04,332.0,338.0,330.0,331.0,330.5,331.35,4667,1553000.0,275,,3501.0,75.02,new
TIPSMUSIC,EQ,2026-09-04,651.9,656.65,642.0,649.75,650.45,652.05,146163,94924000.0,19291,,73539.0,50.31,new
TIRUMALCHM,EQ,2026-09-04,158.7,159.52,156.21,157.19,157.5,157.86,236650,37363000.0,4002,,121437.0,51.32,new
TIRUPATI,SM,2026-09-04,308.0,308.0,308.0,308.0,308.0,324.0,125,39000.0,1,,125.0,100.0,new
TIRUPATIFL,BE,2026-09-04,67.26,70.0,67.26,69.05,69.0,68.42,202133,13957000.0,930,,,,new
TITAGARH,EQ,2026-09-04,848.0,898.0,845.0,871.85,872.3,844.2,3001183,2642249000.0,92110,,795372.0,26.5,new
TITAN,EQ,2026-09-04,5010.0,5022.0,4980.0,5020.0,5020.0,5027.0,310845,1554779000.0,34506,,163490.0,52.6,new
TMB,EQ,2026-09-04,949.95,949.95,929.0,932.45,935.0,942.45,131784,123119000.0,7872,,62086.0,47.11,new
TMCV,EQ,2026-09-04,462.85,469.2,456.2,458.2,457.5,460.35,6245264,2887323000.0,106104,,2825106.0,45.24,new
TMPV,EQ,2026-09-04,312.0,315.5,310.65,311.5,311.5,312.0,4010174,1254811000.0,46778,,1945548.0,48.52,new
TNIDETF,EQ,2026-09-04,88.73,92.17,88.73,90.94,90.6,91.01,57515,5243000.0,389,,46822.0,81.41,new
TNPETRO,EQ,2026-09-04,136.99,136.99,131.55,132.7,133.0,137.81,1119931,150743000.0,12495,,432771.0,38.64,new
TNPL,EQ,2026-09-04,154.36,158.8,152.5,155.75,156.5,154.36,382264,59499000.0,8632,,151883.0,39.73,new
TNTELE,EQ,2026-09-04,8.83,9.07,8.83,8.88,8.89,8.86,22878,204000.0,147,,16447.0,71.89,new
TOKYOPLAST,EQ,2026-09-04,75.14,77.68,75.14,76.51,77.0,77.79,1924,146000.0,33,,1772.0,92.1,new
TOLINS,EQ,2026-09-04,91.7,93.5,90.16,91.98,92.0,91.94,44505,4083000.0,817,,30186.0,67.83,new
TOP100CASE,EQ,2026-09-04,10.54,10.57,10.5,10.54,10.56,10.52,498182,5255000.0,1015,,345102.0,69.27,new
TOP10ADD,EQ,2026-09-04,88.04,88.3,87.81,87.98,88.08,87.79,305895,26922000.000000004,452,,233538.0,76.35,new
TOP15IETF,EQ,2026-09-04,9.81,9.95,9.78,9.82,9.85,9.82,89010,873000.0,186,,47845.0,53.75,new
TOP20,EQ,2026-09-04,8.9,8.91,8.86,8.88,8.87,8.88,28580,254000.0,118,,27559.0,96.43,new
TORNTPHARM,EQ,2026-09-04,4930.0,4941.0,4823.0,4857.0,4857.0,4905.5,322787,1568119000.0,27675,,213801.0,66.24,new
TORNTPOWER,EQ,2026-09-04,1289.9,1308.0,1260.2,1299.1,1302.0,1289.3,398524,513745000.0,29173,,149160.0,37.43,new
TOTAL,EQ,2026-09-04,69.61,74.8,69.1,70.88,71.45,70.31,4743,334000.0,116,,3245.0,68.42,new
TOUCHWOOD,EQ,2026-09-04,58.61,62.86,57.6,62.81,62.86,59.2,1237,75000.0,54,,1093.0,88.36,new
TOYAMSL,EQ,2026-09-04,0.62,0.62,0.6,0.61,0.62,0.61,129950,80000.0,151,,109248.0,84.07,new
TPHQ,BE,2026-09-04,0.55,0.56,0.53,0.55,0.55,0.55,1307895,703000.0,483,,,,new
TPLPLASTEH,EQ,2026-09-04,72.53,73.39,70.81,71.74,72.0,72.53,117553,8480000.0,1088,,39952.0,33.99,new
TRACXN,EQ,2026-09-04,30.08,30.12,29.8,29.96,29.88,29.94,191760,5752000.0,543,,176696.0,92.14,new
TRANSCOR,EQ,2026-09-04,24.9,25.6,24.47,25.49,25.49,24.97,2509,63000.0,28,,2508.0,99.96,new
TRANSPEK,BE,2026-09-04,1459.5,1459.5,1370.0,1446.5,1459.5,1390.0,13477,19506000.0,336,,,,new
TRANSRAILL,EQ,2026-09-04,428.05,434.7,428.05,429.3,432.0,427.45,313125,134901000.0,9964,,151041.0,48.24,new
TRANSTEEL,SM,2026-09-04,77.0,77.5,75.45,75.9,75.5,76.7,56000,4277000.0,40,,33000.0,58.93,new
TRANSWORLD,BE,2026-09-04,169.0,172.38,169.0,171.0,171.0,169.0,5598,955000.0000000001,45,,,,new
TRAVELFOOD,EQ,2026-09-04,1278.4,1304.5,1270.0,1296.3,1300.0,1278.4,61349,78639000.0,4028,,46423.0,75.67,new
TREEHOUSE,EQ,2026-09-04,6.42,6.44,5.73,6.29,6.35,6.22,26470,161000.0,171,,17415.0,65.79,new
TREJHARA,EQ,2026-09-04,148.83,154.65,146.5,152.01,153.45,145.99,18766,2816000.0,400,,14606.0,77.83,new
TREL,EQ,2026-09-04,26.94,27.69,26.8,27.44,27.48,26.94,215792,5881000.0,3571,,150252.0,69.63,new
TRENT,EQ,2026-09-04,2849.0,2879.0,2833.2,2853.0,2853.0,2815.6,577393,1651638000.0,49772,,208455.0,36.1,new
TRF,EQ,2026-09-04,231.9,232.0,229.13,231.59,231.64,230.03,4712,1085000.0,235,,3297.0,69.97,new
TRIDENT,EQ,2026-09-04,24.03,24.59,23.97,24.16,24.2,23.99,3292066,79633000.0,10401,,1390895.0,42.25,new
TRIGYN,EQ,2026-09-04,59.89,60.4,57.66,58.97,59.47,59.6,99874,5859000.0,2412,,50184.0,50.25,new
TRITONV,EQ,2026-09-04,1100.0,1150.0,1100.0,1136.1,1140.0,1115.5,2321,2632000.0,280,,1524.0,65.66,new
TRITURBINE,EQ,2026-09-04,573.9,582.65,571.35,577.3,578.0,571.7,254725,147007000.0,42114,,144184.0,56.6,new
TRIVENI,EQ,2026-09-04,281.9,281.9,274.5,275.65,276.0,280.5,472150,130708999.99999999,9430,,226213.0,47.91,new
TROM,SM,2026-09-04,60.35,60.55,59.5,59.5,59.5,60.35,9000,540000.0,12,,9000.0,100.0,new
TRU,EQ,2026-09-04,4.05,4.13,4.0,4.05,4.02,4.08,93025,378000.0,183,,59765.0,64.25,new
TRUALT,EQ,2026-09-04,426.4,430.95,420.4,425.25,425.2,426.4,121440,51721000.0,4284,,68803.0,56.66,new
TRUST,SM,2026-09-04,30.95,31.0,29.5,30.0,30.0,31.4,19200,578000.0,23,,16800.0,87.5,new
TSC,ST,2026-09-04,43.05,43.05,43.0,43.05,43.05,41.0,42000,1807000.0,14,,42000.0,100.0,new
TSFINV,EQ,2026-09-04,406.3,415.0,402.05,404.7,407.4,406.05,57607,23455000.0,2499,,27301.0,47.39,new
TTKHLTCARE,EQ,2026-09-04,1107.0,1123.2,1086.1,1100.2,1100.0,1103.2,19761,21702000.0,2255,,11117.0,56.26,new
TTKPRESTIG,EQ,2026-09-04,582.05,586.65,560.3,562.75,563.5,583.95,90200,51337000.0,6382,,42295.0,46.89,new
TTL,EQ,2026-09-04,7.03,7.08,6.77,6.81,6.87,6.86,210015,1440000.0,356,,140410.0,66.86,new
TTML,EQ,2026-09-04,38.0,38.45,37.65,37.74,37.7,38.01,1380442,52399000.0,6995,,575649.0,41.7,new
TUNWAL,SM,2026-09-04,25.35,25.55,25.0,25.1,25.05,25.25,68000,1718000.0,30,,44000.0,64.71,new
TURTLEMINT,EQ,2026-09-04,145.45,146.04,142.66,144.08,144.0,144.29,385856,55653000.0,9478,,179323.0,46.47,new
TUTIALKA,EQ,2026-09-04,62.35,62.9,59.05,60.36,60.25,61.0,28654,1732000.0,203,,25329.0,88.4,new
TVSELECT,EQ,2026-09-04,422.35,426.0,416.1,420.85,423.0,421.3,16780,7073000.0,973,,8218.0,48.97,new
TVSHLTD,EQ,2026-09-04,13140.0,13499.0,13140.0,13374.0,13395.0,13156.0,7881,105423000.0,2516,,3721.0,47.21,new
TVSMOTOR,EQ,2026-09-04,4181.2,4200.0,4127.8,4133.1,4133.1,4200.0,424571,1763495000.0,38869,,215535.0,50.77,new
TVSSCS,EQ,2026-09-04,129.6,132.53,126.96,130.41,130.6,129.53,926210,120313000.00000001,12531,,328504.0,35.47,new
TVSSRICHAK,EQ,2026-09-04,5330.0,5404.5,5220.0,5237.5,5220.0,5249.0,12133,64335000.0,2823,,4044.0,33.33,new
TVTODAY,EQ,2026-09-04,112.75,112.75,110.09,110.95,110.75,111.14,34674,3843000.0,260,,29645.0,85.5,new
TVVISION,BE,2026-09-04,3.45,3.56,3.23,3.38,3.38,3.4,52947,175000.0,95,,,,new
TWCGOLDETF,EQ,2026-09-04,152.95,153.52,152.54,152.93,153.12,152.19,5230,800000.0,119,,3078.0,58.85,new
UBL,EQ,2026-09-04,1299.0,1326.0,1277.0,1279.4,1279.0,1284.2,352868,455984000.0,27321,,191328.0,54.22,new
UCAL,BE,2026-09-04,151.0,151.0,145.0,146.02,147.45,148.08,10841,1592000.0,101,,,,new
UCOBANK,EQ,2026-09-04,24.65,25.02,24.55,24.78,24.8,24.64,5993994,148781000.0,13828,,2134107.0,35.6,new
UDAYJEW,EQ,2026-09-04,143.0,143.2,136.7,143.0,143.0,138.14,3159,449000.0,110,,2507.0,79.36,new
UDS,EQ,2026-09-04,240.0,240.3,231.6,239.03,238.35,236.61,487592,115242000.0,9651,,269527.0,55.28,new
UEL,EQ,2026-09-04,236.99,241.6,234.2,241.6,241.6,230.1,18811,4511000.0,301,,12244.0,65.09,new
UFBL,BE,2026-09-04,719.9,735.0,696.1,700.35,697.5,719.2,76997,55613000.0,2318,,,,new
UFLEX,EQ,2026-09-04,683.3,691.45,671.4,675.6,677.0,686.7,168967,114760999.99999999,5807,,83583.0,49.47,new
UFO,EQ,2026-09-04,66.4,66.4,64.25,65.09,65.02,65.44,42873,2801000.0,398,,24200.0,56.45,new
UGARSUGAR,EQ,2026-09-04,58.4,58.5,53.01,53.35,53.29,58.56,1348315,73345000.0,8614,,704641.0,52.26,new
UGROCAP,EQ,2026-09-04,85.1,87.25,84.67,86.35,86.0,84.89,574138,49800000.0,2153,,98255.0,17.11,new
UHTL,ST,2026-09-04,158.4,158.4,158.4,158.4,158.4,155.3,368000,58291000.0,56,,354000.0,96.2,new
UJJIVANSFB,EQ,2026-09-04,62.99,64.88,62.9,64.43,64.51,62.99,12168369,781074000.0,53653,,6525101.0,53.62,new
ULTRACEMCO,EQ,2026-09-04,11357.0,11434.0,11292.0,11408.0,11408.0,11275.0,280870,3186985000.0,34646,,172865.0,61.55,new
ULTRAMAR,EQ,2026-09-04,441.95,446.5,434.7,437.15,439.25,435.15,84008,37105000.0,3580,,49542.0,58.97,new
UMA,SM,2026-09-04,17.3,18.0,17.3,18.0,18.0,17.55,8000,141000.0,2,,4000.0,50.0,new
UMAEXPORTS,BE,2026-09-04,23.97,23.97,23.97,23.97,23.97,24.45,8944,214000.0,34,,,,new
UMESLTD,EQ,2026-09-04,5.4,5.4,4.8,5.09,5.1,5.0,12835,65000.0,140,,10495.0,81.77,new
UMIYA-MRO,EQ,2026-09-04,98.7,105.9,98.7,104.42,103.9,96.84,137662,14255000.000000002,1798,,82053.0,59.6,new
UNICHEMLAB,EQ,2026-09-04,551.95,557.9,546.55,550.2,549.0,547.95,56415,31160000.000000004,2615,,26062.0,46.2,new
UNIDT,BE,2026-09-04,222.0,230.0,217.0,225.46,228.0,221.96,31227,7072000.0,190,,,,new
UNIECOM,EQ,2026-09-04,86.85,88.0,84.1,87.62,87.34,85.93,273184,23715000.0,2434,,141541.0,51.81,new
UNIENTER,EQ,2026-09-04,96.0,96.0,93.0,93.19,93.07,94.06,6732,632000.0,130,,5082.0,75.49,new
UNIHEALTH,SM,2026-09-04,719.95,725.0,700.0,724.0,725.0,719.95,11500,8230000.0,18,,9000.0,78.26,new
UNIINFO,EQ,2026-09-04,11.26,11.26,10.95,11.0,11.0,11.26,1618,18000.0,18,,1618.0,100.0,new
UNILEX,SM,2026-09-04,28.25,28.25,27.75,27.75,27.75,27.45,3200,90000.0,2,,1600.0,50.0,new
UNIMECH,EQ,2026-09-04,1476.0,1517.0,1468.4,1502.7,1508.0,1465.3,179849,268932000.0,14610,,76522.0,42.55,new
UNIONBANK,EQ,2026-09-04,189.0,189.95,187.05,187.22,187.22,189.0,7910433,1489579000.0,33032,,3932062.0,49.71,new
UNIONGOLD,EQ,2026-09-04,153.1,153.1,150.15,150.2,150.15,149.6,1581,238000.0,74,,942.0,59.58,new
UNIPARTS,EQ,2026-09-04,895.4,899.9,850.0,874.05,880.0,899.9,311978,272852000.0,18351,,122819.0,39.37,new
UNITDSPR,EQ,2026-09-04,1488.1,1489.9,1462.5,1471.7,1471.7,1488.9,357038,525520000.0,16830,,211468.0,59.23,new
UNITECH,EQ,2026-09-04,3.71,4.08,3.71,4.08,4.08,3.71,14406516,57902000.0,3337,,8047913.0,55.86,new
UNITEDPOLY,EQ,2026-09-04,40.5,42.0,40.0,41.66,42.0,40.41,210611,8730000.0,1047,,141973.0,67.41,new
UNITEDTEA,EQ,2026-09-04,448.95,449.0,441.0,442.8,444.0,447.05,7393,3277000.0000000005,123,,6119.0,82.77,new
UNIVASTU,BE,2026-09-04,170.1,173.84,163.1,168.34,167.0,168.4,70087,11762000.0,592,,,,new
UNIVCABLES,EQ,2026-09-04,1631.0,1649.9,1540.0,1576.3,1576.0,1626.8,278353,439650000.0,23447,,141964.0,51.0,new
UNIVPHOTO,BE,2026-09-04,456.5,490.6,456.5,490.4,490.6,467.25,2480,1206000.0,85,,,,new
UNOMINDA,EQ,2026-09-04,1258.0,1260.3,1237.5,1249.7,1249.7,1269.0,574742,714220000.0,23640,,320071.0,55.69,new
UPL,EQ,2026-09-04,581.05,589.4,579.45,582.15,582.15,585.35,1730115,1011614000.0,29048,,1067035.0,61.67,new
URAVIDEF,BE,2026-09-04,120.0,120.0,118.18,118.2,118.2,120.59,2586,306000.0,36,,,,new
URBAN,SM,2026-09-04,119.55,121.5,116.65,117.6,117.55,119.85,43200,5089000.0,47,,38400.0,88.89,new
URBANCO,EQ,2026-09-04,177.8,183.97,176.27,181.09,182.0,177.46,6940698,1244690000.0,47935,,2558517.0,36.86,new
URJA,EQ,2026-09-04,9.06,9.69,9.04,9.18,9.19,9.15,672065,6187000.0,1966,,351669.0,52.33,new
USASEEDS,SM,2026-09-04,85.0,92.4,84.4,92.4,92.4,88.8,1284,112000.00000000001,3,,1284.0,100.0,new
USHAFIN,SM,2026-09-04,51.5,54.95,51.25,54.7,54.7,51.0,57600,3058000.0,23,,57600.0,100.0,new
USHAMART,EQ,2026-09-04,518.0,529.3,511.1,514.15,512.0,515.65,1631592,849129000.0000001,39970,,607177.0,37.21,new
USK,EQ,2026-09-04,21.24,21.24,20.4,20.99,21.09,20.61,17245,359000.0,147,,15852.0,91.92,new
UTIAMC,EQ,2026-09-04,880.35,885.0,877.6,880.55,880.0,880.4,48517,42783000.0,3902,,29958.0,61.75,new
UTKAL,SM,2026-09-04,49.2,49.2,48.95,48.95,48.95,46.9,4000,196000.0,2,,4000.0,100.0,new
UTKARSHBNK,EQ,2026-09-04,15.0,15.1,14.51,14.56,14.59,14.89,5961768,88160000.0,5603,,3478123.0,58.34,new
UTLSOLAR,EQ,2026-09-04,427.1,435.05,425.15,429.75,426.7,428.5,169583,72900000.0,6902,,94301.0,55.61,new
UTSSAV,ST,2026-09-04,446.0,468.3,440.0,468.3,468.3,446.0,24000,10932000.0,34,,21000.0,87.5,new
UTTAMSUGAR,EQ,2026-09-04,300.9,302.0,275.3,281.2,281.0,299.0,383064,109431000.0,8840,,137577.0,35.91,new
UYFINCORP,BE,2026-09-04,20.02,20.7,19.62,19.73,19.71,19.93,122444,2439000.0,301,,,,new
V2RETAIL,EQ,2026-09-04,219.94,219.94,211.31,216.5,216.2,219.0,1628077,350239000.0,24592,,905441.0,55.61,new
VADILALIND,EQ,2026-09-04,7581.5,7690.0,7522.0,7655.0,7630.5,7615.0,7172,54564000.0,2271,,3354.0,46.77,new
VADILENT,EQ,2026-09-04,10489.0,10489.0,9600.0,10045.0,10329.0,10495.0,35,356000.0,32,,32.0,91.43,new
VAIBHAVGBL,EQ,2026-09-04,215.3,224.49,215.3,218.74,219.01,215.3,304029,67129000.0,8130,,101058.0,33.24,new
VAISHALI,EQ,2026-09-04,8.44,8.54,8.16,8.32,8.4,8.36,68892,576000.0,232,,50873.0,73.84,new
VAKRANGEE,EQ,2026-09-04,5.8,5.89,5.7,5.79,5.81,5.8,1296846,7484999.999999999,1962,,729778.0,56.27,new
VAL30IETF,EQ,2026-09-04,15.24,15.24,15.11,15.19,15.2,15.14,111743,1696000.0,332,,68877.0,61.64,new
VALIANTLAB,BE,2026-09-04,105.97,105.97,105.0,105.97,105.97,100.93,71202,7545000.0,257,,,,new
VALIANTORG,BE,2026-09-04,321.6,330.0,317.0,320.25,319.1,316.15,45087,14643000.0,769,,,,new
VALUE,EQ,2026-09-04,16.12,16.17,16.07,16.15,16.15,16.09,15902,256000.0,52,,10506.0,66.07,new
VALUE360,SM,2026-09-04,69.0,74.3,69.0,74.0,74.0,74.9,6000,432000.0,5,,3600.0,60.0,new
VALUEAXIS,EQ,2026-09-04,32.6,32.9,32.55,32.88,32.89,32.71,20010,658000.0,231,,14309.0,71.51,new
VAML,EQ,2026-09-04,437.4,439.9,429.4,437.75,439.0,435.85,6641767,2885502000.0,74214,,3730657.0,56.17,new
VARDHACRLC,BE,2026-09-04,43.48,44.3,43.0,43.59,43.95,43.27,13445,588000.0,145,,,,new
VARDMNPOLY,EQ,2026-09-04,6.1,6.1,5.85,5.87,5.85,5.94,118267,699000.0,310,,95532.0,80.78,new
VARROC,EQ,2026-09-04,842.0,843.4,808.05,826.35,827.5,839.15,282257,231596999.99999997,14447,,136610.0,48.4,new
VASCONEQ,EQ,2026-09-04,30.13,30.85,29.82,30.47,30.63,30.05,205749,6235000.0,1192,,123422.0,59.99,new
VASUPRADA,EQ,2026-09-04,107.1,107.1,107.1,107.1,107.1,102.0,1,0.0,1,,1.0,100.0,new
VASWANI,EQ,2026-09-04,48.8,48.8,46.26,47.01,46.26,46.52,17934,846000.0000000001,197,,15339.0,85.53,new
VBL,EQ,2026-09-04,407.55,412.65,406.1,407.6,407.6,407.15,4144842,1693656000.0000002,42531,,2463230.0,59.43,new
VCL,BE,2026-09-04,1.58,1.58,1.58,1.58,1.58,1.66,461927,730000.0,170,,,,new
VDEAL,SM,2026-09-04,158.6,164.0,157.0,157.0,157.0,160.0,2400,382000.0,4,,2400.0,100.0,new
VEDAVAAG,EQ,2026-09-04,18.3,18.44,18.05,18.17,18.3,18.14,17174,313000.0,80,,16166.0,94.13,new
VEDL,EQ,2026-09-04,272.0,274.5,268.85,272.1,272.1,270.5,5992724,1627710000.0,52698,,2811726.0,46.92,new
VEDPOWER,EQ,2026-09-04,34.37,34.59,34.13,34.2,34.21,34.29,12242508,419843999.99999994,35209,,7039903.0,57.5,new
VEEDOL,EQ,2026-09-04,1464.9,1486.0,1464.9,1476.8,1472.7,1462.8,4888,7201000.000000001,1034,,2636.0,53.93,new
VEEKAYEM,SM,2026-09-04,111.0,114.5,108.65,113.05,109.0,114.35,7500,832000.0,15,,4500.0,60.0,new
VELJAN,BE,2026-09-04,1848.0,1890.0,1802.1,1878.9,1890.0,1848.4,1181,2224000.0,79,,,,new
VENKEYS,EQ,2026-09-04,1677.1,1683.9,1655.2,1659.6,1663.8,1677.1,25085,41792000.0,3287,,11570.0,46.12,new
VENTIVE,EQ,2026-09-04,594.45,594.45,581.95,588.2,587.15,585.7,16151,9468000.0,941,,8049.0,49.84,new
VENUSPIPES,EQ,2026-09-04,1607.6,1645.0,1596.0,1631.0,1625.0,1594.8,91566,148761000.0,6869,,42445.0,46.35,new
VENUSREM,BE,2026-09-04,1705.0,1778.8,1666.0,1694.4,1700.5,1701.9,30621,52311000.0,1377,,,,new
VERANDA,EQ,2026-09-04,244.3,244.44,239.01,242.63,244.0,242.27,139217,33608000.0,2225,,79151.0,56.85,new
VERITAAS,SM,2026-09-04,29.95,30.0,29.9,29.9,29.9,31.45,8400,250999.99999999997,6,,4800.0,57.14,new
VERTEXPLUS,SM,2026-09-04,51.7,56.7,51.3,56.7,56.7,54.0,3000,161000.0,5,,3000.0,100.0,new
VERTIS,IV,2026-09-04,115.05,115.05,115.05,115.05,115.05,115.0,50000,5753000.0,2,,50000.0,100.0,new
VERTOZ,EQ,2026-09-04,38.13,39.22,37.0,37.66,37.0,38.63,51344,1955000.0,503,,41111.0,80.07,new
VESUVIUS,EQ,2026-09-04,420.0,423.6,418.35,419.15,419.5,420.0,40711,17107000.0,2493,,25620.0,62.93,new
VETO,BE,2026-09-04,127.97,129.25,123.1,125.5,126.37,127.97,31452,3931000.0,123,,,,new
VGCL,EQ,2026-09-04,54.59,54.84,51.07,52.62,52.19,52.36,7319,390000.0,149,,4370.0,59.71,new
VGINFOTECH,SM,2026-09-04,143.8,143.95,138.0,139.4,139.9,143.75,64000,8960000.0,60,,54000.0,84.38,new
VGL,EQ,2026-09-04,57.0,58.95,51.35,53.31,52.5,56.56,123080,6631999.999999999,651,,63074.0,51.25,new
VGUARD,EQ,2026-09-04,339.5,339.5,329.05,335.4,335.0,339.25,751013,250167000.0,15035,,383120.0,51.01,new
VHL,EQ,2026-09-04,3590.0,3696.0,3590.0,3626.4,3637.0,3607.1,779,2831000.0,149,,581.0,74.58,new
VHLTD,BE,2026-09-04,116.39,118.44,116.39,118.21,117.26,116.39,25936,3053000.0,82,,,,new
VHLTD-RE1,BE,2026-09-04,0.49,0.49,0.49,0.49,0.49,0.35,93359,46000.0,24,,,,new
VICTORYEV,SM,2026-09-04,15.15,15.65,15.15,15.65,15.65,15.2,12000,185000.0,4,,12000.0,100.0,new
VIDHIING,EQ,2026-09-04,345.0,350.5,342.2,347.75,347.15,342.8,10251,3542000.0,471,,6103.0,59.54,new
VIDYAWIRES,EQ,2026-09-04,89.99,90.51,88.53,90.13,89.9,89.45,838636,75089000.0,8510,,399155.0,47.6,new
VIESL,SM,2026-09-04,393.0,398.0,384.0,393.1,388.0,396.35,44000,17184000.0,51,,30400.0,69.09,new
VIGOR,ST,2026-09-04,101.3,105.0,101.3,102.5,102.5,101.3,32000,3340000.0,20,,32000.0,100.0,new
VIJAYA,EQ,2026-09-04,1511.0,1521.6,1490.0,1493.2,1490.0,1505.5,45618,68471000.0,9312,,18501.0,40.56,new
VIJAYPD,SM,2026-09-04,67.6,67.6,63.0,63.0,63.0,69.9,54000,3445000.0000000005,9,,54000.0,100.0,new
VIJIFIN,BE,2026-09-04,16.58,16.58,16.58,16.58,16.58,16.26,20326,337000.0,44,,,,new
VIJSOLX,EQ,2026-09-04,678.0,693.7,678.0,687.7,693.7,684.4,222,153000.0,49,,162.0,72.97,new
VIKASECO,EQ,2026-09-04,1.08,1.09,1.07,1.07,1.07,1.08,1815757,1963000.0,1062,,1111595.0,61.22,new
VIKASLIFE,EQ,2026-09-04,1.3,1.31,1.28,1.29,1.3,1.3,1315249,1703000.0,8430,,832104.0,63.27,new
VIKRAMSOLR,EQ,2026-09-04,173.0,175.6,167.85,168.45,168.5,171.65,3550735,608903000.0,29320,,1540830.0,43.39,new
VIKRAN,EQ,2026-09-04,57.68,61.5,57.67,60.77,60.98,57.68,1930821,115452000.0,8512,,930340.0,48.18,new
VILAS,SM,2026-09-04,356.1,360.0,350.0,353.7,352.1,356.1,21750,7733000.0,68,,19250.0,88.51,new
VILINBIO,SM,2026-09-04,51.6,54.25,51.6,54.25,54.25,51.7,68000,3671000.0,17,,64000.0,94.12,new
VIMTALABS,EQ,2026-09-04,655.45,657.0,631.05,635.65,639.5,652.25,219490,141175000.0,11395,,88166.0,40.17,new
VINATIORGA,EQ,2026-09-04,1328.0,1336.0,1309.0,1310.7,1309.0,1313.7,57413,76001000.0,9076,,28805.0,50.17,new
VINCOFE,EQ,2026-09-04,176.8,177.66,168.18,170.65,171.1,176.48,2286890,397812000.0,19538,,864686.0,37.81,new
VINDHYATEL,EQ,2026-09-04,2748.0,2814.0,2710.0,2732.7,2717.0,2736.2,82288,227987000.0,9683,,29751.0,36.15,new
VINEETLAB,EQ,2026-09-04,37.7,38.29,36.82,37.37,37.35,37.5,38381,1439000.0,280,,26678.0,69.51,new
VINNY,EQ,2026-09-04,1.04,1.04,1.0,1.02,1.02,1.03,236444,242000.0,172,,196560.0,83.13,new
VINSYS,ST,2026-09-04,598.0,598.0,597.0,597.0,597.0,597.0,750,448000.00000000006,3,,750.0,100.0,new
VINYAS,SM,2026-09-04,1555.0,1600.0,1550.0,1559.35,1560.0,1537.55,6700,10536000.0,53,,4500.0,67.16,new
VINYLINDIA,EQ,2026-09-04,227.94,234.0,224.0,232.38,233.6,227.94,10241,2379000.0,314,,5073.0,49.54,new
VIPCLOTHNG,EQ,2026-09-04,20.5,20.7,19.92,20.15,20.19,20.17,82615,1669000.0000000002,309,,59730.0,72.3,new
VIPIND,EQ,2026-09-04,309.8,317.75,308.95,314.05,313.0,310.35,440277,138279000.0,6947,,168309.0,38.23,new
VIPULLTD,BE,2026-09-04,13.98,13.98,13.98,13.98,13.98,14.26,2455,34000.0,62,,,,new
VIRAT,EQ,2026-09-04,430.0,436.4,414.3,423.35,424.0,429.5,5617,2368000.0,128,,4547.0,80.95,new
VIRINCHI,EQ,2026-09-04,14.85,15.08,14.38,14.7,14.74,14.86,115200,1687000.0,265,,88993.0,77.25,new
VIRTUALG,BE,2026-09-04,0.49,0.49,0.47,0.47,0.48,0.48,279547,134000.0,269,,,,new
VISACHROME,EQ,2026-09-04,40.49,40.49,37.8,38.34,38.09,39.53,33107,1275000.0,207,,27871.0,84.18,new
VISAKAIND,EQ,2026-09-04,90.5,96.0,90.18,93.37,94.5,90.5,440201,40962000.0,4419,,222704.0,50.59,new
VISAMAN,SM,2026-09-04,61.4,61.4,61.4,61.4,61.4,64.6,521000,31989000.0,14,,521000.0,100.0,new
VISDEM,SM,2026-09-04,94.7,107.95,94.7,103.75,105.0,94.7,24000,2432000.0,20,,22800.0,95.0,new
VISHAL,EQ,2026-09-04,18.92,19.1,18.22,18.67,18.78,18.47,55662,1042000.0,353,,34737.0,62.41,new
VISHNU,EQ,2026-09-04,694.1,723.2,681.0,702.0,699.8,688.45,623372,441197000.0,25286,,240948.0,38.65,new
VISHNUINFR,SM,2026-09-04,160.0,160.5,158.0,158.0,158.0,160.55,1500,239000.0,3,,1500.0,100.0,new
VISHWARAJ,EQ,2026-09-04,6.0,6.03,5.86,5.9,5.9,5.93,290468,1718000.0,576,,203954.0,70.22,new
VISL,EQ,2026-09-04,36.25,36.44,34.76,35.39,35.76,36.07,28223582,1003254000.0000001,49071,,15837438.0,56.11,new
VITAL,EQ,2026-09-04,54.0,56.0,53.55,55.72,56.0,54.49,15658,857000.0,58,,15608.0,99.68,new
VIVIANA,BE,2026-09-04,761.0,804.7,751.25,804.7,804.7,766.4,24977,19681000.0,871,,,,new
VIVIDEL,SM,2026-09-04,1631.55,1648.0,1565.0,1591.6,1581.05,1631.55,27360,44099000.0,105,,23760.0,86.84,new
VIVIDHA,EQ,2026-09-04,0.52,0.54,0.5,0.52,0.53,0.5,80310,42000.0,131,,58859.0,73.29,new
VIVIMEDLAB,BE,2026-09-04,6.41,6.67,6.41,6.58,6.67,6.54,211247,1376000.0,172,,,,new
VIVOBIOT,EQ,2026-09-04,18.79,19.38,18.32,18.8,19.0,18.7,13081,248000.0,116,,10963.0,83.81,new
VIYASH,EQ,2026-09-04,260.8,268.3,260.75,265.85,266.15,260.45,3313584,878067000.0,26625,,1764700.0,53.26,new
VLEGOV,BE,2026-09-04,10.76,10.86,10.11,10.61,10.82,10.48,72389,778000.0,241,,,,new
VLINFRA,SM,2026-09-04,27.45,27.8,27.4,27.8,27.8,26.5,9000,248000.0,6,,9000.0,100.0,new
VLSFINANCE,EQ,2026-09-04,245.2,248.35,245.2,246.44,247.05,246.57,6476,1594000.0,156,,3789.0,58.51,new
VMARCIND,SM,2026-09-04,347.95,347.95,313.85,320.1,319.9,348.7,1140000,370330000.0,686,,615000.0,53.95,new
VMART,EQ,2026-09-04,841.0,847.0,813.3,824.2,822.1,839.1,68219,56503000.0,7962,,29249.0,42.88,new
VMM,EQ,2026-09-04,107.0,107.39,105.92,106.14,106.14,107.8,7783965,829985000.0,75778,,4737452.0,60.86,new
VMOBILE,SM,2026-09-04,59.05,60.0,58.85,58.85,58.85,61.0,4800,286000.0,6,,4800.0,100.0,new
VMSTMT,EQ,2026-09-04,46.0,46.0,45.02,45.46,45.36,45.53,19824,901000.0,236,,12753.0,64.33,new
VOEPL,EQ,2026-09-04,545.9,558.45,540.05,553.2,554.9,545.9,95767,52620000.00000001,2104,,62362.0,65.12,new
VOGL,EQ,2026-09-04,37.74,38.74,37.15,38.02,38.11,37.54,30917507,1175868000.0,46929,,9324956.0,30.16,new
VOITHPAPR,EQ,2026-09-04,1490.0,1504.4,1455.1,1458.6,1455.1,1480.2,643,950000.0,57,,546.0,84.91,new
VOLERCAR,SM,2026-09-04,214.95,252.0,214.95,246.95,252.0,210.0,160800,38209000.0,91,,90400.0,56.22,new
VOLTAMP,EQ,2026-09-04,11206.0,11550.0,11206.0,11418.0,11426.0,11182.0,50836,581443000.0,17493,,26904.0,52.92,new
VOLTAS,EQ,2026-09-04,1172.0,1189.7,1167.0,1170.0,1170.0,1178.0,460619,543177000.0,22604,,205848.0,44.69,new
VPRPL,EQ,2026-09-04,36.99,37.7,36.0,36.28,36.4,35.99,589692,21596000.0,3806,,201356.0,34.15,new
VRAJ,EQ,2026-09-04,122.26,125.71,120.24,121.71,122.48,122.71,12164,1489000.0,409,,8111.0,66.68,new
VRLLOG,EQ,2026-09-04,297.3,298.95,294.8,297.7,296.6,297.85,133531,39741000.0,5719,,98735.0,73.94,new
VSCL,SM,2026-09-04,21.0,21.0,20.9,20.9,20.9,21.95,21000,438999.99999999994,6,,15000.0,71.43,new
VSSL,EQ,2026-09-04,365.1,369.2,353.3,364.15,363.9,363.95,140547,50694000.0,4110,,66051.0,47.0,new
VSTIND,EQ,2026-09-04,207.95,209.02,207.21,208.15,208.3,207.96,96626,20112000.0,3519,,44449.0,46.0,new
VSTL,EQ,2026-09-04,115.15,118.35,115.0,117.66,117.2,115.15,22471,2629000.0,566,,15468.0,68.84,new
VSTTILLERS,EQ,2026-09-04,4196.1,4220.4,4151.8,4187.6,4152.5,4175.3,4042,16946000.0,951,,2481.0,61.38,new
VTL,EQ,2026-09-04,592.0,604.1,586.7,598.2,594.0,588.65,284973,169592000.0,11338,,96463.0,33.85,new
VTMLTD,EQ,2026-09-04,56.29,57.7,55.3,56.12,57.0,56.57,3172,180000.0,65,,2760.0,87.01,new
WAAREEENER,EQ,2026-09-04,2580.0,2650.0,2576.6,2635.0,2635.0,2579.9,547994,1432828000.0,32169,,224001.0,40.88,new
WAAREEINDO,EQ,2026-09-04,277.95,277.95,268.05,272.0,271.0,274.85,75519,20531000.0,1766,,43049.0,57.0,new
WAAREERTL,EQ,2026-09-04,847.9,863.6,847.9,858.95,860.45,847.9,81592,69709000.0,6906,,33849.0,41.49,new
WABAG,EQ,2026-09-04,2017.0,2031.2,1996.0,2005.3,2008.0,2011.1,193647,389142000.0,15725,,86961.0,44.91,new
WAKEFIT,EQ,2026-09-04,151.5,156.18,149.94,151.55,152.75,149.64,1231198,188255000.0,13903,,497696.0,40.42,new
WALCHANNAG,EQ,2026-09-04,206.94,212.0,206.94,208.61,208.6,206.13,400336,83722000.0,6130,,180763.0,45.15,new
WALPAR,SM,2026-09-04,23.75,23.75,23.75,23.75,23.75,24.1,2000,48000.0,1,,2000.0,100.0,new
WANBURY,EQ,2026-09-04,243.95,249.3,243.0,246.2,244.25,243.35,51910,12790000.0,1519,,26023.0,50.13,new
WARDINMOBI,EQ,2026-09-04,5.85,5.89,5.7,5.86,5.88,5.7,288674,1673999.9999999998,684,,226660.0,78.52,new
WATERBASE,EQ,2026-09-04,48.73,48.99,47.11,48.63,48.94,47.36,22127,1066000.0,174,,12852.0,58.08,new
WCIL,EQ,2026-09-04,84.4,84.76,83.06,83.38,83.06,83.96,25920,2177000.0,784,,14607.0,56.35,new
WEALTH,EQ,2026-09-04,850.0,850.0,831.15,841.7,848.4,847.5,1333,1124000.0,182,,1123.0,84.25,new
WEBELSOLAR,EQ,2026-09-04,77.6,79.8,73.55,74.53,74.25,77.33,2610445,199206000.0,15138,,1303455.0,49.93,new
WEIZMANIND,EQ,2026-09-04,76.78,76.78,72.2,74.5,74.79,74.21,1005,74000.0,47,,759.0,75.52,new
WEL,EQ,2026-09-04,79.25,79.25,75.41,76.03,76.0,79.37,1935872,147960000.0,8169,,1302975.0,67.31,new
WELCORP,EQ,2026-09-04,2649.2,2662.0,2566.0,2590.6,2573.9,2641.6,1247810,3260493000.0,90933,,510384.0,40.9,new
WELENT,EQ,2026-09-04,761.8,825.0,757.4,813.6,818.0,764.75,2915318,2347717000.0,76010,,817317.0,28.04,new
WELINV,BE,2026-09-04,2187.9,2230.7,2187.9,2230.7,2230.7,2187.0,89,198000.0,10,,,,new
WELSPLSOL,EQ,2026-09-04,56.95,59.95,56.01,59.55,59.85,56.02,4319775,253750000.0,19334,,1408979.0,32.62,new
WELSPUNLIV,EQ,2026-09-04,201.0,209.93,199.9,208.51,209.0,200.61,7470859,1540684000.0,54289,,2211003.0,29.6,new
WENDT,EQ,2026-09-04,8359.0,8360.0,8124.0,8160.0,8152.0,8307.0,4236,34737000.0,1236,,2310.0,54.53,new
WESTLIFE,EQ,2026-09-04,540.55,542.0,528.1,530.6,528.4,540.55,34235,18271000.0,2315,,19011.0,55.53,new
WEWIN,EQ,2026-09-04,42.0,45.25,40.83,41.91,41.25,42.53,2680,112000.00000000001,55,,1501.0,56.01,new
WEWORK,EQ,2026-09-04,662.0,681.65,659.25,666.95,668.75,654.7,335811,225976000.00000003,19077,,184900.0,55.06,new
WHBRADY,EQ,2026-09-04,500.3,500.3,480.0,482.2,481.3,497.85,248,121000.0,21,,237.0,95.56,new
WHEELS,EQ,2026-09-04,1660.0,1778.7,1645.2,1724.9,1725.0,1654.4,336451,577446000.0,28376,,122959.0,36.55,new
WHIRLPOOL,EQ,2026-09-04,805.95,820.65,802.4,815.95,818.7,804.4,193831,157603000.0,13291,,105002.0,54.17,new
WILLAMAGOR,EQ,2026-09-04,26.5,26.5,24.0,25.4,25.46,24.58,4157,103000.0,74,,2266.0,54.51,new
WINDLAS,EQ,2026-09-04,1129.9,1152.4,1115.0,1126.35,1131.0,1127.1,190854,216628000.00000003,13776,,83199.0,43.59,new
WINDMACHIN,EQ,2026-09-04,312.0,312.75,302.0,304.25,306.85,312.1,39051,12036000.0,943,,19793.0,50.69,new
WINSOL,SM,2026-09-04,111.95,120.0,111.95,116.0,116.0,112.5,8000,936000.0,19,,7200.0,90.0,new
WIPL,EQ,2026-09-04,169.94,169.94,167.99,167.99,167.99,165.61,16,3000.0,4,,10.0,62.5,new
WIPRO,EQ,2026-09-04,176.74,178.75,176.4,176.4,176.4,175.72,6882678,1222502000.0,48742,,3143304.0,45.67,new
WOCKPHARMA,EQ,2026-09-04,1980.0,2108.5,1976.1,2088.7,2097.0,1950.6,3557646,7325713000.0,156657,,1136675.0,31.95,new
WOL3D,SM,2026-09-04,136.0,136.5,136.0,136.5,136.5,130.0,2000,273000.0,2,,2000.0,100.0,new
WOMANCART,ST,2026-09-04,111.9,113.0,104.1,105.7,107.95,108.3,20000,2170000.0,38,,14400.0,72.0,new
WONDERLA,EQ,2026-09-04,525.0,536.7,520.0,533.9,534.5,525.25,74859,39601000.0,4214,,36384.0,48.6,new
WORTHPERI,EQ,2026-09-04,157.0,157.0,152.7,154.99,155.0,153.99,4169,642000.0,80,,3058.0,73.35,new
WPIL,EQ,2026-09-04,446.8,452.6,440.0,443.9,444.0,445.5,12409,5514000.0,814,,7388.0,59.54,new
WSI,EQ,2026-09-04,59.65,61.46,58.77,60.37,60.5,59.44,64372,3877000.0000000005,1895,,33643.0,52.26,new
WSTCSTPAPR,EQ,2026-09-04,655.35,662.65,643.1,650.25,652.8,656.95,276595,181300000.0,13751,,159006.0,57.49,new
WTICAB,SM,2026-09-04,110.0,110.0,104.0,104.15,104.0,107.0,21500,2274000.0,41,,19500.0,90.7,new
XCHANGING,EQ,2026-09-04,60.4,61.55,60.25,61.4,61.54,60.99,61684,3765000.0,663,,41493.0,67.27,new
XELPMOC,EQ,2026-09-04,79.41,81.7,78.51,80.14,80.97,79.4,24153,1923999.9999999998,556,,17240.0,71.38,new
XPROINDIA,EQ,2026-09-04,1279.0,1337.4,1279.0,1325.1,1321.5,1280.3,154351,202552000.0,8506,,83170.0,53.88,new
XTGLOBAL,EQ,2026-09-04,32.39,33.04,30.35,31.69,31.8,31.58,190376,6056000.0,1262,,98033.0,51.49,new
XTRANET,EQ,2026-09-04,197.2,234.24,193.11,234.24,234.24,195.2,5584599,1262045000.0,39510,,979498.0,17.54,new
YAAP,SM,2026-09-04,141.9,141.9,135.0,137.8,138.0,132.0,39000,5368000.0,39,,25000.0,64.1,new
YASHO,EQ,2026-09-04,4080.0,4184.6,3966.1,4134.1,4142.0,4051.2,38997,159015000.0,7784,,17059.0,43.74,new
YASHOPTICS,SM,2026-09-04,122.0,125.0,122.0,123.75,123.0,121.0,7200,889000.0,9,,6400.0,88.89,new
YATHARTH,EQ,2026-09-04,971.5,994.7,963.1,991.1,992.2,962.3,314144,309135000.0,14526,,137610.0,43.8,new
YATRA,EQ,2026-09-04,113.2,116.25,112.65,113.49,113.5,113.08,1067659,122231000.0,11837,,515103.0,48.25,new
YCCL,SM,2026-09-04,9.25,9.25,8.4,8.6,8.4,9.25,27000,242000.0,9,,27000.0,100.0,new
YESBANK,EQ,2026-09-04,22.47,22.62,22.44,22.5,22.5,22.54,31739702,714929000.0,64395,,17317820.0,54.56,new
YOGI,EQ,2026-09-04,167.0,167.0,163.45,163.45,163.45,161.9,90,15000.0,5,,90.0,100.0,new
YUDIZ,SM,2026-09-04,25.8,26.95,25.5,26.95,26.95,25.8,2400,63000.0,3,,2400.0,100.0,new
YUKEN,EQ,2026-09-04,1010.05,1024.95,999.0,1010.8,1014.0,1010.05,9116,9223000.0,910,,4766.0,52.28,new
ZAGGLE,EQ,2026-09-04,183.5,186.98,180.1,180.77,181.11,182.63,912980,166115000.0,9981,,373892.0,40.95,new
ZEAL,SM,2026-09-04,66.0,66.0,65.0,65.5,65.5,65.0,1800,118000.0,3,,1800.0,100.0,new
ZEEL,EQ,2026-09-04,92.0,92.95,90.5,91.61,91.52,91.64,13036739,1191583000.0,52576,,3731730.0,28.62,new
ZEELEARN,BE,2026-09-04,7.2,7.36,6.92,7.09,7.17,7.19,452784,3197000.0,687,,,,new
ZEEMEDIA,EQ,2026-09-04,8.31,8.34,8.1,8.22,8.32,8.11,1442303,11833000.0,1680,,543817.0,37.7,new
ZENITHDRUG,SM,2026-09-04,40.5,43.0,40.5,42.75,43.0,39.85,11200,474000.0,13,,10400.0,92.86,new
ZENITHSTL,EQ,2026-09-04,5.39,6.43,5.25,5.9,5.81,5.37,845763,5127000.0,1281,,493886.0,58.4,new
ZENSARTECH,EQ,2026-09-04,468.5,475.95,460.5,461.55,461.7,465.45,499424,232508000.0,16414,,219246.0,43.9,new
ZENTEC,EQ,2026-09-04,1810.8,1838.2,1795.2,1801.4,1799.0,1810.3,169326,307725000.0,13069,,58844.0,34.75,new
ZFCVINDIA,EQ,2026-09-04,2532.0,2575.0,2514.0,2551.9,2550.1,2524.8,30385,77237000.0,8920,,16241.0,53.45,new
ZFSTEERING,EQ,2026-09-04,673.0,677.9,661.0,667.5,667.0,667.75,7552,5023000.0,163,,5279.0,69.9,new
ZIMLAB,EQ,2026-09-04,128.66,129.0,125.25,125.5,125.25,128.02,54799,6952000.0,871,,33332.0,60.83,new
ZODIAC,EQ,2026-09-04,242.99,246.0,237.0,240.17,238.1,240.22,11622,2798000.0,388,,7768.0,66.84,new
ZODIACLOTH,EQ,2026-09-04,72.4,73.12,71.43,72.23,73.0,72.85,9323,675000.0,220,,7795.0,83.61,new
ZOTA,EQ,2026-09-04,1100.0,1159.3,1100.0,1132.4,1128.5,1101.2,91901,104565000.00000001,5781,,48277.0,52.53,new
ZSARACOM,EQ,2026-09-04,10096.0,11600.0,9808.0,11302.0,11448.0,10227.0,221,2368000.0,127,,147.0,66.52,new
ZTECH,SM,2026-09-04,493.15,500.0,468.0,476.3,468.0,498.0,25800,12431000.0,77,,22800.0,88.37,new
ZUARI,EQ,2026-09-04,225.0,226.99,224.42,225.56,226.1,225.04,66309,14963000.0,1148,,41537.0,62.64,new
ZUARIIND,EQ,2026-09-04,273.9,279.35,271.8,276.45,275.05,273.2,45048,12371000.0,1427,,21837.0,48.47,new
ZYDUSLIFE,EQ,2026-09-04,1146.0,1146.0,1120.0,1120.0,1120.0,1143.0,516768,584162000.0,17541,,249738.0,48.33,new
ZYDUSWELL,EQ,2026-09-04,536.95,546.6,527.15,531.7,530.0,538.2,209449,112802000.0,17559,,97768.0,46.68,new
