SYMBOL,SERIES,DATE,OPEN,HIGH,LOW,CLOSE,LAST,PREV_CLOSE,VOLUME,TURNOVER,TRADES,ISIN,DELIV_QTY,DELIV_PER,SOURCE
20MICRONS,EQ,2026-09-17,203.96,208.97,203.23,205.71,205.0,203.23,56895,11752000.0,2138,,25090.0,44.1,new
21STCENMGM,EQ,2026-09-17,39.1,39.1,37.7,38.62,38.5,38.37,4772,182000.0,42,,4610.0,96.61,new
360ONE,EQ,2026-09-17,1041.0,1065.0,1037.1,1061.3,1061.3,1045.6,442034,466835000.00000006,37154,,243187.0,55.02,new
3BBLACKBIO,EQ,2026-09-17,1299.7,1317.1,1283.2,1290.8,1290.0,1292.6,5794,7501000.000000001,771,,3334.0,57.54,new
3IINFOLTD,BE,2026-09-17,25.22,26.0,25.05,25.76,25.75,25.02,428053,10974000.0,1191,,,,new
3MINDIA,EQ,2026-09-17,32040.0,32640.0,31710.0,32530.0,32200.0,31935.0,2039,65713000.0,1205,,753.0,36.93,new
3PLAND,EQ,2026-09-17,31.5,31.98,30.3,31.4,31.4,31.28,1763,55000.00000000001,101,,1391.0,78.9,new
5PAISA,EQ,2026-09-17,317.65,323.75,313.0,315.4,313.05,316.85,21052,6677000.0,1357,,10244.0,48.66,new
603GS2029,GS,2026-09-17,99.54,99.54,99.54,99.54,99.54,99.55,1300,129000.0,1,,1300.0,100.0,new
610GS2031,GS,2026-09-17,99.99,99.99,99.99,99.99,99.99,99.75,1,0.0,1,,1.0,100.0,new
619GS2034,GS,2026-09-17,93.73,93.73,93.73,93.73,93.73,95.0,2,0.0,1,,2.0,100.0,new
620GS2029,GS,2026-09-17,99.5,99.9,99.5,99.85,99.85,99.84,1000,100000.0,6,,1000.0,100.0,new
633GS2035,GS,2026-09-17,101.0,101.0,101.0,101.0,101.0,98.98,1,0.0,1,,1.0,100.0,new
636GS2031,GS,2026-09-17,98.51,99.09,98.5,99.09,99.09,99.25,2650,262000.0,7,,2650.0,100.0,new
63MOONS,EQ,2026-09-17,840.05,887.6,839.35,872.65,872.9,848.15,268694,234581000.0,14489,,98330.0,36.6,new
648GS2035,GS,2026-09-17,97.71,98.99,97.71,98.3,98.3,100.0,515,51000.0,6,,515.0,100.0,new
654GS2032,GS,2026-09-17,99.0,99.5,99.0,99.25,99.5,100.0,2000000,198500000.0,4,,2000000.0,100.0,new
657GS2033A,GS,2026-09-17,97.51,97.6,97.51,97.6,97.6,97.81,500,49000.0,5,,500.0,100.0,new
667GS2035,GS,2026-09-17,105.0,105.0,105.0,105.0,105.0,105.75,1000000,105000000.0,2,,1000000.0,100.0,new
668GS2040,GS,2026-09-17,98.44,98.44,96.5,96.5,96.5,96.5,1100,107000.0,5,,1000.0,90.91,new
676GS2061,GS,2026-09-17,89.06,90.0,89.06,89.49,89.49,89.48,10238,916000.0,25,,10237.0,99.99,new
679GS2031,GS,2026-09-17,101.6,101.6,101.6,101.6,101.6,101.0,330,34000.0,1,,330.0,100.0,new
68GS2060,GS,2026-09-17,89.21,90.5,89.21,90.5,90.5,91.5,2,0.0,2,,1.0,50.0,new
690GS2065,GS,2026-09-17,92.11,93.55,92.11,92.7,92.7,93.35,6182,573000.0,14,,5571.0,90.12,new
692GS2039,GS,2026-09-17,98.02,98.02,98.02,98.02,98.02,98.7,80,8000.0,1,,80.0,100.0,new
694GS2036,GS,2026-09-17,101.03,101.03,101.03,101.03,101.03,101.05,1374,139000.0,6,,1374.0,100.0,new
695GS2061,GS,2026-09-17,93.0,93.0,92.4,92.9,92.9,92.96,7104,657000.0,7,,7104.0,100.0,new
699GS2051,GS,2026-09-17,95.9,95.9,95.9,95.9,95.9,95.6,2400,229999.99999999997,1,,2400.0,100.0,new
702GS2027,GS,2026-09-17,102.23,102.23,102.23,102.23,102.23,102.21,400,41000.0,1,,400.0,100.0,new
706GS2028,GS,2026-09-17,104.1,104.1,104.1,104.1,104.1,104.0,5000,521000.0,1,,5000.0,100.0,new
709GS2054,GS,2026-09-17,95.2,95.2,93.51,94.7,94.7,94.95,8160,772000.0,12,,8160.0,100.0,new
709GS2074,GS,2026-09-17,95.0,95.0,93.51,94.53,94.59,94.49,45035,4238000.0,65,,40729.0,90.44,new
710GS2029,GS,2026-09-17,104.0,104.0,104.0,104.0,104.0,104.0,1000200,104021000.0,3,,1000200.0,100.0,new
717GS2030,GS,2026-09-17,104.79,104.8,104.79,104.79,104.8,104.8,12000,1258000.0,3,,12000.0,100.0,new
718GS2033,GS,2026-09-17,102.0,102.0,101.11,102.0,102.0,101.05,2663,271000.0,8,,2663.0,100.0,new
718GS2037,GS,2026-09-17,103.94,103.94,102.0,102.0,102.0,102.3,1511504,154174000.0,17,,1511504.0,100.0,new
71GS2034,GS,2026-09-17,102.47,103.0,102.47,102.89,103.0,103.5,6176,635000.0,6,,5176.0,83.81,new
724GS2055,GS,2026-09-17,96.2,96.65,96.0,96.55,96.59,96.06,6491,624000.0,14,,6491.0,100.0,new
725GS2063,GS,2026-09-17,96.44,96.65,96.1,96.49,96.5,96.17,138600,13350000.0,73,,122920.0,88.69,new
726GS2032,GS,2026-09-17,101.75,101.8,101.73,101.8,101.8,101.73,11389,1159000.0,16,,11389.0,100.0,new
726GS2033,GS,2026-09-17,102.5,102.5,102.5,102.5,102.5,101.7,500,51000.0,1,,500.0,100.0,new
732GS2030,GS,2026-09-17,103.61,103.61,103.61,103.61,103.61,103.61,100,10000.0,1,,100.0,100.0,new
734GS2064,GS,2026-09-17,98.54,98.54,98.15,98.48,98.5,97.94,23088,2270000.0,29,,18088.0,78.34,new
736GS2052,GS,2026-09-17,98.75,99.25,97.9,99.25,99.25,98.67,516,51000.0,4,,511.0,99.03,new
737GS2028,GS,2026-09-17,103.36,104.01,103.36,104.01,104.01,104.4,300,31000.0,3,,300.0,100.0,new
738GS2027,GS,2026-09-17,102.11,102.5,102.11,102.4,102.4,102.48,23216,2379000.0,16,,23166.0,99.78,new
73GS2053,GS,2026-09-17,98.0,98.0,97.91,98.0,98.0,98.0,12611,1236000.0,28,,12611.0,100.0,new
740IIFCL33,N1,2026-09-17,1151.37,1151.37,1151.37,1151.37,1151.37,1151.37,200,229999.99999999997,2,,200.0,100.0,new
743GS2076,GS,2026-09-17,98.5,99.0,98.3,98.45,98.45,98.15,7812,769000.0,17,,5512.0,70.56,new
746GS2073,GS,2026-09-17,100.2,101.99,100.0,101.99,101.99,101.99,1001,100000.0,3,,1001.0,100.0,new
74GS2062,GS,2026-09-17,101.99,101.99,101.99,101.99,101.99,99.83,1,0.0,1,,1.0,100.0,new
750GS2056,GS,2026-09-17,101.87,103.0,101.87,102.95,102.95,102.9,1150,118000.0,8,,950.0,82.61,new
754GS2036,GS,2026-09-17,105.2,105.35,105.06,105.3,105.25,105.17,529768,55724000.0,182,,503334.0,95.01,new
757GS2033,GS,2026-09-17,105.2,105.2,105.2,105.2,105.2,103.58,1,0.0,1,,1.0,100.0,new
763GS2056,GS,2026-09-17,101.49,101.49,100.15,100.15,100.15,100.0,5080,512000.0,6,,3180.0,62.6,new
771GS2066,GS,2026-09-17,103.2,103.5,103.2,103.5,103.5,103.25,10806,1116000.0,5,,10806.0,100.0,new
795GS2032,GS,2026-09-17,105.5,105.5,105.45,105.45,105.45,105.45,953,101000.0,5,,953.0,100.0,new
824GS2027,GS,2026-09-17,101.7,101.7,101.7,101.7,101.7,101.68,25,3000.0,1,,25.0,100.0,new
824GS2033,GS,2026-09-17,111.35,111.35,111.35,111.35,111.35,111.35,50,6000.0,1,,50.0,100.0,new
826GS2027,GS,2026-09-17,101.94,101.94,101.94,101.94,101.94,103.0,10,1000.0,1,,10.0,100.0,new
828GS2032,GS,2026-09-17,107.7,110.0,107.7,110.0,110.0,107.7,2400,259000.0,9,,2000.0,83.33,new
897GS2030,GS,2026-09-17,112.0,112.0,111.6,111.6,111.6,112.26,10600,1187000.0,11,,10600.0,100.0,new
92GS2030,GS,2026-09-17,114.5,114.5,114.0,114.0,114.0,113.88,1820,208000.0,6,,1820.0,100.0,new
A2ZINFRA,EQ,2026-09-17,14.65,15.3,14.65,15.01,15.14,14.7,128009,1905999.9999999998,355,,80030.0,62.52,new
AAATECH,EQ,2026-09-17,93.0,93.0,83.8,84.57,84.55,92.54,203794,17405000.0,2313,,77808.0,38.18,new
AADHARHFC,EQ,2026-09-17,455.2,470.5,455.2,469.35,470.0,458.7,221612,103385999.99999999,9841,,137720.0,62.14,new
AAKAAR,SM,2026-09-17,63.0,63.0,62.0,63.0,63.0,63.0,8000,501000.0,4,,8000.0,100.0,new
AAKASH,EQ,2026-09-17,8.71,9.09,8.71,8.92,8.91,8.82,45636,403000.0,217,,33053.0,72.43,new
AARADHYA,ST,2026-09-17,140.1,140.3,138.0,140.3,140.3,133.65,70800,9927000.0,25,,70800.0,100.0,new
AAREYDRUGS,EQ,2026-09-17,102.49,102.96,100.0,101.72,102.96,99.94,178022,18051000.0,1550,,122933.0,69.05,new
AARNAV,BE,2026-09-17,30.99,31.5,29.74,31.4,31.4,31.24,22806,707000.0,53,,,,new
AARON,EQ,2026-09-17,125.34,126.98,121.8,124.42,124.02,124.71,3825,475000.0,220,,2551.0,66.69,new
AARTECH,BE,2026-09-17,48.6,51.99,48.6,51.4,50.81,50.24,17662,899000.0,87,,,,new
AARTIDRUGS,EQ,2026-09-17,419.2,437.7,419.2,428.35,430.7,424.3,120340,51854999.99999999,5899,,54987.0,45.69,new
AARTIIND,EQ,2026-09-17,469.9,482.95,469.5,476.6,475.9,472.85,315130,150763000.0,16139,,105167.0,33.37,new
AARTIPHARM,EQ,2026-09-17,811.0,836.0,801.95,826.95,829.0,813.0,244047,200615000.0,21834,,96854.0,39.69,new
AARTISURF,BE,2026-09-17,501.0,525.45,489.0,525.45,525.45,500.45,19003,9658000.0,435,,,,new
AARVI,EQ,2026-09-17,141.49,142.9,138.0,140.82,141.4,140.07,6902,963000.0000000001,168,,5492.0,79.57,new
AASTHA,EQ,2026-09-17,75.85,77.8,74.5,76.78,77.4,74.33,223352,17008000.0,2226,,79562.0,35.62,new
AAVAS,EQ,2026-09-17,1272.5,1302.2,1272.5,1291.8,1296.3,1282.5,36253,46788000.0,6103,,17247.0,47.57,new
ABAN,BE,2026-09-17,14.35,14.5,14.31,14.32,14.31,14.6,15029,215000.0,72,,,,new
ABANSENT,EQ,2026-09-17,26.03,27.0,25.65,26.61,26.4,27.0,14334,377000.0,191,,11827.0,82.51,new
ABB,EQ,2026-09-17,6980.0,7168.0,6975.5,7130.5,7130.5,6980.0,207124,1468202000.0,24766,,97508.0,47.08,new
ABBOTINDIA,EQ,2026-09-17,26125.0,26280.0,25830.0,25910.0,25900.0,26125.0,5141,133773000.0,3181,,2517.0,48.96,new
ABCAPITAL,EQ,2026-09-17,382.0,391.55,381.45,390.0,390.0,381.3,2783223,1080476000.0,48631,,1209460.0,43.46,new
ABCOTS,EQ,2026-09-17,207.8,215.0,207.01,210.83,212.0,204.63,17379,3676000.0,342,,9744.0,56.07,new
ABDL,EQ,2026-09-17,652.35,657.4,636.95,653.1,654.0,647.55,560511,363881000.0,23772,,178592.0,31.86,new
ABFRL,EQ,2026-09-17,49.54,50.63,49.41,50.45,50.33,49.74,2416858,121401000.0,13328,,928222.0,38.41,new
ABGSEC,EQ,2026-09-17,114.54,114.54,112.84,113.07,113.07,113.74,39,4000.0,6,,37.0,94.87,new
ABH,SM,2026-09-17,44.2,44.2,38.2,39.8,40.0,47.7,511200,19907000.0,288,,312000.0,61.03,new
ABHAPOWER,SM,2026-09-17,23.7,23.7,23.7,23.7,23.7,23.5,1600,38000.0,1,,1600.0,100.0,new
ABINFRA,BE,2026-09-17,11.05,11.39,10.82,11.02,11.14,11.38,226974,2503000.0,333,,,,new
ABLBL,EQ,2026-09-17,82.2,84.18,81.88,82.41,82.3,82.4,1289753,107106000.0,9594,,859833.0,66.67,new
ABMINTLLTD,BE,2026-09-17,51.0,51.0,51.0,51.0,51.0,51.0,15,1000.0,5,,,,new
ABMKNO,EQ,2026-09-17,175.01,178.0,174.0,174.37,174.0,171.04,452,80000.0,40,,368.0,81.42,new
ABREL,EQ,2026-09-17,1233.4,1264.6,1231.9,1257.4,1258.1,1233.4,85481,107121000.0,8602,,46562.0,54.47,new
ABSL10BANK,EQ,2026-09-17,168.13,168.13,164.0,164.39,164.55,164.83,2339,386000.0,57,,478.0,20.44,new
ABSLAMC,EQ,2026-09-17,1055.6,1101.2,1042.6,1090.1,1088.1,1058.4,206442,222892999.99999997,22654,,97724.0,47.34,new
ABSLBANETF,EQ,2026-09-17,57.55,58.0,57.35,57.61,57.35,57.68,29639,1707999.9999999998,171,,25699.0,86.71,new
ABSLLIQUID,EQ,2026-09-17,995.0,1000.01,995.0,1000.0,1000.01,1000.0,12180,12180000.0,21,,11796.0,96.85,new
ABSLMSCIN,EQ,2026-09-17,28.65,28.76,28.57,28.72,28.72,28.46,249,7000.000000000001,8,,249.0,100.0,new
ABSLNN50ET,EQ,2026-09-17,74.64,75.12,74.28,74.81,74.8,74.27,71455,5338000.0,154,,37435.0,52.39,new
ABSLPSE,EQ,2026-09-17,10.0,10.1,9.84,9.93,9.84,10.0,98835,984000.0,405,,64124.0,64.88,new
ABSMARINE,SM,2026-09-17,294.0,307.35,290.0,304.6,303.1,292.7,80500,24133000.0,128,,61500.0,76.4,new
ACC,EQ,2026-09-17,1226.8,1240.4,1225.0,1232.5,1237.6,1226.6,67608,83321000.0,8163,,33021.0,48.84,new
ACCELYA,EQ,2026-09-17,1125.5,1125.7,1115.1,1122.0,1120.0,1116.1,4835,5426000.0,405,,3549.0,73.4,new
ACCENTMIC,SM,2026-09-17,656.8,704.5,656.8,679.05,680.85,660.1,64000,44220000.0,97,,48500.0,75.78,new
ACCPL,ST,2026-09-17,208.8,214.0,208.0,210.85,214.0,208.8,38400,8048000.0,18,,38400.0,100.0,new
ACCURACY,BE,2026-09-17,4.38,4.71,4.38,4.65,4.7,4.49,81875,378000.0,198,,,,new
ACE,EQ,2026-09-17,1149.7,1213.2,1141.0,1205.6,1205.0,1149.7,685925,813909000.0,45512,,301681.0,43.98,new
ACEINTEG,EQ,2026-09-17,18.0,18.09,17.42,18.0,18.0,17.61,1662,30000.0,57,,1085.0,65.28,new
ACGL,EQ,2026-09-17,1795.0,1795.0,1726.0,1774.0,1789.8,1769.4,343,607000.0,79,,229.0,66.76,new
ACI,EQ,2026-09-17,461.95,469.2,456.35,462.4,458.2,461.45,272058,126238000.00000001,16003,,115229.0,42.35,new
ACL,EQ,2026-09-17,43.4,43.4,40.7,41.98,41.99,42.7,19853,826000.0,259,,14647.0,73.78,new
ACMESOLAR,EQ,2026-09-17,413.05,420.35,403.4,411.3,412.4,418.0,1167673,478037000.0,34551,,374407.0,32.06,new
ACSTECH,BE,2026-09-17,60.48,63.0,60.0,63.0,63.0,60.0,146350,9090000.0,479,,,,new
ACUTAAS,EQ,2026-09-17,3343.0,3366.0,3282.0,3315.1,3320.0,3344.7,182520,606472000.0,26822,,94764.0,51.92,new
ADANIENSOL,EQ,2026-09-17,1346.0,1386.8,1336.5,1386.8,1386.8,1349.2,1185354,1610224000.0,36841,,620372.0,52.34,new
ADANIENT,EQ,2026-09-17,2930.1,2945.0,2907.0,2923.2,2923.2,2920.0,588066,1722411000.0,28736,,150181.0,25.54,new
ADANIGREEN,EQ,2026-09-17,1268.5,1291.0,1261.5,1274.2,1274.2,1270.2,717317,910858000.0,21922,,214227.0,29.87,new
ADANIPORTS,EQ,2026-09-17,1731.0,1738.8,1725.1,1738.3,1738.3,1723.8,791353,1372090000.0,46496,,413777.0,52.29,new
ADANIPOWER,EQ,2026-09-17,202.34,205.92,202.3,205.92,205.92,202.34,8794789,1799223000.0,45509,,2640400.0,30.02,new
ADDICTIVE,SM,2026-09-17,43.5,45.0,43.0,45.0,45.0,45.0,8000,349000.0,5,,7000.0,87.5,new
ADDIND,EQ,2026-09-17,79.0,84.0,73.05,78.45,83.4,79.0,31,2000.0,12,,24.0,77.42,new
ADFFOODS,EQ,2026-09-17,267.15,276.0,264.1,267.75,264.35,267.15,147251,39868000.0,3946,,77183.0,52.42,new
ADISOFT,SM,2026-09-17,226.2,237.5,226.2,228.85,229.9,226.2,49600,11567000.0,62,,32800.0,66.13,new
ADL,EQ,2026-09-17,71.91,73.5,70.4,72.03,72.03,71.91,233,17000.0,26,,131.0,56.22,new
ADOR,EQ,2026-09-17,1546.5,1589.0,1535.1,1564.3,1570.1,1536.2,26842,41973000.0,3304,,13573.0,50.57,new
ADROITINFO,EQ,2026-09-17,11.45,11.45,10.9,11.22,11.25,11.2,20188,225000.0,147,,14576.0,72.2,new
ADSL,EQ,2026-09-17,95.26,98.26,95.26,96.99,96.65,95.26,110089,10677000.0,2303,,40806.0,37.07,new
ADVAIT,EQ,2026-09-17,1989.9,2020.0,1983.6,1990.4,1998.0,1996.3,21137,42198000.0,3141,,8904.0,42.13,new
ADVANCE,EQ,2026-09-17,110.59,112.83,109.26,111.67,110.27,110.15,433813,48428000.0,1954,,302793.0,69.8,new
ADVANIHOTR,EQ,2026-09-17,47.21,47.99,47.0,47.62,47.6,47.18,21911,1044000.0,337,,19013.0,86.77,new
ADVENTHTL,EQ,2026-09-17,124.75,129.74,124.75,127.04,127.01,124.71,108071,13744000.0,1543,,51020.0,47.21,new
ADVENZYMES,EQ,2026-09-17,287.7,292.2,286.2,288.1,289.0,287.85,162477,47026000.0,3633,,110706.0,68.14,new
ADVIKCA,EQ,2026-09-17,0.99,1.01,0.95,0.97,0.96,0.97,265847,261000.0,294,,195168.0,73.41,new
AEGISLOG,EQ,2026-09-17,1381.9,1385.4,1346.6,1353.8,1357.2,1381.2,463629,632432000.0,27928,,140198.0,30.24,new
AEGISVOPAK,EQ,2026-09-17,295.85,316.0,292.5,310.7,310.85,296.95,6087355,1890640000.0000002,99690,,1460032.0,23.98,new
AEPL,EQ,2026-09-17,16.0,16.49,15.15,15.78,15.69,15.87,34015,541000.0,173,,27553.0,81.0,new
AEQUS,EQ,2026-09-17,221.0,231.39,216.33,229.33,229.3,220.68,3205408,724247000.0,38932,,1389044.0,43.33,new
AEROENTER,EQ,2026-09-17,113.35,124.41,112.2,122.94,122.25,113.35,2191657,264850000.0,26095,,907754.0,41.42,new
AEROFLEX,EQ,2026-09-17,483.1,512.1,483.1,497.6,496.5,481.1,2061953,1034679999.9999999,51760,,656581.0,31.84,new
AERON,SM,2026-09-17,83.0,83.5,79.6,80.0,80.0,80.75,7000,569000.0,7,,4000.0,57.14,new
AERONEU,EQ,2026-09-17,69.0,69.0,64.57,66.61,67.42,64.95,11693,774000.0,245,,8289.0,70.89,new
AEROPLANE,EQ,2026-09-17,195.5,198.9,191.15,193.7,191.15,195.67,119536,23292000.0,2476,,67881.0,56.79,new
AESTHETIK,SM,2026-09-17,69.0,69.75,69.0,69.75,69.75,68.0,31000,2154000.0,7,,30000.0,96.77,new
AETHER,EQ,2026-09-17,1608.6,1629.5,1594.0,1623.3,1623.6,1603.1,134986,218646000.0,16676,,60245.0,44.63,new
AFCONS,EQ,2026-09-17,256.6,272.3,243.5,267.3,265.9,258.4,8753901,2275153000.0,113899,,1946290.0,22.23,new
AFFLE,EQ,2026-09-17,1539.0,1551.6,1522.4,1545.6,1545.0,1535.0,83893,129323000.0,13533,,50795.0,60.55,new
AFFORDABLE,EQ,2026-09-17,165.99,169.0,156.91,167.31,168.0,162.29,20592,3370000.0000000005,1115,,11925.0,57.91,new
AFIL,EQ,2026-09-17,8.54,8.54,8.33,8.37,8.33,8.37,221546,1860000.0000000002,559,,176380.0,79.61,new
AFSL,EQ,2026-09-17,201.95,202.0,201.0,201.0,201.0,201.02,858,173000.0,30,,686.0,79.95,new
AGARIND,EQ,2026-09-17,412.0,414.55,405.1,407.75,406.05,409.6,22218,9071000.0,1667,,10146.0,45.67,new
AGARWALEYE,EQ,2026-09-17,502.1,504.8,493.4,500.15,503.1,505.0,157311,78476000.0,11590,,88556.0,56.29,new
AGARWALTUF,SM,2026-09-17,155.0,160.2,152.0,159.7,160.0,151.05,93600,14747000.0,63,,66000.0,70.51,new
AGI,EQ,2026-09-17,716.95,747.3,714.05,733.75,736.9,717.3,78178,56998000.0,4323,,39866.0,50.99,new
AGIIL,EQ,2026-09-17,261.85,276.5,261.75,266.15,266.95,262.4,335928,90357000.0,7269,,76505.0,22.77,new
AGL,EQ,2026-09-17,14.0,14.2,13.75,13.88,13.9,14.03,2074548,28854000.000000004,5392,,1136734.0,54.79,new
AGNI,SM,2026-09-17,15.65,15.65,15.45,15.5,15.5,15.65,25000,388000.0,9,,17500.0,70.0,new
AGRITECH,EQ,2026-09-17,103.0,103.0,96.25,96.42,97.89,98.1,3472,337000.0,139,,1867.0,53.77,new
AGROPHOS,EQ,2026-09-17,23.1,23.88,22.9,23.44,23.5,23.18,9662,225999.99999999997,142,,6537.0,67.66,new
AGSTRA,BZ,2026-09-17,1.9,1.99,1.9,1.95,1.96,1.93,127116,248000.0,186,,,,new
AHCL,EQ,2026-09-17,19.7,22.36,19.7,21.84,22.07,20.04,49745313,1057396999.9999999,207422,,9831682.0,19.76,new
AHLADA,EQ,2026-09-17,36.79,40.0,36.01,39.33,39.64,36.56,41709,1607999.9999999998,291,,31563.0,75.67,new
AHLEAST,EQ,2026-09-17,137.05,137.89,134.7,134.97,134.7,136.06,690,93000.0,24,,673.0,97.54,new
AHLUCONT,EQ,2026-09-17,575.0,577.7,559.1,567.6,565.0,569.3,95504,54020000.00000001,7836,,43388.0,45.43,new
AHLWEST,BE,2026-09-17,549.9,557.0,508.2,551.95,551.95,530.65,1720,949000.0,38,,,,new
AIAENG,EQ,2026-09-17,3817.5,3998.0,3790.0,3983.4,3996.0,3805.8,69100,271300000.0,19382,,29612.0,42.85,new
AIIL,EQ,2026-09-17,528.1,537.5,524.15,527.2,534.0,528.95,130987,69513000.0,10298,,57276.0,43.73,new
AILIMITED,SM,2026-09-17,18.15,18.15,18.15,18.15,18.15,19.1,6000,109000.00000000001,2,,6000.0,100.0,new
AIMTRON,SM,2026-09-17,1608.0,1669.75,1564.0,1616.45,1595.0,1606.4,122000,199056000.0,322,,96000.0,78.69,new
AIRAN,EQ,2026-09-17,15.32,16.85,15.32,16.7,16.59,15.72,104304,1680999.9999999998,965,,60093.0,57.61,new
AIROLAM,EQ,2026-09-17,87.5,88.97,84.65,86.15,88.47,88.54,2352,202000.0,77,,1814.0,77.13,new
AJANTPHARM,EQ,2026-09-17,3492.3,3530.1,3481.0,3500.5,3509.5,3508.9,97948,343454000.0,17382,,62487.0,63.8,new
AJAXENGG,EQ,2026-09-17,560.1,573.55,560.1,566.6,564.65,566.55,29873,16991000.0,4855,,19566.0,65.5,new
AJMERA,EQ,2026-09-17,113.6,115.65,111.0,113.8,114.09,113.51,279348,31770999.999999996,4197,,122307.0,43.78,new
AJOONI,EQ,2026-09-17,3.32,3.34,3.2,3.27,3.28,3.3,297590,978999.9999999999,597,,232576.0,78.15,new
AKANKSHA,SM,2026-09-17,134.05,134.05,130.1,133.0,133.0,134.65,6000,797000.0,6,,5000.0,83.33,new
AKASH,EQ,2026-09-17,24.0,24.67,24.0,24.26,24.26,24.18,417,10000.0,20,,392.0,94.0,new
AKCAPIT,EQ,2026-09-17,1734.3,1755.0,1704.8,1748.4,1710.1,1715.4,888,1551000.0,133,,694.0,78.15,new
AKG,EQ,2026-09-17,10.74,10.92,9.66,10.32,10.3,10.55,26194,267000.0,195,,18737.0,71.53,new
AKI,BE,2026-09-17,5.53,5.82,5.29,5.82,5.82,5.55,89175,511000.00000000006,212,,,,new
AKIKO,SM,2026-09-17,422.0,423.95,416.0,421.05,421.05,425.15,4800,2017000.0000000002,6,,3200.0,66.67,new
AKSHAR,EQ,2026-09-17,0.42,0.42,0.41,0.41,0.42,0.42,436267,181000.0,205,,264376.0,60.6,new
AKSHARCHEM,BE,2026-09-17,369.1,401.0,369.1,373.5,379.8,381.95,10039,3888000.0000000005,222,,,,new
AKSHOPTFBR,BE,2026-09-17,8.13,8.13,7.75,8.02,8.0,7.96,222491,1782000.0,281,,,,new
AKUMS,EQ,2026-09-17,768.1,789.35,763.9,766.7,767.0,772.0,216030,166878000.0,13506,,120626.0,55.84,new
ALANKIT,EQ,2026-09-17,7.9,8.0,7.6,7.67,7.61,7.74,172109,1336000.0,736,,128195.0,74.48,new
ALBERTDAVD,EQ,2026-09-17,856.05,863.95,835.0,838.45,835.0,860.45,3661,3092000.0,288,,2574.0,70.31,new
ALCODIS,SM,2026-09-17,68.1,68.1,65.1,66.9,66.9,70.0,3125,206999.99999999997,5,,1875.0,60.0,new
ALEMBICLTD,EQ,2026-09-17,99.0,105.75,99.0,102.72,102.1,98.95,1416945,146557000.0,14314,,452768.0,31.95,new
ALFREDHE,EQ,2026-09-17,2820.0,2820.0,2820.0,2820.0,2820.0,2820.0,1,3000.0,1,,1.0,100.0,new
ALGOQUANT,EQ,2026-09-17,65.15,71.85,65.09,70.13,69.68,65.15,2084788,142673000.0,10317,,505227.0,24.23,new
ALICON,EQ,2026-09-17,682.3,706.4,680.35,695.15,693.0,688.35,16078,11158000.0,1653,,6578.0,40.91,new
ALIVUS,EQ,2026-09-17,1372.8,1397.9,1361.1,1387.8,1383.0,1370.6,72107,99857000.0,10470,,40698.0,56.44,new
ALKALI,EQ,2026-09-17,74.5,74.84,71.2,73.05,73.0,72.23,6095,446000.0,203,,3878.0,63.63,new
ALKEM,EQ,2026-09-17,5175.0,5361.0,5161.5,5348.5,5348.5,5175.0,231871,1228296000.0,24514,,134787.0,58.13,new
ALKYLAMINE,EQ,2026-09-17,1823.4,1873.8,1815.8,1843.8,1849.0,1823.1,26620,49298000.0,6011,,10040.0,37.72,new
ALLCARGO,EQ,2026-09-17,11.18,11.5,10.95,11.03,11.09,11.18,7560793,84595000.0,10646,,2742876.0,36.28,new
ALLDIGI,EQ,2026-09-17,785.0,797.3,779.6,784.55,783.0,792.5,8045,6309000.0,664,,6250.0,77.69,new
ALLETEC,SM,2026-09-17,125.7,127.95,121.55,125.55,125.05,125.7,4800,601000.0,12,,3600.0,75.0,new
ALLTIME,EQ,2026-09-17,206.5,211.5,205.32,208.01,211.48,206.42,32467,6775000.0,1041,,11785.0,36.3,new
ALMONDZ,EQ,2026-09-17,18.6,18.99,17.22,18.41,18.99,18.01,410059,7492000.0,1138,,258057.0,62.93,new
ALOKINDS,EQ,2026-09-17,7.49,7.58,7.0,7.05,7.05,7.48,42844998,307735000.0,30900,,17028576.0,39.74,new
ALPA,EQ,2026-09-17,61.9,61.9,55.76,59.64,59.77,61.12,24990,1474000.0,412,,14242.0,56.99,new
ALPEXSOLAR,SM,2026-09-17,900.0,925.0,886.7,911.6,907.9,893.35,52000,47302000.0,375,,26300.0,50.58,new
ALPHA,EQ,2026-09-17,53.3,53.3,52.16,52.86,53.04,52.46,786376,41514000.0,2102,,537068.0,68.3,new
ALPHAETF,EQ,2026-09-17,26.24,26.24,25.72,26.02,26.0,25.73,738021,19182000.0,849,,385831.0,52.28,new
ALPHAGEO,BE,2026-09-17,294.65,304.95,290.0,294.95,294.95,294.65,3674,1090000.0,124,,,,new
ALPINETEX,EQ,2026-09-17,53.75,55.25,52.42,52.9,52.6,52.33,117350,6272000.0,2151,,53670.0,45.73,new
ALPL30IETF,EQ,2026-09-17,26.94,27.21,26.9,27.01,26.93,26.96,894010,24126000.0,708,,752352.0,84.15,new
ALUFLUOR,EQ,2026-09-17,499.0,503.0,489.85,492.2,496.8,494.2,2082,1034000.0,158,,1449.0,69.6,new
ALUWIND,SM,2026-09-17,46.0,53.0,46.0,49.2,49.5,46.0,66000,3301000.0,40,,49500.0,75.0,new
AMAGI,EQ,2026-09-17,569.1,579.9,565.45,574.35,575.0,569.3,368321,211494000.0,11037,,234098.0,63.56,new
AMAL,EQ,2026-09-17,712.0,747.4,711.95,723.0,734.35,711.75,32741,23837000.0,1463,,22375.0,68.34,new
AMANTA,BE,2026-09-17,190.7,193.72,189.95,189.95,189.95,189.93,67494,13002000.000000002,177,,,,new
AMARJOTHI,EQ,2026-09-17,145.5,149.0,145.5,148.88,149.0,149.0,1920,284000.0,61,,1527.0,79.53,new
AMBALALSA,BE,2026-09-17,39.99,41.39,39.7,41.28,41.29,39.82,29806,1218000.0,99,,,,new
AMBANIORGO,SM,2026-09-17,110.15,112.5,110.1,112.45,112.5,115.5,8000,888000.0000000001,5,,6000.0,75.0,new
AMBER,EQ,2026-09-17,6918.0,7093.0,6881.0,7046.0,7046.0,6930.0,89317,628301000.0,13283,,19097.0,21.38,new
AMBICAAGAR,EQ,2026-09-17,25.19,25.19,24.6,25.14,25.18,24.57,4346,108000.0,51,,3514.0,80.86,new
AMBIKCO,EQ,2026-09-17,1555.0,1588.0,1537.7,1568.8,1579.0,1564.9,5724,8983000.0,855,,3671.0,64.13,new
AMBUJACEM,EQ,2026-09-17,381.05,386.3,380.55,383.25,383.25,381.05,1224906,468643999.99999994,21416,,634572.0,51.81,new
AMCL,SM,2026-09-17,365.0,380.0,365.0,380.0,380.0,357.85,4000,1489000.0,7,,4000.0,100.0,new
AMDIND,EQ,2026-09-17,64.01,67.48,64.01,66.58,66.3,63.66,116979,7747000.0,2376,,43097.0,36.84,new
AMEYA,SM,2026-09-17,135.8,135.8,135.8,135.8,135.8,129.35,6000,815000.0,5,,6000.0,100.0,new
AMIABLE,SM,2026-09-17,72.0,72.0,70.2,70.2,70.2,73.95,3200,227999.99999999997,2,,3200.0,100.0,new
AMJLAND,EQ,2026-09-17,36.47,37.1,36.4,36.48,36.99,36.43,4662,170000.0,57,,4456.0,95.58,new
AMNPLST,EQ,2026-09-17,162.0,166.99,160.65,163.0,163.0,160.4,1151,189000.0,104,,1009.0,87.66,new
AMRUTANJAN,EQ,2026-09-17,490.4,493.4,488.05,491.0,490.95,490.4,12042,5906000.0,761,,8333.0,69.2,new
ANANDRATHI,EQ,2026-09-17,2200.0,2229.5,2198.2,2207.4,2202.2,2206.2,140743,311673000.0,24694,,80512.0,57.2,new
ANANTAM,IV,2026-09-17,106.47,106.5,106.0,106.49,106.5,106.08,41760,4447000.0,59,,41372.0,99.07,new
ANANTRAJ,EQ,2026-09-17,582.0,600.2,579.4,596.9,594.55,583.5,1898147,1128374000.0,30384,,427229.0,22.51,new
ANAWIL,SM,2026-09-17,421.0,435.95,421.0,430.4,430.0,418.85,65200,28033999.999999996,150,,48800.0,74.85,new
ANDHRAPAP,EQ,2026-09-17,72.96,74.9,71.4,71.88,71.5,73.32,941028,68344000.0,7689,,445263.0,47.32,new
ANDHRSUGAR,EQ,2026-09-17,94.05,94.83,92.52,93.59,93.33,93.39,163448,15277000.000000002,3911,,79771.0,48.81,new
ANDREWYU,EQ,2026-09-17,25.88,26.69,25.1,26.08,26.5,25.88,88717,2288000.0,475,,43206.0,48.7,new
ANGELONE,EQ,2026-09-17,292.9,297.95,292.15,295.0,295.0,293.5,1881558,555936000.0,22447,,570280.0,30.31,new
ANIKINDS,EQ,2026-09-17,44.65,44.65,43.01,44.1,44.39,42.86,6453,285000.0,99,,4855.0,75.24,new
ANKITMETAL,BZ,2026-09-17,1.7,1.7,1.7,1.7,1.7,1.67,4652,8000.0,13,,,,new
ANLON,SM,2026-09-17,671.65,708.5,671.65,696.9,697.7,675.0,8800,6081000.0,21,,7600.0,86.36,new
ANMOL,BE,2026-09-17,13.98,14.99,13.68,14.77,14.75,14.39,106935,1559000.0,325,,,,new
ANNAPURNA,EQ,2026-09-17,134.46,138.0,134.0,136.08,135.05,134.56,17463,2384000.0,465,,11229.0,64.3,new
ANNU,EQ,2026-09-17,50.43,51.98,46.55,49.28,49.2,52.67,2867305,141757000.0,18703,,1315300.0,45.87,new
ANONDITA,SM,2026-09-17,1165.0,1180.0,1106.75,1124.0,1128.0,1158.05,105800,119186999.99999999,405,,63600.0,60.11,new
ANSALAPI,BZ,2026-09-17,3.45,3.52,3.45,3.52,3.52,3.46,22683,80000.0,25,,,,new
ANSALBU,EQ,2026-09-17,83.25,83.25,81.99,83.0,83.0,80.11,138,11000.0,19,,137.0,99.28,new
ANTELOPUS,EQ,2026-09-17,1171.0,1198.0,1121.05,1130.85,1128.0,1170.95,1030058,1191396000.0,46427,,131080.0,12.73,new
ANTGRAPHIC,EQ,2026-09-17,0.72,0.74,0.71,0.71,0.71,0.72,116313,84000.0,160,,90246.0,77.59,new
ANTHEM,EQ,2026-09-17,914.1,932.55,910.0,927.4,929.0,908.45,460389,424730000.0,22196,,233289.0,50.67,new
ANUHPHR,EQ,2026-09-17,89.67,97.89,89.67,93.68,94.1,89.22,322234,30700000.0,5888,,121198.0,37.61,new
ANUP,EQ,2026-09-17,1636.0,1655.9,1624.5,1646.6,1655.0,1637.0,19786,32413000.0,3109,,10470.0,52.92,new
ANURAS,EQ,2026-09-17,1180.0,1193.0,1176.0,1181.3,1183.0,1178.3,277685,328807000.0,10228,,133980.0,48.25,new
ANYA,SM,2026-09-17,15.0,15.4,15.0,15.25,15.25,15.3,20000,303000.0,4,,20000.0,100.0,new
AONEGOLD,EQ,2026-09-17,14.03,14.13,13.99,14.04,14.02,14.1,439629,6175000.0,1426,,181507.0,41.29,new
AONELIQUID,EQ,2026-09-17,1077.14,1077.17,1077.14,1077.17,1077.17,1077.02,14434,15547999.999999998,63,,8921.0,61.81,new
AONENIFTY,EQ,2026-09-17,9.85,9.85,9.53,9.63,9.64,9.61,87123,839000.0,1062,,74688.0,85.73,new
AONESILVER,EQ,2026-09-17,8.73,8.73,8.62,8.66,8.68,8.73,354829,3073000.0,947,,198140.0,55.84,new
AONETMMQ50,EQ,2026-09-17,10.06,10.32,10.01,10.12,10.15,10.01,69955,705000.0,235,,43275.0,61.86,new
AONETOTAL,EQ,2026-09-17,11.78,11.78,11.5,11.62,11.67,11.55,105305,1222000.0,836,,75644.0,71.83,new
APARINDS,EQ,2026-09-17,17021.0,17925.0,16884.0,17801.0,17737.0,17075.0,195609,3430256000.0,48752,,85820.0,43.87,new
APCL,EQ,2026-09-17,100.94,100.94,96.0,96.37,96.0,99.18,6783,661000.0,359,,4906.0,72.33,new
APCOTEXIND,EQ,2026-09-17,585.0,601.7,581.0,599.4,599.15,581.1,78910,46901000.0,4466,,46368.0,58.76,new
APEX,EQ,2026-09-17,350.3,354.75,348.0,350.95,350.05,347.95,49573,17428000.0,2502,,18772.0,37.87,new
APEXECO,ST,2026-09-17,243.05,250.0,242.25,250.0,250.0,255.0,11200,2738000.0,14,,8800.0,78.57,new
APLAPOLLO,EQ,2026-09-17,2110.0,2170.0,2110.0,2148.5,2148.5,2120.0,335858,719473000.0,21496,,136391.0,40.61,new
APLLTD,EQ,2026-09-17,830.0,857.25,819.6,826.0,827.7,825.3,392626,328625000.0,22396,,84791.0,21.6,new
APOLLO,EQ,2026-09-17,371.0,383.0,371.0,378.25,378.5,370.35,5478975,2072259999.9999998,59354,,1271818.0,23.21,new
APOLLOHOSP,EQ,2026-09-17,8707.0,8799.0,8686.5,8768.5,8768.5,8696.5,191301,1676064000.0,29442,,126532.0,66.14,new
APOLLOPIPE,EQ,2026-09-17,509.9,530.5,507.0,525.85,525.0,508.9,316591,165294000.0,9216,,140564.0,44.4,new
APOLLOTYRE,EQ,2026-09-17,414.25,414.3,403.25,412.15,413.9,411.95,887926,363173000.0,37438,,495649.0,55.82,new
APOLSINHOT,EQ,2026-09-17,1210.0,1234.0,1209.9,1211.1,1211.1,1185.8,372,451999.99999999994,61,,329.0,88.44,new
APOORVA,EQ,2026-09-17,27.79,29.75,27.79,29.75,29.75,28.36,192,6000.0,4,,182.0,94.79,new
APRAMEYA,SM,2026-09-17,116.0,116.0,109.05,113.45,113.95,112.3,6500,731000.0,9,,6000.0,92.31,new
APS,SM,2026-09-17,230.75,233.9,229.0,230.05,230.0,230.75,7000,1614000.0,26,,5500.0,78.57,new
APSISAERO,ST,2026-09-17,576.35,576.35,576.35,576.35,576.35,588.1,4800,2766000.0,4,,4800.0,100.0,new
APTECHT,BE,2026-09-17,87.79,88.3,86.01,87.67,88.0,86.97,40350,3522000.0,297,,,,new
APTUS,EQ,2026-09-17,239.0,244.13,237.19,239.16,238.5,239.91,1187149,285300000.0,67215,,685544.0,57.75,new
AQYLON,EQ,2026-09-17,20.45,20.45,18.84,18.88,18.95,19.71,442716,8572000.0,2117,,262714.0,59.34,new
ARCHIDPLY,EQ,2026-09-17,101.57,102.0,100.0,101.48,101.5,100.22,4107,415000.00000000006,152,,2395.0,58.32,new
ARCHIES,EQ,2026-09-17,12.24,12.5,12.21,12.25,12.25,12.21,2882,35000.0,47,,2115.0,73.39,new
ARCIIL,SM,2026-09-17,36.0,36.0,34.0,34.95,34.95,36.0,15000,516000.0,11,,11000.0,73.33,new
ARCIL,EQ,2026-09-17,139.0,141.5,130.73,137.02,137.15,139.0,31012257,4255023000.0000005,261347,,17444773.0,56.25,new
ARCL,EQ,2026-09-17,274.16,280.7,260.46,260.57,260.46,274.16,2875,763000.0,178,,1881.0,65.43,new
ARDEE,EQ,2026-09-17,47.27,49.39,47.26,48.97,48.7,47.42,3049502,148369000.0,14510,,1115257.0,36.57,new
ARE&M,EQ,2026-09-17,793.0,800.6,785.55,795.3,795.0,791.55,610101,483285000.00000006,35638,,327432.0,53.67,new
ARENTERP,EQ,2026-09-17,33.4,34.98,32.43,34.2,34.98,32.6,1452,48000.0,31,,630.0,43.39,new
ARFIN,EQ,2026-09-17,81.57,89.0,81.57,87.88,87.95,82.68,1169295,100503000.0,8787,,364740.0,31.19,new
ARHAM,SM,2026-09-17,205.0,211.9,200.05,209.35,208.05,202.25,40000,8325000.0,32,,22000.0,55.0,new
ARIES,BE,2026-09-17,480.6,487.9,470.0,477.6,481.0,480.7,7757,3707000.0,214,,,,new
ARIHANT,EQ,2026-09-17,857.65,928.95,842.2,896.7,899.0,862.25,9571,8495000.0,230,,8279.0,86.5,new
ARIHANTACA,SM,2026-09-17,495.0,500.0,495.0,500.0,500.0,498.75,31600,15796000.0,15,,31600.0,100.0,new
ARIHANTCAP,EQ,2026-09-17,80.45,81.8,79.56,81.21,81.51,80.45,174109,14072000.0,2090,,84905.0,48.77,new
ARIHANTSUP,EQ,2026-09-17,220.0,231.0,220.0,228.95,228.95,220.45,4549,1019999.9999999999,125,,3825.0,84.08,new
ARIS,EQ,2026-09-17,116.54,129.28,116.54,127.27,127.9,116.53,3458491,432864000.00000006,18860,,1459545.0,42.2,new
ARKADE,EQ,2026-09-17,116.66,124.0,116.1,117.22,116.9,115.76,465763,55848000.0,5832,,101593.0,21.81,new
ARMANFIN,EQ,2026-09-17,1873.4,1964.7,1861.2,1956.4,1952.7,1873.5,20680,39836000.0,3450,,9261.0,44.78,new
ARMOUR,ST,2026-09-17,16.7,16.7,16.6,16.6,16.6,17.45,6000,100000.0,3,,6000.0,100.0,new
AROGRANITE,EQ,2026-09-17,23.8,23.8,22.04,23.1,22.5,22.55,3094,71000.0,93,,2095.0,67.71,new
ARROWGREEN,EQ,2026-09-17,913.95,929.95,892.7,902.5,899.0,907.45,57165,51817999.99999999,5027,,28369.0,49.63,new
ARSHIYA,BZ,2026-09-17,0.76,0.79,0.74,0.74,0.74,0.77,131100,98000.0,92,,,,new
ARSSBL,EQ,2026-09-17,496.95,506.25,490.25,500.55,501.45,496.95,145422,72617000.0,4518,,72215.0,49.66,new
ARTEMISMED,EQ,2026-09-17,324.9,338.8,324.25,330.85,331.9,325.25,283121,94377000.0,13763,,120667.0,42.62,new
ARTNIRMAN,EQ,2026-09-17,39.6,40.97,39.13,40.57,40.74,39.97,553,22000.0,18,,540.0,97.65,new
ARVEE,EQ,2026-09-17,166.2,179.0,166.2,172.08,171.0,168.27,3058,532000.0,123,,1599.0,52.29,new
ARVIND,EQ,2026-09-17,547.9,554.95,540.0,541.6,541.0,548.05,826176,451400000.0,60499,,363097.0,43.95,new
ARVINDFASN,EQ,2026-09-17,419.7,428.8,413.75,425.05,426.2,416.35,160096,67446000.0,18023,,86465.0,54.01,new
ARVINDPORT,SM,2026-09-17,37.7,39.65,37.7,39.6,39.65,38.8,57000,2243000.0,37,,54000.0,94.74,new
ARVSMART,EQ,2026-09-17,550.0,560.15,548.05,553.45,556.0,549.2,32980,18304000.0,1666,,17005.0,51.56,new
ARYAMAN,EQ,2026-09-17,610.0,610.0,610.0,610.0,610.0,610.0,38,23000.0,2,,38.0,100.0,new
ASAHIINDIA,EQ,2026-09-17,952.0,959.2,950.0,950.7,951.0,951.8,44007,41910000.0,3750,,21285.0,48.37,new
ASAHISONG,BE,2026-09-17,352.0,365.3,352.0,365.15,365.3,347.95,8168,2969000.0,183,,,,new
ASAL,EQ,2026-09-17,442.45,452.9,442.45,445.85,445.2,444.55,6067,2712000.0,295,,3293.0,54.28,new
ASALCBR,EQ,2026-09-17,650.0,664.45,649.0,656.95,660.9,649.55,12411,8126000.000000001,1573,,6750.0,54.39,new
ASCOM,SM,2026-09-17,207.8,207.9,207.8,207.9,207.9,210.9,3000,624000.0,2,,3000.0,100.0,new
ASHALOG,SM,2026-09-17,60.05,60.05,60.0,60.05,60.05,59.95,4000,240000.0,3,,4000.0,100.0,new
ASHAPURMIN,EQ,2026-09-17,517.0,528.2,513.5,517.6,517.75,515.7,229538,119228000.0,9038,,96377.0,41.99,new
ASHIANA,EQ,2026-09-17,348.35,357.0,346.65,351.45,350.3,348.35,30671,10795000.0,933,,20194.0,65.84,new
ASHIKAG,BE,2026-09-17,409.0,418.6,401.0,408.3,409.95,407.05,17524,7105000.0,125,,,,new
ASHIMASYN,EQ,2026-09-17,16.29,16.78,15.95,16.12,16.25,16.29,185375,3015000.0,368,,168619.0,90.96,new
ASHOKA,EQ,2026-09-17,108.5,109.87,108.1,108.8,109.0,108.76,515340,56158000.00000001,8390,,227323.0,44.11,new
ASHOKAMET,EQ,2026-09-17,14.79,15.74,14.5,14.6,14.55,14.5,123392,1853000.0,668,,65324.0,52.94,new
ASHOKLEY,EQ,2026-09-17,156.89,159.64,156.08,158.62,158.62,156.5,8725516,1384147000.0,68529,,3411438.0,39.1,new
ASHUTOSH,ST,2026-09-17,150.0,150.0,143.1,148.6,147.0,150.6,142800,20918000.0,100,,130800.0,91.6,new
ASHWINI,SM,2026-09-17,170.3,170.3,167.5,167.5,167.5,172.0,3000,505999.99999999994,3,,3000.0,100.0,new
ASIANENE,EQ,2026-09-17,493.1,496.25,478.05,486.2,489.0,494.1,272757,132795000.0,12200,,99712.0,36.56,new
ASIANHOTNR,EQ,2026-09-17,393.95,395.0,371.1,375.8,371.2,388.55,8769,3384000.0000000005,559,,5532.0,63.09,new
ASIANPAINT,EQ,2026-09-17,2424.0,2454.0,2421.0,2454.0,2454.0,2416.6,486007,1185136000.0,40763,,299291.0,61.58,new
ASIANTILES,EQ,2026-09-17,49.5,50.3,49.36,49.97,49.92,49.93,1588966,79297000.0,5152,,638076.0,40.16,new
ASIANTNE,EQ,2026-09-17,9.7,9.7,9.0,9.34,9.49,9.19,11943,112999.99999999999,87,,7931.0,66.41,new
ASKAUTOLTD,EQ,2026-09-17,623.55,629.9,615.85,618.9,620.9,617.9,154115,95672000.0,8684,,66033.0,42.85,new
ASMS,BE,2026-09-17,6.94,6.94,6.52,6.7,6.75,6.86,176848,1182000.0,412,,,,new
ASPINWALL,EQ,2026-09-17,251.6,255.0,251.6,255.0,255.0,250.3,25,6000.0,6,,17.0,68.0,new
ASSAMENT,EQ,2026-09-17,750.0,780.0,750.0,780.0,780.0,785.65,7,5000.0,3,,6.0,85.71,new
ASTAR,EQ,2026-09-17,598.0,672.8,597.95,672.8,672.8,560.7,1394,919999.9999999999,108,,981.0,70.37,new
ASTEC,EQ,2026-09-17,665.0,779.4,661.55,755.15,750.85,661.95,994540,746072000.0,41600,,79707.0,8.01,new
ASTERDM,EQ,2026-09-17,745.0,764.4,738.05,760.65,762.1,741.2,634636,481397000.0,37986,,343004.0,54.05,new
ASTRAL,EQ,2026-09-17,1370.1,1401.0,1355.0,1398.9,1398.9,1382.5,473351,656945000.0,34936,,254570.0,53.78,new
ASTRAMICRO,EQ,2026-09-17,1611.0,1635.0,1599.0,1607.8,1615.1,1621.9,186113,300305000.0,18004,,111342.0,59.82,new
ASTRAZEN,EQ,2026-09-17,6700.0,6753.0,6655.0,6669.0,6660.0,6703.0,2004,13391999.999999998,764,,834.0,41.62,new
ASTRON,BZ,2026-09-17,2.94,2.99,2.94,2.97,2.99,2.94,5615,17000.0,33,,,,new
ATALREAL,EQ,2026-09-17,14.45,15.88,14.43,15.87,15.88,14.44,11339363,173156000.0,6295,,4283137.0,37.77,new
ATAM,EQ,2026-09-17,62.99,63.95,59.0,59.29,59.5,62.15,40892,2501000.0,866,,23480.0,57.42,new
ATCENERGY,ST,2026-09-17,21.0,21.0,21.0,21.0,21.0,21.0,1200,25000.0,1,,1200.0,100.0,new
ATGL,EQ,2026-09-17,589.7,589.7,582.0,587.0,589.0,586.5,373871,219081000.0,17049,,110359.0,29.52,new
ATHERENERG,EQ,2026-09-17,1550.0,1567.4,1528.0,1550.0,1550.0,1567.5,2513489,3894799000.0,73736,,684450.0,27.23,new
ATL,EQ,2026-09-17,24.0,24.9,23.8,24.5,24.41,23.89,139820,3378000.0,2188,,48050.0,34.37,new
ATLANTAA,EQ,2026-09-17,35.9,37.0,35.9,36.21,36.21,36.46,20250,731000.0,563,,17046.0,84.18,new
ATLANTAELE,EQ,2026-09-17,1659.0,1693.4,1614.9,1633.3,1643.0,1655.0,91935,151002000.0,9801,,40438.0,43.99,new
ATLASCYCLE,EQ,2026-09-17,92.35,92.9,86.1,89.76,89.02,92.35,14880,1351000.0,349,,9178.0,61.68,new
ATLPP,E1,2026-09-17,8.95,9.59,8.77,8.95,8.77,9.5,7784,69000.0,30,,7037.0,90.4,new
ATMASTCO,SM,2026-09-17,124.0,129.3,121.0,128.5,129.3,123.35,20000,2530000.0,45,,16000.0,80.0,new
ATUL,EQ,2026-09-17,6070.0,6156.0,6045.0,6133.5,6148.5,6076.0,26048,158810000.0,5541,,15655.0,60.1,new
ATULAUTO,EQ,2026-09-17,438.0,443.55,435.4,441.4,441.5,436.4,52150,22985000.0,2678,,26394.0,50.61,new
AUBANK,EQ,2026-09-17,1026.2,1048.0,1026.2,1039.3,1039.3,1033.2,770876,800718000.0,29615,,401954.0,52.14,new
AUGMONT,EQ,2026-09-17,835.0,844.2,806.05,811.1,808.9,833.05,441991,362931000.0,15938,,164501.0,37.22,new
AURIONPRO,EQ,2026-09-17,687.0,709.2,686.85,705.0,702.0,688.0,83799,58762000.0,4674,,45671.0,54.5,new
AUROIMPEX,SM,2026-09-17,32.15,32.15,32.15,32.15,32.15,30.65,4800,154000.0,3,,4800.0,100.0,new
AUROPHARMA,EQ,2026-09-17,1634.0,1692.3,1634.0,1690.0,1690.0,1643.0,758827,1273292000.0,40310,,320038.0,42.18,new
AURUM,EQ,2026-09-17,217.2,222.72,217.2,221.11,219.5,219.81,67079,14813000.0,1802,,51136.0,76.23,new
AURUS,EQ,2026-09-17,4.9,4.98,4.7,4.72,4.73,4.83,24075,113999.99999999999,191,,16804.0,69.8,new
AUSOMENT,EQ,2026-09-17,155.0,155.0,146.51,149.23,149.05,149.9,259,38000.0,56,,211.0,81.47,new
AUSTENG,EQ,2026-09-17,129.48,134.99,124.2,127.71,129.85,126.95,4765,618000.0,102,,2556.0,53.64,new
AUTOAXLES,EQ,2026-09-17,1663.1,1694.4,1659.9,1679.4,1686.0,1659.0,5723,9606000.0,491,,4432.0,77.44,new
AUTOBEES,EQ,2026-09-17,279.0,283.29,276.56,282.4,283.04,279.35,144505,40716000.0,1824,,61126.0,42.3,new
AUTOIETF,EQ,2026-09-17,27.92,28.37,27.8,28.3,28.36,27.97,752124,21253000.0,1355,,570608.0,75.87,new
AUTOIND,EQ,2026-09-17,78.2,79.55,77.5,78.1,78.0,77.5,100703,7909999.999999999,2060,,54097.0,53.72,new
AVADHSUGAR,EQ,2026-09-17,729.0,729.0,715.0,721.0,725.8,726.2,55363,39979000.0,3208,,28576.0,51.62,new
AVALON,EQ,2026-09-17,2256.0,2305.0,2204.3,2230.0,2234.1,2216.1,364163,820104999.9999999,42954,,117275.0,32.2,new
AVANA,ST,2026-09-17,134.05,137.0,134.05,137.0,137.0,138.5,10000,1352000.0,5,,10000.0,100.0,new
AVANCE,EQ,2026-09-17,0.79,0.8,0.78,0.78,0.78,0.79,4211615,3318000.0,1540,,2230715.0,52.97,new
AVANTEL,EQ,2026-09-17,141.85,146.85,141.85,146.37,146.0,141.89,714144,103783000.0,10202,,311572.0,43.63,new
AVANTIFEED,EQ,2026-09-17,770.35,779.4,760.0,770.85,772.2,770.35,197289,151999000.0,16858,,79069.0,40.08,new
AVATAR,ST,2026-09-17,218.45,218.45,218.45,218.45,218.45,229.9,2000,437000.0,1,,2000.0,100.0,new
AVG,BE,2026-09-17,163.73,171.0,163.73,170.5,170.5,163.75,5150,869000.0,63,,,,new
AVIANSH,SM,2026-09-17,102.0,102.5,102.0,102.5,102.5,101.5,2000,204999.99999999997,2,,2000.0,100.0,new
AVIENCE,SM,2026-09-17,337.45,340.1,320.0,334.8,334.95,337.45,49200,16218000.0,73,,30000.0,60.98,new
AVL,EQ,2026-09-17,624.0,638.0,621.3,633.25,636.6,620.6,68801,43360000.0,5578,,33971.0,49.38,new
AVONMORE,EQ,2026-09-17,13.4,13.4,11.76,12.02,12.2,13.06,703372,8662000.0,2611,,414120.0,58.88,new
AVPINFRA,SM,2026-09-17,56.0,58.45,56.0,57.8,57.8,56.9,17600,1002999.9999999999,19,,10400.0,59.09,new
AVROIND,EQ,2026-09-17,8.0,8.0,7.62,7.84,7.92,7.92,106822,836999.9999999999,452,,61584.0,57.65,new
AVTNPL,EQ,2026-09-17,85.72,87.17,85.02,85.45,85.5,85.72,54208,4651000.0,1163,,25402.0,46.86,new
AWFIS,EQ,2026-09-17,270.3,274.15,263.1,264.7,264.9,271.1,363518,97351000.0,9694,,150052.0,41.28,new
AWHCL,EQ,2026-09-17,346.0,398.6,342.3,379.6,383.0,345.5,5932053,2285163000.0,122586,,184658.0,3.11,new
AWL,EQ,2026-09-17,185.0,187.75,182.53,184.04,183.6,181.94,2242291,413760000.00000006,32417,,469114.0,20.92,new
AXISBANK,EQ,2026-09-17,1238.0,1257.6,1233.0,1240.0,1240.0,1241.0,4413665,5507035000.0,124164,,2525022.0,57.21,new
AXISCADES,EQ,2026-09-17,1699.0,1852.9,1699.0,1852.3,1852.9,1684.5,443978,809197000.0,20449,,201487.0,45.38,new
AXITA,EQ,2026-09-17,8.03,8.09,7.99,7.99,8.0,7.99,347239,2784000.0,694,,110643.0,31.86,new
AXTEL,EQ,2026-09-17,434.9,444.0,424.15,443.65,442.0,435.1,10817,4721000.0,377,,8134.0,75.2,new
AYE,EQ,2026-09-17,180.8,187.47,179.07,180.98,179.56,180.12,727376,133443000.0,22454,,280261.0,38.53,new
AYMSYNTEX,EQ,2026-09-17,267.9,286.9,267.9,281.95,280.0,270.8,97359,26863000.0,4939,,51718.0,53.12,new
AZAD,EQ,2026-09-17,2581.7,2672.8,2575.3,2605.3,2616.0,2581.7,423182,1110397000.0,35466,,162570.0,38.42,new
AZADIND,EQ,2026-09-17,84.36,87.16,84.0,85.07,86.0,84.36,13237,1128000.0,344,,3811.0,28.79,new
BABAFP,SM,2026-09-17,23.0,23.95,23.0,23.95,23.95,24.15,3200,75000.0,2,,3200.0,100.0,new
BAFNAPH,BE,2026-09-17,315.0,315.15,310.0,311.0,311.0,309.0,12918,4018000.0,52,,,,new
BAGDIGITAL,SM,2026-09-17,101.0,106.5,100.0,105.8,105.8,103.0,11200,1166000.0,7,,4800.0,42.86,new
BAGFILMS,EQ,2026-09-17,4.39,4.44,4.31,4.32,4.31,4.36,20056,87000.0,173,,12470.0,62.18,new
BAGMANE,RR,2026-09-17,110.59,111.4,109.8,109.89,109.83,109.9,1138404,125608000.0,11029,,1005669.0,88.34,new
BAHETI,SM,2026-09-17,757.95,766.0,740.0,743.8,744.5,744.5,33750,25214000.0,63,,26625.0,78.89,new
BAIDFIN,EQ,2026-09-17,10.49,10.59,10.03,10.55,10.59,10.35,64450,675000.0,295,,56739.0,88.04,new
BAJAJ-AUTO,EQ,2026-09-17,11568.0,11576.0,11435.0,11500.0,11500.0,11593.0,129351,1488617000.0,22698,,61710.0,47.71,new
BAJAJCON,EQ,2026-09-17,495.6,511.1,495.6,502.45,502.0,498.05,304161,153472000.0,15306,,144241.0,47.42,new
BAJAJELEC,EQ,2026-09-17,320.25,326.0,320.25,325.3,324.4,322.55,51365,16640000.0,2639,,24104.0,46.93,new
BAJAJFINSV,EQ,2026-09-17,1837.0,1863.0,1832.1,1859.2,1859.2,1837.0,460650,851376000.0,38302,,235918.0,51.21,new
BAJAJHCARE,EQ,2026-09-17,323.3,333.4,320.4,328.35,328.35,321.1,140433,46267000.0,4562,,60862.0,43.34,new
BAJAJHFL,EQ,2026-09-17,82.9,83.51,82.63,82.7,82.71,82.96,1561540,129491000.00000001,18443,,787447.0,50.43,new
BAJAJHIND,EQ,2026-09-17,19.9,19.99,19.32,19.38,19.42,19.81,12639678,247767999.99999997,15041,,3322823.0,26.29,new
BAJAJHLDNG,EQ,2026-09-17,10928.0,11066.0,10884.0,11010.0,11010.0,10930.0,29620,325985000.0,6132,,16293.0,55.01,new
BAJAJINDEF,EQ,2026-09-17,215.08,222.08,214.96,221.0,222.08,215.36,9241,2030999.9999999998,322,,6515.0,70.5,new
BAJAJST,EQ,2026-09-17,359.55,359.55,346.2,353.45,352.95,351.65,2569,907000.0,365,,1524.0,59.32,new
BAJEL,EQ,2026-09-17,167.35,175.19,167.35,173.08,174.0,169.16,129667,22433000.0,2741,,61396.0,47.35,new
BAJFINANCE,EQ,2026-09-17,1010.0,1027.9,1010.0,1015.0,1015.0,1006.2,4816547,4893135000.0,100275,,2797889.0,58.09,new
BALAJEE,EQ,2026-09-17,24.06,25.17,24.06,25.03,25.12,24.43,37507,932000.0,447,,23606.0,62.94,new
BALAJIPHOS,SM,2026-09-17,111.0,117.0,111.0,116.95,117.0,113.0,6000,684000.0,6,,6000.0,100.0,new
BALAJITELE,EQ,2026-09-17,91.51,98.11,91.1,95.97,95.9,92.1,500126,48232000.0,7240,,201368.0,40.26,new
BALAMINES,EQ,2026-09-17,2149.8,2184.0,2125.9,2148.9,2143.0,2149.8,86181,185934000.0,11052,,30240.0,35.09,new
BALAXI,EQ,2026-09-17,23.6,23.6,22.4,23.04,22.99,23.33,24054,553000.0,175,,16100.0,66.93,new
BALKRISHNA,EQ,2026-09-17,17.0,17.0,16.43,16.66,16.52,16.53,5403,91000.0,43,,3627.0,67.13,new
BALKRISIND,EQ,2026-09-17,2124.9,2180.0,2120.0,2170.8,2178.7,2124.9,216828,466338000.0,26298,,141797.0,65.4,new
BALMLAWRIE,EQ,2026-09-17,161.02,163.69,161.02,162.47,163.51,162.1,73935,12024000.0,1874,,39533.0,53.47,new
BALPHARMA,EQ,2026-09-17,101.5,106.0,101.0,102.46,101.9,101.33,40561,4182000.0,621,,19485.0,48.04,new
BALRAMCHIN,EQ,2026-09-17,679.0,687.65,671.0,675.7,675.0,682.6,715266,486610000.00000006,20462,,146789.0,20.52,new
BALUFORGE,EQ,2026-09-17,484.0,504.7,477.35,501.6,502.4,483.25,836714,414950000.0,25068,,290776.0,34.75,new
BANARBEADS,EQ,2026-09-17,114.4,114.4,110.25,110.54,110.4,109.65,1036,114999.99999999999,55,,768.0,74.13,new
BANARISUG,EQ,2026-09-17,3282.6,3345.0,3256.0,3302.8,3317.8,3267.2,1049,3468000.0,281,,300.0,28.6,new
BANCOINDIA,EQ,2026-09-17,591.0,597.1,587.05,593.05,596.0,593.15,68674,40645000.0,7115,,34188.0,49.78,new
BANDHANBNK,EQ,2026-09-17,172.0,175.0,170.98,171.5,171.5,172.5,4150818,716450000.0,19495,,1910476.0,46.03,new
BANG,EQ,2026-09-17,32.6,33.97,32.6,33.19,33.25,32.45,21817,723000.0,253,,11663.0,53.46,new
BANK10ADD,EQ,2026-09-17,16.57,16.6,16.48,16.52,16.5,16.46,4466,74000.0,59,,3010.0,67.4,new
BANK10BETF,EQ,2026-09-17,20.41,20.51,20.15,20.27,20.2,20.4,12244,250000.0,42,,9900.0,80.86,new
BANKA,EQ,2026-09-17,77.7,77.7,75.03,77.2,77.2,77.83,801,61000.0,40,,671.0,83.77,new
BANKADD,EQ,2026-09-17,57.6,57.92,57.37,57.45,57.37,57.52,4145,239000.0,62,,1454.0,35.08,new
BANKBARODA,EQ,2026-09-17,233.6,236.46,232.1,232.3,232.3,234.98,4576908,1069266000.0,40395,,1787855.0,39.06,new
BANKBEES,EQ,2026-09-17,583.99,586.0,580.52,581.64,582.09,582.68,514509,299798000.0,5203,,261015.0,50.73,new
BANKBETA,EQ,2026-09-17,58.24,58.59,57.94,58.07,58.17,58.14,1751884,101619000.0,369,,1732533.0,98.9,new
BANKBETF,EQ,2026-09-17,57.09,57.49,56.9,57.1,57.18,57.1,4493,256999.99999999997,244,,2849.0,63.41,new
BANKETF,EQ,2026-09-17,572.49,577.14,571.5,572.55,572.76,573.59,22817,13082000.0,200,,4999.0,21.91,new
BANKIETF,EQ,2026-09-17,57.56,58.18,57.56,57.8,58.02,57.75,2307654,132988000.00000001,1530,,1785262.0,77.36,new
BANKINDIA,EQ,2026-09-17,137.91,141.11,137.9,138.17,138.17,137.81,9976048,1388005000.0,31416,,5322494.0,53.35,new
BANKNIFTY1,EQ,2026-09-17,58.31,58.74,58.17,58.29,58.17,58.32,1798682,104719000.0,731,,1733597.0,96.38,new
BANKPSU,EQ,2026-09-17,84.05,84.54,83.18,83.41,83.4,83.22,17015,1426000.0,74,,4780.0,28.09,new
BANSALWIRE,EQ,2026-09-17,309.1,314.7,304.0,313.25,314.0,307.15,50724,15859000.0,3954,,27302.0,53.82,new
BANSWRAS,EQ,2026-09-17,109.34,114.25,108.88,110.32,112.0,109.34,37647,4192000.0,876,,28946.0,76.89,new
BARFLEX,SM,2026-09-17,59.95,60.0,59.75,59.85,59.85,60.0,12000,719000.0,4,,6000.0,50.0,new
BASF,EQ,2026-09-17,3579.0,3630.5,3558.4,3601.6,3630.0,3558.4,16853,60578000.0,3672,,8552.0,50.74,new
BASILIC,SM,2026-09-17,179.0,181.45,173.5,179.35,181.45,179.0,10500,1853000.0,34,,6600.0,62.86,new
BASML,BE,2026-09-17,23.42,24.0,23.0,23.78,23.79,23.42,36320,852999.9999999999,104,,,,new
BATAINDIA,EQ,2026-09-17,630.65,639.25,630.65,636.65,638.0,630.65,74321,47258000.0,5383,,37615.0,50.61,new
BATLIBOI,EQ,2026-09-17,83.1,83.94,78.11,78.73,79.28,82.1,91874,7358000.0,1374,,58585.0,63.77,new
BAYERCROP,EQ,2026-09-17,3958.0,3958.0,3890.0,3893.4,3890.0,3938.6,15646,61046000.0,3078,,8456.0,54.05,new
BBETF0432,EQ,2026-09-17,1339.48,1341.17,1338.0,1340.89,1340.0,1335.29,998,1337000.0,25,,972.0,97.39,new
BBL,EQ,2026-09-17,2175.9,2209.9,2161.1,2203.4,2209.9,2178.2,11869,25964000.0,2286,,6438.0,54.24,new
BBNPNBETF,EQ,2026-09-17,57.19,57.19,56.44,56.62,56.62,56.63,3324,188000.0,15,,3235.0,97.32,new
BBNPPGOLD,EQ,2026-09-17,145.55,146.15,143.5,145.45,145.85,146.4,2777,404000.0,85,,1470.0,52.93,new
BBOX,EQ,2026-09-17,765.6,774.45,753.35,766.4,762.3,763.25,299744,229014000.0,21864,,104897.0,35.0,new
BBTC,EQ,2026-09-17,1416.8,1428.0,1395.1,1399.4,1409.0,1416.7,29801,41887000.0,4593,,17340.0,58.19,new
BBTCL,EQ,2026-09-17,229.9,237.0,223.0,230.63,230.0,224.0,11723,2731000.0,408,,8762.0,74.74,new
BCG,EQ,2026-09-17,9.8,10.07,9.73,9.86,9.93,9.78,4853153,48020000.0,4167,,2014949.0,41.52,new
BCLIND,EQ,2026-09-17,32.98,33.52,32.71,33.17,32.79,32.98,411663,13635000.0,3494,,198230.0,48.15,new
BCONCEPTS,EQ,2026-09-17,159.74,159.74,150.02,154.23,154.0,150.68,5383,821000.0000000001,310,,4261.0,79.16,new
BCPL,EQ,2026-09-17,68.0,68.6,67.34,67.63,67.66,67.33,3529,239000.0,108,,2855.0,80.9,new
BDL,EQ,2026-09-17,1130.0,1152.9,1129.2,1151.9,1151.9,1136.0,677240,775356000.0,25162,,173759.0,25.66,new
BEARDSELL,EQ,2026-09-17,24.98,24.99,24.0,24.23,24.48,24.06,15138,370000.0,232,,11037.0,72.91,new
BECTORFOOD,EQ,2026-09-17,220.16,224.14,218.53,220.81,220.75,220.16,795197,175571000.0,23248,,300854.0,37.83,new
BEDMUTHA,EQ,2026-09-17,103.84,104.99,102.0,104.98,104.98,102.28,3110,323000.0,54,,2931.0,94.24,new
BEEKAY,EQ,2026-09-17,426.0,435.8,419.05,426.55,425.0,431.8,1515,643000.0,92,,1053.0,69.5,new
BEL,EQ,2026-09-17,387.0,395.9,387.0,395.45,395.45,385.75,7820077,3077916000.0,85072,,3674207.0,46.98,new
BELLACASA,EQ,2026-09-17,258.93,258.93,250.0,255.25,255.0,250.48,12720,3252000.0000000005,665,,7732.0,60.79,new
BELRISE,EQ,2026-09-17,228.19,232.5,228.16,229.37,229.0,229.35,1753104,404423000.0,30455,,680566.0,38.82,new
BEML,EQ,2026-09-17,1998.0,2068.6,1985.2,2013.3,2010.0,1991.9,340871,691287000.0,30834,,91424.0,26.82,new
BENARAS,EQ,2026-09-17,10896.0,11097.0,10555.0,10800.0,10830.0,10789.0,60,649000.0,22,,40.0,66.67,new
BENGALASM,EQ,2026-09-17,6349.0,6349.0,6202.0,6212.5,6210.0,6319.0,97,605000.0,42,,83.0,85.57,new
BEPL,EQ,2026-09-17,125.0,129.9,124.62,127.47,127.25,124.92,1163018,148939000.0,10982,,598294.0,51.44,new
BERGEPAINT,EQ,2026-09-17,449.4,452.35,443.9,448.6,448.4,448.15,443456,198940000.0,27470,,260202.0,58.68,new
BESTAGRO,EQ,2026-09-17,18.13,18.75,18.13,18.42,18.45,18.44,276646,5126000.0,1327,,164197.0,59.35,new
BETA,EQ,2026-09-17,2054.6,2112.4,2054.6,2095.0,2095.0,2064.9,12237,25541000.0,1572,,7102.0,58.04,new
BEWLTD,SM,2026-09-17,48.0,50.0,47.7,48.6,48.5,48.1,70000,3386999.9999999995,49,,67500.0,96.43,new
BFINVEST,EQ,2026-09-17,435.9,440.0,435.9,438.95,440.0,432.05,6998,3068000.0,664,,4290.0,61.3,new
BFSI,EQ,2026-09-17,26.92,26.92,26.21,26.38,26.31,26.27,77632,2051000.0000000002,544,,46562.0,59.98,new
BFUTILITIE,EQ,2026-09-17,521.95,532.55,519.0,521.05,519.0,520.35,36882,19345000.0,1897,,13819.0,37.47,new
BGRENERGY,BE,2026-09-17,231.87,243.45,229.1,243.45,243.45,231.86,60904,14729000.0,484,,,,new
BHADORA,ST,2026-09-17,122.55,122.55,117.65,117.7,117.7,123.8,16800,1985000.0000000002,14,,15600.0,92.86,new
BHAGCHEM,EQ,2026-09-17,245.7,249.5,245.65,247.95,248.0,244.25,21308,5285000.0,422,,13319.0,62.51,new
BHAGERIA,BE,2026-09-17,306.95,318.85,306.75,318.85,318.85,303.7,65522,20823000.0,387,,,,new
BHAGYANGR,EQ,2026-09-17,432.0,446.5,431.0,446.5,446.5,425.25,66357,29502999.999999996,807,,54662.0,82.38,new
BHANDARI,EQ,2026-09-17,2.97,3.0,2.97,2.98,2.97,2.98,147723,440000.00000000006,183,,135896.0,91.99,new
BHARATCOAL,EQ,2026-09-17,32.19,32.5,31.96,32.14,32.16,32.23,2923304,94088000.0,12915,,1528270.0,52.28,new
BHARATFORG,EQ,2026-09-17,1885.9,1941.0,1878.0,1918.7,1918.7,1885.0,522135,1000659000.0,30646,,233300.0,44.68,new
BHARATGEAR,BE,2026-09-17,99.55,101.99,99.0,101.3,101.21,99.55,11994,1212000.0,177,,,,new
BHARATRAS,EQ,2026-09-17,1159.9,1169.9,1153.2,1164.0,1162.0,1157.4,5205,6047000.0,1049,,2185.0,41.98,new
BHARATSE,EQ,2026-09-17,202.95,214.16,202.95,209.22,209.0,205.26,129883,27264999.999999996,3393,,36907.0,28.42,new
BHARATWIRE,EQ,2026-09-17,165.69,176.5,165.69,171.69,171.69,167.69,195420,33656000.0,3467,,126103.0,64.53,new
BHARTIARTL,EQ,2026-09-17,1841.8,1845.9,1827.6,1836.0,1836.0,1835.0,4368285,8021222000.0,124838,,2831487.0,64.82,new
BHARTIHEXA,EQ,2026-09-17,1490.0,1491.9,1465.0,1481.1,1470.0,1479.3,82494,121793000.0,12947,,50451.0,61.16,new
BHEL,EQ,2026-09-17,411.55,430.75,410.8,429.2,429.2,410.6,8684564,3687824000.0,85259,,2586703.0,29.79,new
BI,BE,2026-09-17,99.0,102.5,97.5,102.5,102.5,97.62,28323,2882000.0,131,,,,new
BIGBLOC,EQ,2026-09-17,40.48,40.5,38.5,39.45,39.88,39.51,27779,1101000.0,466,,17869.0,64.33,new
BIKAJI,EQ,2026-09-17,540.0,554.0,539.95,552.65,554.0,540.95,51835,28558999.999999996,4587,,25648.0,49.48,new
BIKEWO,ST,2026-09-17,108.65,113.0,108.65,112.2,110.3,108.5,112000,12478000.0,49,,104000.0,92.86,new
BIL,EQ,2026-09-17,1050.0,1060.0,1011.0,1023.45,1014.0,1036.25,7093,7334999.999999999,686,,4260.0,60.06,new
BILVYAPAR,BE,2026-09-17,4.14,4.22,4.04,4.15,4.22,4.16,3909,16000.0,18,,,,new
BIMETAL,EQ,2026-09-17,638.5,647.95,635.0,641.3,646.0,638.65,171,109000.00000000001,23,,142.0,83.04,new
BIOCON,EQ,2026-09-17,374.0,382.0,370.5,380.0,380.0,374.4,3043285,1151577000.0,40434,,1730882.0,56.88,new
BIOFILCHEM,EQ,2026-09-17,33.13,33.89,32.61,32.86,32.98,33.13,16709,556000.0,226,,8680.0,51.95,new
BIOPOL,SM,2026-09-17,47.6,47.7,46.25,46.9,46.6,48.15,19200,901000.0,16,,15600.0,81.25,new
BIRET,RR,2026-09-17,340.0,340.98,337.5,338.66,339.0,340.28,257357,87049000.0,10448,,202456.0,78.67,new
BIRLACABLE,EQ,2026-09-17,383.0,401.65,383.0,401.65,401.65,382.55,431704,172655000.0,4271,,211480.0,48.99,new
BIRLACORPN,EQ,2026-09-17,800.0,815.0,800.0,811.15,813.25,803.9,39164,31558000.0,3822,,21615.0,55.19,new
BIRLAMONEY,EQ,2026-09-17,117.22,121.19,117.22,120.63,120.9,117.93,17513,2099000.0,578,,11324.0,64.66,new
BIRLANU,EQ,2026-09-17,1387.1,1404.0,1372.1,1381.1,1399.9,1387.1,4372,6056000.0,849,,2784.0,63.68,new
BIRLAPREC,BE,2026-09-17,57.96,59.9,55.6,58.6,59.0,58.47,150896,8776000.0,588,,,,new
BLACKBUCK,EQ,2026-09-17,619.0,631.4,609.0,611.5,611.5,619.05,549356,338636000.0,34769,,265219.0,48.28,new
BLACKROSE,BE,2026-09-17,105.54,105.85,103.01,103.21,104.49,106.56,27586,2870000.0,298,,,,new
BLAL,EQ,2026-09-17,160.11,162.79,160.11,162.37,162.48,161.99,9540,1544000.0,208,,7098.0,74.4,new
BLBLIMITED,EQ,2026-09-17,16.2,16.52,15.65,15.99,15.92,16.13,202164,3233000.0,356,,155461.0,76.9,new
BLEL,EQ,2026-09-17,430.1,437.9,423.2,436.1,435.25,428.4,530677,229079000.0,13455,,139294.0,26.25,new
BLIL,EQ,2026-09-17,67.88,68.1,67.16,67.62,68.1,67.33,64913,4387000.0,912,,50709.0,78.12,new
BLISSGVS,BE,2026-09-17,680.0,698.9,680.0,690.65,690.0,680.5,198123,136869000.0,2368,,,,new
BLKASHYAP,EQ,2026-09-17,50.84,53.7,50.84,52.87,52.5,51.33,468020,24655000.0,2942,,289221.0,61.8,new
BLS,EQ,2026-09-17,227.87,230.2,226.59,227.74,228.02,226.74,413806,94492000.0,10039,,174154.0,42.09,new
BLSE,EQ,2026-09-17,314.0,319.45,310.8,314.5,314.7,313.55,116886,36936000.0,3694,,65332.0,55.89,new
BLUECLOUDS,EQ,2026-09-17,19.59,19.71,19.44,19.57,19.55,19.59,543486,10628000.0,1603,,276367.0,50.85,new
BLUECOAST,EQ,2026-09-17,21.09,21.9,20.2,21.68,21.85,21.09,1021,22000.0,19,,902.0,88.34,new
BLUEDART,EQ,2026-09-17,4850.0,4863.6,4799.9,4811.3,4818.0,4850.5,7139,34494000.0,3340,,3580.0,50.15,new
BLUEJET,EQ,2026-09-17,563.25,576.9,563.25,568.2,565.0,565.05,546795,311525000.0,18852,,314605.0,57.54,new
BLUEPEBBLE,SM,2026-09-17,76.5,78.9,73.05,78.9,78.9,76.5,1600,121000.0,4,,1200.0,75.0,new
BLUESTARCO,EQ,2026-09-17,1499.9,1558.0,1492.0,1553.0,1553.0,1504.0,517440,798412000.0,32000,,210119.0,40.61,new
BLUESTONE,EQ,2026-09-17,843.15,861.7,823.0,831.2,832.0,856.0,638636,538566000.0,29231,,120516.0,18.87,new
BLUEWATER,ST,2026-09-17,458.8,468.0,457.0,464.25,468.0,452.0,10000,4629000.0,10,,10000.0,100.0,new
BLUSPRING,EQ,2026-09-17,124.46,128.99,121.65,123.72,122.96,124.46,356061,44329000.0,4818,,161735.0,45.42,new
BMETRICS,SM,2026-09-17,32.5,33.05,32.5,32.85,32.65,34.1,2400,79000.0,3,,2400.0,100.0,new
BMLL,SM,2026-09-17,155.0,155.0,150.15,152.05,152.15,155.0,23000,3510000.0,22,,17000.0,73.91,new
BMWVENTLTD,EQ,2026-09-17,51.0,51.75,49.95,50.22,50.0,51.8,139313,7063000.0,1838,,98766.0,70.9,new
BNAGROCHEM,EQ,2026-09-17,194.0,209.99,192.23,207.86,207.84,202.34,757,153000.0,32,,568.0,75.03,new
BNKETFAXIS,EQ,2026-09-17,582.58,582.58,579.75,580.22,580.1,579.81,592,344000.0,20,,223.0,37.67,new
BODALCHEM,EQ,2026-09-17,173.0,182.13,173.0,182.13,182.13,173.46,2362229,428662000.0,8458,,995487.0,42.14,new
BOHRAIND,EQ,2026-09-17,13.02,14.25,13.02,13.34,13.32,13.5,12551,170000.0,48,,4534.0,36.12,new
BOMDYEING,EQ,2026-09-17,107.1,108.0,106.82,107.55,107.9,107.16,290843,31254000.000000004,3708,,107119.0,36.83,new
BONLON,EQ,2026-09-17,38.06,38.06,35.0,37.07,37.59,38.81,19642,716000.0,262,,13206.0,67.23,new
BORANA,EQ,2026-09-17,305.0,310.95,297.85,299.5,298.0,303.05,29492,8889000.0,654,,21357.0,72.42,new
BOROLTD,EQ,2026-09-17,248.3,255.1,246.84,253.4,252.52,246.76,111949,28264000.0,2663,,45221.0,40.39,new
BORORENEW,EQ,2026-09-17,440.45,456.4,439.3,449.35,449.7,446.0,947704,426306000.00000006,41373,,451777.0,47.67,new
BOROSCI,EQ,2026-09-17,117.0,121.27,117.0,118.29,120.41,118.52,34041,4059000.0000000005,820,,18423.0,54.12,new
BOSCH-HCIL,EQ,2026-09-17,1680.2,1698.0,1655.1,1668.3,1660.1,1674.2,9583,16085000.0,1093,,6161.0,64.29,new
BOSCHLTD,EQ,2026-09-17,47740.0,48160.0,47595.0,47735.0,47735.0,47555.0,17379,832678000.0000001,10505,,7503.0,43.17,new
BOSS,ST,2026-09-17,59.0,59.8,59.0,59.8,59.8,59.85,4000,238000.0,2,,4000.0,100.0,new
BPCL,EQ,2026-09-17,304.55,308.0,303.15,307.0,307.0,303.35,3005596,919916000.0,29288,,1488847.0,49.54,new
BPL,EQ,2026-09-17,47.4,47.4,45.7,45.85,46.3,46.73,28147,1300000.0,731,,18832.0,66.91,new
BPLPHARMA,EQ,2026-09-17,1549.2,1549.2,1504.9,1534.0,1534.0,1509.8,32,49000.0,12,,26.0,81.25,new
BRACEPORT,SM,2026-09-17,54.2,54.2,52.0,52.0,52.0,53.9,6400,339000.0,4,,4800.0,75.0,new
BRAHMINFRA,EQ,2026-09-17,161.88,161.88,155.01,159.63,160.5,155.58,12592,1998999.9999999998,401,,9017.0,71.61,new
BRANDMAN,SM,2026-09-17,164.95,164.95,164.0,164.0,164.0,163.9,1600,263000.0,2,,1600.0,100.0,new
BRIGADE,EQ,2026-09-17,627.0,636.8,618.6,620.9,618.6,626.85,260372,162937000.0,17939,,128435.0,49.33,new
BRIGHOTEL,EQ,2026-09-17,56.12,57.29,55.0,56.52,56.4,55.85,121720,6828000.0,3295,,78939.0,64.85,new
BRIGHTBR,EQ,2026-09-17,252.0,252.0,245.0,245.0,245.0,252.0,472,115999.99999999999,22,,452.0,95.76,new
BRITANNIA,EQ,2026-09-17,4996.0,5040.0,4982.0,4982.0,4982.0,4999.5,308669,1547128000.0,24245,,183556.0,59.47,new
BRNL,EQ,2026-09-17,16.0,16.9,16.0,16.41,16.32,16.24,13206,216000.0,189,,9998.0,75.71,new
BROOKS,EQ,2026-09-17,62.99,62.99,58.22,61.23,61.1,61.02,27597,1677000.0,384,,21381.0,77.48,new
BSE,EQ,2026-09-17,3255.0,3303.0,3232.2,3259.0,3259.0,3240.0,2770028,9055427000.0,116540,,939357.0,33.91,new
BSE500IETF,EQ,2026-09-17,38.2,38.51,38.02,38.45,38.4,38.2,79176,3039000.0,942,,58171.0,73.47,new
BSHSL,EQ,2026-09-17,84.36,91.8,83.78,88.25,88.5,84.78,5728,503000.0,135,,3285.0,57.35,new
BSL,EQ,2026-09-17,119.99,119.99,116.8,117.32,116.8,117.97,641,76000.0,40,,629.0,98.13,new
BSLGOLDETF,EQ,2026-09-17,132.59,133.03,131.7,132.57,132.51,132.9,290109,38410000.0,2507,,231084.0,79.65,new
BSLNIFTY,EQ,2026-09-17,28.15,28.15,27.1,27.38,27.4,27.47,989867,27102999.999999996,3573,,720026.0,72.74,new
BSLSENETFG,EQ,2026-09-17,75.89,77.9,74.77,75.21,75.05,75.9,17545,1320000.0,107,,9376.0,53.44,new
BSOFT,EQ,2026-09-17,282.4,286.95,281.65,283.8,283.6,281.25,1029959,292999000.0,31309,,451552.0,43.84,new
BTML,EQ,2026-09-17,7.57,7.88,7.02,7.25,7.31,7.57,1256315,9122000.0,1414,,349891.0,27.85,new
BTTL,BE,2026-09-17,42.73,42.73,39.8,41.15,40.5,41.89,11388,458000.0,55,,,,new
BUILDPRO,EQ,2026-09-17,1271.0,1276.0,1238.2,1244.9,1241.0,1271.0,18237,22804000.0,1624,,13033.0,71.46,new
BULKCORP,ST,2026-09-17,86.0,86.0,86.0,86.0,86.0,85.0,1200,103000.0,1,,1200.0,100.0,new
BURNPUR,BE,2026-09-17,17.5,17.5,17.5,17.5,17.5,16.67,31069,544000.0,135,,,,new
BUTTERFLY,EQ,2026-09-17,576.75,590.0,572.55,578.85,572.55,576.85,9658,5614000.0,686,,5722.0,59.25,new
BVCL,EQ,2026-09-17,40.39,42.08,40.39,40.89,42.08,40.71,11268,459000.0,163,,8844.0,78.49,new
BYKE,BE,2026-09-17,29.77,30.96,29.77,29.99,30.0,29.77,10421,313000.0,58,,,,new
C2C,SM,2026-09-17,211.5,218.0,205.6,210.65,210.1,212.2,58650,12382000.0,271,,32550.0,55.5,new
CALSOFT,BE,2026-09-17,34.18,37.76,34.18,37.69,37.76,35.97,315567,11372000.0,1075,,,,new
CAMLINFINE,EQ,2026-09-17,98.12,102.87,98.12,99.63,99.1,98.12,1064616,106888000.00000001,10347,,524203.0,49.24,new
CAMPUS,EQ,2026-09-17,211.47,213.12,210.0,211.98,211.75,211.47,269576,56965000.0,13727,,119786.0,44.43,new
CAMS,EQ,2026-09-17,706.35,718.8,704.5,714.95,714.95,705.7,1304374,930140000.0,50059,,683743.0,52.42,new
CANARYS,SM,2026-09-17,23.15,24.0,22.85,23.75,23.55,23.15,60000,1396000.0,12,,40000.0,66.67,new
CANBK,EQ,2026-09-17,123.15,125.14,122.48,123.9,123.9,123.2,11099833,1372113000.0,55544,,3256560.0,29.34,new
CANFINHOME,EQ,2026-09-17,773.1,784.6,770.75,774.4,775.0,771.95,186251,145245000.0,7956,,136135.0,73.09,new
CANHLIFE,EQ,2026-09-17,154.0,156.29,152.62,155.36,155.5,153.92,363145,56147000.0,8043,,178715.0,49.21,new
CANTABIL,EQ,2026-09-17,239.44,245.0,238.03,243.0,241.3,238.95,147281,35759000.0,2646,,69161.0,46.96,new
CAPACITE,EQ,2026-09-17,187.01,194.5,185.32,192.73,193.2,186.88,206508,39402000.0,5148,,92695.0,44.89,new
CAPILLARY,EQ,2026-09-17,451.0,453.95,444.3,448.95,447.3,452.05,121509,54567999.99999999,4694,,69972.0,57.59,new
CAPINVIT,IV,2026-09-17,77.18,77.25,76.6,76.81,76.85,76.88,153603,11811000.0,2424,,128948.0,83.95,new
CAPITALSFB,EQ,2026-09-17,275.85,284.0,272.05,279.9,279.5,273.25,15202,4214000.0,617,,8834.0,58.11,new
CAPLIPOINT,EQ,2026-09-17,2586.6,2629.8,2579.3,2596.6,2600.0,2583.0,68353,177848000.0,10520,,21076.0,30.83,new
CAPTRUST,BE,2026-09-17,17.98,18.48,17.5,18.48,18.48,17.6,32497,594000.0,64,,,,new
CARBORUNIV,EQ,2026-09-17,1053.9,1094.9,1045.1,1083.6,1083.9,1051.6,226913,244546000.0,26234,,123678.0,54.5,new
CARERATING,EQ,2026-09-17,1642.7,1675.0,1636.1,1643.7,1644.1,1652.5,22029,36429000.0,3844,,9676.0,43.92,new
CARRARO,EQ,2026-09-17,509.7,524.0,506.95,515.05,523.0,508.85,357858,184209000.0,4193,,313368.0,87.57,new
CARTRADE,EQ,2026-09-17,2889.9,2959.6,2876.8,2938.0,2946.0,2885.3,196278,573411000.0,27597,,59536.0,30.33,new
CARYSIL,EQ,2026-09-17,1118.4,1136.0,1108.0,1111.1,1111.0,1118.4,41001,45782000.0,3963,,24533.0,59.84,new
CASHIETF,EQ,2026-09-17,1079.65,1079.84,1079.65,1079.83,1079.82,1079.68,228889,247163000.0,153,,199050.0,86.96,new
CASTROLIND,EQ,2026-09-17,189.4,192.87,188.8,191.72,191.7,188.84,4924285,941235000.0,45989,,2795237.0,56.76,new
CBAZAAR,SM,2026-09-17,4.7,4.7,4.7,4.7,4.7,4.6,8000,38000.0,1,,8000.0,100.0,new
CCAVENUE,EQ,2026-09-17,15.32,16.86,15.26,16.32,16.32,15.32,46480923,756656000.0,141618,,12242576.0,26.34,new
CCCL,EQ,2026-09-17,13.5,14.06,13.5,13.69,13.61,13.61,223283,3078000.0,443,,165516.0,74.13,new
CCHHL,EQ,2026-09-17,12.42,13.0,12.42,12.86,12.95,12.5,13409,172000.0,113,,10822.0,80.71,new
CCL,EQ,2026-09-17,1060.0,1070.3,1052.0,1062.3,1070.2,1065.5,112984,120058999.99999999,15648,,66780.0,59.11,new
CDSL,EQ,2026-09-17,1299.0,1357.5,1296.3,1349.4,1349.4,1299.0,1823018,2448339000.0,53787,,482757.0,26.48,new
CEATLTD,EQ,2026-09-17,3320.0,3442.0,3290.0,3431.1,3425.6,3305.6,117834,398862000.0,18040,,54307.0,46.09,new
CEDAAR,ST,2026-09-17,11.3,11.3,10.85,10.9,10.9,11.4,12000,133000.0,11,,11000.0,91.67,new
CEIGALL,EQ,2026-09-17,386.0,392.35,383.85,390.0,388.05,386.8,283457,110296000.0,6551,,155609.0,54.9,new
CEINSYS,EQ,2026-09-17,672.0,695.7,671.0,684.3,682.0,673.05,95879,65685000.0,6334,,21249.0,22.16,new
CELEBRITY,EQ,2026-09-17,6.9,6.9,6.65,6.79,6.8,6.73,9287,63000.0,63,,6983.0,75.19,new
CELLECOR,SM,2026-09-17,30.55,31.0,29.85,30.65,30.0,30.45,534000,16331000.0,74,,486000.0,91.01,new
CELLO,EQ,2026-09-17,324.0,330.35,323.0,327.6,327.0,323.4,146537,48033000.0,8059,,74055.0,50.54,new
CEMNTGROWW,EQ,2026-09-17,13.94,14.12,13.67,13.99,14.05,13.85,68805,960000.0,295,,57077.0,82.95,new
CEMPRO,EQ,2026-09-17,1235.1,1266.8,1226.8,1255.1,1264.6,1235.1,131962,165592000.0,14340,,69078.0,52.35,new
CENTENKA,EQ,2026-09-17,561.5,571.45,557.05,564.4,566.0,561.45,30676,17332000.0,2217,,16997.0,55.41,new
CENTEXT,EQ,2026-09-17,19.47,19.64,18.91,19.05,19.02,19.49,213144,4072000.0,951,,128106.0,60.1,new
CENTRALBK,EQ,2026-09-17,30.37,30.65,30.12,30.4,30.43,30.39,4138533,125677000.0,12332,,1683543.0,40.68,new
CENTRUM,EQ,2026-09-17,21.21,22.8,21.21,22.25,22.8,21.52,115717,2519000.0,425,,60593.0,52.36,new
CENTUM,EQ,2026-09-17,4327.9,4448.0,4297.4,4343.4,4325.2,4276.1,62333,272969000.0,18265,,24655.0,39.55,new
CENTURYPLY,EQ,2026-09-17,724.75,724.75,714.35,718.95,717.8,719.9,9957,7156999.999999999,1183,,4214.0,42.32,new
CERA,EQ,2026-09-17,5625.0,5646.0,5576.0,5592.0,5613.5,5646.0,3685,20651000.0,1031,,2302.0,62.47,new
CESC,EQ,2026-09-17,141.65,143.21,140.88,141.56,141.99,141.67,1220274,172902000.0,21397,,683059.0,55.98,new
CEWATER,EQ,2026-09-17,259.35,262.3,255.0,256.5,255.0,259.35,42259,10909000.0,1938,,21340.0,50.5,new
CFEL,BE,2026-09-17,44.0,46.99,44.0,46.22,46.0,46.0,11128,512000.0,52,,,,new
CGCL,EQ,2026-09-17,256.95,266.4,256.65,262.35,262.2,256.65,2591024,679523000.0,41101,,927566.0,35.8,new
CGPOWER,EQ,2026-09-17,859.0,883.4,856.3,880.0,880.0,851.55,2342568,2043588000.0,51919,,448670.0,19.15,new
CGRAPHICS,SM,2026-09-17,139.0,139.5,137.15,137.65,138.9,138.65,10400,1439000.0,13,,8800.0,84.62,new
CGVAK,EQ,2026-09-17,147.9,147.9,142.52,146.5,146.5,144.11,271,39000.0,24,,182.0,67.16,new
CHALET,EQ,2026-09-17,840.0,855.8,840.0,842.3,843.7,844.1,28195,23845000.0,5864,,8713.0,30.9,new
CHAMBLFERT,EQ,2026-09-17,407.5,416.0,407.5,413.9,414.5,409.1,261042,107927000.0,14540,,124128.0,47.55,new
CHAMUNDA,SM,2026-09-17,45.0,45.0,43.0,43.0,43.0,43.0,6000,264000.0,2,,6000.0,100.0,new
CHANDAN,SM,2026-09-17,210.0,211.7,196.0,197.85,198.4,204.3,36800,7464000.0,44,,25600.0,69.57,new
CHAVDA,SM,2026-09-17,123.0,123.0,120.5,120.5,120.5,123.45,9000,1095000.0,9,,7000.0,77.78,new
CHEMBOND,EQ,2026-09-17,197.44,203.99,185.03,196.18,193.05,190.06,10490,2055000.0,496,,5453.0,51.98,new
CHEMBONDCH,BE,2026-09-17,275.0,284.0,264.0,274.0,277.0,270.75,12782,3518000.0,178,,,,new
CHEMCON,BE,2026-09-17,215.8,218.0,210.3,214.77,216.8,212.1,36760,7909999.999999999,518,,,,new
CHEMCRUX,EQ,2026-09-17,81.5,82.8,79.0,82.7,82.79,81.14,1924,155000.0,110,,1572.0,81.7,new
CHEMFAB,EQ,2026-09-17,355.0,370.1,350.6,356.15,355.0,358.0,2925,1043000.0,193,,2230.0,76.24,new
CHEMICAL,EQ,2026-09-17,29.04,29.2,28.88,29.13,29.15,28.91,271437,7884999.999999999,903,,157551.0,58.04,new
CHEMPLASTS,EQ,2026-09-17,166.12,169.47,165.01,167.8,167.99,166.12,164603,27560000.000000004,4728,,75645.0,45.96,new
CHENNPETRO,EQ,2026-09-17,1456.0,1519.6,1402.0,1414.1,1414.5,1456.0,1890830,2723393000.0,80725,,454003.0,24.01,new
CHETANA,SM,2026-09-17,41.0,41.0,41.0,41.0,41.0,41.0,3200,131000.0,2,,3200.0,100.0,new
CHEVIOT,EQ,2026-09-17,1169.2,1175.1,1160.2,1161.5,1162.0,1175.1,611,712000.0,143,,471.0,77.09,new
CHOICEGOLD,EQ,2026-09-17,149.9,149.9,147.52,149.3,149.57,150.06,4383,654000.0,133,,2194.0,50.06,new
CHOICEIN,EQ,2026-09-17,725.5,742.0,721.6,738.0,736.0,725.65,500717,366205000.0,8873,,60480.0,12.08,new
CHOLAFIN,EQ,2026-09-17,1765.5,1793.2,1747.6,1764.5,1764.5,1765.6,1802374,3175352000.0,67838,,1169318.0,64.88,new
CHOLAHLDNG,EQ,2026-09-17,1525.6,1537.5,1472.0,1499.2,1490.0,1512.4,250938,374992000.0,17676,,136153.0,54.26,new
CIEINDIA,EQ,2026-09-17,375.8,389.0,372.7,385.7,384.8,375.8,280016,107335999.99999999,13954,,170185.0,60.78,new
CIFL,EQ,2026-09-17,20.95,20.95,19.56,20.03,20.01,20.2,422331,8485000.0,876,,324379.0,76.81,new
CINELINE,EQ,2026-09-17,90.1,95.0,89.87,92.95,92.0,89.96,22444,2082000.0,396,,15050.0,67.06,new
CINEVISTA,EQ,2026-09-17,13.95,14.5,13.82,13.94,14.19,13.88,12684,179000.0,157,,8325.0,65.63,new
CIPLA,EQ,2026-09-17,1362.5,1385.0,1351.6,1376.3,1376.3,1358.0,730653,1003183000.0,25890,,424081.0,58.04,new
CITIUSINVT,IV,2026-09-17,115.84,116.1,115.0,115.5,115.7,115.84,19986,2309000.0,127,,17812.0,89.12,new
CKKRETAIL,SM,2026-09-17,169.0,173.45,151.2,170.2,173.45,150.0,116000,19181000.0,123,,40000.0,34.48,new
CLASSICEIL,SM,2026-09-17,51.0,51.0,51.0,51.0,51.0,51.0,1600,82000.0,1,,1600.0,100.0,new
CLAYCRAFT,SM,2026-09-17,153.1,153.1,146.6,147.6,146.6,152.8,56400,8484000.0,72,,48600.0,86.17,new
CLEAN,EQ,2026-09-17,821.8,834.8,816.4,828.15,828.0,820.0,138156,114230000.0,8910,,50022.0,36.21,new
CLEANMAX,EQ,2026-09-17,1289.8,1328.0,1281.0,1291.1,1288.0,1286.8,131355,170932000.0,22051,,49033.0,37.33,new
CLEDUCATE,EQ,2026-09-17,56.94,57.0,54.23,54.63,55.34,56.94,7972,442000.0,248,,6553.0,82.2,new
CLSEL,EQ,2026-09-17,292.0,297.85,290.1,295.55,293.5,298.25,57992,17056000.0,2571,,26928.0,46.43,new
CLSL,ST,2026-09-17,74.95,74.95,74.95,74.95,74.95,78.8,6000,450000.0,3,,6000.0,100.0,new
CMLL,EQ,2026-09-17,477.9,485.75,470.05,482.7,482.0,475.4,201349,96312000.0,6071,,105807.0,52.55,new
CMNL,SM,2026-09-17,110.15,114.9,110.15,114.9,114.9,114.95,1500,169000.0,2,,750.0,50.0,new
CMPDI,EQ,2026-09-17,203.25,207.7,201.84,205.69,204.5,203.77,1543775,316453000.0,17996,,775064.0,50.21,new
CMRGREEN,EQ,2026-09-17,212.0,215.19,211.91,213.26,213.7,211.91,158680,33899000.0,6750,,73890.0,46.57,new
CMRSL,SM,2026-09-17,70.4,70.4,70.4,70.4,70.4,74.1,800,56000.00000000001,1,,800.0,100.0,new
CMSINFO,EQ,2026-09-17,237.0,237.0,228.28,231.04,232.0,232.39,818063,190318000.0,18785,,357787.0,43.74,new
CNL,EQ,2026-09-17,1059.0,1116.0,1055.6,1078.9,1100.0,1065.5,9593,10321000.0,972,,4176.0,43.53,new
COALINDIA,EQ,2026-09-17,421.1,422.8,416.55,418.0,418.0,422.25,3329425,1395061000.0,62807,,2164661.0,65.02,new
COASTCORP,EQ,2026-09-17,36.2,37.93,35.2,35.46,35.21,36.18,161397,5811000.0,1592,,93780.0,58.11,new
COCHINSHIP,EQ,2026-09-17,1312.0,1349.9,1310.1,1334.3,1334.3,1319.0,778679,1030187000.0000001,27015,,204463.0,26.26,new
COCKERILL,EQ,2026-09-17,7885.0,8090.0,7848.0,8029.0,8080.0,7877.5,4903,39233000.0,1369,,2233.0,45.54,new
COFFEEDAY,EQ,2026-09-17,30.5,31.0,30.41,30.86,30.9,30.4,365413,11219000.0,1184,,261705.0,71.62,new
COFORGE,EQ,2026-09-17,1766.8,1797.4,1759.4,1793.0,1793.0,1766.7,1305465,2321930000.0,56667,,561809.0,43.04,new
COHANCE,EQ,2026-09-17,435.0,446.5,428.05,439.95,439.95,432.95,1164491,507842000.0,40351,,623436.0,53.54,new
COLPAL,EQ,2026-09-17,1861.0,1886.0,1840.0,1840.3,1840.3,1860.0,416358,777050000.0,22914,,215425.0,51.74,new
COMFINTE,EQ,2026-09-17,5.88,6.07,5.82,5.99,6.0,5.88,124549,744000.0,288,,102180.0,82.04,new
COMMOIETF,EQ,2026-09-17,96.24,97.43,96.24,97.15,97.43,96.56,23268,2251000.0,1197,,10993.0,47.25,new
COMPEAU,EQ,2026-09-17,360.4,366.0,360.0,360.0,360.0,360.4,541,196000.0,19,,513.0,94.82,new
COMPINFO,BZ,2026-09-17,1.09,1.13,1.04,1.1,1.13,1.08,5011,5000.0,34,,,,new
COMPUSOFT,EQ,2026-09-17,13.08,13.08,12.8,12.94,13.0,12.84,21394,276000.0,89,,20537.0,95.99,new
COMSYN,EQ,2026-09-17,299.0,303.2,291.0,293.0,293.0,294.75,117045,34624000.0,2918,,48749.0,41.65,new
CONCOR,EQ,2026-09-17,487.0,494.0,485.0,488.15,488.15,488.8,791185,387039000.0,16441,,367486.0,46.45,new
CONCORDBIO,EQ,2026-09-17,1446.0,1473.8,1442.2,1461.1,1458.5,1453.8,84587,123558999.99999999,11331,,49860.0,58.95,new
CONFIPET,EQ,2026-09-17,86.5,88.59,85.5,86.76,86.55,86.58,1445669,125581000.0,13543,,569896.0,39.42,new
CONNPLEX,SM,2026-09-17,257.5,258.95,250.0,250.3,250.0,253.0,51200,12977000.000000002,49,,39200.0,76.56,new
CONS,EQ,2026-09-17,11.44,12.0,11.44,11.81,11.85,11.67,16325,193000.0,159,,14994.0,91.85,new
CONSOFINVT,BE,2026-09-17,305.0,310.5,298.0,300.6,307.4,303.15,6754,2054000.0,93,,,,new
CONSUMAXIS,EQ,2026-09-17,117.03,118.11,117.03,118.06,118.11,117.03,260,31000.0,12,,115.0,44.23,new
CONSUMBEES,EQ,2026-09-17,127.79,128.22,126.38,126.99,126.95,127.09,57414,7327000.0,732,,32219.0,56.12,new
CONSUMER,EQ,2026-09-17,11.7,11.78,11.64,11.73,11.72,11.65,90035,1055000.0,226,,58787.0,65.29,new
CONSUMIETF,EQ,2026-09-17,118.0,121.0,118.0,119.86,119.31,117.91,13540,1616000.0,107,,7160.0,52.88,new
CONTI,SM,2026-09-17,10.55,10.55,10.55,10.55,10.55,11.1,9999,105000.0,3,,9999.0,100.0,new
CONTROLPR,EQ,2026-09-17,594.0,610.0,592.0,603.5,603.5,591.5,104231,63070000.00000001,4239,,43174.0,41.42,new
COOLCAPS,SM,2026-09-17,25.1,26.8,24.5,26.0,26.3,25.15,157500,4056000.0,92,,133750.0,84.92,new
CORALFINAC,EQ,2026-09-17,32.4,33.1,32.2,32.35,32.4,32.4,7851,254000.0,85,,7629.0,97.17,new
CORDELIA,EQ,2026-09-17,108.19,111.88,107.04,109.68,109.22,108.19,1309194,143680000.0,15398,,748140.0,57.15,new
CORDSCABLE,EQ,2026-09-17,351.7,369.0,340.25,355.3,355.2,348.25,101846,36457000.0,3593,,45604.0,44.78,new
COROMANDEL,EQ,2026-09-17,1936.0,1947.3,1922.0,1929.8,1922.0,1937.8,120177,231851000.00000003,13436,,70095.0,58.33,new
CORONA,EQ,2026-09-17,2160.0,2184.0,2133.1,2169.6,2170.0,2143.6,13543,29208999.999999996,2546,,5551.0,40.99,new
COSMOFIRST,EQ,2026-09-17,873.95,888.0,870.45,879.9,883.0,878.05,36388,32058000.0,1903,,18924.0,52.01,new
COUNCODOS,BE,2026-09-17,6.49,6.49,6.3,6.33,6.44,6.49,19054,121000.0,87,,,,new
CPCAP,EQ,2026-09-17,140.77,142.0,139.51,141.05,141.25,140.77,12304,1732000.0,446,,8880.0,72.17,new
CPEDU,EQ,2026-09-17,173.26,179.0,173.05,173.3,175.0,174.13,2021,352000.0,59,,1877.0,92.87,new
CPL,EQ,2026-09-17,63.73,66.47,63.13,65.39,65.01,62.26,118614,7806000.0,375,,9124.0,7.69,new
CPPLUS,EQ,2026-09-17,3520.0,3549.4,3370.4,3378.4,3370.4,3547.7,432389,1487017000.0,42383,,300916.0,69.59,new
CPSEETF,EQ,2026-09-17,91.1,93.04,91.1,92.29,92.28,92.32,481374,44507000.0,4052,,275385.0,57.21,new
CRAFTSMAN,EQ,2026-09-17,10900.0,11119.0,10880.0,10937.0,10933.0,11040.0,24056,263660000.0,9606,,10555.0,43.88,new
CRAMC,EQ,2026-09-17,230.0,235.45,228.85,234.35,234.0,228.55,203836,47492000.0,5847,,106243.0,52.12,new
CRAVATEX,EQ,2026-09-17,334.95,339.9,315.0,337.25,339.9,323.1,2104,700000.0,42,,1561.0,74.19,new
CRAYONS,SM,2026-09-17,23.05,23.05,23.05,23.05,23.05,22.8,1000,23000.0,1,,1000.0,100.0,new
CREATIVEYE,EQ,2026-09-17,5.5,5.93,5.5,5.59,5.64,5.59,19166,107000.0,131,,15648.0,81.64,new
CREDENT,SM,2026-09-17,327.15,339.9,324.0,333.0,339.0,336.95,57000,18778000.0,83,,41400.0,72.63,new
CREDITACC,EQ,2026-09-17,1409.2,1420.0,1363.3,1370.8,1373.0,1416.5,175621,242106000.0,22037,,73950.0,42.11,new
CREST,EQ,2026-09-17,359.0,380.0,352.55,371.0,374.0,359.95,1809,670000.0,69,,1581.0,87.4,new
CRESTO,EQ,2026-09-17,16.25,16.25,15.75,15.88,16.09,16.34,4460,72000.0,87,,4150.0,93.05,new
CRISIL,EQ,2026-09-17,4595.0,4629.5,4528.3,4560.0,4529.0,4578.8,19492,89219000.0,4955,,10084.0,51.73,new
CRIZAC,EQ,2026-09-17,175.3,178.0,174.72,176.56,176.78,176.02,120353,21242000.0,3827,,69412.0,57.67,new
CROMPTON,EQ,2026-09-17,223.1,227.05,222.74,225.1,225.1,223.4,1444471,325410000.0,22426,,802730.0,55.57,new
CROWN,EQ,2026-09-17,110.0,111.4,108.0,108.95,109.1,107.54,5857,641000.0,166,,4628.0,79.02,new
CRSL,BE,2026-09-17,2.54,2.58,2.41,2.47,2.45,2.49,159538,394000.0,539,,,,new
CSBBANK,EQ,2026-09-17,322.05,334.7,313.0,328.35,323.8,328.75,1959318,628468000.0,50477,,446104.0,22.77,new
CSLFINANCE,EQ,2026-09-17,215.34,222.95,214.29,216.92,218.19,214.26,35051,7647000.0,982,,11103.0,31.68,new
CSM,EQ,2026-09-17,98.9,103.9,96.32,102.64,103.0,96.22,1734949,175694000.0,21838,,422569.0,24.36,new
CSSL,SM,2026-09-17,87.0,87.0,87.0,87.0,87.0,88.4,1000,87000.0,1,,1000.0,100.0,new
CTE,BE,2026-09-17,41.05,41.05,38.5,38.77,39.97,40.45,9463,368000.0,80,,,,new
CUB,EQ,2026-09-17,227.0,237.0,227.0,231.82,232.5,227.24,2026127,472432000.0,36296,,550330.0,27.16,new
CUBEINVIT,IV,2026-09-17,156.41,157.45,156.3,156.49,156.5,156.84,808926,126600000.0,21668,,791301.0,97.82,new
CUBEXTUB,EQ,2026-09-17,74.6,84.9,74.6,81.63,83.0,75.09,244471,19817000.0,2852,,131511.0,53.79,new
CUMMINSIND,EQ,2026-09-17,4940.0,5043.5,4920.0,5020.0,5020.0,4940.0,255287,1275272000.0,23037,,147670.0,57.84,new
CUPID,EQ,2026-09-17,279.0,281.6,276.25,279.15,279.2,280.0,5922526,1651043999.9999998,51662,,2032143.0,34.31,new
CURAA,EQ,2026-09-17,72.01,73.44,70.4,72.94,73.44,75.0,784,56999.99999999999,23,,296.0,37.76,new
CURIS,ST,2026-09-17,207.05,207.05,204.8,207.05,207.05,202.0,8000,1647000.0,7,,8000.0,100.0,new
CURRENT,SM,2026-09-17,81.4,81.4,81.4,81.4,81.4,81.0,1600,130000.0,1,,1600.0,100.0,new
CYBERMEDIA,BE,2026-09-17,22.11,23.1,21.45,22.03,22.09,22.11,9254,204999.99999999997,75,,,,new
CYBERTECH,BE,2026-09-17,141.16,142.0,138.0,141.22,141.0,141.16,19455,2721000.0,208,,,,new
CYIENT,EQ,2026-09-17,1059.6,1084.0,1047.1,1064.0,1070.9,1054.5,332526,356054000.0,27660,,155288.0,46.7,new
CYIENTDLM,EQ,2026-09-17,858.05,933.8,855.55,893.5,889.4,867.4,1059462,961911000.0,60616,,279277.0,26.36,new
DABUR,EQ,2026-09-17,382.4,386.4,381.3,384.55,384.55,382.0,1528427,586629000.0,20773,,849589.0,55.59,new
DAICHI,BE,2026-09-17,315.0,334.95,313.4,328.65,329.0,329.8,730,234000.0,28,,,,new
DALBHARAT,EQ,2026-09-17,1680.1,1700.0,1676.4,1693.3,1682.0,1693.6,43925,74288000.0,13208,,22506.0,51.24,new
DALMIASUG,EQ,2026-09-17,393.1,397.05,387.8,390.5,389.9,393.1,100692,39423000.0,4342,,40369.0,40.09,new
DAMCAPITAL,EQ,2026-09-17,135.86,139.8,135.86,136.73,137.0,135.99,188242,25922000.000000004,2644,,106613.0,56.64,new
DAMODARIND,BE,2026-09-17,27.9,28.2,27.5,27.54,27.5,28.2,1667,46000.0,17,,,,new
DANGEE,EQ,2026-09-17,2.77,2.84,2.69,2.72,2.71,2.73,20661,56000.00000000001,99,,19393.0,93.86,new
DANISH,SM,2026-09-17,920.0,953.0,910.3,940.25,933.0,915.45,51450,48385000.0,138,,43800.0,85.13,new
DATAMATICS,EQ,2026-09-17,757.6,764.7,750.3,758.35,760.0,755.55,46308,35107000.0,2804,,20251.0,43.73,new
DATAPATTNS,EQ,2026-09-17,4325.0,4509.7,4316.7,4411.1,4410.9,4321.7,763376,3378687000.0000005,78236,,133376.0,17.47,new
DAVANGERE,EQ,2026-09-17,2.0,2.13,2.0,2.06,2.08,2.14,6845783,14163999.999999998,2388,,3300999.0,48.22,new
DBCORP,EQ,2026-09-17,187.8,189.89,185.47,187.82,189.0,186.49,49962,9368000.0,1966,,31297.0,62.64,new
DBEIL,EQ,2026-09-17,6.7,7.6,6.7,7.05,7.0,6.74,955845,6798999.999999999,1026,,673082.0,70.42,new
DBL,EQ,2026-09-17,405.9,412.35,404.05,408.35,408.0,406.2,98310,40137000.0,4067,,44446.0,45.21,new
DBOL,EQ,2026-09-17,113.48,118.0,113.42,115.81,115.75,113.41,88246,10151000.0,1685,,44816.0,50.79,new
DBREALTY,EQ,2026-09-17,95.0,96.8,93.6,94.73,94.9,95.2,596249,56954999.99999999,5629,,292170.0,49.0,new
DBSTOCKBRO,BE,2026-09-17,27.99,29.38,27.05,29.22,29.3,27.99,8117,231999.99999999997,75,,,,new
DCAL,EQ,2026-09-17,162.92,163.75,160.84,162.11,162.55,162.08,151115,24512000.0,3611,,62109.0,41.1,new
DCBBANK,EQ,2026-09-17,218.0,224.97,217.35,218.51,218.49,219.94,911516,200702000.0,16409,,485826.0,53.3,new
DCG,ST,2026-09-17,80.1,83.95,79.8,79.8,79.8,83.95,28800,2330000.0,22,,26400.0,91.67,new
DCI,EQ,2026-09-17,266.8,291.7,262.0,282.75,281.0,264.15,360736,102428000.0,10614,,112561.0,31.2,new
DCM,EQ,2026-09-17,76.27,78.59,75.65,76.36,76.25,76.27,4988,382000.0,53,,4499.0,90.2,new
DCMFINSERV,EQ,2026-09-17,5.14,5.25,4.9,5.13,5.22,5.14,18526,96000.0,111,,11232.0,60.63,new
DCMNVL,EQ,2026-09-17,175.87,177.25,170.4,174.84,175.0,174.05,4858,847000.0000000001,95,,3834.0,78.92,new
DCMSHRIRAM,EQ,2026-09-17,986.0,997.0,979.9,984.0,983.0,986.3,36399,35916000.0,7824,,19252.0,52.89,new
DCMSIL,EQ,2026-09-17,69.28,71.48,68.7,70.29,70.57,69.28,59054,4107000.0,595,,38902.0,65.88,new
DCMSRIND,EQ,2026-09-17,38.68,39.29,38.26,38.39,38.38,38.68,159937,6166000.0,1220,,92892.0,58.08,new
DCW,EQ,2026-09-17,44.46,45.8,44.16,45.42,45.36,44.26,1193147,53794000.00000001,5259,,528051.0,44.26,new
DCXINDIA,EQ,2026-09-17,160.6,165.55,160.6,164.32,164.3,160.76,231939,38047000.0,5076,,98326.0,42.39,new
DDEVPLSTIK,EQ,2026-09-17,253.5,258.4,252.2,255.15,255.95,252.2,43806,11180000.0,2292,,20142.0,45.98,new
DECCANCE,EQ,2026-09-17,574.2,575.25,565.05,569.2,570.0,570.0,6438,3663000.0000000005,426,,3313.0,51.46,new
DECCANTRAN,SM,2026-09-17,20.0,20.0,19.8,19.8,19.8,20.0,4800,96000.0,3,,4800.0,100.0,new
DECNGOLD,EQ,2026-09-17,220.6,225.7,216.56,217.85,218.2,220.67,812361,178740000.0,12962,,374939.0,46.15,new
DEEDEV,EQ,2026-09-17,641.05,655.4,628.1,636.95,638.7,634.65,200827,129130000.0,9451,,115717.0,57.62,new
DEEM,ST,2026-09-17,39.45,39.45,39.0,39.0,39.0,40.05,3000,118000.0,3,,3000.0,100.0,new
DEEP,EQ,2026-09-17,44.0,49.0,44.0,47.23,46.75,43.47,56971,2684000.0,779,,27187.0,47.72,new
DEEPA,EQ,2026-09-17,173.5,175.39,170.1,173.34,173.95,171.82,1418179,244754000.0,21497,,375841.0,26.5,new
DEEPAKFERT,EQ,2026-09-17,1312.0,1343.8,1311.8,1324.6,1329.0,1315.0,146116,194299000.0,14798,,67859.0,46.44,new
DEEPAKNTR,EQ,2026-09-17,1595.0,1611.9,1589.9,1604.8,1604.0,1590.5,90904,145615000.0,7990,,46638.0,51.3,new
DEEPINDS,EQ,2026-09-17,736.0,753.0,730.05,734.7,736.0,735.15,219051,162568000.0,11802,,90204.0,41.18,new
DEFENCE,EQ,2026-09-17,77.68,77.95,76.85,77.67,77.81,76.93,270552,21005000.0,1813,,188581.0,69.7,new
DELAPLEX,SM,2026-09-17,93.3,98.25,93.2,98.25,98.25,98.95,10200,969999.9999999999,16,,7200.0,70.59,new
DELHIVERY,EQ,2026-09-17,422.6,429.95,418.85,425.95,425.95,421.8,2714899,1152689000.0,28689,,1602661.0,59.03,new
DELPHIFX,BE,2026-09-17,5.46,5.62,5.19,5.22,5.3,5.46,251530,1343000.0,379,,,,new
DELTACORP,EQ,2026-09-17,55.56,56.8,54.26,56.15,56.19,55.19,1571230,87472000.0,9784,,634779.0,40.4,new
DELTAMAGNT,EQ,2026-09-17,56.8,56.89,54.0,55.2,54.5,54.88,2414,133000.0,85,,2140.0,88.65,new
DEN,EQ,2026-09-17,26.3,26.63,26.01,26.45,26.52,26.42,297043,7822000.0,1802,,184643.0,62.16,new
DENEERS,SM,2026-09-17,158.25,165.0,158.05,163.75,163.7,162.65,13800,2227000.0,23,,3600.0,26.09,new
DENORA,EQ,2026-09-17,782.0,805.95,775.0,784.85,782.0,788.1,2752,2159000.0,355,,1912.0,69.48,new
DENTA,EQ,2026-09-17,282.9,286.3,276.2,278.4,277.25,282.05,124142,34719000.0,3830,,34875.0,28.09,new
DENTALKART,SM,2026-09-17,395.0,400.95,392.1,395.5,395.05,394.5,32000,12782000.0,59,,29000.0,90.63,new
DEVIT,EQ,2026-09-17,23.6,24.25,23.34,23.43,23.4,23.34,7652,182000.0,250,,5407.0,70.66,new
DEVX,EQ,2026-09-17,32.85,34.25,32.85,33.31,33.3,33.96,24692,827999.9999999999,393,,13288.0,53.82,new
DEVYANI,EQ,2026-09-17,136.0,139.95,136.0,138.51,139.0,136.69,1853364,256477000.0,34274,,1021775.0,55.13,new
DGCONTENT,EQ,2026-09-17,24.19,24.9,23.8,24.0,24.0,23.88,3696,89000.0,84,,2255.0,61.01,new
DHABRIYA,BE,2026-09-17,472.0,484.9,462.05,467.3,462.05,482.45,9207,4369000.0,191,,,,new
DHAMPURSUG,EQ,2026-09-17,152.51,154.0,149.69,151.72,151.22,152.74,487682,73967000.0,5347,,212679.0,43.61,new
DHANBANK,EQ,2026-09-17,29.53,30.0,28.49,28.88,29.07,29.42,748677,21825000.0,2425,,416607.0,55.65,new
DHANLAXMI,SM,2026-09-17,25.0,25.0,24.5,24.5,24.5,23.0,4000,99000.0,2,,4000.0,100.0,new
DHANSA,ST,2026-09-17,30.7,30.7,30.7,30.7,30.7,32.3,12000,368000.0,6,,12000.0,100.0,new
DHANUKA,EQ,2026-09-17,965.5,987.95,958.1,982.25,985.0,961.85,27903,27343000.0,1625,,22094.0,79.18,new
DHARAN,BZ,2026-09-17,0.14,0.14,0.13,0.13,0.14,0.13,5291469,724000.0,871,,,,new
DHARARAIL,ST,2026-09-17,143.55,143.55,143.55,143.55,143.55,147.0,1000,144000.0,1,,1000.0,100.0,new
DHARIWAL,SM,2026-09-17,25.6,25.6,24.35,24.35,24.35,25.6,117000,2860000.0,28,,99000.0,84.62,new
DHARMAJ,EQ,2026-09-17,269.9,275.0,269.05,271.1,273.0,269.4,39925,10790000.0,731,,34563.0,86.57,new
DHATRE,EQ,2026-09-17,4.21,4.3,4.01,4.12,4.2,4.11,26732,112000.00000000001,184,,22253.0,83.24,new
DHOOTTRANS,EQ,2026-09-17,1575.1,1633.3,1517.0,1579.8,1567.0,1590.9,3305916,5221785000.0,167197,,644886.0,19.51,new
DHRUV,EQ,2026-09-17,21.04,22.53,20.5,21.69,21.7,21.46,7345,159000.0,176,,5187.0,70.62,new
DHUNINV,EQ,2026-09-17,977.2,993.6,975.0,981.75,985.95,977.2,177,174000.0,35,,143.0,80.79,new
DIACABS,BE,2026-09-17,395.0,398.0,375.05,376.05,375.05,394.75,738512,282772000.0,9375,,,,new
DIAMINESQ,EQ,2026-09-17,253.0,258.0,253.0,255.04,258.0,256.19,1691,430999.99999999994,73,,1119.0,66.17,new
DIAMONDYD,EQ,2026-09-17,1096.6,1106.3,1096.6,1100.4,1100.0,1102.2,5714,6292000.0,471,,3737.0,65.4,new
DICIND,EQ,2026-09-17,616.4,637.65,616.4,628.45,627.35,610.3,11357,7141000.0,658,,6930.0,61.02,new
DIFFNKG,EQ,2026-09-17,426.25,442.0,426.0,435.85,440.0,428.7,67958,29595999.999999996,3641,,34023.0,50.06,new
DIGIDRIVE,EQ,2026-09-17,17.31,17.73,17.26,17.48,17.5,17.22,9383,165000.0,93,,8325.0,88.72,new
DIGIKORE,SM,2026-09-17,39.7,39.9,38.5,39.45,39.6,39.35,8400,331000.0,20,,5600.0,66.67,new
DIGISPICE,EQ,2026-09-17,16.78,16.99,16.0,16.28,16.38,16.45,119422,1950000.0,275,,87455.0,73.23,new
DIGITIDE,EQ,2026-09-17,85.45,87.23,83.97,84.82,85.0,86.25,186290,15844000.0,2499,,98684.0,52.97,new
DIGJAMLMTD,BE,2026-09-17,58.67,58.67,58.67,58.67,58.67,61.75,1194,70000.0,15,,,,new
DISAQ,EQ,2026-09-17,11840.0,11988.0,11794.0,11923.0,11957.0,11747.0,108,1281000.0,61,,73.0,67.59,new
DISHTV,EQ,2026-09-17,2.68,2.7,2.57,2.59,2.64,2.66,2655635,6975000.0,1862,,2280913.0,85.89,new
DIVGIITTS,EQ,2026-09-17,1116.0,1133.9,1106.6,1122.2,1125.0,1119.7,57718,64726000.0,5660,,32060.0,55.55,new
DIVIDEND,EQ,2026-09-17,34.69,34.82,34.64,34.81,34.82,34.71,3816,133000.0,61,,2645.0,69.31,new
DIVINEHIRA,ST,2026-09-17,104.9,105.0,104.9,104.95,105.0,107.8,4800,504000.0,2,,4800.0,100.0,new
DIVISLAB,EQ,2026-09-17,9158.0,9371.0,9135.5,9323.0,9323.0,9158.0,494167,4590659000.0,84559,,323591.0,65.48,new
DIVOPPBEES,EQ,2026-09-17,74.02,75.25,74.02,74.88,75.19,74.62,16908,1264000.0,503,,8958.0,52.98,new
DIVYADHAN,ST,2026-09-17,44.7,44.7,44.45,44.45,44.45,46.75,4000,178000.0,2,,4000.0,100.0,new
DIXON,EQ,2026-09-17,13200.0,13495.0,13176.0,13290.0,13290.0,13181.0,267254,3567562999.9999995,37290,,86092.0,32.21,new
DJML,EQ,2026-09-17,78.11,79.8,76.53,78.28,77.6,78.14,63008,4946000.0,810,,41427.0,65.75,new
DLF,EQ,2026-09-17,623.05,644.55,622.0,640.0,640.0,622.8,2478290,1581558000.0,46016,,972373.0,39.24,new
DLINKINDIA,EQ,2026-09-17,420.0,427.65,417.95,424.6,425.0,418.0,50547,21397000.0,2068,,25681.0,50.81,new
DMART,EQ,2026-09-17,3700.1,3759.0,3700.1,3711.2,3711.2,3720.0,381790,1425223000.0,24600,,221480.0,58.01,new
DMCC,EQ,2026-09-17,259.3,265.0,258.55,261.7,261.45,259.3,58131,15229000.0,1441,,24049.0,41.37,new
DNAMEDIA,EQ,2026-09-17,2.6,2.6,2.17,2.31,2.34,2.45,124141,285000.0,263,,77821.0,62.69,new
DODLA,EQ,2026-09-17,1069.9,1073.8,1048.0,1049.6,1048.6,1063.6,16501,17406000.0,2810,,10534.0,63.84,new
DOLATALGO,EQ,2026-09-17,67.47,68.5,67.1,67.86,68.05,67.47,122905,8323000.0,844,,60086.0,48.89,new
DOLLAR,EQ,2026-09-17,267.05,271.7,262.1,267.0,267.9,266.8,53788,14305000.000000002,1794,,29093.0,54.09,new
DOLLEX,EQ,2026-09-17,38.0,38.5,34.1,37.05,37.55,37.0,14097,525000.0,192,,11381.0,80.73,new
DOLPHIN,EQ,2026-09-17,630.25,685.0,627.25,673.7,677.0,635.1,54699,36728000.0,2860,,24010.0,43.89,new
DOMS,EQ,2026-09-17,2088.2,2140.0,2088.2,2121.6,2110.0,2085.2,36511,76959000.0,5664,,19955.0,54.65,new
DONEAR,EQ,2026-09-17,82.31,83.74,82.2,82.81,82.9,82.06,4764,394000.0,111,,3532.0,74.14,new
DPABHUSHAN,EQ,2026-09-17,1320.1,1345.4,1320.1,1337.0,1330.1,1321.6,6301,8405000.0,832,,3102.0,49.23,new
DPEL,SM,2026-09-17,634.9,649.0,634.0,642.65,643.0,627.65,30500,19568000.0,59,,27000.0,88.52,new
DPSCLTD,BE,2026-09-17,7.19,7.19,7.0,7.1,7.04,7.07,56528,400000.0,341,,,,new
DPWIRES,BE,2026-09-17,143.3,147.89,143.0,146.95,146.63,143.49,2784,405000.0,66,,,,new
DRAGARWQ,EQ,2026-09-17,5260.5,5395.0,5251.0,5255.0,5288.0,5269.5,731,3883000.0,418,,316.0,43.23,new
DRCSYSTEMS,EQ,2026-09-17,12.86,12.86,12.45,12.59,12.59,12.48,33189,416000.0,168,,27402.0,82.56,new
DREAMFOLKS,EQ,2026-09-17,66.9,66.9,64.0,65.17,65.0,65.33,32550,2119000.0,865,,24017.0,73.78,new
DREDGECORP,EQ,2026-09-17,987.8,1010.0,982.1,988.0,985.1,987.8,40542,40232000.0,3606,,17911.0,44.18,new
DRONE,SM,2026-09-17,32.75,33.05,32.75,32.75,32.75,33.15,7500,247000.00000000003,15,,6000.0,80.0,new
DRREDDY,EQ,2026-09-17,1140.0,1189.8,1140.0,1175.0,1175.0,1140.0,2311932,2705906000.0,77314,,1117513.0,48.34,new
DSFCL,BE,2026-09-17,25.73,25.88,24.7,24.98,25.0,25.75,61004,1534000.0,145,,,,new
DSKULKARNI,BE,2026-09-17,22.27,22.27,22.27,22.27,22.27,21.84,1257,28000.000000000004,6,,,,new
DSSL,EQ,2026-09-17,1015.9,1036.0,996.0,1008.6,1016.9,1018.8,36151,36528000.0,2932,,15104.0,41.78,new
DTIL,BE,2026-09-17,136.0,140.0,136.0,138.98,138.98,137.0,1700,233000.0,25,,,,new
DUCOL,SM,2026-09-17,128.7,128.7,126.9,127.35,128.0,122.4,8000,1019999.9999999999,9,,7200.0,90.0,new
DUCON,EQ,2026-09-17,1.27,1.48,1.27,1.27,1.27,1.58,20370565,27000000.0,3719,,14147414.0,69.45,new
DURLAX,SM,2026-09-17,58.75,59.0,55.8,57.15,57.5,57.15,84000,4778000.0,42,,42000.0,50.0,new
DVL,EQ,2026-09-17,275.0,280.0,274.6,278.8,280.0,275.2,6063,1685000.0000000002,297,,3496.0,57.66,new
DWARKESH,EQ,2026-09-17,41.0,41.27,40.04,40.53,40.59,41.04,1708233,69451000.0,6044,,473401.0,27.71,new
DYCL,EQ,2026-09-17,434.0,448.0,434.0,442.35,441.1,433.0,333427,147909000.0,13613,,111766.0,33.52,new
DYNAMATECH,EQ,2026-09-17,12030.0,12454.0,11762.0,11819.0,11824.0,12077.0,22275,270471000.0,9692,,8176.0,36.7,new
DYNAMIC,ST,2026-09-17,136.4,140.05,136.4,139.9,140.0,133.4,20000,2769000.0,39,,19000.0,95.0,new
DYNPRO,EQ,2026-09-17,230.69,235.87,227.0,227.85,228.12,230.04,972,223000.0,87,,510.0,52.47,new
E2E,BE,2026-09-17,598.0,614.8,581.0,604.4,606.05,599.75,463578,277741000.0,10339,,,,new
E2ERAIL,SM,2026-09-17,355.0,356.95,345.0,346.45,345.0,354.2,57600,20165000.0,63,,35200.0,61.11,new
EASEMYTRIP,EQ,2026-09-17,5.78,5.86,5.71,5.79,5.79,5.78,10391902,60033000.00000001,5795,,3506588.0,33.74,new
EASTSILK,BE,2026-09-17,64.3,64.3,58.2,61.06,61.0,61.24,224,14000.000000000002,23,,,,new
EASTWEST,EQ,2026-09-17,2.35,2.35,2.1,2.21,2.16,2.33,156787,347000.0,202,,107811.0,68.76,new
EBANK10,EQ,2026-09-17,16.52,16.52,16.22,16.28,16.22,16.52,3478,56999.99999999999,20,,3120.0,89.71,new
EBANKNIFTY,EQ,2026-09-17,57.03,57.03,56.48,56.74,56.74,56.61,519,28999.999999999996,14,,420.0,80.92,new
EBBETF0430,EQ,2026-09-17,1596.18,1610.12,1596.18,1607.25,1607.69,1604.0,7020,11272000.0,292,,5562.0,79.23,new
EBBETF0431,EQ,2026-09-17,1433.99,1433.99,1428.52,1432.11,1430.01,1427.29,3663,5239000.0,69,,3426.0,93.53,new
EBBETF0433,EQ,2026-09-17,1308.96,1309.0,1301.1,1304.44,1302.01,1309.64,3052,3981000.0,201,,1757.0,57.57,new
EBGNG,EQ,2026-09-17,648.0,668.9,633.2,661.65,663.75,645.55,529510,347742000.0,31936,,208605.0,39.4,new
EBIX,BE,2026-09-17,19.0,19.94,18.6,19.24,19.5,19.39,17117,327000.0,77,,,,new
ECAPINSURE,EQ,2026-09-17,23.1,23.6,23.1,23.54,23.56,23.03,27955,654000.0,158,,19083.0,68.26,new
ECLERX,EQ,2026-09-17,1971.0,2017.0,1914.0,1923.0,1923.4,1961.2,233209,458451000.0,29317,,73746.0,31.62,new
ECOLINE,ST,2026-09-17,176.0,177.0,166.0,166.15,166.0,172.9,16000,2711000.0,12,,15000.0,93.75,new
ECORECO,EQ,2026-09-17,425.0,441.95,424.8,435.85,436.9,425.1,5030,2198000.0,451,,3300.0,65.61,new
ECOSMOBLTY,EQ,2026-09-17,106.8,108.47,106.4,106.89,106.52,106.37,46834,5020000.0,1053,,25801.0,55.09,new
EDELWEISS,EQ,2026-09-17,127.05,129.9,126.1,128.34,129.0,126.74,5586474,715636000.0,83130,,2587599.0,46.32,new
EEPL,ST,2026-09-17,136.0,136.0,136.0,136.0,136.0,133.0,1000,136000.0,1,,1000.0,100.0,new
EFACTOR,SM,2026-09-17,169.5,169.5,161.4,162.3,162.7,162.05,2800,459999.99999999994,6,,1600.0,57.14,new
EFCIL,EQ,2026-09-17,179.26,182.35,175.13,177.95,177.0,178.06,243092,43198000.0,4801,,140793.0,57.92,new
EFFWA,SM,2026-09-17,369.8,374.15,360.0,360.4,360.25,356.25,10800,3935000.0,19,,6400.0,59.26,new
EFORCE,SM,2026-09-17,18.75,18.8,18.75,18.8,18.8,18.75,3600,68000.0,3,,3600.0,100.0,new
EGOLD,EQ,2026-09-17,150.35,151.05,149.55,150.45,150.55,150.95,634380,95428000.0,472,,499014.0,78.66,new
EICHERMOT,EQ,2026-09-17,7495.0,7552.5,7489.0,7493.5,7493.5,7500.0,255852,1926872000.0,22632,,150073.0,58.66,new
EIDPARRY,EQ,2026-09-17,702.2,706.8,699.15,703.1,705.0,703.05,161641,113657000.0,15866,,74721.0,46.23,new
EIEL,EQ,2026-09-17,194.85,201.67,193.21,199.64,199.85,194.87,1527032,304618000.0,14814,,688616.0,45.1,new
EIFFL,BE,2026-09-17,266.05,266.05,264.7,264.7,264.7,270.1,6599,1754000.0,19,,,,new
EIHAHOTELS,EQ,2026-09-17,286.95,297.9,286.95,294.95,295.95,287.0,16981,4963000.0,873,,11607.0,68.35,new
EIHOTEL,EQ,2026-09-17,292.0,302.0,290.0,299.9,299.0,292.1,302712,90197000.0,8849,,135833.0,44.87,new
EIMCOELECO,EQ,2026-09-17,2265.7,2309.7,2235.0,2247.4,2254.0,2277.1,17329,39338000.0,2343,,7258.0,41.88,new
EKC,EQ,2026-09-17,99.85,101.84,98.52,101.01,100.71,98.75,78489,7881000.0,1469,,34582.0,44.06,new
EKI,EQ,2026-09-17,67.55,69.4,67.17,68.36,68.49,67.57,22081,1503000.0,379,,16473.0,74.6,new
ELANTAS,EQ,2026-09-17,13450.0,14000.0,13450.0,13686.0,13600.0,13436.0,2711,37395000.0,1098,,1352.0,49.87,new
ELCIDIN,EQ,2026-09-17,106200.0,108985.0,104825.0,106270.0,107000.0,107120.0,14,1493000.0,14,,10.0,71.43,new
ELDEHSG,EQ,2026-09-17,769.0,783.9,761.15,767.1,765.2,769.15,152,117000.0,21,,120.0,78.95,new
ELECON,EQ,2026-09-17,407.35,420.0,407.1,414.6,416.35,407.35,137261,56666000.0,6083,,45927.0,33.46,new
ELECTCAST,EQ,2026-09-17,74.55,75.69,73.75,74.07,73.8,74.33,1335023,99249000.0,10401,,710620.0,53.23,new
ELECTHERM,EQ,2026-09-17,949.85,949.85,920.0,932.65,921.0,941.15,7800,7289000.0,429,,4765.0,61.09,new
ELGIEQUIP,EQ,2026-09-17,590.1,603.8,585.0,593.3,594.0,592.5,381647,227601000.00000003,28112,,184921.0,48.45,new
ELGIRUBCO,EQ,2026-09-17,57.9,62.8,57.5,60.81,60.6,56.68,81747,4899000.0,733,,54777.0,67.01,new
ELGNZ,SM,2026-09-17,83.0,87.95,82.05,85.5,84.0,84.95,18000,1525000.0,15,,10000.0,55.56,new
ELIN,EQ,2026-09-17,88.99,90.4,87.25,89.88,89.01,88.71,135916,12069000.0,2532,,67341.0,49.55,new
ELIQUID,EQ,2026-09-17,1045.15,1048.0,1045.15,1047.99,1048.0,1047.85,32327,33878000.0,25,,27923.0,86.38,new
ELITECON,EQ,2026-09-17,7.75,7.75,7.75,7.75,7.75,8.15,642833,4982000.0,2423,,642833.0,100.0,new
ELLEN,EQ,2026-09-17,375.9,381.45,367.4,371.0,371.45,374.65,1292697,485520000.0,17819,,821185.0,63.52,new
ELM250,EQ,2026-09-17,15.99,16.37,15.91,16.27,16.19,15.99,32891,533000.0,207,,22759.0,69.2,new
ELMDIV,EQ,2026-09-17,35.51,35.63,35.1,35.22,35.1,35.39,1592,56000.00000000001,13,,1557.0,97.8,new
ELPROINTL,EQ,2026-09-17,174.11,174.11,173.01,173.26,174.0,173.51,1210,210000.0,50,,998.0,82.48,new
EMAMILTD,EQ,2026-09-17,373.7,396.45,370.0,376.1,377.9,369.3,9467997,3639125000.0,124450,,2548304.0,26.91,new
EMAMIPAP,BE,2026-09-17,111.56,113.9,109.5,111.97,111.95,111.56,14540,1628000.0,175,,,,new
EMAMIREAL,EQ,2026-09-17,68.4,68.4,66.0,67.87,67.88,66.31,1930,130000.0,43,,1714.0,88.81,new
EMAPARTNER,SM,2026-09-17,79.0,83.0,79.0,82.0,82.0,79.9,23000,1882000.0,16,,21000.0,91.3,new
EMBASSY,RR,2026-09-17,439.5,440.0,438.31,439.46,439.5,439.58,626311,275321000.0,12520,,565824.0,90.34,new
EMBDL,EQ,2026-09-17,53.2,55.71,53.2,54.91,55.06,53.68,3709144,202057000.0,8950,,1701626.0,45.88,new
EMCURE,EQ,2026-09-17,1913.2,1940.4,1891.6,1909.8,1908.3,1931.9,136884,262771000.0,15427,,73358.0,53.59,new
EMETAL,EQ,2026-09-17,12.99,13.99,12.74,12.99,13.7,12.99,7553,97000.0,41,,7515.0,99.5,new
EMIL,EQ,2026-09-17,180.5,188.1,180.1,185.07,185.04,180.93,1962550,363934000.0,21155,,1130933.0,57.63,new
EMKAY,EQ,2026-09-17,240.0,253.0,240.0,248.95,252.0,242.3,6217,1532000.0,264,,3586.0,57.68,new
EMKAYTOOLS,SM,2026-09-17,93.5,96.9,93.5,95.5,96.0,93.0,1500,143000.0,10,,750.0,50.0,new
EMMBI,BE,2026-09-17,90.95,91.3,86.0,87.91,89.9,87.75,3712,332000.0,56,,,,new
EMMIL,SM,2026-09-17,118.0,118.0,115.0,115.0,115.0,117.05,13500,1584000.0,27,,12250.0,90.74,new
EMMVEE,EQ,2026-09-17,323.0,326.75,316.05,325.5,326.0,321.7,2271950,730877000.0,45314,,822680.0,36.21,new
EMPIND,EQ,2026-09-17,1020.0,1073.0,1020.0,1065.3,1063.0,1026.9,3890,4092000.0,372,,2584.0,66.43,new
EMPOWER,EQ,2026-09-17,2.45,2.56,2.44,2.5,2.53,2.48,57786293,145164000.0,13594,,28678720.0,49.63,new
EMSLIMITED,EQ,2026-09-17,361.3,367.5,360.8,364.5,366.0,362.25,103263,37575000.0,3368,,40310.0,39.04,new
EMUDHRA,EQ,2026-09-17,617.85,650.0,610.2,633.35,629.45,642.3,4759356,2991792000.0,108762,,433048.0,9.1,new
EMULTIMQ,EQ,2026-09-17,40.35,41.77,40.35,41.29,41.39,39.95,17658,721000.0,128,,10343.0,58.57,new
ENCOMPAS,SM,2026-09-17,251.5,263.95,251.5,259.9,259.9,256.55,16400,4241000.0,13,,15200.0,92.68,new
ENDURANCE,EQ,2026-09-17,2639.9,2706.6,2628.5,2690.8,2695.0,2628.4,194228,520050000.0,27669,,113852.0,58.62,new
ENERGY,EQ,2026-09-17,37.55,37.76,37.5,37.6,37.72,37.54,237663,8935000.0,819,,142814.0,60.09,new
ENERGYAXIS,EQ,2026-09-17,19.08,19.08,18.69,18.76,18.76,18.71,22143,415000.00000000006,74,,16042.0,72.45,new
ENERGYDEV,EQ,2026-09-17,14.02,14.79,14.02,14.66,14.74,14.08,11022,161000.0,229,,8272.0,75.05,new
ENEXT50,EQ,2026-09-17,70.89,70.89,70.88,70.89,70.89,70.54,56,4000.0,4,,56.0,100.0,new
ENFUSE,SM,2026-09-17,142.0,142.0,142.0,142.0,142.0,153.95,600,85000.0,1,,600.0,100.0,new
ENGINERSIN,EQ,2026-09-17,261.0,267.95,259.95,263.75,264.5,260.65,1556919,412168000.0,36828,,545721.0,35.05,new
ENIFTY,EQ,2026-09-17,23.5,23.57,23.41,23.49,23.49,23.33,975,23000.0,66,,836.0,85.74,new
ENIL,EQ,2026-09-17,101.0,101.97,100.11,100.85,100.51,100.34,4332,438000.0,142,,3292.0,75.99,new
ENKEIWHEL,EQ,2026-09-17,399.9,401.8,384.9,392.6,399.0,390.2,1848,720000.0,180,,1633.0,88.37,new
ENRIN,EQ,2026-09-17,3016.5,3120.0,3001.1,3109.1,3111.6,3013.4,240035,735418000.0,40327,,89989.0,37.49,new
ENSER,SM,2026-09-17,15.0,15.15,14.05,15.0,15.0,14.7,40000,596000.0,8,,35000.0,87.5,new
ENTERO,EQ,2026-09-17,1740.5,1786.9,1610.8,1666.6,1662.0,1731.8,1233669,2070087000.0,46909,,605795.0,49.11,new
ENVIRO,SM,2026-09-17,69.0,70.0,67.0,67.65,67.2,68.6,70000,4759000.0,43,,38000.0,54.29,new
EPACK,EQ,2026-09-17,178.09,181.5,176.8,180.82,181.4,178.09,279105,50101000.0,5036,,98235.0,35.2,new
EPACKPEB,EQ,2026-09-17,222.0,225.45,220.14,222.26,222.09,221.47,315272,70332000.0,6896,,117749.0,37.35,new
EPIGRAL,EQ,2026-09-17,1084.0,1115.9,1077.0,1101.4,1100.0,1084.0,23453,25707000.0,2564,,11800.0,50.31,new
EPL,EQ,2026-09-17,234.45,239.0,229.05,231.4,232.0,233.9,2496141,579081000.0,37967,,1466052.0,58.73,new
EPWINDIA,ST,2026-09-17,241.65,241.65,240.0,240.0,240.0,230.15,4800,1158000.0,4,,3600.0,75.0,new
EQUAL200,EQ,2026-09-17,13.39,13.47,13.38,13.43,13.44,13.34,41542,558000.0,47,,37184.0,89.51,new
EQUAL50,EQ,2026-09-17,320.85,323.3,320.85,323.05,323.05,320.85,528,170000.0,17,,267.0,50.57,new
EQUAL50ADD,EQ,2026-09-17,332.23,334.5,331.27,333.34,334.25,331.44,6248,2078000.0,241,,4401.0,70.44,new
EQUIPPP,BE,2026-09-17,24.51,24.62,23.51,24.39,24.39,24.39,1456,35000.0,22,,,,new
EQUITASBNK,EQ,2026-09-17,74.0,74.39,71.75,72.13,72.06,73.5,1530643,111515000.00000001,14012,,617417.0,40.34,new
ERIS,EQ,2026-09-17,1296.0,1350.0,1290.6,1310.7,1350.0,1303.2,44936,58733000.00000001,5622,,22953.0,51.08,new
ESABINDIA,EQ,2026-09-17,5675.5,5710.5,5600.5,5618.5,5606.0,5675.0,2521,14222999.999999998,1136,,1561.0,61.92,new
ESAFSFB,BE,2026-09-17,38.47,39.79,38.01,38.44,38.6,38.96,251795,9724000.0,1657,,,,new
ESCONET,ST,2026-09-17,213.95,213.95,213.95,213.95,213.95,225.2,4800,1027000.0,11,,4800.0,100.0,new
ESCORTS,EQ,2026-09-17,2815.6,2843.6,2809.0,2830.0,2830.9,2815.6,51122,144773000.0,13091,,30153.0,58.98,new
ESDS,EQ,2026-09-17,1646.85,1646.85,1646.85,1646.85,1646.85,1733.5,59604,98159000.0,2358,,59580.0,99.96,new
ESENSEX,EQ,2026-09-17,75.32,75.33,75.0,75.15,75.16,75.27,298,22000.0,17,,297.0,99.66,new
ESFL,SM,2026-09-17,124.4,127.5,124.0,124.25,124.0,124.6,17280,2168000.0,39,,14040.0,81.25,new
ESG,EQ,2026-09-17,39.98,40.07,39.89,39.92,40.05,39.91,26115,1043000.0,40,,19346.0,74.08,new
ESILVER,EQ,2026-09-17,227.3,227.3,223.24,226.68,226.0,228.89,87265,19768000.0,873,,73592.0,84.33,new
ESPRIT,SM,2026-09-17,64.0,64.0,60.5,60.5,60.5,65.85,6400,396000.0,3,,6400.0,100.0,new
ESSARSHPNG,EQ,2026-09-17,15.56,16.25,15.56,16.14,16.2,15.53,191957,3060000.0,852,,130986.0,68.24,new
ESSENTIA,EQ,2026-09-17,1.04,1.06,1.01,1.02,1.04,1.04,3370054,3494000.0,763,,2037978.0,60.47,new
ESTER,EQ,2026-09-17,85.4,88.35,85.4,86.76,87.0,86.24,26887,2340000.0,797,,15850.0,58.95,new
ETERNAL,EQ,2026-09-17,318.3,327.8,318.25,322.35,322.35,317.0,27543143,8942618000.0,143707,,13921579.0,50.54,new
ETHOSLTD,EQ,2026-09-17,2612.5,2673.0,2581.1,2651.0,2650.0,2612.5,14831,39271000.0,4225,,7919.0,53.39,new
ETML,SM,2026-09-17,80.8,80.8,79.5,80.0,80.0,80.0,61200,4914000.0,6,,61200.0,100.0,new
EUREKAFORB,EQ,2026-09-17,391.75,398.95,386.1,391.1,387.95,394.15,142731,56025000.0,10359,,69864.0,48.95,new
EUROBOND,EQ,2026-09-17,148.34,151.0,148.0,148.49,149.0,149.84,698,104000.0,19,,698.0,100.0,new
EUROPRATIK,EQ,2026-09-17,241.0,243.0,232.1,234.85,232.1,240.05,227748,53987000.0,4531,,63686.0,27.96,new
EUROTEXIND,BE,2026-09-17,11.74,11.74,11.74,11.74,11.74,12.35,5895,69000.0,24,,,,new
EVEREADY,EQ,2026-09-17,333.1,340.6,332.1,334.1,333.05,333.95,52844,17756000.0,1984,,26840.0,50.79,new
EVERESTIND,BE,2026-09-17,396.0,410.0,393.5,400.0,398.65,401.35,3489,1384000.0,95,,,,new
EVIETF,EQ,2026-09-17,31.75,32.49,31.41,31.71,31.92,31.84,143068,4538000.0,686,,108066.0,75.53,new
EVINDIA,EQ,2026-09-17,31.5,31.92,31.39,31.84,31.81,31.5,121664,3865000.0,1181,,88407.0,72.66,new
EXCELINDUS,EQ,2026-09-17,955.9,972.7,940.0,963.8,966.8,966.8,19529,18654000.0,1622,,4881.0,24.99,new
EXCELLENT,ST,2026-09-17,205.0,205.0,205.0,205.0,205.0,198.0,3200,656000.0,2,,3200.0,100.0,new
EXCELSOFT,EQ,2026-09-17,79.21,81.03,79.01,79.8,79.7,80.17,566163,45289000.0,5838,,219480.0,38.77,new
EXICOM,EQ,2026-09-17,162.13,167.45,158.0,160.09,158.46,162.72,937220,152413000.0,10871,,314050.0,33.51,new
EXIDEIND,EQ,2026-09-17,415.35,421.95,411.0,418.6,418.6,415.5,1041144,434621000.0,30837,,406702.0,39.06,new
EXIMROUTES,SM,2026-09-17,103.0,103.0,103.0,103.0,103.0,99.25,800,82000.0,1,,800.0,100.0,new
EXPLEOSOL,EQ,2026-09-17,884.0,900.0,872.3,898.05,898.0,879.85,35973,32130000.0,2643,,21960.0,61.05,new
EXXARO,EQ,2026-09-17,6.2,6.34,6.2,6.26,6.3,6.25,640912,4011999.9999999995,318,,624974.0,97.51,new
FABTECH,EQ,2026-09-17,145.66,148.48,145.26,146.92,146.5,145.66,62523,9199000.0,777,,25662.0,41.04,new
FACT,EQ,2026-09-17,748.0,775.0,747.5,759.8,759.8,749.0,147229,112154000.0,9331,,30264.0,20.56,new
FAIRCHEMOR,BE,2026-09-17,619.25,624.9,610.0,622.9,623.0,619.25,1871,1150000.0,289,,,,new
FALCONTECH,SM,2026-09-17,12.5,12.5,11.5,11.5,11.5,13.0,25200,305000.0,13,,24000.0,95.24,new
FASCINATE,SM,2026-09-17,45.6,45.6,45.6,45.6,45.6,48.0,133600,6092000.0,68,,133600.0,100.0,new
FAZE3Q,EQ,2026-09-17,460.05,460.15,435.0,442.15,440.1,447.2,23415,10363000.0,1021,,13686.0,58.45,new
FCL,EQ,2026-09-17,52.52,54.07,52.2,52.99,53.25,53.07,15008357,799268000.0,49330,,3750653.0,24.99,new
FCSSOFT,EQ,2026-09-17,1.42,1.43,1.4,1.42,1.42,1.41,847857,1201000.0,794,,579659.0,68.37,new
FDC,EQ,2026-09-17,351.0,353.7,347.3,352.15,353.0,350.2,89270,31358999.999999996,2800,,42116.0,47.18,new
FEDDERSHOL,EQ,2026-09-17,51.16,53.1,51.0,52.29,51.95,50.81,3091043,161878000.0,11418,,1014002.0,32.8,new
FEDERALBNK,EQ,2026-09-17,342.0,343.75,332.45,332.75,332.75,341.8,5321222,1791034999.9999998,59935,,2698456.0,50.71,new
FEDFINA,EQ,2026-09-17,150.99,153.5,150.2,152.27,153.39,150.76,479562,72832000.0,7110,,258694.0,53.94,new
FEL,BZ,2026-09-17,0.37,0.37,0.36,0.36,0.37,0.36,191675,70000.0,95,,,,new
FELDVR,BZ,2026-09-17,2.15,2.15,1.96,1.96,1.96,2.05,6367,13000.0,30,,,,new
FELIX,SM,2026-09-17,207.7,210.2,200.25,203.95,203.5,205.6,34000,6980000.0,50,,16500.0,48.53,new
FERMENTA,EQ,2026-09-17,470.0,473.2,462.0,465.7,464.8,470.0,36048,16837000.0,2221,,17682.0,49.05,new
FIBERWEB,EQ,2026-09-17,26.72,26.72,25.56,26.4,26.4,26.08,7278,192000.0,86,,5318.0,73.07,new
FIDEL,SM,2026-09-17,150.0,159.9,150.0,157.4,159.9,150.0,13000,2004000.0,13,,11000.0,84.62,new
FIEMIND,EQ,2026-09-17,1942.8,1965.1,1895.5,1900.9,1901.0,1927.9,113760,218540000.0,15544,,70738.0,62.18,new
FILATEX,EQ,2026-09-17,87.99,91.9,85.56,90.35,89.62,87.22,7738959,697559000.0,46795,,2477049.0,32.01,new
FILATFASH,EQ,2026-09-17,0.18,0.19,0.18,0.18,0.19,0.18,11475735,2100000.0,1383,,8382873.0,73.05,new
FINBUD,SM,2026-09-17,124.9,124.9,124.9,124.9,124.9,125.0,1000,125000.0,1,,1000.0,100.0,new
FINCABLES,EQ,2026-09-17,1362.5,1428.5,1357.7,1395.8,1389.0,1362.6,1123026,1573638000.0,59066,,258304.0,23.0,new
FINEORG,EQ,2026-09-17,5111.0,5220.0,5111.0,5202.0,5220.0,5193.0,11277,58429000.0,4319,,4889.0,43.35,new
FINIETF,EQ,2026-09-17,31.7,32.05,31.6,31.93,32.04,31.61,250140,7979000.000000001,873,,157258.0,62.87,new
FINKURVE,EQ,2026-09-17,71.5,76.8,71.5,75.05,73.5,72.99,46956,3479999.9999999995,926,,19420.0,41.36,new
FINOPB,EQ,2026-09-17,136.05,138.37,135.26,136.43,135.87,136.05,87730,11987000.0,1475,,32032.0,36.51,new
FINPIPE,EQ,2026-09-17,150.83,157.5,150.83,154.43,155.69,151.05,318438,48788000.0,9584,,147840.0,46.43,new
FIRSTCRY,EQ,2026-09-17,171.08,171.24,167.21,169.25,169.06,170.02,1804936,304508000.0,17759,,541411.0,30.0,new
FISCHER,EQ,2026-09-17,32.6,34.0,32.6,33.3,33.3,33.5,401729,13412000.0,1887,,226463.0,56.37,new
FIVESTAR,EQ,2026-09-17,550.0,553.15,529.1,530.95,531.9,549.4,351651,189189000.0,20386,,147167.0,41.85,new
FLAIR,EQ,2026-09-17,233.05,242.18,232.4,237.13,236.22,231.89,73615,17397000.0,1798,,36242.0,49.23,new
FLEXIADD,EQ,2026-09-17,9.88,9.88,9.55,9.73,9.77,9.68,124615,1211000.0,441,,91896.0,73.74,new
FLEXITUFF,BE,2026-09-17,2.46,2.46,2.46,2.46,2.46,2.35,32203,79000.0,15,,,,new
FLFL,BZ,2026-09-17,1.13,1.17,1.1,1.11,1.11,1.12,32889,38000.0,78,,,,new
FLUOROCHEM,EQ,2026-09-17,4533.6,4616.9,4432.6,4471.8,4461.0,4533.6,184050,828932000.0,26604,,99949.0,54.31,new
FLYSBS,SM,2026-09-17,660.0,672.0,644.3,651.3,652.0,661.1,37600,24906000.0,129,,30400.0,80.85,new
FMCGADD,EQ,2026-09-17,45.95,46.09,45.73,45.96,46.07,45.94,37341,1714999.9999999998,169,,16691.0,44.7,new
FMCGIETF,EQ,2026-09-17,49.95,49.95,48.75,49.12,49.31,49.14,973192,47842000.0,3032,,511847.0,52.59,new
FMGOETZE,EQ,2026-09-17,441.0,453.1,441.0,447.5,448.5,446.8,134140,60216000.0,3825,,54545.0,40.66,new
FMNL,EQ,2026-09-17,9.25,9.45,8.85,8.91,8.86,9.28,67240,604000.0,151,,50076.0,74.47,new
FOCE,SM,2026-09-17,515.0,515.0,515.0,515.0,515.0,500.0,4800,2472000.0,4,,4800.0,100.0,new
FOCUS,BE,2026-09-17,61.13,61.49,59.0,59.31,59.13,60.67,30997,1860000.0000000002,213,,,,new
FONEBOX,SM,2026-09-17,130.0,130.0,125.95,125.95,125.95,132.55,6000,766000.0,6,,5000.0,83.33,new
FOODSIN,EQ,2026-09-17,53.3,56.5,52.5,54.79,55.9,51.98,38926,2096000.0,813,,20642.0,53.03,new
FORCAS,ST,2026-09-17,212.35,212.35,204.05,209.3,211.9,202.45,20800,4338000.0,13,,17600.0,84.62,new
FORCEMOT,EQ,2026-09-17,17370.0,17783.0,17325.0,17650.0,17650.0,17383.0,62698,1103827000.0,20705,,24477.0,39.04,new
FORGEAUTO,SM,2026-09-17,96.15,100.0,96.15,100.0,100.0,95.95,2400,235000.0,2,,2400.0,100.0,new
FORTIS,EQ,2026-09-17,877.0,897.0,874.35,886.1,886.1,870.3,1175220,1045287999.9999999,32142,,545163.0,46.39,new
FOSECOIND,EQ,2026-09-17,6968.0,7389.5,6676.5,6765.5,6731.0,6846.5,292524,2074338000.0,69057,,33728.0,11.53,new
FRACTAL,EQ,2026-09-17,742.0,761.8,736.5,750.75,750.65,738.6,219334,164611000.0,13354,,121687.0,55.48,new
FREDUN,EQ,2026-09-17,1229.7,1302.8,1225.0,1278.2,1280.0,1221.6,130408,166880000.0,11996,,60689.0,46.54,new
FRESHARA,ST,2026-09-17,435.0,453.95,428.0,443.95,443.95,444.5,37200,16102000.000000002,47,,29400.0,79.03,new
FROG,SM,2026-09-17,304.95,304.95,292.75,299.4,301.0,290.95,28000,8394000.0,66,,23200.0,82.86,new
FRONTSP,EQ,2026-09-17,1195.0,1211.9,1177.8,1197.4,1180.0,1185.8,7310,8759000.0,1225,,4370.0,59.78,new
FSL,EQ,2026-09-17,276.4,276.4,271.0,273.1,273.0,277.75,1215172,332423000.0,27683,,393174.0,32.36,new
FUSION,EQ,2026-09-17,182.73,188.9,180.09,184.45,184.39,182.73,520634,95470000.0,10180,,274814.0,52.78,new
FWSTC,SM,2026-09-17,163.5,163.5,152.0,152.4,152.0,180.0,18600,2962000.0,31,,15600.0,83.87,new
GABRIEL,EQ,2026-09-17,1294.0,1319.4,1278.5,1283.7,1290.0,1295.7,217680,280994000.0,21982,,123289.0,56.64,new
GAEL,EQ,2026-09-17,157.16,161.7,156.49,159.41,159.7,157.16,360816,57699000.0,10550,,186573.0,51.71,new
GAIL,EQ,2026-09-17,171.24,172.82,171.24,172.0,172.0,170.65,2741053,472125000.0,23059,,1493840.0,54.5,new
GAJA,EQ,2026-09-17,138.0,147.14,138.0,145.03,145.26,138.83,712798,102494000.0,12011,,241185.0,33.84,new
GAJANAND,SM,2026-09-17,7.95,8.2,7.75,7.75,7.75,7.95,18000,144000.0,6,,12000.0,66.67,new
GALAPREC,EQ,2026-09-17,999.9,1019.4,992.8,998.9,1002.5,999.9,10321,10405000.0,1162,,4377.0,42.41,new
GALAXYSURF,EQ,2026-09-17,2156.0,2271.0,2144.0,2257.0,2271.0,2156.3,36315,81113000.0,8235,,19334.0,53.24,new
GALLANTT,EQ,2026-09-17,530.0,550.0,521.0,537.7,540.55,524.95,46859,25144000.0,3639,,21191.0,45.22,new
GANDHAR,EQ,2026-09-17,257.3,271.7,257.3,269.4,269.95,258.95,661006,176036000.0,13934,,303619.0,45.93,new
GANDHITUBE,EQ,2026-09-17,899.9,904.9,890.0,894.0,896.0,900.9,2943,2639000.0,227,,1879.0,63.85,new
GANECOS,EQ,2026-09-17,960.1,1005.8,932.5,990.6,995.1,1000.2,440384,428703000.0,34724,,145542.0,33.05,new
GANESHBE,BE,2026-09-17,119.99,125.2,119.99,125.2,125.2,119.24,87493,10902000.0,507,,,,new
GANESHCP,EQ,2026-09-17,162.75,167.9,162.75,164.47,164.76,163.07,70600,11674000.0,1410,,37349.0,52.9,new
GANESHHOU,EQ,2026-09-17,740.25,758.0,733.55,751.65,745.0,740.65,22311,16594999.999999998,1355,,13520.0,60.6,new
GANESHIN,ST,2026-09-17,96.0,96.0,91.0,92.25,92.55,93.35,64000,5989000.0,57,,63200.0,98.75,new
GANGAFORGE,EQ,2026-09-17,1.6,1.61,1.56,1.57,1.56,1.59,1480904,2355000.0,903,,1097531.0,74.11,new
GANGESSECU,EQ,2026-09-17,117.49,117.49,112.05,113.05,113.0,115.01,227,26000.0,21,,109.0,48.02,new
GARFIBRES,EQ,2026-09-17,799.9,807.0,790.4,799.7,799.0,800.6,18980,15197000.0,1784,,10623.0,55.97,new
GARUDA,EQ,2026-09-17,176.8,178.5,174.1,174.82,175.8,175.98,219775,38637000.0,4395,,104636.0,47.61,new
GATECH,BE,2026-09-17,0.64,0.7,0.64,0.7,0.7,0.67,23785709,16254000.0,5042,,,,new
GATECHDVR,BE,2026-09-17,0.48,0.5,0.47,0.48,0.49,0.48,438767,214000.0,185,,,,new
GATEWAY,EQ,2026-09-17,52.6,53.86,52.4,52.75,52.71,52.34,628498,33357000.0,6994,,337811.0,53.75,new
GAUDIUMIVF,EQ,2026-09-17,116.15,120.39,113.74,114.79,114.6,116.42,147938,17258000.0,1775,,68092.0,46.03,new
GAYAHWS,EQ,2026-09-17,1.87,1.9,1.85,1.89,1.89,1.84,165932,311000.0,229,,149568.0,90.14,new
GAYAPROJ,EQ,2026-09-17,24.1,24.75,23.61,23.62,23.61,24.85,1567518,37676000.0,3697,,906813.0,57.85,new
GCHOTELS,ST,2026-09-17,107.0,111.0,103.95,109.6,110.0,108.7,21000,2245000.0,33,,14400.0,68.57,new
GCSL,EQ,2026-09-17,593.55,610.75,583.8,594.35,586.8,594.75,611511,367181000.0,5844,,234745.0,38.39,new
GEECEE,BE,2026-09-17,372.6,376.6,362.0,370.95,371.0,367.15,1932,706000.0,26,,,,new
GEEKAYWIRE,EQ,2026-09-17,31.2,34.0,30.41,33.46,33.9,30.56,955466,31039999.999999996,4693,,552469.0,57.82,new
GEMAROMA,EQ,2026-09-17,156.07,158.99,151.0,151.9,152.4,156.07,133788,20659000.0,1706,,95704.0,71.53,new
GENCON,EQ,2026-09-17,38.61,40.2,38.61,39.56,39.01,39.02,231830,9219000.0,683,,11652.0,5.03,new
GENESYS,EQ,2026-09-17,278.3,301.0,278.3,284.42,286.03,276.71,1226611,356278000.0,22701,,245059.0,19.98,new
GENSOL,BZ,2026-09-17,16.44,17.19,16.44,16.69,16.7,16.84,62484,1040000.0,492,,,,new
GENUSPAPER,EQ,2026-09-17,11.33,11.67,11.12,11.18,11.16,11.11,105777,1198000.0,398,,65804.0,62.21,new
GENUSPOWER,EQ,2026-09-17,301.25,305.7,299.3,303.15,303.85,301.55,895382,270895000.0,18349,,432187.0,48.27,new
GENXAI,SM,2026-09-17,76.75,77.35,74.9,75.3,76.0,78.5,46800,3547000.0,35,,39600.0,84.62,new
GEOJITFSL,EQ,2026-09-17,77.0,81.32,76.9,80.12,80.0,76.9,353025,28113000.0,4759,,108237.0,30.66,new
GESHIP,EQ,2026-09-17,1392.0,1428.7,1387.5,1425.1,1423.0,1391.6,831737,1176648000.0,41751,,527129.0,63.38,new
GFLLIMITED,EQ,2026-09-17,54.74,56.3,53.79,55.7,56.0,54.65,63757,3531000.0,1003,,28838.0,45.23,new
GFSTEELS,BE,2026-09-17,24.23,24.23,24.23,24.23,24.23,23.08,7865,191000.0,17,,,,new
GGBL,SM,2026-09-17,204.5,208.0,204.0,207.9,207.95,207.0,13200,2721000.0,44,,7200.0,54.55,new
GHCL,EQ,2026-09-17,419.0,422.5,416.85,420.1,422.0,418.85,41977,17622000.0,2844,,23638.0,56.31,new
GHCLTEXTIL,EQ,2026-09-17,122.6,125.78,121.15,124.33,124.14,121.68,553850,68595000.0,6903,,312315.0,56.39,new
GICHSGFIN,EQ,2026-09-17,135.0,137.74,135.0,135.97,136.0,134.92,44942,6123000.0,1072,,30653.0,68.21,new
GICL,BE,2026-09-17,25.25,25.25,23.7,24.64,24.7,24.69,89264,2185000.0,147,,,,new
GICRE,EQ,2026-09-17,338.0,346.7,337.8,339.8,340.3,337.75,520254,177934000.0,14667,,214582.0,41.25,new
GILLANDERS,EQ,2026-09-17,102.01,106.85,100.0,103.87,105.0,103.0,3255,331000.0,62,,2841.0,87.28,new
GILLETTE,EQ,2026-09-17,7275.5,7348.5,7238.0,7307.0,7337.0,7275.5,26121,190659000.0,4029,,20517.0,78.55,new
GILT10BETA,EQ,2026-09-17,26.59,26.65,26.22,26.65,26.65,26.59,50,1000.0,14,,25.0,50.0,new
GILT5BETA,EQ,2026-09-17,66.46,66.59,65.6,66.59,66.59,66.79,269,18000.0,11,,259.0,96.28,new
GILT5YBEES,EQ,2026-09-17,66.0,66.0,65.62,65.81,65.82,65.74,114991,7565000.000000001,302,,73207.0,63.66,new
GINNIFILA,BE,2026-09-17,41.9,41.9,40.35,41.65,41.69,41.06,4963,204999.99999999997,53,,,,new
GIPCL,EQ,2026-09-17,185.05,188.9,184.34,186.12,186.4,185.14,364892,68054000.0,5375,,195113.0,53.47,new
GIRIRAJ,SM,2026-09-17,80.1,81.0,80.1,81.0,81.0,84.3,4250,341000.0,12,,4000.0,94.12,new
GJL,ST,2026-09-17,292.05,292.05,292.05,292.05,292.05,292.05,800,234000.0,1,,800.0,100.0,new
GKB,EQ,2026-09-17,65.6,65.96,62.4,65.13,64.3,62.37,71,5000.0,7,,70.0,98.59,new
GKENERGY,EQ,2026-09-17,120.59,122.0,118.2,118.98,119.0,119.91,294732,35224000.0,3087,,155124.0,52.63,new
GKSL,EQ,2026-09-17,172.33,179.5,172.33,177.82,178.14,172.33,214009,37958000.0,3849,,89418.0,41.78,new
GKWLIMITED,EQ,2026-09-17,1600.0,1604.9,1573.5,1604.9,1604.9,1589.2,28,45000.0,16,,28.0,100.0,new
GLAND,EQ,2026-09-17,2827.9,2941.1,2820.1,2907.8,2900.0,2826.6,678985,1972293000.0,50844,,420164.0,61.88,new
GLASSWALL,EQ,2026-09-17,223.75,257.82,222.42,257.82,257.82,214.85,64015769,15460809000.0,497424,,5254203.0,8.21,new
GLAXO,EQ,2026-09-17,2852.0,2862.3,2794.5,2799.9,2804.9,2856.2,28739,80844000.0,5024,,17315.0,60.25,new
GLENMARK,EQ,2026-09-17,2406.8,2416.9,2388.4,2416.0,2416.0,2410.0,227416,546334000.0,19964,,101278.0,44.53,new
GLFL,EQ,2026-09-17,5.35,5.44,5.09,5.11,5.09,5.35,4382,22000.0,28,,3888.0,88.73,new
GLOBAL,EQ,2026-09-17,128.64,133.9,125.76,127.17,129.8,128.89,171103,22316000.0,2614,,85001.0,49.68,new
GLOBALE,EQ,2026-09-17,11.12,11.5,11.0,11.5,11.5,11.12,895,10000.0,17,,468.0,52.29,new
GLOBALPET,SM,2026-09-17,163.0,163.0,163.0,163.0,163.0,163.05,750,122000.0,1,,750.0,100.0,new
GLOBALVECT,EQ,2026-09-17,126.97,131.49,123.0,125.52,125.6,126.96,7754,972000.0000000001,473,,4392.0,56.64,new
GLOBE,EQ,2026-09-17,1.78,1.82,1.75,1.78,1.78,1.77,461056,827999.9999999999,274,,389422.0,84.46,new
GLOBECIVIL,EQ,2026-09-17,44.7,45.0,42.31,42.46,42.32,42.56,11844,509000.0,305,,6674.0,56.35,new
GLOBUSSPR,EQ,2026-09-17,838.95,846.65,828.75,830.75,831.0,839.05,37184,31087000.0,7748,,20698.0,55.66,new
GLOSTERLTD,EQ,2026-09-17,587.0,587.0,577.0,578.0,578.0,578.95,298,173000.0,13,,278.0,93.29,new
GLOTTIS,EQ,2026-09-17,57.15,58.5,57.15,58.0,58.0,58.01,24712,1432000.0,428,,18327.0,74.16,new
GMBREW,EQ,2026-09-17,912.0,949.6,905.0,937.05,939.0,912.65,45315,42408000.0,3719,,23493.0,51.84,new
GMDCLTD,EQ,2026-09-17,543.35,552.5,543.35,549.15,549.0,543.35,687557,377714000.0,17434,,281119.0,40.89,new
GMMPFAUDLR,EQ,2026-09-17,1331.0,1377.7,1320.0,1363.4,1368.9,1335.0,547415,740800000.0,26661,,365655.0,66.8,new
GMRAIRPORT,EQ,2026-09-17,92.46,95.72,92.46,95.04,95.04,92.46,11555139,1096301000.0,72432,,6576399.0,56.91,new
GMRP&UI,EQ,2026-09-17,93.0,93.93,91.78,92.13,92.05,93.16,514108,47500000.0,6967,,227829.0,44.32,new
GNA,EQ,2026-09-17,529.85,549.3,527.85,536.55,540.8,529.85,167558,90259000.0,6667,,80996.0,48.34,new
GNFC,EQ,2026-09-17,540.0,599.0,538.2,584.85,584.3,539.75,8250274,4848154000.0,158856,,1164033.0,14.11,new
GNRL,EQ,2026-09-17,100.0,102.09,99.9,101.05,101.0,99.87,77728,7854000.000000001,1244,,42902.0,55.2,new
GOACARBON,EQ,2026-09-17,388.0,398.9,375.0,378.3,378.8,390.6,38420,14790000.0,1796,,20076.0,52.25,new
GOCLCORP,EQ,2026-09-17,437.85,458.8,432.6,456.15,458.35,428.4,1122429,507727000.00000006,28395,,363391.0,32.38,new
GOCOLORS,EQ,2026-09-17,304.0,312.4,304.0,308.1,311.0,303.6,41874,12916000.0,1485,,19728.0,47.11,new
GODAVARIB,EQ,2026-09-17,240.49,255.0,239.32,243.31,240.51,236.94,1431064,353028000.0,24611,,150396.0,10.51,new
GODFRYPHLP,EQ,2026-09-17,1941.4,1948.8,1929.5,1943.0,1943.0,1934.0,99720,193477000.0,8179,,28298.0,28.38,new
GODIGIT,EQ,2026-09-17,249.25,257.0,249.25,255.5,255.15,250.9,242318,61764000.0,8061,,74770.0,30.86,new
GODREJAGRO,EQ,2026-09-17,643.05,655.0,643.05,653.6,654.25,647.35,117590,76672000.0,8298,,61294.0,52.13,new
GODREJCP,EQ,2026-09-17,866.45,876.0,865.15,873.0,873.0,863.0,884594,771972000.0,15194,,497138.0,56.2,new
GODREJIND,EQ,2026-09-17,1124.0,1147.0,1124.0,1127.3,1131.5,1136.5,38932,44203000.0,6352,,16006.0,41.11,new
GODREJPROP,EQ,2026-09-17,1664.0,1695.3,1657.7,1678.2,1678.2,1665.3,570025,959045000.0000001,31390,,231909.0,40.68,new
GOKEX,EQ,2026-09-17,722.05,730.55,713.0,727.55,728.0,725.35,285928,207021999.99999997,13911,,149784.0,52.39,new
GOKUL,EQ,2026-09-17,40.35,40.35,39.12,39.74,40.15,39.39,161645,6417000.0,718,,30595.0,18.93,new
GOKULAGRO,EQ,2026-09-17,216.05,221.71,215.92,218.17,218.87,218.43,140349,30741000.000000004,6072,,70056.0,49.92,new
GOLD1,EQ,2026-09-17,126.0,126.08,124.8,125.62,125.59,126.08,2124653,266671999.99999997,10798,,922743.0,43.43,new
GOLD360,EQ,2026-09-17,147.2,147.55,146.25,147.25,146.55,147.35,3813,560000.0,173,,1403.0,36.8,new
GOLDADD,EQ,2026-09-17,14.58,14.69,14.53,14.63,14.59,14.69,2316676,33879000.0,5613,,1104475.0,47.67,new
GOLDAXIS,EQ,2026-09-17,125.39,125.84,124.45,125.24,125.22,125.92,2563650,320119000.0,4045,,2065608.0,80.57,new
GOLDBEES,EQ,2026-09-17,124.26,125.0,123.67,124.43,124.41,124.91,22769280,2830845000.0,68697,,12098031.0,53.13,new
GOLDBETA,EQ,2026-09-17,126.9,127.2,126.0,126.85,126.8,127.15,620720,78636000.0,2020,,435922.0,70.23,new
GOLDBND,EQ,2026-09-17,151.0,151.03,149.65,150.55,150.49,151.13,27534,4142000.0,211,,26284.0,95.46,new
GOLDCASE,EQ,2026-09-17,23.6,23.8,23.55,23.69,23.69,23.78,7572400,179158000.0,8248,,3448079.0,45.53,new
GOLDENTOBC,BZ,2026-09-17,23.77,24.89,23.5,24.07,24.15,23.77,1739,43000.0,23,,,,new
GOLDETF,EQ,2026-09-17,145.72,146.95,145.6,146.44,146.38,146.81,821154,120096000.0,4416,,265153.0,32.29,new
GOLDIAM,EQ,2026-09-17,321.2,329.0,320.75,325.6,325.0,321.8,297405,96604000.0,7878,,97912.0,32.92,new
GOLDIETF,EQ,2026-09-17,128.87,129.44,128.09,128.97,128.84,129.44,6497359,837429999.9999999,24703,,4617520.0,71.07,new
GOLDSTAR,SM,2026-09-17,8.6,9.0,8.6,9.0,9.0,8.6,112500,1007000.0,10,,101250.0,90.0,new
GOLDTECH,BE,2026-09-17,42.05,42.47,41.0,41.41,41.0,41.29,15459,643000.0,94,,,,new
GOODLUCK,EQ,2026-09-17,505.4,520.3,504.85,509.75,506.2,510.3,344280,176895000.0,13566,,154317.0,44.82,new
GOODYEAR,EQ,2026-09-17,724.8,732.2,704.6,706.15,710.0,712.05,13069,9281000.0,1361,,9647.0,73.82,new
GOPAL,EQ,2026-09-17,254.95,255.55,249.2,252.25,251.0,254.4,108409,27285000.000000004,5597,,53265.0,49.13,new
GOYALALUM,EQ,2026-09-17,5.9,5.99,5.82,5.9,5.91,5.9,22014,130000.0,222,,13517.0,61.4,new
GPECO,SM,2026-09-17,391.2,401.0,389.0,400.15,400.0,395.0,7000,2776000.0,28,,5200.0,74.29,new
GPIL,EQ,2026-09-17,236.4,241.0,234.61,238.39,238.0,236.49,1030313,245060000.0,17685,,502386.0,48.76,new
GPPL,EQ,2026-09-17,162.0,163.5,161.49,162.59,162.78,162.24,1050527,170890000.0,26396,,565813.0,53.86,new
GPTHEALTH,EQ,2026-09-17,162.9,165.0,162.28,163.61,163.3,163.3,67940,11124000.0,2006,,43400.0,63.88,new
GPTINFRA,EQ,2026-09-17,109.8,114.0,109.8,113.56,113.95,111.0,125495,14055000.000000002,1398,,68015.0,54.2,new
GRADIENTE,BE,2026-09-17,2.42,2.42,2.24,2.36,2.36,2.34,124433,294000.0,136,,,,new
GRANDOAK,EQ,2026-09-17,33.5,35.49,33.5,34.07,34.5,34.08,1833,63000.0,77,,863.0,47.08,new
GRANULES,EQ,2026-09-17,841.0,874.0,838.2,870.4,872.5,835.6,915976,789381000.0,32819,,436081.0,47.61,new
GRAPHISAD,SM,2026-09-17,25.75,25.75,24.55,25.0,25.0,25.5,10800,274000.0,9,,9600.0,88.89,new
GRAPHITE,EQ,2026-09-17,818.0,832.4,802.05,814.1,813.2,805.05,2989509,2445497000.0,85590,,785555.0,26.28,new
GRASIM,EQ,2026-09-17,3190.0,3205.0,3159.0,3173.1,3173.1,3187.0,738188,2349270000.0,29919,,422740.0,57.27,new
GRAUWEIL,EQ,2026-09-17,74.06,80.4,73.06,79.09,79.2,73.56,1086236,83682000.0,6269,,674200.0,62.07,new
GRAVISSHO,BE,2026-09-17,41.5,41.5,40.26,40.26,40.26,42.37,555,22000.0,18,,,,new
GRAVITA,EQ,2026-09-17,1622.2,1638.9,1599.7,1611.6,1613.0,1622.7,104871,169625000.0,11469,,55504.0,52.93,new
GRCL,SM,2026-09-17,580.0,580.0,572.0,572.5,572.5,580.0,1500,863000.0000000001,6,,1500.0,100.0,new
GREAVESCOT,EQ,2026-09-17,185.52,192.6,185.37,191.72,192.5,185.64,1037598,196361000.0,10059,,641842.0,61.86,new
GREENCHEF,SM,2026-09-17,71.95,72.2,69.5,71.7,71.7,68.5,11200,800000.0,14,,8800.0,78.57,new
GREENLAM,EQ,2026-09-17,230.86,238.32,230.86,236.73,237.98,230.86,42452,9979000.0,1716,,15943.0,37.56,new
GREENLEAF,ST,2026-09-17,111.05,111.05,111.05,111.05,111.05,114.4,1000,111000.00000000001,1,,1000.0,100.0,new
GREENPANEL,EQ,2026-09-17,153.8,161.98,150.68,158.4,157.55,152.77,1450006,228542000.0,14302,,1012797.0,69.85,new
GREENPLY,EQ,2026-09-17,279.55,297.0,279.5,293.2,291.1,281.1,267600,77889000.0,3367,,195614.0,73.1,new
GREENPOWER,EQ,2026-09-17,9.06,9.2,9.0,9.05,9.06,9.06,1776162,16097999.999999998,3402,,763218.0,42.97,new
GRINDWELL,EQ,2026-09-17,1856.0,1869.9,1840.9,1862.2,1857.0,1852.9,15176,28199000.0,5701,,8492.0,55.96,new
GRINFRA,EQ,2026-09-17,805.9,834.65,792.0,829.05,825.0,819.05,29503,24110000.0,3440,,6400.0,21.69,new
GRMOVER,EQ,2026-09-17,81.03,82.95,79.31,80.13,80.2,82.02,1105834,89995000.0,7208,,277497.0,25.09,new
GROBTEA,EQ,2026-09-17,938.2,949.0,922.0,930.0,925.0,938.95,51,48000.0,13,,25.0,49.02,new
GROWW,EQ,2026-09-17,190.7,193.7,186.7,187.44,187.17,189.76,23614294,4481272000.0,140085,,12159184.0,51.49,new
GROWWCAPM,EQ,2026-09-17,11.0,11.18,10.93,11.12,11.1,11.03,735659,8178000.0,916,,613423.0,83.38,new
GROWWCHEM,EQ,2026-09-17,29.27,29.49,28.81,29.06,29.35,28.97,30831,894000.0,238,,12276.0,39.82,new
GROWWDEFNC,EQ,2026-09-17,91.8,92.84,91.11,92.31,92.06,91.79,180595,16644999.999999998,2275,,91301.0,50.56,new
GROWWEV,EQ,2026-09-17,31.36,31.99,30.7,31.69,31.71,31.21,258717,8137000.0,1556,,115551.0,44.66,new
GROWWGOLD,EQ,2026-09-17,14.7,14.76,14.61,14.69,14.69,14.76,2353265,34604000.0,2397,,1017385.0,43.23,new
GROWWHOSPI,EQ,2026-09-17,52.41,52.5,51.15,52.22,52.5,51.14,187670,9769000.0,608,,153329.0,81.7,new
GROWWLIQID,EQ,2026-09-17,110.78,110.78,110.77,110.77,110.78,110.76,154650,17131000.0,134,,85878.0,55.53,new
GROWWLOVOL,EQ,2026-09-17,10.23,10.24,10.03,10.08,10.06,10.05,11111,112000.00000000001,83,,5550.0,49.95,new
GROWWMC150,EQ,2026-09-17,224.33,228.09,224.3,226.57,226.5,224.33,149,34000.0,17,,145.0,97.32,new
GROWWMETAL,EQ,2026-09-17,12.08,12.28,11.65,12.2,12.16,12.05,407418,4968000.0,1016,,178568.0,43.83,new
GROWWMOM50,EQ,2026-09-17,10.86,10.86,10.6,10.77,10.84,10.66,71314,766000.0,348,,37680.0,52.84,new
GROWWN200,EQ,2026-09-17,10.95,11.1,10.83,11.04,11.03,10.94,14665,162000.0,173,,8901.0,60.7,new
GROWWNET,EQ,2026-09-17,10.93,11.0,10.61,10.73,10.7,10.72,426495,4581000.0,616,,296331.0,69.48,new
GROWWNIFTY,EQ,2026-09-17,9.19,9.55,9.19,9.42,9.45,9.43,665258,6270000.0,3083,,355645.0,53.46,new
GROWWNXT50,EQ,2026-09-17,72.0,72.21,71.05,71.56,71.34,72.43,9931,709000.0,121,,5367.0,54.04,new
GROWWPOWER,EQ,2026-09-17,10.98,11.13,10.96,11.07,11.07,10.93,1714886,18959000.0,1686,,725148.0,42.29,new
GROWWPSE,EQ,2026-09-17,97.97,97.97,95.0,96.57,96.56,95.52,12155,1173000.0,152,,6752.0,55.55,new
GROWWPSUBK,EQ,2026-09-17,83.27,84.14,81.75,82.61,83.99,83.33,3497,290000.0,134,,1984.0,56.73,new
GROWWRAIL,EQ,2026-09-17,26.86,27.24,26.75,26.99,27.14,26.75,521994,14052000.000000002,2295,,330871.0,63.39,new
GROWWRLTY,EQ,2026-09-17,9.28,9.46,9.19,9.39,9.4,9.28,280109,2622000.0,483,,226020.0,80.69,new
GROWWSC250,EQ,2026-09-17,10.5,10.6,10.34,10.38,10.5,10.41,379744,3949000.0,642,,225824.0,59.47,new
GROWWSLVR,EQ,2026-09-17,22.24,22.3,22.05,22.17,22.17,22.38,1344345,29816000.000000004,1704,,467265.0,34.76,new
GRPLTD,EQ,2026-09-17,1979.3,1988.9,1964.2,1971.9,1971.0,1979.3,439,866000.0,113,,329.0,74.94,new
GRSE,EQ,2026-09-17,2319.8,2371.9,2319.7,2339.8,2334.5,2314.6,269660,632335000.0,25674,,80540.0,29.87,new
GRWRHITECH,EQ,2026-09-17,6365.0,6619.0,6272.0,6502.5,6500.0,6431.0,78901,508080000.0,17519,,32874.0,41.66,new
GSEC10ABSL,EQ,2026-09-17,111.92,112.34,111.92,112.34,112.34,111.92,5,1000.0,2,,5.0,100.0,new
GSEC10IETF,EQ,2026-09-17,263.89,263.89,263.89,263.89,263.89,262.2,53,14000.000000000002,4,,53.0,100.0,new
GSEC10YEAR,EQ,2026-09-17,30.34,30.35,30.1,30.35,30.35,30.19,5046,153000.0,10,,5023.0,99.54,new
GSEC5IETF,EQ,2026-09-17,65.28,66.46,65.28,66.14,65.62,65.62,2564,170000.0,31,,2391.0,93.25,new
GSFC,EQ,2026-09-17,149.0,154.3,148.6,152.27,152.24,149.16,1244753,189097000.0,16934,,308250.0,24.76,new
GSLSU,EQ,2026-09-17,26.55,28.3,26.55,28.17,28.2,27.51,41951,1173000.0,375,,27386.0,65.28,new
GSMFOILS,SM,2026-09-17,90.1,90.1,90.1,90.1,90.1,85.85,13500,1216000.0,18,,13500.0,100.0,new
GSPCROP,EQ,2026-09-17,490.2,499.0,479.05,484.05,483.0,482.95,341903,167131000.0,8786,,38675.0,11.31,new
GSS,EQ,2026-09-17,10.47,10.47,9.88,10.02,10.0,10.08,30930,315000.0,242,,27463.0,88.79,new
GSTL,SM,2026-09-17,11.4,11.45,11.4,11.45,11.45,10.95,3000,34000.0,3,,3000.0,100.0,new
GTECJAINX,EQ,2026-09-17,28.0,29.5,27.0,27.33,27.0,27.61,10615,297000.0,91,,7565.0,71.27,new
GTL,EQ,2026-09-17,7.1,7.19,7.03,7.06,7.08,7.1,86961,614000.0,534,,64602.0,74.29,new
GTLINFRA,EQ,2026-09-17,1.12,1.15,1.11,1.14,1.14,1.11,28492768,32264999.999999996,8886,,11289739.0,39.62,new
GTPL,EQ,2026-09-17,57.39,57.99,56.1,56.62,56.68,56.46,71405,4040999.9999999995,782,,49630.0,69.5,new
GUFICBIO,EQ,2026-09-17,419.2,428.0,415.6,425.5,425.0,419.85,34904,14805000.000000002,1899,,22425.0,64.25,new
GUJALKALI,EQ,2026-09-17,691.25,696.95,669.0,673.75,674.0,696.5,248407,168453000.0,10738,,101812.0,40.99,new
GUJAPOLLO,EQ,2026-09-17,349.85,349.85,321.35,324.0,329.95,338.1,27067,8993000.0,812,,19512.0,72.09,new
GUJENERGY,EQ,2026-09-17,244.4,245.45,237.61,239.43,239.55,244.24,968254,232178000.00000003,30423,,464410.0,47.96,new
GUJRAFFIA,EQ,2026-09-17,40.23,43.4,39.99,40.91,41.0,40.23,11381,470000.0,106,,4805.0,42.22,new
GUJTHEM,EQ,2026-09-17,411.0,425.6,407.35,420.15,420.95,412.6,243862,102201000.0,11133,,119895.0,49.17,new
GULFOILLUB,EQ,2026-09-17,1064.1,1069.6,1042.0,1064.0,1065.0,1057.2,20716,22004000.0,3330,,11317.0,54.63,new
GULFPETRO,BE,2026-09-17,60.25,62.0,60.0,61.77,61.15,61.1,50775,3099000.0,325,,,,new
GULPOLY,EQ,2026-09-17,168.89,172.5,168.01,171.05,170.0,168.89,60537,10312000.0,2110,,30804.0,50.88,new
GURUNANAK,SM,2026-09-17,38.8,38.8,37.0,37.0,37.0,37.0,3200,121000.0,2,,3200.0,100.0,new
GVKPIL,BE,2026-09-17,2.37,2.37,2.37,2.37,2.37,2.33,695297,1648000.0,444,,,,new
GVPIL,EQ,2026-09-17,616.1,632.0,615.6,624.9,621.5,616.1,136464,85324000.0,5253,,64131.0,46.99,new
GVPTECH,BE,2026-09-17,7.51,7.73,7.27,7.4,7.35,7.65,38993,289000.0,242,,,,new
GVT&D,EQ,2026-09-17,4300.0,4394.3,4266.0,4341.0,4341.0,4267.0,504355,2187811000.0,35657,,213970.0,42.42,new
GYFTR,EQ,2026-09-17,180.5,180.82,174.15,176.12,174.15,178.11,12955,2311000.0,377,,7521.0,58.05,new
HAL,EQ,2026-09-17,4699.0,4799.0,4687.0,4788.0,4788.0,4695.6,528884,2515494000.0,42073,,185320.0,35.04,new
HALDER,EQ,2026-09-17,285.8,299.0,276.85,297.15,298.0,285.95,3156,914000.0,112,,2386.0,75.6,new
HALDYNGL,BE,2026-09-17,142.0,143.95,139.01,140.41,141.9,140.91,32509,4598000.0,154,,,,new
HALEOSLABS,EQ,2026-09-17,1508.0,1538.0,1490.0,1493.0,1490.0,1507.9,394,595000.0,40,,243.0,61.68,new
HAMPTON,EQ,2026-09-17,8.53,8.53,7.81,8.26,8.27,8.55,360061,2968000.0,184,,347333.0,96.47,new
HAPPSTMNDS,EQ,2026-09-17,325.35,328.75,323.8,327.9,328.3,327.45,388729,126841000.00000001,10219,,139301.0,35.83,new
HAPPY,SM,2026-09-17,81.05,84.5,77.0,77.7,78.35,82.9,130000,10453000.0,56,,104000.0,80.0,new
HAPPYFORGE,EQ,2026-09-17,2115.0,2177.9,2102.7,2143.2,2152.0,2155.9,56176,120393000.0,8560,,27453.0,48.87,new
HARDWYN,EQ,2026-09-17,9.09,9.12,9.0,9.07,9.05,9.04,367587,3329999.9999999995,432,,157704.0,42.9,new
HARIOMPIPE,EQ,2026-09-17,350.35,357.35,348.55,349.65,348.65,350.35,41104,14449000.0,2860,,24101.0,58.63,new
HARRMALAYA,EQ,2026-09-17,181.0,185.02,178.8,180.71,179.66,178.71,9047,1643000.0,287,,6861.0,75.84,new
HARSHA,EQ,2026-09-17,432.5,438.3,429.25,433.85,436.0,430.0,45447,19714000.0,2465,,21963.0,48.33,new
HATHWAY,EQ,2026-09-17,9.9,10.11,9.9,10.02,10.06,10.0,1428469,14311000.000000002,1869,,650748.0,45.56,new
HATSUN,EQ,2026-09-17,1213.7,1238.4,1170.0,1181.6,1178.0,1214.0,46126,55511000.0,6499,,18173.0,39.4,new
HAVELLS,EQ,2026-09-17,1089.9,1095.6,1083.5,1092.0,1092.0,1089.9,579925,631465000.0,38942,,338841.0,58.43,new
HAVISHA,EQ,2026-09-17,1.36,1.36,1.29,1.32,1.34,1.33,14026,19000.0,72,,11018.0,78.55,new
HAWKINCOOK,EQ,2026-09-17,8336.5,8375.0,8220.5,8251.5,8224.0,8296.5,1500,12431000.0,695,,901.0,60.07,new
HAZOOR,EQ,2026-09-17,18.5,19.08,18.32,18.55,18.55,18.51,146625,2731000.0,438,,103785.0,70.78,new
HBESD,EQ,2026-09-17,73.11,73.11,71.5,71.61,72.0,71.02,17,1000.0,7,,13.0,76.47,new
HBLENGINE,EQ,2026-09-17,710.8,759.1,707.7,756.75,758.0,704.65,8034626,5984826000.0,186117,,1309141.0,16.29,new
HBPOR,EQ,2026-09-17,64.75,64.75,60.21,61.49,63.18,62.3,2226,138000.0,57,,1297.0,58.27,new
HBSL,EQ,2026-09-17,52.0,53.99,52.0,53.33,53.92,52.24,1086,57999.99999999999,46,,874.0,80.48,new
HCC,EQ,2026-09-17,21.09,22.3,21.02,21.56,21.61,21.04,22120270,480684000.0,32887,,6940280.0,31.38,new
HCG,EQ,2026-09-17,678.3,697.95,671.4,687.15,695.0,674.15,514056,353159000.0,6834,,465281.0,90.51,new
HCL-INSYS,EQ,2026-09-17,10.0,10.2,9.98,10.08,10.05,10.0,122940,1239000.0,447,,69676.0,56.67,new
HCLTECH,EQ,2026-09-17,1242.2,1258.3,1235.3,1258.3,1258.3,1253.0,1386250,1727400999.9999998,48090,,597123.0,43.07,new
HDBFS,EQ,2026-09-17,674.0,688.7,672.0,681.45,682.0,678.0,387681,264673000.0,20726,,230372.0,59.42,new
HDFCAMC,EQ,2026-09-17,2378.1,2415.0,2378.1,2387.7,2387.7,2373.1,492465,1180275000.0,36631,,294746.0,59.85,new
HDFCBANK,EQ,2026-09-17,717.5,719.4,713.0,713.0,713.0,721.5,21543303,15419193000.0,239093,,12964010.0,60.18,new
HDFCBSE500,EQ,2026-09-17,35.86,37.1,35.86,36.67,36.64,36.59,666863,24376000.0,232,,610078.0,91.48,new
HDFCGOLD,EQ,2026-09-17,128.48,129.12,127.88,128.68,128.61,129.11,3431561,441084000.0,7536,,1971283.0,57.45,new
HDFCGROWTH,EQ,2026-09-17,114.95,115.8,114.92,115.6,115.8,115.2,7899,911999.9999999999,83,,3448.0,43.65,new
HDFCLIFE,EQ,2026-09-17,532.9,560.95,529.95,557.0,557.0,530.2,9374431,5196679000.0,135905,,3866103.0,41.24,new
HDFCLIQUID,EQ,2026-09-17,1078.2,1078.2,1078.18,1078.18,1078.19,1078.05,14392,15516999.999999998,119,,7883.0,54.77,new
HDFCLOWVOL,EQ,2026-09-17,19.89,20.05,19.81,20.0,20.05,19.8,4264,85000.0,54,,3011.0,70.61,new
HDFCMID150,EQ,2026-09-17,23.28,23.28,22.6,22.84,22.9,22.72,671075,15338000.0,1270,,372274.0,55.47,new
HDFCMOMENT,EQ,2026-09-17,30.08,30.44,29.49,30.36,30.26,30.09,142609,4321000.0,434,,71251.0,49.96,new
HDFCNEXT50,EQ,2026-09-17,72.13,73.17,71.92,73.05,72.99,72.13,93622,6794000.0,420,,31704.0,33.86,new
HDFCNIF100,EQ,2026-09-17,25.36,25.36,25.13,25.29,25.32,25.24,26558,671000.0,218,,16907.0,63.66,new
HDFCNIFBAN,EQ,2026-09-17,57.93,58.32,57.72,57.81,57.78,57.93,19963,1157000.0,295,,9037.0,45.27,new
HDFCNIFIT,EQ,2026-09-17,31.73,31.73,30.8,31.12,31.0,30.96,65039,2020000.0,232,,24574.0,37.78,new
HDFCNIFTY,EQ,2026-09-17,268.69,268.69,261.83,263.02,263.44,262.14,91285,24001000.0,881,,64218.0,70.35,new
HDFCNIMEG,EQ,2026-09-17,127.21,128.76,127.21,128.33,127.98,127.21,20678,2652000.0,142,,17952.0,86.82,new
HDFCPSUBK,EQ,2026-09-17,83.78,84.83,83.14,83.64,83.14,83.78,10748,902000.0,166,,6021.0,56.02,new
HDFCPVTBAN,EQ,2026-09-17,27.24,27.95,27.24,27.74,27.83,27.8,225252,6261000.0,283,,158086.0,70.18,new
HDFCQUAL,EQ,2026-09-17,56.65,56.98,56.54,56.92,56.54,56.71,8797,498000.00000000006,184,,7088.0,80.57,new
HDFCSENSEX,EQ,2026-09-17,84.65,84.94,84.19,84.77,84.5,84.78,27969,2364000.0,542,,14170.0,50.66,new
HDFCSILVER,EQ,2026-09-17,216.61,217.39,214.92,216.47,216.41,218.6,2385099,515338000.0,9417,,938166.0,39.33,new
HDFCSML250,EQ,2026-09-17,181.1,182.24,179.21,181.9,182.0,181.06,1665599,302119000.0,10719,,1278197.0,76.74,new
HDFCVALUE,EQ,2026-09-17,121.97,122.22,121.54,121.91,122.22,121.57,5105,622000.0,73,,2793.0,54.71,new
HDIL,BZ,2026-09-17,1.47,1.5,1.45,1.47,1.48,1.47,122704,180000.0,193,,,,new
HEADSUP,EQ,2026-09-17,7.19,7.2,6.61,6.97,6.91,6.89,5999,42000.0,221,,5243.0,87.4,new
HEALTHADD,EQ,2026-09-17,16.45,16.8,16.45,16.65,16.8,16.29,11028,183000.0,161,,6294.0,57.07,new
HEALTHAXIS,EQ,2026-09-17,165.48,168.22,165.48,167.94,167.94,165.48,2855,476999.99999999994,57,,1376.0,48.2,new
HEALTHCARE,EQ,2026-09-17,21.35,21.65,21.33,21.6,21.65,21.33,144250,3100000.0,164,,126766.0,87.88,new
HEALTHIETF,EQ,2026-09-17,166.98,172.0,165.31,170.03,170.44,166.98,169749,28736000.0,1106,,111988.0,65.97,new
HEALTHX,EQ,2026-09-17,298.1,303.65,295.0,300.0,300.0,298.1,1388,415000.00000000006,47,,1208.0,87.03,new
HEALTHY,EQ,2026-09-17,16.77,17.15,16.77,17.01,17.15,16.77,118781,2016000.0,704,,73842.0,62.17,new
HECPROJECT,EQ,2026-09-17,114.45,118.45,112.35,116.84,116.98,114.45,10820,1250000.0,155,,8350.0,77.17,new
HEG,BE,2026-09-17,216.0,225.8,215.6,225.8,225.8,215.05,1462653,328884000.0,6068,,,,new
HEIDELBERG,EQ,2026-09-17,141.0,142.0,140.4,141.57,141.26,141.2,69366,9808000.0,1453,,40294.0,58.09,new
HEMIPROP,EQ,2026-09-17,117.9,121.8,117.2,120.81,121.0,117.67,228607,27395999.999999996,2912,,124756.0,54.57,new
HERANBA,EQ,2026-09-17,163.3,166.26,163.3,165.78,166.1,163.31,15592,2576000.0,590,,8165.0,52.37,new
HERITGFOOD,EQ,2026-09-17,408.65,412.7,403.55,405.45,405.4,408.65,351623,143589000.0,12626,,136493.0,38.82,new
HEROMOTOCO,EQ,2026-09-17,5253.5,5341.0,5243.5,5325.0,5325.0,5235.0,536484,2850986000.0,63144,,300977.0,56.1,new
HESTERBIO,EQ,2026-09-17,2176.0,2276.9,2176.0,2245.8,2259.9,2207.7,5072,11347000.0,1058,,2146.0,42.31,new
HEXAGON,BE,2026-09-17,64.6,65.7,63.5,64.29,64.35,63.96,246881,15904000.0,480,,,,new
HEXATRADEX,EQ,2026-09-17,158.5,158.5,155.55,156.61,155.55,156.37,263,41000.0,44,,163.0,61.98,new
HEXT,EQ,2026-09-17,522.0,528.0,515.1,526.45,526.9,522.75,107306,56207000.00000001,7905,,46385.0,43.23,new
HFCL,BE,2026-09-17,208.9,216.0,205.1,209.45,210.01,212.91,6140528,1294122000.0,34056,,,,new
HGINFRA,EQ,2026-09-17,463.15,472.0,460.0,460.65,460.15,461.5,60479,28116000.000000004,5846,,25950.0,42.91,new
HGM,EQ,2026-09-17,46.3,48.74,45.46,47.79,46.34,46.81,5019,234000.0,115,,4598.0,91.61,new
HGS,EQ,2026-09-17,382.5,392.0,382.5,386.35,384.0,386.05,20717,7994000.0,690,,12452.0,60.11,new
HIGREEN,SM,2026-09-17,119.0,119.0,117.5,117.7,117.5,120.0,16000,1898999.9999999998,18,,13600.0,85.0,new
HIKAL,EQ,2026-09-17,222.23,231.35,219.95,225.29,225.0,224.38,647006,146307000.0,15200,,160128.0,24.75,new
HILINFRA,EQ,2026-09-17,45.6,45.9,43.0,43.07,43.0,43.83,203378,9060000.0,1644,,75801.0,37.27,new
HILTON,EQ,2026-09-17,17.97,17.97,16.8,17.01,17.0,17.52,195711,3346000.0,760,,119462.0,61.04,new
HIMATSEIDE,EQ,2026-09-17,64.61,65.88,63.2,63.65,63.47,64.76,524957,33709000.0,3941,,348993.0,66.48,new
HINDADH,EQ,2026-09-17,384.95,384.95,370.45,376.8,375.6,378.45,1555,586000.0,126,,1398.0,89.9,new
HINDALCO,EQ,2026-09-17,972.0,987.2,970.5,980.5,980.5,972.7,2724042,2670898000.0,60975,,1712352.0,62.86,new
HINDALUMI,EQ,2026-09-17,94.76,95.2,89.0,93.7,93.99,93.83,4653,433000.0,225,,3748.0,80.55,new
HINDCOMPOS,EQ,2026-09-17,374.0,382.95,365.1,369.9,371.0,374.3,5364,2009000.0,832,,3214.0,59.92,new
HINDCON,EQ,2026-09-17,24.5,24.5,21.96,23.73,23.51,23.76,59869,1405000.0,493,,39159.0,65.41,new
HINDCOPPER,EQ,2026-09-17,485.0,489.3,480.7,485.5,486.2,481.6,4690266,2275491000.0,58982,,1794928.0,38.27,new
HINDOILEXP,EQ,2026-09-17,180.89,184.5,177.5,180.95,180.3,180.44,701322,127109999.99999999,10666,,250082.0,35.66,new
HINDPETRO,EQ,2026-09-17,352.25,353.65,350.35,350.6,350.6,350.05,2170850,763666000.0,22639,,1391729.0,64.11,new
HINDUNILVR,EQ,2026-09-17,1962.0,1968.9,1942.2,1942.2,1942.2,1962.0,1171388,2291643000.0,38583,,765786.0,65.37,new
HINDWAREAP,EQ,2026-09-17,171.5,177.69,171.5,176.95,176.7,171.93,51983,9148000.0,1977,,30226.0,58.15,new
HINDZINC,EQ,2026-09-17,562.9,574.65,562.8,572.3,572.3,567.5,3019909,1723575000.0,39400,,1718089.0,56.89,new
HIRECT,EQ,2026-09-17,1182.6,1218.7,1180.5,1211.9,1218.0,1182.6,27111,32645000.0,2736,,10421.0,38.44,new
HISARMETAL,EQ,2026-09-17,161.0,161.0,153.35,155.38,153.35,155.5,2683,422000.0,46,,2585.0,96.35,new
HITECH,EQ,2026-09-17,73.36,74.2,73.01,73.74,73.75,73.36,205046,15109000.0,2755,,99402.0,48.48,new
HITECHCORP,BE,2026-09-17,320.5,336.4,320.5,331.8,331.8,330.5,4656,1523000.0,58,,,,new
HITECHGEAR,BE,2026-09-17,546.0,546.0,527.5,540.7,540.8,527.5,1284,690000.0,44,,,,new
HLEGLAS,EQ,2026-09-17,419.0,429.9,412.35,415.65,414.1,416.85,279777,117260999.99999999,12676,,67161.0,24.01,new
HLVLTD,EQ,2026-09-17,6.85,6.85,6.6,6.66,6.67,6.79,167732,1127000.0,663,,99149.0,59.11,new
HMAAGRO,EQ,2026-09-17,23.04,23.57,22.6,23.08,23.01,23.04,1986317,46137000.0,6493,,676991.0,34.08,new
HMT,BZ,2026-09-17,62.0,62.0,60.75,60.82,61.44,61.79,6548,401000.0,80,,,,new
HMVL,BE,2026-09-17,78.31,78.95,76.8,77.34,77.07,78.31,2221,172000.0,64,,,,new
HNDFDS,EQ,2026-09-17,610.5,624.8,603.65,620.35,616.0,606.45,79247,48877000.0,3408,,46306.0,58.43,new
HNGSNGBEES,EQ,2026-09-17,464.0,466.44,460.0,462.97,463.01,464.42,69972,32429000.000000004,3637,,46570.0,66.56,new
HOACFOODS,ST,2026-09-17,859.6,859.6,859.6,859.6,859.6,877.1,3750,3224000.0,6,,3750.0,100.0,new
HOLMARC,SM,2026-09-17,110.0,110.0,110.0,110.0,110.0,110.0,750,83000.0,1,,750.0,100.0,new
HOMEFIRST,EQ,2026-09-17,1166.0,1177.0,1163.4,1173.3,1175.0,1175.9,175024,204817000.0,8180,,123554.0,70.59,new
HONASA,EQ,2026-09-17,471.8,471.8,458.1,460.1,458.5,469.3,530588,245915000.0,19437,,192062.0,36.2,new
HONAUT,EQ,2026-09-17,33730.0,34140.0,33730.0,33915.0,33965.0,33895.0,1049,35602000.0,821,,400.0,38.13,new
HONDAPOWER,EQ,2026-09-17,1939.9,1959.9,1910.0,1934.1,1945.0,1922.9,1924,3713000.0000000005,418,,796.0,41.37,new
HORIZONIND,EQ,2026-09-17,52.9,53.2,52.0,52.17,52.1,52.91,1812188,95190000.0,10075,,1019776.0,56.27,new
HPAL,EQ,2026-09-17,36.0,36.0,34.36,34.83,35.0,35.64,37616,1311000.0,556,,22750.0,60.48,new
HPIL,EQ,2026-09-17,120.0,120.0,117.55,117.86,117.55,120.0,292,35000.0,49,,258.0,88.36,new
HPL,EQ,2026-09-17,279.0,282.5,278.0,280.4,280.95,278.0,55484,15531000.0,3380,,27853.0,50.2,new
HPTL,SM,2026-09-17,413.0,413.4,413.0,413.4,413.4,393.75,15000,6201000.0,18,,15000.0,100.0,new
HRHNEXT,SM,2026-09-17,25.55,25.55,25.55,25.55,25.55,24.4,7500,192000.0,1,,7500.0,100.0,new
HRYNSHP,EQ,2026-09-17,101.9,101.9,96.0,97.5,97.5,100.0,1654,161000.0,56,,1559.0,94.26,new
HSBCGOLD,EQ,2026-09-17,131.51,132.0,129.05,130.65,130.56,131.51,27776,3620000.0000000005,96,,22766.0,81.96,new
HSCL,EQ,2026-09-17,655.0,661.8,648.15,653.35,653.0,652.8,1154408,754894000.0,22422,,389364.0,33.73,new
HTEL,EQ,2026-09-17,75.71,76.7,68.22,72.05,71.9,74.21,3416086,243601000.00000003,32683,,1303710.0,38.16,new
HTMEDIA,EQ,2026-09-17,23.6,24.5,22.9,24.0,24.02,22.99,202958,4801000.0,543,,162204.0,79.92,new
HUBTOWN,EQ,2026-09-17,175.0,179.99,173.01,173.76,173.01,176.39,279204,48886000.0,3177,,187700.0,67.23,new
HUDCO,EQ,2026-09-17,169.73,173.03,167.05,169.55,169.65,169.73,2067656,350443000.0,25876,,985969.0,47.69,new
HUHTAMAKI,EQ,2026-09-17,242.3,248.1,242.0,243.6,243.95,243.05,92484,22605000.0,3328,,42471.0,45.92,new
HVAX,SM,2026-09-17,660.0,677.95,660.0,674.15,677.95,646.15,1350,909000.0,9,,1200.0,88.89,new
HYBRIDETF,EQ,2026-09-17,9.97,9.97,9.87,9.94,9.94,9.88,19385,193000.0,46,,18561.0,95.75,new
HYBRIDFIN,BE,2026-09-17,16.25,16.67,16.2,16.23,16.21,16.21,1596,26000.0,20,,,,new
HYUNDAI,EQ,2026-09-17,2150.0,2232.1,2143.0,2160.0,2160.0,2155.0,686888,1504524000.0,33736,,320733.0,46.69,new
IBLFL,SM,2026-09-17,61.0,61.0,61.0,61.0,61.0,61.0,2000,122000.0,1,,2000.0,100.0,new
IBULLSLTD,EQ,2026-09-17,28.7,30.18,28.31,29.65,29.51,28.79,30372525,900881000.0,27873,,17385332.0,57.24,new
ICDSLTD,BE,2026-09-17,60.53,60.53,57.52,58.8,58.15,60.53,4947,295000.0,42,,,,new
ICELCO,SM,2026-09-17,115.3,125.4,115.1,121.5,121.5,117.0,36000,4364000.0,18,,28800.0,80.0,new
ICEMAKE,EQ,2026-09-17,676.0,689.7,664.9,668.9,670.1,671.8,39574,26679000.000000004,7712,,23961.0,60.55,new
ICICIAMC,EQ,2026-09-17,3070.5,3108.8,3022.0,3098.0,3085.0,3086.3,245387,752062000.0,25418,,103991.0,42.38,new
ICICIB22,EQ,2026-09-17,111.0,112.63,110.2,112.0,111.7,111.78,130930,14696000.0,2210,,71110.0,54.31,new
ICICIBANK,EQ,2026-09-17,1352.0,1363.0,1347.6,1347.6,1347.6,1358.8,7867524,10651088000.0,119927,,5241775.0,66.63,new
ICICIGI,EQ,2026-09-17,1440.0,1498.1,1435.5,1486.7,1486.7,1440.0,728137,1077657000.0,28745,,332801.0,45.71,new
ICICIPRULI,EQ,2026-09-17,470.0,496.9,468.75,490.5,490.5,470.0,2550650,1246891000.0,88022,,996683.0,39.08,new
ICIL,EQ,2026-09-17,431.95,440.3,428.15,435.5,434.0,431.95,467590,202525000.0,15235,,231522.0,49.51,new
ICRA,EQ,2026-09-17,4620.0,4634.2,4575.0,4584.6,4580.0,4610.0,23752,109211999.99999999,8921,,16037.0,67.52,new
IDBI,EQ,2026-09-17,82.7,83.6,81.6,81.89,81.94,82.95,6835313,562388000.0,24871,,2678558.0,39.19,new
IDEA,EQ,2026-09-17,14.25,14.43,14.17,14.22,14.22,14.26,186454612,2663124000.0,404029,,40757687.0,21.86,new
IDEAFORGE,EQ,2026-09-17,709.0,732.0,705.55,717.95,712.6,702.35,163153,117663000.00000001,10693,,72535.0,44.46,new
IDEALTECHO,SM,2026-09-17,93.55,99.0,92.8,92.8,92.8,116.0,10000,948000.0,9,,6000.0,60.0,new
IDENTICAL,SM,2026-09-17,18.0,18.0,18.0,18.0,18.0,18.0,2000,36000.0,1,,2000.0,100.0,new
IDFCFIRSTB,EQ,2026-09-17,84.75,86.49,84.53,86.33,86.33,85.01,16998554,1457066000.0,45543,,9072783.0,53.37,new
IDFNIFTYET,EQ,2026-09-17,256.3,258.71,256.3,257.03,257.0,256.51,1001,256999.99999999997,33,,865.0,86.41,new
IEML,ST,2026-09-17,41.6,41.7,40.15,41.35,41.5,41.2,65000,2652000.0,35,,60500.0,93.08,new
IEX,EQ,2026-09-17,111.82,113.85,111.61,113.4,113.4,112.0,2083997,235696999.99999997,24781,,928092.0,44.53,new
IFBAGRO,EQ,2026-09-17,861.8,873.6,855.0,865.15,865.0,861.4,1829,1573000.0,157,,1298.0,70.97,new
IFBIND,EQ,2026-09-17,1249.0,1261.8,1209.6,1217.9,1219.0,1241.9,39470,48450000.0,4840,,18664.0,47.29,new
IFCI,EQ,2026-09-17,75.21,80.97,75.21,77.09,77.05,75.06,176897944,13756449000.0,419942,,22795457.0,12.89,new
IFGLEXPOR,EQ,2026-09-17,198.27,204.97,196.11,197.64,196.93,198.27,25285,5069000.0,1083,,9910.0,39.19,new
IGARASHI,EQ,2026-09-17,428.0,436.9,426.0,428.8,428.0,428.4,91945,39619000.0,4054,,21429.0,23.31,new
IGCL,EQ,2026-09-17,66.0,67.0,65.05,66.22,66.05,65.27,69026,4552000.0,1755,,33089.0,47.94,new
IGIL,EQ,2026-09-17,316.85,317.95,311.8,314.9,316.0,314.4,308581,96917000.0,13893,,200494.0,64.97,new
IGL,EQ,2026-09-17,148.66,149.67,147.9,148.67,148.49,148.77,876042,130268000.0,28827,,474024.0,54.11,new
IGPL,EQ,2026-09-17,536.9,557.7,534.75,554.55,554.9,533.3,69270,38099000.0,3497,,31939.0,46.11,new
IIFL,EQ,2026-09-17,585.0,604.9,585.0,596.55,594.7,585.7,2722029,1621704000.0,58170,,1606245.0,59.01,new
IIFLCAPS,EQ,2026-09-17,335.05,337.85,335.05,336.95,337.0,335.6,138772,46740000.0,7317,,104558.0,75.35,new
IITL,EQ,2026-09-17,148.8,150.14,146.01,148.03,149.94,147.77,92382,13778000.0,565,,8353.0,9.04,new
IKIO,EQ,2026-09-17,201.9,207.89,201.9,205.83,206.1,202.78,193161,39758000.0,4135,,86181.0,44.62,new
IKS,EQ,2026-09-17,1743.5,1771.1,1712.7,1728.9,1721.0,1752.0,119965,207892000.0,16442,,70706.0,58.94,new
IL&FSENGG,BZ,2026-09-17,39.97,40.05,39.0,39.0,39.0,39.93,32441,1285000.0,48,,,,new
IL&FSTRANS,BZ,2026-09-17,1.95,1.98,1.87,1.91,1.91,1.95,92978,176000.0,87,,,,new
IMAGICAA,EQ,2026-09-17,53.3,53.32,50.7,51.18,51.0,52.99,1598718,82397000.0,9478,,511396.0,31.99,new
IMFA,EQ,2026-09-17,1241.5,1295.9,1241.5,1273.7,1266.0,1246.1,89810,114355000.0,9234,,38660.0,43.05,new
IMPAL,EQ,2026-09-17,1065.0,1095.9,1064.1,1077.7,1081.5,1065.0,1046,1125000.0,151,,751.0,71.8,new
IMPEXFERRO,BZ,2026-09-17,5.48,5.48,5.48,5.48,5.48,5.38,27947,153000.0,44,,,,new
INA,EQ,2026-09-17,86.6,89.0,86.48,87.38,87.7,86.95,409068,35902000.0,3087,,188741.0,46.14,new
INCREDIBLE,EQ,2026-09-17,32.5,34.89,32.03,33.31,33.65,32.79,2277,77000.0,138,,1637.0,71.89,new
INDBANK,EQ,2026-09-17,26.2,26.22,25.5,25.66,25.89,25.68,31098,802000.0,439,,23245.0,74.75,new
INDGN,EQ,2026-09-17,572.9,594.2,568.8,591.75,590.0,573.2,272889,159914000.0,15544,,147212.0,53.95,new
INDHOTEL,EQ,2026-09-17,713.4,729.8,712.55,726.65,726.65,713.4,1698327,1227830000.0,36954,,1020111.0,60.07,new
INDIACEM,EQ,2026-09-17,334.65,359.4,334.55,351.7,356.5,334.65,1540460,542368000.0,32888,,89948.0,5.84,new
INDIAGLYCO,EQ,2026-09-17,255.4,268.9,245.0,248.7,250.0,266.2,924594,234363000.0,16343,,396205.0,42.85,new
INDIAMART,EQ,2026-09-17,1707.9,1718.8,1652.0,1662.7,1654.0,1706.3,82888,139001000.0,13125,,37602.0,45.36,new
INDIANB,EQ,2026-09-17,842.0,856.4,839.0,840.5,840.5,840.0,539598,456487000.0,23208,,164635.0,30.51,new
INDIANCARD,EQ,2026-09-17,225.0,225.0,208.01,209.0,209.0,214.96,374,80000.0,33,,339.0,90.64,new
INDIANHUME,EQ,2026-09-17,349.85,361.0,349.85,354.85,354.0,349.0,39998,14252000.000000002,1574,,9614.0,24.04,new
INDIASHLTR,EQ,2026-09-17,655.0,676.9,655.0,670.2,673.7,661.6,90331,60537000.0,7212,,60744.0,67.25,new
INDIFRA,SM,2026-09-17,12.25,12.25,12.25,12.25,12.25,12.85,2000,25000.0,1,,2000.0,100.0,new
INDIGO,EQ,2026-09-17,4746.5,4855.5,4746.5,4845.0,4845.0,4733.5,509638,2453996000.0,45272,,249680.0,48.99,new
INDIGOPNTS,EQ,2026-09-17,1075.2,1106.5,1075.2,1098.9,1090.0,1081.6,37930,41422000.0,6280,,19203.0,50.63,new
INDIGRID,IV,2026-09-17,173.99,174.98,172.37,173.12,173.0,173.32,378343,65582000.00000001,9448,,333840.0,88.24,new
INDIQUBE,EQ,2026-09-17,200.17,208.0,197.18,202.45,200.0,200.15,77034,15556000.0,1879,,42318.0,54.93,new
INDNIPPON,EQ,2026-09-17,1231.0,1308.8,1231.0,1262.1,1256.0,1240.5,83039,105758999.99999999,9809,,30604.0,36.85,new
INDOAMIN,BE,2026-09-17,122.5,125.0,121.25,123.57,124.98,123.06,26463,3269000.0,192,,,,new
INDOBORAX,EQ,2026-09-17,472.0,479.0,464.3,466.75,465.85,470.3,49008,23070000.0,3268,,17706.0,36.13,new
INDOCO,EQ,2026-09-17,254.0,259.65,251.47,254.44,253.64,254.0,288596,73713000.0,7768,,77823.0,26.97,new
INDOFARM,EQ,2026-09-17,132.9,138.9,132.76,135.07,135.3,132.92,148699,20239000.0,2500,,80032.0,53.82,new
INDOKEM,EQ,2026-09-17,600.0,666.9,600.0,643.15,638.7,606.55,28640,18333000.0,1134,,17859.0,62.36,new
INDOMIM,EQ,2026-09-17,955.0,1008.0,946.1,993.2,990.9,946.1,2152019,2118357000.0,78483,,703203.0,32.68,new
INDORAMA,EQ,2026-09-17,85.46,91.4,84.5,89.19,89.0,85.6,1774157,157712000.0,19581,,550258.0,31.02,new
INDOSTAR,EQ,2026-09-17,228.76,235.44,225.0,229.49,227.0,226.17,86324,19773000.0,1984,,48305.0,55.96,new
INDOTECH,EQ,2026-09-17,3355.0,3470.7,3328.0,3411.4,3415.0,3373.3,8711,29822000.000000004,2417,,5420.0,62.22,new
INDOTHAI,EQ,2026-09-17,35.32,38.0,35.32,35.32,35.32,37.17,4917046,176135000.0,8572,,2255051.0,45.86,new
INDOUS,EQ,2026-09-17,78.92,81.56,77.55,79.34,79.6,77.16,5325,423000.00000000006,228,,3176.0,59.64,new
INDOWIND,EQ,2026-09-17,9.09,9.09,8.83,8.93,8.83,8.95,60616,546000.0,325,,34843.0,57.48,new
INDPRUD,EQ,2026-09-17,6250.0,6280.5,6125.0,6273.5,6275.0,6240.0,12,75000.0,9,,8.0,66.67,new
INDRAMEDCO,EQ,2026-09-17,358.0,367.6,356.0,363.65,363.25,356.55,161344,58661000.0,6303,,86250.0,53.46,new
INDSWFTLAB,EQ,2026-09-17,362.55,386.2,362.45,378.25,379.7,363.9,545009,206611000.0,12185,,179227.0,32.89,new
INDTERRAIN,EQ,2026-09-17,30.5,30.5,28.5,28.9,28.99,30.29,75171,2172000.0,587,,64585.0,85.92,new
INDUSINDBK,EQ,2026-09-17,946.0,970.7,945.2,958.2,958.2,946.5,3973540,3820706000.0,65893,,2291289.0,57.66,new
INDUSINVIT,IV,2026-09-17,131.9,132.82,131.47,131.94,131.95,131.47,71291,9415000.0,4861,,43889.0,61.56,new
INDUSTOWER,EQ,2026-09-17,377.1,384.75,377.1,381.35,381.35,375.6,3756136,1430224000.0,45600,,2115299.0,56.32,new
INFINIUM,SM,2026-09-17,278.5,278.5,278.5,278.5,278.5,268.0,500,139000.0,1,,500.0,100.0,new
INFLUX,SM,2026-09-17,274.0,284.0,274.0,283.95,284.0,274.0,9600,2679000.0,16,,6600.0,68.75,new
INFOBEAN,EQ,2026-09-17,151.28,151.95,149.15,150.41,149.62,150.98,155586,23401000.0,2455,,65377.0,42.02,new
INFOLLION,SM,2026-09-17,155.9,156.95,152.0,156.5,156.95,155.9,8800,1359000.0,19,,5600.0,63.64,new
INFOMEDIA,EQ,2026-09-17,5.49,5.7,5.13,5.29,5.42,5.5,28410,155000.0,72,,24268.0,85.42,new
INFRA,EQ,2026-09-17,11.58,11.7,11.56,11.67,11.66,11.56,38972,454000.0,119,,28665.0,73.55,new
INFRABEES,EQ,2026-09-17,930.64,933.97,924.03,928.63,933.6,926.01,6160,5715000.0,485,,2544.0,41.3,new
INFRAIETF,EQ,2026-09-17,92.21,92.62,91.95,92.3,92.0,91.87,356586,32974000.0,2488,,325212.0,91.2,new
INFY,EQ,2026-09-17,1054.9,1063.6,1048.6,1058.6,1058.6,1060.0,5469865,5773984000.0,91857,,2572662.0,47.03,new
INGERRAND,EQ,2026-09-17,4261.9,4351.9,4211.0,4225.2,4211.0,4261.9,21488,91577000.0,4753,,10820.0,50.35,new
INM,SM,2026-09-17,165.0,165.0,152.05,152.05,152.05,163.0,7200,1180000.0,11,,6600.0,91.67,new
INNOMET,ST,2026-09-17,289.0,289.0,283.75,283.75,283.75,289.5,13200,3764000.0,19,,13200.0,100.0,new
INNOVACAP,EQ,2026-09-17,1125.0,1163.9,1125.0,1149.5,1146.0,1133.4,33762,38954000.0,8574,,16651.0,49.32,new
INNOVANA,EQ,2026-09-17,319.0,319.0,296.3,298.95,300.0,301.3,42632,12792000.0,1007,,16862.0,39.55,new
INNOVISION,EQ,2026-09-17,252.5,257.9,252.5,254.45,256.4,255.45,10819,2756000.0,659,,6592.0,60.93,new
INOXGREEN,EQ,2026-09-17,172.0,175.94,172.0,174.64,174.75,173.11,388779,67725000.0,3748,,148816.0,38.28,new
INOXINDIA,EQ,2026-09-17,1995.0,2063.1,1990.1,2014.8,2028.0,1978.9,339125,685158000.0,51553,,120089.0,35.41,new
INOXWIND,EQ,2026-09-17,74.45,75.25,73.56,74.1,74.1,74.5,5711983,424176000.0,17120,,2111486.0,36.97,new
INSECTICID,EQ,2026-09-17,595.2,603.0,591.1,598.85,595.9,595.2,6994,4184000.0000000005,763,,3874.0,55.39,new
INSPIRISYS,EQ,2026-09-17,83.99,86.39,83.0,84.44,85.28,83.31,2811,237000.0,80,,2076.0,73.85,new
INSUREIETF,EQ,2026-09-17,14.72,15.31,14.69,15.09,15.06,14.73,1516024,22974000.0,190,,961697.0,63.44,new
INTEGRITY,SM,2026-09-17,175.0,175.0,171.05,171.05,171.05,175.0,8400,1465000.0,3,,8400.0,100.0,new
INTELLECT,EQ,2026-09-17,660.6,663.7,649.0,651.3,652.0,659.45,235066,153889000.0,18131,,120982.0,51.47,new
INTENTECH,EQ,2026-09-17,76.1,77.8,76.1,77.45,77.5,76.43,9506,734000.0,294,,8630.0,90.78,new
INTERARCH,EQ,2026-09-17,1672.0,1703.7,1660.8,1692.2,1701.0,1660.8,19650,33147000.000000004,2884,,10994.0,55.95,new
INTERNET,EQ,2026-09-17,14.53,14.56,14.43,14.45,14.44,14.46,96126,1393000.0,167,,74849.0,77.87,new
INTLCONV,EQ,2026-09-17,75.4,77.7,75.18,76.49,77.7,75.39,18930,1447000.0,977,,10170.0,53.72,new
INVENTURE,EQ,2026-09-17,0.89,0.91,0.89,0.89,0.9,0.88,770998,692000.0,348,,497593.0,64.54,new
INVICTA,SM,2026-09-17,64.5,66.0,64.5,66.0,66.0,65.1,3200,209000.0,2,,3200.0,100.0,new
INVPRECQ,BE,2026-09-17,1325.0,1349.0,1325.0,1349.0,1349.0,1350.2,5400,7202000.0,65,,,,new
IOB,EQ,2026-09-17,32.0,32.5,32.0,32.1,32.1,32.09,1111582,35765000.0,7881,,463682.0,41.71,new
IOC,EQ,2026-09-17,134.9,135.33,134.0,134.27,134.27,134.75,5640680,758457000.0,55608,,3449248.0,61.15,new
IOLCP,EQ,2026-09-17,195.05,199.39,189.37,197.49,197.9,194.57,3478408,680129000.0,38983,,1029556.0,29.6,new
IONEXCHANG,EQ,2026-09-17,424.75,435.7,420.85,424.35,425.5,426.25,260929,111514000.00000001,15947,,102022.0,39.1,new
IPCALAB,EQ,2026-09-17,1940.0,2014.0,1937.9,1970.3,1977.8,1950.7,555590,1096201000.0,66874,,257023.0,46.26,new
IPHL,SM,2026-09-17,72.4,72.4,71.0,71.05,71.05,72.55,9600,684000.0,7,,9600.0,100.0,new
IPL,EQ,2026-09-17,135.02,139.95,135.02,138.69,139.38,137.77,827932,113939000.00000001,10341,,185496.0,22.4,new
IPRINGLTD,EQ,2026-09-17,140.2,146.0,137.0,137.0,137.0,138.34,3379,473000.00000000006,56,,3011.0,89.11,new
IRB,EQ,2026-09-17,19.1,19.14,18.8,18.85,18.88,19.05,7312859,138269000.0,17408,,3893419.0,53.24,new
IRBINVIT,IV,2026-09-17,64.0,64.1,63.61,63.85,63.95,63.93,251849,16079000.0,3164,,211202.0,83.86,new
IRCON,EQ,2026-09-17,108.5,110.63,106.8,107.86,108.12,108.51,2796585,302772000.0,31033,,1067921.0,38.19,new
IRCTC,EQ,2026-09-17,454.0,458.4,452.15,457.0,457.9,452.95,413859,188875000.0,19096,,186943.0,45.17,new
IREDA,EQ,2026-09-17,108.38,109.74,108.13,108.99,108.99,108.4,2634033,287398000.0,19493,,1097971.0,41.68,new
IRFC,EQ,2026-09-17,79.3,79.92,78.65,79.31,79.31,78.95,6486276,513658000.0,38241,,2855269.0,44.02,new
IRIS,EQ,2026-09-17,238.89,241.7,235.0,237.13,236.1,234.84,10126,2404000.0,489,,6849.0,67.64,new
IRISDOREME,EQ,2026-09-17,58.36,63.5,58.02,62.55,62.7,58.18,1031078,63413000.0,3075,,340400.0,33.01,new
IRMENERGY,EQ,2026-09-17,264.15,270.0,264.0,269.1,270.0,264.15,24570,6589000.0,1623,,11065.0,45.03,new
ISFT,EQ,2026-09-17,77.0,90.26,76.34,90.26,90.26,75.22,226945,19315000.0,3235,,64441.0,28.39,new
ISGEC,EQ,2026-09-17,759.0,774.05,755.0,769.6,760.25,759.05,30853,23584000.0,3593,,16360.0,53.03,new
ISHAN,SM,2026-09-17,0.5,0.5,0.5,0.5,0.5,0.5,48000,24000.0,1,,48000.0,100.0,new
ISHANCH,EQ,2026-09-17,48.9,53.4,46.02,49.43,50.0,47.12,124149,6171000.0,1522,,60304.0,48.57,new
ISTLTD,EQ,2026-09-17,650.0,687.9,650.0,683.9,674.45,650.0,1403,947000.0000000001,108,,1287.0,91.73,new
IT,EQ,2026-09-17,32.25,32.81,32.05,32.49,32.51,32.25,160242,5186000.0,669,,62724.0,39.14,new
ITADD,EQ,2026-09-17,30.89,31.04,30.6,30.93,30.99,30.89,2978,92000.0,69,,1775.0,59.6,new
ITALIANE,SM,2026-09-17,31.0,31.0,31.0,31.0,31.0,31.0,2000,62000.0,1,,2000.0,100.0,new
ITAXIS,EQ,2026-09-17,319.0,323.17,318.1,320.02,318.1,320.41,609,195000.0,37,,239.0,39.24,new
ITBEES,EQ,2026-09-17,32.3,33.1,31.9,32.39,32.46,32.3,8324681,268713000.0,11726,,2776683.0,33.35,new
ITBETA,EQ,2026-09-17,304.57,309.4,304.17,309.39,309.39,305.8,1071,329000.0,17,,935.0,87.3,new
ITC,EQ,2026-09-17,264.8,268.5,264.1,266.2,266.2,264.15,13365227,3556847000.0,102348,,6295955.0,47.11,new
ITCHOTELS,EQ,2026-09-17,153.39,154.95,153.01,154.33,154.45,153.39,866754,133709999.99999999,21150,,420297.0,48.49,new
ITDC,EQ,2026-09-17,657.9,670.9,654.6,662.7,660.0,656.75,91658,60657000.00000001,6629,,17955.0,19.59,new
ITETF,EQ,2026-09-17,30.92,31.16,30.55,30.84,30.97,30.8,357330,11036000.0,646,,104832.0,29.34,new
ITI,EQ,2026-09-17,255.0,257.3,253.5,255.3,255.1,255.5,128700,32839000.0,5362,,61381.0,47.69,new
ITIETF,EQ,2026-09-17,32.24,32.7,32.04,32.46,32.45,32.27,298904,9646000.0,1021,,114643.0,38.35,new
ITL,EQ,2026-09-17,370.0,371.4,360.0,362.5,362.9,367.7,411,150000.0,47,,248.0,60.34,new
IVALUE,EQ,2026-09-17,231.94,231.94,226.0,228.08,229.48,230.45,36434,8341000.0,1587,,22915.0,62.89,new
IVC,EQ,2026-09-17,7.95,7.95,7.64,7.85,7.88,7.76,264012,2064999.9999999998,803,,179137.0,67.85,new
IVP,BE,2026-09-17,212.42,217.4,211.01,214.71,214.1,210.42,18661,4001000.0,120,,,,new
IVZBANKNF,EQ,2026-09-17,56.26,56.29,55.94,55.99,55.99,56.07,962,54000.0,10,,960.0,99.79,new
IVZINGOLD,EQ,2026-09-17,131.4,131.5,130.1,131.1,130.85,131.6,47400,6207000.0,301,,40811.0,86.1,new
IVZINNIFTY,EQ,2026-09-17,267.25,268.37,266.38,267.52,267.52,267.21,573,153000.0,31,,512.0,89.35,new
IVZSENSEX,EQ,2026-09-17,75.29,75.29,74.4,74.6,74.6,74.55,1385,103000.0,17,,1383.0,99.86,new
IWARE,ST,2026-09-17,400.0,411.45,383.2,409.75,411.45,403.35,43800,17061000.0,69,,32400.0,73.97,new
IWP,EQ,2026-09-17,34.5,35.95,34.5,34.71,34.71,34.5,8869,312000.0,186,,7850.0,88.51,new
IXIGO,EQ,2026-09-17,160.54,160.76,157.8,160.06,160.3,160.53,904962,144307000.0,18853,,577570.0,63.82,new
IZMO,EQ,2026-09-17,888.0,959.5,878.45,913.25,916.9,880.0,273818,254534000.0,17676,,81559.0,29.79,new
J&KBANK,EQ,2026-09-17,147.55,150.57,146.45,147.28,147.6,147.66,1641221,243217000.0,32643,,645080.0,39.3,new
JAGRAN,EQ,2026-09-17,61.62,62.0,61.25,61.96,62.0,61.22,85935,5308000.0,1159,,52103.0,60.63,new
JAGSNPHARM,EQ,2026-09-17,228.47,228.84,221.8,227.24,226.1,228.28,43798,9914000.0,2166,,23301.0,53.2,new
JAIBALAJI,EQ,2026-09-17,64.0,64.25,61.9,63.81,63.52,64.05,311592,19805000.0,2000,,210642.0,67.6,new
JAICORPLTD,EQ,2026-09-17,92.0,93.59,91.92,93.17,93.59,92.63,241766,22467000.0,3390,,73155.0,30.26,new
JAINIK,ST,2026-09-17,200.0,200.0,199.5,199.5,199.5,200.0,61200,12210000.0,2,,61200.0,100.0,new
JAINREC,EQ,2026-09-17,275.05,277.25,271.8,274.05,274.0,274.8,478999,131478000.0,12456,,207816.0,43.39,new
JAIPURKURT,EQ,2026-09-17,24.98,24.98,24.12,24.74,24.21,24.49,587,15000.0,23,,568.0,96.76,new
JAKHARIA,ST,2026-09-17,59.5,59.5,59.5,59.5,59.5,60.0,55200,3284000.0000000005,1,,55200.0,100.0,new
JALAN,ST,2026-09-17,1.75,1.75,1.75,1.75,1.75,1.75,3000,5000.0,1,,3000.0,100.0,new
JAMNAAUTO,EQ,2026-09-17,127.31,130.9,126.55,126.96,127.0,128.55,973266,124919000.0,21523,,394668.0,40.55,new
JARO,EQ,2026-09-17,470.0,485.15,466.15,471.05,472.0,467.95,148954,71129000.0,5644,,38709.0,25.99,new
JASH,EQ,2026-09-17,492.95,517.1,482.0,514.0,514.0,488.9,159181,80530000.0,12404,,77211.0,48.51,new
JAYAGROGN,EQ,2026-09-17,234.8,238.79,223.85,225.41,227.64,231.66,8582,1978000.0,441,,4646.0,54.14,new
JAYBARMARU,EQ,2026-09-17,112.05,115.1,110.4,113.4,113.8,113.02,205988,23182000.0,3315,,97458.0,47.31,new
JAYBEE,SM,2026-09-17,82.0,86.0,80.0,81.35,81.55,82.55,34500,2857000.0,59,,26000.0,75.36,new
JAYESH,SM,2026-09-17,133.45,133.9,128.6,130.85,128.6,125.2,21000,2764000.0,11,,11000.0,52.38,new
JAYKAY,EQ,2026-09-17,155.81,162.84,155.0,157.06,156.78,154.77,204207,32293000.0,3889,,99493.0,48.72,new
JAYNECOIND,EQ,2026-09-17,87.67,89.44,87.28,88.94,88.85,87.35,1263615,112310999.99999999,12893,,642582.0,50.85,new
JAYSREETEA,EQ,2026-09-17,89.6,91.81,89.33,89.74,90.9,89.23,17993,1622000.0,339,,8435.0,46.88,new
JBMA,EQ,2026-09-17,586.05,595.45,586.05,593.6,593.35,588.2,125831,74585000.0,7720,,42338.0,33.65,new
JENBURPH,EQ,2026-09-17,1007.0,1009.7,975.0,983.4,975.0,992.0,2628,2608000.0,93,,2402.0,91.4,new
JETFREIGHT,EQ,2026-09-17,19.99,20.17,16.51,19.43,19.4,19.9,693518,12619000.0,2334,,309620.0,44.64,new
JEYYAM,ST,2026-09-17,20.0,20.75,20.0,20.75,20.75,20.95,18000,366000.0,9,,12000.0,66.67,new
JGCHEM,EQ,2026-09-17,583.0,598.4,579.2,588.15,587.5,582.9,246274,145258000.0,9881,,105906.0,43.0,new
JHS,EQ,2026-09-17,8.51,8.85,8.51,8.59,8.59,8.51,46544,404000.0,145,,30978.0,66.56,new
JINDALPHOT,EQ,2026-09-17,1114.7,1134.9,1085.9,1129.4,1130.0,1125.6,9513,10649000.0,661,,5785.0,60.81,new
JINDALPOLY,EQ,2026-09-17,731.15,739.5,717.1,726.0,724.0,742.4,30797,22378000.0,1853,,11152.0,36.21,new
JINDALSAW,EQ,2026-09-17,283.2,294.8,281.5,291.2,291.4,281.25,1782236,516262000.0,46643,,704838.0,39.55,new
JINDALSTEL,EQ,2026-09-17,1104.1,1134.6,1104.1,1128.4,1128.4,1103.0,719206,810594000.0,34843,,269528.0,37.48,new
JINDRILL,EQ,2026-09-17,597.4,597.9,579.75,582.7,582.5,595.15,192134,112580000.0,6906,,77800.0,40.49,new
JINDWORLD,EQ,2026-09-17,50.48,50.79,48.69,49.0,49.18,49.16,4251821,210012000.0,12225,,594192.0,13.98,new
JIOFIN,EQ,2026-09-17,225.0,230.36,225.0,229.3,229.3,224.84,12303050,2813593000.0,63175,,5003141.0,40.67,new
JISLDVREQS,EQ,2026-09-17,21.0,22.24,20.51,21.18,21.38,21.49,73635,1583000.0,412,,34727.0,47.16,new
JISLJALEQS,EQ,2026-09-17,29.07,31.37,29.0,30.2,30.3,29.07,13543422,411062000.0,32760,,1515582.0,11.19,new
JITFINFRA,EQ,2026-09-17,278.0,290.0,278.0,286.4,285.2,278.0,9176,2605000.0,475,,6367.0,69.39,new
JIWANRAM,SM,2026-09-17,4.0,4.0,4.0,4.0,4.0,4.0,12000,48000.0,2,,6000.0,50.0,new
JKCEMENT,EQ,2026-09-17,4780.0,5055.0,4745.5,5027.0,5025.0,4750.0,79376,393286000.0,14870,,40123.0,50.55,new
JKIL,EQ,2026-09-17,480.4,483.45,472.05,475.55,477.6,480.4,58033,27583999.999999996,2138,,44324.0,76.38,new
JKIPL,EQ,2026-09-17,97.95,97.95,94.75,96.2,94.75,96.72,2986,286000.0,99,,2065.0,69.16,new
JKLAKSHMI,EQ,2026-09-17,505.0,510.8,504.05,510.4,510.8,507.65,49669,25236000.0,5712,,27519.0,55.4,new
JKPAPER,EQ,2026-09-17,418.0,442.0,414.0,418.05,418.0,417.35,1832851,786720000.0,50221,,526584.0,28.73,new
JKTYRE,EQ,2026-09-17,344.5,349.5,343.7,348.55,349.5,343.3,310543,107723000.0,12543,,142733.0,45.96,new
JLHL,EQ,2026-09-17,278.2,280.55,272.2,277.75,279.8,276.85,148183,40848000.0,3469,,118525.0,79.99,new
JMA,EQ,2026-09-17,90.0,91.65,89.31,90.29,89.52,90.3,9935,898000.0,235,,7911.0,79.63,new
JMFINANCIL,EQ,2026-09-17,121.45,123.2,121.0,122.51,122.6,120.46,1550618,189429000.0,20708,,717877.0,46.3,new
JNKINDIA,EQ,2026-09-17,405.05,415.45,405.0,411.95,414.65,407.2,43671,17988000.0,2298,,20188.0,46.23,new
JNPR,EQ,2026-09-17,262.0,264.0,251.7,257.2,257.0,261.8,770412,198002000.0,37196,,278538.0,36.15,new
JOCIL,EQ,2026-09-17,142.7,150.9,138.1,147.04,147.0,143.0,6169,905000.0000000001,179,,3912.0,63.41,new
JPOLYINVST,EQ,2026-09-17,982.05,993.7,970.0,982.25,976.0,983.7,2186,2152000.0,615,,852.0,38.98,new
JPPOWER,EQ,2026-09-17,15.4,15.62,15.21,15.26,15.22,15.41,43904442,676362000.0,557259,,17717700.0,40.36,new
JSFB,EQ,2026-09-17,510.1,534.75,503.75,520.1,516.7,506.6,1866297,976720000.0000001,35753,,896823.0,48.05,new
JSL,EQ,2026-09-17,730.0,742.7,721.85,724.45,722.5,730.85,1286776,940066000.0,79126,,684884.0,53.22,new
JSLL,EQ,2026-09-17,497.05,503.8,487.75,490.75,491.0,497.05,252582,124707000.0,10469,,124394.0,49.25,new
JSWCEMENT,EQ,2026-09-17,116.5,117.24,115.85,116.64,116.5,116.52,915141,106658999.99999999,32728,,446166.0,48.75,new
JSWDULUX,EQ,2026-09-17,3061.0,3094.2,3052.3,3074.0,3094.0,3082.0,7492,23023000.0,2652,,3559.0,47.5,new
JSWENERGY,EQ,2026-09-17,505.0,514.0,504.6,512.0,512.0,504.7,1016989,518914000.00000006,20197,,533222.0,52.43,new
JSWHL,EQ,2026-09-17,10948.0,11269.0,10803.0,11146.0,11269.0,10935.0,3694,40810000.0,1592,,1394.0,37.74,new
JSWINFRA,EQ,2026-09-17,325.55,329.45,322.8,326.65,326.5,325.55,1990569,650695000.0,58494,,1117668.0,56.15,new
JSWSTEEL,EQ,2026-09-17,1248.9,1260.0,1242.1,1253.4,1253.4,1248.9,1351578,1690252000.0,27394,,761187.0,56.32,new
JTEKTINDIA,EQ,2026-09-17,117.29,119.6,117.29,118.87,119.5,117.12,84316,10014000.0,1547,,44948.0,53.31,new
JTLIND,EQ,2026-09-17,85.0,87.65,83.8,87.32,87.42,84.6,2352512,202951000.0,20319,,945848.0,40.21,new
JUBLCPL,EQ,2026-09-17,2085.1,2128.0,2002.0,2020.4,2010.0,2096.4,13155,27007000.0,1808,,7734.0,58.79,new
JUBLFOOD,EQ,2026-09-17,469.95,486.75,467.35,480.2,480.2,471.0,817225,392927000.0,22674,,288076.0,35.25,new
JUBLINGREA,EQ,2026-09-17,624.9,638.5,624.9,633.25,638.5,631.95,115209,72789000.0,9207,,62166.0,53.96,new
JUBLPHARMA,EQ,2026-09-17,1002.0,1025.9,997.05,1012.1,1014.95,1002.5,87805,89247000.0,11460,,38909.0,44.31,new
JUNIORBEES,EQ,2026-09-17,767.96,773.4,761.0,771.94,773.4,764.82,212891,163705000.0,6944,,112025.0,52.62,new
JUNIPER,EQ,2026-09-17,219.0,219.07,214.53,215.44,216.19,214.32,123941,26870000.0,3756,,54406.0,43.9,new
JUSTDIAL,EQ,2026-09-17,668.35,677.95,665.0,674.05,676.0,673.7,79512,53398000.0,3430,,34596.0,43.51,new
JWL,EQ,2026-09-17,228.67,233.76,228.67,231.23,231.95,228.67,562055,129904000.0,13731,,221747.0,39.45,new
JYOTHYLAB,EQ,2026-09-17,195.35,198.0,193.38,193.84,193.9,195.41,233311,45456000.0,7681,,122939.0,52.69,new
JYOTICNC,EQ,2026-09-17,963.05,1007.1,960.95,980.85,980.0,967.7,491500,486268999.99999994,27540,,162745.0,33.11,new
JYOTIGLOBL,SM,2026-09-17,48.0,48.0,48.0,48.0,48.0,48.0,4000,192000.0,2,,4000.0,100.0,new
JYOTIRES,EQ,2026-09-17,832.0,845.95,831.05,837.9,843.8,839.45,2099,1761000.0,376,,1251.0,59.6,new
JYOTISTRUC,EQ,2026-09-17,9.01,9.19,8.92,9.11,9.13,9.02,3317616,30147000.000000004,3406,,1211825.0,36.53,new
K2INFRA,ST,2026-09-17,44.1,45.65,43.5,43.65,43.5,44.1,22200,980000.0000000001,22,,17400.0,78.38,new
KABRAEXTRU,EQ,2026-09-17,628.05,648.0,623.55,632.75,635.0,628.1,162222,103327000.0,6304,,79362.0,48.92,new
KAJARIACER,EQ,2026-09-17,1215.0,1224.4,1210.0,1217.2,1215.0,1215.9,78492,95643000.0,6852,,53976.0,68.77,new
KAKATCEM,EQ,2026-09-17,108.44,109.7,107.1,108.23,109.2,108.44,804,87000.0,53,,549.0,68.28,new
KALAMANDIR,EQ,2026-09-17,77.78,78.8,76.55,76.79,76.8,77.78,554742,42821000.0,5225,,351374.0,63.34,new
KALANA,SM,2026-09-17,18.5,18.5,18.5,18.5,18.5,18.25,2000,37000.0,1,,2000.0,100.0,new
KALPATARU,EQ,2026-09-17,260.0,261.4,255.2,257.2,258.6,256.3,29902,7725000.0,1072,,10625.0,35.53,new
KALYANIFRG,BE,2026-09-17,969.05,1033.5,969.05,1015.5,1017.0,994.7,1969,1992000.0000000002,149,,,,new
KALYANKJIL,EQ,2026-09-17,580.0,592.5,578.5,581.45,581.45,580.9,5395166,3157802000.0,62528,,1392583.0,25.81,new
KAMAHOLD,EQ,2026-09-17,2240.0,2297.0,2240.0,2278.8,2294.5,2249.9,3479,7889000.0,384,,2111.0,60.68,new
KAMANWALA,EQ,2026-09-17,17.95,17.95,16.5,16.5,16.5,17.24,2130,35000.0,25,,2034.0,95.49,new
KAMATHOTEL,EQ,2026-09-17,209.7,224.0,209.46,219.45,223.95,209.88,55950,12112000.0,1667,,36783.0,65.74,new
KAMDHENU,BE,2026-09-17,38.8,39.69,38.0,39.5,39.6,38.83,738033,28960000.000000004,1052,,,,new
KAMOPAINTS,EQ,2026-09-17,4.28,4.4,4.21,4.35,4.32,4.21,106639,463000.0,412,,74292.0,69.67,new
KANANIIND,EQ,2026-09-17,1.44,1.53,1.39,1.41,1.42,1.42,169039,246000.0,256,,111279.0,65.83,new
KANCHI,EQ,2026-09-17,388.5,393.4,386.0,389.0,389.0,388.5,74,28999.999999999996,10,,72.0,97.3,new
KANCOTEA,EQ,2026-09-17,52.31,56.39,52.31,55.62,56.28,55.3,34,2000.0,5,,34.0,100.0,new
KANDARP,SM,2026-09-17,72.0,74.45,67.45,71.05,71.05,70.95,22000,1538000.0,22,,10000.0,45.45,new
KANOHAR,EQ,2026-09-17,768.7,884.95,765.5,817.0,824.0,751.5,23002741,19164460000.0,609377,,2767064.0,12.03,new
KANORICHEM,BE,2026-09-17,189.0,191.45,177.65,185.74,183.6,186.97,71591,13153000.0,714,,,,new
KANPRPLA,EQ,2026-09-17,260.0,267.95,257.1,259.75,257.1,265.85,14133,3699000.0,751,,6500.0,45.99,new
KANSAINER,EQ,2026-09-17,184.65,186.4,183.0,184.2,185.0,184.81,135649,25044000.0,4044,,73253.0,54.0,new
KAPSTON,EQ,2026-09-17,572.5,593.0,572.5,577.3,575.0,577.15,50003,29270999.999999996,2150,,27605.0,55.21,new
KARAMTARA,EQ,2026-09-17,320.0,352.0,320.0,352.0,352.0,254.0,27433507,9319456000.0,164180,,18101222.0,65.98,new
KARMAENG,EQ,2026-09-17,39.65,41.69,39.24,39.91,39.95,38.72,39008,1583000.0,626,,20086.0,51.49,new
KARNIKA,SM,2026-09-17,117.75,121.0,117.75,120.45,120.5,118.7,26000,3119000.0,19,,20000.0,76.92,new
KARURVYSYA,EQ,2026-09-17,334.8,337.5,330.35,331.5,331.0,334.8,725600,242311000.0,18520,,356670.0,49.16,new
KATARIA,SM,2026-09-17,150.0,150.0,141.05,149.25,150.0,149.45,17400,2543000.0,28,,11400.0,65.52,new
KAUSHALYA,BE,2026-09-17,855.0,855.0,827.0,847.0,847.0,832.55,102,86000.0,23,,,,new
KAVDEFENCE,EQ,2026-09-17,72.61,76.7,70.3,71.64,70.41,73.43,673182,49632000.0,5987,,363159.0,53.95,new
KAYA,BE,2026-09-17,311.0,324.8,311.0,324.8,324.8,309.35,80540,25433000.0,82,,,,new
KAYNES,EQ,2026-09-17,3402.0,3562.0,3395.0,3520.0,3520.0,3385.0,1242077,4376211000.0,81071,,193645.0,15.59,new
KAYTEX,SM,2026-09-17,56.7,56.7,55.4,55.4,55.4,56.9,1600,90000.0,2,,1600.0,100.0,new
KCEIL,SM,2026-09-17,77.9,78.5,75.25,76.5,75.25,76.0,7000,542000.0,14,,5000.0,71.43,new
KCK,ST,2026-09-17,14.15,14.5,14.15,14.45,14.45,14.8,90000,1300000.0,11,,85000.0,94.44,new
KCP,EQ,2026-09-17,158.64,161.84,157.3,157.92,157.5,158.64,54504,8653000.0,855,,32930.0,60.42,new
KCPSUGIND,BE,2026-09-17,28.9,29.4,27.81,28.89,28.98,28.88,37689,1093000.0,190,,,,new
KDDL,EQ,2026-09-17,3830.7,3901.9,3802.2,3837.6,3850.0,3819.0,10099,39126000.0,2244,,6157.0,60.97,new
KDGREEN,EQ,2026-09-17,47.46,49.97,46.62,49.46,49.71,46.87,32704,1593000.0,440,,12663.0,38.72,new
KDL,SM,2026-09-17,89.15,89.15,87.25,87.5,87.3,87.6,5700,503000.0,36,,4650.0,81.58,new
KEC,EQ,2026-09-17,397.55,405.3,397.45,401.95,401.95,397.55,453424,182481000.0,16135,,183106.0,40.38,new
KECL,EQ,2026-09-17,118.11,122.22,115.96,119.42,118.1,120.02,84728,10094000.0,2046,,38134.0,45.01,new
KEEPLEARN,EQ,2026-09-17,1.91,1.91,1.81,1.84,1.87,1.83,12300,23000.0,43,,10677.0,86.8,new
KEI,EQ,2026-09-17,4498.0,4561.0,4463.5,4560.0,4560.0,4506.0,218838,990777000.0,23169,,73103.0,33.41,new
KELLTONTEC,EQ,2026-09-17,13.53,13.75,13.37,13.57,13.66,13.5,1690878,22894000.0,3700,,641559.0,37.94,new
KEN,SM,2026-09-17,39.7,44.0,39.7,41.8,41.7,39.3,81600,3422999.9999999995,42,,67200.0,82.35,new
KENNAMET,EQ,2026-09-17,4156.0,4430.0,4156.0,4321.6,4335.3,4135.8,42230,183728000.0,11897,,12871.0,30.48,new
KERNEX,EQ,2026-09-17,1633.0,1735.0,1633.0,1722.6,1723.0,1648.3,142463,244117999.99999997,14470,,57796.0,40.57,new
KESORAMIND,BE,2026-09-17,12.48,12.63,12.09,12.34,12.3,12.36,380145,4681000.0,587,,,,new
KEYFINSERV,EQ,2026-09-17,246.25,246.25,246.25,246.25,246.25,246.25,93,23000.0,4,,93.0,100.0,new
KFINTECH,EQ,2026-09-17,884.3,903.65,880.85,897.0,897.0,889.0,357777,320542000.0,16168,,150963.0,42.19,new
KHADIM,BE,2026-09-17,123.38,123.38,123.38,123.38,123.38,120.97,41560,5128000.0,109,,,,new
KHAICHEM,EQ,2026-09-17,51.25,51.25,49.56,49.97,50.25,50.47,139399,6997000.0,1471,,74235.0,53.25,new
KHAITANLTD,EQ,2026-09-17,159.95,159.95,148.65,154.95,152.5,149.37,2221,346000.0,93,,861.0,38.77,new
KHANDSE,EQ,2026-09-17,17.89,17.9,17.26,17.58,17.59,17.5,516,9000.0,18,,411.0,79.65,new
KICL,EQ,2026-09-17,4815.0,4853.0,4775.0,4822.0,4800.0,4779.5,537,2591000.0,157,,317.0,59.03,new
KILITCH,BE,2026-09-17,189.7,192.0,185.86,188.67,188.0,188.82,18618,3524000.0,139,,,,new
KIMS,EQ,2026-09-17,766.65,799.05,763.05,791.85,798.0,766.65,1082406,850658000.0,40464,,734639.0,67.87,new
KINGFA,EQ,2026-09-17,5884.0,5960.0,5826.0,5855.5,5898.0,5889.0,9494,56036000.0,3850,,5055.0,53.24,new
KIOCL,EQ,2026-09-17,328.6,339.6,328.6,337.7,338.2,326.85,90467,30358000.0,4385,,31074.0,34.35,new
KIRANVYPAR,EQ,2026-09-17,207.96,213.1,200.0,207.0,207.0,200.09,12978,2717000.0,220,,11862.0,91.4,new
KIRIINDUS,EQ,2026-09-17,513.0,543.5,512.85,535.45,536.45,513.4,634854,339494000.0,14467,,234261.0,36.9,new
KIRLFER,EQ,2026-09-17,474.0,477.0,470.3,474.35,475.45,470.9,68163,32349000.0,4418,,46030.0,67.53,new
KIRLOSBROS,EQ,2026-09-17,1720.0,1776.0,1716.0,1770.8,1766.0,1724.7,28378,49856000.0,5303,,16016.0,56.44,new
KIRLOSENG,EQ,2026-09-17,2036.0,2159.0,2025.1,2120.6,2120.0,2040.5,663959,1407385000.0,58595,,379617.0,57.17,new
KIRLOSIND,EQ,2026-09-17,3807.3,3833.1,3752.0,3780.6,3806.0,3770.2,6731,25508000.0,1148,,3408.0,50.63,new
KIRLPNU,EQ,2026-09-17,699.9,700.0,681.0,693.85,695.0,695.2,95454,66295000.00000001,7630,,50824.0,53.24,new
KISSHT,EQ,2026-09-17,341.0,366.8,330.0,359.95,360.15,342.65,2725240,974100000.0,66123,,1027868.0,37.72,new
KITEX,EQ,2026-09-17,118.5,121.0,117.81,120.58,120.01,118.58,348505,41772000.0,4148,,131707.0,37.79,new
KJMCFIN,EQ,2026-09-17,63.99,63.99,60.5,61.02,63.5,62.57,593,37000.0,25,,426.0,71.84,new
KKCL,EQ,2026-09-17,485.55,496.45,485.55,489.65,490.8,485.55,23705,11627000.0,1203,,12645.0,53.34,new
KKJEWELS,SM,2026-09-17,96.95,102.0,96.95,98.15,98.2,96.5,70000,6981000.0,9,,68000.0,97.14,new
KLBRENG-B,EQ,2026-09-17,465.0,470.45,457.05,460.1,460.0,462.65,73999,34260000.0,3019,,37649.0,50.88,new
KLL,SM,2026-09-17,24.05,27.2,23.2,27.05,27.0,24.2,44000,1129000.0,48,,36800.0,83.64,new
KMCSHIL,EQ,2026-09-17,146.92,160.39,144.47,156.74,157.91,146.93,5686607,885679999.9999999,53052,,507314.0,8.92,new
KMEW,EQ,2026-09-17,2710.0,2850.0,2710.0,2828.1,2834.0,2708.7,64061,179995000.0,11925,,21032.0,32.83,new
KMSUGAR,EQ,2026-09-17,29.01,29.21,28.25,28.44,28.5,28.63,104471,2985000.0,709,,51900.0,49.68,new
KNACK,EQ,2026-09-17,180.24,185.12,180.2,184.16,181.25,179.69,595577,109477000.0,3821,,259519.0,43.57,new
KNAGRI,EQ,2026-09-17,180.08,205.0,180.08,202.24,205.0,180.25,17508,3446000.0,485,,10726.0,61.26,new
KNRCON,EQ,2026-09-17,121.82,125.42,120.1,120.86,120.7,121.82,4429969,543630000.0,42344,,1307170.0,29.51,new
KODYTECH,ST,2026-09-17,1371.0,1491.0,1371.0,1491.0,1491.0,1420.0,46500,69182000.0,93,,46500.0,100.0,new
KOHINOOR,EQ,2026-09-17,31.7,32.38,30.5,31.2,31.01,31.36,114143,3606000.0,2263,,36650.0,32.11,new
KOKUYOCMLN,EQ,2026-09-17,76.7,77.79,76.02,76.21,76.11,76.6,9761,748000.0,193,,6325.0,64.8,new
KOLTEPATIL,EQ,2026-09-17,432.4,436.45,425.65,433.1,434.2,429.05,41920,18102000.0,3560,,19018.0,45.37,new
KONTOR,SM,2026-09-17,54.8,54.8,50.0,51.0,51.0,54.75,7800,398000.0,13,,4200.0,53.85,new
KOPRAN,EQ,2026-09-17,261.4,271.0,260.2,268.59,267.89,260.86,3137443,834954999.9999999,48430,,515228.0,16.42,new
KORE,ST,2026-09-17,166.0,177.9,163.95,172.9,177.9,172.55,10500,1764000.0,29,,10000.0,95.24,new
KOTAKBANK,EQ,2026-09-17,415.0,417.6,412.5,416.5,416.5,415.0,11475105,4762207000.0,201735,,7727871.0,67.34,new
KOTARISUG,BE,2026-09-17,27.12,28.54,27.0,27.38,27.0,27.19,39175,1087000.0,215,,,,new
KOTHARIPET,EQ,2026-09-17,134.39,134.46,131.6,132.64,132.79,133.03,49247,6537000.0,858,,31610.0,64.19,new
KOTHARIPRO,EQ,2026-09-17,66.0,66.0,60.75,64.09,64.65,64.14,6798,433000.0,226,,4190.0,61.64,new
KOTIC,EQ,2026-09-17,137.95,142.39,131.0,135.69,134.9,133.61,51566,7104000.000000001,1149,,13469.0,26.12,new
KOTYARK,BE,2026-09-17,31.27,33.0,30.82,31.28,31.4,32.16,182620,5767000.0,480,,,,new
KOVAI,EQ,2026-09-17,6118.5,6190.0,6031.0,6112.0,6145.5,6088.0,3567,21890000.0,1037,,1859.0,52.12,new
KPEL,EQ,2026-09-17,209.6,213.96,209.0,212.48,212.52,210.32,130224,27483000.0,4286,,65510.0,50.31,new
KPIGREEN,EQ,2026-09-17,274.8,279.5,272.8,278.75,278.8,276.35,288223,79996000.0,8960,,132805.0,46.08,new
KPIL,EQ,2026-09-17,1403.5,1417.5,1390.1,1399.3,1400.0,1390.9,231336,324312000.0,26198,,123133.0,53.23,new
KPITTECH,EQ,2026-09-17,556.2,560.95,552.5,559.3,559.3,555.0,599882,334406000.0,16645,,155495.0,25.92,new
KPL,EQ,2026-09-17,3372.0,3485.0,3346.3,3452.1,3472.0,3356.0,21503,73771000.0,5470,,9275.0,43.13,new
KPRMILL,EQ,2026-09-17,1120.2,1128.9,1090.0,1095.4,1098.0,1121.4,198809,219437000.0,20292,,84647.0,42.58,new
KRBL,EQ,2026-09-17,395.0,400.1,392.9,395.4,396.8,394.85,248080,98229000.0,8426,,128284.0,51.71,new
KREBSBIO,EQ,2026-09-17,55.65,57.6,55.1,55.48,55.1,55.65,4118,229999.99999999997,100,,2325.0,56.46,new
KRIDHANINF,EQ,2026-09-17,1.89,1.9,1.8,1.82,1.85,1.89,72421,134000.0,150,,49677.0,68.59,new
KRISHANA,EQ,2026-09-17,184.13,184.38,180.98,182.04,182.0,183.67,423003,77185000.0,5829,,213586.0,50.49,new
KRISHCA,SM,2026-09-17,160.5,162.0,160.25,161.85,160.25,158.95,13500,2182000.0,22,,13500.0,100.0,new
KRISHIVAL,EQ,2026-09-17,420.0,420.0,405.0,409.45,411.0,419.4,32644,13465000.0,927,,26697.0,81.78,new
KRISHNADEF,EQ,2026-09-17,1001.1,1030.0,995.8,1010.3,1002.3,1002.4,54695,55128000.0,5015,,25899.0,47.35,new
KRITI,EQ,2026-09-17,62.21,62.21,58.71,59.95,59.6,61.91,16133,964000.0,280,,12928.0,80.13,new
KRITIKA,EQ,2026-09-17,5.11,5.25,5.11,5.17,5.18,5.17,70621,365000.0,335,,50136.0,70.99,new
KRITINUT,EQ,2026-09-17,79.9,81.5,79.1,80.45,80.84,80.3,3370,272000.0,74,,2786.0,82.67,new
KRMAYURVED,SM,2026-09-17,297.55,323.0,290.0,317.3,317.0,297.4,188000,58554999.99999999,156,,129000.0,68.62,new
KRN,EQ,2026-09-17,1430.0,1453.0,1371.8,1392.8,1404.2,1438.3,676289,951277000.0,46917,,337210.0,49.86,new
KRONOX,BE,2026-09-17,169.02,178.3,165.05,173.57,173.9,171.53,86952,15110000.0,609,,,,new
KROSS,EQ,2026-09-17,225.81,243.8,224.85,242.05,243.75,225.86,1745433,415735999.99999994,29190,,646409.0,37.03,new
KRSNAA,EQ,2026-09-17,563.9,598.0,530.25,541.05,535.6,536.4,3267030,1841733000.0000002,114908,,427796.0,13.09,new
KRT,RR,2026-09-17,113.2,114.0,113.0,113.55,113.5,113.17,410290,46603000.0,2328,,353897.0,86.26,new
KRYSTAL,EQ,2026-09-17,655.6,696.9,636.8,674.9,677.0,655.6,185098,124583000.0,6450,,80413.0,43.44,new
KSB,EQ,2026-09-17,764.85,779.8,761.0,777.8,775.65,764.85,62789,48546000.0,8134,,28963.0,46.13,new
KSCL,EQ,2026-09-17,690.0,711.0,689.0,703.35,703.0,690.45,53950,37970000.0,3410,,29389.0,54.47,new
KSE,EQ,2026-09-17,176.25,180.55,174.85,177.33,178.22,176.35,17970,3198000.0,519,,13307.0,74.05,new
KSHINTL,EQ,2026-09-17,1058.95,1092.4,1038.45,1045.55,1049.9,1060.35,387798,412022000.0,35905,,159124.0,41.03,new
KSHITIJPOL,EQ,2026-09-17,4.01,4.02,4.01,4.01,4.02,3.83,9656251,38803000.0,3644,,5312794.0,55.02,new
KSL,EQ,2026-09-17,952.0,1002.8,952.0,970.55,969.0,952.0,309254,304816000.0,16491,,102215.0,33.05,new
KSOLVES,EQ,2026-09-17,259.0,263.0,252.55,259.75,257.0,255.75,28119,7227000.0,2704,,15905.0,56.56,new
KSR,EQ,2026-09-17,47.99,48.84,44.2,44.3,44.2,46.52,93873,4438000.0,610,,54235.0,57.77,new
KTKBANK,EQ,2026-09-17,318.0,323.0,309.85,313.9,314.2,318.2,1702377,535514000.00000006,22526,,811370.0,47.66,new
KUANTUM,EQ,2026-09-17,75.5,77.9,75.5,76.07,76.0,75.69,69765,5342000.0,961,,35708.0,51.18,new
KUSUMGAR,EQ,2026-09-17,547.0,562.5,547.0,551.5,556.5,549.2,186226,102800000.0,4909,,142928.0,76.75,new
KWIL,EQ,2026-09-17,41.35,41.79,39.6,39.91,39.96,41.32,9862678,400258000.0,29338,,4471116.0,45.33,new
LADDERUP,BE,2026-09-17,61.55,63.98,60.26,62.98,62.99,60.94,5213,328000.0,63,,,,new
LAGNAM,EQ,2026-09-17,73.4,73.4,69.15,70.24,70.0,71.3,5718,404000.0,107,,5078.0,88.81,new
LAHOTIOV,EQ,2026-09-17,40.0,40.49,39.31,39.31,39.31,40.43,200,8000.0,6,,200.0,100.0,new
LAKPRE,BZ,2026-09-17,5.37,5.37,5.15,5.15,5.15,5.42,6700,35000.0,27,,,,new
LAKSHMIMIL,EQ,2026-09-17,7850.0,7969.0,7850.0,7968.5,7968.5,7850.0,5,40000.0,5,,5.0,100.0,new
LAKSHYA,SM,2026-09-17,76.1,87.15,76.0,84.8,84.8,80.35,23200,1919000.0000000002,21,,16000.0,68.97,new
LAL,EQ,2026-09-17,8.85,8.91,8.26,8.54,8.5,8.77,33047,281000.0,233,,17999.0,54.46,new
LALITHAA,EQ,2026-09-17,295.0,299.7,290.4,290.4,290.4,305.65,5186628,1520789000.0,28387,,2434352.0,46.94,new
LALPATHLAB,EQ,2026-09-17,1890.6,1941.1,1888.0,1924.7,1927.0,1895.7,354166,680590000.0,69647,,190774.0,53.87,new
LAMBODHARA,EQ,2026-09-17,121.4,121.4,117.0,118.74,118.2,117.76,8833,1049000.0,351,,3289.0,37.24,new
LAMOSAIC,ST,2026-09-17,52.8,53.1,50.55,52.3,52.8,53.15,76800,4021000.0,40,,73200.0,95.31,new
LANCER,EQ,2026-09-17,12.23,12.82,12.2,12.39,12.43,12.23,193860,2419000.0,426,,151643.0,78.22,new
LANCORHOL,BE,2026-09-17,34.8,36.9,34.0,35.2,35.99,35.24,59519,2089999.9999999998,275,,,,new
LANDMARK,EQ,2026-09-17,470.95,495.0,467.05,492.1,494.0,476.6,134708,65094000.00000001,6744,,53239.0,39.52,new
LANDSMILL,EQ,2026-09-17,0.57,0.58,0.56,0.56,0.56,0.57,1100551,629000.0,880,,920746.0,83.66,new
LAOPALA,EQ,2026-09-17,156.45,158.03,155.4,156.13,156.15,156.01,218566,34219000.0,6566,,106376.0,48.67,new
LARGEMID50,EQ,2026-09-17,35.22,35.52,35.22,35.31,35.31,35.19,1283,45000.0,10,,1259.0,98.13,new
LASERPOWER,EQ,2026-09-17,270.8,274.65,266.65,269.0,270.9,270.8,411450,111200000.0,7669,,183403.0,44.57,new
LATENTVIEW,EQ,2026-09-17,253.45,255.9,251.9,255.0,255.05,252.15,292457,74117000.0,7157,,128124.0,43.81,new
LATTEYS,EQ,2026-09-17,21.39,21.39,20.34,20.76,20.97,20.65,30603,631000.0,145,,18849.0,61.59,new
LAURUSLABS,EQ,2026-09-17,1898.0,1964.5,1894.8,1948.1,1948.1,1905.5,1645108,3202505000.0,43039,,942372.0,57.28,new
LAXMICOT,EQ,2026-09-17,13.76,13.76,12.67,13.08,13.38,13.22,6581,88000.0,94,,4191.0,63.68,new
LAXMIDENTL,EQ,2026-09-17,195.66,201.1,195.66,198.23,198.0,195.43,28958,5749000.0,951,,13399.0,46.27,new
LAXMIINDIA,EQ,2026-09-17,121.16,124.61,119.2,123.61,123.45,119.85,107146,13181000.0,2011,,46886.0,43.76,new
LCCINFOTEC,EQ,2026-09-17,3.28,3.28,3.13,3.28,3.28,3.13,29606,97000.0,46,,20217.0,68.29,new
LCCPROJECT,EQ,2026-09-17,189.0,189.0,170.1,170.1,170.1,146.0,22468435,4035376999.9999995,116816,,14275242.0,63.53,new
LCL,EQ,2026-09-17,523.1,544.0,516.0,524.95,525.0,523.8,327586,174674000.0,23370,,85367.0,26.06,new
LEAPIND,EQ,2026-09-17,134.25,139.0,133.78,136.31,136.1,134.71,2323727,318584000.0,25340,,1101696.0,47.41,new
LEENEE,BE,2026-09-17,7.4,7.92,7.4,7.92,7.92,7.55,2963,23000.0,26,,,,new
LEMERITE,EQ,2026-09-17,18.23,19.79,18.23,18.74,19.55,19.18,346174,6340000.0,385,,285874.0,82.58,new
LEMONTREE,EQ,2026-09-17,103.2,105.14,103.2,104.06,104.0,103.26,1684840,175452000.0,25335,,764592.0,45.38,new
LENSKART,EQ,2026-09-17,678.0,691.6,672.15,679.95,677.55,675.85,5163552,3536393000.0,161068,,3234302.0,62.64,new
LEXUS,EQ,2026-09-17,14.0,14.0,13.16,13.27,13.49,13.52,4906,66000.0,109,,3717.0,75.76,new
LFIC,EQ,2026-09-17,130.46,141.24,130.0,135.41,137.97,131.3,6724,908000.0,204,,3021.0,44.93,new
LGBBROSLTD,EQ,2026-09-17,1702.1,1745.9,1698.2,1718.5,1716.2,1706.7,30530,52619000.00000001,4205,,18467.0,60.49,new
LGEINDIA,EQ,2026-09-17,1624.0,1677.1,1617.9,1652.9,1652.0,1628.2,398578,661084000.0,35145,,242008.0,60.72,new
LGHL,EQ,2026-09-17,187.17,188.0,185.2,185.56,185.2,187.04,6600,1233000.0,114,,1054.0,15.97,new
LIBAS,EQ,2026-09-17,11.47,12.6,11.32,12.0,12.07,11.47,205702,2470000.0,361,,81051.0,39.4,new
LIBERTSHOE,EQ,2026-09-17,219.8,221.12,215.1,216.0,216.89,217.94,12325,2685000.0,515,,8561.0,69.46,new
LICHSGFIN,EQ,2026-09-17,542.05,554.55,541.05,545.9,545.9,543.0,3377564,1851921000.0,35657,,1763005.0,52.2,new
LICI,EQ,2026-09-17,395.5,406.0,392.55,400.0,400.0,395.5,7410477,2968623000.0,87120,,4254166.0,57.41,new
LICMFGOLD,EQ,2026-09-17,135.25,136.55,134.25,135.3,134.6,135.6,151724,20536000.0,791,,62859.0,41.43,new
LICNETFGSC,EQ,2026-09-17,29.45,29.45,29.2,29.26,29.26,29.2,2724,80000.0,49,,1418.0,52.06,new
LICNETFN50,EQ,2026-09-17,259.98,262.81,259.98,261.77,260.54,259.85,144,38000.0,25,,82.0,56.94,new
LICNFNHGP,EQ,2026-09-17,275.01,275.01,268.0,271.47,272.24,275.01,303,82000.0,34,,296.0,97.69,new
LICNMID100,EQ,2026-09-17,60.8,62.39,60.8,62.0,62.39,60.84,3565,220000.00000000003,95,,1819.0,51.02,new
LIKHITHA,EQ,2026-09-17,228.9,228.9,219.32,222.63,222.11,227.33,42097,9419000.0,1183,,23229.0,55.18,new
LINC,EQ,2026-09-17,92.5,94.46,90.0,91.26,91.5,90.37,19380,1771000.0,776,,13281.0,68.53,new
LINCOLN,EQ,2026-09-17,589.4,607.2,587.9,600.7,598.6,590.7,40723,24465000.0,2300,,11667.0,28.65,new
LINDEINDIA,EQ,2026-09-17,6100.0,6148.0,6047.5,6094.5,6100.0,6089.5,29616,180403000.0,4248,,9178.0,30.99,new
LIQGRWBEES,EQ,2026-09-17,1058.45,1063.44,1051.89,1055.78,1055.79,1055.64,440338,464896000.0,170,,386455.0,87.76,new
LIQUID,EQ,2026-09-17,1000.0,1000.0,999.99,999.99,999.99,999.99,250770,250769000.0,147,,155278.0,61.92,new
LIQUID1,EQ,2026-09-17,1122.94,1122.96,1122.94,1122.94,1122.95,1122.81,1080738,1213615000.0,6393,,555900.0,51.44,new
LIQUIDADD,EQ,2026-09-17,1145.02,1145.04,1145.02,1145.02,1145.03,1144.88,284924,326247000.0,278,,153009.0,53.7,new
LIQUIDBEES,EQ,2026-09-17,1000.0,1000.01,999.99,999.99,1000.01,999.99,2962685,2962672000.0,3534,,2598637.0,87.71,new
LIQUIDBETA,EQ,2026-09-17,1008.29,1008.29,1008.27,1008.29,1008.29,1008.16,541,545000.0,5,,511.0,94.45,new
LIQUIDBETF,EQ,2026-09-17,1099.06,1099.08,1099.06,1099.06,1099.07,1098.94,228189,250794000.0,91,,187339.0,82.1,new
LIQUIDCASE,EQ,2026-09-17,115.94,115.96,115.94,115.95,115.96,115.93,25771011,2988271000.0,20950,,21874280.0,84.88,new
LIQUIDETF,EQ,2026-09-17,1000.0,1000.01,999.99,999.99,1000.0,999.99,71901,71901000.0,164,,60958.0,84.78,new
LIQUIDIETF,EQ,2026-09-17,1000.01,1000.01,999.99,999.99,1000.0,999.99,368412,368412000.0,139,,319001.0,86.59,new
LIQUIDPLUS,EQ,2026-09-17,1103.46,1103.48,1103.46,1103.47,1103.46,1103.32,148108,163433000.0,292,,113109.0,76.37,new
LIQUIDSBI,EQ,2026-09-17,999.99,1000.01,999.99,1000.01,1000.01,1000.0,14603,14603000.0,32,,13715.0,93.92,new
LIQUIDSHRI,EQ,2026-09-17,1121.72,1121.74,1121.72,1121.72,1121.72,1121.58,11007,12347000.0,15,,9623.0,87.43,new
LKPSEC,EQ,2026-09-17,14.71,15.23,14.71,15.06,15.21,15.03,728,11000.0,50,,671.0,92.17,new
LLOYDS,SM,2026-09-17,57.95,57.95,57.95,57.95,57.95,55.6,1000,57999.99999999999,1,,1000.0,100.0,new
LLOYDSENGG,EQ,2026-09-17,79.3,81.2,79.3,80.2,80.23,80.02,2627679,211375000.0,16073,,1039748.0,39.57,new
LLOYDSENT,EQ,2026-09-17,66.6,68.55,66.6,67.0,67.13,66.96,1075798,72620000.0,6903,,531605.0,49.41,new
LLOYDSME,EQ,2026-09-17,1813.0,1831.7,1792.1,1799.3,1792.5,1812.3,200722,364506000.0,16887,,116412.0,58.0,new
LMW,EQ,2026-09-17,17577.0,18327.0,17558.0,18170.0,18315.0,17617.0,6056,109443000.0,2666,,3084.0,50.92,new
LODHA,EQ,2026-09-17,1080.0,1116.9,1078.0,1103.1,1103.1,1087.4,2157472,2370250000.0,37951,,1295342.0,60.04,new
LOKESHMACH,EQ,2026-09-17,345.6,354.35,342.0,343.3,342.15,348.25,21296,7411000.0,1126,,11259.0,52.87,new
LORDSCHLO,EQ,2026-09-17,135.5,135.84,131.13,132.78,132.03,133.49,7275,965000.0,290,,4646.0,63.86,new
LOTUSCHO,EQ,2026-09-17,566.9,570.0,550.0,568.85,569.35,561.7,973,548000.0,160,,655.0,67.32,new
LOTUSDEV,BE,2026-09-17,213.8,218.3,210.0,213.39,212.51,216.4,883019,189198000.0,4139,,,,new
LOTUSEYE,EQ,2026-09-17,113.3,115.95,112.5,113.12,112.56,114.94,2719,308000.0,123,,2513.0,92.42,new
LOVABLE,EQ,2026-09-17,70.0,71.49,68.5,70.38,70.41,69.75,9100,640000.0,200,,7542.0,82.88,new
LOWVOL,EQ,2026-09-17,199.07,200.04,198.9,199.88,199.88,199.39,2030,405000.0,14,,1417.0,69.8,new
LOWVOL1,EQ,2026-09-17,20.34,20.48,20.3,20.34,20.32,20.23,3967,81000.0,94,,1849.0,46.61,new
LOWVOLIETF,EQ,2026-09-17,21.71,21.71,21.29,21.36,21.31,21.28,472478,10094000.0,954,,232917.0,49.3,new
LOYALTEX,EQ,2026-09-17,210.0,210.0,204.06,207.0,207.0,209.99,123,26000.0,10,,119.0,96.75,new
LPDC,EQ,2026-09-17,6.12,6.29,6.05,6.1,6.15,6.12,21167,129000.0,144,,17763.0,83.92,new
LRRPL,SM,2026-09-17,90.0,90.0,90.0,90.0,90.0,89.0,1500,135000.0,1,,1500.0,100.0,new
LT,EQ,2026-09-17,3811.0,3875.0,3811.0,3836.2,3836.2,3807.7,1319415,5082323000.0,76817,,669582.0,50.75,new
LTF,EQ,2026-09-17,295.3,304.05,293.5,302.3,302.3,295.5,3499657,1051854000.0000001,34007,,1189565.0,33.99,new
LTFOODS,EQ,2026-09-17,418.35,424.0,415.4,421.9,423.0,417.75,232925,98070000.0,19417,,92542.0,39.73,new
LTGILTBEES,EQ,2026-09-17,29.77,29.77,29.66,29.68,29.68,29.7,340430,10103000.0,492,,266698.0,78.34,new
LTGILTCASE,EQ,2026-09-17,30.89,30.89,30.18,30.27,30.27,30.28,152684,4619000.0,193,,130605.0,85.54,new
LTM,EQ,2026-09-17,4233.0,4294.9,4180.0,4265.3,4265.3,4233.0,225747,959464000.0,25278,,69617.0,30.84,new
LTTS,EQ,2026-09-17,3351.5,3377.0,3307.3,3324.3,3330.0,3351.5,51724,172607000.0,13062,,23919.0,46.24,new
LUMAXIND,EQ,2026-09-17,5712.0,5799.5,5701.0,5724.0,5740.0,5760.5,6009,34503000.0,1993,,2883.0,47.98,new
LUMAXTECH,EQ,2026-09-17,1941.8,2035.0,1933.0,2018.0,2018.0,1941.8,153301,306212000.0,22602,,66700.0,43.51,new
LUMINO,EQ,2026-09-17,100.1,108.6,98.51,107.14,107.99,100.29,20758824,2166882000.0,88186,,2740012.0,13.2,new
LUPIN,EQ,2026-09-17,2052.6,2098.1,2046.3,2098.1,2098.1,2045.0,525909,1091476000.0,34112,,286812.0,54.54,new
LUXIND,EQ,2026-09-17,1040.0,1050.8,1036.1,1042.5,1045.4,1032.4,29567,30837000.0,1753,,18239.0,61.69,new
LXCHEM,EQ,2026-09-17,170.35,183.9,170.35,179.23,178.99,171.73,2486902,446885999.99999994,35790,,748227.0,30.09,new
LYKALABS,BE,2026-09-17,81.71,81.71,81.71,81.71,81.71,80.11,5657,462000.0,37,,,,new
M&M,EQ,2026-09-17,3047.0,3127.8,3047.0,3076.5,3076.5,3070.0,1875308,5817486000.0,114634,,1036933.0,55.29,new
M&MFIN,EQ,2026-09-17,345.15,352.5,343.25,345.7,346.45,345.05,1682084,582035000.0,61627,,874474.0,51.99,new
MAANALU,EQ,2026-09-17,104.4,105.59,101.22,102.89,103.0,103.41,75997,7870999.999999999,1322,,49103.0,64.61,new
MACOBSTECH,SM,2026-09-17,198.0,198.5,195.5,195.5,195.5,204.0,49600,9818000.0,10,,45600.0,91.94,new
MACPOWER,EQ,2026-09-17,1889.6,2010.0,1831.0,1921.6,1911.0,1889.6,94021,182890000.0,8497,,45209.0,48.08,new
MADHAV,EQ,2026-09-17,36.0,36.0,34.5,34.5,34.5,34.5,713,25000.0,7,,503.0,70.55,new
MADHAVIPL,EQ,2026-09-17,7.97,7.97,7.42,7.59,7.51,7.69,83118,634000.0,343,,49034.0,58.99,new
MADHUCON,BE,2026-09-17,4.17,4.17,3.88,3.88,3.9,3.99,56848,224000.00000000003,70,,,,new
MADHURKNIT,SM,2026-09-17,54.0,54.0,44.85,46.9,45.5,56.05,844800,39674000.0,435,,534000.0,63.21,new
MADHUSUDAN,ST,2026-09-17,235.75,238.9,227.55,237.0,237.0,239.5,29000,6765000.000000001,25,,25000.0,86.21,new
MADRASFERT,EQ,2026-09-17,61.2,61.75,60.32,61.16,61.4,60.27,39547,2419000.0,795,,18885.0,47.75,new
MAFANG,EQ,2026-09-17,235.0,241.78,229.8,237.77,238.9,232.48,651437,155458000.0,13903,,281756.0,43.25,new
MAFATIND,EQ,2026-09-17,121.61,121.85,120.05,120.9,121.0,120.41,14704,1775000.0,350,,12060.0,82.02,new
MAGADSUGAR,EQ,2026-09-17,504.0,512.35,496.2,508.15,507.25,505.7,18567,9368000.0,1514,,7968.0,42.91,new
MAGNUM,EQ,2026-09-17,19.2,20.15,18.52,19.53,19.49,18.94,112587,2197000.0,521,,63961.0,56.81,new
MAGSON,SM,2026-09-17,179.0,179.0,179.0,179.0,179.0,175.0,1000,179000.0,1,,1000.0,100.0,new
MAHABANK,EQ,2026-09-17,80.29,83.4,80.21,80.8,80.8,80.21,16454084,1344412000.0,40607,,6036920.0,36.69,new
MAHAPEXLTD,EQ,2026-09-17,54.0,56.01,54.0,55.26,56.0,54.88,2454,136000.0,87,,1618.0,65.93,new
MAHASTEEL,BE,2026-09-17,1250.0,1250.0,1201.9,1201.9,1201.9,1265.1,1144,1380000.0,113,,,,new
MAHEPC,EQ,2026-09-17,103.49,103.49,101.11,101.99,102.35,101.18,2687,274000.0,103,,1797.0,66.88,new
MAHESHWARI,EQ,2026-09-17,71.47,71.47,68.28,70.0,70.0,71.48,10004,699000.0,93,,9154.0,91.5,new
MAHICKRA,SM,2026-09-17,314.5,314.5,314.5,314.5,314.5,305.95,750,236000.0,1,,750.0,100.0,new
MAHKTECH,EQ,2026-09-17,22.03,22.4,21.5,21.84,21.9,21.5,1036306,22827000.0,4921,,542711.0,52.37,new
MAHLIFE,EQ,2026-09-17,344.15,366.8,342.95,363.7,363.45,344.15,157306,56287000.0,8221,,61453.0,39.07,new
MAHLOG,EQ,2026-09-17,385.1,392.8,385.05,389.55,390.9,386.8,34419,13397999.999999998,2280,,19575.0,56.87,new
MAHSCOOTER,EQ,2026-09-17,13123.0,13247.0,13101.0,13151.0,13190.0,13123.0,1641,21585000.0,670,,945.0,57.59,new
MAHSEAMLES,EQ,2026-09-17,699.2,726.0,692.95,720.2,721.85,692.95,436705,312486000.0,28205,,178471.0,40.87,new
MAITHANALL,EQ,2026-09-17,1026.95,1047.0,1009.9,1027.45,1026.0,994.45,163731,168184000.0,10367,,49590.0,30.29,new
MAITREYA,SM,2026-09-17,115.95,115.95,115.95,115.95,115.95,114.95,400,46000.0,1,,400.0,100.0,new
MAJESAUT,BE,2026-09-17,366.45,366.9,355.0,359.6,366.8,362.7,4037,1454000.0,95,,,,new
MAKEINDIA,EQ,2026-09-17,162.24,162.24,159.43,161.14,161.34,159.39,37857,6089000.0,345,,21718.0,57.37,new
MAKERSL,EQ,2026-09-17,184.0,187.98,180.98,185.13,185.9,177.92,1424,265000.0,61,,1263.0,88.69,new
MAL,ST,2026-09-17,41.8,41.8,41.8,41.8,41.8,44.0,4800,200999.99999999997,3,,4800.0,100.0,new
MALLCOM,EQ,2026-09-17,945.0,958.0,945.0,949.95,945.5,924.3,550,524000.0,101,,421.0,76.55,new
MALUPAPER,EQ,2026-09-17,32.39,33.89,31.9,31.97,31.9,31.66,23457,765000.0,355,,11967.0,51.02,new
MAMATA,EQ,2026-09-17,390.1,398.0,389.7,393.9,392.0,391.55,24366,9585000.0,1311,,13168.0,54.04,new
MANAKALUCO,EQ,2026-09-17,34.29,36.11,34.29,35.81,35.56,35.0,28922,1032000.0,557,,17076.0,59.04,new
MANAKCOAT,EQ,2026-09-17,124.71,132.4,124.51,129.69,128.6,125.96,1267746,164278000.0,6819,,237787.0,18.76,new
MANAKSIA,EQ,2026-09-17,63.8,67.69,63.25,64.05,64.87,64.41,72388,4722000.0,1236,,27397.0,37.85,new
MANAKSTEEL,BE,2026-09-17,109.4,109.8,103.29,104.46,106.97,106.42,20557,2181000.0,168,,,,new
MANALIPETC,EQ,2026-09-17,82.38,83.43,81.15,82.3,81.16,82.37,892492,73606000.0,8763,,296519.0,33.22,new
MANAPPURAM,EQ,2026-09-17,318.85,322.15,315.0,316.05,316.05,319.9,2149995,683276000.0,23490,,865870.0,40.27,new
MANBA,EQ,2026-09-17,131.32,134.4,130.78,133.76,134.25,130.67,78718,10435000.0,821,,27264.0,34.64,new
MANCREDIT,EQ,2026-09-17,213.74,220.58,212.63,218.0,218.97,215.24,179068,38947000.0,2019,,29294.0,16.36,new
MANDEEP,SM,2026-09-17,17.85,17.85,17.85,17.85,17.85,17.0,8000,143000.0,4,,8000.0,100.0,new
MANGALAM,EQ,2026-09-17,31.55,33.45,31.51,31.97,31.7,31.98,29244,949000.0,335,,19477.0,66.6,new
MANGLMCEM,EQ,2026-09-17,988.8,1047.0,985.1,1035.2,1047.0,988.8,67186,68576000.0,4928,,32822.0,48.85,new
MANILAM,SM,2026-09-17,39.9,39.9,39.9,39.9,39.9,40.8,2000,80000.0,1,,2000.0,100.0,new
MANINDS,EQ,2026-09-17,788.05,836.0,785.8,823.0,828.0,790.3,1087714,891117000.0,47058,,357245.0,32.84,new
MANINFRA,EQ,2026-09-17,122.5,126.59,122.5,125.71,125.72,124.23,1602110,199579000.0,6064,,514179.0,32.09,new
MANIPALHOS,EQ,2026-09-17,714.4,734.45,711.7,721.55,723.0,714.6,615733,445943999.99999994,20598,,296929.0,48.22,new
MANKIND,EQ,2026-09-17,2252.7,2308.8,2242.1,2300.0,2300.0,2246.0,488064,1109539000.0,21886,,337671.0,69.19,new
MANOMAY,EQ,2026-09-17,227.89,227.89,221.85,223.55,226.6,223.85,64820,14521000.0,1887,,7665.0,11.83,new
MANORAMA,EQ,2026-09-17,1907.1,1959.2,1903.7,1939.1,1935.0,1916.4,117554,227885000.0,13042,,50835.0,43.24,new
MANORG,EQ,2026-09-17,458.4,465.8,440.0,448.9,448.65,451.05,35097,15863999.999999998,2915,,27757.0,79.09,new
MANUFGBEES,EQ,2026-09-17,158.0,161.0,157.79,160.03,159.94,157.61,2092,333000.0,89,,1799.0,85.99,new
MANUGRAPH,EQ,2026-09-17,15.25,15.44,14.62,15.19,15.04,15.14,4111,61000.0,121,,3951.0,96.11,new
MANYAVAR,EQ,2026-09-17,554.65,572.3,548.75,567.6,568.0,554.7,131051,74368000.0,7519,,49389.0,37.69,new
MAPMYINDIA,EQ,2026-09-17,884.9,897.8,881.0,889.8,886.9,883.1,70478,62665000.0,5725,,28962.0,41.09,new
MARALOVER,EQ,2026-09-17,58.12,61.4,58.12,59.59,59.78,59.42,7533,451999.99999999994,180,,5528.0,73.38,new
MARATHON,EQ,2026-09-17,415.05,417.45,410.4,414.15,415.3,415.05,36537,15137000.0,1914,,20671.0,56.58,new
MARC,SM,2026-09-17,153.8,159.45,150.0,156.0,156.0,150.65,44400,6986000.0,21,,38400.0,86.49,new
MARCO,SM,2026-09-17,30.2,30.7,29.2,29.45,29.7,30.2,16500,496000.0,11,,10500.0,63.64,new
MARICO,EQ,2026-09-17,810.15,826.3,810.15,817.0,817.0,810.15,1761636,1444575000.0,36197,,1084013.0,61.53,new
MARINE,EQ,2026-09-17,372.9,384.35,370.55,373.15,373.5,373.3,435723,163928000.0,18617,,188843.0,43.34,new
MARKOLINES,EQ,2026-09-17,170.5,174.33,170.0,172.84,172.5,170.59,215118,37212000.0,1345,,41389.0,19.24,new
MARKSANS,EQ,2026-09-17,315.95,322.5,312.95,319.7,320.95,316.45,1104335,352069000.0,31674,,456504.0,41.34,new
MARSONS,EQ,2026-09-17,121.75,127.95,121.01,121.67,121.6,121.54,1499002,183855000.0,12095,,412251.0,27.5,new
MARUSHIKA,SM,2026-09-17,112.05,120.0,112.05,119.3,120.0,119.65,31200,3665000.0,19,,24000.0,76.92,new
MARUTI,EQ,2026-09-17,12165.0,12409.0,12127.0,12338.0,12338.0,12166.0,249064,3068415000.0,45489,,98169.0,39.42,new
MASFIN,EQ,2026-09-17,288.05,292.9,282.85,286.9,286.8,288.05,421158,120689000.00000001,4418,,371115.0,88.12,new
MASKINVEST,EQ,2026-09-17,137.0,137.0,137.0,137.0,137.0,142.4,39,5000.0,2,,39.0,100.0,new
MASON,SM,2026-09-17,114.8,120.6,114.8,119.0,119.0,112.0,25000,2970000.0,36,,18500.0,74.0,new
MASPTOP50,EQ,2026-09-17,100.62,105.0,96.68,103.83,104.8,98.65,1126886,116183000.0,11058,,485869.0,43.12,new
MASTEK,EQ,2026-09-17,1630.3,1650.0,1617.2,1630.1,1635.8,1633.1,54148,88210000.0,9642,,22606.0,41.75,new
MASTERTR,EQ,2026-09-17,85.29,90.5,84.85,87.47,87.03,85.38,446576,39267000.0,3866,,123570.0,27.67,new
MATRIMONY,EQ,2026-09-17,531.7,546.0,520.8,530.8,522.7,533.4,32549,17491000.0,1295,,19002.0,58.38,new
MAWANASUG,EQ,2026-09-17,126.0,128.0,123.63,125.54,126.0,125.16,80447,10075000.0,1955,,44655.0,55.51,new
MAXESTATES,EQ,2026-09-17,570.5,584.0,566.35,577.6,575.0,572.1,113120,65470000.00000001,6325,,54356.0,48.05,new
MAXHEALTH,EQ,2026-09-17,1022.1,1045.7,1021.1,1037.0,1037.0,1025.0,1117711,1158523000.0,25298,,568403.0,50.85,new
MAXIND,EQ,2026-09-17,140.33,141.99,139.06,140.19,141.5,139.64,37038,5194000.0,845,,26580.0,71.76,new
MAXPOSURE,SM,2026-09-17,37.5,41.65,37.5,38.6,38.6,37.65,23000,897000.0000000001,23,,17000.0,73.91,new
MAXVOLT,SM,2026-09-17,399.9,403.9,370.0,374.15,370.25,384.95,62800,24319000.0,153,,50400.0,80.25,new
MAYURUNIQ,EQ,2026-09-17,741.2,769.85,737.65,750.0,752.8,741.2,102554,77724000.0,6425,,51378.0,50.1,new
MAZDA,BE,2026-09-17,256.85,263.45,250.0,263.45,263.45,250.95,10263,2669000.0,128,,,,new
MAZDOCK,EQ,2026-09-17,2249.1,2264.9,2176.0,2210.0,2210.0,2231.9,1560226,3445119999.9999995,66310,,493672.0,31.64,new
MBAPL,EQ,2026-09-17,159.82,168.49,158.86,163.9,164.6,159.82,1856013,305614000.0,14494,,909086.0,48.98,new
MBECL,BE,2026-09-17,382.47,382.47,382.47,382.47,382.47,364.26,2294,877000.0,86,,,,new
MBEL,EQ,2026-09-17,254.8,259.95,247.2,251.4,250.55,254.4,420146,105710999.99999999,10853,,189966.0,45.21,new
MBLINFRA,EQ,2026-09-17,22.25,22.85,21.4,22.19,22.19,22.14,36249,794000.0,191,,24499.0,67.59,new
MCCHRLS-B,EQ,2026-09-17,690.0,700.0,650.0,659.75,660.0,660.0,4694,3098000.0,40,,4425.0,94.27,new
MCL,EQ,2026-09-17,55.5,55.8,54.41,54.74,54.7,54.96,27735,1524000.0,571,,15501.0,55.89,new
MCLEODRUSS,EQ,2026-09-17,43.35,43.75,41.62,42.22,41.62,42.55,259354,11020000.0,1270,,149426.0,57.61,new
MCLOUD,EQ,2026-09-17,25.36,25.58,25.1,25.19,25.3,25.17,702570,17790000.0,2327,,306682.0,43.65,new
MCON,SM,2026-09-17,39.5,41.0,39.0,40.05,40.05,39.45,13000,520000.0,12,,12000.0,92.31,new
MCX,EQ,2026-09-17,3201.1,3304.0,3180.1,3265.2,3265.2,3211.2,1530935,4992558000.0,105385,,614088.0,40.11,new
MEDANTA,EQ,2026-09-17,1409.5,1438.3,1404.2,1424.0,1425.0,1404.6,152324,216669000.0,15540,,72483.0,47.58,new
MEDIASSIST,EQ,2026-09-17,314.6,325.2,310.5,321.15,323.0,312.5,65756,20998000.0,2494,,29852.0,45.4,new
MEDICAMEQ,EQ,2026-09-17,345.5,363.9,340.05,346.3,348.8,345.5,128639,45545000.0,4755,,61303.0,47.66,new
MEDICAPQ,EQ,2026-09-17,25.8,25.8,24.52,24.81,24.7,25.81,15631,390000.0,243,,10195.0,65.22,new
MEDICO,EQ,2026-09-17,35.9,38.4,34.65,36.34,36.0,35.33,251738,9005000.0,2711,,131871.0,52.38,new
MEDIORG,SM,2026-09-17,23.9,23.9,22.75,22.75,22.75,23.9,14000,321000.0,7,,10000.0,71.43,new
MEDPLUS,EQ,2026-09-17,655.0,669.0,652.0,654.0,653.75,656.1,122132,80236000.0,6694,,79825.0,65.36,new
MEESHO,EQ,2026-09-17,213.0,213.07,206.75,207.31,206.92,213.26,7638011,1595108000.0,113691,,4052543.0,53.06,new
MEGASTAR,EQ,2026-09-17,288.0,288.0,276.45,278.75,277.65,277.75,51986,14600000.0,89,,51529.0,99.12,new
MEGATHERM,SM,2026-09-17,268.0,268.0,255.0,261.0,263.0,267.1,11600,3034000.0,27,,9600.0,82.76,new
MEIL,EQ,2026-09-17,273.9,281.0,268.0,270.3,269.0,268.6,37480,10238000.0,1181,,17572.0,46.88,new
MENNPIS,BE,2026-09-17,74.2,75.4,73.0,74.59,74.84,74.2,20146,1485000.0,143,,,,new
MENONBE,BE,2026-09-17,299.15,307.9,288.5,305.05,305.5,297.15,29338,8833000.0,578,,,,new
MEP,BZ,2026-09-17,0.65,0.65,0.64,0.64,0.65,0.65,135241,87000.0,52,,,,new
MERCANTILE,EQ,2026-09-17,22.98,22.98,22.02,22.47,22.87,22.13,155,4000.0,26,,137.0,88.39,new
MERCURYEV,EQ,2026-09-17,39.41,42.24,39.05,40.84,41.3,39.08,1438388,58749000.0,6184,,903615.0,62.82,new
METAL,EQ,2026-09-17,13.2,13.2,12.85,13.0,13.0,12.88,2934238,38057000.0,4107,,2363300.0,80.54,new
METALIC,ST,2026-09-17,140.0,140.0,135.85,136.85,138.9,143.0,73600,10130000.0,44,,70400.0,95.65,new
METALIETF,EQ,2026-09-17,12.88,12.99,12.81,12.97,12.99,12.85,2907242,37569000.0,6744,,1468068.0,50.5,new
METROBRAND,EQ,2026-09-17,955.0,955.25,937.55,950.45,955.0,948.3,23902,22648000.0,3782,,12705.0,53.15,new
METROGLOBL,EQ,2026-09-17,132.01,137.0,132.01,134.5,134.5,132.0,299,40000.0,14,,213.0,71.24,new
METROPOLIS,EQ,2026-09-17,580.55,590.1,577.55,586.3,587.9,580.85,129759,75659000.0,12087,,60666.0,46.75,new
MFML,EQ,2026-09-17,19.4,19.4,18.6,18.66,18.6,19.34,60,1000.0,26,,53.0,88.33,new
MFSL,EQ,2026-09-17,1480.1,1569.5,1473.6,1554.0,1554.0,1487.6,958344,1476725000.0,52873,,360229.0,37.59,new
MGEL,EQ,2026-09-17,16.8,16.9,15.5,15.52,15.5,15.6,2126371,33223000.0,7085,,1461613.0,68.74,new
MGL,EQ,2026-09-17,1073.8,1079.9,1065.0,1071.2,1067.1,1080.1,66861,71723000.0,9451,,36114.0,54.01,new
MGSL,SM,2026-09-17,69.0,69.5,68.95,69.25,69.5,66.1,7200,497000.0,6,,7200.0,100.0,new
MHLXMIRU,BE,2026-09-17,149.88,153.98,149.88,152.88,152.99,149.87,3633,555000.0,48,,,,new
MHRIL,EQ,2026-09-17,193.3,198.75,191.66,195.17,196.09,193.51,138980,27258000.0,3170,,55550.0,39.97,new
MICEL,BE,2026-09-17,34.3,34.3,34.05,34.05,34.05,34.3,121392,4150000.0,619,,,,new
MID150,EQ,2026-09-17,22.99,23.01,22.82,22.93,22.93,22.88,635762,14587000.0,348,,426772.0,67.13,new
MID150BEES,EQ,2026-09-17,232.0,234.5,230.59,233.43,234.49,232.0,467925,109218000.0,6348,,282858.0,60.45,new
MID150CASE,EQ,2026-09-17,11.53,11.53,11.23,11.37,11.4,11.3,778742,8842000.0,2890,,395473.0,50.78,new
MIDBANKADD,EQ,2026-09-17,17.27,17.27,17.1,17.14,17.12,17.22,6401,110000.00000000001,26,,4306.0,67.27,new
MIDCAP,EQ,2026-09-17,18.01,18.21,17.93,18.13,18.11,18.01,133637,2421000.0,746,,67096.0,50.21,new
MIDCAPADD,EQ,2026-09-17,22.7,22.7,22.47,22.67,22.7,22.7,18839,426000.0,78,,17109.0,90.82,new
MIDCAPBETA,EQ,2026-09-17,226.62,228.98,225.55,227.67,227.98,226.47,26478,6036000.0,83,,23934.0,90.39,new
MIDCAPETF,EQ,2026-09-17,22.8,23.43,22.8,23.1,23.13,22.97,1380411,31858999.999999996,4480,,927541.0,67.19,new
MIDCAPIETF,EQ,2026-09-17,22.64,23.5,22.64,23.41,23.43,23.23,576797,13472000.0,1792,,259873.0,45.05,new
MIDHANI,EQ,2026-09-17,401.25,410.9,398.7,407.85,407.4,399.25,805297,326825000.0,26045,,314157.0,39.01,new
MIDQ50ADD,EQ,2026-09-17,24.07,24.22,23.93,24.19,24.2,24.07,8990,217000.0,93,,6305.0,70.13,new
MIDSELIETF,EQ,2026-09-17,19.28,19.5,19.26,19.43,19.34,19.31,408836,7951000.000000001,492,,230426.0,56.36,new
MIDSMALL,EQ,2026-09-17,50.78,50.9,50.3,50.85,50.69,50.31,135992,6898000.0,530,,88013.0,64.72,new
MIDWESTLTD,EQ,2026-09-17,983.8,1020.0,951.0,976.2,975.0,975.3,54062,52599000.0,3461,,24231.0,44.82,new
MIIL,EQ,2026-09-17,664.95,690.8,651.0,689.0,690.0,663.0,156055,106676000.0,2778,,104350.0,66.87,new
MILKYMIST,EQ,2026-09-17,276.01,282.7,270.06,274.76,275.0,276.23,3974674,1097318000.0,51699,,1231443.0,30.98,new
MILTON,SM,2026-09-17,39.75,39.75,36.15,36.2,36.2,37.9,8800,326000.0,4,,6600.0,75.0,new
MINALIND,BE,2026-09-17,5.25,5.25,5.25,5.25,5.25,5.35,17562,92000.0,43,,,,new
MINDACORP,EQ,2026-09-17,671.55,687.05,665.45,681.25,681.4,671.55,191985,130017000.0,14315,,91556.0,47.69,new
MINDSPACE,RR,2026-09-17,499.25,504.0,497.1,499.08,500.88,498.78,181074,90388000.0,5636,,148434.0,81.97,new
MINDTECK,EQ,2026-09-17,155.0,162.91,153.1,156.84,156.78,154.47,16511,2593000.0,613,,8927.0,54.07,new
MIRZAINT,EQ,2026-09-17,29.22,29.79,29.2,29.54,29.3,29.02,41813,1231000.0,395,,29515.0,70.59,new
MITCON,EQ,2026-09-17,79.3,82.3,79.28,80.23,80.0,80.26,6598,527000.0,55,,6332.0,95.97,new
MITTAL,EQ,2026-09-17,0.77,0.78,0.75,0.76,0.76,0.77,1418772,1085000.0,447,,946662.0,66.72,new
MKEXIM,EQ,2026-09-17,66.94,67.9,64.2,67.23,67.9,65.17,26545,1761000.0,314,,17293.0,65.15,new
MKPL,EQ,2026-09-17,4.05,4.2,3.99,4.07,4.09,4.03,124924,509000.0,428,,97308.0,77.89,new
MLKFOOD,EQ,2026-09-17,79.0,82.0,78.11,79.12,79.0,75.59,8363,670000.0,149,,5808.0,69.45,new
MMFL,EQ,2026-09-17,609.5,632.15,604.85,618.6,617.0,606.95,70892,44054000.0,5279,,34931.0,49.27,new
MMP,EQ,2026-09-17,458.85,473.95,458.85,465.7,465.0,456.35,59161,27672000.000000004,2752,,33556.0,56.72,new
MMTC,EQ,2026-09-17,60.0,60.74,59.75,60.14,60.12,59.8,541027,32544000.0,5896,,188096.0,34.77,new
MMWL,EQ,2026-09-17,13.0,13.75,12.59,13.04,13.28,13.12,20551,268000.0,208,,8875.0,43.19,new
MNC,EQ,2026-09-17,32.0,32.7,31.92,32.29,32.49,32.09,18692,603000.0,490,,9825.0,52.56,new
MOALPHA50,EQ,2026-09-17,54.46,55.07,54.46,55.06,55.07,54.34,2418,132000.0,37,,1916.0,79.24,new
MOBANK10,EQ,2026-09-17,16.74,16.79,16.5,16.57,16.6,16.62,292,5000.0,47,,281.0,96.23,new
MOBIKWIK,EQ,2026-09-17,197.0,210.49,193.95,198.64,200.0,198.37,5392512,1101732000.0,54268,,952811.0,17.67,new
MOBILISE,SM,2026-09-17,114.5,114.5,113.6,113.6,113.6,113.55,8000,915000.0,2,,8000.0,100.0,new
MOCAPITAL,EQ,2026-09-17,52.57,53.39,52.3,53.1,53.16,52.57,864265,45879000.0,3599,,655536.0,75.85,new
MODEFENCE,EQ,2026-09-17,101.5,102.17,100.0,101.87,102.0,100.52,1783984,180908000.0,7410,,827589.0,46.39,new
MODINATUR,EQ,2026-09-17,315.0,341.9,315.0,337.95,340.3,326.0,3975,1332000.0,155,,3112.0,78.29,new
MODIRUBBER,EQ,2026-09-17,119.12,125.99,118.4,123.9,121.1,119.1,763,93000.0,57,,534.0,69.99,new
MODIS,EQ,2026-09-17,354.7,358.95,346.1,349.05,349.05,352.7,11294,3972000.0,788,,6092.0,53.94,new
MODISONLTD,BE,2026-09-17,438.0,474.0,438.0,449.5,450.4,455.05,53735,24255000.0,945,,,,new
MODTHREAD,EQ,2026-09-17,50.94,50.94,49.0,50.35,49.1,51.45,3135,157000.0,126,,2209.0,70.46,new
MOENERGY,EQ,2026-09-17,37.5,37.7,37.38,37.53,37.57,37.45,65244,2449000.0,396,,58504.0,89.67,new
MOGOLD,EQ,2026-09-17,149.25,149.6,147.75,148.95,148.85,149.35,15719,2341000.0,462,,8286.0,52.71,new
MOGSEC,EQ,2026-09-17,64.61,65.5,64.55,65.38,65.38,64.82,670,44000.0,26,,522.0,77.91,new
MOHEALTH,EQ,2026-09-17,51.68,52.19,51.33,51.88,52.17,51.4,44591,2305000.0,375,,36832.0,82.6,new
MOHITE,EQ,2026-09-17,2.61,2.66,2.41,2.44,2.42,2.61,105342,260000.0,313,,74644.0,70.86,new
MOHITIND,EQ,2026-09-17,23.3,23.99,22.56,23.2,23.25,23.23,14489,337000.0,138,,7581.0,52.32,new
MOIL,EQ,2026-09-17,238.4,244.21,238.0,243.06,244.0,237.36,473783,114413000.00000001,9750,,194036.0,40.95,new
MOINFRA,EQ,2026-09-17,57.63,57.68,57.36,57.6,57.6,57.35,855,49000.0,21,,775.0,90.64,new
MOIPO,EQ,2026-09-17,47.48,50.9,47.45,49.84,49.89,47.48,4203,202000.0,56,,4149.0,98.72,new
MOKSH,EQ,2026-09-17,10.0,10.0,9.9,9.95,9.93,9.93,36960,368000.0,198,,33349.0,90.23,new
MOL,EQ,2026-09-17,57.98,61.39,57.98,59.93,60.0,58.5,786510,47285000.0,6901,,294951.0,37.5,new
MOLBIO,EQ,2026-09-17,1313.5,1382.0,1272.1,1285.3,1279.0,1307.0,3801397,5021655000.0,160300,,366416.0,9.64,new
MOLDTECH,BE,2026-09-17,185.0,196.53,180.0,194.15,196.49,187.18,32513,6268000.0,470,,,,new
MOLDTKPAC,EQ,2026-09-17,663.85,669.5,659.5,661.85,666.9,661.45,23019,15281000.0,2269,,14030.0,60.95,new
MOLOWVOL,EQ,2026-09-17,35.0,36.5,34.99,35.63,35.4,34.99,6873,242000.0,58,,5139.0,74.77,new
MOM100,EQ,2026-09-17,66.11,66.7,65.72,66.41,66.66,66.11,218093,14447999.999999998,1925,,137451.0,63.02,new
MOM30IETF,EQ,2026-09-17,30.47,30.84,30.24,30.75,30.84,30.34,432970,13258000.000000002,1134,,251570.0,58.1,new
MOM50,EQ,2026-09-17,243.84,244.8,241.0,243.83,243.5,243.84,2526,617000.0,108,,2002.0,79.26,new
MOMENTUM,EQ,2026-09-17,30.4,30.7,30.16,30.58,30.47,30.16,35933,1092000.0,206,,25381.0,70.63,new
MOMENTUM30,EQ,2026-09-17,29.97,30.2,29.89,30.06,29.98,29.91,171221,5142000.0,49,,57655.0,33.67,new
MOMENTUM50,EQ,2026-09-17,52.84,53.27,52.48,53.14,53.25,52.66,239860,12720000.0,1513,,123549.0,51.51,new
MOMETAL,EQ,2026-09-17,12.83,12.92,12.81,12.81,12.81,12.71,2261,28999.999999999996,29,,1510.0,66.78,new
MOMGF,EQ,2026-09-17,157.35,160.5,156.63,158.77,158.89,156.62,1074,170000.0,17,,1070.0,99.63,new
MOMIDMTM,EQ,2026-09-17,62.69,63.4,62.69,63.14,63.01,62.69,79088,4999000.0,167,,72966.0,92.26,new
MOMMIDCAP,EQ,2026-09-17,12.67,12.77,12.59,12.74,12.7,12.6,1344900,17096000.0,1094,,1242931.0,92.42,new
MOMNC,EQ,2026-09-17,32.16,32.16,31.1,31.46,31.46,31.38,2332,73000.0,30,,2316.0,99.31,new
MOMOMENTUM,EQ,2026-09-17,60.63,61.11,60.33,60.84,60.69,60.33,211558,12883000.000000002,360,,187707.0,88.73,new
MOMSBELIEF,BE,2026-09-17,221.75,221.75,214.6,216.04,215.21,224.3,119613,26201000.0,485,,,,new
MON100,EQ,2026-09-17,332.0,333.75,318.02,322.43,322.85,326.77,1275524,413714999.99999994,25312,,740012.0,58.02,new
MON50EQUAL,EQ,2026-09-17,32.92,32.92,32.12,32.4,32.4,32.27,6362,206000.0,46,,5996.0,94.25,new
MONARCH,EQ,2026-09-17,371.0,372.95,365.45,367.8,365.45,368.95,59529,21950000.0,1772,,34545.0,58.03,new
MONEXT50,EQ,2026-09-17,73.07,73.07,70.61,71.27,71.28,71.64,2801,198000.0,62,,1547.0,55.23,new
MONEYBOXX,EQ,2026-09-17,51.9,51.9,51.9,51.9,51.9,49.43,10440,542000.0,44,,10435.0,99.95,new
MONIFTY100,EQ,2026-09-17,24.87,24.87,24.48,24.54,24.54,24.59,6165,152000.0,58,,5603.0,90.88,new
MONIFTY500,EQ,2026-09-17,23.61,23.61,22.8,23.32,23.25,23.15,505785,11758000.0,1110,,390857.0,77.28,new
MONOLITH,SM,2026-09-17,1365.0,1409.9,1277.0,1296.1,1277.0,1390.95,46000,61391000.0,157,,30000.0,65.22,new
MONQ50,EQ,2026-09-17,272.53,330.33,268.39,330.25,330.33,275.28,2080987,664845000.0,30994,,609409.0,29.28,new
MONTECARLO,EQ,2026-09-17,551.3,557.95,548.0,554.7,554.2,549.95,60859,33675000.0,2318,,37922.0,62.31,new
MOOILGAS,EQ,2026-09-17,11.07,11.07,10.85,10.9,10.9,10.86,5229,56999.99999999999,45,,4178.0,79.9,new
MOPSE,EQ,2026-09-17,97.63,101.5,97.45,101.1,101.32,97.76,1574,154000.0,21,,750.0,47.65,new
MOQUALITY,EQ,2026-09-17,192.89,193.77,192.43,193.52,193.52,191.94,378,73000.0,15,,242.0,64.02,new
MOREALTY,EQ,2026-09-17,83.75,84.35,82.14,83.85,83.9,83.01,330304,27602999.999999996,1879,,175222.0,53.05,new
MOREPENLAB,EQ,2026-09-17,115.0,121.3,112.62,120.56,119.9,114.73,27513682,3263719000.0,111748,,5801174.0,21.08,new
MOS,ST,2026-09-17,5.25,5.7,5.2,5.35,5.2,5.45,1628000,8797000.0,179,,1492000.0,91.65,new
MOSCHIP,EQ,2026-09-17,200.0,212.8,200.0,208.06,208.5,199.16,4542544,952124000.0,58502,,820311.0,18.06,new
MOSERVICE,EQ,2026-09-17,30.11,30.19,30.0,30.0,30.0,30.11,633,19000.0,26,,489.0,77.25,new
MOSILVER,EQ,2026-09-17,223.8,225.06,222.54,223.98,224.39,225.55,21273,4754000.0,556,,6971.0,32.77,new
MOSMALL250,EQ,2026-09-17,17.94,18.22,17.94,18.17,18.22,17.94,713339,12922999.999999998,1662,,448432.0,62.86,new
MOTHERSON,EQ,2026-09-17,159.02,162.84,158.66,161.87,161.87,158.27,7026483,1136915000.0,45560,,3484223.0,49.59,new
MOTILALOFS,EQ,2026-09-17,976.5,1004.8,976.5,988.7,988.7,976.5,819010,813907000.0,29067,,350619.0,42.81,new
MOTISONS,EQ,2026-09-17,16.37,18.5,16.2,17.94,18.05,16.62,236263034,4216474000.0,645306,,29895170.0,12.65,new
MOTOGENFIN,EQ,2026-09-17,25.33,25.6,24.75,24.96,24.75,25.0,19148,480000.0,113,,15533.0,81.12,new
MOTOUR,EQ,2026-09-17,75.02,76.79,75.02,76.53,76.69,75.02,9206,700000.0,94,,8414.0,91.4,new
MOVALUE,EQ,2026-09-17,109.92,110.97,109.41,110.36,109.97,109.92,34522,3808000.0,522,,18967.0,54.94,new
MOXSH,SM,2026-09-17,90.5,90.5,90.5,90.5,90.5,95.0,1600,145000.0,1,,1600.0,100.0,new
MPDL,BE,2026-09-17,31.6,31.6,30.17,30.18,30.18,31.75,845,26000.0,10,,,,new
MPEL,ST,2026-09-17,19.2,21.2,19.2,21.2,21.2,20.2,30400,600000.0,12,,28800.0,94.74,new
MPEL-RE,ST,2026-09-17,1.65,1.65,1.4,1.65,1.65,1.5,1369600,2155000.0,47,,1366400.0,99.77,new
MPHASIS,EQ,2026-09-17,2304.0,2325.1,2288.0,2320.0,2320.0,2316.7,261279,602012000.0,19746,,112663.0,43.12,new
MPIMANIPAL,EQ,2026-09-17,330.0,350.5,315.65,345.15,348.1,339.0,8510549,2839503000.0,100137,,3634297.0,42.7,new
MPSLTD,EQ,2026-09-17,2621.1,2641.9,2560.0,2571.5,2565.0,2610.2,11521,29905000.0,2080,,5516.0,47.88,new
MRF,EQ,2026-09-17,125100.0,125850.0,124300.0,124585.0,125000.0,125010.0,3594,448855000.0,2708,,1577.0,43.88,new
MRIL,ST,2026-09-17,79.7,83.0,77.2,81.25,82.9,79.8,24000,1928000.0,14,,24000.0,100.0,new
MRPL,EQ,2026-09-17,166.11,168.43,162.4,163.77,163.76,166.11,6112954,1006420999.9999999,42084,,1855282.0,30.35,new
MSCI360,EQ,2026-09-17,9.84,9.88,9.63,9.86,9.86,9.87,40209,390000.0,26,,25020.0,62.22,new
MSCIADD,EQ,2026-09-17,28.62,28.7,28.57,28.63,28.63,28.63,10146,291000.0,9,,5101.0,50.28,new
MSCIINDIA,EQ,2026-09-17,28.94,29.1,28.9,28.96,29.05,28.88,4050,117000.0,55,,3193.0,78.84,new
MSL,EQ,2026-09-17,136.0,136.3,136.0,136.22,136.2,136.0,530,72000.0,7,,530.0,100.0,new
MSPL,EQ,2026-09-17,33.39,33.89,33.21,33.75,33.8,33.48,244920,8228000.0,1927,,145232.0,59.3,new
MSTCLTD,EQ,2026-09-17,692.45,729.9,692.45,715.25,723.15,703.55,201147,143681000.0,9227,,70621.0,35.11,new
MSUMI,EQ,2026-09-17,35.25,36.26,35.25,36.07,36.09,35.47,4381154,156970000.0,20994,,1725234.0,39.38,new
MTARTECH,BE,2026-09-17,6802.0,7080.0,6722.0,7060.0,7061.5,6792.0,77811,542067000.0,12307,,,,new
MTEDUCARE,BE,2026-09-17,1.71,1.8,1.66,1.71,1.7,1.74,86048,147000.0,80,,,,new
MTNL,EQ,2026-09-17,23.9,24.1,23.31,23.77,23.76,23.84,714491,17056000.0,2494,,279239.0,39.08,new
MUFIN,EQ,2026-09-17,132.25,136.23,131.1,132.2,132.0,130.56,993231,132504000.0,5729,,189259.0,19.05,new
MUFTI,EQ,2026-09-17,72.12,75.84,70.7,73.37,75.6,72.34,225246,16210000.0,1997,,101987.0,45.28,new
MUKANDLTD,EQ,2026-09-17,134.01,136.75,133.3,134.2,134.95,134.89,25255,3404000.0,982,,14248.0,56.42,new
MUKKA,BE,2026-09-17,28.1,29.43,28.06,28.28,28.34,29.53,650557,18516000.0,1820,,,,new
MUKTAARTS,BE,2026-09-17,55.66,58.0,55.66,56.0,56.0,55.65,1185,67000.0,9,,,,new
MULTICAP,EQ,2026-09-17,16.43,16.43,16.21,16.33,16.36,16.23,48266,789000.0,330,,33775.0,69.98,new
MUNISH,SM,2026-09-17,93.5,96.0,93.5,95.75,95.75,92.3,6000,573000.0,4,,6000.0,100.0,new
MUNJALAU,EQ,2026-09-17,102.56,105.25,101.24,104.81,105.2,102.06,200811,20949000.0,3753,,77592.0,38.64,new
MUNJALSHOW,EQ,2026-09-17,127.0,127.0,123.5,123.93,124.0,124.67,15920,1984000.0,454,,11794.0,74.08,new
MURUDCERA,EQ,2026-09-17,28.61,29.0,28.35,28.65,28.82,28.6,9301,267000.0,106,,8802.0,94.63,new
MUTHOOTCAP,EQ,2026-09-17,234.02,237.58,226.21,235.03,235.0,234.02,15434,3608000.0,463,,7758.0,50.27,new
MUTHOOTFIN,EQ,2026-09-17,2761.0,2790.0,2740.0,2770.2,2770.2,2771.4,829940,2298811000.0,74703,,459364.0,55.35,new
MUTHOOTMF,EQ,2026-09-17,188.5,190.59,186.66,188.04,188.25,187.41,75707,14275000.0,2104,,35524.0,46.92,new
MVELECTRO,EQ,2026-09-17,822.3,828.2,785.0,796.0,789.0,819.05,1164354,935950000.0,35898,,168942.0,14.51,new
MVGJL,EQ,2026-09-17,211.0,219.4,208.31,215.37,215.58,207.16,704297,151777000.0,14217,,252874.0,35.9,new
MVKAGRO,SM,2026-09-17,276.4,278.0,257.15,257.15,257.15,270.65,267300,69195000.0,315,,200400.0,74.97,new
MWL,EQ,2026-09-17,39.88,40.74,39.41,40.18,40.04,39.74,370691,14893000.0,2277,,173948.0,46.93,new
MYMUDRA,SM,2026-09-17,66.0,68.75,64.05,66.0,66.0,63.5,6000,395000.0,5,,4800.0,80.0,new
MYSORPETRO,BE,2026-09-17,121.25,128.48,121.17,128.02,128.08,127.54,5593,684000.0,68,,,,new
NACLIND,EQ,2026-09-17,150.45,156.46,148.15,148.88,149.0,151.18,415405,62808000.00000001,8069,,181728.0,43.75,new
NAGREEKCAP,EQ,2026-09-17,28.15,29.0,26.8,27.92,28.25,27.79,66117,1864000.0,386,,42270.0,63.93,new
NAGREEKEXP,EQ,2026-09-17,21.01,21.94,20.96,21.54,21.55,21.25,8627,184000.0,143,,6865.0,79.58,new
NAHARCAP,EQ,2026-09-17,250.05,253.0,247.5,250.0,250.0,250.05,283,71000.0,27,,263.0,92.93,new
NAHARINDUS,EQ,2026-09-17,127.5,142.0,127.5,133.47,132.1,127.3,40682,5470000.0,1040,,20754.0,51.02,new
NAHARPOLY,EQ,2026-09-17,221.2,228.15,220.05,222.28,222.0,225.84,10758,2397000.0,357,,7412.0,68.9,new
NAHARSPING,EQ,2026-09-17,262.9,284.45,262.9,275.8,277.7,261.8,51178,13997999.999999998,1711,,32144.0,62.81,new
NAM-INDIA,EQ,2026-09-17,1122.9,1123.2,1106.0,1119.0,1119.0,1124.0,997028,1111826000.0,30759,,506657.0,50.82,new
NAMAN,SM,2026-09-17,37.65,38.0,37.05,38.0,38.0,37.65,3200,120000.0,4,,3200.0,100.0,new
NAMOEWASTE,ST,2026-09-17,266.0,268.9,261.7,267.3,268.0,265.45,27200,7237000.0,30,,23200.0,85.29,new
NARMADA,EQ,2026-09-17,13.74,14.0,13.71,13.86,13.8,13.77,82610,1140000.0,350,,46829.0,56.69,new
NATCAPSUQ,BE,2026-09-17,174.99,179.98,174.99,178.58,178.85,172.54,6969,1238000.0,87,,,,new
NATCOPHARM,EQ,2026-09-17,813.35,820.0,805.75,818.25,819.95,813.3,340518,276833000.0,29891,,165576.0,48.62,new
NATHBIOGEN,EQ,2026-09-17,147.0,149.08,145.0,148.14,148.0,146.05,2669,394000.0,207,,2116.0,79.28,new
NATIONALUM,EQ,2026-09-17,356.0,360.75,354.2,355.7,355.7,356.0,3033265,1083264000.0,38534,,1501675.0,49.51,new
NATIONSTD,EQ,2026-09-17,109.9,112.65,108.5,111.8,111.9,109.21,11705,1293000.0,307,,9677.0,82.67,new
NAUKRI,EQ,2026-09-17,1247.0,1283.1,1242.8,1265.0,1265.0,1256.0,970996,1234294000.0,38658,,654736.0,67.43,new
NAVA,EQ,2026-09-17,548.0,555.3,542.3,546.6,548.05,548.3,177138,97090000.0,13725,,93851.0,52.98,new
NAVINFLUOR,EQ,2026-09-17,8120.0,8325.0,8120.0,8220.0,8222.0,8160.5,106635,877887000.0000001,23055,,53649.0,50.31,new
NAVKARCORP,EQ,2026-09-17,85.0,87.96,84.98,87.56,87.8,85.56,606584,52737000.0,5688,,333187.0,54.93,new
NAVKARURB,BE,2026-09-17,0.86,0.87,0.82,0.83,0.84,0.86,595350,500000.0,334,,,,new
NAVNETEDUL,EQ,2026-09-17,125.03,128.8,124.07,124.89,125.8,125.03,59741,7481000.0,1695,,29045.0,48.62,new
NAZARA,EQ,2026-09-17,349.9,366.7,348.4,362.55,365.65,351.15,1257748,452080000.0,10343,,914973.0,72.75,new
NBCC,EQ,2026-09-17,81.41,82.45,81.0,82.13,82.13,81.41,3284388,269199000.0,18519,,1060835.0,32.3,new
NBIFIN,EQ,2026-09-17,1950.1,1970.1,1950.1,1960.1,1958.0,1993.6,5719,11172000.0,98,,5343.0,93.43,new
NCC,EQ,2026-09-17,135.05,137.1,133.6,135.6,135.85,135.01,2571140,347040000.0,37837,,1151022.0,44.77,new
NCLIND,EQ,2026-09-17,173.5,174.89,172.21,172.98,174.89,172.42,27273,4722000.0,1628,,19299.0,70.76,new
NDGL,EQ,2026-09-17,2699.0,2710.0,2620.0,2653.4,2669.8,2668.6,183,487000.0,59,,154.0,84.15,new
NDL,EQ,2026-09-17,2.82,2.89,2.8,2.82,2.83,2.89,566518,1601000.0000000002,857,,435830.0,76.93,new
NDLVENTURE,EQ,2026-09-17,116.67,121.0,115.9,120.03,120.0,116.65,2187,262000.0,91,,1736.0,79.38,new
NDRAUTO,EQ,2026-09-17,675.6,714.6,674.9,701.0,702.95,670.55,46693,32486000.0,4011,,20451.0,43.8,new
NDRINVIT,IV,2026-09-17,145.0,145.0,145.0,145.0,145.0,145.0,100000,14500000.0,4,,100000.0,100.0,new
NDTV,EQ,2026-09-17,69.74,71.99,69.74,71.04,71.0,69.74,52161,3699000.0,738,,34545.0,66.23,new
NECCLTD,BE,2026-09-17,18.04,19.4,18.03,18.82,18.8,18.97,26409,492000.0,94,,,,new
NECLIFE,EQ,2026-09-17,11.12,11.2,10.93,11.02,11.0,10.9,59549,659000.0,271,,37072.0,62.25,new
NEELAM,SM,2026-09-17,6.75,6.75,6.75,6.75,6.75,6.5,6000,41000.0,1,,6000.0,100.0,new
NELCAST,EQ,2026-09-17,103.85,110.0,103.85,108.04,108.78,103.85,119553,12872999.999999998,1864,,44739.0,37.42,new
NELCO,EQ,2026-09-17,940.0,972.0,931.0,965.25,968.0,938.05,197825,188951000.0,10037,,78789.0,39.83,new
NEOCHEM,SM,2026-09-17,107.95,110.0,105.45,105.45,105.45,107.95,16800,1811000.0,14,,13200.0,78.57,new
NEOGEN,EQ,2026-09-17,2300.0,2484.8,2274.0,2395.6,2380.0,2302.4,605450,1461945000.0,61612,,162301.0,26.81,new
NEPHROCARE,SM,2026-09-17,90.15,95.3,90.15,91.65,92.0,95.85,9600,888000.0000000001,23,,7200.0,75.0,new
NEPHROPLUS,EQ,2026-09-17,735.2,743.75,730.55,735.1,733.7,735.2,40733,30033000.0,5641,,20981.0,51.51,new
NEPTUNE,SM,2026-09-17,177.1,177.1,176.5,176.5,176.5,179.0,2500,442000.0,5,,2500.0,100.0,new
NESCO,EQ,2026-09-17,1077.0,1088.9,1073.0,1081.5,1076.8,1075.6,18899,20410000.0,1971,,9783.0,51.76,new
NESTLEIND,EQ,2026-09-17,1384.5,1391.7,1370.1,1370.6,1370.6,1384.5,1082694,1491498000.0,64382,,690361.0,63.76,new
NETF,EQ,2026-09-17,251.0,254.87,251.0,254.1,252.0,251.74,1110,282000.0,128,,877.0,79.01,new
NETWEB,EQ,2026-09-17,4563.0,4618.0,4484.0,4578.5,4572.0,4562.0,1120214,5113200000.0,97462,,210133.0,18.76,new
NETWORK18,EQ,2026-09-17,26.04,26.99,25.9,26.46,26.3,26.12,4048889,107530000.0,8978,,1726418.0,42.64,new
NEUEON,BE,2026-09-17,11.49,11.63,11.04,11.57,11.59,11.09,26884,301000.0,55,,,,new
NEULANDLAB,EQ,2026-09-17,22565.0,22980.0,22525.0,22665.0,22555.0,22625.0,18964,431566000.0,7865,,7471.0,39.4,new
NEWGEN,EQ,2026-09-17,493.25,495.15,487.9,489.5,490.0,492.0,398497,195674000.0,16169,,160974.0,40.4,new
NEWJAISA,ST,2026-09-17,18.4,19.35,17.7,18.2,18.2,18.45,40500,749000.0,14,,31500.0,77.78,new
NEXT30ADD,EQ,2026-09-17,41.71,42.08,41.71,41.97,41.97,41.24,1001,42000.0,42,,707.0,70.63,new
NEXT50,EQ,2026-09-17,725.93,736.69,725.93,735.76,736.25,729.58,26277,19303000.0,2500,,16401.0,62.42,new
NEXT50ADD,EQ,2026-09-17,70.83,71.54,70.82,71.41,71.45,70.74,23050,1646000.0,32,,9241.0,40.09,new
NEXT50BETA,EQ,2026-09-17,76.55,77.45,75.9,77.1,77.45,76.34,178892,13763000.0,496,,135125.0,75.53,new
NEXT50ETF,EQ,2026-09-17,70.93,71.7,70.93,71.69,71.7,70.93,7471,534000.0,144,,4581.0,61.32,new
NEXT50IETF,EQ,2026-09-17,73.33,75.33,73.33,75.3,75.2,74.61,369232,27705000.0,3561,,249714.0,67.63,new
NEXTMEDIA,EQ,2026-09-17,3.8,3.89,3.73,3.88,3.8,3.8,8346,32000.0,43,,8078.0,96.79,new
NFL,EQ,2026-09-17,65.96,67.29,65.8,66.84,67.0,66.29,555974,37082000.0,3385,,148870.0,26.78,new
NFPSAMPOOR,SM,2026-09-17,20.4,20.4,20.4,20.4,20.4,21.1,2000,41000.0,1,,2000.0,100.0,new
NGIL,EQ,2026-09-17,33.88,35.57,33.25,34.94,35.57,32.34,10763,375000.0,118,,10019.0,93.09,new
NGLFINE,EQ,2026-09-17,2647.1,2731.9,2625.2,2715.3,2715.0,2673.8,4269,11421000.0,982,,2414.0,56.55,new
NH,EQ,2026-09-17,1860.9,1884.4,1848.3,1868.6,1848.3,1851.6,127928,239429000.0,19756,,76283.0,59.63,new
NHIT,IV,2026-09-17,171.0,171.0,171.0,171.0,171.0,171.0,75000,12825000.0,3,,75000.0,100.0,new
NHPC,EQ,2026-09-17,75.61,75.88,74.99,75.2,75.2,75.41,11626579,875915000.0,62477,,8027022.0,69.04,new
NIACL,EQ,2026-09-17,186.5,201.24,186.5,197.05,196.76,184.19,34650793,6786373000.0,303924,,1387654.0,4.0,new
NIBE,EQ,2026-09-17,1213.9,1259.0,1213.9,1250.1,1253.0,1212.0,25690,31938000.0,3004,,12788.0,49.78,new
NIBL,EQ,2026-09-17,30.88,31.0,30.26,30.65,30.43,30.88,22575,690000.0,163,,19256.0,85.3,new
NICCOPAR,EQ,2026-09-17,77.05,82.0,77.05,82.0,82.0,80.11,567,46000.0,10,,564.0,99.47,new
NIDAN,SM,2026-09-17,13.1,13.1,12.85,13.0,13.0,13.5,3000,39000.0,3,,3000.0,100.0,new
NIF100BEES,EQ,2026-09-17,259.16,260.12,257.66,259.43,257.78,258.67,135501,35109000.0,538,,115976.0,85.59,new
NIF100IETF,EQ,2026-09-17,27.17,27.34,27.11,27.3,27.31,27.19,47616,1299000.0,1120,,23799.0,49.98,new
NIF500BETA,EQ,2026-09-17,36.48,36.48,36.35,36.48,36.48,35.99,3339,122000.0,9,,3336.0,99.91,new
NIFTY1,EQ,2026-09-17,258.43,259.71,257.14,259.12,259.2,258.43,56430,14619999.999999998,1082,,46571.0,82.53,new
NIFTY100EW,EQ,2026-09-17,33.87,34.78,33.8,34.13,34.27,34.33,37581,1279000.0,527,,22268.0,59.25,new
NIFTYADD,EQ,2026-09-17,244.47,246.92,244.47,245.65,246.92,245.69,4220,1038000.0000000001,105,,2491.0,59.03,new
NIFTYAXIS,EQ,2026-09-17,256.12,259.13,256.12,258.41,258.5,257.65,9997,2581000.0,193,,6811.0,68.13,new
NIFTYBEES,EQ,2026-09-17,265.44,266.75,264.1,266.08,266.36,265.02,4732947,1258539000.0,41316,,2877038.0,60.79,new
NIFTYBETA,EQ,2026-09-17,258.24,259.56,257.45,258.92,259.27,258.24,25000,6467000.0,242,,14755.0,59.02,new
NIFTYBETF,EQ,2026-09-17,241.28,241.28,238.95,240.35,240.46,240.54,1812,436000.00000000006,84,,962.0,53.09,new
NIFTYCASE,EQ,2026-09-17,9.37,9.42,9.28,9.36,9.35,9.35,705543,6613000.0,1656,,486375.0,68.94,new
NIFTYETF,EQ,2026-09-17,252.5,254.35,252.5,253.4,253.07,253.31,120788,30631000.0,697,,69976.0,57.93,new
NIFTYIETF,EQ,2026-09-17,264.47,265.34,263.05,264.67,265.25,263.67,254440,67311000.0,8841,,161348.0,63.41,new
NIFTYJBLK,EQ,2026-09-17,12.37,12.37,11.85,11.94,12.0,12.07,86852,1036999.9999999999,656,,68277.0,78.61,new
NIFTYQLITY,EQ,2026-09-17,20.58,20.64,20.36,20.6,20.6,20.36,121631,2504000.0,152,,61974.0,50.95,new
NIITLTD,EQ,2026-09-17,85.3,87.9,85.3,87.31,87.9,85.35,139121,12075000.0,1742,,58517.0,42.06,new
NIITMTS,EQ,2026-09-17,223.79,226.21,220.11,224.6,223.3,223.79,53888,12055000.0,4420,,28804.0,53.45,new
NILAINFRA,EQ,2026-09-17,6.5,6.65,6.5,6.56,6.55,6.57,55420,365000.0,329,,39074.0,70.51,new
NILASPACES,EQ,2026-09-17,12.63,13.28,12.2,12.48,12.41,12.56,3067089,39196000.0,10760,,1405528.0,45.83,new
NILE,EQ,2026-09-17,1475.9,1479.0,1450.0,1456.0,1464.7,1452.6,735,1072000.0,141,,451.0,61.36,new
NILKAMAL,EQ,2026-09-17,1915.7,1967.8,1899.4,1917.2,1912.0,1920.5,17635,33891000.0,2486,,6900.0,39.13,new
NIMBSPROJ,EQ,2026-09-17,183.66,183.73,176.2,183.73,183.73,174.99,27007,4907000.0,198,,5298.0,19.62,new
NINSYS,EQ,2026-09-17,705.85,709.3,699.9,707.9,709.0,709.35,1274,898000.0,166,,1048.0,82.26,new
NIPPOBATRY,EQ,2026-09-17,317.25,322.9,312.95,315.2,314.7,323.55,2222,703000.0,141,,1924.0,86.59,new
NIRAJ,EQ,2026-09-17,28.78,28.78,27.5,27.92,27.97,27.61,27702,768000.0,65,,19863.0,71.7,new
NIRAJISPAT,BE,2026-09-17,300.0,300.0,285.0,285.0,285.0,300.0,103,30000.0,10,,,,new
NIRLON,EQ,2026-09-17,596.3,611.95,594.2,601.05,605.0,593.6,1233,741000.0,182,,701.0,56.85,new
NIRMAN,SM,2026-09-17,26.85,27.1,26.5,26.7,26.7,26.85,5700,152000.0,15,,4200.0,73.68,new
NITCO,EQ,2026-09-17,85.6,88.79,85.11,85.94,85.34,85.17,342602,29702999.999999996,2808,,179208.0,52.31,new
NITINSPIN,EQ,2026-09-17,628.0,635.0,614.05,616.85,617.0,628.0,63384,39364000.0,3305,,35790.0,56.47,new
NITIRAJ,EQ,2026-09-17,226.0,239.0,223.22,234.07,237.0,230.02,6661,1549000.0,93,,6102.0,91.61,new
NITTAGELA,EQ,2026-09-17,1756.9,1794.8,1735.6,1766.1,1765.0,1756.9,9697,17161000.0,1090,,5711.0,58.89,new
NIVABUPA,EQ,2026-09-17,80.55,80.79,79.29,79.6,79.46,79.55,654127,52236000.0,8073,,301470.0,46.09,new
NKIND,EQ,2026-09-17,57.9,57.9,55.7,57.8,57.8,57.62,243,14000.000000000002,28,,140.0,57.61,new
NLCINDIA,EQ,2026-09-17,256.5,262.9,255.6,262.3,262.4,255.35,1656457,430526000.0,48089,,791666.0,47.79,new
NMDC,EQ,2026-09-17,80.41,81.35,80.4,80.8,80.8,80.32,4385275,355052000.0,34453,,2040539.0,46.53,new
NMSTEEL,SM,2026-09-17,22.5,22.5,22.5,22.5,22.5,22.05,1600,36000.0,1,,1600.0,100.0,new
NOCIL,EQ,2026-09-17,180.9,189.63,180.18,186.36,185.63,181.95,2002880,375321000.0,17088,,409197.0,20.43,new
NOIDATOLL,EQ,2026-09-17,4.04,4.1,3.92,3.96,3.97,3.96,148592,595000.0,247,,78461.0,52.8,new
NORBTEAEXP,EQ,2026-09-17,67.57,67.68,64.61,64.73,64.61,64.56,1131,75000.0,37,,653.0,57.74,new
NORTHARC,EQ,2026-09-17,293.05,317.35,293.05,310.55,309.85,295.9,2358970,731058000.0,44808,,1035368.0,43.89,new
NOVAAGRI,EQ,2026-09-17,22.3,22.89,22.11,22.49,22.63,22.32,34060,766000.0,384,,24470.0,71.84,new
NOVARTIND,EQ,2026-09-17,2032.0,2195.0,2013.0,2082.2,2090.0,1995.5,153168,325540000.0,10901,,45455.0,29.68,new
NPBET,EQ,2026-09-17,284.26,284.26,282.0,282.79,282.0,282.63,386,109000.00000000001,19,,375.0,97.15,new
NPST,EQ,2026-09-17,1855.0,1920.0,1823.4,1854.9,1866.0,1834.6,460726,863116000.0,39036,,66125.0,14.35,new
NRAIL,EQ,2026-09-17,615.0,641.0,615.0,628.5,632.0,621.4,11537,7258000.0,729,,6603.0,57.23,new
NRBBEARING,EQ,2026-09-17,475.0,479.9,465.95,472.2,471.85,471.3,190344,89909000.0,7486,,96701.0,50.8,new
NRL,BE,2026-09-17,133.0,138.0,130.98,137.13,134.0,133.98,56822,7719000.0,350,,,,new
NRVANDANA,SM,2026-09-17,68.05,76.0,66.25,71.55,73.0,70.25,210000,14886000.000000002,43,,111000.0,52.86,new
NSIL,EQ,2026-09-17,5409.5,5469.5,5409.5,5436.0,5410.0,5397.5,869,4712000.0,203,,578.0,66.51,new
NSLNISP,EQ,2026-09-17,41.0,41.91,41.0,41.64,41.53,41.17,2893595,120243000.0,15067,,1254076.0,43.34,new
NTCIND,EQ,2026-09-17,133.5,137.95,130.0,132.03,131.05,136.7,1311,173000.0,64,,1177.0,89.78,new
NTPC,EQ,2026-09-17,327.8,331.3,327.2,329.6,329.6,327.0,5589949,1842109999.9999998,77440,,3405285.0,60.92,new
NTPCGREEN,EQ,2026-09-17,87.0,88.18,87.0,87.58,87.79,87.59,969560,85071000.0,16648,,414989.0,42.8,new
NUCLEUS,EQ,2026-09-17,688.0,697.95,685.8,691.4,689.4,692.45,14834,10221000.0,1169,,10731.0,72.34,new
NURECA,BE,2026-09-17,339.95,344.9,325.2,332.35,330.0,338.3,7213,2384000.0,196,,,,new
NUVAMA,EQ,2026-09-17,1700.2,1718.7,1682.0,1687.4,1685.0,1703.1,171066,289953000.0,14352,,89562.0,52.36,new
NUVOCO,EQ,2026-09-17,316.2,320.9,313.3,319.0,318.05,316.2,196546,62327000.0,9824,,109699.0,55.81,new
NV20,EQ,2026-09-17,13.54,13.58,13.47,13.51,13.57,13.56,45776,619000.0,312,,24235.0,52.94,new
NV20BEES,EQ,2026-09-17,135.62,136.15,134.84,135.72,136.12,135.62,15612,2115000.0,245,,8002.0,51.26,new
NV20IETF,EQ,2026-09-17,13.32,13.32,13.12,13.22,13.27,13.19,337403,4458000.0,1586,,228105.0,67.61,new
NXST,RR,2026-09-17,166.01,167.98,165.9,166.25,166.22,166.46,356055,59304999.99999999,8431,,270784.0,76.05,new
NXT-INFRA,IV,2026-09-17,96.1,96.1,94.22,95.5,95.5,96.0,1300000,123079000.0,28,,1150000.0,88.46,new
NYKAA,EQ,2026-09-17,326.5,327.85,323.05,323.75,323.75,325.6,5216273,1694923000.0,27133,,2770047.0,53.1,new
OAL,EQ,2026-09-17,508.85,519.0,506.5,513.5,519.0,508.85,10254,5245000.0,681,,5071.0,49.45,new
OBCL,EQ,2026-09-17,59.18,60.2,55.1,55.82,56.78,56.98,27171,1565000.0,265,,13764.0,50.66,new
OBEROIRLTY,EQ,2026-09-17,1705.1,1741.9,1695.8,1740.7,1740.7,1706.9,413371,709533000.0,23432,,234876.0,56.82,new
OBSCP,SM,2026-09-17,881.0,912.55,870.0,899.25,896.0,885.2,36000,32095000.0,88,,21600.0,60.0,new
OCCLLTD,BE,2026-09-17,146.5,154.65,145.0,154.65,154.65,147.29,60400,9287000.0,253,,,,new
ODIGMA,EQ,2026-09-17,21.85,21.98,20.95,21.0,20.95,21.42,41688,878999.9999999999,674,,37700.0,90.43,new
ODYCORP,EQ,2026-09-17,7.25,7.25,6.56,6.86,7.09,7.11,37929,265000.0,167,,35094.0,92.53,new
OFSS,EQ,2026-09-17,11500.0,11666.0,11356.0,11620.0,11620.0,11510.0,132173,1525719000.0,25583,,59119.0,44.73,new
OIL,EQ,2026-09-17,485.0,491.0,474.25,477.4,477.4,487.6,1708044,817211000.0,21208,,735410.0,43.06,new
OILCOUNTUB,BE,2026-09-17,64.26,64.26,64.26,64.26,64.26,63.0,66668,4284000.0,76,,,,new
OILIETF,EQ,2026-09-17,11.06,11.11,11.0,11.02,11.04,11.06,9119991,100592000.0,2319,,8617711.0,94.49,new
OLAELEC,EQ,2026-09-17,37.43,37.62,36.51,36.79,36.74,37.24,43408200,1600797000.0,126223,,12830725.0,29.56,new
OLECTRA,EQ,2026-09-17,1170.0,1191.4,1164.6,1186.2,1186.0,1168.0,158165,186574000.0,12268,,55124.0,34.85,new
OLIL,SM,2026-09-17,435.1,440.0,425.0,432.35,440.0,430.8,32400,13874000.0,43,,24400.0,75.31,new
OMAXAUTO,EQ,2026-09-17,166.27,183.0,166.0,175.79,174.5,167.1,71166,12522000.0,2165,,34647.0,48.68,new
OMAXE,EQ,2026-09-17,116.18,122.37,114.51,120.76,121.0,115.07,755723,90137000.0,9238,,204810.0,27.1,new
OMFREIGHT,BE,2026-09-17,85.75,88.0,85.0,85.8,85.01,87.49,6154,527000.0,104,,,,new
OMINFRAL,EQ,2026-09-17,79.65,80.99,78.5,79.44,78.7,80.42,44975,3579999.9999999995,1195,,26967.0,59.96,new
OMNI,EQ,2026-09-17,539.9,574.5,526.6,568.65,567.6,539.5,550904,307024000.0,15475,,219448.0,39.83,new
OMPOWER,EQ,2026-09-17,165.92,170.0,164.02,166.7,165.55,164.82,136884,22750000.0,1629,,83994.0,61.36,new
ONDOOR,SM,2026-09-17,271.05,276.9,266.0,267.2,266.0,280.45,27000,7295000.0,49,,22200.0,82.22,new
ONEGLOBAL,EQ,2026-09-17,522.15,541.15,520.0,530.45,530.0,524.75,5391,2861000.0,441,,3476.0,64.48,new
ONELIFECAP,BE,2026-09-17,32.17,33.94,31.5,32.91,33.94,32.33,132220,4353000.0,94,,,,new
ONEPOINT,EQ,2026-09-17,57.0,60.25,56.32,59.14,58.9,56.28,2680184,158762000.0,12054,,1266741.0,47.26,new
ONESOURCE,EQ,2026-09-17,1600.2,1621.8,1569.6,1580.0,1581.0,1596.6,121361,193148000.0,16119,,70636.0,58.2,new
ONGC,EQ,2026-09-17,235.1,235.65,231.25,232.43,232.43,236.8,11062410,2574008000.0,82964,,6586415.0,59.54,new
ONIDA,EQ,2026-09-17,33.0,34.7,31.77,32.29,32.17,33.05,2565482,86578000.0,3525,,2029195.0,79.1,new
ONIXSOLAR,EQ,2026-09-17,376.2,376.2,376.2,376.2,376.2,395.95,7550,2840000.0,83,,7550.0,100.0,new
ONMOBILE,BE,2026-09-17,54.4,54.4,50.1,51.31,51.95,51.81,128839,6778000.0,1538,,,,new
ONWARDTEC,EQ,2026-09-17,282.0,303.0,276.05,291.75,288.0,278.6,72827,21215000.0,1691,,40864.0,56.11,new
ONYX,ST,2026-09-17,38.0,38.0,38.0,38.0,38.0,38.0,80000,3040000.0,4,,80000.0,100.0,new
OPTIEMUS,EQ,2026-09-17,588.9,614.4,588.85,610.0,608.6,592.85,356119,216712000.0,15747,,176012.0,49.43,new
OPTIFIN,EQ,2026-09-17,13.02,15.9,12.8,15.13,14.66,13.29,65480,947000.0000000001,475,,58391.0,89.17,new
OPTIMYSTIX,SM,2026-09-17,142.0,142.0,139.0,139.0,139.0,144.2,20800,2913000.0,21,,19200.0,92.31,new
OPTIVALUE,ST,2026-09-17,180.3,188.0,180.3,183.95,183.95,189.75,36800,6743000.000000001,23,,33600.0,91.3,new
ORBTEXP,BE,2026-09-17,221.0,227.4,221.0,224.97,225.0,224.59,1483,333000.0,36,,,,new
ORCHASP,EQ,2026-09-17,1.6,1.67,1.35,1.37,1.37,1.6,1339545,1916000.0,760,,896365.0,66.92,new
ORCHPHARMA,EQ,2026-09-17,961.0,1001.2,952.95,958.05,963.0,957.5,138643,134941000.0,8367,,90440.0,65.23,new
ORIANA,SM,2026-09-17,1257.0,1362.95,1253.0,1348.85,1349.5,1250.75,103200,137337000.0,1053,,61050.0,59.16,new
ORICONENT,EQ,2026-09-17,51.05,52.21,51.05,51.26,51.75,51.38,12236,630000.0,157,,9421.0,76.99,new
ORIENTALTL,EQ,2026-09-17,4.91,5.07,4.9,4.98,4.98,5.0,41875,208000.0,251,,27241.0,65.05,new
ORIENTBELL,EQ,2026-09-17,380.0,392.1,380.0,387.25,391.0,384.2,15649,6070000.0,849,,11305.0,72.24,new
ORIENTCEM,EQ,2026-09-17,121.1,123.0,120.77,122.09,122.1,121.64,753064,91899000.0,3942,,248151.0,32.95,new
ORIENTCER,EQ,2026-09-17,45.44,46.7,44.5,46.11,46.6,44.82,62071,2829000.0,848,,47242.0,76.11,new
ORIENTELEC,EQ,2026-09-17,170.0,170.0,167.31,168.83,169.36,168.4,53644,9070000.0,1737,,24919.0,46.45,new
ORIENTHOT,EQ,2026-09-17,138.5,141.65,136.48,141.01,140.15,138.59,497650,69878000.0,2772,,241109.0,48.45,new
ORIENTLTD,BE,2026-09-17,83.99,83.99,82.99,82.99,82.99,80.0,67,6000.0,4,,,,new
ORIENTPPR,EQ,2026-09-17,16.8,17.71,16.8,17.25,17.2,16.79,285003,4931000.0,1005,,129431.0,45.41,new
ORIENTTECH,EQ,2026-09-17,234.95,242.52,234.95,236.47,236.2,233.32,177246,42112000.0,4578,,61029.0,34.43,new
ORIRAIL,EQ,2026-09-17,119.8,121.35,117.13,117.94,118.0,119.85,43602,5189000.0,1050,,18836.0,43.2,new
ORISSAMINE,EQ,2026-09-17,3849.6,3928.9,3800.0,3896.4,3900.0,3829.4,5835,22583000.0,1485,,2701.0,46.29,new
ORKLAINDIA,EQ,2026-09-17,580.0,583.0,576.0,578.25,576.3,579.8,38840,22548000.0,3778,,24826.0,63.92,new
ORTINGLOBE,EQ,2026-09-17,17.33,17.33,16.4,16.45,17.0,17.25,4055,67000.0,25,,3078.0,75.91,new
OSELDEVICE,SM,2026-09-17,357.5,371.0,357.5,368.5,368.85,363.35,17400,6408000.0,74,,12000.0,68.97,new
OSIAHYPER,BE,2026-09-17,2.29,2.29,2.19,2.22,2.26,2.3,743949,1637000.0,606,,,,new
OSWALAGRO,EQ,2026-09-17,33.0,34.48,32.7,33.91,34.3,33.43,28868,976000.0,466,,18475.0,64.0,new
OSWALGREEN,EQ,2026-09-17,18.7,19.5,18.63,19.04,19.04,19.29,132784,2537000.0,1407,,80638.0,60.73,new
OSWALPUMPS,EQ,2026-09-17,269.85,278.2,269.45,273.3,274.8,269.85,309066,84765000.0,7034,,137448.0,44.47,new
OSWALSEEDS,EQ,2026-09-17,14.8,14.96,13.62,13.87,14.15,14.6,294234,4135000.0,1197,,158121.0,53.74,new
OWAIS,ST,2026-09-17,76.45,77.95,76.45,77.95,77.95,76.45,7000,538000.0,26,,6600.0,94.29,new
PACEDIGITK,EQ,2026-09-17,152.0,155.36,152.0,153.31,153.95,152.5,495495,76042000.0,6319,,271484.0,54.79,new
PACIFICI,EQ,2026-09-17,148.5,148.5,148.5,148.5,148.5,136.1,1,0.0,1,,1.0,100.0,new
PAGEIND,EQ,2026-09-17,34300.0,35290.0,34300.0,35020.0,35020.0,34275.0,14284,498346000.0,7711,,5820.0,40.74,new
PAISALO,EQ,2026-09-17,84.0,92.75,83.89,88.73,88.51,84.59,26502335,2361623000.0,100114,,7979310.0,30.11,new
PAKKA,EQ,2026-09-17,74.78,77.8,74.78,77.12,77.39,75.15,53227,4099000.0,906,,33648.0,63.22,new
PALASHSECU,EQ,2026-09-17,89.5,89.5,86.0,86.03,86.03,88.0,607,53000.0,34,,500.0,82.37,new
PALREDTEC,EQ,2026-09-17,47.4,50.01,46.0,46.01,46.01,47.63,1252,59000.0,40,,1176.0,93.93,new
PANACEABIO,EQ,2026-09-17,373.0,383.35,367.15,372.0,374.0,367.15,72429,27057000.0,2745,,31783.0,43.88,new
PANACHE,BE,2026-09-17,521.0,521.0,512.0,512.0,512.0,520.0,3422,1778000.0,30,,,,new
PANAMAPET,EQ,2026-09-17,452.7,463.5,446.2,459.75,459.0,451.55,160464,73627000.0,5405,,71397.0,44.49,new
PANORAMA,EQ,2026-09-17,50.85,53.9,50.31,52.63,53.0,50.13,379760,19817000.0,2369,,184546.0,48.6,new
PANSARI,EQ,2026-09-17,291.7,291.7,280.1,290.0,290.0,291.7,23,7000.000000000001,6,,15.0,65.22,new
PAR,BE,2026-09-17,121.06,133.54,121.06,133.54,133.54,127.19,32085,4205000.0,354,,,,new
PARACABLES,EQ,2026-09-17,61.0,62.38,60.2,60.7,60.81,60.83,1231134,75392000.0,6493,,611036.0,49.63,new
PARADEEP,EQ,2026-09-17,146.2,154.37,146.2,153.81,153.9,146.84,2608193,395276000.0,40477,,863140.0,33.09,new
PARAGMILK,EQ,2026-09-17,268.8,279.45,263.1,264.6,264.0,269.1,2697229,734496000.0,40137,,1217410.0,45.14,new
PARAGON,SM,2026-09-17,54.0,56.95,54.0,55.5,55.5,51.9,12000,663000.0,10,,9600.0,80.0,new
PARAMOUNT,SM,2026-09-17,42.4,42.4,42.35,42.35,42.35,44.55,8400,356000.0,7,,4800.0,57.14,new
PARAS,EQ,2026-09-17,1303.0,1379.9,1303.0,1370.9,1375.0,1318.8,1067428,1450411000.0,50143,,205770.0,19.28,new
PARASPETRO,EQ,2026-09-17,2.15,2.18,2.13,2.13,2.15,2.13,66268,142000.0,163,,52689.0,79.51,new
PARIN,SM,2026-09-17,697.0,722.0,697.0,703.95,703.95,697.25,3250,2289000.0,8,,2500.0,76.92,new
PARKHOSPS,EQ,2026-09-17,277.1,279.55,276.0,277.9,278.8,276.4,143934,40024000.0,4985,,69796.0,48.49,new
PARKHOTELS,EQ,2026-09-17,106.54,107.8,105.85,107.2,107.8,105.85,48133,5156000.0,1063,,26548.0,55.16,new
PARNAXLAB,EQ,2026-09-17,121.0,127.95,121.0,123.79,122.92,120.26,1113,138000.0,42,,1084.0,97.39,new
PARSVNATH,BE,2026-09-17,1.81,1.81,1.81,1.81,1.81,1.78,53987,98000.0,49,,,,new
PARTH,SM,2026-09-17,493.0,500.0,480.25,491.8,487.1,509.0,10000,4915000.0,25,,7200.0,72.0,new
PASHUPATI,EQ,2026-09-17,80.95,82.7,80.46,81.37,81.55,79.74,43534,3540999.9999999995,1392,,19512.0,44.82,new
PASUPTAC,EQ,2026-09-17,69.49,71.85,68.81,70.31,70.65,68.07,215392,15196000.0,2676,,122614.0,56.93,new
PATANJALI,EQ,2026-09-17,362.55,364.9,354.0,354.45,354.45,365.0,3350516,1198735000.0,51534,,1108878.0,33.1,new
PATELENG,EQ,2026-09-17,25.5,26.19,25.5,25.96,25.96,25.62,1174809,30498000.0,4727,,539464.0,45.92,new
PATELRMART,EQ,2026-09-17,204.71,206.67,202.0,202.84,203.0,202.92,72077,14651000.0,920,,56539.0,78.44,new
PATILAUTOM,SM,2026-09-17,308.85,319.9,308.35,315.55,318.0,307.3,64200,20222000.0,100,,42600.0,66.36,new
PATINTLOG,BE,2026-09-17,13.75,14.2,13.36,13.89,13.9,13.78,76834,1066000.0,209,,,,new
PAUSHAKLTD,EQ,2026-09-17,710.05,729.15,703.0,719.95,716.1,715.35,30465,21739000.0,2758,,14026.0,46.04,new
PAVNAIND,EQ,2026-09-17,15.15,15.84,14.38,14.95,14.83,15.14,102835,1539000.0,484,,46631.0,45.35,new
PAYTM,EQ,2026-09-17,1795.0,1816.3,1752.7,1763.0,1763.0,1790.0,4085951,7237967000.0,92484,,1808734.0,44.27,new
PBMPOLY,EQ,2026-09-17,61.0,61.0,59.99,60.0,60.0,61.0,278,17000.0,7,,278.0,100.0,new
PCBL,EQ,2026-09-17,318.4,331.8,317.85,329.4,330.6,317.1,1194557,388985000.0,27607,,539202.0,45.14,new
PCCL,SM,2026-09-17,405.05,445.0,405.05,439.65,445.0,441.15,16400,7128000.0,36,,7200.0,43.9,new
PCJEWELLER,EQ,2026-09-17,12.59,12.9,12.3,12.35,12.35,12.64,225554471,2838355000.0,119012,,50966637.0,22.6,new
PDMJEPAPER,EQ,2026-09-17,98.55,104.5,98.5,102.41,101.3,97.95,664472,67904000.0,9714,,153776.0,23.14,new
PDSL,EQ,2026-09-17,336.65,347.4,335.05,345.45,347.4,336.65,192977,65811000.0,2249,,162870.0,84.4,new
PEARLPOLY,EQ,2026-09-17,16.43,16.86,15.56,16.73,16.86,16.15,15864,261000.0,79,,15374.0,96.91,new
PELATRO,SM,2026-09-17,370.0,370.0,362.0,365.15,364.0,369.85,3900,1422000.0,13,,2400.0,61.54,new
PENIND,EQ,2026-09-17,166.8,172.0,165.51,170.44,171.0,166.79,189396,32080000.0,4581,,102159.0,53.94,new
PENINLAND,EQ,2026-09-17,15.2,15.89,14.83,15.55,15.8,14.62,250907,3844000.0,977,,170044.0,67.77,new
PENTAGON,ST,2026-09-17,87.0,87.0,87.0,87.0,87.0,86.95,1000,87000.0,1,,1000.0,100.0,new
PERFECT,SZ,2026-09-17,1.65,1.65,1.65,1.65,1.65,1.65,30000,50000.0,1,,30000.0,100.0,new
PERMAGN,EQ,2026-09-17,830.5,842.65,818.05,828.7,830.3,834.8,2968,2457000.0,331,,2077.0,69.98,new
PERNIASPOP,EQ,2026-09-17,539.0,558.0,535.0,554.5,548.4,545.1,138870,76298000.0,6662,,72702.0,52.35,new
PERSISTENT,EQ,2026-09-17,5410.0,5502.0,5405.5,5473.0,5473.0,5440.0,233465,1274663000.0,23920,,103623.0,44.38,new
PETRONET,EQ,2026-09-17,282.05,285.0,281.7,283.45,283.45,282.1,982394,278155000.0,41546,,647783.0,65.94,new
PFC,EQ,2026-09-17,346.1,348.5,344.75,344.95,344.95,346.0,6259408,2168827000.0,53738,,4225353.0,67.5,new
PFIZER,EQ,2026-09-17,4000.0,4040.0,3985.5,4014.8,4010.3,4014.4,20865,83683000.0,5115,,11243.0,53.88,new
PFOCUS,EQ,2026-09-17,320.2,342.9,317.25,334.95,334.9,320.45,6593481,2202511000.0,80634,,868429.0,13.17,new
PFS,EQ,2026-09-17,26.18,26.9,26.11,26.34,26.46,26.06,340040,9024000.0,4363,,189527.0,55.74,new
PGEL,EQ,2026-09-17,524.0,533.7,519.3,529.35,529.35,523.85,420677,222484000.0,10770,,105590.0,25.1,new
PGHH,EQ,2026-09-17,7655.0,7715.0,7507.0,7613.0,7625.0,7611.0,7139,54641999.99999999,2213,,2741.0,38.39,new
PGHL,EQ,2026-09-17,5425.0,5527.0,5414.0,5434.5,5440.0,5460.0,6064,33145000.0,2191,,3027.0,49.92,new
PGIL,EQ,2026-09-17,1180.0,1180.1,1102.0,1143.1,1152.0,1179.9,340483,385806000.0,32938,,129391.0,38.0,new
PGINVIT,IV,2026-09-17,101.5,101.97,101.2,101.6,101.6,101.33,932358,94748000.0,4878,,712340.0,76.4,new
PHANTOMFX,SM,2026-09-17,96.0,103.05,96.0,99.45,98.0,93.9,23700,2323000.0,74,,12300.0,51.9,new
PHARMABEES,EQ,2026-09-17,27.16,27.39,26.68,27.36,27.38,26.95,3319130,90466000.0,7584,,2076547.0,62.56,new
PHOENIXLTD,EQ,2026-09-17,1878.0,1889.8,1864.2,1872.2,1872.2,1855.0,157063,294626000.0,13631,,64681.0,41.18,new
PHOENXINTL,EQ,2026-09-17,28.4,28.94,27.85,28.77,28.77,28.1,775,22000.0,126,,669.0,86.32,new
PHOGLOBAL,SM,2026-09-17,14.5,15.8,14.5,14.5,14.5,14.0,22000,332000.0,11,,16000.0,72.73,new
PICCADIL,EQ,2026-09-17,592.0,610.3,589.3,600.55,597.1,593.05,143208,86019000.0,8452,,71050.0,49.61,new
PIDILITIND,EQ,2026-09-17,1543.0,1561.1,1535.0,1551.5,1551.5,1543.8,354203,549458000.0,28581,,248625.0,70.19,new
PIGL,EQ,2026-09-17,101.6,103.45,99.33,99.76,100.75,101.74,28993,2912000.0,349,,20496.0,70.69,new
PIIND,EQ,2026-09-17,2260.0,2317.0,2259.0,2307.0,2307.0,2256.0,136637,313173000.0,11768,,60866.0,44.55,new
PILANIINVS,EQ,2026-09-17,4089.3,4098.0,4055.5,4082.2,4056.9,4052.2,1593,6494000.0,393,,1161.0,72.88,new
PILITA,EQ,2026-09-17,7.89,7.89,7.65,7.75,7.75,7.79,7198,56000.00000000001,107,,5692.0,79.08,new
PINELABS,EQ,2026-09-17,185.78,194.49,182.85,184.48,183.85,185.71,47871043,9038211000.0,298002,,8489408.0,17.73,new
PIONEEREMB,EQ,2026-09-17,21.05,21.4,20.5,21.39,21.13,21.01,4931,103000.0,49,,3348.0,67.9,new
PIONRINV,BE,2026-09-17,78.71,78.71,78.71,78.71,78.71,82.85,51,4000.0,2,,,,new
PIRAMALFIN,EQ,2026-09-17,2166.0,2270.7,2166.0,2253.8,2260.0,2201.1,312441,693227000.0,33422,,161491.0,51.69,new
PITTIENG,EQ,2026-09-17,1103.2,1138.4,1099.1,1131.1,1138.0,1101.4,108599,122002000.0,7968,,46124.0,42.47,new
PIXTRANS,EQ,2026-09-17,1724.6,1749.0,1720.0,1724.6,1726.0,1724.6,4973,8611000.0,1075,,2270.0,45.65,new
PKTEA,EQ,2026-09-17,931.95,936.95,900.05,921.25,926.0,936.95,2604,2400000.0,291,,1046.0,40.17,new
PLADAINFO,SM,2026-09-17,13.05,13.05,11.85,13.05,13.05,12.45,18000,227999.99999999997,6,,12000.0,66.67,new
PLASTIBLEN,EQ,2026-09-17,183.56,189.58,182.97,184.45,185.0,182.75,14285,2662000.0,370,,7741.0,54.19,new
PLATIND,EQ,2026-09-17,218.34,218.79,208.95,211.11,210.88,217.03,111701,23698000.0,1874,,76934.0,68.87,new
PLAZACABLE,EQ,2026-09-17,63.5,64.38,62.0,62.31,62.2,62.51,55735,3500000.0,866,,36202.0,64.95,new
PML,EQ,2026-09-17,491.3,495.05,480.0,495.05,495.05,496.1,73,35000.0,9,,65.0,89.04,new
PNB,EQ,2026-09-17,116.8,119.4,116.36,116.47,116.47,116.8,15924714,1876788000.0,64651,,4436919.0,27.86,new
PNBGILTS,EQ,2026-09-17,78.0,80.1,77.26,78.5,78.6,77.91,357651,28207000.0,3577,,158847.0,44.41,new
PNBHOUSING,EQ,2026-09-17,1122.1,1147.9,1098.4,1103.5,1103.5,1134.0,3985061,4471002000.0,117707,,1951490.0,48.97,new
PNC,EQ,2026-09-17,16.2,17.99,16.2,16.63,16.51,16.17,157071,2702000.0,811,,47891.0,30.49,new
PNCINFRA,EQ,2026-09-17,132.48,141.78,132.2,139.55,139.5,134.44,5631335,773605000.0,66982,,1262611.0,22.42,new
PNGJL,EQ,2026-09-17,610.0,612.95,597.1,601.15,600.9,608.65,193341,116644000.0,8598,,98485.0,50.94,new
PNGSREVA,EQ,2026-09-17,491.6,508.0,485.0,489.4,487.1,496.95,100511,49806000.0,5832,,43798.0,43.58,new
POCL,EQ,2026-09-17,454.9,473.0,452.3,470.25,472.0,452.9,372808,172820000.0,19747,,154784.0,41.52,new
PODDARMENT,EQ,2026-09-17,270.4,280.0,266.4,276.05,275.0,267.15,4566,1253000.0,113,,2955.0,64.72,new
POEL,EQ,2026-09-17,143.79,143.79,137.0,137.82,138.79,137.47,29811,4147999.9999999995,968,,13667.0,45.85,new
POKARNA,EQ,2026-09-17,747.0,758.4,731.9,737.5,738.0,750.5,76059,56513000.0,5037,,39104.0,51.41,new
POLICYBZR,EQ,2026-09-17,1839.0,1845.0,1718.1,1765.0,1765.0,1827.1,6641203,11689254000.0,213143,,2865257.0,43.14,new
POLYCAB,EQ,2026-09-17,8130.0,8266.0,8112.5,8208.5,8208.5,8121.5,261101,2141983000.0000002,37043,,126132.0,48.31,new
POLYMED,EQ,2026-09-17,1700.1,1753.0,1700.1,1712.7,1707.0,1704.6,93343,161306000.0,18313,,34586.0,37.05,new
POLYPLEX,EQ,2026-09-17,1079.7,1113.0,1079.7,1084.9,1090.8,1079.7,22394,24527000.0,2456,,7173.0,32.03,new
POLYSIL,SM,2026-09-17,69.6,69.6,69.6,69.6,69.6,73.25,5000,348000.0,10,,4500.0,90.0,new
POLYSPIN,EQ,2026-09-17,29.55,29.55,29.38,29.38,29.38,28.95,55,2000.0,2,,55.0,100.0,new
PONNIERODE,EQ,2026-09-17,363.35,363.35,351.0,353.15,352.05,359.55,19966,7062000.0,1053,,11123.0,55.71,new
POONAWALLA,EQ,2026-09-17,430.0,435.5,428.9,432.8,432.5,432.45,567959,245661000.0,25986,,290912.0,51.22,new
POSITRON,SM,2026-09-17,181.4,187.5,175.0,185.6,183.1,179.6,11100,2034000.0,36,,8700.0,78.38,new
POWERGRID,EQ,2026-09-17,263.5,265.7,263.25,263.75,263.75,262.8,6533662,1728584000.0,65126,,4324080.0,66.18,new
POWERICA,EQ,2026-09-17,542.4,560.1,539.65,556.7,553.6,540.0,108526,59841000.0,4217,,56475.0,52.04,new
POWERINDIA,EQ,2026-09-17,30435.0,31325.0,30380.0,31230.0,31230.0,30200.0,98656,3048911000.0,30995,,33565.0,34.02,new
POWERMECH,EQ,2026-09-17,2301.7,2348.5,2301.7,2339.0,2344.9,2296.5,22339,52090000.0,4515,,10207.0,45.69,new
PPAP,BE,2026-09-17,239.0,239.0,232.2,235.85,234.9,234.35,3693,871000.0000000001,76,,,,new
PPL,BE,2026-09-17,266.25,278.95,266.1,271.95,275.0,272.25,30894,8445000.0,244,,,,new
PPLPHARMA,EQ,2026-09-17,203.2,206.78,201.91,204.71,204.15,202.37,2475167,506027000.00000006,39658,,1165808.0,47.1,new
PPSL,SM,2026-09-17,2.95,2.95,2.9,2.9,2.9,2.9,6000,18000.0,2,,6000.0,100.0,new
PRABHA,EQ,2026-09-17,225.03,228.65,218.02,220.77,221.6,226.58,125409,27972000.000000004,2915,,58404.0,46.57,new
PRADPME,BE,2026-09-17,440.0,466.9,440.0,451.0,445.0,446.1,8373,3790000.0,59,,,,new
PRAENG,EQ,2026-09-17,21.62,22.98,21.62,22.27,22.5,22.1,35511,794000.0,292,,16454.0,46.33,new
PRAJIND,EQ,2026-09-17,314.0,319.95,312.15,317.1,317.15,314.0,400316,126295000.0,12347,,184127.0,46.0,new
PRAKASH,EQ,2026-09-17,118.48,119.58,116.01,116.98,117.49,118.48,278545,32737000.0,5148,,167835.0,60.25,new
PRAKASHSTL,EQ,2026-09-17,3.76,3.83,3.74,3.77,3.76,3.74,68677,260000.0,224,,52862.0,76.97,new
PRAMARA,SM,2026-09-17,88.15,89.0,83.75,84.5,83.75,88.15,17500,1497000.0,29,,11500.0,65.71,new
PRAMODINI,SM,2026-09-17,119.5,119.5,115.3,115.6,115.3,117.05,60000,7003000.0,48,,38400.0,64.0,new
PRANAV,EQ,2026-09-17,110.0,117.0,109.0,111.16,111.0,106.81,13666426,1536483000.0,84570,,2120632.0,15.52,new
PRASOLCHEM,EQ,2026-09-17,653.95,691.5,621.0,678.8,680.8,671.0,2205000,1475303000.0,114985,,800896.0,36.32,new
PRATHAM,SM,2026-09-17,122.0,122.0,122.0,122.0,122.0,120.0,400,49000.0,1,,400.0,100.0,new
PRAVEG,EQ,2026-09-17,255.2,260.25,247.95,252.05,248.3,254.0,89732,22775000.0,1818,,56721.0,63.21,new
PRAXIS,EQ,2026-09-17,4.3,4.3,4.09,4.11,4.1,4.23,105578,436000.00000000006,282,,72170.0,68.36,new
PRECAM,EQ,2026-09-17,112.79,115.95,112.5,113.34,112.5,112.81,143157,16311000.000000002,2461,,80940.0,56.54,new
PRECISION,ST,2026-09-17,6.3,6.3,6.25,6.25,6.25,6.45,8000,50000.0,3,,8000.0,100.0,new
PRECOT,EQ,2026-09-17,651.05,668.45,651.05,655.15,655.0,654.45,1764,1160000.0,77,,1502.0,85.15,new
PRECWIRE,EQ,2026-09-17,439.6,452.95,436.1,449.25,450.9,439.6,490866,218505000.00000003,22060,,171097.0,34.86,new
PREMCO,EQ,2026-09-17,392.05,400.0,385.75,398.85,397.9,392.05,275,109000.00000000001,40,,269.0,97.82,new
PREMEXPLN,EQ,2026-09-17,668.1,675.5,666.95,668.15,668.5,667.85,348670,233188000.0,3734,,252354.0,72.38,new
PREMIER,BE,2026-09-17,2.85,2.85,2.66,2.66,2.66,2.79,3637,10000.0,21,,,,new
PREMIERENE,EQ,2026-09-17,885.9,904.3,880.0,880.0,880.0,899.0,927737,827526000.0,28126,,294814.0,31.78,new
PREMIERPOL,EQ,2026-09-17,82.2,84.02,81.0,82.33,81.8,82.62,121432,10037000.0,2408,,54470.0,44.86,new
PRESSTONIC,SM,2026-09-17,29.9,30.6,29.35,29.7,30.0,29.7,12000,359000.0,13,,8000.0,66.67,new
PRESTIGE,EQ,2026-09-17,1424.0,1456.7,1420.1,1440.1,1440.1,1424.0,598440,859042000.0,22950,,342487.0,57.23,new
PRICOLLTD,EQ,2026-09-17,744.9,758.9,740.95,752.5,752.05,744.8,167280,125915000.00000001,14862,,78048.0,46.66,new
PRIMECAB,ST,2026-09-17,159.0,165.05,159.0,164.85,164.9,159.05,68800,11183000.0,25,,64000.0,93.02,new
PRIMESECU,EQ,2026-09-17,287.5,299.0,284.75,294.05,298.0,283.75,94994,27802999.999999996,932,,67957.0,71.54,new
PRIMO,EQ,2026-09-17,21.35,22.1,21.13,21.28,21.44,21.35,44818,961999.9999999999,318,,25742.0,57.44,new
PRINCEPIPE,EQ,2026-09-17,256.5,261.0,255.45,258.7,259.0,257.3,70149,18128000.0,2422,,35082.0,50.01,new
PRIORITY,BE,2026-09-17,217.1,224.7,215.0,221.17,219.0,221.55,105062,23017000.0,582,,,,new
PRISMX,EQ,2026-09-17,0.55,0.56,0.54,0.54,0.55,0.55,34441,19000.0,87,,27291.0,79.24,new
PRITI,EQ,2026-09-17,31.96,34.0,31.03,32.97,32.62,31.96,6304,211000.0,103,,5566.0,88.29,new
PRITIKA,SM,2026-09-17,64.5,64.5,64.5,64.5,64.5,64.5,2000,129000.0,1,,2000.0,100.0,new
PRITIKAUTO,BE,2026-09-17,14.75,14.75,14.17,14.63,14.75,14.48,52075,757000.0,209,,,,new
PRIVISCL,EQ,2026-09-17,3465.0,3520.7,3454.0,3490.8,3496.0,3480.7,35255,123030000.0,7120,,20035.0,56.83,new
PRIZOR,ST,2026-09-17,1129.45,1129.45,1129.45,1129.45,1129.45,1152.5,10000,11295000.0,24,,10000.0,100.0,new
PRLIND,SM,2026-09-17,41.65,42.15,41.6,41.7,41.75,41.75,22000,917000.0,16,,17000.0,77.27,new
PROFX,SM,2026-09-17,69.5,73.0,69.5,71.1,71.1,70.3,32000,2302000.0,13,,30400.0,95.0,new
PROPSHOP,SM,2026-09-17,71.7,71.75,71.7,71.7,71.75,73.25,4000,287000.0,2,,2000.0,50.0,new
PROSTARM,EQ,2026-09-17,128.3,132.28,127.77,131.01,130.5,127.95,153389,19982000.0,3233,,52697.0,34.36,new
PROTEAN,EQ,2026-09-17,485.35,496.0,485.35,488.95,490.0,485.35,84841,41692000.0,3904,,42019.0,49.53,new
PROV,SM,2026-09-17,1680.0,1850.0,1680.0,1849.0,1850.0,1650.0,2160,3940999.9999999995,26,,1440.0,66.67,new
PROZONER,EQ,2026-09-17,52.87,53.79,52.01,53.6,53.3,52.61,351530,18731000.0,1751,,228320.0,64.95,new
PRSMJOHNSN,EQ,2026-09-17,113.4,116.38,113.11,113.44,113.21,114.54,175995,20137000.0,3450,,76126.0,43.25,new
PRUDENT,EQ,2026-09-17,3326.1,3349.4,3296.6,3320.2,3325.8,3326.1,8056,26776000.0,2588,,4842.0,60.1,new
PRUDMOULI,BE,2026-09-17,14.11,15.52,14.06,14.67,14.68,14.8,35699,507000.0,48,,,,new
PSB,EQ,2026-09-17,22.23,22.54,21.8,21.86,21.8,22.25,1706094,37613000.0,4643,,1035140.0,60.67,new
PSPPROJECT,EQ,2026-09-17,804.4,849.2,804.4,812.2,812.9,813.75,49623,40635000.0,2706,,27255.0,54.92,new
PSRAJ,SM,2026-09-17,98.0,98.0,96.0,96.0,96.0,102.35,10000,969999.9999999999,4,,10000.0,100.0,new
PSUBANK,EQ,2026-09-17,82.86,83.94,82.52,82.63,82.84,82.8,38641,3208000.0,436,,17513.0,45.32,new
PSUBANKADD,EQ,2026-09-17,83.94,84.84,83.35,83.39,83.38,83.23,19080,1598000.0,240,,3228.0,16.92,new
PSUBNKBEES,EQ,2026-09-17,91.1,93.68,91.1,92.38,92.31,92.21,1436668,133025000.0,4204,,847349.0,58.98,new
PSUBNKIETF,EQ,2026-09-17,84.16,85.1,83.58,83.83,84.21,83.7,43257,3639000.0,667,,22859.0,52.84,new
PTC,EQ,2026-09-17,152.49,156.45,151.71,155.93,156.0,151.96,1571624,242703000.00000003,24087,,995522.0,63.34,new
PTCIL,EQ,2026-09-17,22360.0,23055.0,22300.0,22670.0,22610.0,22500.0,15271,346774000.0,5984,,4587.0,30.04,new
PTL,EQ,2026-09-17,38.05,38.24,37.91,38.09,38.1,38.05,19791,753000.0,679,,13520.0,68.31,new
PULZ,SM,2026-09-17,23.25,23.25,22.1,22.1,22.1,23.25,16000,357000.0,7,,12000.0,75.0,new
PUNJABCHEM,EQ,2026-09-17,1071.2,1091.0,1056.0,1062.7,1062.0,1071.2,2280,2440000.0,405,,879.0,38.55,new
PURPLEUTED,ST,2026-09-17,420.0,444.75,415.1,441.95,436.5,423.6,20750,8910000.0,75,,20250.0,97.59,new
PURVA,EQ,2026-09-17,211.05,223.0,208.13,218.23,218.06,210.23,1438254,314073000.0,28192,,114338.0,7.95,new
PURVFLEXI,SM,2026-09-17,43.9,43.9,43.9,43.9,43.9,42.4,800,35000.0,1,,800.0,100.0,new
PUSHPA,SM,2026-09-17,103.0,107.95,103.0,104.0,104.0,105.5,56000,5877000.0,54,,5000.0,8.93,new
PVP,EQ,2026-09-17,56.97,60.5,56.06,57.05,58.0,58.51,1803277,104336999.99999999,9720,,837008.0,46.42,new
PVRINOX,EQ,2026-09-17,1248.5,1282.0,1231.2,1272.7,1270.0,1254.6,425001,538869000.0,28150,,156751.0,36.88,new
PVSL,EQ,2026-09-17,97.2,102.0,97.2,98.73,98.36,99.32,10987,1092000.0,458,,7750.0,70.54,new
PVTBANIETF,EQ,2026-09-17,27.73,27.97,27.51,27.58,27.62,27.94,2030986,56055999.99999999,1584,,1599539.0,78.76,new
PVTBANK,EQ,2026-09-17,27.5,27.5,27.23,27.23,27.23,27.41,1080,28999.999999999996,83,,1018.0,94.26,new
PVTBANKADD,EQ,2026-09-17,27.73,27.9,27.66,27.72,27.66,27.73,26754,743000.0,87,,13187.0,49.29,new
PVTBKGROWW,EQ,2026-09-17,27.77,27.77,27.2,27.33,27.24,27.53,3592,98000.0,73,,1943.0,54.09,new
PWL,EQ,2026-09-17,127.68,129.99,127.01,127.8,127.71,127.53,3147971,403828000.0,25587,,755393.0,24.0,new
PYRAMID,EQ,2026-09-17,156.39,156.39,151.11,154.56,154.68,153.93,16854,2592000.0,438,,9421.0,55.9,new
QFIL,SM,2026-09-17,60.0,60.0,60.0,60.0,60.0,63.0,1000,60000.0,1,,1000.0,100.0,new
QGOLDHALF,EQ,2026-09-17,124.86,125.24,123.93,124.65,124.64,125.15,165964,20686000.0,1074,,78085.0,47.05,new
QLINE,SM,2026-09-17,691.35,725.0,691.35,722.1,723.0,691.35,62800,44978000.0,141,,45600.0,72.61,new
QMSMEDI,BE,2026-09-17,167.4,170.99,162.1,168.92,168.7,164.29,48218,8036000.0,334,,,,new
QNIFTY,EQ,2026-09-17,258.9,258.9,255.6,257.24,257.0,256.39,11686,3004000.0,192,,10037.0,85.89,new
QPOWER,EQ,2026-09-17,1435.0,1494.0,1425.0,1489.8,1494.0,1422.9,728624,1076990000.0,25778,,367161.0,50.39,new
QUADFUTURE,EQ,2026-09-17,490.0,534.35,484.0,521.5,517.25,491.95,2251310,1165520000.0,63484,,412869.0,18.34,new
QUADPRO,SM,2026-09-17,3.15,3.15,3.1,3.1,3.1,3.0,84000,263000.0,7,,72000.0,85.71,new
QUAL30IETF,EQ,2026-09-17,20.33,20.45,20.25,20.38,20.45,20.27,23099,470000.0,130,,12816.0,55.48,new
QUALIANCE,ST,2026-09-17,202.45,202.45,202.45,202.45,202.45,213.1,10000,2025000.0,7,,10000.0,100.0,new
QUALITY30,EQ,2026-09-17,19.92,20.03,19.85,19.96,19.85,19.93,1924,38000.0,127,,1619.0,84.15,new
QUESS,EQ,2026-09-17,340.0,355.0,336.15,353.0,353.1,342.4,319184,111793000.0,14867,,159885.0,50.09,new
QUESTLAB,SM,2026-09-17,75.55,78.7,73.55,77.3,77.3,78.0,22800,1743000.0,19,,14400.0,63.16,new
QUICKHEAL,EQ,2026-09-17,158.39,158.39,150.1,152.37,153.9,157.33,174302,26818000.0,3256,,83272.0,47.77,new
QUICKTOUCH,SM,2026-09-17,16.3,16.3,16.2,16.2,16.2,17.05,6500,106000.0,4,,6000.0,92.31,new
QUINT,EQ,2026-09-17,63.66,63.66,63.66,63.66,63.66,57.88,216505,13783000.000000002,154,,116022.0,53.59,new
RACE,EQ,2026-09-17,97.08,100.2,94.5,96.77,99.5,96.86,62847,6107000.0,365,,15086.0,24.0,new
RACLGEAR,EQ,2026-09-17,1874.9,1927.7,1790.7,1829.0,1838.4,1852.4,133875,250717999.99999997,17740,,34293.0,25.62,new
RADAAN,EQ,2026-09-17,2.84,2.9,2.72,2.8,2.8,2.84,27820,78000.0,76,,25800.0,92.74,new
RADHIKAJWE,BE,2026-09-17,68.12,68.12,68.12,68.12,68.12,71.7,207578,14140000.0,1010,,,,new
RADIANTCMS,EQ,2026-09-17,38.29,38.44,36.04,36.26,36.48,38.05,704202,26135000.000000004,4151,,448801.0,63.73,new
RADICO,EQ,2026-09-17,4450.0,4469.8,4380.0,4380.0,4380.0,4466.0,155034,684605000.0,20824,,65753.0,42.41,new
RADIOCITY,EQ,2026-09-17,6.05,6.16,6.0,6.05,6.04,6.03,26879,162000.0,99,,22162.0,82.45,new
RADIOWALLA,ST,2026-09-17,25.2,25.2,25.2,25.2,25.2,24.0,4800,121000.0,3,,3200.0,66.67,new
RAILTEL,EQ,2026-09-17,254.75,265.65,253.95,259.25,259.75,252.35,1505311,390325000.0,36276,,278562.0,18.51,new
RAIN,EQ,2026-09-17,199.8,203.99,197.0,203.02,203.11,199.29,3466885,697472000.0,23238,,1475456.0,42.56,new
RAINBOW,EQ,2026-09-17,1455.0,1505.0,1451.1,1473.4,1475.1,1457.2,108213,160740000.0,17070,,40108.0,37.06,new
RAJESHEXPO,BZ,2026-09-17,75.11,78.0,73.0,73.43,73.75,76.74,309457,22947000.0,1664,,,,new
RAJINDLTD,SM,2026-09-17,64.0,64.4,60.35,60.35,60.35,64.5,4500,283000.0,3,,3000.0,66.67,new
RAJMET,EQ,2026-09-17,3.11,3.15,3.1,3.12,3.14,3.13,122407,382000.0,467,,94714.0,77.38,new
RAJOOENG,BE,2026-09-17,52.0,54.2,51.27,53.3,53.58,52.26,196521,10396000.0,649,,,,new
RAJPALAYAM,EQ,2026-09-17,774.0,780.0,765.0,771.25,777.7,760.0,747,577000.0,31,,705.0,94.38,new
RAJPUTANA,SM,2026-09-17,200.0,200.0,200.0,200.0,200.0,198.5,500,100000.0,1,,500.0,100.0,new
RAJRATAN,EQ,2026-09-17,462.0,470.3,430.0,438.1,439.1,462.95,239849,107416000.00000001,9984,,161032.0,67.14,new
RAJRILTD,BE,2026-09-17,20.71,21.3,20.71,21.07,20.96,20.91,6703,142000.0,108,,,,new
RAJSREESUG,EQ,2026-09-17,31.55,32.39,31.0,31.99,31.7,31.24,27288,869000.0,395,,14652.0,53.69,new
RAJTV,EQ,2026-09-17,8.76,8.76,8.3,8.56,8.4,8.58,32088,279000.0,156,,25171.0,78.44,new
RALLIS,EQ,2026-09-17,203.09,206.24,200.6,204.14,204.5,202.65,588516,119700000.0,15131,,333735.0,56.71,new
RAMANEWS,EQ,2026-09-17,30.16,32.5,30.16,30.94,30.87,30.16,24768,776000.0,311,,15639.0,63.14,new
RAMAPHO,EQ,2026-09-17,117.89,119.0,115.5,116.9,116.61,115.18,14613,1704000.0,441,,7209.0,49.33,new
RAMASTEEL,BE,2026-09-17,4.0,4.11,3.93,4.11,4.11,3.92,3583514,14591000.0,3354,,,,new
RAMBHAJO,EQ,2026-09-17,253.0,273.0,249.73,266.17,267.25,252.05,421913,111577000.0,8251,,120317.0,28.52,new
RAMCOCEM,EQ,2026-09-17,862.75,864.8,852.8,858.95,857.0,863.15,96798,83186000.0,8199,,50143.0,51.8,new
RAMCOIND,EQ,2026-09-17,320.85,323.95,315.55,320.9,320.0,320.85,50789,16256000.0,1833,,29766.0,58.61,new
RAMCOSYS,EQ,2026-09-17,555.0,577.9,550.8,564.85,568.5,558.65,35499,20097000.0,1649,,14603.0,41.14,new
RAMKY,EQ,2026-09-17,311.75,322.7,309.05,320.7,322.2,311.75,35791,11452000.0,1444,,18058.0,50.45,new
RAMRAT,EQ,2026-09-17,525.0,560.0,521.55,557.6,558.95,525.8,326151,178672000.0,14738,,151368.0,46.41,new
RANASUG,EQ,2026-09-17,14.85,14.85,14.16,14.7,14.4,14.7,1120437,16485000.0,400,,1075587.0,96.0,new
RANEHOLDIN,EQ,2026-09-17,1631.1,1656.9,1620.1,1626.3,1621.0,1630.3,5957,9733000.0,743,,4062.0,68.19,new
RAPIDFLEET,SM,2026-09-17,210.65,225.05,210.1,212.15,212.15,224.0,10800,2333000.0,18,,3000.0,27.78,new
RAPPID,SM,2026-09-17,305.0,370.65,305.0,368.5,359.0,308.9,24600,8636000.0,29,,24000.0,97.56,new
RATEGAIN,EQ,2026-09-17,853.95,871.0,853.95,865.45,868.5,860.95,103532,89141000.0,9794,,47849.0,46.22,new
RATNAMANI,EQ,2026-09-17,2701.0,2735.6,2656.5,2702.6,2727.0,2695.0,39882,107200000.0,12476,,21317.0,53.45,new
RATNAVEER,EQ,2026-09-17,287.75,322.0,284.75,303.85,302.9,286.75,21339407,6490556000.0,205763,,5497251.0,25.76,new
RAYMOND,EQ,2026-09-17,993.9,1008.7,966.05,978.2,974.5,993.9,3634141,3577394000.0,109258,,295143.0,8.12,new
RAYMONDLSL,EQ,2026-09-17,668.0,675.65,655.15,657.25,662.0,667.75,95210,63119000.00000001,5118,,45103.0,47.37,new
RAYMONDREL,EQ,2026-09-17,566.45,604.0,562.0,584.55,584.0,565.35,653981,383336000.0,23982,,214951.0,32.87,new
RBA,EQ,2026-09-17,95.99,96.83,94.63,96.12,96.28,95.83,2487096,238076000.00000003,19175,,1155930.0,46.48,new
RBLBANK,EQ,2026-09-17,403.0,411.65,401.95,404.15,404.15,404.0,2254458,916198000.0,24558,,1042713.0,46.25,new
RBMINFRA,SM,2026-09-17,280.25,307.0,275.05,284.65,289.0,290.75,24000,6914000.0,87,,16000.0,66.67,new
RBZJEWEL,BE,2026-09-17,161.99,170.0,158.0,169.4,168.49,162.3,60344,10080000.0,661,,,,new
RCDL,SM,2026-09-17,13.55,14.2,13.55,14.1,14.1,13.85,15000,210000.0,5,,12000.0,80.0,new
RCDL-RE,ST,2026-09-17,2.2,2.45,2.15,2.45,2.45,2.65,21000,47000.0,4,,21000.0,100.0,new
RCF,EQ,2026-09-17,108.84,110.45,108.47,109.84,110.2,108.77,1203731,131858999.99999999,11278,,401082.0,33.32,new
RCOM,BE,2026-09-17,0.96,0.96,0.96,0.96,0.96,1.01,1894938,1819000.0000000002,1486,,,,new
READYMIX,SM,2026-09-17,70.0,70.0,70.0,70.0,70.0,70.2,2000,140000.0,2,,2000.0,100.0,new
RECLTD,EQ,2026-09-17,314.0,315.05,310.5,310.5,310.5,312.65,3222931,1007423000.0,28784,,1712943.0,53.15,new
REDINGTON,EQ,2026-09-17,387.5,403.2,385.0,400.1,401.5,388.15,7092777,2824621000.0,86081,,2895651.0,40.83,new
REDTAPE,EQ,2026-09-17,117.5,120.0,115.6,118.65,118.17,117.34,777362,91862000.0,13783,,147527.0,18.98,new
REFEX,EQ,2026-09-17,259.4,277.0,259.4,271.75,271.0,260.9,496100,134861000.0,11205,,174955.0,35.27,new
REFRACTORY,SM,2026-09-17,30.2,30.2,30.2,30.2,30.2,28.8,7000,211000.0,3,,7000.0,100.0,new
REGAAL,EQ,2026-09-17,80.99,81.47,79.01,80.08,79.1,80.59,176752,14151000.0,1292,,110064.0,62.27,new
REGENCERAM,EQ,2026-09-17,33.22,35.9,33.11,35.13,35.48,33.1,3189,112000.00000000001,73,,1883.0,59.05,new
RELAXO,EQ,2026-09-17,311.95,317.35,310.8,313.7,314.2,311.4,99274,31160000.000000004,5639,,39240.0,39.53,new
RELCHEMQ,EQ,2026-09-17,120.0,122.42,116.67,119.21,119.0,116.66,7300,875000.0,340,,3418.0,46.82,new
RELIABLE,EQ,2026-09-17,130.0,137.45,130.0,136.41,137.45,136.05,5899,801000.0,238,,4384.0,74.32,new
RELIANCE,EQ,2026-09-17,1244.8,1253.4,1238.5,1243.9,1243.9,1240.0,7752895,9647522000.0,158694,,3921277.0,50.58,new
RELIGARE,EQ,2026-09-17,247.25,252.0,245.08,249.89,250.5,247.65,238764,59365000.0,7205,,116913.0,48.97,new
RELINFRA,BE,2026-09-17,50.51,51.9,50.51,51.01,51.9,51.54,502081,25421000.0,2300,,,,new
RELTD,EQ,2026-09-17,148.72,150.5,144.74,146.16,147.99,147.96,51287,7534999.999999999,1482,,26023.0,50.74,new
REMSONSIND,EQ,2026-09-17,93.45,96.66,93.0,95.06,96.0,92.34,38817,3671000.0,841,,23925.0,61.64,new
REMUS,SM,2026-09-17,883.0,986.0,883.0,972.1,985.0,866.35,48100,45641000.0,328,,39900.0,82.95,new
RENTOMOJO,EQ,2026-09-17,482.45,546.8,482.45,534.25,546.0,404.0,45889291,23493887000.0,796063,,18533786.0,40.39,new
RENUKA,EQ,2026-09-17,23.0,23.33,22.61,22.81,22.72,23.01,7607455,174839000.0,12785,,2180903.0,28.67,new
REPCOHOME,EQ,2026-09-17,344.0,350.9,343.15,346.3,345.05,346.7,73126,25362000.0,3665,,46480.0,63.56,new
REPL,BE,2026-09-17,57.61,58.64,56.0,57.47,57.49,57.61,2774,158000.0,62,,,,new
REPRO,EQ,2026-09-17,298.05,308.0,294.0,296.95,296.65,297.95,5286,1585000.0,412,,3828.0,72.42,new
RESPONIND,EQ,2026-09-17,159.47,164.7,159.16,163.4,164.18,161.57,156159,25441000.0,3501,,49767.0,31.87,new
RETAIL,EQ,2026-09-17,16.78,17.75,16.21,16.83,16.7,16.78,3126,53000.0,79,,2321.0,74.25,new
REXPRO,SM,2026-09-17,36.9,36.9,36.85,36.85,36.85,35.15,12000,443000.0,10,,9000.0,75.0,new
RGL,EQ,2026-09-17,148.0,158.5,148.0,156.49,157.1,149.5,777575,121236999.99999999,10292,,292055.0,37.56,new
RHETAN,EQ,2026-09-17,20.59,20.59,20.59,20.59,20.59,21.67,246581,5077000.0,834,,246581.0,100.0,new
RHFL,BZ,2026-09-17,1.8,1.81,1.73,1.75,1.75,1.79,748192,1314000.0,742,,,,new
RHIM,EQ,2026-09-17,363.6,369.65,363.6,365.95,366.6,363.6,66638,24419000.0,3253,,32977.0,49.49,new
RHL,EQ,2026-09-17,172.95,174.0,165.0,173.74,174.0,173.24,1964,336000.0,42,,1376.0,70.06,new
RICOAUTO,EQ,2026-09-17,125.25,129.0,124.7,128.04,127.6,125.86,701172,89080000.0,7541,,236738.0,33.76,new
RIIL,EQ,2026-09-17,694.95,706.45,692.55,700.25,699.0,693.65,29678,20788000.0,1960,,9245.0,31.15,new
RIIT,IV,2026-09-17,121.0,121.0,119.8,119.98,119.99,119.8,39962,4797000.0,3138,,35875.0,89.77,new
RILINFRA,SM,2026-09-17,32.9,33.1,32.1,32.75,33.0,32.75,3800,124000.0,24,,2200.0,57.89,new
RIR,EQ,2026-09-17,194.74,207.71,186.51,197.63,199.0,179.77,36391145,7291167999.999999,313049,,2136312.0,5.87,new
RISHABH,EQ,2026-09-17,752.8,804.0,752.8,778.35,772.0,758.55,225313,176230000.0,11267,,109357.0,48.54,new
RITCO,EQ,2026-09-17,296.5,302.55,294.6,299.3,300.0,294.75,34285,10274000.0,791,,25204.0,73.51,new
RITES,EQ,2026-09-17,204.92,208.64,204.92,207.93,208.3,204.92,281095,58276000.0,9284,,96832.0,34.45,new
RKDL,EQ,2026-09-17,17.85,18.49,17.85,18.3,18.49,17.94,5824,107000.0,55,,5686.0,97.63,new
RKEC,EQ,2026-09-17,19.61,19.61,18.02,18.49,18.4,19.01,52286,977999.9999999999,311,,39882.0,76.28,new
RKFORGE,EQ,2026-09-17,686.0,714.7,681.05,705.45,703.0,688.8,420271,296520000.0,21352,,192532.0,45.81,new
RKSWAMY,EQ,2026-09-17,87.3,91.0,87.3,88.06,88.17,88.33,16452,1465000.0,684,,9089.0,55.25,new
RMC,EQ,2026-09-17,207.35,239.9,206.41,229.16,229.9,206.41,171578,39186000.0,6633,,58028.0,33.82,new
RMDRIP,BE,2026-09-17,23.01,23.67,23.0,23.01,23.01,23.23,210318,4846000.0,409,,,,new
RML,EQ,2026-09-17,1263.0,1320.0,1255.0,1281.8,1279.0,1268.1,41572,53742999.99999999,4733,,16280.0,39.16,new
RNBDENIMS,BE,2026-09-17,9.15,9.59,9.15,9.38,9.4,9.31,71402,671000.0,246,,,,new
RNFI,SM,2026-09-17,319.0,326.0,316.75,317.1,317.1,315.4,13800,4426000.0,17,,11400.0,82.61,new
RNPL,SM,2026-09-17,58.0,58.0,55.1,55.5,55.5,58.0,15600,871000.0000000001,12,,13200.0,84.62,new
ROCKINGDCE,SM,2026-09-17,222.0,227.5,222.0,224.75,227.5,230.0,500,112000.00000000001,2,,250.0,50.0,new
ROHLTD,EQ,2026-09-17,304.8,304.95,296.05,297.45,297.0,296.1,7531,2246000.0,427,,3878.0,51.49,new
ROLEXRINGS,EQ,2026-09-17,168.72,171.01,168.0,169.82,170.0,168.53,620493,105255000.0,8001,,250199.0,40.32,new
ROLLT,BE,2026-09-17,5.42,5.44,5.31,5.44,5.44,5.19,638643,3467000.0,583,,,,new
ROML,EQ,2026-09-17,41.31,42.7,41.31,41.42,41.42,41.27,28,1000.0,10,,16.0,57.14,new
ROSSARI,EQ,2026-09-17,437.8,445.75,435.65,440.75,440.1,437.8,49511,21850000.0,6201,,29275.0,59.13,new
ROSSELLIND,EQ,2026-09-17,55.25,56.05,54.01,54.38,54.32,55.35,33538,1845000.0,546,,20819.0,62.08,new
ROSSTECH,EQ,2026-09-17,1349.9,1426.9,1325.0,1357.2,1351.3,1349.9,758996,1053356000.0,53925,,134382.0,17.71,new
ROTO,EQ,2026-09-17,62.1,65.7,62.09,63.35,63.21,62.13,667933,42992000.0,6520,,160619.0,24.05,new
ROUTE,EQ,2026-09-17,480.7,494.8,478.3,492.6,490.25,480.7,175473,85369000.0,5467,,37644.0,21.45,new
ROXHITECH,SM,2026-09-17,43.5,44.35,43.5,43.65,43.65,43.55,24000,1053000.0,7,,22400.0,93.33,new
RPEL,EQ,2026-09-17,1549.0,1695.0,1538.0,1654.3,1636.0,1547.0,221802,363555000.0,22848,,70465.0,31.77,new
RPGLIFE,EQ,2026-09-17,2754.0,2889.0,2696.8,2824.5,2808.0,2739.1,18681,52652000.0,3747,,8724.0,46.7,new
RPOWER,EQ,2026-09-17,20.88,21.4,20.78,21.05,21.03,20.78,14286289,301427000.0,26810,,3463644.0,24.24,new
RPPINFRA,EQ,2026-09-17,54.8,54.99,53.61,54.79,54.48,53.56,42606,2319000.0,782,,26598.0,62.43,new
RPPL,BE,2026-09-17,20.99,21.62,20.99,21.3,21.3,20.98,13388,282000.0,23,,,,new
RPSGVENT,EQ,2026-09-17,823.7,836.95,819.05,832.5,833.85,823.7,14068,11655000.0,1058,,7915.0,56.26,new
RPTECH,EQ,2026-09-17,792.0,817.4,790.5,806.8,809.5,794.45,154700,125140000.00000001,15066,,71302.0,46.09,new
RRECL,EQ,2026-09-17,125.0,145.0,125.0,144.0,144.0,135.57,53,7000.000000000001,9,,32.0,60.38,new
RRIL,EQ,2026-09-17,15.76,16.02,15.35,15.96,15.77,16.23,50261,788000.0,327,,38253.0,76.11,new
RRKABEL,EQ,2026-09-17,2399.0,2441.3,2378.1,2390.5,2382.6,2397.4,290367,698359000.0,28068,,146861.0,50.58,new
RSDFIN,BE,2026-09-17,90.0,93.0,88.41,93.0,93.0,93.0,749,68000.0,17,,,,new
RSL,EQ,2026-09-17,180.9,188.18,179.05,180.63,182.25,180.84,269803,49157000.0,5473,,106030.0,39.3,new
RSSOFTWARE,EQ,2026-09-17,30.24,30.49,29.95,30.0,29.95,29.92,9423,285000.0,87,,6792.0,72.08,new
RSWM,BE,2026-09-17,208.0,216.0,205.0,213.63,214.0,210.67,32969,6966000.0,165,,,,new
RSYSTEMS,EQ,2026-09-17,240.74,247.68,237.81,245.78,245.1,240.74,131088,32001000.0,3623,,61425.0,46.86,new
RTL,SM,2026-09-17,78.55,78.55,78.5,78.5,78.5,82.9,4000,314000.0,2,,2000.0,50.0,new
RTNINDIA,EQ,2026-09-17,26.73,26.95,24.95,26.37,26.3,26.74,1807116,47674000.0,7660,,817113.0,45.22,new
RTNPOWER,EQ,2026-09-17,7.06,7.09,7.0,7.06,7.08,7.03,10973501,77230000.0,8783,,4739388.0,43.19,new
RTSPOWR,EQ,2026-09-17,86.97,86.97,84.4,86.79,86.79,83.72,123,11000.0,17,,118.0,95.93,new
RUBFILA,EQ,2026-09-17,66.96,67.75,65.1,65.72,65.94,65.04,53106,3508000.0,419,,30450.0,57.34,new
RUBICON,EQ,2026-09-17,1766.7,1834.9,1766.7,1778.3,1778.0,1766.7,181529,325901000.0,18165,,100257.0,55.23,new
RUBYMILLS,EQ,2026-09-17,461.0,466.4,446.45,457.6,454.6,462.1,25178,11499000.0,1080,,6115.0,24.29,new
RUCHINFRA,EQ,2026-09-17,5.29,5.29,5.1,5.14,5.1,5.22,70536,366000.0,267,,54812.0,77.71,new
RUCHIRA,EQ,2026-09-17,107.81,110.79,106.0,107.45,108.0,107.28,39762,4316000.0,857,,20110.0,50.58,new
RUDRA,EQ,2026-09-17,19.9,20.8,19.9,20.36,20.25,20.08,19030,387000.0,111,,14018.0,73.66,new
RULKA,SM,2026-09-17,106.95,109.5,106.95,107.0,107.0,105.0,2100,225999.99999999997,6,,1800.0,85.71,new
RUPA,EQ,2026-09-17,132.08,135.27,130.31,134.97,135.0,132.08,108222,14396000.0,3680,,50916.0,47.05,new
RUSHIL,EQ,2026-09-17,15.08,15.8,13.91,15.57,15.7,15.33,3207179,46915000.0,4880,,1581492.0,49.31,new
RUSTOMJEE,EQ,2026-09-17,338.35,345.05,337.0,340.95,342.9,338.35,13704,4682000.0,1249,,7829.0,57.13,new
RVHL,EQ,2026-09-17,39.01,39.9,38.01,38.7,39.38,39.43,3771,146000.0,150,,2906.0,77.06,new
RVNL,EQ,2026-09-17,196.5,201.9,196.5,201.7,201.7,197.5,3554203,708899000.0,34707,,961874.0,27.06,new
RVTH,EQ,2026-09-17,669.65,679.05,663.0,666.75,670.05,663.0,204,136000.0,23,,195.0,95.59,new
S&SPOWER,EQ,2026-09-17,329.8,329.8,318.0,318.7,318.0,321.35,1890,606000.0,77,,1486.0,78.62,new
SAAKSHI,ST,2026-09-17,366.2,369.0,355.0,357.05,361.0,368.5,55200,20070000.0,29,,54000.0,97.83,new
SAATVIKGL,EQ,2026-09-17,413.05,413.05,402.6,404.5,404.1,413.25,94033,38301000.0,4398,,29858.0,31.75,new
SAB,EQ,2026-09-17,174.18,174.18,174.18,174.18,174.18,175.05,1,0.0,1,,1.0,100.0,new
SACHEEROME,SM,2026-09-17,506.0,526.9,490.1,522.2,525.75,501.65,43200,22275000.0,97,,28200.0,65.28,new
SADBHAV,EQ,2026-09-17,7.6,7.75,7.46,7.52,7.46,7.6,119756,910000.0,393,,95712.0,79.92,new
SADBHIN,EQ,2026-09-17,2.66,2.66,2.46,2.48,2.52,2.55,162843,409999.99999999994,363,,107935.0,66.28,new
SADHAV,SM,2026-09-17,108.0,108.9,106.0,108.5,108.5,107.45,6600,709000.0,10,,5400.0,81.82,new
SADHNANIQ,BE,2026-09-17,2.7,2.8,2.7,2.8,2.8,2.75,1926476,5237000.0,308,,,,new
SAFARI,EQ,2026-09-17,1520.0,1525.5,1496.1,1511.4,1502.0,1520.5,30289,45710000.0,4498,,15607.0,51.53,new
SAFEENTP,SM,2026-09-17,252.0,253.45,249.95,252.3,250.6,246.7,24500,6175000.0,38,,20000.0,81.63,new
SAGARDEEP,EQ,2026-09-17,23.92,24.15,23.2,23.5,23.28,23.81,5082,120000.0,81,,3187.0,62.71,new
SAGCEM,EQ,2026-09-17,148.02,152.49,147.0,149.41,151.5,147.99,29756,4422000.0,1128,,14034.0,47.16,new
SAGILITY,EQ,2026-09-17,45.02,45.38,44.45,44.56,44.56,45.02,10163066,455443999.99999994,28386,,5186292.0,51.03,new
SAHAJSOLAR,SM,2026-09-17,93.1,95.0,92.4,93.3,93.5,95.4,13200,1233000.0,32,,8800.0,66.67,new
SAHANA,SM,2026-09-17,864.55,864.55,825.55,849.1,843.35,864.55,19350,16466999.999999998,109,,11400.0,58.91,new
SAHASRA,SM,2026-09-17,332.95,338.0,311.3,320.1,323.0,326.9,69200,22180000.0,160,,42000.0,60.69,new
SAHLIBHFI,EQ,2026-09-17,79.9,80.87,77.0,78.52,78.45,78.94,9115,723000.0,373,,3715.0,40.76,new
SAHYADRI,EQ,2026-09-17,364.9,370.0,357.0,359.25,365.0,361.3,5407,1955000.0,373,,3124.0,57.78,new
SAICAPI,EQ,2026-09-17,158.84,160.1,155.66,158.99,158.99,158.84,61,10000.0,9,,59.0,96.72,new
SAIFL,SM,2026-09-17,4.35,4.4,4.25,4.4,4.4,4.25,56000,244000.0,13,,56000.0,100.0,new
SAIL,EQ,2026-09-17,173.0,176.25,173.0,175.01,175.01,173.55,11246822,1966439000.0,45335,,5236837.0,46.56,new
SAILIFE,EQ,2026-09-17,1537.9,1569.6,1530.2,1545.7,1543.3,1539.1,443745,686782000.0,40339,,267960.0,60.39,new
SAIPARENT,EQ,2026-09-17,516.0,516.0,505.55,510.25,508.3,516.45,23068,11771000.0,2023,,15784.0,68.42,new
SAKAR,EQ,2026-09-17,1100.0,1163.85,1100.0,1129.55,1127.0,1105.4,72715,82673000.0,5977,,42688.0,58.71,new
SAKHTISUG,EQ,2026-09-17,18.53,18.9,18.31,18.44,18.54,18.53,64020,1191000.0,575,,31030.0,48.47,new
SAKSOFT,EQ,2026-09-17,141.18,143.85,140.71,142.92,142.23,141.18,179023,25493000.0,3479,,77296.0,43.18,new
SAKUMA,EQ,2026-09-17,1.55,1.58,1.54,1.54,1.56,1.56,681384,1057000.0,651,,506305.0,74.31,new
SALASAR,EQ,2026-09-17,4.92,4.96,4.87,4.89,4.88,4.93,2278124,11190000.0,2628,,1438424.0,63.14,new
SALONA,EQ,2026-09-17,269.95,269.95,263.05,266.05,268.65,264.0,180,48000.0,9,,96.0,53.33,new
SALSTEEL,EQ,2026-09-17,76.7,78.35,75.87,78.35,78.35,74.62,243492,18923000.0,2273,,105729.0,43.42,new
SALZERELEC,EQ,2026-09-17,556.5,564.95,548.65,550.95,550.0,557.85,39715,22088000.0,2447,,16389.0,41.27,new
SAMAY,ST,2026-09-17,47.0,47.0,47.0,47.0,47.0,46.95,4000,188000.0,1,,4000.0,100.0,new
SAMBANDAM,EQ,2026-09-17,105.0,105.39,101.0,101.51,101.5,106.27,2802,285000.0,75,,2012.0,71.81,new
SAMBHAAV,EQ,2026-09-17,5.9,6.14,5.88,6.0,5.92,5.89,13902,84000.0,81,,11531.0,82.94,new
SAMBHV,EQ,2026-09-17,128.11,131.0,127.5,129.09,128.6,128.4,899777,116474000.0,8994,,372930.0,41.45,new
SAMHI,EQ,2026-09-17,160.0,162.24,153.6,156.67,156.2,160.27,1218576,193108000.0,29805,,539400.0,44.26,new
SAMMAANCAP,EQ,2026-09-17,142.0,144.57,141.3,142.22,142.01,142.19,4348828,620922000.0,27225,,2189837.0,50.35,new
SAMPANN,EQ,2026-09-17,24.44,24.69,23.11,24.26,24.3,24.28,35582,850000.0,388,,18042.0,50.71,new
SANATHAN,EQ,2026-09-17,448.0,466.75,448.0,461.95,463.4,454.05,43107,19697000.0,3421,,24143.0,56.01,new
SANDESH,EQ,2026-09-17,1027.3,1045.0,1014.5,1037.4,1040.0,1032.3,408,421000.0,40,,340.0,83.33,new
SANDHAR,EQ,2026-09-17,585.0,596.2,579.0,588.25,585.15,583.25,115625,67915000.0,6548,,59645.0,51.58,new
SANDUMA,EQ,2026-09-17,180.6,183.78,180.6,182.53,183.2,180.6,389388,71091000.0,8446,,176203.0,45.25,new
SANGAMIND,EQ,2026-09-17,562.3,590.0,562.3,583.05,585.9,566.55,18253,10565000.0,981,,9865.0,54.05,new
SANGANI,SM,2026-09-17,50.1,50.1,49.9,49.9,49.9,52.5,3000,150000.0,2,,3000.0,100.0,new
SANGHVIMOV,EQ,2026-09-17,410.4,424.8,410.4,419.65,418.3,408.25,307857,128624000.0,15414,,171300.0,55.64,new
SANGINITA,BE,2026-09-17,69.67,69.67,69.67,69.67,69.67,68.31,26625,1855000.0,68,,,,new
SANOFI,EQ,2026-09-17,3111.2,3126.7,3075.2,3085.0,3080.2,3111.2,15928,49321000.0,3947,,8033.0,50.43,new
SANOFICONR,EQ,2026-09-17,4018.0,4046.8,3926.0,3989.5,4024.0,3990.4,4821,19291000.0,940,,1106.0,22.94,new
SANSERA,EQ,2026-09-17,3969.0,4048.0,3938.5,4017.5,4011.0,3971.2,130544,522731000.00000006,22337,,72307.0,55.39,new
SANSTAR,EQ,2026-09-17,112.48,116.55,112.48,115.54,115.0,112.81,348381,40056000.0,4079,,182792.0,52.47,new
SANWARIA,BZ,2026-09-17,0.2,0.2,0.19,0.19,0.19,0.2,121373,24000.0,102,,,,new
SAPPHIRE,EQ,2026-09-17,223.1,235.39,222.78,233.24,233.0,223.32,1148165,265834000.0,22720,,259749.0,22.62,new
SAPPL,EQ,2026-09-17,287.8,287.8,276.0,278.75,277.0,274.65,949,263000.0,31,,890.0,93.78,new
SARDAEN,EQ,2026-09-17,500.0,525.0,495.45,506.95,508.35,497.35,829409,424776000.0,32265,,211525.0,25.5,new
SAREGAMA,EQ,2026-09-17,483.5,501.9,483.0,489.25,493.0,486.55,420340,207796000.0,23120,,187287.0,44.56,new
SARLAPOLY,EQ,2026-09-17,95.62,97.1,95.62,96.49,96.3,95.22,19034,1832000.0,340,,12083.0,63.48,new
SAROJA,SM,2026-09-17,41.35,41.35,41.35,41.35,41.35,39.75,1600,66000.0,1,,1600.0,100.0,new
SARTELE,SM,2026-09-17,73.45,80.45,72.9,79.05,78.5,73.8,160500,12584000.0,192,,119500.0,74.45,new
SARVESHWAR,EQ,2026-09-17,3.76,3.86,3.72,3.72,3.73,3.79,1262970,4741000.0,1552,,892989.0,70.71,new
SASKEN,EQ,2026-09-17,1687.8,1740.0,1670.2,1722.1,1710.4,1681.5,31022,53201000.0,4030,,16206.0,52.24,new
SATECH,SM,2026-09-17,43.5,43.7,40.0,40.0,40.0,43.9,14000,577000.0,13,,12000.0,85.71,new
SATIA,EQ,2026-09-17,68.11,70.0,67.08,67.63,67.56,68.11,92651,6346000.0,1435,,53875.0,58.15,new
SATIN,EQ,2026-09-17,215.1,222.86,215.1,219.82,221.0,217.88,86493,19018000.0,2634,,43509.0,50.3,new
SATIPOLY,ST,2026-09-17,33.35,34.5,33.35,34.5,34.5,35.1,2000,68000.0,3,,2000.0,100.0,new
SATKARTAR,SM,2026-09-17,147.45,147.5,134.9,139.15,139.3,143.3,30400,4248000.0,31,,21600.0,71.05,new
SATTVAENGG,SM,2026-09-17,62.55,62.55,59.0,60.2,61.4,61.0,16000,969000.0,9,,16000.0,100.0,new
SAURASHCEM,EQ,2026-09-17,52.5,53.29,51.4,51.91,51.49,52.33,152309,7908000.0,1741,,91778.0,60.26,new
SAVY,SM,2026-09-17,132.0,139.8,132.0,137.7,137.0,135.0,12000,1642000.0000000002,10,,8400.0,70.0,new
SAWALIYA,SM,2026-09-17,159.0,166.9,158.0,164.4,166.9,159.0,27600,4480000.0,10,,27600.0,100.0,new
SAYAJIIND,EQ,2026-09-17,113.0,113.0,113.0,113.0,113.0,113.0,3,0.0,2,,3.0,100.0,new
SBC,EQ,2026-09-17,47.65,48.68,47.65,48.25,48.49,47.63,7597720,366863000.0,5630,,2539415.0,33.42,new
SBCL,EQ,2026-09-17,1062.0,1115.0,1057.2,1091.8,1100.0,1057.0,279880,306183000.0,22473,,108381.0,38.72,new
SBFC,EQ,2026-09-17,94.0,95.15,93.06,93.32,93.9,93.66,515860,48449000.0,7608,,246111.0,47.71,new
SBGLP,EQ,2026-09-17,23.0,25.78,22.99,25.78,25.78,21.49,684921,17608000.0,749,,505544.0,73.81,new
SBIBPB,EQ,2026-09-17,48.27,48.79,47.6,47.77,48.22,48.27,86400,4146000.0,379,,23379.0,27.06,new
SBICARD,EQ,2026-09-17,616.0,641.55,616.0,636.95,636.95,618.1,1811876,1147063000.0,35201,,987620.0,54.51,new
SBIETFCON,EQ,2026-09-17,118.97,118.97,117.91,118.54,118.54,117.78,1963,231999.99999999997,61,,1170.0,59.6,new
SBIETFIT,EQ,2026-09-17,319.01,326.8,319.01,323.24,324.44,322.23,5344,1721000.0,163,,4115.0,77.0,new
SBIETFPB,EQ,2026-09-17,283.59,283.59,277.68,278.65,280.05,279.3,6642,1854000.0,95,,6093.0,91.73,new
SBIETFQLTY,EQ,2026-09-17,213.0,215.01,213.0,214.83,215.01,213.75,1903,407000.0,34,,1616.0,84.92,new
SBIFUNDS,EQ,2026-09-17,530.0,542.3,528.25,540.95,541.9,530.1,1328674,711061000.0,41494,,652104.0,49.08,new
SBILIFE,EQ,2026-09-17,1693.0,1771.1,1689.0,1766.9,1766.9,1697.9,1760558,3080597000.0,64307,,1001757.0,56.9,new
SBILIQETF,EQ,2026-09-17,1056.22,1056.22,1056.2,1056.2,1056.2,1056.07,96438,101858000.0,83,,91001.0,94.36,new
SBIMIDMOM,EQ,2026-09-17,61.92,62.95,61.92,62.65,62.82,62.01,106166,6650000.0,153,,103788.0,97.76,new
SBIN,EQ,2026-09-17,991.2,1000.9,985.2,988.7,988.7,991.4,8624398,8539236000.0,178451,,4582801.0,53.14,new
SBINEQWETF,EQ,2026-09-17,32.37,34.5,32.21,32.57,32.59,32.21,15561,504000.0,175,,8615.0,55.36,new
SBINMID150,EQ,2026-09-17,22.48,22.89,22.48,22.74,22.75,22.48,9273,209000.0,79,,9190.0,99.1,new
SBISILVER,EQ,2026-09-17,222.0,223.0,220.45,222.1,222.25,224.07,817072,181220000.0,5051,,384176.0,47.02,new
SBISMLETF,EQ,2026-09-17,18.07,18.17,17.91,18.16,18.14,17.9,10469,189000.0,159,,9257.0,88.42,new
SBIVALETF,EQ,2026-09-17,14.42,14.48,14.34,14.44,14.35,14.35,855,12000.0,22,,846.0,98.95,new
SCANSTL,BE,2026-09-17,53.96,55.85,52.07,53.96,55.0,53.32,20831,1122000.0,90,,,,new
SCHAEFFLER,EQ,2026-09-17,3921.9,4041.4,3870.2,3991.0,3990.2,3898.9,87486,345639000.0,16323,,58542.0,66.92,new
SCHAND,EQ,2026-09-17,131.02,135.99,131.02,134.88,135.0,133.28,22948,3089000.0,1038,,12086.0,52.67,new
SCHNEIDER,EQ,2026-09-17,1192.0,1207.5,1177.2,1201.9,1202.0,1198.6,279345,333817000.0,33558,,155605.0,55.7,new
SCI,EQ,2026-09-17,267.65,272.25,267.15,270.0,270.0,266.9,1114004,300157000.0,24717,,367358.0,32.98,new
SCILAL,EQ,2026-09-17,37.5,38.64,37.5,38.19,38.38,37.91,207970,7945999.999999999,850,,147397.0,70.87,new
SCML,SM,2026-09-17,75.75,75.75,75.75,75.75,75.75,76.0,2000,152000.0,2,,2000.0,100.0,new
SCODATUBES,EQ,2026-09-17,124.99,128.09,123.0,123.97,125.0,124.34,162632,20429000.0,2242,,88281.0,54.28,new
SCPL,BE,2026-09-17,641.0,645.9,624.1,625.85,634.95,635.2,2146,1356000.0,143,,,,new
SDBL,EQ,2026-09-17,67.3,68.84,67.03,67.8,67.7,67.29,226418,15353000.0,2889,,96029.0,42.41,new
SDREAMS,SM,2026-09-17,77.55,77.55,77.55,77.55,77.55,79.8,1000,78000.0,1,,1000.0,100.0,new
SEAMECLTD,EQ,2026-09-17,1709.0,1750.9,1695.9,1738.5,1743.9,1701.6,34655,59740000.0,3662,,16741.0,48.31,new
SECMARK,EQ,2026-09-17,132.4,144.45,128.8,139.95,144.45,143.74,2421,335000.0,51,,1963.0,81.08,new
SECURKLOUD,EQ,2026-09-17,16.6,17.44,16.6,17.17,17.4,17.06,14293,243000.00000000003,97,,10461.0,73.19,new
SEDEMAC,EQ,2026-09-17,3158.8,3214.4,3025.6,3110.6,3102.5,3122.4,285470,900340000.0,34660,,70394.0,24.66,new
SEIL,EQ,2026-09-17,188.36,194.1,186.0,193.07,193.65,189.33,91703,17389000.0,1413,,50203.0,54.75,new
SEJALLTD,EQ,2026-09-17,681.7,681.7,663.0,681.7,681.7,649.25,11757,7993000.000000001,285,,7938.0,67.52,new
SEKURITIND,EQ,2026-09-17,107.0,109.99,107.0,108.72,109.0,107.25,14502,1569000.0,276,,10877.0,75.0,new
SEL,SM,2026-09-17,364.9,365.0,350.0,350.0,350.0,365.0,1400,505999.99999999994,4,,1400.0,100.0,new
SELECTIPO,EQ,2026-09-17,47.35,47.73,47.32,47.48,47.49,47.35,24630,1170000.0,94,,16655.0,67.62,new
SELLOWRAP,SM,2026-09-17,67.5,67.5,67.5,67.5,67.5,67.5,3200,216000.0,1,,3200.0,100.0,new
SEMAC,EQ,2026-09-17,269.0,270.0,268.0,270.0,270.0,269.0,139,37000.0,13,,138.0,99.28,new
SENCO,EQ,2026-09-17,331.55,344.95,330.35,342.35,343.5,332.25,492434,166614000.0,17736,,227587.0,46.22,new
SENORES,EQ,2026-09-17,1378.4,1435.0,1358.0,1402.6,1409.9,1376.9,369889,517860000.00000006,27078,,163909.0,44.31,new
SENSEXADD,EQ,2026-09-17,76.9,77.1,76.51,76.96,76.96,76.9,414,32000.0,19,,196.0,47.34,new
SENSEXAXIS,EQ,2026-09-17,77.33,77.6,77.05,77.44,77.25,77.33,602,47000.0,41,,373.0,61.96,new
SENSEXBETA,EQ,2026-09-17,819.0,832.0,818.01,830.88,832.0,818.38,1761,1453000.0,92,,1500.0,85.18,new
SENSEXETF,EQ,2026-09-17,77.15,77.15,76.61,76.91,76.91,76.84,20812,1601000.0000000002,200,,10174.0,48.89,new
SENSEXIETF,EQ,2026-09-17,851.86,859.76,851.86,855.42,855.1,856.15,5540,4743000.0,369,,3176.0,57.33,new
SEPC,EQ,2026-09-17,5.08,5.25,5.08,5.22,5.21,5.11,5711817,29577000.0,3212,,2509276.0,43.93,new
SERVICE,SM,2026-09-17,66.0,66.0,66.0,66.0,66.0,65.75,2000,132000.0,1,,2000.0,100.0,new
SERVOTECH,EQ,2026-09-17,72.43,74.2,72.0,72.27,72.43,73.24,328484,23953000.0,3635,,156868.0,47.76,new
SESHAPAPER,EQ,2026-09-17,247.0,252.98,247.0,247.82,249.5,246.72,49766,12435000.0,1287,,22027.0,44.26,new
SETCO,BE,2026-09-17,17.47,17.47,16.61,16.99,16.9,16.95,20168,342000.0,145,,,,new
SETF10GILT,EQ,2026-09-17,262.49,263.87,261.35,261.38,261.38,262.49,1434,375000.0,46,,1256.0,87.59,new
SETFGOLD,EQ,2026-09-17,128.19,128.88,127.59,128.39,128.31,128.88,4118582,528206000.00000006,8547,,2836840.0,68.88,new
SETFNIF50,EQ,2026-09-17,251.4,252.09,249.91,251.29,251.99,250.64,487492,122568000.0,3343,,337694.0,69.27,new
SETFNIFBK,EQ,2026-09-17,577.41,580.9,576.06,576.31,577.75,577.41,260815,150646000.0,462,,247903.0,95.05,new
SETFNN50,EQ,2026-09-17,761.11,766.5,756.14,765.01,765.0,758.2,13672,10421000.0,771,,7718.0,56.45,new
SETL,EQ,2026-09-17,409.95,422.0,401.45,401.45,401.45,422.55,2842075,1156169000.0,28038,,1091612.0,38.41,new
SETUINFRA,BZ,2026-09-17,0.61,0.62,0.61,0.61,0.61,0.62,45281,28000.000000000004,34,,,,new
SEYAIND,BE,2026-09-17,12.68,12.87,12.63,12.87,12.87,12.62,12515,160000.0,45,,,,new
SFL,EQ,2026-09-17,663.8,679.45,663.8,673.0,675.3,663.05,68845,46259000.0,8144,,27853.0,40.46,new
SFML,SM,2026-09-17,20.5,20.6,20.5,20.6,20.6,20.5,3200,66000.0,2,,3200.0,100.0,new
SGBAPR28I,GB,2026-09-17,15000.0,15075.0,14953.0,15048.98,15075.0,15091.66,163,2451000.0,46,,132.0,80.98,new
SGBAUG27,GB,2026-09-17,14940.0,14961.0,14940.0,14961.0,14961.0,14950.0,30,448000.00000000006,10,,30.0,100.0,new
SGBAUG28V,GB,2026-09-17,14970.0,14970.0,14905.0,14941.61,14950.0,14964.31,511,7626000.000000001,129,,420.0,82.19,new
SGBAUG29V,GB,2026-09-17,14805.0,15089.99,14805.0,14959.85,14985.0,14994.72,178,2661000.0,61,,120.0,67.42,new
SGBAUG30,GB,2026-09-17,14969.7,15144.99,14969.7,15098.53,15029.0,14981.36,97,1458000.0,26,,45.0,46.39,new
SGBD29VIII,GB,2026-09-17,14975.0,15049.99,14901.0,14989.61,15049.0,14994.33,187,2798000.0,68,,119.0,63.64,new
SGBDE30III,GB,2026-09-17,15089.7,15149.99,15060.0,15130.08,15130.0,15100.33,231,3488000.0000000005,65,,186.0,80.52,new
SGBDE31III,GB,2026-09-17,15216.0,15380.0,15181.01,15365.79,15370.0,15335.13,798,12202000.0,234,,581.0,72.81,new
SGBFEB28IX,GB,2026-09-17,14860.0,14999.99,14860.0,14999.99,14999.99,15149.99,3,45000.0,2,,3.0,100.0,new
SGBFEB29XI,GB,2026-09-17,14845.5,14988.0,14845.0,14905.5,14905.5,14979.5,48,717000.0,16,,36.0,75.0,new
SGBFEB32IV,GB,2026-09-17,15570.58,15645.97,15426.2,15607.84,15639.0,15648.82,813,12670000.0,201,,586.0,72.08,new
SGBJAN27,GB,2026-09-17,14826.5,14961.0,14826.5,14900.21,14900.21,14901.0,6,90000.0,6,,5.0,83.33,new
SGBJAN29IX,GB,2026-09-17,14969.99,14990.0,14915.5,14946.0,14927.0,14970.0,155,2318000.0,24,,142.0,91.61,new
SGBJAN29X,GB,2026-09-17,14858.0,14950.0,14857.0,14926.5,14926.5,14970.01,78,1162000.0,20,,57.0,73.08,new
SGBJAN30IX,GB,2026-09-17,15088.99,15110.01,14911.02,15066.66,15099.99,15037.3,310,4653000.0,82,,134.0,43.23,new
SGBJU29III,GB,2026-09-17,14901.8,14955.0,14901.8,14955.0,14955.0,14995.0,199,2972000.0,29,,167.0,83.92,new
SGBJUL28IV,GB,2026-09-17,14947.7,14999.99,14900.0,14914.46,14949.0,14964.73,51,761000.0,22,,38.0,74.51,new
SGBJUL29IV,GB,2026-09-17,14992.0,15500.0,14900.0,15204.64,15400.0,14990.0,421,6315000.0,76,,196.0,46.56,new
SGBJUN27,GB,2026-09-17,14850.0,14989.99,14804.0,14924.0,14924.0,15000.0,37,552000.0,12,,17.0,45.95,new
SGBJUN28,GB,2026-09-17,15100.0,15100.0,14900.0,14930.0,14930.0,15007.61,378,5660000.0,38,,231.0,61.11,new
SGBJUN29II,GB,2026-09-17,14906.0,14995.0,14902.0,14991.0,14991.0,14998.0,263,3928000.0,38,,194.0,73.76,new
SGBJUN30,GB,2026-09-17,15200.0,15200.0,15000.0,15118.33,15105.0,15100.0,117,1768000.0,27,,92.0,78.63,new
SGBJUN31I,GB,2026-09-17,15153.76,15300.0,15047.0,15276.3,15300.0,15229.91,411,6244000.0,107,,320.0,77.86,new
SGBMAR28X,GB,2026-09-17,14716.0,16000.0,14716.0,16000.0,16000.0,15000.0,42,637000.0,11,,27.0,64.29,new
SGBMAR30X,GB,2026-09-17,14977.23,15298.0,14977.23,15044.91,15027.0,15052.49,30,451999.99999999994,15,,16.0,53.33,new
SGBMAR31IV,GB,2026-09-17,15189.7,15219.98,15112.0,15184.28,15217.0,15191.75,133,2019000.0000000002,28,,105.0,78.95,new
SGBMAY28,GB,2026-09-17,15000.0,15000.0,14950.01,14990.4,14990.4,14998.57,7,105000.0,5,,6.0,85.71,new
SGBMAY29I,GB,2026-09-17,14903.0,15000.01,14903.0,14967.66,14945.0,15003.5,494,7389000.0,71,,369.0,74.7,new
SGBMR29XII,GB,2026-09-17,14975.0,14984.0,14931.1,14965.0,14965.0,14981.1,46,689000.0,20,,40.0,86.96,new
SGBN28VIII,GB,2026-09-17,14930.0,14995.0,14925.0,14980.0,14980.0,15016.76,152,2275000.0,12,,150.0,98.68,new
SGBNV29VII,GB,2026-09-17,15005.0,15049.99,14981.01,15000.0,15000.0,15055.0,131,1969000.0000000002,13,,129.0,98.47,new
SGBOC28VII,GB,2026-09-17,15145.0,15145.0,15002.1,15090.19,15100.0,15149.22,193,2912000.0,12,,187.0,96.89,new
SGBOCT27,GB,2026-09-17,15000.0,15000.0,15000.0,15000.0,15000.0,15100.0,9,135000.0,1,,9.0,100.0,new
SGBOCT27VI,GB,2026-09-17,15100.0,15100.0,15050.0,15050.0,15050.0,15100.0,7,106000.0,3,,7.0,100.0,new
SGBSEP27,GB,2026-09-17,14999.99,14999.99,14821.0,14949.9,14949.9,14980.0,64,953999.9999999999,10,,55.0,85.94,new
SGBSEP28VI,GB,2026-09-17,14946.99,14950.0,14875.0,14940.84,14940.0,14959.67,139,2075000.0,28,,116.0,83.45,new
SGBSEP29VI,GB,2026-09-17,14945.0,15200.0,14915.0,15142.77,14920.0,14964.33,206,3084000.0,84,,173.0,83.98,new
SGBSEP31II,GB,2026-09-17,15229.99,15256.01,15127.0,15234.22,15237.99,15262.28,998,15180000.000000002,187,,776.0,77.76,new
SGFIN,EQ,2026-09-17,618.25,630.5,610.0,619.9,622.0,618.2,161589,99836000.0,6716,,84247.0,52.14,new
SGIL,EQ,2026-09-17,606.35,606.6,583.1,592.35,585.0,581.5,4910,2904000.0,209,,2707.0,55.13,new
SGL,EQ,2026-09-17,9.62,10.21,9.0,9.68,9.69,9.64,29470,279000.0,414,,16632.0,56.44,new
SGLRES,EQ,2026-09-17,2.49,2.53,2.35,2.49,2.36,2.44,53314,132000.0,72,,17971.0,33.71,new
SGMART,EQ,2026-09-17,694.15,722.8,694.15,712.25,713.05,697.65,219503,156626000.0,10423,,128214.0,58.41,new
SGRL,EQ,2026-09-17,654.8,679.0,638.85,678.2,678.5,648.65,6805,4511000.0,638,,4205.0,61.79,new
SHADOWFAX,EQ,2026-09-17,243.75,254.0,243.75,251.65,251.0,243.75,1463627,367096000.0,29351,,803927.0,54.93,new
SHAH,EQ,2026-09-17,3.35,3.38,3.29,3.3,3.31,3.34,3004944,9999000.0,637,,2274516.0,75.69,new
SHAHALLOYS,BE,2026-09-17,88.8,93.9,88.8,92.47,93.0,90.56,39737,3638000.0000000005,114,,,,new
SHAILY,EQ,2026-09-17,3080.0,3155.0,3080.0,3107.2,3100.0,3097.3,78725,244996999.99999997,18134,,41439.0,52.64,new
SHAIVAL,ST,2026-09-17,33.0,33.0,33.0,33.0,33.0,33.0,7200,238000.0,1,,7200.0,100.0,new
SHAKTIPUMP,EQ,2026-09-17,466.8,468.95,458.5,464.1,464.2,463.9,505053,233723999.99999997,22070,,170479.0,33.75,new
SHALBY,EQ,2026-09-17,135.0,140.05,135.0,138.5,137.9,135.74,156178,21492000.0,2434,,81545.0,52.21,new
SHALPAINTS,BE,2026-09-17,81.5,83.0,79.0,80.68,81.0,81.92,44496,3604000.0,243,,,,new
SHANKARA,EQ,2026-09-17,149.85,149.85,148.61,149.29,149.3,149.24,129256,19303000.0,321,,115309.0,89.21,new
SHANKESH,EQ,2026-09-17,90.33,91.58,88.5,88.96,89.1,89.55,1886550,169424000.0,14174,,506183.0,26.83,new
SHANTI,EQ,2026-09-17,6.39,6.39,6.06,6.29,6.29,6.06,18255,112999.99999999999,64,,8769.0,48.04,new
SHANTIGEAR,EQ,2026-09-17,693.0,708.3,673.35,677.6,675.6,691.6,65634,45363000.0,4131,,28007.0,42.67,new
SHANTIGOLD,EQ,2026-09-17,243.89,247.59,241.0,242.44,242.91,243.95,652411,159060000.0,11325,,268713.0,41.19,new
SHANTIINOR,ST,2026-09-17,183.1,186.35,176.1,176.1,176.1,185.35,120000,21506000.0,71,,105600.0,88.0,new
SHARDACROP,EQ,2026-09-17,745.0,758.85,740.05,741.7,742.9,745.5,103362,77065000.0,8108,,55145.0,53.35,new
SHARDAMOTR,EQ,2026-09-17,935.0,951.85,918.0,948.35,948.5,930.55,63598,60109000.0,5847,,36441.0,57.3,new
SHARDUL,BE,2026-09-17,53.6,55.0,53.6,54.17,54.73,53.56,5587,302000.0,56,,,,new
SHAREINDIA,EQ,2026-09-17,199.0,219.95,196.2,218.44,219.25,196.05,28924428,6206505000.0,247620,,2548307.0,8.81,new
SHARIABEES,EQ,2026-09-17,438.0,443.98,435.01,439.9,443.75,439.4,5890,2587000.0,342,,2775.0,47.11,new
SHBAJRG,EQ,2026-09-17,152.0,155.01,148.28,152.08,153.99,151.35,5324,817000.0,172,,4149.0,77.93,new
SHEEL,ST,2026-09-17,60.0,60.0,60.0,60.0,60.0,60.0,2000,120000.0,1,,2000.0,100.0,new
SHEETAL,SM,2026-09-17,360.0,360.0,355.4,359.0,359.0,357.5,6000,2152000.0,8,,5500.0,91.67,new
SHEKHAWATI,BE,2026-09-17,20.28,22.19,20.25,21.02,20.25,21.22,84103,1762000.0,236,,,,new
SHEMAROO,BE,2026-09-17,111.01,118.8,111.01,115.5,115.5,115.82,4208,488000.0,34,,,,new
SHERA,SM,2026-09-17,182.45,184.0,178.05,179.8,181.9,182.45,21000,3804999.9999999995,21,,16000.0,76.19,new
SHETHJI,SM,2026-09-17,195.0,195.05,195.0,195.05,195.05,191.6,5000,975000.0,4,,5000.0,100.0,new
SHIGAN,SM,2026-09-17,62.05,62.05,62.0,62.0,62.0,64.5,4500,279000.0,3,,4500.0,100.0,new
SHILCTECH,EQ,2026-09-17,4017.0,4163.0,4017.0,4103.4,4127.0,4016.5,11854,48753000.0,2976,,6503.0,54.86,new
SHILGRAVQ,EQ,2026-09-17,155.02,162.99,155.0,158.0,158.0,154.88,1172,185000.0,34,,932.0,79.52,new
SHILPAMED,EQ,2026-09-17,923.0,963.0,923.0,958.35,953.0,928.05,819680,780632000.0,38709,,397903.0,48.54,new
SHINDL,EQ,2026-09-17,161.02,163.21,160.62,161.05,160.65,163.05,88869,14412000.0,263,,6696.0,7.53,new
SHIPROCKET,EQ,2026-09-17,123.66,125.98,120.0,120.93,120.8,123.66,4468956,546647000.0,37029,,1769767.0,39.6,new
SHIVAAGRO,EQ,2026-09-17,39.88,39.89,38.0,38.71,39.89,39.89,130,5000.0,15,,130.0,100.0,new
SHIVACEM,EQ,2026-09-17,15.67,15.79,15.01,15.3,15.3,15.5,41715,636000.0,348,,33690.0,80.76,new
SHIVALIK,EQ,2026-09-17,389.15,399.85,367.2,369.3,373.3,389.15,112649,42927000.0,5637,,53203.0,47.23,new
SHIVAMAUTO,EQ,2026-09-17,17.0,17.0,16.1,16.19,16.6,16.33,13374,220000.00000000003,156,,11390.0,85.17,new
SHIVAMILLS,EQ,2026-09-17,61.49,61.49,59.02,60.2,60.2,59.86,1076,65000.0,15,,965.0,89.68,new
SHIVASHRIT,SM,2026-09-17,115.3,118.3,115.0,115.2,115.0,117.25,30000,3518000.0,12,,27000.0,90.0,new
SHIVATEX,EQ,2026-09-17,180.5,180.5,174.11,174.17,174.15,177.7,2812,501000.0,38,,2686.0,95.52,new
SHIVAUM,EQ,2026-09-17,468.15,469.95,468.0,468.05,468.05,469.0,439,206000.0,14,,368.0,83.83,new
SHK,EQ,2026-09-17,133.42,142.85,132.93,138.67,141.0,133.42,773894,107383999.99999999,12475,,247927.0,32.04,new
SHKSIL,SM,2026-09-17,34.1,35.0,34.0,34.0,34.0,34.0,12000,409999.99999999994,4,,10000.0,83.33,new
SHOPERSTOP,EQ,2026-09-17,390.65,438.6,390.0,413.3,408.3,395.3,835711,353146000.0,31739,,69486.0,8.31,new
SHRADDHA,EQ,2026-09-17,154.45,154.45,146.11,150.73,149.01,152.97,5141,776000.0,80,,4125.0,80.24,new
SHRADHA,EQ,2026-09-17,31.94,31.95,31.09,31.15,31.15,31.49,3241,101000.0,60,,1978.0,61.03,new
SHREDIGCEM,EQ,2026-09-17,67.14,67.98,66.1,67.42,67.44,66.19,58327,3902000.0000000005,883,,27059.0,46.39,new
SHREECEM,EQ,2026-09-17,21760.0,22080.0,21685.0,21960.0,21960.0,21795.0,15117,331028000.0,7605,,7460.0,49.35,new
SHREEDHAR,ST,2026-09-17,151.0,153.4,150.0,153.35,153.35,146.1,72000,10988000.0,31,,68000.0,94.44,new
SHREEJISPG,EQ,2026-09-17,688.35,697.55,680.3,691.0,689.2,690.2,1140193,784690000.0,7754,,532864.0,46.73,new
SHREEKARNI,SM,2026-09-17,370.0,374.95,366.2,374.95,374.95,366.2,2400,883000.0,8,,2100.0,87.5,new
SHREEOSFM,SM,2026-09-17,53.95,53.95,50.0,51.0,51.0,51.55,9000,462000.0,9,,5000.0,55.56,new
SHREEPUSHK,EQ,2026-09-17,506.65,522.85,502.7,512.5,507.55,506.95,69346,35583000.0,5065,,24968.0,36.0,new
SHREERAMA,EQ,2026-09-17,44.41,44.75,43.91,44.36,44.74,43.98,14020,622000.0,250,,9754.0,69.57,new
SHRENIK,BZ,2026-09-17,0.29,0.3,0.28,0.29,0.29,0.29,325580,95000.0,132,,,,new
SHREYANIND,EQ,2026-09-17,126.25,129.75,125.82,128.01,128.0,127.48,5027,643000.0,151,,2910.0,57.89,new
SHRIAHIMSA,SM,2026-09-17,443.5,459.0,443.5,454.2,455.0,447.0,13200,5956000.0,21,,8400.0,63.64,new
SHRIKANHA,SM,2026-09-17,21.9,21.9,21.6,21.9,21.9,22.35,4800,105000.0,3,,4800.0,100.0,new
SHRIKRISH,EQ,2026-09-17,34.01,40.0,34.01,34.04,34.02,34.0,527,18000.0,11,,523.0,99.24,new
SHRINGARMS,EQ,2026-09-17,209.49,213.5,209.35,211.74,211.3,209.49,131415,27852000.0,1232,,33879.0,25.78,new
SHRIPISTON,EQ,2026-09-17,4332.0,4433.7,4276.1,4385.4,4363.9,4309.3,47628,208161000.0,13764,,22846.0,47.97,new
SHRIRAMFIN,EQ,2026-09-17,979.0,1005.5,978.3,995.0,995.0,979.0,4285999,4258544999.9999995,71134,,2305113.0,53.78,new
SHRIRAMPPS,EQ,2026-09-17,70.5,74.4,70.41,72.91,72.1,70.57,255885,18368000.0,2188,,133933.0,52.34,new
SHRITECH,SM,2026-09-17,60.3,60.3,60.3,60.3,60.3,59.0,2000,121000.0,1,,2000.0,100.0,new
SHRJAGP,EQ,2026-09-17,643.05,660.6,641.05,642.5,644.0,637.15,325,212000.0,44,,221.0,68.0,new
SHUBHSHREE,SM,2026-09-17,350.0,350.0,350.0,350.0,350.0,350.0,1200,420000.0,4,,1200.0,100.0,new
SHUKRAPHAR,EQ,2026-09-17,54.58,55.79,54.06,54.24,54.35,54.6,2008697,109313000.00000001,6766,,761499.0,37.91,new
SHYAMCENT,BE,2026-09-17,5.0,5.05,4.95,4.97,4.99,4.96,326064,1622000.0,80,,,,new
SHYAMDHANI,ST,2026-09-17,50.8,54.9,50.8,53.0,53.0,53.35,8000,422000.0,4,,8000.0,100.0,new
SHYAMMETL,EQ,2026-09-17,1050.0,1093.9,1045.4,1077.0,1078.5,1048.0,439035,474272000.0,24979,,130918.0,29.82,new
SHYAMTEL,EQ,2026-09-17,11.42,11.44,10.56,11.09,11.25,11.2,1777,20000.0,52,,1032.0,58.08,new
SICAGEN,EQ,2026-09-17,52.41,53.29,52.0,52.22,52.66,52.41,7334,384000.0,325,,6133.0,83.62,new
SICALLOG,BE,2026-09-17,93.1,95.0,91.3,91.65,91.35,93.07,7329,678000.0,77,,,,new
SIDDHICOTS,SM,2026-09-17,26.5,26.5,26.5,26.5,26.5,26.5,6000,159000.0,1,,6000.0,100.0,new
SIDDHIKA,SM,2026-09-17,226.0,226.0,226.0,226.0,226.0,226.0,500,112999.99999999999,1,,500.0,100.0,new
SIEMENS,EQ,2026-09-17,3743.1,3817.4,3742.0,3763.5,3763.5,3742.0,373967,1414236000.0,30899,,194195.0,51.93,new
SIGACHI,EQ,2026-09-17,27.58,31.24,27.58,29.33,29.34,31.16,12942255,382794000.0,39825,,4189521.0,32.37,new
SIGIND,BE,2026-09-17,67.94,69.9,65.12,67.96,68.76,67.94,12154,824000.0,90,,,,new
SIGMA,EQ,2026-09-17,46.48,46.94,45.7,46.24,46.38,45.6,78093,3610000.0,1010,,42794.0,54.8,new
SIGMAADV,BE,2026-09-17,817.0,857.9,800.1,857.4,857.9,817.05,292634,248619999.99999997,4981,,,,new
SIGNATURE,EQ,2026-09-17,753.6,793.3,745.0,755.3,752.05,752.5,647926,496122999.99999994,27757,,43945.0,6.78,new
SIGNORIA,ST,2026-09-17,151.0,151.0,151.0,151.0,151.0,151.05,2000,302000.0,2,,2000.0,100.0,new
SIGNPOST,EQ,2026-09-17,261.85,264.0,256.2,262.15,260.2,263.55,46904,12251000.0,1594,,21534.0,45.91,new
SIKA,EQ,2026-09-17,1063.0,1063.0,1021.0,1027.05,1030.0,1052.2,25819,26830000.0,2929,,11870.0,45.97,new
SIKKO,BE,2026-09-17,5.66,6.15,5.6,5.99,5.85,5.88,551450,3260000.0,637,,,,new
SIL,EQ,2026-09-17,16.27,16.9,15.6,16.63,16.7,16.52,112890,1832000.0,593,,75325.0,66.72,new
SILGO,EQ,2026-09-17,70.62,71.57,70.0,70.18,70.04,71.04,12245,864000.0,213,,5902.0,48.2,new
SILINV,EQ,2026-09-17,435.0,449.7,431.0,438.4,437.95,440.1,462,202000.0,78,,336.0,72.73,new
SILKFLEX,SM,2026-09-17,270.0,270.0,265.8,267.0,267.0,270.0,8000,2149000.0,8,,7000.0,87.5,new
SILKY,SM,2026-09-17,71.9,71.9,71.9,71.9,71.9,69.95,800,57999.99999999999,1,,800.0,100.0,new
SILVER,EQ,2026-09-17,226.44,227.33,224.75,226.36,226.51,228.18,521415,117828000.0,5720,,208475.0,39.98,new
SILVER001,EQ,2026-09-17,23.67,23.67,22.75,22.94,22.94,23.12,15756,360000.0,76,,14188.0,90.05,new
SILVER1,EQ,2026-09-17,22.0,22.1,21.84,21.98,21.96,22.2,13186412,289457000.0,7995,,6393879.0,48.49,new
SILVER360,EQ,2026-09-17,220.2,224.3,220.2,223.42,223.88,225.16,5530,1233000.0,323,,3342.0,60.43,new
SILVERADD,EQ,2026-09-17,22.0,22.0,21.68,21.84,21.81,22.04,4411434,96208000.0,4648,,2499659.0,56.66,new
SILVERAG,EQ,2026-09-17,221.0,221.51,218.97,220.74,220.4,222.76,296566,65374000.0,2826,,176005.0,59.35,new
SILVERAXIS,EQ,2026-09-17,225.1,226.37,223.71,225.27,225.46,227.04,265264,59786000.0,1806,,180284.0,67.96,new
SILVERBEES,EQ,2026-09-17,216.01,217.58,215.17,216.64,216.69,218.46,13737345,2971312000.0,52225,,5439994.0,39.6,new
SILVERBETA,EQ,2026-09-17,219.0,219.7,217.13,218.54,218.4,220.69,763766,166662000.0,2797,,486374.0,63.68,new
SILVERBND,EQ,2026-09-17,227.58,228.09,226.0,227.01,226.75,229.24,5427,1229000.0,156,,3245.0,59.79,new
SILVERCASE,EQ,2026-09-17,22.98,23.07,22.8,22.95,22.98,23.16,5225578,119906000.0,5759,,2379474.0,45.54,new
SILVERIETF,EQ,2026-09-17,226.2,227.28,224.7,226.19,226.3,228.08,2238306,505768000.0,11285,,1167413.0,52.16,new
SILVERTUC,EQ,2026-09-17,153.05,155.57,148.2,149.08,149.0,153.05,290398,44145000.0,3967,,123045.0,42.37,new
SIMBHALS,BZ,2026-09-17,6.99,6.99,6.8,6.8,6.8,6.93,2446,17000.0,22,,,,new
SIMCA,ST,2026-09-17,266.6,267.7,262.0,263.9,267.7,266.5,54600,14365000.0,23,,54600.0,100.0,new
SIMPLEXINF,EQ,2026-09-17,246.05,261.0,246.05,252.4,252.0,248.85,123062,31282000.0,2005,,95990.0,78.0,new
SIMPLXREA,EQ,2026-09-17,120.5,132.0,120.5,126.25,120.5,126.01,6,1000.0,5,,6.0,100.0,new
SINCLAIR,EQ,2026-09-17,77.93,78.96,77.42,77.56,77.55,77.92,9862,769000.0,186,,7263.0,73.65,new
SINDHUTRAD,EQ,2026-09-17,23.35,23.7,22.66,23.27,23.5,23.35,909454,21149000.0,1359,,612725.0,67.37,new
SINGERIND,EQ,2026-09-17,77.0,78.78,76.0,76.86,76.51,77.2,32404,2523000.0,413,,19583.0,60.43,new
SINTERCOM,EQ,2026-09-17,75.32,76.4,74.05,76.03,76.36,75.32,3794,285000.0,44,,3614.0,95.26,new
SIRCA,EQ,2026-09-17,402.95,410.75,397.5,406.55,406.5,403.25,609017,245685000.0,13493,,271785.0,44.63,new
SIS,EQ,2026-09-17,415.9,425.9,415.0,419.8,420.0,415.9,370623,156698000.0,11266,,224308.0,60.52,new
SITINET,BZ,2026-09-17,0.29,0.29,0.27,0.27,0.29,0.28,167974,48000.0,191,,,,new
SIYSIL,EQ,2026-09-17,518.75,529.15,511.1,514.45,513.0,516.05,31946,16549000.0,2659,,18430.0,57.69,new
SJLOGISTIC,SM,2026-09-17,311.0,319.7,306.3,311.0,309.75,311.3,21250,6627000.0,70,,16000.0,75.29,new
SJS,EQ,2026-09-17,2318.3,2318.3,2260.2,2266.0,2275.0,2297.2,68521,156307000.0,13172,,40361.0,58.9,new
SJVN,EQ,2026-09-17,64.1,64.96,63.8,64.75,64.7,64.06,1251682,80484000.0,12255,,586464.0,46.85,new
SKFINDIA,EQ,2026-09-17,1549.7,1560.0,1527.4,1541.0,1543.4,1546.3,44468,68500000.0,5413,,27912.0,62.77,new
SKFINDUS,EQ,2026-09-17,2925.0,3057.4,2890.0,2940.3,2930.0,2943.0,27140,80369000.0,4842,,13170.0,48.53,new
SKIPPER,EQ,2026-09-17,515.0,537.5,513.0,532.55,532.1,522.65,1109582,584290000.0,44804,,386937.0,34.87,new
SKMEGGPROD,EQ,2026-09-17,229.55,236.15,229.55,231.9,232.1,229.6,122879,28620999.999999996,2758,,57376.0,46.69,new
SKP,SM,2026-09-17,159.0,163.9,157.6,157.6,157.6,160.0,22000,3545000.0000000005,30,,10000.0,45.45,new
SKYGOLD,EQ,2026-09-17,789.0,803.0,782.85,793.3,791.0,792.6,443143,352942000.0,29009,,219982.0,49.64,new
SKYTECH,SM,2026-09-17,24.0,24.0,24.0,24.0,24.0,25.25,6400,154000.0,4,,6400.0,100.0,new
SKYWAYS,EQ,2026-09-17,113.57,119.0,112.25,117.98,118.45,113.42,2932070,338924000.0,28791,,970198.0,33.09,new
SLONE,ST,2026-09-17,170.2,173.0,168.0,173.0,173.0,170.1,1600,273000.0,4,,1600.0,100.0,new
SMALL250,EQ,2026-09-17,18.29,18.29,17.91,18.1,18.1,17.9,257569,4655000.0,516,,143043.0,55.54,new
SMALLADD,EQ,2026-09-17,18.03,18.19,18.03,18.11,18.16,17.99,12790,231999.99999999997,98,,9960.0,77.87,new
SMALLCAP,EQ,2026-09-17,48.84,48.84,47.37,48.18,48.21,47.65,1476596,71090000.0,2557,,885636.0,59.98,new
SMALLGROWW,EQ,2026-09-17,47.89,48.89,47.89,48.11,47.89,47.62,7927,382000.0,64,,4492.0,56.67,new
SMALLIETF,EQ,2026-09-17,17.4,18.18,17.4,18.09,18.01,17.93,67545,1218000.0,72,,51417.0,76.12,new
SMARTEN,ST,2026-09-17,51.0,54.9,51.0,53.45,54.0,52.9,25200,1346000.0,19,,24000.0,95.24,new
SMARTLINK,BE,2026-09-17,223.0,223.0,213.55,214.41,213.62,222.57,2596,562000.0,69,,,,new
SMARTWORKS,EQ,2026-09-17,516.0,525.0,511.7,519.9,520.0,520.2,49448,25712000.0,2645,,29735.0,60.13,new
SMCGLOBAL,EQ,2026-09-17,80.97,83.47,80.43,82.87,81.7,80.57,1239264,101098000.0,6176,,758277.0,61.19,new
SML100CASE,EQ,2026-09-17,11.0,11.16,11.0,11.13,11.16,11.01,770506,8559000.0,1076,,434049.0,56.33,new
SMLMAH,EQ,2026-09-17,6030.0,6268.5,6029.5,6220.5,6180.0,5971.5,48450,298298000.0,6988,,17687.0,36.51,new
SMLT,EQ,2026-09-17,60.0,64.0,59.38,59.98,60.0,59.88,8842,536000.0,248,,5502.0,62.23,new
SMSPHARMA,EQ,2026-09-17,405.25,418.55,403.25,413.75,415.55,402.95,672288,278074000.0,17903,,236113.0,35.12,new
SNOWMAN,EQ,2026-09-17,34.75,35.27,34.0,34.72,34.5,34.54,98327,3407000.0,1090,,58260.0,59.25,new
SNXT30BEES,EQ,2026-09-17,41.5,42.0,41.5,41.91,41.93,41.62,2988,125000.0,50,,1598.0,53.48,new
SNXT50BETA,EQ,2026-09-17,92.98,93.0,91.51,92.9,91.6,92.99,1834,170000.0,76,,1023.0,55.78,new
SOBHA,EQ,2026-09-17,1178.3,1200.7,1172.0,1189.4,1186.3,1181.8,46940,55785000.0,9632,,19356.0,41.24,new
SOCL,SM,2026-09-17,28.5,28.5,28.5,28.5,28.5,29.0,3200,91000.0,2,,3200.0,100.0,new
SOFTTECH,EQ,2026-09-17,500.0,500.7,474.1,500.7,500.7,476.9,18047,8987000.0,480,,15471.0,85.73,new
SOLARA,EQ,2026-09-17,722.15,750.0,715.95,741.7,742.0,711.5,504562,373795000.0,21930,,187289.0,37.12,new
SOLARINDS,EQ,2026-09-17,18900.0,19075.0,18590.0,18815.0,18815.0,18900.0,214606,4047928000.0,43370,,69296.0,32.29,new
SOLARWORLD,EQ,2026-09-17,133.76,137.9,133.0,133.78,133.52,133.76,200860,27258999.999999996,4237,,73271.0,36.48,new
SOLEX,EQ,2026-09-17,659.35,680.0,656.05,671.3,668.0,657.65,21585,14397000.0,2421,,10199.0,47.25,new
SOMANYCERA,EQ,2026-09-17,556.7,570.0,553.9,565.85,563.3,555.15,85673,48539000.0,3844,,55179.0,64.41,new
SOMATEX,EQ,2026-09-17,80.5,83.4,80.5,82.77,81.6,80.58,5577,457000.0,98,,4140.0,74.23,new
SOMICONVEY,EQ,2026-09-17,98.0,98.0,93.7,94.6,95.5,94.11,94923,9159000.0,1168,,36784.0,38.75,new
SONACOMS,EQ,2026-09-17,762.0,791.25,759.05,777.9,777.9,768.0,3093640,2416027000.0,63901,,1578199.0,51.01,new
SONAL,EQ,2026-09-17,89.95,89.95,83.0,83.12,83.12,86.11,123,11000.0,18,,110.0,89.43,new
SONAMLTD,BE,2026-09-17,73.89,73.89,68.0,68.18,68.0,71.44,55201,3818000.0,261,,,,new
SONATSOFTW,EQ,2026-09-17,276.95,283.2,273.45,281.65,281.45,276.9,996730,278830000.0,17130,,584340.0,58.63,new
SONUINFRA,ST,2026-09-17,51.85,51.85,47.6,47.7,47.7,50.0,24000,1160000.0,15,,22500.0,93.75,new
SOTL,EQ,2026-09-17,685.0,700.35,681.55,691.4,689.0,694.4,138210,95447000.0,6996,,49703.0,35.96,new
SOUTHBANK,EQ,2026-09-17,45.2,46.4,45.2,45.88,45.95,45.19,9755681,447776000.0,39201,,4261377.0,43.68,new
SOUTHWEST,EQ,2026-09-17,198.9,204.89,198.76,200.07,199.79,198.58,90501,18118000.0,2626,,49450.0,54.64,new
SPAL,EQ,2026-09-17,973.3,1010.1,969.0,1003.1,996.1,974.9,47780,47404000.0,5048,,20936.0,43.82,new
SPANDANA,EQ,2026-09-17,225.8,231.2,223.81,227.02,227.95,225.8,55272,12587000.0,2294,,27188.0,49.19,new
SPARC,EQ,2026-09-17,184.0,195.36,183.08,193.16,194.0,185.59,836310,159977000.0,14438,,315665.0,37.74,new
SPCENET,EQ,2026-09-17,3.25,3.3,3.1,3.19,3.2,3.24,912892,2912000.0,544,,756836.0,82.91,new
SPCL,SM,2026-09-17,64.1,65.0,63.5,64.4,63.75,63.4,16200,1044000.0,25,,8400.0,51.85,new
SPCON,SM,2026-09-17,170.0,170.1,170.0,170.0,170.0,165.0,4800,816000.0,4,,4800.0,100.0,new
SPECIALITY,BE,2026-09-17,138.0,140.0,133.25,139.36,137.06,135.06,12614,1735000.0000000002,117,,,,new
SPECTRUM,BE,2026-09-17,3083.0,3124.0,2950.0,3050.4,3000.1,3083.7,9635,29433000.0,785,,,,new
SPECTSTM,SM,2026-09-17,60.0,60.0,60.0,60.0,60.0,59.25,4000,240000.0,5,,4000.0,100.0,new
SPENCERS,EQ,2026-09-17,28.4,28.5,27.52,28.17,28.11,28.21,22154,622000.0,203,,18513.0,83.57,new
SPIC,EQ,2026-09-17,66.77,68.2,66.1,66.92,67.36,66.83,294399,19850000.0,2722,,135248.0,45.94,new
SPLIL,EQ,2026-09-17,29.57,30.0,29.57,29.95,29.98,29.57,4639,138000.0,28,,3100.0,66.82,new
SPLPETRO,EQ,2026-09-17,800.6,814.9,790.6,807.0,805.0,792.7,113748,91835000.0,9523,,50662.0,44.54,new
SPMLINFRA,EQ,2026-09-17,171.58,172.84,168.61,170.67,170.55,172.03,63567,10838000.0,1498,,30034.0,47.25,new
SPORTKING,EQ,2026-09-17,201.25,206.0,199.41,200.53,200.97,200.96,173075,34931000.0,5834,,86679.0,50.08,new
SPPPOLY,SM,2026-09-17,12.5,12.5,12.5,12.5,12.5,12.2,2000,25000.0,1,,2000.0,100.0,new
SRD,EQ,2026-09-17,40.19,40.25,39.0,39.54,39.99,40.09,7101,281000.0,137,,3818.0,53.77,new
SREEL,BE,2026-09-17,285.75,315.8,285.75,294.03,294.69,300.78,25958,7564000.0,453,,,,new
SRF,EQ,2026-09-17,2505.0,2554.0,2501.0,2536.0,2536.0,2480.1,796952,2023613000.0,70800,,228290.0,28.65,new
SRGHFL,EQ,2026-09-17,120.0,132.0,118.6,126.65,127.9,126.4,106102,13025000.0,1620,,60458.0,56.98,new
SRHHYPOLTD,EQ,2026-09-17,510.0,520.0,509.95,517.6,517.0,509.7,19885,10286000.0,828,,14166.0,71.24,new
SRIKPRIND,BE,2026-09-17,27.76,29.14,26.66,27.83,29.0,27.76,16348,463000.0,94,,,,new
SRIVASAVI,ST,2026-09-17,66.1,72.75,66.1,72.75,72.75,69.3,13000,915000.0,10,,12000.0,92.31,new
SRM,EQ,2026-09-17,419.9,428.45,419.9,425.75,426.55,419.8,23088,9801000.0,1179,,11838.0,51.27,new
SRTL,EQ,2026-09-17,36.86,38.28,36.5,37.98,38.05,36.86,24385,911999.9999999999,239,,18058.0,74.05,new
SSDL,EQ,2026-09-17,60.29,62.5,59.1,62.08,61.5,59.7,36959,2262000.0,661,,24624.0,66.63,new
SSEGL,SM,2026-09-17,418.7,429.95,415.6,419.0,422.0,419.15,23000,9685000.0,84,,16400.0,71.3,new
SSFL,ST,2026-09-17,302.0,305.0,296.0,296.05,296.0,310.55,10000,3014000.0,13,,10000.0,100.0,new
SSWL,EQ,2026-09-17,350.95,356.85,346.3,348.25,349.45,350.05,440929,154928000.0,16260,,217574.0,49.34,new
STALLION,BE,2026-09-17,210.2,220.5,208.11,218.7,220.3,212.79,319965,69585000.0,1691,,,,new
STANLEY,EQ,2026-09-17,136.07,138.49,135.41,137.63,137.91,135.72,48824,6693000.000000001,924,,28326.0,58.02,new
STAR,EQ,2026-09-17,1180.0,1214.9,1162.0,1200.2,1200.0,1183.9,225030,270027000.0,19128,,105096.0,46.7,new
STARCEMENT,EQ,2026-09-17,186.5,188.8,184.61,188.33,188.25,187.3,215639,40522000.0,2873,,169954.0,78.81,new
STARHEALTH,EQ,2026-09-17,546.0,562.85,539.5,560.55,559.4,545.7,373802,207557000.00000003,26150,,213127.0,57.02,new
STARPAPER,EQ,2026-09-17,160.0,161.5,152.5,155.92,156.01,161.46,59733,9307000.0,1016,,32584.0,54.55,new
STARTECK,EQ,2026-09-17,277.0,277.0,235.15,237.45,237.55,236.8,700,169000.0,29,,319.0,45.57,new
STCINDIA,EQ,2026-09-17,111.96,113.95,110.9,111.4,111.41,111.08,17027,1901000.0000000002,267,,9651.0,56.68,new
STEAMHOUSE,EQ,2026-09-17,94.5,103.95,91.6,102.55,101.38,81.0,81139258,8048825999.999999,263653,,28901145.0,35.62,new
STEELCAS,EQ,2026-09-17,299.25,308.0,296.15,303.45,303.9,299.25,154963,46918000.0,4790,,97370.0,62.83,new
STEELCITY,EQ,2026-09-17,87.69,87.7,84.5,85.77,85.12,85.25,7679,655000.0,143,,6226.0,81.08,new
STEELXIND,EQ,2026-09-17,10.92,11.52,10.92,11.2,11.22,11.07,5627901,63500000.0,5104,,2100588.0,37.32,new
STEL,EQ,2026-09-17,602.05,637.8,602.05,631.9,625.0,602.05,5198,3242000.0,569,,3686.0,70.91,new
STERTOOLS,BE,2026-09-17,212.9,214.8,210.25,211.65,211.0,212.51,5355,1132000.0,136,,,,new
STLNETWORK,EQ,2026-09-17,39.48,40.91,39.28,40.91,40.91,38.97,5830611,236309000.0,9692,,3255306.0,55.83,new
STLSTRINF,EQ,2026-09-17,27.18,27.8,25.0,25.15,25.1,26.52,22466,588000.0,306,,12297.0,54.74,new
STLTECH,BE,2026-09-17,800.0,849.8,793.0,827.45,832.0,818.05,1299034,1078843000.0,31210,,,,new
STOVEKRAFT,EQ,2026-09-17,818.8,843.8,818.8,833.65,831.2,828.55,64463,53825000.0,6229,,36813.0,57.11,new
STUDDS,EQ,2026-09-17,409.95,413.45,403.5,404.35,404.9,404.85,14567,5912000.0,1305,,8967.0,61.56,new
STUDIOLSD,SM,2026-09-17,9.25,9.3,9.1,9.2,9.2,9.3,14000,130000.0,7,,10000.0,71.43,new
STYL,EQ,2026-09-17,361.9,373.0,358.4,365.85,366.0,361.2,135224,49619000.0,3232,,65836.0,48.69,new
STYLAMIND,EQ,2026-09-17,3152.2,3278.0,3152.2,3238.2,3238.0,3188.1,37214,120675000.0,9529,,11486.0,30.86,new
STYLEBAAZA,EQ,2026-09-17,372.0,390.9,369.45,388.05,390.0,372.3,1409608,536453000.0,11773,,826891.0,58.66,new
STYRENIX,EQ,2026-09-17,2059.7,2088.9,2055.0,2065.9,2086.9,2059.7,17937,37174000.0,2642,,10377.0,57.85,new
SUBAHOTELS,SM,2026-09-17,91.5,93.0,90.15,91.5,91.0,92.15,26400,2414000.0,22,,19200.0,72.73,new
SUBEXLTD,EQ,2026-09-17,19.79,20.5,19.45,19.9,19.9,19.59,10284365,205244000.0,18368,,2648713.0,25.75,new
SUBROS,EQ,2026-09-17,678.0,695.0,678.0,689.6,688.2,678.0,31401,21620000.0,1959,,16229.0,51.68,new
SUDARCOLOR,EQ,2026-09-17,370.5,386.0,370.0,377.6,378.0,370.5,10787,4069000.0,267,,8304.0,76.98,new
SUDARSCHEM,EQ,2026-09-17,1205.2,1231.7,1192.3,1205.4,1192.5,1198.7,96727,117260999.99999999,7844,,34895.0,36.08,new
SUDEEPPHRM,EQ,2026-09-17,1107.2,1155.9,1086.2,1105.4,1107.0,1107.2,263271,293504000.0,16849,,144617.0,54.93,new
SUKHJITS,EQ,2026-09-17,160.0,162.95,160.0,160.71,161.79,159.22,10305,1664000.0,357,,6434.0,62.44,new
SULA,EQ,2026-09-17,136.52,137.57,135.0,135.9,135.0,136.52,211637,28788000.0,4146,,95993.0,45.36,new
SUMAX,SM,2026-09-17,113.9,127.05,106.1,119.5,122.0,119.6,351600,41785000.0,258,,210000.0,59.73,new
SUMEDHA,EQ,2026-09-17,47.44,47.44,42.55,44.61,44.99,43.15,1402,63000.0,51,,1325.0,94.51,new
SUMEETINDS,EQ,2026-09-17,9.44,9.98,9.26,9.35,9.5,9.73,1527262,14519000.0,2225,,991765.0,64.94,new
SUMICHEM,EQ,2026-09-17,454.05,458.9,451.5,455.45,457.0,454.05,171579,78147000.0,9383,,89425.0,52.12,new
SUMIT,EQ,2026-09-17,49.81,51.4,47.25,48.66,48.9,50.56,21772,1072000.0,256,,18807.0,86.38,new
SUMMITSEC,EQ,2026-09-17,1399.0,1399.0,1383.5,1384.8,1389.6,1391.7,2158,2997000.0,316,,1334.0,61.82,new
SUNCLAY,EQ,2026-09-17,1268.8,1268.8,1250.0,1252.8,1252.4,1257.4,2894,3629000.0,306,,2240.0,77.4,new
SUNDARAM,EQ,2026-09-17,1.19,1.22,1.17,1.18,1.19,1.17,276086,330000.0,241,,202173.0,73.23,new
SUNDARMFIN,EQ,2026-09-17,4672.4,4725.0,4625.0,4662.8,4725.0,4672.4,30137,139972000.0,8599,,17700.0,58.73,new
SUNDRMBRAK,BE,2026-09-17,684.5,705.0,684.5,692.1,705.0,685.05,652,451000.0,19,,,,new
SUNDRMFAST,EQ,2026-09-17,1207.7,1236.9,1207.7,1226.7,1225.0,1219.9,81682,100152000.0,8272,,47319.0,57.93,new
SUNDROP,EQ,2026-09-17,657.4,662.0,652.0,657.4,656.85,653.15,6188,4065000.0,320,,4698.0,75.92,new
SUNFLAG,EQ,2026-09-17,337.1,345.9,337.1,343.7,344.0,339.0,86885,29716000.000000004,2160,,50780.0,58.45,new
SUNLITE,SM,2026-09-17,661.0,668.0,620.0,629.65,622.8,650.25,30900,19691000.0,88,,22500.0,72.82,new
SUNLOC,EQ,2026-09-17,73.49,73.49,73.49,73.49,73.49,73.49,20,1000.0,1,,20.0,100.0,new
SUNPHARMA,EQ,2026-09-17,1853.5,1867.3,1847.4,1867.3,1867.3,1853.5,1377506,2560315000.0,71633,,910474.0,66.1,new
SUNRAKSHAK,EQ,2026-09-17,370.0,372.0,360.0,362.1,368.95,370.55,5639,2066000.0,327,,3185.0,56.48,new
SUNREST,SM,2026-09-17,37.5,37.75,36.4,37.75,37.75,37.95,16000,594000.0,10,,14400.0,90.0,new
SUNSHIEL,EQ,2026-09-17,1234.9,1250.0,1205.0,1215.7,1220.0,1213.8,3393,4186000.0,486,,1861.0,54.85,new
SUNSHINE,EQ,2026-09-17,365.0,400.05,350.0,394.0,394.0,363.7,2910804,1102443000.0,43825,,799149.0,27.45,new
SUNTECH,SM,2026-09-17,37.0,37.0,36.8,36.8,36.8,38.7,12800,471000.0,8,,11200.0,87.5,new
SUNTECK,EQ,2026-09-17,280.65,284.8,278.95,281.25,280.55,281.15,54136,15229000.0,2398,,28622.0,52.87,new
SUNTV,EQ,2026-09-17,463.95,471.0,459.15,468.4,468.5,462.45,195432,91287000.0,13668,,81467.0,41.69,new
SUPERHOUSE,EQ,2026-09-17,175.5,175.5,167.2,167.58,168.0,167.48,5587,943000.0,240,,3956.0,70.81,new
SUPERSPIN,BE,2026-09-17,6.86,7.19,6.61,7.19,7.19,6.85,65074,462000.0,74,,,,new
SUPRAJIT,EQ,2026-09-17,485.0,492.6,481.1,484.75,487.7,488.15,40496,19683000.0,4979,,18055.0,44.58,new
SUPREME,EQ,2026-09-17,32.0,34.3,31.72,32.21,32.05,32.08,36149,1167000.0,236,,14604.0,40.4,new
SUPREMEENG,BZ,2026-09-17,3.51,3.51,3.51,3.51,3.51,3.45,469407,1648000.0,104,,,,new
SUPREMEIND,EQ,2026-09-17,3300.0,3381.4,3300.0,3344.4,3344.4,3300.0,84838,284047000.0,12549,,37586.0,44.3,new
SUPREMEINF,EQ,2026-09-17,79.05,83.5,79.05,82.65,80.54,79.66,6214,505000.0,245,,3368.0,54.2,new
SUPREMEPWR,SM,2026-09-17,199.3,214.95,199.3,210.85,212.0,204.75,43000,9100000.0,59,,29000.0,67.44,new
SUPRIYA,EQ,2026-09-17,876.6,904.0,870.1,900.65,904.0,877.85,126854,113097000.0,11701,,55823.0,44.01,new
SUPTANERY,BE,2026-09-17,8.78,8.78,8.78,8.78,8.78,9.24,81522,716000.0,305,,,,new
SURAJEST,EQ,2026-09-17,168.3,179.3,165.0,177.39,177.0,168.69,224699,39031000.0,4213,,104394.0,46.46,new
SURAJLTD,EQ,2026-09-17,201.49,202.0,201.49,201.9,201.9,197.32,151,30000.0,3,,151.0,100.0,new
SURAKSHA,EQ,2026-09-17,323.4,330.7,323.4,328.95,328.0,326.8,96967,31770000.0,5577,,68802.0,70.95,new
SURANASOL,EQ,2026-09-17,25.27,25.9,24.83,25.03,25.01,25.01,24342,613000.0,423,,17246.0,70.85,new
SURANAT&P,EQ,2026-09-17,15.66,16.2,15.66,15.85,15.93,15.86,38039,605000.0,357,,27437.0,72.13,new
SURANI,SM,2026-09-17,87.5,99.5,87.5,96.0,97.0,87.5,5400,519000.00000000006,12,,3800.0,70.37,new
SURYALA,EQ,2026-09-17,405.0,405.0,380.6,400.25,405.0,386.85,525,209000.0,41,,428.0,81.52,new
SURYALAXMI,EQ,2026-09-17,57.59,58.0,56.0,57.79,58.0,55.89,3677,211000.0,81,,3016.0,82.02,new
SURYAROSNI,EQ,2026-09-17,209.0,213.0,208.21,209.97,210.9,209.2,354392,74546000.0,5969,,205838.0,58.08,new
SURYODAY,EQ,2026-09-17,143.9,147.58,143.6,146.51,146.8,143.61,107239,15691000.0,2612,,45971.0,42.87,new
SUTLEJTEX,BE,2026-09-17,37.51,39.74,37.51,38.61,38.62,38.73,10266,397000.0,48,,,,new
SUVEN,EQ,2026-09-17,332.0,352.0,332.0,349.85,351.95,336.45,366587,126178000.0,11150,,150947.0,41.18,new
SUVIDHAA,EQ,2026-09-17,2.33,2.33,2.16,2.2,2.19,2.21,238695,530000.0,384,,196920.0,82.5,new
SUYOG,EQ,2026-09-17,664.75,671.9,660.0,664.25,664.65,657.35,5676,3765999.9999999995,545,,3797.0,66.9,new
SUZLON,EQ,2026-09-17,42.01,42.9,42.01,42.54,42.54,42.15,31153614,1326556000.0,72763,,11378378.0,36.52,new
SVGLOBAL,EQ,2026-09-17,134.0,134.0,127.0,128.26,128.31,134.03,700,93000.0,22,,612.0,87.43,new
SVLL,EQ,2026-09-17,800.4,824.4,800.4,818.35,802.05,804.2,1207,978999.9999999999,44,,1086.0,89.98,new
SVPGLOB,EQ,2026-09-17,3.49,3.57,3.25,3.35,3.35,3.41,7503,25000.0,47,,3983.0,53.09,new
SWANCORP,EQ,2026-09-17,292.0,294.15,288.5,289.8,289.3,292.85,897898,261608000.0,14813,,188463.0,20.99,new
SWANDEF,BE,2026-09-17,2734.0,2738.0,2667.2,2720.8,2700.0,2687.2,20103,54433000.00000001,905,,,,new
SWARAJ,BE,2026-09-17,287.4,287.4,287.4,287.4,287.4,302.5,4166,1197000.0,47,,,,new
SWARAJENG,EQ,2026-09-17,3535.6,3563.5,3510.0,3552.9,3550.0,3524.8,6103,21605000.0,2260,,3538.0,57.97,new
SWARNSAR,EQ,2026-09-17,38.5,39.68,37.5,38.72,38.98,37.32,5937,229000.0,58,,5126.0,86.34,new
SWASTIK,ST,2026-09-17,15.9,16.4,15.25,16.4,16.4,15.9,7200,112999.99999999999,6,,7200.0,100.0,new
SWELECTES,EQ,2026-09-17,543.45,559.0,543.45,552.75,554.0,543.45,8351,4599000.0,1033,,3286.0,39.35,new
SWIGGY,EQ,2026-09-17,271.0,278.65,271.0,276.5,276.5,270.5,9241202,2550919000.0,54758,,3424427.0,37.06,new
SWISSMLTRY,BE,2026-09-17,14.4,15.0,14.4,14.76,14.62,14.66,31367,459000.0,205,,,,new
SWSOLAR,EQ,2026-09-17,177.95,184.4,176.1,179.22,179.0,177.94,890103,159298000.0,13210,,274305.0,30.82,new
SYMBIOTEC,EQ,2026-09-17,1040.0,1057.0,1020.6,1045.6,1052.0,1042.8,496349,516857000.0,29558,,129141.0,26.02,new
SYMPHONY,EQ,2026-09-17,570.6,588.0,569.1,584.9,585.0,570.1,36945,21401000.0,2229,,17303.0,46.83,new
SYNCOMF,EQ,2026-09-17,18.4,19.05,18.16,18.78,18.8,18.41,5134471,96005000.0,9885,,1627801.0,31.7,new
SYNGENE,EQ,2026-09-17,380.1,381.5,376.1,380.2,380.0,380.1,160993,61028000.0,9060,,91744.0,56.99,new
SYRMA,EQ,2026-09-17,1513.5,1658.0,1513.5,1617.7,1616.1,1511.2,9182371,14940887000.0,336306,,1397174.0,15.22,new
SYSTANGO,SM,2026-09-17,220.25,222.0,212.0,220.0,220.0,222.55,27600,6030000.0,59,,16000.0,57.97,new
SYSTMTXC,BE,2026-09-17,72.05,72.67,72.05,72.67,72.67,71.25,7076,513000.0,19,,,,new
TAALTECH,EQ,2026-09-17,5220.0,5439.0,5175.4,5349.2,5400.1,5121.2,16454,87563000.0,3731,,5860.0,35.61,new
TAC,ST,2026-09-17,486.95,508.0,486.95,493.95,497.0,487.95,38000,18925000.0,151,,35600.0,93.68,new
TAINWALCHM,EQ,2026-09-17,205.37,213.7,205.37,210.04,210.0,209.09,5026,1060000.0,68,,4795.0,95.4,new
TAJGVK,EQ,2026-09-17,327.4,335.0,325.05,333.4,334.6,327.4,42903,14205000.000000002,1419,,23271.0,54.24,new
TAKE,EQ,2026-09-17,17.01,17.59,16.79,16.79,16.79,17.67,179028,3027000.0,429,,115469.0,64.5,new
TALBROAUTO,EQ,2026-09-17,420.8,442.0,418.4,435.2,435.5,418.8,360775,156913000.0,11901,,148903.0,41.27,new
TAMBOLIIN,BE,2026-09-17,264.8,292.6,264.8,292.45,290.0,278.7,8885,2593000.0,55,,,,new
TANAA,EQ,2026-09-17,263.2,269.95,263.2,266.05,266.5,263.2,4382,1168000.0,398,,2960.0,67.55,new
TANKUP,ST,2026-09-17,1560.0,1614.95,1560.0,1614.95,1614.95,1584.7,1000,1601000.0000000002,4,,1000.0,100.0,new
TANLA,EQ,2026-09-17,489.55,499.8,489.55,495.15,495.95,487.55,235269,116521000.0,10413,,92114.0,39.15,new
TARACHAND,EQ,2026-09-17,47.75,47.75,46.73,46.8,46.97,46.73,17811,835000.0,209,,14422.0,80.97,new
TARAPUR,EQ,2026-09-17,13.21,13.21,12.25,12.46,12.6,12.53,36564,463000.0,229,,21418.0,58.58,new
TARC,EQ,2026-09-17,128.81,131.9,128.11,130.69,130.01,128.81,380735,49686000.0,4491,,183997.0,48.33,new
TARIL,EQ,2026-09-17,278.75,286.4,275.0,276.0,277.0,277.1,1012882,281981000.0,28597,,457831.0,45.2,new
TARMAT,EQ,2026-09-17,57.06,57.97,56.2,56.56,57.0,57.47,8291,474000.0,242,,4408.0,53.17,new
TARSONS,EQ,2026-09-17,302.0,310.5,301.95,307.8,306.55,302.3,46004,14154000.0,2557,,21139.0,45.95,new
TASTYBITE,EQ,2026-09-17,9900.0,10058.0,9868.0,9944.0,10000.0,9936.0,2447,24454000.0,636,,1344.0,54.92,new
TATACAP,EQ,2026-09-17,342.5,348.0,341.65,343.65,343.95,343.5,1147908,394990000.0,67788,,644260.0,56.12,new
TATACHEM,EQ,2026-09-17,728.0,832.0,724.75,779.3,774.65,731.8,14321725,11189954000.0,313160,,2604034.0,18.18,new
TATACOMM,EQ,2026-09-17,1810.0,1831.5,1771.2,1791.6,1796.9,1799.3,310186,557665000.0,31197,,145221.0,46.82,new
TATACONSUM,EQ,2026-09-17,1003.1,1020.3,999.0,1013.7,1013.7,1000.1,1966538,1990938000.0,63945,,1153020.0,58.63,new
TATAELXSI,EQ,2026-09-17,3373.0,3405.0,3343.5,3381.8,3381.8,3373.0,123676,417903000.0,15420,,35819.0,28.96,new
TATAGOLD,EQ,2026-09-17,14.56,14.69,14.55,14.62,14.63,14.68,37551457,549050000.0,54541,,17969104.0,47.85,new
TATAINVEST,EQ,2026-09-17,676.1,733.5,670.0,719.3,718.95,681.95,3732302,2649131000.0,136475,,481882.0,12.91,new
TATAPOWER,EQ,2026-09-17,360.4,370.4,360.2,369.0,369.0,360.4,2859852,1045767000.0,50283,,1198812.0,41.92,new
TATASTEEL,EQ,2026-09-17,183.0,189.49,182.87,187.29,187.29,183.0,29397693,5457511000.0,114690,,15461360.0,52.59,new
TATATECH,EQ,2026-09-17,747.95,767.8,743.8,758.75,757.0,748.4,737720,558597000.0,42326,,258615.0,35.06,new
TATSILV,EQ,2026-09-17,21.99,22.1,21.84,21.99,22.01,22.2,33319083,731932000.0,38711,,13878588.0,41.65,new
TATVA,EQ,2026-09-17,1670.0,1720.0,1635.0,1709.6,1704.0,1646.8,89934,152137000.0,11704,,32897.0,36.58,new
TAURIAN,ST,2026-09-17,475.0,492.95,474.0,492.65,492.0,469.5,35200,17192000.0,43,,30400.0,86.36,new
TBI,SM,2026-09-17,79.75,80.5,76.2,77.15,76.2,77.9,49200,3867000.0,60,,41400.0,84.15,new
TBOTEK,EQ,2026-09-17,1646.3,1683.2,1625.1,1647.7,1649.8,1631.4,68566,113758000.0,7000,,27288.0,39.8,new
TBZ,EQ,2026-09-17,558.0,574.85,555.1,574.85,574.85,547.5,268358,153139000.0,2621,,168598.0,62.83,new
TCC,EQ,2026-09-17,52.16,52.39,50.15,51.25,50.41,52.26,658138,33781000.0,4240,,101430.0,15.41,new
TCI,EQ,2026-09-17,827.6,857.85,822.9,826.55,829.95,827.0,43970,36740000.0,10697,,21163.0,48.13,new
TCIEXP,EQ,2026-09-17,488.0,503.0,486.95,490.75,489.5,489.1,10399,5140000.0,1078,,3742.0,35.98,new
TCIFINANCE,EQ,2026-09-17,14.26,15.19,14.26,14.62,14.7,14.89,8402,124000.0,87,,7157.0,85.18,new
TCL,SM,2026-09-17,124.0,128.0,118.05,125.05,127.75,121.85,80800,9843000.0,49,,67200.0,83.17,new
TCPLPACK,EQ,2026-09-17,3817.0,3936.2,3817.0,3863.4,3851.0,3863.0,7005,27186000.0,1882,,2674.0,38.17,new
TCS,EQ,2026-09-17,2171.0,2263.6,2162.5,2190.0,2190.0,2188.8,3295917,7248174000.000001,112948,,1202973.0,36.5,new
TDPOWERSYS,EQ,2026-09-17,701.4,723.8,691.55,722.1,722.5,696.0,2030402,1449394000.0,78914,,789862.0,38.9,new
TEAMGTY,EQ,2026-09-17,247.9,247.9,235.0,235.0,235.0,242.52,372,87000.0,12,,261.0,70.16,new
TEAMLEASE,EQ,2026-09-17,1231.1,1245.8,1213.0,1226.7,1216.0,1228.0,9021,11101000.0,2575,,5479.0,60.74,new
TEAMTECH,ST,2026-09-17,124.95,125.65,115.0,125.65,125.65,119.7,32000,3914000.0,16,,22000.0,68.75,new
TECH,EQ,2026-09-17,32.06,32.38,31.6,31.99,31.85,32.06,20077,640000.0,195,,11777.0,58.66,new
TECHD,SM,2026-09-17,564.7,595.0,564.7,580.65,580.0,556.45,18900,10969000.0,58,,14400.0,76.19,new
TECHERA,SM,2026-09-17,163.0,163.0,158.0,160.5,158.25,162.5,19200,3076000.0,23,,8000.0,41.67,new
TECHLABS,SM,2026-09-17,128.5,128.5,123.15,127.45,127.7,125.6,6250,791000.0,42,,4250.0,68.0,new
TECHM,EQ,2026-09-17,1545.1,1569.7,1538.0,1561.0,1561.0,1558.0,2730331,4246901000.0,72246,,1726615.0,63.24,new
TECHNOCRAF,EQ,2026-09-17,433.7,450.0,430.85,439.15,439.8,439.4,1068609,472418999.99999994,22699,,267872.0,25.07,new
TECHNOE,EQ,2026-09-17,975.0,998.7,975.0,984.7,987.0,971.05,124912,123298000.0,10631,,61132.0,48.94,new
TECHNVISN,EQ,2026-09-17,4362.0,4576.0,4144.0,4144.0,4144.0,4362.0,378,1600000.0,78,,341.0,90.21,new
TECILCHEM,EQ,2026-09-17,10.68,10.68,8.99,9.76,9.85,9.2,5140,50000.0,66,,3643.0,70.88,new
TEGA,EQ,2026-09-17,1699.1,1944.0,1699.0,1920.0,1909.4,1717.1,3909542,7351017999.999999,188704,,563408.0,14.41,new
TEJA,SM,2026-09-17,211.0,225.9,210.0,224.4,224.6,207.2,104400,23363000.0,85,,82800.0,79.31,new
TEJASCARGO,SM,2026-09-17,410.0,420.0,410.0,420.0,420.0,410.0,20400,8564000.0,7,,20400.0,100.0,new
TEJASNET,EQ,2026-09-17,516.0,529.8,511.55,524.25,526.25,514.8,1659693,862252000.0,39241,,419533.0,25.28,new
TEMBO,EQ,2026-09-17,56.4,57.3,55.51,56.57,56.5,56.48,727896,41080000.0,3967,,227634.0,31.27,new
TEMPSENS,EQ,2026-09-17,514.9,562.3,505.05,541.55,538.8,540.55,4389873,2377236000.0,93566,,686280.0,15.63,new
TENNIND,EQ,2026-09-17,510.4,516.15,507.45,514.05,512.0,512.05,333393,170686000.0,24714,,181227.0,54.36,new
TERAI,EQ,2026-09-17,126.5,126.53,120.0,120.0,120.0,127.16,1285,162000.0,16,,1132.0,88.09,new
TERASOFT,EQ,2026-09-17,230.25,240.9,223.25,225.45,227.8,234.25,29406,6743000.000000001,1273,,19713.0,67.04,new
TEXINFRA,EQ,2026-09-17,114.36,117.58,114.32,115.13,115.0,116.25,51383,5940000.0,1233,,24512.0,47.7,new
TEXMOPIPES,EQ,2026-09-17,57.2,63.0,57.2,62.24,62.45,57.45,516056,31822000.000000004,4159,,218462.0,42.33,new
TEXRAIL,EQ,2026-09-17,108.6,112.5,108.6,111.69,111.89,108.62,1648322,182688000.0,12485,,631143.0,38.29,new
TFCILTD,EQ,2026-09-17,138.99,141.5,138.45,139.06,138.76,138.81,12032665,1679513000.0,24804,,5627046.0,46.76,new
TFL,EQ,2026-09-17,12.18,12.19,11.61,11.81,12.1,12.17,9281,110000.00000000001,77,,5380.0,57.97,new
TGBHOTELS,EQ,2026-09-17,9.4,9.6,9.35,9.37,9.35,9.4,12374,117000.0,55,,10193.0,82.37,new
TGL,ST,2026-09-17,15.55,15.55,15.55,15.55,15.55,15.85,3600,56000.00000000001,8,,3600.0,100.0,new
TGVSL,EQ,2026-09-17,102.65,104.0,102.01,102.58,102.21,102.37,45919,4729000.0,610,,25577.0,55.7,new
THACKER,EQ,2026-09-17,949.0,950.0,949.0,949.0,949.0,952.0,6,6000.0,4,,6.0,100.0,new
THANGAMAYL,EQ,2026-09-17,4950.0,4950.0,4801.5,4811.0,4810.5,4927.0,49263,238557000.00000003,10938,,25624.0,52.01,new
THEINVEST,EQ,2026-09-17,96.98,98.0,93.61,95.52,96.0,95.13,2553,244000.0,137,,1642.0,64.32,new
THEJO,EQ,2026-09-17,2162.9,2250.0,2157.0,2183.4,2180.0,2156.8,10121,22364000.0,1255,,5297.0,52.34,new
THELEELA,EQ,2026-09-17,520.2,536.0,520.2,530.0,530.15,524.2,76806,40697000.0,8961,,36759.0,47.86,new
THEMISMED,EQ,2026-09-17,120.5,123.34,119.0,119.85,119.0,119.76,56488,6829000.000000001,1276,,18978.0,33.6,new
THERMAX,EQ,2026-09-17,3536.8,3591.4,3502.1,3569.5,3561.0,3536.8,80547,286744000.0,21985,,39847.0,49.47,new
THOMASCOOK,EQ,2026-09-17,102.0,103.79,101.51,103.42,103.0,102.01,332746,34237000.0,3363,,165902.0,49.86,new
THOMASCOTT,EQ,2026-09-17,235.0,244.95,232.0,234.9,232.0,233.8,53928,12781000.0,2340,,27155.0,50.35,new
THYROCARE,EQ,2026-09-17,542.05,560.0,536.1,559.25,559.95,541.3,145357,80596000.0,12227,,74275.0,51.1,new
TI,EQ,2026-09-17,523.0,551.0,520.1,543.85,550.0,526.55,1302970,696863000.0,28958,,882177.0,67.71,new
TICL,BE,2026-09-17,6.12,6.54,6.1,6.11,6.19,6.42,241575,1485000.0,425,,,,new
TIGERLOGS,EQ,2026-09-17,27.31,27.61,26.46,26.66,26.6,26.88,26633,713000.0,483,,18092.0,67.93,new
TIIL,EQ,2026-09-17,3139.2,3164.0,3019.8,3049.7,3057.4,3114.2,45785,141454000.0,8659,,23985.0,52.39,new
TIINDIA,EQ,2026-09-17,2566.0,2626.6,2560.4,2598.8,2598.8,2566.6,199703,519108000.0,18607,,85892.0,43.01,new
TIJARIA,BE,2026-09-17,7.02,7.74,7.02,7.72,7.67,7.38,91773,691000.0,197,,,,new
TIL,BE,2026-09-17,244.98,254.94,243.0,249.94,250.0,243.75,82754,20774000.0,351,,,,new
TIMESCAN,SM,2026-09-17,37.6,37.6,37.6,37.6,37.6,39.5,2000,75000.0,1,,2000.0,100.0,new
TIMETECHNO,EQ,2026-09-17,172.65,178.1,172.6,174.54,174.26,173.53,2984106,524909000.0,32928,,624040.0,20.91,new
TIMEX,EQ,2026-09-17,605.0,620.4,605.0,611.1,615.0,605.45,151529,92957000.0,9634,,75029.0,49.51,new
TIMKEN,EQ,2026-09-17,3204.4,3276.7,3168.0,3185.1,3178.0,3238.6,32353,103994000.0,10403,,13211.0,40.83,new
TINNARUBR,EQ,2026-09-17,1010.0,1010.0,992.0,1000.75,1007.0,1002.5,25275,25264000.0,2790,,12141.0,48.04,new
TIPSFILMS,EQ,2026-09-17,311.0,319.1,311.0,318.5,315.3,315.2,950,299000.0,77,,525.0,55.26,new
TIPSMUSIC,EQ,2026-09-17,651.6,663.5,651.35,656.6,656.6,654.55,218134,143553000.0,9554,,124233.0,56.95,new
TIRUMALCHM,EQ,2026-09-17,154.5,157.0,153.82,155.56,155.84,154.19,193996,30095999.999999996,3727,,81943.0,42.24,new
TIRUPATIFL,BE,2026-09-17,65.79,66.98,63.3,64.48,65.15,65.91,501776,32488000.0,1194,,,,new
TITAGARH,EQ,2026-09-17,813.15,845.0,813.1,827.15,828.9,813.15,585375,488552000.00000006,31547,,129385.0,22.1,new
TITAN,EQ,2026-09-17,4895.0,4915.5,4838.5,4841.0,4841.0,4908.5,489416,2380896000.0,61464,,296197.0,60.52,new
TMB,EQ,2026-09-17,907.0,912.4,889.45,891.45,896.0,904.2,90552,81253000.0,12898,,43569.0,48.11,new
TMCV,EQ,2026-09-17,424.25,437.35,421.8,436.1,436.45,424.25,4775496,2060604000.0,83045,,2389548.0,50.04,new
TMPV,EQ,2026-09-17,301.0,319.8,299.75,314.5,314.5,301.0,11903808,3704412000.0000005,83445,,3799129.0,31.92,new
TNIDETF,EQ,2026-09-17,87.54,89.37,87.54,88.37,88.02,87.97,57525,5079000.0,293,,46594.0,81.0,new
TNPETRO,EQ,2026-09-17,126.84,132.0,125.2,127.34,127.3,127.72,902146,116000000.0,11584,,324417.0,35.96,new
TNPL,EQ,2026-09-17,147.25,151.0,143.81,144.64,145.01,152.09,389795,57171000.0,7156,,154211.0,39.56,new
TNTELE,EQ,2026-09-17,8.99,8.99,8.52,8.84,8.8,8.72,13146,114999.99999999999,98,,9068.0,68.98,new
TOKYOPLAST,EQ,2026-09-17,73.05,75.6,73.0,75.6,75.6,76.4,1571,115999.99999999999,32,,1333.0,84.85,new
TOLINS,EQ,2026-09-17,86.1,88.5,86.1,88.22,88.05,86.07,25926,2273000.0,841,,16036.0,61.85,new
TOP100CASE,EQ,2026-09-17,10.46,10.46,10.2,10.26,10.32,10.21,1171887,12033000.0,932,,918687.0,78.39,new
TOP10ADD,EQ,2026-09-17,85.11,85.86,84.86,85.42,85.5,85.25,453187,38664000.0,433,,394401.0,87.03,new
TOP15IETF,EQ,2026-09-17,9.53,9.7,9.46,9.56,9.55,9.5,31445,299000.0,226,,19710.0,62.68,new
TOP20,EQ,2026-09-17,8.6,9.0,8.59,8.64,8.67,8.6,69451,601000.0,174,,64726.0,93.2,new
TORNTPHARM,EQ,2026-09-17,4810.0,4899.0,4794.5,4875.0,4875.0,4812.5,411409,1988525000.0,30555,,238718.0,58.02,new
TORNTPOWER,EQ,2026-09-17,1300.0,1310.6,1271.0,1276.4,1277.0,1295.3,154452,198878000.0,15531,,60482.0,39.16,new
TOTAL,BE,2026-09-17,72.52,74.7,71.0,71.0,71.0,74.0,13292,953999.9999999999,50,,,,new
TOUCHWOOD,EQ,2026-09-17,62.17,62.17,60.03,61.52,61.68,61.64,348,21000.0,32,,215.0,61.78,new
TOYAMSL,EQ,2026-09-17,0.74,0.74,0.72,0.74,0.74,0.71,2893693,2139000.0,308,,892509.0,30.84,new
TPHQ,BE,2026-09-17,0.52,0.54,0.52,0.53,0.54,0.52,745748,399000.0,261,,,,new
TPLPLASTEH,EQ,2026-09-17,65.47,66.46,62.81,64.49,64.11,64.63,131082,8538000.0,1143,,48046.0,36.65,new
TRACXN,EQ,2026-09-17,30.99,31.49,30.65,30.84,30.65,30.96,80926,2506000.0,795,,48607.0,60.06,new
TRANSCOR,EQ,2026-09-17,25.1,25.1,24.0,25.04,25.04,25.1,2691,65000.0,60,,2671.0,99.26,new
TRANSPEK,BE,2026-09-17,1350.9,1365.0,1313.1,1350.1,1350.1,1359.9,316,425000.0,36,,,,new
TRANSRAILL,EQ,2026-09-17,406.85,413.55,406.05,410.2,410.8,406.85,275501,112717000.0,11122,,112973.0,41.01,new
TRANSTEEL,SM,2026-09-17,89.55,89.55,85.0,85.0,85.0,89.55,33000,2827000.0,13,,33000.0,100.0,new
TRANSWORLD,BE,2026-09-17,161.3,164.22,161.3,164.2,164.2,161.0,2360,387000.0,21,,,,new
TRAVELFOOD,EQ,2026-09-17,1215.3,1247.0,1207.1,1232.0,1239.0,1215.3,16972,20763000.0,2539,,8403.0,49.51,new
TREEHOUSE,EQ,2026-09-17,6.1,6.1,5.85,5.87,6.05,5.87,3294,19000.0,54,,3101.0,94.14,new
TREJHARA,EQ,2026-09-17,136.96,140.0,134.5,135.75,134.6,137.1,20769,2831000.0,687,,15804.0,76.09,new
TREL,EQ,2026-09-17,27.03,30.0,26.52,29.77,29.96,27.03,726901,21071000.0,7412,,423128.0,58.21,new
TRENT,EQ,2026-09-17,2760.0,2811.0,2760.0,2789.0,2789.0,2769.7,459529,1281459000.0,34614,,252955.0,55.05,new
TRF,EQ,2026-09-17,215.34,226.71,213.0,219.49,221.75,213.97,19157,4224000.0,537,,9834.0,51.33,new
TRIDENT,EQ,2026-09-17,23.15,23.19,23.0,23.08,23.13,23.17,1827421,42206000.0,14569,,870790.0,47.65,new
TRIDHYA,ST,2026-09-17,7.75,7.75,7.1,7.15,7.15,7.4,9000,66000.0,3,,6000.0,66.67,new
TRIGYN,EQ,2026-09-17,54.19,56.39,54.19,55.18,55.64,53.95,14714,815000.0,367,,9405.0,63.92,new
TRITONV,EQ,2026-09-17,1061.2,1091.8,1061.2,1076.0,1082.8,1061.6,2078,2240000.0,380,,1166.0,56.11,new
TRITURBINE,EQ,2026-09-17,542.3,559.0,540.5,556.8,553.65,540.8,490793,269106000.0,90201,,265112.0,54.02,new
TRIVENI,EQ,2026-09-17,239.45,241.0,228.7,232.45,232.1,239.45,1189405,276546000.0,20978,,546851.0,45.98,new
TROM,SM,2026-09-17,55.55,55.55,53.5,53.5,53.5,55.55,4800,265000.0,8,,4200.0,87.5,new
TRU,EQ,2026-09-17,3.9,4.2,3.9,4.09,4.13,4.01,96353,395000.0,431,,63220.0,65.61,new
TRUALT,EQ,2026-09-17,422.7,434.2,420.1,423.95,421.5,422.7,356698,151950000.0,8037,,149438.0,41.89,new
TRUST,SM,2026-09-17,28.0,28.0,26.3,26.7,26.95,28.1,24000,660000.0,17,,22800.0,95.0,new
TSC,ST,2026-09-17,49.8,50.5,49.7,50.5,50.5,52.0,6000,300000.0,3,,6000.0,100.0,new
TSFINV,EQ,2026-09-17,439.0,449.0,433.6,445.95,446.8,438.5,56347,25007000.0,5239,,34417.0,61.08,new
TTKHLTCARE,EQ,2026-09-17,1061.0,1079.0,1043.0,1049.0,1050.0,1065.1,25616,26958000.0,4575,,14988.0,58.51,new
TTKPRESTIG,EQ,2026-09-17,544.75,548.0,540.55,543.6,544.7,541.1,17137,9325000.0,2449,,9940.0,58.0,new
TTL,EQ,2026-09-17,6.49,7.6,6.48,7.07,7.07,6.43,626276,4402000.0,1286,,290179.0,46.33,new
TTML,EQ,2026-09-17,35.0,38.25,34.95,36.64,36.6,35.22,3196332,117134999.99999999,14042,,869124.0,27.19,new
TUNWAL,SM,2026-09-17,25.05,25.75,24.8,25.45,25.7,25.0,92000,2331000.0,39,,58000.0,63.04,new
TURTLEMINT,EQ,2026-09-17,131.0,136.59,129.81,131.67,131.1,127.74,1635938,217612000.0,20826,,540286.0,33.03,new
TUTIALKA,EQ,2026-09-17,57.93,58.5,56.28,56.57,56.6,57.19,3789,217000.0,101,,2853.0,75.3,new
TVSELECT,EQ,2026-09-17,403.15,411.55,393.15,403.75,405.0,401.5,23074,9355000.0,1240,,11153.0,48.34,new
TVSHLTD,EQ,2026-09-17,12730.0,12997.0,12595.0,12884.0,12997.0,12769.0,3783,48447000.0,1778,,1063.0,28.1,new
TVSMOTOR,EQ,2026-09-17,4050.0,4162.2,4050.0,4101.7,4101.7,4033.0,1025877,4228953000.0,97222,,493187.0,48.07,new
TVSSCS,EQ,2026-09-17,126.0,130.5,125.79,130.09,129.98,126.28,376059,48416000.0,7212,,172518.0,45.88,new
TVSSRICHAK,EQ,2026-09-17,4650.0,4919.5,4650.0,4886.0,4916.5,4685.5,11977,57841999.99999999,3504,,3885.0,32.44,new
TVTODAY,EQ,2026-09-17,105.55,108.49,103.01,107.72,107.5,103.49,68251,7277000.0,777,,51363.0,75.26,new
TVVISION,BE,2026-09-17,2.46,2.61,2.39,2.59,2.57,2.51,27604,69000.0,99,,,,new
TWCGOLDETF,EQ,2026-09-17,150.71,150.71,149.13,149.93,149.82,150.59,2812,422000.0,330,,2387.0,84.89,new
UBL,EQ,2026-09-17,1228.0,1239.5,1213.5,1216.8,1219.3,1227.3,155453,189730000.0,17362,,84718.0,54.5,new
UCAL,BE,2026-09-17,134.4,143.5,132.0,140.06,140.0,136.95,9923,1387000.0,170,,,,new
UCL,ST,2026-09-17,230.5,230.5,230.5,230.5,230.5,235.2,80000,18440000.0,5,,80000.0,100.0,new
UCOBANK,EQ,2026-09-17,23.58,23.98,23.57,23.59,23.59,23.68,2624177,62239000.0,16156,,1153543.0,43.96,new
UDAYJEW,EQ,2026-09-17,158.52,164.88,156.4,158.62,158.1,158.53,46210,7372000.0,554,,30191.0,65.33,new
UDS,EQ,2026-09-17,188.97,193.28,185.85,188.25,187.35,190.6,118960,22460000.0,3693,,64570.0,54.28,new
UEL,EQ,2026-09-17,208.49,215.0,194.54,196.19,198.0,204.77,66647,13481000.0,1971,,31760.0,47.65,new
UFBL,BE,2026-09-17,699.0,729.4,685.1,690.9,690.0,708.0,29326,20899000.0,1377,,,,new
UFLEX,EQ,2026-09-17,642.0,669.0,642.0,652.95,652.4,645.45,154087,101443000.0,5268,,74074.0,48.07,new
UFO,EQ,2026-09-17,60.1,62.28,60.1,61.29,60.82,61.32,13342,815000.0,526,,7118.0,53.35,new
UGARSUGAR,EQ,2026-09-17,53.47,54.29,53.19,53.41,53.48,53.39,243474,13071000.0,2677,,86631.0,35.58,new
UGROCAP,EQ,2026-09-17,83.0,85.0,82.52,83.49,83.29,83.5,166882,13969000.0,2135,,86889.0,52.07,new
UHTL,ST,2026-09-17,184.6,184.6,184.6,184.6,184.6,181.0,20000,3692000.0,6,,20000.0,100.0,new
UJJIVANSFB,EQ,2026-09-17,64.46,65.72,63.43,63.97,63.99,64.83,6237133,401078000.0,38589,,3189811.0,51.14,new
ULTRACEMCO,EQ,2026-09-17,10740.0,10841.0,10703.0,10764.0,10764.0,10700.0,180788,1949049000.0000002,29640,,94571.0,52.31,new
ULTRAMAR,EQ,2026-09-17,415.25,423.7,405.95,412.5,412.75,418.65,50870,21054000.0,2120,,28311.0,55.65,new
UMA,SM,2026-09-17,17.5,17.5,17.5,17.5,17.5,16.05,4000,70000.0,1,,4000.0,100.0,new
UMAEXPORTS,BE,2026-09-17,20.42,20.42,20.42,20.42,20.42,20.83,8093,165000.0,45,,,,new
UMESLTD,EQ,2026-09-17,4.08,4.34,4.0,4.08,4.08,4.08,82484,341000.0,230,,70217.0,85.13,new
UMIYA-MRO,EQ,2026-09-17,97.97,98.37,97.02,97.95,97.07,98.45,3995,389000.0,86,,3451.0,86.38,new
UNICHEMLAB,EQ,2026-09-17,524.0,554.5,521.2,538.45,542.0,524.25,82024,44517000.0,5061,,30062.0,36.65,new
UNIDT,EQ,2026-09-17,220.0,229.9,218.0,228.07,227.52,218.77,29288,6640000.000000001,840,,21296.0,72.71,new
UNIECOM,EQ,2026-09-17,80.1,85.7,80.1,84.45,84.99,80.94,416528,34793000.0,3354,,115104.0,27.63,new
UNIENTER,EQ,2026-09-17,88.01,92.5,88.01,91.9,92.26,89.05,1385,127000.0,27,,1124.0,81.16,new
UNIHEALTH,SM,2026-09-17,686.1,687.0,660.0,667.55,683.95,685.25,20000,13458000.000000002,31,,16000.0,80.0,new
UNIINFO,EQ,2026-09-17,11.23,11.45,10.89,11.38,11.38,11.46,1174,13000.0,21,,893.0,76.06,new
UNIMECH,EQ,2026-09-17,1550.0,1602.0,1530.3,1570.6,1568.0,1515.8,261719,412670000.0,25620,,89092.0,34.04,new
UNIONBANK,EQ,2026-09-17,177.0,180.62,175.83,178.09,178.09,178.2,5299874,942576000.0,30885,,1764092.0,33.29,new
UNIONGOLD,EQ,2026-09-17,148.7,148.7,146.4,146.95,146.85,147.9,1789,263000.0,83,,953.0,53.27,new
UNIPARTS,EQ,2026-09-17,851.15,886.45,830.0,878.05,875.0,851.15,81783,71609000.0,7619,,44433.0,54.33,new
UNITDSPR,EQ,2026-09-17,1380.1,1395.4,1378.1,1390.0,1390.0,1389.5,263642,365654000.0,10611,,168566.0,63.94,new
UNITECH,EQ,2026-09-17,4.44,4.52,4.26,4.27,4.3,4.46,3568646,15543000.0,2272,,2248068.0,62.99,new
UNITEDPOLY,EQ,2026-09-17,43.62,44.9,42.01,44.36,44.8,43.19,413271,18022000.0,645,,384161.0,92.96,new
UNITEDTEA,EQ,2026-09-17,432.2,433.7,426.3,429.05,426.3,431.2,544,235000.0,40,,473.0,86.95,new
UNIVASTU,BE,2026-09-17,134.0,145.01,131.6,145.01,145.01,138.11,75872,10697000.0,353,,,,new
UNIVCABLES,EQ,2026-09-17,1400.0,1472.5,1383.0,1438.8,1448.2,1405.2,73570,106231000.0,7737,,32405.0,44.05,new
UNIVPHOTO,BE,2026-09-17,600.1,620.0,600.1,614.0,614.0,595.05,3110,1903000.0,189,,,,new
UNOMINDA,EQ,2026-09-17,1183.8,1218.0,1178.1,1205.0,1205.0,1186.0,530438,638061000.0,22398,,285101.0,53.75,new
UPHOT,EQ,2026-09-17,1476.0,1480.0,1476.0,1480.0,1480.0,1475.0,53,78000.0,5,,53.0,100.0,new
UPL,EQ,2026-09-17,551.0,558.0,549.8,554.75,554.75,550.6,1804536,999409000.0,34448,,941028.0,52.15,new
URAVIDEF,BE,2026-09-17,110.11,110.11,109.9,109.9,109.9,110.11,571,63000.0,10,,,,new
URBAN,SM,2026-09-17,121.8,121.8,120.05,120.5,120.5,121.8,12800,1545000.0,16,,10400.0,81.25,new
URBANCO,EQ,2026-09-17,164.56,166.29,160.46,162.81,162.5,164.56,2958947,484512000.0,27167,,895312.0,30.26,new
URJA,EQ,2026-09-17,8.77,9.15,8.75,9.1,9.14,8.77,615596,5497000.0,2076,,387761.0,62.99,new
USASEEDS,SM,2026-09-17,88.9,91.0,88.9,91.0,91.0,88.9,1712,153000.0,4,,1712.0,100.0,new
USHAMART,EQ,2026-09-17,479.0,498.5,477.0,495.65,497.0,478.85,1122407,553648000.0,31573,,721072.0,64.24,new
USK,EQ,2026-09-17,19.56,20.88,19.56,20.32,20.4,20.31,11687,238000.0,203,,8598.0,73.57,new
UTIAMC,EQ,2026-09-17,894.45,902.65,890.1,898.25,900.0,895.2,36712,32936000.0,6347,,18180.0,49.52,new
UTKAL,SM,2026-09-17,44.0,46.1,44.0,46.1,46.1,43.95,32000,1469000.0,13,,32000.0,100.0,new
UTKARSHBNK,EQ,2026-09-17,13.75,14.39,13.75,14.05,14.08,13.82,7888005,110895000.0,7874,,2474755.0,31.37,new
UTLSOLAR,EQ,2026-09-17,408.0,417.8,404.05,408.95,407.9,405.65,246129,101133000.0,10724,,108048.0,43.9,new
UTSSAV,SM,2026-09-17,641.0,670.0,641.0,649.3,650.0,634.5,123600,80920000.0,154,,85800.0,69.42,new
UTTAMSUGAR,EQ,2026-09-17,251.8,255.6,250.4,252.4,250.65,250.7,106696,26941000.000000004,3928,,39698.0,37.21,new
UYFINCORP,BE,2026-09-17,19.68,19.68,19.2,19.28,19.26,19.3,18480,358000.0,100,,,,new
V2RETAIL,EQ,2026-09-17,209.0,212.9,208.75,210.4,210.01,209.18,465833,98274000.0,14739,,216542.0,46.48,new
VADILALIND,EQ,2026-09-17,7145.0,7244.5,7062.5,7101.0,7150.0,7156.0,7210,51669000.00000001,2126,,3169.0,43.95,new
VADILENT,EQ,2026-09-17,10400.0,10585.0,10395.0,10575.0,10585.0,10599.0,9,94000.0,6,,8.0,88.89,new
VAIBHAVGBL,EQ,2026-09-17,211.42,212.99,208.03,211.35,212.25,210.66,157443,33181000.0,5174,,81721.0,51.91,new
VAISHALI,EQ,2026-09-17,8.85,8.95,8.26,8.78,8.71,8.68,115742,1011999.9999999999,272,,70713.0,61.1,new
VAKRANGEE,EQ,2026-09-17,5.25,5.32,5.22,5.25,5.23,5.25,747160,3931000.0,1248,,416842.0,55.79,new
VAL30IETF,EQ,2026-09-17,14.8,14.92,14.78,14.88,14.9,14.8,158592,2356000.0,289,,112313.0,70.82,new
VALIANTLAB,BE,2026-09-17,111.25,122.75,111.25,122.75,122.75,116.91,67876,8281999.999999999,307,,,,new
VALIANTORG,BE,2026-09-17,389.0,408.45,389.0,408.45,408.45,389.0,79412,32373000.0,596,,,,new
VALUE,EQ,2026-09-17,15.72,15.82,15.7,15.76,15.76,15.73,5339,84000.0,50,,5052.0,94.62,new
VALUEAXIS,EQ,2026-09-17,32.11,32.2,31.94,32.03,32.0,31.96,40405,1295000.0,252,,32564.0,80.59,new
VAML,EQ,2026-09-17,405.25,413.35,402.3,404.3,403.8,409.3,6880378,2798402000.0,93004,,4198151.0,61.02,new
VARDHACRLC,BE,2026-09-17,43.02,44.3,43.02,43.14,43.12,43.47,4334,188000.0,64,,,,new
VARDMNPOLY,EQ,2026-09-17,5.99,6.35,5.8,5.83,5.89,5.86,116455,691000.0,312,,65316.0,56.09,new
VARROC,EQ,2026-09-17,854.9,871.5,840.0,846.15,844.0,851.15,199305,170136000.0,17732,,75193.0,37.73,new
VASCONEQ,EQ,2026-09-17,29.4,30.7,29.28,30.51,30.55,29.57,187864,5645000.0,1046,,117155.0,62.36,new
VASWANI,EQ,2026-09-17,44.98,45.36,43.26,44.61,44.9,44.98,17676,789000.0,195,,13083.0,74.02,new
VBL,EQ,2026-09-17,411.0,419.5,411.0,415.45,415.45,410.4,3472718,1446768000.0,43537,,1617346.0,46.57,new
VCL,BE,2026-09-17,1.57,1.7,1.57,1.67,1.68,1.65,668037,1074000.0,320,,,,new
VDEAL,SM,2026-09-17,115.0,115.0,113.0,113.0,113.0,114.35,10200,1166000.0,10,,8400.0,82.35,new
VEDAVAAG,EQ,2026-09-17,20.79,21.29,20.45,21.0,21.0,19.77,138410,2876000.0,253,,100067.0,72.3,new
VEDL,EQ,2026-09-17,254.0,257.7,253.95,257.45,257.45,256.0,3297466,845902000.0,47294,,1492232.0,45.25,new
VEDPOWER,EQ,2026-09-17,30.95,31.33,30.76,31.01,31.1,31.0,7700949,239048999.99999997,31085,,4356768.0,56.57,new
VEEDOL,EQ,2026-09-17,1372.0,1405.0,1370.6,1385.3,1383.0,1375.3,12037,16788000.0,1266,,3746.0,31.12,new
VEEKAYEM,SM,2026-09-17,99.2,104.3,99.2,104.3,104.3,104.4,2500,254000.0,5,,2000.0,80.0,new
VELJAN,BE,2026-09-17,1948.0,1996.8,1881.0,1978.3,1996.8,1902.6,2205,4305000.0,150,,,,new
VENKEYS,EQ,2026-09-17,1683.0,1687.9,1648.9,1655.6,1651.4,1670.6,29437,49027000.0,3593,,14576.0,49.52,new
VENTIVE,EQ,2026-09-17,565.55,568.0,560.0,561.75,562.0,565.05,24344,13710000.0,1210,,18094.0,74.33,new
VENUSPIPES,EQ,2026-09-17,1954.0,2160.0,1941.2,2131.7,2107.0,1938.1,1296328,2679141000.0,96143,,373929.0,28.85,new
VENUSREM,BE,2026-09-17,1535.0,1570.0,1511.0,1549.8,1550.0,1535.1,13304,20607000.0,500,,,,new
VERANDA,EQ,2026-09-17,215.0,218.72,212.35,214.57,214.0,217.97,226183,48643000.0,3171,,112195.0,49.6,new
VERITAAS,SM,2026-09-17,27.0,27.0,26.5,26.5,26.5,27.85,2400,64000.0,2,,2400.0,100.0,new
VERTIS,IV,2026-09-17,114.05,115.75,114.05,115.0,115.0,114.0,300000,34626000.0,6,,300000.0,100.0,new
VERTOZ,EQ,2026-09-17,37.51,38.0,36.7,37.12,37.01,37.69,17364,647000.0,412,,11825.0,68.1,new
VESUVIUS,EQ,2026-09-17,397.0,406.7,397.0,400.0,400.0,394.75,65793,26458000.0,5370,,40418.0,61.43,new
VETO,BE,2026-09-17,128.0,133.25,125.5,132.53,133.02,127.94,71974,9362000.0,401,,,,new
VGCL,EQ,2026-09-17,48.0,50.79,48.0,48.01,48.0,48.93,3676,181000.0,31,,2294.0,62.4,new
VGINFOTECH,SM,2026-09-17,141.75,141.75,136.0,137.3,136.5,137.85,24000,3319000.0,22,,15000.0,62.5,new
VGL,EQ,2026-09-17,66.8,67.84,64.4,65.85,66.3,66.2,53566,3515000.0,470,,37025.0,69.12,new
VGUARD,EQ,2026-09-17,327.15,331.9,326.95,330.15,330.0,327.15,263157,86826000.0,10590,,178582.0,67.86,new
VHL,EQ,2026-09-17,3401.0,3442.9,3330.0,3403.5,3385.0,3396.8,884,2981000.0,90,,775.0,87.67,new
VHLTD,BE,2026-09-17,126.0,132.95,125.98,132.08,132.15,126.85,42536,5581000.0,264,,,,new
VICTORYEV,SM,2026-09-17,14.0,14.6,14.0,14.6,14.6,14.1,9000,129000.0,3,,9000.0,100.0,new
VIDHIING,EQ,2026-09-17,337.4,351.0,331.8,348.3,348.0,337.4,27013,9240000.0,720,,18798.0,69.59,new
VIDYAWIRES,EQ,2026-09-17,84.5,87.0,84.5,85.34,85.41,84.93,280740,24027000.0,3245,,123636.0,44.04,new
VIESL,SM,2026-09-17,390.1,402.0,388.0,401.0,402.0,390.0,20000,7862000.0,19,,15200.0,76.0,new
VIGOR,SM,2026-09-17,97.8,99.55,97.0,99.0,99.0,94.8,11200,1103000.0,7,,9600.0,85.71,new
VIJAYA,EQ,2026-09-17,1457.0,1514.9,1423.3,1506.1,1510.0,1438.3,196070,292365000.0,20638,,93911.0,47.9,new
VIJAYPD,SM,2026-09-17,63.0,63.0,62.0,63.0,63.0,65.0,6000,376000.0,3,,6000.0,100.0,new
VIJIFIN,BE,2026-09-17,14.71,14.71,14.71,14.71,14.71,15.01,169498,2493000.0,104,,,,new
VIJSOLX,EQ,2026-09-17,640.0,658.85,613.0,637.85,633.0,640.0,139,88000.0,34,,106.0,76.26,new
VIKASECO,EQ,2026-09-17,1.04,1.05,1.04,1.04,1.04,1.04,1038207,1083000.0,1220,,542282.0,52.23,new
VIKASLIFE,EQ,2026-09-17,1.2,1.24,1.2,1.22,1.23,1.19,1172333,1434000.0,7692,,564391.0,48.14,new
VIKRAMSOLR,EQ,2026-09-17,163.86,164.74,162.8,163.37,163.52,163.88,640352,104694000.0,10248,,269971.0,42.16,new
VIKRAN,EQ,2026-09-17,56.05,57.47,55.8,56.0,56.14,56.06,706914,39861000.0,3914,,297241.0,42.05,new
VILAS,SM,2026-09-17,321.7,340.9,317.55,331.6,333.0,316.25,26250,8681000.0,101,,21000.0,80.0,new
VILINBIO,SM,2026-09-17,60.0,60.0,60.0,60.0,60.0,60.0,4000,240000.0,1,,4000.0,100.0,new
VIMTALABS,EQ,2026-09-17,595.25,617.95,595.25,599.6,597.1,598.45,165328,100224000.0,9203,,74014.0,44.77,new
VINATIORGA,EQ,2026-09-17,1250.0,1269.3,1246.3,1249.7,1250.0,1253.9,37122,46491000.0,5361,,23098.0,62.22,new
VINCOFE,EQ,2026-09-17,168.0,177.65,168.0,175.96,176.2,167.27,2256156,395804000.0,23437,,710071.0,31.47,new
VINDHYATEL,EQ,2026-09-17,2581.1,2698.0,2575.0,2632.5,2613.5,2586.5,49951,132140000.00000001,6830,,15856.0,31.74,new
VINEETLAB,EQ,2026-09-17,35.95,36.0,35.27,35.97,35.99,35.89,65283,2346000.0,257,,54094.0,82.86,new
VINNY,EQ,2026-09-17,1.0,1.0,0.95,0.97,0.97,0.98,344190,332000.0,179,,315636.0,91.7,new
VINOD,ST,2026-09-17,94.0,94.0,89.3,89.3,89.3,94.0,417600,39249000.0,129,,417600.0,100.0,new
VINSYS,ST,2026-09-17,581.0,582.0,577.0,582.0,582.0,580.0,2000,1160000.0,8,,2000.0,100.0,new
VINYAS,SM,2026-09-17,1413.2,1463.95,1400.0,1451.3,1457.8,1413.2,6100,8798000.0,46,,4900.0,80.33,new
VINYLINDIA,EQ,2026-09-17,216.6,220.01,211.25,214.17,214.7,215.0,7244,1558000.0,337,,5990.0,82.69,new
VIPCLOTHNG,EQ,2026-09-17,20.3,20.79,20.11,20.6,20.6,20.5,98424,1998000.0,184,,59823.0,60.78,new
VIPIND,EQ,2026-09-17,295.0,309.5,295.0,304.25,304.0,297.65,473503,144119000.0,11159,,305505.0,64.52,new
VIPULLTD,BE,2026-09-17,12.23,12.23,12.23,12.23,12.23,12.47,66620,815000.0,32,,,,new
VIRAT,EQ,2026-09-17,386.95,407.0,377.0,382.25,379.0,399.45,5561,2144000.0,427,,2875.0,51.7,new
VIRINCHI,EQ,2026-09-17,13.86,14.45,13.86,13.92,14.1,13.95,34921,488999.99999999994,178,,27583.0,78.99,new
VIRTUALG,BE,2026-09-17,0.49,0.49,0.47,0.49,0.49,0.49,85447,41000.0,158,,,,new
VISACHROME,EQ,2026-09-17,31.86,32.3,30.27,30.27,30.27,31.86,104685,3187000.0,302,,75036.0,71.68,new
VISAKAIND,EQ,2026-09-17,87.39,91.12,87.01,90.81,91.0,87.15,201785,18090000.0,2892,,102211.0,50.65,new
VISAMAN,SM,2026-09-17,40.85,40.85,40.85,40.85,40.85,43.0,2000,82000.0,2,,2000.0,100.0,new
VISDEM,SM,2026-09-17,88.0,88.0,87.5,87.6,87.5,92.5,4800,421000.0,2,,4800.0,100.0,new
VISHAL,EQ,2026-09-17,18.47,18.87,18.04,18.12,18.08,18.42,49239,898000.0,554,,38006.0,77.19,new
VISHNU,EQ,2026-09-17,694.05,714.5,689.25,709.1,709.2,693.9,87175,61404000.0,5090,,42240.0,48.45,new
VISHNUINFR,SM,2026-09-17,153.0,156.95,153.0,156.85,156.95,154.95,2000,312000.0,4,,2000.0,100.0,new
VISHWARAJ,EQ,2026-09-17,5.24,5.39,5.24,5.25,5.26,5.31,170500,903999.9999999999,458,,109857.0,64.43,new
VISL,EQ,2026-09-17,31.24,32.04,30.87,31.82,32.0,31.16,18850250,594296000.0,39695,,8670963.0,46.0,new
VITAL,EQ,2026-09-17,52.69,55.29,52.0,55.19,55.19,52.69,2739,150000.0,21,,2738.0,99.96,new
VIVIANA,EQ,2026-09-17,704.65,754.0,704.65,724.7,728.0,701.2,23225,16959000.0,1445,,8807.0,37.92,new
VIVIDEL,SM,2026-09-17,1835.0,1900.0,1835.0,1892.8,1900.0,1814.0,20160,37650000.0,82,,9600.0,47.62,new
VIVIDHA,EQ,2026-09-17,0.53,0.53,0.51,0.51,0.51,0.53,75480,39000.0,104,,75465.0,99.98,new
VIVIMEDLAB,BE,2026-09-17,5.69,5.8,5.69,5.69,5.69,5.8,37928,216000.0,42,,,,new
VIVOBIOT,EQ,2026-09-17,16.19,17.5,16.19,16.85,16.88,16.83,26812,451000.0,202,,20689.0,77.16,new
VIYASH,EQ,2026-09-17,239.05,247.15,237.75,244.5,244.9,238.85,2764864,671688000.0,39034,,1438643.0,52.03,new
VLEGOV,EQ,2026-09-17,10.06,10.49,10.0,10.45,10.48,10.21,80383,823000.0,357,,62617.0,77.9,new
VLINFRA,SM,2026-09-17,25.5,27.1,25.5,26.2,26.7,25.85,22500,597000.0,15,,15000.0,66.67,new
VLSFINANCE,EQ,2026-09-17,242.0,242.0,238.0,239.67,239.51,241.88,5553,1333000.0,138,,5223.0,94.06,new
VMARCIND,SM,2026-09-17,331.8,350.95,331.8,342.35,340.0,331.8,186000,64138000.0,121,,97500.0,52.42,new
VMART,EQ,2026-09-17,784.95,804.6,776.45,790.05,782.5,786.4,107687,85103000.0,10533,,63583.0,59.04,new
VMM,EQ,2026-09-17,101.51,102.11,100.59,101.24,101.24,100.97,4261275,430837000.0,28228,,1972307.0,46.28,new
VMOBILE,SM,2026-09-17,59.55,59.55,58.0,59.55,59.55,56.75,9600,568000.0,11,,8800.0,91.67,new
VMSTMT,EQ,2026-09-17,50.9,51.7,50.01,50.3,50.2,50.57,82286,4157000.0,778,,59127.0,71.86,new
VOEPL,EQ,2026-09-17,482.85,500.15,464.05,491.95,490.0,479.6,57584,28224000.0,2619,,29822.0,51.79,new
VOGL,EQ,2026-09-17,34.99,35.47,34.71,34.83,34.8,34.98,16321048,571307000.0,42922,,5930688.0,36.34,new
VOITHPAPR,EQ,2026-09-17,1450.0,1481.5,1445.0,1468.5,1460.2,1452.1,134,196000.0,21,,107.0,79.85,new
VOLERCAR,SM,2026-09-17,224.0,227.0,223.4,225.0,225.0,220.2,16800,3771000.0,8,,15200.0,90.48,new
VOLTAMP,EQ,2026-09-17,10501.0,10771.0,10501.0,10735.0,10729.0,10513.0,15093,160931000.0,6117,,6690.0,44.33,new
VOLTAS,EQ,2026-09-17,1131.1,1141.2,1125.1,1135.0,1135.0,1131.0,379667,431029000.0,20675,,178875.0,47.11,new
VPRPL,EQ,2026-09-17,32.83,33.5,32.16,33.35,33.1,31.79,333345,10958000.0,1889,,158993.0,47.7,new
VRAJ,EQ,2026-09-17,122.8,125.28,120.6,123.99,122.52,122.25,21702,2678000.0,584,,12953.0,59.69,new
VRLLOG,EQ,2026-09-17,286.05,290.8,284.6,287.9,287.65,286.05,75100,21604000.0,2546,,45499.0,60.58,new
VSSL,EQ,2026-09-17,408.0,428.25,403.1,406.05,406.5,405.85,475918,196346000.0,17837,,159033.0,33.42,new
VSTIND,EQ,2026-09-17,202.65,204.93,201.61,204.11,203.8,202.14,87322,17779000.0,2637,,46699.0,53.48,new
VSTL,EQ,2026-09-17,114.89,115.9,112.15,114.82,114.76,112.75,3050,350000.0,142,,2160.0,70.82,new
VSTTILLERS,EQ,2026-09-17,3990.0,4290.0,3968.0,4201.1,4230.0,3996.5,11556,47570000.0,2759,,6034.0,52.22,new
VTL,EQ,2026-09-17,570.75,572.4,558.8,561.3,563.0,571.75,160680,90503000.0,9601,,64416.0,40.09,new
VTMLTD,EQ,2026-09-17,49.8,50.84,47.12,48.34,48.0,48.83,168443,8212000.0,973,,86294.0,51.23,new
WAAREEENER,EQ,2026-09-17,2499.0,2516.0,2470.0,2473.0,2473.0,2501.0,453090,1127885000.0,32215,,194334.0,42.89,new
WAAREEINDO,EQ,2026-09-17,248.0,259.25,244.5,258.8,259.25,246.95,171850,43525000.0,2802,,66823.0,38.88,new
WAAREERTL,EQ,2026-09-17,805.05,814.5,801.45,811.05,811.65,801.05,102540,82894000.0,9330,,37254.0,36.33,new
WABAG,EQ,2026-09-17,2056.0,2132.0,2052.0,2074.8,2077.1,2055.8,438727,918815000.0,31490,,139252.0,31.74,new
WAKEFIT,EQ,2026-09-17,145.97,148.49,144.5,145.59,146.0,145.61,280341,41037000.0,4173,,102827.0,36.68,new
WALCHANNAG,EQ,2026-09-17,197.5,204.48,197.5,199.84,200.23,197.08,331447,66947000.0,7128,,146551.0,44.22,new
WANBURY,EQ,2026-09-17,220.5,230.0,220.5,223.65,222.0,222.6,101311,22892000.0,2881,,41587.0,41.05,new
WARDINMOBI,EQ,2026-09-17,5.61,5.75,5.55,5.68,5.7,5.57,203170,1145000.0,495,,122519.0,60.3,new
WATERBASE,EQ,2026-09-17,47.95,47.95,45.0,45.39,45.5,47.31,39849,1827000.0,300,,35205.0,88.35,new
WCIL,EQ,2026-09-17,90.24,95.89,90.24,95.21,94.5,90.24,455551,42701000.0,4503,,186927.0,41.03,new
WEALTH,EQ,2026-09-17,839.95,856.5,821.0,842.1,841.0,837.45,1536,1298000.0,211,,954.0,62.11,new
WEBELSOLAR,EQ,2026-09-17,72.12,72.91,71.02,71.74,71.49,72.11,1568698,112497000.0,12450,,803994.0,51.25,new
WEIZMANIND,EQ,2026-09-17,72.01,72.9,70.92,71.24,71.27,72.53,112,8000.0,19,,79.0,70.54,new
WEL,EQ,2026-09-17,69.42,70.28,68.76,69.47,69.73,69.42,397990,27626000.0,2611,,198189.0,49.8,new
WELCORP,EQ,2026-09-17,2420.0,2508.0,2415.1,2460.3,2463.0,2424.5,1698993,4201322000.0,94338,,555222.0,32.68,new
WELENT,EQ,2026-09-17,769.0,785.0,760.85,778.7,776.2,768.0,376786,291586000.0,10510,,225423.0,59.83,new
WELINV,BE,2026-09-17,2185.9,2275.0,2185.9,2275.0,2275.0,2230.5,379,852000.0,22,,,,new
WELSPLSOL,EQ,2026-09-17,52.45,55.74,51.67,53.93,53.2,52.1,858565,46225000.0,4675,,368186.0,42.88,new
WELSPUNLIV,EQ,2026-09-17,201.59,213.81,201.0,212.25,212.25,202.82,5153292,1083259000.0,53975,,1572823.0,30.52,new
WENDT,EQ,2026-09-17,8665.0,8904.0,8609.5,8765.0,8777.0,8663.5,10651,93554000.0,3053,,4174.0,39.19,new
WESTLIFE,EQ,2026-09-17,544.15,557.2,544.1,549.05,545.2,550.45,40486,22267000.0,3202,,14376.0,35.51,new
WEWIN,EQ,2026-09-17,43.0,43.0,40.0,42.89,42.89,41.87,1354,56000.00000000001,21,,1343.0,99.19,new
WEWORK,EQ,2026-09-17,675.95,692.85,671.05,682.85,680.4,676.1,148050,101166000.0,13576,,87505.0,59.11,new
WHBRADY,EQ,2026-09-17,480.15,487.0,480.15,487.0,487.0,485.0,11,5000.0,2,,11.0,100.0,new
WHEELS,EQ,2026-09-17,2110.5,2184.6,2100.8,2124.6,2115.0,2110.5,131049,279541000.0,11389,,32462.0,24.77,new
WHIRLPOOL,EQ,2026-09-17,734.4,739.45,723.2,727.4,726.95,731.75,209496,152557000.0,14579,,86543.0,41.31,new
WHITEFORCE,SM,2026-09-17,43.1,43.1,43.1,43.1,43.1,41.25,1600,69000.0,1,,1600.0,100.0,new
WILLAMAGOR,EQ,2026-09-17,25.35,25.35,23.6,24.11,24.5,24.59,1587,38000.0,96,,991.0,62.44,new
WINDLAS,EQ,2026-09-17,1075.05,1126.45,1075.0,1117.6,1114.25,1075.05,117378,130429000.0,12028,,55061.0,46.91,new
WINDMACHIN,EQ,2026-09-17,294.0,303.55,293.0,300.05,300.0,295.3,81754,24495000.0,1155,,53834.0,65.85,new
WINNY,SM,2026-09-17,30.95,30.95,30.95,30.95,30.95,29.5,500,15000.0,1,,500.0,100.0,new
WINSOL,SM,2026-09-17,103.45,112.9,103.45,110.7,110.7,104.5,6800,735000.0,15,,4000.0,58.82,new
WIPL,EQ,2026-09-17,168.0,168.0,164.61,167.18,164.62,168.0,841,141000.0,30,,464.0,55.17,new
WIPRO,EQ,2026-09-17,165.75,167.6,165.02,166.4,166.4,166.89,9129514,1518813000.0,75807,,4313358.0,47.25,new
WOCKPHARMA,EQ,2026-09-17,2025.0,2090.1,2021.5,2072.3,2084.0,2021.5,603193,1238515000.0,34833,,230045.0,38.14,new
WOL3D,SM,2026-09-17,135.0,135.0,135.0,135.0,135.0,137.5,1000,135000.0,1,,1000.0,100.0,new
WOMANCART,ST,2026-09-17,100.0,101.5,97.0,101.0,101.0,101.5,16800,1676000.0000000002,18,,14400.0,85.71,new
WONDERLA,EQ,2026-09-17,511.4,521.95,511.4,516.65,520.0,517.6,34157,17688000.0,1623,,22633.0,66.26,new
WORTHPERI,EQ,2026-09-17,147.01,147.9,141.65,146.27,146.99,148.07,15217,2221000.0,189,,13024.0,85.59,new
WPIL,EQ,2026-09-17,431.85,446.45,427.9,442.4,436.1,431.85,49611,21843000.0,2942,,33116.0,66.75,new
WSI,EQ,2026-09-17,56.0,58.8,55.79,56.6,56.33,56.04,22541,1283000.0,774,,8296.0,36.8,new
WSTCSTPAPR,EQ,2026-09-17,711.0,743.0,709.95,716.45,714.0,711.0,275342,200506000.0,14730,,126596.0,45.98,new
WTICAB,SM,2026-09-17,99.9,102.5,99.0,101.75,102.5,100.0,8500,855000.0000000001,16,,6500.0,76.47,new
XCHANGING,EQ,2026-09-17,63.0,63.96,61.2,61.8,61.6,63.08,85926,5358000.0,1034,,52763.0,61.41,new
XELPMOC,EQ,2026-09-17,75.46,75.46,73.36,74.08,74.5,73.81,2530,188000.0,213,,1903.0,75.22,new
XPROINDIA,EQ,2026-09-17,1255.7,1276.8,1226.4,1236.1,1250.0,1255.7,24216,30200000.0,2917,,13498.0,55.74,new
XTGLOBAL,EQ,2026-09-17,29.49,30.5,28.5,29.45,28.96,29.05,31522,927000.0,302,,9707.0,30.79,new
XTRANET,EQ,2026-09-17,286.0,308.67,278.18,302.42,302.14,283.03,2378436,712755000.0,41923,,651762.0,27.4,new
YAAP,SM,2026-09-17,129.7,129.7,124.1,125.1,125.0,126.0,15000,1901000.0000000002,14,,8000.0,53.33,new
YASHO,EQ,2026-09-17,4008.5,4112.5,3985.0,4003.0,3995.0,4008.5,24402,98812000.0,5104,,8991.0,36.85,new
YASHOPTICS,SM,2026-09-17,129.95,132.0,129.25,132.0,132.0,130.6,19200,2520000.0,11,,19200.0,100.0,new
YATHARTH,EQ,2026-09-17,987.0,1083.8,985.1,1072.4,1077.0,982.3,3679332,3885985000.0,158755,,865544.0,23.52,new
YATRA,EQ,2026-09-17,103.24,104.85,102.0,104.16,103.53,102.46,676150,70059000.0,6341,,290857.0,43.02,new
YCCL,SM,2026-09-17,8.4,8.4,8.4,8.4,8.4,8.5,3000,25000.0,1,,3000.0,100.0,new
YESBANK,EQ,2026-09-17,23.32,23.38,22.91,23.13,23.13,23.4,69914036,1618171000.0,83724,,24958332.0,35.7,new
YOGI,EQ,2026-09-17,164.95,164.95,163.0,163.0,163.0,160.0,7,1000.0,3,,7.0,100.0,new
YUDIZ,SM,2026-09-17,22.05,22.05,22.05,22.05,22.05,21.9,800,18000.0,1,,800.0,100.0,new
YUKEN,EQ,2026-09-17,1140.0,1140.0,1114.65,1123.1,1130.25,1134.95,21238,23909000.0,1994,,12839.0,60.45,new
ZAGGLE,EQ,2026-09-17,177.45,183.17,176.48,181.38,182.0,177.81,606260,109254000.0,10523,,204504.0,33.73,new
ZEAL,SM,2026-09-17,75.0,75.0,75.0,75.0,75.0,77.5,600,45000.0,1,,600.0,100.0,new
ZEEL,EQ,2026-09-17,80.0,80.19,77.82,78.31,78.15,79.6,13155417,1033512999.9999999,42231,,4636597.0,35.24,new
ZEELEARN,EQ,2026-09-17,6.6,8.05,6.6,6.85,6.87,7.05,514594,3561000.0,984,,335229.0,65.14,new
ZEEMEDIA,EQ,2026-09-17,7.35,7.5,7.32,7.4,7.36,7.37,805569,5973000.0,1084,,464616.0,57.68,new
ZENITHDRUG,SM,2026-09-17,43.5,43.5,42.0,43.45,43.45,43.15,11200,479000.0,13,,8000.0,71.43,new
ZENITHEXPO,EQ,2026-09-17,196.95,196.95,196.95,196.95,196.95,195.0,1,0.0,1,,1.0,100.0,new
ZENITHSTL,EQ,2026-09-17,5.8,5.8,5.5,5.56,5.59,5.49,28764,161000.0,196,,16294.0,56.65,new
ZENSARTECH,EQ,2026-09-17,450.0,450.15,431.6,441.85,440.05,450.15,2456285,1075521000.0,45546,,420962.0,17.14,new
ZENTEC,EQ,2026-09-17,1663.0,1695.8,1656.9,1681.7,1681.6,1662.8,212129,355563000.0,20338,,79698.0,37.57,new
ZFCVINDIA,EQ,2026-09-17,2452.5,2487.7,2435.0,2445.2,2450.0,2461.5,25145,61652000.0,6397,,11070.0,44.02,new
ZFSTEERING,EQ,2026-09-17,734.0,749.9,685.0,694.6,696.0,725.8,8982,6386000.0,662,,5354.0,59.61,new
ZIMLAB,EQ,2026-09-17,136.78,142.0,132.97,137.92,136.0,136.78,230315,31469000.0,2904,,137236.0,59.59,new
ZODIAC,EQ,2026-09-17,225.37,229.0,215.0,220.25,220.17,220.37,11960,2666000.0,730,,7724.0,64.58,new
ZODIACLOTH,EQ,2026-09-17,69.95,69.95,68.9,69.1,69.5,69.26,482,33000.0,47,,392.0,81.33,new
ZOTA,EQ,2026-09-17,1114.1,1152.0,1107.8,1118.8,1122.4,1114.1,122807,138448000.0,3639,,95592.0,77.84,new
ZSARACOM,EQ,2026-09-17,10494.0,10520.0,10062.0,10338.0,10399.0,10494.0,37,379000.0,30,,29.0,78.38,new
ZTECH,SM,2026-09-17,400.0,416.0,385.0,406.85,405.05,406.15,46500,18791000.0,130,,31200.0,67.1,new
ZUARI,EQ,2026-09-17,209.0,217.92,209.0,216.03,215.8,209.3,64917,13869000.0,2414,,29141.0,44.89,new
ZUARIIND,EQ,2026-09-17,254.65,261.65,254.2,259.3,259.3,254.85,35493,9177000.0,1329,,19021.0,53.59,new
ZYDUSLIFE,EQ,2026-09-17,1103.5,1139.9,1100.1,1135.1,1135.1,1107.5,1086138,1225273000.0,36569,,552361.0,50.86,new
ZYDUSWELL,EQ,2026-09-17,551.8,552.15,544.55,546.15,545.4,551.8,147021,80625000.0,12246,,72222.0,49.12,new
