SYMBOL,SERIES,DATE,OPEN,HIGH,LOW,CLOSE,LAST,PREV_CLOSE,VOLUME,TURNOVER,TRADES,ISIN,DELIV_QTY,DELIV_PER,SOURCE
1018GS2026,GS,2026-09-03,104.65,105.0,104.65,105.0,105.0,104.6,1187,124000.0,7,,1187.0,100.0,new
20MICRONS,EQ,2026-09-03,211.4,224.0,211.4,217.82,216.99,211.36,179448,39231000.0,4572,,66414.0,37.01,new
21STCENMGM,EQ,2026-09-03,39.24,39.24,38.08,38.1,38.1,38.85,6902,264000.0,48,,5557.0,80.51,new
360ONE,EQ,2026-09-03,1168.6,1171.5,1149.9,1155.0,1155.0,1181.3,483291,560561000.0,24959,,194872.0,40.32,new
3BBLACKBIO,EQ,2026-09-03,1500.0,1550.0,1481.0,1486.2,1501.0,1478.6,20142,30238000.0,2005,,11928.0,59.22,new
3IINFOLTD,BE,2026-09-03,22.43,22.5,21.7,21.79,21.85,22.43,163620,3590999.9999999995,810,,,,new
3MINDIA,EQ,2026-09-03,32995.0,33050.0,32665.0,32820.0,32810.0,32895.0,1978,64885000.0,963,,938.0,47.42,new
3PLAND,EQ,2026-09-03,32.75,33.53,31.75,32.45,32.5,32.75,2151,70000.0,48,,1699.0,78.99,new
574GS2026,GS,2026-09-03,101.05,101.05,101.05,101.05,101.05,101.05,100,10000.0,1,,100.0,100.0,new
5PAISA,EQ,2026-09-03,337.6,344.4,337.5,342.45,343.7,336.55,18209,6225000.0,907,,10738.0,58.97,new
601GS2030,GS,2026-09-03,98.1,99.0,98.1,99.0,99.0,99.0,219,22000.0,3,,219.0,100.0,new
610GS2031,GS,2026-09-03,99.75,99.99,99.75,99.99,99.99,99.0,500,50000.0,2,,500.0,100.0,new
620GS2029,GS,2026-09-03,99.25,100.29,99.25,99.75,99.75,99.98,600,60000.0,5,,600.0,100.0,new
633GS2035,GS,2026-09-03,99.9,99.9,99.3,99.3,99.3,101.0,196,19000.0,5,,195.0,99.49,new
636GS2031,GS,2026-09-03,102.0,102.0,101.5,101.5,101.5,100.0,2001,202999.99999999997,2,,2001.0,100.0,new
63MOONS,EQ,2026-09-03,809.8,855.8,801.2,851.25,848.0,805.1,628941,526945000.0,25344,,220243.0,35.02,new
648GS2035,GS,2026-09-03,100.0,100.0,100.0,100.0,100.0,99.1,100,10000.0,1,,100.0,100.0,new
654GS2032,GS,2026-09-03,100.0,100.0,100.0,100.0,100.0,100.0,12599,1260000.0,6,,12599.0,100.0,new
664GS2035,GS,2026-09-03,98.16,98.5,98.16,98.5,98.5,98.65,200,20000.0,3,,100.0,50.0,new
667GS2035,GS,2026-09-03,105.2,105.2,98.25,104.0,104.0,100.2,801,79000.0,3,,801.0,100.0,new
667GS2050,GS,2026-09-03,92.5,92.5,92.5,92.5,92.5,92.25,100,9000.0,2,,100.0,100.0,new
668GS2033,GS,2026-09-03,99.2,100.0,99.2,100.0,100.0,99.2,300,30000.0,3,,300.0,100.0,new
668GS2040,GS,2026-09-03,98.5,98.5,97.5,97.68,97.5,97.93,31088,3037000.0,8,,30888.0,99.36,new
676GS2061,GS,2026-09-03,91.0,91.0,90.25,90.26,90.8,90.79,36758,3318000.0,70,,36757.0,100.0,new
679GS2034A,GS,2026-09-03,99.88,99.88,99.88,99.88,99.88,99.75,98,10000.0,1,,98.0,100.0,new
690GS2065,GS,2026-09-03,93.98,93.99,92.91,93.29,93.75,93.48,48476,4528000.0,29,,37788.0,77.95,new
694GS2036,GS,2026-09-03,102.6,103.07,102.05,102.11,102.11,102.4,2299,235000.0,10,,1739.0,75.64,new
695GS2061,GS,2026-09-03,94.0,94.0,92.32,94.0,94.0,93.0,57,5000.0,4,,57.0,100.0,new
699GS2051,GS,2026-09-03,97.24,97.24,97.24,97.24,97.24,97.68,30,3000.0,1,,30.0,100.0,new
702GS2031,GS,2026-09-03,102.0,102.0,101.77,101.79,101.77,102.39,1290,131000.0,4,,1290.0,100.0,new
706GS2028,GS,2026-09-03,104.1,104.2,104.1,104.2,104.2,104.2,10051,1046000.0000000001,14,,10051.0,100.0,new
706GS2041,GS,2026-09-03,101.75,101.75,100.5,100.5,100.5,99.25,500,51000.0,2,,500.0,100.0,new
709GS2054,GS,2026-09-03,96.89,96.89,95.5,95.7,95.7,95.65,50533,4856000.0,24,,50524.0,99.98,new
709GS2074,GS,2026-09-03,96.0,96.0,95.41,95.41,95.41,95.5,4137,395000.0,8,,4137.0,100.0,new
710GS2029,GS,2026-09-03,104.5,104.5,104.35,104.39,104.39,104.3,108689,11357000.0,7,,108689.0,100.0,new
717GS2028,GS,2026-09-03,101.65,101.65,101.65,101.65,101.65,101.65,2376,242000.0,5,,2376.0,100.0,new
717GS2030,GS,2026-09-03,103.8,103.8,103.8,103.8,103.8,103.5,210,22000.0,1,,210.0,100.0,new
718GS2033,GS,2026-09-03,102.0,103.0,102.0,103.0,103.0,103.01,100001,10200000.0,3,,100001.0,100.0,new
718GS2037,GS,2026-09-03,103.12,103.12,102.01,102.53,102.5,102.27,219000,22448000.0,37,,217100.0,99.13,new
724GS2055,GS,2026-09-03,97.15,97.3,96.65,97.3,97.3,97.15,22046,2141000.0,61,,22021.0,99.89,new
725GS2063,GS,2026-09-03,97.19,97.19,96.77,96.83,96.82,96.81,137294,13311000.000000002,93,,135194.0,98.47,new
726GS2032,GS,2026-09-03,103.0,103.05,101.0,103.05,103.05,103.0,17175,1757999.9999999998,12,,17175.0,100.0,new
733GS2026,GS,2026-09-03,101.9,102.11,101.9,102.11,102.11,102.25,600,61000.0,5,,600.0,100.0,new
734GS2064,GS,2026-09-03,98.9,98.9,98.8,98.88,98.9,98.83,111203,10996000.0,74,,111203.0,100.0,new
736GS2052,GS,2026-09-03,101.5,101.5,101.5,101.5,101.5,102.2,80,8000.0,3,,80.0,100.0,new
738GS2027,GS,2026-09-03,102.63,102.9,102.42,102.56,102.59,102.63,8901,914000.0,9,,8901.0,100.0,new
73GS2053,GS,2026-09-03,98.85,98.85,98.75,98.77,98.75,98.83,51700,5109000.0,11,,51700.0,100.0,new
741GS2036,GS,2026-09-03,105.0,105.0,104.4,104.99,104.99,104.4,10203,1067000.0,18,,9299.0,91.14,new
743GS2076,GS,2026-09-03,100.6,100.6,99.3,99.75,99.75,99.82,11231,1120000.0,38,,11230.0,99.99,new
746GS2073,GS,2026-09-03,106.56,106.56,101.49,101.49,101.5,101.5,4,0.0,3,,2.0,50.0,new
74GS2062,GS,2026-09-03,103.99,103.99,103.98,103.98,103.98,102.99,102,11000.0,3,,102.0,100.0,new
754GS2036,GS,2026-09-03,106.23,106.23,106.05,106.14,106.14,106.08,265796,28219000.0,127,,264035.0,99.34,new
75GS2034,GS,2026-09-03,105.0,105.0,105.0,105.0,105.0,105.8,1,0.0,1,,1.0,100.0,new
771GS2066,GS,2026-09-03,104.2,104.25,103.7,103.9,103.9,103.83,36718,3813000.0000000005,28,,36615.0,99.72,new
772GS2055,GS,2026-09-03,102.5,102.5,102.5,102.5,102.5,107.5,9,1000.0,1,,9.0,100.0,new
795GS2032,GS,2026-09-03,104.86,104.86,104.86,104.86,104.86,104.86,2000,210000.0,7,,2000.0,100.0,new
832GS2032,GS,2026-09-03,112.0,112.0,106.88,106.94,107.0,112.5,3,0.0,3,,1.0,33.33,new
83GS2042,GS,2026-09-03,110.0,110.0,110.0,110.0,110.0,105.1,217,24000.0,1,,217.0,100.0,new
883GS2041,GS,2026-09-03,115.25,115.25,115.25,115.25,115.25,115.25,151,17000.0,1,,151.0,100.0,new
897GS2030,GS,2026-09-03,111.5,111.6,111.5,111.5,111.5,111.5,1507,168000.0,7,,1507.0,100.0,new
92GS2030,GS,2026-09-03,115.0,116.3,115.0,115.5,115.5,116.98,16495,1905000.0,14,,16495.0,100.0,new
A2ZINFRA,EQ,2026-09-03,16.4,16.89,15.95,15.98,16.0,16.4,336137,5449000.0,692,,213672.0,63.57,new
AAATECH,EQ,2026-09-03,93.04,94.18,92.8,93.17,92.8,93.07,2783,260000.0,82,,2204.0,79.2,new
AADHARHFC,EQ,2026-09-03,479.0,480.6,471.0,478.65,476.25,475.4,273006,130630000.0,10829,,187917.0,68.83,new
AAKAAR,SM,2026-09-03,63.0,63.0,63.0,63.0,63.0,62.0,1600,101000.0,1,,1600.0,100.0,new
AAKASH,EQ,2026-09-03,8.67,8.89,8.61,8.77,8.79,8.67,90898,792000.0,301,,70973.0,78.08,new
AARADHYA,SM,2026-09-03,111.0,111.0,97.1,100.75,97.1,102.95,16800,1761000.0,14,,14400.0,85.71,new
AAREYDRUGS,EQ,2026-09-03,95.0,95.0,91.91,94.44,94.79,91.72,146325,13777000.000000002,892,,100885.0,68.95,new
AARNAV,BE,2026-09-03,32.1,32.95,31.04,32.22,32.95,32.1,4159,130000.0,42,,,,new
AARON,EQ,2026-09-03,125.95,131.01,125.95,128.98,130.2,125.95,13550,1739999.9999999998,218,,10415.0,76.86,new
AARTECH,BE,2026-09-03,50.3,50.88,48.5,49.16,49.74,49.81,43226,2121000.0,151,,,,new
AARTIDRUGS,EQ,2026-09-03,420.85,440.6,419.5,425.85,428.0,417.8,379789,163426000.0,10583,,175349.0,46.17,new
AARTIIND,EQ,2026-09-03,507.0,511.85,499.7,501.9,503.3,505.2,529276,267292000.0,17576,,229132.0,43.29,new
AARTIPHARM,EQ,2026-09-03,867.25,886.95,854.5,868.1,863.5,867.25,378950,330568000.0,17803,,138831.0,36.64,new
AARTISURF,BE,2026-09-03,526.4,546.0,510.2,544.25,545.0,526.05,13975,7451000.000000001,428,,,,new
AARVI,EQ,2026-09-03,143.88,145.22,140.91,141.35,141.7,143.08,8501,1209000.0,320,,6458.0,75.97,new
AASTHA,EQ,2026-09-03,80.99,81.0,78.13,80.05,80.2,79.19,540815,43276000.0,1874,,360857.0,66.72,new
AAVAS,EQ,2026-09-03,1264.9,1304.5,1262.0,1297.8,1298.0,1258.7,230500,296835000.0,28673,,143483.0,62.25,new
ABAN,BE,2026-09-03,14.83,15.12,14.55,14.78,14.9,14.83,41138,609000.0,206,,,,new
ABANSENT,EQ,2026-09-03,27.85,27.85,27.0,27.45,27.5,27.58,5425,149000.0,76,,5375.0,99.08,new
ABB,EQ,2026-09-03,7438.0,7475.0,7405.0,7432.0,7432.0,7447.5,153649,1141975000.0,19074,,97678.0,63.57,new
ABBOTINDIA,EQ,2026-09-03,26175.0,26175.0,25905.0,25945.0,25920.0,26045.0,3151,81817000.0,1983,,1794.0,56.93,new
ABCAPITAL,EQ,2026-09-03,398.1,402.0,396.95,402.0,402.0,397.05,1903527,761032000.0,42356,,939943.0,49.38,new
ABCOTS,EQ,2026-09-03,213.9,214.75,205.99,207.46,209.7,209.57,1315,274000.0,80,,634.0,48.21,new
ABDL,EQ,2026-09-03,609.95,615.3,602.3,609.4,607.95,604.4,127184,77481000.0,7386,,49799.0,39.16,new
ABFRL,EQ,2026-09-03,50.86,51.7,50.2,50.41,50.45,50.47,3271761,166831000.0,16934,,1812474.0,55.4,new
ABGSEC,EQ,2026-09-03,113.4,114.33,113.4,114.33,114.33,113.51,58,7000.000000000001,3,,57.0,98.28,new
ABH,ST,2026-09-03,84.9,84.9,84.9,84.9,84.9,89.35,8400,713000.0,6,,8400.0,100.0,new
ABHAPOWER,SM,2026-09-03,24.0,24.95,23.95,23.95,23.95,23.9,8000,196000.0,5,,8000.0,100.0,new
ABINFRA,BE,2026-09-03,11.05,11.7,11.05,11.18,11.2,11.27,166257,1886000.0,320,,,,new
ABLBL,EQ,2026-09-03,82.8,83.99,82.7,83.49,83.72,82.78,615778,51347000.0,7133,,344527.0,55.95,new
ABMINTLLTD,BE,2026-09-03,57.22,57.22,57.0,57.0,57.0,56.1,77,4000.0,6,,,,new
ABMKNO,EQ,2026-09-03,193.0,193.0,187.5,188.0,188.0,190.9,295,56000.00000000001,14,,228.0,77.29,new
ABREL,EQ,2026-09-03,1340.7,1386.9,1340.7,1376.9,1379.3,1331.1,242377,333433000.0,23561,,95347.0,39.34,new
ABSL10BANK,EQ,2026-09-03,169.41,169.41,168.0,168.15,168.1,167.74,573,96000.0,15,,525.0,91.62,new
ABSLAMC,EQ,2026-09-03,1026.0,1049.9,1018.2,1045.2,1047.5,1022.0,201804,210239000.0,11398,,127135.0,63.0,new
ABSLBANETF,EQ,2026-09-03,59.81,59.81,58.83,59.05,59.03,58.64,55244,3265999.9999999995,256,,46823.0,84.76,new
ABSLLIQUID,EQ,2026-09-03,999.99,1000.01,999.99,999.99,999.99,999.99,6503,6503000.0,29,,2746.0,42.23,new
ABSLMSCIN,EQ,2026-09-03,29.96,29.96,29.39,29.5,29.5,29.37,297,9000.0,10,,246.0,82.83,new
ABSLNN50ET,EQ,2026-09-03,77.04,77.95,76.25,77.01,77.4,77.04,6251,480999.99999999994,181,,3231.0,51.69,new
ABSLPSE,EQ,2026-09-03,10.17,10.17,10.1,10.11,10.1,10.07,75639,765000.0,315,,39678.0,52.46,new
ABSMARINE,SM,2026-09-03,290.0,310.1,290.0,307.15,309.0,289.6,130500,39718000.0,231,,99000.0,75.86,new
ACC,EQ,2026-09-03,1269.0,1280.0,1268.0,1272.0,1277.0,1266.6,93466,119118000.0,7140,,51473.0,55.07,new
ACCELYA,EQ,2026-09-03,1141.2,1142.0,1125.0,1129.6,1127.1,1135.1,4291,4858000.0,687,,2936.0,68.42,new
ACCENTMIC,SM,2026-09-03,598.55,612.0,598.0,607.4,612.0,602.1,23000,13903000.0,39,,18500.0,80.43,new
ACCPL,ST,2026-09-03,210.0,210.0,202.0,202.0,202.0,205.0,7200,1488000.0,5,,7200.0,100.0,new
ACCURACY,BE,2026-09-03,4.24,4.31,4.06,4.22,4.26,4.26,48044,200000.0,186,,,,new
ACE,EQ,2026-09-03,1091.0,1155.0,1088.5,1145.5,1145.0,1090.9,330531,372857000.0,20771,,139807.0,42.3,new
ACEINTEG,EQ,2026-09-03,17.87,17.87,16.81,17.02,17.31,17.27,1304,22000.0,51,,936.0,71.78,new
ACGL,EQ,2026-09-03,1799.8,1799.8,1765.0,1790.9,1782.0,1760.0,309,552000.0,56,,207.0,66.99,new
ACI,EQ,2026-09-03,499.0,510.85,489.35,495.2,497.0,494.1,666712,335750000.0,26093,,373979.0,56.09,new
ACL,EQ,2026-09-03,43.92,43.99,43.02,43.58,43.9,43.92,11113,486000.00000000006,173,,7902.0,71.11,new
ACMESOLAR,EQ,2026-09-03,398.45,404.9,396.85,401.9,400.55,398.25,854705,342905000.0,36397,,396127.0,46.35,new
ACSTECH,BE,2026-09-03,51.2,52.45,50.25,50.69,51.4,51.25,229078,11809000.0,404,,,,new
ACUTAAS,EQ,2026-09-03,3149.7,3211.6,3149.7,3201.0,3208.0,3134.9,211905,676937000.0,37448,,134035.0,63.25,new
ADANIENSOL,EQ,2026-09-03,1398.0,1412.8,1378.0,1385.7,1385.7,1396.6,1939729,2692653000.0,43497,,892178.0,45.99,new
ADANIENT,EQ,2026-09-03,2905.0,2920.5,2885.2,2901.0,2901.0,2891.8,816124,2367317000.0,48710,,338146.0,41.43,new
ADANIGREEN,EQ,2026-09-03,1300.0,1310.3,1278.6,1283.4,1283.4,1296.0,1133280,1465752000.0,30562,,401139.0,35.4,new
ADANIPORTS,EQ,2026-09-03,1694.9,1710.8,1681.8,1706.5,1706.5,1672.7,3370497,5741393000.0,88331,,1688038.0,50.08,new
ADANIPOWER,EQ,2026-09-03,209.0,211.33,206.64,208.29,208.29,207.7,17538881,3668414000.0,91637,,5574310.0,31.78,new
ADDICTIVE,SM,2026-09-03,44.0,44.0,42.9,43.0,43.0,44.0,34000,1480000.0,59,,33000.0,97.06,new
ADDIND,EQ,2026-09-03,86.9,88.0,75.0,76.69,75.0,85.29,2206,170000.0,49,,2116.0,95.92,new
ADFFOODS,EQ,2026-09-03,269.0,269.95,263.85,267.5,267.0,267.7,59722,15919999.999999998,2229,,33159.0,55.52,new
ADISOFT,SM,2026-09-03,203.0,205.0,199.95,200.0,200.0,196.7,44800,9064000.0,53,,29600.0,66.07,new
ADL,EQ,2026-09-03,76.0,76.0,72.01,72.79,72.01,76.4,776,56999.99999999999,14,,753.0,97.04,new
ADOR,EQ,2026-09-03,1730.3,1739.9,1708.0,1714.6,1708.7,1730.3,22575,38841000.0,3158,,12827.0,56.82,new
ADROITINFO,EQ,2026-09-03,10.61,10.61,10.26,10.31,10.5,10.26,10043,104000.0,83,,6268.0,62.41,new
ADSL,EQ,2026-09-03,104.16,105.82,103.01,104.85,105.0,103.9,77592,8108000.0,1502,,38281.0,49.34,new
ADVAIT,EQ,2026-09-03,2159.0,2236.1,2115.5,2210.9,2198.0,2139.0,56826,124534999.99999999,7984,,29883.0,52.59,new
ADVANCE,EQ,2026-09-03,118.89,121.0,116.85,118.53,118.09,117.89,99888,11822000.0,1387,,55779.0,55.84,new
ADVANIHOTR,EQ,2026-09-03,49.5,50.0,49.08,49.18,49.1,49.43,22473,1111000.0,339,,15749.0,70.08,new
ADVENTHTL,EQ,2026-09-03,136.45,137.75,134.21,134.98,134.93,136.89,86090,11666000.0,1104,,48133.0,55.91,new
ADVENZYMES,EQ,2026-09-03,293.8,298.0,293.8,296.0,297.55,292.9,118836,35146000.0,2052,,64303.0,54.11,new
ADVIKCA,EQ,2026-09-03,1.17,1.17,1.1,1.13,1.13,1.15,325275,369000.0,274,,257348.0,79.12,new
AEGISLOG,EQ,2026-09-03,1255.0,1294.9,1235.5,1287.2,1287.9,1241.8,754823,960426000.0,48248,,361357.0,47.87,new
AEGISVOPAK,EQ,2026-09-03,288.0,298.7,283.15,286.85,286.5,286.3,1926863,561631000.0,36680,,636392.0,33.03,new
AEPL,EQ,2026-09-03,15.48,18.09,15.1,17.09,17.2,15.08,268429,4542000.0,1122,,144504.0,53.83,new
AEQUS,EQ,2026-09-03,246.5,256.2,244.61,247.23,246.6,245.62,5020432,1259721000.0,63237,,2028217.0,40.4,new
AEROENTER,EQ,2026-09-03,141.4,147.44,140.46,142.86,143.54,140.46,671011,97140000.0,7670,,319060.0,47.55,new
AEROFLEX,EQ,2026-09-03,545.05,547.9,536.15,542.15,539.0,540.75,731290,396240000.0,17938,,288886.0,39.5,new
AERON,SM,2026-09-03,78.3,79.0,77.85,78.8,78.8,75.25,60000,4726000.0,11,,59000.0,98.33,new
AERONEU,EQ,2026-09-03,81.6,82.5,78.6,78.99,79.39,80.7,38951,3143000.0,735,,17973.0,46.14,new
AEROPLANE,EQ,2026-09-03,180.1,188.21,177.07,188.07,188.0,179.25,633269,116263000.00000001,4982,,412277.0,65.1,new
AESTHETIK,SM,2026-09-03,70.4,70.4,69.95,70.0,70.0,69.0,4000,280000.0,4,,2000.0,50.0,new
AETHER,EQ,2026-09-03,1662.7,1692.8,1650.2,1654.7,1654.1,1646.4,137904,229989000.0,17108,,58309.0,42.28,new
AFCONS,EQ,2026-09-03,285.1,296.0,285.0,294.7,293.75,285.1,973217,285367000.0,23714,,471737.0,48.47,new
AFFLE,EQ,2026-09-03,1540.0,1540.2,1489.2,1519.2,1524.0,1517.9,1325612,1996688000.0,68511,,942566.0,71.1,new
AFFORDABLE,EQ,2026-09-03,163.88,163.88,159.0,159.68,161.75,159.41,12094,1947000.0,330,,9648.0,79.78,new
AFIL,EQ,2026-09-03,9.5,9.6,9.29,9.31,9.32,9.39,313894,2940000.0,633,,233431.0,74.37,new
AFSL,EQ,2026-09-03,214.0,214.0,206.0,208.77,211.8,210.47,3310,695000.0,145,,1968.0,59.46,new
AGARIND,EQ,2026-09-03,451.9,456.2,439.15,440.5,441.8,450.55,41157,18284000.0,2460,,21394.0,51.98,new
AGARWALEYE,EQ,2026-09-03,514.0,522.9,505.9,511.45,513.0,514.25,755505,387047000.0,34013,,354430.0,46.91,new
AGARWALFT,SM,2026-09-03,30.0,30.0,28.5,28.6,28.6,30.0,25500,755000.0,11,,22500.0,88.24,new
AGARWALTUF,SM,2026-09-03,130.5,137.0,130.15,136.3,137.0,131.0,16800,2242000.0,14,,13200.0,78.57,new
AGI,EQ,2026-09-03,754.5,762.15,739.1,742.2,747.0,749.45,149192,111803000.0,5103,,75281.0,50.46,new
AGIIL,EQ,2026-09-03,282.85,287.0,275.75,278.3,277.4,280.75,901682,254509000.0,6788,,335700.0,37.23,new
AGL,EQ,2026-09-03,13.79,13.83,13.52,13.66,13.71,13.79,1278727,17453000.0,3060,,784355.0,61.34,new
AGNI,SM,2026-09-03,15.25,15.25,15.25,15.25,15.25,16.0,2500,38000.0,1,,2500.0,100.0,new
AGRITECH,EQ,2026-09-03,102.0,102.0,101.0,101.1,101.0,100.9,2440,247000.00000000003,49,,1269.0,52.01,new
AGROPHOS,EQ,2026-09-03,25.75,27.0,25.1,26.19,26.16,24.99,33501,880000.0000000001,353,,22873.0,68.28,new
AGSTRA,BZ,2026-09-03,1.96,2.04,1.96,1.98,2.0,1.98,72282,145000.0,205,,,,new
AHCL,EQ,2026-09-03,15.47,16.25,15.47,15.6,15.6,15.56,5112726,81293000.0,6224,,2004681.0,39.21,new
AHIMSA,ST,2026-09-03,25.8,25.8,25.8,25.8,25.8,25.8,27000,697000.0,1,,27000.0,100.0,new
AHLADA,EQ,2026-09-03,38.3,38.3,37.02,37.51,37.98,37.27,2175,82000.0,38,,1693.0,77.84,new
AHLEAST,EQ,2026-09-03,143.3,144.2,135.0,135.86,135.95,142.01,7776,1068000.0,238,,4266.0,54.86,new
AHLUCONT,EQ,2026-09-03,602.75,608.9,591.35,595.45,593.9,602.2,58695,35150000.0,4370,,29915.0,50.97,new
AHLWEST,BE,2026-09-03,530.0,535.0,510.1,512.05,530.0,535.0,393,209000.0,15,,,,new
AIAENG,EQ,2026-09-03,4201.2,4320.0,4182.1,4272.4,4266.7,4159.7,121873,520003000.0,32618,,64365.0,52.81,new
AIIL,EQ,2026-09-03,514.6,522.15,508.25,519.05,517.0,507.45,263000,135616000.0,11416,,122096.0,46.42,new
AILIMITED,SM,2026-09-03,21.25,21.25,20.25,21.25,21.25,20.25,15000,313000.0,5,,15000.0,100.0,new
AIMTRON,SM,2026-09-03,1590.0,1624.0,1590.0,1620.35,1622.9,1583.45,13400,21622000.0,58,,8400.0,62.69,new
AIRAN,EQ,2026-09-03,15.11,15.11,14.67,14.8,14.83,14.83,37237,554000.0,274,,26964.0,72.41,new
AIROLAM,EQ,2026-09-03,86.51,89.0,86.07,86.34,86.2,86.51,495,43000.0,22,,327.0,66.06,new
AISL,SM,2026-09-03,55.05,58.1,55.05,57.1,58.1,57.9,3000,169000.0,4,,2400.0,80.0,new
AJANTPHARM,EQ,2026-09-03,3462.6,3536.7,3456.1,3521.1,3525.0,3481.7,42779,150059000.0,12287,,16921.0,39.55,new
AJAXENGG,EQ,2026-09-03,573.5,584.75,567.55,579.75,576.45,570.65,50089,28901000.0,6106,,27893.0,55.69,new
AJMERA,EQ,2026-09-03,115.0,118.54,114.0,115.45,116.45,115.69,355294,41549000.0,4597,,166467.0,46.85,new
AJOONI,EQ,2026-09-03,3.72,3.77,3.71,3.71,3.72,3.72,109004,407000.0,231,,86704.0,79.54,new
AKANKSHA,SM,2026-09-03,122.05,130.2,122.05,130.2,130.2,124.0,19000,2459000.0,17,,16000.0,84.21,new
AKASH,EQ,2026-09-03,25.98,25.98,24.57,24.92,24.88,25.2,2153,55000.00000000001,38,,1588.0,73.76,new
AKCAPIT,EQ,2026-09-03,1699.4,1730.0,1676.5,1697.4,1685.0,1699.4,182,309000.0,79,,126.0,69.23,new
AKG,EQ,2026-09-03,9.89,9.89,9.2,9.34,9.39,9.21,23251,216000.0,101,,12473.0,53.65,new
AKI,EQ,2026-09-03,6.57,6.57,6.57,6.57,6.57,5.48,1291990,8488000.0,444,,1055657.0,81.71,new
AKIKO,SM,2026-09-03,379.1,404.0,379.1,404.0,404.0,379.1,12000,4733000.0,14,,11200.0,93.33,new
AKSHAR,EQ,2026-09-03,0.42,0.43,0.42,0.42,0.43,0.42,550317,234000.0,281,,248633.0,45.18,new
AKSHARCHEM,BE,2026-09-03,424.0,424.0,424.0,424.0,424.0,403.85,8564,3631000.0,119,,,,new
AKSHOPTFBR,BE,2026-09-03,7.49,7.49,7.05,7.08,7.06,7.41,271880,1950000.0,441,,,,new
AKUMS,EQ,2026-09-03,764.35,788.0,760.5,780.55,778.0,770.25,335921,260696999.99999997,18333,,181987.0,54.18,new
ALANKIT,EQ,2026-09-03,8.12,8.19,7.89,8.02,8.02,7.96,74600,596000.0,419,,62061.0,83.19,new
ALBERTDAVD,EQ,2026-09-03,876.0,883.9,865.0,870.15,878.1,871.7,1783,1552000.0,275,,1114.0,62.48,new
ALCODIS,SM,2026-09-03,71.85,71.85,71.85,71.85,71.85,67.8,625,45000.0,1,,625.0,100.0,new
ALEMBICLTD,EQ,2026-09-03,100.52,117.72,100.52,109.51,108.8,100.14,35036495,3949744000.0,148298,,3411730.0,9.74,new
ALFREDHE,EQ,2026-09-03,2900.0,3025.0,2799.9,2898.3,3025.0,2884.0,89,252999.99999999997,25,,82.0,92.13,new
ALGOQUANT,EQ,2026-09-03,63.8,65.21,63.69,64.27,64.16,63.8,984808,63292999.99999999,2066,,161578.0,16.41,new
ALICON,EQ,2026-09-03,678.95,687.9,666.0,684.55,680.0,665.5,18575,12577000.0,1109,,13422.0,72.26,new
ALIVUS,EQ,2026-09-03,1417.9,1439.4,1405.0,1418.8,1420.0,1417.9,79310,112392000.0,7501,,41343.0,52.13,new
ALKALI,BE,2026-09-03,69.5,69.5,66.01,66.52,66.52,68.86,2188,148000.0,44,,,,new
ALKEM,EQ,2026-09-03,5210.0,5233.5,5157.0,5193.0,5193.0,5210.0,95991,497707000.0,11429,,63501.0,66.15,new
ALKYLAMINE,EQ,2026-09-03,1981.8,2021.9,1975.5,2003.2,2004.0,1975.5,51387,102683999.99999999,7745,,20247.0,39.4,new
ALLCARGO,EQ,2026-09-03,12.27,12.6,12.1,12.51,12.47,12.27,16724646,206864000.0,15634,,5088772.0,30.43,new
ALLDIGI,EQ,2026-09-03,796.55,804.55,790.0,801.65,801.0,796.55,4579,3647000.0,447,,3152.0,68.84,new
ALLETEC,SM,2026-09-03,127.55,138.5,127.55,133.25,132.6,126.3,39200,5266000.0,84,,32000.0,81.63,new
ALLTIME,EQ,2026-09-03,199.1,205.0,199.1,199.78,199.15,199.61,114574,23083000.0,2635,,61063.0,53.3,new
ALMONDZ,EQ,2026-09-03,17.43,17.99,17.43,17.66,17.54,17.43,284483,5045000.0,721,,216357.0,76.05,new
ALOKINDS,EQ,2026-09-03,7.79,8.14,7.45,7.53,7.59,7.73,61782463,482560000.00000006,35602,,22189707.0,35.92,new
ALPA,EQ,2026-09-03,63.79,64.6,63.05,63.3,63.3,63.13,5832,369000.0,131,,3104.0,53.22,new
ALPEXSOLAR,SM,2026-09-03,868.0,894.6,868.0,877.75,882.0,866.85,37700,33227000.0,285,,24700.0,65.52,new
ALPHA,EQ,2026-09-03,53.94,54.49,53.94,54.27,54.3,53.94,690509,37466000.0,1828,,439095.0,63.59,new
ALPHAETF,EQ,2026-09-03,26.75,26.76,26.5,26.52,26.56,26.45,234356,6229000.0,631,,128749.0,54.94,new
ALPHAGEO,BE,2026-09-03,308.0,315.0,302.2,315.0,315.0,300.0,13073,4083000.0,231,,,,new
ALPINETEX,EQ,2026-09-03,51.12,59.34,51.12,57.17,57.25,51.09,1147753,64115000.0,8126,,328786.0,28.65,new
ALPL30IETF,EQ,2026-09-03,27.62,28.0,27.6,27.76,27.8,27.62,310325,8595000.0,1205,,243061.0,78.32,new
ALUFLUOR,EQ,2026-09-03,502.0,504.05,495.1,502.15,502.0,502.55,10453,5251000.0,263,,9569.0,91.54,new
ALUWIND,SM,2026-09-03,49.0,49.8,48.5,48.5,48.5,47.1,7500,369000.0,5,,7500.0,100.0,new
AMAGI,EQ,2026-09-03,575.45,575.45,560.5,562.35,565.8,572.8,87295,49387000.0,4694,,28566.0,32.72,new
AMAL,EQ,2026-09-03,764.95,764.95,747.0,749.8,750.0,749.7,2809,2118000.0,190,,2000.0,71.2,new
AMANTA,BE,2026-09-03,190.23,190.23,190.23,190.23,190.23,186.5,19977,3800000.0,54,,,,new
AMARJOTHI,EQ,2026-09-03,159.0,159.0,153.05,158.81,158.9,156.13,360,56000.00000000001,27,,280.0,77.78,new
AMBAAUTO,SM,2026-09-03,112.0,112.5,109.55,109.55,109.55,111.85,4000,444000.00000000006,4,,4000.0,100.0,new
AMBALALSA,BE,2026-09-03,44.94,45.5,43.51,43.67,43.51,44.1,24304,1076000.0,163,,,,new
AMBER,EQ,2026-09-03,7445.5,7473.0,7365.0,7410.0,7410.0,7415.0,95945,710837000.0,12219,,39978.0,41.67,new
AMBICAAGAR,EQ,2026-09-03,25.29,27.49,24.36,26.33,27.49,24.75,75462,1930999.9999999998,249,,73496.0,97.39,new
AMBIKCO,EQ,2026-09-03,1629.2,1650.0,1625.6,1634.7,1636.0,1629.2,5755,9440000.0,627,,3861.0,67.09,new
AMBUJACEM,EQ,2026-09-03,404.0,405.05,401.8,405.0,405.0,402.7,918055,370025000.0,11589,,584487.0,63.67,new
AMCL,SM,2026-09-03,360.0,373.0,351.05,363.5,373.0,365.0,7200,2556000.0,18,,6800.0,94.44,new
AMDIND,EQ,2026-09-03,57.4,60.99,56.61,58.51,57.73,57.39,160048,9533000.0,2227,,76821.0,48.0,new
AMEYA,SM,2026-09-03,108.0,108.0,105.6,107.15,107.15,109.0,6000,641000.0,6,,6000.0,100.0,new
AMIABLE,SM,2026-09-03,61.2,77.0,61.2,77.0,77.0,65.0,4800,338000.0,3,,0.0,0.0,new
AMJLAND,EQ,2026-09-03,38.65,39.98,38.65,39.6,39.06,38.61,9245,366000.0,88,,5396.0,58.37,new
AMNPLST,EQ,2026-09-03,181.0,181.0,173.61,176.07,175.15,180.32,4307,764000.0,267,,3320.0,77.08,new
AMRUTANJAN,EQ,2026-09-03,502.75,515.45,502.75,507.35,505.1,500.25,67870,34594000.0,1336,,51038.0,75.2,new
ANANDRATHI,EQ,2026-09-03,2205.0,2224.2,2189.9,2205.3,2205.7,2198.3,130218,286552000.0,19588,,72746.0,55.86,new
ANANTAM,IV,2026-09-03,106.0,106.43,105.65,106.0,106.0,106.0,16222,1719000.0000000002,74,,16222.0,100.0,new
ANANTRAJ,EQ,2026-09-03,598.0,640.25,598.0,628.3,627.0,588.85,22186819,13970164000.000002,331431,,3334322.0,15.03,new
ANAWIL,SM,2026-09-03,391.8,397.0,379.95,382.5,384.95,390.0,136000,52765000.0,321,,92000.0,67.65,new
ANDHRAPAP,EQ,2026-09-03,61.11,65.0,61.11,63.29,63.5,61.09,750331,47207000.0,6209,,442524.0,58.98,new
ANDHRSUGAR,EQ,2026-09-03,99.99,102.4,97.5,101.29,101.75,99.2,1156631,116558999.99999999,9724,,367430.0,31.77,new
ANDREWYU,EQ,2026-09-03,28.35,28.85,27.81,27.98,28.15,28.15,80346,2272000.0,348,,55070.0,68.54,new
ANGELONE,EQ,2026-09-03,280.35,288.0,280.35,286.0,286.0,279.25,4732927,1347754000.0,32862,,2113158.0,44.65,new
ANIKINDS,EQ,2026-09-03,46.7,46.7,43.96,44.99,45.17,44.77,9572,426999.99999999994,247,,5499.0,57.45,new
ANKITMETAL,BZ,2026-09-03,1.7,1.74,1.68,1.69,1.7,1.71,10419,18000.0,33,,,,new
ANLON,SM,2026-09-03,649.0,658.0,641.0,658.0,658.0,645.0,4800,3115000.0,12,,4800.0,100.0,new
ANMOL,EQ,2026-09-03,10.14,10.14,9.97,10.04,10.12,9.97,23283,234000.0,97,,20204.0,86.78,new
ANNAPURNA,EQ,2026-09-03,146.0,149.0,144.02,147.78,147.25,143.73,21152,3097000.0,296,,14418.0,68.16,new
ANNU,BE,2026-09-03,74.8,74.8,71.82,71.82,71.82,75.6,2067647,149325000.0,8802,,,,new
ANONDITA,SM,2026-09-03,1078.0,1105.0,1077.0,1099.9,1105.0,1060.85,51200,56004999.99999999,200,,44400.0,86.72,new
ANSALAPI,BZ,2026-09-03,3.25,3.32,3.23,3.31,3.24,3.26,11824,39000.0,27,,,,new
ANSALBU,EQ,2026-09-03,78.91,81.4,75.01,76.35,75.9,78.91,925,72000.0,31,,676.0,73.08,new
ANTELOPUS,EQ,2026-09-03,985.0,1075.1,965.4,1013.3,990.6,951.15,19196421,19564736000.0,521917,,1246974.0,6.5,new
ANTGRAPHIC,EQ,2026-09-03,0.74,0.76,0.73,0.75,0.75,0.73,91374,67000.0,161,,84337.0,92.3,new
ANTHEM,EQ,2026-09-03,940.0,955.0,932.0,950.7,950.0,934.5,701484,662402000.0,25403,,374624.0,53.4,new
ANUHPHR,EQ,2026-09-03,79.3,81.7,78.1,79.68,79.99,78.94,93225,7484000.0,1375,,55852.0,59.91,new
ANUP,EQ,2026-09-03,1801.4,1820.0,1780.0,1808.0,1818.0,1799.8,16507,29636000.0,1987,,8473.0,51.33,new
ANURAS,EQ,2026-09-03,1240.3,1248.9,1235.0,1240.2,1240.2,1240.3,82580,102404000.0,2051,,59064.0,71.52,new
ANYA,SM,2026-09-03,14.75,15.05,14.75,15.05,15.05,15.4,20000,299000.0,4,,10000.0,50.0,new
ANZEN,IV,2026-09-03,130.0,130.0,130.0,130.0,130.0,129.0,25000,3250000.0,1,,25000.0,100.0,new
AONEGOLD,EQ,2026-09-03,14.1,14.33,14.1,14.28,14.25,13.98,427830,6100000.0,1698,,216101.0,50.51,new
AONELIQUID,EQ,2026-09-03,1075.31,1075.31,1075.29,1075.29,1075.29,1075.16,14549,15644999.999999998,94,,7451.0,51.21,new
AONENIFTY,EQ,2026-09-03,10.44,10.44,9.81,9.89,9.9,9.85,118021,1173000.0,1066,,94032.0,79.67,new
AONESILVER,EQ,2026-09-03,8.64,8.85,8.64,8.79,8.81,8.64,268580,2367000.0,1045,,167960.0,62.54,new
AONETMMQ50,EQ,2026-09-03,10.36,10.37,10.28,10.28,10.37,10.31,71292,735000.0,188,,56160.0,78.77,new
AONETOTAL,EQ,2026-09-03,11.79,11.94,11.79,11.85,11.9,11.83,155842,1852000.0,1075,,69440.0,44.56,new
APARINDS,EQ,2026-09-03,16941.0,17772.0,16940.0,17704.0,17687.0,16813.0,208669,3662686000.0,56004,,83408.0,39.97,new
APCL,EQ,2026-09-03,100.15,101.49,100.0,100.1,100.1,100.0,3882,389000.0,59,,3413.0,87.92,new
APCOTEXIND,EQ,2026-09-03,632.3,658.0,627.65,650.4,652.5,628.65,349149,225642999.99999997,11407,,178153.0,51.02,new
APEX,EQ,2026-09-03,370.0,381.6,363.3,376.75,377.9,367.25,224093,83498000.0,8641,,67489.0,30.12,new
APEXECO,ST,2026-09-03,266.0,268.45,265.0,265.0,265.0,256.0,4800,1283000.0,6,,4800.0,100.0,new
APLAPOLLO,EQ,2026-09-03,2230.0,2232.0,2136.5,2159.4,2159.4,2210.0,1385174,2993723000.0,64085,,782558.0,56.5,new
APLLTD,EQ,2026-09-03,833.5,833.5,801.1,803.65,804.6,826.9,163761,133093000.0,11879,,86530.0,52.84,new
APOLLO,EQ,2026-09-03,384.0,389.75,380.8,383.25,382.5,382.65,3215994,1241316000.0,23462,,808054.0,25.13,new
APOLLOHOSP,EQ,2026-09-03,8690.0,8785.5,8655.5,8692.0,8692.0,8719.0,241427,2105006000.0000002,27976,,147488.0,61.09,new
APOLLOPIPE,EQ,2026-09-03,598.1,619.8,595.1,614.55,618.0,599.05,162498,98819000.0,6343,,52712.0,32.44,new
APOLLOTYRE,EQ,2026-09-03,435.7,439.8,433.1,433.85,434.75,434.15,197622,86204000.0,9882,,109184.0,55.25,new
APOLSINHOT,EQ,2026-09-03,1238.9,1239.0,1212.0,1233.1,1236.1,1221.2,697,857000.0,62,,525.0,75.32,new
APRAMEYA,SM,2026-09-03,116.5,120.95,115.0,120.3,120.95,120.6,8000,932000.0,16,,5500.0,68.75,new
APS,SM,2026-09-03,245.1,252.0,244.0,245.0,245.0,249.35,13250,3272999.9999999995,50,,8250.0,62.26,new
APSISAERO,ST,2026-09-03,599.35,599.35,599.35,599.35,599.35,587.6,2400,1438000.0,2,,2400.0,100.0,new
APTECHT,BE,2026-09-03,90.1,92.95,90.1,90.97,90.8,90.78,45018,4108000.0,385,,,,new
APTUS,EQ,2026-09-03,255.55,260.19,253.6,257.31,256.98,254.28,1420310,365446000.0,35473,,981791.0,69.13,new
AQYLON,EQ,2026-09-03,19.8,21.64,19.66,21.59,21.64,20.61,1582720,33578000.0,2300,,712874.0,45.04,new
ARCHIDPLY,EQ,2026-09-03,106.52,108.0,103.6,105.99,106.0,106.52,19078,2023999.9999999998,180,,16978.0,88.99,new
ARCHIES,EQ,2026-09-03,13.02,13.32,12.85,12.91,12.96,12.94,9243,120000.0,97,,7055.0,76.33,new
ARCIIL,SM,2026-09-03,38.0,38.0,37.0,37.9,37.9,39.0,7000,262000.0,7,,6000.0,85.71,new
ARCL,EQ,2026-09-03,230.0,235.0,224.1,228.3,232.5,230.0,58,13000.0,14,,55.0,94.83,new
ARDEE,EQ,2026-09-03,56.79,57.73,54.48,54.84,54.96,56.4,4822946,268912000.0,18861,,2344159.0,48.6,new
ARE&M,EQ,2026-09-03,873.7,879.4,858.0,860.4,861.3,871.25,352946,305558000.0,20141,,178163.0,50.48,new
ARENTERP,EQ,2026-09-03,34.9,35.1,34.5,35.06,35.1,34.7,635,22000.0,18,,580.0,91.34,new
ARFIN,EQ,2026-09-03,88.29,89.65,87.05,89.09,89.17,87.87,1004336,89485000.0,2611,,173859.0,17.31,new
ARHAM,SM,2026-09-03,203.05,215.0,200.0,214.45,215.0,206.1,99000,20697000.0,56,,70000.0,70.71,new
ARIES,EQ,2026-09-03,500.0,507.2,488.5,496.6,494.65,495.35,60328,30127999.999999996,2328,,28168.0,46.69,new
ARIHANT,EQ,2026-09-03,890.0,959.35,890.0,920.65,937.0,900.3,2144,1980999.9999999998,187,,1148.0,53.54,new
ARIHANTACA,SM,2026-09-03,474.65,500.0,474.65,496.0,496.0,477.0,3600,1751000.0000000002,7,,3200.0,88.89,new
ARIHANTCAP,EQ,2026-09-03,78.68,79.98,77.57,78.52,78.76,78.48,163522,12900000.0,1648,,87197.0,53.32,new
ARIHANTSUP,EQ,2026-09-03,249.0,249.0,231.35,236.15,236.7,247.75,30352,7303000.0,381,,26311.0,86.69,new
ARIS,EQ,2026-09-03,128.5,132.89,127.0,129.43,129.89,128.31,1628246,210428000.00000003,10647,,687653.0,42.23,new
ARKADE,EQ,2026-09-03,119.0,124.69,119.0,124.17,123.9,117.93,374251,45749000.0,3799,,147729.0,39.47,new
ARMANFIN,EQ,2026-09-03,1954.5,2004.9,1945.0,1991.9,2000.0,1947.2,21713,43073000.0,3828,,12754.0,58.74,new
ARMOUR,ST,2026-09-03,18.0,18.0,17.6,18.0,18.0,18.0,6000,107000.0,3,,6000.0,100.0,new
AROGRANITE,EQ,2026-09-03,24.5,25.05,24.5,24.97,24.98,24.61,2282,56000.00000000001,28,,2217.0,97.15,new
ARROWGREEN,BE,2026-09-03,773.0,796.9,771.0,777.4,777.0,771.2,38395,30047000.000000004,892,,,,new
ARSHIYA,BZ,2026-09-03,0.68,0.74,0.68,0.73,0.73,0.71,594134,413999.99999999994,211,,,,new
ARSSBL,EQ,2026-09-03,511.9,520.0,508.05,514.95,515.8,508.3,106069,54580999.99999999,4917,,61120.0,57.62,new
ARTEMISMED,EQ,2026-09-03,322.0,324.4,317.5,319.85,319.0,320.7,95982,30738000.0,4724,,50751.0,52.88,new
ARTNIRMAN,EQ,2026-09-03,40.45,41.08,39.05,40.43,40.99,40.25,396,16000.0,23,,253.0,63.89,new
ARUNAYA,SM,2026-09-03,13.9,15.5,13.9,14.6,14.6,14.2,24000,357000.0,11,,12000.0,50.0,new
ARVEE,EQ,2026-09-03,167.46,173.37,165.0,165.0,165.0,165.81,1083,182000.0,52,,598.0,55.22,new
ARVIND,EQ,2026-09-03,575.0,575.0,562.0,567.0,567.0,574.05,455606,258469000.0,21877,,212172.0,46.57,new
ARVINDFASN,EQ,2026-09-03,461.15,461.2,449.9,454.3,457.0,461.15,132745,60489000.0,11961,,55574.0,41.87,new
ARVINDPORT,SM,2026-09-03,32.05,32.05,31.95,32.0,32.0,33.5,16500,528000.0,7,,15000.0,90.91,new
ARVSMART,EQ,2026-09-03,644.95,648.95,635.55,639.0,640.25,642.4,23247,14936000.000000002,1191,,13462.0,57.91,new
ARYAMAN,EQ,2026-09-03,622.4,638.0,605.0,626.5,638.0,639.95,532,326000.0,22,,526.0,98.87,new
ASAHIINDIA,EQ,2026-09-03,955.7,965.0,949.5,962.25,963.05,951.05,118263,113494000.0,11322,,55077.0,46.57,new
ASAHISONG,BE,2026-09-03,374.3,380.0,368.05,368.8,368.6,367.9,14633,5470000.0,172,,,,new
ASAL,EQ,2026-09-03,474.5,488.0,474.5,486.3,487.9,473.4,13566,6545999.999999999,587,,6990.0,51.53,new
ASALCBR,EQ,2026-09-03,708.3,712.0,690.0,696.05,694.0,703.8,22698,15908000.000000002,1996,,12278.0,54.09,new
ASHALOG,SM,2026-09-03,63.9,63.9,63.25,63.25,63.25,62.0,36000,2300000.0,2,,36000.0,100.0,new
ASHAPURMIN,EQ,2026-09-03,554.8,562.65,545.85,547.95,548.5,550.5,284037,156974000.0,12946,,136370.0,48.01,new
ASHIANA,EQ,2026-09-03,369.8,371.0,366.0,366.55,366.2,368.3,14643,5378000.0,624,,8886.0,60.68,new
ASHIKAG,BE,2026-09-03,425.95,433.9,420.35,429.25,429.9,425.95,7207,3092000.0,119,,,,new
ASHIMASYN,EQ,2026-09-03,18.25,18.25,17.62,17.88,17.99,17.83,34870,624000.0,209,,22997.0,65.95,new
ASHOKA,EQ,2026-09-03,117.39,118.44,116.15,117.32,117.45,117.39,964821,113411999.99999999,6864,,295260.0,30.6,new
ASHOKAMET,EQ,2026-09-03,14.15,14.15,13.2,13.47,13.57,13.49,13117,179000.0,94,,5501.0,41.94,new
ASHOKLEY,EQ,2026-09-03,168.5,169.35,166.05,169.35,169.35,167.9,9119654,1530160000.0,47886,,4453371.0,48.83,new
ASHWINI,SM,2026-09-03,183.0,183.0,180.0,180.0,180.0,186.0,3000,545000.0,3,,3000.0,100.0,new
ASIANENE,EQ,2026-09-03,509.45,528.4,499.5,523.0,522.9,504.1,855583,444914000.00000006,23549,,334825.0,39.13,new
ASIANHOTNR,EQ,2026-09-03,380.4,389.0,373.95,383.85,385.0,379.9,23687,9086000.0,976,,10316.0,43.55,new
ASIANPAINT,EQ,2026-09-03,2530.0,2544.0,2515.1,2541.6,2541.6,2527.5,589499,1491676000.0,39745,,341851.0,57.99,new
ASIANTILES,EQ,2026-09-03,50.29,50.35,49.47,49.96,50.05,50.16,5861094,292756000.0,9521,,2778240.0,47.4,new
ASIANTNE,EQ,2026-09-03,10.15,10.15,9.67,9.76,9.76,9.83,3167,31000.0,51,,2158.0,68.14,new
ASKAUTOLTD,EQ,2026-09-03,624.0,639.5,620.2,632.2,634.9,623.85,205122,129416000.00000001,8734,,73164.0,35.67,new
ASMS,BE,2026-09-03,7.02,7.36,6.92,7.11,7.2,7.01,194582,1385000.0,514,,,,new
ASPINWALL,EQ,2026-09-03,258.0,264.0,252.0,257.55,263.9,259.85,4005,1019000.0,107,,3308.0,82.6,new
ASPIRE,SM,2026-09-03,12.8,13.8,12.8,13.05,13.3,13.45,68000,876000.0,33,,38000.0,55.88,new
ASSAMENT,EQ,2026-09-03,831.0,831.0,831.0,831.0,831.0,819.0,1,1000.0,1,,1.0,100.0,new
ASTAR,EQ,2026-09-03,581.15,590.0,577.0,578.5,577.0,590.0,23,13000.0,13,,14.0,60.87,new
ASTEC,EQ,2026-09-03,571.1,581.0,570.1,573.25,570.4,572.55,10624,6107000.0,868,,6357.0,59.84,new
ASTERDM,EQ,2026-09-03,768.0,789.0,754.05,787.0,785.3,759.9,3077930,2393893000.0,89360,,1940040.0,63.03,new
ASTRAL,EQ,2026-09-03,1493.0,1497.0,1476.7,1495.2,1495.2,1487.0,640757,952286000.0,20959,,381907.0,59.6,new
ASTRAMICRO,EQ,2026-09-03,1650.0,1684.0,1645.1,1665.1,1666.0,1641.8,162924,271650000.0,15880,,69682.0,42.77,new
ASTRAZEN,EQ,2026-09-03,6868.0,6960.0,6835.5,6940.5,6947.0,6868.0,4139,28607000.0,1563,,2158.0,52.14,new
ASTRON,BZ,2026-09-03,3.05,3.1,2.92,3.0,3.06,2.98,29095,88000.0,59,,,,new
ATALREAL,EQ,2026-09-03,26.13,26.45,25.75,25.9,25.9,25.53,9781101,253064000.0,5392,,3796730.0,38.82,new
ATAM,EQ,2026-09-03,54.4,56.39,54.25,54.79,54.41,54.78,5818,319000.0,149,,3462.0,59.5,new
ATCENERGY,ST,2026-09-03,22.5,22.5,22.5,22.5,22.5,22.85,1200,27000.0,1,,1200.0,100.0,new
ATGL,EQ,2026-09-03,618.8,622.0,612.95,614.05,614.0,614.95,486903,300157000.0,14343,,199830.0,41.04,new
ATHERENERG,EQ,2026-09-03,1673.4,1675.0,1629.9,1638.9,1638.9,1686.1,4163125,6844139000.0,99909,,994515.0,23.89,new
ATL,EQ,2026-09-03,23.77,24.89,23.77,24.26,24.3,23.8,163316,3970000.0000000005,1475,,85975.0,52.64,new
ATLANTAA,EQ,2026-09-03,39.3,39.96,39.2,39.86,39.26,39.21,27112,1073000.0,851,,15514.0,57.22,new
ATLANTAELE,EQ,2026-09-03,1860.0,1925.0,1817.9,1886.4,1892.0,1838.9,253182,478795000.0,24854,,105427.0,41.64,new
ATLASCYCLE,EQ,2026-09-03,96.4,98.49,94.51,95.44,96.44,95.05,2994,287000.0,115,,1812.0,60.52,new
ATLPP,E1,2026-09-03,9.2,9.2,8.25,9.1,9.1,9.09,2102,18000.0,15,,2102.0,100.0,new
ATMASTCO,SM,2026-09-03,139.2,146.05,139.0,139.75,139.05,139.1,17200,2439000.0,40,,11200.0,65.12,new
ATUL,EQ,2026-09-03,6486.0,6642.5,6446.0,6469.0,6461.0,6485.5,54621,356549000.0,15052,,27096.0,49.61,new
ATULAUTO,EQ,2026-09-03,467.3,470.8,457.5,461.3,462.0,466.4,161354,74776000.0,4693,,88279.0,54.71,new
AUBANK,EQ,2026-09-03,1082.0,1083.3,1066.1,1072.0,1072.0,1077.9,506657,542729000.0,32757,,254519.0,50.23,new
AUGMONT,EQ,2026-09-03,975.0,979.95,912.0,922.7,916.4,952.85,3652464,3464619000.0,96061,,811140.0,22.21,new
AURIONPRO,EQ,2026-09-03,693.0,704.0,684.0,686.45,684.5,693.0,170083,117506000.0,8538,,97682.0,57.43,new
AUROIMPEX,SM,2026-09-03,28.6,28.65,28.0,28.65,28.65,27.3,14400,411000.00000000006,9,,14400.0,100.0,new
AUROPHARMA,EQ,2026-09-03,1656.1,1666.6,1626.6,1637.3,1637.3,1648.2,920206,1516691000.0,49343,,465348.0,50.57,new
AURUM,EQ,2026-09-03,224.95,228.85,224.01,224.76,224.5,224.95,45123,10183000.0,1907,,22431.0,49.71,new
AURUS,EQ,2026-09-03,4.55,4.69,4.55,4.62,4.66,4.64,8380,38000.0,58,,6340.0,75.66,new
AUSL,SM,2026-09-03,23.65,25.8,23.65,25.8,25.8,24.65,22000,563000.0,2,,22000.0,100.0,new
AUSOMENT,EQ,2026-09-03,162.0,162.0,153.51,159.95,160.0,156.45,15371,2443000.0,150,,11212.0,72.94,new
AUSTENG,EQ,2026-09-03,125.0,125.0,122.1,124.7,124.7,121.4,263,33000.0,15,,233.0,88.59,new
AUTOAXLES,EQ,2026-09-03,1749.0,1749.0,1692.6,1705.4,1705.0,1732.5,4117,7090000.000000001,692,,1762.0,42.8,new
AUTOBEES,EQ,2026-09-03,288.88,290.9,288.0,288.19,288.3,288.88,147286,42545000.0,2716,,83505.0,56.7,new
AUTOIETF,EQ,2026-09-03,29.24,29.24,28.66,28.91,29.02,28.96,698330,20220000.0,2223,,425932.0,60.99,new
AUTOIND,EQ,2026-09-03,84.46,98.4,84.46,92.75,93.5,84.68,1837130,171522000.0,13634,,398929.0,21.71,new
AVADHSUGAR,EQ,2026-09-03,814.75,845.0,812.05,831.1,831.0,811.7,152917,126717000.0,7085,,53531.0,35.01,new
AVALON,EQ,2026-09-03,2235.4,2265.4,2139.3,2248.6,2255.0,2189.6,462178,1019199000.0,43202,,154980.0,33.53,new
AVANA,ST,2026-09-03,151.0,152.9,148.1,152.4,152.9,155.85,14000,2104000.0,7,,12000.0,85.71,new
AVANCE,EQ,2026-09-03,0.83,0.84,0.82,0.82,0.83,0.82,4293598,3550000.0,1173,,2880030.0,67.08,new
AVANTEL,EQ,2026-09-03,157.09,158.85,156.0,156.5,156.7,156.81,469993,73809000.0,6639,,226393.0,48.17,new
AVANTIFEED,EQ,2026-09-03,805.9,810.0,791.9,795.85,797.0,801.2,274215,218754000.0,15496,,104116.0,37.97,new
AVG,BE,2026-09-03,171.4,174.98,170.2,171.3,171.0,171.42,13721,2359000.0,95,,,,new
AVIANSH,SM,2026-09-03,104.0,104.5,104.0,104.5,104.5,104.0,2000,209000.0,2,,2000.0,100.0,new
AVIENCE,SM,2026-09-03,277.0,278.8,269.5,270.5,269.5,272.5,16800,4590000.0,27,,11400.0,67.86,new
AVL,EQ,2026-09-03,600.05,618.35,597.1,600.4,599.55,599.85,183361,111211999.99999999,13061,,84592.0,46.13,new
AVONMORE,EQ,2026-09-03,12.95,13.79,12.85,13.12,13.1,13.1,262918,3479999.9999999995,885,,193754.0,73.69,new
AVPINFRA,SM,2026-09-03,58.25,59.0,58.0,58.4,58.0,57.95,14400,841000.0,13,,10400.0,72.22,new
AVROIND,EQ,2026-09-03,9.25,9.6,8.05,8.97,8.69,9.13,1477571,13500000.0,2283,,767890.0,51.97,new
AVTNPL,EQ,2026-09-03,87.36,97.0,87.35,91.64,92.04,87.16,1865936,174765000.0,16683,,577863.0,30.97,new
AWFIS,EQ,2026-09-03,257.0,259.4,254.9,256.5,256.0,256.4,157192,40297000.0,4779,,86938.0,55.31,new
AWHCL,EQ,2026-09-03,373.0,376.25,371.0,371.4,371.5,372.95,39713,14813000.0,2236,,21802.0,54.9,new
AWL,EQ,2026-09-03,192.0,193.19,190.1,190.79,190.26,191.25,1055619,202256000.0,18679,,457885.0,43.38,new
AXISBANK,EQ,2026-09-03,1265.0,1278.9,1260.2,1267.0,1267.0,1253.9,3309215,4209558999.9999995,84824,,1540922.0,46.56,new
AXISCADES,EQ,2026-09-03,1709.9,1745.0,1679.0,1730.4,1727.2,1689.7,204487,352008000.0,14410,,118398.0,57.9,new
AXITA,EQ,2026-09-03,8.01,8.53,8.01,8.01,8.02,7.97,1959553,15944000.0,1411,,524477.0,26.77,new
AXTEL,EQ,2026-09-03,397.0,397.0,394.8,394.8,395.0,396.75,2503,991000.0,85,,1981.0,79.15,new
AYE,EQ,2026-09-03,172.95,183.5,170.09,180.61,182.0,171.34,1898393,341337000.0,23689,,712913.0,37.55,new
AYMSYNTEX,EQ,2026-09-03,312.0,325.0,308.55,317.25,317.9,312.5,177069,56333000.00000001,4707,,75694.0,42.75,new
AZAD,EQ,2026-09-03,2800.0,2827.8,2741.2,2766.9,2766.0,2785.8,265346,736511000.0,19487,,105188.0,39.64,new
AZADIND,EQ,2026-09-03,89.55,91.0,87.21,90.32,90.99,89.09,20933,1882000.0,403,,3902.0,18.64,new
BABAFP,SM,2026-09-03,24.85,25.9,24.85,25.5,25.9,21.6,20800,529000.0,13,,20800.0,100.0,new
BAFNAPH,BE,2026-09-03,307.5,307.5,301.85,301.85,301.85,308.0,4454,1354000.0,57,,,,new
BAGFILMS,EQ,2026-09-03,4.37,4.4,4.2,4.32,4.29,4.32,82008,354000.0,195,,52137.0,63.58,new
BAGMANE,RR,2026-09-03,106.13,106.5,105.05,106.38,106.47,106.13,565623,59947000.0,15372,,429250.0,75.89,new
BAHETI,SM,2026-09-03,846.0,858.0,840.0,849.45,846.0,840.9,13125,11155000.0,27,,6000.0,45.71,new
BAIDFIN,EQ,2026-09-03,9.99,10.15,9.95,10.1,10.08,9.99,63798,645000.0,237,,48632.0,76.23,new
BAJAJ-AUTO,EQ,2026-09-03,12191.0,12191.0,11920.0,11920.0,11920.0,12130.0,304296,3673083999.9999995,31778,,158023.0,51.93,new
BAJAJCON,EQ,2026-09-03,488.0,511.95,484.75,508.95,511.95,484.55,1590658,801384000.0,33755,,576216.0,36.23,new
BAJAJELEC,EQ,2026-09-03,324.0,336.0,324.0,334.2,335.55,323.6,146224,48489000.0,4224,,72944.0,49.89,new
BAJAJFINSV,EQ,2026-09-03,1998.0,1998.0,1970.0,1992.1,1992.1,1990.0,440070,871910000.0,30102,,233860.0,53.14,new
BAJAJHCARE,EQ,2026-09-03,330.0,339.9,324.6,325.2,325.0,329.0,159404,52795000.00000001,3935,,77458.0,48.59,new
BAJAJHFL,EQ,2026-09-03,82.96,83.47,82.5,82.95,83.02,82.78,2477489,205442000.0,24725,,1351205.0,54.54,new
BAJAJHIND,EQ,2026-09-03,21.91,22.55,21.85,22.08,22.04,21.84,37086853,822356000.0,45760,,5385641.0,14.52,new
BAJAJHLDNG,EQ,2026-09-03,11070.0,11260.0,11028.0,11165.0,11165.0,11100.0,114534,1276761000.0,18110,,77601.0,67.75,new
BAJAJINDEF,EQ,2026-09-03,221.34,226.0,220.0,220.84,221.79,221.34,10047,2225000.0,374,,7258.0,72.24,new
BAJAJST,EQ,2026-09-03,350.05,374.95,350.0,361.5,362.45,352.0,22260,8039000.0,536,,17224.0,77.38,new
BAJEL,EQ,2026-09-03,186.0,187.67,183.1,185.69,186.25,185.3,149050,27638000.0,2414,,62143.0,41.69,new
BAJFINANCE,EQ,2026-09-03,1057.1,1059.7,1043.2,1049.0,1049.0,1055.9,6626755,6959586000.0,86333,,4491697.0,67.78,new
BALAJEE,EQ,2026-09-03,26.98,26.98,26.0,26.15,26.22,26.25,28150,735000.0,201,,23182.0,82.35,new
BALAJIPHOS,SM,2026-09-03,119.9,121.5,107.0,108.25,108.0,116.0,31000,3590000.0,29,,22000.0,70.97,new
BALAJITELE,EQ,2026-09-03,91.49,92.79,90.35,91.31,91.2,91.09,48642,4453000.0,693,,29461.0,60.57,new
BALAMINES,EQ,2026-09-03,2400.0,2432.0,2375.1,2417.8,2428.0,2390.1,113802,273594000.0,12327,,31675.0,27.83,new
BALAXI,EQ,2026-09-03,26.99,26.99,24.41,25.8,25.42,25.01,222864,5701000.0,1064,,159241.0,71.45,new
BALKRISHNA,EQ,2026-09-03,17.0,17.89,17.0,17.48,17.49,16.7,24679,434000.0,94,,21466.0,86.98,new
BALKRISIND,EQ,2026-09-03,2333.6,2385.0,2305.2,2327.3,2322.0,2329.1,435290,1019990000.0,58955,,209850.0,48.21,new
BALMLAWRIE,EQ,2026-09-03,176.5,177.41,176.5,176.93,177.07,176.06,78208,13838999.999999998,1392,,44794.0,57.28,new
BALPHARMA,EQ,2026-09-03,85.5,90.5,85.13,87.71,87.65,85.65,55530,4935000.0,593,,30184.0,54.36,new
BALRAMCHIN,EQ,2026-09-03,670.5,722.0,665.05,704.35,703.45,669.75,8596034,6023748000.0,144210,,964463.0,11.22,new
BALUFORGE,EQ,2026-09-03,588.0,622.0,563.2,570.35,570.2,578.4,3284539,1931027000.0,53957,,917875.0,27.95,new
BANARBEADS,EQ,2026-09-03,113.1,116.5,112.05,114.85,114.85,114.15,1785,202999.99999999997,55,,1320.0,73.95,new
BANARISUG,EQ,2026-09-03,3884.8,3969.0,3850.0,3874.7,3855.0,3864.8,1510,5881000.0,279,,496.0,32.85,new
BANCOINDIA,EQ,2026-09-03,621.0,622.0,613.6,616.9,619.0,613.6,66260,40912000.0,6361,,28754.0,43.4,new
BANDHANBNK,EQ,2026-09-03,163.49,168.18,162.66,164.23,164.23,161.52,6048725,1002957000.0,33991,,1289539.0,21.32,new
BANG,EQ,2026-09-03,34.34,34.84,33.4,34.17,33.98,33.49,52743,1795000.0,474,,23968.0,45.44,new
BANK10ADD,EQ,2026-09-03,16.85,16.99,16.85,16.96,16.97,16.78,12847,218000.00000000003,62,,9123.0,71.01,new
BANK10BETF,EQ,2026-09-03,20.69,20.69,20.69,20.69,20.69,20.61,222,5000.0,1,,222.0,100.0,new
BANKA,EQ,2026-09-03,81.0,81.0,74.11,75.27,74.56,77.2,3118,237000.0,52,,2566.0,82.3,new
BANKADD,EQ,2026-09-03,59.14,59.23,58.82,58.95,58.83,58.56,53619,3165000.0,67,,11766.0,21.94,new
BANKBARODA,EQ,2026-09-03,241.57,244.16,240.16,240.44,240.44,241.2,4789865,1158597000.0,36330,,2469691.0,51.56,new
BANKBEES,EQ,2026-09-03,594.06,598.3,594.06,596.02,596.49,592.76,612190,365494000.0,5392,,297381.0,48.58,new
BANKBETA,EQ,2026-09-03,59.57,59.73,59.36,59.58,59.62,59.23,111827,6666000.0,386,,80765.0,72.22,new
BANKBETF,EQ,2026-09-03,58.35,58.93,57.19,58.4,58.54,58.06,7667,449000.0,284,,6151.0,80.23,new
BANKETF,EQ,2026-09-03,586.42,588.5,584.68,586.0,586.32,583.37,16567,9730000.0,251,,8521.0,51.43,new
BANKIETF,EQ,2026-09-03,59.5,59.5,58.9,59.14,59.1,58.77,1641019,97205000.0,1875,,1452287.0,88.5,new
BANKINDIA,EQ,2026-09-03,143.9,146.15,142.5,145.0,145.0,143.1,8139407,1181114000.0,37934,,3447766.0,42.36,new
BANKNIFTY1,EQ,2026-09-03,60.49,60.49,59.6,59.75,59.6,59.3,117333,7020000.0,679,,82073.0,69.95,new
BANKPSU,EQ,2026-09-03,86.46,87.25,86.3,86.33,86.38,85.6,17899,1552000.0,62,,13173.0,73.6,new
BANSALWIRE,EQ,2026-09-03,322.9,322.9,316.8,319.0,319.4,319.75,61033,19445000.0,2607,,39941.0,65.44,new
BANSWRAS,EQ,2026-09-03,119.64,122.5,116.65,117.78,117.17,118.99,31789,3777000.0000000005,526,,22152.0,69.68,new
BARFLEX,SM,2026-09-03,60.0,60.9,60.0,60.9,60.9,60.0,4000,242000.0,2,,4000.0,100.0,new
BASF,EQ,2026-09-03,3829.9,3897.9,3810.2,3832.4,3855.0,3811.0,12087,46464000.0,2993,,6552.0,54.21,new
BASILIC,SM,2026-09-03,197.8,197.8,192.3,193.95,194.0,192.05,10500,2046000.0,35,,5400.0,51.43,new
BASML,BE,2026-09-03,24.77,25.4,24.77,25.02,25.25,25.0,24384,611000.0,63,,,,new
BATAINDIA,EQ,2026-09-03,671.45,680.25,671.1,677.4,676.0,670.45,88601,59864000.0,6682,,29120.0,32.87,new
BATLIBOI,EQ,2026-09-03,93.99,93.99,87.0,88.39,88.11,93.57,65800,5975000.0,1244,,38311.0,58.22,new
BAWEJA,ST,2026-09-03,25.8,25.95,25.8,25.95,25.95,25.8,6400,166000.0,5,,6400.0,100.0,new
BAYERCROP,EQ,2026-09-03,3998.9,4009.0,3936.0,3960.8,3967.0,3979.5,19211,76330000.0,3806,,10741.0,55.91,new
BBETF0432,EQ,2026-09-03,1349.99,1349.99,1342.01,1342.98,1343.0,1340.67,14956,20086000.0,31,,14863.0,99.38,new
BBL,EQ,2026-09-03,2311.0,2329.6,2289.2,2298.3,2305.0,2288.2,22074,50838000.0,2615,,15750.0,71.35,new
BBNPNBETF,EQ,2026-09-03,57.16,58.42,57.03,57.15,57.3,57.44,2204,127000.0,24,,1538.0,69.78,new
BBNPPGOLD,EQ,2026-09-03,148.45,148.75,147.25,147.5,148.3,144.65,126705,18677000.0,68,,126131.0,99.55,new
BBOX,EQ,2026-09-03,732.85,737.4,718.55,720.9,718.65,725.2,236720,172106000.0,14465,,98974.0,41.81,new
BBTC,EQ,2026-09-03,1504.5,1515.1,1495.0,1501.6,1504.0,1492.7,54804,82522000.0,3962,,19535.0,35.65,new
BBTCL,EQ,2026-09-03,224.33,234.5,224.33,233.77,234.0,223.45,6752,1565000.0,250,,5093.0,75.43,new
BCG,EQ,2026-09-03,8.98,9.09,8.94,9.0,9.06,8.92,2582976,23231000.0,2851,,1447006.0,56.02,new
BCLIND,EQ,2026-09-03,36.27,36.69,36.07,36.22,36.09,36.07,304892,11080000.0,2385,,164179.0,53.85,new
BCONCEPTS,EQ,2026-09-03,165.0,168.0,160.5,165.43,168.0,165.27,13611,2233000.0,679,,10166.0,74.69,new
BCPL,EQ,2026-09-03,68.0,68.0,67.34,67.77,67.5,67.85,5527,374000.0,240,,4011.0,72.57,new
BDL,EQ,2026-09-03,1253.7,1271.9,1250.0,1257.7,1257.7,1253.7,600045,755784000.0,26832,,167719.0,27.95,new
BEACON,SM,2026-09-03,83.2,88.1,83.2,87.3,87.4,86.65,15000,1297000.0,14,,10000.0,66.67,new
BEARDSELL,EQ,2026-09-03,25.4,26.38,24.9,25.41,25.85,24.94,11874,299000.0,252,,11064.0,93.18,new
BECTORFOOD,EQ,2026-09-03,231.44,231.79,223.19,229.41,231.42,228.31,1222039,279185000.0,17370,,413735.0,33.86,new
BEDMUTHA,EQ,2026-09-03,106.4,113.0,104.1,112.23,112.9,107.96,11259,1215000.0,160,,9085.0,80.69,new
BEEKAY,EQ,2026-09-03,404.0,420.0,404.0,419.55,415.55,404.3,2983,1234000.0,65,,2651.0,88.87,new
BEL,EQ,2026-09-03,406.05,410.3,405.15,408.6,408.6,405.75,7803527,3186039000.0,80255,,3815156.0,48.89,new
BELLACASA,EQ,2026-09-03,247.86,247.86,236.0,239.51,240.0,242.9,31365,7476000.000000001,681,,25926.0,82.66,new
BELRISE,EQ,2026-09-03,236.86,239.2,235.37,238.11,237.25,234.31,3416101,812814000.0,44868,,1575901.0,46.13,new
BEML,EQ,2026-09-03,2050.0,2090.0,2031.6,2079.4,2066.1,2032.4,801498,1658213000.0,49128,,280462.0,34.99,new
BENARAS,EQ,2026-09-03,10200.0,10249.0,10160.0,10200.0,10200.0,10155.0,96,977999.9999999999,24,,94.0,97.92,new
BENGALASM,EQ,2026-09-03,6470.0,6600.0,6212.0,6375.0,6437.5,6474.0,2123,13466999.999999998,433,,1618.0,76.21,new
BEPL,EQ,2026-09-03,127.5,131.5,127.42,129.74,129.6,127.29,2284069,296642000.0,18411,,934148.0,40.9,new
BERGEPAINT,EQ,2026-09-03,489.0,497.0,485.4,491.4,489.3,488.05,188441,92535000.0,12165,,84813.0,45.01,new
BESTAGRO,EQ,2026-09-03,20.0,20.7,19.86,20.34,20.4,18.82,4461640,90885000.0,9130,,2024795.0,45.38,new
BETA,EQ,2026-09-03,2145.0,2285.0,2145.0,2258.9,2280.0,2137.0,27003,60224000.0,3461,,14359.0,53.18,new
BEWLTD,SM,2026-09-03,48.25,49.5,48.0,49.3,49.0,48.5,8500,415000.00000000006,15,,6500.0,76.47,new
BFINVEST,EQ,2026-09-03,456.9,488.0,452.65,469.45,472.6,452.95,195623,92891000.0,7946,,48989.0,25.04,new
BFSI,EQ,2026-09-03,27.38,27.38,26.9,27.02,27.0,26.84,178176,4833000.0,582,,141821.0,79.6,new
BFUTILITIE,EQ,2026-09-03,500.05,585.8,500.05,544.0,540.0,500.65,4460017,2516161000.0,92710,,296312.0,6.64,new
BGRENERGY,BE,2026-09-03,246.5,246.5,232.54,238.44,237.4,244.77,96478,22710000.0,1141,,,,new
BHADORA,ST,2026-09-03,105.15,109.95,104.0,108.1,106.5,105.0,18000,1923999.9999999998,14,,15600.0,86.67,new
BHAGCHEM,EQ,2026-09-03,269.7,269.7,264.75,266.3,267.0,268.1,38601,10284000.0,751,,22089.0,57.22,new
BHAGERIA,BE,2026-09-03,284.9,290.15,277.0,290.15,290.15,276.35,390157,112335999.99999999,2055,,,,new
BHAGYANGR,EQ,2026-09-03,385.2,385.2,371.2,373.45,374.1,380.4,83095,31282000.0,2839,,50049.0,60.23,new
BHANDARI,EQ,2026-09-03,2.98,3.06,2.92,3.0,3.01,2.98,171835,516000.0,264,,150726.0,87.72,new
BHARATCOAL,EQ,2026-09-03,34.42,34.43,33.75,33.8,33.9,33.92,3742097,127181000.0,13955,,1495256.0,39.96,new
BHARATFORG,EQ,2026-09-03,2025.0,2033.0,1978.3,1981.0,1981.0,2031.8,1921003,3834185000.0,39860,,1018020.0,52.99,new
BHARATGEAR,BE,2026-09-03,102.59,106.0,102.09,104.49,104.5,102.08,20885,2187000.0,183,,,,new
BHARATRAS,EQ,2026-09-03,1217.0,1218.9,1179.0,1184.2,1188.0,1203.3,33577,39886000.0,2897,,20516.0,61.1,new
BHARATSE,EQ,2026-09-03,213.89,217.0,212.02,213.69,213.8,214.0,91773,19640000.0,1676,,39752.0,43.32,new
BHARATWIRE,EQ,2026-09-03,175.5,181.99,175.5,180.42,180.0,175.76,114006,20435000.0,2747,,46247.0,40.57,new
BHARTIARTL,EQ,2026-09-03,1855.6,1869.0,1855.6,1869.0,1869.0,1862.8,3700992,6905100999.999999,82528,,2578588.0,69.67,new
BHARTIHEXA,EQ,2026-09-03,1524.0,1534.9,1501.0,1505.6,1504.9,1531.1,54312,81970000.0,6112,,24870.0,45.79,new
BHEL,EQ,2026-09-03,428.5,432.7,424.05,431.8,431.8,427.5,5980404,2567225000.0,59745,,2352268.0,39.33,new
BI,BE,2026-09-03,88.89,91.39,87.04,91.29,91.39,87.04,25313,2264000.0,153,,,,new
BIGBLOC,EQ,2026-09-03,41.1,42.5,40.51,41.29,42.05,41.24,29104,1201000.0,561,,19547.0,67.16,new
BIKAJI,EQ,2026-09-03,595.0,595.35,584.2,587.15,586.6,590.2,218603,128382000.0,12701,,129114.0,59.06,new
BIKEWO,ST,2026-09-03,109.9,109.9,101.4,102.9,101.4,104.7,108000,11341000.0,47,,92000.0,85.19,new
BIL,EQ,2026-09-03,862.8,930.0,862.8,915.85,919.6,893.2,21553,19633000.0,983,,14935.0,69.29,new
BILVYAPAR,BE,2026-09-03,3.92,4.08,3.91,3.98,3.98,3.9,2400,10000.0,27,,,,new
BIMETAL,EQ,2026-09-03,640.95,641.0,621.0,630.45,631.0,638.9,392,246000.0,34,,359.0,91.58,new
BIOCON,EQ,2026-09-03,402.5,405.7,400.6,402.0,402.0,401.0,1279896,515199000.0,15068,,760360.0,59.41,new
BIOFILCHEM,EQ,2026-09-03,32.1,32.68,31.71,31.97,32.44,31.95,23209,740000.0,149,,20029.0,86.3,new
BIOPOL,SM,2026-09-03,39.5,43.6,39.5,43.6,43.6,41.55,250800,10422000.0,125,,175200.0,69.86,new
BIRET,RR,2026-09-03,341.79,346.95,339.0,342.37,344.99,341.39,432726,147706000.0,11182,,386480.0,89.31,new
BIRLACABLE,BE,2026-09-03,347.8,358.65,347.2,358.65,358.65,341.6,172631,61483000.00000001,1176,,,,new
BIRLACORPN,EQ,2026-09-03,880.0,886.1,866.55,880.9,876.0,867.4,28649,25124000.0,3104,,14836.0,51.79,new
BIRLAMONEY,EQ,2026-09-03,126.5,129.0,126.49,127.15,127.2,126.47,14480,1845000.0,406,,10235.0,70.68,new
BIRLANU,EQ,2026-09-03,1427.1,1445.5,1420.0,1423.5,1426.0,1422.3,7403,10598000.0,845,,4012.0,54.19,new
BIRLAPREC,EQ,2026-09-03,42.77,51.67,42.75,51.67,51.67,43.11,984427,49652000.0,3643,,539613.0,54.81,new
BLACKBUCK,EQ,2026-09-03,581.7,585.8,572.65,582.4,580.0,581.65,185027,107233000.0,12396,,85661.0,46.3,new
BLACKROSE,BE,2026-09-03,112.8,115.0,112.1,112.43,112.1,112.64,10041,1133000.0,100,,,,new
BLAL,EQ,2026-09-03,164.98,165.23,161.81,161.93,162.0,163.27,32932,5355000.0,1011,,27677.0,84.04,new
BLBLIMITED,EQ,2026-09-03,17.11,17.4,16.18,16.96,16.81,17.11,444496,7419000.0,1150,,321094.0,72.24,new
BLEL,EQ,2026-09-03,448.8,465.5,443.2,454.25,452.5,445.25,1940745,887266000.0,33833,,289348.0,14.91,new
BLIL,EQ,2026-09-03,72.11,72.95,71.92,72.47,72.25,72.11,91512,6629000.000000001,965,,64279.0,70.24,new
BLISSGVS,BE,2026-09-03,660.0,665.0,635.0,639.35,637.0,648.65,124902,80612000.0,2275,,,,new
BLKASHYAP,EQ,2026-09-03,56.03,58.25,55.92,57.6,57.19,55.75,526293,30092000.0,2478,,312148.0,59.31,new
BLS,EQ,2026-09-03,235.5,242.0,234.23,240.15,238.8,235.22,1230544,294495000.0,15542,,555701.0,45.16,new
BLSE,EQ,2026-09-03,325.0,325.6,319.65,323.65,324.1,322.85,148227,47942000.0,2212,,95895.0,64.69,new
BLUECLOUDS,EQ,2026-09-03,20.01,20.34,19.69,19.9,19.85,19.89,1111985,22149000.0,3031,,539129.0,48.48,new
BLUECOAST,BE,2026-09-03,22.01,23.17,22.01,23.16,23.16,22.07,1787,40000.0,30,,,,new
BLUEDART,EQ,2026-09-03,5008.5,5049.6,4981.1,5028.8,5030.0,5017.5,4042,20264000.0,1395,,1972.0,48.79,new
BLUEJET,EQ,2026-09-03,583.2,586.25,577.0,579.0,580.35,580.35,186895,108613000.00000001,8230,,95298.0,50.99,new
BLUEPEBBLE,SM,2026-09-03,70.0,70.2,69.95,70.0,70.0,69.05,6800,476000.0,13,,6400.0,94.12,new
BLUESTARCO,EQ,2026-09-03,1458.8,1508.9,1455.3,1485.7,1485.7,1445.3,480553,715792000.0,28022,,210981.0,43.9,new
BLUESTONE,EQ,2026-09-03,813.4,827.9,798.05,804.9,802.0,813.4,349670,283356000.0,15057,,88311.0,25.26,new
BLUEWATER,ST,2026-09-03,490.0,500.0,484.15,497.95,497.95,487.0,10000,4918000.0,9,,9000.0,90.0,new
BLUSPRING,EQ,2026-09-03,135.9,136.64,129.2,134.25,134.4,132.44,673766,89902000.0,8579,,300156.0,44.55,new
BMETRICS,SM,2026-09-03,37.0,37.0,32.25,34.7,34.7,35.85,5600,194000.0,7,,4000.0,71.43,new
BMLL,SM,2026-09-03,164.9,166.65,155.15,162.3,163.7,160.9,73000,11876000.0,61,,16000.0,21.92,new
BMWVENTLTD,EQ,2026-09-03,56.23,56.23,55.01,55.13,55.15,55.23,26435,1462000.0,754,,16389.0,62.0,new
BNAGROCHEM,EQ,2026-09-03,225.0,230.0,217.51,226.73,220.0,225.0,15402,3465000.0,89,,14143.0,91.83,new
BNALTD,BE,2026-09-03,360.0,360.0,360.0,360.0,360.0,355.1,18,6000.0,1,,,,new
BNKETFAXIS,EQ,2026-09-03,593.9,596.0,592.47,593.0,593.0,589.07,6331,3761000.0,44,,6300.0,99.51,new
BODALCHEM,EQ,2026-09-03,145.89,159.99,145.8,150.76,150.2,145.45,10696354,1647097000.0,59252,,2858973.0,26.73,new
BOHRAIND,EQ,2026-09-03,13.05,13.05,11.6,12.35,12.26,12.36,2562,32000.0,46,,2259.0,88.17,new
BOMDYEING,EQ,2026-09-03,114.07,115.8,112.54,113.19,113.2,113.86,512234,58327000.0,3697,,224272.0,43.78,new
BONLON,EQ,2026-09-03,40.85,42.73,40.25,40.66,40.71,40.24,2507,103000.0,57,,1657.0,66.09,new
BORANA,EQ,2026-09-03,308.25,309.85,290.0,300.35,305.0,304.9,24813,7555000.0,564,,14053.0,56.64,new
BOROLTD,EQ,2026-09-03,249.92,252.8,246.9,248.63,247.11,249.92,156355,39094000.0,4129,,62208.0,39.79,new
BORORENEW,EQ,2026-09-03,496.9,505.85,494.95,497.5,501.0,495.75,348456,174389000.0,12799,,134210.0,38.52,new
BOROSCI,EQ,2026-09-03,132.6,138.1,131.81,134.93,137.99,131.31,103124,13944999.999999998,1850,,52389.0,50.8,new
BOSCH-HCIL,EQ,2026-09-03,1733.9,1808.9,1724.8,1777.7,1762.9,1733.9,87526,155024000.0,8133,,48222.0,55.09,new
BOSCHLTD,EQ,2026-09-03,47230.0,47480.0,46720.0,47000.0,47000.0,47250.0,23197,1090573000.0,10173,,9508.0,40.99,new
BOSS,SM,2026-09-03,54.8,56.7,54.8,56.6,56.6,54.0,14000,783000.0,7,,14000.0,100.0,new
BPCL,EQ,2026-09-03,318.4,321.95,317.2,320.05,320.05,319.6,4704414,1503618000.0,33649,,2678808.0,56.94,new
BPL,EQ,2026-09-03,49.31,50.94,49.16,49.31,49.16,49.78,56854,2823000.0,572,,40945.0,72.02,new
BPLPHARMA,EQ,2026-09-03,1568.3,1568.3,1512.4,1520.8,1520.0,1518.2,897,1364000.0,101,,873.0,97.32,new
BRAHMINFRA,EQ,2026-09-03,167.5,167.97,160.03,162.17,161.85,164.96,11052,1818000.0,454,,7661.0,69.32,new
BRANDMAN,SM,2026-09-03,188.0,188.0,170.4,172.55,173.95,184.95,32000,5690000.0,37,,27200.0,85.0,new
BRIGADE,EQ,2026-09-03,646.45,733.0,642.7,712.3,725.0,640.0,5390980,3734332000.0,127811,,1357681.0,25.18,new
BRIGHOTEL,EQ,2026-09-03,58.75,59.39,58.7,58.95,58.9,58.42,55314,3259000.0000000005,1515,,32664.0,59.05,new
BRIGHTBR,EQ,2026-09-03,257.95,260.0,250.0,254.6,257.75,258.25,2736,697000.0,47,,2490.0,91.01,new
BRITANNIA,EQ,2026-09-03,5131.5,5146.0,5079.0,5130.0,5130.0,5154.0,225559,1155572000.0,20235,,112996.0,50.1,new
BRNL,EQ,2026-09-03,17.48,17.48,17.0,17.12,17.07,17.11,12834,221000.0,157,,8264.0,64.39,new
BROOKS,BE,2026-09-03,65.15,65.95,64.0,64.15,64.16,65.1,24891,1604000.0,74,,,,new
BSE,EQ,2026-09-03,3199.9,3316.5,3198.9,3306.1,3306.1,3168.0,6036100,19720499000.0,218721,,2920903.0,48.39,new
BSE500IETF,EQ,2026-09-03,39.26,39.58,39.26,39.41,39.36,39.26,112026,4416000.0,753,,69807.0,62.31,new
BSHSL,EQ,2026-09-03,91.8,91.8,89.0,89.46,89.4,89.91,10598,952000.0,128,,8460.0,79.83,new
BSL,EQ,2026-09-03,124.0,132.98,121.65,123.22,122.71,122.12,53035,6783000.0,793,,10164.0,19.16,new
BSLGOLDETF,EQ,2026-09-03,135.64,135.64,133.2,134.18,133.9,131.74,336861,45182000.0,2149,,169858.0,50.42,new
BSLNIFTY,EQ,2026-09-03,28.29,28.29,28.01,28.07,28.14,28.1,1249902,35104000.0,5355,,800598.0,64.05,new
BSLSENETFG,EQ,2026-09-03,76.51,77.94,76.51,77.15,77.5,77.23,5332,413000.0,84,,3420.0,64.14,new
BSOFT,EQ,2026-09-03,295.25,297.55,290.0,293.25,294.5,294.4,633327,185785000.0,16431,,287052.0,45.32,new
BTML,EQ,2026-09-03,8.24,8.59,8.08,8.49,8.5,8.08,406000,3420000.0000000005,477,,241452.0,59.47,new
BTTL,BE,2026-09-03,42.09,43.5,40.5,42.66,42.9,42.09,4578,190000.0,37,,,,new
BUILDPRO,EQ,2026-09-03,1270.0,1297.0,1261.3,1288.8,1296.4,1261.8,22417,28724000.0,1635,,13627.0,60.79,new
BULKCORP,ST,2026-09-03,74.0,75.6,74.0,75.6,75.6,72.0,109200,8252000.0,25,,108000.0,98.9,new
BURNPUR,EQ,2026-09-03,20.0,20.54,19.96,20.54,20.54,19.57,68591,1397000.0,208,,49491.0,72.15,new
BUTTERFLY,EQ,2026-09-03,616.55,617.95,608.0,613.6,614.0,614.25,12917,7906999.999999999,760,,9434.0,73.04,new
BVCL,EQ,2026-09-03,43.49,43.49,42.62,43.14,43.14,42.93,4724,204000.0,57,,3692.0,78.15,new
BYKE,BE,2026-09-03,31.73,32.0,31.0,31.9,31.9,31.72,35594,1123000.0,91,,,,new
C2C,SM,2026-09-03,224.0,230.0,220.5,223.85,223.9,224.5,77400,17270000.0,341,,57600.0,74.42,new
CALSOFT,BE,2026-09-03,43.09,43.13,42.0,43.13,43.13,41.08,708394,30525000.0,2006,,,,new
CAMLINFINE,EQ,2026-09-03,103.6,105.0,99.0,102.28,102.19,102.8,1859508,188627000.0,17394,,785913.0,42.26,new
CAMPUS,EQ,2026-09-03,222.4,224.7,220.41,223.97,223.64,220.87,453448,101110000.0,9869,,249922.0,55.12,new
CAMS,EQ,2026-09-03,745.0,752.15,737.0,747.4,747.4,741.85,1321035,985333000.0,49843,,759914.0,57.52,new
CANARYS,SM,2026-09-03,24.3,26.2,24.3,25.8,25.8,25.3,80000,2048000.0,18,,44000.0,55.0,new
CANBK,EQ,2026-09-03,126.78,128.69,125.71,125.8,125.8,126.3,13360020,1700308000.0000002,71855,,6015206.0,45.02,new
CANFINHOME,EQ,2026-09-03,804.0,806.1,792.6,804.95,805.2,795.3,245608,196707000.0,10429,,152081.0,61.92,new
CANHLIFE,EQ,2026-09-03,154.67,155.2,152.9,154.31,154.2,152.81,190371,29372000.000000004,4838,,107309.0,56.37,new
CANTABIL,EQ,2026-09-03,238.1,240.1,237.5,237.74,237.95,236.6,54289,12963000.0,1028,,29643.0,54.6,new
CAPACITE,EQ,2026-09-03,205.1,211.0,205.1,208.88,210.01,205.02,183326,38216000.0,2656,,120135.0,65.53,new
CAPILLARY,EQ,2026-09-03,490.0,490.0,478.1,480.05,482.0,484.0,69647,33598000.0,4231,,42801.0,61.45,new
CAPINVIT,IV,2026-09-03,76.26,76.98,76.0,76.19,76.2,76.25,237318,18122000.0,2731,,215613.0,90.85,new
CAPITALSFB,EQ,2026-09-03,281.95,284.9,280.5,281.85,280.5,283.25,38166,10770000.0,502,,32058.0,84.0,new
CAPLIPOINT,EQ,2026-09-03,2712.0,2877.3,2663.1,2845.0,2835.1,2720.5,840705,2364174000.0,82371,,245768.0,29.23,new
CAPTRUST,BE,2026-09-03,19.76,19.99,19.1,19.76,19.99,19.76,48248,950000.0,92,,,,new
CARBORUNIV,EQ,2026-09-03,1077.0,1088.8,1070.0,1078.0,1072.2,1071.5,73895,79789000.0,6958,,30196.0,40.86,new
CARERATING,EQ,2026-09-03,1683.0,1718.8,1678.3,1708.4,1706.2,1683.0,25449,43411000.0,3733,,15505.0,60.93,new
CARRARO,EQ,2026-09-03,537.0,543.85,531.5,533.95,532.5,542.0,42953,23067000.0,5833,,25030.0,58.27,new
CARTRADE,EQ,2026-09-03,2949.0,3024.0,2888.7,2992.2,3012.0,2932.3,333812,995814000.0,34925,,114101.0,34.18,new
CARYSIL,EQ,2026-09-03,1139.2,1165.8,1129.7,1157.0,1160.0,1139.2,58665,67492000.0,4548,,33784.0,57.59,new
CASHIETF,EQ,2026-09-03,1078.95,1078.95,1077.98,1077.99,1078.0,1077.86,1134897,1223417000.0,217,,1034339.0,91.14,new
CASTROLIND,EQ,2026-09-03,186.5,186.95,185.22,186.42,186.65,186.08,875113,162895000.0,15208,,567755.0,64.88,new
CBAZAAR,ST,2026-09-03,4.5,4.5,4.5,4.5,4.5,4.5,8000,36000.0,1,,8000.0,100.0,new
CCAVENUE,EQ,2026-09-03,15.62,15.79,15.28,15.4,15.45,15.5,13443200,207241000.0,10812,,8163705.0,60.73,new
CCCL,EQ,2026-09-03,14.31,14.5,14.05,14.19,14.17,14.31,112121,1599000.0,397,,80008.0,71.36,new
CCHHL,EQ,2026-09-03,12.41,12.69,12.41,12.64,12.64,12.42,5408,68000.0,78,,4635.0,85.71,new
CCL,EQ,2026-09-03,1091.6,1119.5,1089.7,1107.3,1101.0,1086.1,164624,181752000.0,20253,,80766.0,49.06,new
CDSL,EQ,2026-09-03,1370.0,1397.3,1367.0,1394.0,1394.0,1365.2,921968,1276309000.0,33294,,335127.0,36.35,new
CEATLTD,EQ,2026-09-03,3355.0,3390.0,3310.1,3315.3,3320.0,3347.8,87197,292139000.0,20462,,44156.0,50.64,new
CEDAAR,ST,2026-09-03,12.8,13.9,12.75,13.7,13.7,13.3,5000,67000.0,5,,4000.0,80.0,new
CEIGALL,EQ,2026-09-03,341.05,357.5,337.55,347.55,346.0,340.6,2426828,838056000.0,25568,,603278.0,24.86,new
CEINSYS,EQ,2026-09-03,701.35,713.8,675.0,678.65,679.65,697.9,82259,56604999.99999999,5492,,47886.0,58.21,new
CELEBRITY,EQ,2026-09-03,6.75,6.85,6.61,6.74,6.77,6.75,13050,88000.0,55,,12807.0,98.14,new
CELLECOR,SM,2026-09-03,33.0,33.0,32.0,32.5,32.5,32.9,30000,967000.0,9,,24000.0,80.0,new
CELLO,EQ,2026-09-03,348.4,349.95,341.05,343.45,341.6,347.6,235746,81144000.0,9269,,130023.0,55.15,new
CELLPOINT,SM,2026-09-03,15.5,15.5,15.35,15.35,15.35,16.0,3600,56000.00000000001,3,,3600.0,100.0,new
CEMNTGROWW,EQ,2026-09-03,14.58,14.78,14.5,14.64,14.63,14.53,89812,1309000.0,417,,70147.0,78.1,new
CEMPRO,EQ,2026-09-03,1242.0,1297.5,1227.5,1296.9,1297.5,1235.8,340226,438080000.0,12387,,174324.0,51.24,new
CENTENKA,EQ,2026-09-03,620.0,635.0,608.95,616.65,612.0,602.35,1862847,1151259000.0,45489,,185279.0,9.95,new
CENTEXT,EQ,2026-09-03,22.6,22.9,21.05,21.24,21.49,22.49,446705,9744000.0,2097,,318080.0,71.21,new
CENTRALBK,EQ,2026-09-03,30.5,31.1,30.46,30.77,30.84,30.37,8184463,252429000.0,21184,,4248620.0,51.91,new
CENTRUM,EQ,2026-09-03,22.91,23.57,22.31,22.45,22.4,22.9,261942,5941000.0,561,,172583.0,65.89,new
CENTUM,EQ,2026-09-03,3600.0,3798.8,3585.1,3776.1,3770.9,3555.3,146069,542945000.0,27318,,54351.0,37.21,new
CENTURYPLY,EQ,2026-09-03,748.45,755.75,744.0,749.2,750.95,748.45,21062,15791000.0,1729,,12457.0,59.14,new
CERA,EQ,2026-09-03,5660.0,5708.5,5640.0,5683.5,5690.0,5662.5,2058,11673000.0,954,,955.0,46.4,new
CEREBRAINT,BZ,2026-09-03,2.62,2.66,2.5,2.6,2.6,2.57,69589,182000.0,98,,,,new
CESC,EQ,2026-09-03,147.5,151.11,147.0,147.96,148.0,146.44,1323923,196997000.0,16775,,674758.0,50.97,new
CEWATER,EQ,2026-09-03,263.65,269.95,262.7,265.4,266.9,263.3,76096,20257000.0,2805,,25984.0,34.15,new
CFEL,EQ,2026-09-03,31.8,32.75,31.8,32.05,32.05,31.8,14389,466000.0,51,,13118.0,91.17,new
CGCL,EQ,2026-09-03,255.0,272.75,254.3,271.7,272.1,256.6,13362145,3584462999.9999995,99929,,3004974.0,22.49,new
CGPOWER,EQ,2026-09-03,879.0,900.65,875.4,895.0,895.0,877.75,2285287,2033741000.0,51636,,981836.0,42.96,new
CGRAPHICS,SM,2026-09-03,152.0,152.0,147.8,148.55,148.5,147.3,14400,2151000.0,18,,8800.0,61.11,new
CGVAK,EQ,2026-09-03,158.05,158.05,147.02,148.01,148.01,148.93,1518,229000.0,48,,949.0,62.52,new
CHALET,EQ,2026-09-03,905.0,905.0,889.5,890.75,890.0,897.95,44753,40011000.0,3958,,23457.0,52.41,new
CHAMBLFERT,EQ,2026-09-03,412.65,423.6,412.65,418.3,419.0,411.45,933299,391074000.0,28078,,430200.0,46.09,new
CHAMUNDA,SM,2026-09-03,43.25,43.25,43.25,43.25,43.25,43.95,3000,130000.0,1,,3000.0,100.0,new
CHANDAN,SM,2026-09-03,211.05,213.9,208.1,208.95,208.1,211.4,22400,4707000.0,28,,14400.0,64.29,new
CHAVDA,SM,2026-09-03,124.0,127.1,124.0,127.1,127.1,123.9,7000,878999.9999999999,7,,7000.0,100.0,new
CHEMBOND,EQ,2026-09-03,173.45,182.79,170.0,173.02,172.0,167.67,26644,4565000.0,494,,22943.0,86.11,new
CHEMBONDCH,BE,2026-09-03,269.45,272.0,255.5,259.0,259.0,261.4,3350,877000.0,95,,,,new
CHEMCON,BE,2026-09-03,202.25,202.25,196.05,201.29,201.5,199.61,23913,4797000.0,284,,,,new
CHEMCRUX,EQ,2026-09-03,81.95,83.4,81.1,82.48,82.48,81.52,2775,227999.99999999997,66,,2515.0,90.63,new
CHEMFAB,EQ,2026-09-03,364.45,364.45,353.1,358.0,359.8,355.25,877,313000.0,87,,747.0,85.18,new
CHEMICAL,EQ,2026-09-03,30.23,30.57,30.22,30.29,30.31,30.07,160050,4862000.0,698,,101658.0,63.52,new
CHEMPLASTS,EQ,2026-09-03,170.0,173.7,166.15,167.03,167.3,169.83,180682,30514000.0,4606,,88185.0,48.81,new
CHENNPETRO,EQ,2026-09-03,1421.1,1470.8,1411.3,1440.0,1440.0,1414.0,1827672,2644227000.0,62997,,442629.0,24.22,new
CHETANA,SM,2026-09-03,43.95,43.95,43.0,43.0,43.0,43.9,9600,415000.00000000006,6,,6400.0,66.67,new
CHEVIOT,EQ,2026-09-03,1132.2,1155.0,1132.2,1143.1,1142.0,1150.6,550,629000.0,75,,472.0,85.82,new
CHOICEGOLD,EQ,2026-09-03,152.0,152.0,150.1,151.13,151.04,148.39,4955,751000.0,116,,4119.0,83.13,new
CHOICEIN,EQ,2026-09-03,764.95,772.8,764.0,768.45,766.4,763.4,231618,178069000.0,5846,,62796.0,27.11,new
CHOLAFIN,EQ,2026-09-03,1826.0,1858.0,1826.0,1849.3,1849.3,1825.9,805773,1482581000.0,55018,,472390.0,58.63,new
CHOLAHLDNG,EQ,2026-09-03,1499.7,1509.8,1470.3,1502.8,1507.0,1489.0,91933,137664000.0,12724,,43171.0,46.96,new
CIEINDIA,EQ,2026-09-03,386.95,389.0,382.3,383.95,383.35,385.0,322875,124176000.0,19289,,166065.0,51.43,new
CIFL,EQ,2026-09-03,20.43,21.29,20.07,20.17,20.25,20.41,84302,1710000.0000000002,198,,74012.0,87.79,new
CINELINE,EQ,2026-09-03,89.05,90.1,88.0,89.83,90.0,88.18,35398,3153000.0,177,,29249.0,82.63,new
CINEVISTA,EQ,2026-09-03,14.75,14.75,14.12,14.19,14.12,14.4,1135,16000.0,30,,1082.0,95.33,new
CIPLA,EQ,2026-09-03,1414.0,1415.4,1389.4,1394.7,1394.7,1412.8,549749,768896000.0,35279,,291548.0,53.03,new
CITIUSINVT,IV,2026-09-03,114.97,115.6,114.42,115.03,115.0,114.52,281625,32380000.0,634,,273278.0,97.04,new
CKKRETAIL,SM,2026-09-03,157.95,157.95,157.95,157.95,157.95,160.0,800,126000.0,1,,800.0,100.0,new
CLASSICEIL,SM,2026-09-03,55.85,55.85,50.55,52.35,55.85,53.2,281600,15391000.0,66,,246400.0,87.5,new
CLAYCRAFT,SM,2026-09-03,160.0,160.1,158.1,159.85,160.0,161.8,18000,2868000.0,21,,13200.0,73.33,new
CLEAN,EQ,2026-09-03,868.0,874.8,850.3,852.95,850.95,863.15,582257,500346000.0,25735,,242088.0,41.58,new
CLEANMAX,EQ,2026-09-03,1290.0,1359.0,1284.5,1298.7,1305.0,1257.6,703259,929795999.9999999,40348,,136612.0,19.43,new
CLEDUCATE,BE,2026-09-03,62.1,62.1,57.92,59.53,59.99,60.96,12557,737000.0,102,,,,new
CLSEL,EQ,2026-09-03,303.4,310.9,301.15,304.8,304.9,301.4,93210,28520000.0,3594,,41343.0,44.35,new
CLSL,ST,2026-09-03,80.05,87.3,79.0,87.25,87.25,83.15,38000,3158000.0,19,,36000.0,94.74,new
CMLL,EQ,2026-09-03,499.0,514.05,495.6,501.4,502.0,495.45,656637,329543000.0,10189,,380004.0,57.87,new
CMNL,SM,2026-09-03,118.05,122.0,118.05,121.95,122.0,120.0,4500,541000.0,6,,3750.0,83.33,new
CMPDI,EQ,2026-09-03,223.0,241.9,223.0,239.66,239.0,222.97,6449983,1530620000.0,73706,,2102286.0,32.59,new
CMRGREEN,EQ,2026-09-03,224.79,232.0,224.79,230.74,231.0,224.71,491856,112740000.00000001,8482,,222421.0,45.22,new
CMRSL,SM,2026-09-03,66.0,69.7,66.0,69.7,69.7,66.4,9600,663000.0,9,,9600.0,100.0,new
CMSINFO,EQ,2026-09-03,249.3,251.24,243.52,244.86,244.96,249.3,318805,78547000.0,9739,,189956.0,59.58,new
CNL,EQ,2026-09-03,1265.9,1268.9,1235.0,1243.4,1250.0,1259.6,14325,17929000.0,1284,,8870.0,61.92,new
COALINDIA,EQ,2026-09-03,422.0,428.5,416.8,420.05,420.05,417.85,15286175,6449556000.0,152664,,5992352.0,39.2,new
COASTCORP,EQ,2026-09-03,39.96,42.0,39.92,41.93,42.0,39.4,124412,5129000.0,987,,89598.0,72.02,new
COCHINSHIP,EQ,2026-09-03,1466.0,1497.1,1465.0,1486.7,1486.7,1463.0,465350,690440000.0,18214,,124924.0,26.85,new
COCKERILL,EQ,2026-09-03,8070.5,8117.0,7950.0,8080.0,8050.0,8005.0,3086,24875000.0,955,,1673.0,54.21,new
COFFEEDAY,BE,2026-09-03,29.6,31.3,28.56,31.3,31.3,29.81,1070286,33107000.0,1785,,,,new
COFORGE,EQ,2026-09-03,1975.0,1975.0,1921.8,1971.8,1971.8,1965.7,1898378,3709226999.9999995,71128,,1074516.0,56.6,new
COHANCE,EQ,2026-09-03,462.0,464.75,457.8,460.85,459.05,458.3,540229,249454000.0,29872,,306515.0,56.74,new
COLPAL,EQ,2026-09-03,1863.0,1871.9,1845.0,1850.0,1850.0,1861.5,338701,628285000.0,14458,,201764.0,59.57,new
COMFINTE,EQ,2026-09-03,6.15,6.4,6.1,6.19,6.21,6.23,153288,961000.0,355,,106984.0,69.79,new
COMMITTED,SM,2026-09-03,326.15,345.6,326.15,345.0,345.0,349.0,10400,3558000.0,6,,8000.0,76.92,new
COMMOIETF,EQ,2026-09-03,99.46,100.3,99.07,99.41,99.07,99.26,38979,3879999.9999999995,709,,20736.0,53.2,new
COMPEAU,EQ,2026-09-03,379.7,379.7,340.0,361.8,370.0,354.0,12987,4573000.0,334,,9338.0,71.9,new
COMPINFO,BZ,2026-09-03,1.07,1.12,1.04,1.07,1.09,1.07,13144,14000.000000000002,34,,,,new
COMPUSOFT,EQ,2026-09-03,13.46,13.47,12.83,12.89,12.94,13.38,46892,614000.0,281,,42626.0,90.9,new
COMSYN,EQ,2026-09-03,301.8,309.45,296.55,302.7,302.5,302.65,64663,19549000.0,1470,,43865.0,67.84,new
CONCOR,EQ,2026-09-03,511.0,516.0,507.25,508.85,508.85,510.0,495860,253216000.0,9694,,220491.0,44.47,new
CONCORDBIO,EQ,2026-09-03,1450.9,1461.8,1435.0,1447.7,1450.0,1444.8,69958,101397000.0,8234,,33535.0,47.94,new
CONFIPET,EQ,2026-09-03,82.55,88.27,82.0,84.28,83.99,82.55,7328054,616853000.0,38490,,3292761.0,44.93,new
CONNPLEX,SM,2026-09-03,218.55,232.5,215.0,223.35,219.35,213.15,123200,27643000.0,115,,91200.0,74.03,new
CONS,EQ,2026-09-03,12.1,12.1,12.01,12.01,12.02,12.06,7022,85000.0,134,,6909.0,98.39,new
CONSOFINVT,BE,2026-09-03,278.9,279.55,270.1,274.6,278.0,266.25,12659,3536000.0,86,,,,new
CONSUMAXIS,EQ,2026-09-03,120.49,122.25,119.64,119.64,119.64,120.12,4376,524000.0,28,,4350.0,99.41,new
CONSUMBEES,EQ,2026-09-03,130.0,131.21,129.91,130.02,130.28,130.51,78215,10188000.0,1040,,43526.0,55.65,new
CONSUMER,EQ,2026-09-03,12.45,12.47,12.01,12.02,12.03,12.01,147858,1780999.9999999998,259,,115730.0,78.27,new
CONSUMIETF,EQ,2026-09-03,121.11,121.53,120.8,121.06,121.25,121.08,2648,321000.0,131,,1765.0,66.65,new
CONTROLPR,EQ,2026-09-03,609.5,610.0,590.2,600.3,602.0,603.3,20772,12457000.0,1602,,13403.0,64.52,new
COOLCAPS,ST,2026-09-03,23.6,23.6,22.0,23.35,23.5,22.5,171250,3918000.0,99,,165000.0,96.35,new
CORALFINAC,EQ,2026-09-03,32.05,33.89,32.05,32.94,32.5,32.36,11902,390000.0,346,,6845.0,57.51,new
CORDELIA,EQ,2026-09-03,101.39,103.29,101.1,101.87,101.23,101.89,635189,64945000.00000001,4146,,363349.0,57.2,new
CORDSCABLE,EQ,2026-09-03,323.9,323.9,287.2,302.9,302.25,315.5,259816,79502000.0,4663,,124003.0,47.73,new
COROMANDEL,EQ,2026-09-03,1916.0,1952.3,1914.1,1931.3,1930.0,1914.6,106307,205083000.0,12628,,63545.0,59.77,new
CORONA,EQ,2026-09-03,2063.0,2138.0,2041.8,2127.8,2134.0,2054.2,23122,48747000.0,3126,,12348.0,53.4,new
COSMOFIRST,EQ,2026-09-03,960.0,962.55,935.2,940.15,941.0,952.85,79402,74923000.0,8648,,41111.0,51.78,new
COUNCODOS,BE,2026-09-03,6.82,6.82,6.51,6.52,6.6,6.7,35217,231999.99999999997,139,,,,new
CPCAP,EQ,2026-09-03,114.59,118.79,114.59,118.3,118.0,115.16,17059,2007999.9999999998,358,,12580.0,73.74,new
CPEDU,EQ,2026-09-03,186.93,192.05,184.63,189.76,190.39,186.93,3530,671000.0,102,,3294.0,93.31,new
CPL,EQ,2026-09-03,62.17,63.99,62.0,62.4,62.88,61.87,118923,7477000.0,442,,8141.0,6.85,new
CPPLUS,EQ,2026-09-03,3700.0,3770.1,3616.1,3751.3,3725.0,3721.4,167204,621582000.0,25266,,91835.0,54.92,new
CPS,SM,2026-09-03,1160.0,1170.0,1160.0,1164.0,1164.0,1150.0,750,874000.0,5,,750.0,100.0,new
CPSEETF,EQ,2026-09-03,93.4,94.3,93.39,93.57,93.62,93.64,853002,80106000.0,5655,,619378.0,72.61,new
CRAFTSMAN,EQ,2026-09-03,11011.0,11315.0,11011.0,11220.0,11166.0,10999.0,35157,393625000.0,8966,,18040.0,51.31,new
CRAMC,EQ,2026-09-03,252.85,254.7,250.05,251.2,251.0,252.85,292937,73769000.0,6883,,211833.0,72.31,new
CRAVATEX,EQ,2026-09-03,335.0,335.0,323.2,326.75,327.25,339.0,37,12000.0,8,,25.0,67.57,new
CREATIVEYE,EQ,2026-09-03,6.16,6.16,6.0,6.13,6.15,6.15,1136,7000.000000000001,27,,771.0,67.87,new
CREDENT,SM,2026-09-03,354.95,356.0,326.0,336.5,337.0,355.6,121200,41222000.0,179,,82800.0,68.32,new
CREDITACC,EQ,2026-09-03,1405.0,1449.0,1400.5,1437.4,1437.0,1403.4,236730,339516000.0,26373,,112791.0,47.65,new
CREST,EQ,2026-09-03,360.6,374.0,359.0,365.3,365.0,364.95,5698,2077000.0,189,,3924.0,68.87,new
CRISIL,EQ,2026-09-03,4725.2,4800.0,4712.8,4759.7,4741.0,4701.7,37114,176669000.0,8146,,22099.0,59.54,new
CRIZAC,EQ,2026-09-03,165.99,166.5,162.0,162.27,162.12,165.3,220265,35978000.0,4938,,117838.0,53.5,new
CROMPTON,EQ,2026-09-03,228.0,229.61,226.06,226.51,226.51,227.72,1839272,418299000.0,26233,,857634.0,46.63,new
CROWN,EQ,2026-09-03,109.9,114.0,109.14,111.8,111.95,108.27,18026,2019000.0000000002,256,,13069.0,72.5,new
CRSL,BE,2026-09-03,2.61,2.61,2.61,2.61,2.61,2.74,156785,409000.0,398,,,,new
CSBBANK,EQ,2026-09-03,331.65,335.0,321.95,324.95,324.0,331.65,573086,187576000.0,10657,,379027.0,66.14,new
CSLFINANCE,EQ,2026-09-03,243.99,245.59,240.6,243.86,244.7,239.05,28628,6972000.0,840,,19625.0,68.55,new
CSM,EQ,2026-09-03,96.0,96.42,93.2,94.0,94.45,95.94,52817,4979000.0,936,,29083.0,55.06,new
CSSL,SM,2026-09-03,91.1,93.2,89.0,90.15,90.5,92.0,30000,2724000.0,30,,24000.0,80.0,new
CTE,BE,2026-09-03,43.16,43.16,41.01,41.03,41.5,43.16,32413,1348000.0,187,,,,new
CUB,EQ,2026-09-03,230.4,239.88,230.4,234.36,233.77,230.61,2859810,677573000.0,48102,,1086100.0,37.98,new
CUBEINVIT,IV,2026-09-03,157.47,158.0,156.26,157.0,157.0,156.94,520295,81855000.0,13251,,483423.0,92.91,new
CUBEXTUB,EQ,2026-09-03,76.11,78.2,76.11,76.41,76.21,76.07,22051,1695000.0,923,,9036.0,40.98,new
CUDML,SM,2026-09-03,103.75,104.95,103.75,104.0,104.0,103.75,5000,523000.00000000006,5,,5000.0,100.0,new
CUMMINSIND,EQ,2026-09-03,5088.5,5118.0,5035.5,5071.0,5071.0,5088.5,180394,918732000.0,19869,,91512.0,50.73,new
CUPID,EQ,2026-09-03,281.85,283.2,277.05,279.95,280.25,280.7,7090318,1984066999.9999998,49531,,2768598.0,39.05,new
CURAA,EQ,2026-09-03,66.1,69.4,66.0,66.2,66.0,67.04,295,20000.0,11,,135.0,45.76,new
CURIS,SM,2026-09-03,142.0,147.0,140.6,145.1,145.7,141.95,39000,5675000.0,37,,28000.0,71.79,new
CYBERMEDIA,EQ,2026-09-03,20.86,23.88,20.8,23.88,23.88,19.9,323193,7638000.0,601,,240816.0,74.51,new
CYBERTECH,BE,2026-09-03,134.4,134.5,132.0,132.27,132.35,133.35,7945,1054000.0,158,,,,new
CYIENT,EQ,2026-09-03,1121.1,1128.9,1100.1,1111.3,1111.0,1122.2,370710,412429000.0,22991,,115505.0,31.16,new
CYIENTDLM,EQ,2026-09-03,857.4,861.0,829.05,836.55,839.8,854.75,360250,303005000.0,19702,,149759.0,41.57,new
DABUR,EQ,2026-09-03,379.9,381.55,377.45,380.7,380.7,379.0,2062074,781221000.0,38270,,1245080.0,60.38,new
DAICHI,EQ,2026-09-03,355.95,369.9,355.95,369.75,369.9,352.3,27561,10141000.0,648,,22161.0,80.41,new
DALBHARAT,EQ,2026-09-03,1790.0,1792.0,1763.0,1771.2,1776.0,1773.1,53528,94941000.0,11073,,25395.0,47.44,new
DALMIASUG,EQ,2026-09-03,458.0,473.95,453.05,461.05,458.15,456.55,240047,110908000.0,7435,,65058.0,27.1,new
DAMCAPITAL,EQ,2026-09-03,144.95,148.2,144.16,145.28,145.39,144.16,182008,26614000.0,2436,,74475.0,40.92,new
DAMODARIND,BE,2026-09-03,28.95,29.0,28.01,28.98,29.0,28.71,3930,112999.99999999999,22,,,,new
DANGEE,EQ,2026-09-03,2.95,3.1,2.88,2.94,2.93,2.87,142664,426999.99999999994,152,,85596.0,60.0,new
DANISH,SM,2026-09-03,852.0,899.0,851.0,874.15,875.0,852.25,39000,34236000.0,216,,24750.0,63.46,new
DATAMATICS,EQ,2026-09-03,764.0,782.0,750.2,774.85,770.0,763.95,140943,108431000.0,7288,,39965.0,28.36,new
DATAPATTNS,EQ,2026-09-03,4525.1,4644.7,4525.1,4587.3,4595.0,4516.7,451510,2079979000.0,43314,,96280.0,21.32,new
DAVANGERE,EQ,2026-09-03,2.13,2.13,2.04,2.04,2.05,2.09,7138915,14738000.0,2549,,6273921.0,87.88,new
DBCORP,EQ,2026-09-03,194.27,197.0,192.3,193.78,193.5,194.27,91897,17828000.0,2305,,56230.0,61.19,new
DBEIL,BE,2026-09-03,6.11,6.27,6.11,6.14,6.17,6.11,59400,367000.0,226,,,,new
DBL,EQ,2026-09-03,396.0,402.95,396.0,398.55,399.9,395.05,50108,20030000.0,2210,,25719.0,51.33,new
DBOL,EQ,2026-09-03,128.17,132.4,128.17,129.64,128.58,128.18,416415,54266999.99999999,6374,,165416.0,39.72,new
DBREALTY,EQ,2026-09-03,103.32,105.9,101.5,103.05,103.0,102.81,759130,78585000.0,5374,,462876.0,60.97,new
DBSTOCKBRO,BE,2026-09-03,29.8,29.84,29.0,29.07,29.36,30.3,17600,513000.0,58,,,,new
DCAL,EQ,2026-09-03,177.1,179.9,175.4,176.99,177.13,176.85,137643,24432000.0,2540,,59045.0,42.9,new
DCBBANK,EQ,2026-09-03,223.11,228.99,219.63,222.2,221.9,222.34,2828120,630137000.0,37037,,1371745.0,48.5,new
DCG,SM,2026-09-03,74.2,74.2,64.0,65.35,65.95,74.65,69600,4678000.0,55,,54000.0,77.59,new
DCI,EQ,2026-09-03,356.0,365.0,352.15,357.65,355.95,354.55,45235,16318000.0,1642,,16635.0,36.77,new
DCM,BE,2026-09-03,78.0,79.7,76.8,76.97,76.8,78.39,12362,952999.9999999999,60,,,,new
DCMFINSERV,EQ,2026-09-03,5.06,5.29,4.88,5.09,5.1,5.21,21873,110000.00000000001,98,,19031.0,87.01,new
DCMNVL,EQ,2026-09-03,185.87,190.14,181.0,182.04,181.12,185.47,12770,2400000.0,310,,10435.0,81.71,new
DCMSHRIRAM,EQ,2026-09-03,1030.0,1045.9,1015.0,1019.2,1015.1,1028.0,102771,105068000.0,6630,,55513.0,54.02,new
DCMSIL,EQ,2026-09-03,71.65,71.79,69.0,70.29,70.73,71.65,74767,5230000.0,805,,50238.0,67.19,new
DCMSRIND,EQ,2026-09-03,46.81,47.9,46.0,46.51,46.5,46.81,239232,11293000.0,1296,,119138.0,49.8,new
DCW,EQ,2026-09-03,47.5,47.5,45.65,46.3,46.39,47.61,2373414,110700000.0,8318,,789900.0,33.28,new
DCXINDIA,EQ,2026-09-03,172.23,176.0,168.6,169.57,170.0,171.23,449946,76870000.0,5510,,213230.0,47.39,new
DDEVPLSTIK,EQ,2026-09-03,276.95,277.8,270.0,272.5,273.1,274.05,54757,15021000.0,1450,,37001.0,67.57,new
DECCANCE,EQ,2026-09-03,573.6,574.95,563.05,565.15,564.2,571.3,8957,5066000.0,341,,6674.0,74.51,new
DECCANTRAN,SM,2026-09-03,20.5,21.0,20.25,20.25,20.25,20.5,122400,2566000.0,9,,118800.0,97.06,new
DECNGOLD,EQ,2026-09-03,220.0,223.99,211.15,213.8,212.6,219.03,1232250,267977000.0,14604,,670595.0,54.42,new
DEEDEV,EQ,2026-09-03,645.05,658.7,632.6,645.9,643.8,643.85,181285,116909999.99999999,9291,,96238.0,53.09,new
DEEM,ST,2026-09-03,40.3,40.3,38.5,40.3,40.3,38.4,4000,158000.0,4,,3000.0,75.0,new
DEEP,EQ,2026-09-03,36.0,37.6,35.22,36.0,36.0,35.24,2319,84000.0,58,,1623.0,69.99,new
DEEPAKFERT,EQ,2026-09-03,1385.0,1411.0,1351.1,1355.9,1360.0,1416.7,816334,1122051000.0,56706,,307287.0,37.64,new
DEEPAKNTR,EQ,2026-09-03,1741.6,1757.8,1717.0,1725.3,1726.9,1734.1,225803,391838000.0,23087,,124022.0,54.92,new
DEEPINDS,EQ,2026-09-03,712.0,749.0,704.1,744.85,749.0,693.65,1577916,1155068000.0,37344,,676832.0,42.89,new
DEFENCE,EQ,2026-09-03,82.64,82.64,81.08,81.45,81.49,80.63,219461,17878000.0,527,,159656.0,72.75,new
DELAPLEX,SM,2026-09-03,101.25,103.0,97.65,97.65,97.65,101.25,6600,665000.0,11,,6000.0,90.91,new
DELHIVERY,EQ,2026-09-03,455.0,464.95,449.5,464.35,464.35,454.8,2530860,1164495000.0,30042,,1483735.0,58.63,new
DELPHIFX,BE,2026-09-03,6.09,6.3,5.8,5.94,6.0,6.09,179783,1074000.0,463,,,,new
DELTACORP,EQ,2026-09-03,57.06,57.77,55.96,56.25,56.18,56.95,680701,38591000.0,4327,,386176.0,56.73,new
DELTAMAGNT,EQ,2026-09-03,60.45,60.45,56.32,57.23,57.69,57.74,2575,147000.0,78,,2132.0,82.8,new
DELTIC,SM,2026-09-03,35.5,36.35,35.1,35.8,35.8,35.25,9000,323000.0,9,,9000.0,100.0,new
DEN,EQ,2026-09-03,28.0,28.28,27.61,27.87,28.15,27.85,162537,4535000.0,971,,109075.0,67.11,new
DENEERS,SM,2026-09-03,168.55,174.0,168.55,169.9,169.1,170.0,9600,1635000.0000000002,12,,6600.0,68.75,new
DENORA,EQ,2026-09-03,821.25,832.0,813.5,824.55,822.5,816.95,2029,1669000.0000000002,193,,1719.0,84.72,new
DENTA,EQ,2026-09-03,270.85,276.5,269.85,270.4,270.0,270.5,65093,17742000.0,1689,,34238.0,52.6,new
DENTALKART,SM,2026-09-03,401.15,401.15,400.0,400.0,400.0,399.05,750,301000.0,3,,750.0,100.0,new
DEVIT,EQ,2026-09-03,24.99,24.99,24.45,24.52,24.68,24.64,16846,415000.00000000006,156,,14302.0,84.9,new
DEVX,EQ,2026-09-03,33.75,34.14,31.8,32.13,32.45,33.01,311584,10101000.0,1549,,246658.0,79.16,new
DEVYANI,EQ,2026-09-03,139.31,140.15,136.3,138.05,137.8,138.07,1003158,138275000.0,13005,,406509.0,40.52,new
DGCONTENT,EQ,2026-09-03,25.89,26.79,24.05,24.43,24.61,24.95,29382,728000.0,214,,17817.0,60.64,new
DHABRIYA,BE,2026-09-03,510.0,522.0,505.0,513.3,515.0,506.5,5261,2700000.0,134,,,,new
DHAMPURSUG,EQ,2026-09-03,171.5,178.67,171.1,177.05,175.61,170.67,996614,175781000.0,13679,,312452.0,31.35,new
DHANBANK,EQ,2026-09-03,31.6,32.13,31.6,31.72,31.8,31.5,524601,16713999.999999998,1617,,243580.0,46.43,new
DHANSA,SM,2026-09-03,26.8,26.8,26.8,26.8,26.8,25.85,2000,54000.0,1,,2000.0,100.0,new
DHANUKA,EQ,2026-09-03,999.7,1016.0,991.8,1010.15,1010.0,995.7,24589,24831000.0,1979,,13603.0,55.32,new
DHARAN,BZ,2026-09-03,0.14,0.14,0.13,0.13,0.14,0.13,26352664,3675000.0,2495,,,,new
DHARARAIL,ST,2026-09-03,140.5,140.5,140.0,140.05,140.05,145.35,7000,981000.0,7,,7000.0,100.0,new
DHARIWAL,SM,2026-09-03,23.8,23.8,23.8,23.8,23.8,22.7,54000,1285000.0,9,,54000.0,100.0,new
DHARMAJ,EQ,2026-09-03,269.3,270.0,265.75,269.05,268.3,270.0,24316,6534000.0,1074,,15668.0,64.43,new
DHATRE,EQ,2026-09-03,4.38,4.57,4.2,4.35,4.37,4.32,30291,134000.0,134,,20177.0,66.61,new
DHOOTTRANS,EQ,2026-09-03,1525.0,1614.2,1513.2,1583.5,1578.5,1522.1,3630631,5743272000.0,191339,,763624.0,21.03,new
DHRUV,EQ,2026-09-03,23.05,23.84,22.5,23.45,23.45,23.4,3929,90000.0,58,,3334.0,84.86,new
DHUNINV,EQ,2026-09-03,1011.6,1050.0,1011.6,1046.25,1048.5,1016.65,733,759000.0,127,,515.0,70.26,new
DIACABS,BE,2026-09-03,335.0,338.0,316.0,322.9,323.95,330.9,2065691,668468000.0,32487,,,,new
DIAMINESQ,EQ,2026-09-03,245.9,246.0,240.71,244.76,245.4,243.65,1720,420000.0,83,,1232.0,71.63,new
DIAMONDYD,EQ,2026-09-03,1158.5,1163.8,1144.0,1159.8,1158.0,1155.2,22884,26464000.0,893,,18537.0,81.0,new
DICIND,EQ,2026-09-03,578.85,590.05,577.6,584.0,587.0,576.55,1685,986999.9999999999,144,,1134.0,67.3,new
DIFFNKG,EQ,2026-09-03,476.0,482.7,469.3,477.6,481.7,476.8,163564,77680000.0,4220,,70951.0,43.38,new
DIGIDRIVE,EQ,2026-09-03,17.7,17.97,17.65,17.8,17.8,17.69,5889,105000.0,84,,4905.0,83.29,new
DIGIKORE,SM,2026-09-03,39.55,41.0,39.0,40.0,41.0,39.55,32400,1306000.0,62,,22800.0,70.37,new
DIGISPICE,EQ,2026-09-03,17.15,17.29,16.85,16.96,16.86,16.97,42290,719000.0,171,,33869.0,80.09,new
DIGITIDE,EQ,2026-09-03,96.45,97.28,95.0,95.52,95.8,95.88,126363,12125000.0,1087,,64111.0,50.74,new
DIGJAMLMTD,EQ,2026-09-03,49.2,50.0,49.2,49.4,49.4,49.01,3972,196000.0,43,,3678.0,92.6,new
DISAQ,EQ,2026-09-03,12070.0,12158.0,11700.0,11775.0,11725.0,12008.0,95,1138000.0,71,,57.0,60.0,new
DISHTV,EQ,2026-09-03,2.64,2.67,2.61,2.61,2.62,2.65,1071320,2826000.0,995,,933763.0,87.16,new
DIVGIITTS,EQ,2026-09-03,1255.0,1309.5,1225.9,1235.2,1256.1,1244.4,180476,227251000.00000003,14670,,85075.0,47.14,new
DIVIDEND,EQ,2026-09-03,35.73,35.73,35.5,35.55,35.55,35.51,1577,56000.00000000001,52,,1576.0,99.94,new
DIVINEHIRA,ST,2026-09-03,111.5,113.7,109.0,113.7,113.7,110.0,12000,1335000.0,10,,8400.0,70.0,new
DIVISLAB,EQ,2026-09-03,9253.0,9282.0,9184.0,9250.0,9250.0,9220.0,497269,4587977000.0,48305,,331449.0,66.65,new
DIVOPPBEES,EQ,2026-09-03,78.24,78.24,76.58,76.68,76.6,76.71,49896,3833000.0,776,,20424.0,40.93,new
DIVYADHAN,ST,2026-09-03,42.65,42.85,42.65,42.85,42.85,40.85,4000,171000.0,2,,4000.0,100.0,new
DIXON,EQ,2026-09-03,14581.0,14670.0,14380.0,14445.0,14445.0,14590.0,259362,3771428000.0,45211,,106865.0,41.2,new
DJML,EQ,2026-09-03,72.94,73.0,68.91,70.71,70.0,72.22,180069,12753000.0,2351,,40588.0,22.54,new
DLF,EQ,2026-09-03,671.0,689.35,671.0,681.65,681.65,673.55,3400599,2317113000.0,54223,,1691747.0,49.75,new
DLINKINDIA,EQ,2026-09-03,449.95,454.55,444.6,452.35,452.9,447.85,100221,45159000.0,3926,,57288.0,57.16,new
DMART,EQ,2026-09-03,3824.1,3824.1,3752.0,3763.0,3763.0,3813.4,186192,703267000.0,20581,,100808.0,54.14,new
DMCC,EQ,2026-09-03,294.0,302.2,292.25,295.5,295.5,293.35,60702,18087000.0,1877,,31866.0,52.5,new
DNAMEDIA,EQ,2026-09-03,2.53,2.74,2.53,2.63,2.63,2.53,36858,97000.0,117,,26919.0,73.03,new
DODLA,EQ,2026-09-03,1070.0,1090.8,1065.0,1069.9,1072.0,1065.3,17534,18850000.0,3422,,9834.0,56.09,new
DOLATALGO,EQ,2026-09-03,70.1,71.4,69.75,70.05,69.81,69.96,160330,11284000.0,890,,112518.0,70.18,new
DOLLAR,EQ,2026-09-03,263.7,268.45,261.0,265.0,266.0,262.35,58091,15351000.0,1553,,34932.0,60.13,new
DOLLEX,SM,2026-09-03,35.5,36.3,35.0,35.0,35.0,36.15,20000,710000.0,5,,20000.0,100.0,new
DOLPHIN,EQ,2026-09-03,615.6,635.7,603.45,619.6,619.0,603.45,49332,30933000.0,1953,,24639.0,49.95,new
DOMS,EQ,2026-09-03,2207.1,2215.7,2194.0,2207.6,2204.9,2206.3,25864,57000000.0,7247,,12550.0,48.52,new
DONEAR,EQ,2026-09-03,83.3,90.99,83.1,88.56,89.0,83.46,59608,5243000.0,778,,34658.0,58.14,new
DPABHUSHAN,EQ,2026-09-03,1374.7,1412.1,1355.0,1359.4,1363.8,1370.4,23548,32213000.0,2645,,13121.0,55.72,new
DPEL,SM,2026-09-03,579.9,581.0,575.0,577.3,578.7,577.75,15000,8680000.0,26,,10000.0,66.67,new
DPSCLTD,BE,2026-09-03,7.56,7.69,7.2,7.27,7.33,7.41,67713,500000.0,363,,,,new
DPWIRES,BE,2026-09-03,154.99,158.1,153.0,153.99,153.95,155.3,3280,509000.0,107,,,,new
DRAGARWQ,EQ,2026-09-03,5450.0,5500.0,5303.0,5339.0,5305.5,5420.0,1168,6330000.0,416,,627.0,53.68,new
DRCSYSTEMS,EQ,2026-09-03,13.86,14.1,13.17,13.42,13.23,13.59,56410,763000.0,324,,33326.0,59.08,new
DREAMFOLKS,EQ,2026-09-03,67.49,67.8,65.0,66.33,66.45,66.39,33909,2247000.0,752,,19766.0,58.29,new
DREDGECORP,EQ,2026-09-03,1070.7,1082.0,1063.7,1074.7,1074.6,1060.9,65497,70313000.0,4470,,28888.0,44.11,new
DRONE,SM,2026-09-03,34.7,35.0,33.8,34.0,34.0,34.7,30500,1044000.0,55,,24500.0,80.33,new
DRREDDY,EQ,2026-09-03,1162.0,1164.3,1155.0,1155.0,1155.0,1156.5,338274,392131000.0,26382,,184803.0,54.63,new
DSFCL,BE,2026-09-03,25.8,26.49,25.31,25.75,25.75,26.23,30199,781000.0,109,,,,new
DSKULKARNI,BE,2026-09-03,19.42,19.42,19.42,19.42,19.42,19.04,177,3000.0,4,,,,new
DSSL,EQ,2026-09-03,1016.0,1027.0,999.0,1003.0,1008.8,1016.0,40668,41143000.0,2070,,31500.0,77.46,new
DTIL,BE,2026-09-03,149.96,153.38,145.0,152.87,152.88,149.95,3612,538000.0,119,,,,new
DUCOL,SM,2026-09-03,115.0,115.0,109.0,109.0,109.0,115.0,43200,4818000.0,35,,43200.0,100.0,new
DUCON,EQ,2026-09-03,2.04,2.07,1.92,1.93,1.95,2.08,1623096,3166000.0,1326,,1198715.0,73.85,new
DUCON-RE1,BE,2026-09-03,0.65,0.85,0.65,0.65,0.65,1.08,1337397,869000.0,512,,,,new
DUGLOBAL,SM,2026-09-03,24.2,25.0,23.85,25.0,25.0,23.85,15000,366000.0,6,,15000.0,100.0,new
DURLAX,SM,2026-09-03,62.25,68.0,61.0,66.5,66.5,63.0,92000,5785000.0,34,,68000.0,73.91,new
DVL,EQ,2026-09-03,286.5,289.0,282.3,285.8,284.0,285.65,15949,4564000.0,564,,10779.0,67.58,new
DWARKESH,EQ,2026-09-03,49.1,50.25,48.71,49.32,49.16,48.78,3696590,182973000.0,12949,,660661.0,17.87,new
DYCL,EQ,2026-09-03,538.2,549.5,520.45,544.3,541.5,535.55,711940,383259000.0,18145,,221982.0,31.18,new
DYNAMATECH,EQ,2026-09-03,11400.0,11575.0,11215.0,11532.0,11559.0,11425.0,10815,123396000.0,4544,,3782.0,34.97,new
DYNAMIC,ST,2026-09-03,137.9,141.8,137.0,141.7,141.8,135.05,20500,2870000.0,40,,20000.0,97.56,new
DYNPRO,EQ,2026-09-03,228.11,246.4,228.11,237.81,237.1,229.06,56324,13594000.0,657,,49370.0,87.65,new
E2E,BE,2026-09-03,605.0,616.0,590.0,592.7,592.0,608.45,473248,283787000.0,10894,,,,new
E2ERAIL,SM,2026-09-03,348.1,371.0,335.0,345.4,346.0,347.7,273600,96679000.0,251,,80000.0,29.24,new
EASEMYTRIP,EQ,2026-09-03,6.05,6.1,5.96,5.97,6.0,6.0,8428899,50550000.0,7244,,4506527.0,53.47,new
EASTSILK,BE,2026-09-03,61.1,64.33,61.1,63.99,63.99,61.28,257,16000.0,13,,,,new
EASTWEST,EQ,2026-09-03,2.42,2.47,2.31,2.34,2.31,2.45,67138,160000.0,160,,51679.0,76.97,new
EBANK10,EQ,2026-09-03,16.85,16.85,16.83,16.83,16.83,16.71,316,5000.0,3,,316.0,100.0,new
EBANKNIFTY,EQ,2026-09-03,58.36,58.37,57.93,58.22,58.22,57.83,5790,337000.0,20,,4358.0,75.27,new
EBBETF0430,EQ,2026-09-03,1624.37,1624.37,1606.01,1607.71,1607.02,1606.0,3888,6249000.0,259,,3360.0,86.42,new
EBBETF0431,EQ,2026-09-03,1431.89,1442.34,1431.01,1439.55,1442.34,1431.77,2487,3567000.0,81,,1738.0,69.88,new
EBBETF0433,EQ,2026-09-03,1310.71,1313.43,1306.0,1309.36,1312.99,1309.22,3294,4318000.0,144,,2487.0,75.5,new
EBGNG,EQ,2026-09-03,645.8,648.2,615.5,622.1,621.8,641.8,1022172,643775000.0,32211,,430068.0,42.07,new
EBIX,BE,2026-09-03,20.03,20.45,19.4,19.84,20.23,20.03,20898,417000.0,65,,,,new
ECAPINSURE,EQ,2026-09-03,23.89,23.89,23.57,23.77,23.73,23.76,61190,1452000.0,263,,23941.0,39.13,new
ECLERX,EQ,2026-09-03,2005.0,2050.1,1930.4,1971.7,1969.0,2004.5,265250,524816000.0,23711,,94167.0,35.5,new
ECOLINE,ST,2026-09-03,180.05,180.05,174.0,180.0,180.0,178.25,21000,3740000.0,15,,20000.0,95.24,new
ECORECO,EQ,2026-09-03,468.2,468.2,453.1,456.1,454.1,454.45,5421,2506000.0,563,,3424.0,63.16,new
ECOSMOBLTY,EQ,2026-09-03,117.9,117.9,113.22,113.93,114.79,114.79,111472,12827000.000000002,924,,78322.0,70.26,new
EDELWEISS,EQ,2026-09-03,127.5,135.24,126.62,134.76,134.65,126.18,14107589,1870450999.9999998,63503,,5296836.0,37.55,new
EEPL,ST,2026-09-03,134.0,137.0,132.85,135.05,135.0,136.25,8000,1080000.0,8,,7000.0,87.5,new
EFACTOR,SM,2026-09-03,181.0,181.0,175.0,175.0,175.0,182.05,1200,214000.0,3,,1200.0,100.0,new
EFCIL,EQ,2026-09-03,199.5,202.19,196.36,200.84,201.57,199.12,266046,53090000.0,3988,,149844.0,56.32,new
EFFWA,ST,2026-09-03,353.9,370.4,353.9,368.15,366.0,352.8,25600,9371000.0,51,,25600.0,100.0,new
EFORCE,SM,2026-09-03,20.35,20.35,19.1,19.5,19.1,20.35,43200,860000.0,27,,34800.0,80.56,new
EGOLD,EQ,2026-09-03,150.95,153.3,150.95,152.6,152.0,149.15,111548,17024000.0,547,,97634.0,87.53,new
EICHERMOT,EQ,2026-09-03,7715.0,7738.5,7597.0,7690.0,7690.0,7711.5,437245,3344518000.0,36307,,243999.0,55.8,new
EIDPARRY,EQ,2026-09-03,804.0,818.5,770.1,778.25,777.5,800.65,856235,678556000.0,29183,,383791.0,44.82,new
EIEL,EQ,2026-09-03,192.9,197.0,192.9,195.66,196.0,192.36,360610,70375000.0,6742,,147061.0,40.78,new
EIFFL,BE,2026-09-03,278.6,278.6,278.6,278.6,278.6,284.25,543,151000.0,10,,,,new
EIHAHOTELS,EQ,2026-09-03,309.7,310.0,302.55,303.85,304.9,307.85,6048,1845000.0,375,,3956.0,65.41,new
EIHOTEL,EQ,2026-09-03,288.5,292.3,287.8,290.75,289.35,285.8,350687,102043000.0,8083,,266312.0,75.94,new
EIMCOELECO,EQ,2026-09-03,2205.6,2315.0,2205.6,2280.4,2279.0,2194.6,88925,202484000.0,8239,,43893.0,49.36,new
EKC,EQ,2026-09-03,106.7,108.0,105.84,107.0,107.25,106.25,91370,9772000.0,1359,,41434.0,45.35,new
EKI,EQ,2026-09-03,73.56,76.9,73.56,74.06,74.2,75.8,12977,969000.0,278,,9385.0,72.32,new
ELANTAS,EQ,2026-09-03,12197.0,12277.0,11911.0,12114.0,12171.0,11904.0,2816,34119000.0,1126,,1382.0,49.08,new
ELCIDIN,EQ,2026-09-03,105500.0,107450.0,105500.0,106500.0,106500.0,107000.0,4,426000.0,4,,4.0,100.0,new
ELDEHSG,EQ,2026-09-03,794.2,800.0,778.85,790.45,793.7,794.25,681,543000.0,27,,591.0,86.78,new
ELECON,EQ,2026-09-03,418.75,457.0,418.5,435.95,436.5,416.6,7394075,3299003000.0,139607,,680034.0,9.2,new
ELECTCAST,EQ,2026-09-03,86.0,87.78,83.27,83.85,84.3,85.28,3252794,276512000.0,26276,,1477085.0,45.41,new
ELECTHERM,EQ,2026-09-03,1001.25,1007.6,977.0,979.9,985.0,1000.1,9319,9203000.0,408,,7686.0,82.48,new
ELGIEQUIP,EQ,2026-09-03,621.0,638.4,616.05,630.35,631.55,616.75,564479,357169000.0,24460,,247236.0,43.8,new
ELGIRUBCO,EQ,2026-09-03,61.5,61.5,58.61,59.08,59.14,60.88,31696,1891000.0,520,,20392.0,64.34,new
ELGNZ,SM,2026-09-03,91.0,93.0,82.95,84.05,83.0,88.55,87000,7612000.0,77,,57000.0,65.52,new
ELIN,EQ,2026-09-03,96.55,96.91,95.1,95.26,95.15,95.26,57109,5453000.0,912,,35312.0,61.83,new
ELIQUID,EQ,2026-09-03,1046.24,1046.26,1046.24,1046.25,1046.26,1046.13,78143,81757000.0,35,,62121.0,79.5,new
ELITECON,EQ,2026-09-03,9.13,9.13,9.13,9.13,9.13,9.61,616110,5625000.0,2687,,616110.0,100.0,new
ELLEN,EQ,2026-09-03,318.95,333.0,315.55,330.45,330.1,313.3,468330,152990000.0,9365,,246629.0,52.66,new
ELM250,EQ,2026-09-03,16.66,16.75,16.5,16.65,16.67,16.5,633105,10547000.0,168,,622905.0,98.39,new
ELMDIV,EQ,2026-09-03,36.44,36.53,36.3,36.38,36.38,36.08,1092,40000.0,8,,1086.0,99.45,new
ELPROINTL,EQ,2026-09-03,174.0,175.4,172.06,174.44,173.82,173.86,57329,9972000.0,194,,53148.0,92.71,new
EMAMILTD,EQ,2026-09-03,373.0,373.0,362.3,368.2,368.75,368.05,996480,367613000.0,21383,,569954.0,57.2,new
EMAMIPAP,BE,2026-09-03,109.26,112.0,108.0,110.4,111.3,109.31,24499,2699000.0,240,,,,new
EMAMIREAL,EQ,2026-09-03,68.9,69.4,67.0,68.7,69.29,67.98,17524,1213000.0,201,,15895.0,90.7,new
EMAPARTNER,SM,2026-09-03,83.05,83.05,83.05,83.05,83.05,83.55,1000,83000.0,1,,1000.0,100.0,new
EMBASSY,RR,2026-09-03,435.98,446.85,435.98,438.57,438.85,435.23,967048,425335999.99999994,15670,,757132.0,78.29,new
EMBDL,EQ,2026-09-03,59.49,59.55,58.2,58.59,58.45,59.18,1578978,92829000.0,7644,,831273.0,52.65,new
EMCURE,EQ,2026-09-03,1874.9,1874.9,1838.4,1854.7,1842.0,1858.4,91447,169552000.0,12125,,61462.0,67.21,new
EMETAL,EQ,2026-09-03,13.15,13.37,13.07,13.19,13.2,13.15,19954,262000.0,45,,12060.0,60.44,new
EMIL,EQ,2026-09-03,178.91,183.0,173.97,176.16,176.05,176.44,1306494,233246999.99999997,16122,,621533.0,47.57,new
EMKAY,EQ,2026-09-03,262.95,262.95,254.1,257.75,259.0,255.3,14690,3776000.0,376,,9623.0,65.51,new
EMKAYTOOLS,SM,2026-09-03,95.65,96.3,94.5,96.05,96.3,92.0,1350,129000.0,8,,1050.0,77.78,new
EMMBI,BE,2026-09-03,91.41,93.24,88.55,90.17,91.05,91.41,6450,590000.0,55,,,,new
EMMIL,SM,2026-09-03,125.0,125.0,120.5,120.65,120.5,123.8,4000,487000.0,14,,4000.0,100.0,new
EMMVEE,EQ,2026-09-03,325.0,328.6,324.0,326.4,325.5,324.7,594482,193979000.0,16038,,277174.0,46.62,new
EMPIND,EQ,2026-09-03,1213.0,1213.0,1190.1,1195.9,1194.9,1196.9,4838,5821000.0,376,,3606.0,74.53,new
EMPOWER,EQ,2026-09-03,1.82,1.82,1.82,1.82,1.82,1.91,4402278,8012000.0,1596,,4402278.0,100.0,new
EMSLIMITED,EQ,2026-09-03,386.3,397.8,382.5,387.35,387.5,386.8,356431,138719000.0,9634,,99867.0,28.02,new
EMUDHRA,EQ,2026-09-03,527.1,531.0,514.8,519.85,516.6,522.15,72575,37884000.0,3569,,28203.0,38.86,new
EMULTIMQ,EQ,2026-09-03,41.82,42.25,41.56,41.77,42.11,41.65,22144,925000.0,130,,20534.0,92.73,new
ENCOMPAS,SM,2026-09-03,251.0,251.5,242.0,248.65,250.5,250.0,3600,896000.0000000001,9,,2400.0,66.67,new
ENDURANCE,EQ,2026-09-03,2760.0,2811.0,2735.8,2754.7,2752.5,2755.9,98905,273091000.0,13131,,67193.0,67.94,new
ENERGY,EQ,2026-09-03,38.46,39.0,38.12,38.41,38.34,38.22,690388,26573000.0,1125,,243051.0,35.2,new
ENERGYAXIS,EQ,2026-09-03,19.1,19.25,18.9,19.2,19.2,19.01,26272,501999.99999999994,82,,14628.0,55.68,new
ENERGYDEV,EQ,2026-09-03,15.8,15.97,15.4,15.5,15.53,15.65,22297,346000.0,288,,17726.0,79.5,new
ENEXT50,EQ,2026-09-03,72.81,72.81,72.8,72.8,72.8,72.09,404,28999.999999999996,2,,404.0,100.0,new
ENFUSE,SM,2026-09-03,188.0,188.0,160.0,160.75,161.0,160.0,3600,606000.0,6,,1800.0,50.0,new
ENGINERSIN,EQ,2026-09-03,275.55,285.1,272.25,281.95,280.8,276.6,7395677,2080334000.0,88147,,2228601.0,30.13,new
ENIFTY,EQ,2026-09-03,24.72,24.72,24.08,24.15,24.15,24.12,2291,55000.00000000001,62,,1812.0,79.09,new
ENIL,EQ,2026-09-03,101.0,103.6,99.45,99.61,99.56,100.28,113077,11405000.0,1193,,68961.0,60.99,new
ENKEIWHEL,EQ,2026-09-03,390.0,400.1,378.5,380.8,380.0,389.2,3915,1504000.0,201,,3562.0,90.98,new
ENRIN,EQ,2026-09-03,3148.0,3215.0,3118.0,3155.2,3148.0,3119.3,548283,1739034999.9999998,55241,,252769.0,46.1,new
ENSER,SM,2026-09-03,15.0,15.6,14.35,14.8,15.2,15.3,55000,840000.0,11,,45000.0,81.82,new
ENTERO,EQ,2026-09-03,1810.0,1863.0,1795.2,1848.0,1848.0,1797.4,197997,362385000.0,16331,,90392.0,45.65,new
ENVIRO,SM,2026-09-03,70.0,71.15,70.0,71.15,71.15,70.0,7000,492000.0,5,,7000.0,100.0,new
EPACK,EQ,2026-09-03,187.53,193.0,187.53,189.08,190.0,187.53,465503,88486000.0,7335,,181057.0,38.89,new
EPACKPEB,EQ,2026-09-03,223.98,233.8,223.98,227.3,226.99,225.04,320754,73595000.0,6315,,117094.0,36.51,new
EPIGRAL,EQ,2026-09-03,1236.8,1254.8,1221.2,1236.7,1223.0,1230.6,39179,48551000.0,5085,,19417.0,49.56,new
EPL,EQ,2026-09-03,239.0,251.0,237.2,246.55,245.7,236.3,10298029,2542182000.0,84087,,4830916.0,46.91,new
EQUAL200,EQ,2026-09-03,13.84,13.87,13.8,13.83,13.83,13.79,6066,84000.0,46,,4566.0,75.27,new
EQUAL50,EQ,2026-09-03,330.61,330.83,328.86,329.56,329.74,329.92,3224,1063000.0,18,,2792.0,86.6,new
EQUAL50ADD,EQ,2026-09-03,341.5,342.39,340.01,340.57,340.39,341.16,19755,6752000.0,309,,14733.0,74.58,new
EQUIPPP,BE,2026-09-03,22.5,22.89,22.5,22.89,22.89,23.19,4043,91000.0,11,,,,new
EQUITASBNK,EQ,2026-09-03,74.49,74.8,72.61,73.04,72.82,73.45,1375803,101417000.0,17490,,795482.0,57.82,new
ERIS,EQ,2026-09-03,1320.0,1336.7,1288.9,1303.5,1300.0,1288.9,74397,96813000.0,6753,,17119.0,23.01,new
ESABINDIA,EQ,2026-09-03,6132.5,6132.5,6029.5,6077.5,6074.0,6038.5,3007,18255000.0,1424,,1554.0,51.68,new
ESAFSFB,BE,2026-09-03,42.88,42.89,41.4,41.67,41.8,42.36,283668,11882000.0,1534,,,,new
ESCONET,SM,2026-09-03,239.1,251.0,227.15,227.45,227.15,239.1,114800,27443000.0,220,,74400.0,64.81,new
ESCORTS,EQ,2026-09-03,3013.7,3030.5,2966.0,2978.2,2980.0,3019.4,56081,167214000.0,10788,,28675.0,51.13,new
ESENSEX,EQ,2026-09-03,77.5,77.62,77.18,77.32,77.32,77.0,1528,118000.0,13,,1295.0,84.75,new
ESFL,SM,2026-09-03,115.95,116.35,113.0,115.15,115.15,117.1,8280,953999.9999999999,23,,5040.0,60.87,new
ESG,EQ,2026-09-03,41.14,41.24,41.02,41.07,41.11,40.87,2443,100000.0,42,,2417.0,98.94,new
ESILVER,EQ,2026-09-03,227.41,231.5,227.41,229.84,229.74,224.97,198942,45761000.0,1542,,150708.0,75.75,new
ESPRIT,SM,2026-09-03,65.0,65.0,62.05,63.5,63.5,65.0,16000,1015000.0,10,,12800.0,80.0,new
ESSARSHPNG,EQ,2026-09-03,16.73,17.09,16.73,16.87,16.98,16.73,114629,1943000.0,598,,84057.0,73.33,new
ESSENTIA,EQ,2026-09-03,1.04,1.08,1.04,1.05,1.06,1.04,3372468,3558000.0,620,,1300453.0,38.56,new
ESTER,EQ,2026-09-03,94.5,95.69,93.25,94.03,94.75,94.05,48134,4553000.0,1018,,23707.0,49.25,new
ETERNAL,EQ,2026-09-03,327.8,331.0,324.15,324.8,324.8,327.3,15603719,5110126000.0,117295,,8327065.0,53.37,new
ETHOSLTD,EQ,2026-09-03,2841.0,2858.9,2782.0,2793.1,2784.0,2839.4,15925,44776000.0,3666,,7741.0,48.61,new
ETL,SM,2026-09-03,1030.15,1098.1,1030.15,1098.1,1098.1,1100.0,300,319000.0,2,,150.0,50.0,new
ETML,SM,2026-09-03,80.25,85.15,80.05,82.0,82.0,80.8,10800,886999.9999999999,7,,9600.0,88.89,new
EUREKAFORB,EQ,2026-09-03,422.95,432.4,420.9,429.25,430.0,422.95,106127,45474000.0,5547,,55130.0,51.95,new
EUROBOND,EQ,2026-09-03,151.0,156.0,147.6,151.1,151.0,150.04,8000,1210000.0,277,,4789.0,59.86,new
EUROPRATIK,EQ,2026-09-03,262.15,270.95,259.55,267.0,266.1,260.05,188394,49464000.0,2736,,43814.0,23.26,new
EUROTEXIND,BE,2026-09-03,13.99,13.99,13.99,13.99,13.99,13.99,271,4000.0,4,,,,new
EVEREADY,EQ,2026-09-03,321.3,325.9,318.1,319.45,318.95,321.3,44636,14338000.0,1239,,25906.0,58.04,new
EVERESTIND,BE,2026-09-03,420.0,434.55,420.0,425.25,425.25,427.55,2837,1217000.0,78,,,,new
EVIETF,EQ,2026-09-03,32.91,32.91,32.5,32.56,32.5,32.53,330379,10787000.0,813,,218483.0,66.13,new
EVINDIA,EQ,2026-09-03,32.61,33.18,32.04,32.67,32.74,32.61,164631,5382000.0,1421,,100951.0,61.32,new
EXCELINDUS,EQ,2026-09-03,1032.0,1045.0,1025.1,1034.9,1045.0,1027.4,4086,4213000.0,525,,2900.0,70.97,new
EXCELLENT,ST,2026-09-03,209.0,209.0,208.9,209.0,209.0,208.8,4800,1002999.9999999999,3,,4800.0,100.0,new
EXCELSOFT,EQ,2026-09-03,70.66,71.4,69.77,70.66,70.56,69.62,253179,17849000.0,1318,,144203.0,56.96,new
EXICOM,EQ,2026-09-03,163.0,169.45,161.94,166.13,164.85,163.33,940775,157175000.0,12553,,362898.0,38.57,new
EXIDEIND,EQ,2026-09-03,427.05,430.0,421.6,423.0,422.8,425.65,1330665,564833000.0,25961,,631773.0,47.48,new
EXIMROUTES,SM,2026-09-03,107.1,107.1,107.1,107.1,107.1,108.0,1600,171000.0,2,,1600.0,100.0,new
EXPLEOSOL,EQ,2026-09-03,903.0,911.0,885.1,898.75,900.0,890.85,54511,49032000.0,4963,,21095.0,38.7,new
EXXARO,EQ,2026-09-03,6.84,6.96,6.6,6.7,6.7,6.6,2472093,16612000.0,808,,2430513.0,98.32,new
FABTECH,EQ,2026-09-03,147.84,150.22,146.21,147.33,147.0,147.84,93301,13783000.000000002,899,,40651.0,43.57,new
FACT,EQ,2026-09-03,804.3,813.0,796.95,800.2,803.0,804.3,155180,124761999.99999999,11900,,46897.0,30.22,new
FAIRCHEMOR,BE,2026-09-03,670.0,670.0,661.1,661.1,661.1,674.0,2777,1845000.0,85,,,,new
FALCONTECH,SM,2026-09-03,13.0,13.0,12.45,12.45,12.45,12.35,6000,76000.0,5,,4800.0,80.0,new
FASCINATE,ST,2026-09-03,76.35,76.35,76.35,76.35,76.35,80.35,7200,550000.0,9,,7200.0,100.0,new
FAZE3Q,EQ,2026-09-03,492.7,504.7,486.1,498.4,495.0,488.75,23417,11598000.0,624,,15184.0,64.84,new
FCL,EQ,2026-09-03,49.23,49.34,48.05,48.41,48.69,49.19,7728913,378282000.0,19424,,3828179.0,49.53,new
FCSSOFT,EQ,2026-09-03,1.46,1.48,1.44,1.44,1.45,1.45,1337312,1946000.0,952,,938174.0,70.15,new
FDC,EQ,2026-09-03,342.0,344.05,339.05,341.6,342.7,340.6,92294,31487000.0,4442,,56404.0,61.11,new
FEDDERSHOL,EQ,2026-09-03,46.0,46.6,45.99,46.0,46.0,45.99,729500,33707000.0,677,,129295.0,17.72,new
FEDERALBNK,EQ,2026-09-03,356.5,356.95,343.1,344.6,344.6,353.35,6683672,2318886000.0,74537,,2985149.0,44.66,new
FEDFINA,EQ,2026-09-03,157.9,159.98,156.26,157.86,156.4,157.57,643811,102084000.0,7498,,352013.0,54.68,new
FEL,BZ,2026-09-03,0.39,0.4,0.38,0.39,0.39,0.39,119682,46000.0,77,,,,new
FELDVR,BZ,2026-09-03,2.27,2.27,2.12,2.2,2.2,2.23,501,1000.0,16,,,,new
FELIX,SM,2026-09-03,194.05,197.9,190.0,194.2,195.3,189.7,119000,23099000.0,171,,86000.0,72.27,new
FERMENTA,EQ,2026-09-03,537.75,537.75,495.2,502.3,500.0,520.65,102491,52579000.0,4611,,47772.0,46.61,new
FIBERWEB,EQ,2026-09-03,26.45,26.45,25.55,25.91,25.8,25.76,14661,377000.0,116,,9138.0,62.33,new
FIDEL,SM,2026-09-03,140.0,141.0,137.15,139.05,137.15,141.0,5000,700000.0,5,,4000.0,80.0,new
FIEMIND,EQ,2026-09-03,2079.0,2079.0,2030.0,2036.9,2037.0,2052.0,52260,106769000.0,6540,,26504.0,50.72,new
FILATEX,EQ,2026-09-03,73.0,77.7,73.0,76.72,76.55,73.31,1567243,119466000.00000001,10266,,699863.0,44.66,new
FILATFASH,EQ,2026-09-03,0.18,0.19,0.18,0.18,0.19,0.18,15913721,2943000.0,1455,,7678300.0,48.25,new
FINBUD,SM,2026-09-03,126.2,132.0,126.2,128.0,128.0,126.0,13000,1662000.0,11,,11000.0,84.62,new
FINCABLES,EQ,2026-09-03,1197.2,1279.8,1197.2,1272.9,1270.1,1191.2,1809176,2272686000.0,68739,,411022.0,22.72,new
FINEORG,EQ,2026-09-03,5145.5,5229.5,5111.5,5179.5,5189.5,5146.5,15981,82765000.0,6930,,6665.0,41.71,new
FINIETF,EQ,2026-09-03,32.77,32.82,32.55,32.65,32.69,32.43,180178,5886000.0,1876,,99927.0,55.46,new
FINKURVE,EQ,2026-09-03,69.54,71.0,69.05,70.23,70.99,69.53,65810,4615000.0,1606,,32923.0,50.03,new
FINOPB,EQ,2026-09-03,141.92,142.9,139.58,140.23,140.63,140.49,134565,18961000.0,1721,,67753.0,50.35,new
FINPIPE,EQ,2026-09-03,158.75,159.39,157.2,158.9,159.24,157.84,338397,53696000.0,11192,,171842.0,50.78,new
FIRSTCRY,EQ,2026-09-03,172.4,181.28,171.01,178.67,180.3,170.82,14287238,2525701000.0,126437,,1972017.0,13.8,new
FISCHER,EQ,2026-09-03,38.25,38.5,36.75,37.03,36.85,37.73,447981,16862000.0,2083,,229203.0,51.16,new
FIVESTAR,EQ,2026-09-03,525.0,538.0,523.8,534.6,537.5,524.85,461736,245036000.0,19663,,241095.0,52.21,new
FLAIR,EQ,2026-09-03,247.3,249.8,246.42,248.11,248.99,247.14,38078,9441000.0,704,,17634.0,46.31,new
FLEXIADD,EQ,2026-09-03,10.03,10.22,9.98,10.05,10.08,10.03,60203,603000.0,269,,52085.0,86.52,new
FLEXITUFF,BE,2026-09-03,2.39,2.49,2.37,2.4,2.48,2.39,27878,67000.0,73,,,,new
FLFL,BZ,2026-09-03,1.23,1.25,1.18,1.22,1.24,1.23,64184,79000.0,52,,,,new
FLUOROCHEM,EQ,2026-09-03,4728.0,4829.0,4675.0,4694.6,4688.0,4727.7,101082,479214999.99999994,15271,,46423.0,45.93,new
FLYSBS,SM,2026-09-03,633.25,657.95,617.5,625.25,620.1,634.65,63200,40032000.0,242,,36200.0,57.28,new
FMCGADD,EQ,2026-09-03,46.45,46.45,46.15,46.22,46.38,46.45,32744,1515000.0,158,,15235.0,46.53,new
FMCGIETF,EQ,2026-09-03,49.9,50.04,49.31,49.46,49.59,49.74,1316157,65185000.0,5868,,899762.0,68.36,new
FMGOETZE,EQ,2026-09-03,617.8,617.8,602.55,613.7,614.5,612.4,1679963,1028049000.0,25141,,1030264.0,61.33,new
FMNL,EQ,2026-09-03,9.83,10.0,9.18,9.62,9.68,9.64,36240,343000.0,81,,20148.0,55.6,new
FOCUS,BE,2026-09-03,65.2,65.2,63.15,63.9,63.94,64.53,39770,2543000.0,294,,,,new
FONEBOX,SM,2026-09-03,95.25,95.25,95.25,95.25,95.25,99.0,1000,95000.0,1,,1000.0,100.0,new
FOODSIN,EQ,2026-09-03,55.18,56.5,54.0,56.06,56.0,54.78,241790,13537000.0,892,,212734.0,87.98,new
FORCAS,ST,2026-09-03,240.0,248.95,237.05,237.05,237.05,239.95,11200,2715000.0,7,,8000.0,71.43,new
FORCEMOT,EQ,2026-09-03,17650.0,17932.0,17455.0,17500.0,17500.0,17600.0,67963,1202915000.0,20455,,27681.0,40.73,new
FORGEAUTO,SM,2026-09-03,100.0,100.0,100.0,100.0,100.0,95.25,4800,480000.0,4,,3600.0,75.0,new
FORTIS,EQ,2026-09-03,915.0,920.0,908.45,917.5,917.5,915.0,751728,687637000.0,21584,,455112.0,60.54,new
FOSECOIND,EQ,2026-09-03,6232.5,6408.0,6183.5,6372.5,6300.0,6183.0,13802,87049000.0,3511,,3966.0,28.73,new
FRACTAL,EQ,2026-09-03,827.95,834.0,815.0,817.4,819.5,821.4,171106,141179000.0,13884,,86321.0,50.45,new
FREDUN,EQ,2026-09-03,1525.9,1525.9,1480.0,1488.3,1486.0,1505.8,9559,14377000.000000002,987,,5196.0,54.36,new
FRESHARA,ST,2026-09-03,470.0,477.95,438.25,439.75,440.0,461.3,56400,25513000.0,85,,54000.0,95.74,new
FROG,ST,2026-09-03,259.15,269.9,252.0,265.9,264.0,259.15,37200,9862000.0,66,,33200.0,89.25,new
FRONTSP,EQ,2026-09-03,1259.9,1284.8,1247.5,1269.8,1275.7,1250.4,15627,19835000.0,1628,,10452.0,66.88,new
FSL,EQ,2026-09-03,270.15,270.8,262.75,265.3,264.9,270.4,758826,202878000.0,13709,,269184.0,35.47,new
FUSION,EQ,2026-09-03,193.5,201.0,193.5,199.73,199.74,193.42,551845,109816000.00000001,6988,,374865.0,67.93,new
FWSTC,SM,2026-09-03,197.0,197.0,197.0,197.0,197.0,197.0,600,118000.0,1,,600.0,100.0,new
GABRIEL,EQ,2026-09-03,1383.0,1403.9,1342.0,1345.8,1345.0,1384.9,302147,412553000.0,26211,,149512.0,49.48,new
GAEL,EQ,2026-09-03,170.8,172.0,167.7,170.88,170.25,170.8,830501,141210000.0,10840,,385905.0,46.47,new
GAIL,EQ,2026-09-03,173.19,174.67,172.01,174.67,174.67,173.0,6327095,1098103000.0,41371,,4540125.0,71.76,new
GAJA,EQ,2026-09-03,164.4,164.4,156.51,157.62,157.2,163.83,1287005,205971000.0,12816,,401701.0,31.21,new
GAJANAND,SM,2026-09-03,8.9,8.9,8.9,8.9,8.9,9.15,3000,27000.0,1,,3000.0,100.0,new
GALAPREC,EQ,2026-09-03,1055.0,1065.0,1020.0,1026.2,1024.0,1040.5,28284,29519000.0,2582,,13120.0,46.39,new
GALAXYSURF,EQ,2026-09-03,2243.9,2290.5,2214.1,2251.6,2240.0,2223.1,32204,72733000.0,6048,,15094.0,46.87,new
GALLANTT,EQ,2026-09-03,558.0,576.0,557.95,572.65,575.0,555.4,58030,32977999.999999996,5300,,27001.0,46.53,new
GANDHAR,EQ,2026-09-03,268.5,270.95,264.05,267.4,268.0,265.95,788620,211058000.0,9641,,347358.0,44.05,new
GANDHITUBE,EQ,2026-09-03,885.0,905.0,885.0,902.55,897.0,896.4,5689,5112000.0,193,,4855.0,85.34,new
GANECOS,EQ,2026-09-03,1015.9,1040.0,1001.9,1015.4,1025.0,1004.4,51654,52303000.0,5148,,18419.0,35.66,new
GANESHBE,BE,2026-09-03,118.0,127.0,118.0,121.18,124.15,122.18,256310,31614999.999999996,1081,,,,new
GANESHCP,EQ,2026-09-03,170.01,174.9,167.09,168.82,169.85,167.47,151836,25886000.0,3244,,53800.0,35.43,new
GANESHHOU,EQ,2026-09-03,763.0,774.0,761.3,765.5,765.0,762.0,11309,8667000.0,939,,6771.0,59.87,new
GANESHIN,ST,2026-09-03,99.9,101.5,98.5,99.75,99.8,97.7,58400,5812000.0,47,,57600.0,98.63,new
GANGABATH,SM,2026-09-03,20.8,21.1,20.3,20.75,20.8,20.6,33000,683000.0,11,,15000.0,45.45,new
GANGAFORGE,EQ,2026-09-03,1.82,1.85,1.76,1.76,1.76,1.85,7489255,13316999.999999998,2300,,3943078.0,52.65,new
GANGESSECU,EQ,2026-09-03,120.0,120.0,119.35,119.9,119.9,117.87,2101,252000.0,15,,2001.0,95.24,new
GARFIBRES,EQ,2026-09-03,816.0,818.05,795.15,800.05,799.0,814.75,23548,18966000.0,3963,,11856.0,50.35,new
GARUDA,EQ,2026-09-03,176.78,181.22,175.52,178.88,178.37,174.34,1039892,185071000.0,7612,,629148.0,60.5,new
GATECH,BE,2026-09-03,0.95,0.95,0.95,0.95,0.95,1.0,5101632,4847000.0,4018,,,,new
GATECHDVR,BE,2026-09-03,0.5,0.51,0.5,0.5,0.5,0.52,440422,220000.00000000003,259,,,,new
GATEWAY,EQ,2026-09-03,53.3,55.03,53.11,54.5,54.21,53.1,1077297,58589000.0,5461,,638308.0,59.25,new
GAUDIUMIVF,BE,2026-09-03,123.4,124.84,117.23,117.24,117.23,123.4,217233,25695000.0,1442,,,,new
GAYAHWS,EQ,2026-09-03,1.99,2.02,1.96,1.96,1.97,1.99,213064,420000.0,226,,189288.0,88.84,new
GAYAPROJ,EQ,2026-09-03,22.18,22.48,21.73,22.18,22.11,21.46,374215,8261000.0,924,,274338.0,73.31,new
GCHOTELS,ST,2026-09-03,100.0,100.0,96.2,98.25,98.0,98.45,18000,1769000.0000000002,30,,13800.0,76.67,new
GCSL,EQ,2026-09-03,575.3,591.8,567.0,586.7,590.3,571.85,914248,524350000.0,6375,,343698.0,37.59,new
GEECEE,BE,2026-09-03,365.95,370.0,362.7,369.5,369.95,366.9,720,266000.0,21,,,,new
GEEKAYWIRE,EQ,2026-09-03,28.99,29.9,28.42,29.39,29.75,27.86,263603,7684999.999999999,1559,,183654.0,69.67,new
GEMAROMA,EQ,2026-09-03,165.6,166.9,161.06,162.22,161.17,164.17,82359,13457000.0,1580,,43978.0,53.4,new
GENCON,EQ,2026-09-03,45.58,45.58,41.6,42.36,41.61,44.33,268546,11805000.0,981,,24578.0,9.15,new
GENESYS,EQ,2026-09-03,222.0,227.6,220.13,222.63,223.03,219.87,397999,89224000.0,5938,,155524.0,39.08,new
GENSOL,BZ,2026-09-03,16.99,17.5,16.8,17.17,17.05,16.86,68536,1174000.0,424,,,,new
GENUSPAPER,EQ,2026-09-03,12.0,12.54,11.91,12.44,12.48,11.96,144783,1768000.0,336,,89426.0,61.77,new
GENUSPOWER,EQ,2026-09-03,339.5,343.45,336.9,339.7,339.8,336.15,2425640,824661000.0,71082,,1004804.0,41.42,new
GENXAI,SM,2026-09-03,80.0,81.5,80.0,81.5,81.5,81.9,7200,579000.0,6,,4800.0,66.67,new
GEOJITFSL,EQ,2026-09-03,82.97,86.5,82.1,82.77,82.99,82.76,1016535,85998000.0,7605,,403171.0,39.66,new
GESHIP,EQ,2026-09-03,1313.6,1360.0,1313.1,1353.6,1355.0,1305.6,1290655,1733681000.0000002,69601,,684623.0,53.04,new
GFLLIMITED,EQ,2026-09-03,59.89,59.89,58.35,58.65,58.6,58.82,74467,4392000.0,1092,,47873.0,64.29,new
GGBL,SM,2026-09-03,229.0,229.7,221.35,221.85,222.0,225.85,13200,2963000.0,41,,10200.0,77.27,new
GHCL,EQ,2026-09-03,441.5,441.5,435.1,437.55,438.0,435.1,78070,34139000.0,3336,,45312.0,58.04,new
GHCLTEXTIL,EQ,2026-09-03,140.4,142.8,137.51,138.02,138.0,139.35,567501,79028000.0,7169,,307868.0,54.25,new
GICHSGFIN,EQ,2026-09-03,146.0,146.0,140.96,142.06,142.6,145.82,112085,15984000.0,1994,,68277.0,60.92,new
GICL,EQ,2026-09-03,23.85,24.48,23.11,24.0,24.1,23.99,130911,3114000.0,396,,87509.0,66.85,new
GICRE,EQ,2026-09-03,357.0,359.8,353.4,356.15,355.85,355.45,2236265,795435000.0,22271,,1272977.0,56.92,new
GILLANDERS,EQ,2026-09-03,104.0,106.0,102.51,104.73,105.0,105.02,1466,153000.0,68,,899.0,61.32,new
GILLETTE,EQ,2026-09-03,7355.0,7394.5,7330.0,7341.0,7346.5,7346.0,6217,45694000.0,2070,,3459.0,55.64,new
GILT10BETA,EQ,2026-09-03,26.62,26.72,26.62,26.68,26.65,26.75,127,3000.0,7,,122.0,96.06,new
GILT5BETA,EQ,2026-09-03,66.01,66.94,66.01,66.49,66.49,65.69,10011,666000.0,5,,10011.0,100.0,new
GILT5YBEES,EQ,2026-09-03,66.24,66.33,66.1,66.23,66.27,66.09,161269,10685000.0,433,,98402.0,61.02,new
GINNIFILA,BE,2026-09-03,43.97,43.97,42.51,43.17,43.29,43.97,103042,4452000.0,184,,,,new
GIPCL,EQ,2026-09-03,207.9,211.71,205.3,208.04,207.51,205.94,1048615,218482000.00000003,18885,,492749.0,46.99,new
GIRIRAJ,SM,2026-09-03,78.6,78.6,78.5,78.55,78.5,74.9,3500,275000.0,13,,3000.0,85.71,new
GJL,ST,2026-09-03,245.0,246.75,236.05,246.75,246.75,235.0,8800,2152000.0,9,,8000.0,90.91,new
GKENERGY,EQ,2026-09-03,132.2,133.49,129.0,129.55,129.0,131.04,309085,40370000.0,4328,,170561.0,55.18,new
GKSL,EQ,2026-09-03,169.65,175.26,169.21,171.51,171.99,168.3,904734,156717000.0,10316,,290001.0,32.05,new
GKWLIMITED,EQ,2026-09-03,1560.0,1609.9,1560.0,1600.0,1600.0,1593.3,597,953999.9999999999,56,,528.0,88.44,new
GLAND,EQ,2026-09-03,2870.0,2948.0,2847.6,2907.9,2915.0,2868.4,189288,547674000.0,24000,,114961.0,60.73,new
GLAXO,EQ,2026-09-03,2962.4,2998.0,2930.4,2937.5,2944.2,2949.9,56012,165492000.0,6775,,32434.0,57.91,new
GLENMARK,EQ,2026-09-03,2470.0,2471.8,2425.1,2459.0,2459.0,2460.0,481343,1173405000.0,34285,,276270.0,57.4,new
GLFL,EQ,2026-09-03,5.85,5.85,5.53,5.66,5.58,5.8,3188,18000.0,25,,1820.0,57.09,new
GLOBAL,EQ,2026-09-03,119.5,123.38,114.89,116.27,115.4,117.31,229487,27292000.0,2734,,122712.0,53.47,new
GLOBALE,EQ,2026-09-03,11.7,11.7,10.73,11.38,11.39,11.23,1230,14000.000000000002,13,,1222.0,99.35,new
GLOBALPET,ST,2026-09-03,154.0,159.0,153.0,157.15,159.0,154.0,15750,2430000.0,11,,15750.0,100.0,new
GLOBALVECT,EQ,2026-09-03,144.9,144.9,140.6,142.65,142.0,142.93,6870,977999.9999999999,225,,4410.0,64.19,new
GLOBE,EQ,2026-09-03,1.93,1.96,1.9,1.91,1.93,1.91,258785,499000.0,286,,165546.0,63.97,new
GLOBECIVIL,EQ,2026-09-03,46.84,49.48,46.2,48.92,48.91,46.84,128668,6218000.0,1166,,75173.0,58.42,new
GLOBUSSPR,EQ,2026-09-03,923.1,928.05,911.55,919.65,915.15,908.75,61603,56800000.0,3677,,32969.0,53.52,new
GLOSTERLTD,EQ,2026-09-03,585.35,599.8,585.35,590.75,597.8,585.35,619,364000.0,52,,369.0,59.61,new
GLOTTIS,EQ,2026-09-03,62.12,63.39,62.12,62.31,62.25,62.22,26699,1672000.0,341,,20542.0,76.94,new
GMBREW,EQ,2026-09-03,885.1,927.45,885.05,910.55,910.0,885.4,59999,54588000.0,4233,,26503.0,44.17,new
GMDCLTD,EQ,2026-09-03,560.0,568.55,559.9,565.85,565.1,557.65,594866,335916000.0,20522,,210940.0,35.46,new
GMMPFAUDLR,EQ,2026-09-03,1079.0,1096.2,1062.7,1073.5,1072.0,1070.0,116085,124817000.0,6581,,63029.0,54.3,new
GMRAIRPORT,EQ,2026-09-03,95.0,96.87,94.31,96.87,96.87,93.99,11291487,1082089000.0,38767,,6256924.0,55.41,new
GMRP&UI,EQ,2026-09-03,91.17,92.4,89.63,91.69,91.5,91.14,1158458,105860999.99999999,7072,,656963.0,56.71,new
GNA,EQ,2026-09-03,536.1,542.25,526.05,531.8,537.0,532.4,162647,86568000.0,4519,,73558.0,45.23,new
GNFC,EQ,2026-09-03,582.95,597.0,582.55,587.35,586.45,576.95,1022854,602586000.0,25461,,507137.0,49.58,new
GNRL,EQ,2026-09-03,95.1,99.0,95.0,96.72,98.97,94.84,148024,14334000.0,5476,,93517.0,63.18,new
GOACARBON,EQ,2026-09-03,369.35,376.0,366.05,375.25,376.0,365.8,14664,5460000.0,667,,8312.0,56.68,new
GOCLCORP,EQ,2026-09-03,417.0,448.0,412.9,422.95,417.1,391.7,6030677,2617372000.0,97979,,448582.0,7.44,new
GOCOLORS,EQ,2026-09-03,326.8,327.6,320.0,322.55,322.55,323.35,47155,15276000.0,1772,,20236.0,42.91,new
GODAVARIB,EQ,2026-09-03,237.7,249.7,236.61,245.25,247.76,237.3,182077,44674000.0,4225,,83669.0,45.95,new
GODFRYPHLP,EQ,2026-09-03,2050.0,2055.5,2030.0,2045.0,2045.0,2025.4,123686,252671000.0,11430,,38593.0,31.2,new
GODIGIT,EQ,2026-09-03,258.3,260.1,256.25,257.85,257.75,258.4,78847,20376000.0,5567,,32738.0,41.52,new
GODREJAGRO,EQ,2026-09-03,669.35,669.35,651.5,658.95,661.0,670.25,340057,225050000.0,15423,,132537.0,38.97,new
GODREJCP,EQ,2026-09-03,893.0,893.0,859.55,880.0,880.0,905.0,7283971,6358152000.0,121844,,3581419.0,49.17,new
GODREJIND,EQ,2026-09-03,1139.0,1161.4,1139.0,1154.3,1158.8,1138.8,50655,58279999.99999999,4849,,19042.0,37.59,new
GODREJPROP,EQ,2026-09-03,1964.0,2056.7,1960.0,2001.5,2001.5,1970.7,1323927,2660243000.0,41218,,629539.0,47.55,new
GOKEX,EQ,2026-09-03,770.9,777.65,763.0,767.65,769.0,770.1,98249,75671000.0,5711,,44724.0,45.52,new
GOKUL,EQ,2026-09-03,41.68,42.89,41.3,41.95,41.35,41.37,223577,9389000.0,732,,86220.0,38.56,new
GOKULAGRO,EQ,2026-09-03,234.25,236.5,232.92,234.91,235.0,234.19,137434,32220999.999999996,5551,,64673.0,47.06,new
GOLD1,EQ,2026-09-03,127.88,128.94,126.74,127.48,127.45,124.77,2195932,280124000.0,6644,,1046106.0,47.64,new
GOLD360,EQ,2026-09-03,148.95,149.95,147.55,149.4,149.15,145.6,16424,2447000.0,210,,10884.0,66.27,new
GOLDADD,EQ,2026-09-03,14.87,14.96,14.72,14.84,14.85,14.51,9154560,135929000.0,7461,,7958129.0,86.93,new
GOLDAXIS,EQ,2026-09-03,127.28,127.9,126.71,127.2,127.24,124.18,5116035,652126000.0,4593,,4450894.0,87.0,new
GOLDBEES,EQ,2026-09-03,126.08,126.68,125.8,126.23,126.15,123.52,29706695,3751437000.0000005,80365,,13342636.0,44.91,new
GOLDBETA,EQ,2026-09-03,129.2,130.85,128.0,128.5,128.45,126.0,986899,126824000.0,3659,,575012.0,58.26,new
GOLDBND,EQ,2026-09-03,154.94,154.94,151.69,152.71,152.9,149.22,108180,16522999.999999998,382,,105697.0,97.7,new
GOLDCASE,EQ,2026-09-03,23.99,24.14,23.95,24.03,24.02,23.51,8825091,212190000.0,10187,,3652551.0,41.39,new
GOLDENTOBC,BZ,2026-09-03,24.5,25.39,24.5,25.0,25.0,24.27,555,14000.000000000002,10,,,,new
GOLDETF,EQ,2026-09-03,147.11,149.94,142.08,148.23,148.1,145.52,4711818,698182000.0,10512,,2554928.0,54.22,new
GOLDIAM,EQ,2026-09-03,344.95,350.0,338.2,340.65,341.8,344.1,351901,120810999.99999999,6685,,168993.0,48.02,new
GOLDIETF,EQ,2026-09-03,130.34,133.0,130.01,130.75,130.66,127.84,7801338,1020937999.9999999,28714,,4391830.0,56.3,new
GOLDSTAR,SM,2026-09-03,8.05,8.2,7.7,7.7,7.7,7.85,67500,540000.0,6,,56250.0,83.33,new
GOLDTECH,BE,2026-09-03,46.99,48.4,46.51,47.1,47.64,47.28,6839,325000.0,87,,,,new
GOODLUCK,EQ,2026-09-03,474.75,479.0,465.0,469.4,468.55,474.75,276349,130060999.99999999,7870,,118244.0,42.79,new
GOODYEAR,EQ,2026-09-03,740.0,751.0,735.0,736.7,735.55,736.1,2872,2125000.0,410,,1972.0,68.66,new
GOPAL,EQ,2026-09-03,264.95,268.95,264.95,265.4,265.0,264.9,58481,15566000.0,5296,,31222.0,53.39,new
GOYALALUM,EQ,2026-09-03,6.23,6.32,6.2,6.31,6.32,6.23,34142,214000.0,253,,29272.0,85.74,new
GOYALSALT,SM,2026-09-03,102.0,106.5,102.0,106.5,106.5,105.0,4800,505999.99999999994,7,,4800.0,100.0,new
GPECO,ST,2026-09-03,407.0,422.3,402.1,422.3,422.3,402.2,34600,14513000.0,127,,33800.0,97.69,new
GPIL,EQ,2026-09-03,240.99,243.08,237.22,239.9,240.2,239.39,966236,231229000.0,13796,,494215.0,51.15,new
GPPL,EQ,2026-09-03,164.15,168.39,164.15,165.43,165.4,164.44,2505934,417657000.0,31040,,1282217.0,51.17,new
GPTHEALTH,EQ,2026-09-03,151.45,154.09,150.0,153.68,153.6,150.83,59077,9009000.0,1637,,36421.0,61.65,new
GPTINFRA,EQ,2026-09-03,111.8,115.19,108.36,110.88,109.64,110.71,380682,42719000.0,4435,,78750.0,20.69,new
GRADIENTE,EQ,2026-09-03,2.7,2.71,2.65,2.67,2.69,2.65,412547,1105000.0,183,,257816.0,62.49,new
GRANDOAK,EQ,2026-09-03,34.42,35.45,34.1,34.98,35.25,34.58,4379,152000.0,49,,2076.0,47.41,new
GRANULES,EQ,2026-09-03,837.5,873.5,834.0,853.85,857.0,831.75,2829036,2414444000.0,64079,,1252531.0,44.27,new
GRAPHISAD,SM,2026-09-03,26.05,26.05,25.5,25.6,25.6,26.0,14400,373000.0,11,,14400.0,100.0,new
GRAPHITE,EQ,2026-09-03,730.0,737.9,712.95,721.3,721.6,726.6,889286,646376000.0,28162,,287568.0,32.34,new
GRASIM,EQ,2026-09-03,3275.1,3325.2,3275.1,3310.0,3310.0,3294.9,2310916,7633742000.0,63011,,1420767.0,61.48,new
GRAUWEIL,EQ,2026-09-03,70.2,72.04,70.06,70.84,70.7,70.06,153472,10938000.0,2790,,73898.0,48.15,new
GRAVISSHO,EQ,2026-09-03,30.04,30.04,28.0,29.6,29.0,30.83,3944,113999.99999999999,55,,2163.0,54.84,new
GRAVITA,EQ,2026-09-03,1750.0,1769.9,1680.0,1684.8,1685.0,1749.1,233119,398756000.0,26730,,119603.0,51.31,new
GRCL,SM,2026-09-03,570.15,570.15,570.15,570.15,570.15,590.0,250,143000.0,1,,250.0,100.0,new
GREAVESCOT,EQ,2026-09-03,194.5,197.89,194.12,194.78,194.2,194.2,543561,106511999.99999999,8693,,235281.0,43.29,new
GREENCHEF,SM,2026-09-03,64.95,66.5,61.95,66.5,66.5,63.4,28800,1846000.0,35,,24000.0,83.33,new
GREENLAM,EQ,2026-09-03,245.85,245.85,240.55,244.17,242.0,242.06,33496,8142000.0,1056,,17623.0,52.61,new
GREENLEAF,ST,2026-09-03,110.05,110.05,110.0,110.0,110.0,112.8,14000,1540000.0,7,,14000.0,100.0,new
GREENPANEL,EQ,2026-09-03,160.33,160.39,154.57,157.62,157.45,158.0,176802,27714000.0,3545,,99318.0,56.17,new
GREENPLY,EQ,2026-09-03,286.0,300.0,286.0,293.0,294.9,283.7,270900,80036000.0,6230,,90665.0,33.47,new
GREENPOWER,EQ,2026-09-03,9.22,9.3,9.13,9.19,9.17,9.16,1056207,9719000.0,3463,,494522.0,46.82,new
GRETEX,SM,2026-09-03,247.5,247.5,247.5,247.5,247.5,260.0,750,186000.0,1,,750.0,100.0,new
GRINDWELL,EQ,2026-09-03,1982.0,2004.6,1965.0,1974.4,1965.0,1967.5,13013,25899000.0,3392,,6996.0,53.76,new
GRINFRA,EQ,2026-09-03,884.7,888.0,868.0,871.1,870.35,873.9,18846,16549000.0,1831,,6010.0,31.89,new
GRMOVER,EQ,2026-09-03,86.1,87.56,85.35,85.81,85.98,86.03,822411,71091000.0,3136,,77968.0,9.48,new
GROBTEA,EQ,2026-09-03,968.05,980.0,966.0,980.0,980.0,965.5,130,126000.0,29,,73.0,56.15,new
GROWW,EQ,2026-09-03,190.26,191.28,188.6,190.24,190.0,189.88,18098427,3439432000.0,122369,,9056618.0,50.04,new
GROWWCAPM,EQ,2026-09-03,11.32,11.4,11.21,11.33,11.34,11.2,234054,2647000.0,586,,130009.0,55.55,new
GROWWCHEM,EQ,2026-09-03,30.17,30.55,30.01,30.19,30.45,30.01,4385145,133749000.0,566,,4306402.0,98.2,new
GROWWDEFNC,EQ,2026-09-03,95.89,97.2,95.68,96.61,96.59,95.89,202390,19579000.0,2238,,128837.0,63.66,new
GROWWEV,EQ,2026-09-03,31.9,33.0,31.9,32.57,32.63,32.6,353245,11496000.0,1698,,161183.0,45.63,new
GROWWGOLD,EQ,2026-09-03,14.95,15.07,14.74,14.91,14.94,14.58,1946252,29052999.999999996,3740,,760087.0,39.05,new
GROWWHOSPI,EQ,2026-09-03,51.86,52.8,51.76,52.06,52.5,51.85,160096,8322000.0,729,,113869.0,71.13,new
GROWWLIQID,EQ,2026-09-03,110.61,110.61,110.6,110.6,110.61,110.59,155595,17210000.0,173,,128979.0,82.89,new
GROWWLOVOL,EQ,2026-09-03,10.3,10.48,10.3,10.34,10.37,10.3,3567,37000.0,72,,2760.0,77.38,new
GROWWMC150,EQ,2026-09-03,232.09,234.28,231.59,233.72,234.09,232.09,955,222000.00000000003,33,,878.0,91.94,new
GROWWMETAL,EQ,2026-09-03,12.5,12.7,12.36,12.48,12.43,12.48,421367,5283000.0,1145,,265190.0,62.94,new
GROWWMOM50,EQ,2026-09-03,11.18,11.18,10.97,11.02,11.03,11.01,261550,2881000.0,423,,204455.0,78.17,new
GROWWN200,EQ,2026-09-03,11.49,11.49,11.22,11.33,11.34,11.31,27490,311000.0,219,,19372.0,70.47,new
GROWWNET,EQ,2026-09-03,10.94,10.94,10.7,10.79,10.81,10.73,1203003,12963999.999999998,492,,1056522.0,87.82,new
GROWWNIFTY,EQ,2026-09-03,9.67,9.77,9.65,9.66,9.65,9.67,518106,5025000.0,3543,,366763.0,70.79,new
GROWWNXT50,EQ,2026-09-03,73.23,73.69,73.03,73.45,73.56,73.23,14628,1076000.0,69,,7600.0,51.96,new
GROWWPOWER,EQ,2026-09-03,11.3,11.38,11.24,11.32,11.31,11.18,1801267,20429000.0,1879,,1182277.0,65.64,new
GROWWPSE,EQ,2026-09-03,99.28,99.28,97.4,97.89,97.98,97.74,5696,558000.0,122,,4064.0,71.35,new
GROWWPSUBK,EQ,2026-09-03,84.94,86.72,84.94,85.33,85.04,85.36,3723,321000.0,130,,2347.0,63.04,new
GROWWRAIL,EQ,2026-09-03,28.05,28.2,26.52,28.05,28.12,27.9,290207,8140000.000000001,1958,,174064.0,59.98,new
GROWWRLTY,EQ,2026-09-03,9.91,10.32,9.83,10.2,10.24,9.92,470254,4811000.0,645,,218843.0,46.54,new
GROWWSC250,EQ,2026-09-03,10.58,10.69,10.58,10.66,10.66,10.58,43722,465000.00000000006,401,,29503.0,67.48,new
GROWWSLVR,EQ,2026-09-03,22.64,23.22,22.42,22.55,22.52,22.08,3530966,80163000.0,2693,,958773.0,27.15,new
GRPLTD,EQ,2026-09-03,2023.2,2023.5,1950.1,1979.7,2012.0,2008.9,1360,2689000.0,168,,620.0,45.59,new
GRSE,EQ,2026-09-03,2507.0,2536.5,2501.0,2509.8,2518.0,2495.1,270890,682220000.0,18784,,73711.0,27.21,new
GRWRHITECH,EQ,2026-09-03,7248.0,7248.0,7020.0,7100.0,7100.0,7202.5,36775,261319999.99999997,9151,,18759.0,51.01,new
GSEC10IETF,EQ,2026-09-03,264.24,264.24,261.88,262.5,262.5,263.42,2404,631000.0,7,,2399.0,99.79,new
GSEC10YEAR,EQ,2026-09-03,30.5,30.5,30.5,30.5,30.5,30.55,171,5000.0,12,,171.0,100.0,new
GSEC5IETF,EQ,2026-09-03,66.57,66.57,66.06,66.51,66.52,66.25,807,54000.0,27,,779.0,96.53,new
GSFC,EQ,2026-09-03,161.2,163.12,160.11,161.86,161.5,159.95,1747248,282895000.0,24192,,1007960.0,57.69,new
GSLSU,EQ,2026-09-03,27.02,27.02,25.8,27.02,27.02,25.74,195129,5251000.0,440,,183365.0,93.97,new
GSMFOILS,SM,2026-09-03,117.0,117.0,117.0,117.0,117.0,123.15,18500,2165000.0,26,,18500.0,100.0,new
GSPCROP,EQ,2026-09-03,629.95,636.45,623.0,625.9,623.35,625.95,152659,96258000.0,3298,,49056.0,32.13,new
GSS,EQ,2026-09-03,12.29,12.44,10.76,11.16,11.23,11.83,192431,2200000.0,597,,110355.0,57.35,new
GSTL,SM,2026-09-03,10.85,11.95,10.85,11.9,11.9,11.4,8000,89000.0,8,,7000.0,87.5,new
GTECJAINX,BE,2026-09-03,29.0,29.29,28.85,28.85,28.85,28.9,1628,48000.0,8,,,,new
GTL,EQ,2026-09-03,7.17,7.34,7.17,7.2,7.24,7.23,108118,780000.0,376,,81237.0,75.14,new
GTLINFRA,EQ,2026-09-03,1.16,1.18,1.16,1.16,1.17,1.16,25562440,29860000.000000004,11587,,11381158.0,44.52,new
GTPL,EQ,2026-09-03,57.25,58.5,56.31,57.93,58.1,56.17,85660,4956000.0,637,,55670.0,64.99,new
GUFICBIO,EQ,2026-09-03,443.0,447.9,436.15,439.35,438.45,438.8,106657,47147000.0,5609,,46682.0,43.77,new
GUJALKALI,EQ,2026-09-03,728.0,760.0,719.0,722.85,724.0,714.8,484763,358585000.0,24754,,125144.0,25.82,new
GUJAPOLLO,EQ,2026-09-03,338.45,350.0,337.7,347.95,348.0,337.7,12024,4111999.9999999995,322,,9542.0,79.36,new
GUJENERGY,EQ,2026-09-03,264.4,266.5,263.1,264.1,264.11,262.29,1183237,313195000.0,31938,,619329.0,52.34,new
GUJRAFFIA,EQ,2026-09-03,40.01,41.5,39.95,41.3,41.4,40.0,1211,49000.0,30,,606.0,50.04,new
GUJTHEM,EQ,2026-09-03,420.0,435.0,412.85,425.1,425.0,413.05,1355455,575719000.0,13686,,898717.0,66.3,new
GULFOILLUB,EQ,2026-09-03,1130.3,1136.9,1106.4,1112.5,1114.4,1125.0,113660,127283000.0,7281,,85544.0,75.26,new
GULFPETRO,BE,2026-09-03,66.3,68.49,65.25,66.82,66.4,67.56,52255,3509000.0000000005,310,,,,new
GULPOLY,EQ,2026-09-03,187.0,189.39,185.55,186.27,185.55,187.56,136406,25518000.0,2194,,74547.0,54.65,new
GURUNANAK,SM,2026-09-03,35.5,35.5,35.15,35.15,35.15,36.9,6400,225999.99999999997,4,,6400.0,100.0,new
GVKPIL,BE,2026-09-03,2.06,2.1,2.04,2.05,2.07,2.06,638042,1319000.0,830,,,,new
GVPIL,EQ,2026-09-03,640.95,663.75,635.6,663.75,663.75,632.15,148155,97087000.0,3609,,92015.0,62.11,new
GVPTECH,BE,2026-09-03,8.24,8.73,8.22,8.25,8.26,8.33,93059,778000.0,238,,,,new
GVT&D,EQ,2026-09-03,4276.0,4367.0,4242.0,4362.0,4362.0,4240.0,598422,2594079000.0,54576,,284820.0,47.6,new
GYFTR,EQ,2026-09-03,188.0,193.9,177.22,180.23,180.0,183.0,54722,10161000.0,1456,,18711.0,34.19,new
HAL,EQ,2026-09-03,4793.0,4810.0,4750.0,4765.6,4765.6,4780.0,401080,1915591000.0,28333,,161936.0,40.37,new
HALDER,EQ,2026-09-03,294.05,295.0,270.0,284.9,276.05,293.9,23097,6778000.0,80,,7767.0,33.63,new
HALDYNGL,BE,2026-09-03,143.95,146.0,139.02,144.65,144.13,142.55,62519,9069000.0,428,,,,new
HALEOSLABS,EQ,2026-09-03,1512.9,1512.9,1475.0,1482.1,1475.0,1481.4,193,287000.0,35,,155.0,80.31,new
HAMPTON,EQ,2026-09-03,7.56,8.36,7.56,8.1,8.18,8.17,8932,72000.0,83,,7283.0,81.54,new
HAPPSTMNDS,EQ,2026-09-03,356.0,359.4,351.7,353.95,353.25,354.85,2072501,736032000.0,34483,,651728.0,31.45,new
HAPPY,SM,2026-09-03,83.4,87.95,79.5,86.65,87.95,82.85,68000,5609000.0,33,,38000.0,55.88,new
HAPPYFORGE,EQ,2026-09-03,2345.0,2450.0,2271.3,2294.4,2295.2,2345.9,71280,166828000.0,13002,,36844.0,51.69,new
HARDWYN,EQ,2026-09-03,9.1,9.16,9.05,9.11,9.13,9.12,384105,3495000.0000000005,814,,177522.0,46.22,new
HARIOMPIPE,EQ,2026-09-03,349.9,357.0,345.3,355.45,356.0,348.6,82527,29047000.000000004,2336,,42696.0,51.74,new
HARRMALAYA,EQ,2026-09-03,190.08,194.2,187.59,191.2,191.0,188.98,5889,1129000.0,335,,3292.0,55.9,new
HARSHA,EQ,2026-09-03,451.8,453.9,445.0,451.05,451.35,450.75,91361,41127000.0,4267,,46867.0,51.3,new
HATHWAY,EQ,2026-09-03,10.37,10.42,10.25,10.26,10.3,10.34,1152121,11904000.0,1905,,565201.0,49.06,new
HATSUN,EQ,2026-09-03,1198.5,1198.5,1149.0,1160.8,1156.5,1193.6,53500,62908000.00000001,4396,,25720.0,48.07,new
HAVELLS,EQ,2026-09-03,1200.0,1205.3,1190.1,1200.0,1200.0,1193.0,424610,508085000.00000006,40609,,230552.0,54.3,new
HAVISHA,EQ,2026-09-03,1.31,1.53,1.3,1.4,1.4,1.28,63829,88000.0,164,,53255.0,83.43,new
HAWKINCOOK,EQ,2026-09-03,8180.5,8351.5,8151.5,8297.0,8349.0,8194.5,920,7573000.0,350,,409.0,44.46,new
HAZOOR,EQ,2026-09-03,19.13,19.7,19.0,19.28,19.45,18.95,1662009,32044000.0,447,,1573336.0,94.66,new
HBESD,EQ,2026-09-03,75.0,75.1,75.0,75.0,75.0,75.0,837,63000.0,15,,837.0,100.0,new
HBLENGINE,EQ,2026-09-03,664.05,670.6,660.0,665.55,667.0,660.2,559405,372104000.0,19809,,235294.0,42.06,new
HBPOR,EQ,2026-09-03,60.0,60.0,59.25,59.66,59.25,59.99,1673,100000.0,30,,1673.0,100.0,new
HBSL,EQ,2026-09-03,54.04,54.58,53.5,54.5,54.5,52.98,3738,202999.99999999997,48,,3498.0,93.58,new
HCC,EQ,2026-09-03,23.2,23.68,22.81,23.13,23.11,23.08,22777015,527820000.0,23627,,7498962.0,32.92,new
HCG,EQ,2026-09-03,699.55,708.5,697.55,703.45,703.05,699.3,258920,181206000.0,6434,,222906.0,86.09,new
HCL-INSYS,EQ,2026-09-03,10.41,10.6,9.9,10.14,10.16,10.32,355821,3628000.0,1145,,250502.0,70.4,new
HCLTECH,EQ,2026-09-03,1345.0,1345.0,1308.0,1319.0,1319.0,1331.5,1515496,1994913000.0,47197,,838245.0,55.31,new
HDBFS,EQ,2026-09-03,675.2,696.7,674.4,693.45,694.45,675.2,728505,502222000.0,37992,,384517.0,52.78,new
HDFCAMC,EQ,2026-09-03,2530.0,2535.4,2486.0,2510.8,2510.8,2525.7,746134,1862596000.0,41014,,404636.0,54.23,new
HDFCBANK,EQ,2026-09-03,705.0,712.6,705.0,706.65,706.65,700.8,27770641,19670640000.0,293146,,16590339.0,59.74,new
HDFCBSE500,EQ,2026-09-03,37.56,38.2,37.45,37.73,37.6,37.55,2346292,88117000.0,345,,2180871.0,92.95,new
HDFCGOLD,EQ,2026-09-03,130.99,131.0,129.93,130.37,130.39,127.8,4948852,645438000.0,10396,,2765799.0,55.89,new
HDFCGROWTH,EQ,2026-09-03,119.21,119.25,118.41,118.68,118.41,119.13,47334,5621000.0,146,,18019.0,38.07,new
HDFCLIFE,EQ,2026-09-03,536.15,539.7,530.55,533.5,533.5,533.0,1356212,723764000.0,29300,,659262.0,48.61,new
HDFCLIQUID,EQ,2026-09-03,1077.36,1078.95,1076.37,1076.39,1076.39,1076.27,7886,8489000.0,33,,6941.0,88.02,new
HDFCLOWVOL,EQ,2026-09-03,20.57,20.62,20.49,20.55,20.49,20.57,5165,106000.0,66,,3933.0,76.15,new
HDFCMID150,EQ,2026-09-03,23.42,23.63,23.31,23.53,23.6,23.4,385053,9042000.0,1180,,199436.0,51.79,new
HDFCMOMENT,EQ,2026-09-03,31.21,31.23,30.96,31.07,31.19,30.9,50653,1574000.0,486,,28728.0,56.72,new
HDFCNEXT50,EQ,2026-09-03,74.87,75.0,74.36,74.64,74.97,74.47,137273,10261000.0,676,,65476.0,47.7,new
HDFCNIF100,EQ,2026-09-03,26.03,26.07,25.86,25.94,26.05,25.9,35883,933000.0,221,,27022.0,75.31,new
HDFCNIFBAN,EQ,2026-09-03,59.02,59.5,59.02,59.18,59.15,58.88,75739,4494000.0,428,,48206.0,63.65,new
HDFCNIFIT,EQ,2026-09-03,33.12,33.4,32.8,33.0,33.17,33.07,140143,4622000.0,230,,68089.0,48.59,new
HDFCNIFTY,EQ,2026-09-03,270.04,271.65,269.14,269.79,269.78,269.77,126774,34247000.0,1005,,71329.0,56.26,new
HDFCNIMEG,EQ,2026-09-03,132.4,133.23,130.71,131.49,130.71,131.19,3029,400000.0,85,,2215.0,73.13,new
HDFCPSUBK,EQ,2026-09-03,86.78,87.49,86.14,86.33,86.14,85.92,52840,4587000.0,256,,30987.0,58.64,new
HDFCPVTBAN,EQ,2026-09-03,28.07,28.5,28.07,28.31,28.23,28.18,161852,4599000.0,315,,88198.0,54.49,new
HDFCQUAL,EQ,2026-09-03,58.85,58.85,58.5,58.52,58.62,58.82,7207,422000.0,104,,3572.0,49.56,new
HDFCSENSEX,EQ,2026-09-03,86.92,87.55,86.51,86.75,86.52,86.79,22075,1923000.0,583,,10743.0,48.67,new
HDFCSILVER,EQ,2026-09-03,220.75,222.34,219.0,220.08,220.0,215.37,2513811,554650000.0,9862,,704458.0,28.02,new
HDFCSML250,EQ,2026-09-03,185.48,186.39,184.08,186.26,185.98,184.13,1329516,247262000.0,38224,,953197.0,71.7,new
HDFCVALUE,EQ,2026-09-03,125.89,126.08,125.2,125.5,125.5,125.43,9332,1172000.0,54,,4214.0,45.16,new
HDIL,BZ,2026-09-03,1.54,1.54,1.5,1.51,1.5,1.52,207719,317000.0,136,,,,new
HEADSUP,EQ,2026-09-03,6.83,7.0,6.68,6.69,6.82,6.83,1737,12000.0,39,,1367.0,78.7,new
HEALTHADD,EQ,2026-09-03,16.74,16.8,16.67,16.7,16.71,16.73,3536,59000.0,74,,2995.0,84.7,new
HEALTHAXIS,EQ,2026-09-03,171.27,171.27,168.14,168.69,169.54,170.11,5333,901000.0,96,,3767.0,70.64,new
HEALTHCARE,EQ,2026-09-03,21.28,22.1,21.28,21.63,21.68,21.71,24239,525000.0,174,,20287.0,83.7,new
HEALTHIETF,EQ,2026-09-03,172.36,172.36,169.8,170.09,170.1,170.65,137280,23360000.0,1235,,43668.0,31.81,new
HEALTHX,EQ,2026-09-03,303.1,303.1,289.0,292.05,290.4,294.3,2711,794000.0,103,,1806.0,66.62,new
HEALTHY,EQ,2026-09-03,17.5,17.5,17.0,17.06,17.29,17.08,120488,2057000.0,883,,80487.0,66.8,new
HECPROJECT,EQ,2026-09-03,119.99,123.0,115.7,121.34,123.0,116.09,7140,858000.0,113,,6169.0,86.4,new
HEG,EQ,2026-09-03,709.9,725.45,699.9,707.45,708.0,706.4,1656554,1179304000.0,32859,,839371.0,50.67,new
HEIDELBERG,EQ,2026-09-03,158.99,159.98,158.0,158.19,158.02,157.87,225564,35760000.0,5577,,150597.0,66.76,new
HEMIPROP,EQ,2026-09-03,127.0,128.31,124.9,125.93,125.82,126.61,240725,30410000.000000004,2957,,122970.0,51.08,new
HERANBA,EQ,2026-09-03,174.64,179.78,174.64,175.93,175.3,175.23,34394,6094000.0,1228,,16605.0,48.28,new
HERITGFOOD,EQ,2026-09-03,377.0,378.3,368.75,371.55,368.75,378.75,835388,311364000.0,13465,,315711.0,37.79,new
HEROMOTOCO,EQ,2026-09-03,5315.0,5315.0,5271.0,5308.5,5308.5,5300.0,524520,2776592000.0,34420,,312584.0,59.59,new
HESTERBIO,EQ,2026-09-03,2176.5,2225.0,2176.5,2201.7,2183.6,2176.5,1969,4325000.0,309,,862.0,43.78,new
HEXAGON,BE,2026-09-03,67.4,67.7,64.0,66.42,66.8,66.14,286912,19141000.0,712,,,,new
HEXATRADEX,EQ,2026-09-03,157.5,160.99,157.0,158.0,158.0,157.91,713,112999.99999999999,33,,505.0,70.83,new
HEXT,EQ,2026-09-03,538.0,538.0,519.2,529.1,532.0,543.6,2916864,1541697000.0,52455,,1852152.0,63.5,new
HFCL,BE,2026-09-03,229.99,231.5,217.65,220.42,220.1,226.27,6710150,1495935000.0,34228,,,,new
HGINFRA,EQ,2026-09-03,473.0,481.95,473.0,479.9,479.1,471.8,29404,14082000.0,2066,,13851.0,47.11,new
HGM,EQ,2026-09-03,48.0,53.4,46.01,51.54,50.3,48.34,34950,1785000.0000000002,266,,26623.0,76.17,new
HGS,EQ,2026-09-03,393.95,404.0,390.15,393.0,394.5,393.1,63039,24818000.0,833,,9953.0,15.79,new
HIGREEN,SM,2026-09-03,126.95,126.95,122.0,122.55,122.0,124.8,12000,1488000.0,15,,10400.0,86.67,new
HIKAL,EQ,2026-09-03,201.15,240.72,201.15,240.36,240.72,200.6,20195810,4663182000.0,198491,,2049376.0,10.15,new
HILINFRA,EQ,2026-09-03,44.64,45.6,44.01,44.68,44.99,43.56,49597,2226000.0,593,,32322.0,65.17,new
HILTON,EQ,2026-09-03,19.45,19.45,18.54,18.71,18.75,18.79,108785,2048000.0,293,,76707.0,70.51,new
HIMATSEIDE,EQ,2026-09-03,69.43,70.69,69.43,70.32,70.22,69.66,255420,17919000.0,2325,,131950.0,51.66,new
HINDADH,EQ,2026-09-03,365.0,374.0,359.5,370.85,371.95,359.5,2354,865000.0,117,,1880.0,79.86,new
HINDALCO,EQ,2026-09-03,1014.5,1022.5,1002.1,1010.0,1010.0,1009.7,1459349,1473042000.0,47403,,674291.0,46.2,new
HINDALUMI,EQ,2026-09-03,97.32,99.79,97.32,97.5,97.35,97.32,953,93000.0,47,,625.0,65.58,new
HINDCOMPOS,EQ,2026-09-03,403.9,405.5,388.9,393.1,394.0,399.6,4938,1955000.0,281,,3516.0,71.2,new
HINDCON,EQ,2026-09-03,22.76,24.75,22.76,24.28,24.29,23.16,65009,1558000.0,538,,49039.0,75.43,new
HINDCOPPER,EQ,2026-09-03,526.0,528.8,517.0,518.5,517.8,520.95,5410660,2822603000.0,68098,,1919671.0,35.48,new
HINDOILEXP,EQ,2026-09-03,167.5,191.0,166.8,184.38,182.8,166.18,35250701,6524800000.0,203744,,2290215.0,6.5,new
HINDPETRO,EQ,2026-09-03,358.0,361.6,357.35,361.35,361.35,359.0,2429261,872320000.0000001,22488,,1305038.0,53.72,new
HINDUNILVR,EQ,2026-09-03,1978.9,1978.9,1959.9,1962.0,1962.0,1975.0,1638341,3218773000.0,63224,,1084950.0,66.22,new
HINDWAREAP,EQ,2026-09-03,182.08,187.0,182.0,185.82,186.99,182.08,62127,11488000.0,2303,,33066.0,53.22,new
HINDZINC,EQ,2026-09-03,593.0,599.0,584.5,587.95,587.95,588.4,3896295,2297613000.0,44812,,1933029.0,49.61,new
HIRECT,EQ,2026-09-03,1223.8,1247.0,1212.0,1235.8,1240.0,1218.5,31919,39266000.0,2779,,11323.0,35.47,new
HISARMETAL,EQ,2026-09-03,161.2,164.75,159.02,162.81,163.89,159.8,4035,657000.0,119,,2686.0,66.57,new
HITECH,EQ,2026-09-03,77.14,77.2,74.8,75.15,75.13,76.54,3272267,246858000.0,15727,,2029169.0,62.01,new
HITECHCORP,BE,2026-09-03,334.5,338.0,332.5,337.0,337.0,336.55,3078,1035000.0,43,,,,new
HITECHGEAR,BE,2026-09-03,570.25,590.0,551.3,575.55,571.0,569.2,6391,3639000.0,78,,,,new
HLEGLAS,EQ,2026-09-03,315.0,328.0,314.05,320.05,318.55,314.1,184860,59529999.99999999,3782,,84524.0,45.72,new
HLVLTD,EQ,2026-09-03,6.47,6.64,6.3,6.41,6.43,6.3,210227,1366000.0,757,,150026.0,71.36,new
HMAAGRO,EQ,2026-09-03,21.09,21.29,20.63,20.93,20.9,20.89,934486,19525000.0,2044,,467290.0,50.01,new
HMT,BZ,2026-09-03,68.83,70.45,67.48,69.07,69.6,67.48,27753,1922000.0,332,,,,new
HMVL,BE,2026-09-03,86.5,88.5,86.11,86.49,86.21,87.33,7154,622000.0,46,,,,new
HNDFDS,EQ,2026-09-03,625.0,634.0,618.1,626.9,626.0,622.8,46887,29397000.000000004,3569,,23110.0,49.29,new
HNGSNGBEES,EQ,2026-09-03,471.0,471.8,468.0,468.46,468.84,468.63,69325,32541000.000000004,3482,,48090.0,69.37,new
HOACFOODS,ST,2026-09-03,877.6,965.0,877.55,965.0,965.0,923.7,5250,4824000.0,14,,5250.0,100.0,new
HOLMARC,SM,2026-09-03,104.4,105.0,102.55,104.95,105.0,107.0,6000,625000.0,7,,5250.0,87.5,new
HOMEFIRST,EQ,2026-09-03,1197.1,1218.0,1187.9,1201.4,1208.8,1196.7,114599,138066000.0,12856,,57338.0,50.03,new
HONASA,EQ,2026-09-03,471.7,480.25,468.35,477.05,476.85,469.95,649479,309207000.0,21478,,275316.0,42.39,new
HONAUT,EQ,2026-09-03,35040.0,35515.0,34800.0,35265.0,35310.0,35170.0,3070,107616000.00000001,1325,,1955.0,63.68,new
HONDAPOWER,EQ,2026-09-03,1980.0,1999.0,1966.4,1986.4,1990.0,1976.1,2223,4412000.0,435,,1059.0,47.64,new
HORIZONIND,EQ,2026-09-03,56.71,57.19,55.01,55.69,55.12,56.57,6343272,353855000.0,28939,,3650281.0,57.55,new
HPAL,EQ,2026-09-03,34.3,36.1,34.3,35.4,35.79,35.01,55030,1938000.0,983,,35070.0,63.73,new
HPIL,EQ,2026-09-03,123.0,123.0,122.01,122.01,122.01,122.01,260,32000.0,16,,172.0,66.15,new
HPL,EQ,2026-09-03,300.0,304.1,299.8,303.25,303.0,297.35,73447,22190000.0,2568,,33095.0,45.06,new
HPTL,SM,2026-09-03,347.25,347.25,315.95,329.75,333.25,330.75,79200,25237000.0,51,,76800.0,96.97,new
HRHNEXT,SM,2026-09-03,23.55,24.8,23.45,24.8,24.8,24.65,22500,551000.0,6,,19500.0,86.67,new
HRYNSHP,EQ,2026-09-03,101.95,101.95,99.0,100.75,100.0,102.0,788,79000.0,55,,686.0,87.06,new
HSBCGOLD,EQ,2026-09-03,137.0,137.9,131.12,132.53,132.38,130.24,16687,2223000.0,77,,13819.0,82.81,new
HSCL,EQ,2026-09-03,662.15,665.9,658.45,662.0,660.0,659.6,2750945,1819341000.0,35977,,939670.0,34.16,new
HTEL,BE,2026-09-03,77.0,77.9,74.63,74.73,75.0,78.55,2290257,173001000.0,11873,,,,new
HTMEDIA,EQ,2026-09-03,26.57,26.78,25.67,26.56,26.11,26.19,137891,3653000.0,279,,109734.0,79.58,new
HUBTOWN,EQ,2026-09-03,181.0,196.29,180.71,192.2,192.65,180.6,1634944,311614000.0,18932,,704420.0,43.09,new
HUDCO,EQ,2026-09-03,181.82,184.69,179.15,181.07,181.0,178.35,5301907,967950000.0,48067,,790223.0,14.9,new
HUHTAMAKI,EQ,2026-09-03,261.45,263.0,255.2,258.2,258.15,261.35,114978,29702999.999999996,2639,,63015.0,54.81,new
HVAX,SM,2026-09-03,670.0,670.0,640.0,669.95,669.95,660.0,1050,699000.0,7,,1050.0,100.0,new
HYBRIDETF,EQ,2026-09-03,10.07,10.07,10.06,10.07,10.07,10.03,5867,59000.0,20,,5867.0,100.0,new
HYBRIDFIN,BE,2026-09-03,16.52,16.8,16.31,16.6,16.6,16.6,2519,42000.0,34,,,,new
HYUNDAI,EQ,2026-09-03,2172.0,2184.8,2147.6,2152.0,2152.0,2154.4,784430,1696056000.0000002,40500,,427089.0,54.45,new
IBLFL,SM,2026-09-03,55.15,60.9,55.15,60.9,60.9,58.0,32000,1811000.0,4,,32000.0,100.0,new
IBULLSLTD,EQ,2026-09-03,26.15,26.48,25.57,25.84,25.85,25.96,4200832,108614000.00000001,10834,,2261679.0,53.84,new
ICDSLTD,EQ,2026-09-03,63.4,64.96,62.6,64.96,64.96,59.06,109707,7070000.0,1426,,45386.0,41.37,new
ICELCO,SM,2026-09-03,117.45,126.95,112.6,119.25,120.0,114.9,94800,11379000.0,66,,73200.0,77.22,new
ICEMAKE,EQ,2026-09-03,737.85,744.95,725.05,739.25,739.85,739.7,18455,13527000.000000002,1152,,10392.0,56.31,new
ICICIAMC,EQ,2026-09-03,2998.9,3011.0,2951.1,2980.0,2976.0,2973.3,507302,1513857000.0,37908,,306634.0,60.44,new
ICICIB22,EQ,2026-09-03,116.09,116.09,113.75,114.03,114.17,113.81,96486,11036000.0,2358,,49569.0,51.37,new
ICICIBANK,EQ,2026-09-03,1438.3,1452.0,1430.0,1430.0,1430.0,1426.5,10503351,15126299000.0,167924,,5967194.0,56.81,new
ICICIGI,EQ,2026-09-03,1541.4,1541.4,1510.1,1521.7,1521.7,1537.0,541112,822339000.0,24281,,332223.0,61.4,new
ICICIPRULI,EQ,2026-09-03,504.5,504.5,492.5,495.05,495.05,499.5,501149,249203000.00000003,28936,,217131.0,43.33,new
ICIL,EQ,2026-09-03,448.0,448.05,435.0,437.35,436.5,447.15,313057,138340000.0,12396,,114813.0,36.67,new
ICRA,EQ,2026-09-03,4949.0,4952.1,4841.1,4889.3,4875.0,4891.3,23447,114529000.0,3387,,14745.0,62.89,new
IDBI,EQ,2026-09-03,92.25,93.45,91.6,91.97,91.85,91.55,5622919,520133000.0,27491,,2016229.0,35.86,new
IDEA,EQ,2026-09-03,14.63,14.72,14.44,14.48,14.48,14.53,261299227,3801747000.0,339546,,60981425.0,23.34,new
IDEAFORGE,EQ,2026-09-03,770.95,791.1,770.95,776.55,777.85,769.75,164699,128418000.0,11243,,85434.0,51.87,new
IDENTICAL,SM,2026-09-03,18.45,19.3,17.5,19.1,19.3,17.0,22000,411000.00000000006,11,,16000.0,72.73,new
IDFCFIRSTB,EQ,2026-09-03,85.09,88.1,85.04,87.5,87.5,85.09,48178595,4195501999.9999995,90121,,27796589.0,57.69,new
IDFNIFTYET,EQ,2026-09-03,273.81,273.81,264.5,265.31,268.0,267.14,632,168000.0,67,,525.0,83.07,new
IEML,ST,2026-09-03,41.15,41.15,39.5,40.3,40.15,41.3,46500,1864999.9999999998,75,,38500.0,82.8,new
IEX,EQ,2026-09-03,119.3,120.2,118.92,119.15,119.15,118.86,1683930,201136000.0,19722,,737768.0,43.81,new
IFBAGRO,EQ,2026-09-03,917.0,917.0,886.0,889.05,886.2,897.65,3609,3218000.0,251,,2930.0,81.19,new
IFBIND,EQ,2026-09-03,1300.0,1322.1,1285.3,1311.8,1310.0,1296.0,32742,42715000.0,5039,,16207.0,49.5,new
IFCI,EQ,2026-09-03,98.21,101.66,94.5,95.91,95.7,98.32,166355112,16368863000.0,418481,,26383336.0,15.86,new
IFGLEXPOR,EQ,2026-09-03,208.47,211.82,203.99,207.44,208.93,207.95,23913,4952000.0,861,,12478.0,52.18,new
IGARASHI,EQ,2026-09-03,418.0,423.85,414.2,416.25,416.9,415.0,33667,14119999.999999998,1380,,17244.0,51.22,new
IGCL,EQ,2026-09-03,74.09,74.79,72.1,73.27,72.5,73.27,91466,6720000.0,2643,,24053.0,26.3,new
IGIL,EQ,2026-09-03,329.4,330.0,321.2,325.95,327.0,327.2,497239,161815000.0,24062,,261813.0,52.65,new
IGL,EQ,2026-09-03,148.15,150.06,148.15,149.42,149.21,147.94,680077,101589000.0,16324,,324804.0,47.76,new
IGPL,EQ,2026-09-03,546.4,551.8,540.1,548.85,549.95,546.4,66953,36607000.0,1816,,33279.0,49.71,new
IIFL,EQ,2026-09-03,638.3,655.95,637.7,643.4,640.0,633.25,5167110,3348057000.0,73964,,2710896.0,52.46,new
IIFLCAPS,EQ,2026-09-03,338.35,341.5,337.55,338.05,338.0,338.3,111508,37778000.0,3673,,73829.0,66.21,new
IITL,EQ,2026-09-03,152.01,155.8,148.75,151.92,149.1,150.05,88604,13554000.0,772,,8137.0,9.18,new
IKIO,EQ,2026-09-03,206.0,209.9,206.0,208.31,208.0,206.14,140015,29148000.0,2995,,55868.0,39.9,new
IKS,EQ,2026-09-03,1740.9,1763.8,1717.9,1732.4,1738.0,1744.1,61480,106435999.99999999,7773,,27388.0,44.55,new
IL&FSENGG,BZ,2026-09-03,34.55,35.49,34.55,35.0,35.0,34.1,43003,1505000.0,43,,,,new
IL&FSTRANS,BZ,2026-09-03,2.26,2.26,2.09,2.11,2.15,2.19,62744,134000.0,83,,,,new
IMAGICAA,EQ,2026-09-03,55.49,56.23,54.11,54.55,54.11,54.61,646922,35725000.0,2667,,309009.0,47.77,new
IMFA,EQ,2026-09-03,1295.0,1312.0,1273.1,1281.7,1284.8,1289.1,98826,127122000.0,8455,,54854.0,55.51,new
IMPAL,EQ,2026-09-03,1102.1,1120.1,1083.1,1087.8,1092.9,1102.1,813,892000.0,86,,633.0,77.86,new
IMPEXFERRO,BZ,2026-09-03,4.63,4.63,4.63,4.63,4.63,4.54,34985,162000.0,18,,,,new
INA,EQ,2026-09-03,89.11,91.78,88.5,89.03,89.6,89.37,396368,35594000.0,3771,,205290.0,51.79,new
INCREDIBLE,EQ,2026-09-03,32.78,32.78,31.4,32.13,32.1,32.08,5335,171000.0,79,,3810.0,71.42,new
INDBANK,EQ,2026-09-03,30.8,31.1,28.1,28.71,28.77,31.1,719248,20744000.0,3352,,422495.0,58.74,new
INDGN,EQ,2026-09-03,603.55,605.0,597.05,600.15,600.0,600.15,376522,226269999.99999997,13547,,225145.0,59.8,new
INDHOTEL,EQ,2026-09-03,727.0,733.85,720.0,732.0,732.0,727.7,2138130,1556073000.0,26750,,1186181.0,55.48,new
INDIACEM,EQ,2026-09-03,358.3,362.95,356.1,358.8,359.55,358.3,57565,20680000.0,4034,,19023.0,33.05,new
INDIAGLYCO,BE,2026-09-03,248.0,248.0,248.0,248.0,248.0,236.2,6436,1596000.0,137,,,,new
INDIAMART,EQ,2026-09-03,1749.9,1758.6,1726.1,1729.5,1728.0,1740.8,39380,68321000.0,5261,,25576.0,64.95,new
INDIANB,EQ,2026-09-03,882.5,906.7,882.45,888.75,888.75,878.8,1755640,1571420000.0,45096,,616787.0,35.13,new
INDIANCARD,EQ,2026-09-03,209.92,214.89,209.92,214.82,214.85,209.92,1016,215000.0,24,,682.0,67.13,new
INDIANHUME,EQ,2026-09-03,400.55,405.0,385.5,390.7,387.0,388.7,97316,38404000.0,3207,,42956.0,44.14,new
INDIASHLTR,EQ,2026-09-03,659.95,678.4,654.0,673.1,671.0,651.2,85059,56775000.0,5921,,41844.0,49.19,new
INDIGO,EQ,2026-09-03,5035.0,5047.0,4925.0,4980.0,4980.0,5020.0,801486,3984798000.0000005,48703,,435901.0,54.39,new
INDIGOPNTS,EQ,2026-09-03,1162.0,1189.0,1162.0,1183.1,1184.0,1171.0,58264,68616000.0,9437,,32956.0,56.56,new
INDIGRID,IV,2026-09-03,175.6,175.6,174.9,175.07,174.91,175.22,382915,67069000.00000001,12590,,324363.0,84.71,new
INDIQUBE,EQ,2026-09-03,195.0,200.08,191.62,193.09,193.01,193.17,48384,9453000.0,1359,,29463.0,60.89,new
INDNIPPON,EQ,2026-09-03,1078.4,1123.8,1059.1,1109.4,1115.1,1064.3,31339,34290000.0,2126,,17214.0,54.93,new
INDOAMIN,BE,2026-09-03,122.9,125.9,121.05,124.28,124.7,122.38,54693,6789000.0,326,,,,new
INDOBORAX,EQ,2026-09-03,506.15,529.0,504.7,512.8,515.0,506.15,218538,113105000.0,9149,,68608.0,31.39,new
INDOCO,EQ,2026-09-03,273.36,283.5,266.38,272.56,272.0,273.77,1489787,410889999.99999994,25399,,258020.0,17.32,new
INDOFARM,EQ,2026-09-03,136.0,139.0,133.5,134.54,134.9,134.97,76779,10396000.0,1672,,41057.0,53.47,new
INDOKEM,EQ,2026-09-03,587.05,657.0,587.05,628.7,630.0,597.55,13764,8763000.0,531,,10444.0,75.88,new
INDOMIM,EQ,2026-09-03,899.9,933.0,888.2,922.4,923.95,888.0,2885760,2651839000.0,74105,,1143296.0,39.62,new
INDORAMA,EQ,2026-09-03,67.6,72.44,67.57,68.87,69.3,66.77,873235,61207000.00000001,9577,,243855.0,27.93,new
INDOSTAR,EQ,2026-09-03,260.0,261.13,254.2,255.88,255.0,261.07,36649,9404000.0,647,,25439.0,69.41,new
INDOTECH,EQ,2026-09-03,3615.0,3689.8,3588.3,3610.7,3624.0,3577.2,9485,34355000.0,1746,,5084.0,53.6,new
INDOTHAI,EQ,2026-09-03,37.63,37.63,37.63,37.63,37.63,39.61,306871,11548000.0,991,,306871.0,100.0,new
INDOUS,EQ,2026-09-03,78.15,81.99,78.15,78.82,78.8,78.15,3576,282000.0,44,,3141.0,87.84,new
INDOWIND,EQ,2026-09-03,9.15,9.15,8.98,9.05,9.09,8.98,51978,470000.0,275,,39522.0,76.04,new
INDPRUD,EQ,2026-09-03,6392.0,6392.0,6225.0,6325.0,6325.0,6275.0,71,445000.0,16,,68.0,95.77,new
INDRAMEDCO,EQ,2026-09-03,355.6,360.0,352.35,356.35,358.1,352.35,148838,52935000.0,3751,,82307.0,55.3,new
INDSWFTLAB,EQ,2026-09-03,366.85,376.0,363.0,372.7,372.0,366.85,536113,198673000.0,8965,,200034.0,37.31,new
INDTERRAIN,EQ,2026-09-03,31.4,31.4,30.16,30.22,30.49,30.16,9794,299000.0,55,,6929.0,70.75,new
INDUSINDBK,EQ,2026-09-03,980.0,1004.8,977.6,1004.8,1004.8,978.0,1959777,1951987000.0,34190,,1061051.0,54.14,new
INDUSINVIT,IV,2026-09-03,134.64,134.64,133.61,134.01,134.3,133.43,76902,10304000.0,8870,,67075.0,87.22,new
INDUSTOWER,EQ,2026-09-03,380.5,381.3,373.35,374.95,374.95,379.0,4386555,1654509000.0,39226,,2635013.0,60.07,new
INFINIUM,SM,2026-09-03,253.5,255.0,245.5,250.0,250.0,259.95,6000,1510000.0,12,,5500.0,91.67,new
INFLUX,SM,2026-09-03,283.6,298.4,283.0,290.4,294.85,283.85,16200,4692000.0,26,,10800.0,66.67,new
INFOBEAN,EQ,2026-09-03,157.6,160.1,156.11,157.68,157.52,157.22,131868,20735000.0,2321,,73245.0,55.54,new
INFOLLION,SM,2026-09-03,157.75,159.85,155.0,158.4,159.85,156.25,6800,1072000.0,13,,5200.0,76.47,new
INFOMEDIA,EQ,2026-09-03,5.29,5.29,5.1,5.18,5.15,5.15,2481,13000.0,25,,2377.0,95.81,new
INFRA,EQ,2026-09-03,12.0,12.05,11.98,12.03,12.03,11.9,9374,112999.99999999999,107,,8181.0,87.27,new
INFRABEES,EQ,2026-09-03,958.3,958.3,951.5,954.28,951.5,953.53,3722,3552000.0000000005,375,,2082.0,55.94,new
INFRAIETF,EQ,2026-09-03,95.9,95.9,94.46,94.72,94.95,94.55,68245,6473000.0,1855,,43989.0,64.46,new
INFY,EQ,2026-09-03,1144.0,1144.0,1122.5,1130.3,1130.3,1140.0,5786250,6541961000.0,172536,,3086150.0,53.34,new
INGERRAND,EQ,2026-09-03,4889.5,4923.2,4808.0,4846.4,4840.0,4883.5,30432,147407000.0,6085,,17134.0,56.3,new
INM,SM,2026-09-03,147.05,150.0,147.0,148.0,150.0,156.0,3000,444000.00000000006,5,,1800.0,60.0,new
INNOMET,ST,2026-09-03,276.95,276.95,276.95,276.95,276.95,271.55,195600,54171000.0,107,,192000.0,98.16,new
INNOVACAP,EQ,2026-09-03,1134.0,1155.8,1101.9,1125.4,1134.0,1108.6,168214,189498000.0,19196,,51527.0,30.63,new
INNOVANA,EQ,2026-09-03,313.0,322.8,299.05,308.5,305.1,298.05,2656,830000.0000000001,172,,2321.0,87.39,new
INNOVISION,EQ,2026-09-03,256.1,260.0,254.1,255.65,255.0,258.75,10702,2741000.0,827,,5737.0,53.61,new
INOXGREEN,EQ,2026-09-03,165.6,173.44,161.66,171.01,172.05,164.25,1645262,275985000.0,12986,,664615.0,40.4,new
INOXINDIA,EQ,2026-09-03,2119.0,2195.0,2087.9,2176.2,2180.0,2099.4,224172,481866000.0,23902,,78745.0,35.13,new
INOXWIND,EQ,2026-09-03,71.9,74.56,70.54,74.0,74.0,70.59,39746918,2876607000.0,92953,,12008443.0,30.21,new
INSECTICID,EQ,2026-09-03,612.6,645.0,606.25,614.15,615.0,612.6,69910,43599000.0,2889,,24610.0,35.2,new
INSPIRE,SM,2026-09-03,8.15,8.15,8.05,8.05,8.05,8.05,4000,32000.0,2,,4000.0,100.0,new
INSPIRISYS,EQ,2026-09-03,93.0,93.8,89.0,93.03,93.61,89.7,5997,556000.0,80,,5089.0,84.86,new
INSUREIETF,EQ,2026-09-03,15.12,15.2,15.0,15.04,15.12,15.1,402930,6071000.0,165,,388975.0,96.54,new
INTEGRITY,ST,2026-09-03,171.05,171.05,171.05,171.05,171.05,174.0,1200,204999.99999999997,1,,1200.0,100.0,new
INTELLECT,EQ,2026-09-03,679.75,684.7,675.8,678.3,678.35,679.25,187026,127193000.0,12794,,101592.0,54.32,new
INTENTECH,EQ,2026-09-03,82.68,82.68,79.0,79.54,79.01,80.09,9488,759000.0,158,,8011.0,84.43,new
INTERARCH,EQ,2026-09-03,1688.1,1712.8,1688.1,1701.2,1700.0,1687.5,30376,51595000.00000001,4168,,17819.0,58.66,new
INTERNET,EQ,2026-09-03,14.56,14.61,14.48,14.52,14.58,14.65,99929,1455000.0,288,,76242.0,76.3,new
INTLCONV,EQ,2026-09-03,81.0,81.0,78.61,79.44,78.71,79.65,42465,3407000.0,1461,,20958.0,49.35,new
INVENTURE,EQ,2026-09-03,0.93,0.94,0.92,0.92,0.93,0.92,455822,422000.0,308,,275802.0,60.51,new
INVICTA,SM,2026-09-03,69.6,69.9,68.3,68.3,68.3,69.9,6400,444000.00000000006,4,,4800.0,75.0,new
INVPRECQ,BE,2026-09-03,1293.0,1293.0,1275.0,1280.0,1280.0,1275.0,737,942000.0,26,,,,new
IOB,EQ,2026-09-03,32.75,33.4,32.68,33.23,33.31,32.68,4746900,157193000.0,17708,,1955938.0,41.2,new
IOC,EQ,2026-09-03,136.3,137.8,136.25,137.8,137.8,137.0,4941277,676473000.0,33882,,2761823.0,55.89,new
IOLCP,EQ,2026-09-03,189.8,202.99,189.7,196.43,196.2,188.38,8448743,1679032000.0,82302,,2173003.0,25.72,new
IONEXCHANG,EQ,2026-09-03,384.0,392.8,380.15,382.2,384.6,382.1,434947,168700000.0,15230,,189479.0,43.56,new
IPCALAB,EQ,2026-09-03,1959.5,1978.2,1907.9,1956.1,1954.0,1956.5,301813,585000000.0,25153,,161047.0,53.36,new
IPHL,SM,2026-09-03,72.0,75.0,72.0,72.75,72.8,69.8,25200,1847000.0,16,,22800.0,90.48,new
IPL,EQ,2026-09-03,136.55,138.85,136.52,137.5,137.79,136.45,83682,11500000.0,1274,,63021.0,75.31,new
IPRINGLTD,EQ,2026-09-03,174.0,174.0,160.15,162.07,160.2,167.78,2066,341000.0,134,,1459.0,70.62,new
IRB,EQ,2026-09-03,19.21,20.04,19.21,19.67,19.73,19.18,40287061,796999000.0,39572,,18911872.0,46.94,new
IRBINVIT,IV,2026-09-03,64.89,64.89,64.31,64.5,64.58,64.3,397154,25686000.0,3630,,329060.0,82.85,new
IRCON,EQ,2026-09-03,118.8,120.71,118.4,118.69,118.6,118.25,1024866,122460999.99999999,14986,,349464.0,34.1,new
IRCTC,EQ,2026-09-03,474.95,477.8,473.6,474.6,475.6,472.6,401286,190930000.0,15168,,225248.0,56.13,new
IREDA,EQ,2026-09-03,113.3,114.55,112.91,113.0,113.0,112.55,3368996,382404000.0,23525,,1176846.0,34.93,new
IRFC,EQ,2026-09-03,82.84,83.7,82.05,82.65,82.65,82.48,5718670,474560000.00000006,35122,,2103540.0,36.78,new
IRIS,EQ,2026-09-03,244.88,260.0,244.88,253.93,256.0,245.8,49032,12465000.0,1528,,27547.0,56.18,new
IRISDOREME,EQ,2026-09-03,58.75,61.6,57.99,59.98,60.24,58.39,1387961,82503000.0,6524,,383791.0,27.65,new
IRMENERGY,EQ,2026-09-03,283.25,287.9,281.9,283.85,282.2,283.25,44116,12546000.0,1941,,21268.0,48.21,new
ISFT,EQ,2026-09-03,86.8,88.9,84.01,84.79,84.2,87.81,117655,10292000.0,937,,9338.0,7.94,new
ISGEC,EQ,2026-09-03,780.0,783.8,765.5,771.1,775.5,777.55,26623,20532000.0,2884,,14257.0,53.55,new
ISHANCH,EQ,2026-09-03,44.45,50.48,44.45,45.4,45.1,43.77,281237,13456000.0,2649,,139843.0,49.72,new
ISTLTD,EQ,2026-09-03,637.0,660.0,636.0,659.55,659.8,636.1,713,462000.0,69,,574.0,80.5,new
IT,EQ,2026-09-03,34.76,34.76,34.1,34.19,34.28,34.36,140683,4816000.0,699,,73563.0,52.29,new
ITADD,EQ,2026-09-03,32.8,32.81,32.52,32.67,32.7,32.9,10812,353000.0,100,,6785.0,62.75,new
ITAXIS,EQ,2026-09-03,343.66,343.66,338.5,339.76,339.66,343.11,1260,428000.0,50,,801.0,63.57,new
ITBEES,EQ,2026-09-03,34.93,34.93,34.05,34.29,34.3,34.39,3867525,132503000.0,12066,,1852967.0,47.91,new
ITBETA,EQ,2026-09-03,325.32,325.32,323.6,324.46,324.46,325.32,70,23000.0,14,,66.0,94.29,new
ITC,EQ,2026-09-03,266.5,267.6,262.35,263.0,263.0,266.3,17813663,4711597000.0,179304,,12294251.0,69.02,new
ITCHOTELS,EQ,2026-09-03,159.42,160.89,159.25,160.25,160.7,158.63,796973,127378000.0,14687,,431068.0,54.09,new
ITDC,EQ,2026-09-03,637.5,652.3,637.5,643.35,645.5,637.15,44458,28663000.0,3346,,14477.0,32.56,new
ITETF,EQ,2026-09-03,32.85,33.11,32.51,32.69,32.69,32.85,332470,10897000.0,549,,63024.0,18.96,new
ITI,EQ,2026-09-03,268.5,271.45,268.0,268.45,269.0,267.7,109100,29402000.0,3633,,38276.0,35.08,new
ITIETF,EQ,2026-09-03,34.67,34.67,34.07,34.24,34.22,34.38,319486,10948000.0,1190,,213009.0,66.67,new
ITL,EQ,2026-09-03,363.2,368.85,360.5,362.4,366.65,363.2,460,167000.0,22,,416.0,90.43,new
IVALUE,EQ,2026-09-03,241.0,244.0,235.05,236.18,235.76,238.38,135726,32468000.0,5237,,74115.0,54.61,new
IVC,EQ,2026-09-03,10.99,10.99,9.8,10.09,10.09,9.59,2107399,21530000.0,2876,,1433251.0,68.01,new
IVP,BE,2026-09-03,210.9,214.0,204.0,206.25,206.6,209.8,18881,3961999.9999999995,164,,,,new
IVZBANKNF,EQ,2026-09-03,57.68,57.68,57.34,57.42,57.42,57.0,388,22000.0,6,,388.0,100.0,new
IVZINGOLD,EQ,2026-09-03,130.65,134.25,130.65,133.3,133.4,129.65,36383,4844000.0,243,,24231.0,66.6,new
IVZINNIFTY,EQ,2026-09-03,281.16,281.16,274.31,274.66,274.81,274.31,1514,417000.0,33,,1069.0,70.61,new
IVZSENSEX,EQ,2026-09-03,78.16,78.16,76.54,76.63,76.63,76.57,243,19000.0,10,,243.0,100.0,new
IWARE,ST,2026-09-03,447.95,462.25,447.95,462.25,462.25,440.25,11400,5225000.0,17,,11400.0,100.0,new
IWP,EQ,2026-09-03,36.0,36.0,34.0,34.08,34.0,34.96,20184,693000.0,83,,18475.0,91.53,new
IXIGO,EQ,2026-09-03,158.93,164.19,157.79,162.15,163.6,156.42,2022149,326475000.0,34948,,554564.0,27.42,new
IZMO,EQ,2026-09-03,945.85,961.0,915.0,921.95,922.0,938.8,145199,135474000.0,10148,,53982.0,37.18,new
J&KBANK,EQ,2026-09-03,146.1,151.98,146.0,149.86,149.35,144.44,3645652,546877000.0,47186,,1519670.0,41.68,new
JAGRAN,EQ,2026-09-03,61.44,61.49,61.02,61.23,61.37,61.03,131117,8030000.0,1331,,94621.0,72.17,new
JAGSNPHARM,EQ,2026-09-03,237.4,249.57,237.01,243.02,244.0,237.03,300344,73315000.0,6470,,133546.0,44.46,new
JAIBALAJI,EQ,2026-09-03,71.04,71.6,70.6,70.85,70.97,70.6,282615,20118000.0,2002,,192473.0,68.1,new
JAICORPLTD,EQ,2026-09-03,98.61,100.45,98.35,99.15,99.56,98.01,296560,29476000.0,3522,,111973.0,37.76,new
JAINAM,SM,2026-09-03,214.0,214.0,214.0,214.0,214.0,224.9,5500,1177000.0,10,,5500.0,100.0,new
JAINIK,SM,2026-09-03,199.3,204.5,199.3,204.5,204.5,208.0,2400,484999.99999999994,2,,2400.0,100.0,new
JAINREC,EQ,2026-09-03,284.0,289.6,278.55,279.8,281.85,282.15,927545,262602000.0,19444,,254767.0,27.47,new
JAIPURKURT,EQ,2026-09-03,26.55,26.55,25.14,25.82,25.6,26.3,20260,517000.0,159,,13287.0,65.58,new
JALAN,ST,2026-09-03,1.85,1.85,1.85,1.85,1.85,1.85,3000,6000.0,1,,3000.0,100.0,new
JAMNAAUTO,EQ,2026-09-03,121.1,122.85,120.89,122.04,121.8,120.29,999415,121804000.0,10138,,496990.0,49.73,new
JARO,EQ,2026-09-03,460.0,466.55,452.4,454.4,454.0,455.25,89014,40856000.0,2306,,16679.0,18.74,new
JASH,EQ,2026-09-03,474.9,475.0,462.0,464.15,462.0,470.35,69457,32401000.0,4213,,39124.0,56.33,new
JAYAGROGN,EQ,2026-09-03,231.3,241.0,227.0,230.83,234.8,229.57,24956,5878000.0,796,,13712.0,54.94,new
JAYBARMARU,EQ,2026-09-03,125.0,125.0,121.5,121.81,121.55,122.44,111594,13690000.0,1607,,71032.0,63.65,new
JAYBEE,SM,2026-09-03,86.3,88.3,84.3,84.95,85.9,86.3,23000,1994000.0000000002,35,,19500.0,84.78,new
JAYKAY,EQ,2026-09-03,168.8,171.29,165.0,166.46,165.1,169.4,204585,34330000.0,3517,,93748.0,45.82,new
JAYNECOIND,EQ,2026-09-03,99.35,101.87,98.22,98.68,99.31,98.19,4240845,423756000.00000006,26780,,1602551.0,37.79,new
JAYSREETEA,EQ,2026-09-03,100.0,102.59,97.15,99.31,99.78,99.79,76843,7679000.000000001,1068,,41762.0,54.35,new
JBMA,EQ,2026-09-03,623.95,643.8,620.55,629.1,626.5,621.5,622084,393718000.0,25046,,116250.0,18.69,new
JENBURPH,EQ,2026-09-03,1040.0,1049.7,1027.3,1031.5,1030.1,1043.9,2668,2755000.0,36,,2615.0,98.01,new
JETFREIGHT,EQ,2026-09-03,21.7,21.7,20.8,20.91,20.86,21.17,174209,3685000.0,1338,,73639.0,42.27,new
JEYYAM,ST,2026-09-03,22.1,23.25,22.1,22.4,22.4,22.3,146000,3304999.9999999995,36,,144000.0,98.63,new
JFLLIFE,SM,2026-09-03,9.85,9.85,9.8,9.8,9.8,10.15,66000,647000.0,5,,60000.0,90.91,new
JGCHEM,EQ,2026-09-03,601.05,622.9,601.05,612.2,611.0,600.85,261636,160237000.0,10234,,92279.0,35.27,new
JHS,EQ,2026-09-03,7.81,8.04,7.81,7.86,7.9,7.81,37425,295000.0,142,,31147.0,83.23,new
JINDALPHOT,EQ,2026-09-03,1040.0,1040.0,1020.0,1026.2,1021.0,1027.6,1150,1184000.0,161,,725.0,63.04,new
JINDALPOLY,EQ,2026-09-03,680.2,691.4,674.05,683.7,676.7,686.25,14854,10139000.0,1273,,5260.0,35.41,new
JINDALSAW,EQ,2026-09-03,314.5,315.3,306.9,310.85,310.4,309.15,1986928,619227000.0,34771,,845845.0,42.57,new
JINDALSTEL,EQ,2026-09-03,1165.0,1169.0,1134.7,1145.0,1145.0,1159.4,950251,1088112000.0,30302,,452003.0,47.57,new
JINDRILL,EQ,2026-09-03,644.95,664.2,634.5,649.9,651.0,642.1,765112,500010000.00000006,25376,,230131.0,30.08,new
JINDWORLD,EQ,2026-09-03,40.52,48.22,40.52,48.15,48.22,40.19,110819795,5093917000.0,193423,,14468401.0,13.06,new
JIOFIN,EQ,2026-09-03,236.9,240.48,236.4,237.45,237.45,236.9,9293803,2210963000.0,47533,,4532741.0,48.77,new
JISLDVREQS,EQ,2026-09-03,20.8,21.66,20.6,21.03,21.2,20.97,211500,4468000.0,435,,56671.0,26.79,new
JISLJALEQS,EQ,2026-09-03,28.32,28.9,28.05,28.16,28.15,28.24,1113582,31676000.0,3192,,482051.0,43.29,new
JITFINFRA,EQ,2026-09-03,304.95,317.4,304.95,310.65,310.9,304.25,10978,3404000.0,456,,3983.0,36.28,new
JKCEMENT,EQ,2026-09-03,4979.5,5123.5,4951.0,5039.5,5057.0,4979.5,53939,269130000.0,6489,,36105.0,66.94,new
JKIL,EQ,2026-09-03,485.95,490.0,484.85,487.7,486.55,483.5,25718,12537000.0,1198,,16469.0,64.04,new
JKIPL,EQ,2026-09-03,107.15,108.37,105.2,105.66,105.21,107.56,7273,776000.0,224,,4803.0,66.04,new
JKLAKSHMI,EQ,2026-09-03,516.9,519.65,512.0,514.4,514.3,514.3,116502,59942999.99999999,9974,,58814.0,50.48,new
JKPAPER,EQ,2026-09-03,397.95,414.8,396.85,410.15,411.15,395.2,1519421,620518000.0,44914,,777973.0,51.2,new
JKTYRE,EQ,2026-09-03,371.5,373.0,367.35,369.45,369.0,370.15,265679,98515000.0,9665,,109464.0,41.2,new
JLHL,EQ,2026-09-03,287.6,295.0,287.35,290.3,288.6,287.65,38871,11307000.0,3750,,18393.0,47.32,new
JMA,EQ,2026-09-03,89.7,93.33,89.7,92.24,93.0,90.56,8126,744000.0,143,,4848.0,59.66,new
JMFINANCIL,EQ,2026-09-03,130.0,135.5,129.53,134.53,134.8,129.39,5030649,670942000.0,34833,,2289425.0,45.51,new
JNKINDIA,EQ,2026-09-03,419.15,433.6,419.15,431.45,430.75,420.9,64722,27707000.0,2245,,35238.0,54.45,new
JNPR,EQ,2026-09-03,261.0,261.0,256.1,259.2,259.9,260.25,1056229,273159000.0,46905,,567616.0,53.74,new
JOCIL,BE,2026-09-03,152.8,153.0,147.55,152.89,152.9,150.79,3839,584000.0,49,,,,new
JPOLYINVST,EQ,2026-09-03,1010.0,1024.0,996.1,1006.5,998.2,1011.9,6033,6068000.0,758,,3038.0,50.36,new
JPPOWER,EQ,2026-09-03,16.46,16.6,16.09,16.14,16.18,16.37,28174660,459458000.0,27215,,12219130.0,43.37,new
JSFB,EQ,2026-09-03,526.6,545.95,526.6,534.2,532.0,523.4,679587,365617000.0,15398,,324737.0,47.78,new
JSL,EQ,2026-09-03,734.9,741.0,726.0,738.4,740.5,734.9,1145373,842342000.0,35469,,682518.0,59.59,new
JSLL,EQ,2026-09-03,502.0,509.8,500.0,501.45,501.0,513.65,606645,306010000.0,18432,,321059.0,52.92,new
JSWCEMENT,EQ,2026-09-03,123.96,124.39,122.35,123.37,123.17,123.6,1584887,195158000.0,18725,,976916.0,61.64,new
JSWDULUX,EQ,2026-09-03,3180.0,3186.8,3140.1,3167.6,3175.0,3163.3,17816,56382000.00000001,4010,,11319.0,63.53,new
JSWENERGY,EQ,2026-09-03,542.05,545.8,534.3,539.5,539.5,539.8,1829239,988957000.0,39854,,730486.0,39.93,new
JSWHL,EQ,2026-09-03,11541.0,12000.0,11415.0,11590.0,12000.0,11441.0,34428,394893000.0,1160,,623.0,1.81,new
JSWINFRA,EQ,2026-09-03,332.15,337.35,331.2,334.1,335.7,332.1,2588755,864318000.0,45795,,1544945.0,59.68,new
JSWSTEEL,EQ,2026-09-03,1315.0,1325.0,1295.0,1308.0,1308.0,1306.0,1291167,1690183000.0000002,39187,,623031.0,48.25,new
JTEKTINDIA,EQ,2026-09-03,121.5,123.99,121.38,121.82,121.5,121.38,87989,10747000.0,1097,,47852.0,54.38,new
JTLIND,EQ,2026-09-03,92.5,93.35,89.0,89.67,89.9,92.4,3040625,276907000.0,18781,,1410600.0,46.39,new
JUBLCPL,EQ,2026-09-03,2231.0,2344.8,2217.1,2304.8,2304.0,2217.9,10182,23295000.0,1051,,6203.0,60.92,new
JUBLFOOD,EQ,2026-09-03,486.5,488.45,480.5,482.9,482.9,486.5,391251,188845000.0,11574,,126323.0,32.29,new
JUBLINGREA,EQ,2026-09-03,687.0,701.05,686.9,690.55,690.5,683.6,156564,108793000.0,10192,,80897.0,51.67,new
JUBLPHARMA,EQ,2026-09-03,905.0,910.8,891.2,907.9,909.9,900.3,125766,113647000.0,16408,,65304.0,51.93,new
JUNIORBEES,EQ,2026-09-03,793.5,793.58,787.0,788.74,789.95,788.4,438702,346908000.0,9146,,273690.0,62.39,new
JUNIPER,EQ,2026-09-03,220.0,224.49,217.0,217.69,218.0,218.5,205874,45449000.0,4027,,101858.0,49.48,new
JUSTDIAL,EQ,2026-09-03,704.0,708.95,692.1,697.35,693.0,697.85,181134,126609999.99999999,5743,,61063.0,33.71,new
JWL,EQ,2026-09-03,241.0,244.02,240.5,241.09,240.98,239.37,388324,93948000.0,10414,,148860.0,38.33,new
JYOTHYLAB,EQ,2026-09-03,202.99,203.8,198.65,200.5,201.0,202.09,3571515,716684000.0,21944,,2464448.0,69.0,new
JYOTICNC,EQ,2026-09-03,964.7,1039.0,964.2,1026.85,1030.1,955.65,3413377,3470437999.9999995,128496,,860547.0,25.21,new
JYOTIGLOBL,SM,2026-09-03,39.0,39.0,38.5,38.5,38.5,37.3,4000,155000.0,2,,4000.0,100.0,new
JYOTIRES,EQ,2026-09-03,872.8,872.8,855.0,866.35,868.0,857.6,4557,3939000.0,478,,2501.0,54.88,new
JYOTISTRUC,EQ,2026-09-03,9.81,9.97,9.66,9.8,9.89,9.79,4704461,45989000.0,4133,,2754997.0,58.56,new
K2INFRA,ST,2026-09-03,50.0,50.0,48.6,48.95,48.7,50.0,8400,413999.99999999994,14,,6000.0,71.43,new
KABRAEXTRU,EQ,2026-09-03,570.0,591.75,561.0,564.8,564.95,559.95,185596,106916000.00000001,7198,,80798.0,43.53,new
KAJARIACER,EQ,2026-09-03,1261.9,1274.5,1250.6,1260.6,1255.0,1261.1,153508,193310000.0,12698,,69003.0,44.95,new
KAKATCEM,EQ,2026-09-03,110.1,112.4,110.1,110.67,110.61,110.5,678,75000.0,23,,515.0,75.96,new
KALAMANDIR,EQ,2026-09-03,85.65,86.94,85.51,85.87,86.4,85.65,239873,20681000.0,2149,,143109.0,59.66,new
KALANA,SM,2026-09-03,19.45,20.0,19.25,19.3,19.3,20.25,26000,505999.99999999994,10,,18000.0,69.23,new
KALPATARU,EQ,2026-09-03,274.9,279.0,272.0,276.55,277.4,274.9,27610,7592000.0,890,,11019.0,39.91,new
KALYANIFRG,BE,2026-09-03,1166.5,1169.3,1115.1,1125.25,1119.9,1113.65,7968,9113000.0,532,,,,new
KALYANKJIL,EQ,2026-09-03,592.95,597.5,583.35,585.3,585.3,590.0,7595621,4478545000.0,74092,,1762151.0,23.2,new
KAMAHOLD,EQ,2026-09-03,2349.3,2405.1,2327.2,2341.1,2341.0,2344.9,10909,25855000.0,2482,,7093.0,65.02,new
KAMANWALA,EQ,2026-09-03,16.5,16.5,15.6,15.9,15.9,16.0,11984,196000.0,23,,10720.0,89.45,new
KAMATHOTEL,EQ,2026-09-03,232.79,234.61,215.92,217.66,217.99,232.74,186186,41070000.0,4460,,96837.0,52.01,new
KAMDHENU,BE,2026-09-03,37.5,39.15,36.6,38.77,39.0,37.45,1196583,46277000.0,3536,,,,new
KAMOPAINTS,EQ,2026-09-03,4.45,4.57,4.39,4.53,4.55,4.46,222619,1003999.9999999999,476,,153415.0,68.91,new
KANANIIND,EQ,2026-09-03,1.58,1.58,1.48,1.51,1.53,1.53,134063,204999.99999999997,304,,96227.0,71.78,new
KANCHI,EQ,2026-09-03,410.95,415.55,398.0,398.55,401.0,410.95,5328,2149000.0,418,,3207.0,60.19,new
KANCOTEA,EQ,2026-09-03,57.0,57.0,54.2,56.79,56.79,54.67,444,24000.0,8,,441.0,99.32,new
KANDARP,SM,2026-09-03,92.0,93.85,92.0,92.9,93.85,97.95,2000,186000.0,2,,2000.0,100.0,new
KANORICHEM,BE,2026-09-03,157.8,157.8,152.9,155.68,156.0,154.75,72495,11296000.0,158,,,,new
KANPRPLA,EQ,2026-09-03,253.4,263.95,253.35,256.4,253.55,253.35,17504,4505000.0,876,,7788.0,44.49,new
KANSAINER,EQ,2026-09-03,195.09,196.91,194.4,195.11,194.8,194.82,72153,14087000.0,3897,,41462.0,57.46,new
KAPSTON,EQ,2026-09-03,579.0,589.0,568.3,581.35,583.0,573.75,66846,38895000.0,2265,,37225.0,55.69,new
KARMAENG,EQ,2026-09-03,38.5,38.5,37.39,37.7,37.7,37.0,722,27000.0,30,,720.0,99.72,new
KARNIKA,SM,2026-09-03,116.95,117.5,115.0,115.55,115.0,114.6,39000,4556000.0,17,,34000.0,87.18,new
KARURVYSYA,EQ,2026-09-03,348.8,358.0,347.65,350.0,351.6,346.6,2690048,948915000.0,50011,,1256490.0,46.71,new
KATARIA,SM,2026-09-03,106.25,106.25,100.3,103.85,103.85,108.35,33000,3427000.0000000005,35,,23400.0,70.91,new
KAUSHALYA,BE,2026-09-03,872.75,889.0,860.0,864.0,864.0,872.75,175,152000.0,19,,,,new
KAVDEFENCE,EQ,2026-09-03,56.7,56.7,54.7,56.15,56.34,55.31,94750,5277000.0,1332,,38548.0,40.68,new
KAYA,BE,2026-09-03,337.95,338.0,324.2,328.7,330.0,335.2,3413,1126000.0,94,,,,new
KAYNES,EQ,2026-09-03,3591.0,3623.9,3469.5,3485.0,3485.0,3583.0,1053968,3712596000.0,68795,,311263.0,29.53,new
KAYTEX,SM,2026-09-03,55.35,55.35,55.35,55.35,55.35,56.0,800,44000.0,1,,800.0,100.0,new
KCEIL,SM,2026-09-03,80.2,80.2,77.5,79.1,79.0,80.55,21000,1651000.0000000002,31,,18000.0,85.71,new
KCK,ST,2026-09-03,14.95,15.0,14.25,14.9,14.9,14.8,82500,1218000.0,16,,80000.0,96.97,new
KCP,EQ,2026-09-03,166.99,169.8,165.0,168.17,167.7,165.81,121670,20332000.0,1820,,66329.0,54.52,new
KCPSUGIND,BE,2026-09-03,31.65,32.55,31.11,32.28,32.15,32.0,73001,2333000.0,216,,,,new
KDDL,EQ,2026-09-03,3852.3,3950.0,3836.0,3855.3,3859.6,3852.9,17047,66459000.0,3276,,8501.0,49.87,new
KDGREEN,EQ,2026-09-03,52.51,53.4,50.0,51.81,52.5,51.06,16001,819999.9999999999,211,,6986.0,43.66,new
KDL,SM,2026-09-03,89.15,92.95,89.0,90.5,90.0,89.0,19650,1782000.0,65,,14550.0,74.05,new
KEC,EQ,2026-09-03,410.0,411.95,399.55,406.15,406.0,407.8,1132222,459249000.0,28289,,550457.0,48.62,new
KECL,EQ,2026-09-03,126.9,128.03,124.22,125.2,126.38,127.24,72900,9203000.0,1121,,47437.0,65.07,new
KEEPLEARN,EQ,2026-09-03,1.98,1.99,1.84,1.9,1.86,1.9,40145,76000.0,79,,36546.0,91.03,new
KEI,EQ,2026-09-03,5209.0,5380.0,5171.5,5327.0,5327.0,5170.0,536022,2839687000.0,43663,,250198.0,46.68,new
KELLTONTEC,EQ,2026-09-03,14.19,14.29,13.92,13.99,13.96,14.01,1017982,14321000.0,2463,,519003.0,50.98,new
KEN,SM,2026-09-03,42.5,42.5,38.55,40.0,40.0,42.15,19200,767000.0,16,,13200.0,68.75,new
KENNAMET,EQ,2026-09-03,4611.2,4711.0,4510.0,4532.2,4545.0,4643.1,26620,122378000.0,5915,,9157.0,34.4,new
KERNEX,EQ,2026-09-03,1752.0,1752.0,1672.1,1709.6,1702.5,1736.4,188059,319550000.0,13669,,91753.0,48.79,new
KESORAMIND,BE,2026-09-03,11.15,11.15,11.05,11.05,11.05,11.27,161187,1791000.0,199,,,,new
KEYFINSERV,EQ,2026-09-03,251.85,256.7,248.0,248.7,248.25,255.25,1864,466000.0,52,,1542.0,82.73,new
KFINTECH,EQ,2026-09-03,934.05,942.5,923.85,927.7,927.7,929.0,475352,442552000.00000006,45072,,178324.0,37.51,new
KHADIM,BE,2026-09-03,115.0,115.0,114.0,115.0,115.0,116.11,13483,1543000.0,71,,,,new
KHAICHEM,EQ,2026-09-03,54.6,55.5,54.0,54.83,55.0,54.0,167687,9217000.0,1147,,62846.0,37.48,new
KHAITANLTD,EQ,2026-09-03,174.0,178.0,158.6,162.41,165.0,160.8,34654,5704000.0,923,,19315.0,55.74,new
KHANDSE,EQ,2026-09-03,17.56,18.4,17.55,18.11,18.24,17.56,6396,114999.99999999999,17,,6396.0,100.0,new
KHFM,SM,2026-09-03,42.05,43.95,42.05,43.95,43.95,44.25,6200,266000.0,4,,4650.0,75.0,new
KICL,EQ,2026-09-03,5194.0,5339.0,5145.5,5212.5,5240.0,5215.0,2056,10725000.0,319,,1261.0,61.33,new
KILITCH,BE,2026-09-03,167.0,173.71,167.0,172.52,173.4,171.37,8770,1501000.0,157,,,,new
KIMS,EQ,2026-09-03,755.2,775.3,755.2,767.85,768.9,753.65,377258,289148000.0,16159,,238446.0,63.21,new
KINGFA,EQ,2026-09-03,5958.0,6017.5,5860.5,5888.0,5900.0,5932.0,5834,34633000.0,2102,,3575.0,61.28,new
KIOCL,EQ,2026-09-03,383.1,389.75,380.0,380.55,380.0,380.55,59141,22718000.0,1778,,22765.0,38.49,new
KIRANVYPAR,EQ,2026-09-03,204.0,210.0,198.0,207.98,207.5,200.0,18827,3886000.0,275,,18020.0,95.71,new
KIRIINDUS,EQ,2026-09-03,527.0,591.2,527.0,578.95,577.5,523.65,7182969,4129151000.0,143207,,1036783.0,14.43,new
KIRLFER,EQ,2026-09-03,459.75,461.9,445.9,454.55,455.0,460.0,117686,53496000.0,5748,,75672.0,64.3,new
KIRLOSBROS,EQ,2026-09-03,1865.0,1887.5,1853.0,1881.3,1880.1,1847.7,19234,36006000.0,3709,,9543.0,49.62,new
KIRLOSENG,EQ,2026-09-03,2190.5,2289.0,2115.1,2267.6,2260.4,2160.9,1330225,2951238000.0,91037,,720872.0,54.19,new
KIRLOSIND,EQ,2026-09-03,3712.9,3764.2,3688.1,3724.7,3701.0,3699.0,3239,12067000.0,641,,1569.0,48.44,new
KIRLPNU,EQ,2026-09-03,746.0,766.2,743.9,759.8,760.0,745.45,129681,98245000.0,11061,,62406.0,48.12,new
KISSHT,EQ,2026-09-03,302.0,314.0,298.85,305.3,308.0,300.9,1786210,551116000.0,58170,,683874.0,38.29,new
KITEX,EQ,2026-09-03,126.0,126.68,123.1,123.64,123.35,124.77,427520,53190000.0,3653,,211924.0,49.57,new
KJMCFIN,EQ,2026-09-03,63.1,67.38,62.1,66.46,66.93,64.37,562,35000.0,14,,559.0,99.47,new
KKCL,EQ,2026-09-03,499.65,509.0,497.05,503.8,500.0,499.65,24896,12513000.0,1877,,10423.0,41.87,new
KKJEWELS,SM,2026-09-03,98.0,99.5,98.0,99.5,99.5,97.1,2000,198000.0,2,,2000.0,100.0,new
KLBRENG-B,EQ,2026-09-03,450.0,464.0,450.0,453.25,451.0,443.25,386969,176866000.0,8920,,222705.0,57.55,new
KLL,SM,2026-09-03,24.75,25.5,24.65,24.65,24.65,24.75,21600,539000.0,21,,18400.0,85.19,new
KMCSHIL,EQ,2026-09-03,134.79,139.0,133.35,138.0,137.68,133.19,75512,10347000.0,1437,,40804.0,54.04,new
KMEW,EQ,2026-09-03,2985.0,3175.0,2970.5,3150.4,3164.0,2951.6,131807,409085000.0,20652,,48397.0,36.72,new
KMSUGAR,EQ,2026-09-03,31.69,32.5,31.5,32.0,31.55,31.26,202541,6477000.0,1292,,71930.0,35.51,new
KNACK,EQ,2026-09-03,188.45,192.75,187.95,188.37,188.76,187.43,667569,126695000.0,5799,,323062.0,48.39,new
KNAGRI,EQ,2026-09-03,210.95,210.95,204.54,206.23,207.0,209.46,12560,2594000.0,269,,8910.0,70.94,new
KNRCON,EQ,2026-09-03,117.15,119.85,116.9,119.27,119.4,117.07,939009,111031000.0,9443,,412682.0,43.95,new
KODYTECH,ST,2026-09-03,1544.0,1590.0,1542.65,1567.0,1570.0,1542.65,9000,14138999.999999998,77,,8600.0,95.56,new
KOHINOOR,EQ,2026-09-03,33.62,33.69,32.91,33.52,33.25,33.41,84055,2803000.0,1759,,20019.0,23.82,new
KOKUYOCMLN,EQ,2026-09-03,77.7,79.9,77.7,78.44,78.7,77.84,14637,1153000.0,412,,7345.0,50.18,new
KOLTEPATIL,EQ,2026-09-03,441.25,453.6,441.25,449.55,450.0,440.8,86270,38742000.0,3739,,40081.0,46.46,new
KONSTELEC,ST,2026-09-03,65.0,65.25,62.0,62.05,62.0,62.35,65000,4165999.9999999995,44,,55000.0,84.62,new
KONTOR,SM,2026-09-03,54.9,54.9,52.0,53.5,53.5,55.95,12000,638000.0,19,,9000.0,75.0,new
KOPRAN,EQ,2026-09-03,220.89,239.6,218.84,232.24,231.01,218.81,1456374,339220000.0,17808,,531507.0,36.5,new
KORE,SM,2026-09-03,116.0,125.45,108.0,112.55,113.0,114.05,109250,12816000.0,194,,71250.0,65.22,new
KOTAKBANK,EQ,2026-09-03,425.0,426.9,421.15,421.15,421.15,423.5,5991118,2537895000.0,99402,,3709150.0,61.91,new
KOTARISUG,BE,2026-09-03,30.11,30.87,29.11,30.53,30.5,30.11,59257,1805000.0,277,,,,new
KOTHARIPET,EQ,2026-09-03,131.0,133.85,128.5,129.02,128.74,129.17,52559,6884999.999999999,1191,,30909.0,58.81,new
KOTHARIPRO,EQ,2026-09-03,68.19,68.99,67.44,67.58,68.0,68.19,2021,137000.0,89,,1520.0,75.21,new
KOTIC,EQ,2026-09-03,137.21,142.7,133.51,134.79,134.0,136.47,25043,3415999.9999999995,510,,16215.0,64.75,new
KOTYARK,BE,2026-09-03,30.79,32.16,30.05,32.16,32.16,30.63,132993,4219000.0,317,,,,new
KOVAI,EQ,2026-09-03,6032.0,6100.0,5990.5,6091.5,6080.5,6017.5,2136,12954000.0,592,,1347.0,63.06,new
KPEL,EQ,2026-09-03,243.9,247.95,237.0,240.89,242.0,241.14,263957,63479999.99999999,4638,,136046.0,51.54,new
KPIGREEN,EQ,2026-09-03,305.0,309.75,302.15,303.25,303.7,304.6,1051546,319202000.0,12982,,699543.0,66.53,new
KPIL,EQ,2026-09-03,1425.9,1452.7,1412.3,1417.7,1418.0,1410.5,230059,329052000.0,26696,,109194.0,47.46,new
KPITTECH,EQ,2026-09-03,591.05,592.4,580.55,583.5,583.5,588.0,975708,569395000.0,22282,,371204.0,38.04,new
KPL,EQ,2026-09-03,3428.0,3445.0,3290.2,3351.7,3327.5,3390.1,21875,73249000.0,2945,,9504.0,43.45,new
KPRMILL,EQ,2026-09-03,1172.0,1196.4,1157.3,1175.4,1173.0,1167.4,302751,355995000.0,20862,,135107.0,44.63,new
KRBL,EQ,2026-09-03,427.45,429.7,421.9,424.9,424.95,424.4,256226,108880000.0,7554,,122668.0,47.87,new
KREBSBIO,EQ,2026-09-03,53.65,56.4,53.65,54.5,54.5,54.91,7124,390000.0,42,,6289.0,88.28,new
KRIDHANINF,BE,2026-09-03,2.1,2.16,2.0,2.01,2.01,2.06,126279,259000.0,96,,,,new
KRISHANA,EQ,2026-09-03,188.13,190.0,184.5,186.37,186.0,188.06,378050,70499000.0,7958,,211116.0,55.84,new
KRISHCA,SM,2026-09-03,164.7,164.7,161.75,161.95,161.75,164.7,12000,1946000.0,21,,10000.0,83.33,new
KRISHIVAL,EQ,2026-09-03,411.95,414.2,407.95,413.5,414.0,410.35,13359,5491000.0,366,,9470.0,70.89,new
KRISHNADEF,EQ,2026-09-03,1012.0,1021.1,991.1,1008.7,1012.6,1007.4,59717,60128000.0,5012,,26790.0,44.86,new
KRITI,EQ,2026-09-03,61.8,61.84,60.06,60.94,60.94,60.9,2728,167000.0,112,,1991.0,72.98,new
KRITIKA,EQ,2026-09-03,5.35,5.48,5.32,5.39,5.38,5.39,73068,394000.0,302,,50030.0,68.47,new
KRITINUT,EQ,2026-09-03,85.9,86.87,82.5,83.36,84.0,84.3,8912,752000.0,161,,7575.0,85.0,new
KRMAYURVED,SM,2026-09-03,291.05,293.9,279.1,282.9,284.4,291.15,142000,40334000.0,100,,98000.0,69.01,new
KRN,EQ,2026-09-03,1559.0,1566.6,1483.5,1505.9,1508.5,1534.8,200958,303374000.0,17862,,88581.0,44.08,new
KRONOX,BE,2026-09-03,185.0,191.8,182.0,183.37,184.01,189.68,78880,14576000.0,730,,,,new
KROSS,EQ,2026-09-03,209.4,213.6,207.02,211.34,211.88,207.52,208019,43841000.0,4827,,95627.0,45.97,new
KRSNAA,EQ,2026-09-03,553.1,558.15,545.0,550.95,550.7,553.1,23065,12704000.0,1420,,12205.0,52.92,new
KRT,RR,2026-09-03,110.3,115.0,109.74,113.51,112.8,110.03,63078724,7142705000.0,17746,,58487098.0,92.72,new
KRYSTAL,EQ,2026-09-03,666.9,669.0,655.9,661.95,663.0,667.0,8765,5813000.0,586,,5382.0,61.4,new
KSB,EQ,2026-09-03,806.55,818.3,802.1,810.6,810.2,805.8,115080,93261000.0,7337,,51772.0,44.99,new
KSCL,EQ,2026-09-03,745.0,748.95,738.75,744.8,747.5,738.75,45816,34109000.0,2697,,20230.0,44.15,new
KSE,EQ,2026-09-03,179.15,182.0,178.2,180.29,180.0,177.04,6586,1180000.0,236,,5347.0,81.19,new
KSHINTL,EQ,2026-09-03,958.35,1028.05,951.9,1022.7,1026.0,945.7,536933,537410000.0,24735,,284818.0,53.05,new
KSHITIJ-RE,BE,2026-09-03,0.07,0.07,0.07,0.07,0.07,0.06,2308478,162000.0,754,,,,new
KSHITIJPOL,EQ,2026-09-03,3.15,3.15,3.15,3.15,3.15,3.0,2105614,6633000.0,671,,1541477.0,73.21,new
KSL,EQ,2026-09-03,906.6,953.0,906.6,950.2,949.0,904.3,226200,213428000.00000003,12385,,113664.0,50.25,new
KSOLVES,EQ,2026-09-03,279.1,279.1,270.55,271.5,271.2,273.2,17121,4662000.0,801,,10739.0,62.72,new
KSR,EQ,2026-09-03,29.78,31.75,28.25,31.54,31.69,29.49,403387,12654000.0,344,,383062.0,94.96,new
KTKBANK,EQ,2026-09-03,331.1,341.6,331.1,339.75,341.25,330.35,3036829,1028662999.9999999,30919,,1687560.0,55.57,new
KUANTUM,EQ,2026-09-03,71.31,76.25,71.3,75.16,75.0,71.23,222562,16611000.000000002,2250,,117042.0,52.59,new
KUSUMGAR,EQ,2026-09-03,572.0,590.45,571.0,581.65,580.0,571.15,231009,134435000.0,7467,,108118.0,46.8,new
KWIL,EQ,2026-09-03,43.74,44.5,42.1,42.31,42.38,43.38,12570077,543514000.0,43394,,5034959.0,40.06,new
LADDERUP,EQ,2026-09-03,54.0,54.0,47.05,51.7,52.9,50.06,232,12000.0,12,,225.0,96.98,new
LAGNAM,EQ,2026-09-03,74.0,76.98,74.0,74.4,74.5,74.92,2879,215000.0,60,,2285.0,79.37,new
LAHOTIOV,EQ,2026-09-03,41.01,46.95,41.01,45.08,44.5,41.98,128066,5759000.0,891,,63105.0,49.28,new
LAKPRE,BZ,2026-09-03,4.68,5.16,4.68,4.78,4.75,4.92,3998,20000.0,58,,,,new
LAKSHMIMIL,EQ,2026-09-03,7980.0,8000.0,7700.0,7800.0,7800.0,7927.0,42,328000.0,19,,42.0,100.0,new
LAKSHYA,SM,2026-09-03,84.5,84.5,83.65,83.65,83.65,83.55,3200,268000.0,4,,3200.0,100.0,new
LAL,EQ,2026-09-03,8.71,9.28,8.71,9.0,8.92,8.88,31906,288000.0,111,,19101.0,59.87,new
LALITHAA,EQ,2026-09-03,267.05,283.0,262.2,280.3,281.9,264.35,14643073,4037526000.0,123702,,4247309.0,29.01,new
LALPATHLAB,EQ,2026-09-03,1927.2,1934.9,1902.3,1925.2,1927.0,1916.1,168643,324241000.0,29764,,109096.0,64.69,new
LAMBODHARA,EQ,2026-09-03,135.6,139.92,134.02,137.47,139.8,133.45,9197,1258000.0,402,,3143.0,34.17,new
LAMOSAIC,ST,2026-09-03,60.1,61.4,58.2,61.4,61.4,60.9,195000,11870000.0,90,,192000.0,98.46,new
LANCER,EQ,2026-09-03,13.0,13.44,12.96,13.19,13.2,12.91,704727,9340000.0,1818,,447532.0,63.5,new
LANCORHOL,EQ,2026-09-03,33.06,35.25,32.87,34.75,34.5,33.15,625911,21601000.0,3331,,432086.0,69.03,new
LANDMARK,EQ,2026-09-03,497.0,511.55,490.6,498.0,500.0,494.9,50914,25278000.0,2925,,22370.0,43.94,new
LANDSMILL,EQ,2026-09-03,0.68,0.69,0.67,0.67,0.68,0.68,1513906,1030000.0000000001,775,,930712.0,61.48,new
LAOPALA,EQ,2026-09-03,171.87,172.6,169.6,171.55,172.0,171.87,72820,12459000.0,1916,,38643.0,53.07,new
LARGEMID50,EQ,2026-09-03,36.45,36.45,36.27,36.36,36.27,36.34,2661,97000.0,15,,2627.0,98.72,new
LASA,EQ,2026-09-03,6.9,6.98,6.81,6.82,6.82,6.78,25647,177000.0,107,,19923.0,77.68,new
LASERPOWER,EQ,2026-09-03,305.9,308.9,298.8,301.05,300.2,303.55,532586,161600000.0,9392,,216678.0,40.68,new
LATENTVIEW,EQ,2026-09-03,273.45,273.45,265.25,266.0,265.8,271.0,449716,120495000.0,11957,,241621.0,53.73,new
LATTEYS,EQ,2026-09-03,21.16,21.67,20.63,20.98,20.8,21.26,38038,806000.0,221,,31000.0,81.5,new
LAURUSLABS,EQ,2026-09-03,1864.9,1876.6,1852.6,1868.5,1868.5,1864.0,1506361,2806742000.0,31169,,828025.0,54.97,new
LAXMICOT,EQ,2026-09-03,12.98,12.98,12.64,12.71,12.69,12.72,16923,215000.0,57,,14867.0,87.85,new
LAXMIDENTL,EQ,2026-09-03,196.0,200.98,194.05,199.2,198.0,194.58,72745,14347000.0,2420,,36915.0,50.75,new
LAXMIINDIA,EQ,2026-09-03,126.07,137.4,126.07,128.13,128.99,125.93,842455,111917000.0,14467,,250880.0,29.78,new
LCCINFOTEC,EQ,2026-09-03,3.89,4.0,3.7,3.85,3.89,3.64,408915,1594000.0,547,,293118.0,71.68,new
LCL,EQ,2026-09-03,543.8,560.0,531.4,553.45,555.5,540.85,932165,505058000.0,39400,,548340.0,58.82,new
LEAPIND,EQ,2026-09-03,158.9,160.3,151.7,152.41,152.4,157.68,4076195,629988000.0,44883,,2002989.0,49.14,new
LEENEE,BE,2026-09-03,8.89,9.0,8.45,8.49,8.8,8.89,36925,319000.0,71,,,,new
LEMERITE,EQ,2026-09-03,20.77,21.18,20.16,21.11,21.0,20.38,159140,3290999.9999999995,255,,44352.0,27.87,new
LEMONTREE,EQ,2026-09-03,106.41,107.1,104.7,104.89,105.0,106.18,2699116,284677000.0,21794,,1613549.0,59.78,new
LENSKART,EQ,2026-09-03,672.95,681.65,663.5,672.45,671.9,668.9,5393527,3629166000.0000005,81322,,2895915.0,53.69,new
LEXUS,EQ,2026-09-03,13.96,14.34,13.39,13.54,13.5,13.96,24077,332000.0,181,,15264.0,63.4,new
LFIC,EQ,2026-09-03,138.3,138.3,134.6,135.28,135.8,135.91,233,32000.0,20,,123.0,52.79,new
LGBBROSLTD,EQ,2026-09-03,1699.9,1750.0,1698.0,1716.2,1700.0,1699.9,28032,48128000.0,4267,,15660.0,55.86,new
LGEINDIA,EQ,2026-09-03,1655.0,1672.5,1641.0,1662.3,1659.0,1653.2,230470,381826000.0,23463,,110284.0,47.85,new
LGHL,EQ,2026-09-03,180.0,181.97,174.18,178.95,179.49,175.77,9600,1713000.0,283,,3649.0,38.01,new
LIBAS,EQ,2026-09-03,10.75,10.75,10.26,10.48,10.49,10.49,8408,88000.0,92,,7152.0,85.06,new
LIBERTSHOE,EQ,2026-09-03,236.0,239.73,233.0,234.3,235.5,234.79,30014,7048000.0,449,,24939.0,83.09,new
LICHSGFIN,EQ,2026-09-03,542.0,555.95,536.6,554.0,554.0,541.25,5798155,3183040000.0,51416,,3747793.0,64.64,new
LICI,EQ,2026-09-03,411.8,417.0,411.0,416.9,416.9,408.25,5101486,2118072000.0,49290,,3124302.0,61.24,new
LICMFGOLD,EQ,2026-09-03,137.55,138.15,137.05,137.5,137.3,135.25,49111,6764000.0,567,,31364.0,63.86,new
LICNETFGSC,EQ,2026-09-03,29.52,29.53,29.2,29.21,29.2,29.33,20923,616000.0,80,,12120.0,57.93,new
LICNETFN50,EQ,2026-09-03,270.0,270.9,267.49,267.67,267.49,267.6,64,17000.0,21,,56.0,87.5,new
LICNETFSEN,EQ,2026-09-03,867.0,867.0,863.46,863.46,863.46,861.96,13,11000.0,3,,13.0,100.0,new
LICNFNHGP,EQ,2026-09-03,276.33,276.92,273.98,276.04,276.08,274.97,292,80000.0,15,,247.0,84.59,new
LICNMID100,EQ,2026-09-03,62.88,64.23,62.88,63.42,63.42,63.19,11453,730000.0,95,,8548.0,74.64,new
LIKHITHA,EQ,2026-09-03,213.99,213.99,201.41,202.9,203.0,202.76,39449,8031999.999999999,657,,24408.0,61.87,new
LINC,EQ,2026-09-03,96.33,96.33,94.0,94.69,95.44,95.86,11563,1095000.0,295,,8652.0,74.82,new
LINCOLN,EQ,2026-09-03,627.35,627.35,619.0,622.65,624.5,618.35,22964,14294000.0,1177,,12351.0,53.78,new
LINDEINDIA,EQ,2026-09-03,6357.0,6418.0,6316.0,6373.0,6389.0,6352.5,16313,103969000.0,5177,,7713.0,47.28,new
LIQGRWBEES,EQ,2026-09-03,1054.15,1054.15,1054.13,1054.14,1054.15,1054.02,248754,262223000.0,177,,217600.0,87.48,new
LIQUID,EQ,2026-09-03,999.99,1000.0,999.99,999.99,1000.0,999.99,413120,413118999.99999994,265,,295829.0,71.61,new
LIQUID1,EQ,2026-09-03,1120.9,1122.0,1120.75,1121.04,1121.04,1120.9,1508631,1691247000.0,557,,1392191.0,92.28,new
LIQUIDADD,EQ,2026-09-03,1143.12,1143.14,1143.12,1143.13,1143.14,1142.98,799931,914429999.9999999,343,,669556.0,83.7,new
LIQUIDBEES,EQ,2026-09-03,1000.0,1000.01,999.62,1000.0,1000.01,1000.0,2625971,2625981000.0,4383,,2146129.0,81.73,new
LIQUIDBETA,EQ,2026-09-03,1006.7,1006.7,1006.7,1006.7,1006.7,1006.57,60,60000.0,7,,60.0,100.0,new
LIQUIDBETF,EQ,2026-09-03,1097.26,1097.28,1097.26,1097.27,1097.27,1097.15,167806,184129000.0,101,,117851.0,70.23,new
LIQUIDCASE,EQ,2026-09-03,115.77,115.77,115.75,115.76,115.77,115.74,17734685,2053041999.9999998,13077,,15141273.0,85.38,new
LIQUIDETF,EQ,2026-09-03,1000.0,1000.01,999.99,999.99,1000.0,999.99,76426,76426000.0,263,,53210.0,69.62,new
LIQUIDIETF,EQ,2026-09-03,999.99,1000.01,999.99,999.99,1000.0,999.99,335869,335869000.0,180,,269782.0,80.32,new
LIQUIDPLUS,EQ,2026-09-03,1101.62,1101.64,1101.62,1101.63,1101.62,1101.5,388017,427452000.00000006,272,,238918.0,61.57,new
LIQUIDSBI,EQ,2026-09-03,999.99,1000.01,999.99,1000.01,1000.01,1000.0,31769,31769000.0,18,,31584.0,99.42,new
LIQUIDSHRI,EQ,2026-09-03,1119.97,1119.97,1119.95,1119.96,1119.97,1119.83,31694,35496000.0,26,,31261.0,98.63,new
LKPSEC,EQ,2026-09-03,15.76,15.76,14.51,15.02,15.0,15.19,8972,134000.0,91,,6044.0,67.37,new
LLOYDS,SM,2026-09-03,57.0,57.5,57.0,57.5,57.5,57.0,3000,172000.0,3,,3000.0,100.0,new
LLOYDSENGG,EQ,2026-09-03,83.2,85.9,83.2,84.95,85.22,82.77,3707337,315340000.0,18665,,1587196.0,42.81,new
LLOYDSENT,EQ,2026-09-03,71.24,72.9,71.24,71.97,71.75,70.96,1988111,143255000.0,8737,,925637.0,46.56,new
LLOYDSME,EQ,2026-09-03,1818.0,1859.4,1818.0,1848.7,1845.0,1813.0,320770,591075000.0,37225,,147859.0,46.1,new
LMW,EQ,2026-09-03,18801.0,19250.0,18500.0,18993.0,19010.0,18783.0,5846,110938000.00000001,2299,,2114.0,36.16,new
LODHA,EQ,2026-09-03,1209.8,1244.4,1205.3,1234.0,1234.0,1208.3,1694352,2078311000.0,55402,,723429.0,42.7,new
LOKESHMACH,EQ,2026-09-03,341.0,385.8,341.0,360.3,361.5,339.9,212043,77918000.0,5047,,79836.0,37.65,new
LORDSCHLO,EQ,2026-09-03,139.9,142.74,139.0,141.55,141.9,138.28,33665,4752000.0,611,,25386.0,75.41,new
LOTUSCHO,EQ,2026-09-03,640.1,671.0,617.0,650.95,650.5,640.05,11659,7587000.0,826,,7112.0,61.0,new
LOTUSDEV,BE,2026-09-03,174.25,184.74,174.25,184.64,184.74,175.95,469800,85828000.0,2236,,,,new
LOTUSEYE,EQ,2026-09-03,106.11,110.0,106.11,109.28,109.25,107.98,2415,263000.0,150,,1730.0,71.64,new
LOVABLE,EQ,2026-09-03,72.5,72.8,71.24,72.21,72.39,70.84,7609,549000.0,198,,5783.0,76.0,new
LOWVOL,EQ,2026-09-03,206.04,206.13,205.43,205.78,205.78,206.2,330,68000.0,11,,170.0,51.52,new
LOWVOL1,EQ,2026-09-03,21.1,21.43,20.95,21.1,20.95,21.13,133286,2800000.0,164,,109486.0,82.14,new
LOWVOLIETF,EQ,2026-09-03,22.48,22.48,21.94,21.98,22.04,22.04,4331145,95383000.0,1179,,4047899.0,93.46,new
LOYALTEX,EQ,2026-09-03,205.0,218.79,200.0,211.82,214.99,209.0,47,10000.0,13,,28.0,59.57,new
LPDC,EQ,2026-09-03,7.05,7.05,6.22,6.69,6.7,6.68,65721,434000.0,206,,43603.0,66.35,new
LRRPL,SM,2026-09-03,87.0,87.0,86.0,86.9,86.9,86.35,16500,1428000.0,8,,16500.0,100.0,new
LT,EQ,2026-09-03,3999.8,4027.7,3975.0,3975.0,3975.0,3981.0,940768,3761840000.0,55179,,486578.0,51.72,new
LTF,EQ,2026-09-03,313.8,317.7,311.4,316.9,316.9,312.8,3194737,1006093000.0,31136,,1457378.0,45.62,new
LTFOODS,EQ,2026-09-03,445.8,445.8,434.9,442.55,442.85,442.45,442684,195369000.0,17364,,166637.0,37.64,new
LTGILTBEES,EQ,2026-09-03,29.87,29.9,29.84,29.86,29.84,29.82,638244,19067000.0,569,,482235.0,75.56,new
LTGILTCASE,EQ,2026-09-03,30.6,30.6,30.36,30.42,30.45,30.36,97881,2978000.0,864,,95188.0,97.25,new
LTM,EQ,2026-09-03,4581.0,4581.0,4506.0,4560.0,4560.0,4588.0,206556,936729999.9999999,18519,,92880.0,44.97,new
LTTS,EQ,2026-09-03,3540.9,3540.9,3467.0,3501.2,3509.9,3505.0,44558,155837000.0,8821,,17941.0,40.26,new
LUMAXIND,EQ,2026-09-03,6410.0,6487.0,6290.0,6380.5,6374.5,6347.0,11901,76187000.0,3673,,4101.0,34.46,new
LUMAXTECH,EQ,2026-09-03,1997.0,2021.0,1951.6,1985.4,1994.9,1986.5,116862,232437000.0,13892,,47785.0,40.89,new
LUMINO,EQ,2026-09-03,110.0,118.99,106.54,110.32,111.2,82.0,178315729,20193188000.0,733594,,49872661.0,27.97,new
LUPIN,EQ,2026-09-03,2148.0,2159.9,2132.0,2132.0,2132.0,2155.2,474600,1016662000.0000001,34308,,303445.0,63.94,new
LUXIND,EQ,2026-09-03,1167.0,1189.8,1163.5,1171.7,1171.0,1164.9,13633,15997999.999999998,1230,,5576.0,40.9,new
LXCHEM,EQ,2026-09-03,170.31,177.7,170.23,175.58,174.95,169.55,1600299,280653000.0,20803,,577498.0,36.09,new
LYKALABS,BE,2026-09-03,75.0,76.83,73.9,76.83,76.83,75.33,23070,1755000.0,83,,,,new
M&M,EQ,2026-09-03,3200.0,3210.0,3150.0,3150.0,3150.0,3190.0,1826312,5794891000.0,78647,,1083245.0,59.31,new
M&MFIN,EQ,2026-09-03,369.25,378.85,367.1,376.05,374.95,368.85,1943334,726118000.0,46483,,1079583.0,55.55,new
MAANALU,EQ,2026-09-03,119.0,121.55,118.21,120.77,119.5,118.15,47758,5748000.0,565,,35490.0,74.31,new
MACPOWER,EQ,2026-09-03,1885.5,1949.9,1875.2,1944.1,1944.8,1883.6,23269,44737000.0,3823,,12321.0,52.95,new
MADHAV,EQ,2026-09-03,35.49,35.5,34.8,34.84,35.2,35.25,1391,49000.0,19,,1147.0,82.46,new
MADHAVBAUG,ST,2026-09-03,160.4,160.4,160.3,160.3,160.3,160.8,1600,256999.99999999997,3,,1600.0,100.0,new
MADHAVIPL,EQ,2026-09-03,7.72,8.21,7.72,7.92,7.9,7.97,87850,707000.0,315,,68616.0,78.11,new
MADHUCON,BE,2026-09-03,5.01,5.11,4.76,4.81,4.82,5.01,98743,476000.0,130,,,,new
MADHURKNIT,ST,2026-09-03,85.75,85.75,85.75,85.75,85.75,90.25,2400,206000.0,2,,2400.0,100.0,new
MADHUSUDAN,ST,2026-09-03,231.0,233.0,226.15,232.0,231.0,231.0,22000,5093000.0,20,,20000.0,90.91,new
MADRASFERT,EQ,2026-09-03,64.5,65.5,64.5,65.13,65.0,64.26,34508,2249000.0,507,,16995.0,49.25,new
MAFANG,EQ,2026-09-03,207.08,207.08,207.08,207.08,207.08,209.39,91287,18904000.0,368,,91287.0,100.0,new
MAFATIND,EQ,2026-09-03,121.39,125.0,121.01,123.24,123.0,122.57,30086,3685000.0,809,,21173.0,70.37,new
MAGADSUGAR,EQ,2026-09-03,564.5,579.5,561.5,566.7,569.95,559.15,28860,16441999.999999998,2007,,13432.0,46.54,new
MAGNUM,EQ,2026-09-03,19.0,19.44,19.0,19.0,19.09,19.18,12157,231000.0,39,,12154.0,99.98,new
MAGSON,SM,2026-09-03,183.0,184.0,171.95,184.0,184.0,181.05,27000,4862000.0,15,,21000.0,77.78,new
MAHABANK,EQ,2026-09-03,83.15,87.35,82.82,86.32,86.32,82.4,48646685,4196808000.0,115177,,17408098.0,35.78,new
MAHAPEXLTD,EQ,2026-09-03,55.48,57.0,53.77,54.72,54.24,54.94,5308,291000.0,105,,4436.0,83.57,new
MAHASTEEL,BE,2026-09-03,1262.0,1278.0,1258.2,1258.2,1258.2,1324.4,649,817000.0,73,,,,new
MAHEPC,EQ,2026-09-03,103.8,105.0,102.02,103.25,103.58,101.95,14309,1479000.0,330,,10080.0,70.45,new
MAHESHWARI,BE,2026-09-03,70.71,72.88,70.71,72.88,72.88,71.88,6139,438999.99999999994,24,,,,new
MAHICKRA,SM,2026-09-03,294.0,295.0,283.0,295.0,295.0,291.5,8250,2385000.0,9,,6000.0,72.73,new
MAHKTECH,EQ,2026-09-03,22.26,22.26,22.26,22.26,22.26,22.5,246332,5483000.0,2795,,246253.0,99.97,new
MAHLIFE,EQ,2026-09-03,357.4,363.6,355.5,363.1,363.0,359.0,69350,25006000.0,3579,,35513.0,51.21,new
MAHLOG,EQ,2026-09-03,395.95,403.75,392.05,400.3,401.0,392.45,105313,41837000.0,8157,,60686.0,57.62,new
MAHSCOOTER,EQ,2026-09-03,13578.0,13729.0,13577.0,13639.0,13683.0,13560.0,991,13519000.0,480,,393.0,39.66,new
MAHSEAMLES,EQ,2026-09-03,666.95,682.5,649.75,653.5,650.15,665.05,497338,330665000.0,26453,,222987.0,44.84,new
MAITHANALL,EQ,2026-09-03,1038.0,1046.6,1020.2,1038.5,1036.3,1019.35,95607,98855000.0,5552,,44830.0,46.89,new
MAJESAUT,BE,2026-09-03,354.0,356.7,351.1,352.7,356.25,353.65,2358,833000.0,96,,,,new
MAKEINDIA,EQ,2026-09-03,167.0,167.0,165.24,165.47,165.88,164.96,22062,3654999.9999999995,372,,12246.0,55.51,new
MAKERSL,EQ,2026-09-03,188.0,200.97,182.06,200.77,200.97,182.7,9968,1955999.9999999998,443,,6367.0,63.87,new
MAKS,SM,2026-09-03,14.4,14.4,14.4,14.4,14.4,13.75,3000,43000.0,1,,3000.0,100.0,new
MAL,SM,2026-09-03,32.9,34.75,32.75,34.75,34.75,31.6,104000,3531000.0,45,,97600.0,93.85,new
MALLCOM,EQ,2026-09-03,1025.0,1025.0,995.0,998.8,997.0,1021.15,4823,4854000.0,222,,4448.0,92.22,new
MALUPAPER,EQ,2026-09-03,30.9,33.85,30.8,32.44,32.69,31.05,73407,2384000.0,484,,37735.0,51.41,new
MAMATA,EQ,2026-09-03,404.0,407.0,401.6,404.55,403.2,401.15,28652,11592000.0,1140,,15793.0,55.12,new
MANAKALUCO,EQ,2026-09-03,37.6,38.14,36.91,37.68,37.91,37.12,54631,2057999.9999999998,667,,35349.0,64.71,new
MANAKCOAT,EQ,2026-09-03,122.0,123.49,120.12,120.65,120.5,121.56,72641,8819000.0,1167,,39588.0,54.5,new
MANAKSIA,EQ,2026-09-03,58.1,59.55,58.1,59.12,59.48,58.14,44734,2639000.0,418,,37065.0,82.86,new
MANAKSTEEL,EQ,2026-09-03,112.0,114.76,106.1,111.91,110.0,109.3,656021,73975000.0,4374,,342925.0,52.27,new
MANALIPETC,EQ,2026-09-03,83.0,90.89,82.0,89.73,89.0,82.76,39146179,3474679000.0,123878,,2527693.0,6.46,new
MANAPPURAM,EQ,2026-09-03,343.05,346.45,338.45,341.0,341.0,340.9,3304569,1125272000.0,39486,,1991421.0,60.26,new
MANAV,SM,2026-09-03,37.9,39.5,37.9,38.7,39.5,37.9,8000,310000.0,2,,8000.0,100.0,new
MANBA,EQ,2026-09-03,128.99,131.0,128.28,129.45,130.9,128.31,32969,4264000.0,664,,15589.0,47.28,new
MANCREDIT,EQ,2026-09-03,237.0,237.0,226.21,231.4,236.7,227.79,39072,9029000.0,945,,13238.0,33.88,new
MANDEEP,SM,2026-09-03,18.0,18.0,18.0,18.0,18.0,18.2,2000,36000.0,1,,2000.0,100.0,new
MANGALAM,EQ,2026-09-03,31.4,31.4,29.73,30.3,30.6,30.33,25497,772000.0,220,,16843.0,66.06,new
MANGLMCEM,EQ,2026-09-03,1090.1,1120.0,1090.0,1098.2,1101.0,1092.9,214044,236963000.0,7938,,126204.0,58.96,new
MANINDS,EQ,2026-09-03,751.25,799.0,748.1,793.4,789.2,744.85,1373550,1077645000.0,48503,,509767.0,37.11,new
MANINFRA,EQ,2026-09-03,122.88,125.55,120.6,124.59,124.6,123.27,2550009,315985000.0,13539,,1155518.0,45.31,new
MANIPALHOS,EQ,2026-09-03,715.0,733.0,708.2,726.0,726.0,709.9,4121899,2974246000.0,61044,,2800473.0,67.94,new
MANKIND,EQ,2026-09-03,2390.0,2390.0,2355.4,2368.8,2368.8,2391.5,98805,233821000.0,10116,,50168.0,50.77,new
MANOMAY,EQ,2026-09-03,230.0,230.0,223.81,226.83,226.47,224.52,348547,78619000.0,2742,,41574.0,11.93,new
MANORAMA,EQ,2026-09-03,1869.8,1999.0,1840.8,1966.3,1970.0,1813.1,880433,1693495000.0,55990,,308114.0,35.0,new
MANORG,EQ,2026-09-03,478.0,502.55,474.95,490.25,487.55,478.65,30981,15234000.0,1491,,22112.0,71.37,new
MANUFGBEES,EQ,2026-09-03,164.09,164.34,163.01,163.81,164.34,163.07,2207,361000.0,81,,1277.0,57.86,new
MANUGRAPH,BE,2026-09-03,13.82,14.75,13.82,14.6,14.6,14.38,6502,92000.0,22,,,,new
MANYAVAR,EQ,2026-09-03,547.0,582.5,543.7,568.2,565.0,544.1,1082083,617949000.0,38804,,289055.0,26.71,new
MAPMYINDIA,EQ,2026-09-03,992.0,998.0,963.1,968.6,970.7,982.6,137707,134477000.0,12149,,57331.0,41.63,new
MARALOVER,EQ,2026-09-03,54.25,55.69,54.01,55.26,55.69,54.13,7212,398000.0,61,,6940.0,96.23,new
MARATHON,EQ,2026-09-03,435.95,448.1,428.0,434.95,432.5,433.8,534426,232696999.99999997,4105,,87796.0,16.43,new
MARCO,SM,2026-09-03,33.55,33.55,30.3,32.2,31.25,33.7,18000,576000.0,11,,12000.0,66.67,new
MARICO,EQ,2026-09-03,829.35,832.85,817.8,827.4,827.4,829.35,1702965,1401032000.0,48537,,1143761.0,67.16,new
MARINE,EQ,2026-09-03,436.0,450.0,425.1,430.4,429.5,431.5,956446,418128000.0,24373,,321919.0,33.66,new
MARKOLINES,EQ,2026-09-03,172.3,175.1,170.4,171.34,170.6,172.66,261653,45137000.0,1402,,80600.0,30.8,new
MARKSANS,EQ,2026-09-03,334.3,341.0,331.0,332.2,332.55,332.5,2726464,914787999.9999999,47572,,989386.0,36.29,new
MARSONS,EQ,2026-09-03,123.24,127.5,120.24,125.53,125.6,122.84,3153131,388567000.0,19280,,532233.0,16.88,new
MARUSHIKA,SM,2026-09-03,110.0,110.0,110.0,110.0,110.0,110.0,1200,132000.0,1,,1200.0,100.0,new
MARUTI,EQ,2026-09-03,12853.0,12927.0,12780.0,12857.0,12857.0,12849.0,362982,4670406000.0,50136,,169374.0,46.66,new
MASFIN,EQ,2026-09-03,297.0,297.0,291.1,292.7,293.0,294.45,511563,150029000.0,11724,,446186.0,87.22,new
MASKINVEST,EQ,2026-09-03,146.0,146.0,142.4,143.55,143.55,146.0,31,4000.0,4,,31.0,100.0,new
MASON,SM,2026-09-03,116.1,117.9,115.2,117.2,116.55,116.9,15500,1807999.9999999998,29,,11000.0,70.97,new
MASPTOP50,EQ,2026-09-03,79.26,79.26,79.26,79.26,79.26,80.22,88420,7008000.0,128,,88420.0,100.0,new
MASTEK,EQ,2026-09-03,1780.0,1806.0,1757.0,1792.6,1794.0,1763.0,111140,198106000.0,11549,,46658.0,41.98,new
MASTER,SM,2026-09-03,416.25,431.95,416.25,426.0,426.0,430.65,3000,1278000.0,4,,2000.0,66.67,new
MASTERTR,EQ,2026-09-03,81.81,82.77,80.51,81.03,80.6,80.85,196242,15959000.0,841,,47273.0,24.09,new
MATRIMONY,EQ,2026-09-03,517.25,532.0,514.4,529.6,530.5,514.35,10374,5452000.0,736,,6274.0,60.48,new
MAWANASUG,EQ,2026-09-03,149.0,154.7,145.14,146.27,146.5,147.87,552646,82087000.0,8596,,168114.0,30.42,new
MAXESTATES,EQ,2026-09-03,523.15,536.0,510.2,530.7,532.0,520.65,150726,79383000.0,5900,,92909.0,61.64,new
MAXHEALTH,EQ,2026-09-03,997.0,1000.6,985.5,994.9,994.9,994.0,674912,668904000.0,28722,,319916.0,47.4,new
MAXIND,EQ,2026-09-03,149.0,154.78,146.81,152.89,152.1,147.9,65958,10017000.0,1557,,30550.0,46.32,new
MAXVOLT,SM,2026-09-03,331.0,336.4,328.2,328.4,328.4,333.25,14800,4892000.0,36,,11200.0,75.68,new
MAYURUNIQ,EQ,2026-09-03,734.6,737.85,726.05,728.8,727.2,728.75,33473,24463000.0,2145,,19024.0,56.83,new
MAZDA,BE,2026-09-03,260.0,274.35,256.3,272.85,273.8,261.3,52375,14097000.0,694,,,,new
MAZDOCK,EQ,2026-09-03,2459.0,2497.8,2459.0,2474.0,2474.0,2459.0,324406,803711000.0,17354,,105371.0,32.48,new
MBAPL,EQ,2026-09-03,162.0,162.99,155.53,162.08,161.51,159.07,1525913,242491000.0,12186,,814024.0,53.35,new
MBECL,BE,2026-09-03,246.57,246.57,246.57,246.57,246.57,234.83,5914,1458000.0,125,,,,new
MBEL,EQ,2026-09-03,269.9,280.55,263.5,275.45,274.9,266.1,215533,58571000.0,4029,,51752.0,24.01,new
MBLINFRA,EQ,2026-09-03,23.34,24.5,22.8,24.44,24.5,23.34,66505,1597000.0,210,,51891.0,78.03,new
MCCHRLS-B,EQ,2026-09-03,693.0,693.0,670.0,679.95,679.95,675.6,185,125000.0,13,,168.0,90.81,new
MCL,EQ,2026-09-03,56.01,59.38,56.01,58.5,58.68,56.17,51926,3008000.0,1624,,33082.0,63.71,new
MCLEODRUSS,EQ,2026-09-03,47.79,47.89,46.4,46.61,46.51,47.04,144985,6823000.0,990,,94641.0,65.28,new
MCLOUD,EQ,2026-09-03,26.51,26.97,26.3,26.46,26.51,26.28,1640775,43593000.0,4470,,824987.0,50.28,new
MCX,EQ,2026-09-03,3317.0,3333.0,3170.2,3170.2,3170.2,3286.0,2412959,7742436000.0,132351,,765922.0,31.74,new
MDL,ST,2026-09-03,62.0,62.0,62.0,62.0,62.0,61.95,12000,744000.0,4,,12000.0,100.0,new
MEDANTA,EQ,2026-09-03,1444.9,1471.5,1410.0,1417.3,1425.0,1444.9,314253,447121000.0,32579,,180781.0,57.53,new
MEDIASSIST,EQ,2026-09-03,342.0,347.45,337.05,343.95,345.5,338.75,263298,90699000.0,6447,,184187.0,69.95,new
MEDICAMEQ,EQ,2026-09-03,273.0,273.0,258.0,259.4,258.0,265.25,33679,8839000.0,914,,18952.0,56.27,new
MEDICAPQ,EQ,2026-09-03,26.43,27.0,24.0,25.08,24.65,26.7,2755,71000.0,31,,2709.0,98.33,new
MEDICO,EQ,2026-09-03,39.23,40.3,39.11,39.5,39.61,39.33,60839,2398000.0,1042,,33956.0,55.81,new
MEDISTEP,SM,2026-09-03,22.45,22.85,22.45,22.8,22.85,21.95,15000,339000.0,5,,15000.0,100.0,new
MEDPLUS,EQ,2026-09-03,667.8,670.05,648.0,660.65,664.7,659.95,189923,124823000.0,8940,,123788.0,65.18,new
MEESHO,EQ,2026-09-03,213.4,215.4,207.1,209.74,209.7,211.6,17240943,3629750000.0,111622,,5543934.0,32.16,new
MEGASTAR,EQ,2026-09-03,303.8,310.1,301.9,304.1,304.0,305.45,1074,326000.0,61,,743.0,69.18,new
MEGATHERM,SM,2026-09-03,210.0,213.0,204.0,205.1,205.8,209.55,19200,4007000.0,43,,14400.0,75.0,new
MEIL,EQ,2026-09-03,279.0,285.3,279.0,283.75,281.95,278.9,27751,7844000.0,696,,14642.0,52.76,new
MENNPIS,EQ,2026-09-03,73.61,76.0,73.02,74.82,74.35,74.2,59859,4457000.0,1054,,35869.0,59.92,new
MENONBE,BE,2026-09-03,297.0,308.55,289.0,308.55,308.55,293.9,118744,35754000.0,924,,,,new
MEP,BZ,2026-09-03,0.73,0.74,0.72,0.72,0.72,0.73,743857,540000.0,131,,,,new
MERCANTILE,EQ,2026-09-03,25.05,29.37,24.25,25.55,25.06,25.59,538929,14057000.0,1501,,158246.0,29.36,new
MERCURYEV,EQ,2026-09-03,38.87,38.87,36.0,36.67,37.3,36.66,66676,2469000.0,836,,30114.0,45.16,new
METAL,EQ,2026-09-03,13.59,13.59,13.2,13.29,13.3,13.26,1416357,18874000.0,3763,,697648.0,49.26,new
METALIC,ST,2026-09-03,134.0,138.9,127.25,137.0,135.1,132.3,104000,13894999.999999998,60,,80000.0,76.92,new
METALIETF,EQ,2026-09-03,13.39,13.41,13.05,13.2,13.19,13.19,18275824,241694000.0,8226,,15495374.0,84.79,new
METROBRAND,EQ,2026-09-03,901.25,919.0,901.25,915.65,909.0,900.65,11005,10056000.0,2475,,6004.0,54.56,new
METROGLOBL,EQ,2026-09-03,137.0,137.0,133.3,137.0,137.0,132.95,789,107000.0,18,,766.0,97.08,new
METROPOLIS,EQ,2026-09-03,586.0,593.0,581.0,591.9,591.25,582.2,123255,72396000.0,5768,,57711.0,46.82,new
MFML,EQ,2026-09-03,18.26,19.25,18.26,18.36,18.26,18.57,1991,38000.0,56,,1963.0,98.59,new
MFSL,EQ,2026-09-03,1510.0,1540.0,1510.0,1537.0,1537.0,1505.0,266041,408180000.0,19947,,148668.0,55.88,new
MGEL,BE,2026-09-03,14.2,14.69,13.9,14.4,14.31,14.44,60727,867000.0,168,,,,new
MGL,EQ,2026-09-03,1065.2,1078.9,1065.1,1066.4,1065.5,1065.2,84444,90348000.0,9316,,48508.0,57.44,new
MGSL,SM,2026-09-03,78.0,82.95,71.5,74.55,75.05,77.55,30000,2258000.0,23,,20400.0,68.0,new
MHLXMIRU,BE,2026-09-03,176.0,177.0,172.02,174.89,174.9,176.82,1536,268000.0,54,,,,new
MHRIL,EQ,2026-09-03,208.99,208.99,206.61,207.91,207.3,206.59,78196,16254000.0,1884,,56238.0,71.92,new
MICEL,BE,2026-09-03,37.48,37.48,37.48,37.48,37.48,38.24,76614,2871000.0,418,,,,new
MICROPRO,SM,2026-09-03,19.85,19.85,19.85,19.85,19.85,18.55,1600,32000.0,1,,1600.0,100.0,new
MID150,EQ,2026-09-03,24.0,24.0,23.51,23.63,23.6,23.56,191398,4520000.0,178,,111669.0,58.34,new
MID150BEES,EQ,2026-09-03,242.99,242.99,238.98,240.14,240.5,239.07,325057,78058000.0,5219,,225858.0,69.48,new
MID150CASE,EQ,2026-09-03,11.7,11.74,11.55,11.68,11.74,11.63,770174,8999000.0,3163,,521523.0,67.71,new
MIDBANKADD,EQ,2026-09-03,17.43,17.52,17.43,17.52,17.52,17.33,1239,22000.0,10,,1169.0,94.35,new
MIDCAP,EQ,2026-09-03,18.47,18.69,17.01,18.52,18.58,18.47,374095,6920999.999999999,858,,256613.0,68.6,new
MIDCAPADD,EQ,2026-09-03,23.21,23.33,23.14,23.14,23.14,23.17,10659,248000.0,41,,8407.0,78.87,new
MIDCAPBETA,EQ,2026-09-03,234.05,235.0,233.52,234.77,234.75,234.0,908,213000.0,27,,658.0,72.47,new
MIDCAPETF,EQ,2026-09-03,23.8,23.88,23.0,23.75,23.77,23.63,2213465,52541000.0,4348,,1048409.0,47.37,new
MIDCAPIETF,EQ,2026-09-03,24.43,24.43,23.7,24.06,24.15,23.84,2381083,57270000.00000001,2063,,1983017.0,83.28,new
MIDHANI,EQ,2026-09-03,418.0,424.9,415.5,416.9,417.0,414.4,349584,146814000.0,11155,,118746.0,33.97,new
MIDQ50ADD,EQ,2026-09-03,25.0,25.5,25.0,25.06,25.23,25.1,23429,588000.0,109,,19563.0,83.5,new
MIDSELIETF,EQ,2026-09-03,19.9,20.08,19.83,19.92,19.97,19.88,215124,4293000.0,601,,123018.0,57.18,new
MIDSMALL,EQ,2026-09-03,51.78,52.13,51.77,52.03,52.07,51.63,253256,13172000.0,636,,196066.0,77.42,new
MIDWESTLTD,EQ,2026-09-03,1038.1,1060.0,1026.0,1054.3,1050.0,1036.9,33073,34451000.0,2923,,11474.0,34.69,new
MIEL,SM,2026-09-03,12.4,12.4,12.3,12.3,12.3,12.4,4000,49000.0,2,,4000.0,100.0,new
MIIL,EQ,2026-09-03,728.05,733.45,711.1,718.4,722.5,722.55,75209,54360000.0,1486,,22029.0,29.29,new
MILKYMIST,EQ,2026-09-03,250.62,268.69,246.35,252.89,252.55,252.04,44203953,11368217000.0,376426,,4920246.0,11.13,new
MINALIND,BE,2026-09-03,5.1,5.1,5.0,5.1,5.1,4.86,270637,1380000.0,186,,,,new
MINDACORP,EQ,2026-09-03,710.05,713.0,698.65,706.5,705.35,707.85,168823,119111999.99999999,9414,,74693.0,44.24,new
MINDSPACE,RR,2026-09-03,503.24,508.7,496.22,499.92,500.0,500.74,221116,110335999.99999999,6723,,180043.0,81.42,new
MINDTECK,EQ,2026-09-03,171.0,173.46,165.85,168.22,168.0,170.32,29644,5014000.0,579,,14844.0,50.07,new
MIRZAINT,EQ,2026-09-03,30.86,31.76,30.76,30.99,30.9,30.84,57756,1793000.0,1080,,28907.0,50.05,new
MITCON,BE,2026-09-03,78.86,78.86,76.01,78.0,78.0,78.76,2206,171000.0,28,,,,new
MITTAL,EQ,2026-09-03,0.81,0.82,0.77,0.78,0.79,0.81,697470,555000.0,473,,528697.0,75.8,new
MKEXIM,EQ,2026-09-03,62.0,62.89,58.8,60.18,60.99,61.42,10578,640000.0,155,,8037.0,75.98,new
MKPL,EQ,2026-09-03,4.02,4.07,4.0,4.06,4.07,4.0,41793,169000.0,332,,34928.0,83.57,new
MLKFOOD,EQ,2026-09-03,82.91,85.0,82.15,82.62,82.5,83.15,2031,169000.0,71,,1114.0,54.85,new
MMEL,SM,2026-09-03,23.7,24.5,23.7,24.5,24.5,23.1,4000,96000.0,2,,4000.0,100.0,new
MMFL,EQ,2026-09-03,652.9,660.95,637.2,641.8,645.4,648.05,90623,58683000.00000001,4457,,39763.0,43.88,new
MMP,EQ,2026-09-03,390.8,399.35,382.6,395.95,399.0,384.1,39929,15663999.999999998,1438,,23693.0,59.34,new
MMTC,EQ,2026-09-03,62.89,63.59,62.13,62.32,62.3,62.1,1036048,65094000.00000001,7189,,369360.0,35.65,new
MMWL,EQ,2026-09-03,13.78,14.83,13.78,14.07,13.85,14.13,37516,533000.0,198,,33375.0,88.96,new
MNC,EQ,2026-09-03,33.22,33.41,33.12,33.27,33.16,33.18,209803,6986000.0,344,,141630.0,67.51,new
MOALPHA50,EQ,2026-09-03,56.71,57.0,56.06,56.62,56.55,56.15,5892,332000.0,60,,3598.0,61.07,new
MOBANK10,EQ,2026-09-03,16.79,17.0,16.79,16.9,16.95,16.79,2455,42000.0,41,,1326.0,54.01,new
MOBIKWIK,EQ,2026-09-03,186.39,191.59,184.7,190.61,190.6,185.32,809692,152365000.0,11000,,278602.0,34.41,new
MOBILISE,SM,2026-09-03,113.75,113.75,113.75,113.75,113.75,119.7,1600,182000.0,1,,1600.0,100.0,new
MOCAPITAL,EQ,2026-09-03,53.75,54.3,53.5,53.8,53.75,53.55,515456,27726000.0,1998,,247361.0,47.99,new
MODEFENCE,EQ,2026-09-03,104.09,106.85,104.05,106.05,106.09,105.14,649836,69097000.0,5901,,330072.0,50.79,new
MODINATUR,EQ,2026-09-03,341.0,349.5,331.05,334.3,344.95,340.8,6487,2220000.0,128,,5848.0,90.15,new
MODIRUBBER,EQ,2026-09-03,128.0,135.01,124.02,131.83,133.31,123.8,8142,1064000.0,224,,4592.0,56.4,new
MODIS,EQ,2026-09-03,380.85,389.5,374.25,379.1,377.5,379.1,122198,46715000.0,3778,,47447.0,38.83,new
MODISONLTD,EQ,2026-09-03,520.65,544.9,494.65,494.65,494.65,520.65,583790,300020000.0,13478,,289020.0,49.51,new
MODTHREAD,EQ,2026-09-03,52.9,57.9,52.0,53.39,53.39,52.61,12521,686000.0,178,,4242.0,33.88,new
MOENERGY,EQ,2026-09-03,37.43,38.72,37.43,38.31,38.5,38.19,372208,14297000.0,570,,300448.0,80.72,new
MOGOLD,EQ,2026-09-03,150.65,151.55,150.15,150.65,150.5,148.1,53546,8077000.0,389,,23474.0,43.84,new
MOGSEC,EQ,2026-09-03,65.39,65.4,65.05,65.4,65.4,65.39,72565,4742000.0,36,,72106.0,99.37,new
MOHEALTH,EQ,2026-09-03,52.5,52.68,51.96,52.17,52.25,52.02,84837,4424000.0,462,,77340.0,91.16,new
MOHITE,EQ,2026-09-03,2.96,2.96,2.79,2.8,2.8,2.96,97222,278000.0,173,,86160.0,88.62,new
MOHITIND,EQ,2026-09-03,23.8,24.46,23.32,23.72,24.39,23.72,18575,438999.99999999994,109,,12607.0,67.87,new
MOIL,EQ,2026-09-03,251.15,254.69,249.62,250.68,250.8,250.72,528154,132947000.0,10687,,208409.0,39.46,new
MOINFRA,EQ,2026-09-03,58.58,58.92,58.44,58.66,58.67,58.23,8477,497000.0,59,,6011.0,70.91,new
MOIPO,EQ,2026-09-03,48.56,48.83,48.41,48.74,48.68,48.32,15416,751000.0,27,,14262.0,92.51,new
MOKSH,EQ,2026-09-03,10.28,10.49,9.96,9.98,9.96,10.15,255005,2585000.0,455,,220415.0,86.44,new
MOL,EQ,2026-09-03,66.25,68.8,65.97,67.52,67.46,65.75,3523765,237879000.0,17430,,1362702.0,38.67,new
MOLBIO,EQ,2026-09-03,1120.0,1141.8,1103.0,1135.2,1133.3,1107.8,465643,524710000.00000006,18982,,95678.0,20.55,new
MOLDTECH,BE,2026-09-03,205.0,212.1,205.0,207.31,210.0,202.38,101481,21278000.0,1097,,,,new
MOLDTKPAC,EQ,2026-09-03,698.0,704.95,696.05,699.6,697.6,694.55,24366,17077000.0,1525,,12211.0,50.11,new
MOLOWVOL,EQ,2026-09-03,36.15,36.88,35.92,36.35,36.2,35.98,18033,649000.0,86,,14620.0,81.07,new
MOM100,EQ,2026-09-03,68.3,68.67,67.93,68.18,68.0,67.97,200487,13671000.0,2129,,109305.0,54.52,new
MOM30IETF,EQ,2026-09-03,31.32,31.49,31.22,31.27,31.4,31.15,456481,14285000.0,1374,,304931.0,66.8,new
MOM50,EQ,2026-09-03,249.46,252.12,249.27,250.41,249.27,250.39,5668,1421000.0,93,,3790.0,66.87,new
MOMENTUM,EQ,2026-09-03,31.03,31.62,31.03,31.37,31.22,31.04,107694,3354999.9999999995,162,,61783.0,57.37,new
MOMENTUM30,EQ,2026-09-03,30.98,30.98,30.65,30.65,30.76,30.63,2605,80000.0,37,,1703.0,65.37,new
MOMENTUM50,EQ,2026-09-03,54.49,54.63,54.08,54.25,54.08,54.08,736535,40004000.0,1496,,543645.0,73.81,new
MOMETAL,EQ,2026-09-03,13.41,13.41,13.09,13.16,13.16,13.15,13095,173000.0,30,,9167.0,70.0,new
MOMGF,EQ,2026-09-03,163.14,163.3,162.6,162.74,162.74,161.8,501,82000.0,20,,501.0,100.0,new
MOMIDMTM,EQ,2026-09-03,65.44,65.44,63.75,64.7,64.71,64.09,606954,39137000.0,432,,590145.0,97.23,new
MOMMIDCAP,EQ,2026-09-03,12.62,13.19,10.8,13.02,13.05,12.98,2515473,32724000.0,485,,2432501.0,96.7,new
MOMNC,EQ,2026-09-03,32.21,32.31,32.11,32.29,32.29,32.29,5917,191000.0,34,,5805.0,98.11,new
MOMOMENTUM,EQ,2026-09-03,62.48,62.56,61.92,62.18,61.92,61.83,31547,1960000.0000000002,351,,22647.0,71.79,new
MON100,EQ,2026-09-03,323.86,323.86,323.86,323.86,323.86,328.83,418043,135387000.0,1874,,411041.0,98.33,new
MON50EQUAL,EQ,2026-09-03,33.21,33.27,32.99,33.16,33.19,33.13,2795,93000.0,53,,2520.0,90.16,new
MONARCH,EQ,2026-09-03,386.9,398.9,375.8,381.3,379.5,372.4,272328,104783000.0,5885,,100781.0,37.01,new
MONEXT50,EQ,2026-09-03,73.24,73.27,72.75,73.05,73.05,73.04,20622,1501000.0,56,,19307.0,93.62,new
MONEYBOXX,EQ,2026-09-03,56.05,58.5,51.0,57.22,58.5,56.0,29252,1639999.9999999998,199,,20970.0,71.69,new
MONIFTY100,EQ,2026-09-03,25.33,25.37,25.16,25.17,25.33,25.21,8457,213000.0,56,,5753.0,68.03,new
MONIFTY500,EQ,2026-09-03,23.93,23.94,23.77,23.8,23.82,23.73,443431,10566000.0,1170,,318436.0,71.81,new
MONOLITH,SM,2026-09-03,1264.95,1298.0,1234.0,1286.1,1289.0,1256.7,33000,41712000.0,128,,20500.0,62.12,new
MONQ50,EQ,2026-09-03,141.73,141.73,141.73,141.73,141.73,144.06,11318,1604000.0,108,,11318.0,100.0,new
MONTECARLO,EQ,2026-09-03,549.8,575.1,546.05,564.45,563.5,544.2,152765,86020000.0,4664,,75393.0,49.35,new
MOOILGAS,EQ,2026-09-03,11.25,11.25,11.14,11.21,11.24,11.18,2492,28000.000000000004,32,,2425.0,97.31,new
MOPSE,EQ,2026-09-03,100.49,100.49,98.95,99.4,99.37,98.52,637,63000.0,13,,457.0,71.74,new
MOQUALITY,EQ,2026-09-03,199.11,199.53,199.0,199.01,199.53,199.66,119,24000.0,16,,94.0,78.99,new
MOREALTY,EQ,2026-09-03,87.64,92.27,87.0,91.75,91.89,88.68,2487562,227844000.0,3167,,1787428.0,71.85,new
MOREPENLAB,EQ,2026-09-03,112.5,118.55,109.6,117.45,117.4,111.97,33823982,3929351999.9999995,130716,,8494904.0,25.12,new
MOS,ST,2026-09-03,7.9,7.9,7.9,7.9,7.9,8.3,248000,1959000.0,52,,248000.0,100.0,new
MOSCHIP,EQ,2026-09-03,216.5,218.0,212.88,213.57,213.9,215.84,1081135,232733000.0,13572,,500259.0,46.27,new
MOSERVICE,EQ,2026-09-03,30.9,30.98,30.64,30.64,30.64,30.61,2603,80000.0,21,,2406.0,92.43,new
MOSILVER,EQ,2026-09-03,225.01,228.84,225.01,227.19,227.39,222.79,91619,20908000.0,994,,31987.0,34.91,new
MOSMALL250,EQ,2026-09-03,18.77,18.77,17.5,18.55,18.54,18.3,1932277,35735000.0,1755,,1113026.0,57.6,new
MOTHERSON,EQ,2026-09-03,164.0,164.34,161.35,162.0,162.0,163.3,8794139,1427685000.0,56628,,4451142.0,50.61,new
MOTILALOFS,EQ,2026-09-03,1020.0,1033.2,1006.8,1012.8,1012.8,1017.6,456816,465281000.00000006,16569,,159315.0,34.88,new
MOTISONS,EQ,2026-09-03,15.54,15.82,15.24,15.37,15.35,15.43,22301002,344301000.0,14942,,4579410.0,20.53,new
MOTOGENFIN,BE,2026-09-03,27.64,27.99,27.5,27.97,27.97,27.51,10082,280000.0,46,,,,new
MOTOUR,EQ,2026-09-03,77.0,77.98,77.0,77.89,77.6,77.0,35014,2712000.0,137,,34388.0,98.21,new
MOVALUE,EQ,2026-09-03,113.5,113.87,111.77,112.8,112.47,112.33,76298,8627000.0,653,,56771.0,74.41,new
MOXSH,SM,2026-09-03,99.0,99.0,99.0,99.0,99.0,103.6,3200,317000.0,2,,3200.0,100.0,new
MPDL,BE,2026-09-03,33.22,33.23,33.07,33.23,33.23,31.65,2759,92000.0,19,,,,new
MPEL,ST,2026-09-03,25.85,26.05,25.85,26.05,26.05,24.85,6400,166000.0,4,,6400.0,100.0,new
MPHASIS,EQ,2026-09-03,2481.2,2489.3,2432.0,2471.0,2471.0,2480.0,408569,1001383000.0,25544,,254231.0,62.22,new
MPSLTD,EQ,2026-09-03,2609.0,2643.8,2556.1,2620.6,2640.0,2594.6,13725,35823000.0,2331,,7827.0,57.03,new
MRF,EQ,2026-09-03,132800.0,132800.0,130100.0,130510.0,131160.0,131880.0,6240,815722000.0,4815,,2984.0,47.82,new
MRPL,EQ,2026-09-03,175.21,179.99,174.5,175.99,176.4,175.22,9658885,1719100999.9999998,55005,,2495302.0,25.83,new
MSCI360,EQ,2026-09-03,10.07,10.14,9.91,10.06,10.06,10.07,2986,30000.0,22,,2983.0,99.9,new
MSCIADD,EQ,2026-09-03,29.45,29.57,29.37,29.37,29.37,29.41,2460,72000.0,14,,2147.0,87.28,new
MSCIINDIA,EQ,2026-09-03,29.86,29.89,29.59,29.71,29.59,29.74,3431,102000.0,81,,2780.0,81.03,new
MSL,EQ,2026-09-03,143.0,143.0,137.53,137.53,137.53,137.53,10,1000.0,3,,10.0,100.0,new
MSPL,EQ,2026-09-03,36.48,37.48,35.05,35.34,35.5,36.14,1094788,39726000.0,3565,,519308.0,47.43,new
MSTCLTD,EQ,2026-09-03,714.0,748.35,714.0,744.25,746.0,711.75,332350,245158000.0,13517,,137200.0,41.28,new
MSUMI,EQ,2026-09-03,36.71,37.2,36.5,37.03,37.0,36.6,6249596,229810000.0,24167,,3493350.0,55.9,new
MTARTECH,BE,2026-09-03,6869.5,6945.0,6775.0,6820.0,6800.0,6872.0,44753,305387000.0,7799,,,,new
MTEDUCARE,BE,2026-09-03,1.76,1.8,1.67,1.69,1.69,1.75,19275,33000.0,44,,,,new
MTNL,EQ,2026-09-03,26.6,26.83,26.35,26.42,26.5,26.43,324235,8603000.0,1699,,167140.0,51.55,new
MUFIN,EQ,2026-09-03,135.4,138.48,135.2,136.92,137.0,134.65,553156,75796000.0,2850,,185768.0,33.58,new
MUFTI,EQ,2026-09-03,72.89,74.06,72.0,72.87,72.95,72.13,56681,4140000.0,939,,31397.0,55.39,new
MUKANDLTD,EQ,2026-09-03,134.19,135.89,132.22,132.97,132.22,134.18,48639,6509999.999999999,732,,31034.0,63.8,new
MUKESHB,EQ,2026-09-03,133.76,135.0,133.0,134.0,134.0,133.76,2606,349000.0,13,,2606.0,100.0,new
MUKKA,EQ,2026-09-03,26.99,28.92,26.9,28.72,28.84,26.85,3369622,95400000.0,11206,,1594010.0,47.31,new
MUKTAARTS,BE,2026-09-03,58.94,58.94,56.1,56.1,56.1,57.5,929,53000.0,16,,,,new
MULTICAP,EQ,2026-09-03,16.78,16.8,16.73,16.75,16.74,16.68,116889,1959000.0,397,,63169.0,54.04,new
MUNISH,SM,2026-09-03,85.9,86.2,82.55,82.55,82.55,83.15,69600,5890000.0,29,,66000.0,94.83,new
MUNJALAU,EQ,2026-09-03,113.61,116.03,112.33,112.92,113.0,113.44,334364,37969000.0,3896,,112780.0,33.73,new
MUNJALSHOW,EQ,2026-09-03,129.6,130.8,127.78,129.27,129.0,129.2,28163,3635000.0,391,,16070.0,57.06,new
MURUDCERA,EQ,2026-09-03,30.35,30.6,29.6,29.97,29.81,29.88,6050,181000.0,97,,5597.0,92.51,new
MUTHOOTCAP,EQ,2026-09-03,241.22,252.0,241.22,243.75,244.86,241.22,14423,3559000.0000000005,515,,7216.0,50.03,new
MUTHOOTFIN,EQ,2026-09-03,2975.0,2985.9,2926.5,2926.5,2926.5,2937.7,566996,1675413000.0,29166,,199386.0,35.17,new
MUTHOOTMF,EQ,2026-09-03,205.87,208.0,203.51,206.89,206.95,203.2,242554,49854000.0,3038,,103328.0,42.6,new
MVELECTRO,EQ,2026-09-03,685.0,744.8,661.65,730.65,729.0,686.05,8739539,6308769000.0,160034,,761327.0,8.71,new
MVGJL,EQ,2026-09-03,161.76,177.73,160.81,171.97,173.66,161.76,753678,129752000.0,15887,,239538.0,31.78,new
MVKAGRO,SM,2026-09-03,225.1,225.1,225.1,225.1,225.1,214.4,3900,877999.9999999999,10,,3900.0,100.0,new
MWL,EQ,2026-09-03,39.6,39.9,38.81,39.08,39.25,39.2,531033,20912000.0,1766,,399616.0,75.25,new
MYMUDRA,SM,2026-09-03,68.3,71.0,68.3,70.0,70.0,71.0,3600,250999.99999999997,3,,2400.0,66.67,new
MYSORPETRO,BE,2026-09-03,120.0,126.05,118.1,124.89,126.05,120.05,10283,1254000.0,139,,,,new
NACLIND,EQ,2026-09-03,170.1,171.87,165.44,166.45,167.69,167.4,341726,57166999.99999999,5531,,160212.0,46.88,new
NAGREEKCAP,EQ,2026-09-03,23.8,23.89,22.61,22.87,23.13,23.24,4720,110000.00000000001,92,,3578.0,75.81,new
NAGREEKEXP,EQ,2026-09-03,21.7,21.88,20.8,21.3,21.35,21.35,16505,352000.0,226,,10014.0,60.67,new
NAHARCAP,EQ,2026-09-03,263.0,263.0,256.3,259.5,260.0,258.8,1304,337000.0,61,,886.0,67.94,new
NAHARINDUS,EQ,2026-09-03,133.86,140.64,133.05,137.96,138.5,133.86,41039,5663000.0,735,,28922.0,70.47,new
NAHARPOLY,EQ,2026-09-03,252.01,253.6,244.03,248.39,244.15,250.37,10170,2531000.0,238,,6332.0,62.26,new
NAHARSPING,EQ,2026-09-03,294.5,298.45,291.05,293.0,293.25,294.95,19923,5874000.0,611,,14969.0,75.13,new
NAM-INDIA,EQ,2026-09-03,1171.2,1180.2,1150.4,1164.9,1164.9,1171.5,1722843,2000277000.0,38749,,1024481.0,59.46,new
NAMOEWASTE,ST,2026-09-03,262.0,265.5,258.0,262.2,262.25,264.0,12800,3356000.0,16,,9600.0,75.0,new
NARMADA,EQ,2026-09-03,13.63,15.0,13.4,13.62,13.53,13.63,420123,5762000.0,985,,262523.0,62.49,new
NATCAPSUQ,BE,2026-09-03,218.5,226.98,218.5,226.98,226.98,216.18,18619,4210000.0,309,,,,new
NATCOPHARM,EQ,2026-09-03,843.3,849.95,835.8,838.3,838.3,843.25,217962,182834000.0,23242,,114569.0,52.56,new
NATHBIOGEN,EQ,2026-09-03,152.54,155.3,152.54,153.07,153.06,152.55,6355,977000.0,159,,4805.0,75.61,new
NATIONALUM,EQ,2026-09-03,374.0,378.5,370.55,374.0,374.0,370.0,3760490,1405897000.0,68506,,1809230.0,48.11,new
NATIONSTD,EQ,2026-09-03,104.5,107.0,99.32,104.75,104.2,103.94,39226,4069000.0,921,,24432.0,62.29,new
NAUKRI,EQ,2026-09-03,1343.7,1348.9,1320.2,1330.0,1330.0,1343.7,450580,600595000.0,23303,,224699.0,49.87,new
NAVA,EQ,2026-09-03,564.2,569.2,554.3,557.2,557.0,560.75,224924,126259999.99999999,9452,,116718.0,51.89,new
NAVINFLUOR,EQ,2026-09-03,8552.5,8718.0,8500.0,8697.0,8700.0,8542.5,142402,1226906000.0,40923,,77002.0,54.07,new
NAVKARCORP,EQ,2026-09-03,95.7,98.4,95.12,97.44,97.05,95.47,217243,21009000.0,1697,,118885.0,54.72,new
NAVKARURB,BE,2026-09-03,0.89,0.9,0.87,0.89,0.9,0.89,318951,284000.0,253,,,,new
NAVNETEDUL,EQ,2026-09-03,133.9,134.0,131.5,132.08,132.5,133.91,58172,7715000.000000001,1398,,40007.0,68.77,new
NAZARA,EQ,2026-09-03,366.5,368.9,361.35,365.8,367.4,366.0,661018,241284000.0,9947,,308410.0,46.66,new
NBCC,EQ,2026-09-03,85.15,86.9,85.15,86.5,86.5,85.0,3561028,306866000.0,19617,,1313697.0,36.89,new
NBIFIN,EQ,2026-09-03,2000.0,2055.1,1965.0,1983.4,1965.0,1986.2,341,683000.0,40,,265.0,77.71,new
NCC,EQ,2026-09-03,143.5,147.5,143.5,147.24,147.0,142.53,1686749,245928000.00000003,16825,,725439.0,43.01,new
NCLIND,EQ,2026-09-03,174.95,178.5,174.81,177.36,176.75,174.94,29657,5244000.0,2844,,15209.0,51.28,new
NDGL,EQ,2026-09-03,2795.0,2798.0,2755.0,2757.6,2757.6,2743.9,56,155000.0,22,,46.0,82.14,new
NDL,EQ,2026-09-03,2.86,2.89,2.82,2.83,2.84,2.85,786673,2248000.0,1120,,584713.0,74.33,new
NDLVENTURE,EQ,2026-09-03,124.88,124.88,120.13,123.01,123.0,120.91,13539,1664999.9999999998,83,,11034.0,81.5,new
NDRAUTO,EQ,2026-09-03,720.95,727.95,718.7,724.2,724.0,719.15,8085,5838000.0,780,,5242.0,64.84,new
NDRINVIT,IV,2026-09-03,145.0,145.0,145.0,145.0,145.0,143.0,25000,3625000.0,1,,25000.0,100.0,new
NDTV,EQ,2026-09-03,71.75,72.78,70.55,70.66,70.72,70.84,46817,3328000.0,626,,30043.0,64.17,new
NEAGI,EQ,2026-09-03,3370.1,3370.1,3370.1,3370.1,3370.1,3370.1,1,3000.0,1,,1.0,100.0,new
NECCLTD,BE,2026-09-03,16.8,17.68,16.8,17.63,17.65,16.9,203067,3556000.0,256,,,,new
NECLIFE,EQ,2026-09-03,12.15,12.65,12.1,12.17,12.22,12.31,274924,3372999.9999999995,416,,208994.0,76.02,new
NELCAST,EQ,2026-09-03,117.96,120.45,117.3,118.76,118.35,117.58,337600,40043000.0,3341,,234541.0,69.47,new
NELCO,EQ,2026-09-03,936.6,963.0,930.5,933.75,931.2,929.65,218453,206730000.00000003,8897,,59766.0,27.36,new
NEOCHEM,SM,2026-09-03,93.2,98.0,93.2,96.1,96.1,98.5,13200,1276000.0,10,,8400.0,63.64,new
NEOGEN,EQ,2026-09-03,2136.4,2170.0,2114.0,2137.1,2145.0,2136.4,69594,148737000.0,14002,,30943.0,44.46,new
NEPHROCARE,SM,2026-09-03,98.5,101.35,98.0,98.0,98.0,97.0,3200,317000.0,8,,2800.0,87.5,new
NEPHROPLUS,EQ,2026-09-03,693.3,712.3,686.1,706.75,707.0,692.7,198406,139463000.0,8857,,136851.0,68.98,new
NEPTUNE,SM,2026-09-03,178.6,178.6,174.0,174.0,174.0,178.5,5000,882000.0,8,,5000.0,100.0,new
NESCO,EQ,2026-09-03,1038.4,1050.0,1033.2,1044.8,1043.5,1038.4,47302,49356000.0,5660,,25972.0,54.91,new
NESTLEIND,EQ,2026-09-03,1424.1,1424.1,1407.0,1416.0,1416.0,1425.0,660284,933361000.0,34526,,373152.0,56.51,new
NETF,EQ,2026-09-03,261.3,263.99,260.4,260.55,260.41,261.3,1922,501999.99999999994,156,,1767.0,91.94,new
NETWEB,EQ,2026-09-03,5165.0,5375.0,5114.0,5270.0,5279.0,5110.0,2365927,12484112000.0,181434,,474112.0,20.04,new
NETWORK18,EQ,2026-09-03,27.5,27.82,27.33,27.55,27.69,27.24,3195984,88049000.0,6381,,1829041.0,57.23,new
NEUEON,BE,2026-09-03,10.91,11.88,10.88,10.94,10.88,11.45,157819,1738000.0,179,,,,new
NEULANDLAB,EQ,2026-09-03,23075.0,23295.0,22810.0,22890.0,22900.0,22960.0,32650,750096000.0,13760,,18070.0,55.34,new
NEWGEN,EQ,2026-09-03,525.0,527.5,514.5,517.65,519.2,519.3,624729,323700000.0,15527,,224105.0,35.87,new
NEWJAISA,ST,2026-09-03,17.75,17.75,17.75,17.75,17.75,18.05,1500,27000.0,1,,1500.0,100.0,new
NEXT30ADD,EQ,2026-09-03,42.6,42.79,42.43,42.59,42.6,42.6,2929,125000.0,62,,1282.0,43.77,new
NEXT50,EQ,2026-09-03,771.14,771.14,753.28,755.13,756.12,752.34,19426,14672999.999999998,1090,,8283.0,42.64,new
NEXT50ADD,EQ,2026-09-03,73.75,74.79,73.25,73.68,73.76,73.56,3326,244000.0,43,,1123.0,33.76,new
NEXT50BETA,EQ,2026-09-03,79.59,79.59,78.5,78.93,79.34,79.27,95865,7570999.999999999,558,,54406.0,56.75,new
NEXT50ETF,EQ,2026-09-03,73.92,73.92,73.4,73.64,73.58,73.37,10559,778000.0,73,,10201.0,96.61,new
NEXT50IETF,EQ,2026-09-03,78.88,78.88,77.0,77.06,77.1,76.96,314238,24268000.0,3779,,216161.0,68.79,new
NEXTMEDIA,EQ,2026-09-03,4.19,4.19,4.0,4.0,4.0,4.21,55549,225000.0,149,,43274.0,77.9,new
NFL,EQ,2026-09-03,70.3,70.94,70.11,70.33,70.28,69.98,404241,28492000.0,2572,,138370.0,34.23,new
NFPSAMPOOR,SM,2026-09-03,21.45,21.45,20.5,20.5,20.5,21.45,6000,125000.0,3,,6000.0,100.0,new
NGIL,EQ,2026-09-03,40.0,41.4,39.28,40.24,40.85,39.41,13022,532000.0,64,,10306.0,79.14,new
NGLFINE,EQ,2026-09-03,2719.9,2999.8,2676.0,2940.8,2911.0,2688.7,69056,197733000.0,10142,,11941.0,17.29,new
NH,EQ,2026-09-03,1928.2,1929.4,1877.0,1882.2,1885.5,1922.7,120292,228017000.0,18961,,63404.0,52.71,new
NHIT,IV,2026-09-03,171.0,171.0,171.0,171.0,171.0,171.0,25000,4275000.0,1,,25000.0,100.0,new
NHPC,EQ,2026-09-03,76.11,77.21,75.87,76.45,76.45,75.65,14041987,1075039000.0,28829,,7686798.0,54.74,new
NIACL,EQ,2026-09-03,198.7,203.82,192.87,195.33,195.05,199.11,6906382,1376648000.0,59041,,1274224.0,18.45,new
NIBE,EQ,2026-09-03,1373.9,1418.9,1310.0,1322.0,1310.0,1342.9,61410,81913000.0,4975,,28015.0,45.62,new
NIBL,EQ,2026-09-03,31.65,32.0,30.65,30.76,30.76,31.08,1464,46000.0,39,,1176.0,80.33,new
NICCOPAR,EQ,2026-09-03,79.04,79.04,78.0,78.2,78.0,79.04,452,36000.0,14,,452.0,100.0,new
NIDAN,SM,2026-09-03,12.9,15.0,12.9,14.85,14.7,12.75,81000,1162000.0,64,,52000.0,64.2,new
NIF100BEES,EQ,2026-09-03,265.78,267.23,264.8,265.6,266.0,264.89,59036,15709000.0,688,,50967.0,86.33,new
NIF100IETF,EQ,2026-09-03,27.98,28.11,27.89,27.93,27.9,27.96,75038,2101000.0,1033,,40774.0,54.34,new
NIF500BETA,EQ,2026-09-03,38.06,38.3,37.45,37.45,37.45,37.31,1986,75000.0,19,,1983.0,99.85,new
NIFTY1,EQ,2026-09-03,266.0,268.24,264.87,265.42,265.9,265.54,45063,11989000.0,1058,,23549.0,52.26,new
NIFTY100EW,EQ,2026-09-03,35.49,35.49,34.91,35.0,35.09,34.95,82606,2893000.0,172,,75938.0,91.93,new
NIFTYADD,EQ,2026-09-03,252.18,253.64,251.48,251.97,252.43,252.18,6783,1714000.0,132,,4401.0,64.88,new
NIFTYAXIS,EQ,2026-09-03,266.64,266.64,264.06,264.58,264.9,264.93,3036,806000.0,190,,1619.0,53.33,new
NIFTYBEES,EQ,2026-09-03,276.5,276.5,270.0,272.63,272.55,272.56,4418043,1207006000.0,42140,,2447957.0,55.41,new
NIFTYBETA,EQ,2026-09-03,265.49,267.61,264.75,264.92,267.61,265.48,76337,20290000.0,455,,67785.0,88.8,new
NIFTYBETF,EQ,2026-09-03,247.43,248.67,245.59,245.83,246.5,246.26,964866,237744999.99999997,1327,,800937.0,83.01,new
NIFTYCASE,EQ,2026-09-03,9.85,9.85,9.58,9.59,9.62,9.61,400926,3860000.0,1596,,308129.0,76.85,new
NIFTYETF,EQ,2026-09-03,261.36,261.8,259.7,260.05,259.7,260.05,68810,17932000.0,744,,32318.0,46.97,new
NIFTYIETF,EQ,2026-09-03,273.1,273.1,270.6,270.98,270.99,271.22,680558,184872000.0,9572,,421435.0,61.92,new
NIFTYJBLK,EQ,2026-09-03,12.59,12.59,12.22,12.29,12.3,12.29,335371,4124000.0,620,,268645.0,80.1,new
NIFTYQLITY,EQ,2026-09-03,21.48,21.66,21.28,21.36,21.46,21.39,60746,1299000.0,136,,57391.0,94.48,new
NIITLTD,EQ,2026-09-03,97.99,98.88,97.0,97.57,97.12,97.33,169439,16582000.0,2134,,80355.0,47.42,new
NIITMTS,EQ,2026-09-03,223.5,225.23,222.0,222.91,222.1,223.47,88845,19841000.0,2858,,56117.0,63.16,new
NIKITA,SM,2026-09-03,73.0,73.0,70.1,71.55,70.1,75.05,8400,604000.0,6,,8400.0,100.0,new
NILAINFRA,EQ,2026-09-03,6.66,6.77,6.66,6.7,6.71,6.71,140905,943000.0,543,,106034.0,75.25,new
NILASPACES,EQ,2026-09-03,12.76,12.85,12.21,12.28,12.35,12.51,1904437,23613000.0,2675,,829842.0,43.57,new
NILE,EQ,2026-09-03,1478.9,1485.0,1461.1,1470.5,1476.9,1471.5,1689,2484000.0,291,,1235.0,73.12,new
NILKAMAL,EQ,2026-09-03,2072.8,2149.5,2035.7,2111.1,2128.0,2063.1,52362,110364000.00000001,6463,,20552.0,39.25,new
NIMBSPROJ,EQ,2026-09-03,163.07,163.07,151.93,151.93,151.93,159.92,2823,434999.99999999994,184,,1997.0,70.74,new
NINSYS,EQ,2026-09-03,725.0,737.0,704.0,709.25,712.25,710.95,5444,3897999.9999999995,841,,3833.0,70.41,new
NIPPOBATRY,EQ,2026-09-03,321.2,330.0,321.2,324.0,323.6,323.1,705,229000.0,67,,489.0,69.36,new
NIRAJ,EQ,2026-09-03,28.71,29.6,28.41,29.13,29.23,29.0,40900,1184000.0,145,,33271.0,81.35,new
NIRAJISPAT,BE,2026-09-03,410.0,410.0,408.2,408.2,408.2,429.65,524,214000.0,31,,,,new
NIRLON,EQ,2026-09-03,639.8,639.8,620.0,621.6,624.8,649.8,14704,9174000.0,1100,,7460.0,50.73,new
NIRMAN,SM,2026-09-03,28.3,29.0,28.0,28.35,28.35,28.6,7800,221000.0,25,,6600.0,84.62,new
NITCO,EQ,2026-09-03,94.01,97.1,92.75,96.28,96.01,94.3,375686,35657000.0,3406,,188683.0,50.22,new
NITINSPIN,EQ,2026-09-03,624.1,649.55,623.05,640.25,638.0,623.85,160161,102598000.0,6098,,78005.0,48.7,new
NITIRAJ,EQ,2026-09-03,209.94,209.94,198.25,205.13,209.0,206.0,1391,286000.0,92,,782.0,56.22,new
NITTAGELA,EQ,2026-09-03,1624.5,1650.0,1603.0,1639.1,1610.3,1618.2,1826,2952000.0,406,,1389.0,76.07,new
NIVABUPA,EQ,2026-09-03,80.73,81.69,80.21,80.73,80.89,80.73,531089,42910000.0,5923,,353210.0,66.51,new
NKIND,EQ,2026-09-03,57.0,59.5,56.11,56.32,56.25,57.0,419,24000.0,15,,250.0,59.67,new
NLCINDIA,EQ,2026-09-03,276.9,281.35,273.6,274.9,275.5,275.5,1025588,283374000.0,40846,,496512.0,48.41,new
NMDC,EQ,2026-09-03,85.76,86.87,84.19,84.19,84.19,85.75,13174732,1121149000.0,40278,,5939731.0,45.08,new
NMSTEEL,SM,2026-09-03,23.95,23.95,23.9,23.9,23.9,22.9,4800,114999.99999999999,3,,4800.0,100.0,new
NOCIL,EQ,2026-09-03,171.5,175.1,170.21,171.8,172.25,169.95,590378,101936000.0,6890,,217575.0,36.85,new
NOIDATOLL,EQ,2026-09-03,4.5,4.5,4.18,4.27,4.28,4.11,97360,421000.0,329,,63210.0,64.92,new
NORBTEAEXP,EQ,2026-09-03,67.49,68.55,67.49,68.55,68.55,65.29,862,59000.0,17,,856.0,99.3,new
NORTHARC,EQ,2026-09-03,302.7,308.5,299.8,304.6,304.65,299.7,1694057,515846000.0,18202,,861196.0,50.84,new
NOVAAGRI,BE,2026-09-03,23.86,24.0,23.39,23.55,23.6,23.51,44710,1057000.0,211,,,,new
NOVARTIND,EQ,2026-09-03,1610.0,1620.8,1585.6,1614.1,1608.0,1601.5,16580,26664000.0,1580,,12203.0,73.6,new
NPBET,EQ,2026-09-03,287.67,306.0,287.67,292.64,306.0,285.57,41555,12050000.0,1199,,40107.0,96.52,new
NPST,EQ,2026-09-03,1700.0,1730.0,1666.5,1718.4,1724.1,1690.0,80429,137109000.0,5909,,36690.0,45.62,new
NRAIL,EQ,2026-09-03,502.85,505.0,489.0,496.05,498.0,498.5,6835,3386000.0,225,,5431.0,79.46,new
NRBBEARING,EQ,2026-09-03,452.0,459.55,441.2,451.05,453.5,453.55,187065,84404000.0,5471,,108634.0,58.07,new
NRL,BE,2026-09-03,124.44,124.44,124.44,124.44,124.44,122.0,129262,16085000.0,190,,,,new
NRVANDANA,SM,2026-09-03,70.0,70.0,68.1,68.1,68.1,70.0,27000,1866000.0,7,,21000.0,77.78,new
NSIL,EQ,2026-09-03,5700.0,5724.0,5635.0,5683.0,5696.0,5647.5,995,5654000.0,262,,652.0,65.53,new
NSLNISP,EQ,2026-09-03,46.1,46.6,45.12,45.4,45.47,45.69,4161680,190178000.0,19347,,1640012.0,39.41,new
NTCIND,EQ,2026-09-03,134.7,134.7,131.88,132.95,134.35,134.95,907,120000.0,45,,798.0,87.98,new
NTPC,EQ,2026-09-03,330.45,332.7,329.1,330.9,330.9,330.0,8100926,2679623000.0,123522,,5017573.0,61.94,new
NTPCGREEN,EQ,2026-09-03,88.25,89.59,87.9,88.73,88.82,88.12,3480259,308449000.0,38348,,1927212.0,55.38,new
NUCLEUS,EQ,2026-09-03,738.75,744.9,735.0,740.0,740.0,740.65,8528,6307000.0,623,,5332.0,62.52,new
NURECA,BE,2026-09-03,333.0,345.55,321.25,332.6,333.15,336.75,4468,1483000.0,170,,,,new
NUVAMA,EQ,2026-09-03,1870.0,1870.0,1800.2,1839.2,1837.5,1841.0,299410,548723000.0,24716,,107095.0,35.77,new
NUVOCO,EQ,2026-09-03,333.0,339.5,328.25,338.1,337.5,328.15,705546,236253000.00000003,22691,,240526.0,34.09,new
NV20,EQ,2026-09-03,13.91,14.02,13.89,13.94,13.91,13.91,79070,1101000.0,191,,66231.0,83.76,new
NV20BEES,EQ,2026-09-03,140.63,140.63,138.58,139.13,138.58,139.66,12226,1702000.0,195,,9632.0,78.78,new
NV20IETF,EQ,2026-09-03,13.55,13.7,13.53,13.55,13.58,13.55,227799,3096000.0,1526,,136620.0,59.97,new
NXST,RR,2026-09-03,167.99,168.19,166.6,167.8,167.9,167.35,171991,28806000.0,4803,,130365.0,75.8,new
NXT-INFRA,IV,2026-09-03,97.0,97.0,96.99,97.0,97.0,97.0,450000,43650000.0,10,,450000.0,100.0,new
NYKAA,EQ,2026-09-03,337.4,339.05,331.7,334.2,334.2,337.4,2909741,972418000.0,33228,,1600069.0,54.99,new
OAL,EQ,2026-09-03,463.9,503.7,460.0,502.3,503.7,457.95,162215,79822000.0,4817,,86063.0,53.05,new
OBCL,EQ,2026-09-03,55.98,55.98,54.8,54.99,54.99,54.77,5857,322000.0,52,,4825.0,82.38,new
OBEROIRLTY,EQ,2026-09-03,1866.1,1912.7,1866.1,1902.0,1902.0,1866.0,1127326,2138618999.9999998,58356,,612735.0,54.35,new
OBSCP,SM,2026-09-03,848.1,860.0,841.05,841.9,842.1,848.05,15200,12891000.0,38,,9200.0,60.53,new
OCCLLTD,BE,2026-09-03,164.7,168.9,163.01,164.32,164.99,163.35,76796,12755000.0,412,,,,new
ODIGMA,EQ,2026-09-03,23.25,23.84,21.95,23.47,23.4,23.09,21840,505999.99999999994,549,,19231.0,88.05,new
ODYCORP,EQ,2026-09-03,7.48,7.67,6.25,6.93,6.96,7.42,186245,1305000.0,731,,141030.0,75.72,new
OFSS,EQ,2026-09-03,12190.0,12227.0,12013.0,12149.0,12149.0,12158.0,217661,2636104000.0,35271,,112236.0,51.56,new
OIL,EQ,2026-09-03,498.15,499.65,487.35,490.0,490.0,498.15,1471365,724105000.0,29344,,570626.0,38.78,new
OILCOUNTUB,BE,2026-09-03,66.32,66.32,66.32,66.32,66.32,67.67,13880,921000.0000000001,38,,,,new
OILIETF,EQ,2026-09-03,11.31,11.38,11.3,11.33,11.32,11.3,1893627,21457000.0,1463,,1605730.0,84.8,new
OLAELEC,EQ,2026-09-03,39.35,39.7,37.11,37.47,37.45,38.98,66732839,2550157000.0,133011,,22035123.0,33.02,new
OLECTRA,EQ,2026-09-03,1247.0,1289.7,1240.0,1244.8,1245.0,1238.9,710407,894953000.0000001,44797,,193144.0,27.19,new
OLIL,SM,2026-09-03,421.9,421.9,405.0,408.65,405.0,411.8,23200,9492000.0,29,,16400.0,70.69,new
OMAXAUTO,EQ,2026-09-03,188.49,189.47,181.35,183.59,183.5,187.09,41424,7659999.999999999,1185,,24318.0,58.71,new
OMAXE,EQ,2026-09-03,133.58,135.8,125.51,127.29,126.5,132.67,5734642,743719000.0,27222,,1154118.0,20.13,new
OMFREIGHT,BE,2026-09-03,88.08,90.0,87.5,89.0,89.0,88.08,2396,213000.0,77,,,,new
OMFURN,SM,2026-09-03,56.5,56.5,56.5,56.5,56.5,56.5,1200,68000.0,1,,1200.0,100.0,new
OMINFRAL,EQ,2026-09-03,81.9,83.85,81.9,82.68,82.98,81.84,21253,1755999.9999999998,494,,12730.0,59.9,new
OMNI,EQ,2026-09-03,546.7,546.7,514.1,519.25,517.85,543.15,648674,340775000.0,20714,,282362.0,43.53,new
OMPOWER,EQ,2026-09-03,171.86,173.8,170.15,171.09,170.77,171.86,32744,5611000.0,507,,18313.0,55.93,new
ONDOOR,SM,2026-09-03,286.05,294.0,280.0,291.55,294.0,286.05,7500,2160000.0,21,,6000.0,80.0,new
ONEGLOBAL,EQ,2026-09-03,494.0,527.15,494.0,527.15,527.15,502.05,132633,69209000.0,642,,128662.0,97.01,new
ONELIFECAP,BE,2026-09-03,32.03,32.91,31.56,31.98,32.13,31.93,4286,137000.0,36,,,,new
ONEPOINT,EQ,2026-09-03,54.61,55.98,53.55,54.62,54.37,54.61,604182,32886000.0,2261,,192139.0,31.8,new
ONESOURCE,EQ,2026-09-03,1559.0,1596.6,1546.0,1575.7,1583.0,1544.4,118656,187578000.0,12762,,57222.0,48.23,new
ONGC,EQ,2026-09-03,237.5,237.8,235.0,236.0,236.0,237.5,5175513,1221315000.0,48220,,2695572.0,52.08,new
ONIDA,EQ,2026-09-03,36.12,36.12,34.07,34.35,34.26,35.57,406531,14179000.0,1260,,291714.0,71.76,new
ONIXSOLAR,EQ,2026-09-03,374.9,384.0,373.0,384.0,384.0,365.75,404235,154440000.0,1288,,262613.0,64.97,new
ONMOBILE,BE,2026-09-03,48.0,48.0,47.54,47.54,47.54,48.51,148588,7104000.000000001,513,,,,new
ONWARDTEC,EQ,2026-09-03,284.55,286.95,281.15,283.3,281.65,284.55,24237,6903000.0,542,,15548.0,64.15,new
ONYX,ST,2026-09-03,38.0,39.25,37.95,39.25,39.25,39.9,50000,1903000.0,15,,46000.0,92.0,new
OPTIEMUS,EQ,2026-09-03,573.0,584.8,556.5,564.85,567.25,571.0,174663,98626000.0,7931,,84754.0,48.52,new
OPTIFIN,EQ,2026-09-03,13.47,15.79,12.85,14.98,14.91,13.16,353825,5288000.0,522,,283956.0,80.25,new
OPTIMYSTIX,SM,2026-09-03,144.1,148.7,140.35,144.6,146.0,147.9,144800,20657000.0,104,,108000.0,74.59,new
OPTIVALUE,ST,2026-09-03,167.0,167.5,164.9,165.8,166.0,168.0,22400,3711000.0,12,,19200.0,85.71,new
ORBTEXP,BE,2026-09-03,241.4,243.82,235.23,238.0,238.0,240.76,824,197000.0,25,,,,new
ORCHASP,EQ,2026-09-03,1.45,1.45,1.38,1.41,1.42,1.4,195516,277000.0,132,,150589.0,77.02,new
ORCHPHARMA,EQ,2026-09-03,936.0,954.75,931.1,934.65,942.0,938.05,33332,31302000.0,2260,,18822.0,56.47,new
ORIANA,SM,2026-09-03,1235.0,1253.5,1225.1,1239.7,1240.0,1221.9,31125,38633000.0,328,,25425.0,81.69,new
ORICONENT,EQ,2026-09-03,54.2,54.7,52.5,52.99,53.14,54.2,39578,2132000.0,650,,26958.0,68.11,new
ORIENTALTL,EQ,2026-09-03,4.98,5.11,4.94,5.02,4.99,4.98,64115,321000.0,222,,46887.0,73.13,new
ORIENTBELL,EQ,2026-09-03,407.0,417.0,404.1,412.65,414.8,400.65,68349,28161000.0,2820,,38298.0,56.03,new
ORIENTCEM,EQ,2026-09-03,128.0,129.49,127.75,128.48,128.25,127.7,74110,9518000.0,1100,,45299.0,61.12,new
ORIENTCER,EQ,2026-09-03,43.91,44.8,43.22,43.94,44.0,43.78,100667,4435000.0,1551,,67374.0,66.93,new
ORIENTELEC,EQ,2026-09-03,179.55,180.5,177.1,178.15,178.24,179.35,63982,11430000.0,1795,,39259.0,61.36,new
ORIENTHOT,EQ,2026-09-03,140.6,142.35,140.11,141.96,141.9,141.32,597733,84484000.0,2505,,269681.0,45.12,new
ORIENTLTD,BE,2026-09-03,80.1,83.78,80.07,83.77,83.72,82.5,633,51000.0,20,,,,new
ORIENTPPR,EQ,2026-09-03,16.8,17.45,16.65,17.13,17.13,16.65,343727,5834000.0,1085,,143808.0,41.84,new
ORIENTTECH,EQ,2026-09-03,237.1,242.0,237.1,238.75,239.9,236.36,76716,18360000.0,2190,,30520.0,39.78,new
ORIRAIL,EQ,2026-09-03,126.4,127.7,123.0,125.72,125.9,125.37,66688,8384999.999999999,891,,32423.0,48.62,new
ORISSAMINE,EQ,2026-09-03,4305.0,4389.0,4263.0,4290.3,4272.0,4308.6,3888,16719000.0,1259,,1460.0,37.55,new
ORKLAINDIA,EQ,2026-09-03,587.55,596.45,583.8,588.5,592.0,590.9,55776,33014000.0,4048,,31533.0,56.54,new
ORTINGLOBE,EQ,2026-09-03,15.05,15.77,15.0,15.02,15.02,15.43,2598,39000.0,20,,2458.0,94.61,new
OSELDEVICE,SM,2026-09-03,375.0,397.0,364.2,383.9,383.5,363.55,28800,11043000.0,121,,18000.0,62.5,new
OSIAHYPER,BE,2026-09-03,2.46,2.5,2.41,2.48,2.48,2.46,256528,630000.0,290,,,,new
OSWALAGRO,EQ,2026-09-03,37.2,37.39,36.12,36.88,37.0,36.89,19364,715000.0,141,,18079.0,93.36,new
OSWALGREEN,EQ,2026-09-03,20.5,20.67,19.55,19.86,20.0,20.46,165052,3302000.0000000005,853,,105849.0,64.13,new
OSWALPUMPS,EQ,2026-09-03,278.9,283.7,276.6,279.55,280.0,278.3,587134,163962000.0,9612,,293432.0,49.98,new
OSWALSEEDS,EQ,2026-09-03,11.99,12.1,11.51,11.92,11.86,11.8,56914,677000.0,265,,38686.0,67.97,new
OWAIS,ST,2026-09-03,84.0,84.0,80.8,80.8,80.8,82.4,15200,1249000.0,75,,14300.0,94.08,new
PACEDIGITK,EQ,2026-09-03,165.15,168.89,165.15,166.23,166.3,164.88,423368,70664000.0,6026,,206657.0,48.81,new
PACIFICI,EQ,2026-09-03,137.05,145.01,137.05,145.0,145.0,137.05,503,71000.0,39,,491.0,97.61,new
PAGEIND,EQ,2026-09-03,36045.0,36320.0,35600.0,35865.0,35865.0,36200.0,37917,1366655000.0,14546,,24508.0,64.64,new
PAISALO,EQ,2026-09-03,67.11,70.9,66.45,70.28,70.8,66.52,26082945,1815872000.0,47563,,13665975.0,52.39,new
PAKKA,EQ,2026-09-03,76.5,78.63,72.73,73.64,73.75,75.8,246145,18475000.0,4865,,146937.0,59.7,new
PALASHSECU,EQ,2026-09-03,91.8,91.8,88.4,88.43,88.43,88.98,285,26000.0,14,,148.0,51.93,new
PALREDTEC,BE,2026-09-03,52.8,55.0,50.66,53.2,53.2,52.8,2033,109000.00000000001,26,,,,new
PANACEABIO,EQ,2026-09-03,383.8,394.0,383.45,389.05,390.05,382.35,97503,38004000.0,3129,,50141.0,51.43,new
PANACHE,BE,2026-09-03,525.0,525.0,514.55,525.0,525.0,525.05,3633,1900000.0,52,,,,new
PANAMAPET,EQ,2026-09-03,491.05,492.8,481.05,484.55,485.0,489.75,185627,90196000.0,5057,,71529.0,38.53,new
PANORAMA,EQ,2026-09-03,41.11,47.5,41.1,45.83,45.3,41.59,1367199,62046000.0,5246,,230212.0,16.84,new
PANSARI,EQ,2026-09-03,300.0,305.5,300.0,300.0,300.0,296.1,69,21000.0,7,,68.0,98.55,new
PAR,EQ,2026-09-03,175.0,180.0,155.1,164.95,163.3,168.25,726345,121308000.0,14194,,181234.0,24.95,new
PARACABLES,EQ,2026-09-03,64.29,65.8,64.0,64.3,64.47,64.16,961457,62308000.00000001,6205,,499076.0,51.91,new
PARADEEP,EQ,2026-09-03,157.4,158.49,152.31,153.53,153.65,156.19,3920239,606133000.0,30848,,1669379.0,42.58,new
PARAGMILK,EQ,2026-09-03,256.0,259.5,252.0,254.2,254.0,254.9,663361,169320000.0,9771,,269109.0,40.57,new
PARAMOUNT,SM,2026-09-03,35.0,35.1,35.0,35.1,35.1,33.45,8400,295000.0,7,,6000.0,71.43,new
PARAS,EQ,2026-09-03,1414.9,1451.8,1405.0,1411.5,1411.0,1413.1,770921,1103741000.0,34335,,173309.0,22.48,new
PARASPETRO,EQ,2026-09-03,2.15,2.21,2.04,2.13,2.13,2.11,87917,188000.0,180,,56736.0,64.53,new
PARIN,SM,2026-09-03,700.0,740.0,680.0,713.85,701.0,712.5,38750,27420000.0,106,,21250.0,54.84,new
PARKHOSPS,EQ,2026-09-03,278.95,293.05,277.3,286.7,285.55,276.75,1466598,423455000.0,20153,,618121.0,42.15,new
PARKHOTELS,EQ,2026-09-03,114.4,114.4,112.05,113.14,113.25,114.05,142078,16047999.999999998,1136,,118893.0,83.68,new
PARNAXLAB,EQ,2026-09-03,144.95,144.95,134.8,135.54,135.0,137.23,7999,1100000.0,75,,7511.0,93.9,new
PARSVNATH,BE,2026-09-03,1.54,1.54,1.54,1.54,1.54,1.51,418224,644000.0,72,,,,new
PARTH,SM,2026-09-03,528.0,546.0,528.0,537.0,537.0,542.05,15200,8178000.0,35,,12000.0,78.95,new
PARTYCRUS,SM,2026-09-03,77.1,84.0,77.1,79.7,79.7,85.0,5000,403000.0,5,,3000.0,60.0,new
PASHUPATI,EQ,2026-09-03,84.22,84.22,82.6,83.1,83.1,83.06,9919,826000.0,658,,5002.0,50.43,new
PASUPTAC,BE,2026-09-03,65.66,67.0,64.1,66.79,66.8,64.64,173715,11409000.0,809,,,,new
PATANJALI,EQ,2026-09-03,347.0,347.15,340.3,342.9,342.9,345.0,2236883,766772000.0,12819,,1109302.0,49.59,new
PATELENG,EQ,2026-09-03,26.9,27.48,26.9,27.11,27.1,26.86,2145797,58421000.0,5904,,1065456.0,49.65,new
PATELRMART,EQ,2026-09-03,216.42,225.5,216.42,220.58,220.5,216.42,49408,10924000.0,952,,31744.0,64.25,new
PATILAUTOM,SM,2026-09-03,278.0,284.9,260.0,264.45,262.7,275.05,49800,13510000.0,80,,40800.0,81.93,new
PATINTLOG,BE,2026-09-03,12.87,13.75,12.87,13.41,13.54,13.3,25622,345000.0,127,,,,new
PAUSHAKLTD,EQ,2026-09-03,800.0,826.75,788.3,806.15,813.0,785.7,64991,52665000.0,4814,,33674.0,51.81,new
PAVNAIND,EQ,2026-09-03,17.5,17.9,16.67,16.87,17.0,17.23,32064,548000.0,289,,21629.0,67.46,new
PAYTM,EQ,2026-09-03,1622.9,1638.8,1608.4,1637.0,1637.0,1619.0,1767936,2874342000.0,52530,,765423.0,43.29,new
PBMPOLY,EQ,2026-09-03,59.26,60.2,58.21,58.67,59.3,59.26,366,22000.0,23,,262.0,71.58,new
PCBL,EQ,2026-09-03,317.0,322.15,313.1,314.25,315.0,315.3,585739,185820000.0,11591,,272854.0,46.58,new
PCCL,SM,2026-09-03,425.0,444.0,414.0,440.55,443.0,416.85,69600,29798000.0,126,,30400.0,43.68,new
PCJEWELLER,EQ,2026-09-03,10.23,10.79,10.17,10.52,10.45,10.18,440757053,4644069000.0,107538,,51309501.0,11.64,new
PDMJEPAPER,EQ,2026-09-03,91.17,96.18,90.06,94.57,95.5,90.92,371788,34940000.0,3859,,81764.0,21.99,new
PDSL,EQ,2026-09-03,351.8,356.95,349.5,353.9,354.0,351.85,364473,128394000.0,4685,,284410.0,78.03,new
PEARLPOLY,EQ,2026-09-03,15.5,15.69,15.06,15.29,15.48,15.25,2625,40000.0,49,,2252.0,85.79,new
PELATRO,SM,2026-09-03,355.0,371.0,355.0,364.0,364.0,354.5,7500,2743000.0,18,,5400.0,72.0,new
PENIND,EQ,2026-09-03,167.45,168.99,166.25,166.88,167.25,165.9,242938,40647000.0,3201,,126190.0,51.94,new
PENINLAND,BE,2026-09-03,15.59,16.26,15.49,16.06,16.24,15.49,183633,2945000.0,277,,,,new
PENTAGON,SM,2026-09-03,74.85,74.85,72.95,74.85,74.85,62.4,32000,2389000.0,29,,24000.0,75.0,new
PERMAGN,EQ,2026-09-03,870.1,897.9,870.1,876.6,875.05,871.55,3619,3204000.0,240,,2683.0,74.14,new
PERSISTENT,EQ,2026-09-03,5632.0,5668.0,5501.0,5657.0,5657.0,5690.0,501616,2812845000.0,41534,,153108.0,30.52,new
PETRONET,EQ,2026-09-03,289.2,293.2,289.2,289.5,289.5,289.2,1768347,515643000.0,34040,,959776.0,54.28,new
PFC,EQ,2026-09-03,349.2,351.75,343.3,345.5,345.5,346.5,8643025,2996951000.0,63558,,5213816.0,60.32,new
PFIZER,EQ,2026-09-03,4680.0,4695.0,4601.0,4643.7,4640.0,4627.6,10609,49116000.0,2920,,6627.0,62.47,new
PFOCUS,EQ,2026-09-03,286.9,294.0,280.35,291.65,290.95,280.35,735719,213254000.0,17159,,234000.0,31.81,new
PFS,EQ,2026-09-03,27.05,27.4,27.05,27.11,27.1,27.12,223924,6075000.0,1229,,167571.0,74.83,new
PGEL,EQ,2026-09-03,567.0,572.15,551.85,553.9,553.9,566.0,1028501,574899000.0,24554,,422598.0,41.09,new
PGHH,EQ,2026-09-03,7762.5,7809.0,7700.0,7725.0,7730.0,7762.5,11212,86964000.0,3228,,6058.0,54.03,new
PGHL,EQ,2026-09-03,5680.0,5773.0,5646.0,5757.5,5761.0,5669.5,7533,43118000.0,2124,,4350.0,57.75,new
PGIL,EQ,2026-09-03,2357.3,2365.0,2281.0,2329.0,2327.0,2361.6,61694,142748000.0,9371,,26264.0,42.57,new
PGINVIT,IV,2026-09-03,100.26,100.6,100.0,100.5,100.6,100.07,779136,78173000.0,4291,,663322.0,85.14,new
PHANTOMFX,SM,2026-09-03,117.55,117.55,112.7,112.95,113.0,116.05,39000,4448000.0,101,,36300.0,93.08,new
PHARMABEES,EQ,2026-09-03,28.0,28.0,27.34,27.37,27.45,27.56,4645980,127493000.0,12069,,2968893.0,63.9,new
PHOENIXLTD,EQ,2026-09-03,1923.0,1971.0,1920.6,1960.0,1960.0,1920.1,540712,1056549000.0,29477,,293694.0,54.32,new
PHOENXINTL,EQ,2026-09-03,28.6,32.5,28.6,29.48,29.0,31.39,3977,118000.0,56,,3483.0,87.58,new
PHOGLOBAL,SM,2026-09-03,15.55,15.55,14.25,14.25,14.25,14.2,10000,147000.0,5,,8000.0,80.0,new
PICCADIL,EQ,2026-09-03,627.7,631.4,609.4,620.5,620.2,622.25,209272,129813000.00000001,9118,,98014.0,46.84,new
PIDILITIND,EQ,2026-09-03,1633.0,1638.3,1621.2,1638.3,1638.3,1637.0,578059,942485000.0,20618,,364003.0,62.97,new
PIGL,EQ,2026-09-03,98.61,104.0,98.61,99.83,101.0,99.28,31832,3198000.0,596,,16637.0,52.27,new
PIIND,EQ,2026-09-03,2394.0,2430.4,2381.6,2419.9,2419.9,2393.0,143355,344701000.0,17827,,57416.0,40.05,new
PILANIINVS,EQ,2026-09-03,4340.0,4389.0,4302.8,4354.5,4302.8,4325.0,743,3236999.9999999995,159,,503.0,67.7,new
PILITA,EQ,2026-09-03,8.14,8.14,7.7,7.95,7.96,7.95,224313,1784000.0,127,,223136.0,99.48,new
PINELABS,EQ,2026-09-03,164.2,165.2,155.1,156.5,156.25,162.32,17143077,2732150000.0,80531,,7771526.0,45.33,new
PIONEEREMB,EQ,2026-09-03,22.0,22.0,21.25,21.65,21.44,21.4,18142,394000.0,99,,15857.0,87.4,new
PIONRINV,BE,2026-09-03,79.99,80.0,75.55,80.0,80.0,76.43,1635,129000.0,24,,,,new
PIRAMALFIN,EQ,2026-09-03,2186.5,2262.0,2186.5,2232.9,2220.0,2186.5,342240,767537000.0,46842,,197023.0,57.57,new
PITTIENG,EQ,2026-09-03,1099.8,1117.6,1096.1,1105.1,1100.0,1093.0,71944,79762000.0,5673,,36085.0,50.16,new
PIXTRANS,EQ,2026-09-03,1767.1,1815.0,1767.1,1799.4,1789.0,1766.9,12213,21867000.0,1431,,7229.0,59.19,new
PKTEA,EQ,2026-09-03,735.55,770.0,735.0,751.75,770.0,728.65,477,356000.0,48,,432.0,90.57,new
PLASTIBLEN,EQ,2026-09-03,184.4,195.0,184.4,188.33,187.36,183.39,53281,10155000.0,1250,,27887.0,52.34,new
PLATIND,EQ,2026-09-03,229.92,236.3,227.11,234.45,235.0,229.69,80134,18577000.0,1708,,52265.0,65.22,new
PLAZACABLE,EQ,2026-09-03,61.74,64.5,60.0,62.62,62.0,61.8,281811,17530000.0,2813,,152343.0,54.06,new
PML,EQ,2026-09-03,481.0,504.0,475.0,493.95,500.8,483.85,180,86000.0,37,,147.0,81.67,new
PNB,EQ,2026-09-03,117.95,118.25,116.32,116.32,116.32,117.0,11831844,1389026000.0,39016,,5547540.0,46.89,new
PNBGILTS,EQ,2026-09-03,78.99,79.99,77.96,78.63,79.43,78.19,236635,18678000.0,1662,,109537.0,46.29,new
PNBHOUSING,EQ,2026-09-03,1146.0,1157.9,1142.2,1145.5,1145.5,1141.0,405993,467283000.0,19878,,260985.0,64.28,new
PNC,EQ,2026-09-03,16.45,17.3,16.2,16.62,16.65,16.37,9145,151000.0,164,,6497.0,71.04,new
PNCINFRA,EQ,2026-09-03,180.88,185.59,180.8,182.97,182.95,180.89,579884,106279000.0,11711,,309968.0,53.45,new
PNGJL,EQ,2026-09-03,602.0,602.5,588.0,591.25,590.0,592.1,384815,227734000.0,17786,,201996.0,52.49,new
PNGSREVA,EQ,2026-09-03,527.7,527.7,514.0,516.3,519.95,521.7,54540,28287000.0,2025,,30308.0,55.57,new
POCL,EQ,2026-09-03,480.0,485.2,472.9,476.1,475.9,479.2,372437,177770000.0,7239,,213762.0,57.4,new
PODDARMENT,EQ,2026-09-03,250.1,257.4,250.1,255.6,253.7,253.9,2257,572000.0,82,,1784.0,79.04,new
POEL,EQ,2026-09-03,147.56,149.68,143.26,144.2,143.53,144.62,43386,6278000.0,495,,36119.0,83.25,new
POKARNA,EQ,2026-09-03,841.45,846.9,825.5,831.4,829.0,839.35,31919,26660000.000000004,1970,,15858.0,49.68,new
POLICYBZR,EQ,2026-09-03,1853.9,1870.0,1834.4,1870.0,1870.0,1851.9,826275,1527339000.0,33095,,509476.0,61.66,new
POLYCAB,EQ,2026-09-03,8879.5,8930.0,8787.0,8807.5,8807.5,8804.0,202650,1794081000.0000002,27588,,97817.0,48.27,new
POLYMED,EQ,2026-09-03,1808.8,1808.8,1748.1,1768.7,1768.9,1783.8,142292,251992000.0,17935,,62375.0,43.84,new
POLYPLEX,EQ,2026-09-03,1195.0,1207.9,1190.4,1202.7,1203.0,1190.4,44615,53550000.0,3139,,30843.0,69.13,new
POLYSIL,SM,2026-09-03,67.0,67.05,67.0,67.05,67.05,63.9,81000,5431000.0,50,,79500.0,98.15,new
POLYSPIN,EQ,2026-09-03,29.99,29.99,28.1,28.35,28.35,28.77,1502,42000.0,9,,1002.0,66.71,new
PONNIERODE,EQ,2026-09-03,400.8,407.0,396.0,398.65,397.0,399.05,24795,9962000.0,1640,,9915.0,39.99,new
POONAWALLA,EQ,2026-09-03,462.5,467.35,458.35,465.1,467.05,459.65,474848,219887000.0,13918,,262314.0,55.24,new
POSITRON,SM,2026-09-03,165.65,171.8,165.65,171.0,171.8,170.05,11700,1986000.0,24,,9900.0,84.62,new
POWERGRID,EQ,2026-09-03,269.9,270.75,265.6,265.6,265.6,266.8,9826724,2634031000.0,89161,,5371497.0,54.66,new
POWERICA,EQ,2026-09-03,501.8,518.4,495.0,512.95,513.0,494.55,130051,66391000.0,4183,,74076.0,56.96,new
POWERINDIA,EQ,2026-09-03,32390.0,32635.0,31910.0,32000.0,32000.0,32200.0,63981,2058378000.0,22254,,25057.0,39.16,new
POWERMECH,EQ,2026-09-03,2454.0,2481.8,2388.5,2399.8,2404.3,2440.0,51674,125302000.0,7868,,26781.0,51.83,new
PPAP,BE,2026-09-03,260.65,265.95,255.0,256.7,259.0,261.05,11049,2854000.0,239,,,,new
PPL,BE,2026-09-03,256.0,260.3,255.0,257.4,258.25,257.1,15676,4027000.0000000005,230,,,,new
PPLPHARMA,EQ,2026-09-03,214.93,216.9,211.81,214.49,214.26,213.78,2539339,543738000.0,32487,,936522.0,36.88,new
PPSL,SM,2026-09-03,2.8,2.85,2.75,2.85,2.85,2.85,186000,518000.0,44,,111000.0,59.68,new
PRABHA,EQ,2026-09-03,216.27,234.8,216.27,220.97,220.5,216.27,664638,150630000.0,12013,,191635.0,28.83,new
PRADPME,BE,2026-09-03,502.85,502.85,481.3,497.45,497.45,497.9,6445,3177000.0,64,,,,new
PRAENG,EQ,2026-09-03,25.77,26.68,25.01,25.75,25.84,24.86,460839,12003000.0,1118,,351195.0,76.21,new
PRAJIND,EQ,2026-09-03,334.1,343.1,334.1,341.6,342.0,334.5,444586,151273000.0,11500,,177864.0,40.01,new
PRAKASH,EQ,2026-09-03,125.0,127.0,122.1,123.66,123.75,124.34,394140,49028000.0,3480,,197161.0,50.02,new
PRAKASHSTL,EQ,2026-09-03,3.87,3.88,3.63,3.65,3.65,3.8,351711,1296000.0,660,,259854.0,73.88,new
PRAMARA,SM,2026-09-03,103.45,111.0,101.25,103.25,102.0,105.45,42500,4458000.0,65,,22500.0,52.94,new
PRAMODINI,SM,2026-09-03,118.9,119.8,114.6,115.25,115.5,117.1,45600,5283000.0,37,,37200.0,81.58,new
PRATHAM,SM,2026-09-03,122.0,122.0,118.5,120.0,120.0,122.0,3200,382000.0,5,,3200.0,100.0,new
PRAVEG,EQ,2026-09-03,263.4,264.15,259.0,260.4,264.0,260.85,24422,6368000.0,951,,15698.0,64.28,new
PRAXIS,EQ,2026-09-03,4.45,4.52,4.32,4.43,4.43,4.46,34644,153000.0,174,,29037.0,83.82,new
PRECAM,EQ,2026-09-03,123.33,126.0,121.5,122.1,122.01,122.87,166301,20455000.0,2831,,76154.0,45.79,new
PRECISION,ST,2026-09-03,6.5,6.5,6.45,6.45,6.45,6.75,8000,52000.0,3,,8000.0,100.0,new
PRECOT,EQ,2026-09-03,692.2,709.3,689.35,699.9,699.0,692.2,4113,2875000.0,182,,3183.0,77.39,new
PRECWIRE,EQ,2026-09-03,485.55,492.2,471.65,487.85,487.95,483.1,632850,306504000.0,26241,,183627.0,29.02,new
PREMCO,EQ,2026-09-03,388.0,391.0,385.0,385.55,385.45,383.75,528,204999.99999999997,38,,512.0,96.97,new
PREMEXPLN,EQ,2026-09-03,669.95,673.95,666.1,666.35,666.1,668.8,124897,83459000.0,1721,,88167.0,70.59,new
PREMIER,BE,2026-09-03,2.82,2.89,2.63,2.64,2.63,2.76,34991,95000.0,46,,,,new
PREMIERENE,EQ,2026-09-03,1004.8,1013.2,995.1,1008.0,1008.0,1000.0,543617,547160000.0,18604,,235659.0,43.35,new
PREMIERPOL,EQ,2026-09-03,90.07,94.0,89.6,92.35,92.64,89.79,242095,22182000.0,3468,,103033.0,42.56,new
PREMIUM,SM,2026-09-03,40.95,41.2,40.95,41.2,41.2,40.0,9000,369000.0,3,,9000.0,100.0,new
PRESSTONIC,SM,2026-09-03,34.0,35.0,33.5,34.3,34.3,33.8,10400,356000.0,12,,10400.0,100.0,new
PRESTIGE,EQ,2026-09-03,1589.0,1641.4,1585.9,1615.2,1615.2,1582.0,918809,1493218000.0,23598,,471776.0,51.35,new
PRICOLLTD,EQ,2026-09-03,775.0,782.2,763.15,768.4,766.55,767.75,188075,144963000.0,11504,,87037.0,46.28,new
PRIMECAB,ST,2026-09-03,199.25,200.0,192.85,200.0,200.0,203.0,33600,6606000.0,21,,32000.0,95.24,new
PRIMESECU,EQ,2026-09-03,288.9,293.0,283.0,290.2,291.9,287.3,94334,27293000.0,490,,51504.0,54.6,new
PRIMO,EQ,2026-09-03,20.91,21.33,20.5,20.68,20.94,20.8,118899,2483000.0,1177,,73510.0,61.83,new
PRINCEPIPE,EQ,2026-09-03,287.0,290.3,284.5,289.5,290.0,285.0,108741,31243000.0,2168,,59373.0,54.6,new
PRISMX,EQ,2026-09-03,0.52,0.56,0.51,0.52,0.53,0.51,233973,123000.0,119,,90550.0,38.7,new
PRITI,BE,2026-09-03,33.25,34.0,33.25,33.35,33.5,33.25,2413,81000.0,48,,,,new
PRITIKAUTO,BE,2026-09-03,16.4,16.84,15.85,16.28,16.43,16.32,193350,3119000.0,505,,,,new
PRIVISCL,EQ,2026-09-03,3334.7,3409.0,3312.6,3373.5,3366.5,3335.3,49616,167411000.0,9403,,32745.0,66.0,new
PRIZOR,ST,2026-09-03,1172.0,1176.9,1153.85,1176.9,1176.9,1153.85,7600,8875000.0,19,,6800.0,89.47,new
PRLIND,SM,2026-09-03,42.0,43.0,38.5,38.85,38.5,41.5,145000,5761000.0,104,,100000.0,68.97,new
PROFX,SM,2026-09-03,76.1,76.1,76.1,76.1,76.1,76.8,3200,244000.0,2,,3200.0,100.0,new
PROLIFE,SM,2026-09-03,79.0,79.0,79.0,79.0,79.0,76.0,1500,119000.0,3,,1500.0,100.0,new
PROPEQUITY,SM,2026-09-03,210.0,210.0,210.0,210.0,210.0,210.0,1200,252000.0,2,,1200.0,100.0,new
PROPSHOP,SM,2026-09-03,69.5,70.0,68.0,69.6,68.0,68.45,40000,2785000.0,13,,38000.0,95.0,new
PROSTARM,EQ,2026-09-03,133.39,133.39,129.1,129.73,130.45,131.56,113834,14913999.999999998,1755,,66896.0,58.77,new
PROTEAN,EQ,2026-09-03,500.0,504.75,493.0,494.8,494.6,497.65,291982,145152000.0,7754,,171882.0,58.87,new
PROZONER,EQ,2026-09-03,46.0,47.99,45.41,46.42,46.89,46.49,351890,16276000.0,1051,,295535.0,83.99,new
PRSMJOHNSN,EQ,2026-09-03,112.0,112.8,111.11,111.31,111.21,111.64,332067,37074000.0,4003,,163948.0,49.37,new
PRUDENT,EQ,2026-09-03,3258.4,3365.0,3229.2,3328.5,3315.5,3237.4,18196,60385000.0,4307,,7452.0,40.95,new
PRUDMOULI,BE,2026-09-03,16.13,16.6,15.85,16.49,16.49,15.81,4603,75000.0,36,,,,new
PSB,EQ,2026-09-03,22.69,23.36,22.68,23.05,23.12,22.58,3074473,71217000.0,7550,,1029510.0,33.49,new
PSFL,SM,2026-09-03,33.0,33.0,32.0,33.0,33.0,32.0,8000,262000.0,4,,8000.0,100.0,new
PSPPROJECT,EQ,2026-09-03,865.0,877.75,856.0,861.95,862.0,858.0,27031,23359000.0,1756,,15785.0,58.4,new
PSRAJ,ST,2026-09-03,78.0,80.0,78.0,80.0,80.0,76.35,57500,4562000.0,23,,55000.0,95.65,new
PSUBANK,EQ,2026-09-03,85.25,86.69,83.97,85.36,85.23,85.25,116246,10006000.0,550,,34587.0,29.75,new
PSUBANKADD,EQ,2026-09-03,86.75,87.55,86.09,86.59,86.09,85.97,25500,2214000.0,186,,10983.0,43.07,new
PSUBNKBEES,EQ,2026-09-03,94.7,96.62,94.7,95.68,95.78,94.77,2544032,244598000.0,4289,,1374995.0,54.05,new
PSUBNKIETF,EQ,2026-09-03,86.5,87.87,86.37,86.56,86.85,86.04,195452,17011000.0,988,,78285.0,40.05,new
PTC,EQ,2026-09-03,156.0,157.0,154.6,155.25,155.25,155.44,794952,123882000.0,10292,,482787.0,60.73,new
PTCIL,EQ,2026-09-03,22715.0,24000.0,22550.0,23820.0,23635.0,22715.0,80704,1893383000.0000002,26727,,23729.0,29.4,new
PTL,EQ,2026-09-03,38.96,38.99,38.0,38.22,38.29,38.45,35615,1366000.0,828,,22953.0,64.45,new
PUNJABCHEM,EQ,2026-09-03,1097.5,1127.0,1092.0,1097.0,1100.9,1093.4,4770,5262000.0,540,,2116.0,44.36,new
PURPLEUTED,ST,2026-09-03,400.0,407.0,390.0,396.65,393.0,405.7,14500,5798000.0,51,,14500.0,100.0,new
PURVA,EQ,2026-09-03,212.0,213.76,210.08,211.09,210.41,209.79,101627,21494000.0,1698,,34581.0,34.03,new
PURVFLEXI,SM,2026-09-03,47.1,49.0,46.0,48.2,46.0,48.4,26400,1268000.0,14,,24800.0,93.94,new
PUSHPA,SM,2026-09-03,113.9,113.9,106.55,110.0,110.0,114.2,31000,3427000.0000000005,17,,19000.0,61.29,new
PVP,EQ,2026-09-03,59.61,64.9,59.44,64.9,64.9,61.81,3406240,214836000.0,7071,,1524807.0,44.77,new
PVRINOX,EQ,2026-09-03,1220.0,1254.0,1209.6,1247.5,1244.0,1210.0,552239,681499000.0,33281,,336705.0,60.97,new
PVSL,EQ,2026-09-03,101.11,105.25,99.0,103.54,104.8,102.39,36902,3793000.0,1124,,21866.0,59.25,new
PVTBANIETF,EQ,2026-09-03,28.38,28.38,27.85,28.15,28.25,27.84,3533824,99639000.0,1239,,2708892.0,76.66,new
PVTBANK,EQ,2026-09-03,27.99,28.01,27.84,27.85,28.0,27.6,31153,869000.0,14,,25709.0,82.52,new
PVTBANKADD,EQ,2026-09-03,28.26,28.55,28.13,28.38,28.41,28.02,601342,17059000.0,1379,,551946.0,91.79,new
PVTBKGROWW,EQ,2026-09-03,27.76,28.09,27.56,27.74,28.0,27.76,21298,594000.0,150,,11996.0,56.32,new
PWL,EQ,2026-09-03,116.99,121.25,115.51,120.6,121.0,115.47,13968782,1667607000.0,51148,,7725299.0,55.3,new
PYRAMID,EQ,2026-09-03,158.29,158.37,152.5,154.87,154.0,155.64,205856,31745999.999999996,1815,,141641.0,68.81,new
QFIL,SM,2026-09-03,63.0,63.0,63.0,63.0,63.0,60.0,2000,126000.0,2,,2000.0,100.0,new
QGOLDHALF,EQ,2026-09-03,126.36,128.63,126.04,126.98,126.5,123.84,94245,11942000.0,1198,,30148.0,31.99,new
QLINE,SM,2026-09-03,626.0,659.75,622.0,637.6,641.0,619.55,330000,211490000.0,638,,202400.0,61.33,new
QMSMEDI,BE,2026-09-03,163.98,163.98,158.5,159.07,159.0,158.33,14022,2257000.0,113,,,,new
QNIFTY,EQ,2026-09-03,268.0,268.0,263.4,263.65,263.9,263.41,1075,284000.0,105,,719.0,66.88,new
QPOWER,EQ,2026-09-03,1480.0,1494.5,1391.7,1424.1,1419.9,1455.6,345370,490624000.0,17323,,170242.0,49.29,new
QUADFUTURE,EQ,2026-09-03,419.85,441.0,416.7,425.6,427.0,415.0,715490,308081000.0,19986,,139556.0,19.5,new
QUAL30IETF,EQ,2026-09-03,21.34,21.34,21.03,21.07,21.03,21.1,67696,1431000.0,194,,36946.0,54.58,new
QUALITY30,EQ,2026-09-03,20.74,20.81,20.69,20.75,20.75,20.74,13336,277000.0,32,,6017.0,45.12,new
QUESS,EQ,2026-09-03,380.0,383.8,362.1,366.55,368.0,379.25,435377,160272000.0,15787,,154554.0,35.5,new
QUESTLAB,SM,2026-09-03,86.0,86.0,84.75,84.8,84.8,84.0,3600,307000.0,3,,2400.0,66.67,new
QUICKHEAL,BE,2026-09-03,136.25,140.2,135.0,137.14,137.49,137.96,38972,5386000.0,535,,,,new
QUICKTOUCH,SM,2026-09-03,15.5,15.5,15.25,15.25,15.25,15.5,1500,23000.0,3,,1500.0,100.0,new
QUINT,EQ,2026-09-03,39.1,40.62,39.1,39.91,39.92,39.44,1242,49000.0,52,,963.0,77.54,new
QVCEL,SM,2026-09-03,24.75,24.75,24.75,24.75,24.75,23.75,3200,79000.0,2,,3200.0,100.0,new
RACE,EQ,2026-09-03,101.0,101.99,99.0,100.94,100.94,100.36,53881,5386000.0,61,,52818.0,98.03,new
RACLGEAR,EQ,2026-09-03,1517.0,1582.8,1517.0,1558.8,1562.0,1516.6,29137,45300000.0,3261,,14350.0,49.25,new
RADAAN,EQ,2026-09-03,2.88,3.0,2.87,2.89,2.87,2.88,14626,42000.0,69,,12617.0,86.26,new
RADHIKAJWE,EQ,2026-09-03,70.5,73.89,70.1,71.32,71.8,71.6,1363874,98621000.0,10172,,427169.0,31.32,new
RADIANTCMS,EQ,2026-09-03,39.24,41.07,39.24,39.87,39.9,39.18,472240,18959000.0,3558,,283623.0,60.06,new
RADICO,EQ,2026-09-03,4489.0,4559.0,4442.5,4559.0,4559.0,4476.2,225508,1020426000.0,29173,,120592.0,53.48,new
RADIOCITY,EQ,2026-09-03,6.49,6.49,6.22,6.24,6.22,6.32,42043,265000.0,140,,36539.0,86.91,new
RADIOWALLA,ST,2026-09-03,30.2,30.2,30.2,30.2,30.2,31.75,6400,193000.0,4,,4800.0,75.0,new
RAILTEL,EQ,2026-09-03,272.9,274.0,270.2,270.9,270.9,271.55,342611,93181000.0,8670,,125990.0,36.77,new
RAIN,EQ,2026-09-03,206.29,214.8,205.24,211.71,210.8,205.66,5023422,1060923000.0,33247,,2148496.0,42.77,new
RAINBOW,EQ,2026-09-03,1440.0,1454.9,1430.5,1440.8,1453.0,1433.0,105674,152326000.0,12426,,68910.0,65.21,new
RAJESHEXPO,BZ,2026-09-03,80.5,83.46,80.0,83.46,83.46,79.49,215145,17837000.0,1599,,,,new
RAJINDLTD,SM,2026-09-03,65.0,65.4,63.55,63.55,63.55,63.0,7500,482000.0,5,,6000.0,80.0,new
RAJMET,EQ,2026-09-03,3.07,3.13,3.07,3.11,3.12,3.1,209644,651000.0,567,,182073.0,86.85,new
RAJOOENG,BE,2026-09-03,49.0,49.5,47.65,49.14,49.25,48.67,164514,8056000.0,528,,,,new
RAJPALAYAM,EQ,2026-09-03,805.0,810.0,795.0,799.7,796.1,794.1,2451,1963000.0,48,,1749.0,71.36,new
RAJPUTANA,SM,2026-09-03,233.05,234.0,214.05,216.55,220.0,238.5,47500,10553000.0,75,,33000.0,69.47,new
RAJRATAN,EQ,2026-09-03,495.0,508.0,491.0,495.1,494.35,490.45,100819,50391000.0,5537,,47480.0,47.09,new
RAJRILTD,BE,2026-09-03,22.79,22.79,21.99,22.32,22.34,22.43,7620,169000.0,138,,,,new
RAJSREESUG,EQ,2026-09-03,35.55,36.85,35.55,36.43,36.22,35.55,32654,1191000.0,356,,20270.0,62.08,new
RAJTV,EQ,2026-09-03,8.49,9.25,8.49,8.49,8.49,8.93,96443,819000.0,203,,82315.0,85.35,new
RALLIS,EQ,2026-09-03,210.1,213.0,207.3,209.83,209.7,209.5,501264,105136999.99999999,11029,,222239.0,44.34,new
RAMANEWS,EQ,2026-09-03,31.89,32.8,30.5,32.35,32.35,31.2,39050,1233000.0,215,,24726.0,63.32,new
RAMAPHO,EQ,2026-09-03,124.86,126.88,122.81,124.01,125.0,122.93,22471,2806000.0,410,,12553.0,55.86,new
RAMASTEEL,BE,2026-09-03,4.1,4.1,4.09,4.09,4.09,4.17,1822095,7464000.0,2336,,,,new
RAMBHAJO,EQ,2026-09-03,246.9,253.8,239.32,244.26,244.0,246.17,1947346,479052000.00000006,18115,,809987.0,41.59,new
RAMCOCEM,EQ,2026-09-03,860.55,882.7,860.55,879.15,880.0,864.35,74858,65314000.0,5245,,35521.0,47.45,new
RAMCOIND,EQ,2026-09-03,319.1,324.9,319.05,324.0,322.5,319.5,111578,35962000.0,2477,,69561.0,62.34,new
RAMCOSYS,EQ,2026-09-03,583.1,592.0,580.05,586.55,587.0,579.0,65997,38722000.0,2618,,32476.0,49.21,new
RAMKY,EQ,2026-09-03,343.0,358.0,339.55,351.35,349.3,340.85,70323,24548000.0,3421,,33125.0,47.1,new
RAMRAT,EQ,2026-09-03,545.0,566.75,537.85,560.8,560.0,535.1,554324,307788000.0,23164,,190965.0,34.45,new
RANASUG,EQ,2026-09-03,15.08,15.75,14.91,15.15,14.91,14.9,467741,7133000.0,1710,,231003.0,49.39,new
RANEHOLDIN,EQ,2026-09-03,1606.0,1666.3,1606.0,1635.3,1632.0,1605.2,13595,22400000.0,2364,,7375.0,54.25,new
RAPIDFLEET,SM,2026-09-03,232.1,234.55,232.0,232.0,232.0,230.0,12600,2936000.0,18,,1200.0,9.52,new
RAPPID,SM,2026-09-03,305.0,314.0,305.0,309.5,314.0,304.7,1200,371000.0,2,,1200.0,100.0,new
RATEGAIN,EQ,2026-09-03,883.85,889.0,854.55,869.75,874.8,875.35,544026,472347999.99999994,24722,,275236.0,50.59,new
RATNA-RE,BE,2026-09-03,9.9,9.9,9.9,9.9,9.9,16.45,213636,2115000.0,1453,,,,new
RATNAMANI,EQ,2026-09-03,2621.3,2719.0,2591.6,2669.7,2674.2,2634.3,51290,136539000.0,10759,,19203.0,37.44,new
RATNAVEER,EQ,2026-09-03,288.0,296.0,280.15,286.1,288.0,286.15,3090058,888506000.0,16532,,886115.0,28.68,new
RAYMOND,EQ,2026-09-03,672.2,765.0,672.2,757.9,753.8,667.25,16593917,12440498000.0,299719,,1546754.0,9.32,new
RAYMONDLSL,EQ,2026-09-03,656.45,666.4,644.45,647.85,647.35,650.3,342390,223446000.0,21132,,189847.0,55.45,new
RAYMONDREL,EQ,2026-09-03,511.4,538.95,511.4,536.75,538.5,506.05,844427,446735999.99999994,19153,,415292.0,49.18,new
RBA,EQ,2026-09-03,98.32,99.56,97.5,97.89,98.2,97.75,1587659,156056000.0,7452,,631745.0,39.79,new
RBLBANK,EQ,2026-09-03,397.05,410.7,395.65,408.1,408.1,389.4,19862463,8055548000.0,197770,,5959814.0,30.01,new
RBMINFRA,SM,2026-09-03,243.0,250.0,243.0,244.4,244.0,242.75,12000,2951000.0,52,,9400.0,78.33,new
RBS,SM,2026-09-03,88.5,88.5,88.5,88.5,88.5,88.5,1600,142000.0,2,,1600.0,100.0,new
RBZJEWEL,EQ,2026-09-03,165.0,193.76,160.0,191.68,193.76,161.47,11694931,2128875000.0,93743,,886825.0,7.58,new
RCDL,SM,2026-09-03,15.0,16.0,14.55,15.65,15.6,14.55,87000,1365000.0,26,,60000.0,68.97,new
RCDL-RE,ST,2026-09-03,1.8,2.1,1.8,2.1,2.1,1.75,402000,841000.0,67,,399000.0,99.25,new
RCF,EQ,2026-09-03,114.27,116.34,114.21,114.52,114.51,113.94,1100137,126621000.0,10523,,439743.0,39.97,new
RCOM,BE,2026-09-03,0.8,0.8,0.79,0.79,0.8,0.79,1413315,1124000.0,1457,,,,new
READYMIX,SM,2026-09-03,78.65,82.0,76.3,78.2,76.3,78.65,23000,1818000.0,23,,8000.0,34.78,new
RECLTD,EQ,2026-09-03,318.0,320.7,312.2,313.6,313.6,316.45,4295735,1357565000.0,28110,,2328748.0,54.21,new
REDINGTON,EQ,2026-09-03,368.9,376.65,364.6,372.45,373.55,363.2,9042679,3349580000.0000005,129578,,4002392.0,44.26,new
REDTAPE,EQ,2026-09-03,119.3,120.0,117.2,117.48,117.7,118.99,403601,47618000.0,6272,,219601.0,54.41,new
REFEX,EQ,2026-09-03,278.0,284.0,276.2,279.25,279.2,277.45,138840,38730000.0,3318,,69094.0,49.77,new
REFRACTORY,SM,2026-09-03,25.5,25.5,25.5,25.5,25.5,26.5,1000,26000.0,1,,1000.0,100.0,new
REGAAL,EQ,2026-09-03,91.7,91.7,88.5,89.17,89.0,90.78,111350,9997000.0,1014,,65892.0,59.18,new
REGENCERAM,EQ,2026-09-03,36.8,36.8,35.0,36.47,36.5,35.24,6503,237000.0,48,,5805.0,89.27,new
RELAXO,EQ,2026-09-03,346.4,350.25,342.15,343.95,345.95,346.4,85583,29564999.999999996,4663,,35055.0,40.96,new
RELCHEMQ,EQ,2026-09-03,114.89,117.4,111.99,116.77,117.0,111.7,2007,229999.99999999997,106,,1651.0,82.26,new
RELIABLE,EQ,2026-09-03,140.0,142.0,137.97,141.26,139.65,138.74,29075,4094000.0,1611,,7138.0,24.55,new
RELIANCE,EQ,2026-09-03,1313.1,1316.8,1302.5,1302.5,1302.5,1313.1,9721454,12722456000.0,158231,,5306274.0,54.58,new
RELIGARE,EQ,2026-09-03,248.99,255.46,247.61,251.89,250.25,248.06,849016,214214000.0,22774,,470769.0,55.45,new
RELINFRA,BE,2026-09-03,55.91,56.47,55.91,55.91,55.91,57.05,381075,21340000.0,1863,,,,new
RELTD,EQ,2026-09-03,152.13,161.81,152.13,159.15,159.0,152.13,253721,40464000.0,5322,,141454.0,55.75,new
REMSONSIND,EQ,2026-09-03,95.99,96.36,90.2,95.05,94.1,94.88,114091,10692000.0,3249,,44303.0,38.83,new
REMUS,SM,2026-09-03,903.0,921.95,891.0,894.1,891.0,885.3,8600,7793000.000000001,63,,5800.0,67.44,new
RENUKA,EQ,2026-09-03,24.15,24.85,24.0,24.27,24.19,23.94,17941170,439324000.0,26008,,3594615.0,20.04,new
REPCOHOME,EQ,2026-09-03,361.0,368.0,354.0,355.75,354.95,359.6,119019,42856000.0,1771,,74645.0,62.72,new
REPL,BE,2026-09-03,67.49,67.49,64.01,65.96,66.0,64.3,1603,105000.0,54,,,,new
REPRO,EQ,2026-09-03,316.4,329.45,316.4,323.15,322.25,318.4,8276,2682000.0,449,,3927.0,47.45,new
RESPONIND,EQ,2026-09-03,150.09,154.54,150.09,151.87,151.46,150.47,66556,10132000.0,1636,,21661.0,32.55,new
RETAIL,EQ,2026-09-03,17.21,17.95,16.82,17.45,17.48,17.29,1383,24000.0,35,,1247.0,90.17,new
REXPRO,SM,2026-09-03,39.4,39.4,39.4,39.4,39.4,37.55,1000,39000.0,1,,1000.0,100.0,new
RFBL,ST,2026-09-03,84.0,85.35,84.0,84.65,85.35,86.2,6000,508000.0,2,,6000.0,100.0,new
RGL,EQ,2026-09-03,138.0,139.93,136.41,137.12,137.45,137.79,293143,40499000.0,3213,,118546.0,40.44,new
RHETAN,EQ,2026-09-03,23.12,23.12,23.11,23.11,23.12,21.02,10526861,243360000.0,4782,,6591029.0,62.61,new
RHFL,BZ,2026-09-03,1.75,1.8,1.72,1.79,1.8,1.75,416348,739000.0,754,,,,new
RHIM,EQ,2026-09-03,371.0,374.0,368.15,369.75,370.0,370.5,141692,52603000.0,5458,,73732.0,52.04,new
RHL,EQ,2026-09-03,168.39,172.0,166.1,167.6,167.15,172.71,2006,339000.0,46,,1543.0,76.92,new
RICHA,ST,2026-09-03,81.95,81.95,81.0,81.0,81.0,80.2,2000,163000.0,2,,2000.0,100.0,new
RICOAUTO,EQ,2026-09-03,126.45,127.92,125.27,126.49,127.0,125.7,588850,74486000.0,4810,,216591.0,36.78,new
RIIL,EQ,2026-09-03,749.95,765.0,747.0,752.95,753.5,743.75,43791,32992000.0,2130,,12812.0,29.26,new
RIIT,IV,2026-09-03,122.0,122.0,120.81,121.4,121.49,121.48,780815,94726000.0,7076,,774766.0,99.23,new
RILINFRA,SM,2026-09-03,35.5,36.15,34.8,35.1,35.0,35.55,7200,254999.99999999997,39,,6400.0,88.89,new
RIR,EQ,2026-09-03,160.0,162.77,154.0,157.58,158.0,157.69,505055,79749000.0,1759,,456980.0,90.48,new
RISHABH,EQ,2026-09-03,750.0,750.0,731.5,734.95,735.3,746.0,157075,116374000.0,6921,,77478.0,49.33,new
RITCO,EQ,2026-09-03,306.85,308.95,298.55,301.0,300.55,303.8,33916,10274000.0,830,,24218.0,71.41,new
RITES,EQ,2026-09-03,212.95,215.78,212.94,213.78,214.9,212.6,278105,59498000.0,6273,,142689.0,51.31,new
RITEZONE,SM,2026-09-03,19.65,19.65,19.65,19.65,19.65,18.75,1600,31000.0,1,,1600.0,100.0,new
RKDL,EQ,2026-09-03,18.74,18.74,18.04,18.32,18.39,18.25,5837,106000.0,73,,4764.0,81.62,new
RKEC,EQ,2026-09-03,21.56,23.07,21.35,21.64,21.6,21.56,23320,509999.99999999994,270,,18036.0,77.34,new
RKFORGE,EQ,2026-09-03,731.2,742.5,722.65,726.85,726.9,726.1,443737,324534000.0,15395,,177794.0,40.07,new
RKSWAMY,EQ,2026-09-03,92.14,94.5,91.16,92.0,91.21,92.14,9985,923000.0,421,,5349.0,53.57,new
RMC,EQ,2026-09-03,225.0,237.33,220.11,225.97,226.0,221.42,85081,19362000.0,3467,,26822.0,31.53,new
RMDRIP,BE,2026-09-03,21.0,21.74,21.0,21.0,21.0,21.06,160333,3372000.0,463,,,,new
RML,EQ,2026-09-03,1106.5,1131.9,1106.5,1127.4,1130.0,1103.7,11830,13261000.000000002,1281,,5746.0,48.57,new
RNBDENIMS,EQ,2026-09-03,11.93,11.93,10.81,10.81,10.81,11.37,3089346,35379000.0,2344,,1696469.0,54.91,new
RNFI,SM,2026-09-03,300.0,304.9,297.0,299.75,298.0,296.05,48000,14422000.0,74,,38400.0,80.0,new
RNPL,SM,2026-09-03,80.0,82.0,80.0,81.5,81.5,79.9,8400,683000.0,6,,0.0,0.0,new
ROCKINGDCE,SM,2026-09-03,228.5,229.0,227.15,227.15,227.15,237.85,2250,513999.99999999994,9,,1500.0,66.67,new
ROCKPP,E1,2026-09-03,72.0,72.0,66.0,70.0,66.0,71.5,3000,210000.0,3,,3000.0,100.0,new
ROHLTD,EQ,2026-09-03,299.2,301.05,296.3,298.5,298.1,296.8,6138,1829000.0,273,,4364.0,71.1,new
ROLEXRINGS,EQ,2026-09-03,174.1,179.0,173.5,174.83,175.0,173.01,1379507,242458000.0,12940,,621939.0,45.08,new
ROLLT,BE,2026-09-03,3.95,4.17,3.89,4.17,4.17,3.98,497612,2039000.0,351,,,,new
ROML,EQ,2026-09-03,42.23,43.24,42.13,42.35,43.23,42.13,2992,127000.0,41,,2486.0,83.09,new
ROSSARI,EQ,2026-09-03,479.5,482.35,451.4,457.0,459.45,476.2,342764,158842000.0,15928,,159383.0,46.5,new
ROSSELLIND,EQ,2026-09-03,59.1,59.1,57.5,57.67,57.65,58.58,30862,1788000.0,551,,22937.0,74.32,new
ROSSTECH,EQ,2026-09-03,1140.0,1144.7,1109.5,1116.3,1120.0,1134.0,121642,137158000.0,6029,,67584.0,55.56,new
ROTO,EQ,2026-09-03,64.6,65.49,63.2,63.76,63.7,64.8,208053,13338000.0,2201,,98587.0,47.39,new
ROUTE,EQ,2026-09-03,501.3,515.0,501.3,503.65,503.0,499.7,115028,58121000.0,4188,,53274.0,46.31,new
ROXHITECH,SM,2026-09-03,47.5,48.0,47.0,47.5,47.5,47.4,35200,1668000.0,16,,30400.0,86.36,new
RPEL,EQ,2026-09-03,1791.9,1900.0,1779.0,1885.2,1889.7,1774.6,181647,338710000.0,16727,,80377.0,44.25,new
RPGLIFE,EQ,2026-09-03,2596.9,2698.9,2583.1,2652.4,2659.0,2564.9,25736,68323000.0,3208,,9267.0,36.01,new
RPOWER,EQ,2026-09-03,22.16,22.51,21.97,22.03,22.1,22.05,10995033,243732000.00000003,24107,,3412493.0,31.04,new
RPPINFRA,EQ,2026-09-03,55.43,56.78,54.95,55.04,54.95,55.57,52388,2910000.0,662,,35619.0,67.99,new
RPPL,BE,2026-09-03,23.1,23.3,22.4,22.57,22.5,22.89,33159,750000.0,97,,,,new
RPSGVENT,EQ,2026-09-03,841.75,850.0,831.1,833.3,836.0,839.7,48590,40793000.0,1417,,37471.0,77.12,new
RPTECH,EQ,2026-09-03,809.0,819.8,805.05,815.65,812.0,806.1,130126,105732000.0,7105,,61145.0,46.99,new
RRECL,EQ,2026-09-03,138.5,145.6,130.0,138.37,138.0,138.85,3378,451999.99999999994,54,,3189.0,94.4,new
RRIL,EQ,2026-09-03,16.56,17.0,16.5,16.71,16.75,16.64,13765,229999.99999999997,84,,12429.0,90.29,new
RRKABEL,EQ,2026-09-03,2650.0,2685.9,2594.0,2617.7,2639.0,2630.4,686037,1800750999.9999998,54045,,304492.0,44.38,new
RSDFIN,BE,2026-09-03,95.5,100.13,91.82,100.11,100.13,95.37,902,88000.0,21,,,,new
RSL,EQ,2026-09-03,180.0,182.14,179.49,181.56,181.9,178.98,366889,66275000.0,3454,,133403.0,36.36,new
RSSOFTWARE,EQ,2026-09-03,28.65,29.96,28.02,29.91,29.96,28.54,39888,1174000.0,336,,25602.0,64.18,new
RSWM,BE,2026-09-03,210.6,217.28,210.6,217.28,217.28,206.94,137349,29794000.0,939,,,,new
RSYSTEMS,EQ,2026-09-03,254.0,257.0,251.16,252.64,253.33,253.96,126707,32152999.999999996,2808,,63620.0,50.21,new
RTNINDIA,EQ,2026-09-03,29.66,29.9,27.21,27.43,27.65,29.59,7638164,213184000.0,22414,,2911511.0,38.12,new
RTNPOWER,EQ,2026-09-03,7.45,7.54,7.2,7.24,7.27,7.39,29370107,214339000.0,22962,,15901702.0,54.14,new
RTSPOWR,EQ,2026-09-03,88.66,93.0,88.66,90.4,91.0,88.66,934,84000.0,35,,778.0,83.3,new
RUBFILA,EQ,2026-09-03,66.24,67.5,65.0,66.42,66.6,66.21,25569,1698999.9999999998,489,,20805.0,81.37,new
RUBICON,EQ,2026-09-03,1829.1,1839.7,1765.0,1775.7,1773.0,1828.8,233210,417354000.0,21950,,127200.0,54.54,new
RUBYMILLS,BE,2026-09-03,406.25,415.0,395.1,409.05,410.0,396.8,17521,7194000.0,332,,,,new
RUCHINFRA,EQ,2026-09-03,5.57,6.63,5.57,6.04,6.08,5.53,680209,4188000.0000000005,1228,,335572.0,49.33,new
RUCHIRA,EQ,2026-09-03,102.67,107.0,101.15,105.12,105.4,102.67,89470,9341000.0,1781,,43081.0,48.15,new
RUDRA,EQ,2026-09-03,20.51,20.9,20.27,20.38,20.3,20.72,62063,1271000.0,178,,46554.0,75.01,new
RULKA,SM,2026-09-03,107.25,110.45,107.25,109.6,110.4,106.1,1200,131000.0,4,,900.0,75.0,new
RUPA,EQ,2026-09-03,144.1,146.0,143.23,144.43,144.79,143.15,83254,12027000.0,2991,,34954.0,41.98,new
RUSHIL,EQ,2026-09-03,16.09,16.54,16.06,16.18,16.17,16.09,234777,3800000.0,763,,158034.0,67.31,new
RUSTOMJEE,EQ,2026-09-03,379.15,384.0,374.8,381.75,376.15,379.15,50262,19074000.0,1872,,17502.0,34.82,new
RVHL,EQ,2026-09-03,40.8,41.24,38.56,39.09,39.0,39.28,9326,376000.0,104,,8260.0,88.57,new
RVNL,EQ,2026-09-03,207.2,211.52,207.2,209.3,209.3,206.0,4061743,851301000.0,34827,,929345.0,22.88,new
RVTH,EQ,2026-09-03,720.15,739.1,715.15,729.05,729.05,723.85,207,150000.0,33,,182.0,87.92,new
S&SPOWER,EQ,2026-09-03,322.45,337.5,305.9,319.85,320.0,322.0,3765,1213000.0,163,,2446.0,64.97,new
SAAKSHI,ST,2026-09-03,317.7,317.7,306.0,312.0,312.0,310.9,13200,4107000.0,16,,10200.0,77.27,new
SAATVIKGL,EQ,2026-09-03,417.0,435.0,415.1,421.65,421.0,417.25,143686,61220000.00000001,3529,,33228.0,23.13,new
SABAR,ST,2026-09-03,9.05,9.05,9.05,9.05,9.05,8.65,65000,588000.0,12,,65000.0,100.0,new
SACHEEROME,SM,2026-09-03,420.2,459.95,420.2,455.45,456.0,420.1,28800,12847000.0,91,,18300.0,63.54,new
SADBHAV,EQ,2026-09-03,8.09,8.22,7.83,8.03,8.02,8.07,130563,1047000.0000000001,286,,103182.0,79.03,new
SADBHIN,BE,2026-09-03,2.62,2.62,2.46,2.53,2.58,2.58,274344,691000.0,209,,,,new
SADHAV,SM,2026-09-03,108.4,112.45,108.4,111.95,111.95,111.25,9000,999000.0,15,,5400.0,60.0,new
SADHNANIQ,BE,2026-09-03,2.7,2.7,2.67,2.67,2.67,2.71,1893197,5066000.0,457,,,,new
SAFARI,EQ,2026-09-03,1491.0,1524.8,1491.0,1509.5,1507.0,1497.2,22390,33721000.0,2227,,13169.0,58.82,new
SAFEENTP,SM,2026-09-03,265.3,280.0,265.3,277.2,272.0,265.3,110500,30408000.0,155,,79000.0,71.49,new
SAGARDEEP,EQ,2026-09-03,23.6,24.0,22.85,23.76,23.79,23.66,7514,177000.0,50,,6343.0,84.42,new
SAGCEM,EQ,2026-09-03,157.84,160.59,152.41,154.38,155.98,155.63,74452,11612000.0,1266,,48350.0,64.94,new
SAGILITY,EQ,2026-09-03,46.95,47.3,46.67,46.8,46.8,46.7,12927418,607569000.0,27903,,5683805.0,43.97,new
SAHAJSOLAR,SM,2026-09-03,101.0,102.0,99.0,99.4,99.5,100.25,9200,926000.0,21,,8000.0,86.96,new
SAHANA,SM,2026-09-03,915.15,936.0,907.0,927.9,928.0,916.9,14550,13422000.0,92,,8700.0,59.79,new
SAHASRA,ST,2026-09-03,308.1,312.85,305.0,306.25,306.3,308.0,22400,6916000.0,48,,20800.0,92.86,new
SAHLIBHFI,EQ,2026-09-03,88.1,91.95,84.01,89.12,90.99,86.36,170131,15168000.0,2414,,86820.0,51.03,new
SAHYADRI,EQ,2026-09-03,357.95,360.0,352.25,359.4,360.0,356.2,6781,2423000.0,271,,4674.0,68.93,new
SAICAPI,EQ,2026-09-03,147.9,168.0,146.0,157.05,159.1,140.0,2613,412000.0,79,,2233.0,85.46,new
SAIFL,SM,2026-09-03,4.85,4.95,4.8,4.95,4.9,4.85,300000,1457000.0,42,,228000.0,76.0,new
SAIL,EQ,2026-09-03,196.5,200.04,194.26,197.0,197.0,196.5,17723024,3500769999.9999995,69541,,6421035.0,36.23,new
SAILIFE,EQ,2026-09-03,1588.0,1630.0,1559.9,1574.8,1579.0,1587.0,1633705,2615811000.0,102144,,742260.0,45.43,new
SAIPARENT,EQ,2026-09-03,520.0,522.8,515.55,518.15,519.0,515.55,35674,18532000.0,1296,,21087.0,59.11,new
SAKAR,EQ,2026-09-03,1000.0,1017.0,960.05,1006.95,1012.0,985.8,168154,167452000.0,10172,,77489.0,46.08,new
SAKHTISUG,EQ,2026-09-03,20.37,20.9,20.26,20.35,20.42,20.37,242541,5002000.0,1047,,105391.0,43.45,new
SAKSOFT,EQ,2026-09-03,152.0,154.83,150.05,153.69,153.11,150.38,259461,39731000.0,4059,,76139.0,29.35,new
SAKUMA,EQ,2026-09-03,1.61,1.64,1.44,1.58,1.6,1.6,1056846,1664999.9999999998,1175,,709884.0,67.17,new
SALASAR,EQ,2026-09-03,5.64,5.69,4.73,5.08,5.25,5.65,40156990,204882000.00000003,27109,,24726563.0,61.57,new
SALONA,EQ,2026-09-03,263.0,271.85,259.05,262.9,259.5,262.45,63,17000.0,16,,50.0,79.37,new
SALSTEEL,EQ,2026-09-03,80.5,83.8,78.25,82.04,83.7,82.04,677428,54525000.0,4124,,176085.0,25.99,new
SALZERELEC,EQ,2026-09-03,538.55,544.9,531.9,537.3,537.1,535.85,29792,16061000.000000002,1675,,15658.0,52.56,new
SAMBANDAM,EQ,2026-09-03,120.0,120.17,119.99,120.0,120.0,114.45,427,51000.0,12,,427.0,100.0,new
SAMBHAAV,EQ,2026-09-03,6.0,6.14,5.71,6.0,6.0,6.0,4877,28999.999999999996,65,,4253.0,87.21,new
SAMBHV,EQ,2026-09-03,127.18,130.0,126.4,129.64,129.0,126.18,824230,106160999.99999999,8017,,356654.0,43.27,new
SAMHI,EQ,2026-09-03,151.45,153.5,150.43,152.59,153.15,151.45,800313,121297000.0,22892,,444915.0,55.59,new
SAMMAANCAP,EQ,2026-09-03,153.4,154.98,151.55,153.7,153.48,152.31,6224479,955786000.0,35060,,2969269.0,47.7,new
SAMPANN,EQ,2026-09-03,24.82,25.19,24.14,24.61,24.9,24.33,14901,369000.0,149,,8448.0,56.69,new
SANATHAN,EQ,2026-09-03,438.7,439.3,430.0,433.05,435.0,434.0,38259,16575000.0,1302,,27105.0,70.85,new
SANDESH,EQ,2026-09-03,1050.3,1059.0,1041.1,1050.9,1050.0,1050.0,224,235000.0,59,,137.0,61.16,new
SANDHAR,EQ,2026-09-03,635.75,642.95,625.1,627.85,626.7,633.75,85928,54329000.0,3913,,42545.0,49.51,new
SANDUMA,EQ,2026-09-03,198.0,202.41,196.88,197.89,198.0,197.0,407132,80872000.0,8481,,164042.0,40.29,new
SANGAMIND,EQ,2026-09-03,571.2,579.45,568.5,571.85,570.0,569.8,23015,13168000.0,2058,,11939.0,51.87,new
SANGANI,SM,2026-09-03,55.0,55.0,52.0,52.0,52.0,54.6,15000,790000.0,5,,15000.0,100.0,new
SANGHVIMOV,EQ,2026-09-03,455.15,462.3,448.55,453.0,455.0,452.3,115506,52466000.0,5126,,60014.0,51.96,new
SANGINITA,BE,2026-09-03,56.06,58.34,56.06,58.34,58.34,57.2,558179,32268000.0,251,,,,new
SANOFI,EQ,2026-09-03,3185.0,3220.0,3160.0,3190.8,3207.8,3157.4,14906,47616000.0,3245,,8725.0,58.53,new
SANOFICONR,EQ,2026-09-03,4181.0,4287.9,4145.0,4205.4,4185.0,4182.4,7444,31249000.0,1625,,3737.0,50.2,new
SANSERA,EQ,2026-09-03,3850.8,3892.2,3775.0,3789.6,3779.1,3810.6,88647,338499000.0,14550,,43014.0,48.52,new
SANSTAR,EQ,2026-09-03,110.5,112.2,107.15,108.0,108.44,109.91,174823,19201000.0,2105,,74942.0,42.87,new
SANWARIA,BZ,2026-09-03,0.2,0.2,0.19,0.19,0.2,0.19,689299,134000.0,134,,,,new
SAPPHIRE,EQ,2026-09-03,227.45,231.4,224.03,228.76,228.5,228.21,367836,83866000.0,9742,,128340.0,34.89,new
SAPPL,EQ,2026-09-03,288.95,303.3,276.0,280.6,286.0,280.0,596,170000.0,41,,244.0,40.94,new
SARDAEN,EQ,2026-09-03,494.9,509.0,492.05,506.55,504.85,491.05,382427,192438000.0,13303,,171110.0,44.74,new
SAREGAMA,EQ,2026-09-03,481.1,501.0,478.4,493.65,494.5,477.3,405441,197418000.0,20098,,218685.0,53.94,new
SARLAPOLY,EQ,2026-09-03,102.46,103.2,99.15,102.15,103.15,102.46,33737,3427000.0000000005,1156,,19038.0,56.43,new
SARTELE,SM,2026-09-03,88.45,92.85,88.4,91.35,91.4,89.85,81500,7442000.0,80,,64500.0,79.14,new
SARVESHWAR,EQ,2026-09-03,3.4,3.4,3.34,3.35,3.36,3.34,742565,2493000.0,1129,,488218.0,65.75,new
SASKEN,EQ,2026-09-03,1890.0,1945.0,1850.6,1902.4,1895.5,1885.5,12388,23577000.0,1658,,6914.0,55.81,new
SATECH,SM,2026-09-03,35.65,39.8,35.65,38.4,38.8,37.05,15000,568000.0,15,,8000.0,53.33,new
SATIA,EQ,2026-09-03,57.15,62.0,57.01,60.37,59.9,57.12,657812,39682000.0,3382,,491570.0,74.73,new
SATIN,EQ,2026-09-03,222.88,228.9,218.1,219.37,218.6,218.52,388149,86389000.0,8844,,191193.0,49.26,new
SATKARTAR,SM,2026-09-03,121.95,126.0,117.55,118.2,118.0,121.7,38400,4651000.0,40,,32000.0,83.33,new
SATTVAENGG,SM,2026-09-03,62.0,62.0,62.0,62.0,62.0,62.0,4800,298000.0,2,,4800.0,100.0,new
SAURASHCEM,EQ,2026-09-03,55.25,57.2,55.2,56.81,57.0,55.22,84733,4768000.0,1130,,58127.0,68.6,new
SAVY,SM,2026-09-03,133.2,137.0,133.0,135.1,135.1,135.0,12000,1614000.0,10,,7200.0,60.0,new
SAWALIYA,SM,2026-09-03,146.0,150.5,145.0,150.15,148.0,143.25,21600,3215000.0,15,,21000.0,97.22,new
SAYAJIHOTL,EQ,2026-09-03,318.95,318.95,300.0,303.8,300.0,303.0,32,10000.0,8,,29.0,90.63,new
SAYAJIIND,EQ,2026-09-03,119.89,120.0,119.89,119.89,119.89,117.48,111,13000.0,7,,111.0,100.0,new
SBC,EQ,2026-09-03,42.98,43.75,42.78,43.25,43.14,42.81,8714926,377225000.0,8972,,4550304.0,52.21,new
SBCL,EQ,2026-09-03,1062.9,1155.9,1052.0,1155.9,1155.9,1050.9,675189,746935000.0,25564,,332950.0,49.31,new
SBFC,EQ,2026-09-03,100.0,104.39,99.24,99.9,99.99,99.23,3008192,304494000.0,24969,,1294856.0,43.04,new
SBGLP,EQ,2026-09-03,23.29,24.92,23.25,24.68,24.84,23.29,36830,888000.0000000001,231,,23753.0,64.49,new
SBIBPB,EQ,2026-09-03,49.78,50.26,49.22,49.48,49.46,49.25,92284,4612000.0,390,,65978.0,71.49,new
SBICARD,EQ,2026-09-03,641.0,667.4,641.0,661.0,661.0,635.15,3785886,2500332000.0,48867,,1261238.0,33.31,new
SBIETFCON,EQ,2026-09-03,122.48,122.48,120.08,120.31,121.08,121.2,2746,331000.0,100,,1796.0,65.4,new
SBIETFIT,EQ,2026-09-03,343.34,343.34,340.4,342.1,342.32,343.34,2610,894000.0,137,,2055.0,78.74,new
SBIETFPB,EQ,2026-09-03,285.69,288.25,282.98,285.51,285.87,282.98,20614,5883000.0,574,,18783.0,91.12,new
SBIETFQLTY,EQ,2026-09-03,222.2,223.52,222.15,223.32,223.52,222.4,2010,448000.00000000006,36,,1958.0,97.41,new
SBIFUNDS,EQ,2026-09-03,565.9,566.9,558.1,564.0,563.0,564.7,984775,553995000.0,25267,,498856.0,50.66,new
SBILIFE,EQ,2026-09-03,1724.9,1741.9,1708.9,1715.0,1715.0,1719.9,648581,1116800000.0,34833,,396887.0,61.19,new
SBILIQETF,EQ,2026-09-03,1054.43,1054.45,1054.43,1054.43,1054.43,1054.3,13808,14560000.0,44,,7138.0,51.69,new
SBIMIDMOM,EQ,2026-09-03,64.23,64.23,63.66,63.87,63.92,63.59,91467,5842000.0,178,,87630.0,95.81,new
SBIN,EQ,2026-09-03,1028.9,1036.0,1021.1,1023.4,1023.4,1020.9,7371804,7583592000.0,174387,,3554490.0,48.22,new
SBINEQWETF,EQ,2026-09-03,33.17,33.32,33.09,33.13,33.26,33.13,45746,1518000.0,203,,13707.0,29.96,new
SBINMID150,EQ,2026-09-03,23.49,23.49,23.18,23.32,23.33,23.12,42448,989000.0,102,,41489.0,97.74,new
SBISILVER,EQ,2026-09-03,220.81,227.92,215.28,225.5,225.49,220.81,1120159,253223000.0,5643,,279767.0,24.98,new
SBISMLETF,EQ,2026-09-03,18.42,18.57,18.34,18.47,18.53,18.24,62218,1146000.0,155,,41329.0,66.43,new
SBIVALETF,EQ,2026-09-03,14.73,14.9,14.63,14.65,14.72,14.65,232054,3415999.9999999995,68,,230038.0,99.13,new
SCANSTL,BE,2026-09-03,59.23,59.99,58.0,58.82,59.3,58.02,26772,1578000.0,88,,,,new
SCHAEFFLER,EQ,2026-09-03,3971.3,3994.6,3947.7,3950.6,3952.9,3967.1,50015,197642000.0,7187,,41858.0,83.69,new
SCHAND,EQ,2026-09-03,135.49,138.9,134.11,136.73,136.0,134.2,15989,2183000.0,416,,10754.0,67.26,new
SCHNEIDER,EQ,2026-09-03,1169.5,1202.2,1158.0,1191.0,1193.1,1169.5,351366,415522999.99999994,21026,,166968.0,47.52,new
SCI,EQ,2026-09-03,289.95,297.65,289.95,294.95,296.1,288.2,2179977,642973000.0,34788,,799067.0,36.65,new
SCILAL,EQ,2026-09-03,39.88,40.24,39.77,40.02,40.08,39.47,224963,8994000.0,1009,,165464.0,73.55,new
SCML,SM,2026-09-03,82.75,85.0,82.75,83.2,82.75,83.95,46000,3854000.0,39,,5000.0,10.87,new
SCODATUBES,EQ,2026-09-03,128.64,138.07,128.64,134.95,134.99,128.61,395401,53216000.0,4211,,187782.0,47.49,new
SCPL,BE,2026-09-03,637.0,668.75,608.3,641.9,647.0,637.2,15984,10243000.0,644,,,,new
SDBL,EQ,2026-09-03,72.59,73.93,72.15,72.62,72.18,72.58,820282,59771000.0,2765,,154987.0,18.89,new
SDREAMS,SM,2026-09-03,85.0,85.5,84.0,85.15,85.5,85.0,8000,678000.0,6,,6000.0,75.0,new
SEAMECLTD,EQ,2026-09-03,1750.0,1794.9,1720.8,1786.6,1786.0,1735.7,189284,334246000.0,15508,,95452.0,50.43,new
SECMARK,EQ,2026-09-03,144.0,150.0,140.4,148.46,149.0,142.78,1968,289000.0,74,,1293.0,65.7,new
SECURKLOUD,EQ,2026-09-03,17.3,18.1,17.0,17.41,17.69,17.35,17190,298000.0,135,,15802.0,91.93,new
SEDEMAC,EQ,2026-09-03,2886.6,2945.0,2858.1,2905.9,2906.1,2866.5,78970,229240000.0,10442,,29057.0,36.79,new
SEIL,EQ,2026-09-03,203.81,209.03,201.0,202.34,202.2,201.56,161132,32883000.0,1719,,104432.0,64.81,new
SEITINVIT,IV,2026-09-03,122.0,122.0,122.0,122.0,122.0,122.0,50000,6100000.0,2,,50000.0,100.0,new
SEJALLTD,EQ,2026-09-03,671.0,683.7,663.0,672.45,670.2,672.85,5132,3440000.0,330,,4045.0,78.82,new
SEKURITIND,EQ,2026-09-03,117.6,117.6,113.98,114.67,114.51,113.7,50859,5838000.0,505,,29606.0,58.21,new
SEL,SM,2026-09-03,310.0,313.95,303.05,305.0,305.0,299.9,1200,369000.0,6,,800.0,66.67,new
SELECTIPO,EQ,2026-09-03,48.51,48.78,48.4,48.72,48.78,48.42,90986,4431000.0,91,,82715.0,90.91,new
SELMC,EQ,2026-09-03,27.7,27.98,27.01,27.17,27.11,27.43,2630,72000.0,57,,2291.0,87.11,new
SEMAC,EQ,2026-09-03,290.55,290.55,290.55,290.55,290.55,292.0,1,0.0,1,,1.0,100.0,new
SENCO,EQ,2026-09-03,353.0,354.9,347.25,349.05,349.5,348.6,580287,203821000.0,13498,,251161.0,43.28,new
SENORES,EQ,2026-09-03,1450.0,1462.4,1424.0,1430.4,1430.0,1449.5,111671,160484000.0,10573,,49750.0,44.55,new
SENSEXADD,EQ,2026-09-03,79.15,79.48,79.0,79.18,79.18,79.03,412,33000.0,16,,230.0,55.83,new
SENSEXAXIS,EQ,2026-09-03,79.62,80.05,79.3,79.67,80.05,79.56,1119,89000.0,61,,562.0,50.22,new
SENSEXBETA,EQ,2026-09-03,847.0,854.98,847.0,849.27,847.22,846.66,1209,1027999.9999999999,141,,693.0,57.32,new
SENSEXETF,EQ,2026-09-03,79.3,79.43,79.02,79.12,79.06,78.96,30438,2412000.0,186,,12456.0,40.92,new
SENSEXIETF,EQ,2026-09-03,885.45,886.84,880.51,881.95,880.51,881.04,3088,2728000.0,267,,1749.0,56.64,new
SEPC,EQ,2026-09-03,5.5,5.51,5.36,5.37,5.37,5.43,7960833,43089000.0,4304,,3759123.0,47.22,new
SERVICE,SM,2026-09-03,71.25,71.3,67.15,69.4,70.9,70.3,34000,2354000.0,14,,14000.0,41.18,new
SERVOTECH,EQ,2026-09-03,79.65,81.29,79.5,80.25,80.27,79.47,295395,23741000.0,3323,,141858.0,48.02,new
SESHAPAPER,EQ,2026-09-03,229.67,237.82,229.67,234.51,234.35,229.67,67311,15766000.0,1015,,39034.0,57.99,new
SETCO,BE,2026-09-03,18.35,18.35,17.15,17.36,17.5,17.51,35578,625000.0,158,,,,new
SETF10GILT,EQ,2026-09-03,264.67,264.99,263.01,263.85,263.85,263.88,13931,3672999.9999999995,56,,13409.0,96.25,new
SETFGOLD,EQ,2026-09-03,130.62,130.68,129.61,130.22,130.23,127.44,6068954,790339000.0,10254,,3900014.0,64.26,new
SETFNIF50,EQ,2026-09-03,264.09,264.09,257.1,257.33,257.5,257.65,1944285,500982000.0,5645,,1592305.0,81.9,new
SETFNIFBK,EQ,2026-09-03,588.97,593.73,588.96,591.31,591.77,587.97,39093,23162000.0,472,,33297.0,85.17,new
SETFNN50,EQ,2026-09-03,784.74,787.8,781.25,783.6,784.4,779.13,12368,9702000.0,887,,8843.0,71.5,new
SETL,EQ,2026-09-03,377.15,393.65,369.05,391.15,387.15,374.95,1063766,408981000.0,14645,,547160.0,51.44,new
SETUINFRA,BZ,2026-09-03,0.55,0.55,0.55,0.55,0.55,0.53,20621,11000.0,22,,,,new
SEYAIND,BE,2026-09-03,12.37,12.37,12.02,12.06,12.06,12.25,5823,71000.0,26,,,,new
SFL,EQ,2026-09-03,646.85,652.85,641.45,644.9,643.9,646.85,60462,39157000.0,6219,,29613.0,48.98,new
SFML,SM,2026-09-03,21.6,22.0,21.6,22.0,22.0,21.65,3200,70000.0,2,,3200.0,100.0,new
SGBAPR28I,GB,2026-09-03,15100.0,15270.0,15100.0,15180.84,15170.0,14890.48,145,2201000.0,32,,105.0,72.41,new
SGBAUG27,GB,2026-09-03,15100.0,15239.98,15051.01,15105.26,15089.22,14959.21,34,513000.0,23,,29.0,85.29,new
SGBAUG28V,GB,2026-09-03,14931.0,15270.0,14931.0,15112.39,15105.01,14871.55,1907,28845999.999999996,185,,1317.0,69.06,new
SGBAUG29V,GB,2026-09-03,15156.56,15475.0,15156.56,15237.2,15228.0,15108.38,83,1270000.0,27,,47.0,56.63,new
SGBAUG30,GB,2026-09-03,15210.0,15389.44,15206.0,15281.42,15275.0,15021.48,80,1224000.0,38,,63.0,78.75,new
SGBD29VIII,GB,2026-09-03,15397.0,15397.0,15105.0,15239.92,15201.0,14961.64,152,2320000.0,44,,79.0,51.97,new
SGBDC27VII,GB,2026-09-03,15014.55,15200.0,15014.55,15150.0,15150.0,15090.0,12,182000.0,10,,11.0,91.67,new
SGBDE30III,GB,2026-09-03,15176.0,15444.86,15176.0,15362.96,15360.0,15105.81,88,1352000.0,32,,63.0,71.59,new
SGBDE31III,GB,2026-09-03,15500.01,15675.92,15500.01,15542.74,15549.99,15314.62,427,6651000.000000001,113,,293.0,68.62,new
SGBDEC26,GB,2026-09-03,15150.0,15150.0,15150.0,15150.0,15150.0,15550.0,1,15000.0,1,,1.0,100.0,new
SGBFEB29XI,GB,2026-09-03,15115.01,15160.0,15080.0,15093.5,15093.5,14849.66,68,1028999.9999999999,18,,43.0,63.24,new
SGBFEB32IV,GB,2026-09-03,15650.0,15900.0,15650.0,15742.54,15762.0,15553.55,1201,18921000.0,288,,705.0,58.7,new
SGBJ28VIII,GB,2026-09-03,14851.0,15197.9,14846.31,15099.9,15099.9,14846.31,52,779000.0,9,,30.0,57.69,new
SGBJAN29IX,GB,2026-09-03,14955.01,15220.0,14906.56,15111.99,15111.99,14865.81,434,6577000.0,66,,250.0,57.6,new
SGBJAN29X,GB,2026-09-03,15055.01,15135.0,15050.0,15108.22,15104.0,14891.07,89,1343000.0,28,,71.0,79.78,new
SGBJAN30IX,GB,2026-09-03,15110.05,15259.99,15110.05,15160.71,15156.0,14999.98,104,1581000.0,31,,77.0,74.04,new
SGBJU29III,GB,2026-09-03,15012.01,15175.1,15012.01,15120.0,15120.0,14862.97,68,1030000.0000000001,20,,52.0,76.47,new
SGBJUL27,GB,2026-09-03,15149.99,15149.99,15149.99,15149.99,15149.99,15024.99,6,91000.0,4,,6.0,100.0,new
SGBJUL28IV,GB,2026-09-03,15005.01,15191.98,14955.01,15116.01,15116.02,14843.67,343,5186000.0,57,,146.0,42.57,new
SGBJUL29IV,GB,2026-09-03,15115.5,15190.0,15115.0,15127.94,15116.0,14895.64,291,4405000.0,49,,151.0,51.89,new
SGBJUN28,GB,2026-09-03,15020.01,15275.0,15020.01,15131.45,15125.0,14850.0,98,1485000.0,31,,81.0,82.65,new
SGBJUN29II,GB,2026-09-03,15035.01,15200.0,15035.01,15135.0,15135.0,14868.88,55,834000.0,24,,50.0,90.91,new
SGBJUN30,GB,2026-09-03,15200.5,15398.0,15152.0,15287.44,15281.0,14940.62,144,2200000.0,45,,118.0,81.94,new
SGBJUN31I,GB,2026-09-03,15301.0,15495.91,15301.0,15379.14,15372.13,15191.8,453,6979000.000000001,104,,348.0,76.82,new
SGBMAR28X,GB,2026-09-03,15160.0,15160.0,15160.0,15160.0,15160.0,15000.0,3,45000.0,1,,3.0,100.0,new
SGBMAR30X,GB,2026-09-03,15001.0,15350.0,14906.0,15318.46,15340.0,14998.0,154,2344000.0,48,,113.0,73.38,new
SGBMAR31IV,GB,2026-09-03,15647.97,15647.97,15401.55,15413.07,15401.55,15234.75,63,973000.0,23,,50.0,79.37,new
SGBMAY28,GB,2026-09-03,15249.0,15249.0,15115.01,15123.33,15130.0,14861.71,52,787000.0,6,,51.0,98.08,new
SGBMAY29I,GB,2026-09-03,15000.0,15289.99,15000.0,15136.47,15132.01,14860.91,559,8491000.0,108,,352.0,62.97,new
SGBMR29XII,GB,2026-09-03,15001.0,15240.0,15001.0,15142.5,15150.0,14903.17,302,4585000.0,61,,201.0,66.56,new
SGBN28VIII,GB,2026-09-03,15295.0,15295.0,15101.0,15176.0,15152.0,14866.96,46,697000.0,14,,35.0,76.09,new
SGBNOV26,GB,2026-09-03,15075.25,15150.0,15075.25,15150.0,15150.0,15151.0,11,166000.0,4,,9.0,81.82,new
SGBNV29VII,GB,2026-09-03,15000.0,15248.11,15000.0,15158.0,15150.0,14885.57,191,2899000.0,38,,151.0,79.06,new
SGBOC28VII,GB,2026-09-03,15115.01,15187.0,15115.0,15185.0,15185.0,14870.41,52,788000.0,11,,42.0,80.77,new
SGBOCT27VI,GB,2026-09-03,15150.0,15150.0,15150.0,15150.0,15150.0,14770.0,10,152000.0,3,,10.0,100.0,new
SGBSEP27,GB,2026-09-03,15105.0,15299.99,15105.0,15251.0,15251.0,14915.02,96,1466000.0,5,,96.0,100.0,new
SGBSEP28VI,GB,2026-09-03,15020.01,15220.0,15020.01,15159.8,15172.0,14946.66,158,2395000.0,65,,105.0,66.46,new
SGBSEP29VI,GB,2026-09-03,15150.0,15649.0,15150.0,15352.09,15390.0,14891.34,117,1797000.0,41,,56.0,47.86,new
SGBSEP31II,GB,2026-09-03,15356.56,15690.0,15356.56,15509.43,15514.94,15303.26,420,6509999.999999999,119,,262.0,62.38,new
SGFIN,EQ,2026-09-03,678.9,689.5,672.0,676.8,676.4,674.6,82919,56453000.0,3745,,35405.0,42.7,new
SGIL,EQ,2026-09-03,598.8,611.05,588.95,603.8,605.95,590.65,15558,9327000.0,394,,11601.0,74.57,new
SGL,EQ,2026-09-03,10.95,10.95,10.12,10.26,10.31,10.21,4756,49000.0,53,,3191.0,67.09,new
SGLRES,EQ,2026-09-03,2.33,2.44,2.27,2.39,2.41,2.33,55677,131000.0,140,,31237.0,56.1,new
SGMART,EQ,2026-09-03,840.0,840.0,812.6,815.85,814.2,827.2,102121,83812000.0,6924,,46121.0,45.16,new
SGRL,EQ,2026-09-03,678.0,699.95,678.0,684.1,687.0,685.65,21215,14663000.0,702,,17157.0,80.87,new
SHADOWFAX,EQ,2026-09-03,254.75,260.9,253.2,259.9,259.3,253.55,2043099,527217000.0,29250,,1129820.0,55.3,new
SHAH,EQ,2026-09-03,3.64,3.64,3.48,3.49,3.48,3.57,1834414,6484000.0,1062,,1349907.0,73.59,new
SHAHALLOYS,BE,2026-09-03,110.3,112.0,106.84,106.84,106.84,112.46,89140,9571000.0,265,,,,new
SHAILY,EQ,2026-09-03,3199.0,3278.6,3162.8,3267.1,3265.0,3172.5,114452,371514000.0,14709,,51426.0,44.93,new
SHAKTIPUMP,EQ,2026-09-03,473.45,478.8,470.1,472.2,473.0,472.35,291210,137643000.0,13375,,131578.0,45.18,new
SHALBY,EQ,2026-09-03,152.0,154.0,151.93,152.64,151.93,151.33,41367,6315000.0,994,,25089.0,60.65,new
SHALPAINTS,BE,2026-09-03,79.4,81.55,79.4,81.55,81.55,77.67,91270,7438000.0,154,,,,new
SHANKARA,EQ,2026-09-03,147.33,148.4,146.77,147.09,147.05,147.33,135168,19875000.0,320,,127098.0,94.03,new
SHANKESH,EQ,2026-09-03,98.0,99.36,95.7,97.4,97.6,97.95,4660673,456087000.0,23975,,1386690.0,29.75,new
SHANTI,EQ,2026-09-03,6.75,6.75,6.3,6.31,6.3,6.29,5523,35000.0,57,,3357.0,60.78,new
SHANTIGEAR,EQ,2026-09-03,529.85,582.8,529.85,582.8,582.8,529.85,617083,354927000.0,9907,,167980.0,27.22,new
SHANTIGOLD,EQ,2026-09-03,246.9,252.5,242.73,245.05,245.7,243.3,1137453,281561000.0,15274,,462087.0,40.62,new
SHARDACROP,EQ,2026-09-03,784.9,784.9,771.1,772.75,774.95,778.3,62688,48629000.0,4746,,35090.0,55.98,new
SHARDAMOTR,EQ,2026-09-03,877.9,889.95,875.2,877.9,878.15,875.7,24681,21780000.0,5438,,14873.0,60.26,new
SHARDUL,BE,2026-09-03,54.9,54.95,53.0,53.77,53.78,53.03,21223,1141000.0,64,,,,new
SHAREINDIA,EQ,2026-09-03,169.98,170.33,169.01,169.27,169.5,168.48,60403,10231000.0,833,,29198.0,48.34,new
SHARIABEES,EQ,2026-09-03,456.97,461.86,453.0,453.44,461.85,456.97,13628,6191000.0,570,,6443.0,47.28,new
SHBAJRG,EQ,2026-09-03,156.99,160.89,156.9,160.83,160.88,155.07,1515,240000.0,56,,1269.0,83.76,new
SHEEL,ST,2026-09-03,64.0,64.5,64.0,64.5,64.5,61.65,12000,771000.0,6,,10000.0,83.33,new
SHEETAL,SM,2026-09-03,340.95,352.0,340.95,348.0,348.0,333.75,7000,2416000.0,14,,5000.0,71.43,new
SHEKHAWATI,BE,2026-09-03,15.8,15.8,14.61,15.25,15.25,15.3,24808,376000.0,103,,,,new
SHEMAROO,BE,2026-09-03,125.51,128.3,123.54,125.74,127.0,126.78,17118,2178000.0,48,,,,new
SHERA,SM,2026-09-03,173.55,193.35,173.55,182.4,182.0,176.3,129000,23919000.0,118,,92000.0,71.32,new
SHERVANI,EQ,2026-09-03,342.75,342.75,310.0,315.05,316.0,342.75,282,90000.0,43,,187.0,66.31,new
SHETHJI,SM,2026-09-03,187.0,193.0,187.0,190.25,192.95,186.55,98000,18630000.0,47,,83000.0,84.69,new
SHIGAN,SM,2026-09-03,74.0,74.5,71.2,73.95,74.0,71.1,55500,4051000.0,12,,55500.0,100.0,new
SHILCTECH,EQ,2026-09-03,3995.4,4097.7,3974.0,4041.6,4040.0,3995.4,13639,54764000.0,3080,,8720.0,63.93,new
SHILGRAVQ,EQ,2026-09-03,155.1,155.1,148.1,150.42,149.99,155.12,7871,1187000.0,150,,6272.0,79.68,new
SHILPAMED,EQ,2026-09-03,935.0,966.45,923.6,956.15,960.0,928.55,1865429,1776181000.0000002,72290,,780512.0,41.84,new
SHINDL,EQ,2026-09-03,161.07,162.37,158.2,159.35,159.0,160.68,314669,50244000.0,845,,184280.0,58.56,new
SHIPROCKET,EQ,2026-09-03,134.51,139.5,132.6,135.89,136.0,133.82,11756152,1601435000.0,72437,,1914539.0,16.29,new
SHIVAAGRO,EQ,2026-09-03,40.98,42.94,40.0,42.9,42.9,40.8,559,23000.0,13,,555.0,99.28,new
SHIVACEM,EQ,2026-09-03,15.99,16.4,15.7,15.7,15.95,15.99,55110,884000.0,304,,42135.0,76.46,new
SHIVALIK,BE,2026-09-03,320.8,324.0,311.0,313.4,311.0,325.85,31028,9806000.0,502,,,,new
SHIVAMAUTO,EQ,2026-09-03,17.45,18.19,17.45,17.8,17.94,17.85,42692,757000.0,101,,22347.0,52.34,new
SHIVAMILLS,EQ,2026-09-03,62.49,62.49,60.22,61.58,61.69,61.15,483,28999.999999999996,16,,468.0,96.89,new
SHIVATEX,EQ,2026-09-03,179.61,186.0,179.61,182.22,182.0,180.51,18630,3415000.0,292,,14525.0,77.97,new
SHIVAUM,EQ,2026-09-03,450.0,460.0,448.0,450.0,450.0,448.2,21740,9786000.0,68,,20850.0,95.91,new
SHK,EQ,2026-09-03,148.37,151.89,146.11,150.14,149.89,148.37,363657,53986000.0,4648,,202734.0,55.75,new
SHKSIL,SM,2026-09-03,33.7,36.5,33.7,34.25,34.0,33.8,28000,994999.9999999999,9,,26000.0,92.86,new
SHOPERSTOP,EQ,2026-09-03,387.85,394.5,378.15,391.45,390.5,381.25,24851,9601000.0,1678,,12704.0,51.12,new
SHRADDHA,EQ,2026-09-03,162.98,164.0,150.02,152.78,154.98,157.89,8688,1349000.0,274,,6141.0,70.68,new
SHRADHA,EQ,2026-09-03,31.75,36.0,31.5,31.9,31.65,31.63,36952,1186000.0,103,,18979.0,51.36,new
SHREDIGCEM,EQ,2026-09-03,73.0,75.69,71.57,74.28,73.65,70.95,276831,20336000.0,2111,,122088.0,44.1,new
SHREECEM,EQ,2026-09-03,23680.0,24050.0,23575.0,23910.0,23910.0,23680.0,20001,477157000.0,9110,,9979.0,49.89,new
SHREEDHAR,ST,2026-09-03,109.8,116.75,109.05,112.55,109.05,111.2,56000,6293000.0,26,,44000.0,78.57,new
SHREEJISPG,EQ,2026-09-03,648.9,671.0,637.05,664.25,662.0,643.4,2427502,1578000000.0,24663,,936904.0,38.6,new
SHREEKARNI,SM,2026-09-03,408.0,408.0,382.0,386.65,382.0,395.0,4200,1670000.0,20,,2850.0,67.86,new
SHREEOSFM,SM,2026-09-03,59.0,59.0,54.2,55.95,55.5,59.0,14000,779000.0,14,,8000.0,57.14,new
SHREEPUSHK,EQ,2026-09-03,469.05,489.0,464.1,477.45,479.0,468.05,121293,58205999.99999999,5078,,63109.0,52.03,new
SHREERAMA,EQ,2026-09-03,41.97,47.44,41.36,44.52,44.12,41.13,371628,16658000.000000002,2534,,175549.0,47.24,new
SHREMINVIT,IV,2026-09-03,101.0,101.0,100.5,100.5,100.5,101.0,825000,82925000.0,3,,825000.0,100.0,new
SHRENIK,BZ,2026-09-03,0.29,0.29,0.28,0.29,0.29,0.28,447908,128000.0,189,,,,new
SHREYANIND,EQ,2026-09-03,125.01,134.0,123.1,129.3,129.05,125.71,6985,889000.0,176,,5072.0,72.61,new
SHRIAHIMSA,ST,2026-09-03,486.0,486.0,473.0,473.1,473.1,485.6,6600,3157000.0,11,,6600.0,100.0,new
SHRIKANHA,SM,2026-09-03,22.25,22.25,21.2,21.7,22.25,22.25,8000,173000.0,5,,6400.0,80.0,new
SHRIKRISH,EQ,2026-09-03,40.0,40.0,37.5,38.85,38.85,39.81,830,32000.0,31,,552.0,66.51,new
SHRINGARMS,EQ,2026-09-03,217.01,219.8,217.0,217.28,219.0,216.23,290555,63379000.0,1489,,38937.0,13.4,new
SHRIPISTON,EQ,2026-09-03,4603.5,4603.5,4518.1,4551.3,4554.9,4600.4,34532,157460000.0,8820,,18252.0,52.86,new
SHRIRAMFIN,EQ,2026-09-03,1056.0,1068.9,1038.6,1044.2,1044.2,1047.0,6236042,6523265000.0,104364,,4164096.0,66.77,new
SHRIRAMPPS,EQ,2026-09-03,75.62,77.1,75.0,75.68,76.27,75.68,1351752,102367000.0,3275,,1165668.0,86.23,new
SHRJAGP,EQ,2026-09-03,630.45,639.25,618.0,621.3,620.5,615.55,241,151000.0,26,,211.0,87.55,new
SHUBHSHREE,SM,2026-09-03,352.5,352.5,352.0,352.0,352.0,347.5,600,211000.0,2,,600.0,100.0,new
SHUKRAPHAR,EQ,2026-09-03,47.37,54.9,47.1,51.93,52.0,46.79,8949935,460772999.99999994,29534,,3197485.0,35.73,new
SHYAMCENT,BE,2026-09-03,4.85,5.05,4.85,4.96,5.0,5.02,47873,238000.0,124,,,,new
SHYAMDHANI,ST,2026-09-03,52.95,54.0,52.95,54.0,54.0,52.95,8000,429000.0,4,,8000.0,100.0,new
SHYAMMETL,EQ,2026-09-03,1077.6,1101.9,1069.8,1076.4,1081.0,1072.6,661154,715788000.0,14328,,460482.0,69.65,new
SHYAMTEL,EQ,2026-09-03,11.35,11.5,11.05,11.42,11.35,11.12,6276,72000.0,59,,5853.0,93.26,new
SICAGEN,EQ,2026-09-03,57.93,59.5,57.93,58.65,58.45,57.93,32048,1880999.9999999998,371,,20363.0,63.54,new
SICALLOG,BE,2026-09-03,108.88,108.88,108.88,108.88,108.88,103.7,24495,2667000.0,64,,,,new
SIDDHICOTS,SM,2026-09-03,26.65,27.4,26.6,26.6,26.6,26.75,13200,356000.0,10,,9600.0,72.73,new
SIDDHIKA,SM,2026-09-03,215.0,223.0,215.0,223.0,223.0,215.4,1500,327000.0,3,,1000.0,66.67,new
SIEL,EQ,2026-09-03,30.88,32.98,30.88,30.89,30.88,32.5,3436,107000.0,30,,2278.0,66.3,new
SIEMENS,EQ,2026-09-03,4018.9,4111.9,4008.1,4030.0,4030.0,4018.9,388897,1577082000.0,38977,,137661.0,35.4,new
SIGACHI,EQ,2026-09-03,32.69,33.55,32.3,32.55,32.48,32.53,2066857,67864000.0,6644,,806900.0,39.04,new
SIGIND,BE,2026-09-03,71.99,72.49,69.05,71.14,71.2,71.58,15643,1105000.0,169,,,,new
SIGMA,EQ,2026-09-03,48.49,48.49,47.0,47.42,47.1,46.85,69898,3322000.0,826,,47235.0,67.58,new
SIGMAADV,BE,2026-09-03,774.95,775.0,750.0,754.8,753.85,772.95,116874,88483000.0,2396,,,,new
SIGNATURE,EQ,2026-09-03,765.8,806.65,765.8,794.2,796.0,765.3,320785,253628000.00000003,14215,,44167.0,13.77,new
SIGNORIA,ST,2026-09-03,159.0,159.0,159.0,159.0,159.0,162.0,2000,318000.0,1,,2000.0,100.0,new
SIGNPOST,EQ,2026-09-03,244.0,247.95,240.15,245.45,246.5,242.7,54175,13203000.0,1970,,36624.0,67.6,new
SIKA,EQ,2026-09-03,992.3,998.85,962.5,974.75,979.0,987.4,27776,27172000.000000004,2280,,14341.0,51.63,new
SIKKO,BE,2026-09-03,5.27,5.35,5.17,5.33,5.34,5.19,215293,1133000.0,395,,,,new
SIL,EQ,2026-09-03,19.76,19.94,19.21,19.52,19.63,19.67,31449,614000.0,254,,23223.0,73.84,new
SILGO,EQ,2026-09-03,72.86,72.86,70.11,71.16,71.1,71.89,108662,7695000.0,669,,9893.0,9.1,new
SILINV,EQ,2026-09-03,488.95,489.9,473.0,487.5,485.05,477.65,1040,503000.0,79,,670.0,64.42,new
SILKFLEX,SM,2026-09-03,274.6,274.6,273.0,274.6,274.6,261.55,80000,21965000.0,59,,67000.0,83.75,new
SILKY,SM,2026-09-03,71.15,71.15,65.85,69.95,69.95,69.4,3200,218000.00000000003,3,,2400.0,75.0,new
SILLYMONKS,EQ,2026-09-03,16.39,16.39,15.99,16.24,16.25,15.99,11213,182000.0,32,,7683.0,68.52,new
SILVER,EQ,2026-09-03,225.2,232.75,225.2,229.64,229.05,225.17,968800,223269000.0,7537,,278395.0,28.74,new
SILVER001,EQ,2026-09-03,22.82,23.48,22.0,23.25,23.23,22.79,32911,756000.0,93,,20171.0,61.29,new
SILVER1,EQ,2026-09-03,22.33,22.51,21.87,22.28,22.26,21.87,78929377,1761904000.0,5908,,60669267.0,76.87,new
SILVER360,EQ,2026-09-03,224.62,230.98,224.62,226.38,226.21,222.54,7893,1789999.9999999998,210,,5169.0,65.49,new
SILVERADD,EQ,2026-09-03,22.26,22.5,22.15,22.19,22.15,21.71,5767771,128257000.0,7466,,1894877.0,32.85,new
SILVERAG,EQ,2026-09-03,221.5,237.48,221.5,224.43,224.0,219.49,923743,208796999.99999997,5418,,437117.0,47.32,new
SILVERAXIS,EQ,2026-09-03,227.75,231.0,227.74,228.73,228.0,223.98,496540,114020000.0,2189,,245524.0,49.45,new
SILVERBEES,EQ,2026-09-03,220.05,221.99,219.41,219.88,219.69,215.45,16902866,3726751000.0,61439,,5591604.0,33.08,new
SILVERBETA,EQ,2026-09-03,220.6,224.61,220.6,221.96,222.0,217.48,824143,183690000.0,4219,,240169.0,29.14,new
SILVERBND,EQ,2026-09-03,230.01,232.68,230.0,230.37,231.35,226.02,20205,4676000.0,236,,17617.0,87.19,new
SILVERCASE,EQ,2026-09-03,23.4,23.62,23.27,23.3,23.29,22.83,11485530,268463000.0,6953,,4466404.0,38.89,new
SILVERIETF,EQ,2026-09-03,231.29,232.4,229.2,229.94,229.55,225.65,3361232,773793000.0,15962,,1681962.0,50.04,new
SILVERTUC,EQ,2026-09-03,177.0,181.0,165.1,169.72,168.0,173.81,654744,111457000.0,9984,,215597.0,32.93,new
SIMBHALS,BZ,2026-09-03,7.96,7.96,7.95,7.95,7.95,8.11,2215,18000.0,16,,,,new
SIMCA,ST,2026-09-03,257.0,258.0,257.0,257.65,257.3,258.0,4200,1081000.0,5,,4200.0,100.0,new
SIMPLEXINF,EQ,2026-09-03,266.0,270.2,265.75,266.95,267.8,265.2,61855,16550000.0,1242,,47024.0,76.02,new
SIMPLXREA,EQ,2026-09-03,139.5,139.5,139.5,139.5,139.5,136.68,1,0.0,1,,1.0,100.0,new
SINCLAIR,EQ,2026-09-03,82.1,85.29,82.1,83.85,84.19,82.67,88131,7352000.0,764,,67848.0,76.99,new
SINDHUTRAD,EQ,2026-09-03,23.9,24.19,23.8,23.95,23.9,23.86,3060248,73349000.0,609,,704648.0,23.03,new
SINGERIND,EQ,2026-09-03,74.64,76.9,73.26,75.88,76.5,74.64,127313,9529000.0,1050,,78886.0,61.96,new
SINTERCOM,EQ,2026-09-03,77.1,80.0,76.57,79.61,80.0,76.54,8096,628000.0,84,,5316.0,65.66,new
SIRCA,EQ,2026-09-03,433.95,448.45,431.75,440.4,439.0,431.25,366522,161976000.0,5832,,79300.0,21.64,new
SIS,EQ,2026-09-03,433.7,441.0,430.0,435.85,433.6,430.0,773082,336697000.0,16271,,443890.0,57.42,new
SITINET,BZ,2026-09-03,0.3,0.3,0.29,0.29,0.3,0.29,607471,179000.0,240,,,,new
SIYSIL,EQ,2026-09-03,550.25,561.8,550.25,558.65,555.0,550.35,24396,13568000.0,1711,,11431.0,46.86,new
SJLOGISTIC,SM,2026-09-03,321.45,321.45,314.5,315.2,315.15,315.0,14750,4672000.0,55,,12750.0,86.44,new
SJS,EQ,2026-09-03,2415.8,2432.7,2397.0,2411.1,2410.0,2403.8,91032,219644999.99999997,9165,,66371.0,72.91,new
SJVN,EQ,2026-09-03,64.52,66.05,64.26,64.98,65.15,63.92,2436292,158930000.0,18471,,790676.0,32.45,new
SKFINDIA,EQ,2026-09-03,1539.7,1550.0,1532.1,1540.6,1540.0,1532.1,18372,28281000.0,3151,,9633.0,52.43,new
SKFINDUS,EQ,2026-09-03,3064.0,3131.0,3030.0,3062.8,3055.0,3039.2,63290,194907000.0,18924,,36137.0,57.1,new
SKIPPER,EQ,2026-09-03,541.2,553.95,539.0,546.9,547.9,537.15,413217,225634000.0,12864,,161090.0,38.98,new
SKMEGGPROD,EQ,2026-09-03,261.95,269.8,259.75,262.4,259.75,261.75,213171,56587000.0,4250,,92186.0,43.25,new
SKP,SM,2026-09-03,148.25,149.0,146.05,146.6,146.95,148.1,69500,10221000.0,70,,30000.0,43.17,new
SKYGOLD,EQ,2026-09-03,756.5,767.7,738.05,742.0,740.0,753.1,970851,728128000.0,34078,,568376.0,58.54,new
SKYTECH,ST,2026-09-03,44.5,44.5,44.5,44.5,44.5,46.8,3200,142000.0,2,,3200.0,100.0,new
SKYWAYS,EQ,2026-09-03,130.88,135.6,130.0,130.06,130.1,129.31,10064287,1326319000.0,65466,,2493209.0,24.77,new
SLONE,ST,2026-09-03,180.8,180.9,174.3,179.85,180.9,174.2,8800,1580000.0,16,,8000.0,90.91,new
SMALL250,EQ,2026-09-03,18.25,18.59,18.25,18.51,18.53,18.34,171197,3167000.0,523,,100229.0,58.55,new
SMALLADD,EQ,2026-09-03,18.47,18.56,18.45,18.56,18.56,18.33,43890,813000.0000000001,84,,34809.0,79.31,new
SMALLCAP,EQ,2026-09-03,48.47,49.15,48.46,49.06,49.15,48.47,970576,47545000.0,2380,,725053.0,74.7,new
SMALLGROWW,EQ,2026-09-03,49.14,49.34,48.86,48.96,48.95,48.58,14417,710000.0,76,,13145.0,91.18,new
SMALLIETF,EQ,2026-09-03,18.51,18.56,18.39,18.54,18.56,18.33,19171,354000.0,93,,10455.0,54.54,new
SMARTEN,ST,2026-09-03,55.5,57.3,54.85,54.85,54.85,54.75,4800,268000.0,4,,4800.0,100.0,new
SMARTLINK,BE,2026-09-03,207.05,214.94,206.0,212.72,212.46,209.37,3135,650000.0,65,,,,new
SMARTWORKS,EQ,2026-09-03,531.0,535.45,529.45,531.4,530.05,525.45,23582,12547000.0,1182,,16316.0,69.19,new
SMCGLOBAL,EQ,2026-09-03,79.37,80.4,79.02,79.42,79.49,79.37,416635,33095000.0,448,,393369.0,94.42,new
SML100CASE,EQ,2026-09-03,11.46,11.46,11.3,11.41,11.46,11.24,1138307,12955000.000000002,1178,,536003.0,47.09,new
SMLMAH,EQ,2026-09-03,5370.0,5790.0,5291.0,5726.0,5725.0,5318.5,246795,1389084000.0,39384,,68159.0,27.62,new
SMLT,EQ,2026-09-03,65.87,65.87,63.5,64.59,64.9,64.61,15205,977999.9999999999,184,,11814.0,77.7,new
SMSPHARMA,EQ,2026-09-03,373.05,376.4,368.55,374.15,374.1,373.05,57594,21466000.0,1774,,31049.0,53.91,new
SNEHAA,SM,2026-09-03,46.0,47.7,44.5,46.0,46.0,46.0,5000,229000.0,5,,3000.0,60.0,new
SNOWMAN,EQ,2026-09-03,35.94,37.0,35.94,36.41,36.58,36.07,74329,2718000.0,1129,,38602.0,51.93,new
SNXT30BEES,EQ,2026-09-03,42.55,42.6,42.33,42.43,42.43,42.6,4937,210000.0,68,,1299.0,26.31,new
SNXT50BETA,EQ,2026-09-03,95.9,96.14,93.5,95.56,95.09,94.97,1593,150000.0,77,,825.0,51.79,new
SOBHA,EQ,2026-09-03,1245.8,1272.6,1240.0,1259.1,1266.4,1230.1,153978,193935000.0,10599,,68284.0,44.35,new
SOCL,SM,2026-09-03,29.0,29.0,29.0,29.0,29.0,29.0,1600,46000.0,1,,1600.0,100.0,new
SOFTTECH,EQ,2026-09-03,429.4,429.4,417.0,421.8,421.95,412.9,1906,806000.0,28,,1702.0,89.3,new
SOLARA,EQ,2026-09-03,643.55,647.6,625.1,629.85,629.6,640.35,226118,143735000.0,8522,,111418.0,49.27,new
SOLARINDS,EQ,2026-09-03,20635.0,21645.0,20630.0,21500.0,21500.0,20600.0,481869,10322114000.0,82659,,182722.0,37.92,new
SOLARWORLD,EQ,2026-09-03,143.93,150.4,143.74,149.76,149.5,142.83,736863,109805000.0,5095,,533897.0,72.46,new
SOLEX,EQ,2026-09-03,718.5,749.4,712.6,728.95,728.0,712.95,57607,42141000.0,5142,,13926.0,24.17,new
SOMANYCERA,EQ,2026-09-03,570.1,574.05,556.6,569.5,570.4,570.1,63243,35826000.0,2813,,30948.0,48.94,new
SOMATEX,EQ,2026-09-03,92.75,92.75,88.87,92.75,92.75,88.34,35251,3233000.0,210,,23659.0,67.12,new
SOMICONVEY,EQ,2026-09-03,95.99,95.99,90.65,92.21,93.4,90.45,11640,1086000.0,433,,5011.0,43.05,new
SONACOMS,EQ,2026-09-03,785.5,804.9,785.05,800.0,800.0,782.65,1508741,1201960000.0,40328,,815619.0,54.06,new
SONAMAC,SM,2026-09-03,33.95,34.1,33.95,34.1,34.1,32.5,12000,409000.0,12,,10000.0,83.33,new
SONAMLTD,BE,2026-09-03,73.0,73.0,67.87,67.87,67.87,71.44,96510,6587000.0,454,,,,new
SONATSOFTW,EQ,2026-09-03,290.0,293.35,283.5,284.0,284.6,289.3,812250,233265000.0,20021,,363910.0,44.8,new
SONUINFRA,ST,2026-09-03,42.3,42.35,42.15,42.35,42.35,40.35,31500,1334000.0,21,,30000.0,95.24,new
SOTL,EQ,2026-09-03,743.05,759.25,732.8,737.35,737.2,752.6,514868,381947000.0,18289,,116015.0,22.53,new
SOUTHBANK,EQ,2026-09-03,45.88,48.3,45.83,47.7,47.74,45.74,29134346,1386280000.0,69939,,13827808.0,47.46,new
SOUTHWEST,EQ,2026-09-03,206.9,218.0,206.02,213.12,214.39,206.38,287767,61429999.99999999,4942,,135119.0,46.95,new
SPAL,EQ,2026-09-03,1075.0,1090.0,1055.0,1062.8,1064.7,1072.4,47095,50522000.0,5195,,18876.0,40.08,new
SPANDANA,EQ,2026-09-03,236.9,239.84,235.05,236.52,238.0,235.98,89455,21199000.0,2207,,51762.0,57.86,new
SPARC,EQ,2026-09-03,199.58,205.9,198.5,202.54,201.9,199.58,1047061,212000000.0,15164,,339633.0,32.44,new
SPCENET,EQ,2026-09-03,3.11,3.27,3.11,3.24,3.27,3.1,989233,3138000.0,642,,800063.0,80.88,new
SPCL,SM,2026-09-03,61.1,62.45,61.05,61.2,61.3,60.7,6600,405000.0,11,,4200.0,63.64,new
SPEB,SM,2026-09-03,94.85,94.85,94.5,94.5,94.5,92.0,4000,379000.0,2,,4000.0,100.0,new
SPECIALITY,BE,2026-09-03,139.0,140.0,135.0,135.67,137.99,138.09,10619,1452000.0,93,,,,new
SPECTRUM,BE,2026-09-03,2140.0,2255.7,2105.0,2255.7,2255.7,2148.3,10571,23682000.0,407,,,,new
SPECTSTM,SM,2026-09-03,57.95,57.95,56.0,56.0,56.0,58.45,4800,275000.0,6,,4800.0,100.0,new
SPELS,EQ,2026-09-03,148.68,152.5,147.0,148.61,149.37,148.68,30031,4474000.0,918,,16987.0,56.56,new
SPENCERS,EQ,2026-09-03,28.41,29.9,28.0,28.57,28.6,28.51,60781,1754000.0,440,,44838.0,73.77,new
SPIC,EQ,2026-09-03,69.26,71.9,69.01,71.13,70.85,69.09,1238148,87801000.0,6693,,477146.0,38.54,new
SPLIL,EQ,2026-09-03,31.02,31.5,29.52,30.97,31.4,31.45,18016,557000.0,133,,14402.0,79.94,new
SPLPETRO,EQ,2026-09-03,721.1,727.5,717.55,725.8,726.0,721.85,33727,24408000.0,3073,,20433.0,60.58,new
SPMLINFRA,EQ,2026-09-03,174.24,178.0,172.14,173.31,173.78,174.24,214542,37312000.0,2282,,119989.0,55.93,new
SPORTKING,EQ,2026-09-03,227.55,233.0,225.75,230.6,231.0,225.74,377373,86852000.0,7589,,180855.0,47.92,new
SPUNWEB,SM,2026-09-03,101.1,101.1,101.1,101.1,101.1,101.05,1200,121000.0,1,,1200.0,100.0,new
SRD,EQ,2026-09-03,39.4,39.8,38.11,39.66,39.59,38.63,10803,425000.0,133,,8648.0,80.05,new
SREEL,EQ,2026-09-03,254.96,262.3,252.0,258.96,262.3,253.7,14362,3697999.9999999995,381,,11255.0,78.37,new
SRF,EQ,2026-09-03,2602.0,2648.0,2597.2,2617.0,2617.0,2598.4,228501,599810000.0,18407,,102322.0,44.78,new
SRGHFL,EQ,2026-09-03,247.05,250.0,243.85,249.7,250.0,246.85,2157,531000.0,85,,1618.0,75.01,new
SRHHYPOLTD,EQ,2026-09-03,501.2,513.0,496.1,508.9,511.7,498.2,22896,11583000.0,975,,15498.0,67.69,new
SRIKPRIND,EQ,2026-09-03,32.0,33.46,32.0,33.46,33.46,30.42,29069,958000.0,153,,26409.0,90.85,new
SRIVASAVI,ST,2026-09-03,75.8,76.8,75.8,76.65,76.8,73.8,5000,381000.0,3,,5000.0,100.0,new
SRM,EQ,2026-09-03,465.15,473.3,458.95,470.3,471.85,458.3,120862,56488000.0,4376,,62363.0,51.6,new
SRTL,EQ,2026-09-03,36.61,38.25,35.87,36.72,36.6,36.99,109628,4026000.0,1114,,77327.0,70.54,new
SSDL,EQ,2026-09-03,56.03,56.79,55.0,55.92,55.85,56.03,6565,366000.0,211,,4511.0,68.71,new
SSEGL,SM,2026-09-03,407.0,410.6,400.45,402.25,403.9,406.35,23800,9657000.0,88,,15400.0,64.71,new
SSFL,ST,2026-09-03,253.0,265.65,253.0,265.65,265.65,253.0,10000,2631000.0,19,,9500.0,95.0,new
SSWL,EQ,2026-09-03,353.4,366.6,351.3,360.8,358.05,349.7,2110565,757441000.0,35618,,669717.0,31.73,new
STALLION,BE,2026-09-03,214.0,215.97,207.0,207.61,207.05,212.45,275755,58042999.99999999,3752,,,,new
STANLEY,EQ,2026-09-03,136.9,138.1,135.51,137.46,137.95,135.41,48137,6584999.999999999,1205,,22797.0,47.36,new
STAR,EQ,2026-09-03,1053.9,1073.0,1043.1,1053.6,1055.9,1047.8,189318,200528000.0,10623,,95089.0,50.23,new
STARCEMENT,EQ,2026-09-03,182.0,186.0,182.0,184.47,184.25,184.1,115959,21390000.0,3038,,65250.0,56.27,new
STARHEALTH,EQ,2026-09-03,562.95,569.5,557.2,559.35,566.0,562.95,169205,95018000.0,13156,,86606.0,51.18,new
STARPAPER,EQ,2026-09-03,148.3,155.5,148.3,154.47,154.0,147.16,21188,3267000.0,436,,18132.0,85.58,new
STARTECK,EQ,2026-09-03,290.0,290.0,240.1,245.55,245.6,247.9,1646,417000.0,173,,433.0,26.31,new
STCINDIA,EQ,2026-09-03,114.0,115.49,113.6,114.65,114.1,112.97,16144,1853000.0,449,,9485.0,58.75,new
STEELCAS,EQ,2026-09-03,329.65,334.05,313.65,317.85,315.0,330.75,234990,75017000.0,5833,,136572.0,58.12,new
STEELCITY,EQ,2026-09-03,82.31,86.69,82.31,86.47,86.5,82.31,23264,1989000.0,192,,17277.0,74.26,new
STEELXIND,EQ,2026-09-03,10.69,11.52,10.52,11.31,11.35,10.61,9236654,103743000.0,8745,,3267057.0,35.37,new
STEL,EQ,2026-09-03,629.9,629.9,602.3,606.95,612.9,601.45,1610,986999.9999999999,311,,857.0,53.23,new
STERTOOLS,BE,2026-09-03,220.06,226.99,218.4,220.78,224.39,220.06,22864,5115000.0,477,,,,new
STLNETWORK,EQ,2026-09-03,27.75,28.25,27.12,27.5,27.38,28.01,980994,27151000.0,2968,,622600.0,63.47,new
STLSTRINF,EQ,2026-09-03,20.75,20.75,19.0,19.49,19.5,19.57,2313,46000.0,40,,1480.0,63.99,new
STLTECH,BE,2026-09-03,714.8,729.0,700.0,713.25,714.0,714.35,1043904,747773000.0,50323,,,,new
STOVEKRAFT,EQ,2026-09-03,847.0,877.0,828.75,839.75,845.6,844.4,405321,345880000.0,19781,,165708.0,40.88,new
STRIDERS,SM,2026-09-03,64.5,66.0,64.5,66.0,66.0,62.0,9600,630000.0,3,,9600.0,100.0,new
STUDDS,EQ,2026-09-03,433.0,435.25,425.65,426.95,426.0,433.4,18826,8081999.999999999,1342,,12611.0,66.99,new
STUDIOLSD,SM,2026-09-03,9.4,9.5,9.05,9.5,9.5,9.25,56000,516000.0,20,,50000.0,89.29,new
STYL,EQ,2026-09-03,386.1,394.45,384.65,387.05,387.6,386.0,37954,14694000.0,2310,,24344.0,64.14,new
STYLAMIND,EQ,2026-09-03,3264.7,3302.4,3220.0,3240.9,3258.9,3264.8,22174,72362000.0,5319,,10071.0,45.42,new
STYLEBAAZA,EQ,2026-09-03,402.9,403.75,393.25,394.85,395.0,395.45,920494,366886000.0,8070,,650087.0,70.62,new
STYRENIX,EQ,2026-09-03,1995.0,2042.0,1994.5,2007.0,2016.0,1990.8,42598,85696000.0,5629,,26198.0,61.5,new
SUBAHOTELS,SM,2026-09-03,101.0,103.0,98.5,100.0,100.0,102.35,27600,2753000.0,23,,19200.0,69.57,new
SUBEXLTD,EQ,2026-09-03,17.69,17.97,17.4,17.69,17.68,17.57,2201144,38884000.0,3842,,1145077.0,52.02,new
SUBROS,EQ,2026-09-03,708.0,714.8,702.7,705.85,709.5,706.8,26791,18905000.0,2109,,13195.0,49.25,new
SUDARCOLOR,EQ,2026-09-03,393.95,400.0,387.05,388.0,388.0,388.75,8348,3265000.0,261,,5323.0,63.76,new
SUDARSCHEM,EQ,2026-09-03,1249.9,1269.9,1240.3,1249.3,1249.0,1245.8,165084,207264000.0,9626,,65671.0,39.78,new
SUDEEPPHRM,EQ,2026-09-03,1241.0,1295.7,1238.0,1292.8,1292.0,1234.0,369818,470152000.00000006,21848,,204183.0,55.21,new
SUKHJITS,EQ,2026-09-03,158.0,160.84,156.15,157.71,157.61,157.74,5084,802999.9999999999,98,,4252.0,83.63,new
SULA,EQ,2026-09-03,149.5,149.5,147.0,147.56,148.0,148.36,134101,19826000.0,2850,,78896.0,58.83,new
SUMAX,ST,2026-09-03,108.25,112.0,104.95,110.65,111.0,110.45,655200,70764000.0,316,,622800.0,95.05,new
SUMEDHA,EQ,2026-09-03,39.07,39.07,38.51,38.51,38.51,39.07,1789,69000.0,5,,1789.0,100.0,new
SUMEETINDS,EQ,2026-09-03,11.44,11.89,11.35,11.44,11.45,11.34,2381584,27633000.0,2316,,1358659.0,57.05,new
SUMICHEM,EQ,2026-09-03,511.6,515.25,495.4,498.35,497.75,505.15,255711,128694000.0,12784,,142898.0,55.88,new
SUMIT,EQ,2026-09-03,51.5,53.35,50.05,51.57,51.83,50.68,16207,830000.0000000001,699,,7064.0,43.59,new
SUMMITSEC,EQ,2026-09-03,1416.0,1460.2,1405.0,1442.3,1453.0,1413.3,6550,9346000.0,482,,5437.0,83.01,new
SUNCLAY,EQ,2026-09-03,1273.1,1299.9,1265.0,1291.3,1299.9,1272.6,3817,4893000.0,469,,2576.0,67.49,new
SUNDARAM,EQ,2026-09-03,1.26,1.26,1.23,1.23,1.23,1.23,277541,345000.0,267,,209579.0,75.51,new
SUNDARMFIN,EQ,2026-09-03,4551.0,4622.4,4533.1,4578.0,4597.0,4557.2,35937,164457000.0,10016,,21840.0,60.77,new
SUNDRMBRAK,BE,2026-09-03,748.05,769.95,723.4,751.0,751.0,748.0,989,737000.0,48,,,,new
SUNDRMFAST,EQ,2026-09-03,1201.0,1217.5,1192.4,1199.1,1201.9,1200.7,80543,97042000.0,10720,,43752.0,54.32,new
SUNDROP,EQ,2026-09-03,653.8,662.0,648.5,656.4,654.1,653.8,6830,4477000.0,606,,4377.0,64.08,new
SUNFLAG,EQ,2026-09-03,352.0,356.5,345.25,346.5,347.05,347.3,154701,54130999.99999999,3739,,67384.0,43.56,new
SUNLITE,SM,2026-09-03,541.55,547.0,538.0,540.35,539.05,550.0,9000,4865000.0,29,,7200.0,80.0,new
SUNLOC,EQ,2026-09-03,79.58,80.0,79.58,79.99,80.0,79.58,544,43000.0,13,,544.0,100.0,new
SUNPHARMA,EQ,2026-09-03,1932.0,1936.8,1913.0,1916.0,1916.0,1931.7,1205188,2313911000.0,69430,,778347.0,64.58,new
SUNRAKSHAK,EQ,2026-09-03,369.85,378.0,366.0,373.8,374.95,371.55,7380,2752000.0,248,,5510.0,74.66,new
SUNREST,SM,2026-09-03,35.0,38.75,35.0,38.75,38.75,35.0,9600,348000.0,6,,6400.0,66.67,new
SUNSHIEL,EQ,2026-09-03,1170.0,1170.0,1133.0,1145.1,1149.0,1150.0,2400,2746000.0,99,,2270.0,94.58,new
SUNSHINE,EQ,2026-09-03,450.5,457.65,435.0,438.8,438.55,445.8,1680558,748067000.0,19016,,439357.0,26.14,new
SUNTECH,SM,2026-09-03,42.4,42.4,41.05,41.05,41.05,43.85,25600,1060000.0,10,,24000.0,93.75,new
SUNTECK,EQ,2026-09-03,295.9,300.65,295.9,297.75,297.1,295.5,94850,28304000.000000004,2705,,50331.0,53.06,new
SUNTV,EQ,2026-09-03,462.0,466.9,460.1,465.9,465.95,460.6,179475,83180000.0,10999,,106527.0,59.35,new
SUPERHOUSE,EQ,2026-09-03,168.54,170.78,165.15,168.74,169.98,168.37,4295,724000.0,131,,2909.0,67.73,new
SUPERSPIN,BE,2026-09-03,6.54,6.83,6.54,6.83,6.83,6.51,46779,315000.0,99,,,,new
SUPRAJIT,EQ,2026-09-03,504.25,505.65,486.0,489.7,488.6,501.3,72817,35826000.0,5022,,43398.0,59.6,new
SUPREME,EQ,2026-09-03,36.96,37.1,36.1,36.21,36.49,36.96,14721,537000.0,173,,10689.0,72.61,new
SUPREMEENG,BZ,2026-09-03,2.98,2.98,2.98,2.98,2.98,2.93,138558,413000.0,87,,,,new
SUPREMEIND,EQ,2026-09-03,3530.7,3558.4,3472.6,3508.1,3508.1,3530.6,243267,851311000.0,18752,,138886.0,57.09,new
SUPREMEINF,EQ,2026-09-03,85.74,85.98,83.25,83.49,83.25,84.62,28151,2382000.0,1134,,11001.0,39.08,new
SUPREMEPWR,SM,2026-09-03,215.55,222.2,215.0,219.1,221.05,214.75,51000,11204000.0,88,,34500.0,67.65,new
SUPRIYA,EQ,2026-09-03,850.0,852.9,834.0,842.7,843.15,841.2,195699,164824000.0,11974,,89187.0,45.57,new
SUPTANERY,BE,2026-09-03,13.94,13.94,13.94,13.94,13.94,14.67,57815,806000.0,493,,,,new
SURAJEST,EQ,2026-09-03,187.44,187.44,175.21,177.8,178.0,189.94,336506,60920000.00000001,5695,,185213.0,55.04,new
SURAJLTD,EQ,2026-09-03,205.0,206.97,198.5,203.17,203.98,204.15,4063,826000.0,117,,3515.0,86.51,new
SURAKSHA,EQ,2026-09-03,340.15,343.75,337.0,339.6,340.4,340.35,67378,22885000.0,1771,,38089.0,56.53,new
SURANASOL,EQ,2026-09-03,26.07,26.25,25.85,25.94,25.99,26.07,20061,521000.0,329,,15102.0,75.28,new
SURANAT&P,EQ,2026-09-03,16.03,16.6,16.03,16.21,16.19,16.03,24782,404000.0,207,,20007.0,80.73,new
SURANI,SM,2026-09-03,100.0,100.0,98.0,100.0,100.0,103.1,14000,1398000.0,15,,13800.0,98.57,new
SURYALA,EQ,2026-09-03,419.0,423.9,403.6,407.7,410.0,414.95,1898,790000.0,66,,1735.0,91.41,new
SURYALAXMI,EQ,2026-09-03,60.6,60.6,59.12,60.03,60.0,60.6,2478,148000.0,40,,2224.0,89.75,new
SURYAROSNI,EQ,2026-09-03,216.6,220.0,215.4,216.66,216.7,216.3,267243,58078000.0,6210,,156289.0,58.48,new
SURYODAY,EQ,2026-09-03,151.81,154.68,151.81,153.57,152.45,151.81,201297,30930000.0,2442,,101595.0,50.47,new
SUTLEJTEX,BE,2026-09-03,38.89,40.7,38.51,38.96,39.05,38.77,15721,622000.0,112,,,,new
SUVEN,EQ,2026-09-03,374.0,391.0,367.75,378.35,382.0,372.85,1692997,638602000.0,52574,,499298.0,29.49,new
SUVIDHAA,EQ,2026-09-03,2.11,2.14,1.91,2.06,2.04,2.11,104777,216000.0,273,,90721.0,86.58,new
SUYOG,EQ,2026-09-03,738.5,747.8,730.3,737.3,732.0,731.35,19414,14313999.999999998,1053,,12852.0,66.2,new
SUZLON,EQ,2026-09-03,45.7,46.38,45.55,46.03,46.03,45.46,32563002,1500203000.0,54038,,13181049.0,40.48,new
SVGLOBAL,EQ,2026-09-03,130.0,144.01,124.99,144.01,144.01,120.01,16618,2373000.0,218,,6362.0,38.28,new
SVLL,BE,2026-09-03,819.9,819.9,806.0,806.0,806.0,807.0,1033,842000.0,21,,,,new
SVPGLOB,EQ,2026-09-03,3.67,3.69,3.5,3.59,3.59,3.62,90056,319000.0,68,,75292.0,83.61,new
SWANCORP,EQ,2026-09-03,287.75,290.0,282.75,284.1,283.2,285.4,839586,240757000.00000003,11807,,236281.0,28.14,new
SWANDEF,BE,2026-09-03,2566.9,2566.9,2322.5,2490.0,2566.9,2444.7,143233,340272000.0,1615,,,,new
SWARAJ,BE,2026-09-03,370.0,370.0,353.5,354.5,358.4,357.4,81722,29086000.0,488,,,,new
SWARAJENG,EQ,2026-09-03,3560.0,3594.9,3541.0,3554.7,3550.0,3540.9,2871,10218000.0,720,,1786.0,62.21,new
SWARNSAR,EQ,2026-09-03,35.75,35.75,34.11,35.48,35.49,34.11,2449,84000.0,26,,2439.0,99.59,new
SWASTIK,ST,2026-09-03,20.0,20.0,20.0,20.0,20.0,20.0,7200,144000.0,5,,7200.0,100.0,new
SWELECTES,EQ,2026-09-03,585.8,590.2,574.9,576.9,575.0,584.35,34091,19754000.0,1210,,26666.0,78.22,new
SWIGGY,EQ,2026-09-03,265.35,275.25,261.35,269.3,269.3,267.7,56303392,15157029999.999998,202964,,35092330.0,62.33,new
SWISSMLTRY,BE,2026-09-03,15.8,16.0,15.1,15.4,15.4,15.89,75051,1149000.0,257,,,,new
SWSOLAR,EQ,2026-09-03,187.27,191.6,187.02,187.79,188.2,187.16,616398,116152000.0,8860,,270555.0,43.89,new
SYMBIOTEC,EQ,2026-09-03,1115.05,1126.75,1068.55,1076.85,1078.95,1092.8,1921139,2095707000.0,80404,,683192.0,35.56,new
SYMPHONY,EQ,2026-09-03,572.0,573.9,567.3,572.8,573.8,567.75,28239,16125000.0,1750,,14646.0,51.86,new
SYNCOMF,EQ,2026-09-03,21.43,22.59,20.66,21.36,21.29,21.39,24871510,545854000.0,45658,,9565493.0,38.46,new
SYNGENE,EQ,2026-09-03,398.8,403.0,397.0,400.8,400.35,398.6,375233,149921000.0,18396,,177951.0,47.42,new
SYNOPTICS,ST,2026-09-03,49.45,49.45,47.0,47.0,47.0,49.45,6600,312000.0,11,,4800.0,72.73,new
SYRMA,EQ,2026-09-03,1447.3,1460.0,1405.5,1452.8,1455.2,1434.0,566330,814767000.0,31067,,197454.0,34.87,new
SYSTANGO,SM,2026-09-03,234.5,239.95,229.05,230.1,229.3,232.25,24800,5848000.0,57,,14400.0,58.06,new
SYSTMTXC,BE,2026-09-03,59.5,59.5,56.0,57.37,58.0,56.82,6188,357000.0,64,,,,new
TAALTECH,EQ,2026-09-03,4500.0,4625.0,4432.0,4496.0,4517.0,4399.6,6900,31293000.0,1254,,4080.0,59.13,new
TAC,ST,2026-09-03,430.0,446.0,430.0,437.25,435.0,427.0,41200,18050000.0,173,,34600.0,83.98,new
TAINWALCHM,EQ,2026-09-03,208.0,210.0,207.25,207.63,207.5,207.48,653,136000.0,45,,569.0,87.14,new
TAJGVK,EQ,2026-09-03,342.35,342.35,332.85,333.8,336.05,343.45,58168,19558000.0,2181,,37138.0,63.85,new
TAKE,EQ,2026-09-03,13.17,13.17,13.17,13.17,13.17,13.86,183088,2411000.0,381,,182588.0,99.73,new
TALBROAUTO,EQ,2026-09-03,409.95,417.0,409.4,412.15,413.15,407.4,75093,31089000.0,2885,,36373.0,48.44,new
TAMBOLIIN,BE,2026-09-03,253.5,260.0,245.2,250.0,250.0,253.0,990,254000.0,24,,,,new
TANAA,EQ,2026-09-03,297.0,297.0,279.0,282.35,281.0,281.5,16663,4742000.0,617,,11259.0,67.57,new
TANKUP,ST,2026-09-03,1608.35,1608.35,1608.35,1608.35,1608.35,1576.85,2250,3619000.0,8,,2250.0,100.0,new
TANLA,EQ,2026-09-03,529.95,536.55,509.8,514.8,515.8,527.85,920859,477542000.0,32289,,388473.0,42.19,new
TARACHAND,EQ,2026-09-03,47.11,48.99,47.11,48.33,48.99,47.63,70834,3402000.0000000005,1229,,27986.0,39.51,new
TARAPUR,EQ,2026-09-03,13.5,13.57,13.04,13.33,13.06,13.04,14785,196000.0,160,,10599.0,71.69,new
TARC,EQ,2026-09-03,121.1,127.85,121.1,124.19,124.2,121.29,1519411,189924000.0,12885,,851400.0,56.03,new
TARIL,EQ,2026-09-03,304.8,305.8,300.0,300.6,300.7,302.0,757858,229302000.0,13433,,308595.0,40.72,new
TARMAT,EQ,2026-09-03,65.29,67.0,63.56,64.49,64.0,62.78,453190,29652000.0,2213,,236145.0,52.11,new
TARSONS,EQ,2026-09-03,346.0,349.4,333.1,336.5,336.45,345.35,197734,67869000.0,4331,,75580.0,38.22,new
TASTYBITE,EQ,2026-09-03,10008.0,10420.0,9862.0,10052.0,10075.0,10008.0,4833,49459000.0,1439,,2767.0,57.25,new
TATACAP,EQ,2026-09-03,364.85,372.8,364.75,371.85,372.2,364.75,768452,284484000.0,23907,,454768.0,59.18,new
TATACHEM,EQ,2026-09-03,637.15,646.0,630.0,641.35,643.0,633.95,356223,227221999.99999997,11193,,152884.0,42.92,new
TATACOMM,EQ,2026-09-03,1707.0,1722.5,1685.0,1696.4,1700.3,1710.0,228034,386472000.0,17397,,145668.0,63.88,new
TATACONSUM,EQ,2026-09-03,1012.5,1023.0,1008.0,1019.2,1019.2,1012.0,935640,952457000.0,48691,,535073.0,57.19,new
TATAELXSI,EQ,2026-09-03,3630.0,3637.1,3580.0,3580.0,3580.0,3609.0,83588,300999000.0,11981,,26036.0,31.15,new
TATAGOLD,EQ,2026-09-03,14.82,14.9,14.53,14.82,14.82,14.53,45769466,678892000.0,67807,,14965400.0,32.7,new
TATAINVEST,EQ,2026-09-03,628.2,640.9,628.2,637.95,639.65,628.1,165245,105008999.99999999,7498,,75293.0,45.56,new
TATAPOWER,EQ,2026-09-03,366.55,370.75,362.75,365.7,365.7,364.0,5763428,2117368999.9999998,59583,,2297102.0,39.86,new
TATASTEEL,EQ,2026-09-03,184.11,187.65,182.0,184.2,184.2,183.85,21964971,4042819000.0,129694,,8085955.0,36.81,new
TATATECH,EQ,2026-09-03,810.05,824.0,802.85,805.1,804.0,813.25,794230,643216000.0,27544,,292796.0,36.87,new
TATSILV,EQ,2026-09-03,22.42,22.59,21.88,22.34,22.34,21.88,33644060,754195000.0,39340,,9138661.0,27.16,new
TATVA,EQ,2026-09-03,1611.0,1639.5,1590.0,1596.2,1598.1,1616.9,21700,34951000.0,2991,,10840.0,49.95,new
TAURIAN,ST,2026-09-03,500.0,514.8,500.0,506.0,506.0,509.6,12000,6074000.0,12,,9600.0,80.0,new
TBI,SM,2026-09-03,71.85,74.0,71.05,72.7,73.0,71.15,70800,5145000.0,93,,55200.0,77.97,new
TBOTEK,EQ,2026-09-03,1691.3,1743.9,1691.3,1733.7,1726.0,1700.0,112394,193591000.0,14675,,51201.0,45.55,new
TBZ,EQ,2026-09-03,414.0,457.15,402.3,437.15,443.95,418.25,6949776,2946090000.0,85143,,1388296.0,19.98,new
TCC,EQ,2026-09-03,234.47,236.0,230.0,233.13,235.0,233.31,156017,36424000.0,3541,,89932.0,57.64,new
TCI,EQ,2026-09-03,876.05,896.0,865.15,870.9,868.5,869.1,15809,13775000.0,2888,,8577.0,54.25,new
TCIEXP,EQ,2026-09-03,544.0,549.6,539.5,541.3,541.0,544.35,48096,26100000.0,804,,37790.0,78.57,new
TCIFINANCE,BE,2026-09-03,15.5,15.5,15.0,15.08,15.3,15.2,8467,128000.0,41,,,,new
TCL,SM,2026-09-03,126.65,126.65,123.2,123.6,123.2,125.7,8000,1003999.9999999999,10,,5600.0,70.0,new
TCPLPACK,EQ,2026-09-03,4010.3,4040.0,3921.0,3956.6,4000.0,4000.3,3872,15358000.000000002,1070,,1829.0,47.24,new
TCS,EQ,2026-09-03,2353.6,2353.6,2316.1,2320.1,2320.1,2348.0,1892786,4414710000.0,90065,,887515.0,46.89,new
TDPOWERSYS,EQ,2026-09-03,739.7,760.95,717.2,722.55,720.0,735.05,1644894,1208967000.0,65679,,736428.0,44.77,new
TEAMGTY,EQ,2026-09-03,249.5,249.5,238.01,243.68,243.68,244.44,87,21000.0,10,,54.0,62.07,new
TEAMLEASE,EQ,2026-09-03,1250.7,1264.2,1236.8,1250.0,1245.0,1252.7,46412,57902000.0,3148,,28487.0,61.38,new
TEAMTECH,ST,2026-09-03,140.0,141.0,136.0,138.0,136.0,141.0,18000,2508000.0,8,,18000.0,100.0,new
TECH,EQ,2026-09-03,33.91,33.91,33.59,33.82,33.83,34.14,33913,1145000.0,153,,21398.0,63.1,new
TECHD,SM,2026-09-03,535.0,550.0,525.1,531.0,531.05,535.7,27300,14633000.000000002,84,,20700.0,75.82,new
TECHERA,SM,2026-09-03,167.1,167.1,158.65,158.8,158.65,166.95,86400,13953000.0,99,,69600.0,80.56,new
TECHLABS,SM,2026-09-03,118.0,119.0,115.05,118.3,118.7,117.65,5000,586000.0,36,,4250.0,85.0,new
TECHM,EQ,2026-09-03,1623.0,1625.6,1592.0,1598.0,1598.0,1623.0,1647483,2636309000.0,57407,,977957.0,59.36,new
TECHNOCRAF,EQ,2026-09-03,382.5,383.85,368.35,373.2,372.1,376.1,1013523,380465000.0,15086,,255137.0,25.17,new
TECHNOE,EQ,2026-09-03,969.95,985.0,964.15,973.65,981.7,969.95,121380,118156000.0,9650,,72018.0,59.33,new
TECHNVISN,EQ,2026-09-03,5097.5,5197.5,5025.0,5136.5,5100.0,5112.0,93,476000.0,51,,52.0,55.91,new
TECILCHEM,EQ,2026-09-03,10.01,10.25,9.7,9.98,9.98,9.89,26942,271000.0,101,,22313.0,82.82,new
TEGA,EQ,2026-09-03,1552.0,1561.9,1539.0,1552.8,1548.5,1539.7,41708,64650000.0,3693,,22584.0,54.15,new
TEJA,SM,2026-09-03,232.0,247.5,232.0,240.3,240.5,238.05,69000,16569000.0,24,,61800.0,89.57,new
TEJASNET,EQ,2026-09-03,552.0,579.9,551.3,567.45,568.0,548.85,6100353,3477805000.0000005,108752,,1408792.0,23.09,new
TEMBO,EQ,2026-09-03,56.8,57.24,55.85,55.94,56.0,56.67,902512,50756000.0,3071,,525444.0,58.22,new
TEMPSENS,EQ,2026-09-03,577.5,584.95,556.05,568.55,567.0,566.3,5154377,2945590000.0,74533,,701467.0,13.61,new
TENNIND,EQ,2026-09-03,524.4,526.05,514.3,515.7,516.75,519.8,642129,333778000.0,35616,,355358.0,55.34,new
TERAI,EQ,2026-09-03,130.3,133.0,124.0,124.3,124.3,133.98,155,19000.0,11,,131.0,84.52,new
TERASOFT,EQ,2026-09-03,295.3,295.3,279.95,281.3,283.0,290.55,11763,3364000.0,601,,7344.0,62.43,new
TEXINFRA,EQ,2026-09-03,115.34,118.74,113.99,116.7,115.37,113.96,629538,73037000.0,2985,,374389.0,59.47,new
TEXMOPIPES,EQ,2026-09-03,45.41,46.35,45.25,45.49,45.5,45.67,14788,676000.0,187,,12581.0,85.08,new
TEXRAIL,EQ,2026-09-03,114.55,115.49,113.02,113.63,113.99,113.65,1428530,163270000.0,12519,,635349.0,44.48,new
TFCILTD,EQ,2026-09-03,146.35,147.3,142.9,146.71,146.75,146.14,12510406,1827950999.9999998,23951,,4618637.0,36.92,new
TFL,EQ,2026-09-03,12.46,12.78,12.24,12.56,12.78,12.44,5851,73000.0,37,,4823.0,82.43,new
TGBHOTELS,EQ,2026-09-03,9.85,9.85,9.32,9.69,9.72,9.67,2536,25000.0,56,,2059.0,81.19,new
TGL,ST,2026-09-03,18.75,18.75,18.4,18.4,18.4,18.75,14600,270000.0,41,,13200.0,90.41,new
TGVSL,EQ,2026-09-03,105.0,109.64,103.5,108.57,108.99,103.35,458900,49285000.0,3044,,256126.0,55.81,new
THACKER,BE,2026-09-03,1049.95,1049.95,950.0,1002.0,1024.0,1000.0,25,24000.0,11,,,,new
THAKDEV,EQ,2026-09-03,139.0,147.0,138.15,147.0,147.0,138.09,102,14000.000000000002,4,,102.0,100.0,new
THANGAMAYL,EQ,2026-09-03,5251.0,5341.5,5239.0,5295.0,5262.0,5238.0,61058,322958000.0,14915,,34888.0,57.14,new
THEINVEST,EQ,2026-09-03,96.89,99.48,93.3,98.1,98.0,94.6,9308,903999.9999999999,244,,6611.0,71.02,new
THEJO,EQ,2026-09-03,2099.9,2109.8,2080.0,2091.0,2081.0,2098.7,1522,3179000.0,237,,939.0,61.7,new
THELEELA,EQ,2026-09-03,569.9,575.3,556.6,566.05,563.0,569.9,520191,293970000.0,18265,,345244.0,66.37,new
THEMISMED,EQ,2026-09-03,124.77,126.9,123.72,124.87,124.04,124.15,81469,10214000.0,1609,,30956.0,38.0,new
THERMAX,EQ,2026-09-03,3780.3,3821.9,3710.0,3733.9,3717.0,3752.5,130678,492402000.00000006,24208,,68140.0,52.14,new
THESL,ST,2026-09-03,16.15,16.15,16.15,16.15,16.15,17.0,3000,48000.0,1,,3000.0,100.0,new
THOMASCOOK,EQ,2026-09-03,106.8,107.68,105.45,106.31,106.51,106.09,674590,71694000.0,5276,,264172.0,39.16,new
THOMASCOTT,EQ,2026-09-03,267.05,267.95,259.85,260.95,260.0,267.05,32954,8648000.0,822,,16327.0,49.54,new
THYROCARE,EQ,2026-09-03,579.65,582.0,572.35,578.65,578.0,576.75,189696,109630000.0,23636,,114918.0,60.58,new
TI,EQ,2026-09-03,556.2,556.65,540.9,544.25,541.9,552.35,287376,157617000.0,8777,,162743.0,56.63,new
TICL,BE,2026-09-03,8.29,8.29,8.0,8.08,8.09,8.23,59154,480000.0,162,,,,new
TIGERLOGS,EQ,2026-09-03,28.66,30.19,28.25,29.22,29.4,28.25,113888,3350000.0,757,,70868.0,62.23,new
TIIL,EQ,2026-09-03,3292.9,3379.0,3251.1,3267.4,3260.0,3262.0,34940,115379000.0,7699,,15858.0,45.39,new
TIINDIA,EQ,2026-09-03,2720.0,2735.4,2685.4,2735.4,2735.4,2720.0,210450,569246000.0,20277,,101504.0,48.23,new
TIJARIA,EQ,2026-09-03,7.79,9.09,7.78,9.09,9.09,7.58,671916,5934000.0,1127,,388492.0,57.82,new
TIL,BE,2026-09-03,235.15,245.0,235.15,245.0,245.0,233.34,157841,38535000.0,401,,,,new
TIMETECHNO,EQ,2026-09-03,189.0,191.51,187.59,189.36,190.0,188.02,1971691,373373000.0,17758,,613792.0,31.13,new
TIMEX,EQ,2026-09-03,649.0,654.9,641.55,649.55,651.75,643.15,120673,78304000.0,11656,,49606.0,41.11,new
TIMKEN,EQ,2026-09-03,3142.6,3148.0,3112.0,3124.8,3129.0,3134.5,14717,45965000.0,3478,,10186.0,69.21,new
TINNARUBR,EQ,2026-09-03,1030.0,1056.0,1020.05,1036.8,1039.95,1020.05,54325,56590000.0,4105,,22070.0,40.63,new
TIPSFILMS,EQ,2026-09-03,330.25,339.95,326.3,331.35,328.35,330.45,1781,595000.0,163,,1156.0,64.91,new
TIPSMUSIC,EQ,2026-09-03,632.0,662.4,630.3,652.05,647.5,631.45,304455,198704000.0,20552,,141370.0,46.43,new
TIRUMALCHM,EQ,2026-09-03,158.0,162.5,157.15,157.86,158.4,159.82,360451,57634000.0,5794,,149510.0,41.48,new
TIRUPATI,SM,2026-09-03,295.0,324.0,295.0,324.0,324.0,310.0,625,188000.0,5,,625.0,100.0,new
TIRUPATIFL,BE,2026-09-03,66.55,69.15,66.0,68.42,68.9,66.33,201524,13816999.999999998,734,,,,new
TITAGARH,EQ,2026-09-03,828.0,851.0,824.4,844.2,845.0,824.95,365854,306518000.0,18389,,169515.0,46.33,new
TITAN,EQ,2026-09-03,5057.5,5072.5,4952.0,5027.0,5027.0,5074.0,571600,2859435000.0,62879,,232103.0,40.61,new
TMB,EQ,2026-09-03,911.95,947.5,911.95,942.45,935.0,906.6,296216,278164000.0,16990,,106513.0,35.96,new
TMCV,EQ,2026-09-03,450.0,462.5,447.65,460.35,460.55,447.45,7518097,3433867000.0,70035,,4347172.0,57.82,new
TMPV,EQ,2026-09-03,314.0,314.25,309.6,312.0,312.0,312.75,5195643,1619550000.0,60643,,2518290.0,48.47,new
TNIDETF,EQ,2026-09-03,91.05,92.39,90.49,91.01,91.26,91.29,907895,82682000.0,558,,884558.0,97.43,new
TNPETRO,EQ,2026-09-03,135.74,141.0,133.41,137.81,136.5,133.73,3080772,422814999.99999994,24522,,917751.0,29.79,new
TNPL,EQ,2026-09-03,145.8,159.55,144.99,154.36,155.0,145.69,1697890,261938000.0,22074,,376335.0,22.16,new
TNTELE,EQ,2026-09-03,9.0,9.0,8.83,8.86,8.84,9.0,22844,202999.99999999997,112,,15918.0,69.68,new
TOKYOPLAST,EQ,2026-09-03,77.0,77.95,75.12,77.79,77.79,77.0,387,28999.999999999996,11,,280.0,72.35,new
TOLINS,EQ,2026-09-03,92.0,93.73,91.3,91.94,92.0,91.91,35175,3239000.0,667,,24646.0,70.07,new
TOP100CASE,EQ,2026-09-03,10.59,10.59,10.45,10.52,10.56,10.51,507193,5344000.0,1022,,401181.0,79.1,new
TOP10ADD,EQ,2026-09-03,88.13,88.25,87.52,87.79,87.52,87.87,55616,4897000.0,716,,38558.0,69.33,new
TOP15IETF,EQ,2026-09-03,9.8,9.96,9.79,9.82,9.85,9.8,122479,1204000.0,316,,78493.0,64.09,new
TOP20,EQ,2026-09-03,8.91,8.93,8.88,8.88,8.88,8.9,23295,206999.99999999997,264,,16063.0,68.95,new
TORNTPHARM,EQ,2026-09-03,5025.0,5025.0,4886.5,4905.5,4905.5,5012.0,328567,1618646000.0,27026,,177612.0,54.06,new
TORNTPOWER,EQ,2026-09-03,1283.5,1327.4,1279.2,1289.3,1287.0,1248.9,2762103,3613387000.0000005,108254,,603434.0,21.85,new
TOTAL,EQ,2026-09-03,71.65,71.65,70.0,70.31,70.99,69.06,2917,206000.0,80,,2153.0,73.81,new
TOUCHWOOD,EQ,2026-09-03,58.2,59.2,58.2,59.2,59.2,58.13,704,42000.0,12,,667.0,94.74,new
TOYAMSL,EQ,2026-09-03,0.64,0.64,0.61,0.61,0.62,0.63,278952,175000.0,165,,236815.0,84.89,new
TPHQ,BE,2026-09-03,0.57,0.58,0.55,0.55,0.56,0.57,1120838,621000.0,504,,,,new
TPLPLASTEH,EQ,2026-09-03,71.85,74.9,71.5,72.53,72.2,71.04,118232,8569000.0,1276,,34033.0,28.78,new
TRACXN,EQ,2026-09-03,30.05,30.15,29.7,29.94,29.8,30.02,157689,4727000.0,642,,138402.0,87.77,new
TRANSCOR,EQ,2026-09-03,24.92,25.7,24.92,24.97,25.0,24.92,2972,75000.0,68,,2966.0,99.8,new
TRANSPEK,BE,2026-09-03,1435.0,1435.0,1365.0,1390.0,1390.0,1384.9,1170,1637000.0,99,,,,new
TRANSRAILL,EQ,2026-09-03,431.0,435.55,425.8,427.45,427.0,427.15,279513,120211999.99999999,10220,,148718.0,53.21,new
TRANSTEEL,SM,2026-09-03,75.15,77.25,74.0,76.7,76.7,75.2,113000,8652000.0,89,,55000.0,48.67,new
TRANSWORLD,BE,2026-09-03,163.6,169.67,163.25,169.0,169.0,166.35,4939,834000.0,39,,,,new
TRAVELFOOD,EQ,2026-09-03,1279.9,1300.0,1265.0,1278.4,1280.9,1273.5,30371,38724000.0,3949,,13260.0,43.66,new
TREEHOUSE,EQ,2026-09-03,6.31,6.31,5.81,6.22,6.25,6.12,30378,187000.0,128,,19076.0,62.8,new
TREJHARA,EQ,2026-09-03,144.8,150.0,143.0,145.99,145.21,144.78,34833,5153000.0,686,,17154.0,49.25,new
TREL,EQ,2026-09-03,27.22,27.99,26.85,26.94,27.0,26.96,96090,2604000.0,3474,,68977.0,71.78,new
TRENT,EQ,2026-09-03,2860.0,2879.8,2815.6,2815.6,2815.6,2852.3,520969,1482027000.0,28523,,239003.0,45.88,new
TRF,EQ,2026-09-03,225.9,231.98,223.01,230.03,230.75,223.64,11947,2706000.0,460,,9502.0,79.53,new
TRIDENT,EQ,2026-09-03,24.06,24.24,23.9,23.99,23.97,24.06,1720094,41332000.0,8782,,1026024.0,59.65,new
TRIDHYA,ST,2026-09-03,7.25,7.25,7.2,7.2,7.2,7.55,9000,65000.0,3,,9000.0,100.0,new
TRIGYN,EQ,2026-09-03,59.55,60.24,56.54,59.6,59.2,59.36,79037,4630000.0,991,,47866.0,60.56,new
TRITONV,EQ,2026-09-03,1140.0,1148.8,1101.1,1115.5,1114.0,1124.4,2475,2793000.0,250,,1701.0,68.73,new
TRITURBINE,EQ,2026-09-03,565.2,573.9,562.85,571.7,571.55,565.2,281796,160281000.0,30445,,155875.0,55.31,new
TRIVENI,EQ,2026-09-03,284.8,287.0,278.65,280.5,282.4,282.6,655024,184953000.0,10356,,253972.0,38.77,new
TROM,SM,2026-09-03,59.5,61.0,59.5,60.35,60.55,58.0,6600,398000.0,10,,6600.0,100.0,new
TRU,EQ,2026-09-03,4.1,4.16,3.93,4.08,4.05,4.07,64659,262000.0,232,,46934.0,72.59,new
TRUALT,EQ,2026-09-03,432.0,433.05,424.25,426.4,427.5,428.85,165202,70762000.0,5205,,100802.0,61.02,new
TRUST,SM,2026-09-03,33.0,34.0,31.35,31.4,31.4,32.85,17400,557000.0,24,,13800.0,79.31,new
TSC,ST,2026-09-03,41.05,41.85,41.0,41.0,41.0,41.05,8000,330000.0,4,,8000.0,100.0,new
TSFINV,EQ,2026-09-03,405.15,408.8,402.6,406.05,407.0,403.15,21820,8837000.0,1163,,13456.0,61.67,new
TTKHLTCARE,EQ,2026-09-03,1135.0,1145.9,1097.0,1103.2,1097.0,1131.5,26667,29749000.0,3102,,15565.0,58.37,new
TTKPRESTIG,EQ,2026-09-03,593.0,593.0,579.7,583.95,583.15,586.25,39625,23106000.0,3415,,18756.0,47.33,new
TTL,EQ,2026-09-03,6.79,6.95,6.58,6.86,6.94,6.75,250415,1692000.0000000002,449,,184522.0,73.69,new
TTML,EQ,2026-09-03,38.25,38.25,37.82,38.01,38.03,38.0,978489,37175000.0,5919,,413210.0,42.23,new
TUNWAL,SM,2026-09-03,25.15,26.85,25.15,25.25,25.35,25.1,118000,3019000.0,50,,60000.0,50.85,new
TURTLEMINT,EQ,2026-09-03,145.0,148.19,143.1,144.29,144.0,144.08,596945,86876000.0,12938,,180918.0,30.31,new
TUTIALKA,EQ,2026-09-03,60.32,61.8,59.9,61.0,61.0,61.55,2495,152000.0,62,,1733.0,69.46,new
TVSELECT,EQ,2026-09-03,418.0,431.4,415.35,421.3,423.0,420.75,34274,14434000.0,1438,,14209.0,41.46,new
TVSHLTD,EQ,2026-09-03,13150.0,13200.0,13052.0,13156.0,13142.0,13045.0,2091,27473000.0,820,,1143.0,54.66,new
TVSMOTOR,EQ,2026-09-03,4204.9,4221.6,4151.0,4200.0,4200.0,4200.0,727008,3040523000.0,42778,,447095.0,61.5,new
TVSSCS,EQ,2026-09-03,124.99,130.7,124.99,129.53,129.49,124.39,1073908,137567000.0,15150,,395755.0,36.85,new
TVSSRICHAK,EQ,2026-09-03,5426.0,5475.0,5211.0,5249.0,5290.0,5426.0,16332,86336000.0,3627,,8324.0,50.97,new
TVTODAY,EQ,2026-09-03,110.06,114.17,110.06,111.14,111.0,112.12,17942,2000000.0,288,,12844.0,71.59,new
TVVISION,BE,2026-09-03,3.47,3.47,3.31,3.4,3.4,3.31,35494,119000.0,52,,,,new
TWCGOLDETF,EQ,2026-09-03,151.52,152.53,151.44,152.19,152.15,149.01,2660,405000.0,99,,2538.0,95.41,new
UBL,EQ,2026-09-03,1289.0,1325.4,1279.7,1284.2,1284.0,1282.6,161022,208340000.0,14044,,73667.0,45.75,new
UCAL,BE,2026-09-03,149.1,150.0,145.75,148.08,147.95,148.11,7103,1054000.0,106,,,,new
UCL,ST,2026-09-03,249.75,249.75,249.75,249.75,249.75,254.8,88000,21978000.0,5,,88000.0,100.0,new
UCOBANK,EQ,2026-09-03,24.53,25.09,24.53,24.64,24.75,24.39,6948260,172401000.0,18167,,2624178.0,37.77,new
UDAYJEW,EQ,2026-09-03,138.0,145.0,135.6,138.14,140.0,133.31,1667,233000.0,55,,1378.0,82.66,new
UDS,EQ,2026-09-03,234.7,238.71,230.42,236.61,238.71,231.44,1784517,418845000.0,13648,,1133838.0,63.54,new
UEL,EQ,2026-09-03,227.9,230.1,223.53,230.1,230.1,219.15,13528,3094000.0,231,,9864.0,72.92,new
UFBL,BE,2026-09-03,727.0,734.75,702.7,719.2,720.5,727.25,42814,30835000.000000004,955,,,,new
UFLEX,EQ,2026-09-03,702.5,708.25,671.05,686.7,683.9,701.8,534244,367474000.0,27770,,166691.0,31.2,new
UFO,EQ,2026-09-03,66.75,66.75,65.05,65.44,65.48,65.38,9838,646000.0,230,,7752.0,78.8,new
UGARSUGAR,EQ,2026-09-03,55.3,59.31,55.01,58.56,59.1,55.01,1345825,78101000.0,9336,,599047.0,44.51,new
UGROCAP,EQ,2026-09-03,85.1,85.99,84.5,84.89,84.75,85.1,113260,9632000.0,1653,,65094.0,57.47,new
UHTL,ST,2026-09-03,155.3,155.3,155.3,155.3,155.3,152.3,38000,5901000.0,7,,38000.0,100.0,new
UJJIVANSFB,EQ,2026-09-03,64.25,65.22,62.6,62.99,62.9,63.64,21859923,1386599000.0,92838,,13105146.0,59.95,new
ULTRACEMCO,EQ,2026-09-03,11450.0,11450.0,11275.0,11275.0,11275.0,11393.0,247711,2808216000.0,35274,,128776.0,51.99,new
ULTRAMAR,EQ,2026-09-03,443.9,443.9,428.25,435.15,436.2,441.35,92645,40406000.0,4019,,51702.0,55.81,new
UMAEXPORTS,BE,2026-09-03,24.45,24.45,24.45,24.45,24.45,24.94,1177,28999.999999999996,22,,,,new
UMESLTD,EQ,2026-09-03,4.9,5.12,4.9,5.0,5.0,4.88,10967,55000.00000000001,117,,10832.0,98.77,new
UMIYA-MRO,EQ,2026-09-03,98.0,99.39,96.0,96.84,96.0,97.39,26345,2573000.0,332,,15920.0,60.43,new
UNICHEMLAB,EQ,2026-09-03,562.0,569.25,542.85,547.95,549.0,559.65,73499,40648000.0,3277,,32041.0,43.59,new
UNIDT,BE,2026-09-03,226.0,226.0,214.0,221.96,223.0,221.27,9220,2044000.0000000002,159,,,,new
UNIECOM,EQ,2026-09-03,85.95,87.38,85.7,85.93,85.89,85.83,118111,10167000.0,1220,,75899.0,64.26,new
UNIENTER,EQ,2026-09-03,96.68,96.68,93.25,94.06,93.81,93.74,1277,121000.0,53,,1106.0,86.61,new
UNIHEALTH,SM,2026-09-03,725.0,729.0,709.0,719.95,719.95,717.6,3500,2517000.0,7,,2000.0,57.14,new
UNIINFO,EQ,2026-09-03,11.45,11.54,10.89,11.26,11.46,11.45,1968,22000.0,28,,1822.0,92.58,new
UNILEX,SM,2026-09-03,27.45,27.45,27.45,27.45,27.45,26.5,4800,132000.0,2,,4800.0,100.0,new
UNIMECH,EQ,2026-09-03,1455.1,1497.8,1450.5,1465.3,1475.0,1451.9,136446,200816000.0,8159,,61873.0,45.35,new
UNIONBANK,EQ,2026-09-03,187.5,190.75,186.75,189.0,189.0,186.86,13672026,2585723000.0,59542,,7005937.0,51.24,new
UNIONGOLD,EQ,2026-09-03,150.0,150.35,149.1,149.6,149.65,145.95,969,145000.0,97,,893.0,92.16,new
UNIPARTS,EQ,2026-09-03,888.15,909.45,888.15,899.9,895.0,886.35,128342,115534999.99999999,8323,,50380.0,39.25,new
UNITDSPR,EQ,2026-09-03,1474.2,1488.9,1448.0,1488.9,1488.9,1469.5,695331,1027078000.0000001,18463,,430357.0,61.89,new
UNITECH,EQ,2026-09-03,3.77,3.78,3.67,3.71,3.72,3.74,4719384,17479000.0,2107,,3230158.0,68.44,new
UNITEDPOLY,EQ,2026-09-03,38.02,41.5,37.32,40.41,41.45,38.04,288213,11364000.0,587,,251802.0,87.37,new
UNITEDTEA,EQ,2026-09-03,444.0,449.65,442.2,447.05,447.0,442.95,535,239000.0,56,,420.0,78.5,new
UNIVASTU,BE,2026-09-03,163.85,168.73,157.09,168.4,165.31,160.7,131098,21697000.0,750,,,,new
UNIVCABLES,EQ,2026-09-03,1645.0,1655.2,1608.3,1626.8,1630.9,1628.0,74008,120535999.99999999,9353,,26499.0,35.81,new
UNIVPHOTO,BE,2026-09-03,464.0,467.25,455.05,467.25,467.25,445.0,1124,522000.0,37,,,,new
UNOMINDA,EQ,2026-09-03,1244.0,1269.0,1235.8,1269.0,1269.0,1236.0,638835,797102000.0,41964,,337992.0,52.91,new
UPHOT,EQ,2026-09-03,1500.0,1500.0,1386.1,1387.0,1387.0,1459.0,393,550000.0,22,,389.0,98.98,new
UPL,EQ,2026-09-03,579.0,586.15,578.0,585.35,585.35,578.45,1643846,959554999.9999999,24052,,980661.0,59.66,new
URAVIDEF,BE,2026-09-03,124.0,127.0,117.85,120.59,123.37,124.05,9194,1127000.0,221,,,,new
URBAN,SM,2026-09-03,121.35,123.4,115.0,119.85,119.85,121.35,25600,3066000.0,32,,18400.0,71.88,new
URBANCO,EQ,2026-09-03,172.95,179.2,172.32,177.46,177.6,171.84,17445212,3083086000.0,108136,,5560159.0,31.87,new
URJA,EQ,2026-09-03,9.08,9.19,9.08,9.15,9.16,9.03,536229,4895000.0,1739,,307660.0,57.37,new
USASEEDS,SM,2026-09-03,89.0,89.0,88.8,88.8,88.8,93.45,2568,227999.99999999997,5,,2568.0,100.0,new
USHAFIN,SM,2026-09-03,49.8,51.35,49.5,51.0,51.0,49.4,62400,3153000.0,23,,62400.0,100.0,new
USHAMART,EQ,2026-09-03,505.0,517.5,504.05,515.65,517.0,501.6,910413,466609000.0,28219,,433014.0,47.56,new
USK,EQ,2026-09-03,21.9,21.9,20.3,20.61,20.56,20.6,18299,377000.0,235,,12931.0,70.67,new
UTIAMC,EQ,2026-09-03,875.0,885.0,875.0,880.4,882.0,877.0,54346,47825000.0,5884,,39152.0,72.04,new
UTKAL,SM,2026-09-03,46.9,46.9,46.9,46.9,46.9,44.7,20000,938000.0000000001,8,,18000.0,90.0,new
UTKARSHBNK,EQ,2026-09-03,14.77,15.1,14.77,14.89,14.9,14.77,5780675,86411000.0,4371,,3477306.0,60.15,new
UTLSOLAR,EQ,2026-09-03,438.45,438.6,426.95,428.5,430.0,434.4,132816,57171000.0,6955,,70862.0,53.35,new
UTSSAV,ST,2026-09-03,445.0,447.0,440.0,446.0,445.0,445.0,8400,3722000.0,13,,7800.0,92.86,new
UTTAMSUGAR,EQ,2026-09-03,294.0,305.6,292.75,299.0,296.6,292.55,298171,89642000.0,7781,,62852.0,21.08,new
UWCSL,SM,2026-09-03,110.25,110.25,110.25,110.25,110.25,105.0,1000,110000.00000000001,1,,1000.0,100.0,new
UYFINCORP,BE,2026-09-03,19.5,20.0,19.5,19.93,20.0,19.3,134148,2654000.0,267,,,,new
V2RETAIL,EQ,2026-09-03,219.39,220.91,217.0,219.0,218.12,218.16,382107,83516000.0,10107,,203952.0,53.38,new
VADILALIND,EQ,2026-09-03,7558.0,7675.0,7507.5,7615.0,7575.0,7559.5,10157,77260000.0,2824,,4256.0,41.9,new
VADILENT,EQ,2026-09-03,10010.0,10500.0,9801.0,10495.0,10495.0,10019.0,139,1413000.0,22,,137.0,98.56,new
VAIBHAVGBL,EQ,2026-09-03,216.0,218.0,214.1,215.3,214.88,214.79,145408,31452999.999999996,5521,,69100.0,47.52,new
VAISHALI,EQ,2026-09-03,8.25,8.48,8.02,8.36,8.38,8.06,92138,765000.0,278,,77685.0,84.31,new
VAKRANGEE,EQ,2026-09-03,5.8,5.84,5.75,5.8,5.8,5.76,606061,3513000.0000000005,1242,,381421.0,62.93,new
VAL30IETF,EQ,2026-09-03,15.24,15.24,15.09,15.14,15.2,15.08,160271,2432000.0,688,,76319.0,47.62,new
VALIANTLAB,BE,2026-09-03,99.5,100.93,99.0,100.93,100.93,96.13,44968,4500000.0,215,,,,new
VALIANTORG,BE,2026-09-03,307.95,316.15,302.05,316.15,316.15,301.1,84153,26263000.0,657,,,,new
VALUE,EQ,2026-09-03,16.14,16.21,16.07,16.09,16.08,16.04,8793,142000.0,104,,2142.0,24.36,new
VALUEAXIS,EQ,2026-09-03,33.18,33.18,32.62,32.71,32.78,32.57,52202,1712000.0,313,,28461.0,54.52,new
VAML,EQ,2026-09-03,440.7,444.8,433.45,435.85,435.8,437.1,4267390,1870407000.0,60281,,2350790.0,55.09,new
VARDHACRLC,BE,2026-09-03,43.0,43.5,41.4,43.27,42.82,42.7,51087,2167000.0,399,,,,new
VARDMNPOLY,EQ,2026-09-03,6.05,6.05,5.91,5.94,5.92,5.98,70755,421000.0,195,,59496.0,84.09,new
VARROC,EQ,2026-09-03,822.95,848.75,818.8,839.15,842.7,824.4,265169,221584000.0,15344,,92394.0,34.84,new
VASCONEQ,EQ,2026-09-03,30.19,31.0,29.53,30.05,29.9,30.11,307521,9291000.0,1368,,192195.0,62.5,new
VASUPRADA,EQ,2026-09-03,102.0,102.0,102.0,102.0,102.0,97.2,105,11000.0,3,,105.0,100.0,new
VASWANI,EQ,2026-09-03,48.03,49.4,46.16,46.52,46.88,47.82,55071,2588000.0,397,,25126.0,45.62,new
VBL,EQ,2026-09-03,414.0,415.45,407.15,407.15,407.15,415.0,4325249,1774821000.0,55619,,2789454.0,64.49,new
VCL,BE,2026-09-03,1.66,1.66,1.66,1.66,1.66,1.74,190237,316000.0,147,,,,new
VEDAVAAG,EQ,2026-09-03,18.28,18.5,18.0,18.14,18.3,18.28,10855,199000.0,54,,10403.0,95.84,new
VEDL,EQ,2026-09-03,272.0,274.75,268.0,270.5,270.5,270.7,5945928,1608045000.0,48680,,2941163.0,49.47,new
VEDPOWER,EQ,2026-09-03,34.9,35.1,34.2,34.29,34.22,34.72,11033569,380625000.0,34378,,5975519.0,54.16,new
VEEDOL,EQ,2026-09-03,1477.4,1490.9,1456.8,1462.8,1466.9,1473.7,8548,12552000.0,1228,,4818.0,56.36,new
VEEKAYEM,SM,2026-09-03,107.0,114.5,107.0,114.35,114.5,110.35,3500,388000.0,7,,2500.0,71.43,new
VELJAN,BE,2026-09-03,1805.0,1860.0,1805.0,1848.4,1850.0,1803.1,758,1404000.0,56,,,,new
VENKEYS,EQ,2026-09-03,1668.0,1713.0,1663.2,1677.1,1679.0,1659.0,86485,145959000.0,8090,,33830.0,39.12,new
VENTIVE,EQ,2026-09-03,578.8,588.55,578.8,585.7,588.05,578.8,81194,47115000.0,880,,77670.0,95.66,new
VENUSPIPES,EQ,2026-09-03,1606.0,1651.2,1580.0,1594.8,1595.0,1605.0,75350,120925000.0,5207,,38286.0,50.81,new
VENUSREM,BE,2026-09-03,1620.0,1701.9,1620.0,1701.9,1701.9,1620.9,28866,48821000.0,917,,,,new
VERANDA,EQ,2026-09-03,248.99,250.0,241.5,242.27,242.45,243.92,132412,32338000.0,2236,,74597.0,56.34,new
VERTEXPLUS,SM,2026-09-03,54.0,54.0,54.0,54.0,54.0,51.45,600,32000.0,1,,600.0,100.0,new
VERTIS,IV,2026-09-03,115.5,115.5,105.0,115.0,115.0,115.25,275000,30564999.999999996,10,,225000.0,81.82,new
VERTOZ,EQ,2026-09-03,39.0,39.49,38.5,38.63,38.88,38.59,44809,1748000.0,286,,34100.0,76.1,new
VESUVIUS,EQ,2026-09-03,414.4,423.2,414.1,420.0,421.0,412.9,39305,16484000.0,2446,,24145.0,61.43,new
VETO,BE,2026-09-03,126.0,129.99,126.0,127.97,127.5,126.02,15317,1960000.0000000002,155,,,,new
VGCL,EQ,2026-09-03,55.0,55.0,52.0,52.36,52.74,53.59,904,49000.0,34,,770.0,85.18,new
VGINFOTECH,SM,2026-09-03,143.55,147.0,142.0,143.75,143.8,144.65,16000,2293000.0,16,,14000.0,87.5,new
VGL,EQ,2026-09-03,58.0,58.7,56.21,56.56,56.8,57.12,15988,916000.0,201,,12491.0,78.13,new
VGUARD,EQ,2026-09-03,344.05,345.0,336.25,339.25,339.0,341.2,586732,199085000.0,15678,,345107.0,58.82,new
VHL,EQ,2026-09-03,3570.4,3650.0,3531.2,3607.1,3606.9,3570.4,480,1732999.9999999998,104,,382.0,79.58,new
VHLTD,BE,2026-09-03,116.94,120.45,116.0,116.39,116.4,115.25,32929,3858000.0,225,,,,new
VHLTD-RE1,BE,2026-09-03,0.25,0.35,0.15,0.35,0.35,0.25,13340,4000.0,46,,,,new
VIAZ,SM,2026-09-03,73.0,73.0,67.5,67.5,67.5,70.1,4000,281000.0,2,,2000.0,50.0,new
VICTORYEV,SM,2026-09-03,15.2,15.2,15.2,15.2,15.2,15.15,3000,46000.0,1,,3000.0,100.0,new
VIDHIING,EQ,2026-09-03,341.15,346.9,339.0,342.8,344.95,342.9,8722,2988000.0,458,,5059.0,58.0,new
VIDYAWIRES,EQ,2026-09-03,88.7,91.0,88.7,89.45,89.45,88.51,540972,48498000.0,4689,,264436.0,48.88,new
VIESL,SM,2026-09-03,379.05,417.5,379.05,396.35,392.5,378.45,187200,75994000.0,163,,120000.0,64.1,new
VIGOR,ST,2026-09-03,99.85,101.3,96.0,101.3,101.3,96.5,22400,2222000.0,14,,20800.0,92.86,new
VIJAYA,EQ,2026-09-03,1478.3,1513.8,1478.3,1505.5,1496.0,1481.1,90795,135924000.0,13048,,27006.0,29.74,new
VIJAYPD,SM,2026-09-03,69.9,69.9,69.9,69.9,69.9,69.0,2000,140000.0,1,,2000.0,100.0,new
VIJIFIN,BE,2026-09-03,16.26,16.26,16.26,16.26,16.26,15.95,138388,2250000.0,46,,,,new
VIJSOLX,EQ,2026-09-03,666.0,719.9,657.5,684.4,684.25,689.0,523,366000.0,35,,453.0,86.62,new
VIKASECO,EQ,2026-09-03,1.1,1.1,1.08,1.08,1.08,1.09,1211470,1319000.0,913,,798528.0,65.91,new
VIKASLIFE,EQ,2026-09-03,1.25,1.31,1.25,1.3,1.31,1.26,1612232,2075000.0,8672,,1039865.0,64.5,new
VIKRAMSOLR,EQ,2026-09-03,169.26,172.4,166.2,171.65,171.9,169.15,3622539,614106000.0,25751,,1682618.0,46.45,new
VIKRAN,EQ,2026-09-03,57.9,58.5,57.5,57.68,57.77,57.68,818426,47406000.0,3787,,366251.0,44.75,new
VILAS,SM,2026-09-03,361.95,369.0,354.25,356.1,354.6,349.0,46750,17023000.0,165,,27500.0,58.82,new
VILINBIO,SM,2026-09-03,51.7,51.7,50.0,51.7,51.7,49.25,100000,5144000.0,24,,84000.0,84.0,new
VIMTALABS,EQ,2026-09-03,664.0,672.0,650.0,652.25,653.0,655.35,306724,202666000.0,10012,,112123.0,36.56,new
VINATIORGA,EQ,2026-09-03,1313.0,1320.4,1303.2,1313.7,1310.0,1313.8,25579,33570000.0,2755,,12898.0,50.42,new
VINCOFE,EQ,2026-09-03,177.0,182.45,175.4,176.48,177.39,175.56,2671700,479096000.0,21818,,860260.0,32.2,new
VINDHYATEL,EQ,2026-09-03,2737.0,2810.0,2651.0,2736.2,2742.0,2737.1,130435,359402000.0,13545,,41584.0,31.88,new
VINEETLAB,EQ,2026-09-03,37.89,38.69,37.1,37.5,37.78,37.57,49880,1873999.9999999998,295,,29196.0,58.53,new
VINNY,EQ,2026-09-03,1.03,1.05,1.03,1.03,1.04,1.03,127643,132000.0,147,,120455.0,94.37,new
VINSYS,ST,2026-09-03,607.0,607.0,597.0,597.0,597.0,609.0,3000,1805000.0,12,,3000.0,100.0,new
VINYAS,SM,2026-09-03,1560.0,1564.0,1510.0,1537.55,1550.0,1537.45,4600,7069000.0,38,,3200.0,69.57,new
VINYLINDIA,EQ,2026-09-03,225.18,232.44,222.7,227.94,226.1,225.18,5387,1224000.0,216,,2839.0,52.7,new
VIPCLOTHNG,EQ,2026-09-03,20.2,20.45,19.86,20.17,20.2,20.23,83694,1689999.9999999998,180,,78117.0,93.34,new
VIPIND,EQ,2026-09-03,304.4,312.0,304.0,310.35,310.0,304.4,236628,72892000.0,4227,,146566.0,61.94,new
VIPULLTD,BE,2026-09-03,14.26,14.26,14.26,14.26,14.26,14.55,3245,46000.0,22,,,,new
VIRAT,EQ,2026-09-03,403.0,458.0,403.0,429.5,440.0,437.8,1819,788000.0,88,,1655.0,90.98,new
VIRINCHI,EQ,2026-09-03,15.05,15.17,14.76,14.86,14.86,14.75,50726,755000.0,145,,40417.0,79.68,new
VIRTUALG,BE,2026-09-03,0.48,0.48,0.46,0.48,0.48,0.46,243550,115999.99999999999,158,,,,new
VISACHROME,EQ,2026-09-03,37.52,40.35,37.52,39.53,39.8,38.54,19076,754000.0,138,,16628.0,87.17,new
VISAKAIND,EQ,2026-09-03,88.65,92.0,88.51,90.5,89.8,87.84,192317,17373000.0,2333,,115033.0,59.81,new
VISAMAN,SM,2026-09-03,64.6,64.6,64.6,64.6,64.6,67.95,1000,65000.0,1,,1000.0,100.0,new
VISDEM,SM,2026-09-03,94.7,94.7,94.7,94.7,94.7,94.7,1200,113999.99999999999,1,,1200.0,100.0,new
VISHAL,EQ,2026-09-03,18.96,19.3,18.3,18.47,18.65,18.96,3006888,55764000.0,323,,2586280.0,86.01,new
VISHNU,EQ,2026-09-03,668.0,697.2,659.05,688.45,689.4,659.55,294149,201197000.0,12156,,157415.0,53.52,new
VISHNUINFR,SM,2026-09-03,159.1,162.1,159.0,160.55,159.0,160.7,4000,644000.0,8,,4000.0,100.0,new
VISHWARAJ,EQ,2026-09-03,5.86,6.09,5.86,5.93,5.92,5.87,495020,2964000.0,928,,240721.0,48.63,new
VISHWAS,ST,2026-09-03,42.1,44.2,42.1,44.2,44.2,42.1,3200,138000.0,2,,3200.0,100.0,new
VISL,EQ,2026-09-03,37.48,37.55,36.0,36.07,36.18,37.15,15406099,561812000.0,38149,,9250342.0,60.04,new
VITAL,EQ,2026-09-03,55.95,55.95,51.78,54.49,54.49,54.5,49646,2694000.0,40,,47329.0,95.33,new
VIVIANA,BE,2026-09-03,750.4,774.0,747.7,766.4,772.9,750.4,15025,11500000.0,465,,,,new
VIVIDEL,SM,2026-09-03,1599.0,1690.0,1595.0,1631.55,1625.5,1595.35,66000,107036999.99999999,226,,54480.0,82.55,new
VIVIDHA,EQ,2026-09-03,0.51,0.52,0.49,0.5,0.5,0.5,376620,191000.0,175,,272816.0,72.44,new
VIVIMEDLAB,BE,2026-09-03,6.54,6.54,6.54,6.54,6.54,6.67,86192,564000.0,49,,,,new
VIVO,ST,2026-09-03,155.0,155.0,151.05,151.05,151.05,159.0,3200,490000.00000000006,2,,3200.0,100.0,new
VIVOBIOT,EQ,2026-09-03,18.16,18.79,17.8,18.7,18.7,18.21,11543,214000.0,106,,10770.0,93.3,new
VIYASH,EQ,2026-09-03,261.0,263.9,259.1,260.45,261.0,259.1,2922487,766119000.0,19416,,1511514.0,51.72,new
VLEGOV,BE,2026-09-03,10.49,10.6,10.27,10.48,10.5,10.42,40043,420000.0,165,,,,new
VLINFRA,SM,2026-09-03,26.5,26.5,26.5,26.5,26.5,26.6,1500,40000.0,1,,1500.0,100.0,new
VLSFINANCE,EQ,2026-09-03,247.0,247.78,245.01,246.57,247.0,244.32,13191,3249000.0,341,,9709.0,73.6,new
VMARCIND,SM,2026-09-03,327.35,351.3,317.05,348.7,346.7,321.05,520500,174535000.0,321,,262500.0,50.43,new
VMART,EQ,2026-09-03,849.0,853.8,831.3,839.1,840.0,849.95,60549,50982000.0,6289,,31754.0,52.44,new
VMM,EQ,2026-09-03,109.1,109.49,106.5,107.8,107.8,108.57,5360663,575843000.0,23875,,2377918.0,44.36,new
VMOBILE,SM,2026-09-03,60.5,61.0,59.9,61.0,61.0,60.5,3200,194000.0,4,,3200.0,100.0,new
VMSTMT,EQ,2026-09-03,45.45,46.0,45.0,45.53,45.8,45.57,21069,963000.0000000001,353,,13107.0,62.21,new
VOEPL,EQ,2026-09-03,556.65,561.1,537.55,545.9,546.0,548.55,64859,35590000.0,2440,,35065.0,54.06,new
VOGL,EQ,2026-09-03,38.84,38.84,37.4,37.54,37.58,38.57,25866572,981085000.0,48054,,13272774.0,51.31,new
VOITHPAPR,EQ,2026-09-03,1459.9,1486.9,1450.0,1480.2,1485.0,1466.0,356,524000.0,68,,289.0,81.18,new
VOLERCAR,SM,2026-09-03,210.0,210.0,210.0,210.0,210.0,209.5,800,168000.0,1,,800.0,100.0,new
VOLTAMP,EQ,2026-09-03,10682.0,11230.0,10614.0,11182.0,11210.0,10682.0,36916,408699000.0,13361,,14707.0,39.84,new
VOLTAS,EQ,2026-09-03,1158.0,1183.0,1151.7,1178.0,1178.0,1152.1,832678,974162999.9999999,29927,,299376.0,35.95,new
VPRPL,EQ,2026-09-03,35.5,38.65,35.49,35.99,35.9,35.15,1232938,45393000.0,7368,,473232.0,38.38,new
VR,SM,2026-09-03,99.0,102.0,99.0,102.0,102.0,104.0,1600,162000.0,4,,1600.0,100.0,new
VRAJ,EQ,2026-09-03,122.42,123.69,122.4,122.71,122.75,122.41,6175,759000.0,204,,5099.0,82.57,new
VRLLOG,EQ,2026-09-03,302.45,302.65,295.65,297.85,297.15,299.85,123681,36947000.0,4354,,77000.0,62.26,new
VSCL,SM,2026-09-03,21.95,21.95,21.95,21.95,21.95,23.1,3000,66000.0,1,,3000.0,100.0,new
VSSL,EQ,2026-09-03,368.0,374.4,360.15,363.95,366.15,362.1,176445,64800000.0,5846,,77738.0,44.06,new
VSTIND,EQ,2026-09-03,208.62,209.4,207.02,207.96,208.21,207.59,94155,19618000.0,3180,,62554.0,66.44,new
VSTL,EQ,2026-09-03,113.05,115.25,112.0,115.15,115.0,113.76,26197,2992000.0,462,,20404.0,77.89,new
VSTTILLERS,EQ,2026-09-03,4206.0,4235.0,4150.0,4175.3,4185.0,4164.6,7339,30720999.999999996,1512,,3708.0,50.52,new
VTL,EQ,2026-09-03,584.1,595.55,584.1,588.65,590.0,587.45,334048,196985000.0,15846,,116299.0,34.82,new
VTMLTD,EQ,2026-09-03,59.5,59.5,56.48,56.57,56.5,57.73,15018,856000.0,94,,10826.0,72.09,new
WAAREEENER,EQ,2026-09-03,2585.0,2601.3,2563.0,2579.9,2579.9,2581.1,439202,1130363000.0,31308,,204624.0,46.59,new
WAAREEINDO,EQ,2026-09-03,265.75,278.15,265.75,274.85,275.5,264.95,177423,48811000.0,2506,,71343.0,40.21,new
WAAREERTL,EQ,2026-09-03,854.0,857.6,844.5,847.9,849.6,853.25,124210,105476000.0,8489,,69716.0,56.13,new
WABAG,EQ,2026-09-03,2002.2,2034.8,1995.0,2011.1,2015.0,1987.8,641600,1293273000.0,24957,,298345.0,46.5,new
WAKEFIT,EQ,2026-09-03,157.33,159.95,147.61,149.64,149.7,152.47,4484239,690854000.0,44397,,983477.0,21.93,new
WALCHANNAG,EQ,2026-09-03,206.61,213.0,205.0,206.13,206.9,206.09,412945,85867000.0,6292,,190954.0,46.24,new
WALPAR,SM,2026-09-03,25.9,25.9,24.1,24.1,24.1,24.7,4000,100000.0,2,,2000.0,50.0,new
WANBURY,EQ,2026-09-03,248.4,249.5,241.0,243.35,245.0,245.0,91204,22371000.0,1962,,42593.0,46.7,new
WARDINMOBI,EQ,2026-09-03,5.74,5.91,5.65,5.7,5.69,5.74,268947,1546000.0,877,,168848.0,62.78,new
WATERBASE,EQ,2026-09-03,48.29,48.29,46.46,47.36,47.5,47.31,14599,695000.0,237,,6532.0,44.74,new
WCIL,EQ,2026-09-03,84.15,85.36,83.05,83.96,83.5,84.28,56194,4721000.0,1239,,36688.0,65.29,new
WEALTH,EQ,2026-09-03,859.0,859.0,842.1,847.5,849.0,846.6,712,604000.0,43,,571.0,80.2,new
WEBELSOLAR,EQ,2026-09-03,74.06,77.55,74.05,77.33,77.31,73.86,4052225,311151000.0,15977,,2016865.0,49.77,new
WEIZMANIND,EQ,2026-09-03,74.7,74.99,71.2,74.21,73.0,74.78,507,37000.0,54,,279.0,55.03,new
WEL,EQ,2026-09-03,78.5,79.77,77.0,79.37,79.6,75.98,3336040,263837000.0,11613,,1710070.0,51.26,new
WELCORP,EQ,2026-09-03,2554.7,2676.0,2553.6,2641.6,2631.1,2523.5,4190711,11039242000.0,196824,,1136617.0,27.12,new
WELENT,EQ,2026-09-03,745.0,768.0,732.9,764.75,759.0,741.7,779650,585855000.0,21201,,312379.0,40.07,new
WELINV,BE,2026-09-03,2145.1,2187.9,2145.0,2187.0,2187.0,2145.1,182,391000.0,25,,,,new
WELSPLSOL,EQ,2026-09-03,53.25,57.4,53.16,56.02,55.9,53.22,2473746,139144000.0,11797,,963425.0,38.95,new
WELSPUNLIV,EQ,2026-09-03,199.9,202.9,196.7,200.61,201.8,200.01,2611307,522002000.00000006,52819,,924613.0,35.41,new
WENDT,EQ,2026-09-03,8020.0,8450.0,8020.0,8307.0,8270.0,7991.5,11767,98029000.0,3444,,5095.0,43.3,new
WESTLIFE,EQ,2026-09-03,548.0,555.5,534.8,540.55,539.95,547.55,35051,19048000.0,2353,,12601.0,35.95,new
WEWIN,EQ,2026-09-03,44.0,44.0,42.3,42.53,42.51,42.76,1596,69000.0,53,,1516.0,94.99,new
WEWORK,EQ,2026-09-03,662.6,685.9,646.6,654.7,658.0,661.1,618239,407482000.0,28064,,371143.0,60.03,new
WHBRADY,EQ,2026-09-03,488.85,497.85,488.85,497.85,497.85,497.0,31,15000.0,10,,31.0,100.0,new
WHEELS,EQ,2026-09-03,1555.0,1676.7,1554.9,1654.4,1655.0,1544.3,331834,541742000.0,22785,,146930.0,44.28,new
WHIRLPOOL,EQ,2026-09-03,804.0,809.6,793.0,804.4,805.65,800.2,118187,94752000.0,10162,,50585.0,42.8,new
WHITEFORCE,SM,2026-09-03,38.5,38.5,38.0,38.0,38.0,40.5,3200,122000.0,2,,3200.0,100.0,new
WILLAMAGOR,EQ,2026-09-03,25.44,25.44,24.2,24.58,24.31,24.69,6044,152000.0,32,,5184.0,85.77,new
WINDLAS,EQ,2026-09-03,1105.35,1148.0,1090.0,1127.1,1123.0,1096.6,418192,470025000.0,19943,,153589.0,36.73,new
WINDMACHIN,EQ,2026-09-03,304.25,315.0,300.0,312.1,311.0,305.05,96840,29868000.0,1302,,51641.0,53.33,new
WINNY,SM,2026-09-03,32.05,32.05,31.0,31.0,31.0,32.05,1000,32000.0,2,,500.0,50.0,new
WINSOL,SM,2026-09-03,119.0,120.0,112.3,112.5,113.0,115.0,8800,1025000.0,19,,7200.0,81.82,new
WIPL,EQ,2026-09-03,162.99,167.0,161.55,165.61,167.0,162.99,833,137000.0,25,,509.0,61.1,new
WIPRO,EQ,2026-09-03,177.5,178.04,175.72,175.72,175.72,177.09,6496396,1149263000.0,52799,,3006513.0,46.28,new
WOCKPHARMA,EQ,2026-09-03,1904.6,1982.0,1891.4,1950.6,1950.0,1904.3,1056401,2055645000.0,64727,,517726.0,49.01,new
WOL3D,SM,2026-09-03,130.0,130.0,130.0,130.0,130.0,130.0,1000,130000.0,1,,1000.0,100.0,new
WOMANCART,ST,2026-09-03,108.5,113.0,106.0,108.3,110.95,108.5,16400,1792000.0000000002,36,,10400.0,63.41,new
WONDERLA,EQ,2026-09-03,537.0,537.0,522.85,525.25,528.0,529.55,36306,19153000.0,1750,,21463.0,59.12,new
WORTHPERI,EQ,2026-09-03,154.78,157.2,152.25,153.99,153.35,155.55,5840,903999.9999999999,210,,4494.0,76.95,new
WPIL,EQ,2026-09-03,442.3,448.8,436.6,445.5,447.1,440.05,15497,6859999.999999999,1241,,7760.0,50.07,new
WSI,EQ,2026-09-03,60.17,61.75,58.6,59.44,58.61,61.04,40208,2409000.0,890,,31722.0,78.89,new
WSTCSTPAPR,EQ,2026-09-03,630.2,660.0,630.2,656.95,655.0,629.05,458615,297931000.0,17079,,244338.0,53.28,new
WTICAB,SM,2026-09-03,106.5,108.0,103.5,107.0,106.5,107.0,11000,1174000.0,17,,9000.0,81.82,new
XCHANGING,EQ,2026-09-03,60.84,61.15,60.21,60.99,61.1,60.84,43159,2622000.0,700,,21884.0,50.71,new
XELPMOC,EQ,2026-09-03,82.0,84.7,78.0,79.4,80.0,80.62,15209,1219000.0,375,,10283.0,67.61,new
XPROINDIA,EQ,2026-09-03,1278.0,1314.0,1265.0,1280.3,1279.9,1285.6,221656,286403000.0,11399,,71308.0,32.17,new
XTGLOBAL,EQ,2026-09-03,30.3,35.0,29.73,31.58,31.25,29.73,309851,9872000.0,2061,,102843.0,33.19,new
XTRANET,EQ,2026-09-03,195.55,201.68,193.14,195.2,195.0,193.68,560265,110252000.0,8486,,186574.0,33.3,new
YAAP,SM,2026-09-03,127.95,135.0,123.5,132.0,132.0,124.0,42000,5457000.0,42,,30000.0,71.43,new
YASHO,EQ,2026-09-03,4188.9,4200.0,3952.8,4051.2,4115.0,4129.5,37189,151791000.0,6016,,19846.0,53.37,new
YASHOPTICS,SM,2026-09-03,121.1,121.1,121.0,121.0,121.0,121.1,12800,1549000.0,16,,12800.0,100.0,new
YATHARTH,EQ,2026-09-03,967.0,972.2,955.0,962.3,962.5,966.5,139358,134186999.99999999,8279,,61741.0,44.3,new
YATRA,EQ,2026-09-03,115.07,115.88,112.01,113.08,112.5,114.15,977948,111500000.0,11371,,499853.0,51.11,new
YCCL,SM,2026-09-03,9.3,9.3,9.2,9.25,9.25,9.65,9000,83000.0,3,,9000.0,100.0,new
YESBANK,EQ,2026-09-03,22.15,22.54,22.11,22.54,22.54,22.15,57376675,1286262000.0,72674,,28998272.0,50.54,new
YOGI,EQ,2026-09-03,162.8,162.8,161.9,161.9,161.9,155.05,112,18000.0,4,,112.0,100.0,new
YUDIZ,SM,2026-09-03,23.6,25.8,23.6,25.8,25.8,24.7,12000,285000.0,5,,12000.0,100.0,new
YUKEN,EQ,2026-09-03,975.0,1028.5,971.5,1010.05,1005.0,967.25,30893,31080000.0,2054,,21249.0,68.78,new
ZAGGLE,EQ,2026-09-03,185.0,186.45,182.0,182.63,183.0,184.33,627168,115454000.0,7213,,251353.0,40.08,new
ZEAL,SM,2026-09-03,64.0,65.0,64.0,65.0,65.0,61.5,13800,885000.0,4,,13200.0,95.65,new
ZEEL,EQ,2026-09-03,91.08,92.82,90.6,91.64,91.56,90.57,13920936,1274154000.0,58408,,4095882.0,29.42,new
ZEELEARN,BE,2026-09-03,7.36,7.42,7.11,7.19,7.29,7.36,266569,1932999.9999999998,423,,,,new
ZEEMEDIA,EQ,2026-09-03,8.27,8.36,8.0,8.11,8.13,8.23,1145013,9383000.0,1651,,610038.0,53.28,new
ZENITHDRUG,SM,2026-09-03,40.05,41.4,39.8,39.85,39.8,40.0,20800,840000.0,11,,18400.0,88.46,new
ZENITHEXPO,EQ,2026-09-03,206.11,206.11,204.07,204.1,204.1,204.07,144,28999.999999999996,9,,85.0,59.03,new
ZENITHSTL,EQ,2026-09-03,5.34,5.39,5.3,5.37,5.39,5.29,30356,162000.0,141,,26180.0,86.24,new
ZENSARTECH,EQ,2026-09-03,463.9,468.0,455.6,465.45,467.0,460.55,934781,431551000.0,29961,,283755.0,30.36,new
ZENTEC,EQ,2026-09-03,1861.0,1866.4,1795.0,1810.3,1813.3,1829.1,226133,414112000.0,17870,,78340.0,34.64,new
ZFCVINDIA,EQ,2026-09-03,2572.2,2583.7,2520.0,2524.8,2524.0,2572.2,32790,83538000.0,5334,,21919.0,66.85,new
ZFSTEERING,EQ,2026-09-03,669.75,674.0,666.45,667.75,666.5,667.1,2392,1601000.0000000002,89,,1502.0,62.79,new
ZIMLAB,EQ,2026-09-03,130.0,134.49,127.0,128.02,127.16,133.95,139007,18253000.0,2507,,68635.0,49.38,new
ZODIAC,EQ,2026-09-03,241.5,244.79,236.1,240.22,241.9,240.3,11639,2804000.0,518,,6333.0,54.41,new
ZODIACLOTH,EQ,2026-09-03,73.2,74.17,72.62,72.85,72.72,72.49,1762,129000.0,62,,1126.0,63.9,new
ZOTA,EQ,2026-09-03,1090.0,1105.0,1071.9,1101.2,1104.0,1078.0,40807,44456000.0,3404,,25045.0,61.37,new
ZSARACOM,EQ,2026-09-03,10634.0,10634.0,10000.0,10227.0,10170.0,10437.0,323,3293000.0,97,,209.0,64.71,new
ZTECH,SM,2026-09-03,496.1,499.7,493.0,498.0,498.0,503.0,3600,1785000.0000000002,12,,2100.0,58.33,new
ZUARI,EQ,2026-09-03,223.48,227.29,223.05,225.04,224.2,222.86,86401,19436000.0,2081,,42533.0,49.23,new
ZUARIIND,EQ,2026-09-03,271.5,275.65,271.05,273.2,273.0,270.8,28748,7853000.0,976,,13051.0,45.4,new
ZYDUSLIFE,EQ,2026-09-03,1154.2,1157.8,1130.5,1143.0,1143.0,1154.2,962099,1095460000.0,25580,,545132.0,56.66,new
ZYDUSWELL,EQ,2026-09-03,538.0,541.4,531.1,538.2,536.95,534.6,135712,72973000.0,15247,,71453.0,52.65,new
