SYMBOL,SERIES,DATE,OPEN,HIGH,LOW,CLOSE,LAST,PREV_CLOSE,VOLUME,TURNOVER,TRADES,ISIN,DELIV_QTY,DELIV_PER,SOURCE
20MICRONS,EQ,2026-09-18,207.77,209.0,204.62,208.28,206.5,205.71,45744,9470000.0,1711,,21567.0,47.15,new
21STCENMGM,EQ,2026-09-18,38.81,39.29,38.81,38.98,38.81,38.62,135,5000.0,10,,69.0,51.11,new
360ONE,EQ,2026-09-18,1060.5,1086.1,1060.5,1073.1,1073.1,1061.3,519067,559495000.0,25530,,347735.0,66.99,new
3BBLACKBIO,EQ,2026-09-18,1313.5,1328.7,1289.8,1319.3,1327.0,1290.8,6766,8792000.0,592,,4905.0,72.49,new
3IINFOLTD,BE,2026-09-18,25.67,26.0,24.56,25.5,25.5,25.76,419639,10785000.0,863,,,,new
3MINDIA,EQ,2026-09-18,32530.0,34450.0,32380.0,34095.0,34275.0,32530.0,8040,270674000.0,3757,,4207.0,52.33,new
3PLAND,EQ,2026-09-18,31.5,31.5,30.5,31.09,31.0,31.4,721,22000.0,74,,513.0,71.15,new
574GS2026,GS,2026-09-18,101.95,101.95,101.95,101.95,101.95,101.95,1,0.0,1,,1.0,100.0,new
577GS2030,GS,2026-09-18,96.5,96.5,96.5,96.5,96.5,96.94,100,10000.0,2,,100.0,100.0,new
585GS2030,GS,2026-09-18,97.56,97.56,97.56,97.56,97.56,97.55,1000000,97560000.0,1,,1000000.0,100.0,new
5PAISA,EQ,2026-09-18,314.1,323.0,314.1,321.35,320.6,315.4,21347,6825000.0,1417,,11667.0,54.65,new
601GS2030,GS,2026-09-18,98.4,98.4,98.4,98.4,98.4,98.4,100,10000.0,2,,100.0,100.0,new
610GS2031,GS,2026-09-18,99.99,99.99,99.99,99.99,99.99,99.99,1,0.0,1,,1.0,100.0,new
620GS2029,GS,2026-09-18,99.85,99.85,99.85,99.85,99.85,99.85,1,0.0,1,,1.0,100.0,new
622GS2035,GS,2026-09-18,93.43,95.07,93.43,95.07,95.07,94.2,52,5000.0,4,,25.0,48.08,new
636GS2031,GS,2026-09-18,98.5,99.3,98.5,99.3,99.3,99.09,1602,158000.0,5,,1602.0,100.0,new
63MOONS,EQ,2026-09-18,872.65,890.15,864.45,884.75,883.0,872.65,231331,203673000.0,12047,,94610.0,40.9,new
648GS2035,GS,2026-09-18,97.71,99.5,97.71,99.0,99.0,98.3,3640,362000.0,4,,3540.0,97.25,new
653GS2031,GS,2026-09-18,97.83,99.0,97.83,99.0,99.0,100.98,302,30000.0,3,,302.0,100.0,new
657GS2033A,GS,2026-09-18,99.9,100.0,99.9,100.0,100.0,97.6,3000,300000.0,3,,3000.0,100.0,new
667GS2035,GS,2026-09-18,107.62,107.62,105.0,106.85,106.85,105.0,1000006,106851000.0,5,,1000003.0,100.0,new
668GS2040,GS,2026-09-18,97.0,97.9,94.57,97.9,97.9,96.5,1498,145000.0,15,,1100.0,73.43,new
675GS2029,GS,2026-09-18,101.75,101.75,101.75,101.75,101.75,101.2,99,10000.0,1,,99.0,100.0,new
676GS2061,GS,2026-09-18,90.0,90.0,89.09,89.15,89.15,89.49,24608,2194000.0,46,,24476.0,99.46,new
690GS2065,GS,2026-09-18,93.63,93.63,92.91,93.59,93.59,92.7,236,22000.0,5,,236.0,100.0,new
694GS2036,GS,2026-09-18,101.0,101.99,101.0,101.99,101.99,101.03,2040,208000.0,3,,2040.0,100.0,new
695GS2061,GS,2026-09-18,93.0,93.0,92.0,92.0,92.0,92.9,1627,151000.0,8,,1627.0,100.0,new
697GR2034,GS,2026-09-18,98.0,98.0,98.0,98.0,98.0,98.0,1,0.0,1,,1.0,100.0,new
699GS2051,GS,2026-09-18,96.0,96.0,95.85,95.85,95.85,95.9,13,1000.0,6,,13.0,100.0,new
702GS2027,GS,2026-09-18,102.5,102.5,102.5,102.5,102.5,102.23,1,0.0,1,,1.0,100.0,new
702GS2031,GS,2026-09-18,103.65,103.65,103.65,103.65,103.65,103.64,1000,104000.0,1,,1000.0,100.0,new
704GS2029,GS,2026-09-18,102.9,103.49,102.23,103.47,103.49,102.57,6900,712000.0,4,,6600.0,95.65,new
706GS2028,GS,2026-09-18,108.05,108.05,103.41,103.41,103.41,104.1,101,10000.0,2,,100.0,99.01,new
706GS2041,GS,2026-09-18,101.45,101.45,100.85,100.85,100.85,101.95,5,1000.0,4,,5.0,100.0,new
709GS2054,GS,2026-09-18,96.0,96.0,94.0,95.38,95.38,94.7,16267,1535000.0,13,,13081.0,80.41,new
709GS2074,GS,2026-09-18,95.0,95.4,94.5,95.4,95.4,94.53,6672,635000.0,22,,6672.0,100.0,new
716GS2050,GS,2026-09-18,102.34,102.34,98.76,99.7,98.76,101.23,5000,499000.0,6,,5000.0,100.0,new
717GS2030,GS,2026-09-18,104.8,104.8,104.3,104.8,104.8,104.79,45270,4740000.0,9,,38670.0,85.42,new
718GS2033,GS,2026-09-18,102.0,103.0,101.6,102.95,103.0,102.0,55902,5709000.0,45,,54902.0,98.21,new
718GS2037,GS,2026-09-18,102.5,103.47,102.0,102.39,102.39,102.0,29704,3042000.0,12,,29704.0,100.0,new
71GS2034,GS,2026-09-18,104.6,104.6,103.0,104.47,104.47,102.89,10103,1051000.0,7,,10003.0,99.01,new
724GS2055,GS,2026-09-18,96.97,96.97,96.6,96.6,96.6,96.55,4575,444000.00000000006,5,,4575.0,100.0,new
725GS2063,GS,2026-09-18,96.5,96.8,96.26,96.5,96.5,96.49,8866,855000.0000000001,18,,7211.0,81.33,new
726GS2032,GS,2026-09-18,103.4,103.4,103.4,103.4,103.4,101.8,100,10000.0,1,,100.0,100.0,new
726GS2033,GS,2026-09-18,101.48,102.0,101.48,102.0,102.0,102.5,1048,107000.0,4,,524.0,50.0,new
732GS2030,GS,2026-09-18,103.55,104.0,103.55,104.0,104.0,103.61,2100,218000.00000000003,3,,2100.0,100.0,new
734GS2064,GS,2026-09-18,98.9,98.9,98.4,98.84,98.87,98.48,24664,2436000.0,45,,24514.0,99.39,new
736GS2052,GS,2026-09-18,98.75,98.75,96.0,98.69,98.69,99.25,6086,599000.0,24,,6033.0,99.13,new
737GS2028,GS,2026-09-18,104.3,104.3,104.3,104.3,104.3,104.01,100,10000.0,1,,100.0,100.0,new
738GS2027,GS,2026-09-18,102.41,102.8,102.41,102.53,102.77,102.4,28707,2942000.0,14,,28707.0,100.0,new
73GS2053,GS,2026-09-18,98.0,98.6,98.0,98.55,98.5,98.0,194888,19124000.0,81,,162288.0,83.27,new
741GS2036,GS,2026-09-18,104.49,104.49,104.49,104.49,104.49,104.1,100,10000.0,1,,100.0,100.0,new
743GS2076,GS,2026-09-18,98.9,99.24,98.6,99.2,99.2,98.45,23389,2319000.0,31,,22828.0,97.6,new
746GS2073,GS,2026-09-18,102.5,102.5,101.34,101.34,101.34,101.99,3,0.0,3,,2.0,66.67,new
74GS2035,GS,2026-09-18,101.01,102.5,101.0,102.5,102.5,103.4,1300,132000.0,4,,650.0,50.0,new
74GS2062,GS,2026-09-18,99.0,101.5,98.0,98.21,98.4,101.99,2823,279000.0,11,,2823.0,100.0,new
750GS2056,GS,2026-09-18,102.5,102.95,102.5,102.95,102.95,102.95,101,10000.0,2,,101.0,100.0,new
754GS2036,GS,2026-09-18,105.01,105.61,105.01,105.53,105.55,105.3,305760,32242000.0,121,,292217.0,95.57,new
762GS2039,GS,2026-09-18,101.9,102.0,101.9,102.0,102.0,107.25,100,10000.0,2,,50.0,50.0,new
763GS2056,GS,2026-09-18,99.15,100.5,99.15,100.4,100.4,100.15,3109,312000.0,11,,3089.0,99.36,new
771GS2066,GS,2026-09-18,103.0,103.5,102.5,103.49,103.49,103.5,15969,1652000.0,20,,15869.0,99.37,new
772GS2055,GS,2026-09-18,102.31,103.5,102.31,103.5,103.5,102.5,822,85000.0,2,,411.0,50.0,new
795GS2032,GS,2026-09-18,107.8,107.8,107.8,107.8,107.8,105.45,2,0.0,2,,2.0,100.0,new
824GS2027,GS,2026-09-18,102.0,102.0,101.6,101.7,101.7,101.7,3658,372000.0,4,,3658.0,100.0,new
824GS2033,GS,2026-09-18,110.35,110.35,110.35,110.35,110.35,111.35,1,0.0,1,,1.0,100.0,new
83GS2040,GS,2026-09-18,109.5,110.25,108.93,109.75,109.75,110.84,1490,163000.0,8,,790.0,53.02,new
883GS2041,GS,2026-09-18,111.2,111.2,111.2,111.2,111.2,115.25,111,12000.0,1,,111.0,100.0,new
897GS2030,GS,2026-09-18,113.0,113.0,113.0,113.0,113.0,111.6,1,0.0,1,,1.0,100.0,new
92GS2030,GS,2026-09-18,113.99,114.5,113.21,114.25,114.25,114.0,14818,1693000.0,21,,14818.0,100.0,new
A2ZINFRA,EQ,2026-09-18,15.31,15.31,14.87,14.89,14.87,15.01,43624,652000.0,189,,35698.0,81.83,new
AAATECH,EQ,2026-09-18,88.0,88.0,84.05,86.95,87.88,84.57,107337,9276000.0,499,,18640.0,17.37,new
AADHARHFC,EQ,2026-09-18,467.0,470.7,453.7,461.65,460.8,469.35,2175228,1004929000.0000001,35941,,1575505.0,72.43,new
AAKAAR,SM,2026-09-18,63.0,66.15,61.05,64.5,65.0,63.0,28800,1793000.0,8,,25600.0,88.89,new
AAKASH,EQ,2026-09-18,8.92,9.18,8.8,8.88,8.85,8.92,78109,702000.0,284,,46595.0,59.65,new
AARADHYA,ST,2026-09-18,139.0,146.95,139.0,141.0,141.0,140.3,21600,3093000.0,18,,21600.0,100.0,new
AAREYDRUGS,EQ,2026-09-18,103.0,103.5,98.81,102.13,101.0,101.72,289834,29543000.0,1903,,193906.0,66.9,new
AARNAV,BE,2026-09-18,30.5,31.9,30.5,31.2,31.2,31.4,3120,97000.0,39,,,,new
AARON,EQ,2026-09-18,124.42,126.99,115.0,119.92,119.78,124.42,38147,4548000.0,986,,25670.0,67.29,new
AARTECH,BE,2026-09-18,51.45,51.82,49.77,51.33,51.7,51.4,17042,868000.0,89,,,,new
AARTIDRUGS,EQ,2026-09-18,428.35,435.2,426.0,431.8,432.7,428.35,88332,38104000.0,3735,,49145.0,55.64,new
AARTIIND,EQ,2026-09-18,476.65,493.45,476.25,491.15,485.1,476.6,541708,264375000.0,16336,,259120.0,47.83,new
AARTIPHARM,EQ,2026-09-18,827.0,845.7,812.4,820.4,822.05,826.95,1901494,1563253000.0,22382,,1201820.0,63.2,new
AARTISURF,BE,2026-09-18,530.0,545.0,530.0,535.95,538.0,525.45,9675,5227000.0,297,,,,new
AARVI,EQ,2026-09-18,141.9,141.9,138.12,139.95,139.99,140.82,3984,556000.0,115,,2681.0,67.29,new
AASTHA,EQ,2026-09-18,77.99,77.99,74.24,76.25,76.2,76.78,240248,18218000.0,2115,,120330.0,50.09,new
AAVAS,EQ,2026-09-18,1296.0,1304.9,1273.8,1284.6,1300.0,1291.8,164549,212169000.0,12930,,103909.0,63.15,new
ABAN,BE,2026-09-18,14.32,14.6,14.04,14.54,14.5,14.32,11942,172000.0,90,,,,new
ABANSENT,EQ,2026-09-18,26.61,27.46,26.0,26.07,26.07,26.61,7320,194000.0,127,,6442.0,88.01,new
ABB,EQ,2026-09-18,7185.5,7307.0,7151.0,7270.5,7270.5,7130.5,383030,2767162000.0,31908,,220700.0,57.62,new
ABBOTINDIA,EQ,2026-09-18,26035.0,27490.0,26035.0,27270.0,27200.0,25910.0,38339,1038121999.9999999,14454,,25627.0,66.84,new
ABCAPITAL,EQ,2026-09-18,390.5,410.05,390.5,410.05,410.05,390.0,4888619,1971199000.0000002,37728,,3053891.0,62.47,new
ABCOTS,EQ,2026-09-18,221.0,222.01,206.05,209.85,209.0,210.83,219982,47394000.0,613,,135491.0,61.59,new
ABDL,EQ,2026-09-18,649.9,659.55,641.0,647.6,650.0,653.1,437696,284631000.0,20826,,208212.0,47.57,new
ABFRL,EQ,2026-09-18,50.6,50.77,49.8,50.16,50.13,50.45,3238057,162697000.0,16162,,1462637.0,45.17,new
ABGSEC,EQ,2026-09-18,114.2,114.2,113.19,114.2,114.2,113.07,8,1000.0,5,,6.0,75.0,new
ABH,SM,2026-09-18,39.0,43.75,39.0,43.75,43.75,39.8,123600,5220000.0,94,,100800.0,81.55,new
ABHAPOWER,SM,2026-09-18,23.0,24.65,23.0,24.65,24.65,23.7,6400,152000.0,4,,4800.0,75.0,new
ABINFRA,BE,2026-09-18,11.08,11.57,11.0,11.57,11.57,11.02,395493,4534000.0,238,,,,new
ABLBL,EQ,2026-09-18,82.75,82.75,80.81,81.17,81.25,82.41,1106286,90107000.0,10515,,631090.0,57.05,new
ABMINTLLTD,BE,2026-09-18,49.98,49.98,49.98,49.98,49.98,51.0,28,1000.0,2,,,,new
ABMKNO,EQ,2026-09-18,178.0,187.9,170.05,170.5,170.05,174.37,1382,237000.0,75,,1147.0,83.0,new
ABREL,EQ,2026-09-18,1264.0,1279.0,1249.2,1266.2,1276.0,1257.4,171318,216767000.0,16151,,84736.0,49.46,new
ABSL10BANK,EQ,2026-09-18,165.5,166.3,165.0,166.04,166.3,164.39,281,47000.0,9,,262.0,93.24,new
ABSLAMC,EQ,2026-09-18,1083.0,1107.9,1053.4,1060.4,1065.0,1090.1,378189,409841000.0,30534,,236505.0,62.54,new
ABSLBANETF,EQ,2026-09-18,57.65,57.92,57.53,57.72,57.91,57.61,10671,616000.0,148,,4210.0,39.45,new
ABSLLIQUID,EQ,2026-09-18,995.0,1004.94,995.0,1000.0,1000.01,1000.0,8812,8812000.0,56,,8554.0,97.07,new
ABSLMSCIN,EQ,2026-09-18,28.82,28.93,28.68,28.69,28.93,28.72,608,17000.0,11,,513.0,84.38,new
ABSLNN50ET,EQ,2026-09-18,74.81,75.99,73.87,75.87,75.99,74.81,7289,550000.0,187,,5341.0,73.27,new
ABSLPSE,EQ,2026-09-18,10.1,10.1,9.97,10.05,10.08,9.93,46993,471000.0,250,,28297.0,60.22,new
ABSMARINE,SM,2026-09-18,304.6,304.6,275.1,286.2,288.0,304.6,90500,26285000.000000004,160,,67000.0,74.03,new
ACC,EQ,2026-09-18,1236.6,1279.9,1236.6,1259.7,1272.0,1232.5,386560,485296000.0,18583,,246221.0,63.7,new
ACCELYA,EQ,2026-09-18,1131.8,1132.0,1117.0,1123.0,1125.0,1122.0,3559,3993000.0,422,,2619.0,73.59,new
ACCENTMIC,SM,2026-09-18,682.45,698.9,676.55,681.75,677.6,679.05,23000,15693000.0,45,,16500.0,71.74,new
ACCPL,ST,2026-09-18,204.05,210.0,204.05,210.0,210.0,210.85,2400,497000.0,2,,2400.0,100.0,new
ACCURACY,BE,2026-09-18,4.65,4.73,4.54,4.65,4.64,4.65,37927,177000.0,158,,,,new
ACE,EQ,2026-09-18,1212.3,1241.5,1202.0,1229.2,1229.1,1205.6,881443,1080864000.0,53542,,320647.0,36.38,new
ACEINTEG,EQ,2026-09-18,17.8,17.81,17.11,17.37,17.25,18.0,2419,42000.0,117,,1736.0,71.77,new
ACGL,EQ,2026-09-18,1798.0,1836.9,1725.1,1737.2,1750.0,1774.0,1004,1773999.9999999998,215,,484.0,48.21,new
ACI,EQ,2026-09-18,463.65,473.0,458.0,467.15,465.15,462.4,327739,152852000.0,18379,,175051.0,53.41,new
ACL,EQ,2026-09-18,42.8,42.99,41.52,42.66,42.9,41.98,6820,290000.0,340,,4643.0,68.08,new
ACMESOLAR,EQ,2026-09-18,411.5,440.7,411.5,435.25,438.65,411.3,12038412,5200826000.0,140266,,7105260.0,59.02,new
ACSTECH,BE,2026-09-18,64.99,66.15,64.99,66.15,66.15,63.0,430625,28439999.999999996,625,,,,new
ACTIVEINFR,SM,2026-09-18,173.5,186.25,173.5,182.05,182.05,171.0,27600,5005000.0,10,,27600.0,100.0,new
ACUTAAS,EQ,2026-09-18,3334.0,3462.0,3302.5,3440.3,3425.2,3315.1,521496,1772302000.0,57381,,264645.0,50.75,new
ADANIENSOL,EQ,2026-09-18,1380.9,1436.5,1380.9,1436.1,1436.1,1386.8,2145921,3051123000.0,56528,,1136258.0,52.95,new
ADANIENT,EQ,2026-09-18,2933.0,3020.0,2924.6,3020.0,3020.0,2923.2,1628125,4868780000.0,45436,,909369.0,55.85,new
ADANIGREEN,EQ,2026-09-18,1274.2,1337.9,1274.2,1334.5,1334.5,1274.2,2597171,3414211000.0,55633,,926233.0,35.66,new
ADANIPORTS,EQ,2026-09-18,1748.0,1824.0,1744.0,1824.0,1824.0,1738.3,4148803,7413905000.0,70921,,3187106.0,76.82,new
ADANIPOWER,EQ,2026-09-18,206.05,209.6,205.64,206.6,206.6,205.92,18185888,3775944999.9999995,67512,,8102807.0,44.56,new
ADDICTIVE,SM,2026-09-18,43.4,43.4,43.4,43.4,43.4,45.0,500,22000.0,1,,500.0,100.0,new
ADDIND,EQ,2026-09-18,83.0,83.0,82.65,82.65,82.65,78.45,3,0.0,3,,1.0,33.33,new
ADFFOODS,EQ,2026-09-18,265.1,265.9,260.2,261.45,261.2,267.75,88038,23130000.0,2286,,50941.0,57.86,new
ADISOFT,SM,2026-09-18,226.5,234.8,226.5,231.5,232.0,228.85,32000,7423000.0,40,,17600.0,55.0,new
ADL,EQ,2026-09-18,75.4,75.4,70.0,70.06,70.0,72.03,261,18000.0,26,,137.0,52.49,new
ADOR,EQ,2026-09-18,1570.1,1613.0,1568.9,1592.1,1599.9,1564.3,19186,30372000.000000004,2124,,10885.0,56.73,new
ADROITINFO,EQ,2026-09-18,10.82,11.7,10.82,11.14,11.17,11.22,39432,446000.0,366,,28576.0,72.47,new
ADSL,EQ,2026-09-18,96.98,97.46,95.5,96.29,96.38,96.99,57062,5482000.0,1250,,34319.0,60.14,new
ADVAIT,EQ,2026-09-18,2030.0,2030.4,1985.0,2003.6,1996.9,1990.4,19625,39341000.0,3171,,10504.0,53.52,new
ADVANCE,EQ,2026-09-18,112.75,112.75,110.0,110.48,110.25,111.67,87868,9737000.0,1238,,55240.0,62.87,new
ADVANIHOTR,EQ,2026-09-18,48.35,49.34,47.62,47.89,47.85,47.62,13516,652000.0,308,,9336.0,69.07,new
ADVENTHTL,EQ,2026-09-18,128.11,132.9,125.46,129.15,128.3,127.04,174166,22236000.0,2432,,67830.0,38.95,new
ADVENZYMES,EQ,2026-09-18,291.0,291.85,286.45,287.8,289.3,288.1,243137,70156000.0,4048,,149118.0,61.33,new
ADVIKCA,EQ,2026-09-18,0.97,1.0,0.95,0.98,0.98,0.97,216964,211000.0,256,,147982.0,68.21,new
AEGISLOG,EQ,2026-09-18,1362.9,1429.7,1360.0,1415.4,1420.9,1353.8,1333662,1871034999.9999998,52649,,619362.0,46.44,new
AEGISVOPAK,EQ,2026-09-18,313.0,317.0,300.65,314.95,316.0,310.7,2342046,726072000.0,43805,,843380.0,36.01,new
AEPL,EQ,2026-09-18,15.7,16.5,15.7,15.92,15.91,15.78,15668,252000.0,147,,13302.0,84.9,new
AEQUS,EQ,2026-09-18,228.98,233.47,227.0,231.67,230.8,229.33,859211,197693000.0,15225,,422015.0,49.12,new
AEROENTER,EQ,2026-09-18,122.94,126.9,120.9,125.49,125.55,122.94,751302,93097000.0,9087,,290435.0,38.66,new
AEROFLEX,EQ,2026-09-18,510.0,514.0,497.1,510.9,510.95,497.6,890374,451418000.0,23080,,320324.0,35.98,new
AERON,SM,2026-09-18,79.05,80.95,79.05,80.95,80.95,80.0,3000,239000.0,3,,2000.0,66.67,new
AERONEU,EQ,2026-09-18,66.28,68.0,66.28,67.09,66.93,66.61,28643,1921000.0,314,,11695.0,40.83,new
AEROPLANE,EQ,2026-09-18,193.0,203.25,192.12,201.49,202.01,193.7,778122,155809000.0,5213,,457370.0,58.78,new
AETHER,EQ,2026-09-18,1624.3,1651.3,1618.1,1630.0,1625.2,1623.3,94450,154727000.0,16936,,44465.0,47.08,new
AFCONS,EQ,2026-09-18,264.0,264.4,255.8,263.4,262.95,267.3,3352350,873306000.0,51037,,1055025.0,31.47,new
AFFLE,EQ,2026-09-18,1545.6,1623.5,1535.0,1603.5,1587.0,1545.6,434146,688804000.0,28087,,270937.0,62.41,new
AFFORDABLE,EQ,2026-09-18,164.0,175.0,162.93,172.31,173.0,167.31,29285,4966000.0,748,,21774.0,74.35,new
AFIL,EQ,2026-09-18,8.96,8.96,8.34,8.61,8.65,8.37,302606,2572000.0,446,,206700.0,68.31,new
AFSL,EQ,2026-09-18,202.45,202.45,201.0,201.0,201.0,201.0,7974,1603000.0,50,,6727.0,84.36,new
AGARIND,EQ,2026-09-18,407.8,417.9,405.6,412.65,413.5,407.75,17291,7077000.0,1148,,9369.0,54.18,new
AGARWALEYE,EQ,2026-09-18,500.25,503.0,495.2,500.45,502.9,500.15,105331,52554000.0,9809,,60094.0,57.05,new
AGARWALFT,SM,2026-09-18,25.4,26.0,25.4,26.0,26.0,26.7,18000,467000.0,2,,18000.0,100.0,new
AGARWALTUF,SM,2026-09-18,158.0,162.0,155.25,159.45,156.1,159.7,164400,26286000.0,78,,96000.0,58.39,new
AGI,EQ,2026-09-18,740.0,756.0,723.0,745.05,745.0,733.75,155939,115038000.00000001,7688,,63070.0,40.45,new
AGIIL,EQ,2026-09-18,266.15,274.0,266.0,270.45,270.45,266.15,660624,178537000.0,6964,,270957.0,41.02,new
AGL,EQ,2026-09-18,13.94,14.11,13.56,13.8,13.87,13.88,1221013,16834000.0,2944,,594947.0,48.73,new
AGNI,SM,2026-09-18,15.5,15.5,15.25,15.3,15.25,15.5,7500,114999.99999999999,3,,7500.0,100.0,new
AGRITECH,EQ,2026-09-18,97.8,99.48,97.55,98.33,98.5,96.42,1770,174000.0,60,,1515.0,85.59,new
AGROPHOS,EQ,2026-09-18,24.38,24.38,22.51,23.64,23.51,23.44,5479,129000.0,143,,4185.0,76.38,new
AGSTRA,BZ,2026-09-18,1.96,1.98,1.91,1.93,1.95,1.95,89160,173000.0,162,,,,new
AHCL,EQ,2026-09-18,22.68,24.78,22.11,22.9,23.1,21.84,145565213,3429871000.0,576160,,15892901.0,10.92,new
AHLADA,EQ,2026-09-18,38.9,39.64,37.2,37.33,38.39,39.33,8224,310000.0,172,,5838.0,70.99,new
AHLEAST,EQ,2026-09-18,135.12,139.71,132.01,135.59,135.85,134.97,5283,705000.0,52,,4200.0,79.5,new
AHLUCONT,EQ,2026-09-18,568.0,590.0,564.0,584.7,586.15,567.6,63766,36648000.0,4071,,37148.0,58.26,new
AHLWEST,BE,2026-09-18,551.95,551.95,542.3,544.25,544.25,551.95,511,279000.0,13,,,,new
AIAENG,EQ,2026-09-18,3967.5,4039.8,3900.0,3973.3,4000.0,3983.4,75514,298508000.0,18044,,40177.0,53.2,new
AIIL,EQ,2026-09-18,531.95,562.0,527.5,559.0,561.0,527.2,762508,421393000.0,25530,,444779.0,58.33,new
AILIMITED,SM,2026-09-18,17.3,17.3,17.25,17.25,17.25,18.15,6000,104000.0,2,,6000.0,100.0,new
AIMTRON,SM,2026-09-18,1650.0,1675.0,1591.15,1662.25,1667.0,1616.45,42000,68142000.0,193,,29600.0,70.48,new
AIRAN,EQ,2026-09-18,16.59,16.9,16.2,16.69,16.75,16.7,56051,930000.0000000001,512,,37931.0,67.67,new
AIROLAM,EQ,2026-09-18,89.8,92.0,85.5,89.0,89.0,86.15,12571,1125000.0,115,,10475.0,83.33,new
AISL,SM,2026-09-18,54.1,55.0,54.1,55.0,55.0,54.1,1800,98000.0,2,,1800.0,100.0,new
AJANTPHARM,EQ,2026-09-18,3535.0,3630.0,3531.5,3563.6,3568.0,3500.5,201322,719782000.0,37503,,120230.0,59.72,new
AJAXENGG,EQ,2026-09-18,563.0,570.2,554.0,559.75,559.0,566.6,86718,48716000.0,10311,,61864.0,71.34,new
AJMERA,EQ,2026-09-18,114.37,116.9,112.73,115.6,115.5,113.8,307767,35312000.0,3728,,166001.0,53.94,new
AJOONI,EQ,2026-09-18,3.24,3.39,3.24,3.28,3.31,3.27,714622,2368000.0,638,,502383.0,70.3,new
AKANKSHA,SM,2026-09-18,138.9,139.65,133.05,139.65,139.65,133.0,75000,10382000.0,71,,60000.0,80.0,new
AKASH,EQ,2026-09-18,24.7,24.72,24.27,24.29,24.29,24.26,2440,60000.0,28,,1787.0,73.24,new
AKCAPIT,EQ,2026-09-18,1731.4,1755.0,1701.3,1746.4,1745.0,1748.4,1185,2059000.0,185,,958.0,80.84,new
AKG,EQ,2026-09-18,10.48,10.68,10.02,10.37,10.26,10.32,8242,85000.0,66,,7651.0,92.83,new
AKI,BE,2026-09-18,6.11,6.11,6.11,6.11,6.11,5.82,43619,267000.0,69,,,,new
AKIKO,SM,2026-09-18,410.0,420.45,409.1,416.1,416.1,421.05,16000,6620000.0,19,,11200.0,70.0,new
AKSHAR,EQ,2026-09-18,0.42,0.42,0.41,0.41,0.42,0.41,990838,413000.0,202,,783461.0,79.07,new
AKSHARCHEM,BE,2026-09-18,373.5,392.15,373.5,392.15,392.15,373.5,5797,2250000.0,101,,,,new
AKSHOPTFBR,BE,2026-09-18,8.0,8.34,7.72,7.84,7.8,8.02,346118,2784000.0,555,,,,new
AKUMS,EQ,2026-09-18,767.1,790.0,767.1,783.7,779.05,766.7,330477,257385000.0,24523,,203792.0,61.67,new
ALANKIT,EQ,2026-09-18,7.95,7.95,7.6,7.74,7.78,7.67,109982,852000.0,391,,83986.0,76.36,new
ALBERTDAVD,EQ,2026-09-18,835.15,841.45,831.0,833.6,831.1,838.45,1809,1510000.0,148,,1238.0,68.44,new
ALCODIS,SM,2026-09-18,66.3,66.3,62.6,65.0,65.0,66.9,4375,282000.0,7,,3750.0,85.71,new
ALEMBICLTD,EQ,2026-09-18,102.1,106.0,102.1,102.63,102.73,102.72,829029,85792000.0,7966,,488620.0,58.94,new
ALFREDHE,EQ,2026-09-18,2830.0,2830.0,2815.0,2830.0,2830.0,2820.0,52,147000.0,11,,52.0,100.0,new
ALGOQUANT,EQ,2026-09-18,70.84,76.2,70.13,72.27,72.67,70.13,3786684,277455000.0,20834,,847958.0,22.39,new
ALICON,EQ,2026-09-18,710.0,735.0,687.4,729.35,726.0,695.15,33801,24147000.0,2636,,17187.0,50.85,new
ALIVUS,EQ,2026-09-18,1395.1,1443.0,1387.0,1430.8,1429.8,1387.8,304330,433172999.99999994,22186,,195156.0,64.13,new
ALKALI,EQ,2026-09-18,73.06,87.66,72.05,87.66,87.66,73.05,133798,11265000.0,2217,,56778.0,42.44,new
ALKEM,EQ,2026-09-18,5378.5,5466.5,5310.5,5466.5,5466.5,5348.5,320770,1721165000.0000002,21119,,244775.0,76.31,new
ALKYLAMINE,EQ,2026-09-18,1846.5,1878.0,1838.9,1863.0,1878.0,1843.8,55371,102931000.0,6365,,33269.0,60.08,new
ALLCARGO,EQ,2026-09-18,11.0,11.32,10.84,11.11,11.12,11.03,7521321,83112000.0,8263,,3023928.0,40.2,new
ALLDIGI,EQ,2026-09-18,788.5,805.65,767.5,776.3,773.15,784.55,12122,9431000.0,802,,8644.0,71.31,new
ALLETEC,SM,2026-09-18,122.25,124.9,121.9,124.05,124.05,125.55,18800,2312000.0,40,,14800.0,78.72,new
ALLTIME,EQ,2026-09-18,207.94,218.0,207.0,208.4,207.51,208.01,65171,13694000.0,2019,,31075.0,47.68,new
ALMONDZ,EQ,2026-09-18,19.24,19.24,17.92,18.52,18.87,18.41,264761,4907000.0,837,,167615.0,63.31,new
ALOKINDS,EQ,2026-09-18,7.05,7.15,6.98,7.05,7.07,7.05,21523794,152175000.0,13334,,10337255.0,48.03,new
ALPA,EQ,2026-09-18,60.85,60.85,58.51,59.35,60.35,59.64,17399,1031000.0,211,,15424.0,88.65,new
ALPEXSOLAR,SM,2026-09-18,912.0,921.0,904.0,916.65,913.0,911.6,32500,29727999.999999996,224,,23700.0,72.92,new
ALPHA,EQ,2026-09-18,54.18,54.18,52.86,53.72,53.79,52.86,2753171,147555000.0,3802,,2275356.0,82.64,new
ALPHAETF,EQ,2026-09-18,26.2,26.46,26.16,26.33,26.39,26.02,696150,18329000.0,603,,635878.0,91.34,new
ALPHAGEO,BE,2026-09-18,306.95,306.95,290.0,292.1,292.5,294.95,4155,1224000.0,130,,,,new
ALPINETEX,EQ,2026-09-18,52.05,54.0,52.05,52.66,52.12,52.9,133099,7053000.0,2003,,70508.0,52.97,new
ALPL30IETF,EQ,2026-09-18,27.01,27.19,26.98,27.04,27.19,27.01,241054,6523000.0,724,,95929.0,39.8,new
ALUFLUOR,EQ,2026-09-18,494.85,542.5,494.85,537.15,538.0,492.2,28768,15215000.0,1472,,19559.0,67.99,new
ALUWIND,SM,2026-09-18,49.95,51.05,49.5,49.85,49.85,49.2,16500,831000.0,11,,13500.0,81.82,new
AMAGI,EQ,2026-09-18,574.35,575.45,559.2,569.5,571.0,574.35,232661,131942000.0,9301,,113533.0,48.8,new
AMAL,EQ,2026-09-18,735.0,749.0,707.0,722.4,716.0,723.0,25482,18388000.0,1278,,18079.0,70.95,new
AMANTA,BE,2026-09-18,189.0,189.95,186.16,189.95,189.95,189.95,51926,9829000.0,160,,,,new
AMARJOTHI,EQ,2026-09-18,148.95,149.95,146.0,147.07,148.84,148.88,1260,184000.0,38,,1106.0,87.78,new
AMBAAUTO,SM,2026-09-18,98.0,98.0,96.0,96.0,96.0,98.35,3000,291000.0,3,,3000.0,100.0,new
AMBALALSA,BE,2026-09-18,41.48,41.48,39.22,39.97,39.6,41.28,84610,3360000.0,174,,,,new
AMBER,EQ,2026-09-18,7080.5,7164.5,7075.0,7125.0,7125.0,7046.0,75972,541618000.0,14601,,30421.0,40.04,new
AMBICAAGAR,EQ,2026-09-18,25.14,25.62,24.7,24.89,24.8,25.14,5850,146000.0,58,,4237.0,72.43,new
AMBIKCO,EQ,2026-09-18,1585.0,1609.0,1570.0,1602.0,1604.0,1568.8,8106,12916000.0,1421,,5266.0,64.96,new
AMBUJACEM,EQ,2026-09-18,384.55,396.0,383.9,388.3,388.3,383.25,2583375,1008008000.0,29542,,1292295.0,50.02,new
AMCL,SM,2026-09-18,395.0,443.0,380.0,384.4,380.0,380.0,36000,14250000.0,79,,28400.0,78.89,new
AMDIND,BE,2026-09-18,66.0,66.0,63.26,63.26,63.26,66.58,18035,1144000.0,126,,,,new
AMEYA,SM,2026-09-18,135.8,142.55,135.8,142.55,142.55,135.8,20000,2804000.0,17,,19000.0,95.0,new
AMJLAND,EQ,2026-09-18,36.44,37.69,36.3,37.18,37.29,36.48,691,26000.0,47,,449.0,64.98,new
AMNPLST,EQ,2026-09-18,164.95,190.0,164.95,171.51,170.99,163.0,9478,1655999.9999999998,643,,4303.0,45.4,new
AMRUTANJAN,EQ,2026-09-18,490.25,497.0,489.35,493.8,495.0,491.0,19221,9482000.0,1254,,10127.0,52.69,new
ANANDRATHI,EQ,2026-09-18,2201.1,2268.4,2201.1,2229.4,2225.0,2207.4,880377,1969331000.0000002,65784,,483335.0,54.9,new
ANANTAM,IV,2026-09-18,107.5,107.5,106.07,106.44,106.49,106.49,24430,2602000.0,58,,23895.0,97.81,new
ANANTRAJ,EQ,2026-09-18,595.0,607.5,595.0,606.15,606.0,596.9,1464027,881961000.0,23819,,470351.0,32.13,new
ANAWIL,SM,2026-09-18,430.0,450.0,430.0,445.4,445.1,430.4,158800,70547000.0,328,,116400.0,73.3,new
ANDHRAPAP,EQ,2026-09-18,71.6,74.99,71.38,74.62,74.48,71.88,950746,70129000.0,10316,,354227.0,37.26,new
ANDHRSUGAR,EQ,2026-09-18,93.59,94.53,91.75,94.1,94.04,93.59,257513,23951000.0,9304,,106593.0,41.39,new
ANDREWYU,EQ,2026-09-18,25.98,26.66,25.75,26.27,26.01,26.08,49555,1304000.0,410,,38816.0,78.33,new
ANGELONE,EQ,2026-09-18,295.0,301.75,295.0,299.1,299.1,295.0,3531096,1058091000.0,31620,,1453492.0,41.16,new
ANIKINDS,EQ,2026-09-18,42.25,44.98,42.25,44.59,44.59,44.1,6672,296000.0,54,,6160.0,92.33,new
ANKITMETAL,BZ,2026-09-18,1.73,1.73,1.73,1.73,1.73,1.7,6003,10000.0,9,,,,new
ANLON,SM,2026-09-18,717.0,763.9,714.0,742.2,736.0,696.9,21600,16025000.0,50,,18000.0,83.33,new
ANMOL,BE,2026-09-18,14.77,15.1,14.04,14.23,14.49,14.77,67425,976000.0,171,,,,new
ANNAPURNA,EQ,2026-09-18,137.65,138.06,130.0,132.55,132.0,136.08,45381,6028000.0,1062,,28244.0,62.24,new
ANNU,EQ,2026-09-18,49.05,52.4,49.05,50.46,50.5,49.28,1339255,68291000.0,11172,,452460.0,33.78,new
ANONDITA,SM,2026-09-18,1125.0,1125.05,1082.0,1090.55,1096.0,1124.0,82200,91333000.0,274,,60000.0,72.99,new
ANSALAPI,BZ,2026-09-18,3.59,3.59,3.55,3.59,3.59,3.52,18299,66000.0,19,,,,new
ANSALBU,EQ,2026-09-18,82.99,82.99,78.0,78.97,82.9,83.0,110,9000.0,5,,95.0,86.36,new
ANTELOPUS,EQ,2026-09-18,1131.55,1142.15,1090.25,1104.85,1112.0,1130.85,555265,614362000.0,26445,,98189.0,17.68,new
ANTGRAPHIC,EQ,2026-09-18,0.72,0.74,0.7,0.71,0.71,0.71,304156,217000.0,184,,228205.0,75.03,new
ANTHEM,EQ,2026-09-18,934.0,952.9,916.55,928.5,941.0,927.4,5490000,5098565000.0,75546,,3815599.0,69.5,new
ANUHPHR,EQ,2026-09-18,94.14,95.07,92.0,93.48,93.0,93.68,95805,8938000.0,2405,,52837.0,55.15,new
ANUP,EQ,2026-09-18,1646.6,1683.0,1613.7,1638.3,1637.5,1646.6,35387,58391999.99999999,3993,,21308.0,60.21,new
ANURAS,EQ,2026-09-18,1179.1,1219.0,1179.1,1207.7,1208.0,1181.3,465185,559773000.0,14336,,235302.0,50.58,new
ANYA,SM,2026-09-18,15.0,18.3,15.0,17.85,18.3,15.25,155000,2580000.0,27,,140000.0,90.32,new
AONEGOLD,EQ,2026-09-18,14.28,14.33,14.15,14.3,14.27,14.04,691851,9885000.0,1765,,431324.0,62.34,new
AONELIQUID,EQ,2026-09-18,1077.55,1077.59,1077.55,1077.58,1077.57,1077.17,55374,59670000.00000001,73,,49580.0,89.54,new
AONENIFTY,EQ,2026-09-18,9.38,9.82,9.38,9.65,9.66,9.63,163521,1577000.0,1002,,101954.0,62.35,new
AONESILVER,EQ,2026-09-18,8.95,8.99,8.79,8.96,8.97,8.66,807684,7181999.999999999,1222,,517234.0,64.04,new
AONETMMQ50,EQ,2026-09-18,9.92,10.24,9.92,10.19,10.15,10.12,109369,1114000.0,264,,90966.0,83.17,new
AONETOTAL,EQ,2026-09-18,11.39,11.83,11.39,11.68,11.65,11.62,71974,839000.0,823,,50863.0,70.67,new
APARINDS,EQ,2026-09-18,17800.0,19080.0,17745.0,18858.0,18791.0,17801.0,271798,5027848000.0,72422,,119345.0,43.91,new
APCL,EQ,2026-09-18,99.5,99.5,96.94,97.85,98.0,96.37,14530,1428000.0,112,,12638.0,86.98,new
APCOTEXIND,EQ,2026-09-18,598.4,612.85,596.1,604.85,609.0,599.4,77596,47079000.0,4293,,40832.0,52.62,new
APEX,EQ,2026-09-18,351.2,354.1,342.0,345.35,345.75,350.95,103075,35647000.0,4301,,43012.0,41.73,new
APEXECO,ST,2026-09-18,257.0,262.5,252.5,262.5,262.5,250.0,17600,4589000.0,20,,17600.0,100.0,new
APLAPOLLO,EQ,2026-09-18,2154.9,2270.1,2146.3,2270.1,2270.1,2148.5,1115754,2462756000.0,40097,,720174.0,64.55,new
APLLTD,EQ,2026-09-18,828.0,860.0,828.0,845.75,845.0,826.0,634938,538703000.0,36030,,277683.0,43.73,new
APOLLO,EQ,2026-09-18,380.2,391.8,368.5,370.7,370.7,378.25,9146349,3468387000.0000005,91156,,3142423.0,34.36,new
APOLLOHOSP,EQ,2026-09-18,8800.0,8944.5,8798.0,8944.5,8944.5,8768.5,344265,3050091000.0,32846,,260438.0,75.65,new
APOLLOPIPE,EQ,2026-09-18,525.05,549.5,522.35,543.6,541.0,525.85,313076,167267000.0,7727,,153362.0,48.99,new
APOLLOTYRE,EQ,2026-09-18,414.75,418.75,407.9,409.3,408.15,412.15,2365364,969543000.0,46689,,1322825.0,55.92,new
APOLSINHOT,EQ,2026-09-18,1212.1,1240.0,1211.0,1214.9,1213.1,1211.1,374,455000.0,46,,273.0,72.99,new
APOORVA,EQ,2026-09-18,31.2,31.2,29.0,31.05,31.1,29.75,1516,47000.0,41,,1385.0,91.36,new
APRAMEYA,SM,2026-09-18,113.95,113.95,113.95,113.95,113.95,113.45,500,56999.99999999999,1,,500.0,100.0,new
APS,SM,2026-09-18,225.1,234.6,225.1,230.5,230.5,230.05,10250,2375000.0,34,,7250.0,70.73,new
APSISAERO,ST,2026-09-18,564.85,564.85,564.85,564.85,564.85,576.35,13200,7456000.0,9,,13200.0,100.0,new
APTECHT,BE,2026-09-18,87.67,92.05,87.01,92.05,92.05,87.67,85360,7752000.0,536,,,,new
APTUS,EQ,2026-09-18,239.2,243.6,233.12,237.68,236.69,239.16,3101354,734941000.0,38600,,1964928.0,63.36,new
AQYLON,EQ,2026-09-18,19.18,19.18,17.94,17.98,18.07,18.88,38267346,688049000.0,2528,,19975155.0,52.2,new
ARABIAN,SM,2026-09-18,85.0,89.5,85.0,85.5,85.5,82.0,6000,520000.0,3,,6000.0,100.0,new
ARCHIDPLY,EQ,2026-09-18,102.24,105.5,102.21,104.8,105.0,101.48,14610,1528000.0,243,,13140.0,89.94,new
ARCHIES,EQ,2026-09-18,12.4,12.4,12.01,12.29,12.21,12.25,10999,135000.0,138,,8041.0,73.11,new
ARCIIL,SM,2026-09-18,34.95,36.75,34.5,34.5,34.5,34.95,8000,280000.0,5,,7000.0,87.5,new
ARCIL,EQ,2026-09-18,135.55,138.7,124.5,136.37,136.0,137.02,6345147,844756000.0,76369,,2521140.0,39.73,new
ARCL,EQ,2026-09-18,260.46,272.98,250.0,262.0,262.0,260.57,3408,877000.0,70,,2076.0,60.92,new
ARDEE,EQ,2026-09-18,49.0,49.52,48.36,49.28,49.1,48.97,1819919,89188000.0,8273,,690004.0,37.91,new
ARE&M,EQ,2026-09-18,795.3,804.9,790.3,796.0,796.0,795.3,760908,606933000.0,41968,,438057.0,57.57,new
ARENTERP,EQ,2026-09-18,35.3,35.3,33.02,33.02,33.02,34.2,287,10000.0,24,,242.0,84.32,new
ARFIN,EQ,2026-09-18,87.91,94.23,87.88,89.62,89.5,87.88,2628465,240908000.0,16915,,932184.0,35.46,new
ARHAM,SM,2026-09-18,206.05,209.95,205.55,208.0,207.0,209.35,11000,2279000.0,11,,7000.0,63.64,new
ARIES,BE,2026-09-18,471.65,488.05,465.15,472.05,473.5,477.6,7855,3743000.0,171,,,,new
ARIHANT,EQ,2026-09-18,900.0,947.4,900.0,936.35,903.1,896.7,2240,2075000.0,434,,884.0,39.46,new
ARIHANTACA,SM,2026-09-18,500.0,500.0,500.0,500.0,500.0,500.0,3200,1600000.0,5,,3200.0,100.0,new
ARIHANTCAP,EQ,2026-09-18,80.71,81.99,79.31,80.29,80.6,81.21,109582,8780000.0,1386,,57816.0,52.76,new
ARIHANTSUP,EQ,2026-09-18,231.0,231.0,222.0,227.2,229.8,228.95,4595,1036000.0,113,,3510.0,76.39,new
ARIS,EQ,2026-09-18,129.6,136.5,129.1,133.33,133.3,127.27,3619098,485959000.0,28219,,1276876.0,35.28,new
ARKADE,EQ,2026-09-18,117.0,122.0,117.0,118.85,118.5,117.22,162908,19420000.0,2479,,55304.0,33.95,new
ARMANFIN,EQ,2026-09-18,1939.7,1976.0,1938.9,1961.0,1960.0,1956.4,11273,22110000.0,2414,,5792.0,51.38,new
ARMOUR,ST,2026-09-18,16.2,16.2,15.8,15.85,15.85,16.6,16000,254999.99999999997,8,,12000.0,75.0,new
AROGRANITE,EQ,2026-09-18,23.22,23.69,23.15,23.15,23.15,23.1,673,16000.0,18,,662.0,98.37,new
ARROWGREEN,EQ,2026-09-18,899.0,924.0,877.9,889.25,887.0,902.5,50512,45493000.0,3043,,29447.0,58.3,new
ARSHIYA,BZ,2026-09-18,0.74,0.74,0.71,0.71,0.72,0.74,315671,224000.00000000003,97,,,,new
ARSSBL,EQ,2026-09-18,503.6,503.6,497.95,502.05,502.0,500.55,65352,32738000.0,2332,,38645.0,59.13,new
ARTEMISMED,EQ,2026-09-18,334.15,344.95,332.5,338.5,338.6,330.85,335686,114158999.99999999,11217,,145968.0,43.48,new
ARTNIRMAN,EQ,2026-09-18,40.78,40.78,39.0,39.0,39.0,40.57,14,1000.0,5,,9.0,64.29,new
ARVEE,EQ,2026-09-18,168.1,176.5,168.1,174.06,173.42,172.08,791,138000.0,28,,609.0,76.99,new
ARVIND,EQ,2026-09-18,543.2,554.8,542.4,552.6,548.35,541.6,627060,344876000.0,24969,,304338.0,48.53,new
ARVINDFASN,EQ,2026-09-18,429.0,433.35,422.0,428.1,430.3,425.05,132261,56567999.99999999,8713,,62450.0,47.22,new
ARVINDPORT,SM,2026-09-18,37.8,37.8,36.4,37.0,36.5,39.6,12000,445000.0,8,,9000.0,75.0,new
ARVSMART,EQ,2026-09-18,553.45,562.8,540.35,550.1,560.0,553.45,118593,65341000.0,3688,,56252.0,47.43,new
ARYAMAN,EQ,2026-09-18,634.0,634.0,625.0,629.25,633.5,610.0,138,87000.0,78,,138.0,100.0,new
ASAHIINDIA,EQ,2026-09-18,950.7,968.0,950.7,961.05,960.0,950.7,98471,94605000.0,10504,,45202.0,45.9,new
ASAHISONG,BE,2026-09-18,365.3,380.0,362.05,372.8,373.0,365.15,9338,3492000.0,187,,,,new
ASAL,EQ,2026-09-18,446.8,452.5,444.6,449.7,447.5,445.85,7762,3477000.0000000005,335,,4616.0,59.47,new
ASALCBR,EQ,2026-09-18,658.05,666.0,649.05,659.55,656.0,656.95,20148,13200000.0,2443,,12149.0,60.3,new
ASHAPURMIN,EQ,2026-09-18,522.0,527.25,517.0,525.35,525.0,517.6,170804,89364000.0,6928,,74927.0,43.87,new
ASHIANA,EQ,2026-09-18,351.0,366.7,350.0,354.75,357.3,351.45,53770,19223000.0,1228,,36000.0,66.95,new
ASHIKAG,BE,2026-09-18,409.7,418.0,401.15,409.65,402.0,408.3,12384,5028000.0,139,,,,new
ASHIMASYN,EQ,2026-09-18,16.25,16.4,15.4,15.65,15.57,16.12,194419,3060000.0,646,,156308.0,80.4,new
ASHOKA,EQ,2026-09-18,108.8,114.54,108.2,113.43,114.35,108.8,780308,87375000.0,7885,,310827.0,39.83,new
ASHOKAMET,EQ,2026-09-18,14.81,15.25,14.54,15.1,15.1,14.6,58651,878999.9999999999,400,,34236.0,58.37,new
ASHOKLEY,EQ,2026-09-18,159.1,163.12,158.51,163.0,163.0,158.62,17546400,2843600000.0,56501,,12077095.0,68.83,new
ASHUTOSH,ST,2026-09-18,146.7,156.0,146.7,156.0,156.0,148.6,160800,24907000.0,120,,150000.0,93.28,new
ASHWINI,SM,2026-09-18,167.5,168.0,162.0,163.6,162.5,167.5,7000,1154000.0,7,,6000.0,85.71,new
ASIANENE,EQ,2026-09-18,490.1,502.0,478.5,492.25,490.1,486.2,232493,113794000.0,9260,,102285.0,43.99,new
ASIANHOTNR,EQ,2026-09-18,376.9,385.0,371.0,374.9,375.0,375.8,25728,9672000.0,434,,22700.0,88.23,new
ASIANPAINT,EQ,2026-09-18,2455.7,2474.0,2438.0,2451.3,2451.3,2454.0,1000730,2454984000.0,50142,,683121.0,68.26,new
ASIANTILES,EQ,2026-09-18,49.97,51.29,49.21,50.65,50.8,49.97,2493341,125286999.99999999,7043,,1130035.0,45.32,new
ASIANTNE,EQ,2026-09-18,9.53,9.78,9.2,9.28,9.28,9.34,8933,83000.0,52,,8149.0,91.22,new
ASKAUTOLTD,EQ,2026-09-18,620.0,659.8,620.0,656.25,657.0,618.9,515555,333598000.0,26418,,219318.0,42.54,new
ASMS,BE,2026-09-18,6.79,6.8,6.62,6.66,6.69,6.7,166356,1112000.0,295,,,,new
ASPINWALL,EQ,2026-09-18,253.5,255.0,250.1,251.55,251.55,255.0,636,160000.0,29,,513.0,80.66,new
ASPIRE,SM,2026-09-18,12.45,12.45,12.45,12.45,12.45,12.45,2000,25000.0,1,,2000.0,100.0,new
ASSAMENT,EQ,2026-09-18,780.0,780.0,780.0,780.0,780.0,780.0,1,1000.0,1,,1.0,100.0,new
ASTAR,EQ,2026-09-18,807.3,807.35,760.35,807.35,807.35,672.8,13851,11126000.0,699,,3632.0,26.22,new
ASTEC,EQ,2026-09-18,760.0,767.6,717.45,726.7,720.5,755.15,101375,74085000.0,5696,,24172.0,23.84,new
ASTERDM,EQ,2026-09-18,761.1,769.6,747.0,755.05,753.2,760.65,1616337,1222871000.0,29348,,1001132.0,61.94,new
ASTRAL,EQ,2026-09-18,1400.0,1427.7,1397.5,1427.7,1427.7,1398.9,1389183,1960853000.0,46516,,910419.0,65.54,new
ASTRAMICRO,EQ,2026-09-18,1611.0,1650.6,1611.0,1631.2,1641.0,1607.8,199551,324690000.0,17381,,104900.0,52.57,new
ASTRAZEN,EQ,2026-09-18,6678.0,6769.0,6678.0,6751.5,6720.0,6669.0,4635,31227999.999999996,1152,,2808.0,60.58,new
ASTRON,BZ,2026-09-18,2.99,3.0,2.89,2.96,2.98,2.97,6523,19000.0,33,,,,new
ATALREAL,EQ,2026-09-18,14.29,16.02,14.29,14.36,14.29,15.87,18623657,277012000.0,25139,,3568448.0,19.16,new
ATAM,EQ,2026-09-18,60.0,60.0,56.2,57.58,57.02,59.29,15055,869000.0,366,,10695.0,71.04,new
ATCENERGY,ST,2026-09-18,20.75,21.5,20.65,21.5,21.5,21.0,8400,177000.0,5,,8400.0,100.0,new
ATGL,EQ,2026-09-18,587.4,674.8,587.4,660.7,657.6,587.0,39305845,25651252000.0,586365,,2190454.0,5.57,new
ATHERENERG,EQ,2026-09-18,1550.0,1640.0,1548.1,1640.0,1640.0,1550.0,5010015,8030180000.0,101482,,2198996.0,43.89,new
ATL,EQ,2026-09-18,24.21,24.81,24.2,24.24,24.26,24.5,95340,2331000.0,812,,56185.0,58.93,new
ATLANTAA,EQ,2026-09-18,36.21,37.6,35.4,36.04,35.92,36.21,24208,875000.0,846,,19626.0,81.07,new
ATLANTAELE,EQ,2026-09-18,1641.8,1699.9,1637.9,1666.1,1677.0,1633.3,104958,174987000.0,12187,,49446.0,47.11,new
ATLASCYCLE,EQ,2026-09-18,89.05,89.14,87.6,88.19,88.8,89.76,16554,1462000.0,1075,,12364.0,74.69,new
ATLPP,E1,2026-09-18,8.91,9.45,8.8,9.06,8.84,8.95,1412,13000.0,18,,1400.0,99.15,new
ATMASTCO,SM,2026-09-18,130.0,131.9,128.0,128.35,128.0,128.5,7600,989000.0,15,,7600.0,100.0,new
ATUL,EQ,2026-09-18,6133.5,6201.0,6110.5,6170.5,6146.0,6133.5,21266,131022000.0,4263,,12884.0,60.58,new
ATULAUTO,EQ,2026-09-18,441.65,453.0,441.65,446.45,447.5,441.4,52416,23386000.0,2887,,19571.0,37.34,new
AUBANK,EQ,2026-09-18,1040.5,1058.6,1033.3,1058.6,1058.6,1039.3,1251837,1306893000.0,28229,,811439.0,64.82,new
AUGMONT,EQ,2026-09-18,815.0,884.0,813.0,874.35,875.0,811.1,898791,771656000.0,33798,,297171.0,33.06,new
AURIONPRO,EQ,2026-09-18,702.0,704.4,680.7,685.6,688.0,705.0,183275,126293000.0,9511,,99283.0,54.17,new
AUROIMPEX,SM,2026-09-18,33.75,33.75,33.75,33.75,33.75,32.15,8000,270000.0,5,,8000.0,100.0,new
AUROPHARMA,EQ,2026-09-18,1683.2,1734.0,1676.1,1734.0,1734.0,1690.0,1209478,2053086000.0,30644,,678997.0,56.14,new
AURUM,EQ,2026-09-18,222.5,222.5,218.47,219.78,221.0,221.11,149650,32912000.0,1180,,128769.0,86.05,new
AURUS,EQ,2026-09-18,4.72,4.96,4.72,4.87,4.78,4.72,15310,75000.0,70,,11256.0,73.52,new
AUSL,SM,2026-09-18,23.05,23.05,22.2,22.2,22.2,23.05,4000,91000.0,2,,4000.0,100.0,new
AUSOMENT,EQ,2026-09-18,148.11,154.0,146.95,152.15,148.19,149.23,9808,1482000.0,161,,5954.0,60.71,new
AUSTENG,EQ,2026-09-18,130.0,137.0,130.0,131.41,131.6,127.71,2596,343000.0,105,,1463.0,56.36,new
AUTOAXLES,EQ,2026-09-18,1687.3,1712.9,1661.4,1701.2,1705.0,1679.4,4894,8294000.0,515,,2292.0,46.83,new
AUTOBEES,EQ,2026-09-18,282.41,283.66,281.55,282.71,282.78,282.4,85935,24268000.0,1665,,40128.0,46.7,new
AUTOIETF,EQ,2026-09-18,28.3,28.4,28.22,28.35,28.36,28.3,993774,28133000.0,1483,,591642.0,59.53,new
AUTOIND,EQ,2026-09-18,79.4,79.41,77.37,78.34,78.1,78.1,88494,6936000.0,1090,,58747.0,66.39,new
AVADHSUGAR,EQ,2026-09-18,721.0,739.6,708.0,730.45,735.95,721.0,74170,53523000.0,3919,,31599.0,42.6,new
AVALON,EQ,2026-09-18,2236.2,2618.0,2218.3,2537.7,2602.0,2230.0,4310981,10671811000.0,245026,,1369122.0,31.76,new
AVANA,ST,2026-09-18,140.0,140.0,139.0,140.0,140.0,137.0,10000,1398000.0,5,,10000.0,100.0,new
AVANCE,EQ,2026-09-18,0.78,0.83,0.77,0.8,0.81,0.78,2535570,2032000.0,1469,,1533767.0,60.49,new
AVANTEL,EQ,2026-09-18,146.37,148.53,146.3,147.23,147.6,146.37,619077,91193000.0,8865,,251485.0,40.62,new
AVANTIFEED,EQ,2026-09-18,772.0,778.35,754.0,774.45,773.0,770.85,318512,244346000.0,21382,,143395.0,45.02,new
AVATAR,ST,2026-09-18,207.55,229.35,207.55,208.15,207.55,218.45,26000,5487000.0,13,,24000.0,92.31,new
AVG,BE,2026-09-18,170.5,173.9,168.3,170.11,170.0,170.5,2793,480000.0,49,,,,new
AVIANSH,SM,2026-09-18,103.0,103.0,103.0,103.0,103.0,102.5,1000,103000.0,1,,1000.0,100.0,new
AVIENCE,SM,2026-09-18,334.0,343.0,331.5,342.4,343.0,334.8,13800,4668000.0,21,,8400.0,60.87,new
AVL,EQ,2026-09-18,638.0,642.0,630.6,636.95,639.95,633.25,147990,94202000.0,9352,,65121.0,44.0,new
AVONMORE,EQ,2026-09-18,12.2,12.5,12.09,12.46,12.35,12.02,98361,1210000.0,1100,,45032.0,45.78,new
AVPINFRA,SM,2026-09-18,60.0,60.0,57.25,57.5,57.35,57.8,13600,788000.0,15,,12800.0,94.12,new
AVROIND,EQ,2026-09-18,7.9,8.1,7.66,7.94,7.96,7.84,153863,1212000.0,519,,112636.0,73.21,new
AVTNPL,EQ,2026-09-18,85.5,86.78,85.5,85.7,85.99,85.45,59925,5152000.0,927,,34195.0,57.06,new
AWFIS,EQ,2026-09-18,264.7,279.0,263.5,275.75,277.5,264.7,539359,146273000.0,11735,,246254.0,45.66,new
AWHCL,EQ,2026-09-18,385.0,385.3,362.3,364.9,366.0,379.6,403982,149495000.0,17820,,91625.0,22.68,new
AWL,EQ,2026-09-18,184.04,187.55,183.49,186.98,187.05,184.04,2593357,483176000.0,23194,,1552856.0,59.88,new
AXISBANK,EQ,2026-09-18,1244.0,1257.0,1240.5,1257.0,1257.0,1240.0,5693016,7113514000.0,106154,,4627220.0,81.28,new
AXISCADES,EQ,2026-09-18,1872.0,1879.0,1785.7,1811.2,1807.0,1852.3,286095,525651000.0,21747,,126312.0,44.15,new
AXITA,EQ,2026-09-18,8.02,8.02,7.96,7.99,8.01,7.99,327258,2617000.0,569,,154753.0,47.29,new
AXTEL,EQ,2026-09-18,444.25,444.25,431.5,440.05,440.0,443.65,7910,3481000.0,190,,6831.0,86.36,new
AYE,EQ,2026-09-18,181.64,188.52,180.0,185.72,186.15,180.98,854592,158587000.0,19876,,392060.0,45.88,new
AYMSYNTEX,EQ,2026-09-18,280.05,286.8,278.4,283.15,279.9,281.95,33688,9491000.0,1233,,21116.0,62.68,new
AZAD,EQ,2026-09-18,2605.3,2816.0,2605.3,2790.3,2777.0,2605.3,700873,1924649000.0000002,51866,,283096.0,40.39,new
AZADIND,EQ,2026-09-18,85.04,88.49,80.34,82.18,82.54,85.07,36707,3119000.0,708,,5870.0,15.99,new
BABAFP,SM,2026-09-18,22.75,23.1,22.75,23.1,23.1,23.95,3200,73000.0,2,,3200.0,100.0,new
BAFNAPH,BE,2026-09-18,317.2,317.2,317.2,317.2,317.2,311.0,6714,2130000.0,19,,,,new
BAGFILMS,EQ,2026-09-18,4.4,4.56,4.3,4.35,4.43,4.32,58850,258000.0,129,,30409.0,51.67,new
BAGMANE,RR,2026-09-18,110.29,110.69,106.98,107.49,108.3,109.89,5292708,571228000.0,21568,,3587052.0,67.77,new
BAHETI,SM,2026-09-18,750.0,783.0,750.0,776.1,773.25,743.8,22500,17139000.0,47,,15000.0,66.67,new
BAIDFIN,EQ,2026-09-18,10.69,11.43,10.45,10.89,10.86,10.55,238710,2635000.0,823,,85580.0,35.85,new
BAJAJ-AUTO,EQ,2026-09-18,11501.0,11540.0,11406.0,11414.0,11414.0,11500.0,296757,3397066000.0000005,32564,,221542.0,74.65,new
BAJAJCON,EQ,2026-09-18,500.0,524.95,495.45,512.15,515.0,502.45,942030,484593999.99999994,27335,,437867.0,46.48,new
BAJAJELEC,EQ,2026-09-18,323.3,329.25,321.0,323.05,323.7,325.3,113896,36831000.0,3841,,60007.0,52.69,new
BAJAJFINSV,EQ,2026-09-18,1857.2,1872.6,1852.5,1852.5,1852.5,1859.2,719520,1338028000.0,33704,,504220.0,70.08,new
BAJAJHCARE,EQ,2026-09-18,329.0,332.65,326.5,330.55,330.0,328.35,42148,13877000.000000002,1700,,24008.0,56.96,new
BAJAJHFL,EQ,2026-09-18,82.83,86.45,82.71,85.58,85.65,82.7,5168608,437513000.0,28378,,2891361.0,55.94,new
BAJAJHIND,EQ,2026-09-18,19.38,19.8,19.01,19.53,19.6,19.38,14869475,286432000.0,15961,,3276702.0,22.04,new
BAJAJHLDNG,EQ,2026-09-18,11094.0,11363.0,11070.0,11282.0,11282.0,11010.0,56100,631249000.0,12744,,35406.0,63.11,new
BAJAJINDEF,EQ,2026-09-18,220.24,221.59,214.6,214.94,214.6,221.0,29344,6331000.0,795,,22459.0,76.54,new
BAJAJST,EQ,2026-09-18,358.65,358.8,348.8,352.2,352.8,353.45,4283,1509000.0,393,,2539.0,59.28,new
BAJEL,EQ,2026-09-18,173.0,175.89,170.1,171.91,170.65,173.08,153833,26589999.999999996,2157,,93763.0,60.95,new
BAJFINANCE,EQ,2026-09-18,1025.9,1040.3,1019.1,1040.3,1040.3,1015.0,8201656,8451481000.0,121018,,6226077.0,75.91,new
BALAJEE,EQ,2026-09-18,25.01,25.5,24.82,25.31,25.5,25.03,22788,573000.0,245,,16593.0,72.81,new
BALAJIPHOS,SM,2026-09-18,116.95,116.95,116.95,116.95,116.95,116.95,1000,117000.0,1,,1000.0,100.0,new
BALAJITELE,EQ,2026-09-18,95.33,96.99,93.6,95.25,96.8,95.97,146529,14000000.0,1908,,64560.0,44.06,new
BALAMINES,EQ,2026-09-18,2155.0,2196.8,2142.1,2171.5,2169.0,2148.9,97030,210956000.0,10157,,33427.0,34.45,new
BALAXI,EQ,2026-09-18,22.7,23.6,22.7,23.55,23.41,23.04,17900,420000.0,130,,14501.0,81.01,new
BALKRISHNA,EQ,2026-09-18,16.66,16.93,16.31,16.43,16.74,16.66,8085,133000.0,85,,4388.0,54.27,new
BALKRISIND,EQ,2026-09-18,2170.7,2296.0,2166.0,2265.3,2276.9,2170.8,616772,1386028000.0,53578,,392708.0,63.67,new
BALMLAWRIE,EQ,2026-09-18,163.5,169.0,162.84,167.41,168.01,162.47,149297,24692000.0,1842,,102566.0,68.7,new
BALPHARMA,EQ,2026-09-18,102.88,103.94,100.1,100.67,100.21,102.46,24581,2496000.0,444,,16083.0,65.43,new
BALRAMCHIN,EQ,2026-09-18,676.6,679.9,662.0,672.6,677.0,675.7,1086980,728164000.0,24381,,324375.0,29.84,new
BALUFORGE,EQ,2026-09-18,504.0,525.8,504.0,522.15,523.75,501.6,1043655,541052000.0,27152,,505121.0,48.4,new
BANARBEADS,EQ,2026-09-18,110.85,114.2,110.85,113.05,113.5,110.54,790,89000.0,51,,330.0,41.77,new
BANARISUG,EQ,2026-09-18,3290.9,3329.4,3290.9,3316.7,3315.0,3302.8,629,2086000.0,127,,515.0,81.88,new
BANCOINDIA,EQ,2026-09-18,596.0,608.65,596.0,604.0,603.9,593.05,92889,56103000.0,5902,,52347.0,56.35,new
BANDHANBNK,EQ,2026-09-18,173.0,178.3,172.5,175.0,175.0,171.5,20360613,3594878000.0,69527,,12181525.0,59.83,new
BANG,EQ,2026-09-18,33.85,34.85,33.26,33.5,33.4,33.19,35579,1205000.0,236,,13485.0,37.9,new
BANK10ADD,EQ,2026-09-18,16.54,16.66,16.52,16.62,16.65,16.52,3296,55000.00000000001,69,,1773.0,53.79,new
BANK10BETF,EQ,2026-09-18,20.22,20.52,20.22,20.47,20.44,20.27,6250,128000.0,19,,5199.0,83.18,new
BANKA,EQ,2026-09-18,77.2,81.0,75.6,79.96,81.0,77.2,1630,126000.0,28,,1425.0,87.42,new
BANKADD,EQ,2026-09-18,57.53,57.88,57.42,57.63,57.62,57.45,10688,615000.0,51,,8884.0,83.12,new
BANKBARODA,EQ,2026-09-18,233.56,234.94,231.92,234.94,234.94,232.3,7110561,1660468999.9999998,37155,,4640856.0,65.27,new
BANKBEES,EQ,2026-09-18,583.0,584.89,581.78,583.58,584.0,581.64,369452,215460000.0,4904,,248974.0,67.39,new
BANKBETA,EQ,2026-09-18,58.17,58.46,58.08,58.37,58.18,58.07,39047,2277000.0,262,,26831.0,68.71,new
BANKBETF,EQ,2026-09-18,55.96,57.5,55.96,57.3,57.15,57.1,6890,394000.0,218,,3581.0,51.97,new
BANKETF,EQ,2026-09-18,571.2,576.4,571.2,574.99,574.25,572.55,12315,7070999.999999999,1271,,4220.0,34.27,new
BANKIETF,EQ,2026-09-18,58.0,58.03,57.68,57.9,57.8,57.8,95206,5511000.0,952,,55235.0,58.02,new
BANKINDIA,EQ,2026-09-18,138.78,140.0,138.02,140.0,140.0,138.17,4269930,594298000.0,22262,,2634281.0,61.69,new
BANKNIFTY1,EQ,2026-09-18,58.29,58.64,58.29,58.54,58.56,58.29,106721,6244000.0,556,,66385.0,62.2,new
BANKPSU,EQ,2026-09-18,83.49,83.96,83.35,83.89,83.82,83.41,13954,1167000.0,64,,6471.0,46.37,new
BANSALWIRE,EQ,2026-09-18,310.4,320.0,306.3,310.6,315.0,313.25,81678,25530000.0,3678,,38533.0,47.18,new
BANSWRAS,EQ,2026-09-18,111.95,112.1,105.99,108.49,110.5,110.32,57722,6254000.0,1165,,31884.0,55.24,new
BARFLEX,SM,2026-09-18,60.9,62.0,60.0,62.0,62.0,59.85,12000,730000.0,6,,8000.0,66.67,new
BASF,EQ,2026-09-18,3617.0,3641.6,3566.5,3605.7,3608.0,3601.6,35931,129182000.0,4647,,17045.0,47.44,new
BASILIC,SM,2026-09-18,179.0,188.0,173.65,178.1,174.0,179.35,14100,2541000.0,33,,12000.0,85.11,new
BASML,BE,2026-09-18,24.15,24.15,23.25,23.47,23.35,23.78,18457,437000.0,95,,,,new
BATAINDIA,EQ,2026-09-18,639.95,656.0,624.9,638.3,646.1,636.65,1089830,693473000.0,25782,,501482.0,46.01,new
BATLIBOI,EQ,2026-09-18,81.8,81.89,78.11,81.09,81.4,78.73,54989,4381000.0,1797,,25187.0,45.8,new
BAWEJA,SM,2026-09-18,23.5,23.95,22.0,22.1,22.1,23.0,11200,252999.99999999997,14,,9600.0,85.71,new
BAYERCROP,EQ,2026-09-18,3891.0,3899.1,3761.1,3779.5,3771.0,3893.4,87483,333911000.0,14367,,60642.0,69.32,new
BBETF0432,EQ,2026-09-18,1340.79,1343.44,1335.89,1337.8,1336.7,1340.89,437,585000.0,42,,291.0,66.59,new
BBL,EQ,2026-09-18,2180.3,2219.0,2180.3,2207.9,2219.0,2203.4,15471,34054000.0,3285,,8582.0,55.47,new
BBNPNBETF,EQ,2026-09-18,55.49,57.02,55.49,56.75,56.75,56.62,372,21000.0,21,,283.0,76.08,new
BBNPPGOLD,EQ,2026-09-18,148.7,148.7,145.0,147.95,147.85,145.45,5669,832000.0,56,,5134.0,90.56,new
BBOX,EQ,2026-09-18,770.0,804.0,764.55,801.15,801.0,766.4,640804,507672000.0,31981,,222205.0,34.68,new
BBTC,EQ,2026-09-18,1409.7,1534.2,1409.7,1512.1,1512.5,1399.4,2468226,3687137999.9999995,127160,,104016.0,4.21,new
BBTCL,EQ,2026-09-18,235.89,235.89,227.0,230.53,231.98,230.63,509,118000.0,33,,495.0,97.25,new
BCG,EQ,2026-09-18,9.9,10.39,9.87,10.26,10.33,9.86,9727064,98492000.0,6564,,4304466.0,44.25,new
BCLIND,EQ,2026-09-18,33.12,33.39,32.63,33.06,33.0,33.17,347328,11457000.0,2459,,188601.0,54.3,new
BCONCEPTS,EQ,2026-09-18,157.01,157.03,150.3,153.1,155.0,154.23,5600,852999.9999999999,331,,4172.0,74.5,new
BCPL,EQ,2026-09-18,68.95,68.95,65.81,66.92,67.34,67.63,10426,694000.0,344,,8514.0,81.66,new
BDL,EQ,2026-09-18,1151.9,1196.6,1151.0,1196.6,1196.6,1151.9,741593,868669000.0,25146,,263144.0,35.48,new
BEACON,SM,2026-09-18,78.0,81.0,78.0,81.0,81.0,78.0,4000,315000.0,4,,4000.0,100.0,new
BEARDSELL,EQ,2026-09-18,24.95,24.95,23.56,23.87,24.5,24.23,11453,277000.0,277,,10132.0,88.47,new
BECTORFOOD,EQ,2026-09-18,222.55,224.5,217.34,221.55,223.07,220.81,1369086,301904000.0,26747,,575938.0,42.07,new
BEDMUTHA,EQ,2026-09-18,104.98,106.0,102.5,104.74,104.4,104.98,2278,240000.0,31,,2067.0,90.74,new
BEEKAY,EQ,2026-09-18,421.25,439.35,420.3,430.05,430.0,426.55,1478,634000.0,101,,1342.0,90.8,new
BEL,EQ,2026-09-18,397.4,399.2,393.3,393.3,393.3,395.45,11862641,4707723000.0,99011,,6761334.0,57.0,new
BELLACASA,EQ,2026-09-18,259.0,263.23,250.35,262.53,262.5,255.25,9510,2455000.0,738,,4003.0,42.09,new
BELRISE,EQ,2026-09-18,230.15,242.89,229.62,240.18,242.5,229.37,10829670,2581027000.0,71874,,6525639.0,60.26,new
BEML,EQ,2026-09-18,2030.4,2155.0,2030.4,2135.0,2134.5,2013.3,1380251,2894857000.0,89759,,348655.0,25.26,new
BENARAS,EQ,2026-09-18,10612.0,10700.0,10551.0,10588.0,10625.0,10800.0,37,395000.0,8,,33.0,89.19,new
BENGALASM,EQ,2026-09-18,6213.0,6241.5,6195.0,6199.5,6196.0,6212.5,151,938000.0000000001,79,,63.0,41.72,new
BEPL,EQ,2026-09-18,127.56,130.3,126.62,128.95,128.36,127.47,834218,107251000.0,6728,,392360.0,47.03,new
BERGEPAINT,EQ,2026-09-18,449.95,461.8,448.6,458.65,458.0,448.6,1220340,557435000.0,41012,,803285.0,65.82,new
BESTAGRO,EQ,2026-09-18,18.61,18.7,18.25,18.51,18.5,18.42,285469,5293000.0,1548,,172297.0,60.36,new
BETA,EQ,2026-09-18,2095.2,2147.9,2025.0,2055.2,2065.0,2095.0,14462,30147000.000000004,1961,,8025.0,55.49,new
BEWLTD,SM,2026-09-18,49.0,50.5,49.0,49.15,50.0,48.6,56000,2781000.0,63,,53500.0,95.54,new
BFINVEST,EQ,2026-09-18,437.35,452.4,436.35,445.25,445.7,438.95,25663,11425000.0,1391,,8196.0,31.94,new
BFSI,EQ,2026-09-18,27.03,27.03,26.38,26.58,26.59,26.38,75368,1998999.9999999998,503,,42200.0,55.99,new
BFUTILITIE,EQ,2026-09-18,523.95,564.75,523.95,542.0,537.0,521.05,206053,112509999.99999999,8008,,48316.0,23.45,new
BGRENERGY,BE,2026-09-18,251.0,255.62,251.0,255.62,255.62,243.45,60331,15362000.0,378,,,,new
BHADORA,ST,2026-09-18,115.0,123.55,115.0,122.9,122.9,117.7,19200,2315000.0,16,,19200.0,100.0,new
BHAGCHEM,EQ,2026-09-18,246.8,251.95,245.1,246.85,246.0,247.95,146748,36533000.0,1250,,124540.0,84.87,new
BHAGERIA,BE,2026-09-18,334.75,334.75,325.0,334.75,334.75,318.85,62603,20928000.0,385,,,,new
BHAGYANGR,EQ,2026-09-18,465.0,467.9,438.0,446.7,447.0,446.5,329482,149329000.0,11031,,180117.0,54.67,new
BHANDARI,EQ,2026-09-18,2.96,3.03,2.96,2.99,2.98,2.98,92258,275000.0,241,,83841.0,90.88,new
BHARATCOAL,EQ,2026-09-18,32.24,32.95,32.2,32.69,32.85,32.14,3195446,103749000.0,13133,,1601454.0,50.12,new
BHARATFORG,EQ,2026-09-18,1940.1,1994.9,1940.1,1962.1,1962.1,1918.7,1602315,3168274000.0,59994,,675949.0,42.19,new
BHARATGEAR,BE,2026-09-18,100.2,102.4,100.15,100.51,100.46,101.3,6382,643000.0,109,,,,new
BHARATRAS,EQ,2026-09-18,1169.5,1182.1,1155.0,1168.8,1164.4,1164.0,11371,13321000.0,1529,,5681.0,49.96,new
BHARATSE,EQ,2026-09-18,210.72,215.82,210.26,214.02,214.0,209.22,96601,20603000.0,4512,,41471.0,42.93,new
BHARATWIRE,EQ,2026-09-18,173.06,174.18,169.97,173.05,172.0,171.69,72882,12539000.0,1927,,34937.0,47.94,new
BHARTIARTL,EQ,2026-09-18,1843.0,1893.3,1835.3,1893.3,1893.3,1836.0,14189780,26593040999.999996,75788,,12483302.0,87.97,new
BHARTIHEXA,EQ,2026-09-18,1482.0,1558.9,1477.8,1540.1,1540.0,1481.1,307475,468605000.0,28580,,208156.0,67.7,new
BHEL,EQ,2026-09-18,428.4,439.9,427.25,439.9,439.9,429.2,7669374,3329524000.0,56329,,3865871.0,50.41,new
BI,BE,2026-09-18,107.62,107.62,104.2,107.62,107.62,102.5,75195,8083000.0,223,,,,new
BIGBLOC,EQ,2026-09-18,39.8,40.92,39.8,40.4,40.5,39.45,25873,1040000.0,341,,18994.0,73.41,new
BIKAJI,EQ,2026-09-18,553.0,592.0,550.4,580.25,576.2,552.65,153843,88438000.0,7876,,72103.0,46.87,new
BIKEWO,ST,2026-09-18,114.0,116.6,112.0,116.0,116.6,112.2,86000,9866000.0,40,,76000.0,88.37,new
BIL,EQ,2026-09-18,1044.4,1079.9,1012.3,1040.85,1057.0,1023.45,9486,9950000.0,892,,5026.0,52.98,new
BILVYAPAR,BE,2026-09-18,4.15,4.33,4.02,4.29,4.29,4.15,14009,60000.0,25,,,,new
BIMETAL,EQ,2026-09-18,654.0,654.0,640.0,640.2,640.0,641.3,332,214000.0,21,,188.0,56.63,new
BIOCON,EQ,2026-09-18,380.05,388.0,379.3,385.0,385.0,380.0,7901211,3038598000.0,26851,,6325497.0,80.06,new
BIOFILCHEM,EQ,2026-09-18,32.7,33.49,32.0,32.83,32.76,32.86,16681,547000.0,473,,9379.0,56.23,new
BIOPOL,SM,2026-09-18,46.9,46.9,45.5,45.75,45.5,46.9,10800,496000.0,9,,10800.0,100.0,new
BIRET,RR,2026-09-18,339.75,340.24,338.4,338.57,338.95,338.66,752548,254917000.0,16120,,531078.0,70.57,new
BIRLACABLE,EQ,2026-09-18,414.85,418.8,390.0,409.5,408.4,401.65,573898,234521999.99999997,15848,,265221.0,46.21,new
BIRLACORPN,EQ,2026-09-18,815.0,842.15,804.8,823.6,821.0,811.15,124135,101845000.0,12615,,49712.0,40.05,new
BIRLAMONEY,EQ,2026-09-18,120.65,121.8,118.41,120.49,121.8,120.63,18286,2200000.0,708,,10390.0,56.82,new
BIRLANU,EQ,2026-09-18,1395.0,1400.0,1365.1,1380.1,1399.9,1381.1,5947,8193000.000000001,831,,3576.0,60.13,new
BIRLAPREC,BE,2026-09-18,58.49,58.6,56.16,57.08,57.0,58.6,71985,4129000.0,525,,,,new
BLACKBUCK,EQ,2026-09-18,616.0,645.0,609.0,632.4,629.0,611.5,1667349,1055356000.0,55103,,778084.0,46.67,new
BLACKROSE,BE,2026-09-18,103.2,107.65,102.8,106.41,107.4,103.21,14457,1505000.0,207,,,,new
BLAL,EQ,2026-09-18,162.47,164.99,160.01,162.99,163.3,162.37,20633,3347999.9999999995,510,,15205.0,73.69,new
BLBLIMITED,EQ,2026-09-18,16.29,16.29,15.86,16.0,15.86,15.99,122807,1967000.0000000002,281,,79308.0,64.58,new
BLEL,EQ,2026-09-18,437.9,444.3,434.2,440.4,441.0,436.1,370777,162436000.0,7821,,165507.0,44.64,new
BLIL,EQ,2026-09-18,67.7,68.48,66.97,67.1,67.33,67.62,110370,7447000.0,1631,,88170.0,79.89,new
BLISSGVS,BE,2026-09-18,690.75,701.0,675.0,681.85,684.85,690.65,168694,115958999.99999999,2418,,,,new
BLKASHYAP,EQ,2026-09-18,52.55,54.0,52.1,52.74,52.68,52.87,424616,22544000.0,2355,,200678.0,47.26,new
BLS,EQ,2026-09-18,227.89,230.8,226.0,226.5,227.0,227.74,748096,170274000.0,12039,,461072.0,61.63,new
BLSE,EQ,2026-09-18,313.95,322.0,313.55,316.5,318.0,314.5,224022,71037000.0,4075,,139188.0,62.13,new
BLUECLOUDS,EQ,2026-09-18,19.65,19.65,19.25,19.34,19.4,19.57,493433,9570000.0,1896,,278765.0,56.5,new
BLUECOAST,EQ,2026-09-18,22.6,22.6,20.99,20.99,20.99,21.68,963,21000.0,19,,813.0,84.42,new
BLUEDART,EQ,2026-09-18,4810.5,4851.0,4770.0,4821.0,4811.0,4811.3,10165,48958000.0,3128,,5390.0,53.03,new
BLUEJET,EQ,2026-09-18,570.45,577.85,567.0,575.25,574.3,568.2,207881,119049000.0,11766,,117596.0,56.57,new
BLUEPEBBLE,ST,2026-09-18,80.0,80.0,80.0,80.0,80.0,78.9,400,32000.0,1,,400.0,100.0,new
BLUESTARCO,EQ,2026-09-18,1551.2,1571.5,1531.8,1531.8,1531.8,1553.0,798646,1242078000.0,47644,,462754.0,57.94,new
BLUESTONE,EQ,2026-09-18,838.7,863.0,821.0,827.5,832.45,831.2,1018859,855723000.0,43281,,248451.0,24.39,new
BLUEWATER,ST,2026-09-18,483.0,483.0,472.0,475.0,475.0,464.25,6000,2865000.0,6,,6000.0,100.0,new
BLUSPRING,EQ,2026-09-18,123.06,127.14,122.66,123.34,123.16,123.72,141114,17444000.0,1713,,77985.0,55.26,new
BMETRICS,SM,2026-09-18,32.85,34.0,32.85,34.0,34.0,32.85,1600,53000.0,2,,800.0,50.0,new
BMLL,SM,2026-09-18,155.5,157.0,155.5,157.0,157.0,152.05,20000,3126000.0,4,,20000.0,100.0,new
BMWVENTLTD,EQ,2026-09-18,50.77,53.4,50.32,51.9,51.0,50.22,185490,9593000.0,1698,,103124.0,55.6,new
BNAGROCHEM,EQ,2026-09-18,207.0,207.0,200.0,207.0,207.0,207.86,944,194000.0,23,,841.0,89.09,new
BNALTD,BE,2026-09-18,365.0,365.0,365.0,365.0,365.0,370.0,1,0.0,1,,,,new
BNKETFAXIS,EQ,2026-09-18,580.87,582.38,578.96,581.87,582.38,580.22,772,448000.00000000006,25,,245.0,31.74,new
BODALCHEM,EQ,2026-09-18,184.99,191.23,184.05,191.23,191.23,182.13,1686113,319810000.0,9499,,774419.0,45.93,new
BOHRAIND,EQ,2026-09-18,13.0,13.88,12.41,12.71,12.71,13.34,36792,469000.00000000006,47,,24555.0,66.74,new
BOMDYEING,EQ,2026-09-18,108.0,112.9,108.0,111.3,110.98,107.55,1069497,118505000.0,10633,,322314.0,30.14,new
BONLON,EQ,2026-09-18,37.82,39.85,37.82,39.13,39.36,37.07,2577,101000.0,86,,1984.0,76.99,new
BORANA,EQ,2026-09-18,298.15,304.0,296.0,297.1,296.5,299.5,25153,7520000.0,758,,16255.0,64.62,new
BOROLTD,EQ,2026-09-18,256.25,263.1,252.6,259.21,260.0,253.4,133921,34425000.0,2717,,76287.0,56.96,new
BORORENEW,EQ,2026-09-18,455.0,461.4,447.95,459.5,460.5,449.35,460974,209576000.00000003,16901,,216637.0,47.0,new
BOROSCI,EQ,2026-09-18,118.29,121.8,117.0,119.56,120.0,118.29,21927,2610000.0,799,,13649.0,62.25,new
BOSCH-HCIL,EQ,2026-09-18,1668.3,1705.0,1660.0,1694.0,1699.9,1668.3,36229,61348000.0,3123,,20042.0,55.32,new
BOSCHLTD,EQ,2026-09-18,47850.0,48650.0,47000.0,47000.0,47000.0,47735.0,27389,1308819000.0,11767,,14282.0,52.15,new
BPCL,EQ,2026-09-18,308.55,314.2,308.25,314.0,314.0,307.0,9439555,2948503000.0,59458,,7022774.0,74.4,new
BPL,EQ,2026-09-18,46.5,46.8,45.5,45.79,45.75,45.85,13947,639000.0,379,,8840.0,63.38,new
BPLPHARMA,EQ,2026-09-18,1541.2,1564.0,1499.9,1509.7,1500.0,1534.0,843,1293000.0,141,,562.0,66.67,new
BRACEPORT,SM,2026-09-18,56.85,56.85,52.0,52.0,52.0,52.0,3200,174000.0,2,,3200.0,100.0,new
BRAHMINFRA,EQ,2026-09-18,163.01,163.01,158.6,162.36,163.0,159.63,20632,3329000.0,250,,19240.0,93.25,new
BRANDMAN,SM,2026-09-18,166.0,166.0,162.2,162.2,162.2,164.0,2400,395000.0,3,,1600.0,66.67,new
BRIGADE,EQ,2026-09-18,621.0,629.3,616.25,621.7,624.9,620.9,666470,415447000.0,19711,,414315.0,62.17,new
BRIGHOTEL,EQ,2026-09-18,56.52,56.59,56.15,56.23,56.2,56.52,35906,2021000.0,1437,,23024.0,64.12,new
BRIGHTBR,EQ,2026-09-18,240.05,254.15,240.0,248.45,250.0,245.0,836,206000.0,32,,756.0,90.43,new
BRITANNIA,EQ,2026-09-18,4982.0,5026.5,4968.0,4998.0,4998.0,4982.0,346885,1737048000.0,27865,,260436.0,75.08,new
BRNL,EQ,2026-09-18,16.41,16.75,16.03,16.25,16.62,16.41,29263,478000.0,302,,15755.0,53.84,new
BROOKS,EQ,2026-09-18,61.24,63.89,61.02,61.53,61.02,61.23,38012,2352000.0,411,,27350.0,71.95,new
BSE,EQ,2026-09-18,3259.0,3296.0,3241.0,3266.4,3266.4,3259.0,2075360,6763424000.000001,85963,,901434.0,43.44,new
BSE500IETF,EQ,2026-09-18,38.4,38.84,38.26,38.76,38.62,38.45,58159,2246000.0,948,,38138.0,65.58,new
BSHSL,EQ,2026-09-18,89.25,93.0,86.2,87.87,88.56,88.25,3480,307000.0,165,,2018.0,57.99,new
BSL,EQ,2026-09-18,116.8,119.49,116.8,118.26,118.26,117.32,3489,413000.0,70,,2606.0,74.69,new
BSLGOLDETF,EQ,2026-09-18,134.3,134.8,133.48,134.53,134.51,132.57,327089,43977000.0,2733,,215162.0,65.78,new
BSLNIFTY,EQ,2026-09-18,27.38,28.62,27.36,27.46,27.47,27.38,690033,18947000.0,4143,,507726.0,73.58,new
BSLSENETFG,EQ,2026-09-18,75.96,75.96,74.88,75.15,75.05,75.21,4943,371000.0,69,,3412.0,69.03,new
BSOFT,EQ,2026-09-18,285.0,285.05,278.45,280.4,281.0,283.8,1305483,365864000.0,26401,,646636.0,49.53,new
BTML,EQ,2026-09-18,7.49,7.49,7.14,7.25,7.23,7.25,704020,5200000.0,490,,576629.0,81.91,new
BTTL,BE,2026-09-18,41.5,41.5,39.1,39.64,39.29,41.15,2293,92000.0,32,,,,new
BUILDPRO,EQ,2026-09-18,1254.9,1270.0,1198.5,1253.8,1269.4,1244.9,123781,152140000.0,5618,,82818.0,66.91,new
BULKCORP,ST,2026-09-18,81.95,81.95,81.7,81.7,81.7,86.0,7200,589000.0,6,,7200.0,100.0,new
BURNPUR,BE,2026-09-18,18.37,18.37,16.8,17.85,17.98,17.5,120881,2166000.0,592,,,,new
BUTTERFLY,EQ,2026-09-18,577.9,589.0,566.75,585.8,589.0,578.85,26618,15341000.0,1348,,14853.0,55.8,new
BVCL,EQ,2026-09-18,40.69,41.3,40.5,40.76,40.76,40.89,7122,290000.0,128,,4930.0,69.22,new
BYKE,BE,2026-09-18,30.99,30.99,29.56,30.25,30.28,29.99,11206,337000.0,65,,,,new
C2C,SM,2026-09-18,212.75,212.75,199.0,204.2,204.0,210.65,85500,17558000.0,395,,58350.0,68.25,new
CALSOFT,BE,2026-09-18,36.9,39.56,36.8,39.19,39.42,37.69,171438,6634000.0,871,,,,new
CAMLINFINE,EQ,2026-09-18,100.55,101.47,95.65,97.28,97.0,99.63,1375944,134842000.0,9167,,814653.0,59.21,new
CAMPUS,EQ,2026-09-18,212.0,212.95,210.51,212.12,212.25,211.98,306540,65016000.0,9696,,184551.0,60.2,new
CAMS,EQ,2026-09-18,712.65,723.6,708.05,708.05,708.05,714.95,1128255,806857000.0,39176,,596435.0,52.86,new
CANARYS,SM,2026-09-18,24.0,26.1,24.0,24.9,25.15,23.75,288000,7276000.000000001,66,,144000.0,50.0,new
CANBK,EQ,2026-09-18,123.81,123.89,123.01,123.78,123.78,123.9,11489793,1418263000.0,53655,,6890669.0,59.97,new
CANFINHOME,EQ,2026-09-18,777.6,787.6,769.0,778.5,781.0,774.4,539763,419750000.0,17059,,296165.0,54.87,new
CANHLIFE,EQ,2026-09-18,155.33,156.25,151.79,153.59,152.51,155.36,807851,124051000.0,13878,,484645.0,59.99,new
CANTABIL,EQ,2026-09-18,242.4,246.0,240.2,242.63,243.6,243.0,143791,34999000.0,2430,,69705.0,48.48,new
CAPACITE,EQ,2026-09-18,191.9,199.02,191.9,195.71,195.8,192.73,235892,46358000.0,4594,,126089.0,53.45,new
CAPILLARY,EQ,2026-09-18,448.95,489.0,443.1,484.05,485.0,448.95,532692,250655000.00000003,17791,,196835.0,36.95,new
CAPINVIT,IV,2026-09-18,76.97,77.49,76.81,76.94,76.93,76.81,179280,13802000.000000002,2822,,159464.0,88.95,new
CAPITALSFB,EQ,2026-09-18,276.1,283.4,274.15,278.9,277.45,279.9,8706,2438000.0,543,,5930.0,68.11,new
CAPLIPOINT,EQ,2026-09-18,2596.5,2780.0,2596.0,2748.6,2770.0,2596.6,308471,838827000.0,31973,,77924.0,25.26,new
CAPTRUST,BE,2026-09-18,18.6,19.4,18.6,19.39,19.4,18.48,64785,1253000.0,119,,,,new
CARBORUNIV,EQ,2026-09-18,1084.0,1141.3,1078.4,1124.4,1117.0,1083.6,533148,597895000.0,47505,,266451.0,49.98,new
CARERATING,EQ,2026-09-18,1645.5,1674.7,1614.8,1668.6,1674.7,1643.7,46640,76960000.0,6959,,27166.0,58.25,new
CARRARO,EQ,2026-09-18,522.1,533.0,517.6,524.65,526.7,515.05,169514,89259000.0,8268,,61835.0,36.48,new
CARTRADE,EQ,2026-09-18,2949.9,3127.7,2946.7,2988.9,2980.0,2938.0,650048,1977698000.0,62496,,142544.0,21.93,new
CARYSIL,EQ,2026-09-18,1111.2,1138.7,1106.0,1131.3,1130.0,1111.1,62416,70103000.0,6052,,31681.0,50.76,new
CASHIETF,EQ,2026-09-18,1079.83,1080.28,1078.82,1080.26,1080.26,1079.83,122070,131869000.0,101,,80435.0,65.89,new
CASTROLIND,EQ,2026-09-18,192.34,197.85,192.0,197.14,196.07,191.72,9615337,1879846000.0,69925,,5533528.0,57.55,new
CCAVENUE,EQ,2026-09-18,16.39,16.64,15.99,16.08,16.09,16.32,15304318,248638000.0,24196,,4966932.0,32.45,new
CCCL,EQ,2026-09-18,13.69,13.95,13.69,13.76,13.78,13.69,57075,788000.0,280,,43344.0,75.94,new
CCHHL,EQ,2026-09-18,12.8,13.1,12.6,13.01,13.05,12.86,25484,329000.0,162,,19680.0,77.22,new
CCL,EQ,2026-09-18,1065.7,1076.3,1058.2,1065.6,1064.1,1062.3,92827,99108000.0,13371,,60098.0,64.74,new
CDSL,EQ,2026-09-18,1348.0,1390.0,1346.5,1390.0,1390.0,1349.4,1694146,2332779000.0,44771,,697061.0,41.15,new
CEATLTD,EQ,2026-09-18,3430.0,3529.0,3418.1,3468.9,3465.0,3431.1,113245,394733000.0,17724,,49778.0,43.96,new
CEDAAR,ST,2026-09-18,10.9,11.2,10.85,11.1,11.2,10.9,20000,220000.00000000003,13,,18000.0,90.0,new
CEIGALL,EQ,2026-09-18,391.6,391.8,372.05,373.75,374.35,390.0,307512,116720000.0,6666,,162560.0,52.86,new
CEINSYS,EQ,2026-09-18,692.4,715.0,672.05,675.35,675.9,684.3,73862,50982000.0,4885,,32425.0,43.9,new
CELEBRITY,EQ,2026-09-18,6.9,6.9,6.69,6.83,6.84,6.79,7755,52000.0,45,,7268.0,93.72,new
CELLECOR,SM,2026-09-18,30.0,30.3,29.7,30.0,30.0,30.65,207000,6207000.0,40,,177000.0,85.51,new
CELLO,EQ,2026-09-18,328.0,330.0,320.0,322.45,322.0,327.6,240397,77834000.0,8314,,151192.0,62.89,new
CELLPOINT,SM,2026-09-18,14.45,14.75,14.1,14.65,14.65,14.45,20400,294000.0,17,,18000.0,88.24,new
CEMNTGROWW,EQ,2026-09-18,14.09,14.3,14.01,14.22,14.15,13.99,45103,640000.0,267,,22521.0,49.93,new
CEMPRO,EQ,2026-09-18,1265.0,1287.4,1246.6,1263.5,1270.0,1255.1,233345,296366000.0,12658,,143099.0,61.33,new
CENTENKA,EQ,2026-09-18,570.75,570.75,551.85,561.45,557.0,564.4,33970,19065000.0,2375,,20279.0,59.7,new
CENTEXT,EQ,2026-09-18,19.0,19.55,19.0,19.16,19.14,19.05,123725,2377000.0,665,,91562.0,74.0,new
CENTRALBK,EQ,2026-09-18,30.42,32.4,30.41,31.73,32.15,30.4,56472458,1782134000.0,47655,,31914466.0,56.51,new
CENTRUM,EQ,2026-09-18,22.69,22.69,21.65,21.94,22.15,22.25,41442,919000.0,336,,19514.0,47.09,new
CENTUM,EQ,2026-09-18,4398.0,4421.0,4300.0,4333.3,4330.0,4343.4,41693,182694000.0,9036,,17830.0,42.76,new
CENTURYPLY,EQ,2026-09-18,725.0,735.0,714.05,722.65,723.0,718.95,83789,60764000.0,4804,,43653.0,52.1,new
CERA,EQ,2026-09-18,5592.0,5785.0,5592.0,5645.0,5646.5,5592.0,14398,81498000.0,3384,,7105.0,49.35,new
CESC,EQ,2026-09-18,141.99,142.93,140.71,141.53,141.45,141.56,3878798,548078000.0,24453,,2729511.0,70.37,new
CEWATER,EQ,2026-09-18,252.8,286.0,252.8,279.25,279.2,256.5,750844,208392999.99999997,17403,,186892.0,24.89,new
CFEL,BE,2026-09-18,46.99,47.0,44.0,46.95,47.0,46.22,32553,1475000.0,124,,,,new
CGCL,EQ,2026-09-18,263.0,273.65,262.0,270.65,271.0,262.35,6367147,1718625000.0,61310,,2828255.0,44.42,new
CGPOWER,EQ,2026-09-18,883.65,911.0,881.3,892.0,892.0,880.0,3114673,2808228000.0,51681,,1520654.0,48.82,new
CGRAPHICS,SM,2026-09-18,136.5,136.5,133.2,135.4,135.95,137.65,24800,3353000.0,29,,20800.0,83.87,new
CGVAK,EQ,2026-09-18,147.0,152.0,144.0,149.8,149.8,146.5,2553,377000.0,81,,1708.0,66.9,new
CHALET,EQ,2026-09-18,845.0,874.25,839.55,865.65,865.0,842.3,566679,489164999.99999994,22231,,371075.0,65.48,new
CHAMBLFERT,EQ,2026-09-18,414.7,420.0,410.9,414.9,419.0,413.9,470769,195040000.0,13436,,272813.0,57.95,new
CHAMUNDA,SM,2026-09-18,44.0,44.0,44.0,44.0,44.0,43.0,3000,132000.0,1,,3000.0,100.0,new
CHANDAN,SM,2026-09-18,200.0,203.0,196.5,202.45,202.45,197.85,32800,6562000.0,40,,24000.0,73.17,new
CHAVDA,SM,2026-09-18,120.0,122.5,120.0,120.0,120.0,120.5,7000,844000.0,6,,5000.0,71.43,new
CHEMBOND,EQ,2026-09-18,197.03,203.45,185.6,192.77,192.01,196.18,12271,2353000.0,718,,6188.0,50.43,new
CHEMBONDCH,BE,2026-09-18,275.35,279.5,261.45,272.55,265.0,274.0,8833,2372000.0,179,,,,new
CHEMCON,BE,2026-09-18,217.0,222.04,214.0,216.36,217.0,214.77,40049,8732000.0,575,,,,new
CHEMCRUX,EQ,2026-09-18,82.0,84.19,78.0,80.78,81.2,82.7,4816,387000.0,176,,1508.0,31.31,new
CHEMFAB,EQ,2026-09-18,355.0,373.5,355.0,369.4,370.0,356.15,2010,738000.0,163,,1197.0,59.55,new
CHEMICAL,EQ,2026-09-18,28.55,29.58,28.55,29.43,29.42,29.13,279002,8170000.0,799,,122595.0,43.94,new
CHEMPLASTS,EQ,2026-09-18,167.8,175.1,167.09,171.48,172.99,167.8,443500,76069000.0,5907,,170141.0,38.36,new
CHENNPETRO,EQ,2026-09-18,1414.0,1437.1,1390.1,1416.6,1415.0,1414.1,1081342,1522189000.0,42868,,290995.0,26.91,new
CHETANA,SM,2026-09-18,41.0,41.0,40.0,40.0,40.0,41.0,4800,194000.0,3,,4800.0,100.0,new
CHEVIOT,EQ,2026-09-18,1174.9,1179.9,1161.8,1174.7,1179.9,1161.5,820,961000.0,119,,705.0,85.98,new
CHOICEGOLD,EQ,2026-09-18,149.5,152.21,149.5,151.99,151.54,149.3,2964,449000.0,85,,1823.0,61.5,new
CHOICEIN,EQ,2026-09-18,739.95,775.7,738.45,763.85,760.0,738.0,989378,755416000.0,20855,,178966.0,18.09,new
CHOLAFIN,EQ,2026-09-18,1769.3,1804.4,1766.0,1800.0,1800.0,1764.5,1509978,2698268000.0,38127,,1000916.0,66.29,new
CHOLAHLDNG,EQ,2026-09-18,1510.0,1541.0,1482.0,1507.7,1491.5,1499.2,395533,594355000.0,39918,,241383.0,61.03,new
CIEINDIA,EQ,2026-09-18,388.0,391.5,382.9,387.15,385.5,385.7,376545,145479000.0,16747,,181245.0,48.13,new
CIFL,EQ,2026-09-18,19.86,20.49,19.86,19.98,20.0,20.03,45611,913000.0000000001,353,,35682.0,78.23,new
CINELINE,EQ,2026-09-18,91.1,93.6,90.0,90.36,90.0,92.95,6895,629000.0,177,,4614.0,66.92,new
CINEVISTA,EQ,2026-09-18,13.8,14.74,13.8,14.13,14.04,13.94,6423,92000.0,75,,5740.0,89.37,new
CIPLA,EQ,2026-09-18,1371.7,1394.5,1371.7,1394.5,1394.5,1376.3,1386584,1920252000.0,31702,,943438.0,68.04,new
CITIUSINVT,IV,2026-09-18,115.9,117.0,115.21,115.83,115.96,115.5,21756,2526000.0,140,,17191.0,79.02,new
CKKRETAIL,SM,2026-09-18,170.0,177.0,170.0,170.6,170.0,170.2,88800,15219000.0,68,,56800.0,63.96,new
CLASSICEIL,SM,2026-09-18,49.75,51.95,48.85,51.0,51.0,51.0,24000,1202000.0,14,,16000.0,66.67,new
CLAYCRAFT,SM,2026-09-18,147.05,169.0,144.5,166.7,168.9,147.6,116400,18423000.0,159,,92400.0,79.38,new
CLEAN,EQ,2026-09-18,831.0,872.85,826.7,851.9,852.0,828.15,891352,764630000.0,30830,,302954.0,33.99,new
CLEANMAX,EQ,2026-09-18,1296.4,1299.4,1272.0,1279.4,1283.0,1291.1,102176,130935999.99999999,9948,,61262.0,59.96,new
CLEDUCATE,EQ,2026-09-18,54.99,56.18,54.51,54.81,54.7,54.63,7979,440000.00000000006,181,,7201.0,90.25,new
CLSEL,EQ,2026-09-18,296.45,299.15,292.25,294.9,297.2,295.55,32143,9486000.0,1436,,14718.0,45.79,new
CLSL,ST,2026-09-18,78.65,78.65,71.55,71.55,71.55,74.95,8000,608000.0,4,,6000.0,75.0,new
CMLL,EQ,2026-09-18,483.0,484.7,471.0,477.7,475.5,482.7,165073,78512000.0,5416,,84390.0,51.12,new
CMNL,SM,2026-09-18,114.9,114.9,111.0,111.25,111.0,114.9,4500,505000.0,6,,3750.0,83.33,new
CMPDI,EQ,2026-09-18,207.85,217.23,204.69,214.58,215.2,205.69,2923381,615155000.0,42359,,1135289.0,38.83,new
CMRGREEN,EQ,2026-09-18,214.79,234.58,214.79,231.87,232.5,213.26,1840718,424251000.0,30666,,754895.0,41.01,new
CMRSL,SM,2026-09-18,68.0,68.0,67.5,67.5,67.5,70.4,1600,108000.0,2,,1600.0,100.0,new
CMSINFO,EQ,2026-09-18,231.15,232.72,228.52,230.93,230.4,231.04,952449,219669999.99999997,17354,,525159.0,55.14,new
CNL,EQ,2026-09-18,1078.9,1140.1,1077.5,1127.1,1120.9,1078.9,17388,19445000.0,1806,,8774.0,50.46,new
COALINDIA,EQ,2026-09-18,418.0,419.95,409.65,409.9,409.9,418.0,7700870,3171868000.0,84630,,4948015.0,64.25,new
COASTCORP,EQ,2026-09-18,36.17,39.1,36.01,38.84,38.89,35.46,131467,4971000.0,1571,,67370.0,51.24,new
COCHINSHIP,EQ,2026-09-18,1335.0,1398.0,1333.0,1398.0,1398.0,1334.3,1456165,2000191000.0,34268,,765720.0,52.58,new
COCKERILL,EQ,2026-09-18,8029.0,8220.0,8006.5,8164.0,8145.0,8029.0,3914,31745000.0,1243,,1670.0,42.67,new
COFFEEDAY,EQ,2026-09-18,30.86,31.33,30.07,30.52,30.46,30.86,346468,10581000.0,1640,,222122.0,64.11,new
COFORGE,EQ,2026-09-18,1793.0,1841.0,1754.2,1841.0,1841.0,1793.0,2489460,4446235000.0,82143,,1461501.0,58.71,new
COHANCE,EQ,2026-09-18,439.95,446.65,429.25,438.0,436.4,439.95,699254,305541000.0,22131,,358109.0,51.21,new
COLPAL,EQ,2026-09-18,1841.5,1917.8,1836.9,1917.8,1917.8,1840.3,601910,1134138000.0,25550,,419181.0,69.64,new
COMFINTE,EQ,2026-09-18,6.18,6.18,5.86,5.98,6.0,5.99,71837,429000.0,254,,55084.0,76.68,new
COMMITTED,SM,2026-09-18,331.0,331.0,330.0,330.5,330.0,340.0,1600,529000.0,2,,1600.0,100.0,new
COMMOIETF,EQ,2026-09-18,97.15,97.93,97.15,97.5,97.42,97.15,21581,2105000.0,1213,,13293.0,61.6,new
COMPEAU,EQ,2026-09-18,360.0,369.9,360.0,365.0,365.0,360.0,714,258000.0,9,,713.0,99.86,new
COMPINFO,BZ,2026-09-18,1.12,1.15,1.05,1.1,1.1,1.1,6048,7000.000000000001,22,,,,new
COMPUSOFT,EQ,2026-09-18,12.98,14.6,12.95,13.63,13.52,12.94,299192,4178000.0,1120,,126026.0,42.12,new
COMSYN,EQ,2026-09-18,294.0,314.45,293.55,306.55,305.35,293.0,869871,266917999.99999997,9385,,468621.0,53.87,new
CONCOR,EQ,2026-09-18,489.0,504.55,485.1,504.55,504.55,488.15,2242132,1114734000.0,20131,,1502403.0,67.01,new
CONCORDBIO,EQ,2026-09-18,1459.5,1519.9,1459.4,1494.4,1500.0,1461.1,170417,255225000.0,13596,,58015.0,34.04,new
CONFIPET,EQ,2026-09-18,87.25,92.61,86.71,91.95,91.8,86.76,5542393,505829000.0,37991,,2400216.0,43.31,new
CONNPLEX,SM,2026-09-18,250.3,254.4,249.0,251.0,251.0,250.3,33600,8449000.0,38,,27200.0,80.95,new
CONS,EQ,2026-09-18,11.86,11.89,11.78,11.88,11.89,11.81,3928,46000.0,109,,3708.0,94.4,new
CONSOFINVT,BE,2026-09-18,300.6,307.6,300.05,302.2,304.0,300.6,3184,958000.0,41,,,,new
CONSUMAXIS,EQ,2026-09-18,118.43,118.6,117.73,118.57,118.57,118.06,851,100000.0,17,,618.0,72.62,new
CONSUMBEES,EQ,2026-09-18,128.26,128.66,127.42,128.32,128.66,126.99,39495,5054000.0,663,,23484.0,59.46,new
CONSUMER,EQ,2026-09-18,11.74,11.83,11.74,11.8,11.79,11.73,73605,867000.0,249,,39564.0,53.75,new
CONSUMIETF,EQ,2026-09-18,119.0,119.7,118.68,119.09,119.62,119.86,4906,584000.0,160,,2858.0,58.26,new
CONTI,SM,2026-09-18,10.15,10.15,10.05,10.05,10.05,10.55,9999,101000.0,3,,6666.0,66.67,new
CONTROLPR,EQ,2026-09-18,610.0,613.7,598.0,600.9,603.0,603.5,28633,17310000.0,1323,,18211.0,63.6,new
COOLCAPS,SM,2026-09-18,27.4,27.4,24.1,26.7,26.8,26.0,228750,5927000.0,140,,145000.0,63.39,new
CORALFINAC,EQ,2026-09-18,33.28,33.28,32.13,32.56,33.0,32.35,23368,760000.0,110,,14305.0,61.22,new
CORDELIA,EQ,2026-09-18,109.68,115.16,109.68,115.15,115.1,109.68,2435983,279673000.0,10968,,1636438.0,67.18,new
CORDSCABLE,EQ,2026-09-18,360.0,381.4,355.8,364.15,365.0,355.3,176486,64862000.0,5689,,81524.0,46.19,new
COROMANDEL,EQ,2026-09-18,1929.8,2019.9,1919.5,1999.5,1972.0,1929.8,302340,600363000.0,34371,,206678.0,68.36,new
CORONA,EQ,2026-09-18,2175.0,2208.0,2166.6,2201.8,2205.9,2169.6,12123,26563000.0,2230,,6658.0,54.92,new
COSMOFIRST,EQ,2026-09-18,883.0,884.45,866.05,871.25,874.3,879.9,34649,30267000.0,2572,,19498.0,56.27,new
COUNCODOS,BE,2026-09-18,6.45,6.45,6.05,6.32,6.2,6.33,47880,298000.0,140,,,,new
CPCAP,EQ,2026-09-18,142.46,152.0,141.01,145.19,145.5,141.05,107712,15753000.0,1871,,62110.0,57.66,new
CPEDU,EQ,2026-09-18,174.01,175.9,171.0,171.66,174.75,173.3,5691,983000.0,78,,4927.0,86.58,new
CPL,EQ,2026-09-18,67.3,68.24,63.5,64.49,63.8,65.39,41073,2715000.0,588,,10073.0,24.52,new
CPPLUS,EQ,2026-09-18,3378.4,3500.0,3321.0,3355.1,3352.3,3378.4,880079,2983433000.0,62031,,629303.0,71.51,new
CPS,SM,2026-09-18,1205.0,1205.0,1125.0,1185.0,1185.0,1152.0,900,1034000.0,5,,900.0,100.0,new
CPSEETF,EQ,2026-09-18,92.36,92.99,92.1,92.58,92.6,92.29,392825,36337000.0,4483,,255320.0,65.0,new
CRAFTSMAN,EQ,2026-09-18,10890.0,11300.0,10871.0,11138.0,11235.0,10937.0,207605,2314122000.0,26719,,141171.0,68.0,new
CRAMC,EQ,2026-09-18,236.0,237.6,232.6,234.0,234.9,234.35,275239,64583000.00000001,5189,,170111.0,61.8,new
CRAVATEX,EQ,2026-09-18,333.0,339.9,320.0,324.55,323.0,337.25,1798,606000.0,47,,1678.0,93.33,new
CRAYONS,SM,2026-09-18,23.05,24.2,23.05,23.5,23.5,23.05,4000,95000.0,4,,4000.0,100.0,new
CREATIVEYE,EQ,2026-09-18,5.88,5.88,5.5,5.7,5.69,5.59,11299,65000.0,97,,9951.0,88.07,new
CREDENT,SM,2026-09-18,336.0,362.0,335.0,357.7,359.7,333.0,133200,46543000.0,202,,105600.0,79.28,new
CREDITACC,EQ,2026-09-18,1370.0,1394.9,1360.0,1387.6,1388.0,1370.8,149069,204967000.0,20731,,76664.0,51.43,new
CREST,EQ,2026-09-18,374.0,385.0,356.35,365.75,365.0,371.0,2310,844000.0,137,,1011.0,43.77,new
CRESTO,EQ,2026-09-18,16.35,16.43,15.93,16.39,16.36,15.88,6035,99000.0,61,,5980.0,99.09,new
CRISIL,EQ,2026-09-18,4560.0,4615.0,4540.0,4577.5,4540.0,4560.0,81962,375077000.0,12384,,54695.0,66.73,new
CRIZAC,EQ,2026-09-18,176.55,177.63,172.0,173.73,173.3,176.56,149317,26073000.0,3834,,86674.0,58.05,new
CROMPTON,EQ,2026-09-18,226.0,227.12,225.11,227.12,227.12,225.1,1405047,318257000.0,10315,,945115.0,67.27,new
CROWN,EQ,2026-09-18,109.99,111.99,108.11,108.48,109.8,108.95,8079,890000.0,129,,5085.0,62.94,new
CRSL,BE,2026-09-18,2.52,2.52,2.41,2.44,2.47,2.47,184630,455000.0,487,,,,new
CSBBANK,EQ,2026-09-18,323.4,340.0,319.95,336.15,336.05,328.35,1075560,360233000.0,27069,,424911.0,39.51,new
CSLFINANCE,EQ,2026-09-18,216.14,220.31,214.81,218.24,218.5,216.92,12818,2795000.0,467,,6141.0,47.91,new
CSM,EQ,2026-09-18,104.0,114.9,101.5,109.85,111.5,102.64,9116969,992456000.0,65166,,926756.0,10.17,new
CSSL,SM,2026-09-18,87.0,87.0,86.0,86.0,86.0,87.0,2000,173000.0,2,,2000.0,100.0,new
CTE,BE,2026-09-18,38.59,40.7,38.59,40.7,40.7,38.77,14992,608000.0,45,,,,new
CUB,EQ,2026-09-18,231.6,238.95,231.6,235.79,235.89,231.82,2196738,520005000.0,36593,,1047112.0,47.67,new
CUBEINVIT,IV,2026-09-18,156.99,156.99,155.8,156.36,156.2,156.49,530408,82868000.0,13065,,508787.0,95.92,new
CUBEXTUB,EQ,2026-09-18,86.0,87.0,80.26,85.32,84.81,81.63,247242,20817000.0,3343,,140599.0,56.87,new
CUDML,SM,2026-09-18,105.1,108.0,105.1,108.0,108.0,107.45,4000,426999.99999999994,3,,4000.0,100.0,new
CUMMINSIND,EQ,2026-09-18,5000.0,5119.0,5000.0,5099.5,5099.5,5020.0,502366,2559466000.0,40645,,369945.0,73.64,new
CUPID,EQ,2026-09-18,280.3,282.0,251.1,265.0,262.9,279.15,27287571,7302894000.0,129748,,12513149.0,45.86,new
CURAA,BE,2026-09-18,69.94,76.0,69.94,76.0,76.0,72.94,168,12000.0,6,,,,new
CURIS,ST,2026-09-18,207.0,207.05,200.05,200.05,200.05,207.05,9000,1842000.0000000002,7,,9000.0,100.0,new
CURRENT,SM,2026-09-18,81.3,81.3,81.3,81.3,81.3,81.4,1600,130000.0,1,,1600.0,100.0,new
CYBERMEDIA,BE,2026-09-18,22.03,23.0,20.93,21.16,21.3,22.03,33593,719000.0,196,,,,new
CYBERTECH,BE,2026-09-18,142.55,144.4,139.0,142.82,143.75,141.22,32580,4653000.0,320,,,,new
CYIENT,EQ,2026-09-18,1064.8,1079.5,1047.6,1073.3,1079.0,1064.0,668011,713990000.0,30650,,375316.0,56.18,new
CYIENTDLM,EQ,2026-09-18,893.45,945.0,890.0,940.7,939.0,893.5,469640,436657000.0,28241,,192710.0,41.03,new
DABUR,EQ,2026-09-18,384.6,395.25,382.95,395.25,395.25,384.55,2455500,955620999.9999999,28526,,1673364.0,68.15,new
DAICHI,BE,2026-09-18,330.0,339.0,323.0,327.95,328.0,328.65,489,161000.0,10,,,,new
DALBHARAT,EQ,2026-09-18,1695.0,1805.0,1685.1,1761.4,1804.9,1693.3,374184,650879000.0,26846,,194857.0,52.08,new
DALMIASUG,EQ,2026-09-18,394.0,398.2,382.4,390.5,389.4,390.5,148278,57640000.0,5974,,49455.0,33.35,new
DAMCAPITAL,EQ,2026-09-18,137.0,139.0,136.52,137.92,138.1,136.73,176661,24310000.0,2089,,98319.0,55.65,new
DAMODARIND,BE,2026-09-18,28.14,28.19,27.75,28.12,28.19,27.54,1916,54000.0,11,,,,new
DANGEE,EQ,2026-09-18,2.71,2.75,2.69,2.73,2.74,2.72,22988,62000.0,115,,22484.0,97.81,new
DANISH,SM,2026-09-18,940.5,1039.9,940.5,1021.35,1019.4,940.25,76050,76004000.0,378,,57750.0,75.94,new
DATAMATICS,EQ,2026-09-18,763.9,772.0,753.0,765.95,762.25,758.35,43182,32889999.999999996,2606,,19520.0,45.2,new
DATAPATTNS,EQ,2026-09-18,4429.7,4550.0,4415.6,4513.3,4540.0,4411.1,606762,2723731000.0,65257,,180326.0,29.72,new
DAVANGERE,EQ,2026-09-18,2.08,2.1,2.03,2.06,2.09,2.06,6216386,12853000.0,2306,,4175064.0,67.16,new
DBCORP,EQ,2026-09-18,187.82,189.56,183.6,184.06,184.5,187.82,107079,19894000.0,3110,,81095.0,75.73,new
DBEIL,EQ,2026-09-18,7.3,7.3,6.95,7.12,7.19,7.05,686235,4839000.0,445,,595233.0,86.74,new
DBL,EQ,2026-09-18,408.35,428.5,408.35,425.5,424.25,408.35,638580,270299000.0,16524,,301439.0,47.2,new
DBOL,EQ,2026-09-18,115.22,117.3,109.74,116.27,116.0,115.81,181653,20547000.0,3727,,99592.0,54.83,new
DBREALTY,EQ,2026-09-18,95.69,97.3,94.0,95.68,96.34,94.73,1389676,132505000.0,9511,,759986.0,54.69,new
DBSTOCKBRO,BE,2026-09-18,29.22,30.5,29.22,30.35,30.5,29.22,6932,209000.0,52,,,,new
DCAL,EQ,2026-09-18,162.0,171.69,157.6,170.52,170.75,162.11,727114,120166000.00000001,12243,,283232.0,38.95,new
DCBBANK,EQ,2026-09-18,218.99,223.02,217.0,218.35,219.0,218.51,1445096,317504000.0,21933,,810731.0,56.1,new
DCCL,SM,2026-09-18,40.5,40.5,40.5,40.5,40.5,40.0,2000,81000.0,1,,2000.0,100.0,new
DCG,ST,2026-09-18,75.9,78.9,75.85,78.5,78.85,79.8,28800,2206000.0,24,,28800.0,100.0,new
DCI,EQ,2026-09-18,287.8,288.9,277.25,278.95,278.0,282.75,78388,22088000.0,2180,,23959.0,30.56,new
DCM,EQ,2026-09-18,78.0,79.79,77.01,77.21,77.3,76.36,4286,336000.0,84,,2933.0,68.43,new
DCMFINSERV,EQ,2026-09-18,5.26,5.26,4.78,5.18,5.22,5.13,5895,31000.0,92,,3575.0,60.64,new
DCMNVL,EQ,2026-09-18,175.02,182.79,172.52,180.2,181.0,174.84,8381,1500000.0,221,,7334.0,87.51,new
DCMSHRIRAM,EQ,2026-09-18,990.0,1005.0,982.4,995.0,1003.0,984.0,69400,68952000.0,4595,,53641.0,77.29,new
DCMSIL,EQ,2026-09-18,70.64,72.0,67.99,70.26,70.21,70.29,110121,7686000.0,1420,,72560.0,65.89,new
DCMSRIND,EQ,2026-09-18,38.81,39.68,38.0,38.24,38.52,38.39,225676,8642000.0,1872,,148828.0,65.95,new
DCW,EQ,2026-09-18,45.18,45.64,45.05,45.18,45.15,45.42,560676,25399000.0,3122,,325260.0,58.01,new
DCXINDIA,EQ,2026-09-18,165.29,167.08,161.97,163.1,163.2,164.32,307226,50266000.0,5664,,162721.0,52.96,new
DDEVPLSTIK,EQ,2026-09-18,255.8,257.55,252.8,254.95,254.95,255.15,71638,18235000.0,2583,,39505.0,55.15,new
DECCANCE,EQ,2026-09-18,567.3,572.45,562.5,567.45,564.1,569.2,36914,20878000.0,964,,26880.0,72.82,new
DECCANTRAN,SM,2026-09-18,19.8,20.05,19.8,20.0,20.0,19.8,3600,72000.0,3,,3600.0,100.0,new
DECNGOLD,EQ,2026-09-18,219.47,220.74,216.0,217.21,218.0,217.85,714192,155638000.0,10029,,327657.0,45.88,new
DEEDEV,EQ,2026-09-18,636.95,668.75,636.8,668.75,668.75,636.95,288664,192321000.0,5731,,234147.0,81.11,new
DEEM,ST,2026-09-18,38.1,40.95,38.1,40.95,40.95,39.0,6000,243000.00000000003,6,,6000.0,100.0,new
DEEP,EQ,2026-09-18,49.0,49.0,46.11,46.72,47.65,47.23,24429,1164000.0,452,,18136.0,74.24,new
DEEPA,EQ,2026-09-18,175.3,191.49,171.38,188.31,188.5,173.34,7608515,1407557000.0,75067,,1193338.0,15.68,new
DEEPAKFERT,EQ,2026-09-18,1324.1,1350.0,1313.2,1343.2,1343.0,1324.6,209549,279873000.0,15172,,92217.0,44.01,new
DEEPAKNTR,EQ,2026-09-18,1606.9,1623.5,1577.2,1586.3,1582.7,1604.8,426779,679920000.0,26484,,304105.0,71.26,new
DEEPINDS,EQ,2026-09-18,734.7,747.6,732.55,743.35,747.0,734.7,137404,101846000.0,6480,,55405.0,40.32,new
DEFENCE,EQ,2026-09-18,78.09,78.96,78.0,78.72,78.49,77.67,216860,17049000.0,705,,114967.0,53.01,new
DELAPLEX,SM,2026-09-18,98.2,98.25,90.0,90.6,91.45,98.25,22800,2103000.0,36,,19200.0,84.21,new
DELHIVERY,EQ,2026-09-18,426.1,433.55,425.85,428.0,428.0,425.95,1686221,724314000.0,31130,,1108231.0,65.72,new
DELPHIFX,BE,2026-09-18,5.29,5.29,4.96,4.96,4.96,5.22,300320,1507000.0,389,,,,new
DELTACORP,EQ,2026-09-18,56.5,58.85,56.03,58.34,58.5,56.15,1668878,96345000.0,10523,,818175.0,49.03,new
DELTAMAGNT,EQ,2026-09-18,56.9,56.9,53.5,54.95,55.9,55.2,898,50000.0,94,,717.0,79.84,new
DELTIC,SM,2026-09-18,33.1,34.0,33.0,33.2,33.05,34.25,12000,399000.0,11,,8000.0,66.67,new
DEN,EQ,2026-09-18,26.45,26.75,26.31,26.62,26.75,26.45,72184,1914999.9999999998,715,,53909.0,74.68,new
DENEERS,SM,2026-09-18,166.75,177.75,166.75,172.25,172.25,163.75,10200,1766000.0,16,,9000.0,88.24,new
DENORA,EQ,2026-09-18,787.85,790.55,770.0,782.25,789.0,784.85,1861,1450000.0,291,,1225.0,65.82,new
DENTA,EQ,2026-09-18,279.3,281.95,276.55,279.35,280.65,278.4,61071,17065000.0,2549,,23249.0,38.07,new
DENTALKART,SM,2026-09-18,395.05,427.5,394.0,420.4,424.0,395.5,20000,8348000.0,73,,13500.0,67.5,new
DEVIT,EQ,2026-09-18,23.31,23.9,23.05,23.13,23.07,23.43,15846,369000.0,214,,11366.0,71.73,new
DEVX,EQ,2026-09-18,33.0,33.69,31.21,32.21,32.01,33.31,103136,3338000.0000000005,1223,,56700.0,54.98,new
DEVYANI,EQ,2026-09-18,139.43,141.49,138.19,140.62,140.75,138.51,2466888,345298000.0,31750,,1312466.0,53.2,new
DGCONTENT,EQ,2026-09-18,23.8,24.55,23.71,24.49,24.5,24.0,19907,486000.00000000006,67,,18356.0,92.21,new
DHABRIYA,BE,2026-09-18,470.0,490.65,460.0,488.75,490.65,467.3,6986,3313000.0000000005,152,,,,new
DHAMPURSUG,EQ,2026-09-18,152.45,160.0,148.61,156.22,157.12,151.72,762354,116970000.0,10680,,327329.0,42.94,new
DHANBANK,EQ,2026-09-18,28.88,29.75,28.85,29.47,29.74,28.88,262185,7667000.0,1493,,142597.0,54.39,new
DHANLAXMI,SM,2026-09-18,24.0,24.0,24.0,24.0,24.0,24.5,2000,48000.0,1,,2000.0,100.0,new
DHANSA,ST,2026-09-18,29.2,31.15,29.2,30.2,30.25,30.7,8000,240000.0,4,,8000.0,100.0,new
DHANUKA,EQ,2026-09-18,980.05,990.0,970.05,973.3,970.05,982.25,13511,13255000.000000002,1478,,6950.0,51.44,new
DHARAN,BZ,2026-09-18,0.14,0.14,0.13,0.14,0.14,0.13,4858146,680000.0,587,,,,new
DHARARAIL,ST,2026-09-18,140.25,142.0,140.25,142.0,142.0,143.55,7000,984000.0,6,,7000.0,100.0,new
DHARIWAL,SM,2026-09-18,23.65,24.9,23.15,24.35,24.7,24.35,264000,6197000.0,68,,186000.0,70.45,new
DHARMAJ,EQ,2026-09-18,274.0,286.9,272.0,276.15,277.0,271.1,40591,11304000.0,2154,,20652.0,50.88,new
DHATRE,EQ,2026-09-18,4.4,4.4,4.08,4.18,4.19,4.12,31872,136000.0,173,,23915.0,75.03,new
DHOOTTRANS,EQ,2026-09-18,1575.0,1603.8,1558.0,1590.7,1595.1,1579.8,1187578,1883190000.0000002,55142,,361125.0,30.41,new
DHRUV,EQ,2026-09-18,21.0,22.77,21.0,21.4,21.35,21.69,14049,311000.0,89,,12581.0,89.55,new
DHTL,SM,2026-09-18,28.0,28.0,27.95,27.95,27.95,29.4,12800,358000.0,6,,12000.0,93.75,new
DHUNINV,EQ,2026-09-18,998.8,1008.0,980.0,1001.95,1002.0,981.75,799,794000.0,92,,556.0,69.59,new
DIACABS,BE,2026-09-18,375.0,375.0,362.1,366.8,366.25,376.05,759461,279165000.0,9714,,,,new
DIAMINESQ,EQ,2026-09-18,258.0,259.86,252.03,256.77,259.8,255.04,2884,739000.0,88,,1518.0,52.64,new
DIAMONDYD,EQ,2026-09-18,1107.0,1122.0,1079.2,1088.1,1084.0,1100.4,15018,16461000.000000002,1204,,10296.0,68.56,new
DICIND,EQ,2026-09-18,630.5,642.0,618.0,632.5,628.3,628.45,7309,4617000.0,362,,5067.0,69.33,new
DIFFNKG,EQ,2026-09-18,438.0,452.0,436.2,445.8,448.0,435.85,86835,38571000.0,4741,,35767.0,41.19,new
DIGIDRIVE,EQ,2026-09-18,17.24,17.78,17.11,17.43,17.3,17.48,22287,387000.0,136,,19798.0,88.83,new
DIGIKORE,SM,2026-09-18,38.5,39.6,36.3,37.35,37.95,39.45,68400,2567000.0,75,,49600.0,72.51,new
DIGISPICE,EQ,2026-09-18,16.26,17.09,16.15,16.99,16.91,16.28,300569,5059000.0,627,,244649.0,81.4,new
DIGITIDE,EQ,2026-09-18,85.0,85.94,83.0,83.45,83.0,84.82,146398,12300000.0,1732,,84991.0,58.05,new
DIGJAMLMTD,BE,2026-09-18,58.5,61.6,58.5,61.6,61.6,58.67,18535,1105000.0,104,,,,new
DISAQ,EQ,2026-09-18,12165.0,12165.0,11716.0,12062.0,12062.0,11923.0,137,1643000.0,84,,85.0,62.04,new
DISHTV,EQ,2026-09-18,2.62,2.65,2.52,2.56,2.55,2.59,2364283,6137000.0,1721,,1811051.0,76.6,new
DIVGIITTS,EQ,2026-09-18,1122.2,1141.7,1118.7,1130.2,1124.0,1122.2,45303,51121000.0,4352,,22129.0,48.85,new
DIVIDEND,EQ,2026-09-18,34.77,34.89,34.69,34.85,34.83,34.81,2339,81000.0,71,,1247.0,53.31,new
DIVINEHIRA,ST,2026-09-18,105.0,107.0,100.6,102.5,104.85,104.95,8400,869000.0,6,,4800.0,57.14,new
DIVISLAB,EQ,2026-09-18,9346.5,9445.0,9328.5,9375.0,9375.0,9323.0,691534,6484478000.0,96421,,492740.0,71.25,new
DIVOPPBEES,EQ,2026-09-18,75.25,75.25,74.44,74.71,74.88,74.88,25029,1869000.0000000002,882,,14747.0,58.92,new
DIXON,EQ,2026-09-18,13290.0,13383.0,13005.0,13005.0,13005.0,13290.0,371296,4890561000.0,38430,,195168.0,52.56,new
DJML,EQ,2026-09-18,79.09,81.3,77.01,77.65,77.5,78.28,19162,1490000.0,485,,9753.0,50.9,new
DKEGL,SM,2026-09-18,70.0,70.0,70.0,70.0,70.0,63.3,1500,105000.0,1,,1500.0,100.0,new
DLF,EQ,2026-09-18,640.0,653.7,640.0,644.35,644.35,640.0,2890331,1876182000.0,62039,,1847279.0,63.91,new
DLINKINDIA,EQ,2026-09-18,427.8,434.8,424.1,430.05,433.9,424.6,46171,19771000.0,2024,,27711.0,60.02,new
DMART,EQ,2026-09-18,3711.1,3755.8,3680.0,3749.9,3749.9,3711.2,881497,3275303000.0,31216,,626100.0,71.03,new
DMCC,EQ,2026-09-18,263.0,284.0,261.3,280.65,279.15,261.7,122609,33922000.0,4432,,47482.0,38.73,new
DNAMEDIA,EQ,2026-09-18,2.44,2.5,2.25,2.47,2.38,2.31,39981,96000.0,149,,30016.0,75.08,new
DODLA,EQ,2026-09-18,1054.0,1095.0,1048.5,1083.6,1095.0,1049.6,28490,30407000.0,4073,,16046.0,56.32,new
DOLATALGO,EQ,2026-09-18,67.99,68.38,67.05,67.32,68.34,67.86,98529,6653000.0,976,,63789.0,64.74,new
DOLLAR,EQ,2026-09-18,268.0,278.0,266.85,273.25,274.0,267.0,161698,44280000.0,4387,,82411.0,50.97,new
DOLLEX,EQ,2026-09-18,37.95,38.5,36.85,37.2,37.0,37.05,14860,560000.0,98,,13045.0,87.79,new
DOLPHIN,EQ,2026-09-18,678.0,684.75,659.0,665.5,669.0,673.7,27025,18090000.0,1331,,11561.0,42.78,new
DOMS,EQ,2026-09-18,2121.6,2122.9,2097.4,2105.3,2113.0,2121.6,20153,42453000.0,3495,,12925.0,64.13,new
DONEAR,EQ,2026-09-18,82.0,84.18,82.0,83.79,83.99,82.81,7103,591000.0,135,,5501.0,77.45,new
DPABHUSHAN,EQ,2026-09-18,1330.0,1482.0,1330.0,1448.3,1475.0,1337.0,37904,53628000.0,3119,,21535.0,56.81,new
DPEL,SM,2026-09-18,643.1,650.0,638.0,648.5,647.1,642.65,37000,23875000.0,65,,26000.0,70.27,new
DPSCLTD,BE,2026-09-18,7.1,7.18,6.85,7.16,7.18,7.1,84580,596000.0,331,,,,new
DPWIRES,BE,2026-09-18,146.95,149.77,145.11,146.44,147.2,146.95,3010,445000.0,107,,,,new
DRAGARWQ,EQ,2026-09-18,5339.5,5380.0,5251.0,5371.5,5379.0,5255.0,708,3761999.9999999995,276,,289.0,40.82,new
DRCSYSTEMS,EQ,2026-09-18,12.81,12.81,12.31,12.63,12.64,12.59,12957,163000.0,217,,10416.0,80.39,new
DREAMFOLKS,EQ,2026-09-18,65.98,65.98,64.32,64.76,64.8,65.17,30395,1971000.0,782,,18892.0,62.15,new
DREDGECORP,EQ,2026-09-18,985.6,1006.0,985.0,992.3,991.6,988.0,36676,36484000.0,3220,,16550.0,45.12,new
DRONE,SM,2026-09-18,32.8,33.5,32.8,32.95,32.95,32.75,14000,465000.00000000006,16,,12000.0,85.71,new
DRREDDY,EQ,2026-09-18,1182.6,1207.5,1182.1,1185.0,1185.0,1175.0,3002566,3579322000.0,81367,,1743201.0,58.06,new
DSFCL,BE,2026-09-18,25.0,26.2,24.31,26.14,25.9,24.98,92554,2338000.0,186,,,,new
DSKULKARNI,BE,2026-09-18,22.71,22.71,22.71,22.71,22.71,22.27,161,4000.0,5,,,,new
DSSL,EQ,2026-09-18,1042.4,1042.4,1010.5,1013.4,1012.9,1008.6,13842,14063000.0,1939,,7249.0,52.37,new
DTIL,BE,2026-09-18,141.0,141.0,137.9,138.42,138.0,138.98,3024,419000.00000000006,26,,,,new
DUCOL,SM,2026-09-18,126.0,130.45,126.0,130.2,130.4,127.35,17600,2274000.0,18,,16000.0,90.91,new
DUCON,EQ,2026-09-18,1.22,1.29,1.15,1.23,1.24,1.27,6489613,7972000.0,1756,,4614009.0,71.1,new
DUGLOBAL,SM,2026-09-18,21.5,24.7,21.5,21.95,21.8,23.45,65000,1460000.0,25,,50000.0,76.92,new
DURLAX,SM,2026-09-18,57.95,64.0,57.0,63.3,62.5,57.15,284000,16888000.0,100,,160000.0,56.34,new
DVL,EQ,2026-09-18,280.45,293.25,280.45,290.0,291.55,278.8,11439,3310000.0,452,,7884.0,68.92,new
DWARKESH,EQ,2026-09-18,40.52,41.51,39.86,41.15,41.32,40.53,1861792,75675000.0,7316,,524654.0,28.18,new
DYCL,EQ,2026-09-18,443.9,464.0,443.55,457.4,457.6,442.35,419341,191004000.0,13915,,125839.0,30.01,new
DYNAMATECH,EQ,2026-09-18,11819.0,12215.0,11743.0,12061.0,12056.0,11819.0,12437,150202000.0,4409,,4256.0,34.22,new
DYNAMIC,ST,2026-09-18,143.4,146.85,139.1,142.6,143.0,139.9,24000,3467000.0,47,,21500.0,89.58,new
DYNPRO,EQ,2026-09-18,230.05,232.0,228.0,229.89,231.0,227.85,4824,1107000.0,150,,3767.0,78.09,new
E2E,BE,2026-09-18,607.05,620.0,599.0,607.65,608.9,604.4,595972,362672000.0,7146,,,,new
E2ERAIL,SM,2026-09-18,350.0,362.0,337.1,344.65,337.1,346.45,136800,48364000.0,144,,47200.0,34.5,new
EASEMYTRIP,EQ,2026-09-18,5.81,5.81,5.71,5.76,5.75,5.79,13670746,78669000.0,8187,,7276894.0,53.23,new
EASTSILK,BE,2026-09-18,61.5,64.11,61.5,64.07,64.0,61.06,1041,66000.0,14,,,,new
EASTWEST,EQ,2026-09-18,2.23,2.27,2.1,2.25,2.26,2.21,56253,123000.0,174,,41762.0,74.24,new
EBANK10,EQ,2026-09-18,16.59,16.59,16.57,16.57,16.57,16.28,109,2000.0,2,,109.0,100.0,new
EBANKNIFTY,EQ,2026-09-18,56.83,56.98,56.53,56.96,56.96,56.74,1676,95000.0,17,,1590.0,94.87,new
EBBETF0430,EQ,2026-09-18,1639.4,1639.4,1604.01,1610.9,1613.1,1607.25,3456,5560000.0,265,,2458.0,71.12,new
EBBETF0431,EQ,2026-09-18,1438.47,1439.97,1429.21,1431.44,1431.15,1432.11,2826,4049000.0,68,,2431.0,86.02,new
EBBETF0433,EQ,2026-09-18,1304.2,1309.0,1301.08,1303.19,1303.05,1304.44,2911,3800000.0,130,,1689.0,58.02,new
EBGNG,EQ,2026-09-18,668.25,711.25,664.55,703.05,705.2,661.65,1067215,742306000.0,43981,,347908.0,32.6,new
EBIX,BE,2026-09-18,19.24,19.3,18.66,19.03,19.2,19.24,5798,111000.00000000001,64,,,,new
ECAPINSURE,EQ,2026-09-18,23.78,24.01,23.48,23.61,23.53,23.54,24238,571000.0,161,,20540.0,84.74,new
ECLERX,EQ,2026-09-18,1919.4,1938.8,1898.7,1915.6,1920.0,1923.0,177527,340157000.0,16588,,85789.0,48.32,new
ECOLINE,ST,2026-09-18,166.0,173.3,166.0,173.3,173.3,166.15,15000,2544000.0,15,,12000.0,80.0,new
ECORECO,EQ,2026-09-18,442.8,445.95,424.0,432.1,430.0,435.85,8812,3828000.0,796,,5140.0,58.33,new
ECOSMOBLTY,EQ,2026-09-18,107.45,108.5,106.5,108.12,108.0,106.89,30641,3294000.0,955,,16996.0,55.47,new
EDELWEISS,EQ,2026-09-18,128.42,136.9,128.42,136.25,136.0,128.34,9148549,1227442000.0,48024,,4338894.0,47.43,new
EEPL,ST,2026-09-18,138.0,138.0,133.0,133.0,133.0,136.0,10000,1357000.0,10,,9000.0,90.0,new
EFACTOR,SM,2026-09-18,164.95,165.0,164.95,165.0,165.0,162.3,3200,528000.0,8,,3200.0,100.0,new
EFCIL,EQ,2026-09-18,179.89,180.5,176.85,178.67,179.5,177.95,216644,38591000.0,2480,,121947.0,56.29,new
EFFWA,SM,2026-09-18,360.4,368.95,345.0,362.1,362.1,360.4,28800,10344000.0,43,,18800.0,65.28,new
EFORCE,SM,2026-09-18,18.8,19.45,18.3,18.3,18.3,18.8,6000,112000.00000000001,5,,4800.0,80.0,new
EGOLD,EQ,2026-09-18,151.65,153.15,151.65,152.8,152.5,150.45,71864,10963000.0,853,,43136.0,60.02,new
EICHERMOT,EQ,2026-09-18,7523.5,7569.0,7477.0,7516.0,7516.0,7493.5,419526,3154428000.0,28876,,296630.0,70.71,new
EIDPARRY,EQ,2026-09-18,694.65,708.15,682.75,700.7,700.4,703.1,854169,594064000.0,41072,,399940.0,46.82,new
EIEL,EQ,2026-09-18,201.0,202.0,196.06,200.01,201.8,199.64,574560,114227000.0,9796,,267655.0,46.58,new
EIFFL,BE,2026-09-18,259.45,262.1,259.45,262.1,262.1,264.7,7949,2066000.0,23,,,,new
EIHAHOTELS,EQ,2026-09-18,294.95,307.8,294.05,303.5,302.0,294.95,37838,11415000.0,1499,,19153.0,50.62,new
EIHOTEL,EQ,2026-09-18,304.0,321.15,299.95,317.9,317.2,299.9,1308371,411508000.0,32093,,439618.0,33.6,new
EIMCOELECO,EQ,2026-09-18,2247.0,2292.8,2240.0,2248.4,2240.0,2247.4,15042,33941000.0,1931,,7641.0,50.8,new
EKC,EQ,2026-09-18,100.1,101.88,99.21,101.07,100.91,101.01,92899,9337000.0,1766,,52898.0,56.94,new
EKI,EQ,2026-09-18,67.51,69.89,67.5,68.34,68.3,68.36,6068,415000.00000000006,253,,4339.0,71.51,new
ELANTAS,EQ,2026-09-18,13747.0,14400.0,13561.0,14228.0,14171.0,13686.0,3136,44106000.0,1607,,1257.0,40.08,new
ELCIDIN,EQ,2026-09-18,109735.0,109735.0,103820.0,105130.0,103820.0,106270.0,13,1386000.0,13,,8.0,61.54,new
ELDEHSG,EQ,2026-09-18,788.0,789.95,770.25,781.7,780.0,767.1,209,164000.0,41,,161.0,77.03,new
ELECON,EQ,2026-09-18,414.6,424.95,414.0,421.2,417.5,414.6,301790,126633999.99999999,14095,,93911.0,31.12,new
ELECTCAST,EQ,2026-09-18,74.25,75.3,72.9,73.38,73.4,74.07,1797787,132254000.0,15307,,1029734.0,57.28,new
ELECTHERM,EQ,2026-09-18,932.0,947.0,920.0,925.5,933.0,932.65,12959,12014000.0,310,,10913.0,84.21,new
ELGIEQUIP,EQ,2026-09-18,593.9,613.3,593.3,609.55,606.55,593.3,398074,241288000.0,20986,,216857.0,54.48,new
ELGIRUBCO,EQ,2026-09-18,60.81,62.38,60.81,61.6,61.75,60.81,74237,4579000.0,632,,49196.0,66.27,new
ELGNZ,SM,2026-09-18,83.05,86.7,82.75,85.85,83.05,85.5,23000,1953000.0,15,,8000.0,34.78,new
ELIN,EQ,2026-09-18,89.51,90.29,87.9,88.53,88.5,89.88,71187,6309000.0,1260,,42467.0,59.66,new
ELIQUID,EQ,2026-09-18,1048.39,1048.4,1048.39,1048.4,1048.4,1047.99,9883,10361000.0,10,,9883.0,100.0,new
ELITECON,EQ,2026-09-18,7.37,8.13,7.37,7.99,8.0,7.75,15604333,122570000.0,15798,,9190865.0,58.9,new
ELLEN,EQ,2026-09-18,371.0,387.0,370.7,373.1,374.0,371.0,733301,276866000.0,15591,,309633.0,42.22,new
ELM250,EQ,2026-09-18,16.36,16.45,16.01,16.15,16.14,16.27,73569,1194000.0,281,,47225.0,64.19,new
ELMDIV,EQ,2026-09-18,35.39,35.5,35.39,35.5,35.5,35.22,4,0.0,2,,4.0,100.0,new
ELPROINTL,EQ,2026-09-18,172.86,174.58,170.97,172.53,172.05,173.26,15621,2690000.0,1881,,12372.0,79.2,new
EMAMILTD,EQ,2026-09-18,380.0,380.05,366.55,368.45,368.9,376.1,3703471,1374355000.0,74331,,1841498.0,49.72,new
EMAMIPAP,BE,2026-09-18,111.97,117.56,106.38,116.7,117.1,111.97,59907,6754000.000000001,324,,,,new
EMAMIREAL,EQ,2026-09-18,69.4,69.4,66.15,67.18,66.42,67.87,3888,260000.0,87,,2907.0,74.77,new
EMAPARTNER,SM,2026-09-18,82.0,84.5,82.0,84.5,84.5,82.0,20000,1657000.0,9,,18000.0,90.0,new
EMBASSY,RR,2026-09-18,439.46,446.6,437.5,441.07,439.26,439.46,5129525,2257472000.0,28060,,4597276.0,89.62,new
EMBDL,EQ,2026-09-18,55.0,55.0,53.5,53.88,53.7,54.91,2229839,120309999.99999999,8889,,968626.0,43.44,new
EMCURE,EQ,2026-09-18,1915.9,2100.7,1915.1,2003.8,2083.0,1909.8,1744754,3490805000.0000005,51792,,1140456.0,65.36,new
EMETAL,EQ,2026-09-18,12.99,13.1,12.87,13.05,13.1,12.99,6609,85000.0,39,,5957.0,90.13,new
EMIL,EQ,2026-09-18,186.85,202.86,185.1,196.28,195.9,185.07,15751870,3109581000.0,153469,,4185572.0,26.57,new
EMKAY,EQ,2026-09-18,248.95,253.75,244.95,248.9,249.0,248.95,11664,2900000.0,358,,7785.0,66.74,new
EMMBI,BE,2026-09-18,87.25,89.76,86.1,88.91,89.0,87.91,2806,246000.0,58,,,,new
EMMIL,SM,2026-09-18,117.5,117.5,113.75,114.9,115.5,115.0,6250,719000.0,20,,5750.0,92.0,new
EMMVEE,EQ,2026-09-18,328.65,333.0,326.6,328.0,329.0,325.5,974170,320928000.0,26528,,457752.0,46.99,new
EMPIND,EQ,2026-09-18,1043.8,1064.8,1043.4,1057.1,1056.0,1065.3,968,1023000.0,104,,743.0,76.76,new
EMPOWER,EQ,2026-09-18,2.38,2.38,2.38,2.38,2.38,2.5,1202346,2862000.0,1105,,1200846.0,99.88,new
EMSLIMITED,EQ,2026-09-18,364.5,371.25,362.0,366.65,365.2,364.5,104833,38334000.0,3238,,44694.0,42.63,new
EMUDHRA,EQ,2026-09-18,633.25,638.1,601.1,613.45,620.0,633.35,1272884,781594000.0,35360,,256767.0,20.17,new
EMULTIMQ,EQ,2026-09-18,41.28,41.55,40.94,41.35,41.44,41.29,9268,384000.0,169,,5270.0,56.86,new
ENCOMPAS,SM,2026-09-18,260.0,260.0,227.0,238.85,234.5,259.9,56400,13721000.0,66,,39600.0,70.21,new
ENDURANCE,EQ,2026-09-18,2680.8,2743.6,2680.8,2732.0,2741.0,2690.8,88695,241635000.0,17705,,63572.0,71.67,new
ENERGY,EQ,2026-09-18,38.08,38.2,37.21,38.14,38.14,37.6,124531,4734000.0,683,,89377.0,71.77,new
ENERGYAXIS,EQ,2026-09-18,18.94,19.19,18.75,18.96,19.14,18.76,10923,206000.0,46,,4896.0,44.82,new
ENERGYDEV,EQ,2026-09-18,14.66,15.01,14.5,14.68,14.51,14.66,18897,280000.0,266,,13676.0,72.37,new
ENEXT50,EQ,2026-09-18,70.89,72.41,70.89,71.6,71.6,70.89,406,28999.999999999996,10,,382.0,94.09,new
ENFUSE,SM,2026-09-18,142.0,142.0,142.0,142.0,142.0,142.0,1800,256000.0,3,,1200.0,66.67,new
ENGINERSIN,EQ,2026-09-18,265.0,268.5,263.5,266.35,267.0,263.75,1732303,461245000.0,27786,,860578.0,49.68,new
ENIFTY,EQ,2026-09-18,24.07,24.07,23.45,23.6,23.61,23.49,4415,104000.0,69,,4210.0,95.36,new
ENIL,EQ,2026-09-18,100.0,102.8,99.5,101.9,100.4,100.85,13770,1385000.0,300,,10688.0,77.62,new
ENKEIWHEL,EQ,2026-09-18,388.0,404.9,385.4,395.1,392.15,392.6,827,324000.0,83,,670.0,81.02,new
ENRIN,EQ,2026-09-18,3116.0,3250.0,3110.0,3228.0,3245.0,3109.1,740325,2368720000.0,61825,,494927.0,66.85,new
ENSER,SM,2026-09-18,15.2,15.2,14.05,14.1,14.1,15.0,35000,509999.99999999994,7,,20000.0,57.14,new
ENTERO,EQ,2026-09-18,1669.9,1737.8,1669.9,1732.3,1729.8,1666.6,244661,418122999.99999994,22667,,114756.0,46.9,new
ENVIRO,SM,2026-09-18,69.0,69.0,65.05,66.0,65.05,67.65,28000,1889999.9999999998,20,,20000.0,71.43,new
EPACK,EQ,2026-09-18,181.01,183.01,178.4,178.84,178.77,180.82,161343,28938000.0,3132,,78859.0,48.88,new
EPACKPEB,EQ,2026-09-18,225.0,231.61,224.41,226.26,226.5,222.26,315915,72031000.0,6805,,129027.0,40.84,new
EPIGRAL,EQ,2026-09-18,1101.9,1119.4,1093.1,1105.3,1108.0,1101.4,25007,27607000.0,2774,,14598.0,58.38,new
EPL,EQ,2026-09-18,234.0,241.1,233.75,239.35,240.0,231.4,2325889,555641000.0,30272,,1416217.0,60.89,new
EPWINDIA,ST,2026-09-18,242.0,252.0,240.0,240.15,240.0,240.0,18000,4455000.0,13,,14400.0,80.0,new
EQUAL200,EQ,2026-09-18,13.48,13.6,13.48,13.6,13.6,13.43,2868,39000.0,44,,2101.0,73.26,new
EQUAL50,EQ,2026-09-18,323.08,323.77,322.59,323.77,323.77,323.05,2038,659000.0,12,,109.0,5.35,new
EQUAL50ADD,EQ,2026-09-18,333.64,334.5,333.05,334.35,334.0,333.34,6164,2059000.0,182,,4601.0,74.64,new
EQUIPPP,BE,2026-09-18,24.0,24.6,23.26,24.51,24.6,24.39,53053,1299000.0,27,,,,new
EQUITASBNK,EQ,2026-09-18,72.05,74.9,71.89,74.09,73.99,72.13,2395159,176267000.0,9514,,1521514.0,63.52,new
ERIS,EQ,2026-09-18,1315.1,1355.1,1303.1,1321.3,1312.6,1310.7,143139,189539000.0,12093,,74243.0,51.87,new
ESABINDIA,EQ,2026-09-18,5618.5,5659.5,5600.5,5627.5,5601.0,5618.5,3207,18053000.0,1268,,1999.0,62.33,new
ESAFSFB,BE,2026-09-18,38.27,39.5,38.27,39.19,38.93,38.44,206115,8043000.000000001,1227,,,,new
ESCONET,ST,2026-09-18,203.3,224.0,203.3,214.5,214.0,213.95,43200,9012000.0,80,,37200.0,86.11,new
ESCORTS,EQ,2026-09-18,2830.0,2836.8,2769.4,2798.2,2799.9,2830.0,81690,228958000.0,10890,,50113.0,61.35,new
ESDS,EQ,2026-09-18,1565.0,1594.0,1564.55,1564.55,1564.55,1646.85,582208,913528000.0000001,9293,,365267.0,62.74,new
ESENSEX,EQ,2026-09-18,75.39,75.51,74.84,75.51,75.51,75.15,1311,98000.0,11,,1300.0,99.16,new
ESFL,SM,2026-09-18,123.5,125.0,123.5,124.85,125.0,124.25,7200,894000.0,16,,6840.0,95.0,new
ESG,EQ,2026-09-18,40.11,40.29,40.01,40.24,40.22,39.92,5616,225000.0,62,,4034.0,71.83,new
ESILVER,EQ,2026-09-18,228.98,235.1,228.98,234.3,233.47,226.68,255075,59716000.0,2677,,222798.0,87.35,new
ESPRIT,SM,2026-09-18,62.25,64.25,62.25,64.1,64.25,60.5,11200,710000.0,7,,8000.0,71.43,new
ESSARSHPNG,EQ,2026-09-18,16.46,16.53,16.06,16.19,16.25,16.14,112302,1827000.0,545,,82208.0,73.2,new
ESSENTIA,EQ,2026-09-18,1.03,1.04,1.02,1.03,1.04,1.02,1591457,1639000.0,678,,1050280.0,65.99,new
ESTER,EQ,2026-09-18,87.56,88.9,86.6,87.67,88.9,86.76,36137,3156000.0,691,,22078.0,61.1,new
ETERNAL,EQ,2026-09-18,328.5,329.75,325.7,326.85,326.85,322.35,17696853,5798400000.0,98817,,9746344.0,55.07,new
ETHOSLTD,EQ,2026-09-18,2655.0,2682.6,2612.6,2661.5,2662.0,2651.0,27302,72471000.0,6994,,13852.0,50.74,new
ETL,SM,2026-09-18,1050.0,1057.5,1050.0,1057.25,1057.0,1040.0,750,790000.0,5,,600.0,80.0,new
ETML,SM,2026-09-18,80.0,82.0,80.0,81.6,81.6,80.0,3600,292000.0,3,,2400.0,66.67,new
EUREKAFORB,EQ,2026-09-18,393.4,395.25,383.0,385.3,385.95,391.1,438600,169228000.0,19601,,265429.0,60.52,new
EUROBOND,EQ,2026-09-18,150.0,154.0,147.03,148.05,148.01,148.49,4198,625000.0,92,,2411.0,57.43,new
EUROPRATIK,EQ,2026-09-18,232.0,235.7,229.1,231.75,231.0,234.85,211870,49189000.0,4387,,58411.0,27.57,new
EUROTEXIND,BE,2026-09-18,11.74,11.74,11.74,11.74,11.74,11.74,975,11000.0,2,,,,new
EVEREADY,EQ,2026-09-18,334.1,341.5,328.5,331.0,331.1,334.1,178458,59361000.0,4210,,103675.0,58.09,new
EVERESTIND,BE,2026-09-18,400.0,420.0,395.0,412.5,410.5,400.0,5429,2217000.0,122,,,,new
EVIETF,EQ,2026-09-18,31.92,32.95,31.73,32.04,32.95,31.71,133816,4278000.0,502,,81935.0,61.23,new
EVINDIA,EQ,2026-09-18,32.48,32.48,31.78,32.0,31.93,31.84,100432,3208000.0,1133,,73176.0,72.86,new
EXCELINDUS,EQ,2026-09-18,963.8,979.9,945.1,958.2,961.0,963.8,12412,11872000.0,1047,,5975.0,48.14,new
EXCELLENT,ST,2026-09-18,195.0,195.0,195.0,195.0,195.0,205.0,3200,624000.0,2,,1600.0,50.0,new
EXCELSOFT,EQ,2026-09-18,80.0,80.19,77.24,78.08,78.45,79.8,372636,29279000.000000004,3235,,172895.0,46.4,new
EXICOM,EQ,2026-09-18,160.0,165.2,160.0,163.68,164.25,160.09,730474,119206000.0,8853,,266722.0,36.51,new
EXIDEIND,EQ,2026-09-18,419.35,444.7,419.35,435.85,433.35,418.6,5570954,2422764000.0,87157,,2544769.0,45.68,new
EXIMROUTES,SM,2026-09-18,102.0,106.05,94.05,94.75,94.3,103.0,12800,1229000.0,15,,9600.0,75.0,new
EXPLEOSOL,EQ,2026-09-18,898.05,900.9,875.0,881.95,877.65,898.05,20658,18349000.0,1548,,10970.0,53.1,new
EXXARO,EQ,2026-09-18,6.2,6.39,6.2,6.25,6.25,6.26,115668,724000.0,345,,95904.0,82.91,new
FABTECH,EQ,2026-09-18,147.4,148.98,146.92,147.93,148.1,146.92,41486,6134000.0,492,,21625.0,52.13,new
FACT,EQ,2026-09-18,764.95,767.65,753.05,764.2,764.0,759.8,66764,50802000.0,4702,,19346.0,28.98,new
FAIRCHEMOR,BE,2026-09-18,624.0,640.0,601.3,634.0,624.85,622.9,7851,4892000.0,500,,,,new
FALCONTECH,SM,2026-09-18,11.95,13.75,11.7,13.05,13.0,11.5,13200,163000.0,11,,9600.0,72.73,new
FASCINATE,SM,2026-09-18,43.7,47.85,43.45,47.85,47.85,45.6,270400,12648000.0,206,,209600.0,77.51,new
FAZE3Q,EQ,2026-09-18,442.0,448.0,438.0,442.95,439.0,442.15,11314,5004000.0,678,,7445.0,65.8,new
FCL,EQ,2026-09-18,53.31,57.75,52.9,57.02,57.18,52.99,26160940,1456099000.0,78801,,6966016.0,26.63,new
FCSSOFT,EQ,2026-09-18,1.42,1.43,1.41,1.41,1.41,1.42,856983,1213000.0,899,,620796.0,72.44,new
FDC,EQ,2026-09-18,353.15,354.15,347.7,352.5,354.15,352.15,115044,40396000.0,3947,,69141.0,60.1,new
FEDDERSHOL,EQ,2026-09-18,52.8,53.39,52.7,52.9,52.7,52.29,4766815,252698000.0,19372,,853382.0,17.9,new
FEDERALBNK,EQ,2026-09-18,332.8,335.4,325.4,332.75,332.75,332.75,14568034,4813960000.0,130568,,9314058.0,63.93,new
FEDFINA,EQ,2026-09-18,152.27,156.0,151.82,155.25,155.0,152.27,792266,122158000.0,13741,,405950.0,51.24,new
FEL,BZ,2026-09-18,0.36,0.37,0.36,0.36,0.37,0.36,458221,168000.0,83,,,,new
FELDVR,BZ,2026-09-18,1.96,2.05,1.96,2.05,2.05,1.96,1748,3000.0,12,,,,new
FELIX,SM,2026-09-18,203.5,207.75,201.0,206.15,207.5,203.95,21500,4385000.0,40,,14500.0,67.44,new
FERMENTA,EQ,2026-09-18,465.7,478.9,465.7,474.15,473.5,465.7,26096,12314000.0,1441,,15164.0,58.11,new
FIBERWEB,EQ,2026-09-18,26.49,26.57,25.8,26.1,26.45,26.4,9330,244000.0,148,,7113.0,76.24,new
FIDEL,SM,2026-09-18,155.85,165.3,155.85,161.55,163.0,157.4,39000,6270000.0,35,,28000.0,71.79,new
FIEMIND,EQ,2026-09-18,1907.0,1963.9,1907.0,1937.3,1931.0,1900.9,71600,139213000.0,10107,,38930.0,54.37,new
FILATEX,EQ,2026-09-18,90.32,94.5,87.73,93.83,93.42,90.35,6299414,579754000.0,40939,,2031162.0,32.24,new
FILATFASH,EQ,2026-09-18,0.19,0.19,0.17,0.17,0.18,0.18,16682906,3014000.0,2044,,13756221.0,82.46,new
FINBUD,SM,2026-09-18,124.85,125.0,122.1,122.3,122.2,124.9,15000,1852000.0,14,,12000.0,80.0,new
FINCABLES,EQ,2026-09-18,1399.0,1434.7,1390.2,1411.2,1413.9,1395.8,1061919,1499017000.0,53814,,450708.0,42.44,new
FINEORG,EQ,2026-09-18,5219.5,5271.0,5160.0,5199.0,5175.0,5202.0,45907,238864000.0,10012,,30435.0,66.3,new
FINIETF,EQ,2026-09-18,32.17,32.46,32.06,32.28,32.4,31.93,140103,4510000.0,836,,112355.0,80.19,new
FINKURVE,EQ,2026-09-18,74.93,76.9,72.14,73.1,72.88,75.05,35407,2608000.0,609,,15321.0,43.27,new
FINOPB,EQ,2026-09-18,135.87,137.7,135.0,135.48,135.1,136.43,82685,11245000.0,1519,,41868.0,50.64,new
FINPIPE,EQ,2026-09-18,154.0,156.0,153.03,154.63,154.0,154.43,484153,74901000.0,13954,,231602.0,47.84,new
FIRSTCRY,EQ,2026-09-18,169.8,173.0,163.37,172.15,171.51,169.25,6662007,1118536000.0,59111,,1470300.0,22.07,new
FISCHER,EQ,2026-09-18,33.31,33.76,32.71,33.15,33.41,33.3,361136,11961000.0,2290,,207435.0,57.44,new
FIVESTAR,EQ,2026-09-18,527.5,545.9,524.0,538.45,534.7,530.95,741259,396027000.0,34441,,318603.0,42.98,new
FLAIR,EQ,2026-09-18,239.99,240.0,232.2,235.23,235.9,237.13,44067,10376000.0,1451,,18556.0,42.11,new
FLEXIADD,EQ,2026-09-18,9.72,9.85,9.71,9.79,9.81,9.73,103179,1006000.0,311,,69232.0,67.1,new
FLEXITUFF,BE,2026-09-18,2.58,2.58,2.58,2.58,2.58,2.46,3818,10000.0,12,,,,new
FLFL,BZ,2026-09-18,1.08,1.16,1.08,1.15,1.16,1.11,78664,90000.0,92,,,,new
FLUOROCHEM,EQ,2026-09-18,4490.0,4613.9,4490.0,4586.7,4599.0,4471.8,225937,1031545999.9999999,17132,,158606.0,70.2,new
FLYSBS,SM,2026-09-18,666.6,685.0,663.0,670.4,668.0,651.3,53800,36311000.0,227,,41600.0,77.32,new
FMCGADD,EQ,2026-09-18,46.18,46.18,45.75,46.02,46.09,45.96,16877,776000.0,88,,8759.0,51.9,new
FMCGIETF,EQ,2026-09-18,49.49,49.49,48.87,49.28,49.49,49.12,1479012,72627000.0,3295,,756728.0,51.16,new
FMGOETZE,EQ,2026-09-18,447.5,455.0,444.45,446.15,444.6,447.5,117700,52895000.00000001,4058,,53275.0,45.26,new
FMNL,EQ,2026-09-18,8.75,9.35,8.53,9.24,9.34,8.91,103859,927999.9999999999,298,,68340.0,65.8,new
FOCUS,BE,2026-09-18,59.6,61.72,58.61,60.64,61.0,59.31,33288,2003000.0,170,,,,new
FONEBOX,SM,2026-09-18,132.2,132.2,132.0,132.2,132.2,125.95,33000,4362000.0,26,,31000.0,93.94,new
FOODSIN,EQ,2026-09-18,53.55,55.29,53.12,54.57,54.45,54.79,62580,3388000.0000000005,839,,38038.0,60.78,new
FORCAS,ST,2026-09-18,218.5,218.5,205.0,213.95,213.95,209.3,9600,2018000.0,5,,6400.0,66.67,new
FORCEMOT,EQ,2026-09-18,17622.0,17882.0,17488.0,17488.0,17488.0,17650.0,63130,1118962000.0,15422,,36485.0,57.79,new
FORGEAUTO,SM,2026-09-18,100.0,100.0,95.65,99.95,100.0,100.0,8400,835000.0,6,,7200.0,85.71,new
FORTIS,EQ,2026-09-18,884.7,899.7,884.7,886.0,886.0,886.1,1928099,1720131000.0000002,32005,,1446880.0,75.04,new
FOSECOIND,EQ,2026-09-18,6787.5,6974.5,6622.5,6677.5,6725.0,6765.5,44756,303071000.0,12932,,10997.0,24.57,new
FRACTAL,EQ,2026-09-18,755.0,768.0,744.9,764.35,763.9,750.75,203930,154627000.0,15306,,113086.0,55.45,new
FREDUN,EQ,2026-09-18,1300.2,1324.0,1288.1,1303.5,1304.9,1278.2,65181,85034000.0,4708,,33619.0,51.58,new
FRESHARA,ST,2026-09-18,448.4,452.0,437.2,450.95,450.95,443.95,10800,4806000.0,17,,9600.0,88.89,new
FROG,SM,2026-09-18,303.0,303.0,268.0,281.7,280.0,299.4,35600,10008000.0,69,,25200.0,70.79,new
FRONTSP,EQ,2026-09-18,1199.0,1226.9,1178.0,1198.4,1204.0,1197.4,15604,18718000.0,1931,,8081.0,51.79,new
FSL,EQ,2026-09-18,272.0,275.5,269.4,273.45,272.0,273.1,1243136,339818000.0,24556,,563375.0,45.32,new
FUSION,EQ,2026-09-18,184.02,186.02,181.82,185.12,185.0,184.45,511372,94079000.0,8611,,273408.0,53.47,new
FWSTC,SM,2026-09-18,160.95,169.5,154.0,161.45,161.8,152.4,63600,10280000.0,75,,60600.0,95.28,new
GABRIEL,EQ,2026-09-18,1290.1,1336.0,1290.0,1321.8,1329.4,1283.7,293065,387137000.0,25624,,151241.0,51.61,new
GAEL,EQ,2026-09-18,160.1,160.6,156.25,156.95,156.4,159.41,962051,152330000.0,23022,,541348.0,56.27,new
GAIL,EQ,2026-09-18,172.0,174.65,172.0,173.9,173.9,172.0,8527161,1479933000.0,65543,,6004479.0,70.42,new
GAJA,EQ,2026-09-18,145.84,145.84,142.0,142.5,143.0,145.03,198526,28394000.0,2969,,93327.0,47.01,new
GAJANAND,SM,2026-09-18,7.8,7.8,7.8,7.8,7.8,7.75,3000,23000.0,1,,3000.0,100.0,new
GALAPREC,EQ,2026-09-18,1005.9,1024.9,1001.5,1011.2,1002.0,998.9,12068,12221000.0,1394,,6207.0,51.43,new
GALAXYSURF,EQ,2026-09-18,2271.0,2271.1,2201.0,2215.2,2221.5,2257.0,22064,49137000.0,4167,,9923.0,44.97,new
GALLANTT,EQ,2026-09-18,545.85,553.95,541.0,547.15,545.6,537.7,73721,40433000.0,5324,,28507.0,38.67,new
GANDHAR,EQ,2026-09-18,268.2,277.2,268.0,276.2,275.0,269.4,670870,183492000.0,10761,,337711.0,50.34,new
GANDHITUBE,EQ,2026-09-18,897.0,904.0,865.0,899.2,895.0,894.0,7643,6777000.0,496,,3918.0,51.26,new
GANECOS,EQ,2026-09-18,992.0,1015.0,982.2,1002.0,1000.0,990.6,99501,99549000.0,8802,,43972.0,44.19,new
GANESHBE,BE,2026-09-18,126.4,130.89,125.21,126.86,127.1,125.2,164083,21121000.0,664,,,,new
GANESHCP,EQ,2026-09-18,165.97,171.24,163.51,169.2,169.98,164.47,98944,16547999.999999998,2366,,51944.0,52.5,new
GANESHHOU,EQ,2026-09-18,758.0,758.0,735.25,741.45,735.25,751.65,25397,18880000.0,1442,,18774.0,73.92,new
GANESHIN,ST,2026-09-18,93.05,94.5,93.0,93.1,93.1,92.25,41600,3895000.0000000005,19,,40800.0,98.08,new
GANGABATH,SM,2026-09-18,19.8,20.55,19.25,20.55,20.55,20.05,12000,239000.0,4,,9000.0,75.0,new
GANGAFORGE,EQ,2026-09-18,1.57,1.58,1.55,1.55,1.57,1.57,1827820,2862000.0,942,,1143110.0,62.54,new
GANGESSECU,EQ,2026-09-18,116.79,117.0,114.15,114.15,114.15,113.05,669,77000.0,19,,555.0,82.96,new
GARFIBRES,EQ,2026-09-18,799.7,840.0,791.3,819.0,835.0,799.7,56698,46115000.0,3341,,28788.0,50.77,new
GARUDA,EQ,2026-09-18,175.8,176.84,174.16,175.53,175.3,174.82,180277,31647000.000000004,3289,,88798.0,49.26,new
GATECH,BE,2026-09-18,0.73,0.73,0.73,0.73,0.73,0.7,5680142,4147000.0,1255,,,,new
GATECHDVR,BE,2026-09-18,0.5,0.5,0.48,0.48,0.49,0.48,334623,164000.0,173,,,,new
GATEWAY,EQ,2026-09-18,53.33,53.33,52.65,52.87,52.99,52.75,660523,34942000.0,3695,,464463.0,70.32,new
GAUDIUMIVF,EQ,2026-09-18,118.96,118.96,114.23,116.22,116.15,114.79,155323,18078000.0,1601,,106576.0,68.62,new
GAYAHWS,EQ,2026-09-18,1.87,1.95,1.82,1.9,1.94,1.89,253808,482000.0,403,,172201.0,67.85,new
GAYAPROJ,EQ,2026-09-18,23.78,24.8,23.57,24.72,24.6,23.62,1572098,38690000.0,3070,,870696.0,55.38,new
GCHOTELS,ST,2026-09-18,113.4,115.05,113.0,115.05,115.05,109.6,35400,4063000.0000000005,33,,35400.0,100.0,new
GCSL,EQ,2026-09-18,588.6,620.5,588.6,618.55,617.2,594.35,622465,380067000.0,7554,,199440.0,32.04,new
GEECEE,BE,2026-09-18,373.0,373.0,360.3,371.85,371.85,370.95,727,265000.0,21,,,,new
GEEKAYWIRE,EQ,2026-09-18,34.0,35.0,33.06,33.25,33.36,33.46,814069,27795999.999999996,4380,,528122.0,64.87,new
GEMAROMA,EQ,2026-09-18,152.4,155.3,147.65,149.1,149.26,151.9,145529,21767000.0,1857,,98160.0,67.45,new
GENCON,EQ,2026-09-18,39.81,41.5,39.12,40.01,39.52,39.56,237077,9534000.0,584,,13681.0,5.77,new
GENESYS,EQ,2026-09-18,286.0,296.0,281.25,285.19,285.9,284.42,496070,143396000.0,10293,,154920.0,31.23,new
GENSOL,BZ,2026-09-18,16.44,17.3,16.44,17.1,17.01,16.69,30824,525000.0,380,,,,new
GENUSPAPER,EQ,2026-09-18,11.18,11.45,11.18,11.41,11.45,11.18,40231,454000.0,197,,27340.0,67.96,new
GENUSPOWER,EQ,2026-09-18,305.0,315.65,304.6,310.75,310.4,303.15,3184194,989679999.9999999,34829,,1330219.0,41.78,new
GENXAI,SM,2026-09-18,76.0,76.6,76.0,76.5,76.5,75.3,6000,459000.0,5,,6000.0,100.0,new
GEOJITFSL,EQ,2026-09-18,80.12,83.5,79.56,81.99,81.43,80.12,713593,58690000.0,5414,,344423.0,48.27,new
GESHIP,EQ,2026-09-18,1425.0,1439.7,1413.7,1432.1,1427.0,1425.1,465939,664651000.0,24960,,234149.0,50.25,new
GFLLIMITED,EQ,2026-09-18,56.02,56.98,55.16,56.43,56.6,55.7,23959,1345000.0,271,,17049.0,71.16,new
GFSTEELS,BE,2026-09-18,25.44,25.44,25.44,25.44,25.44,24.23,4818,123000.0,24,,,,new
GGBL,SM,2026-09-18,206.55,209.5,204.0,205.4,204.7,207.9,27000,5567000.0,85,,17400.0,64.44,new
GHCL,EQ,2026-09-18,422.0,428.0,418.3,421.7,419.8,420.1,157583,66510000.0,4930,,102460.0,65.02,new
GHCLTEXTIL,EQ,2026-09-18,125.4,125.6,122.5,124.51,124.25,124.33,222126,27530000.0,6704,,114554.0,51.57,new
GICHSGFIN,EQ,2026-09-18,136.3,141.0,135.62,139.35,139.74,135.97,89007,12272000.0,1008,,59505.0,66.85,new
GICL,BE,2026-09-18,25.14,25.14,23.6,24.58,24.0,24.64,144572,3539000.0,193,,,,new
GICRE,EQ,2026-09-18,340.75,353.25,340.55,351.0,350.2,339.8,1183930,413001000.0,19599,,812643.0,68.64,new
GILLANDERS,EQ,2026-09-18,103.0,106.0,98.6,104.52,106.0,103.87,1721,178000.0,52,,1487.0,86.4,new
GILLETTE,EQ,2026-09-18,7340.0,7340.0,7031.5,7073.0,7052.0,7307.0,52262,372221000.0,12190,,36528.0,69.89,new
GILT10BETA,EQ,2026-09-18,26.14,26.67,26.14,26.66,26.66,26.65,641,17000.0,13,,527.0,82.22,new
GILT5BETA,EQ,2026-09-18,65.28,66.6,65.28,66.59,66.59,66.59,117,8000.0,4,,92.0,78.63,new
GILT5YBEES,EQ,2026-09-18,65.95,65.96,65.75,65.8,65.84,65.81,117989,7768000.000000001,344,,74429.0,63.08,new
GINNIFILA,BE,2026-09-18,41.7,42.5,41.0,42.35,42.48,41.65,15490,646000.0,66,,,,new
GIPCL,EQ,2026-09-18,186.0,189.06,185.26,188.35,188.46,186.12,253911,47644000.0,5004,,149027.0,58.69,new
GIRIRAJ,SM,2026-09-18,85.0,85.05,77.3,77.3,77.3,81.0,2250,184000.0,7,,2000.0,88.89,new
GJL,ST,2026-09-18,277.5,306.65,277.5,303.4,306.65,292.05,8800,2650000.0,11,,8000.0,90.91,new
GKB,EQ,2026-09-18,62.6,69.89,62.6,67.44,67.6,65.13,10541,695000.0,59,,2970.0,28.18,new
GKENERGY,EQ,2026-09-18,119.92,123.0,118.22,119.77,120.0,118.98,561130,67299000.0,6120,,255280.0,45.49,new
GKSL,EQ,2026-09-18,178.14,186.0,178.13,181.25,182.0,177.82,273151,50001000.0,6196,,95703.0,35.04,new
GKWLIMITED,EQ,2026-09-18,1604.9,1604.9,1566.0,1587.1,1598.6,1604.9,208,330000.0,30,,143.0,68.75,new
GLAND,EQ,2026-09-18,2907.2,2978.0,2904.0,2961.9,2950.0,2907.8,492452,1456290000.0,44319,,319412.0,64.86,new
GLASSWALL,EQ,2026-09-18,267.98,304.2,258.35,269.51,273.6,257.82,73819973,20744894000.0,707345,,5624062.0,7.62,new
GLAXO,EQ,2026-09-18,2800.0,2900.0,2800.0,2838.8,2899.0,2799.9,125265,354764000.0,13872,,88399.0,70.57,new
GLENMARK,EQ,2026-09-18,2409.8,2447.4,2396.8,2447.4,2447.4,2416.0,545520,1320068000.0,27902,,362810.0,66.51,new
GLFL,EQ,2026-09-18,5.35,5.35,5.03,5.06,5.18,5.11,320,2000.0,10,,240.0,75.0,new
GLOBAL,EQ,2026-09-18,127.8,131.0,125.06,130.16,130.5,127.17,143869,18531000.0,1846,,76793.0,53.38,new
GLOBALE,EQ,2026-09-18,10.95,11.85,10.93,11.0,11.0,11.5,8037,91000.0,31,,4545.0,56.55,new
GLOBALPET,SM,2026-09-18,163.0,163.0,163.0,163.0,163.0,163.0,750,122000.0,1,,750.0,100.0,new
GLOBALVECT,EQ,2026-09-18,127.7,132.78,125.0,131.58,131.99,125.52,6742,869999.9999999999,257,,4320.0,64.08,new
GLOBE,EQ,2026-09-18,1.79,2.1,1.75,2.07,2.04,1.78,2740470,5354000.0,1072,,2139631.0,78.08,new
GLOBECIVIL,EQ,2026-09-18,43.8,43.8,42.0,42.26,42.2,42.46,21470,906000.0,344,,15967.0,74.37,new
GLOBUSSPR,EQ,2026-09-18,837.45,841.35,815.3,819.75,817.05,830.75,68570,56355999.99999999,3930,,40733.0,59.4,new
GLOSTERLTD,EQ,2026-09-18,578.5,587.0,578.2,586.2,587.0,578.0,325,190000.0,34,,256.0,78.77,new
GLOTTIS,EQ,2026-09-18,57.71,59.7,57.71,59.48,59.5,58.0,24282,1438000.0,422,,19162.0,78.91,new
GMBREW,EQ,2026-09-18,937.05,964.95,934.0,953.95,951.0,937.05,70274,67019000.00000001,4061,,39897.0,56.77,new
GMDCLTD,EQ,2026-09-18,551.0,559.8,551.0,556.45,557.5,549.15,635840,353088000.0,21302,,239397.0,37.65,new
GMMPFAUDLR,EQ,2026-09-18,1370.0,1475.0,1370.0,1467.0,1458.0,1363.4,1207844,1744559000.0,77124,,418886.0,34.68,new
GMRAIRPORT,EQ,2026-09-18,95.51,99.3,95.41,99.3,99.3,95.04,21945461,2141955000.0,61411,,15970769.0,72.77,new
GMRP&UI,EQ,2026-09-18,92.11,94.88,91.0,92.31,91.8,92.13,1263129,117084999.99999999,10354,,557902.0,44.17,new
GNA,EQ,2026-09-18,539.95,588.8,539.95,558.55,560.0,536.55,2062341,1166429000.0,50701,,730304.0,35.41,new
GNFC,EQ,2026-09-18,578.85,594.35,574.0,588.9,587.1,584.85,1359872,796832000.0,32647,,383522.0,28.2,new
GNRL,EQ,2026-09-18,101.6,103.99,96.69,98.43,97.98,101.05,205527,20463000.0,6526,,81863.0,39.83,new
GOACARBON,EQ,2026-09-18,387.0,387.0,375.0,377.6,376.1,378.3,21751,8290000.000000001,1305,,10818.0,49.74,new
GOCLCORP,EQ,2026-09-18,458.15,461.4,442.15,446.1,448.0,456.15,522016,235044999.99999997,18067,,272228.0,52.15,new
GOCOLORS,EQ,2026-09-18,309.8,310.75,304.1,306.0,308.9,308.1,44609,13704000.0,1320,,27701.0,62.1,new
GODAVARIB,EQ,2026-09-18,242.41,243.0,238.55,241.01,242.98,243.31,80755,19441000.0,2357,,31456.0,38.95,new
GODFRYPHLP,EQ,2026-09-18,1948.0,2018.0,1943.7,2018.0,2018.0,1943.0,404029,805385000.0,26408,,108498.0,26.85,new
GODIGIT,EQ,2026-09-18,255.5,255.9,235.8,239.0,236.7,255.5,3424067,826983000.0,65691,,2072171.0,60.52,new
GODREJAGRO,EQ,2026-09-18,656.3,670.0,645.7,661.6,665.2,653.6,161090,106027000.0,7008,,88835.0,55.15,new
GODREJCP,EQ,2026-09-18,875.3,886.0,870.45,880.0,880.0,873.0,1410736,1241702000.0,20456,,921154.0,65.3,new
GODREJIND,EQ,2026-09-18,1127.3,1132.4,1095.1,1107.4,1108.0,1127.3,114004,125943000.0,9700,,67909.0,59.57,new
GODREJPROP,EQ,2026-09-18,1686.9,1721.3,1686.6,1691.1,1691.1,1678.2,659676,1121483000.0,31213,,358880.0,54.4,new
GOKEX,EQ,2026-09-18,732.1,743.9,723.1,727.75,728.0,727.55,166162,121482000.0,10230,,77571.0,46.68,new
GOKUL,EQ,2026-09-18,40.48,40.9,39.69,40.43,40.0,39.74,137161,5491000.0,550,,27050.0,19.72,new
GOKULAGRO,EQ,2026-09-18,219.0,226.98,219.0,224.24,223.35,218.17,245236,54585000.0,8186,,120920.0,49.31,new
GOLD1,EQ,2026-09-18,126.8,128.17,126.64,127.68,127.52,125.62,1925096,245560000.0,9631,,968015.0,50.28,new
GOLD360,EQ,2026-09-18,148.45,149.85,147.95,149.1,149.05,147.25,6821,1016000.0,215,,3663.0,53.7,new
GOLDADD,EQ,2026-09-18,14.73,14.93,14.72,14.86,14.87,14.63,7975560,118632000.0,3749,,5392365.0,67.61,new
GOLDAXIS,EQ,2026-09-18,126.6,128.16,126.42,127.67,127.65,125.24,2006311,255826000.00000003,3615,,1703922.0,84.93,new
GOLDBEES,EQ,2026-09-18,125.51,126.95,125.47,126.48,126.4,124.43,28783409,3636517000.0,80392,,16383832.0,56.92,new
GOLDBETA,EQ,2026-09-18,127.35,129.05,127.35,128.6,128.45,126.85,806701,103536999.99999999,2182,,510374.0,63.27,new
GOLDBND,EQ,2026-09-18,153.56,154.0,150.71,153.21,153.09,150.55,44050,6723999.999999999,308,,39537.0,89.75,new
GOLDCASE,EQ,2026-09-18,23.86,24.2,23.86,24.07,24.06,23.69,8804176,211748000.0,7761,,4329417.0,49.17,new
GOLDENTOBC,BZ,2026-09-18,24.0,24.99,24.0,24.61,24.61,24.07,982,24000.0,50,,,,new
GOLDETF,EQ,2026-09-18,147.29,149.02,147.29,148.57,148.43,146.44,2707257,401796000.0,6195,,1575116.0,58.18,new
GOLDIAM,EQ,2026-09-18,325.9,329.2,322.1,326.75,326.7,325.6,282706,92075000.0,6488,,128985.0,45.63,new
GOLDIETF,EQ,2026-09-18,129.82,131.62,129.82,131.16,130.94,128.97,4606964,603251000.0,23463,,2610007.0,56.65,new
GOLDSTAR,SM,2026-09-18,9.2,9.45,9.15,9.15,9.15,9.0,438750,4139000.0,17,,427500.0,97.44,new
GOLDTECH,BE,2026-09-18,41.95,41.95,39.65,41.32,41.39,41.41,12021,488000.0,79,,,,new
GOODLUCK,EQ,2026-09-18,509.9,523.5,509.9,517.25,517.0,509.75,363708,188724000.0,10306,,174591.0,48.0,new
GOODYEAR,EQ,2026-09-18,704.6,716.55,702.0,704.85,706.5,706.15,5290,3736000.0,602,,3985.0,75.33,new
GOPAL,EQ,2026-09-18,252.25,257.4,248.25,256.75,257.4,252.25,121271,30547000.000000004,3528,,66233.0,54.62,new
GOYALALUM,EQ,2026-09-18,5.85,5.99,5.3,5.77,5.8,5.9,189846,1076000.0,1082,,112739.0,59.38,new
GOYALSALT,SM,2026-09-18,102.0,102.0,100.05,100.05,100.05,103.0,4800,482000.0,8,,4800.0,100.0,new
GPECO,SM,2026-09-18,400.15,408.0,394.0,396.65,399.0,400.15,8200,3284000.0000000005,36,,7400.0,90.24,new
GPIL,EQ,2026-09-18,238.39,239.42,232.3,233.47,234.55,238.39,1620482,380196000.0,16039,,1084513.0,66.93,new
GPPL,EQ,2026-09-18,162.9,163.2,158.35,160.35,160.5,162.59,1713766,273742000.0,20461,,901576.0,52.61,new
GPTHEALTH,EQ,2026-09-18,164.3,170.4,163.61,166.21,165.1,163.61,319398,53549000.0,8351,,146270.0,45.8,new
GPTINFRA,EQ,2026-09-18,119.17,123.32,116.35,118.96,119.2,113.56,3008060,360210000.0,21726,,375882.0,12.5,new
GRADIENTE,BE,2026-09-18,2.36,2.4,2.25,2.38,2.38,2.36,414891,956000.0,309,,,,new
GRANDOAK,EQ,2026-09-18,35.48,35.48,33.55,34.23,34.95,34.07,2900,100000.0,113,,1425.0,49.14,new
GRANULES,EQ,2026-09-18,874.0,890.4,865.9,875.5,870.1,870.4,1200729,1054167000.0,41555,,647972.0,53.96,new
GRAPHITE,EQ,2026-09-18,815.0,838.0,810.0,830.85,830.0,814.1,2312208,1916248000.0,57695,,962911.0,41.64,new
GRASIM,EQ,2026-09-18,3175.0,3209.2,3174.5,3209.2,3209.2,3173.1,682793,2181250000.0,28832,,476531.0,69.79,new
GRAUWEIL,EQ,2026-09-18,83.0,88.53,82.25,86.62,86.7,79.09,14617872,1269894000.0,89051,,2115014.0,14.47,new
GRAVISSHO,BE,2026-09-18,38.25,38.25,38.25,38.25,38.25,40.26,3609,138000.0,30,,,,new
GRAVITA,EQ,2026-09-18,1611.6,1636.0,1585.7,1598.4,1604.0,1611.6,377745,605890000.0,26438,,216918.0,57.42,new
GRCL,SM,2026-09-18,572.5,572.5,572.5,572.5,572.5,572.5,500,286000.0,1,,500.0,100.0,new
GREAVESCOT,EQ,2026-09-18,192.1,200.13,192.1,197.35,197.49,191.72,1549231,305918000.0,23234,,721711.0,46.59,new
GREENCHEF,SM,2026-09-18,70.0,74.0,70.0,73.5,74.0,71.7,22400,1622000.0,25,,19200.0,85.71,new
GREENLAM,EQ,2026-09-18,236.0,238.19,228.96,231.51,232.0,236.73,75198,17417000.0,2039,,36986.0,49.18,new
GREENPANEL,EQ,2026-09-18,158.5,159.9,154.48,157.83,156.33,158.4,701624,109678000.0,8812,,484955.0,69.12,new
GREENPLY,EQ,2026-09-18,291.25,296.95,288.55,292.85,291.0,293.2,221495,64854000.0,3890,,135776.0,61.3,new
GREENPOWER,EQ,2026-09-18,9.4,9.4,9.0,9.05,9.13,9.05,3333043,30405000.0,3833,,1746055.0,52.39,new
GRINDWELL,EQ,2026-09-18,1862.0,1914.0,1862.0,1895.6,1910.0,1862.2,41705,79031000.0,8004,,27099.0,64.98,new
GRINFRA,EQ,2026-09-18,823.15,837.8,815.1,825.9,823.4,829.05,47000,38840000.0,2892,,17068.0,36.31,new
GRMOVER,EQ,2026-09-18,80.0,82.38,79.76,81.64,81.5,80.13,1123465,91547000.0,5557,,244421.0,21.76,new
GROBTEA,EQ,2026-09-18,925.0,925.0,921.0,921.9,921.0,930.0,139,128000.0,16,,108.0,77.7,new
GROWW,EQ,2026-09-18,189.0,195.5,185.7,191.76,193.0,187.44,73111303,13939144000.0,280736,,47257322.0,64.64,new
GROWWCAPM,EQ,2026-09-18,11.29,11.29,11.1,11.24,11.26,11.12,516604,5793000.0,648,,275943.0,53.41,new
GROWWCHEM,EQ,2026-09-18,29.37,29.37,28.76,29.3,29.34,29.06,29833,873000.0,246,,16833.0,56.42,new
GROWWDEFNC,EQ,2026-09-18,93.38,94.35,92.31,93.86,94.18,92.31,167199,15666000.0,2464,,78656.0,47.04,new
GROWWEV,EQ,2026-09-18,32.18,32.18,31.69,31.94,32.0,31.69,137774,4385000.0,1388,,63602.0,46.16,new
GROWWGOLD,EQ,2026-09-18,14.81,14.99,14.81,14.94,14.94,14.69,1882882,28085000.000000004,2798,,522271.0,27.74,new
GROWWHOSPI,EQ,2026-09-18,52.22,53.16,52.14,53.01,53.0,52.22,266394,14088999.999999998,911,,158591.0,59.53,new
GROWWLIQID,EQ,2026-09-18,110.81,110.82,110.81,110.81,110.82,110.77,102618,11371000.0,137,,80094.0,78.05,new
GROWWLOVOL,EQ,2026-09-18,10.08,10.24,10.08,10.12,10.13,10.08,13538,137000.0,99,,6190.0,45.72,new
GROWWMC150,EQ,2026-09-18,226.64,228.98,226.44,228.5,228.5,226.57,165,38000.0,11,,121.0,73.33,new
GROWWMETAL,EQ,2026-09-18,12.2,12.44,12.2,12.37,12.38,12.2,443476,5483000.0,1346,,275220.0,62.06,new
GROWWMOM50,EQ,2026-09-18,10.8,10.96,10.77,10.88,10.94,10.77,144864,1573000.0,410,,134208.0,92.64,new
GROWWN200,EQ,2026-09-18,11.04,11.22,10.91,11.12,11.15,11.04,14116,156000.0,203,,9726.0,68.9,new
GROWWNET,EQ,2026-09-18,10.68,11.05,10.68,10.92,11.02,10.73,446972,4866000.0,598,,353355.0,79.06,new
GROWWNIFTY,EQ,2026-09-18,9.65,9.65,9.4,9.48,9.53,9.42,375003,3544000.0,3052,,223630.0,59.63,new
GROWWNXT50,EQ,2026-09-18,71.46,72.75,71.46,72.64,72.75,71.56,1327,96000.0,69,,1067.0,80.41,new
GROWWPOWER,EQ,2026-09-18,11.06,11.26,10.98,11.21,11.24,11.07,1720753,19239000.0,1794,,873832.0,50.78,new
GROWWPSE,EQ,2026-09-18,96.57,98.8,94.6,98.36,98.79,96.57,2729,265000.0,136,,2106.0,77.17,new
GROWWPSUBK,EQ,2026-09-18,81.11,84.6,81.11,83.61,84.0,82.61,12152,1011999.9999999999,120,,4163.0,34.26,new
GROWWRAIL,EQ,2026-09-18,27.12,27.59,26.95,27.44,27.59,26.99,641865,17542000.0,2348,,393547.0,61.31,new
GROWWRLTY,EQ,2026-09-18,9.49,9.56,9.39,9.54,9.55,9.39,2189718,20829000.0,433,,2135234.0,97.51,new
GROWWSC250,EQ,2026-09-18,10.69,10.69,10.38,10.54,10.58,10.38,183371,1925000.0,1029,,126732.0,69.11,new
GROWWSLVR,EQ,2026-09-18,22.5,23.06,22.5,22.92,23.0,22.17,2841992,65012000.0,4083,,1878562.0,66.1,new
GRPLTD,EQ,2026-09-18,2018.3,2021.5,1974.2,2008.2,2007.9,1971.9,1162,2324000.0,151,,1021.0,87.87,new
GRSE,EQ,2026-09-18,2349.0,2430.0,2345.0,2411.8,2402.0,2339.8,531793,1276390000.0,42232,,229286.0,43.12,new
GRWRHITECH,EQ,2026-09-18,6520.0,6761.5,6520.0,6724.5,6757.5,6502.5,29770,198878000.0,7578,,15318.0,51.45,new
GSEC10IETF,EQ,2026-09-18,263.97,263.97,263.97,263.97,263.97,263.89,2,1000.0,2,,2.0,100.0,new
GSEC10YEAR,EQ,2026-09-18,30.35,30.35,30.19,30.31,30.31,30.35,279,8000.0,11,,148.0,53.05,new
GSEC5IETF,EQ,2026-09-18,65.64,66.4,65.64,66.4,66.4,66.14,563,37000.0,25,,368.0,65.36,new
GSFC,EQ,2026-09-18,153.05,153.72,150.35,151.92,152.44,152.27,1280620,194316000.0,10337,,546501.0,42.67,new
GSLSU,EQ,2026-09-18,27.27,28.78,27.27,28.04,28.11,28.17,24429,683000.0,259,,14139.0,57.88,new
GSMFOILS,SM,2026-09-18,94.6,94.6,85.6,85.6,85.6,90.1,539500,49056000.0,668,,273000.0,50.6,new
GSPCROP,EQ,2026-09-18,482.0,493.85,479.0,482.1,480.0,484.05,277176,134293000.0,5230,,36941.0,13.33,new
GSS,EQ,2026-09-18,10.28,10.6,10.08,10.37,10.43,10.02,31000,321000.0,208,,22090.0,71.26,new
GSTL,SM,2026-09-18,11.2,11.9,11.2,11.9,11.9,11.45,3000,34000.0,3,,2000.0,66.67,new
GTECJAINX,EQ,2026-09-18,26.78,28.38,26.0,26.86,26.85,27.33,8169,225999.99999999997,70,,5148.0,63.02,new
GTL,EQ,2026-09-18,7.02,7.15,7.02,7.09,7.12,7.06,57543,405999.99999999994,324,,44369.0,77.11,new
GTLINFRA,EQ,2026-09-18,1.14,1.17,1.13,1.15,1.16,1.14,29685116,34131000.0,9732,,11189767.0,37.69,new
GTPL,EQ,2026-09-18,57.68,57.9,56.8,56.96,56.8,56.62,73098,4176000.0,938,,56660.0,77.51,new
GUFICBIO,EQ,2026-09-18,422.3,439.9,422.3,436.0,439.9,425.5,58865,25598000.0,3045,,27678.0,47.02,new
GUJALKALI,EQ,2026-09-18,661.55,668.8,631.1,638.7,640.0,673.75,217900,139852000.0,10852,,95419.0,43.79,new
GUJAPOLLO,EQ,2026-09-18,333.95,354.95,324.0,350.1,352.55,324.0,36321,12340000.0,1199,,23173.0,63.8,new
GUJENERGY,EQ,2026-09-18,239.95,251.0,238.4,244.64,244.0,239.43,6160841,1507316000.0,62578,,3871385.0,62.84,new
GUJRAFFIA,EQ,2026-09-18,40.91,41.8,40.05,40.25,40.2,40.91,3547,144000.0,67,,2101.0,59.23,new
GUJTHEM,EQ,2026-09-18,420.15,440.0,418.5,427.4,429.1,420.15,580582,251433000.0,16778,,288473.0,49.69,new
GULFOILLUB,EQ,2026-09-18,1070.9,1073.1,1061.3,1070.1,1073.0,1064.0,30222,32318000.0,3972,,20567.0,68.05,new
GULFPETRO,BE,2026-09-18,60.6,64.0,60.15,61.89,62.5,61.77,62023,3847000.0,348,,,,new
GULPOLY,EQ,2026-09-18,171.25,172.0,168.17,169.99,171.0,171.05,99834,16957000.0,2287,,52897.0,52.98,new
GURUNANAK,SM,2026-09-18,36.15,36.15,36.15,36.15,36.15,37.0,1600,57999.99999999999,1,,1600.0,100.0,new
GVKPIL,BE,2026-09-18,2.41,2.41,2.41,2.41,2.41,2.37,321527,775000.0,173,,,,new
GVPIL,EQ,2026-09-18,631.0,656.1,628.85,656.1,656.1,624.9,128144,83311000.0,3551,,70585.0,55.08,new
GVPTECH,BE,2026-09-18,7.5,7.5,7.25,7.34,7.45,7.4,44713,329000.0,227,,,,new
GVT&D,EQ,2026-09-18,4389.8,4433.9,4357.5,4385.0,4385.0,4341.0,809572,3552376000.0,54674,,495497.0,61.2,new
GYFTR,EQ,2026-09-18,177.51,182.49,168.18,171.05,169.0,176.12,223375,38268000.0,2821,,173595.0,77.71,new
HAL,EQ,2026-09-18,4804.9,4890.0,4780.0,4800.3,4800.3,4788.0,972849,4705232000.0,53601,,501625.0,51.56,new
HALDER,EQ,2026-09-18,286.2,293.1,277.0,280.95,279.85,297.15,482,138000.0,64,,285.0,59.13,new
HALDYNGL,BE,2026-09-18,143.5,143.5,141.05,142.58,143.0,140.41,28774,4090000.0,169,,,,new
HALEOSLABS,EQ,2026-09-18,1493.5,1524.9,1470.0,1497.6,1499.0,1493.0,777,1161000.0,90,,522.0,67.18,new
HAMPTON,EQ,2026-09-18,8.99,8.99,7.93,8.22,8.15,8.26,115275,947000.0000000001,140,,109777.0,95.23,new
HAPPSTMNDS,EQ,2026-09-18,329.0,329.8,319.0,321.55,321.15,327.9,860696,278238000.0,17204,,337968.0,39.27,new
HAPPY,SM,2026-09-18,76.0,82.0,76.0,79.9,79.9,77.7,42000,3340999.9999999995,21,,34000.0,80.95,new
HAPPYFORGE,EQ,2026-09-18,2177.8,2180.9,2140.0,2148.3,2140.0,2143.2,61172,132000000.0,9926,,34407.0,56.25,new
HARDWYN,EQ,2026-09-18,9.12,9.24,9.02,9.16,9.23,9.07,693563,6328000.0,627,,362079.0,52.21,new
HARIOMPIPE,EQ,2026-09-18,354.95,369.95,348.9,362.9,363.9,349.65,170163,61625000.0,6899,,61676.0,36.25,new
HARRMALAYA,EQ,2026-09-18,183.45,183.45,178.0,178.49,178.18,180.71,10216,1838000.0,353,,7954.0,77.86,new
HARSHA,EQ,2026-09-18,435.25,451.0,435.25,440.45,442.7,433.85,92889,41192000.0,4359,,51094.0,55.01,new
HATHWAY,EQ,2026-09-18,10.02,10.1,9.91,9.98,10.04,10.02,1165234,11659000.0,1812,,792614.0,68.02,new
HATSUN,EQ,2026-09-18,1186.9,1186.9,1125.1,1139.1,1139.9,1181.6,78526,89958000.0,10386,,37428.0,47.66,new
HAVELLS,EQ,2026-09-18,1086.0,1132.4,1086.0,1132.4,1132.4,1092.0,745375,825561000.0,26029,,469708.0,63.02,new
HAVISHA,EQ,2026-09-18,1.38,1.38,1.31,1.33,1.34,1.32,14206,19000.0,71,,12034.0,84.71,new
HAWKINCOOK,EQ,2026-09-18,8364.5,8364.5,8250.0,8286.0,8250.0,8251.5,937,7775000.0,478,,684.0,73.0,new
HAZOOR,EQ,2026-09-18,18.55,19.9,17.75,19.3,19.49,18.55,2904804,55635000.0,7086,,510188.0,17.56,new
HBESD,EQ,2026-09-18,70.0,74.5,69.3,73.57,73.59,71.61,1323,95000.0,33,,711.0,53.74,new
HBLENGINE,EQ,2026-09-18,754.0,768.0,751.0,760.0,757.95,756.75,1898943,1443079000.0,45457,,736767.0,38.8,new
HBPOR,EQ,2026-09-18,61.5,62.93,60.68,61.0,61.0,61.49,788,48000.0,34,,753.0,95.56,new
HBSL,EQ,2026-09-18,53.33,53.33,52.0,52.68,53.0,53.33,1597,84000.0,36,,1488.0,93.17,new
HCC,EQ,2026-09-18,21.72,21.9,21.37,21.77,21.78,21.56,16759566,362667000.0,19314,,6422313.0,38.32,new
HCG,EQ,2026-09-18,693.45,715.0,693.2,708.25,705.5,687.15,82273,58257000.00000001,8721,,40079.0,48.71,new
HCL-INSYS,EQ,2026-09-18,10.2,10.6,10.05,10.47,10.55,10.08,494275,5123000.0,1247,,358132.0,72.46,new
HCLTECH,EQ,2026-09-18,1258.3,1260.8,1235.6,1249.3,1249.3,1258.3,2886447,3593800000.0,68284,,1804403.0,62.51,new
HDBFS,EQ,2026-09-18,678.0,701.55,674.15,698.4,697.0,681.45,780230,539824000.0,25117,,550367.0,70.54,new
HDFCAMC,EQ,2026-09-18,2405.6,2439.0,2401.2,2425.0,2425.0,2387.7,1040790,2523946000.0,60151,,737672.0,70.88,new
HDFCBANK,EQ,2026-09-18,715.25,733.8,715.25,731.0,731.0,713.0,39400710,28683851000.0,281343,,25195213.0,63.95,new
HDFCBSE500,EQ,2026-09-18,36.31,37.61,36.31,36.91,36.8,36.67,202980,7484000.0,259,,104735.0,51.6,new
HDFCGOLD,EQ,2026-09-18,130.0,131.06,129.67,130.64,130.6,128.68,3837028,500885000.00000006,8616,,2212598.0,57.66,new
HDFCGROWTH,EQ,2026-09-18,115.6,115.64,114.3,114.77,115.06,115.6,17188,1971000.0,195,,9208.0,53.57,new
HDFCLIFE,EQ,2026-09-18,557.1,564.95,550.95,550.95,550.95,557.0,5599030,3126717000.0,70994,,3566409.0,63.7,new
HDFCLIQUID,EQ,2026-09-18,1078.61,1078.63,1078.61,1078.63,1078.63,1078.18,10808,11658000.0,62,,8338.0,77.15,new
HDFCLOWVOL,EQ,2026-09-18,19.6,20.29,19.6,19.9,19.9,20.0,5708,113999.99999999999,90,,3745.0,65.61,new
HDFCMID150,EQ,2026-09-18,23.3,23.3,22.92,23.12,23.15,22.84,361504,8331999.999999999,1126,,127145.0,35.17,new
HDFCMOMENT,EQ,2026-09-18,30.4,30.83,30.4,30.72,30.7,30.36,113697,3490000.0,474,,51786.0,45.55,new
HDFCNEXT50,EQ,2026-09-18,73.05,73.99,73.05,73.88,73.99,73.05,38062,2801000.0,410,,23516.0,61.78,new
HDFCNIF100,EQ,2026-09-18,25.34,25.4,25.26,25.35,25.32,25.29,50524,1280000.0,221,,35198.0,69.67,new
HDFCNIFBAN,EQ,2026-09-18,57.86,58.15,57.81,57.99,58.08,57.81,31923,1850000.0,350,,18258.0,57.19,new
HDFCNIFIT,EQ,2026-09-18,31.27,31.27,30.6,30.69,30.76,31.12,256307,7873999.999999999,476,,135426.0,52.84,new
HDFCNIFTY,EQ,2026-09-18,264.61,264.62,262.62,263.56,263.75,263.02,1788313,470347000.0,3285,,1721002.0,96.24,new
HDFCNIMEG,EQ,2026-09-18,128.33,130.05,128.33,129.9,129.39,128.33,15389,1998000.0,84,,12187.0,79.19,new
HDFCPSUBK,EQ,2026-09-18,83.75,84.18,83.47,84.13,83.8,83.64,41351,3461999.9999999995,215,,18252.0,44.14,new
HDFCPVTBAN,EQ,2026-09-18,28.01,28.01,27.74,27.83,27.8,27.74,50848,1416000.0,258,,24370.0,47.93,new
HDFCQUAL,EQ,2026-09-18,56.55,57.05,56.55,56.72,57.0,56.92,11934,678000.0,77,,6296.0,52.76,new
HDFCSENSEX,EQ,2026-09-18,84.77,85.2,84.35,84.78,85.0,84.77,51347,4342000.0,537,,41637.0,81.09,new
HDFCSILVER,EQ,2026-09-18,221.28,225.17,221.1,223.95,224.25,216.47,3863924,862354000.0000001,14553,,2091661.0,54.13,new
HDFCSML250,EQ,2026-09-18,182.87,184.95,181.9,184.55,184.85,181.9,1274357,234494000.0,19415,,875482.0,68.7,new
HDFCVALUE,EQ,2026-09-18,121.91,124.5,121.52,121.96,121.95,121.91,7148,874000.0,93,,2854.0,39.93,new
HDIL,BZ,2026-09-18,1.47,1.48,1.44,1.45,1.45,1.47,182234,266000.0,179,,,,new
HEADSUP,EQ,2026-09-18,7.24,7.24,6.61,6.71,6.9,6.97,14036,94000.0,220,,11198.0,79.78,new
HEALTHADD,EQ,2026-09-18,16.8,16.86,16.72,16.8,16.86,16.65,37211,625000.0,74,,34532.0,92.8,new
HEALTHAXIS,EQ,2026-09-18,168.49,169.9,168.36,169.67,169.44,167.94,1483,250000.0,68,,743.0,50.1,new
HEALTHCARE,EQ,2026-09-18,21.98,22.03,21.7,21.84,21.87,21.6,22617,494000.00000000006,146,,17563.0,77.65,new
HEALTHIETF,EQ,2026-09-18,170.0,171.44,169.81,170.91,171.44,170.03,124667,21269000.0,980,,97860.0,78.5,new
HEALTHX,EQ,2026-09-18,319.0,319.0,294.0,300.0,305.0,300.0,1400,419000.00000000006,105,,1160.0,82.86,new
HEALTHY,EQ,2026-09-18,17.43,17.43,17.01,17.14,17.15,17.01,168153,2878000.0,730,,102958.0,61.23,new
HECPROJECT,EQ,2026-09-18,116.84,121.42,114.31,119.77,120.98,116.84,8152,972000.0000000001,153,,7035.0,86.3,new
HEG,BE,2026-09-18,226.3,237.05,226.25,237.05,237.05,225.8,930482,219821999.99999997,3895,,,,new
HEIDELBERG,EQ,2026-09-18,141.83,149.0,141.16,145.92,147.84,141.57,145888,21046000.0,2329,,89386.0,61.27,new
HEMIPROP,EQ,2026-09-18,120.15,122.29,120.0,120.77,120.05,120.81,245577,29736000.0,2402,,136864.0,55.73,new
HERANBA,EQ,2026-09-18,166.95,168.88,163.79,167.02,166.6,165.78,35651,5912000.0,1230,,14217.0,39.88,new
HERITGFOOD,EQ,2026-09-18,406.25,421.0,402.5,418.1,420.8,405.45,567662,233496000.0,12022,,273449.0,48.17,new
HEROMOTOCO,EQ,2026-09-18,5325.0,5362.5,5285.5,5285.5,5285.5,5325.0,688654,3654932000.0,42269,,512051.0,74.36,new
HESTERBIO,EQ,2026-09-18,2245.0,2275.5,2162.8,2195.6,2182.0,2245.8,5041,11126000.0,748,,3719.0,73.78,new
HEXAGON,BE,2026-09-18,64.42,67.0,63.5,66.26,66.45,64.29,200000,12986000.000000002,714,,,,new
HEXATRADEX,EQ,2026-09-18,158.7,172.0,155.31,158.29,157.3,156.61,2261,366000.0,79,,1972.0,87.22,new
HEXT,EQ,2026-09-18,525.25,527.2,516.45,524.55,521.0,526.45,191368,100252000.0,11116,,116064.0,60.65,new
HFCL,BE,2026-09-18,213.9,219.4,208.5,215.71,214.7,209.45,6279766,1351642000.0,33133,,,,new
HGINFRA,EQ,2026-09-18,460.65,466.3,441.2,442.45,444.1,460.65,172786,77706000.0,10566,,97666.0,56.52,new
HGM,EQ,2026-09-18,49.33,49.33,47.4,48.51,48.7,47.79,546,27000.0,22,,519.0,95.05,new
HGS,EQ,2026-09-18,383.0,383.0,378.05,379.4,378.9,386.35,19544,7433000.0,842,,13671.0,69.95,new
HIGREEN,SM,2026-09-18,119.9,119.9,114.0,116.9,116.0,117.7,36000,4200000.0,38,,29600.0,82.22,new
HIKAL,EQ,2026-09-18,225.29,232.34,224.6,226.04,227.5,225.29,382596,87377000.0,7854,,148190.0,38.73,new
HILINFRA,EQ,2026-09-18,43.07,46.74,43.07,43.92,43.87,43.07,415937,18729000.0,2802,,129782.0,31.2,new
HILTON,EQ,2026-09-18,16.81,17.73,16.16,16.38,16.35,17.01,395977,6594000.0,2438,,295193.0,74.55,new
HIMATSEIDE,EQ,2026-09-18,63.7,65.44,62.94,64.66,64.06,63.65,578349,37144000.0,5968,,290149.0,50.17,new
HINDADH,EQ,2026-09-18,376.0,379.7,372.0,374.9,377.5,376.8,2455,919999.9999999999,38,,2253.0,91.77,new
HINDALCO,EQ,2026-09-18,982.9,999.3,979.4,986.5,986.5,980.5,8310236,8206664999.999999,77966,,5716635.0,68.79,new
HINDALUMI,EQ,2026-09-18,95.5,96.0,92.05,94.27,93.0,93.7,1778,167000.0,97,,1259.0,70.81,new
HINDCOMPOS,EQ,2026-09-18,371.95,390.0,365.65,378.65,375.2,369.9,7703,2912000.0,511,,4098.0,53.2,new
HINDCON,EQ,2026-09-18,23.73,24.64,23.4,23.81,24.21,23.73,32398,776000.0,177,,28317.0,87.4,new
HINDCOPPER,EQ,2026-09-18,490.7,499.25,487.05,497.4,496.25,485.5,9888264,4889742000.0,103229,,4818264.0,48.73,new
HINDOILEXP,EQ,2026-09-18,182.3,182.78,178.35,180.29,179.19,180.95,525134,95006000.0,9735,,242299.0,46.14,new
HINDPETRO,EQ,2026-09-18,352.4,359.0,350.5,359.0,359.0,350.6,6539998,2320277000.0,35412,,4618844.0,70.62,new
HINDUNILVR,EQ,2026-09-18,1950.0,1959.6,1932.0,1932.0,1932.0,1942.2,1994635,3883928000.0,50307,,1518642.0,76.14,new
HINDWAREAP,EQ,2026-09-18,176.58,178.84,171.0,172.08,172.0,176.95,124952,21679000.0,3225,,78364.0,62.72,new
HINDZINC,EQ,2026-09-18,578.3,596.0,578.3,596.0,596.0,572.3,7197021,4223343000.0,62424,,3497765.0,48.6,new
HIRECT,EQ,2026-09-18,1225.0,1279.0,1214.2,1242.8,1237.3,1211.9,50557,63379000.0,4332,,17456.0,34.53,new
HISARMETAL,EQ,2026-09-18,153.1,158.0,153.1,154.53,154.23,155.38,148,23000.0,33,,116.0,78.38,new
HITECH,EQ,2026-09-18,74.2,76.7,73.66,76.14,75.91,73.74,751081,56489000.0,4939,,444535.0,59.19,new
HITECHCORP,BE,2026-09-18,334.0,334.0,325.0,328.4,328.95,331.8,1007,329000.0,36,,,,new
HITECHGEAR,BE,2026-09-18,540.0,541.0,530.0,540.0,540.0,540.7,1332,714000.0,54,,,,new
HLEGLAS,EQ,2026-09-18,415.95,457.2,413.0,446.9,447.0,415.65,1020903,454600000.0,25295,,360796.0,35.34,new
HLVLTD,EQ,2026-09-18,6.78,6.85,6.65,6.75,6.74,6.66,114147,771000.0,462,,92261.0,80.83,new
HMAAGRO,EQ,2026-09-18,23.0,24.36,22.86,23.77,23.86,23.08,3564052,84297000.0,10216,,979916.0,27.49,new
HMT,BZ,2026-09-18,61.49,61.5,60.6,61.32,61.5,60.82,9036,554000.0,64,,,,new
HMVL,BE,2026-09-18,77.01,81.2,73.48,81.09,81.2,77.34,129194,9820000.0,430,,,,new
HNDFDS,EQ,2026-09-18,620.0,629.0,613.0,625.7,626.0,620.35,57146,35679000.0,3861,,32668.0,57.17,new
HNGSNGBEES,EQ,2026-09-18,467.6,467.6,461.4,463.3,464.0,462.97,56641,26238000.0,3270,,36222.0,63.95,new
HOACFOODS,ST,2026-09-18,842.45,842.45,842.45,842.45,842.45,859.6,10125,8530000.0,20,,9750.0,96.3,new
HOLMARC,SM,2026-09-18,110.0,110.0,110.0,110.0,110.0,110.0,1500,165000.0,2,,1500.0,100.0,new
HOMEFIRST,EQ,2026-09-18,1165.0,1265.0,1158.2,1241.3,1246.6,1173.3,873253,1067548000.0,42163,,499083.0,57.15,new
HOMESFY,SM,2026-09-18,116.0,116.0,116.0,116.0,116.0,111.3,1800,209000.0,2,,1800.0,100.0,new
HONASA,EQ,2026-09-18,458.1,481.5,458.1,479.55,476.0,460.1,1065010,506606000.00000006,28643,,467830.0,43.93,new
HONAUT,EQ,2026-09-18,33915.0,36485.0,33885.0,35445.0,35260.0,33915.0,15555,551311000.0,8171,,5969.0,38.37,new
HONDAPOWER,EQ,2026-09-18,1959.9,1975.0,1902.0,1930.3,1905.1,1934.1,4755,9221000.0,602,,3085.0,64.88,new
HORIZONIND,EQ,2026-09-18,51.9,54.5,51.89,54.23,54.25,52.17,2786457,149676000.0,12343,,1432425.0,51.41,new
HPAL,EQ,2026-09-18,34.83,35.4,34.61,34.76,34.61,34.83,28109,982000.0,320,,13802.0,49.1,new
HPIL,EQ,2026-09-18,118.01,123.99,118.0,118.99,119.0,117.86,737,89000.0,32,,547.0,74.22,new
HPL,EQ,2026-09-18,280.35,286.85,279.4,284.3,284.0,280.4,113357,32105000.0,4232,,55053.0,48.57,new
HPTL,SM,2026-09-18,434.05,434.05,425.0,428.05,434.05,413.4,15600,6713000.0,18,,15000.0,96.15,new
HRHNEXT,SM,2026-09-18,25.0,26.55,25.0,26.55,26.55,25.55,10500,272000.0,3,,10500.0,100.0,new
HRYNSHP,EQ,2026-09-18,97.55,101.25,96.1,97.19,96.3,97.5,1604,155000.0,78,,1415.0,88.22,new
HSBCGOLD,EQ,2026-09-18,131.01,133.5,130.94,132.91,132.79,130.65,13418,1771000.0,77,,10643.0,79.32,new
HSCL,EQ,2026-09-18,656.5,678.85,654.1,675.35,678.0,653.35,2687060,1799787000.0,43156,,1621990.0,60.36,new
HTEL,EQ,2026-09-18,73.75,79.38,71.26,76.77,77.0,72.05,3939738,299595000.0,36584,,1395391.0,35.42,new
HTMEDIA,EQ,2026-09-18,24.12,24.7,23.26,23.69,23.9,24.0,100997,2405000.0,537,,64184.0,63.55,new
HUBTOWN,EQ,2026-09-18,175.0,180.0,174.66,177.69,178.03,173.76,745087,131748000.0,7409,,383118.0,51.42,new
HUDCO,EQ,2026-09-18,170.2,176.5,169.71,174.92,176.24,169.55,3438429,598498000.0,43245,,1876243.0,54.57,new
HUHTAMAKI,EQ,2026-09-18,247.1,248.0,241.0,245.0,247.4,243.6,136211,33174000.0,4801,,63814.0,46.85,new
HVAX,SM,2026-09-18,694.15,707.85,677.5,680.85,677.5,674.15,7950,5574000.0,27,,7050.0,88.68,new
HYBRIDETF,EQ,2026-09-18,9.94,10.0,9.94,10.0,10.0,9.94,38244,381000.0,36,,10443.0,27.31,new
HYBRIDFIN,BE,2026-09-18,16.21,16.81,16.21,16.29,16.29,16.23,7980,133000.0,35,,,,new
HYUNDAI,EQ,2026-09-18,2176.0,2208.8,2155.5,2208.8,2208.8,2160.0,764325,1667979000.0,40796,,503753.0,65.91,new
IBULLSLTD,EQ,2026-09-18,30.0,31.0,29.51,30.39,30.6,29.65,34084914,1035824000.0,25529,,21559083.0,63.25,new
ICDSLTD,BE,2026-09-18,58.8,58.8,55.86,56.16,57.04,58.8,5950,336000.0,66,,,,new
ICELCO,SM,2026-09-18,125.95,125.95,122.0,124.2,124.9,121.5,39600,4893000.0,28,,27600.0,69.7,new
ICEMAKE,EQ,2026-09-18,668.0,694.0,668.0,685.6,682.0,668.9,53006,36123000.0,2403,,38625.0,72.87,new
ICICIAMC,EQ,2026-09-18,3085.2,3286.0,3073.7,3206.7,3274.7,3098.0,1632087,5200073000.0,66799,,1091172.0,66.86,new
ICICIB22,EQ,2026-09-18,113.12,113.12,111.97,112.46,112.12,112.0,154083,17311000.0,2156,,103795.0,67.36,new
ICICIBANK,EQ,2026-09-18,1351.9,1359.8,1338.9,1338.9,1338.9,1347.6,7509409,10085609000.0,140838,,5293245.0,70.49,new
ICICIGI,EQ,2026-09-18,1485.7,1486.8,1458.1,1458.1,1458.1,1486.7,925599,1363322000.0,26992,,634071.0,68.5,new
ICICIPRULI,EQ,2026-09-18,494.0,501.45,491.1,492.0,492.0,490.5,2240637,1112607000.0,48255,,1313801.0,58.64,new
ICIL,EQ,2026-09-18,436.7,449.0,435.0,447.35,443.85,435.5,300607,133708000.0,11785,,141345.0,47.02,new
ICRA,EQ,2026-09-18,4642.6,4642.6,4525.1,4544.7,4539.9,4584.6,33473,152408000.0,10275,,23727.0,70.88,new
IDBI,EQ,2026-09-18,82.3,84.89,81.8,83.06,83.17,81.89,20869049,1738484999.9999998,55592,,7374021.0,35.33,new
IDEA,EQ,2026-09-18,14.34,14.37,13.92,13.92,13.92,14.22,350366817,4961496000.0,545606,,171233183.0,48.87,new
IDEAFORGE,EQ,2026-09-18,721.0,734.8,713.55,729.6,731.6,717.95,103895,75096000.0,7799,,54292.0,52.26,new
IDEALTECHO,SM,2026-09-18,104.9,104.9,95.0,95.0,95.0,92.8,6000,588000.0,6,,4000.0,66.67,new
IDFCFIRSTB,EQ,2026-09-18,86.0,87.17,85.92,85.92,85.92,86.33,27340008,2367379000.0,71701,,16741708.0,61.24,new
IDFNIFTYET,EQ,2026-09-18,258.31,259.0,255.75,259.0,259.0,257.03,363,93000.0,25,,228.0,62.81,new
IEML,ST,2026-09-18,40.55,43.4,40.0,42.95,43.4,41.35,70000,2951000.0,110,,62000.0,88.57,new
IEX,EQ,2026-09-18,113.0,115.46,113.0,115.46,115.46,113.4,2248423,257207000.00000003,16066,,1272926.0,56.61,new
IFBAGRO,EQ,2026-09-18,867.7,899.0,855.1,888.0,883.0,865.15,3866,3402000.0000000005,489,,2372.0,61.36,new
IFBIND,EQ,2026-09-18,1208.1,1234.9,1208.1,1225.1,1234.8,1217.9,22497,27469000.0,2266,,11297.0,50.22,new
IFCI,EQ,2026-09-18,77.56,77.97,75.4,76.51,76.46,77.09,60473703,4615749000.0,137547,,7851903.0,12.98,new
IFGLEXPOR,EQ,2026-09-18,198.62,205.49,197.42,199.03,200.0,197.64,28261,5660000.0,1017,,14121.0,49.97,new
IGARASHI,EQ,2026-09-18,433.7,439.9,428.6,432.35,431.65,428.8,77496,33517000.0,2778,,33310.0,42.98,new
IGCL,EQ,2026-09-18,66.22,68.75,65.15,67.05,67.5,66.22,121706,8095999.999999999,1943,,63317.0,52.02,new
IGIL,EQ,2026-09-18,318.8,337.9,316.95,330.95,330.45,314.9,2435441,797836000.0,62142,,1142658.0,46.92,new
IGL,EQ,2026-09-18,148.5,151.79,148.1,148.56,148.25,148.67,4539547,675868000.0,47438,,2920638.0,64.34,new
IGPL,EQ,2026-09-18,554.55,562.15,542.0,550.15,542.0,554.55,52110,28933999.999999996,1799,,31239.0,59.95,new
IIFL,EQ,2026-09-18,602.0,614.25,598.5,600.2,600.0,596.55,2243955,1358963000.0,46070,,1168261.0,52.06,new
IIFLCAPS,EQ,2026-09-18,336.9,346.85,336.8,345.1,345.45,336.95,1665584,571555000.0,13438,,1108996.0,66.58,new
IITL,EQ,2026-09-18,149.9,149.96,142.0,143.37,143.0,148.03,110592,16306000.0,893,,22773.0,20.59,new
IKIO,EQ,2026-09-18,206.62,217.9,205.68,210.25,210.45,205.83,516858,109751000.0,11992,,137908.0,26.68,new
IKS,EQ,2026-09-18,1721.0,1795.5,1721.0,1779.9,1794.0,1728.9,451923,804345000.0,25285,,335510.0,74.24,new
IL&FSENGG,BZ,2026-09-18,39.0,40.95,38.6,40.56,40.95,39.0,77426,3089000.0,105,,,,new
IL&FSTRANS,BZ,2026-09-18,1.95,1.95,1.86,1.91,1.92,1.91,25002,48000.0,57,,,,new
IMAGICAA,EQ,2026-09-18,51.43,54.79,51.19,52.82,53.3,51.18,1607686,86080000.0,8130,,610447.0,37.97,new
IMFA,EQ,2026-09-18,1264.1,1290.5,1249.0,1252.2,1249.0,1273.7,49098,61939000.0,4929,,27674.0,56.36,new
IMPAL,EQ,2026-09-18,1084.0,1112.8,1058.5,1065.6,1065.0,1077.7,1932,2070000.0,198,,1376.0,71.22,new
IMPEXFERRO,BZ,2026-09-18,5.58,5.58,5.58,5.58,5.58,5.48,29142,163000.0,37,,,,new
INA,EQ,2026-09-18,88.66,93.5,87.81,91.7,92.9,87.38,561788,50814000.0,3556,,280575.0,49.94,new
INCREDIBLE,EQ,2026-09-18,34.45,34.45,32.12,32.37,33.39,33.31,3415,111000.00000000001,105,,2663.0,77.98,new
INDBANK,EQ,2026-09-18,25.7,26.26,25.35,25.56,25.45,25.66,27153,697000.0,559,,19318.0,71.14,new
INDGN,EQ,2026-09-18,595.55,611.7,590.5,600.1,593.0,591.75,469267,280129000.0,18885,,276265.0,58.87,new
INDHOTEL,EQ,2026-09-18,725.85,743.0,722.6,732.75,732.75,726.65,3256156,2396790000.0,51152,,1886853.0,57.95,new
INDIACEM,EQ,2026-09-18,349.45,356.15,342.6,344.8,343.1,351.7,229613,80097000.0,11125,,80706.0,35.15,new
INDIAGLYCO,EQ,2026-09-18,250.1,282.0,250.1,263.7,263.5,248.7,1678037,451526000.0,41091,,452985.0,26.99,new
INDIAMART,EQ,2026-09-18,1651.4,1667.0,1622.4,1646.3,1650.0,1662.7,709316,1165553000.0,33856,,556844.0,78.5,new
INDIANB,EQ,2026-09-18,845.0,848.85,835.0,839.8,839.8,840.5,1400080,1177442000.0,29330,,861650.0,61.54,new
INDIANCARD,EQ,2026-09-18,209.0,214.0,209.0,210.0,210.0,209.0,144,30000.0,12,,123.0,85.42,new
INDIANHUME,EQ,2026-09-18,356.3,370.0,355.25,365.3,364.5,354.85,81339,29600000.0,3043,,21160.0,26.01,new
INDIASHLTR,EQ,2026-09-18,673.0,685.0,668.9,681.85,681.7,670.2,62948,42664000.0,3381,,39803.0,63.23,new
INDIGO,EQ,2026-09-18,4925.0,4970.0,4881.0,4920.0,4920.0,4845.0,732347,3612183000.0,49212,,429627.0,58.66,new
INDIGOPNTS,EQ,2026-09-18,1108.9,1108.9,1080.0,1099.7,1104.5,1098.9,43988,48097000.0,5701,,24902.0,56.61,new
INDIGRID,IV,2026-09-18,173.12,174.3,173.0,173.49,173.45,173.12,1489506,258404000.0,19907,,1061521.0,71.27,new
INDIQUBE,EQ,2026-09-18,200.0,202.87,190.9,192.85,191.25,202.45,81977,16013000.0,2435,,27807.0,33.92,new
INDNIPPON,EQ,2026-09-18,1272.0,1279.6,1250.0,1260.0,1250.0,1262.1,32358,40918000.0,3862,,13095.0,40.47,new
INDOAMIN,BE,2026-09-18,124.5,128.5,121.7,126.55,126.0,123.57,36333,4567000.0,277,,,,new
INDOBORAX,EQ,2026-09-18,466.75,481.65,466.75,472.6,472.25,466.75,40484,19126000.0,2386,,19585.0,48.38,new
INDOCO,EQ,2026-09-18,254.44,259.65,247.0,249.01,248.99,254.44,205516,52266000.0,5672,,64849.0,31.55,new
INDOFARM,EQ,2026-09-18,135.9,137.74,135.02,136.78,136.51,135.07,92008,12524000.0,1168,,42473.0,46.16,new
INDOKEM,EQ,2026-09-18,643.15,668.0,602.0,620.0,615.05,643.15,13991,8888000.0,838,,8772.0,62.7,new
INDOMIM,EQ,2026-09-18,999.0,1064.0,990.5,1055.9,1062.0,993.2,3925761,4069794000.0,136840,,1325993.0,33.78,new
INDORAMA,EQ,2026-09-18,89.87,93.49,87.43,91.05,91.6,89.19,1163975,106297000.0,11322,,364047.0,31.28,new
INDOSTAR,EQ,2026-09-18,232.69,244.9,227.59,241.05,240.55,229.49,121475,28960000.000000004,2439,,80877.0,66.58,new
INDOTECH,EQ,2026-09-18,3429.0,3459.0,3350.0,3394.7,3355.0,3411.4,8364,28577999.999999996,1591,,5403.0,64.6,new
INDOTHAI,EQ,2026-09-18,33.56,36.5,33.56,33.56,33.56,35.32,3760631,129133999.99999999,8454,,1407360.0,37.42,new
INDOUS,EQ,2026-09-18,78.92,81.2,76.5,78.0,78.0,79.34,5215,409999.99999999994,309,,2877.0,55.17,new
INDOWIND,EQ,2026-09-18,9.15,9.15,8.82,8.92,8.82,8.93,72495,653000.0,364,,37592.0,51.85,new
INDPRUD,EQ,2026-09-18,6304.5,6304.5,6150.0,6227.5,6210.5,6273.5,64,395000.0,13,,59.0,92.19,new
INDRAMEDCO,EQ,2026-09-18,360.55,366.9,360.05,362.9,361.7,363.65,134873,49100000.0,4687,,87764.0,65.07,new
INDSWFTLAB,EQ,2026-09-18,377.55,385.15,368.0,373.25,372.9,378.25,399757,150057000.0,9177,,180799.0,45.23,new
INDTERRAIN,EQ,2026-09-18,28.86,29.98,28.12,28.91,29.0,28.9,57089,1657000.0,320,,35267.0,61.78,new
INDUSINDBK,EQ,2026-09-18,963.8,969.3,955.3,966.3,966.3,958.2,6250679,6028004000.0,41220,,4656142.0,74.49,new
INDUSINVIT,IV,2026-09-18,131.94,132.37,131.52,132.05,131.98,131.94,66874,8835000.0,3818,,52455.0,78.44,new
INDUSTOWER,EQ,2026-09-18,380.9,382.5,375.9,375.9,375.9,381.35,4696284,1773671000.0,41285,,3037338.0,64.68,new
INFINIUM,SM,2026-09-18,276.9,276.9,265.0,265.0,265.0,278.5,3000,802000.0,6,,2500.0,83.33,new
INFLUX,SM,2026-09-18,286.75,290.0,271.0,273.7,274.0,283.95,29400,8233000.0,49,,18600.0,63.27,new
INFOBEAN,EQ,2026-09-18,151.16,152.4,150.01,151.27,151.02,150.41,99135,14966000.0,1834,,48696.0,49.12,new
INFOLLION,SM,2026-09-18,156.5,159.95,155.0,156.5,156.0,156.5,2800,438999.99999999994,7,,2400.0,85.71,new
INFOMEDIA,EQ,2026-09-18,5.56,5.56,4.91,5.28,5.4,5.29,35771,185000.0,80,,23433.0,65.51,new
INFRA,EQ,2026-09-18,11.9,11.9,11.72,11.85,11.85,11.67,16540,195000.0,120,,12013.0,72.63,new
INFRABEES,EQ,2026-09-18,933.6,938.0,931.37,935.62,938.0,928.63,5322,4978000.0,378,,2749.0,51.65,new
INFRAIETF,EQ,2026-09-18,92.74,93.3,92.6,92.96,92.85,92.3,203080,18850000.0,2413,,181745.0,89.49,new
INFY,EQ,2026-09-18,1061.9,1061.9,1038.0,1051.4,1051.4,1058.6,22124953,23185451000.0,133181,,15755453.0,71.21,new
INGERRAND,EQ,2026-09-18,4226.0,4275.9,4135.0,4155.7,4150.0,4225.2,41603,174527000.0,7246,,21896.0,52.63,new
INM,SM,2026-09-18,162.9,162.9,162.9,162.9,162.9,152.05,600,98000.0,1,,600.0,100.0,new
INNOMET,ST,2026-09-18,284.0,284.0,280.0,281.05,281.05,283.75,28800,8148000.0,32,,28800.0,100.0,new
INNOVACAP,EQ,2026-09-18,1150.0,1183.6,1150.0,1179.8,1172.5,1149.5,32076,37548000.0,4402,,19803.0,61.74,new
INNOVANA,EQ,2026-09-18,300.2,306.0,297.3,303.25,306.0,298.95,35756,10779000.0,526,,13961.0,39.05,new
INNOVISION,EQ,2026-09-18,254.35,254.8,251.6,253.1,252.45,254.45,8009,2026000.0000000002,431,,5559.0,69.41,new
INOXGREEN,EQ,2026-09-18,174.64,175.93,170.07,171.32,171.0,174.64,536646,92339000.0,4979,,252730.0,47.09,new
INOXINDIA,EQ,2026-09-18,2030.0,2104.6,2016.0,2098.8,2099.7,2014.8,229005,476283000.0,24799,,109149.0,47.66,new
INOXWIND,EQ,2026-09-18,74.33,76.8,74.29,76.8,76.8,74.1,10976663,828971999.9999999,23509,,5173553.0,47.13,new
INSECTICID,EQ,2026-09-18,597.55,608.25,597.35,605.6,608.0,598.85,5335,3214000.0,449,,3711.0,69.56,new
INSPIRE,SM,2026-09-18,9.7,9.7,9.0,9.0,9.0,9.25,4000,37000.0,2,,2000.0,50.0,new
INSPIRISYS,EQ,2026-09-18,85.79,85.79,82.05,83.16,84.0,84.44,2161,182000.0,51,,2154.0,99.68,new
INSUREIETF,EQ,2026-09-18,15.13,15.21,15.09,15.11,15.2,15.09,308060,4670000.0,128,,198412.0,64.41,new
INTELLECT,EQ,2026-09-18,651.7,656.9,641.4,647.45,646.4,651.3,290091,188091000.0,14097,,161185.0,55.56,new
INTENTECH,EQ,2026-09-18,77.46,80.0,76.92,78.14,78.35,77.45,11763,916000.0,217,,8938.0,75.98,new
INTERARCH,EQ,2026-09-18,1701.0,1719.9,1684.1,1705.8,1705.0,1692.2,35940,61173000.0,3353,,23778.0,66.16,new
INTERNET,EQ,2026-09-18,14.56,14.74,14.56,14.72,14.68,14.45,297012,4347000.0,250,,158742.0,53.45,new
INTLCONV,EQ,2026-09-18,76.49,77.48,76.26,76.6,76.27,76.49,17876,1374000.0,745,,12648.0,70.75,new
INVENTURE,EQ,2026-09-18,0.89,0.9,0.89,0.89,0.89,0.89,358172,320000.0,294,,189063.0,52.79,new
INVICTA,SM,2026-09-18,64.4,68.1,64.4,68.1,68.1,66.0,6400,428000.0,4,,4800.0,75.0,new
INVPRECQ,BE,2026-09-18,1375.0,1375.9,1350.0,1357.0,1357.0,1349.0,1269,1736000.0,43,,,,new
IOB,EQ,2026-09-18,32.18,32.32,32.0,32.17,32.25,32.1,1954679,62840000.0,12843,,1094654.0,56.0,new
IOC,EQ,2026-09-18,135.02,137.0,134.6,137.0,137.0,134.27,11505787,1566116000.0,45169,,8022320.0,69.72,new
IOLCP,EQ,2026-09-18,198.5,206.0,195.7,203.15,203.14,197.49,4695376,945062999.9999999,52561,,1571237.0,33.46,new
IONEXCHANG,EQ,2026-09-18,424.35,446.8,423.25,442.3,441.15,424.35,491666,215321000.0,17145,,266916.0,54.29,new
IPCALAB,EQ,2026-09-18,1972.3,2038.0,1964.0,2009.6,1999.0,1970.3,527501,1056837000.0000001,35647,,361636.0,68.56,new
IPHL,SM,2026-09-18,70.5,71.05,70.5,71.05,71.05,71.05,4800,339000.0,4,,4800.0,100.0,new
IPL,EQ,2026-09-18,139.38,140.04,134.1,134.67,134.9,138.69,496519,67553000.0,5756,,251532.0,50.66,new
IPRINGLTD,EQ,2026-09-18,138.5,141.99,137.1,139.95,140.0,137.0,2570,358000.0,79,,2398.0,93.31,new
IRB,EQ,2026-09-18,18.99,18.99,18.38,18.48,18.43,18.85,21372707,397280000.0,33159,,14644687.0,68.52,new
IRBINVIT,IV,2026-09-18,63.85,65.25,63.85,65.12,64.8,63.85,1394444,90383000.0,5839,,1088582.0,78.07,new
IRCON,EQ,2026-09-18,107.9,110.75,107.0,109.85,109.97,107.86,2642536,288790000.0,32436,,941341.0,35.62,new
IRCTC,EQ,2026-09-18,458.0,480.0,457.15,476.75,477.0,457.0,1670118,787226000.0,46146,,817864.0,48.97,new
IREDA,EQ,2026-09-18,109.79,114.32,109.21,114.32,114.32,108.99,5072770,566212000.0,28813,,2840181.0,55.99,new
IRFC,EQ,2026-09-18,79.32,81.5,79.32,81.5,81.5,79.31,14377921,1159119000.0,49309,,7178311.0,49.93,new
IRIS,EQ,2026-09-18,240.1,241.8,235.91,238.09,237.05,237.13,5209,1241000.0,353,,3112.0,59.74,new
IRISDOREME,EQ,2026-09-18,62.85,66.3,61.0,64.58,64.98,62.55,2408240,152755000.0,6183,,872622.0,36.23,new
IRMENERGY,EQ,2026-09-18,278.15,278.15,268.0,270.2,270.25,269.1,69769,18831000.0,2516,,38166.0,54.7,new
ISFT,EQ,2026-09-18,98.97,98.97,88.53,95.16,93.65,90.26,414668,39192000.0,7216,,94538.0,22.8,new
ISGEC,EQ,2026-09-18,773.45,790.0,769.15,786.25,790.0,769.6,50228,39239000.0,4347,,28396.0,56.53,new
ISHANCH,EQ,2026-09-18,50.0,53.25,49.5,51.04,50.5,49.43,41286,2126000.0,555,,18138.0,43.93,new
ISTLTD,EQ,2026-09-18,661.05,687.8,655.5,663.85,667.0,683.9,583,388000.0,77,,292.0,50.09,new
IT,EQ,2026-09-18,31.67,32.8,31.67,31.94,31.98,32.49,639140,20421000.0,1433,,364112.0,56.97,new
ITADD,EQ,2026-09-18,30.6,30.65,30.36,30.5,30.63,30.93,25542,779000.0,173,,18063.0,70.72,new
ITALIANE,SM,2026-09-18,29.6,29.75,29.6,29.75,29.75,31.0,4000,119000.0,2,,4000.0,100.0,new
ITAXIS,EQ,2026-09-18,323.98,323.98,315.39,316.58,315.5,320.02,2163,685000.0,66,,1416.0,65.46,new
ITBEES,EQ,2026-09-18,33.1,33.1,31.81,31.94,32.0,32.39,13607369,434737000.0,22645,,6435599.0,47.29,new
ITBETA,EQ,2026-09-18,302.28,310.64,301.55,302.55,310.64,309.39,798,241000.0,53,,778.0,97.49,new
ITC,EQ,2026-09-18,266.6,266.6,262.3,262.3,262.3,266.2,14399150,3805582000.0,103894,,9515153.0,66.08,new
ITCHOTELS,EQ,2026-09-18,154.99,159.5,154.4,158.8,158.9,154.33,2982731,471946000.0,33775,,1657195.0,55.56,new
ITDC,EQ,2026-09-18,662.7,667.4,655.6,658.3,659.0,662.7,46546,30656000.0,3521,,15646.0,33.61,new
ITETF,EQ,2026-09-18,30.95,31.0,30.35,30.47,30.6,30.84,500010,15246000.0,1002,,155713.0,31.14,new
ITI,EQ,2026-09-18,254.8,257.45,252.0,256.3,256.0,255.3,79274,20273000.0,3023,,40504.0,51.09,new
ITIETF,EQ,2026-09-18,32.46,32.46,31.83,32.0,32.05,32.46,825230,26429000.000000004,1974,,366391.0,44.4,new
ITL,EQ,2026-09-18,358.0,371.7,355.0,356.85,361.95,362.5,1046,376000.0,103,,819.0,78.3,new
IVALUE,EQ,2026-09-18,229.0,229.16,218.1,222.03,221.7,228.08,132240,29595000.0,2857,,64963.0,49.13,new
IVC,EQ,2026-09-18,7.79,8.0,7.79,7.9,7.92,7.85,144297,1138000.0,713,,96889.0,67.15,new
IVP,BE,2026-09-18,210.71,219.5,210.71,215.04,216.0,214.71,9157,1992000.0000000002,95,,,,new
IVZBANKNF,EQ,2026-09-18,55.99,56.37,55.99,56.06,56.06,55.99,12191,684000.0,9,,10238.0,83.98,new
IVZINGOLD,EQ,2026-09-18,132.55,134.0,131.9,133.75,133.95,131.1,33465,4469000.0,443,,26158.0,78.17,new
IVZINNIFTY,EQ,2026-09-18,274.2,274.2,266.9,267.76,267.76,267.52,209,56000.00000000001,21,,152.0,72.73,new
IVZSENSEX,EQ,2026-09-18,74.5,74.6,74.4,74.56,74.56,74.6,2023,151000.0,12,,2017.0,99.7,new
IWARE,ST,2026-09-18,405.0,405.0,390.0,390.6,390.0,409.75,20400,8064000.0,31,,18600.0,91.18,new
IWP,EQ,2026-09-18,35.95,35.95,33.62,34.73,34.72,34.71,9946,344000.0,206,,8078.0,81.22,new
IXIGO,EQ,2026-09-18,159.6,167.84,159.6,165.65,165.1,160.06,3132025,520710000.00000006,28034,,1853179.0,59.17,new
IZMO,EQ,2026-09-18,923.0,944.6,913.6,934.35,936.0,913.25,130243,121236999.99999999,8369,,43438.0,33.35,new
J&KBANK,EQ,2026-09-18,147.6,149.7,145.0,146.58,146.25,147.28,3653479,539954000.0,36501,,2078629.0,56.89,new
JAGRAN,EQ,2026-09-18,62.5,62.5,61.5,62.36,62.5,61.96,110739,6873000.0,1380,,76138.0,68.75,new
JAGSNPHARM,EQ,2026-09-18,228.78,230.49,226.0,228.42,227.95,227.24,48985,11160000.0,1670,,22050.0,45.01,new
JAIBALAJI,EQ,2026-09-18,63.55,65.24,63.2,64.48,65.09,63.81,524099,33781000.0,3484,,315446.0,60.19,new
JAICORPLTD,EQ,2026-09-18,93.2,94.8,93.2,94.42,94.25,93.17,148952,13994999.999999998,2280,,55173.0,37.04,new
JAINAM,SM,2026-09-18,216.0,216.0,216.0,216.0,216.0,216.0,1000,216000.0,2,,1000.0,100.0,new
JAINIK,ST,2026-09-18,199.0,199.0,199.0,199.0,199.0,199.5,2400,478000.0,2,,2400.0,100.0,new
JAINREC,EQ,2026-09-18,275.0,278.55,272.0,276.25,276.35,274.05,555155,152768000.0,11386,,220747.0,39.76,new
JAIPURKURT,EQ,2026-09-18,24.7,25.3,24.21,24.85,24.9,24.74,3279,81000.0,96,,1443.0,44.01,new
JALAN,ST,2026-09-18,1.7,1.7,1.7,1.7,1.7,1.75,6000,10000.0,2,,6000.0,100.0,new
JAMNAAUTO,EQ,2026-09-18,126.6,128.0,122.4,125.03,125.6,126.96,2670217,331159000.0,25285,,985968.0,36.92,new
JARO,EQ,2026-09-18,476.55,477.0,462.15,465.4,465.6,471.05,98491,46020000.0,2605,,16763.0,17.02,new
JASH,EQ,2026-09-18,514.0,527.5,508.9,521.15,524.0,514.0,166601,86365000.0,7173,,89132.0,53.5,new
JAYAGROGN,EQ,2026-09-18,228.3,229.5,225.02,227.39,227.27,225.41,6086,1383000.0,312,,4443.0,73.0,new
JAYBARMARU,EQ,2026-09-18,114.7,114.7,109.9,111.15,110.51,113.4,160918,17980000.0,5595,,99126.0,61.6,new
JAYBEE,SM,2026-09-18,83.95,85.35,82.05,82.3,82.1,81.35,10500,876000.0,20,,7000.0,66.67,new
JAYESH,SM,2026-09-18,127.0,127.0,127.0,127.0,127.0,130.85,1000,127000.0,1,,1000.0,100.0,new
JAYKAY,EQ,2026-09-18,158.32,169.75,153.55,167.18,168.0,157.06,966066,157504000.0,17388,,272955.0,28.25,new
JAYNECOIND,EQ,2026-09-18,89.08,89.75,88.6,89.26,89.7,88.94,1630439,145248000.0,10171,,892096.0,54.72,new
JAYSREETEA,EQ,2026-09-18,90.9,91.79,88.5,89.38,89.6,89.74,31481,2833000.0,484,,23102.0,73.38,new
JBMA,EQ,2026-09-18,593.65,605.0,593.65,599.1,601.0,593.6,200524,120314000.00000001,10167,,74094.0,36.95,new
JENBURPH,EQ,2026-09-18,985.0,997.0,972.6,979.9,983.6,983.4,1916,1877000.0,71,,1772.0,92.48,new
JETFREIGHT,EQ,2026-09-18,19.4,22.5,18.4,22.14,22.22,19.43,1486253,31358999.999999996,5306,,370249.0,24.91,new
JEYYAM,ST,2026-09-18,21.5,21.5,21.0,21.05,21.15,20.75,24000,508000.0,10,,22000.0,91.67,new
JFLLIFE,SM,2026-09-18,10.45,10.45,10.45,10.45,10.45,10.15,6000,63000.0,1,,6000.0,100.0,new
JGCHEM,EQ,2026-09-18,593.25,619.95,592.2,612.4,613.1,588.15,346503,211682000.00000003,14280,,143228.0,41.34,new
JHS,EQ,2026-09-18,8.84,8.84,8.41,8.54,8.7,8.59,41482,359000.0,187,,29238.0,70.48,new
JINDALPHOT,EQ,2026-09-18,1129.7,1135.0,1109.8,1125.6,1134.9,1129.4,7243,8139000.0,409,,5261.0,72.64,new
JINDALPOLY,EQ,2026-09-18,726.95,735.95,708.9,718.45,725.0,726.0,16484,11834000.0,1154,,9196.0,55.79,new
JINDALSAW,EQ,2026-09-18,293.0,294.8,288.05,289.5,290.4,291.2,2085677,605697000.0,29449,,1334017.0,63.96,new
JINDALSTEL,EQ,2026-09-18,1128.9,1140.2,1119.5,1119.5,1119.5,1128.4,1056818,1191235000.0,44507,,693935.0,65.66,new
JINDRILL,EQ,2026-09-18,584.0,599.95,575.25,594.85,595.95,582.7,269661,158592000.0,11069,,71240.0,26.42,new
JINDWORLD,EQ,2026-09-18,49.4,51.5,47.78,49.7,49.89,49.0,11061999,557097000.0,28016,,1335991.0,12.08,new
JIOFIN,EQ,2026-09-18,230.0,232.0,229.89,229.89,229.89,229.3,11847025,2734592000.0,61484,,7384537.0,62.33,new
JISLDVREQS,EQ,2026-09-18,21.29,21.97,20.55,20.94,21.15,21.18,12202,254000.0,190,,7480.0,61.3,new
JISLJALEQS,EQ,2026-09-18,31.0,31.9,29.24,30.42,30.5,30.2,5621238,171796000.0,18818,,1677254.0,29.84,new
JITFINFRA,EQ,2026-09-18,292.0,293.65,280.4,284.75,280.4,286.4,18410,5275000.0,660,,12062.0,65.52,new
JIWANRAM,SM,2026-09-18,4.0,4.05,4.0,4.05,4.05,4.0,24000,96000.0,4,,18000.0,75.0,new
JKCEMENT,EQ,2026-09-18,5010.0,5139.0,4990.0,5064.5,5084.5,5027.0,60794,308024000.0,13301,,32831.0,54.0,new
JKIL,EQ,2026-09-18,477.6,488.3,474.8,486.55,486.45,475.55,65328,31601000.0,2943,,44335.0,67.87,new
JKIPL,EQ,2026-09-18,96.17,99.78,95.1,98.6,97.04,96.2,4652,451999.99999999994,178,,3363.0,72.29,new
JKLAKSHMI,EQ,2026-09-18,510.4,535.0,510.1,530.2,533.1,510.4,278231,145669000.0,12044,,131430.0,47.24,new
JKPAPER,EQ,2026-09-18,417.0,433.0,416.95,430.6,429.0,418.05,572207,244625000.0,15697,,268147.0,46.86,new
JKTYRE,EQ,2026-09-18,352.25,352.3,344.4,349.35,349.5,348.55,621396,216123000.0,15324,,320042.0,51.5,new
JLHL,EQ,2026-09-18,279.0,285.65,276.2,280.05,277.35,277.75,240514,67445000.0,5412,,135386.0,56.29,new
JMA,EQ,2026-09-18,89.55,93.0,89.55,90.21,90.01,90.29,11223,1022000.0000000001,237,,7615.0,67.85,new
JMFINANCIL,EQ,2026-09-18,122.75,126.79,122.4,126.3,126.0,122.51,5637377,706472000.0,50393,,3421389.0,60.69,new
JNKINDIA,EQ,2026-09-18,412.2,424.0,410.4,413.9,411.2,411.95,58911,24588000.0,2669,,29301.0,49.74,new
JNPR,EQ,2026-09-18,259.8,267.0,256.5,265.15,265.0,257.2,720178,190301000.0,25538,,443691.0,61.61,new
JOCIL,EQ,2026-09-18,147.41,152.35,141.05,145.95,144.16,147.04,6159,894000.0,226,,3552.0,57.67,new
JPOLYINVST,EQ,2026-09-18,987.8,988.5,977.0,980.75,977.0,982.25,1447,1423000.0,322,,731.0,50.52,new
JPPOWER,EQ,2026-09-18,15.25,15.49,15.17,15.37,15.35,15.26,37304111,572526000.0,964557,,15581569.0,41.77,new
JSFB,EQ,2026-09-18,516.7,534.1,514.4,527.3,529.95,520.1,1405254,741358000.0,23760,,696098.0,49.54,new
JSL,EQ,2026-09-18,724.5,754.95,724.5,750.95,753.0,724.45,2671236,1993356000.0000002,95087,,1590149.0,59.53,new
JSLL,EQ,2026-09-18,494.4,513.0,494.0,510.4,509.1,490.75,341598,172313000.0,10414,,193301.0,56.59,new
JSWCEMENT,EQ,2026-09-18,117.2,118.1,116.23,117.44,117.35,116.64,1513300,177522000.0,50852,,832805.0,55.03,new
JSWDULUX,EQ,2026-09-18,3099.9,3235.9,3057.1,3188.8,3175.6,3074.0,21480,67583000.0,5316,,11744.0,54.67,new
JSWENERGY,EQ,2026-09-18,512.0,526.0,509.0,526.0,526.0,512.0,3397652,1755759999.9999998,21587,,2484988.0,73.14,new
JSWHL,EQ,2026-09-18,11146.0,11504.0,10931.0,11282.0,11498.0,11146.0,3808,42463000.0,1320,,1608.0,42.23,new
JSWINFRA,EQ,2026-09-18,329.9,356.95,326.1,348.25,349.65,326.65,25470641,8836629000.0,116853,,16474653.0,64.68,new
JSWSTEEL,EQ,2026-09-18,1270.1,1278.7,1262.7,1275.6,1275.6,1253.4,2378010,3026015000.0,41729,,1576365.0,66.29,new
JTEKTINDIA,EQ,2026-09-18,118.9,121.94,117.15,117.77,117.7,118.87,217543,25824000.0,2703,,133922.0,61.56,new
JTLIND,EQ,2026-09-18,88.01,92.25,86.15,87.67,88.0,87.32,2943629,260932000.00000003,16955,,844054.0,28.67,new
JUBLCPL,EQ,2026-09-18,2013.3,2043.2,1980.0,2000.1,2020.0,2020.4,6169,12346000.0,958,,4107.0,66.57,new
JUBLFOOD,EQ,2026-09-18,483.95,502.0,480.3,500.0,500.0,480.2,2900829,1437728000.0,44981,,1763654.0,60.8,new
JUBLINGREA,EQ,2026-09-18,638.5,642.6,612.0,624.9,626.0,633.25,923659,572891000.0,29775,,542200.0,58.7,new
JUBLPHARMA,EQ,2026-09-18,1012.1,1086.0,1012.1,1065.4,1075.0,1012.1,308313,323074000.0,18021,,175017.0,56.77,new
JUNIORBEES,EQ,2026-09-18,778.3,782.0,766.15,781.11,782.0,771.94,180919,140886000.0,6249,,100579.0,55.59,new
JUNIPER,EQ,2026-09-18,217.0,226.48,215.46,224.33,225.3,215.44,274539,60969000.00000001,5137,,161750.0,58.92,new
JUSTDIAL,EQ,2026-09-18,674.05,684.4,660.2,669.0,667.5,674.05,174274,116858000.0,6941,,91357.0,52.42,new
JWL,EQ,2026-09-18,232.5,233.99,228.16,230.13,230.3,231.23,1093397,252137000.0,19626,,417963.0,38.23,new
JYOTHYLAB,EQ,2026-09-18,193.5,196.6,192.69,195.07,195.55,193.84,713471,139047000.0,13332,,296981.0,41.62,new
JYOTICNC,EQ,2026-09-18,980.85,1065.0,979.0,1049.7,1053.55,980.85,3979254,4142491000.0000005,147814,,1173515.0,29.49,new
JYOTIGLOBL,SM,2026-09-18,46.1,47.95,46.0,46.0,46.0,48.0,24000,1127000.0,11,,22000.0,91.67,new
JYOTIRES,EQ,2026-09-18,837.9,856.45,832.7,841.0,841.0,837.9,2378,1997000.0,364,,1375.0,57.82,new
JYOTISTRUC,EQ,2026-09-18,9.18,9.42,9.09,9.29,9.35,9.11,4504436,41534000.0,3554,,2497386.0,55.44,new
K2INFRA,ST,2026-09-18,43.65,44.7,43.25,43.3,43.3,43.65,16200,707000.0,25,,14400.0,88.89,new
KABRAEXTRU,EQ,2026-09-18,640.25,690.0,639.7,681.6,685.0,632.75,233883,157237000.0,10156,,94741.0,40.51,new
KAJARIACER,EQ,2026-09-18,1211.1,1216.9,1197.0,1202.7,1204.9,1217.2,194896,234414000.0,14235,,119726.0,61.43,new
KAKATCEM,EQ,2026-09-18,107.4,109.9,107.0,107.33,107.0,108.23,1116,120000.0,38,,602.0,53.94,new
KALAMANDIR,EQ,2026-09-18,77.06,78.93,76.56,78.26,78.38,76.79,532981,41375000.0,4196,,237296.0,44.52,new
KALANA,SM,2026-09-18,18.5,18.5,18.5,18.5,18.5,18.5,2000,37000.0,1,,2000.0,100.0,new
KALPATARU,EQ,2026-09-18,259.75,279.95,257.2,274.45,279.7,257.2,59103,15865000.0,1143,,41084.0,69.51,new
KALYANIFRG,BE,2026-09-18,1010.45,1010.45,964.75,975.25,967.0,1015.5,3446,3358000.0,290,,,,new
KALYANKJIL,EQ,2026-09-18,585.0,588.5,580.0,581.85,581.85,581.45,5379085,3145480000.0,54728,,2474978.0,46.01,new
KAMAHOLD,EQ,2026-09-18,2288.7,2288.7,2244.1,2249.9,2250.0,2278.8,5489,12354000.0,726,,4212.0,76.74,new
KAMANWALA,EQ,2026-09-18,17.8,17.8,16.51,16.51,16.51,16.5,414,7000.000000000001,9,,400.0,96.62,new
KAMATHOTEL,EQ,2026-09-18,220.1,232.38,220.1,229.3,230.0,219.45,48978,11093000.0,1176,,32501.0,66.36,new
KAMDHENU,BE,2026-09-18,39.0,41.05,39.0,41.05,41.05,39.5,947462,38352000.0,1381,,,,new
KAMOPAINTS,EQ,2026-09-18,4.45,4.45,4.25,4.39,4.39,4.35,124231,544000.0,454,,112118.0,90.25,new
KANANIIND,EQ,2026-09-18,1.43,1.44,1.4,1.42,1.42,1.41,132727,188000.0,263,,92765.0,69.89,new
KANCHI,EQ,2026-09-18,389.0,394.5,383.1,386.65,389.95,389.0,439,170000.0,71,,284.0,64.69,new
KANCOTEA,EQ,2026-09-18,55.62,55.62,55.62,55.62,55.62,55.62,1,0.0,1,,1.0,100.0,new
KANOHAR,EQ,2026-09-18,825.0,855.0,780.1,786.8,784.0,817.0,7345005,5977694000.0,215510,,1113960.0,15.17,new
KANORICHEM,BE,2026-09-18,180.25,188.0,176.46,184.11,186.0,185.74,60692,11068000.0,552,,,,new
KANPRPLA,EQ,2026-09-18,262.35,262.35,243.9,246.1,245.0,259.75,26773,6687000.0,1005,,16587.0,61.95,new
KANSAINER,EQ,2026-09-18,183.73,185.1,181.6,183.96,182.65,184.2,672383,123644000.0,10651,,391100.0,58.17,new
KAPSTON,EQ,2026-09-18,583.8,589.95,575.85,584.3,589.95,577.3,40257,23522000.0,1732,,25933.0,64.42,new
KARAMTARA,EQ,2026-09-18,369.0,377.9,331.3,355.55,350.0,352.0,29625649,10468500000.0,335456,,8203070.0,27.69,new
KARMAENG,EQ,2026-09-18,40.2,43.0,39.96,41.27,40.97,39.91,18883,772000.0,412,,6349.0,33.62,new
KARNIKA,SM,2026-09-18,120.45,120.5,118.6,120.0,120.0,120.45,13000,1558000.0,12,,9000.0,69.23,new
KARURVYSYA,EQ,2026-09-18,334.35,339.85,329.5,332.15,332.8,331.5,3218547,1075729000.0,53736,,1942371.0,60.35,new
KATARIA,SM,2026-09-18,150.0,150.0,148.0,148.85,149.85,149.25,7800,1163000.0,12,,6600.0,84.62,new
KAUSHALYA,BE,2026-09-18,831.0,854.0,831.0,833.1,833.1,847.0,126,106000.0,23,,,,new
KAVDEFENCE,BE,2026-09-18,70.7,74.98,68.06,72.71,73.25,71.64,225971,16262000.0,1403,,,,new
KAYA,BE,2026-09-18,326.0,341.0,326.0,341.0,341.0,324.8,13887,4713000.0,156,,,,new
KAYNES,EQ,2026-09-18,3528.0,3605.9,3475.0,3515.0,3515.0,3520.0,1266788,4485326000.0,87489,,271276.0,21.41,new
KAYTEX,SM,2026-09-18,56.9,57.0,56.65,56.7,56.7,55.4,4000,227000.0,5,,4000.0,100.0,new
KCEIL,SM,2026-09-18,76.0,76.0,74.3,74.3,74.3,76.5,11500,867000.0,23,,11000.0,95.65,new
KCK,ST,2026-09-18,14.35,14.5,14.3,14.5,14.5,14.45,32500,470000.0,11,,32500.0,100.0,new
KCP,EQ,2026-09-18,158.12,166.0,156.29,161.95,164.0,157.92,136817,21904000.0,1826,,97966.0,71.6,new
KCPSUGIND,BE,2026-09-18,29.44,29.85,28.5,29.3,29.5,28.89,53094,1543000.0,238,,,,new
KDDL,EQ,2026-09-18,3851.0,3875.0,3820.0,3858.4,3870.2,3837.6,7233,27855000.0,1938,,3778.0,52.23,new
KDGREEN,EQ,2026-09-18,48.47,50.0,48.01,49.35,49.94,49.46,44221,2184000.0,536,,35071.0,79.31,new
KDL,SM,2026-09-18,78.75,78.75,78.75,78.75,78.75,87.5,28650,2256000.0,115,,28650.0,100.0,new
KEC,EQ,2026-09-18,404.0,409.15,396.65,404.25,407.9,401.95,1338287,537370000.0,38522,,657655.0,49.14,new
KECL,EQ,2026-09-18,119.4,123.54,118.88,122.78,122.25,119.42,66064,8048000.0,1509,,35479.0,53.7,new
KEEPLEARN,EQ,2026-09-18,1.95,1.95,1.84,1.86,1.84,1.84,16221,30000.0,79,,14113.0,87.0,new
KEI,EQ,2026-09-18,4560.0,4650.0,4532.0,4650.0,4650.0,4560.0,573397,2629888000.0,35095,,306769.0,53.5,new
KELLTONTEC,EQ,2026-09-18,13.99,13.99,13.4,13.61,13.6,13.57,1105458,15125000.0,2317,,528514.0,47.81,new
KEN,SM,2026-09-18,44.0,50.15,43.7,43.95,44.15,41.8,102000,4789000.0,76,,73200.0,71.76,new
KENNAMET,EQ,2026-09-18,4321.6,4399.0,4231.0,4281.5,4290.0,4321.6,23629,101401000.0,6454,,9290.0,39.32,new
KERNEX,EQ,2026-09-18,1731.9,1743.5,1700.0,1732.5,1734.0,1722.6,104121,179371000.0,9536,,42005.0,40.34,new
KESORAMIND,BE,2026-09-18,12.3,12.5,11.88,11.94,12.05,12.34,423814,5142000.0,636,,,,new
KEYFINSERV,EQ,2026-09-18,247.95,247.95,240.0,245.95,246.0,246.25,123,30000.0,27,,86.0,69.92,new
KFINTECH,EQ,2026-09-18,900.0,930.0,894.95,930.0,930.0,897.0,539201,492485999.99999994,17834,,290956.0,53.96,new
KHADIM,BE,2026-09-18,125.84,125.84,125.2,125.84,125.84,123.38,43755,5506000.0,113,,,,new
KHAICHEM,EQ,2026-09-18,50.52,51.5,49.36,49.94,49.7,49.97,135895,6833000.0,1401,,69871.0,51.42,new
KHAITANLTD,EQ,2026-09-18,153.4,156.0,149.0,152.13,152.95,154.95,3145,475000.0,155,,2258.0,71.8,new
KHANDSE,EQ,2026-09-18,18.35,18.35,17.89,18.09,18.22,17.58,894,16000.0,18,,894.0,100.0,new
KICL,EQ,2026-09-18,4825.0,5028.0,4825.0,5009.5,4971.0,4822.0,2638,13124000.0,377,,2037.0,77.22,new
KILITCH,BE,2026-09-18,189.9,192.0,189.9,191.45,192.0,188.67,13725,2621000.0,151,,,,new
KIMS,EQ,2026-09-18,793.4,819.0,784.0,809.85,809.65,791.85,1242321,999545000.0000001,57725,,760029.0,61.18,new
KINGFA,EQ,2026-09-18,5907.0,5950.0,5799.0,5828.0,5821.0,5855.5,6576,38524000.0,2583,,3997.0,60.78,new
KIOCL,EQ,2026-09-18,337.7,344.75,336.0,340.65,341.5,337.7,77819,26475000.0,3538,,32107.0,41.26,new
KIRANVYPAR,EQ,2026-09-18,218.0,218.0,202.5,207.34,208.99,207.0,1367,283000.0,102,,1050.0,76.81,new
KIRIINDUS,EQ,2026-09-18,539.0,541.9,528.2,531.75,530.0,535.45,384478,205410000.0,8529,,199179.0,51.81,new
KIRLFER,EQ,2026-09-18,479.75,489.0,474.0,480.65,483.5,474.35,201207,97099000.0,8350,,130286.0,64.75,new
KIRLOSBROS,EQ,2026-09-18,1757.1,1838.6,1757.1,1811.4,1806.1,1770.8,50634,91634000.0,7110,,13429.0,26.52,new
KIRLOSENG,EQ,2026-09-18,2106.8,2169.9,2106.7,2160.1,2155.0,2120.6,473818,1016221999.9999999,38813,,297066.0,62.7,new
KIRLOSIND,EQ,2026-09-18,3780.6,3845.9,3680.0,3699.8,3698.1,3780.6,21797,81007000.0,3528,,7988.0,36.65,new
KIRLPNU,EQ,2026-09-18,695.0,701.85,686.3,698.65,700.0,693.85,252323,175862000.0,13592,,141301.0,56.0,new
KISSHT,EQ,2026-09-18,358.0,373.0,347.0,356.05,356.5,359.95,4153061,1473338000.0,116558,,1820241.0,43.83,new
KITEX,EQ,2026-09-18,121.3,121.3,119.2,119.5,119.35,120.58,262500,31429000.000000004,3172,,139846.0,53.27,new
KJMCFIN,EQ,2026-09-18,62.0,63.49,60.51,63.2,60.55,61.02,620,39000.0,27,,570.0,91.94,new
KKCL,EQ,2026-09-18,489.65,490.9,481.6,485.6,486.0,489.65,9200,4470000.0,894,,5417.0,58.88,new
KKJEWELS,SM,2026-09-18,100.9,101.5,100.9,101.5,101.5,98.15,3000,303000.0,3,,3000.0,100.0,new
KLBRENG-B,EQ,2026-09-18,462.35,474.5,455.0,471.0,467.9,460.1,93229,43319000.0,3241,,54934.0,58.92,new
KLL,SM,2026-09-18,27.5,32.45,26.75,32.4,32.45,27.05,264800,8358000.0,146,,212800.0,80.36,new
KMCSHIL,EQ,2026-09-18,157.0,158.33,148.0,150.26,153.49,156.74,467949,71852000.0,7797,,146921.0,31.4,new
KMEW,EQ,2026-09-18,2842.3,2920.5,2830.0,2885.6,2882.0,2828.1,56943,163687000.0,9120,,24606.0,43.21,new
KMSUGAR,EQ,2026-09-18,28.99,29.28,28.16,28.62,28.6,28.44,136758,3908000.0,921,,70090.0,51.25,new
KNACK,EQ,2026-09-18,184.9,187.97,182.0,182.6,182.1,184.16,753950,139058000.0,5636,,410149.0,54.4,new
KNAGRI,EQ,2026-09-18,204.0,205.78,192.81,196.06,198.72,202.24,10201,2026000.0000000002,266,,5400.0,52.94,new
KNRCON,EQ,2026-09-18,122.0,125.8,121.11,124.8,124.5,120.86,3109057,384353000.0,26136,,1444642.0,46.47,new
KODYTECH,ST,2026-09-18,1520.85,1527.0,1500.0,1516.8,1517.0,1491.0,5700,8586000.0,46,,5500.0,96.49,new
KOHINOOR,EQ,2026-09-18,31.2,33.0,30.43,30.55,30.79,31.2,72393,2265000.0,1309,,25592.0,35.35,new
KOKUYOCMLN,EQ,2026-09-18,76.23,78.2,76.11,77.79,78.15,76.21,18695,1445000.0,385,,13956.0,74.65,new
KOLTEPATIL,EQ,2026-09-18,433.1,438.05,423.0,431.75,432.0,433.1,117469,50637000.0,5288,,69075.0,58.8,new
KONSTELEC,ST,2026-09-18,58.15,59.55,58.1,59.05,58.55,60.4,4000,234000.0,4,,4000.0,100.0,new
KONTOR,SM,2026-09-18,53.85,55.0,53.85,54.25,55.0,51.0,1800,98000.0,3,,1800.0,100.0,new
KOPRAN,EQ,2026-09-18,267.59,282.1,261.1,277.6,276.0,268.59,2434887,667269000.0,40599,,449850.0,18.48,new
KORE,ST,2026-09-18,165.0,172.0,164.5,169.85,170.0,172.9,11500,1939999.9999999998,18,,11250.0,97.83,new
KOTAKBANK,EQ,2026-09-18,415.5,419.2,412.5,412.5,412.5,416.5,15461137,6432887000.0,112998,,12806526.0,82.83,new
KOTARISUG,BE,2026-09-18,27.0,28.14,26.02,26.97,26.95,27.38,88916,2343000.0,374,,,,new
KOTHARIPET,EQ,2026-09-18,132.64,137.98,132.63,136.47,135.56,132.64,101963,13840000.0,1590,,61204.0,60.03,new
KOTHARIPRO,EQ,2026-09-18,64.44,64.99,62.2,63.11,64.0,64.09,4933,313000.0,396,,2522.0,51.13,new
KOTIC,EQ,2026-09-18,135.69,152.0,131.6,144.41,143.51,135.69,87682,12799000.0,2013,,21294.0,24.29,new
KOTYARK,BE,2026-09-18,31.3,31.74,30.75,31.17,31.3,31.28,80587,2513000.0,262,,,,new
KOVAI,EQ,2026-09-18,6071.5,6290.0,6071.5,6226.0,6290.0,6112.0,3229,19947000.0,1109,,2139.0,66.24,new
KPEL,EQ,2026-09-18,212.7,220.99,212.7,216.88,216.91,212.48,216598,47000000.0,5591,,92472.0,42.69,new
KPIGREEN,EQ,2026-09-18,280.0,287.0,276.65,284.45,285.8,278.75,1041400,294441000.0,20370,,405762.0,38.96,new
KPIL,EQ,2026-09-18,1404.9,1457.0,1402.0,1445.5,1450.1,1399.3,224766,322881000.0,18983,,137804.0,61.31,new
KPITTECH,EQ,2026-09-18,559.3,559.5,532.0,532.0,532.0,559.3,3944020,2143954000.0,57117,,2067762.0,52.43,new
KPL,EQ,2026-09-18,3471.2,3564.9,3430.1,3471.2,3480.0,3452.1,28652,99681000.0,5429,,11875.0,41.45,new
KPRMILL,EQ,2026-09-18,1090.0,1154.4,1086.4,1141.4,1145.0,1095.4,265730,299539000.0,22217,,142076.0,53.47,new
KRBL,EQ,2026-09-18,393.45,398.0,390.3,392.45,394.3,395.4,358622,140924000.0,8195,,178958.0,49.9,new
KREBSBIO,EQ,2026-09-18,56.94,62.8,55.8,57.31,56.54,55.48,54497,3193000.0,763,,15129.0,27.76,new
KRIDHANINF,EQ,2026-09-18,1.88,1.89,1.82,1.83,1.82,1.82,6829,13000.0,62,,6288.0,92.08,new
KRISHANA,EQ,2026-09-18,183.0,185.0,178.34,179.89,179.38,182.04,358867,65125000.0,5817,,197293.0,54.98,new
KRISHCA,SM,2026-09-18,162.0,164.0,160.0,164.0,164.0,161.85,8500,1380000.0,16,,7500.0,88.24,new
KRISHIVAL,EQ,2026-09-18,417.5,420.75,411.55,419.3,420.75,409.45,7573,3148000.0,361,,4650.0,61.4,new
KRISHNADEF,EQ,2026-09-18,1018.6,1033.0,1005.3,1030.0,1030.4,1010.3,49863,50916000.0,4892,,25773.0,51.69,new
KRITI,EQ,2026-09-18,62.99,62.99,58.91,59.44,60.47,59.95,30068,1805000.0,220,,27179.0,90.39,new
KRITIKA,EQ,2026-09-18,5.13,5.25,5.13,5.2,5.21,5.17,65954,342000.0,332,,52905.0,80.21,new
KRITINUT,EQ,2026-09-18,84.47,84.47,80.61,81.34,82.75,80.45,6156,508000.0,145,,4421.0,71.82,new
KRMAYURVED,SM,2026-09-18,321.8,323.9,311.55,312.2,312.8,317.3,93000,29639999.999999996,77,,52000.0,55.91,new
KRN,EQ,2026-09-18,1434.0,1455.0,1404.8,1446.2,1444.0,1392.8,245619,351717000.0,18287,,138441.0,56.36,new
KRONOX,BE,2026-09-18,173.45,175.18,171.7,172.79,173.95,173.57,26861,4651000.0,344,,,,new
KROSS,EQ,2026-09-18,244.77,248.77,237.36,239.19,238.8,242.05,1324987,322236000.0,30196,,435473.0,32.87,new
KRSNAA,EQ,2026-09-18,541.05,547.7,533.0,541.15,545.0,541.05,121588,65398000.0,4851,,44892.0,36.92,new
KRT,RR,2026-09-18,113.75,114.0,112.7,113.61,113.73,113.55,4321212,490532000.0,10015,,3209205.0,74.27,new
KRYSTAL,EQ,2026-09-18,675.95,685.0,640.25,646.35,651.4,674.9,46393,30839000.0,2120,,20573.0,44.35,new
KSB,EQ,2026-09-18,780.0,819.6,778.35,813.1,818.0,777.8,277580,223413000.0,23049,,128727.0,46.37,new
KSCL,EQ,2026-09-18,703.35,709.7,685.0,696.35,693.9,703.35,71585,50022000.0,3909,,34345.0,47.98,new
KSE,EQ,2026-09-18,179.6,180.0,176.0,178.37,178.7,177.33,5194,927999.9999999999,325,,3700.0,71.24,new
KSHINTL,EQ,2026-09-18,1044.4,1076.0,1034.15,1046.95,1054.65,1045.55,274277,287289000.0,27300,,99615.0,36.32,new
KSHITIJPOL,EQ,2026-09-18,4.2,4.21,4.2,4.2,4.21,4.01,6675034,28081000.0,2979,,3694114.0,55.34,new
KSL,EQ,2026-09-18,975.0,983.4,951.55,955.05,951.55,970.55,67867,65314000.0,4950,,34984.0,51.55,new
KSOLVES,EQ,2026-09-18,260.0,262.8,250.4,251.6,251.1,259.75,55291,13993000.0,2441,,31496.0,56.96,new
KSR,BE,2026-09-18,44.3,44.5,42.09,43.2,43.0,44.3,26765,1148000.0,115,,,,new
KTKBANK,EQ,2026-09-18,315.05,317.75,312.2,313.8,314.65,313.9,1649339,519689999.99999994,35133,,1034143.0,62.7,new
KUANTUM,EQ,2026-09-18,76.75,79.68,76.0,78.77,79.0,76.07,286124,22093000.0,2473,,94724.0,33.11,new
KUSUMGAR,EQ,2026-09-18,551.95,594.0,551.95,591.2,591.0,551.5,504398,294108000.0,22116,,237133.0,47.01,new
KWIL,EQ,2026-09-18,40.15,41.45,39.48,41.22,41.25,39.91,11630941,471606000.00000006,42188,,4511182.0,38.79,new
LADDERUP,BE,2026-09-18,60.05,63.24,59.84,59.84,59.84,62.98,3727,225000.0,63,,,,new
LAGNAM,EQ,2026-09-18,73.0,73.0,68.1,72.34,72.48,70.24,15924,1133000.0,245,,10182.0,63.94,new
LAHOTIOV,EQ,2026-09-18,39.32,40.48,39.2,39.26,39.25,39.31,5598,220000.00000000003,54,,3862.0,68.99,new
LAKPRE,BZ,2026-09-18,5.15,5.15,4.9,4.9,4.9,5.15,7141,35000.0,19,,,,new
LAKSHMIMIL,EQ,2026-09-18,7654.0,7654.0,7654.0,7654.0,7654.0,7968.5,1,8000.0,1,,1.0,100.0,new
LAKSHYA,SM,2026-09-18,86.5,93.25,86.5,93.25,93.25,84.8,35200,3199000.0,31,,33600.0,95.45,new
LAL,EQ,2026-09-18,8.96,8.96,8.65,8.86,8.94,8.54,223610,1939999.9999999998,134,,217594.0,97.31,new
LALITHAA,EQ,2026-09-18,280.0,304.9,277.0,304.9,304.9,290.4,8505145,2500177000.0,65823,,2680956.0,31.52,new
LALPATHLAB,EQ,2026-09-18,1930.1,1959.4,1885.0,1896.9,1892.5,1924.7,477275,911592000.0,55242,,306578.0,64.24,new
LAMBODHARA,EQ,2026-09-18,120.0,121.2,118.6,120.21,120.87,118.74,6550,785000.0,217,,2926.0,44.67,new
LAMOSAIC,ST,2026-09-18,52.8,52.8,49.7,50.2,51.85,52.3,45000,2308000.0,38,,41400.0,92.0,new
LANCER,EQ,2026-09-18,12.6,12.6,12.0,12.11,12.15,12.39,346283,4222000.0,997,,300440.0,86.76,new
LANCORHOL,BE,2026-09-18,36.19,36.96,33.62,35.0,36.9,35.2,149561,5495000.0,176,,,,new
LANDMARK,EQ,2026-09-18,488.75,515.0,482.9,504.5,503.4,492.1,67669,33638000.0,2945,,40393.0,59.69,new
LANDSMILL,EQ,2026-09-18,0.57,0.58,0.56,0.56,0.57,0.56,1697340,955000.0000000001,886,,1184525.0,69.79,new
LAOPALA,EQ,2026-09-18,157.59,164.98,157.12,162.6,163.5,156.13,310800,50291000.0,6482,,121102.0,38.96,new
LARGEMID50,EQ,2026-09-18,35.53,35.56,35.36,35.55,35.55,35.31,1014,36000.0,11,,970.0,95.66,new
LASERPOWER,EQ,2026-09-18,270.5,284.0,270.4,280.75,278.6,269.0,1116298,310863000.0,20403,,611080.0,54.74,new
LATENTVIEW,EQ,2026-09-18,256.05,256.5,253.6,255.35,255.95,255.0,254240,64864000.0,5820,,155443.0,61.14,new
LATTEYS,EQ,2026-09-18,20.34,21.2,20.34,20.69,20.7,20.76,40204,828999.9999999999,188,,28361.0,70.54,new
LAURUSLABS,EQ,2026-09-18,1962.0,1982.0,1954.0,1954.0,1954.0,1948.1,2655873,5225295000.0,42063,,1851023.0,69.7,new
LAXMICOT,EQ,2026-09-18,13.0,13.28,12.6,12.72,12.85,13.08,5476,70000.0,131,,3135.0,57.25,new
LAXMIDENTL,EQ,2026-09-18,199.49,202.0,197.0,197.95,200.02,198.23,29411,5850000.0,1670,,14866.0,50.55,new
LAXMIINDIA,EQ,2026-09-18,124.96,127.5,123.5,126.98,127.4,123.61,133652,16855000.0,2192,,70914.0,53.06,new
LCCINFOTEC,EQ,2026-09-18,3.44,3.44,3.44,3.44,3.44,3.28,47268,163000.0,24,,47268.0,100.0,new
LCCPROJECT,EQ,2026-09-18,159.63,163.7,153.09,155.78,156.6,170.1,11654009,1810170000.0,69636,,3770884.0,32.36,new
LCL,EQ,2026-09-18,527.45,547.05,527.35,538.6,537.1,524.95,322072,173697000.0,16497,,152046.0,47.21,new
LEAPIND,EQ,2026-09-18,137.25,143.02,135.34,140.47,140.9,136.31,2759097,384020000.0,34617,,1137481.0,41.23,new
LEENEE,BE,2026-09-18,7.92,8.2,7.6,7.8,7.8,7.92,2347,18000.0,27,,,,new
LEMERITE,EQ,2026-09-18,18.35,19.54,17.81,18.35,18.25,18.74,249153,4634000.0,569,,154045.0,61.83,new
LEMONTREE,EQ,2026-09-18,104.12,106.9,104.12,106.47,106.9,104.06,2070198,218617000.0,20084,,1038718.0,50.17,new
LENSKART,EQ,2026-09-18,683.0,725.0,677.55,707.2,721.4,679.95,25690503,18102429000.0,188825,,16501225.0,64.23,new
LEXUS,EQ,2026-09-18,13.75,13.9,12.36,13.0,13.24,13.27,39290,513000.0,214,,25703.0,65.42,new
LFIC,EQ,2026-09-18,135.4,136.02,130.21,132.74,136.0,135.41,2724,360000.0,114,,1666.0,61.16,new
LGBBROSLTD,EQ,2026-09-18,1718.1,1764.9,1698.6,1730.4,1715.9,1718.5,25696,44256000.0,3438,,14845.0,57.77,new
LGEINDIA,EQ,2026-09-18,1660.0,1706.9,1658.9,1696.9,1694.7,1652.9,1337344,2263286000.0,60479,,980784.0,73.34,new
LGHL,EQ,2026-09-18,188.95,188.95,180.0,181.12,182.68,185.56,25458,4698000.0,320,,15395.0,60.47,new
LIBAS,EQ,2026-09-18,12.25,12.9,11.3,12.1,11.68,12.0,272411,3361999.9999999995,572,,111550.0,40.95,new
LIBERTSHOE,EQ,2026-09-18,215.98,224.0,215.98,221.28,221.85,216.0,20763,4566000.0,648,,13826.0,66.59,new
LICHSGFIN,EQ,2026-09-18,548.6,552.0,543.6,548.15,548.15,545.9,2234836,1223439000.0,25303,,1352944.0,60.54,new
LICI,EQ,2026-09-18,400.0,407.7,398.8,407.7,407.7,400.0,6937082,2784022000.0,64504,,5439345.0,78.41,new
LICMFGOLD,EQ,2026-09-18,137.25,138.1,136.45,137.65,137.6,135.3,332691,45658000.0,886,,185250.0,55.68,new
LICNETFGSC,EQ,2026-09-18,29.49,29.49,29.02,29.28,29.29,29.26,6406,188000.0,77,,3808.0,59.44,new
LICNETFN50,EQ,2026-09-18,260.84,263.39,260.84,263.39,263.39,261.77,69,18000.0,17,,63.0,91.3,new
LICNETFSEN,EQ,2026-09-18,838.75,849.9,833.11,838.84,838.84,841.79,52,44000.0,7,,52.0,100.0,new
LICNFNHGP,EQ,2026-09-18,274.18,274.18,268.0,268.0,268.0,271.47,361,97000.0,12,,261.0,72.3,new
LICNMID100,EQ,2026-09-18,61.69,63.7,61.69,63.34,63.7,62.0,17461,1088000.0,114,,2052.0,11.75,new
LIKHITHA,EQ,2026-09-18,222.0,230.39,219.0,220.78,221.5,222.63,62548,13972999.999999998,1157,,37829.0,60.48,new
LINC,EQ,2026-09-18,91.95,93.38,91.0,91.81,93.0,91.26,5818,533000.0,336,,4339.0,74.58,new
LINCOLN,EQ,2026-09-18,597.05,612.35,597.05,604.85,601.05,600.7,18250,11032000.0,1568,,9737.0,53.35,new
LINDEINDIA,EQ,2026-09-18,6139.0,6250.0,6116.0,6241.5,6250.0,6094.5,20753,128927000.0,5603,,11662.0,56.19,new
LIQGRWBEES,EQ,2026-09-18,1055.79,1056.19,1055.79,1056.18,1056.19,1055.78,101609,107318000.0,203,,93112.0,91.64,new
LIQUID,EQ,2026-09-18,999.99,1000.0,999.99,999.99,1000.0,999.99,107563,107563000.00000001,175,,60935.0,56.65,new
LIQUID1,EQ,2026-09-18,1122.94,1125.1,1122.94,1123.38,1123.39,1122.94,588053,660608000.0,519,,347842.0,59.15,new
LIQUIDADD,EQ,2026-09-18,1145.45,1145.85,1145.21,1145.47,1145.48,1145.02,335850,384706000.0,304,,215902.0,64.29,new
LIQUIDBEES,EQ,2026-09-18,999.99,1000.01,999.99,999.99,1000.0,999.99,6909810,6909781000.0,4044,,6022757.0,87.16,new
LIQUIDBETF,EQ,2026-09-18,1099.5,1099.5,1099.48,1099.49,1099.49,1099.06,477228,524708000.0,163,,374107.0,78.39,new
LIQUIDCASE,EQ,2026-09-18,116.01,116.01,115.99,116.0,116.0,115.95,13211859,1532611000.0,13210,,11393609.0,86.24,new
LIQUIDETF,EQ,2026-09-18,999.99,1000.01,999.99,1000.0,999.99,999.99,89967,89967000.0,155,,70367.0,78.21,new
LIQUIDIETF,EQ,2026-09-18,1000.0,1000.01,999.99,999.99,1000.0,999.99,841690,841689000.0,183,,811104.0,96.37,new
LIQUIDPLUS,EQ,2026-09-18,1103.9,1103.92,1103.9,1103.91,1103.92,1103.47,480177,530070000.0,303,,348265.0,72.53,new
LIQUIDSBI,EQ,2026-09-18,1000.01,1000.01,999.99,999.99,999.99,1000.01,2584,2584000.0,15,,2297.0,88.89,new
LIQUIDSHRI,EQ,2026-09-18,1122.13,1122.15,1122.13,1122.13,1122.15,1121.72,5249,5890000.0,22,,3765.0,71.73,new
LKPSEC,EQ,2026-09-18,15.65,15.65,14.75,15.01,15.01,15.06,9134,136000.0,114,,6144.0,67.27,new
LLOYDS,SM,2026-09-18,56.0,57.9,55.5,57.9,57.9,57.95,15000,844000.0,8,,14000.0,93.33,new
LLOYDSENGG,EQ,2026-09-18,80.2,82.63,80.2,82.43,82.55,80.2,2821471,230937000.0,16260,,1215697.0,43.09,new
LLOYDSENT,EQ,2026-09-18,66.75,69.79,66.75,68.84,68.69,67.0,1584258,108711999.99999999,9085,,684714.0,43.22,new
LLOYDSME,EQ,2026-09-18,1807.8,1831.5,1799.5,1826.7,1828.0,1799.3,342148,623599000.0,21354,,223245.0,65.25,new
LMW,EQ,2026-09-18,18249.0,18509.0,17605.0,17759.0,17609.0,18170.0,8747,156625000.0,3577,,5253.0,60.05,new
LODHA,EQ,2026-09-18,1110.2,1148.8,1108.6,1144.7,1144.7,1103.1,4727259,5344997000.0,65424,,3082611.0,65.21,new
LOKESHMACH,EQ,2026-09-18,333.2,352.2,332.9,344.8,343.0,343.3,15887,5491000.0,911,,9151.0,57.6,new
LORDSCHLO,EQ,2026-09-18,134.0,137.49,132.1,136.06,136.42,132.78,10327,1404000.0,369,,8211.0,79.51,new
LOTUSCHO,EQ,2026-09-18,564.35,580.0,560.0,575.1,567.0,568.85,1912,1086000.0,389,,1323.0,69.19,new
LOTUSDEV,BE,2026-09-18,210.1,216.0,209.05,215.13,214.0,213.39,557967,119356000.0,3798,,,,new
LOTUSEYE,EQ,2026-09-18,113.12,115.2,113.0,115.1,115.1,113.12,7112,816000.0,71,,6646.0,93.45,new
LOVABLE,EQ,2026-09-18,71.5,71.5,69.0,69.67,70.4,70.38,3538,247000.00000000003,178,,2175.0,61.48,new
LOWVOL,EQ,2026-09-18,199.5,199.96,199.5,199.64,199.64,199.88,1007,200999.99999999997,5,,5.0,0.5,new
LOWVOL1,EQ,2026-09-18,20.14,20.5,20.14,20.37,20.45,20.34,30084,615000.0,9968,,4698.0,15.62,new
LOWVOLIETF,EQ,2026-09-18,21.59,21.59,21.32,21.41,21.54,21.36,4231155,90372000.0,13533,,3970823.0,93.85,new
LOYALTEX,EQ,2026-09-18,207.0,210.8,197.09,201.35,201.35,207.0,447,92000.0,49,,404.0,90.38,new
LPDC,EQ,2026-09-18,6.3,7.32,6.14,7.07,7.24,6.1,456816,3167000.0,717,,231338.0,50.64,new
LRRPL,SM,2026-09-18,90.0,90.0,90.0,90.0,90.0,90.0,1500,135000.0,1,,1500.0,100.0,new
LT,EQ,2026-09-18,3846.0,3898.0,3846.0,3885.0,3885.0,3836.2,1547690,6002334000.0,67258,,1126758.0,72.8,new
LTF,EQ,2026-09-18,303.0,314.3,302.5,312.8,312.8,302.3,4647669,1439222000.0,32961,,2077063.0,44.69,new
LTFOODS,EQ,2026-09-18,420.9,426.45,416.1,423.2,421.65,421.9,459122,193522000.0,14573,,201844.0,43.96,new
LTGILTBEES,EQ,2026-09-18,29.68,29.9,29.67,29.78,29.9,29.68,1009925,30060000.000000004,676,,775706.0,76.81,new
LTGILTCASE,EQ,2026-09-18,30.88,30.88,30.1,30.29,30.29,30.27,228742,6931000.0,159,,226618.0,99.07,new
LTM,EQ,2026-09-18,4245.0,4300.0,4155.0,4275.1,4275.1,4265.3,500645,2124112000.0,32519,,257977.0,51.53,new
LTTS,EQ,2026-09-18,3340.9,3367.9,3286.8,3347.5,3337.0,3324.3,103280,344258000.0,17588,,65740.0,63.65,new
LUMAXIND,EQ,2026-09-18,5740.0,5917.0,5738.5,5851.0,5865.0,5724.0,10193,59713000.0,3423,,3036.0,29.79,new
LUMAXTECH,EQ,2026-09-18,2011.3,2118.4,2003.6,2102.7,2106.0,2018.0,190451,398749000.0,27196,,86588.0,45.46,new
LUMINO,EQ,2026-09-18,109.4,112.9,107.2,111.52,110.45,107.14,21880189,2423782000.0,98774,,3274269.0,14.96,new
LUPIN,EQ,2026-09-18,2088.1,2114.7,2075.0,2083.0,2083.0,2098.1,1194290,2495000000.0,43537,,907759.0,76.01,new
LUXIND,EQ,2026-09-18,1049.5,1169.9,1049.5,1139.2,1126.0,1042.5,279753,314974000.0,18842,,64207.0,22.95,new
LXCHEM,EQ,2026-09-18,180.0,182.84,177.22,178.24,178.28,179.23,922831,165787000.0,13691,,409185.0,44.34,new
LYKALABS,BE,2026-09-18,83.34,83.34,83.34,83.34,83.34,81.71,23845,1987000.0,55,,,,new
M&M,EQ,2026-09-18,3082.0,3098.2,3052.0,3052.0,3052.0,3076.5,2973119,9120611000.0,80912,,2252454.0,75.76,new
M&MFIN,EQ,2026-09-18,349.85,356.95,347.1,353.3,350.1,345.7,3129493,1103340000.0,70916,,2039034.0,65.16,new
MAANALU,EQ,2026-09-18,105.85,105.94,103.61,104.77,104.05,102.89,32914,3452000.0000000005,683,,19218.0,58.39,new
MACPOWER,EQ,2026-09-18,1930.1,2149.0,1930.1,2104.5,2100.0,1921.6,237776,496235000.00000006,21662,,98149.0,41.28,new
MADHAV,EQ,2026-09-18,35.9,37.79,35.1,35.46,35.4,34.5,25672,941000.0,253,,11474.0,44.69,new
MADHAVBAUG,ST,2026-09-18,151.4,155.9,151.4,155.9,155.9,159.35,6000,915000.0,13,,5200.0,86.67,new
MADHAVIPL,EQ,2026-09-18,7.59,8.15,7.59,7.8,7.81,7.59,146481,1152000.0,472,,108075.0,73.78,new
MADHUCON,BE,2026-09-18,3.87,4.07,3.69,4.07,4.07,3.88,49270,193000.0,80,,,,new
MADHURKNIT,SM,2026-09-18,46.3,51.55,45.5,51.1,51.3,46.9,285600,14191000.0,187,,158400.0,55.46,new
MADHUSUDAN,ST,2026-09-18,236.95,236.95,229.05,233.45,233.45,237.0,17000,3963000.0000000005,15,,13000.0,76.47,new
MADRASFERT,EQ,2026-09-18,61.4,61.64,60.8,61.28,61.64,61.16,22335,1368000.0,381,,11717.0,52.46,new
MAFANG,EQ,2026-09-18,238.66,254.0,238.66,248.07,249.89,237.77,1209212,300862000.0,20249,,574348.0,47.5,new
MAFATIND,EQ,2026-09-18,120.9,122.39,119.2,119.56,119.45,120.9,45441,5451000.0,1111,,36800.0,80.98,new
MAGADSUGAR,EQ,2026-09-18,509.85,512.7,497.6,504.75,503.0,508.15,25380,12747000.0,1396,,12605.0,49.67,new
MAGNUM,EQ,2026-09-18,19.53,19.98,18.81,19.19,19.35,19.53,75187,1450000.0,341,,18076.0,24.04,new
MAGSON,SM,2026-09-18,179.0,180.0,179.0,180.0,180.0,179.0,43000,7739000.0,5,,43000.0,100.0,new
MAHABANK,EQ,2026-09-18,81.6,83.54,81.13,83.54,83.54,80.8,18030197,1491342000.0,41670,,11131131.0,61.74,new
MAHAPEXLTD,EQ,2026-09-18,54.2,58.8,54.02,54.72,54.5,55.26,2016,111000.00000000001,67,,1477.0,73.26,new
MAHASTEEL,BE,2026-09-18,1180.0,1199.9,1141.9,1141.9,1141.9,1201.9,2857,3276000.0,233,,,,new
MAHEPC,EQ,2026-09-18,103.38,103.8,101.55,102.64,102.87,101.99,11732,1205000.0,220,,8532.0,72.72,new
MAHESHWARI,EQ,2026-09-18,68.3,71.49,68.28,68.7,68.28,70.0,2620,183000.0,42,,2235.0,85.31,new
MAHKTECH,EQ,2026-09-18,21.75,22.9,21.7,21.8,21.93,21.84,1637716,35939000.0,7434,,1017910.0,62.15,new
MAHLIFE,EQ,2026-09-18,364.0,371.0,356.85,366.4,368.5,363.7,140424,51213000.0,8113,,72519.0,51.64,new
MAHLOG,EQ,2026-09-18,393.95,394.75,387.4,392.75,391.0,389.55,101788,39884000.0,4540,,59656.0,58.61,new
MAHSCOOTER,EQ,2026-09-18,13217.0,13850.0,13151.0,13729.0,13750.0,13151.0,8261,112206000.0,3246,,3973.0,48.09,new
MAHSEAMLES,EQ,2026-09-18,724.0,725.9,712.15,717.55,717.0,720.2,177765,127772000.0,10724,,76828.0,43.22,new
MAITHANALL,EQ,2026-09-18,1034.7,1040.6,1006.1,1009.1,1009.2,1027.45,55436,56341000.0,3435,,27828.0,50.2,new
MAJESAUT,BE,2026-09-18,366.8,366.8,360.0,363.1,366.5,359.6,1399,509999.99999999994,76,,,,new
MAKEINDIA,EQ,2026-09-18,161.95,162.78,161.75,162.62,162.35,161.14,56042,9086000.0,339,,30496.0,54.42,new
MAKERSL,EQ,2026-09-18,182.0,195.13,178.2,190.88,190.98,185.13,1211,227000.0,76,,867.0,71.59,new
MAL,ST,2026-09-18,41.8,42.25,39.9,42.25,42.25,41.8,25600,1047000.0000000001,14,,20800.0,81.25,new
MALLCOM,EQ,2026-09-18,954.7,974.0,954.7,968.9,973.9,949.95,1230,1188000.0,193,,792.0,64.39,new
MALUPAPER,EQ,2026-09-18,31.9,33.08,31.6,32.16,32.2,31.97,17439,567000.0,397,,7593.0,43.54,new
MAMATA,EQ,2026-09-18,392.2,405.2,392.2,403.75,402.0,393.9,39826,16059000.0,1642,,21448.0,53.85,new
MANAKALUCO,EQ,2026-09-18,36.3,36.7,35.57,35.87,36.65,35.81,30354,1088000.0,363,,16407.0,54.05,new
MANAKCOAT,EQ,2026-09-18,129.7,130.6,127.5,129.22,128.02,129.69,281064,36316000.0,3277,,113557.0,40.4,new
MANAKSIA,EQ,2026-09-18,63.57,65.28,62.81,64.26,64.6,64.05,42702,2742000.0,751,,25235.0,59.1,new
MANAKSTEEL,BE,2026-09-18,104.46,108.0,104.46,107.58,108.0,104.46,16755,1797000.0,188,,,,new
MANALIPETC,EQ,2026-09-18,82.3,83.47,80.95,82.92,83.44,82.3,884970,73016000.0,7275,,299173.0,33.81,new
MANAPPURAM,EQ,2026-09-18,319.0,319.9,310.0,319.15,319.15,316.05,3822669,1213361000.0,34723,,1787558.0,46.76,new
MANBA,EQ,2026-09-18,135.1,136.9,132.1,133.76,134.98,133.76,78068,10472000.0,726,,27201.0,34.84,new
MANCREDIT,EQ,2026-09-18,219.5,224.9,217.44,223.39,224.9,218.0,137124,30331000.0,2054,,8293.0,6.05,new
MANDEEP,SM,2026-09-18,17.8,17.8,17.8,17.8,17.8,17.85,2000,36000.0,1,,2000.0,100.0,new
MANGALAM,EQ,2026-09-18,34.4,34.95,32.5,34.26,34.45,31.97,167646,5739000.0,1459,,100245.0,59.8,new
MANGLMCEM,EQ,2026-09-18,1036.6,1041.0,1024.0,1030.8,1034.5,1035.2,36083,37237000.0,1454,,27020.0,74.88,new
MANILAM,SM,2026-09-18,40.0,40.0,40.0,40.0,40.0,39.9,2000,80000.0,1,,2000.0,100.0,new
MANINDS,EQ,2026-09-18,825.0,860.5,822.35,851.55,860.5,823.0,1165509,981818000.0,40394,,434590.0,37.29,new
MANINFRA,EQ,2026-09-18,126.0,127.64,124.8,125.64,126.0,125.71,2921365,369380000.0,9535,,666433.0,22.81,new
MANIPALHOS,EQ,2026-09-18,725.0,742.5,725.0,738.95,736.55,721.55,838917,618416000.0,24461,,507293.0,60.47,new
MANKIND,EQ,2026-09-18,2300.0,2329.5,2287.7,2300.7,2300.7,2300.0,484552,1120841000.0,27649,,294518.0,60.78,new
MANOMAY,EQ,2026-09-18,225.0,231.0,224.29,229.68,230.1,223.55,182888,41818000.0,5213,,38868.0,21.25,new
MANORAMA,EQ,2026-09-18,1953.9,1984.0,1924.1,1966.9,1962.5,1939.1,97087,191117000.0,11829,,53153.0,54.75,new
MANORG,EQ,2026-09-18,450.0,458.85,450.0,456.95,457.7,448.9,8980,4090999.9999999995,446,,7380.0,82.18,new
MANUFGBEES,EQ,2026-09-18,160.83,160.83,159.55,160.16,160.65,160.03,3663,587000.0,72,,2139.0,58.39,new
MANUGRAPH,EQ,2026-09-18,15.04,18.22,15.04,18.09,17.81,15.19,591694,10605000.0,2217,,235148.0,39.74,new
MANYAVAR,EQ,2026-09-18,570.0,570.6,536.0,544.25,548.05,567.6,2133812,1166381000.0,54334,,1277075.0,59.85,new
MAPMYINDIA,EQ,2026-09-18,889.8,905.2,885.6,899.4,900.0,889.8,120929,108344000.0,7195,,60769.0,50.25,new
MARALOVER,EQ,2026-09-18,60.7,60.7,58.38,59.36,59.05,59.59,3430,204000.0,78,,2356.0,68.69,new
MARATHON,EQ,2026-09-18,414.15,419.8,405.25,409.0,412.0,414.15,86215,35409000.0,2549,,59721.0,69.27,new
MARC,SM,2026-09-18,155.25,156.0,155.25,155.9,155.9,156.0,10800,1682999.9999999998,6,,9600.0,88.89,new
MARCO,SM,2026-09-18,29.7,29.7,29.5,29.7,29.7,29.45,7500,222000.00000000003,5,,6000.0,80.0,new
MARICO,EQ,2026-09-18,820.05,822.45,803.9,803.9,803.9,817.0,2848872,2312651000.0,41994,,2129629.0,74.75,new
MARINE,EQ,2026-09-18,373.15,382.0,372.95,379.2,379.4,373.15,395698,149605000.0,16355,,181188.0,45.79,new
MARKOLINES,EQ,2026-09-18,172.85,173.98,169.0,169.71,169.1,172.84,68615,11670000.0,734,,38559.0,56.2,new
MARKSANS,EQ,2026-09-18,321.35,325.85,318.65,320.15,321.45,319.7,975318,313174000.0,22161,,477653.0,48.97,new
MARSONS,EQ,2026-09-18,122.45,132.58,121.76,128.62,128.9,121.67,5689077,734565000.0,41074,,1118739.0,19.66,new
MARUSHIKA,SM,2026-09-18,119.95,119.95,117.0,117.0,117.0,119.3,10800,1272000.0,9,,8400.0,77.78,new
MARUTI,EQ,2026-09-18,12350.0,12458.0,12103.0,12103.0,12103.0,12338.0,659773,8053400999.999999,56186,,430473.0,65.25,new
MASFIN,EQ,2026-09-18,287.4,290.1,281.0,288.95,287.1,286.9,360227,103208000.0,10963,,237549.0,65.94,new
MASKINVEST,EQ,2026-09-18,143.85,143.85,140.01,143.55,143.85,137.0,345,50000.0,17,,336.0,97.39,new
MASON,SM,2026-09-18,118.5,121.55,109.25,110.65,110.4,119.0,69500,7913000.0,111,,45500.0,65.47,new
MASPTOP50,EQ,2026-09-18,108.0,124.59,106.42,124.48,124.59,103.83,4373919,519678000.0,29229,,1536399.0,35.13,new
MASTEK,EQ,2026-09-18,1642.9,1642.9,1575.1,1588.2,1588.0,1630.1,200770,320511000.0,27729,,104372.0,51.99,new
MASTER,SM,2026-09-18,395.0,400.0,395.0,400.0,400.0,400.0,1000,398000.0,2,,1000.0,100.0,new
MASTERTR,EQ,2026-09-18,87.2,90.3,87.2,89.74,89.41,87.47,309406,27574000.0,2425,,72540.0,23.44,new
MATRIMONY,EQ,2026-09-18,533.0,538.1,528.45,535.55,535.0,530.8,5229,2793000.0,365,,3332.0,63.72,new
MAWANASUG,EQ,2026-09-18,126.91,130.44,123.5,128.21,128.3,125.54,108075,13661000.000000002,2173,,46254.0,42.8,new
MAXESTATES,EQ,2026-09-18,575.0,595.0,575.0,594.0,594.0,577.6,201561,118675000.0,3937,,168410.0,83.55,new
MAXHEALTH,EQ,2026-09-18,1037.0,1059.9,1034.9,1049.3,1049.3,1037.0,2098416,2205015000.0,36056,,1362101.0,64.91,new
MAXIND,EQ,2026-09-18,142.62,155.0,141.0,152.69,151.2,140.19,216930,32512000.0,3715,,120671.0,55.63,new
MAXPOSURE,SM,2026-09-18,40.5,40.5,39.7,39.95,39.95,38.6,5000,200000.0,5,,4000.0,80.0,new
MAXVOLT,SM,2026-09-18,379.5,386.4,363.0,377.0,375.0,374.15,19200,7236000.0,47,,10400.0,54.17,new
MAYASHEEL,SM,2026-09-18,35.0,36.0,34.0,35.35,36.0,36.65,66000,2334000.0,7,,66000.0,100.0,new
MAYURUNIQ,EQ,2026-09-18,757.4,757.4,740.0,743.4,744.95,750.0,37518,28045999.999999996,2662,,19207.0,51.19,new
MAZDA,BE,2026-09-18,260.0,276.0,258.0,266.25,268.0,263.45,166595,43638000.0,329,,,,new
MAZDOCK,EQ,2026-09-18,2209.0,2280.0,2205.1,2280.0,2280.0,2210.0,850778,1911591999.9999998,35660,,300372.0,35.31,new
MBAPL,EQ,2026-09-18,164.6,165.77,158.5,159.82,159.89,163.9,852099,138018000.0,7707,,516358.0,60.6,new
MBECL,BE,2026-09-18,401.59,401.59,401.59,401.59,401.59,382.47,1893,760000.0,71,,,,new
MBEL,EQ,2026-09-18,252.85,257.4,251.1,252.25,252.3,251.4,88783,22498000.0,4409,,41074.0,46.26,new
MBLINFRA,EQ,2026-09-18,22.19,22.35,21.8,22.29,22.31,22.19,22105,487000.0,100,,16358.0,74.0,new
MCCHRLS-B,EQ,2026-09-18,680.0,680.0,648.0,655.0,655.0,659.75,6059,3983000.0,48,,5890.0,97.21,new
MCL,EQ,2026-09-18,55.0,56.24,55.0,55.94,55.4,54.74,39011,2166000.0,688,,20149.0,51.65,new
MCLEODRUSS,EQ,2026-09-18,42.22,44.33,42.22,44.33,44.33,42.22,84730,3704000.0,537,,59300.0,69.99,new
MCLOUD,EQ,2026-09-18,25.19,25.5,25.06,25.3,25.39,25.19,881659,22295000.0,2827,,439984.0,49.9,new
MCX,EQ,2026-09-18,3257.5,3314.9,3230.1,3260.0,3260.0,3265.2,2197423,7170419000.0,101492,,1100622.0,50.09,new
MDL,SM,2026-09-18,60.0,60.0,60.0,60.0,60.0,60.0,22000,1320000.0,13,,22000.0,100.0,new
MEDANTA,EQ,2026-09-18,1448.7,1520.0,1430.0,1499.4,1507.0,1424.0,703445,1046279999.9999999,87992,,356743.0,50.71,new
MEDIASSIST,EQ,2026-09-18,323.0,326.55,317.75,324.85,325.8,321.15,105999,34314000.0,3583,,65680.0,61.96,new
MEDICAMEQ,BE,2026-09-18,344.7,344.7,328.05,328.05,328.05,346.3,29506,9747000.0,503,,,,new
MEDICAPQ,BE,2026-09-18,24.25,25.82,24.0,25.82,25.82,24.81,3778,95000.0,38,,,,new
MEDICO,EQ,2026-09-18,36.36,36.57,34.71,34.89,34.84,36.34,312783,10969000.0,1596,,204942.0,65.52,new
MEDIORG,SM,2026-09-18,21.65,21.65,21.65,21.65,21.65,22.75,2000,43000.0,1,,2000.0,100.0,new
MEDPLUS,EQ,2026-09-18,655.0,665.2,654.0,659.65,656.35,654.0,87557,57615000.0,5035,,51714.0,59.06,new
MEESHO,EQ,2026-09-18,208.48,220.0,208.16,214.44,219.63,207.31,83376786,17846317000.0,212582,,52055207.0,62.43,new
MEGAFLEX,SM,2026-09-18,94.1,95.0,94.1,94.55,95.0,96.25,2000,189000.0,2,,2000.0,100.0,new
MEGASTAR,EQ,2026-09-18,280.0,283.9,280.0,281.8,280.05,278.75,17638,4958000.0,60,,17508.0,99.26,new
MEGATHERM,SM,2026-09-18,261.0,261.0,251.0,253.75,254.8,261.0,15600,3965999.9999999995,28,,12800.0,82.05,new
MEIL,EQ,2026-09-18,272.55,274.75,270.0,271.85,271.5,270.3,23180,6303000.0,605,,13282.0,57.3,new
MENNPIS,BE,2026-09-18,74.78,75.0,72.03,73.79,73.31,74.59,26549,1952000.0,192,,,,new
MENONBE,BE,2026-09-18,311.75,320.0,310.0,316.85,319.4,305.05,88392,27957000.0,943,,,,new
MEP,BZ,2026-09-18,0.65,0.65,0.63,0.63,0.63,0.64,69757,44000.0,56,,,,new
MERCANTILE,EQ,2026-09-18,23.48,23.96,22.17,22.7,23.02,22.47,2852,65000.0,66,,2302.0,80.72,new
MERCURYEV,EQ,2026-09-18,41.74,41.74,39.11,39.91,39.7,40.84,456747,18373000.0,3485,,302813.0,66.3,new
METAL,EQ,2026-09-18,13.32,13.32,13.0,13.15,13.18,13.0,3215331,42250000.0,5716,,2668817.0,83.0,new
METALIC,ST,2026-09-18,139.95,143.65,139.95,143.65,143.65,136.85,56000,8006999.999999999,31,,52800.0,94.29,new
METALIETF,EQ,2026-09-18,13.29,13.29,12.97,13.08,13.08,12.97,3650778,47725000.0,7253,,1887509.0,51.7,new
METROBRAND,EQ,2026-09-18,955.0,955.0,927.0,940.85,950.9,950.45,918435,864149000.0,46652,,583208.0,63.5,new
METROGLOBL,EQ,2026-09-18,134.5,134.5,132.01,132.01,132.01,134.5,59,8000.0,3,,59.0,100.0,new
METROPOLIS,EQ,2026-09-18,589.9,602.05,582.0,597.45,596.0,586.3,223299,133080000.0,12531,,105080.0,47.06,new
MFML,EQ,2026-09-18,18.66,19.49,18.21,18.83,18.61,18.66,2179,42000.0,54,,2123.0,97.43,new
MFSL,EQ,2026-09-18,1538.6,1573.6,1538.0,1559.0,1559.0,1554.0,898566,1404261000.0,52959,,603143.0,67.12,new
MGEL,EQ,2026-09-18,15.6,15.99,15.47,15.64,15.61,15.52,241973,3779999.9999999995,489,,169044.0,69.86,new
MGL,EQ,2026-09-18,1067.1,1087.5,1066.2,1081.7,1078.5,1071.2,196402,211959000.0,12066,,113138.0,57.61,new
MGSL,SM,2026-09-18,67.55,70.0,63.75,65.45,65.95,69.25,43200,2848000.0,36,,31200.0,72.22,new
MHHL,SM,2026-09-18,30.6,30.6,30.6,30.6,30.6,32.2,1500,46000.0,1,,1500.0,100.0,new
MHLXMIRU,BE,2026-09-18,153.9,154.0,146.31,153.97,154.0,152.88,11934,1821000.0,81,,,,new
MHRIL,EQ,2026-09-18,195.0,201.0,194.81,199.29,199.5,195.17,169999,33777000.0,2885,,98085.0,57.7,new
MICEL,BE,2026-09-18,33.39,33.39,33.37,33.37,33.37,34.05,94790,3163000.0,820,,,,new
MICROPRO,SM,2026-09-18,18.35,18.35,18.35,18.35,18.35,18.4,1600,28999.999999999996,1,,1600.0,100.0,new
MID150,EQ,2026-09-18,23.2,23.22,22.93,23.18,23.18,22.93,222934,5153000.0,193,,200324.0,89.86,new
MID150BEES,EQ,2026-09-18,234.88,236.88,233.43,236.52,236.85,233.43,453893,106938000.00000001,5489,,260682.0,57.43,new
MID150CASE,EQ,2026-09-18,11.6,11.6,11.21,11.51,11.55,11.37,622348,7136000.0,2930,,387971.0,62.34,new
MIDBANKADD,EQ,2026-09-18,17.22,17.75,17.15,17.24,17.26,17.14,12233,211000.0,20,,11145.0,91.11,new
MIDCAP,EQ,2026-09-18,18.39,18.39,18.1,18.29,18.25,18.13,96964,1768000.0,700,,63174.0,65.15,new
MIDCAPADD,EQ,2026-09-18,22.77,24.93,22.77,23.75,24.0,22.67,1040,24000.0,24,,838.0,80.58,new
MIDCAPBETA,EQ,2026-09-18,229.24,230.9,228.95,230.9,230.9,227.67,5959,1367000.0,33,,5943.0,99.73,new
MIDCAPETF,EQ,2026-09-18,23.13,23.43,23.1,23.37,23.43,23.1,1444353,33656000.0,4084,,842131.0,58.31,new
MIDCAPIETF,EQ,2026-09-18,23.55,23.81,23.45,23.7,23.78,23.41,934043,22040000.0,1857,,486812.0,52.12,new
MIDHANI,EQ,2026-09-18,411.0,421.5,408.85,417.3,418.0,407.85,1297036,541157000.0,35704,,526568.0,40.6,new
MIDQ50ADD,EQ,2026-09-18,24.25,24.56,24.23,24.46,24.56,24.19,38319,933000.0,94,,20358.0,53.13,new
MIDSELIETF,EQ,2026-09-18,19.8,19.8,19.44,19.63,19.75,19.43,169980,3327000.0000000005,602,,95022.0,55.9,new
MIDSMALL,EQ,2026-09-18,51.87,51.87,50.73,51.4,51.5,50.85,137961,7080000.0,3205,,110493.0,80.09,new
MIDWESTLTD,EQ,2026-09-18,980.0,990.8,973.1,980.8,981.6,976.2,10017,9824000.0,918,,4300.0,42.93,new
MIIL,EQ,2026-09-18,699.5,714.85,689.95,711.35,714.75,689.0,83235,58635000.0,2313,,30197.0,36.28,new
MILKYMIST,EQ,2026-09-18,276.13,283.98,271.5,274.07,275.3,274.76,5036730,1399203000.0,50902,,1583111.0,31.43,new
MINALIND,BE,2026-09-18,5.15,5.15,5.15,5.15,5.15,5.25,7728,40000.0,50,,,,new
MINDACORP,EQ,2026-09-18,685.0,696.35,681.4,691.45,693.25,681.25,90197,62370000.00000001,10617,,47895.0,53.1,new
MINDSPACE,RR,2026-09-18,499.0,508.4,497.49,505.58,504.57,499.08,902294,455970000.0,20604,,693020.0,76.81,new
MINDTECK,EQ,2026-09-18,160.36,160.36,156.81,158.33,157.0,156.84,19042,3013000.0,645,,10513.0,55.21,new
MIRZAINT,EQ,2026-09-18,29.6,29.98,28.71,29.14,29.0,29.54,204304,5935000.0,2038,,139184.0,68.13,new
MITCON,EQ,2026-09-18,79.03,81.59,79.0,80.01,80.05,80.23,386,31000.0,38,,220.0,56.99,new
MITTAL,EQ,2026-09-18,0.76,0.84,0.74,0.77,0.77,0.76,4600938,3536999.9999999995,724,,2877363.0,62.54,new
MKEXIM,EQ,2026-09-18,67.9,69.87,65.75,67.43,69.0,67.23,49723,3386999.9999999995,600,,33430.0,67.23,new
MKPL,EQ,2026-09-18,4.07,4.17,3.96,3.97,4.0,4.07,125960,507000.0,529,,89429.0,71.0,new
MLKFOOD,EQ,2026-09-18,83.0,86.0,77.11,79.82,79.5,79.12,3524,283000.0,202,,2213.0,62.8,new
MMFL,EQ,2026-09-18,618.9,632.95,618.9,628.55,627.3,618.6,41604,26135000.000000004,2432,,20524.0,49.33,new
MMP,EQ,2026-09-18,472.7,482.8,461.5,466.85,467.0,465.7,94696,44750000.0,3417,,54618.0,57.68,new
MMTC,EQ,2026-09-18,60.14,60.99,60.02,60.27,60.3,60.14,733798,44270000.0,5300,,296842.0,40.45,new
MMWL,EQ,2026-09-18,13.39,13.39,12.76,12.89,12.9,13.04,11336,148000.0,97,,9138.0,80.61,new
MNC,EQ,2026-09-18,32.29,32.75,31.89,32.69,32.5,32.29,79748,2599000.0,305,,14512.0,18.2,new
MOALPHA50,EQ,2026-09-18,55.45,55.88,55.29,55.74,55.6,55.06,4637,256999.99999999997,46,,3964.0,85.49,new
MOBANK10,EQ,2026-09-18,16.55,16.66,16.49,16.66,16.66,16.57,1608,27000.0,34,,1353.0,84.14,new
MOBIKWIK,EQ,2026-09-18,200.7,213.75,200.5,212.48,213.0,198.64,5135376,1068467000.0,53481,,1646427.0,32.06,new
MOBILISE,SM,2026-09-18,108.95,108.95,108.95,108.95,108.95,113.6,3200,349000.0,2,,1600.0,50.0,new
MOCAPITAL,EQ,2026-09-18,53.64,53.69,53.05,53.58,53.68,53.1,811785,43397000.0,3025,,613916.0,75.63,new
MODEFENCE,EQ,2026-09-18,103.05,103.6,102.21,103.28,103.1,101.87,1229387,126764000.00000001,7319,,637950.0,51.89,new
MODINATUR,EQ,2026-09-18,339.95,374.0,339.95,359.05,355.0,337.95,10638,3865000.0,555,,7149.0,67.2,new
MODIRUBBER,EQ,2026-09-18,123.0,123.4,119.16,120.24,120.05,123.9,577,69000.0,41,,351.0,60.83,new
MODIS,EQ,2026-09-18,351.1,353.85,342.0,352.4,350.0,349.05,19609,6831999.999999999,510,,16797.0,85.66,new
MODISONLTD,BE,2026-09-18,445.0,467.2,442.0,457.6,450.0,449.5,46210,21180000.0,1160,,,,new
MODTHREAD,EQ,2026-09-18,49.21,50.35,47.0,47.99,47.99,50.35,5222,250000.0,90,,4332.0,82.96,new
MOENERGY,EQ,2026-09-18,37.25,38.15,36.78,38.0,37.99,37.53,38962,1476000.0,435,,28925.0,74.24,new
MOGOLD,EQ,2026-09-18,150.95,151.7,149.85,151.35,151.5,148.95,22815,3445000.0000000005,534,,10513.0,46.08,new
MOGSEC,EQ,2026-09-18,63.74,65.42,63.74,65.12,65.42,65.38,764,50000.0,44,,597.0,78.14,new
MOHEALTH,EQ,2026-09-18,52.31,52.43,51.66,52.09,52.36,51.88,230100,11993000.0,628,,56694.0,24.64,new
MOHITE,EQ,2026-09-18,2.44,2.54,2.4,2.45,2.43,2.44,64284,158000.0,143,,53176.0,82.72,new
MOHITIND,EQ,2026-09-18,23.99,23.99,23.0,23.62,23.65,23.2,21043,493000.0,80,,13797.0,65.57,new
MOIL,EQ,2026-09-18,244.0,245.1,240.98,243.88,244.0,243.06,344649,83800000.0,7032,,148862.0,43.19,new
MOINFRA,EQ,2026-09-18,57.88,58.47,57.88,58.26,58.26,57.6,772,45000.0,27,,686.0,88.86,new
MOIPO,EQ,2026-09-18,48.97,49.65,47.92,48.99,48.58,49.84,22647,1095000.0,140,,20800.0,91.84,new
MOKSH,EQ,2026-09-18,9.99,10.3,9.95,10.17,10.17,9.95,406146,4110000.0,247,,401790.0,98.93,new
MOL,EQ,2026-09-18,60.0,63.8,59.6,63.05,63.3,59.93,1434815,89379000.0,12560,,460761.0,32.11,new
MOLBIO,EQ,2026-09-18,1297.1,1314.8,1262.2,1288.3,1287.9,1285.3,1435104,1848264000.0,56261,,167923.0,11.7,new
MOLDTECH,BE,2026-09-18,193.9,196.84,188.51,192.75,193.6,194.15,42547,8201000.000000001,371,,,,new
MOLDTKPAC,EQ,2026-09-18,661.85,666.05,655.5,658.3,658.2,661.85,42442,28008999.999999996,2831,,25941.0,61.12,new
MOLOWVOL,EQ,2026-09-18,36.52,36.52,35.31,35.58,35.61,35.63,1878,67000.0,40,,1562.0,83.17,new
MOM100,EQ,2026-09-18,66.99,67.3,66.41,66.95,66.75,66.41,152423,10189000.0,1896,,80945.0,53.11,new
MOM30IETF,EQ,2026-09-18,30.95,31.19,30.79,31.08,31.15,30.75,375419,11655000.0,1232,,230589.0,61.42,new
MOM50,EQ,2026-09-18,243.85,252.85,243.82,247.42,246.24,243.83,1236,303000.0,81,,470.0,38.03,new
MOMENTUM,EQ,2026-09-18,30.8,30.87,30.5,30.79,30.7,30.58,22891,705000.0,144,,12328.0,53.86,new
MOMENTUM30,EQ,2026-09-18,30.42,30.63,30.31,30.5,30.63,30.06,14003,426999.99999999994,52,,5436.0,38.82,new
MOMENTUM50,EQ,2026-09-18,53.2,54.1,53.16,53.97,54.03,53.14,348067,18739000.0,12630,,192696.0,55.36,new
MOMETAL,EQ,2026-09-18,12.95,13.08,12.94,13.04,13.08,12.81,4082,53000.0,30,,3840.0,94.07,new
MOMGF,EQ,2026-09-18,159.12,159.64,159.12,159.63,159.63,158.77,599,96000.0,20,,599.0,100.0,new
MOMIDMTM,EQ,2026-09-18,64.4,64.4,63.41,63.9,63.7,63.14,51049,3256000.0,339,,42936.0,84.11,new
MOMMIDCAP,EQ,2026-09-18,12.78,12.93,12.78,12.9,12.9,12.74,1400681,18047000.0,962,,1273391.0,90.91,new
MOMNC,EQ,2026-09-18,31.56,31.61,31.43,31.54,31.44,31.46,55646,1753000.0,22,,55390.0,99.54,new
MOMOMENTUM,EQ,2026-09-18,60.84,61.83,60.84,61.55,61.83,60.84,70539,4337000.0,271,,50833.0,72.06,new
MOMSBELIEF,BE,2026-09-18,216.04,226.0,213.72,223.73,225.0,216.04,90045,19856000.0,710,,,,new
MON100,EQ,2026-09-18,328.44,330.99,325.01,330.33,330.34,322.43,750532,247066000.0,17015,,470972.0,62.75,new
MON50EQUAL,EQ,2026-09-18,32.45,32.5,32.29,32.37,32.5,32.4,2913,94000.0,46,,2564.0,88.02,new
MONARCH,EQ,2026-09-18,369.5,370.0,363.2,366.15,365.9,367.8,96830,35431000.0,2325,,67925.0,70.15,new
MONEXT50,EQ,2026-09-18,71.73,72.46,71.6,72.35,72.46,71.27,2915,210000.0,48,,2611.0,89.57,new
MONEYBOXX,EQ,2026-09-18,54.49,54.49,54.49,54.49,54.49,51.9,24084,1312000.0,38,,24084.0,100.0,new
MONIFTY100,EQ,2026-09-18,24.54,25.4,24.54,24.83,24.83,24.54,5007,124000.0,64,,3139.0,62.69,new
MONIFTY500,EQ,2026-09-18,23.79,23.79,23.28,23.45,23.5,23.32,206084,4817000.0,1059,,115218.0,55.91,new
MONOLITH,SM,2026-09-18,1310.0,1349.0,1264.0,1295.0,1295.0,1296.1,26750,34791000.0,96,,16750.0,62.62,new
MONQ50,EQ,2026-09-18,349.99,396.3,330.26,396.3,396.3,330.25,2229451,869696999.9999999,24329,,630997.0,28.3,new
MONTECARLO,EQ,2026-09-18,558.7,561.8,547.5,553.05,553.0,554.7,129704,71651000.0,4674,,82374.0,63.51,new
MOOILGAS,EQ,2026-09-18,11.0,11.04,10.9,10.98,10.95,10.9,3726,41000.0,37,,3649.0,97.93,new
MOPSE,EQ,2026-09-18,100.87,100.87,97.92,98.73,98.69,101.1,4247,417000.0,69,,4219.0,99.34,new
MOQUALITY,EQ,2026-09-18,193.44,195.06,193.05,194.5,195.06,193.52,690,134000.0,21,,561.0,81.3,new
MOREALTY,EQ,2026-09-18,84.26,85.47,83.9,85.27,85.4,83.85,283299,24111000.0,1659,,156877.0,55.38,new
MOREPENLAB,EQ,2026-09-18,120.6,123.45,118.14,120.9,120.8,120.56,16816327,2028618000.0,66306,,4514303.0,26.84,new
MOS,ST,2026-09-18,5.45,5.6,5.1,5.5,5.6,5.35,19316000,103126000.0,849,,19072000.0,98.74,new
MOSCHIP,EQ,2026-09-18,210.0,211.15,207.91,208.89,209.3,208.06,1271753,265965000.0,18765,,458800.0,36.08,new
MOSERVICE,EQ,2026-09-18,30.12,30.35,30.05,30.35,30.35,30.0,490,15000.0,18,,440.0,89.8,new
MOSILVER,EQ,2026-09-18,229.57,232.3,228.63,231.3,231.8,223.98,54487,12541000.0,1582,,13288.0,24.39,new
MOSMALL250,EQ,2026-09-18,17.94,18.6,17.71,18.41,18.45,18.17,921766,16870000.0,1756,,380587.0,41.29,new
MOTHERSON,EQ,2026-09-18,161.87,165.37,161.84,162.57,162.57,161.87,19068300,3120812000.0,53827,,14523618.0,76.17,new
MOTILALOFS,EQ,2026-09-18,988.7,1010.0,988.7,1010.0,1010.0,988.7,739629,744171000.0,13569,,520412.0,70.36,new
MOTISONS,EQ,2026-09-18,18.25,19.12,17.95,18.3,18.19,17.94,114189016,2105908000.0000002,189115,,13959042.0,12.22,new
MOTOGENFIN,EQ,2026-09-18,24.84,27.84,24.84,26.19,26.15,24.96,68884,1814000.0,492,,20161.0,29.27,new
MOTOUR,EQ,2026-09-18,77.98,78.34,76.18,77.95,78.34,76.53,34945,2701000.0,150,,29993.0,85.83,new
MOVALUE,EQ,2026-09-18,110.36,111.48,109.04,110.91,110.95,110.36,33264,3677000.0000000005,454,,20558.0,61.8,new
MPDL,BE,2026-09-18,28.69,30.0,28.69,30.0,30.0,30.18,349,10000.0,3,,,,new
MPEL,ST,2026-09-18,22.25,22.25,22.2,22.25,22.25,21.2,19200,426999.99999999994,12,,17600.0,91.67,new
MPEL-RE,ST,2026-09-18,1.8,1.8,1.8,1.8,1.8,1.65,41600,75000.0,5,,41600.0,100.0,new
MPHASIS,EQ,2026-09-18,2322.9,2327.9,2275.0,2300.4,2300.4,2320.0,650262,1490188000.0,32409,,357904.0,55.04,new
MPIMANIPAL,EQ,2026-09-18,348.9,349.95,329.0,341.35,345.0,345.15,1721733,583081000.0,35353,,741486.0,43.07,new
MPSLTD,EQ,2026-09-18,2583.0,2689.9,2560.1,2667.3,2658.1,2571.5,8970,23521000.0,1707,,5034.0,56.12,new
MRF,EQ,2026-09-18,124900.0,126500.0,123815.0,125670.0,124890.0,124585.0,8232,1028719000.0,5588,,4373.0,53.12,new
MRIL,ST,2026-09-18,82.8,85.3,78.4,84.2,85.3,81.25,169600,14188000.0,82,,169600.0,100.0,new
MRPL,EQ,2026-09-18,164.36,167.1,162.64,165.38,165.5,163.77,4824765,794326000.0,37798,,1208084.0,25.04,new
MSCI360,EQ,2026-09-18,9.88,10.06,9.8,9.96,9.95,9.86,3868,38000.0,30,,3296.0,85.21,new
MSCIADD,EQ,2026-09-18,28.74,28.8,28.74,28.8,28.8,28.63,758,22000.0,3,,658.0,86.81,new
MSCIINDIA,EQ,2026-09-18,29.11,29.58,29.03,29.27,29.32,28.96,9841,287000.0,99,,9330.0,94.81,new
MSL,EQ,2026-09-18,137.1,145.0,136.22,141.43,136.22,136.22,649,92000.0,49,,626.0,96.46,new
MSPL,EQ,2026-09-18,33.75,34.5,33.36,34.15,34.11,33.75,596227,20287000.0,2076,,432741.0,72.58,new
MSTCLTD,EQ,2026-09-18,715.2,741.45,701.0,724.05,725.0,715.25,213012,153636000.0,9357,,82465.0,38.71,new
MSUMI,EQ,2026-09-18,36.1,36.2,35.38,35.67,35.95,36.07,31085866,1110404000.0,76641,,19338030.0,62.21,new
MTARTECH,BE,2026-09-18,7061.0,7250.0,6900.0,7202.0,7200.0,7060.0,88193,633135000.0,14852,,,,new
MTEDUCARE,BE,2026-09-18,1.74,1.79,1.63,1.69,1.7,1.71,94189,165000.0,64,,,,new
MTNL,EQ,2026-09-18,23.78,24.15,23.52,23.8,23.65,23.77,778801,18567000.0,2977,,321396.0,41.27,new
MUFIN,EQ,2026-09-18,132.99,136.0,132.5,133.45,133.0,132.2,1191673,160218000.0,6752,,136799.0,11.48,new
MUFTI,EQ,2026-09-18,75.02,75.02,73.0,73.63,73.99,73.37,39771,2933000.0,709,,21089.0,53.03,new
MUKANDLTD,EQ,2026-09-18,134.2,136.5,133.52,134.78,134.2,134.2,48572,6547000.0,756,,31798.0,65.47,new
MUKESHB,EQ,2026-09-18,133.0,133.0,133.0,133.0,133.0,133.0,1,0.0,1,,1.0,100.0,new
MUKKA,BE,2026-09-18,28.56,28.76,26.87,26.93,26.88,28.28,640411,17471000.0,2197,,,,new
MUKTAARTS,BE,2026-09-18,56.28,57.92,54.31,57.92,57.92,56.0,605,33000.0,10,,,,new
MULTICAP,EQ,2026-09-18,16.0,16.53,16.0,16.48,16.48,16.33,43331,712000.0,334,,34636.0,79.93,new
MUNISH,SM,2026-09-18,95.75,96.75,90.5,92.65,96.75,95.75,12000,1119000.0,10,,8400.0,70.0,new
MUNJALAU,EQ,2026-09-18,104.24,105.84,103.46,103.99,104.3,104.81,237389,24770000.0,7345,,108433.0,45.68,new
MUNJALSHOW,EQ,2026-09-18,124.0,126.74,123.21,125.8,126.15,123.93,20341,2554000.0,481,,13415.0,65.95,new
MURUDCERA,EQ,2026-09-18,29.0,29.0,27.82,28.26,28.29,28.65,14737,416000.0,376,,11331.0,76.89,new
MUTHOOTCAP,EQ,2026-09-18,231.62,239.98,231.62,234.28,233.12,235.03,14019,3328000.0,403,,10943.0,78.06,new
MUTHOOTFIN,EQ,2026-09-18,2796.6,2852.0,2784.3,2841.1,2841.1,2770.2,654610,1855052000.0,53732,,333004.0,50.87,new
MUTHOOTMF,EQ,2026-09-18,188.3,189.9,187.23,189.28,189.59,188.04,137823,26006000.0,2477,,45534.0,33.04,new
MVELECTRO,EQ,2026-09-18,795.0,842.0,776.0,832.75,826.7,796.0,2320560,1892932000.0,66573,,248547.0,10.71,new
MVGJL,EQ,2026-09-18,217.0,224.36,212.2,214.47,214.8,215.37,509506,111616000.00000001,12280,,162489.0,31.89,new
MVKAGRO,SM,2026-09-18,245.5,245.5,244.3,244.3,244.3,257.15,69300,16949000.0,122,,60000.0,86.58,new
MWL,EQ,2026-09-18,40.17,44.0,40.12,42.52,42.04,40.18,3022051,129270000.0,14018,,859370.0,28.44,new
MYMUDRA,SM,2026-09-18,64.45,64.5,64.4,64.5,64.5,66.0,4800,309000.0,4,,3600.0,75.0,new
MYSORPETRO,BE,2026-09-18,129.39,131.79,124.1,129.99,129.98,128.02,2567,328000.0,52,,,,new
NACLIND,EQ,2026-09-18,148.33,148.88,143.1,146.75,148.05,148.88,691786,100520000.0,12923,,328417.0,47.47,new
NAGREEKCAP,EQ,2026-09-18,29.0,29.0,27.3,28.19,28.0,27.92,45262,1286000.0,260,,35993.0,79.52,new
NAGREEKEXP,EQ,2026-09-18,21.3,21.95,20.94,21.13,21.22,21.54,14284,301000.0,231,,11754.0,82.29,new
NAHARCAP,EQ,2026-09-18,257.95,257.95,245.0,247.5,250.9,250.0,2151,536000.0,97,,1895.0,88.1,new
NAHARINDUS,EQ,2026-09-18,131.5,136.9,130.5,131.29,130.6,133.47,6308,835000.0,235,,4544.0,72.04,new
NAHARPOLY,EQ,2026-09-18,224.0,228.45,223.0,227.02,227.5,222.28,2119,478000.0,122,,1839.0,86.79,new
NAHARSPING,EQ,2026-09-18,278.85,281.35,268.05,269.2,272.0,275.8,12712,3449000.0,627,,8207.0,64.56,new
NAM-INDIA,EQ,2026-09-18,1128.3,1156.1,1124.1,1155.0,1155.0,1119.0,1528510,1753997000.0,50588,,962708.0,62.98,new
NAMAN,SM,2026-09-18,38.1,38.1,38.1,38.1,38.1,38.0,1600,61000.0,2,,1600.0,100.0,new
NAMOEWASTE,ST,2026-09-18,267.3,274.0,263.8,270.95,269.0,267.3,28800,7739000.0,32,,20800.0,72.22,new
NARMADA,EQ,2026-09-18,13.86,14.0,13.67,13.72,13.71,13.86,201618,2775000.0,580,,133610.0,66.27,new
NATCAPSUQ,BE,2026-09-18,176.0,176.0,170.0,171.58,172.7,178.58,12419,2133000.0,161,,,,new
NATCOPHARM,EQ,2026-09-18,819.0,822.65,806.9,813.4,813.45,818.25,489351,398057000.0,32884,,297976.0,60.89,new
NATHBIOGEN,EQ,2026-09-18,148.14,149.0,146.5,147.34,147.01,148.14,54186,8020000.0,139,,53352.0,98.46,new
NATIONALUM,EQ,2026-09-18,359.8,363.2,350.5,350.5,350.5,355.7,5809441,2067006000.0000002,45661,,3802733.0,65.46,new
NATIONSTD,EQ,2026-09-18,112.35,112.99,109.0,109.94,110.0,111.8,6114,679000.0,219,,4449.0,72.77,new
NAUKRI,EQ,2026-09-18,1265.0,1284.0,1251.2,1251.2,1251.2,1265.0,1486135,1883582000.0,40888,,941024.0,63.32,new
NAVA,EQ,2026-09-18,548.05,571.75,548.05,562.3,562.2,546.6,664236,375986000.0,25503,,292946.0,44.1,new
NAVINFLUOR,EQ,2026-09-18,8257.0,8682.5,8231.5,8590.0,8612.0,8220.0,298599,2533553000.0,49461,,177828.0,59.55,new
NAVKARCORP,EQ,2026-09-18,87.8,89.25,87.26,88.91,89.01,87.56,302437,26689999.999999996,2987,,159195.0,52.64,new
NAVKARURB,BE,2026-09-18,0.83,0.84,0.79,0.83,0.84,0.83,436782,358000.0,305,,,,new
NAVNETEDUL,EQ,2026-09-18,124.9,128.44,124.06,126.89,126.8,124.89,73795,9316000.0,2506,,43290.0,58.66,new
NAZARA,EQ,2026-09-18,364.5,377.0,364.5,369.35,368.65,362.55,3038750,1126057000.0,31145,,1732182.0,57.0,new
NBCC,EQ,2026-09-18,82.4,84.27,82.4,82.4,82.4,82.13,5214690,433364000.00000006,23793,,2789483.0,53.49,new
NBIFIN,EQ,2026-09-18,1960.0,1979.0,1946.0,1970.8,1979.0,1960.1,5088,9913000.0,37,,5045.0,99.15,new
NCC,EQ,2026-09-18,135.98,138.92,134.84,137.13,136.45,135.6,2320130,316935000.0,24548,,1182563.0,50.97,new
NCLIND,EQ,2026-09-18,172.46,175.0,172.45,174.66,175.0,172.98,30414,5286000.0,362,,23701.0,77.93,new
NDGL,EQ,2026-09-18,2664.0,2690.0,2600.0,2649.5,2690.0,2653.4,359,947000.0000000001,37,,292.0,81.34,new
NDL,EQ,2026-09-18,2.82,2.9,2.75,2.78,2.81,2.82,967406,2698000.0,1398,,541396.0,55.96,new
NDLVENTURE,EQ,2026-09-18,123.0,125.38,116.0,123.0,123.49,120.03,18292,2258000.0,398,,11496.0,62.85,new
NDRAUTO,EQ,2026-09-18,700.0,729.7,700.0,726.0,727.0,701.0,29831,21384000.0,2356,,14433.0,48.38,new
NDRINVIT,IV,2026-09-18,145.5,145.5,145.5,145.5,145.5,145.0,25000,3638000.0000000005,1,,25000.0,100.0,new
NDTV,EQ,2026-09-18,71.0,73.38,70.9,71.72,71.95,71.04,77022,5546000.0,1212,,27448.0,35.64,new
NEAGI,EQ,2026-09-18,3308.0,3308.0,3308.0,3308.0,3308.0,3308.0,1,3000.0,1,,1.0,100.0,new
NECCLTD,BE,2026-09-18,19.25,19.35,18.13,18.97,19.33,18.82,39219,741000.0,175,,,,new
NECLIFE,EQ,2026-09-18,11.19,11.3,10.85,10.98,11.0,11.02,93255,1023000.0,378,,82176.0,88.12,new
NEELAM,SM,2026-09-18,7.0,7.0,7.0,7.0,7.0,6.75,6000,42000.0,1,,6000.0,100.0,new
NELCAST,EQ,2026-09-18,107.72,110.09,105.75,108.34,107.4,108.04,86630,9373000.0,1510,,41382.0,47.77,new
NELCO,EQ,2026-09-18,969.55,1019.5,965.3,1011.85,1005.85,965.25,682119,686138000.0,25945,,306861.0,44.99,new
NEOCHEM,SM,2026-09-18,112.5,112.5,106.1,108.0,108.0,105.45,14400,1553000.0,12,,10800.0,75.0,new
NEOGEN,EQ,2026-09-18,2435.0,2498.2,2376.2,2488.4,2477.0,2395.6,355984,873840000.0,39806,,125872.0,35.36,new
NEPHROCARE,SM,2026-09-18,95.55,95.55,91.65,93.75,93.95,91.65,13600,1279000.0,29,,9600.0,70.59,new
NEPHROPLUS,EQ,2026-09-18,742.0,746.95,735.1,743.35,746.0,735.1,75741,56239000.0,7981,,38613.0,50.98,new
NEPTUNE,SM,2026-09-18,177.0,179.5,176.3,177.9,179.5,176.5,1500,266000.0,3,,1000.0,66.67,new
NESCO,EQ,2026-09-18,1088.3,1124.1,1076.0,1111.3,1122.0,1081.5,41377,45362000.0,2886,,24069.0,58.17,new
NESTLEIND,EQ,2026-09-18,1372.1,1390.0,1332.8,1372.4,1372.4,1370.6,3264904,4456265000.0,70103,,2061448.0,63.14,new
NETF,EQ,2026-09-18,251.55,255.25,251.55,254.15,254.0,254.1,868,221000.0,109,,663.0,76.38,new
NETWEB,EQ,2026-09-18,4612.0,4703.5,4587.0,4664.5,4652.5,4578.5,1136499,5281359000.0,87276,,282105.0,24.82,new
NETWORK18,EQ,2026-09-18,26.49,27.17,26.39,27.0,26.89,26.46,5331335,143268000.0,9795,,2279148.0,42.75,new
NEUEON,BE,2026-09-18,11.62,11.7,11.25,11.29,11.5,11.57,9328,106000.0,57,,,,new
NEULANDLAB,EQ,2026-09-18,22700.0,23030.0,22440.0,22840.0,22700.0,22665.0,75518,1716497000.0,21626,,45008.0,59.6,new
NEWGEN,EQ,2026-09-18,493.4,499.3,487.1,497.3,497.0,489.5,622017,307302000.0,17627,,187539.0,30.15,new
NEWJAISA,ST,2026-09-18,19.1,19.1,17.3,18.0,18.0,18.2,144000,2551000.0,19,,136500.0,94.79,new
NEXT30ADD,EQ,2026-09-18,42.17,42.36,42.06,42.36,42.36,41.97,7416,313000.0,56,,4060.0,54.75,new
NEXT50,EQ,2026-09-18,739.38,748.53,736.14,745.6,745.45,735.76,22861,17003000.0,2378,,11770.0,51.49,new
NEXT50ADD,EQ,2026-09-18,72.14,72.57,71.98,72.45,72.45,71.41,13052,944999.9999999999,39,,2748.0,21.05,new
NEXT50BETA,EQ,2026-09-18,77.77,78.09,77.03,77.88,77.43,77.1,122825,9532000.0,555,,94518.0,76.95,new
NEXT50ETF,EQ,2026-09-18,72.03,73.0,72.03,72.85,72.95,71.69,4546,330000.0,85,,3929.0,86.43,new
NEXT50IETF,EQ,2026-09-18,76.81,76.81,74.82,76.39,76.5,75.3,466182,35411000.0,3561,,267589.0,57.4,new
NEXTMEDIA,EQ,2026-09-18,3.88,3.88,3.79,3.82,3.79,3.88,1241,5000.0,34,,1115.0,89.85,new
NFL,EQ,2026-09-18,66.99,67.41,66.5,66.79,66.99,66.84,382639,25560000.0,2565,,199755.0,52.2,new
NFPSAMPOOR,SM,2026-09-18,21.25,22.4,21.25,21.5,22.4,20.4,62000,1332000.0,11,,62000.0,100.0,new
NGIL,EQ,2026-09-18,36.33,38.43,35.94,38.04,38.43,34.94,33418,1259000.0,245,,14651.0,43.84,new
NGLFINE,EQ,2026-09-18,2728.8,2780.0,2670.1,2768.2,2765.0,2715.3,11325,30910000.000000004,1203,,8810.0,77.79,new
NH,EQ,2026-09-18,1859.0,1940.0,1859.0,1928.5,1927.0,1868.6,271767,520795000.0,29854,,186274.0,68.54,new
NHIT,IV,2026-09-18,171.0,171.0,171.0,171.0,171.0,171.0,150000,25650000.0,3,,150000.0,100.0,new
NHPC,EQ,2026-09-18,75.2,76.95,75.09,76.95,76.95,75.2,18275311,1392138000.0,35982,,12686050.0,69.42,new
NIACL,EQ,2026-09-18,196.76,196.76,186.0,187.66,186.99,197.05,9375719,1770179000.0,72532,,1771835.0,18.9,new
NIBE,EQ,2026-09-18,1252.9,1305.0,1228.3,1287.0,1288.0,1250.1,46108,58144000.00000001,3837,,24217.0,52.52,new
NIBL,EQ,2026-09-18,30.36,31.68,29.5,30.97,31.0,30.65,10685,331000.0,283,,8366.0,78.3,new
NICCOPAR,EQ,2026-09-18,82.99,82.99,78.0,80.45,80.45,82.0,5480,440000.00000000006,39,,5466.0,99.74,new
NIDAN,SM,2026-09-18,13.5,13.5,13.4,13.4,13.4,13.0,5000,67000.0,5,,5000.0,100.0,new
NIF100BEES,EQ,2026-09-18,259.46,261.1,259.45,260.72,261.1,259.43,7950,2070000.0,558,,5604.0,70.49,new
NIF100IETF,EQ,2026-09-18,27.3,27.52,27.26,27.4,27.5,27.3,41367,1132000.0,1041,,23744.0,57.4,new
NIF500BETA,EQ,2026-09-18,36.66,36.7,36.51,36.66,36.7,36.48,29211,1069000.0,16,,29076.0,99.54,new
NIFTY1,EQ,2026-09-18,261.71,261.71,258.81,259.67,259.36,259.12,68356,17739000.0,1138,,27460.0,40.17,new
NIFTY100EW,EQ,2026-09-18,34.78,34.8,34.19,34.31,34.2,34.13,68217,2340000.0,179,,36556.0,53.59,new
NIFTYADD,EQ,2026-09-18,246.45,247.02,245.3,246.79,246.6,245.65,4027,992000.0,75,,2100.0,52.15,new
NIFTYAXIS,EQ,2026-09-18,258.96,259.39,258.09,259.23,259.33,258.41,8771,2270000.0,152,,5363.0,61.14,new
NIFTYBEES,EQ,2026-09-18,267.89,267.89,265.94,266.53,266.75,266.08,3645562,970827000.0,43071,,2148191.0,58.93,new
NIFTYBETA,EQ,2026-09-18,259.0,261.99,258.35,259.77,261.99,258.92,2607269,676118000.0,523,,2601992.0,99.8,new
NIFTYBETF,EQ,2026-09-18,240.7,241.19,239.23,240.79,240.95,240.35,3374,811000.0,104,,950.0,28.16,new
NIFTYCASE,EQ,2026-09-18,9.59,9.59,9.35,9.37,9.4,9.36,503818,4727000.0,1514,,431004.0,85.55,new
NIFTYETF,EQ,2026-09-18,254.8,255.02,253.61,254.51,254.61,253.4,142854,36331000.0,598,,88963.0,62.28,new
NIFTYIETF,EQ,2026-09-18,268.5,268.5,264.37,265.13,265.01,264.67,397456,105272000.0,13076,,244919.0,61.62,new
NIFTYJBLK,EQ,2026-09-18,12.23,12.23,11.94,11.98,12.05,11.94,100363,1201000.0,617,,63971.0,63.74,new
NIFTYQLITY,EQ,2026-09-18,20.88,20.88,20.5,20.61,20.63,20.6,10693,220000.00000000003,186,,7208.0,67.41,new
NIITLTD,EQ,2026-09-18,87.88,94.3,86.8,91.57,92.0,87.31,391257,35420000.0,4484,,144845.0,37.02,new
NIITMTS,EQ,2026-09-18,225.5,225.66,214.49,217.16,216.98,224.6,402242,87770000.0,10783,,176076.0,43.77,new
NILAINFRA,EQ,2026-09-18,6.64,6.69,6.41,6.63,6.6,6.56,201803,1319000.0,539,,143729.0,71.22,new
NILASPACES,EQ,2026-09-18,12.48,12.72,12.13,12.3,12.3,12.48,1810089,22271000.0,2520,,881348.0,48.69,new
NILE,EQ,2026-09-18,1493.0,1493.0,1455.0,1462.2,1469.2,1456.0,1434,2099000.0,309,,1045.0,72.87,new
NILKAMAL,EQ,2026-09-18,1904.6,1934.0,1844.2,1887.5,1884.0,1917.2,25774,48783000.0,3682,,11235.0,43.59,new
NIMBSPROJ,EQ,2026-09-18,192.89,192.91,178.02,185.46,192.9,183.73,10487,1986000.0,172,,3271.0,31.19,new
NINSYS,EQ,2026-09-18,714.5,714.5,702.1,707.5,707.0,707.9,807,572000.0,196,,456.0,56.51,new
NIPPOBATRY,EQ,2026-09-18,327.0,327.0,315.2,319.8,320.0,315.2,1463,467000.0,110,,1194.0,81.61,new
NIRAJ,EQ,2026-09-18,27.06,28.73,27.06,27.74,27.72,27.92,7255,200999.99999999997,71,,4211.0,58.04,new
NIRAJISPAT,BE,2026-09-18,285.0,285.0,285.0,285.0,285.0,285.0,30,9000.0,2,,,,new
NIRLON,EQ,2026-09-18,600.0,604.95,596.05,600.4,600.5,601.05,1961,1178000.0,271,,1199.0,61.14,new
NIRMAN,SM,2026-09-18,26.6,27.0,26.25,26.8,27.0,26.7,7500,199000.0,21,,7200.0,96.0,new
NITCO,EQ,2026-09-18,85.95,88.46,85.12,87.0,88.05,85.94,417793,36166000.0,3059,,224108.0,53.64,new
NITINSPIN,EQ,2026-09-18,617.0,634.9,613.05,619.2,620.5,616.85,58258,36170000.0,3915,,31277.0,53.69,new
NITIRAJ,EQ,2026-09-18,233.0,236.7,227.5,232.01,233.49,234.07,3238,757000.0,101,,2295.0,70.88,new
NITTAGELA,EQ,2026-09-18,1794.1,1794.1,1690.2,1711.4,1724.0,1766.1,5804,10070000.0,766,,4325.0,74.52,new
NIVABUPA,EQ,2026-09-18,79.85,80.45,79.01,79.59,79.02,79.6,1273196,101433000.0,8596,,857729.0,67.37,new
NLCINDIA,EQ,2026-09-18,264.2,269.7,262.55,268.8,268.1,262.3,2578554,690256000.0,41438,,1542025.0,59.8,new
NMDC,EQ,2026-09-18,81.38,81.7,79.15,79.15,79.15,80.8,18919633,1516381000.0,42430,,11965410.0,63.24,new
NOCIL,EQ,2026-09-18,187.3,196.87,186.34,194.56,195.2,186.36,1732771,331913000.0,16253,,716069.0,41.33,new
NOIDATOLL,EQ,2026-09-18,3.94,4.04,3.87,4.0,4.02,3.96,26530,105000.0,222,,19750.0,74.44,new
NORBTEAEXP,EQ,2026-09-18,64.13,66.9,64.13,65.5,65.5,64.73,1847,120000.0,46,,1133.0,61.34,new
NORTHARC,EQ,2026-09-18,311.9,315.5,308.55,313.6,313.6,310.55,1062365,331739000.0,25678,,535651.0,50.42,new
NOVAAGRI,EQ,2026-09-18,22.7,23.39,22.11,22.9,23.08,22.49,38579,878999.9999999999,292,,31889.0,82.66,new
NOVARTIND,EQ,2026-09-18,2082.2,2154.9,2006.0,2046.8,2040.0,2082.2,76794,159620000.0,7664,,27158.0,35.36,new
NPBET,EQ,2026-09-18,283.11,283.45,283.0,283.0,283.0,282.79,8,2000.0,4,,8.0,100.0,new
NPST,EQ,2026-09-18,1857.1,1899.5,1803.1,1828.5,1820.0,1854.9,139085,257530000.00000003,12093,,51214.0,36.82,new
NRAIL,EQ,2026-09-18,620.2,640.8,601.5,625.2,624.0,628.5,18686,11541000.0,1384,,9625.0,51.51,new
NRBBEARING,EQ,2026-09-18,474.0,534.9,472.6,525.5,529.5,472.2,9738086,5095157000.0,172806,,802307.0,8.24,new
NRL,BE,2026-09-18,136.73,143.98,132.9,143.67,143.98,137.13,210713,29480000.0,782,,,,new
NRVANDANA,SM,2026-09-18,71.0,71.0,70.0,70.0,70.0,71.55,33000,2337000.0,8,,33000.0,100.0,new
NSIL,EQ,2026-09-18,5400.0,5550.0,5400.0,5507.5,5518.0,5436.0,2466,13582000.0,336,,2014.0,81.67,new
NSLNISP,EQ,2026-09-18,41.8,43.04,41.33,42.6,42.4,41.64,6294350,266957000.00000003,23031,,2497660.0,39.68,new
NTCIND,EQ,2026-09-18,132.03,136.0,132.03,132.85,134.0,132.03,747,100000.0,36,,506.0,67.74,new
NTPC,EQ,2026-09-18,329.8,330.85,323.65,323.65,323.65,329.6,9448827,3086193000.0,71362,,6494646.0,68.73,new
NTPCGREEN,EQ,2026-09-18,88.5,88.95,86.91,88.55,88.42,87.58,4164366,366366000.0,51916,,2315134.0,55.59,new
NUCLEUS,EQ,2026-09-18,700.0,709.0,683.0,686.25,685.0,691.4,14849,10252000.0,1144,,8547.0,57.56,new
NURECA,BE,2026-09-18,330.0,348.95,327.15,345.95,348.6,332.35,28818,9994000.0,471,,,,new
NUVAMA,EQ,2026-09-18,1700.0,1720.0,1689.5,1713.7,1710.0,1687.4,265082,453046000.0,20056,,153533.0,57.92,new
NUVOCO,EQ,2026-09-18,318.05,333.5,318.05,328.6,328.8,319.0,629989,206084000.0,21754,,267721.0,42.5,new
NV20,EQ,2026-09-18,13.84,13.84,13.46,13.58,13.59,13.51,58601,791000.0,187,,40688.0,69.43,new
NV20BEES,EQ,2026-09-18,135.72,136.11,134.86,135.32,135.35,135.72,22134,2994000.0,270,,15388.0,69.52,new
NV20IETF,EQ,2026-09-18,13.22,13.29,13.14,13.2,13.24,13.22,328699,4329000.0,1656,,192811.0,58.66,new
NXST,RR,2026-09-18,166.84,167.55,165.95,166.35,167.55,166.25,919152,152981000.0,7953,,889667.0,96.79,new
NXT-INFRA,IV,2026-09-18,98.0,100.0,98.0,100.0,100.0,95.5,200000,19950000.0,2,,200000.0,100.0,new
NYKAA,EQ,2026-09-18,324.15,332.15,322.7,332.15,332.15,323.75,4424240,1443105000.0,79300,,2988738.0,67.55,new
OAL,EQ,2026-09-18,513.8,528.9,510.0,514.15,512.5,513.5,22259,11552000.0,1282,,10227.0,45.95,new
OBCL,EQ,2026-09-18,55.82,58.0,55.1,57.02,57.34,55.82,5689,324000.0,65,,5338.0,93.83,new
OBEROIRLTY,EQ,2026-09-18,1730.1,1785.0,1721.0,1785.0,1785.0,1740.7,766762,1346653000.0,29849,,542086.0,70.7,new
OBSCP,SM,2026-09-18,895.0,935.0,886.2,930.25,925.3,899.25,33200,30639000.0,79,,20400.0,61.45,new
OCCLLTD,BE,2026-09-18,156.5,159.0,150.6,154.09,154.5,154.65,17991,2777000.0,260,,,,new
ODIGMA,EQ,2026-09-18,20.95,21.44,20.95,21.0,21.05,21.0,20873,440000.00000000006,297,,20461.0,98.03,new
ODYCORP,EQ,2026-09-18,7.18,7.18,6.25,7.07,7.13,6.86,41164,278000.0,106,,23355.0,56.74,new
OFSS,EQ,2026-09-18,11648.0,11896.0,11515.0,11896.0,11896.0,11620.0,162844,1903730000.0,19585,,92261.0,56.66,new
OIL,EQ,2026-09-18,479.0,482.8,472.0,475.7,475.7,477.4,3703547,1769383000.0000002,32811,,2248480.0,60.71,new
OILCOUNTUB,BE,2026-09-18,65.54,65.54,65.54,65.54,65.54,64.26,44331,2905000.0,50,,,,new
OILIETF,EQ,2026-09-18,11.03,11.19,11.01,11.14,11.14,11.02,690859,7681999.999999999,1485,,449889.0,65.12,new
OLAELEC,EQ,2026-09-18,36.8,37.0,36.02,36.39,36.49,36.79,48738061,1770540000.0000002,94953,,18143613.0,37.23,new
OLECTRA,EQ,2026-09-18,1183.0,1206.4,1183.0,1198.8,1198.6,1186.2,174712,209246000.0,11276,,57170.0,32.72,new
OLIL,SM,2026-09-18,443.9,444.5,427.0,443.35,444.5,432.35,23600,10265000.0,24,,14000.0,59.32,new
OMAXAUTO,EQ,2026-09-18,175.09,185.01,174.04,182.16,183.0,175.79,85580,15475000.0,1770,,49258.0,57.56,new
OMAXE,EQ,2026-09-18,120.96,123.0,116.41,117.31,117.6,120.76,744348,89362000.0,8261,,236006.0,31.71,new
OMFREIGHT,BE,2026-09-18,86.0,87.79,84.0,85.16,85.55,85.8,4094,350000.0,85,,,,new
OMFURN,SM,2026-09-18,51.05,51.5,51.0,51.5,51.5,53.0,8400,429000.0,3,,7200.0,85.71,new
OMINFRAL,EQ,2026-09-18,80.91,80.91,77.9,78.33,78.88,79.44,54641,4304000.0,1336,,38248.0,70.0,new
OMNI,EQ,2026-09-18,569.95,588.0,544.8,556.15,554.4,568.65,6045799,3388479000.0,81316,,2180581.0,36.07,new
OMPOWER,EQ,2026-09-18,167.53,175.4,167.11,172.37,172.15,166.7,71555,12245000.0,1187,,41467.0,57.95,new
ONDOOR,SM,2026-09-18,255.5,270.0,255.5,268.7,270.0,267.2,10200,2726000.0,22,,6900.0,67.65,new
ONEGLOBAL,EQ,2026-09-18,550.45,550.45,525.05,538.75,539.05,530.45,3309,1769000.0000000002,302,,2217.0,67.0,new
ONELIFECAP,BE,2026-09-18,32.91,34.1,32.91,34.02,34.07,32.91,21388,716000.0,67,,,,new
ONEPOINT,EQ,2026-09-18,59.14,60.2,58.66,59.64,59.58,59.14,579627,34571000.0,2916,,326662.0,56.36,new
ONESOURCE,EQ,2026-09-18,1575.0,1634.8,1575.0,1594.9,1592.4,1580.0,335793,538183000.0,29590,,180620.0,53.79,new
ONGC,EQ,2026-09-18,232.43,234.32,231.75,232.8,232.8,232.43,11146237,2597488000.0,58575,,8168015.0,73.28,new
ONIDA,EQ,2026-09-18,32.28,33.4,32.23,32.89,32.6,32.29,453556,14936000.000000002,1764,,264109.0,58.23,new
ONIXSOLAR,EQ,2026-09-18,357.4,357.4,357.4,357.4,357.4,376.2,6099,2180000.0,80,,6099.0,100.0,new
ONMOBILE,BE,2026-09-18,51.31,51.31,48.75,48.81,48.75,51.31,98825,4856000.0,699,,,,new
ONWARDTEC,EQ,2026-09-18,289.9,297.0,286.05,287.2,287.0,291.75,13769,4004999.9999999995,749,,6763.0,49.12,new
ONYX,ST,2026-09-18,38.0,38.0,37.25,37.25,37.25,38.0,26000,986000.0,4,,26000.0,100.0,new
OPTIEMUS,EQ,2026-09-18,614.0,622.7,585.6,590.1,589.0,610.0,190406,113625000.0,11867,,86926.0,45.65,new
OPTIFIN,EQ,2026-09-18,14.99,14.99,13.8,14.01,14.38,15.13,61040,861000.0,255,,55043.0,90.18,new
OPTIMYSTIX,SM,2026-09-18,137.0,140.1,134.0,139.45,140.0,139.0,17600,2430000.0,20,,10400.0,59.09,new
OPTIVALUE,ST,2026-09-18,180.0,193.1,180.0,193.1,193.1,183.95,52800,10101000.0,29,,49600.0,93.94,new
ORBTEXP,BE,2026-09-18,224.0,234.4,224.0,229.82,228.51,224.97,1710,392000.0,58,,,,new
ORCHASP,EQ,2026-09-18,1.41,1.43,1.37,1.4,1.41,1.37,375577,524000.0,366,,290241.0,77.28,new
ORCHPHARMA,EQ,2026-09-18,958.05,999.0,958.05,989.7,993.6,958.05,56527,55459000.0,3312,,33963.0,60.08,new
ORIANA,SM,2026-09-18,276.5,281.9,265.0,271.75,272.9,1348.85,169875,46122000.0,351,,84750.0,49.89,new
ORICONENT,EQ,2026-09-18,51.06,53.88,51.06,52.75,53.01,51.26,17128,901000.0,334,,9348.0,54.58,new
ORIENTALTL,EQ,2026-09-18,4.98,5.03,4.93,4.96,4.95,4.98,55364,275000.0,323,,32187.0,58.14,new
ORIENTBELL,EQ,2026-09-18,394.05,396.0,383.0,393.25,395.45,387.25,10141,3968000.0,739,,6924.0,68.28,new
ORIENTCEM,EQ,2026-09-18,122.03,126.2,121.83,124.55,124.15,122.09,2828940,351604000.0,15931,,1849499.0,65.38,new
ORIENTCER,EQ,2026-09-18,46.89,46.9,45.62,46.52,46.8,46.11,53405,2475000.0,811,,31904.0,59.74,new
ORIENTELEC,EQ,2026-09-18,170.68,170.68,166.25,167.36,166.3,168.83,123188,20673000.0,3243,,70881.0,57.54,new
ORIENTHOT,EQ,2026-09-18,142.0,144.69,140.15,143.45,143.31,141.01,1243314,178133000.0,6393,,574716.0,46.22,new
ORIENTLTD,BE,2026-09-18,79.55,84.99,79.55,80.82,81.0,82.99,1086,88000.0,18,,,,new
ORIENTPPR,EQ,2026-09-18,17.3,17.51,16.99,17.2,17.1,17.25,191461,3297999.9999999995,857,,102160.0,53.36,new
ORIENTTECH,EQ,2026-09-18,236.47,239.24,235.01,236.35,236.15,236.47,156550,37145000.0,2655,,65530.0,41.86,new
ORIRAIL,EQ,2026-09-18,119.23,120.41,116.3,117.09,117.53,117.94,33351,3922999.9999999995,988,,17157.0,51.44,new
ORISSAMINE,EQ,2026-09-18,4020.0,4051.0,3800.1,3821.2,3824.0,3896.4,28276,109763000.00000001,4922,,9623.0,34.03,new
ORKLAINDIA,EQ,2026-09-18,576.3,604.25,575.0,595.65,602.0,578.25,71578,42263000.0,3735,,42771.0,59.75,new
ORTINGLOBE,EQ,2026-09-18,15.7,16.68,15.67,15.83,16.44,16.45,8090,129000.0,50,,5628.0,69.57,new
OSELDEVICE,SM,2026-09-18,369.0,369.0,361.55,363.9,364.0,368.5,13200,4809000.0,53,,10600.0,80.3,new
OSIAHYPER,BE,2026-09-18,2.24,2.27,2.16,2.24,2.19,2.22,225631,505000.0,328,,,,new
OSWALAGRO,EQ,2026-09-18,35.99,35.99,33.22,33.88,33.65,33.91,56597,1925000.0,622,,51345.0,90.72,new
OSWALGREEN,EQ,2026-09-18,19.2,19.95,18.76,19.44,19.37,19.04,107196,2061000.0,752,,66034.0,61.6,new
OSWALPUMPS,EQ,2026-09-18,274.8,280.7,270.45,278.1,279.1,273.3,271449,74531000.0,5538,,120551.0,44.41,new
OSWALSEEDS,EQ,2026-09-18,14.0,14.35,13.55,13.72,13.61,13.87,109264,1519000.0,458,,58818.0,53.83,new
OWAIS,ST,2026-09-18,77.95,79.5,76.4,76.4,76.4,77.95,22700,1757999.9999999998,46,,22200.0,97.8,new
PACEDIGITK,EQ,2026-09-18,155.26,158.38,154.5,156.17,156.37,153.31,521729,81376000.0,8674,,245308.0,47.02,new
PACIFICI,EQ,2026-09-18,147.99,147.99,147.99,147.99,147.99,148.5,1,0.0,1,,1.0,100.0,new
PAGEIND,EQ,2026-09-18,34990.0,36400.0,34900.0,36400.0,36400.0,35020.0,32020,1143656000.0,11085,,19415.0,60.63,new
PAISALO,EQ,2026-09-18,91.0,91.0,88.75,89.51,89.3,88.73,25898908,2320036000.0,48589,,7364090.0,28.43,new
PAKKA,EQ,2026-09-18,75.55,79.8,75.55,78.56,78.99,77.12,45964,3611000.0,985,,26300.0,57.22,new
PALASHSECU,EQ,2026-09-18,86.11,88.5,86.1,86.11,86.11,86.03,305,27000.0,20,,251.0,82.3,new
PALREDTEC,EQ,2026-09-18,46.01,46.13,46.01,46.1,46.1,46.01,161,7000.000000000001,6,,161.0,100.0,new
PANACEABIO,EQ,2026-09-18,373.0,375.8,359.9,367.9,368.0,372.0,119782,43852000.0,4233,,53319.0,44.51,new
PANACHE,BE,2026-09-18,515.0,522.2,515.0,522.2,522.2,512.0,3474,1804000.0,38,,,,new
PANAMAPET,EQ,2026-09-18,455.7,472.4,455.7,470.2,469.0,459.75,166705,77759000.0,6040,,80106.0,48.05,new
PANCHMAHQ,EQ,2026-09-18,295.0,301.0,295.0,296.4,301.0,295.0,38,11000.0,10,,38.0,100.0,new
PANORAMA,EQ,2026-09-18,52.3,54.0,52.0,53.26,53.5,52.63,171382,9078000.0,955,,79133.0,46.17,new
PANSARI,EQ,2026-09-18,280.0,285.0,262.9,284.95,284.0,290.0,1081,305000.0,36,,919.0,85.01,new
PAR,BE,2026-09-18,134.39,139.94,134.0,136.6,138.0,133.54,29278,4024000.0,349,,,,new
PARACABLES,EQ,2026-09-18,60.75,62.5,60.75,62.02,62.25,60.7,1236571,76411000.0,6813,,608819.0,49.23,new
PARADEEP,EQ,2026-09-18,154.0,156.56,153.06,155.62,155.64,153.81,2314244,358938000.0,26625,,1001163.0,43.26,new
PARAGMILK,EQ,2026-09-18,265.5,272.4,263.5,268.5,268.0,264.6,1521408,407882000.0,17741,,851356.0,55.96,new
PARAGON,SM,2026-09-18,53.1,55.0,53.1,53.65,53.6,55.5,6000,324000.0,5,,3600.0,60.0,new
PARAMATRIX,SM,2026-09-18,57.0,57.0,57.0,57.0,57.0,57.5,1200,68000.0,1,,1200.0,100.0,new
PARAMOUNT,SM,2026-09-18,40.25,40.3,40.25,40.3,40.3,42.35,7200,290000.0,6,,6000.0,83.33,new
PARAS,EQ,2026-09-18,1375.0,1397.7,1366.4,1372.7,1380.0,1370.9,613001,844487000.0000001,30224,,138830.0,22.65,new
PARASPETRO,EQ,2026-09-18,2.16,2.23,2.13,2.14,2.15,2.13,180581,392000.0,239,,118581.0,65.67,new
PARIN,SM,2026-09-18,700.0,704.0,690.0,704.0,704.0,703.95,3750,2617000.0,15,,3000.0,80.0,new
PARKHOSPS,EQ,2026-09-18,279.4,284.3,271.2,282.05,282.0,277.9,1071510,299994000.0,19506,,521325.0,48.65,new
PARKHOTELS,EQ,2026-09-18,108.0,109.89,106.6,107.38,107.6,107.2,147877,15955000.000000002,2409,,93521.0,63.24,new
PARNAXLAB,EQ,2026-09-18,130.0,130.0,124.0,128.2,128.95,123.79,1756,225999.99999999997,26,,1596.0,90.89,new
PARSVNATH,BE,2026-09-18,1.84,1.84,1.84,1.84,1.84,1.81,20372,37000.0,38,,,,new
PARTH,SM,2026-09-18,490.0,530.0,482.65,522.95,516.5,491.8,49200,24444000.0,67,,42000.0,85.37,new
PARTYCRUS,SM,2026-09-18,96.95,98.0,96.95,97.3,98.0,94.5,3000,292000.0,3,,3000.0,100.0,new
PASHUPATI,EQ,2026-09-18,84.9,84.9,79.5,80.26,80.55,81.37,350867,28307000.0,4817,,138271.0,39.41,new
PASUPTAC,EQ,2026-09-18,70.65,71.89,69.2,69.98,69.77,70.31,130798,9187000.0,1092,,89085.0,68.11,new
PATANJALI,EQ,2026-09-18,353.05,367.0,353.05,367.0,367.0,354.45,1999903,723113000.0,86273,,820211.0,41.01,new
PATELENG,EQ,2026-09-18,25.96,26.29,25.48,25.62,25.62,25.96,2871181,74019000.0,8259,,1740361.0,60.61,new
PATELRMART,EQ,2026-09-18,204.89,206.9,203.42,205.77,206.85,202.84,19068,3915000.0,836,,10613.0,55.66,new
PATILAUTOM,SM,2026-09-18,315.0,328.0,314.0,325.9,326.95,315.55,67800,21864000.0,109,,45000.0,66.37,new
PATINTLOG,BE,2026-09-18,14.15,14.25,13.71,14.0,14.08,13.89,72909,1022000.0000000001,177,,,,new
PAUSHAKLTD,EQ,2026-09-18,719.9,730.75,708.0,716.35,719.95,719.95,16660,12012000.0,1552,,8764.0,52.61,new
PAVNAIND,EQ,2026-09-18,15.0,15.88,14.96,15.67,15.5,14.95,69294,1069000.0,285,,48807.0,70.43,new
PAYTM,EQ,2026-09-18,1795.4,1849.9,1765.0,1849.9,1849.9,1763.0,4640337,8348514999.999999,113705,,2072838.0,44.67,new
PBMPOLY,EQ,2026-09-18,67.0,67.0,60.08,65.0,65.0,60.0,146,10000.0,6,,144.0,98.63,new
PCBL,EQ,2026-09-18,332.0,338.0,328.75,336.7,337.0,329.4,1255857,419458000.0,24641,,651331.0,51.86,new
PCCL,SM,2026-09-18,439.0,445.0,437.0,445.0,445.0,439.65,5200,2304000.0,7,,5200.0,100.0,new
PCJEWELLER,EQ,2026-09-18,12.51,13.04,12.37,12.72,12.7,12.35,332313201,4214358999.9999995,184887,,59192291.0,17.81,new
PDMJEPAPER,EQ,2026-09-18,103.5,103.94,100.43,101.59,101.28,102.41,236098,24131000.0,3796,,92313.0,39.1,new
PDSL,EQ,2026-09-18,346.95,353.3,345.3,351.15,353.0,345.45,69980,24522000.0,3710,,36668.0,52.4,new
PEARLPOLY,EQ,2026-09-18,17.36,17.36,16.16,17.09,17.14,16.73,9783,164000.0,60,,6087.0,62.22,new
PELATRO,SM,2026-09-18,370.0,384.95,370.0,384.95,384.95,365.15,2700,1025000.0,9,,2100.0,77.78,new
PENIND,EQ,2026-09-18,170.45,172.4,168.58,171.43,171.91,170.44,219229,37378000.0,4353,,103273.0,47.11,new
PENINLAND,EQ,2026-09-18,15.86,16.0,15.1,15.36,15.35,15.55,101308,1560000.0,566,,75222.0,74.25,new
PENTAGON,ST,2026-09-18,91.0,91.35,87.1,91.35,91.35,87.0,7000,634000.0,6,,7000.0,100.0,new
PERFECT,SZ,2026-09-18,1.7,1.7,1.6,1.6,1.6,1.65,15000,25000.0,5,,15000.0,100.0,new
PERMAGN,EQ,2026-09-18,829.0,855.95,820.0,848.15,851.0,828.7,6294,5269000.0,453,,4034.0,64.09,new
PERNIASPOP,EQ,2026-09-18,554.4,554.4,537.0,546.45,547.0,554.5,102495,55707000.00000001,4434,,38235.0,37.3,new
PERSISTENT,EQ,2026-09-18,5476.0,5500.0,5389.0,5416.0,5416.0,5473.0,494682,2680065000.0,35687,,229917.0,46.48,new
PETRONET,EQ,2026-09-18,284.85,292.6,284.1,292.6,292.6,283.45,3218273,929601000.0,36040,,2600880.0,80.82,new
PFC,EQ,2026-09-18,345.0,347.1,342.55,342.55,342.55,344.95,11369930,3927782000.0,55268,,9058037.0,79.67,new
PFIZER,EQ,2026-09-18,4054.9,4054.9,3972.7,4002.4,3995.0,4014.8,42189,168808000.0,9571,,17808.0,42.21,new
PFOCUS,EQ,2026-09-18,335.0,347.25,334.9,344.35,344.25,334.95,5344944,1828500000.0,47963,,1163499.0,21.77,new
PFS,EQ,2026-09-18,26.58,26.79,26.07,26.17,26.12,26.34,503737,13208000.000000002,2462,,393979.0,78.21,new
PGEL,EQ,2026-09-18,529.35,541.45,529.15,529.15,529.15,529.35,570498,304929000.0,11710,,234236.0,41.06,new
PGHH,EQ,2026-09-18,7673.5,7680.0,7432.0,7486.0,7450.0,7613.0,66505,502718999.99999994,14520,,42369.0,63.71,new
PGHL,EQ,2026-09-18,5455.0,5529.0,5434.0,5503.5,5520.0,5434.5,5754,31538000.0,1956,,3141.0,54.59,new
PGIL,EQ,2026-09-18,1134.1,1157.2,1122.2,1146.1,1140.9,1143.1,101084,115763000.00000001,10877,,48201.0,47.68,new
PGINVIT,IV,2026-09-18,101.77,101.99,101.24,101.37,101.35,101.6,1353682,137286000.0,8338,,1174462.0,86.76,new
PHANTOMFX,SM,2026-09-18,100.0,103.5,94.05,95.5,94.05,99.45,18300,1805999.9999999998,45,,9600.0,52.46,new
PHARMABEES,EQ,2026-09-18,27.88,27.88,27.36,27.5,27.49,27.36,3520516,96808000.0,7483,,2567432.0,72.93,new
PHOENIXLTD,EQ,2026-09-18,1880.0,1923.2,1877.9,1877.9,1877.9,1872.2,421506,800180000.0,15702,,271602.0,64.44,new
PHOENXINTL,EQ,2026-09-18,28.91,29.48,28.0,29.0,29.0,28.77,1414,41000.0,38,,1265.0,89.46,new
PHOGLOBAL,SM,2026-09-18,15.25,15.25,14.9,14.9,14.9,14.5,4000,60000.0,2,,4000.0,100.0,new
PICCADIL,EQ,2026-09-18,600.55,606.9,585.95,589.4,591.0,600.55,174176,103332000.0,9053,,101049.0,58.02,new
PIDILITIND,EQ,2026-09-18,1559.9,1598.9,1559.9,1572.1,1572.1,1551.5,1142486,1811618999.9999998,49363,,714295.0,62.52,new
PIGL,EQ,2026-09-18,99.76,102.77,99.11,99.49,99.16,99.76,20728,2073999.9999999998,371,,14084.0,67.95,new
PIIND,EQ,2026-09-18,2307.0,2366.8,2302.5,2366.8,2366.8,2307.0,558327,1309495000.0,16124,,417820.0,74.83,new
PILANIINVS,EQ,2026-09-18,4086.0,4119.9,4050.0,4067.0,4083.7,4082.2,1314,5347000.0,414,,938.0,71.39,new
PILITA,EQ,2026-09-18,7.85,7.85,7.37,7.48,7.5,7.75,128245,959000.0,558,,102872.0,80.22,new
PINELABS,EQ,2026-09-18,185.0,198.65,183.16,192.04,194.15,184.48,66808323,12726171000.0,214104,,31329386.0,46.89,new
PIONEEREMB,EQ,2026-09-18,21.5,22.0,20.25,21.95,21.99,21.39,13799,298000.0,129,,11535.0,83.59,new
PIONRINV,BE,2026-09-18,76.11,79.55,76.11,79.55,79.55,78.71,430,33000.0,7,,,,new
PIRAMALFIN,EQ,2026-09-18,2260.0,2324.5,2246.8,2300.2,2319.0,2253.8,529289,1209411000.0,44731,,352711.0,66.64,new
PITTIENG,EQ,2026-09-18,1144.0,1178.8,1138.7,1146.1,1165.0,1131.1,157561,182073000.0,11797,,77475.0,49.17,new
PIXTRANS,EQ,2026-09-18,1724.6,1749.0,1723.1,1741.1,1742.0,1724.6,4141,7193000.000000001,969,,2390.0,57.72,new
PKTEA,BE,2026-09-18,921.25,966.5,904.0,910.0,910.0,921.25,10797,10028000.0,352,,,,new
PLASTIBLEN,EQ,2026-09-18,187.5,187.92,185.75,186.63,186.0,184.45,5737,1072000.0,245,,4507.0,78.56,new
PLATIND,EQ,2026-09-18,211.13,215.5,210.24,214.05,213.9,211.11,53556,11380000.0,1510,,30342.0,56.65,new
PLAZACABLE,EQ,2026-09-18,62.2,63.0,61.0,61.06,61.0,62.31,75948,4654000.0,872,,47604.0,62.68,new
PML,EQ,2026-09-18,494.95,498.95,491.0,496.15,498.75,495.05,41,20000.0,13,,41.0,100.0,new
PNB,EQ,2026-09-18,117.0,117.5,116.5,117.27,117.27,116.47,16061334,1880932000.0,42674,,10173738.0,63.34,new
PNBGILTS,EQ,2026-09-18,79.3,80.0,77.96,79.18,79.45,78.5,317177,25024000.0,2580,,189740.0,59.82,new
PNBHOUSING,EQ,2026-09-18,1105.2,1138.3,1103.0,1133.1,1133.1,1103.5,1328599,1491949000.0,30992,,886510.0,66.73,new
PNC,EQ,2026-09-18,16.02,17.89,16.02,16.86,16.77,16.63,122675,2107000.0,615,,53697.0,43.77,new
PNCINFRA,EQ,2026-09-18,139.66,141.21,135.71,138.87,138.25,139.55,2445538,338592000.0,27210,,1142518.0,46.72,new
PNGJL,EQ,2026-09-18,606.9,610.0,596.75,604.75,609.3,601.15,323988,195729000.0,14336,,210194.0,64.88,new
PNGSREVA,EQ,2026-09-18,491.8,507.05,491.1,495.75,495.0,489.4,49612,24606000.0,2755,,21194.0,42.72,new
POCL,EQ,2026-09-18,470.0,476.0,461.1,469.95,476.0,470.25,298950,139805000.0,9568,,160452.0,53.67,new
PODDARMENT,EQ,2026-09-18,270.6,284.4,270.6,284.15,284.4,276.05,1124,316000.0,65,,719.0,63.97,new
POEL,EQ,2026-09-18,139.1,142.42,136.5,137.16,138.0,137.82,20393,2839000.0,746,,13647.0,66.92,new
POKARNA,EQ,2026-09-18,742.0,760.0,740.0,746.85,757.0,737.5,86007,64355999.99999999,5263,,33633.0,39.1,new
POLICYBZR,EQ,2026-09-18,1770.0,1798.0,1743.0,1743.0,1743.0,1765.0,1368411,2425321000.0,62972,,755018.0,55.17,new
POLYCAB,EQ,2026-09-18,8256.0,8400.0,8235.0,8400.0,8400.0,8208.5,417221,3475854000.0,36251,,253483.0,60.76,new
POLYMED,EQ,2026-09-18,1705.7,1748.0,1704.5,1726.0,1720.1,1712.7,150328,259480000.00000003,14900,,63082.0,41.96,new
POLYPLEX,EQ,2026-09-18,1091.5,1093.9,1071.2,1079.3,1081.0,1084.9,65825,71115000.0,2841,,35403.0,53.78,new
POLYSIL,SM,2026-09-18,66.15,66.15,66.15,66.15,66.15,69.6,4500,298000.0,8,,4500.0,100.0,new
POLYSPIN,EQ,2026-09-18,28.25,29.65,28.25,29.6,29.6,29.38,1363,39000.0,14,,1333.0,97.8,new
PONNIERODE,EQ,2026-09-18,356.4,361.25,351.6,356.6,354.05,353.15,9320,3329000.0,751,,4480.0,48.07,new
POONAWALLA,EQ,2026-09-18,434.0,492.0,434.0,479.4,485.0,432.8,7163603,3355165000.0,142153,,2078626.0,29.02,new
POSITRON,SM,2026-09-18,182.1,195.8,182.1,192.55,195.8,185.6,9900,1877000.0,31,,7800.0,78.79,new
POWERGRID,EQ,2026-09-18,264.6,270.3,263.4,270.3,270.3,263.75,17896733,4774838000.0,83513,,12946336.0,72.34,new
POWERICA,EQ,2026-09-18,558.8,581.0,558.8,576.3,575.2,556.7,141360,81222000.0,5098,,83507.0,59.07,new
POWERINDIA,EQ,2026-09-18,31490.0,32700.0,31450.0,32700.0,32700.0,31230.0,125521,4026772000.0,30037,,62490.0,49.78,new
POWERMECH,EQ,2026-09-18,2345.2,2392.0,2336.6,2371.4,2374.2,2339.0,37848,89673000.0,6093,,16264.0,42.97,new
PPAP,BE,2026-09-18,235.0,244.95,233.0,240.6,240.2,235.85,7134,1719000.0000000002,123,,,,new
PPL,BE,2026-09-18,271.95,278.0,268.0,268.6,268.0,271.95,9993,2713000.0,179,,,,new
PPLPHARMA,EQ,2026-09-18,204.45,210.1,204.45,208.16,209.0,204.71,2926602,608877000.0,34004,,1497493.0,51.17,new
PPSL,SM,2026-09-18,2.95,3.0,2.95,3.0,3.0,2.9,45000,134000.0,10,,45000.0,100.0,new
PRABHA,EQ,2026-09-18,220.1,236.88,220.1,233.01,233.0,220.77,262939,60830999.99999999,5351,,91379.0,34.75,new
PRADPME,BE,2026-09-18,450.0,464.5,447.75,453.5,462.9,451.0,3004,1372000.0,37,,,,new
PRAENG,EQ,2026-09-18,22.94,22.94,22.26,22.69,22.75,22.27,11386,259000.0,142,,9423.0,82.76,new
PRAJIND,EQ,2026-09-18,317.1,320.0,314.15,316.05,315.15,317.1,412461,130399000.0,9863,,213047.0,51.65,new
PRAKASH,EQ,2026-09-18,117.6,119.49,116.93,118.51,118.0,116.98,371984,43940000.0,3897,,200816.0,53.99,new
PRAKASHSTL,EQ,2026-09-18,3.78,3.84,3.5,3.65,3.66,3.77,85881,318000.0,323,,72199.0,84.07,new
PRAMARA,SM,2026-09-18,85.35,86.7,83.5,84.3,84.3,84.5,29500,2502000.0,38,,22500.0,76.27,new
PRAMODINI,SM,2026-09-18,116.8,120.0,116.45,118.2,118.3,115.6,177600,21024000.0,78,,142800.0,80.41,new
PRANAV,EQ,2026-09-18,110.51,111.59,106.08,107.55,107.41,111.16,5313844,575614000.0,39659,,1204653.0,22.67,new
PRASOLCHEM,EQ,2026-09-18,679.0,734.9,675.3,703.4,702.0,678.8,1150866,817300000.0,53347,,530339.0,46.08,new
PRATHAM,SM,2026-09-18,120.0,121.75,120.0,121.5,121.5,122.0,5600,681000.0,7,,5600.0,100.0,new
PRAVEG,EQ,2026-09-18,250.9,253.35,246.0,247.45,246.75,252.05,37176,9247000.0,1312,,23643.0,63.6,new
PRAXIS,EQ,2026-09-18,4.25,4.29,3.91,4.09,4.07,4.11,101700,417000.0,290,,76283.0,75.01,new
PRECAM,EQ,2026-09-18,113.83,117.6,113.44,116.41,116.2,113.34,69491,8008000.0,2049,,29872.0,42.99,new
PRECISION,ST,2026-09-18,6.3,6.3,6.1,6.1,6.1,6.25,4000,25000.0,2,,4000.0,100.0,new
PRECOT,EQ,2026-09-18,654.9,693.8,654.55,659.65,661.5,655.15,1317,871000.0000000001,97,,1001.0,76.01,new
PRECWIRE,EQ,2026-09-18,450.0,488.9,448.55,478.4,481.0,449.25,1840592,880454999.9999999,67629,,347789.0,18.9,new
PREMCO,EQ,2026-09-18,397.9,404.0,396.25,400.1,400.0,398.85,209,84000.0,50,,197.0,94.26,new
PREMEXPLN,EQ,2026-09-18,668.4,670.9,668.1,668.25,668.2,668.15,60147,40228000.0,1424,,45445.0,75.56,new
PREMIER,BE,2026-09-18,2.68,2.78,2.56,2.78,2.78,2.66,24991,66000.0,33,,,,new
PREMIERENE,EQ,2026-09-18,880.0,905.8,878.3,902.0,902.0,880.0,3106714,2781046000.0,54929,,2045868.0,65.85,new
PREMIERPOL,EQ,2026-09-18,82.55,84.9,80.05,81.43,80.66,82.33,131946,10789000.0,2311,,57209.0,43.36,new
PREMIUM,SM,2026-09-18,38.6,38.6,38.6,38.6,38.6,39.95,3000,115999.99999999999,1,,3000.0,100.0,new
PRESSTONIC,SM,2026-09-18,29.95,30.55,29.7,29.95,30.0,29.7,12800,384000.0,13,,7200.0,56.25,new
PRESTIGE,EQ,2026-09-18,1447.0,1471.6,1435.1,1435.1,1435.1,1440.1,562624,818085000.0,22307,,306900.0,54.55,new
PRICOLLTD,EQ,2026-09-18,752.5,778.0,752.05,767.5,769.8,752.5,280279,215636000.0,15642,,146315.0,52.2,new
PRIMECAB,ST,2026-09-18,166.0,170.95,163.0,163.9,163.0,164.85,32000,5330000.0,19,,28800.0,90.0,new
PRIMESECU,EQ,2026-09-18,296.5,301.0,289.0,296.85,298.9,294.05,24904,7373999.999999999,641,,14177.0,56.93,new
PRIMO,EQ,2026-09-18,21.46,21.95,21.25,21.35,21.25,21.28,58854,1261000.0,373,,44559.0,75.71,new
PRINCEPIPE,EQ,2026-09-18,259.7,274.9,257.55,269.8,270.4,258.7,268881,71906000.0,7278,,128684.0,47.86,new
PRIORITY,BE,2026-09-18,219.89,232.22,217.1,232.06,232.22,221.17,229769,52566999.99999999,1694,,,,new
PRISMX,EQ,2026-09-18,0.55,0.56,0.53,0.55,0.56,0.54,63127,35000.0,103,,47313.0,74.95,new
PRITI,EQ,2026-09-18,34.49,34.49,33.0,33.43,33.0,32.97,3423,113999.99999999999,140,,2745.0,80.19,new
PRITIKA,SM,2026-09-18,71.2,71.8,64.0,65.0,65.0,64.5,50000,3467000.0,12,,28000.0,56.0,new
PRITIKAUTO,BE,2026-09-18,14.45,14.99,14.45,14.82,14.85,14.63,71658,1063000.0,254,,,,new
PRIVISCL,EQ,2026-09-18,3474.0,3503.9,3435.4,3444.9,3445.0,3490.8,27058,93862000.0,7510,,14038.0,51.88,new
PRIZOR,ST,2026-09-18,1106.9,1106.9,1106.9,1106.9,1106.9,1129.45,6800,7527000.0,17,,6800.0,100.0,new
PRLIND,SM,2026-09-18,41.25,42.2,41.25,41.5,41.5,41.7,18000,753000.0,14,,14000.0,77.78,new
PROFX,SM,2026-09-18,71.1,71.1,71.1,71.1,71.1,71.1,1600,113999.99999999999,1,,1600.0,100.0,new
PROPEQUITY,SM,2026-09-18,195.0,195.0,191.1,192.0,192.0,196.1,2400,463999.99999999994,3,,2400.0,100.0,new
PROPSHOP,SM,2026-09-18,73.0,75.0,71.85,74.5,75.0,71.7,128000,9474000.0,57,,42000.0,32.81,new
PROSTARM,EQ,2026-09-18,130.5,132.33,128.5,129.53,128.5,131.01,162723,21144000.0,2661,,88542.0,54.41,new
PROTEAN,EQ,2026-09-18,492.0,495.0,487.3,490.3,489.5,488.95,138117,67747000.0,4805,,79447.0,57.52,new
PROV,SM,2026-09-18,1875.0,1954.0,1875.0,1951.35,1954.0,1849.0,2560,4934000.0,31,,1760.0,68.75,new
PROZONER,EQ,2026-09-18,53.59,53.98,52.1,53.17,53.5,53.6,159033,8412000.0,1229,,120058.0,75.49,new
PRSMJOHNSN,EQ,2026-09-18,113.44,118.48,113.18,117.05,116.75,113.44,685410,80012000.0,11077,,291237.0,42.49,new
PRUDENT,EQ,2026-09-18,3309.7,3544.1,3309.7,3501.6,3486.2,3320.2,57792,201489000.0,10722,,31472.0,54.46,new
PRUDMOULI,BE,2026-09-18,14.68,14.75,14.1,14.27,14.47,14.67,1006,14000.000000000002,19,,,,new
PSB,EQ,2026-09-18,21.9,22.24,21.65,22.1,22.2,21.86,1335054,29298000.0,5256,,692693.0,51.89,new
PSPPROJECT,EQ,2026-09-18,819.2,820.0,799.0,810.1,809.95,812.2,59163,47835000.0,3008,,28700.0,48.51,new
PSRAJ,SM,2026-09-18,99.95,104.0,96.9,100.45,99.35,96.0,70000,7066000.0,18,,60000.0,85.71,new
PSUBANK,EQ,2026-09-18,82.9,83.49,82.61,83.0,83.46,82.63,73566,6097000.0,467,,31801.0,43.23,new
PSUBANKADD,EQ,2026-09-18,83.39,84.44,83.39,84.28,84.44,83.39,13145,1105000.0,174,,8925.0,67.9,new
PSUBNKBEES,EQ,2026-09-18,93.3,93.3,92.25,92.65,92.8,92.38,675075,62439000.0,4325,,398740.0,59.07,new
PSUBNKIETF,EQ,2026-09-18,84.0,84.69,83.75,84.34,84.69,83.83,111967,9431000.0,674,,66919.0,59.77,new
PTC,EQ,2026-09-18,156.45,157.0,153.8,156.23,155.94,155.93,1628957,252837000.0,22155,,847260.0,52.01,new
PTCIL,EQ,2026-09-18,22835.0,23395.0,22700.0,22805.0,22750.0,22670.0,28545,657903000.0,12588,,10036.0,35.16,new
PTL,EQ,2026-09-18,38.49,38.75,38.1,38.33,38.3,38.09,49373,1891000.0,940,,33665.0,68.19,new
PUNJABCHEM,EQ,2026-09-18,1063.4,1090.9,1058.0,1075.7,1073.0,1062.7,8955,9616000.0,668,,6299.0,70.34,new
PURPLEUTED,ST,2026-09-18,457.0,459.5,430.05,450.0,450.0,441.95,22500,10142000.0,70,,22250.0,98.89,new
PURVA,EQ,2026-09-18,218.85,219.32,211.21,213.43,211.7,218.23,298969,64248000.0,6326,,111835.0,37.41,new
PURVFLEXI,SM,2026-09-18,43.9,44.4,43.9,44.4,44.4,43.9,4800,212000.0,5,,4800.0,100.0,new
PUSHPA,SM,2026-09-18,104.0,108.0,104.0,108.0,108.0,104.0,61000,6417000.0,61,,8000.0,13.11,new
PVP,EQ,2026-09-18,58.2,59.8,57.7,59.28,59.18,57.05,618141,36382000.0,3753,,290543.0,47.0,new
PVRINOX,EQ,2026-09-18,1277.5,1339.8,1270.0,1324.7,1328.8,1272.7,1050636,1378060000.0,42876,,474326.0,45.15,new
PVSL,EQ,2026-09-18,99.5,105.79,98.0,98.77,98.55,98.73,24445,2431000.0,754,,17178.0,70.27,new
PVTBANIETF,EQ,2026-09-18,27.58,27.83,27.55,27.7,27.83,27.58,2501679,69091000.0,1224,,1248117.0,49.89,new
PVTBANK,EQ,2026-09-18,27.3,27.43,27.3,27.32,27.32,27.23,2060,56000.00000000001,15,,2004.0,97.28,new
PVTBANKADD,EQ,2026-09-18,27.73,27.99,27.68,27.86,27.74,27.72,106460,2957000.0,127,,74382.0,69.87,new
PVTBKGROWW,EQ,2026-09-18,27.11,27.7,27.11,27.7,27.7,27.33,4283,117000.0,55,,2618.0,61.13,new
PWL,EQ,2026-09-18,128.0,137.5,128.0,136.6,136.0,127.8,20005965,2696353000.0,112263,,5027813.0,25.13,new
PYRAMID,EQ,2026-09-18,155.69,157.0,153.64,154.49,153.64,154.56,17225,2673000.0,394,,10179.0,59.09,new
QGOLDHALF,EQ,2026-09-18,125.99,127.18,125.75,126.67,126.64,124.65,110831,14009000.0,773,,72333.0,65.26,new
QLINE,SM,2026-09-18,727.0,729.95,695.0,696.95,700.0,722.1,37200,26348000.0,86,,24400.0,65.59,new
QMSMEDI,BE,2026-09-18,171.99,177.36,168.92,177.36,177.36,168.92,86775,15269999.999999998,276,,,,new
QNIFTY,EQ,2026-09-18,259.9,259.9,255.0,257.62,257.6,257.24,1691,434999.99999999994,131,,676.0,39.98,new
QPOWER,EQ,2026-09-18,1498.0,1544.0,1489.9,1536.1,1535.0,1489.8,298373,453756000.00000006,19548,,165611.0,55.5,new
QUADFUTURE,EQ,2026-09-18,519.7,554.4,516.2,528.2,525.5,521.5,1647848,886266000.0,45515,,349208.0,21.19,new
QUADPRO,ST,2026-09-18,3.25,3.25,3.25,3.25,3.25,3.1,12000,39000.0,1,,12000.0,100.0,new
QUAL30IETF,EQ,2026-09-18,20.33,20.79,20.3,20.35,20.48,20.38,136727,2780000.0,208,,113275.0,82.85,new
QUALIANCE,ST,2026-09-18,192.35,192.35,192.35,192.35,192.35,202.45,17000,3270000.0000000005,15,,17000.0,100.0,new
QUALITY30,EQ,2026-09-18,20.01,20.04,19.91,19.92,19.92,19.96,11801,236000.0,58,,7375.0,62.49,new
QUESS,EQ,2026-09-18,355.0,355.1,345.1,351.65,353.2,353.0,799867,280534000.0,23556,,317787.0,39.73,new
QUESTLAB,SM,2026-09-18,75.3,77.9,74.05,74.25,74.5,77.3,25200,1897000.0,20,,19200.0,76.19,new
QUICKHEAL,EQ,2026-09-18,153.98,158.89,151.2,152.46,152.64,152.37,136800,21138000.0,3048,,66631.0,48.71,new
QUICKTOUCH,SM,2026-09-18,17.0,17.0,17.0,17.0,17.0,16.2,1500,26000.0,3,,1500.0,100.0,new
QUINT,EQ,2026-09-18,67.52,70.02,58.56,70.02,70.02,63.66,668824,46136000.0,3241,,344058.0,51.44,new
RACE,EQ,2026-09-18,96.92,97.42,96.66,96.8,96.67,96.77,11689,1134000.0,69,,5794.0,49.57,new
RACLGEAR,EQ,2026-09-18,1844.0,1844.0,1750.0,1760.9,1763.0,1829.0,49043,87710000.0,6644,,19694.0,40.16,new
RADAAN,EQ,2026-09-18,2.9,2.9,2.75,2.8,2.8,2.8,12431,35000.0,43,,8181.0,65.81,new
RADHIKAJWE,BE,2026-09-18,68.75,71.52,66.0,71.24,71.52,68.12,703327,48398000.0,3981,,,,new
RADIANTCMS,EQ,2026-09-18,36.0,36.69,35.26,35.42,35.42,36.26,252590,9050000.0,2181,,150691.0,59.66,new
RADICO,EQ,2026-09-18,4381.0,4535.4,4381.0,4535.4,4535.4,4380.0,371544,1668131000.0000002,24186,,293872.0,79.09,new
RADIOCITY,EQ,2026-09-18,6.2,6.2,6.0,6.01,6.06,6.05,16349,98000.0,91,,13057.0,79.86,new
RADIOWALLA,ST,2026-09-18,25.2,26.45,25.2,26.45,26.45,25.2,3200,83000.0,2,,1600.0,50.0,new
RAILTEL,EQ,2026-09-18,260.5,266.9,258.3,265.0,266.0,259.25,631938,166212000.0,14849,,191061.0,30.23,new
RAIN,EQ,2026-09-18,203.0,209.0,202.41,206.92,206.7,203.02,2370944,490799000.0,18207,,1054305.0,44.47,new
RAINBOW,EQ,2026-09-18,1473.4,1494.9,1447.4,1454.7,1454.6,1473.4,99805,146241000.0,14928,,53038.0,53.14,new
RAJESHEXPO,BZ,2026-09-18,73.5,76.99,69.76,70.83,69.76,73.43,1392319,99173000.0,10033,,,,new
RAJINDLTD,SM,2026-09-18,62.6,62.6,61.05,61.5,61.5,60.35,18000,1111000.0,12,,12000.0,66.67,new
RAJMET,EQ,2026-09-18,3.15,3.16,3.09,3.15,3.12,3.12,227668,713000.0,595,,159879.0,70.22,new
RAJOOENG,BE,2026-09-18,53.98,54.18,51.3,52.99,53.1,53.3,145991,7709000.0,565,,,,new
RAJPALAYAM,EQ,2026-09-18,787.7,798.85,765.2,790.65,792.0,771.25,350,276000.0,40,,328.0,93.71,new
RAJPUTANA,SM,2026-09-18,197.0,203.0,195.25,199.35,198.0,200.0,7000,1388000.0,14,,5000.0,71.43,new
RAJRATAN,EQ,2026-09-18,440.3,461.25,440.3,452.6,457.55,438.1,152140,69045000.0,8905,,82005.0,53.9,new
RAJRILTD,BE,2026-09-18,21.0,21.46,20.71,20.82,21.19,21.07,5414,112999.99999999999,63,,,,new
RAJSREESUG,EQ,2026-09-18,31.99,32.24,31.4,31.87,32.0,31.99,21536,683000.0,309,,10670.0,49.54,new
RAJTV,EQ,2026-09-18,8.73,8.78,8.4,8.6,8.6,8.56,26834,234000.0,132,,23678.0,88.24,new
RALLIS,EQ,2026-09-18,204.0,204.74,202.0,203.8,204.0,204.14,510589,103825000.0,14743,,300642.0,58.88,new
RAMANEWS,EQ,2026-09-18,30.4,31.9,30.4,31.33,31.45,30.94,27396,852000.0,416,,15620.0,57.02,new
RAMAPHO,EQ,2026-09-18,116.7,121.88,116.7,120.87,121.0,116.9,11362,1368000.0,371,,7773.0,68.41,new
RAMASTEEL,BE,2026-09-18,4.19,4.31,4.04,4.28,4.28,4.11,4510946,19121000.0,4221,,,,new
RAMBHAJO,EQ,2026-09-18,272.18,292.78,265.01,290.85,290.5,266.17,1439325,409550000.0,12589,,736215.0,51.15,new
RAMCOCEM,EQ,2026-09-18,857.5,881.95,857.5,869.75,868.0,858.95,212951,185648000.0,15167,,122331.0,57.45,new
RAMCOIND,EQ,2026-09-18,320.9,334.8,316.0,332.1,333.25,320.9,174010,56657000.00000001,3823,,82462.0,47.39,new
RAMCOSYS,EQ,2026-09-18,563.0,570.0,557.0,567.25,567.0,564.85,51781,29232000.0,2403,,31257.0,60.36,new
RAMKY,EQ,2026-09-18,319.4,324.8,317.0,319.35,318.0,320.7,46321,14831000.0,1135,,30247.0,65.3,new
RAMRAT,EQ,2026-09-18,561.0,564.8,552.65,554.75,552.85,557.6,145032,80850000.0,9123,,62413.0,43.03,new
RANASUG,EQ,2026-09-18,14.61,14.74,14.26,14.43,14.36,14.7,403187,5836000.0,1455,,129595.0,32.14,new
RANEHOLDIN,EQ,2026-09-18,1618.9,1620.0,1530.9,1598.4,1598.8,1626.3,45929,72665000.0,3726,,25100.0,54.65,new
RAPIDFLEET,SM,2026-09-18,215.5,215.65,208.6,209.25,208.6,212.15,12000,2557000.0,17,,4800.0,40.0,new
RAPPID,SM,2026-09-18,368.5,374.0,329.0,365.9,372.0,368.5,22800,8094000.0,35,,15600.0,68.42,new
RATEGAIN,EQ,2026-09-18,865.8,873.85,850.1,858.4,852.0,865.45,539083,463122000.0,23894,,279751.0,51.89,new
RATNAMANI,EQ,2026-09-18,2702.6,2897.4,2701.6,2859.1,2864.9,2702.6,64084,180362000.0,10210,,33076.0,51.61,new
RATNAVEER,EQ,2026-09-18,305.75,331.95,297.8,299.25,300.5,303.85,9860141,3067080000.0,92768,,1776960.0,18.02,new
RAYMOND,EQ,2026-09-18,982.0,1008.65,970.0,978.0,973.45,978.2,2069600,2049481000.0000002,68707,,292057.0,14.11,new
RAYMONDLSL,EQ,2026-09-18,659.9,665.95,645.05,648.35,648.0,657.25,123035,80436000.0,6238,,65506.0,53.24,new
RAYMONDREL,EQ,2026-09-18,587.0,602.35,584.8,588.3,588.0,584.55,381357,226358000.0,11882,,161404.0,42.32,new
RBA,EQ,2026-09-18,96.29,96.49,94.0,95.12,95.0,96.12,9653090,917726000.0,33786,,5799849.0,60.08,new
RBLBANK,EQ,2026-09-18,406.15,415.9,405.0,415.9,415.9,404.15,3792806,1557296000.0,60924,,2690157.0,70.93,new
RBMINFRA,SM,2026-09-18,289.2,292.0,274.0,275.45,276.0,284.65,19400,5411000.0,89,,15600.0,80.41,new
RBS,SM,2026-09-18,84.5,84.5,83.0,83.0,83.0,83.5,2400,200000.0,3,,1600.0,66.67,new
RBZJEWEL,BE,2026-09-18,169.99,175.0,164.0,173.0,174.0,169.4,55458,9458000.0,691,,,,new
RCDL,SM,2026-09-18,13.75,13.75,13.4,13.45,13.45,14.1,33000,446000.0,11,,24000.0,72.73,new
RCDL-RE,ST,2026-09-18,2.2,2.75,2.2,2.45,2.65,2.45,966000,2333000.0,70,,957000.0,99.07,new
RCF,EQ,2026-09-18,109.9,110.28,107.6,109.08,109.15,109.84,961339,104359999.99999999,9521,,370638.0,38.55,new
RCOM,BE,2026-09-18,0.92,0.93,0.92,0.92,0.92,0.96,2091623,1923999.9999999998,1758,,,,new
READYMIX,SM,2026-09-18,70.0,70.0,70.0,70.0,70.0,70.0,1000,70000.0,1,,1000.0,100.0,new
RECLTD,EQ,2026-09-18,311.0,313.4,309.05,312.0,312.0,310.5,4686436,1460489000.0,32055,,2897944.0,61.84,new
REDINGTON,EQ,2026-09-18,405.0,413.2,396.25,399.85,399.6,400.1,10809796,4354392000.0,105223,,3985200.0,36.87,new
REDTAPE,EQ,2026-09-18,118.65,119.49,115.91,117.35,117.9,118.65,428381,50217000.0,7533,,163037.0,38.06,new
REFEX,EQ,2026-09-18,270.0,277.6,269.95,271.85,272.0,271.75,220185,60149000.0,4626,,102804.0,46.69,new
REFRACTORY,SM,2026-09-18,31.7,31.7,31.0,31.65,31.65,30.2,66000,2089999.9999999998,39,,55000.0,83.33,new
REGAAL,EQ,2026-09-18,79.9,86.16,79.89,84.03,83.4,80.08,391644,32066000.000000004,2348,,161316.0,41.19,new
REGENCERAM,EQ,2026-09-18,34.7,34.7,32.0,32.55,33.99,35.13,3522,117000.0,93,,2851.0,80.95,new
RELAXO,EQ,2026-09-18,314.25,315.0,289.25,291.25,293.95,313.7,2052973,603340000.0,53333,,935799.0,45.58,new
RELCHEMQ,EQ,2026-09-18,120.0,123.8,116.0,119.7,118.0,119.21,4528,538000.0,189,,2512.0,55.48,new
RELIABLE,EQ,2026-09-18,137.44,142.0,135.61,140.2,141.95,136.41,7570,1047000.0000000001,277,,6402.0,84.57,new
RELIANCE,EQ,2026-09-18,1245.0,1247.3,1226.4,1226.4,1226.4,1243.9,15122715,18672832000.0,162092,,11645440.0,77.01,new
RELIGARE,EQ,2026-09-18,250.7,255.0,247.91,253.02,252.95,249.89,365894,92257000.0,6606,,207073.0,56.59,new
RELINFRA,BE,2026-09-18,51.01,51.5,49.99,49.99,49.99,51.01,505392,25329000.0,1529,,,,new
RELTD,EQ,2026-09-18,148.0,148.92,144.91,147.59,146.0,146.16,88630,13037000.0,1466,,63092.0,71.19,new
REMSONSIND,EQ,2026-09-18,95.06,103.0,94.81,98.66,98.15,95.06,290021,28835000.000000004,4135,,119405.0,41.17,new
REMUS,SM,2026-09-18,998.0,1007.0,977.0,979.05,981.0,972.1,8500,8433000.0,71,,5700.0,67.06,new
RENTOMOJO,EQ,2026-09-18,570.0,581.95,492.1,512.75,512.15,534.25,35242382,18775412000.0,534821,,6022021.0,17.09,new
RENUKA,EQ,2026-09-18,22.85,23.32,22.35,23.06,22.99,22.81,10903563,247684000.0,16606,,3228647.0,29.61,new
REPCOHOME,EQ,2026-09-18,348.9,356.9,345.1,354.5,354.0,346.3,65528,23055000.0,1852,,43302.0,66.08,new
REPL,BE,2026-09-18,60.33,60.33,57.0,58.12,58.0,57.47,3161,186000.0,36,,,,new
REPRO,EQ,2026-09-18,297.05,307.5,296.0,305.25,307.0,296.95,5649,1695000.0,263,,3439.0,60.88,new
RESPONIND,EQ,2026-09-18,159.08,160.93,157.0,159.18,159.7,163.4,195728,31208000.0,3502,,54624.0,27.91,new
RETAIL,EQ,2026-09-18,16.66,18.38,16.66,17.69,17.7,16.83,18976,334000.0,186,,12559.0,66.18,new
RFBL,ST,2026-09-18,76.35,84.3,76.35,84.3,84.3,80.35,15000,1209000.0,4,,12000.0,80.0,new
RGL,EQ,2026-09-18,155.7,158.6,152.3,153.4,154.8,156.49,352268,54565000.0,4881,,137542.0,39.04,new
RHETAN,EQ,2026-09-18,19.57,19.57,19.57,19.57,19.57,20.59,614120,12018000.0,1367,,614120.0,100.0,new
RHFL,BZ,2026-09-18,1.74,1.78,1.7,1.74,1.75,1.75,846709,1457000.0,848,,,,new
RHIM,EQ,2026-09-18,365.95,371.5,365.0,368.7,371.0,365.95,154535,56941000.0,6659,,82376.0,53.31,new
RHL,EQ,2026-09-18,178.5,182.75,169.02,179.55,180.0,173.74,8021,1431000.0,158,,6413.0,79.95,new
RICOAUTO,EQ,2026-09-18,128.04,131.19,127.02,130.58,130.45,128.04,724126,94022000.0,7769,,246266.0,34.01,new
RIIL,EQ,2026-09-18,703.0,709.0,700.05,703.15,701.0,700.25,22641,15929000.0,1382,,7878.0,34.8,new
RIIT,IV,2026-09-18,119.99,120.25,119.0,119.99,120.0,119.98,291718,35001000.0,1862,,286938.0,98.36,new
RILINFRA,SM,2026-09-18,32.95,33.5,32.4,32.45,32.4,32.75,7300,240000.0,44,,3100.0,42.47,new
RIR,EQ,2026-09-18,203.0,213.94,196.2,198.93,197.5,197.63,14823429,3054093000.0,135548,,1299543.0,8.77,new
RISHABH,EQ,2026-09-18,778.35,783.8,759.55,764.7,763.95,778.35,72318,55820000.00000001,3795,,42584.0,58.88,new
RITCO,EQ,2026-09-18,300.0,300.0,289.65,291.45,289.65,299.3,43385,12684000.0,1311,,23508.0,54.18,new
RITES,EQ,2026-09-18,205.5,211.2,204.3,207.23,206.98,207.93,523244,108175000.0,13921,,182568.0,34.89,new
RKDL,EQ,2026-09-18,18.21,18.7,18.21,18.49,18.45,18.3,14459,268000.0,76,,9724.0,67.25,new
RKEC,EQ,2026-09-18,18.53,18.99,18.03,18.13,18.27,18.49,36623,673000.0,250,,29028.0,79.26,new
RKFORGE,EQ,2026-09-18,709.0,728.0,705.45,724.1,724.75,705.45,469398,339015000.0,16474,,299423.0,63.79,new
RKSWAMY,EQ,2026-09-18,90.25,90.69,88.21,89.4,88.63,88.06,15782,1411000.0,543,,7612.0,48.23,new
RMC,EQ,2026-09-18,232.29,234.21,223.21,228.18,227.06,229.16,36568,8348999.999999999,1278,,18452.0,50.46,new
RMDRIP,BE,2026-09-18,23.0,23.44,21.99,22.19,22.5,23.01,508940,11530000.0,656,,,,new
RML,EQ,2026-09-18,1281.8,1340.0,1248.2,1324.5,1330.5,1281.8,89211,115631000.0,8436,,33703.0,37.78,new
RNBDENIMS,BE,2026-09-18,9.4,9.6,8.92,8.96,8.92,9.38,298753,2697000.0,546,,,,new
RNFI,SM,2026-09-18,319.0,324.0,318.25,319.3,319.2,317.1,7800,2497000.0,12,,4200.0,53.85,new
RNPL,SM,2026-09-18,58.05,58.25,58.05,58.25,58.25,55.5,4800,279000.0,4,,4800.0,100.0,new
ROCKINGDCE,SM,2026-09-18,224.0,234.0,224.0,234.0,234.0,224.75,1500,343000.0,5,,1500.0,100.0,new
ROHLTD,EQ,2026-09-18,303.4,308.15,298.0,304.9,302.3,297.45,14584,4429000.0,583,,9609.0,65.89,new
ROLEXRINGS,EQ,2026-09-18,170.86,172.99,169.02,172.08,172.5,169.82,832907,142621000.0,9843,,384788.0,46.2,new
ROLLT,BE,2026-09-18,5.55,5.71,5.18,5.71,5.71,5.44,1509760,8499000.0,938,,,,new
ROML,EQ,2026-09-18,41.0,42.23,41.0,41.35,41.36,41.42,1373,56999.99999999999,29,,1171.0,85.29,new
ROSSARI,EQ,2026-09-18,445.0,445.0,434.55,437.95,439.5,440.75,57950,25368000.0,4771,,35122.0,60.61,new
ROSSELLIND,EQ,2026-09-18,54.38,55.65,50.43,52.64,53.0,54.38,144635,7611000.0,2009,,77728.0,53.74,new
ROSSTECH,EQ,2026-09-18,1370.0,1464.9,1350.0,1374.3,1373.0,1357.2,911139,1285706000.0,70777,,167829.0,18.42,new
ROTO,EQ,2026-09-18,63.45,65.6,62.37,62.68,62.83,63.35,207373,13097000.0,2375,,83971.0,40.49,new
ROUTE,EQ,2026-09-18,490.3,490.7,457.6,464.4,463.0,492.6,1118251,523664000.00000006,34777,,666063.0,59.56,new
ROXHITECH,SM,2026-09-18,44.2,44.2,44.0,44.0,44.0,43.65,6400,282000.0,3,,6400.0,100.0,new
RPEL,EQ,2026-09-18,1646.1,1678.6,1615.1,1652.4,1642.0,1654.3,80692,132804000.0,9101,,38216.0,47.36,new
RPGLIFE,EQ,2026-09-18,2824.5,2882.9,2742.2,2802.4,2809.0,2824.5,17373,48729000.0,3251,,6400.0,36.84,new
RPOWER,EQ,2026-09-18,21.05,21.32,20.9,21.13,21.17,21.05,21881312,462233000.0,31766,,7043749.0,32.19,new
RPPINFRA,EQ,2026-09-18,54.48,54.99,53.45,53.81,53.59,54.79,44911,2424000.0,925,,27565.0,61.38,new
RPPL,BE,2026-09-18,21.51,21.6,20.24,20.24,20.24,21.3,68559,1393000.0,139,,,,new
RPSGVENT,EQ,2026-09-18,839.95,854.95,832.75,843.45,846.0,832.5,24246,20447000.0,1238,,15265.0,62.96,new
RPTECH,EQ,2026-09-18,806.8,817.0,790.25,798.05,796.5,806.8,162620,130379000.0,13168,,80360.0,49.42,new
RRECL,EQ,2026-09-18,130.01,147.0,130.0,138.89,138.89,144.0,1174,161000.0,44,,636.0,54.17,new
RRIL,EQ,2026-09-18,16.04,16.28,15.36,15.55,15.58,15.96,36153,562000.0,254,,29709.0,82.18,new
RRKABEL,EQ,2026-09-18,2390.0,2457.0,2382.6,2450.8,2439.6,2390.5,373286,908345000.0000001,34850,,205677.0,55.1,new
RSDFIN,BE,2026-09-18,90.0,97.4,88.42,92.87,92.87,93.0,596,54000.0,21,,,,new
RSL,EQ,2026-09-18,183.33,185.34,178.75,181.21,183.0,180.63,149175,27145000.0,4017,,73398.0,49.2,new
RSSOFTWARE,EQ,2026-09-18,29.7,30.69,29.7,30.26,30.2,30.0,5384,163000.0,72,,4674.0,86.81,new
RSWM,BE,2026-09-18,215.95,222.95,211.0,220.4,221.0,213.63,118034,25706000.0,504,,,,new
RSYSTEMS,EQ,2026-09-18,246.4,247.0,241.47,242.15,241.95,245.78,107484,26163000.0,2840,,51493.0,47.91,new
RTNINDIA,EQ,2026-09-18,26.4,26.75,26.33,26.54,26.51,26.37,1216905,32241000.000000004,5732,,660251.0,54.26,new
RTNPOWER,EQ,2026-09-18,7.06,7.19,7.01,7.14,7.18,7.06,19172063,136000000.0,12229,,7945325.0,41.44,new
RTSPOWR,EQ,2026-09-18,89.95,89.95,85.05,87.28,87.5,86.79,1654,144000.0,31,,1432.0,86.58,new
RUBFILA,EQ,2026-09-18,65.77,68.3,65.01,67.36,67.8,65.72,53768,3581000.0,795,,21488.0,39.96,new
RUBICON,EQ,2026-09-18,1778.9,1827.5,1736.2,1751.1,1742.0,1778.3,470413,836293000.0,36179,,285907.0,60.78,new
RUBYMILLS,EQ,2026-09-18,458.1,479.0,438.1,467.1,477.0,457.6,40821,18408000.0,1363,,25473.0,62.4,new
RUCHINFRA,EQ,2026-09-18,5.27,5.27,5.1,5.2,5.2,5.14,58791,303000.0,144,,51270.0,87.21,new
RUCHIRA,EQ,2026-09-18,108.9,109.44,108.0,108.84,108.1,107.45,25087,2728000.0,719,,11406.0,45.47,new
RUDRA,EQ,2026-09-18,20.9,21.0,20.0,20.68,20.45,20.36,180289,3707000.0,391,,30715.0,17.04,new
RULKA,SM,2026-09-18,109.7,111.1,107.0,108.1,108.1,107.0,13800,1515000.0,25,,8400.0,60.87,new
RUPA,EQ,2026-09-18,134.36,138.0,133.72,137.16,137.85,134.97,129316,17498000.0,4557,,71577.0,55.35,new
RUSHIL,EQ,2026-09-18,15.83,18.3,15.35,17.26,17.06,15.57,1882573,32072000.000000004,3318,,1135515.0,60.32,new
RUSTOMJEE,EQ,2026-09-18,343.0,356.2,341.7,353.75,356.0,340.95,78181,27554000.000000004,3017,,54102.0,69.2,new
RVHL,EQ,2026-09-18,39.66,40.37,38.31,39.48,39.5,38.7,1514,60000.0,34,,1376.0,90.89,new
RVNL,EQ,2026-09-18,201.8,214.29,200.78,214.29,214.29,201.7,9469057,1967516000.0,59534,,4805808.0,50.75,new
RVTH,EQ,2026-09-18,670.05,724.9,670.0,697.3,698.0,666.75,995,704000.0,151,,802.0,80.6,new
S&SPOWER,EQ,2026-09-18,325.35,334.6,318.0,319.0,322.0,318.7,2414,787000.0,96,,1745.0,72.29,new
SAAKSHI,ST,2026-09-18,357.0,374.9,357.0,372.9,372.35,357.05,28200,10470000.0,40,,27000.0,95.74,new
SAATVIKGL,EQ,2026-09-18,404.05,413.55,400.0,411.8,412.0,404.5,95137,38600000.0,2578,,40027.0,42.07,new
SAB,EQ,2026-09-18,174.15,174.15,174.15,174.15,174.15,174.18,29,5000.0,1,,29.0,100.0,new
SACHEEROME,SM,2026-09-18,525.75,542.9,525.0,536.85,528.0,522.2,20700,11047000.0,60,,13200.0,63.77,new
SADBHAV,EQ,2026-09-18,7.61,7.89,7.57,7.73,7.72,7.52,118102,908000.0,285,,90227.0,76.4,new
SADBHIN,EQ,2026-09-18,2.5,2.58,2.45,2.54,2.55,2.48,75422,191000.0,165,,51859.0,68.76,new
SADHAV,SM,2026-09-18,109.95,109.95,107.3,107.3,107.3,108.5,3600,390000.0,6,,3600.0,100.0,new
SADHNANIQ,BE,2026-09-18,2.8,2.8,2.75,2.75,2.75,2.8,623198,1718000.0,267,,,,new
SAFARI,EQ,2026-09-18,1506.6,1525.6,1465.0,1501.0,1501.0,1511.4,111608,166347000.0,18927,,52285.0,46.85,new
SAFEENTP,SM,2026-09-18,250.75,252.3,249.05,249.4,249.05,252.3,12000,3004000.0,24,,7000.0,58.33,new
SAGARDEEP,EQ,2026-09-18,23.51,24.49,23.51,23.62,23.62,23.5,2092,51000.0,39,,1621.0,77.49,new
SAGCEM,EQ,2026-09-18,149.59,154.18,149.59,151.79,153.39,149.41,55093,8379000.000000001,932,,39212.0,71.17,new
SAGILITY,EQ,2026-09-18,44.59,46.23,44.59,45.66,45.66,44.56,17450697,799649000.0,29729,,7131173.0,40.86,new
SAHAJSOLAR,SM,2026-09-18,92.0,94.1,90.0,91.6,91.6,93.3,26400,2442000.0,57,,16800.0,63.64,new
SAHANA,SM,2026-09-18,870.0,874.0,835.05,848.75,850.0,849.1,15150,12935000.0,70,,8250.0,54.46,new
SAHASRA,SM,2026-09-18,323.0,336.1,318.0,336.1,336.1,320.1,111200,37025000.0,192,,91600.0,82.37,new
SAHLIBHFI,EQ,2026-09-18,76.4,79.7,75.0,76.56,77.4,78.52,17392,1350000.0,455,,9489.0,54.56,new
SAHYADRI,EQ,2026-09-18,366.6,369.05,360.45,365.35,368.95,359.25,3344,1220000.0,230,,2261.0,67.61,new
SAICAPI,EQ,2026-09-18,155.8,158.4,154.4,158.4,158.4,158.99,140,22000.0,13,,140.0,100.0,new
SAIFL,SM,2026-09-18,4.4,4.4,4.3,4.4,4.4,4.4,84000,368000.0,17,,72000.0,85.71,new
SAIL,EQ,2026-09-18,176.5,179.8,176.03,177.33,177.33,175.01,11881802,2113150000.0,43432,,7390982.0,62.2,new
SAILIFE,EQ,2026-09-18,1553.4,1613.9,1550.3,1600.5,1608.5,1545.7,867960,1375448000.0,55104,,503542.0,58.01,new
SAIPARENT,EQ,2026-09-18,514.2,520.0,510.0,510.75,511.6,510.25,34306,17631000.0,1968,,22929.0,66.84,new
SAJHOTELS,ST,2026-09-18,35.2,35.2,35.15,35.15,35.15,35.15,4000,141000.0,2,,4000.0,100.0,new
SAKAR,EQ,2026-09-18,1148.0,1190.5,1148.0,1179.8,1187.0,1129.55,147455,173657000.0,7987,,95091.0,64.49,new
SAKHTISUG,EQ,2026-09-18,18.5,18.89,17.84,18.37,18.46,18.44,134585,2478000.0,742,,63155.0,46.93,new
SAKSOFT,EQ,2026-09-18,143.1,143.65,140.2,141.14,141.0,142.92,197325,27902000.0,3686,,106975.0,54.21,new
SAKUMA,EQ,2026-09-18,1.56,1.57,1.5,1.51,1.54,1.54,991276,1519000.0,871,,688862.0,69.49,new
SALASAR,EQ,2026-09-18,4.89,4.95,4.85,4.89,4.91,4.89,2915338,14255000.000000002,2740,,1853931.0,63.59,new
SALONA,EQ,2026-09-18,266.05,269.0,255.0,263.4,266.0,266.05,1102,287000.0,60,,916.0,83.12,new
SALSTEEL,EQ,2026-09-18,80.01,82.26,80.01,82.26,82.26,78.35,251942,20573000.0,1567,,160677.0,63.78,new
SALZERELEC,EQ,2026-09-18,551.95,558.45,543.1,550.45,550.0,550.95,37733,20757000.0,2349,,20650.0,54.73,new
SAMBANDAM,EQ,2026-09-18,101.5,106.0,100.0,100.0,100.0,101.51,1107,112999.99999999999,35,,1106.0,99.91,new
SAMBHAAV,EQ,2026-09-18,6.13,6.13,5.72,6.09,6.12,6.0,46601,279000.0,154,,34900.0,74.89,new
SAMBHV,EQ,2026-09-18,129.08,150.99,129.08,147.57,150.11,129.09,28285913,4085233999.9999995,156604,,4724701.0,16.7,new
SAMHI,EQ,2026-09-18,157.0,163.5,157.0,161.98,162.11,156.67,928386,149664000.0,22330,,491763.0,52.97,new
SAMMAANCAP,EQ,2026-09-18,142.5,144.5,142.4,143.92,143.5,142.22,3658484,525506000.00000006,18608,,2022240.0,55.28,new
SAMPANN,EQ,2026-09-18,24.32,25.38,23.9,24.67,24.95,24.26,30068,733000.0,187,,24887.0,82.77,new
SANATHAN,EQ,2026-09-18,468.95,489.0,467.5,480.85,478.5,461.95,107246,51535000.0,4148,,59994.0,55.94,new
SANDESH,EQ,2026-09-18,1042.6,1042.6,1020.4,1025.8,1022.4,1037.4,106,109000.00000000001,39,,77.0,72.64,new
SANDHAR,EQ,2026-09-18,594.7,607.5,590.15,601.25,600.5,588.25,100399,60267999.99999999,5549,,49923.0,49.72,new
SANDUMA,EQ,2026-09-18,183.2,186.25,183.0,185.4,185.85,182.53,462946,85489000.0,8513,,208281.0,44.99,new
SANGAMIND,EQ,2026-09-18,581.3,584.95,573.85,580.0,583.5,583.05,9168,5308000.0,860,,6252.0,68.19,new
SANGANI,SM,2026-09-18,49.5,49.5,48.0,48.75,48.0,49.9,3000,146000.0,2,,3000.0,100.0,new
SANGHVIMOV,EQ,2026-09-18,419.65,434.0,412.05,430.7,433.2,419.65,254315,108316000.00000001,8369,,140111.0,55.09,new
SANGINITA,BE,2026-09-18,71.06,71.06,71.06,71.06,71.06,69.67,31071,2208000.0,85,,,,new
SANOFI,EQ,2026-09-18,3093.3,3115.0,3080.0,3087.4,3080.0,3085.0,12855,39757000.0,2419,,7289.0,56.7,new
SANOFICONR,EQ,2026-09-18,3999.0,4078.0,3992.0,4033.4,4078.0,3989.5,4359,17561000.0,1457,,2834.0,65.01,new
SANSERA,EQ,2026-09-18,4042.0,4300.0,4017.5,4259.9,4262.0,4017.5,287946,1213354000.0,37283,,129051.0,44.82,new
SANSTAR,EQ,2026-09-18,115.55,117.0,115.0,115.7,116.0,115.54,168121,19495000.0,2597,,91370.0,54.35,new
SANWARIA,BZ,2026-09-18,0.19,0.2,0.18,0.18,0.19,0.19,914603,174000.0,188,,,,new
SAPPHIRE,EQ,2026-09-18,233.29,236.25,228.0,230.11,230.0,233.24,997329,230711000.0,21984,,376866.0,37.79,new
SAPPL,EQ,2026-09-18,285.0,289.9,265.3,276.15,281.0,278.75,1212,330000.0,48,,840.0,69.31,new
SARDAEN,EQ,2026-09-18,510.0,513.6,503.0,505.95,507.0,506.95,328485,166613000.0,12795,,167561.0,51.01,new
SAREGAMA,EQ,2026-09-18,489.25,506.6,489.25,499.9,499.05,489.25,387575,194299000.0,15681,,177983.0,45.92,new
SARLAPOLY,EQ,2026-09-18,97.36,98.25,96.47,97.48,97.99,96.49,23691,2306000.0,346,,18114.0,76.46,new
SARTELE,SM,2026-09-18,80.65,81.0,73.0,75.15,75.0,79.05,69500,5316000.0,107,,51500.0,74.1,new
SARVESHWAR,EQ,2026-09-18,3.73,3.79,3.67,3.74,3.71,3.72,983863,3654000.0,1484,,697769.0,70.92,new
SASKEN,EQ,2026-09-18,1704.4,1746.9,1701.1,1719.6,1720.0,1722.1,12687,21903000.0,2328,,7423.0,58.51,new
SATECH,SM,2026-09-18,39.75,39.75,37.3,38.9,38.9,40.0,15000,576000.0,15,,11000.0,73.33,new
SATIA,EQ,2026-09-18,67.41,68.98,66.5,68.46,68.0,67.63,108564,7351000.000000001,1661,,58192.0,53.6,new
SATIN,EQ,2026-09-18,218.47,221.0,217.37,219.32,219.5,219.82,162662,35700000.0,1695,,128780.0,79.17,new
SATKARTAR,SM,2026-09-18,143.0,146.9,142.0,142.9,142.5,139.15,32800,4724000.0,38,,22400.0,68.29,new
SATTVAENGG,SM,2026-09-18,58.35,61.15,57.05,61.15,61.15,60.2,20800,1219000.0,13,,14400.0,69.23,new
SAURASHCEM,EQ,2026-09-18,51.91,53.99,51.8,53.51,53.76,51.91,57241,3051000.0,1674,,25943.0,45.32,new
SAVY,SM,2026-09-18,140.0,140.0,139.65,139.65,139.65,137.7,2400,336000.0,2,,2400.0,100.0,new
SAWALIYA,SM,2026-09-18,166.0,166.0,161.0,161.85,161.0,164.4,43200,7044000.0,18,,40800.0,94.44,new
SAYAJIHOTL,EQ,2026-09-18,314.1,319.0,314.1,319.0,319.0,319.1,52,16000.0,2,,52.0,100.0,new
SAYAJIIND,EQ,2026-09-18,108.1,116.75,108.0,115.0,115.0,113.0,510,56000.00000000001,108,,510.0,100.0,new
SBC,EQ,2026-09-18,48.45,49.8,48.32,49.24,48.99,48.25,15020726,736985000.0,9590,,6500574.0,43.28,new
SBCL,EQ,2026-09-18,1091.8,1109.8,1084.1,1096.2,1091.0,1091.8,106816,117135999.99999999,12993,,55871.0,52.31,new
SBFC,EQ,2026-09-18,93.58,94.19,91.89,92.36,92.49,93.32,1954335,181161000.0,13838,,1292761.0,66.15,new
SBGLP,EQ,2026-09-18,26.52,26.59,21.33,22.23,22.0,25.78,587657,13980000.000000002,3377,,271682.0,46.23,new
SBIBPB,EQ,2026-09-18,47.5,48.49,47.5,48.21,48.17,47.77,61295,2950000.0,281,,50804.0,82.88,new
SBICARD,EQ,2026-09-18,635.95,651.15,630.7,651.15,651.15,636.95,3242132,2073695000.0,55472,,2224889.0,68.62,new
SBIETFCON,EQ,2026-09-18,119.77,119.77,118.18,118.45,119.0,118.54,2418,287000.0,89,,1201.0,49.67,new
SBIETFIT,EQ,2026-09-18,325.23,325.23,317.36,319.25,320.16,323.24,11162,3558000.0,354,,7826.0,70.11,new
SBIETFPB,EQ,2026-09-18,283.6,283.6,277.93,279.97,280.0,278.65,2346,656000.0,92,,2123.0,90.49,new
SBIETFQLTY,EQ,2026-09-18,214.38,215.31,213.87,215.27,215.31,214.83,1393,299000.0,45,,1393.0,100.0,new
SBIFUNDS,EQ,2026-09-18,540.95,567.95,537.25,561.35,558.0,540.95,1779360,988889000.0,33217,,1176269.0,66.11,new
SBILIFE,EQ,2026-09-18,1751.3,1770.0,1731.0,1731.0,1731.0,1766.9,929365,1627744000.0,21719,,666914.0,71.76,new
SBILIQETF,EQ,2026-09-18,1056.63,1056.63,1056.61,1056.62,1056.63,1056.2,725607,766691000.0,293,,712664.0,98.22,new
SBIMIDMOM,EQ,2026-09-18,63.07,63.54,62.86,63.33,63.54,62.65,79500,5034000.0,110,,78099.0,98.24,new
SBIN,EQ,2026-09-18,992.0,996.2,985.1,996.2,996.2,988.7,5699456,5653267000.0,94490,,3642518.0,63.91,new
SBINEQWETF,EQ,2026-09-18,31.92,32.93,31.92,32.2,32.17,32.57,90497,2919000.0,259,,69622.0,76.93,new
SBINMID150,EQ,2026-09-18,22.74,23.09,22.65,22.94,23.02,22.74,17739,404000.0,111,,14146.0,79.75,new
SBISILVER,EQ,2026-09-18,226.86,230.64,226.76,229.44,229.7,222.1,1587770,363244000.0,8793,,798565.0,50.29,new
SBISMLETF,EQ,2026-09-18,18.0,18.56,18.0,18.38,18.39,18.16,15195,277000.0,177,,11594.0,76.3,new
SBIVALETF,EQ,2026-09-18,14.51,14.52,14.28,14.41,14.52,14.44,23970,345000.0,85,,7860.0,32.79,new
SCANSTL,BE,2026-09-18,53.95,53.96,51.5,52.97,52.9,53.96,39615,2073999.9999999998,118,,,,new
SCHAEFFLER,EQ,2026-09-18,4016.0,4260.0,4010.1,4217.6,4247.0,3991.0,171857,716074000.0,29729,,106324.0,61.87,new
SCHAND,EQ,2026-09-18,136.14,136.68,133.5,133.87,133.5,134.88,21577,2910000.0,1230,,11062.0,51.27,new
SCHNEIDER,EQ,2026-09-18,1206.6,1244.5,1206.6,1213.5,1217.2,1201.9,316226,386911000.0,31593,,191128.0,60.44,new
SCI,EQ,2026-09-18,271.0,278.0,269.05,277.05,276.65,270.0,1560763,426957000.0,27104,,590776.0,37.85,new
SCILAL,EQ,2026-09-18,38.01,38.38,36.2,36.83,37.04,38.19,1140340,42194000.0,10363,,890883.0,78.12,new
SCML,SM,2026-09-18,76.0,78.0,68.65,77.55,78.0,75.75,138000,9788000.0,91,,56000.0,40.58,new
SCODATUBES,EQ,2026-09-18,125.33,130.77,125.33,128.51,129.5,123.97,98767,12679000.0,1915,,51055.0,51.69,new
SCPL,BE,2026-09-18,638.0,647.95,618.5,622.1,620.0,625.85,4602,2876000.0,145,,,,new
SDBL,EQ,2026-09-18,68.0,69.14,67.5,68.06,68.5,67.8,396617,27091000.000000004,3300,,207211.0,52.24,new
SDREAMS,SM,2026-09-18,77.5,79.7,77.5,79.35,79.7,77.55,5000,391000.0,3,,5000.0,100.0,new
SEAMECLTD,EQ,2026-09-18,1757.0,1757.0,1712.1,1726.3,1725.0,1738.5,27243,47052000.0,3565,,12761.0,46.84,new
SECLEDBETA,EQ,2026-09-18,15.0,15.5,14.21,14.25,14.27,14.16,20683,299000.0,73,,17157.0,82.95,new
SECMARK,EQ,2026-09-18,145.0,146.4,132.41,144.1,144.9,139.95,2367,341000.0,35,,2058.0,86.95,new
SECURKLOUD,EQ,2026-09-18,17.0,17.2,16.7,16.84,17.0,17.17,5429,92000.0,94,,5080.0,93.57,new
SEDEMAC,EQ,2026-09-18,3110.6,3234.1,3110.0,3147.8,3145.0,3110.6,190154,604242000.0,23393,,67995.0,35.76,new
SEIL,EQ,2026-09-18,195.24,195.24,188.05,192.19,188.05,193.07,257466,49498000.0,1843,,184824.0,71.79,new
SEJALLTD,EQ,2026-09-18,690.0,715.75,669.85,714.4,715.75,681.7,36648,25839999.999999996,1220,,26140.0,71.33,new
SEKURITIND,EQ,2026-09-18,109.99,114.0,108.39,113.44,113.9,108.72,52095,5854000.0,848,,36786.0,70.61,new
SEL,SM,2026-09-18,350.0,360.0,332.5,354.3,360.0,350.0,3000,1028999.9999999999,13,,2200.0,73.33,new
SELECTIPO,EQ,2026-09-18,48.66,48.66,47.67,48.44,48.65,47.48,24458,1178000.0,78,,17392.0,71.11,new
SELLOWRAP,SM,2026-09-18,65.1,65.1,65.0,65.0,65.0,67.5,3200,208000.0,2,,3200.0,100.0,new
SEMAC,EQ,2026-09-18,270.0,280.0,262.4,273.7,273.7,270.0,315,86000.0,24,,221.0,70.16,new
SENCO,EQ,2026-09-18,344.5,352.8,341.1,348.0,346.3,342.35,606311,210881000.0,18175,,211397.0,34.87,new
SENORES,EQ,2026-09-18,1423.6,1441.9,1391.7,1402.6,1399.9,1402.6,325710,458907000.0,22493,,162459.0,49.88,new
SENSEXADD,EQ,2026-09-18,76.18,77.3,75.91,77.29,77.29,76.96,737,56999.99999999999,30,,574.0,77.88,new
SENSEXAXIS,EQ,2026-09-18,76.38,77.68,76.38,77.23,76.7,77.44,3257,252000.0,51,,2420.0,74.3,new
SENSEXBETA,EQ,2026-09-18,825.01,838.0,821.0,832.87,838.0,830.88,1251,1032000.0,96,,887.0,70.9,new
SENSEXETF,EQ,2026-09-18,77.29,77.5,76.85,77.16,77.15,76.91,10598,816000.0,175,,5087.0,48.0,new
SENSEXIETF,EQ,2026-09-18,854.94,862.49,854.93,858.7,857.0,855.42,5572,4781000.0,317,,3271.0,58.7,new
SEPC,EQ,2026-09-18,5.26,5.29,5.08,5.23,5.23,5.22,12309907,63676000.0,5490,,5935580.0,48.22,new
SERVICE,SM,2026-09-18,66.05,66.05,66.05,66.05,66.05,66.0,4000,264000.0,1,,4000.0,100.0,new
SERVOTECH,EQ,2026-09-18,72.27,73.66,71.91,72.8,72.98,72.27,396912,28760000.000000004,3756,,201599.0,50.79,new
SESHAPAPER,EQ,2026-09-18,248.0,251.7,245.04,249.77,248.26,247.82,27629,6865000.000000001,874,,13284.0,48.08,new
SETCO,BE,2026-09-18,17.1,17.1,16.71,17.06,17.07,16.99,13053,222000.00000000003,112,,,,new
SETF10GILT,EQ,2026-09-18,263.0,263.0,261.7,262.26,262.99,261.38,2805,735000.0,32,,2187.0,77.97,new
SETFGOLD,EQ,2026-09-18,129.2,130.84,129.2,130.52,130.29,128.39,3938423,513479000.0,9546,,2149714.0,54.58,new
SETFNIF50,EQ,2026-09-18,252.88,252.88,250.92,251.95,252.0,251.29,842918,212216000.0,6454,,513743.0,60.95,new
SETFNIFBK,EQ,2026-09-18,577.83,580.29,576.44,579.47,579.84,576.31,5777,3340999.9999999995,988,,3054.0,52.86,new
SETFNN50,EQ,2026-09-18,763.08,777.5,762.3,774.62,776.78,765.01,16704,12890000.0,794,,11481.0,68.73,new
SETL,EQ,2026-09-18,393.25,414.0,393.25,402.35,400.0,401.45,987119,398043000.0,19204,,469190.0,47.53,new
SETUINFRA,BZ,2026-09-18,0.61,0.61,0.6,0.6,0.6,0.61,29424,18000.0,30,,,,new
SEYAIND,BE,2026-09-18,12.93,13.12,12.63,13.12,13.12,12.87,10679,138000.0,43,,,,new
SFL,EQ,2026-09-18,679.0,682.0,651.7,657.3,659.5,673.0,213905,141866000.0,11909,,126468.0,59.12,new
SGBAPR28I,GB,2026-09-18,15048.98,15330.0,15001.0,15300.0,15300.01,15048.98,712,10827000.0,75,,520.0,73.03,new
SGBAUG27,GB,2026-09-18,15020.0,15250.0,15020.0,15178.16,15150.0,14961.0,43,651000.0,27,,20.0,46.51,new
SGBAUG28V,GB,2026-09-18,15006.56,15200.01,15006.56,15193.7,15188.86,14941.61,1171,17734000.0,208,,714.0,60.97,new
SGBAUG29V,GB,2026-09-18,15083.49,15287.99,15083.49,15229.06,15159.82,14959.85,138,2091000.0,48,,93.0,67.39,new
SGBAUG30,GB,2026-09-18,15198.53,15374.9,15121.0,15300.38,15350.52,15098.53,89,1356000.0,51,,57.0,64.04,new
SGBD29VIII,GB,2026-09-18,15200.0,15374.99,15150.0,15258.49,15268.0,14989.61,71,1084000.0,29,,42.0,59.15,new
SGBDC27VII,GB,2026-09-18,15100.0,15200.0,15061.11,15160.0,15160.0,15100.0,101,1529000.0,15,,62.0,61.39,new
SGBDE30III,GB,2026-09-18,15130.08,15355.99,15130.08,15330.08,15344.99,15130.08,208,3180000.0,92,,138.0,66.35,new
SGBDE31III,GB,2026-09-18,15406.56,15579.96,15406.56,15550.07,15550.0,15365.79,1295,20057000.0,213,,941.0,72.66,new
SGBFEB28IX,GB,2026-09-18,15200.0,15200.0,15050.0,15050.0,15050.0,14999.99,30,453000.0,10,,30.0,100.0,new
SGBFEB29XI,GB,2026-09-18,15110.0,15225.0,15015.8,15189.47,15220.34,14905.5,39,591000.0,19,,29.0,74.36,new
SGBFEB32IV,GB,2026-09-18,15607.84,15819.99,15607.84,15782.16,15711.01,15607.84,1196,18801000.0,227,,731.0,61.12,new
SGBJAN27,GB,2026-09-18,15100.0,15100.0,15100.0,15100.0,15100.0,14900.21,2,30000.0,2,,2.0,100.0,new
SGBJAN29IX,GB,2026-09-18,14926.0,15225.0,14926.0,15225.0,15225.0,14946.0,298,4520000.0,39,,239.0,80.2,new
SGBJAN29X,GB,2026-09-18,14936.01,15225.0,14936.01,15177.0,15205.0,14926.5,134,2028000.0,40,,97.0,72.39,new
SGBJAN30IX,GB,2026-09-18,15076.02,15349.99,15076.02,15329.4,15345.0,15066.66,131,1993000.0,31,,100.0,76.34,new
SGBJU29III,GB,2026-09-18,14906.0,15225.0,14906.0,15214.29,15210.0,14955.0,175,2651000.0,22,,167.0,95.43,new
SGBJUL28IV,GB,2026-09-18,15175.0,15190.0,14936.46,15132.89,15131.02,14914.46,299,4520000.0,56,,223.0,74.58,new
SGBJUL29IV,GB,2026-09-18,15208.0,15208.0,15111.01,15162.44,15150.01,15204.64,45,682000.0,14,,29.0,64.44,new
SGBJUN27,GB,2026-09-18,15192.34,15192.34,15192.34,15192.34,15192.34,14924.0,1,15000.0,1,,1.0,100.0,new
SGBJUN28,GB,2026-09-18,14935.0,15200.0,14851.0,15168.14,15151.0,14930.0,544,8198000.0,95,,357.0,65.63,new
SGBJUN29II,GB,2026-09-18,15094.0,15218.54,15035.0,15160.82,15161.0,14991.0,203,3076000.0,27,,171.0,84.24,new
SGBJUN30,GB,2026-09-18,15171.0,15350.0,15171.0,15300.0,15300.0,15118.33,40,611000.0,7,,32.0,80.0,new
SGBJUN31I,GB,2026-09-18,15306.56,15401.0,15283.55,15400.29,15400.0,15276.3,398,6105000.0,120,,248.0,62.31,new
SGBMAR30X,GB,2026-09-18,15201.0,15390.0,15201.0,15329.66,15389.0,15044.91,11,168000.0,10,,11.0,100.0,new
SGBMAR31IV,GB,2026-09-18,15300.0,15350.0,15300.0,15342.0,15342.0,15184.28,72,1104000.0,35,,49.0,68.06,new
SGBMAY28,GB,2026-09-18,15020.0,15250.0,15020.0,15237.62,15202.0,14990.4,66,1001000.0,16,,54.0,81.82,new
SGBMAY29I,GB,2026-09-18,15000.0,15270.0,15000.0,15243.18,15170.01,14967.66,442,6717000.0,76,,318.0,71.95,new
SGBMR29XII,GB,2026-09-18,15100.0,15217.0,15100.0,15217.0,15217.0,14965.0,102,1546000.0,40,,63.0,61.76,new
SGBN28VIII,GB,2026-09-18,15062.0,15207.0,15062.0,15202.0,15202.0,14980.0,67,1014000.0,13,,60.0,89.55,new
SGBNOV26,GB,2026-09-18,15025.0,15025.0,15025.0,15025.0,15025.0,14950.0,4,60000.0,1,,4.0,100.0,new
SGBNV29VII,GB,2026-09-18,15101.0,15280.0,15101.0,15250.25,15250.0,15000.0,406,6174000.0,45,,349.0,85.96,new
SGBOC28VII,GB,2026-09-18,15200.0,15375.0,15200.0,15358.88,15350.0,15090.19,1401,21529000.0,30,,1175.0,83.87,new
SGBOCT26,GB,2026-09-18,15250.0,15250.0,15250.0,15250.0,15250.0,15130.0,12,183000.0,1,,12.0,100.0,new
SGBOCT27,GB,2026-09-18,15195.0,15300.0,15195.0,15300.0,15300.0,15000.0,22,335000.0,6,,22.0,100.0,new
SGBOCT27VI,GB,2026-09-18,15115.01,15249.0,15115.01,15249.0,15249.0,15050.0,4,61000.0,2,,2.0,50.0,new
SGBSEP27,GB,2026-09-18,15099.0,15199.99,15099.0,15199.98,15199.98,14949.9,12,182000.0,4,,5.0,41.67,new
SGBSEP28VI,GB,2026-09-18,15198.0,15198.0,15015.0,15165.93,15189.99,14940.84,232,3507000.0,59,,136.0,58.62,new
SGBSEP29VI,GB,2026-09-18,15160.0,15229.99,15121.0,15171.22,15165.0,15142.77,211,3200000.0,76,,114.0,54.03,new
SGBSEP31II,GB,2026-09-18,15256.56,15599.0,15256.56,15430.84,15431.0,15234.22,1412,21736000.0,223,,975.0,69.05,new
SGFIN,EQ,2026-09-18,624.9,638.05,621.05,630.95,631.0,619.9,75511,47573000.0,4194,,38681.0,51.23,new
SGIL,EQ,2026-09-18,582.45,606.35,582.45,589.3,586.0,592.35,2487,1482000.0,206,,1399.0,56.25,new
SGL,EQ,2026-09-18,9.68,9.79,9.17,9.35,9.67,9.68,7236,68000.0,97,,5512.0,76.17,new
SGLRES,EQ,2026-09-18,2.49,2.6,2.37,2.43,2.53,2.49,279185,675000.0,154,,224078.0,80.26,new
SGMART,EQ,2026-09-18,719.0,747.4,710.0,733.55,730.1,712.25,192112,140800000.0,12970,,109027.0,56.75,new
SGRL,EQ,2026-09-18,677.95,722.65,675.0,697.75,702.0,678.2,18488,13025000.0,1406,,11268.0,60.95,new
SHADOWFAX,EQ,2026-09-18,252.5,253.4,247.5,251.55,250.55,251.65,1172675,293178000.0,25776,,706894.0,60.28,new
SHAH,EQ,2026-09-18,3.32,3.32,3.26,3.28,3.3,3.3,392673,1291000.0,537,,255489.0,65.06,new
SHAHALLOYS,BE,2026-09-18,95.99,95.99,91.0,92.5,92.5,92.47,11671,1086000.0,98,,,,new
SHAILY,EQ,2026-09-18,3119.5,3209.7,3107.3,3149.8,3128.4,3107.2,156212,492080000.0,16520,,81081.0,51.9,new
SHAKTIPUMP,EQ,2026-09-18,465.7,470.65,458.75,460.95,461.9,464.1,460443,213491000.0,15720,,199092.0,43.24,new
SHALBY,EQ,2026-09-18,138.0,141.4,133.92,137.66,137.0,138.5,149630,20510000.0,2587,,84455.0,56.44,new
SHALPAINTS,BE,2026-09-18,81.99,82.31,80.0,80.9,81.19,80.68,37865,3073000.0,197,,,,new
SHANKARA,EQ,2026-09-18,148.3,150.0,148.3,149.26,149.5,149.29,461337,68797000.0,518,,426297.0,92.4,new
SHANKESH,EQ,2026-09-18,90.7,95.25,89.01,93.06,93.05,88.96,4370436,407155000.0,27312,,865199.0,19.8,new
SHANTHALA,SM,2026-09-18,16.1,16.1,15.7,15.7,15.7,15.55,2400,38000.0,2,,2400.0,100.0,new
SHANTI,EQ,2026-09-18,5.81,6.39,5.81,6.19,6.12,6.29,7260,45000.0,54,,4101.0,56.49,new
SHANTIGEAR,EQ,2026-09-18,681.3,705.0,667.35,700.05,701.9,677.6,90105,61971000.0,4382,,33840.0,37.56,new
SHANTIGOLD,EQ,2026-09-18,242.44,264.11,242.44,251.27,250.4,242.44,2818320,723498000.0,37509,,932569.0,33.09,new
SHANTIINOR,ST,2026-09-18,175.8,183.95,170.0,181.3,180.0,176.1,134400,24150000.0,77,,116800.0,86.9,new
SHARDACROP,EQ,2026-09-18,742.9,753.0,737.15,743.1,742.55,741.7,119733,89041000.0,7911,,62398.0,52.11,new
SHARDAMOTR,EQ,2026-09-18,935.0,971.95,930.0,967.05,968.0,948.35,121973,116884999.99999999,10060,,59150.0,48.49,new
SHARDUL,BE,2026-09-18,54.45,55.25,54.45,55.0,55.24,54.17,11561,635000.0,47,,,,new
SHAREINDIA,EQ,2026-09-18,221.0,233.35,216.0,228.15,226.23,218.44,24957936,5656550000.0,218985,,2142325.0,8.58,new
SHARIABEES,EQ,2026-09-18,439.9,443.95,437.25,438.88,442.0,439.9,4350,1907999.9999999998,377,,3074.0,70.67,new
SHBAJRG,EQ,2026-09-18,153.99,155.0,152.15,155.0,155.0,152.08,3122,483000.0,70,,2927.0,93.75,new
SHEEL,ST,2026-09-18,60.0,60.0,60.0,60.0,60.0,60.0,4000,240000.0,2,,4000.0,100.0,new
SHEETAL,SM,2026-09-18,359.0,359.0,359.0,359.0,359.0,359.0,500,180000.0,1,,500.0,100.0,new
SHEKHAWATI,BE,2026-09-18,20.79,22.07,20.6,21.48,21.85,21.02,268145,5829000.0,393,,,,new
SHEMAROO,BE,2026-09-18,120.0,120.0,115.5,116.39,116.3,115.5,3624,423000.00000000006,34,,,,new
SHERA,SM,2026-09-18,184.0,186.0,180.0,186.0,186.0,179.8,27000,4930000.0,26,,22000.0,81.48,new
SHERVANI,EQ,2026-09-18,360.0,360.0,349.95,352.5,352.5,332.0,54,19000.0,9,,52.0,96.3,new
SHETHJI,SM,2026-09-18,195.1,195.1,190.1,190.85,190.15,195.05,14000,2676000.0,10,,10000.0,71.43,new
SHILCTECH,EQ,2026-09-18,4072.6,4172.9,3976.9,4067.9,4082.0,4103.4,16065,66079999.99999999,3863,,9221.0,57.4,new
SHILGRAVQ,EQ,2026-09-18,160.0,162.99,154.5,154.69,154.5,158.0,2494,387000.0,63,,2243.0,89.94,new
SHILPAMED,EQ,2026-09-18,958.35,1033.1,951.9,1021.1,1028.0,958.35,1766385,1769990000.0000002,64447,,609436.0,34.5,new
SHINDL,EQ,2026-09-18,164.5,164.5,160.38,161.64,161.16,161.05,430082,69555000.0,793,,106905.0,24.86,new
SHIPROCKET,EQ,2026-09-18,122.2,122.93,120.5,121.59,121.59,120.93,2264860,275178000.0,16969,,634849.0,28.03,new
SHIVAAGRO,EQ,2026-09-18,39.89,42.0,37.16,41.79,41.8,38.71,861,36000.0,36,,826.0,95.93,new
SHIVACEM,EQ,2026-09-18,15.49,15.69,15.3,15.45,15.45,15.3,35784,551000.0,373,,29110.0,81.35,new
SHIVALIK,EQ,2026-09-18,368.3,378.9,359.0,372.1,378.9,369.3,87050,32110000.000000004,4851,,35310.0,40.56,new
SHIVAMAUTO,EQ,2026-09-18,16.7,19.42,16.7,19.42,19.42,16.19,291980,5616000.0,728,,172465.0,59.07,new
SHIVAMILLS,EQ,2026-09-18,58.6,61.95,58.1,61.58,61.95,60.2,1536,93000.0,22,,1146.0,74.61,new
SHIVASHRIT,SM,2026-09-18,118.0,119.85,112.6,115.45,115.0,115.2,85000,9822000.0,55,,54000.0,63.53,new
SHIVATEX,EQ,2026-09-18,181.0,181.0,163.21,168.51,165.01,174.17,4948,839000.0,140,,3337.0,67.44,new
SHIVAUM,EQ,2026-09-18,470.3,477.0,468.25,468.3,468.25,468.05,3232,1531000.0,30,,2840.0,87.87,new
SHK,EQ,2026-09-18,138.67,143.12,132.4,137.04,136.3,138.67,865394,119226000.0,5982,,536197.0,61.96,new
SHOPERSTOP,EQ,2026-09-18,405.9,415.0,395.25,399.75,399.0,413.3,72761,29419000.0,3374,,29522.0,40.57,new
SHRADDHA,EQ,2026-09-18,150.73,153.7,146.7,147.14,147.05,150.73,11255,1666000.0,179,,8677.0,77.09,new
SHRADHA,EQ,2026-09-18,31.0,32.15,29.81,30.0,30.59,31.15,21953,666000.0,234,,16271.0,74.12,new
SHREDIGCEM,EQ,2026-09-18,67.42,69.0,67.37,68.51,69.0,67.42,55328,3765000.0,754,,26943.0,48.7,new
SHREECEM,EQ,2026-09-18,22200.0,23000.0,22100.0,22600.0,22600.0,21960.0,62133,1402791000.0,22013,,23032.0,37.07,new
SHREEDHAR,ST,2026-09-18,160.25,161.0,160.0,161.0,161.0,153.35,14000,2251000.0,7,,14000.0,100.0,new
SHREEJISPG,EQ,2026-09-18,689.95,709.8,674.2,708.05,707.3,691.0,854162,594315000.0,9805,,296207.0,34.68,new
SHREEKARNI,SM,2026-09-18,370.0,370.0,370.0,370.0,370.0,374.95,150,56000.00000000001,1,,150.0,100.0,new
SHREEOSFM,SM,2026-09-18,52.0,52.4,51.3,52.4,52.4,51.0,4000,206999.99999999997,4,,4000.0,100.0,new
SHREEPUSHK,EQ,2026-09-18,510.0,518.0,500.1,514.3,515.0,512.5,44521,22647000.0,2788,,19852.0,44.59,new
SHREERAMA,EQ,2026-09-18,44.35,46.39,44.15,44.53,44.6,44.36,43261,1957999.9999999998,923,,29365.0,67.88,new
SHRENIK,BZ,2026-09-18,0.29,0.3,0.28,0.29,0.3,0.29,253750,74000.0,139,,,,new
SHREYANIND,EQ,2026-09-18,128.01,132.0,125.65,131.13,130.1,128.01,3183,413000.0,113,,2406.0,75.59,new
SHRIAHIMSA,SM,2026-09-18,462.95,475.0,462.95,468.75,471.0,454.2,8400,3954000.0,14,,6000.0,71.43,new
SHRIKANHA,SM,2026-09-18,22.45,22.5,22.45,22.5,22.5,21.9,4800,108000.0,3,,4800.0,100.0,new
SHRIKRISH,EQ,2026-09-18,34.02,39.99,34.02,36.98,37.0,34.04,1595,59000.0,32,,373.0,23.39,new
SHRINGARMS,EQ,2026-09-18,214.0,216.75,208.75,210.67,208.79,211.74,569905,121466000.00000001,3743,,148030.0,25.97,new
SHRIPISTON,EQ,2026-09-18,4394.0,4598.0,4394.0,4576.6,4587.6,4385.4,151917,689675000.0,24280,,93038.0,61.24,new
SHRIRAMFIN,EQ,2026-09-18,1004.9,1019.0,1000.5,1010.0,1010.0,995.0,4870631,4926141000.0,95650,,3431319.0,70.45,new
SHRIRAMPPS,EQ,2026-09-18,73.15,73.15,70.81,71.22,71.05,72.91,365988,26148000.0,3524,,205076.0,56.03,new
SHRITECH,SM,2026-09-18,60.5,60.5,60.5,60.5,60.5,60.3,2000,121000.0,1,,2000.0,100.0,new
SHRJAGP,EQ,2026-09-18,643.55,657.75,630.0,637.65,638.0,642.5,176,112999.99999999999,21,,170.0,96.59,new
SHUBHSHREE,SM,2026-09-18,350.0,350.0,350.0,350.0,350.0,350.0,3000,1050000.0,10,,3000.0,100.0,new
SHUKRAPHAR,EQ,2026-09-18,54.76,57.89,54.29,55.93,55.74,54.24,3423614,191671000.0,9607,,1211809.0,35.4,new
SHYAMCENT,BE,2026-09-18,4.75,5.12,4.75,5.06,5.12,4.97,422226,2089999.9999999998,91,,,,new
SHYAMDHANI,ST,2026-09-18,53.4,53.4,52.25,52.5,52.5,53.0,8000,421000.0,4,,8000.0,100.0,new
SHYAMMETL,EQ,2026-09-18,1087.0,1109.0,1079.0,1100.0,1106.6,1077.0,1196160,1314339000.0,24578,,912577.0,76.29,new
SHYAMTEL,EQ,2026-09-18,11.14,11.4,11.13,11.4,11.4,11.09,2221,25000.0,6,,2221.0,100.0,new
SICAGEN,EQ,2026-09-18,52.74,53.69,52.0,52.77,53.6,52.22,7433,390000.0,117,,5498.0,73.97,new
SICALLOG,BE,2026-09-18,91.35,94.7,89.05,91.07,90.01,91.65,16434,1508000.0,98,,,,new
SIDDHICOTS,SM,2026-09-18,26.95,27.2,26.95,27.2,27.2,26.5,7200,195000.0,6,,7200.0,100.0,new
SIDDHIKA,SM,2026-09-18,228.0,228.0,214.7,214.8,215.0,226.0,20000,4343000.0,26,,17500.0,87.5,new
SIEL,EQ,2026-09-18,30.08,33.07,30.0,30.0,30.0,31.5,233,7000.000000000001,10,,222.0,95.28,new
SIEMENS,EQ,2026-09-18,3781.4,3913.9,3770.0,3913.9,3913.9,3763.5,666502,2553516000.0,35942,,362487.0,54.39,new
SIGACHI,EQ,2026-09-18,29.35,32.15,29.32,29.6,29.65,29.33,16377369,497242000.0,55643,,5696800.0,34.78,new
SIGIND,BE,2026-09-18,71.3,71.3,69.0,69.99,70.0,67.96,11347,793000.0,182,,,,new
SIGMA,EQ,2026-09-18,47.0,47.3,46.25,47.03,47.0,46.24,50131,2354000.0,940,,34944.0,69.71,new
SIGMAADV,BE,2026-09-18,848.0,888.3,831.1,866.1,867.45,857.4,255004,219769000.0,5814,,,,new
SIGNATURE,EQ,2026-09-18,755.0,761.0,744.0,756.95,760.0,755.3,248406,186821000.0,8171,,35135.0,14.14,new
SIGNORIA,ST,2026-09-18,145.0,145.0,145.0,145.0,145.0,151.0,1000,145000.0,1,,1000.0,100.0,new
SIGNPOST,EQ,2026-09-18,265.05,277.5,260.6,271.5,266.6,262.15,44887,11971000.0,1853,,22875.0,50.96,new
SIKA,EQ,2026-09-18,1030.7,1063.7,1010.25,1021.5,1039.0,1027.05,36899,38184000.0,3204,,15434.0,41.83,new
SIKKO,BE,2026-09-18,5.8,6.0,5.75,5.92,6.0,5.99,462737,2714000.0,474,,,,new
SIL,EQ,2026-09-18,16.21,16.95,16.06,16.13,16.19,16.63,54990,894999.9999999999,534,,46999.0,85.47,new
SILGO,EQ,2026-09-18,69.46,71.99,69.46,70.8,70.33,70.18,50168,3526000.0,427,,2773.0,5.53,new
SILINV,EQ,2026-09-18,437.95,455.0,434.0,446.9,446.8,438.4,588,263000.0,55,,521.0,88.61,new
SILKFLEX,SM,2026-09-18,267.0,280.35,266.3,280.35,280.35,267.0,23000,6373000.0,20,,19000.0,82.61,new
SILKY,SM,2026-09-18,69.0,71.95,61.0,65.35,66.5,71.9,24800,1599000.0,20,,16800.0,67.74,new
SILVER,EQ,2026-09-18,231.24,234.88,231.05,233.88,233.95,226.36,1124622,262114000.0,9392,,409007.0,36.37,new
SILVER001,EQ,2026-09-18,23.5,23.79,23.01,23.78,23.79,22.94,53082,1253000.0,72,,48096.0,90.61,new
SILVER1,EQ,2026-09-18,22.37,22.89,22.37,22.79,22.82,21.98,10493440,238256000.0,7028,,5299716.0,50.51,new
SILVER360,EQ,2026-09-18,225.5,230.94,225.5,229.98,230.04,223.42,22855,5237000.0,581,,15670.0,68.56,new
SILVERADD,EQ,2026-09-18,22.1,22.71,22.1,22.6,22.59,21.84,4445826,100272000.0,6420,,2331880.0,52.45,new
SILVERAG,EQ,2026-09-18,224.0,229.08,224.0,228.18,227.86,220.74,239735,54507000.00000001,3110,,92788.0,38.7,new
SILVERAXIS,EQ,2026-09-18,230.05,233.79,230.03,232.82,232.62,225.27,1004472,233244000.0,4363,,699557.0,69.64,new
SILVERBEES,EQ,2026-09-18,221.1,225.0,221.1,224.07,224.25,216.64,28477957,6357288000.0,81286,,13038980.0,45.79,new
SILVERBETA,EQ,2026-09-18,221.68,227.34,221.68,226.15,226.15,218.54,562410,126797000.0,5294,,265131.0,47.14,new
SILVERBND,EQ,2026-09-18,232.19,236.0,231.56,235.48,236.0,227.01,25507,5979000.0,193,,12163.0,47.68,new
SILVERCASE,EQ,2026-09-18,23.48,23.82,23.46,23.73,23.75,22.95,12962915,306729000.0,8305,,4873393.0,37.59,new
SILVERIETF,EQ,2026-09-18,231.22,234.96,230.97,233.89,234.0,226.19,3751667,874398000.0,16593,,1757767.0,46.85,new
SILVERTUC,EQ,2026-09-18,149.08,149.09,144.4,146.28,147.4,149.08,310512,45679000.0,5099,,106545.0,34.31,new
SIMBHALS,BZ,2026-09-18,6.67,6.67,6.67,6.67,6.67,6.8,4036,27000.0,24,,,,new
SIMCA,ST,2026-09-18,262.0,275.0,262.0,269.5,275.0,263.9,33600,8902000.0,16,,33600.0,100.0,new
SIMPLEXINF,EQ,2026-09-18,253.3,268.0,249.1,251.4,250.3,252.4,211797,54189000.0,5177,,68410.0,32.3,new
SIMPLXREA,EQ,2026-09-18,132.0,132.0,120.6,124.2,132.0,126.25,5,1000.0,4,,5.0,100.0,new
SINCLAIR,EQ,2026-09-18,78.87,84.39,78.55,81.93,82.39,77.56,60387,4894000.0,1006,,34039.0,56.37,new
SINDHUTRAD,EQ,2026-09-18,23.54,24.94,22.62,24.72,24.51,23.27,5339301,128048000.0,5141,,2011299.0,37.67,new
SINGERIND,EQ,2026-09-18,76.92,77.99,75.3,76.28,76.07,76.86,58206,4430000.0,316,,43256.0,74.32,new
SINTERCOM,EQ,2026-09-18,76.41,78.59,75.0,77.1,78.0,76.03,403,31000.0,27,,336.0,83.37,new
SIRCA,EQ,2026-09-18,410.25,413.0,404.0,406.25,405.0,406.55,247257,100703000.0,4779,,138545.0,56.03,new
SIS,EQ,2026-09-18,419.8,430.95,419.0,428.25,427.7,419.8,164393,70396000.0,6190,,113153.0,68.83,new
SITINET,BZ,2026-09-18,0.27,0.28,0.27,0.28,0.28,0.27,223470,62000.0,175,,,,new
SIYSIL,EQ,2026-09-18,512.55,535.85,512.55,527.4,535.0,514.45,52367,27402000.0,2909,,29570.0,56.47,new
SJLOGISTIC,SM,2026-09-18,310.0,319.0,307.15,314.0,314.0,311.0,20500,6469000.0,58,,17750.0,86.59,new
SJS,EQ,2026-09-18,2297.2,2460.0,2280.2,2422.8,2450.0,2266.0,992502,2395557000.0,38512,,605884.0,61.05,new
SJVN,EQ,2026-09-18,64.84,65.23,63.7,63.95,63.83,64.75,4062726,260656000.0,27865,,2782267.0,68.48,new
SKFINDIA,EQ,2026-09-18,1541.0,1639.8,1515.0,1552.6,1534.9,1541.0,324766,509489000.00000006,29013,,123768.0,38.11,new
SKFINDUS,EQ,2026-09-18,2969.9,3218.7,2942.0,2984.2,2950.0,2940.3,1293995,3870460000.0,63743,,811274.0,62.7,new
SKIPPER,EQ,2026-09-18,537.0,570.0,532.1,566.2,563.1,532.55,1433300,801207000.0,48097,,534488.0,37.29,new
SKMEGGPROD,EQ,2026-09-18,232.9,235.9,228.1,229.75,229.2,231.9,106551,24603000.0,2822,,59777.0,56.1,new
SKP,SM,2026-09-18,158.5,160.95,157.6,160.95,160.95,157.6,2500,398000.0,5,,1000.0,40.0,new
SKYGOLD,EQ,2026-09-18,794.0,806.75,779.85,783.7,785.3,793.3,566838,448421000.0,21057,,293736.0,51.82,new
SKYTECH,SM,2026-09-18,22.8,25.2,22.8,25.2,25.2,24.0,440000,10551000.0,148,,411200.0,93.45,new
SKYWAYS,EQ,2026-09-18,126.9,135.35,122.55,124.43,124.7,117.98,92941309,12026364000.0,477808,,5108247.0,5.5,new
SLONE,ST,2026-09-18,170.0,173.0,164.35,169.65,173.0,173.0,4400,738000.0,11,,4000.0,90.91,new
SMALL250,EQ,2026-09-18,18.15,18.45,18.12,18.38,18.38,18.1,280548,5136000.0,530,,170655.0,60.83,new
SMALLADD,EQ,2026-09-18,18.45,18.49,18.11,18.32,18.29,18.11,36311,666000.0,83,,25609.0,70.53,new
SMALLCAP,EQ,2026-09-18,49.17,50.37,48.19,49.09,49.06,48.18,1265660,61892999.99999999,2857,,811025.0,64.08,new
SMALLGROWW,EQ,2026-09-18,47.1,49.21,47.1,48.51,48.5,48.11,17667,863000.0000000001,104,,13466.0,76.22,new
SMALLIETF,EQ,2026-09-18,18.17,18.38,18.17,18.35,18.35,18.09,36738,670000.0,84,,15150.0,41.24,new
SMARTEN,ST,2026-09-18,53.0,55.0,52.1,54.0,55.0,53.45,12000,632000.0,6,,12000.0,100.0,new
SMARTLINK,BE,2026-09-18,213.62,220.45,213.62,220.45,220.45,214.41,1400,305000.0,45,,,,new
SMARTWORKS,EQ,2026-09-18,519.85,560.95,519.85,547.35,558.45,519.9,274681,150181000.0,4688,,230192.0,83.8,new
SMCGLOBAL,EQ,2026-09-18,82.0,83.7,80.21,80.94,80.7,82.87,467005,38204000.0,4640,,261644.0,56.03,new
SML100CASE,EQ,2026-09-18,11.35,11.36,11.14,11.32,11.35,11.13,1176113,13266999.999999998,1273,,903129.0,76.79,new
SMLMAH,EQ,2026-09-18,6248.0,6484.0,6221.0,6292.5,6310.0,6220.5,53178,337313000.0,8311,,23563.0,44.31,new
SMLT,EQ,2026-09-18,62.88,62.88,59.98,61.42,61.42,59.98,3265,199000.0,84,,2114.0,64.75,new
SMSPHARMA,EQ,2026-09-18,415.8,446.2,415.8,442.95,442.1,413.75,1745125,762967000.0,54253,,549857.0,31.51,new
SNEHAA,SM,2026-09-18,44.1,44.5,44.1,44.5,44.5,44.1,2000,89000.0,2,,2000.0,100.0,new
SNOWMAN,EQ,2026-09-18,34.9,35.4,34.0,35.25,35.25,34.72,155817,5418000.0,1488,,93485.0,60.0,new
SNXT30BEES,EQ,2026-09-18,42.33,42.38,42.02,42.14,42.18,41.91,494,21000.0,40,,471.0,95.34,new
SNXT50BETA,EQ,2026-09-18,93.36,94.4,91.63,92.86,92.71,92.9,2181,202999.99999999997,78,,1745.0,80.01,new
SOBHA,EQ,2026-09-18,1192.7,1225.8,1190.5,1215.2,1215.0,1189.4,120571,146292000.0,8956,,70291.0,58.3,new
SOCL,SM,2026-09-18,28.5,28.5,28.5,28.5,28.5,28.5,1600,46000.0,1,,1600.0,100.0,new
SOFTTECH,EQ,2026-09-18,525.7,525.7,515.0,525.7,525.7,500.7,35070,18403000.0,393,,31639.0,90.22,new
SOLARA,EQ,2026-09-18,741.7,750.4,730.0,742.05,744.0,741.7,260108,192515000.0,11434,,116001.0,44.6,new
SOLARINDS,EQ,2026-09-18,18850.0,19080.0,18555.0,18555.0,18555.0,18815.0,202858,3830775000.0,43973,,93603.0,46.14,new
SOLARWORLD,EQ,2026-09-18,134.37,136.39,132.2,133.56,135.0,133.78,125558,16824000.0,3126,,59957.0,47.75,new
SOLEX,EQ,2026-09-18,681.35,719.0,673.6,695.1,699.0,671.3,122265,85591000.0,9644,,37643.0,30.79,new
SOMANYCERA,EQ,2026-09-18,560.75,579.25,557.95,572.6,576.85,565.85,103703,59158000.00000001,4260,,52211.0,50.35,new
SOMATEX,EQ,2026-09-18,82.77,82.99,79.3,80.95,81.4,82.77,13997,1133000.0,195,,10555.0,75.41,new
SOMICONVEY,EQ,2026-09-18,97.59,97.59,94.0,94.25,94.38,94.6,11529,1096000.0,313,,6267.0,54.36,new
SONACOMS,EQ,2026-09-18,780.2,812.0,780.2,808.0,808.0,777.9,4201864,3382346000.0,68185,,2161414.0,51.44,new
SONAL,EQ,2026-09-18,87.25,87.25,84.01,84.07,84.01,83.12,270,23000.0,27,,88.0,32.59,new
SONAMAC,SM,2026-09-18,31.05,32.5,31.05,31.25,31.25,32.15,9000,283000.0,6,,9000.0,100.0,new
SONAMLTD,BE,2026-09-18,68.18,71.1,68.0,70.27,71.0,68.18,28662,1984000.0,94,,,,new
SONATSOFTW,EQ,2026-09-18,282.0,282.05,272.2,274.0,273.8,281.65,672020,185329000.0,14199,,326362.0,48.56,new
SONUINFRA,ST,2026-09-18,47.5,48.85,45.4,47.1,45.4,47.7,27000,1241000.0,13,,27000.0,100.0,new
SOTL,EQ,2026-09-18,693.0,720.0,686.05,708.05,708.0,691.4,236215,166952000.0,12006,,77320.0,32.73,new
SOUTHBANK,EQ,2026-09-18,46.0,46.54,45.78,46.07,46.09,45.88,8637328,398939000.0,32025,,4082956.0,47.27,new
SOUTHWEST,EQ,2026-09-18,199.0,202.5,193.44,196.11,195.4,200.07,197258,38846000.0,4945,,93900.0,47.6,new
SPAL,EQ,2026-09-18,998.2,1012.9,981.0,994.3,990.0,1003.1,23776,23677000.0,3117,,9938.0,41.8,new
SPANDANA,EQ,2026-09-18,227.02,231.3,227.0,229.25,228.1,227.02,74230,16997000.0,2099,,44252.0,59.61,new
SPARC,EQ,2026-09-18,193.16,198.6,192.39,193.92,194.5,193.16,682997,133068000.0,10489,,326924.0,47.87,new
SPCENET,EQ,2026-09-18,3.2,3.26,3.1,3.13,3.16,3.19,702541,2227000.0,639,,480447.0,68.39,new
SPCL,SM,2026-09-18,65.0,67.5,64.4,65.55,64.55,64.4,30600,2018000.0,42,,19800.0,64.71,new
SPCON,SM,2026-09-18,169.0,198.0,169.0,181.35,198.0,170.0,6000,1058000.0,5,,6000.0,100.0,new
SPEB,SM,2026-09-18,87.0,87.0,87.0,87.0,87.0,89.15,2000,174000.0,1,,2000.0,100.0,new
SPECIALITY,BE,2026-09-18,136.0,145.5,136.0,144.89,144.95,139.36,33415,4795000.0,231,,,,new
SPECTRUM,BE,2026-09-18,2990.0,3145.0,2955.0,3039.6,3065.0,3050.4,4924,14938000.0,560,,,,new
SPECTSTM,SM,2026-09-18,60.05,60.05,60.0,60.0,60.0,60.0,2400,144000.0,3,,2400.0,100.0,new
SPENCERS,EQ,2026-09-18,28.5,29.4,27.62,28.38,28.5,28.17,28173,799000.0,258,,21873.0,77.64,new
SPIC,EQ,2026-09-18,67.3,69.09,67.25,68.7,69.0,66.92,616680,42107000.0,3722,,297852.0,48.3,new
SPLIL,EQ,2026-09-18,29.65,30.79,29.65,30.3,30.3,29.95,1395,42000.0,26,,1361.0,97.56,new
SPLPETRO,EQ,2026-09-18,811.4,872.0,804.9,865.7,864.0,807.0,1234723,1054368000.0,52549,,315653.0,25.56,new
SPMLINFRA,EQ,2026-09-18,170.0,174.56,167.15,168.23,168.4,170.67,101537,17256000.0,1583,,59475.0,58.57,new
SPORTKING,EQ,2026-09-18,201.35,204.69,201.0,203.85,204.45,200.53,135881,27602000.0,5860,,73370.0,54.0,new
SPPPOLY,SM,2026-09-18,12.95,12.95,12.8,12.8,12.8,12.5,4000,52000.0,2,,4000.0,100.0,new
SPUNWEB,SM,2026-09-18,99.0,99.0,99.0,99.0,99.0,100.9,2400,238000.0,2,,2400.0,100.0,new
SRD,EQ,2026-09-18,40.29,40.29,39.1,39.15,39.16,39.54,8341,331000.0,108,,6608.0,79.22,new
SREEL,BE,2026-09-18,294.03,300.79,282.15,283.47,282.31,294.03,18201,5230000.0,493,,,,new
SRF,EQ,2026-09-18,2536.6,2569.9,2512.0,2512.0,2512.0,2536.0,401209,1019429999.9999999,24715,,268409.0,66.9,new
SRGHFL,EQ,2026-09-18,132.05,132.85,127.05,128.15,129.0,126.65,45678,5940000.0,651,,33270.0,72.84,new
SRHHYPOLTD,EQ,2026-09-18,521.0,525.05,519.8,523.1,519.8,517.6,26767,14000000.0,708,,20779.0,77.63,new
SRIKPRIND,BE,2026-09-18,27.8,28.9,26.8,27.98,26.81,27.83,5520,156000.0,48,,,,new
SRIVASAVI,ST,2026-09-18,72.75,73.05,71.2,73.05,73.05,72.75,4000,288000.0,4,,4000.0,100.0,new
SRM,EQ,2026-09-18,425.65,429.25,420.65,423.85,424.8,425.75,14465,6128000.0,1296,,8541.0,59.05,new
SRTL,EQ,2026-09-18,37.9,38.39,36.5,38.02,38.15,37.98,36125,1362000.0,329,,27420.0,75.9,new
SSDL,EQ,2026-09-18,62.08,62.85,60.2,61.35,61.36,62.08,27910,1721000.0,455,,22248.0,79.71,new
SSEGL,SM,2026-09-18,423.0,423.0,411.3,413.2,413.0,419.0,67600,28101000.0,200,,52600.0,77.81,new
SSFL,ST,2026-09-18,281.6,303.0,281.25,303.0,303.0,296.05,6000,1748999.9999999998,12,,5500.0,91.67,new
SSWL,EQ,2026-09-18,351.65,378.8,350.15,372.4,371.1,348.25,1835082,681750000.0,41261,,689212.0,37.56,new
STALLION,BE,2026-09-18,220.8,222.0,215.0,220.49,220.89,218.7,214149,46851000.0,1513,,,,new
STANLEY,EQ,2026-09-18,137.01,138.99,137.01,137.45,137.13,137.63,31819,4381000.0,542,,17226.0,54.14,new
STAR,EQ,2026-09-18,1202.6,1229.4,1200.0,1219.8,1220.0,1200.2,282913,343658000.0,21652,,122912.0,43.45,new
STARCEMENT,EQ,2026-09-18,188.9,195.79,188.9,194.25,193.2,188.33,271084,52165000.0,5629,,176545.0,65.13,new
STARHEALTH,EQ,2026-09-18,558.0,559.65,542.1,547.05,545.2,560.55,2515581,1379221000.0,64945,,1777990.0,70.68,new
STARPAPER,EQ,2026-09-18,156.01,159.5,155.01,158.82,158.0,155.92,5933,931000.0,160,,3410.0,57.48,new
STARTECK,EQ,2026-09-18,240.0,261.5,236.1,240.0,240.0,237.45,201,50000.0,16,,191.0,95.02,new
STCINDIA,EQ,2026-09-18,112.3,113.15,111.1,111.54,111.4,111.4,9715,1085000.0,182,,7047.0,72.54,new
STEAMHOUSE,EQ,2026-09-18,100.7,106.0,95.01,97.98,98.4,102.55,23967427,2410991000.0,119123,,8162325.0,34.06,new
STEELCAS,EQ,2026-09-18,306.85,323.0,306.85,319.9,320.8,303.45,92629,29454000.000000004,2932,,54276.0,58.6,new
STEELCITY,EQ,2026-09-18,85.5,86.59,85.0,85.39,86.0,85.77,2941,252000.0,99,,2370.0,80.58,new
STEELXIND,EQ,2026-09-18,11.18,11.9,11.18,11.74,11.64,11.2,6471920,74604000.0,5982,,2300292.0,35.54,new
STEL,EQ,2026-09-18,657.0,658.15,631.95,654.2,657.0,631.9,12670,8214000.0,847,,9432.0,74.44,new
STERTOOLS,BE,2026-09-18,210.55,214.99,209.95,213.21,212.0,211.65,12067,2561000.0,233,,,,new
STLNETWORK,EQ,2026-09-18,42.95,42.95,42.95,42.95,42.95,40.91,1250147,53694000.00000001,1463,,1250040.0,99.99,new
STLSTRINF,EQ,2026-09-18,26.0,26.9,23.12,23.47,23.13,25.15,28554,697000.0,366,,11083.0,38.81,new
STLTECH,BE,2026-09-18,852.0,852.0,805.55,818.8,815.0,827.45,1735063,1425136000.0,40624,,,,new
STOVEKRAFT,EQ,2026-09-18,833.65,840.45,825.25,829.3,825.5,833.65,75158,62529000.0,4675,,35002.0,46.57,new
STRIDERS,SM,2026-09-18,58.0,58.0,49.95,52.15,53.0,58.0,120000,6195000.0,48,,83200.0,69.33,new
STUDDS,EQ,2026-09-18,408.8,410.1,402.75,407.1,409.2,404.35,21853,8877000.0,1261,,12690.0,58.07,new
STUDIOLSD,SM,2026-09-18,8.95,9.2,8.8,9.2,9.2,9.2,32000,288000.0,10,,30000.0,93.75,new
STYL,EQ,2026-09-18,366.0,369.95,355.0,360.35,358.15,365.85,182909,66375000.0,6743,,109372.0,59.8,new
STYLAMIND,EQ,2026-09-18,3238.2,3308.0,3236.6,3295.5,3301.0,3238.2,12878,42348000.0,3122,,6678.0,51.86,new
STYLEBAAZA,EQ,2026-09-18,385.0,394.0,380.35,386.75,387.55,388.05,591675,229228000.00000003,11305,,301304.0,50.92,new
STYRENIX,EQ,2026-09-18,2065.9,2095.4,2050.7,2067.9,2057.1,2065.9,22964,47641000.0,2864,,13589.0,59.18,new
SUBAHOTELS,SM,2026-09-18,92.95,94.0,91.05,92.0,92.0,91.5,20400,1885000.0000000002,16,,16800.0,82.35,new
SUBEXLTD,EQ,2026-09-18,20.09,20.68,19.68,20.11,20.14,19.9,8841874,178400000.0,18218,,2048055.0,23.16,new
SUBROS,EQ,2026-09-18,685.1,739.0,685.1,720.3,717.95,689.6,73793,52909000.0,4803,,31331.0,42.46,new
SUDARCOLOR,EQ,2026-09-18,379.45,382.9,376.55,379.6,379.0,377.6,2802,1062000.0,114,,1700.0,60.67,new
SUDARSCHEM,EQ,2026-09-18,1203.8,1278.0,1199.4,1263.5,1277.1,1205.4,318843,401806000.0,19327,,134587.0,42.21,new
SUDEEPPHRM,EQ,2026-09-18,1107.2,1160.6,1107.2,1155.0,1150.0,1105.4,217226,249114000.0,15643,,123403.0,56.81,new
SUKHJITS,EQ,2026-09-18,161.8,162.98,160.36,161.95,160.9,160.71,16431,2658000.0,405,,10570.0,64.33,new
SULA,EQ,2026-09-18,135.9,136.99,134.1,134.49,134.7,135.9,213274,28752999.999999996,4223,,109222.0,51.21,new
SUMAX,SM,2026-09-18,120.0,122.75,114.0,114.5,114.0,119.5,79200,9204000.0,65,,56400.0,71.21,new
SUMEDHA,EQ,2026-09-18,44.16,46.39,42.52,44.4,44.4,44.61,1646,73000.0,20,,1591.0,96.66,new
SUMEETINDS,EQ,2026-09-18,9.35,9.66,9.3,9.56,9.58,9.35,1016943,9639000.0,1382,,779312.0,76.63,new
SUMICHEM,EQ,2026-09-18,456.55,469.0,455.75,460.85,459.9,455.45,605290,280028000.0,42349,,323632.0,53.47,new
SUMIT,EQ,2026-09-18,50.0,50.0,47.03,49.43,49.88,48.66,5452,271000.0,99,,4723.0,86.63,new
SUMMITSEC,EQ,2026-09-18,1392.0,1419.9,1389.0,1412.0,1415.9,1384.8,1257,1764000.0,200,,885.0,70.41,new
SUNCLAY,EQ,2026-09-18,1270.9,1279.2,1251.0,1254.6,1266.9,1252.8,2172,2733000.0,246,,1553.0,71.5,new
SUNDARAM,EQ,2026-09-18,1.18,1.21,1.16,1.16,1.16,1.18,522850,615000.0,288,,423366.0,80.97,new
SUNDARMFIN,EQ,2026-09-18,4634.5,4790.0,4630.0,4730.6,4749.0,4662.8,179114,844462999.9999999,29074,,123510.0,68.96,new
SUNDRMBRAK,BE,2026-09-18,685.0,720.0,685.0,696.1,696.1,692.1,365,258000.0,15,,,,new
SUNDRMFAST,EQ,2026-09-18,1229.0,1240.6,1221.5,1228.2,1222.2,1226.7,237526,291811000.0,16550,,149700.0,63.02,new
SUNDROP,EQ,2026-09-18,671.4,671.5,660.1,663.4,665.95,657.4,1428,949000.0,255,,866.0,60.64,new
SUNFLAG,EQ,2026-09-18,346.8,354.0,343.0,345.1,343.5,343.7,219245,76165000.0,5714,,107513.0,49.04,new
SUNLITE,SM,2026-09-18,645.0,665.0,642.05,644.9,645.0,629.65,12300,8034000.0,40,,8100.0,65.85,new
SUNLOC,EQ,2026-09-18,73.49,73.49,73.49,73.49,73.49,73.49,1,0.0,1,,1.0,100.0,new
SUNPHARMA,EQ,2026-09-18,1866.1,1877.2,1837.3,1837.3,1837.3,1867.3,2896860,5358856000.0,99771,,2093616.0,72.27,new
SUNRAKSHAK,EQ,2026-09-18,369.65,369.95,363.5,368.5,366.0,362.1,3601,1318000.0,206,,2525.0,70.12,new
SUNREST,SM,2026-09-18,37.75,37.75,37.15,37.35,37.15,37.75,6400,240000.0,4,,6400.0,100.0,new
SUNSHIEL,EQ,2026-09-18,1242.0,1242.0,1218.8,1233.3,1236.0,1215.7,2481,3053000.0,306,,1505.0,60.66,new
SUNSHINE,EQ,2026-09-18,399.0,413.5,390.65,398.3,396.5,394.0,1408607,564433000.0,24977,,408647.0,29.01,new
SUNTECH,SM,2026-09-18,35.2,36.8,35.2,36.8,36.8,36.8,8000,290000.0,5,,6400.0,80.0,new
SUNTECK,EQ,2026-09-18,281.2,298.0,280.8,294.05,296.0,281.25,126393,36676000.0,3491,,71699.0,56.73,new
SUNTV,EQ,2026-09-18,469.8,470.4,449.05,451.7,449.8,468.4,943160,428756000.00000006,32202,,595398.0,63.13,new
SUPERHOUSE,EQ,2026-09-18,171.95,171.95,160.1,165.1,165.01,167.58,7472,1239000.0,242,,5817.0,77.85,new
SUPERSPIN,BE,2026-09-18,7.19,7.52,7.12,7.26,7.26,7.19,17270,127000.0,53,,,,new
SUPRAJIT,EQ,2026-09-18,484.75,502.7,482.25,499.05,501.5,484.75,184177,91482000.0,8872,,105288.0,57.17,new
SUPREME,EQ,2026-09-18,32.22,33.3,31.68,32.0,31.99,32.21,10410,339000.0,184,,7358.0,70.68,new
SUPREMEENG,BZ,2026-09-18,3.58,3.58,3.58,3.58,3.58,3.51,420602,1506000.0,113,,,,new
SUPREMEIND,EQ,2026-09-18,3347.4,3580.3,3347.4,3580.3,3580.3,3344.4,469754,1630594000.0,32586,,153015.0,32.57,new
SUPREMEINF,EQ,2026-09-18,84.49,84.49,79.35,79.88,80.89,82.65,32459,2601000.0,285,,27920.0,86.02,new
SUPREMEPWR,SM,2026-09-18,212.95,215.9,205.15,207.35,207.6,210.85,37500,7930000.0,59,,26000.0,69.33,new
SUPRIYA,EQ,2026-09-18,900.65,920.0,895.75,906.3,910.0,900.65,130367,118330000.0,8911,,55139.0,42.3,new
SUPTANERY,BE,2026-09-18,8.5,9.21,8.35,9.21,9.21,8.78,157913,1379000.0,332,,,,new
SURAJEST,EQ,2026-09-18,178.25,195.62,176.7,192.25,192.79,177.39,641088,121901000.0,10893,,249726.0,38.95,new
SURAJLTD,EQ,2026-09-18,201.89,201.89,197.03,200.79,200.79,201.9,436,87000.0,17,,408.0,93.58,new
SURAKSHA,EQ,2026-09-18,328.95,338.0,327.55,335.1,335.15,328.95,117799,39444000.0,3463,,75083.0,63.74,new
SURANASOL,EQ,2026-09-18,24.9,25.95,24.86,25.5,25.7,25.03,59455,1515000.0,609,,37246.0,62.65,new
SURANAT&P,EQ,2026-09-18,15.75,17.2,15.75,16.39,16.4,15.85,133228,2213000.0,683,,60525.0,45.43,new
SURYALA,EQ,2026-09-18,405.0,405.0,395.0,395.0,395.0,400.25,39,15000.0,4,,39.0,100.0,new
SURYALAXMI,EQ,2026-09-18,58.07,58.87,57.0,57.76,57.2,57.79,2230,129000.0,25,,2159.0,96.82,new
SURYAROSNI,EQ,2026-09-18,210.95,212.84,209.05,210.62,210.01,209.97,604194,127289000.00000001,8444,,416499.0,68.93,new
SURYODAY,EQ,2026-09-18,146.95,147.31,145.3,146.63,145.5,146.51,147616,21610000.0,2798,,97932.0,66.34,new
SUTLEJTEX,BE,2026-09-18,38.5,39.0,37.5,38.12,38.8,38.61,39942,1528000.0,146,,,,new
SUVEN,EQ,2026-09-18,353.8,353.8,338.0,341.55,344.5,349.85,261686,90060000.0,9848,,106447.0,40.68,new
SUVIDHAA,EQ,2026-09-18,2.2,2.3,2.2,2.22,2.22,2.2,49615,110000.00000000001,143,,40493.0,81.61,new
SUYOG,EQ,2026-09-18,671.5,671.5,645.2,649.4,650.0,664.25,25191,16465000.0,1758,,15155.0,60.16,new
SUZLON,EQ,2026-09-18,42.9,43.75,42.67,43.14,43.14,42.54,63471191,2749000000.0,68918,,32916322.0,51.86,new
SVGLOBAL,EQ,2026-09-18,127.5,153.91,126.4,147.92,153.9,128.26,6683,950000.0,142,,5800.0,86.79,new
SVLL,EQ,2026-09-18,818.45,825.0,801.0,815.85,814.0,818.35,1039,844000.0,47,,877.0,84.41,new
SVPGLOB,EQ,2026-09-18,3.47,3.51,3.27,3.49,3.5,3.35,18472,63000.0,98,,14832.0,80.29,new
SWANCORP,EQ,2026-09-18,287.8,297.0,287.3,294.95,294.5,289.8,1412160,413142000.0,17943,,437876.0,31.01,new
SWANDEF,BE,2026-09-18,2720.8,2764.0,2660.0,2746.4,2754.0,2720.8,30702,83984000.0,1120,,,,new
SWARAJ,BE,2026-09-18,273.05,287.0,273.05,273.05,273.05,287.4,404231,110549000.0,602,,,,new
SWARAJENG,EQ,2026-09-18,3552.4,3635.0,3542.1,3625.1,3629.0,3552.9,6970,24996000.0,1420,,4284.0,61.46,new
SWARNSAR,EQ,2026-09-18,38.72,38.98,37.66,38.96,38.97,38.72,862,33000.0,14,,853.0,98.96,new
SWASTIK,ST,2026-09-18,16.9,16.9,16.55,16.6,16.6,16.4,6000,100000.0,5,,6000.0,100.0,new
SWELECTES,EQ,2026-09-18,560.0,560.0,550.0,556.8,554.0,552.75,8473,4712000.0,716,,5038.0,59.46,new
SWIGGY,EQ,2026-09-18,277.0,280.0,273.05,273.05,273.05,276.5,20140282,5554790000.0,54307,,14789669.0,73.43,new
SWISSMLTRY,BE,2026-09-18,14.95,15.39,14.51,14.78,14.79,14.76,58881,877999.9999999999,268,,,,new
SWSOLAR,EQ,2026-09-18,180.0,180.97,174.4,176.06,174.5,179.22,1209329,214698999.99999997,11583,,743716.0,61.5,new
SYMBIOTEC,EQ,2026-09-18,1050.0,1106.9,1048.0,1095.1,1097.7,1045.6,1099366,1187730000.0,59275,,394025.0,35.84,new
SYMPHONY,EQ,2026-09-18,581.8,604.8,580.1,598.65,593.0,584.9,71400,42333000.0,3258,,36061.0,50.51,new
SYNCOMF,EQ,2026-09-18,18.8,20.25,18.8,20.04,20.09,18.78,10260532,203645000.0,18764,,3264822.0,31.82,new
SYNGENE,EQ,2026-09-18,379.1,384.0,366.65,369.05,368.05,380.2,2498133,929435000.0,61803,,1702612.0,68.16,new
SYNOPTICS,ST,2026-09-18,46.4,46.4,46.4,46.4,46.4,44.6,600,28000.000000000004,1,,600.0,100.0,new
SYRMA,EQ,2026-09-18,1614.1,1764.0,1612.0,1728.9,1720.0,1617.7,10474149,18063072000.0,322333,,1426445.0,13.62,new
SYSTANGO,SM,2026-09-18,221.0,222.65,216.2,222.65,222.65,220.0,12800,2801000.0,30,,7600.0,59.38,new
SYSTMTXC,BE,2026-09-18,74.12,74.12,74.12,74.12,74.12,72.67,3449,256000.0,31,,,,new
TAALTECH,EQ,2026-09-18,5359.9,5483.8,5250.1,5416.3,5409.0,5349.2,11685,63159000.0,2775,,4431.0,37.92,new
TAC,ST,2026-09-18,494.0,508.4,482.05,490.9,493.7,493.95,21600,10538000.0,85,,20000.0,92.59,new
TAINWALCHM,EQ,2026-09-18,208.0,215.0,208.0,213.11,211.5,210.04,2239,478000.0,47,,1737.0,77.58,new
TAJGVK,EQ,2026-09-18,335.0,336.05,331.0,334.7,333.8,333.4,51856,17298000.0,2150,,26074.0,50.28,new
TAKE,EQ,2026-09-18,16.16,16.5,15.96,15.96,15.96,16.79,236867,3800000.0,563,,137558.0,58.07,new
TALBROAUTO,EQ,2026-09-18,442.0,480.8,437.5,476.7,478.0,435.2,1960823,919000000.0,46426,,485231.0,24.75,new
TAMBOLIIN,BE,2026-09-18,306.75,306.75,290.0,301.45,302.0,292.45,5703,1712000.0,54,,,,new
TANAA,EQ,2026-09-18,266.05,274.0,263.25,266.35,267.0,266.05,9722,2589000.0,550,,6632.0,68.22,new
TANKUP,ST,2026-09-18,1647.2,1647.2,1645.0,1645.95,1645.95,1614.95,1250,2057999.9999999998,5,,1250.0,100.0,new
TANLA,EQ,2026-09-18,498.5,499.05,486.8,489.25,488.95,495.15,400725,196833000.0,11880,,202976.0,50.65,new
TAPIFRUIT,SM,2026-09-18,44.25,44.25,44.25,44.25,44.25,46.55,750,33000.0,1,,750.0,100.0,new
TARACHAND,EQ,2026-09-18,47.8,48.5,46.51,47.69,48.0,46.8,34465,1628000.0,330,,24683.0,71.62,new
TARAPUR,EQ,2026-09-18,12.46,12.87,12.1,12.55,12.63,12.46,25602,318000.0,246,,15957.0,62.33,new
TARC,EQ,2026-09-18,131.18,134.99,129.01,133.09,132.75,130.69,537993,71291000.0,5215,,306255.0,56.93,new
TARIL,EQ,2026-09-18,278.1,285.25,278.1,279.85,280.5,276.0,1238672,348482000.0,23363,,530008.0,42.79,new
TARMAT,EQ,2026-09-18,59.6,59.6,57.24,57.76,57.6,56.56,3487,202000.0,129,,2079.0,59.62,new
TARSONS,EQ,2026-09-18,311.25,317.8,303.55,306.1,304.15,307.8,133321,41511000.0,4251,,41182.0,30.89,new
TASTYBITE,EQ,2026-09-18,10049.0,10095.0,9816.0,9901.0,9950.0,9944.0,1518,15104000.0,601,,765.0,50.4,new
TATACAP,EQ,2026-09-18,345.0,355.0,344.3,351.35,351.95,343.65,2404143,840991000.0,89652,,1482206.0,61.65,new
TATACHEM,EQ,2026-09-18,729.0,741.35,687.1,693.25,689.4,779.3,14086032,9998847000.0,241197,,3546449.0,25.18,new
TATACOMM,EQ,2026-09-18,1794.8,1805.0,1743.3,1780.1,1770.0,1791.6,713124,1265731000.0,59784,,439570.0,61.64,new
TATACONSUM,EQ,2026-09-18,1016.2,1018.7,996.0,996.0,996.0,1013.7,2076522,2083108000.0000002,41806,,1384317.0,66.67,new
TATAELXSI,EQ,2026-09-18,3399.0,3399.0,3266.7,3266.7,3266.7,3381.8,297430,989444000.0,25429,,156055.0,52.47,new
TATAGOLD,EQ,2026-09-18,14.73,14.91,14.73,14.85,14.84,14.62,55967837,829558000.0,59085,,27426404.0,49.0,new
TATAINVEST,EQ,2026-09-18,688.0,707.85,682.55,702.35,700.95,719.3,2361598,1644783000.0000002,72355,,437943.0,18.54,new
TATAPOWER,EQ,2026-09-18,364.8,374.8,360.9,374.8,374.8,369.0,5102671,1883191000.0,39748,,3159710.0,61.92,new
TATASTEEL,EQ,2026-09-18,186.4,187.96,185.54,185.54,185.54,187.29,29014128,5406706000.0,107372,,17832092.0,61.46,new
TATATECH,EQ,2026-09-18,761.4,761.4,716.1,722.45,719.0,758.75,2215517,1615120000.0,72102,,947546.0,42.77,new
TATSILV,EQ,2026-09-18,22.48,22.87,22.47,22.74,22.76,21.99,58813645,1332447000.0,46662,,31406574.0,53.4,new
TATVA,EQ,2026-09-18,1712.0,1787.8,1702.5,1770.2,1761.0,1709.6,91966,161004000.0,8619,,39680.0,43.15,new
TAURIAN,ST,2026-09-18,508.0,517.25,503.0,517.25,517.25,492.65,28800,14761000.000000002,35,,25600.0,88.89,new
TBI,SM,2026-09-18,78.0,83.2,78.0,82.45,83.2,77.15,28800,2360000.0,41,,24600.0,85.42,new
TBOTEK,EQ,2026-09-18,1650.0,1728.7,1643.7,1710.6,1715.0,1647.7,212106,362347000.0,23751,,87906.0,41.44,new
TBZ,EQ,2026-09-18,603.55,603.55,585.1,603.55,603.55,574.85,1436925,864170000.0000001,7378,,514997.0,35.84,new
TCC,EQ,2026-09-18,51.36,51.86,49.3,49.85,50.0,51.25,705212,35282000.0,3718,,205547.0,29.15,new
TCI,EQ,2026-09-18,826.55,838.8,821.55,829.8,829.5,826.55,20300,16818000.0,4256,,11048.0,54.42,new
TCIEXP,EQ,2026-09-18,494.9,497.35,481.05,485.35,481.25,490.75,20352,9940000.0,1200,,14203.0,69.79,new
TCIFINANCE,EQ,2026-09-18,15.24,15.8,14.56,15.58,15.73,14.62,64732,981000.0,276,,45967.0,71.01,new
TCL,SM,2026-09-18,123.8,138.55,122.0,132.3,131.55,125.05,79200,10597000.0,89,,56000.0,70.71,new
TCPLPACK,EQ,2026-09-18,3860.6,3901.7,3826.0,3844.2,3832.0,3863.4,1645,6347000.0,574,,743.0,45.17,new
TCS,EQ,2026-09-18,2177.2,2177.3,2101.2,2105.0,2105.0,2190.0,6875428,14561829000.0,188367,,3972356.0,57.78,new
TDPOWERSYS,EQ,2026-09-18,726.0,770.0,725.15,763.75,768.0,722.1,3139171,2365332000.0,100287,,1467492.0,46.75,new
TEAMGTY,EQ,2026-09-18,235.0,242.9,235.0,238.5,238.5,235.0,2034,478000.0,12,,2012.0,98.92,new
TEAMLEASE,EQ,2026-09-18,1226.7,1238.5,1200.6,1219.0,1202.4,1226.7,21622,26395999.999999996,2460,,13005.0,60.15,new
TEAMTECH,ST,2026-09-18,125.65,131.9,125.65,131.9,131.9,125.65,26000,3399000.0,13,,26000.0,100.0,new
TECH,EQ,2026-09-18,31.85,32.39,31.3,31.55,31.49,31.99,144353,4546000.0,678,,109105.0,75.58,new
TECHD,SM,2026-09-18,580.0,590.05,564.5,582.85,580.05,580.65,13200,7617000.0,43,,8400.0,63.64,new
TECHERA,SM,2026-09-18,160.5,160.5,155.35,159.1,159.1,160.5,33600,5286000.0,37,,24000.0,71.43,new
TECHLABS,SM,2026-09-18,122.15,126.1,121.15,122.65,123.0,127.45,19375,2394000.0,104,,12125.0,62.58,new
TECHM,EQ,2026-09-18,1558.3,1561.2,1523.1,1537.1,1537.1,1561.0,3113722,4784198000.0,53691,,1889780.0,60.69,new
TECHNOCRAF,EQ,2026-09-18,441.05,459.2,436.0,440.8,439.0,439.15,859607,380731000.0,13289,,379349.0,44.13,new
TECHNOE,EQ,2026-09-18,990.3,1039.0,989.6,1030.45,1035.75,984.7,286285,291071000.0,20071,,151935.0,53.07,new
TECHNVISN,EQ,2026-09-18,3941.5,4351.0,3941.0,4349.0,4350.0,4144.0,752,3139000.0,133,,589.0,78.32,new
TECILCHEM,EQ,2026-09-18,9.76,10.0,9.23,9.77,9.6,9.76,3009,28999.999999999996,45,,2812.0,93.45,new
TEGA,EQ,2026-09-18,1888.2,1970.0,1887.3,1943.0,1948.0,1920.0,1144337,2224367000.0,60109,,229605.0,20.06,new
TEJA,SM,2026-09-18,228.0,235.5,228.0,235.0,228.0,224.4,101400,23729000.0,60,,89400.0,88.17,new
TEJASCARGO,SM,2026-09-18,406.0,406.0,406.0,406.0,406.0,420.0,400,162000.0,1,,400.0,100.0,new
TEJASNET,EQ,2026-09-18,525.8,527.7,514.8,518.3,520.0,524.25,1522105,790921000.0,32899,,424227.0,27.87,new
TEMBO,EQ,2026-09-18,57.0,57.0,55.9,56.19,56.6,56.57,302439,17007000.0,1830,,170371.0,56.33,new
TEMPSENS,EQ,2026-09-18,542.8,552.4,524.5,531.6,529.8,541.55,1265503,678902000.0,30384,,331794.0,26.22,new
TENNIND,EQ,2026-09-18,515.5,524.9,511.95,517.9,518.0,514.05,1072952,557183000.0,28501,,717161.0,66.84,new
TERASOFT,EQ,2026-09-18,231.95,243.35,226.05,236.6,238.0,225.45,26937,6332000.0,1829,,11404.0,42.34,new
TEXINFRA,EQ,2026-09-18,114.88,115.89,112.67,113.54,113.58,115.13,245506,27845000.0,1625,,159193.0,64.84,new
TEXMOPIPES,EQ,2026-09-18,62.7,64.4,60.82,61.49,61.5,62.24,315163,19823000.0,2623,,169318.0,53.72,new
TEXRAIL,EQ,2026-09-18,112.0,116.0,111.76,114.66,115.19,111.69,2196519,251208000.0,14672,,840662.0,38.27,new
TFCILTD,EQ,2026-09-18,139.7,141.02,139.0,139.62,140.04,139.06,12165117,1697255000.0,22033,,4542751.0,37.34,new
TFL,EQ,2026-09-18,11.83,12.09,11.83,11.99,12.0,11.81,56,1000.0,6,,53.0,94.64,new
TGBHOTELS,EQ,2026-09-18,9.37,9.89,9.37,9.41,9.41,9.37,5102,48000.0,67,,3826.0,74.99,new
TGL,ST,2026-09-18,15.25,15.25,15.25,15.25,15.25,15.55,8200,125000.0,21,,8200.0,100.0,new
TGVSL,EQ,2026-09-18,103.0,103.5,102.1,102.59,102.9,102.58,44012,4523000.0,547,,25975.0,59.02,new
THACKER,EQ,2026-09-18,1030.0,1030.0,1000.0,1030.0,1030.0,949.0,21,21000.0,7,,21.0,100.0,new
THAKDEV,EQ,2026-09-18,127.51,127.51,127.51,127.51,127.51,128.15,6,1000.0,1,,6.0,100.0,new
THANGAMAYL,EQ,2026-09-18,4844.0,5051.5,4794.5,5044.5,5051.5,4811.0,386791,1945766000.0,19522,,252288.0,65.23,new
THEINVEST,EQ,2026-09-18,95.99,96.0,91.85,94.27,94.05,95.52,2967,278000.0,93,,1955.0,65.89,new
THEJO,EQ,2026-09-18,2183.4,2223.6,2157.1,2199.7,2208.0,2183.4,6505,14322000.0,863,,4031.0,61.97,new
THELEELA,EQ,2026-09-18,530.0,549.7,527.05,540.55,537.25,530.0,124085,66935000.0,9408,,68720.0,55.38,new
THEMISMED,EQ,2026-09-18,118.82,126.58,118.82,123.97,125.99,119.85,78797,9647000.0,2183,,27719.0,35.18,new
THERMAX,EQ,2026-09-18,3569.5,3599.0,3522.4,3551.9,3540.0,3569.5,238396,847168000.0,41974,,139990.0,58.72,new
THOMASCOOK,EQ,2026-09-18,103.42,107.38,103.2,106.04,107.2,103.42,997099,105153000.0,5706,,569013.0,57.07,new
THOMASCOTT,EQ,2026-09-18,239.0,239.0,230.0,236.55,238.0,234.9,23906,5581000.0,929,,15621.0,65.34,new
THYROCARE,EQ,2026-09-18,561.0,568.0,553.85,555.8,555.3,559.25,244576,136966000.0,14018,,155343.0,63.52,new
TI,EQ,2026-09-18,551.0,575.6,550.55,568.7,565.0,543.85,1687493,956356000.0,58572,,668655.0,39.62,new
TICL,BE,2026-09-18,6.09,6.1,5.81,5.85,5.87,6.11,292004,1703000.0,381,,,,new
TIGERLOGS,EQ,2026-09-18,27.19,27.4,25.95,26.13,26.25,26.66,77418,2048000.0,992,,57462.0,74.22,new
TIIL,EQ,2026-09-18,3059.9,3118.0,3025.5,3054.1,3054.1,3049.7,34329,105192000.0,7180,,17127.0,49.89,new
TIINDIA,EQ,2026-09-18,2598.9,2637.8,2571.5,2600.0,2600.0,2598.8,293372,762289000.0,27173,,188357.0,64.2,new
TIJARIA,BE,2026-09-18,7.74,8.1,7.34,7.4,7.72,7.72,80102,609000.0,145,,,,new
TIL,BE,2026-09-18,252.0,261.94,250.0,257.51,257.5,249.94,145867,37536000.0,699,,,,new
TIMESCAN,SM,2026-09-18,39.45,39.45,39.45,39.45,39.45,37.6,2000,79000.0,1,,2000.0,100.0,new
TIMETECHNO,EQ,2026-09-18,176.25,180.67,176.05,179.24,179.99,174.54,3604165,643009000.0,33662,,874840.0,24.27,new
TIMEX,EQ,2026-09-18,613.05,729.0,613.05,714.2,720.0,611.1,6651306,4639459000.0,169625,,908794.0,13.66,new
TIMKEN,EQ,2026-09-18,3172.6,3269.0,3091.0,3124.2,3135.0,3185.1,132715,416974000.0,25475,,77249.0,58.21,new
TINNARUBR,EQ,2026-09-18,1000.0,1030.0,1000.0,1018.75,1021.8,1000.75,22220,22618000.0,2580,,9046.0,40.71,new
TIPSFILMS,EQ,2026-09-18,333.95,334.0,318.1,320.35,319.0,318.5,1585,509000.0,133,,827.0,52.18,new
TIPSMUSIC,EQ,2026-09-18,656.5,667.0,644.15,657.7,654.15,656.6,502106,330252000.0,21538,,302800.0,60.31,new
TIRUMALCHM,EQ,2026-09-18,155.56,163.49,155.51,158.54,158.6,155.56,657447,105152000.0,7745,,333380.0,50.71,new
TIRUPATIFL,BE,2026-09-18,64.1,67.7,63.8,67.68,67.7,64.48,328776,22004000.0,938,,,,new
TITAGARH,EQ,2026-09-18,827.15,849.9,827.15,837.65,840.0,827.15,475698,399125000.0,21220,,147375.0,30.98,new
TITAN,EQ,2026-09-18,4851.0,4864.5,4772.0,4798.5,4798.5,4841.0,1066023,5126009000.0,53201,,755286.0,70.85,new
TMB,EQ,2026-09-18,894.5,905.45,889.05,895.75,889.1,891.45,242023,217141000.0,15832,,148416.0,61.32,new
TMCV,EQ,2026-09-18,436.0,445.0,430.2,442.9,440.35,436.1,13129939,5764126000.0,116435,,7908093.0,60.23,new
TMPV,EQ,2026-09-18,309.6,310.0,301.5,303.8,303.8,314.5,18037112,5495202000.0,104010,,10065798.0,55.81,new
TNIDETF,EQ,2026-09-18,88.38,89.33,87.48,88.34,88.0,88.37,57856,5096000.0,450,,35050.0,60.58,new
TNPETRO,EQ,2026-09-18,128.85,129.96,122.84,125.73,125.35,127.34,848214,106122000.0,12015,,308648.0,36.39,new
TNPL,EQ,2026-09-18,144.64,149.45,144.1,148.34,149.0,144.64,256191,37747000.0,5079,,128844.0,50.29,new
TNTELE,EQ,2026-09-18,8.72,9.1,8.71,8.86,8.76,8.84,7387,65000.0,67,,4917.0,66.56,new
TOKYOPLAST,EQ,2026-09-18,77.79,77.79,74.11,75.67,75.83,75.6,400,30000.0,18,,263.0,65.75,new
TOLINS,EQ,2026-09-18,88.5,88.75,87.52,88.02,88.69,88.22,21237,1870000.0,905,,14546.0,68.49,new
TOP100CASE,EQ,2026-09-18,10.05,10.47,10.05,10.3,10.27,10.26,253788,2611000.0,856,,162509.0,64.03,new
TOP10ADD,EQ,2026-09-18,84.9,85.12,84.6,84.8,84.89,85.42,953150,80929000.0,846,,904022.0,94.85,new
TOP15IETF,EQ,2026-09-18,9.53,9.6,9.46,9.49,9.54,9.56,237198,2247000.0,391,,166864.0,70.35,new
TOP20,EQ,2026-09-18,8.64,8.65,8.6,8.62,8.62,8.64,220953,1905000.0,163,,216327.0,97.91,new
TORNTPHARM,EQ,2026-09-18,4874.5,4928.0,4827.0,4840.0,4840.0,4875.0,486733,2363739000.0,32946,,335298.0,68.89,new
TORNTPOWER,EQ,2026-09-18,1277.0,1285.7,1232.0,1258.8,1245.2,1276.4,462594,583833000.0,27556,,274285.0,59.29,new
TOTAL,BE,2026-09-18,69.57,69.57,69.0,69.33,69.25,71.0,36948,2567000.0,66,,,,new
TOUCHWOOD,EQ,2026-09-18,62.44,63.78,59.6,60.93,61.0,61.52,403,25000.0,44,,357.0,88.59,new
TOYAMSL,EQ,2026-09-18,0.77,0.77,0.77,0.77,0.77,0.74,458115,353000.0,128,,385973.0,84.25,new
TPHQ,BE,2026-09-18,0.55,0.55,0.53,0.55,0.55,0.53,926974,505000.0,258,,,,new
TPLPLASTEH,EQ,2026-09-18,65.09,65.9,64.14,65.34,65.05,64.49,111552,7254000.000000001,953,,37529.0,33.64,new
TRACXN,EQ,2026-09-18,30.65,31.49,30.51,31.0,30.85,30.84,73768,2277000.0,714,,47720.0,64.69,new
TRANSCOR,EQ,2026-09-18,25.04,25.49,23.0,23.79,23.0,25.04,3513,84000.0,63,,3207.0,91.29,new
TRANSPEK,BE,2026-09-18,1350.2,1370.0,1325.1,1359.4,1369.9,1350.1,864,1172000.0,35,,,,new
TRANSRAILL,EQ,2026-09-18,411.9,413.5,407.45,408.75,409.45,410.2,228722,93740000.0,8358,,118225.0,51.69,new
TRANSTEEL,SM,2026-09-18,84.0,85.0,79.95,80.2,80.0,85.0,72000,5890000.0,56,,45000.0,62.5,new
TRANSWORLD,BE,2026-09-18,166.0,166.99,165.99,166.39,166.39,164.2,3282,545000.0,21,,,,new
TRAVELFOOD,EQ,2026-09-18,1232.0,1276.8,1217.4,1256.1,1247.0,1232.0,42342,52616000.0,4972,,19549.0,46.17,new
TREEHOUSE,EQ,2026-09-18,5.99,6.17,5.87,5.87,5.87,5.87,37165,220000.00000000003,107,,26487.0,71.27,new
TREJHARA,EQ,2026-09-18,136.9,136.9,131.0,132.37,133.0,135.75,19780,2651000.0,434,,17924.0,90.62,new
TREL,EQ,2026-09-18,30.06,31.51,29.01,29.66,29.5,29.77,611021,18580000.0,6840,,351041.0,57.45,new
TRENT,EQ,2026-09-18,2789.3,2824.0,2776.1,2824.0,2824.0,2789.0,925467,2595173000.0,34022,,683320.0,73.84,new
TRF,EQ,2026-09-18,221.7,223.7,214.0,215.25,214.0,219.49,8388,1816000.0,403,,6031.0,71.9,new
TRIDENT,EQ,2026-09-18,23.08,24.01,23.03,23.22,23.15,23.08,5955453,139001000.0,15401,,2794925.0,46.93,new
TRIDHYA,ST,2026-09-18,7.0,7.0,7.0,7.0,7.0,7.15,6000,42000.0,2,,6000.0,100.0,new
TRIGYN,EQ,2026-09-18,54.6,55.78,52.94,53.56,55.01,55.18,19459,1050000.0,510,,12050.0,61.93,new
TRITONV,EQ,2026-09-18,1076.0,1114.9,1070.0,1084.3,1070.0,1076.0,1647,1798000.0,278,,1081.0,65.63,new
TRITURBINE,EQ,2026-09-18,554.4,572.0,550.35,567.8,570.25,556.8,501922,282804000.0,51193,,240256.0,47.87,new
TRIVENI,EQ,2026-09-18,234.9,241.0,234.9,238.8,241.0,232.45,661400,157249000.0,12567,,332892.0,50.33,new
TROM,SM,2026-09-18,54.1,54.1,53.5,53.5,53.5,53.5,1800,97000.0,3,,1800.0,100.0,new
TRU,EQ,2026-09-18,4.0,4.3,4.0,4.21,4.29,4.09,85524,358000.0,157,,67023.0,78.37,new
TRUALT,EQ,2026-09-18,425.0,437.65,420.5,421.7,420.55,423.95,220451,94511000.0,5360,,125034.0,56.72,new
TRUST,SM,2026-09-18,27.5,27.5,25.7,26.05,26.05,26.7,58800,1568000.0,40,,53400.0,90.82,new
TSC,ST,2026-09-18,48.05,49.0,48.0,49.0,49.0,50.5,12000,582000.0,5,,12000.0,100.0,new
TSFINV,EQ,2026-09-18,446.8,459.9,445.5,455.65,458.75,445.95,153537,69793000.0,5990,,83744.0,54.54,new
TTKHLTCARE,EQ,2026-09-18,1053.0,1089.8,1041.6,1050.0,1063.9,1049.0,41244,43512000.0,7876,,23682.0,57.42,new
TTKPRESTIG,EQ,2026-09-18,545.0,546.5,525.0,530.85,529.0,543.6,114198,60772000.0,7901,,54311.0,47.56,new
TTL,EQ,2026-09-18,7.25,7.5,7.1,7.24,7.25,7.07,235464,1737000.0,500,,179435.0,76.2,new
TTML,EQ,2026-09-18,36.2,36.33,35.56,35.73,35.8,36.64,1516686,54422000.0,7338,,629592.0,41.51,new
TUNWAL,SM,2026-09-18,25.3,25.65,25.3,25.65,25.65,25.45,18000,458000.0,9,,16000.0,88.89,new
TURTLEMINT,EQ,2026-09-18,133.65,137.0,131.15,134.12,133.61,131.67,832911,111578000.0,14184,,306499.0,36.8,new
TUTIALKA,EQ,2026-09-18,55.68,57.0,55.67,56.56,56.95,56.57,3984,225999.99999999997,56,,3733.0,93.7,new
TVSELECT,EQ,2026-09-18,403.75,408.9,398.5,403.15,405.0,403.75,26441,10643000.0,1149,,12206.0,46.16,new
TVSHLTD,EQ,2026-09-18,12911.0,13079.0,12540.0,12812.0,12875.0,12884.0,45028,575965000.0,11299,,32844.0,72.94,new
TVSMOTOR,EQ,2026-09-18,4125.0,4195.0,4122.1,4171.3,4171.3,4101.7,1304681,5445299000.0,56060,,954162.0,73.13,new
TVSSCS,EQ,2026-09-18,130.1,138.15,130.1,133.85,134.05,130.09,2452803,331209000.0,27410,,1189012.0,48.48,new
TVSSRICHAK,EQ,2026-09-18,4867.0,4959.5,4796.0,4844.5,4850.0,4886.0,4438,21616000.0,1323,,2135.0,48.11,new
TVTODAY,EQ,2026-09-18,107.5,110.0,106.68,109.29,109.3,107.72,47797,5166000.0,890,,31438.0,65.77,new
TVVISION,BE,2026-09-18,2.59,2.67,2.47,2.53,2.63,2.59,59660,151000.0,100,,,,new
TWCGOLDETF,EQ,2026-09-18,151.45,152.93,151.32,152.54,152.55,149.93,2610,398000.0,301,,2209.0,84.64,new
UBL,EQ,2026-09-18,1219.9,1258.0,1219.9,1251.5,1251.6,1216.8,276273,343339000.0,28351,,174681.0,63.23,new
UCAL,BE,2026-09-18,136.0,142.0,136.0,138.15,139.9,140.06,3186,441000.0,61,,,,new
UCOBANK,EQ,2026-09-18,23.59,23.94,23.53,23.75,23.85,23.59,3517779,83189000.0,15953,,1597047.0,45.4,new
UDAYJEW,EQ,2026-09-18,158.7,161.95,151.99,152.2,151.99,158.62,58089,8953000.0,714,,36359.0,62.59,new
UDS,EQ,2026-09-18,191.0,191.57,187.02,189.82,189.0,188.25,72939,13769999.999999998,2083,,37639.0,51.6,new
UEL,EQ,2026-09-18,199.98,205.0,190.27,203.73,202.9,196.19,52048,10458000.0,1531,,16138.0,31.01,new
UFBL,BE,2026-09-18,690.9,715.0,685.4,692.45,694.0,690.9,24810,17320000.0,750,,,,new
UFLEX,EQ,2026-09-18,652.95,669.9,652.0,659.45,657.0,652.95,69585,45787000.0,2228,,39303.0,56.48,new
UFO,EQ,2026-09-18,62.0,62.0,60.3,60.95,61.25,61.29,14004,856000.0,286,,10329.0,73.76,new
UGARSUGAR,EQ,2026-09-18,53.72,58.39,52.85,56.79,56.6,53.41,1345153,74983000.0,9171,,400944.0,29.81,new
UGROCAP,EQ,2026-09-18,83.74,84.47,82.96,83.74,83.05,83.49,98903,8258000.0,1086,,49506.0,50.06,new
UHTL,ST,2026-09-18,188.25,188.25,188.25,188.25,188.25,184.6,6000,1130000.0,3,,6000.0,100.0,new
UJJIVANSFB,EQ,2026-09-18,64.05,65.3,63.88,65.02,64.95,63.97,4749884,307758000.0,23120,,2537117.0,53.41,new
ULTRACEMCO,EQ,2026-09-18,10890.0,11060.0,10819.0,11014.0,11014.0,10764.0,458848,5043800000.0,47737,,320335.0,69.81,new
ULTRAMAR,EQ,2026-09-18,412.1,430.0,412.1,424.4,425.2,412.5,78947,33239999.999999996,2506,,56205.0,71.19,new
UMAEXPORTS,BE,2026-09-18,20.25,20.82,20.02,20.02,20.02,20.42,25019,505000.0,66,,,,new
UMESLTD,EQ,2026-09-18,4.1,4.44,3.76,4.39,4.4,4.08,63578,265000.0,262,,49494.0,77.85,new
UMIYA-MRO,EQ,2026-09-18,99.0,99.0,96.15,98.01,97.24,97.95,4684,457000.0,154,,2570.0,54.87,new
UNICHEMLAB,EQ,2026-09-18,536.85,547.0,536.85,545.7,545.05,538.45,26772,14563999.999999998,2010,,12138.0,45.34,new
UNIDT,EQ,2026-09-18,232.0,232.0,222.98,224.01,224.0,228.07,13543,3073000.0,405,,9274.0,68.48,new
UNIECOM,EQ,2026-09-18,85.0,85.0,82.5,83.21,83.25,84.45,166409,13912000.0,2694,,65689.0,39.47,new
UNIENTER,EQ,2026-09-18,91.9,92.48,89.9,90.71,90.02,91.9,4951,450000.0,78,,4075.0,82.31,new
UNIHEALTH,SM,2026-09-18,675.2,695.0,675.2,680.0,680.0,667.55,10500,7178000.0,19,,8500.0,80.95,new
UNIINFO,EQ,2026-09-18,11.52,11.52,10.83,11.23,11.23,11.38,2207,24000.0,24,,1062.0,48.12,new
UNILEX,SM,2026-09-18,27.0,27.0,26.5,27.0,27.0,27.0,4800,129000.0,3,,3200.0,66.67,new
UNIMECH,EQ,2026-09-18,1578.5,1612.0,1568.4,1591.3,1600.0,1570.6,189186,302058000.0,15880,,88569.0,46.82,new
UNIONBANK,EQ,2026-09-18,178.5,178.92,176.56,176.56,176.56,178.09,6401370,1137867000.0,37548,,4130552.0,64.53,new
UNIONGOLD,EQ,2026-09-18,147.0,150.4,146.95,149.65,149.55,146.95,5577,832000.0,297,,2874.0,51.53,new
UNIPARTS,EQ,2026-09-18,878.0,885.4,824.95,831.5,831.1,878.05,220753,187675000.0,18351,,96338.0,43.64,new
UNITDSPR,EQ,2026-09-18,1382.0,1405.0,1371.0,1371.0,1371.0,1390.0,842151,1162925000.0,15153,,706325.0,83.87,new
UNITECH,EQ,2026-09-18,4.27,4.36,4.19,4.31,4.31,4.27,4618701,19736000.0,2858,,2762250.0,59.81,new
UNITEDPOLY,EQ,2026-09-18,45.0,46.05,43.2,45.85,46.0,44.36,640093,29061000.0,1484,,314705.0,49.17,new
UNITEDTEA,EQ,2026-09-18,437.5,439.3,430.0,431.65,432.0,429.05,1441,623000.0,75,,1372.0,95.21,new
UNIVASTU,BE,2026-09-18,152.26,152.26,152.25,152.26,152.26,145.01,51713,7873999.999999999,217,,,,new
UNIVCABLES,EQ,2026-09-18,1450.9,1494.9,1437.4,1477.0,1482.7,1438.8,96755,141840000.0,9185,,39339.0,40.66,new
UNIVPHOTO,BE,2026-09-18,624.75,624.75,583.3,584.0,583.5,614.0,2579,1535000.0,87,,,,new
UNOMINDA,EQ,2026-09-18,1213.2,1284.0,1206.8,1284.0,1284.0,1205.0,1277954,1589968000.0,26289,,845674.0,66.17,new
UPHOT,EQ,2026-09-18,1478.5,1500.0,1478.5,1500.0,1500.0,1480.0,121,179000.0,13,,121.0,100.0,new
UPL,EQ,2026-09-18,554.0,580.0,553.4,580.0,580.0,554.75,3779171,2149429000.0,32505,,3050593.0,80.72,new
URAVIDEF,BE,2026-09-18,109.5,109.5,108.0,108.0,108.0,109.9,292,32000.0,15,,,,new
URBAN,SM,2026-09-18,120.75,121.3,120.6,120.95,120.6,120.5,9600,1161000.0,12,,7200.0,75.0,new
URBANCO,EQ,2026-09-18,163.89,172.42,162.55,169.11,168.0,162.81,11152442,1887409999.9999998,80044,,3746775.0,33.6,new
URJA,EQ,2026-09-18,9.4,9.4,9.02,9.15,9.18,9.1,538147,4931000.0,1749,,305962.0,56.85,new
USASEEDS,SM,2026-09-18,90.0,90.0,90.0,90.0,90.0,91.0,428,39000.0,1,,428.0,100.0,new
USHAFIN,SM,2026-09-18,50.0,51.5,49.2,51.0,51.0,48.2,24000,1203000.0,13,,22400.0,93.33,new
USHAMART,EQ,2026-09-18,496.0,511.0,494.0,507.2,507.4,495.65,1588391,803036000.0,28255,,888985.0,55.97,new
USK,EQ,2026-09-18,19.81,20.87,19.81,20.07,20.24,20.32,20541,413000.0,178,,16140.0,78.57,new
UTIAMC,EQ,2026-09-18,908.0,908.0,889.65,895.0,895.0,898.25,109250,97799000.0,7638,,78708.0,72.04,new
UTKAL,SM,2026-09-18,46.5,48.4,46.5,48.1,48.4,46.1,54000,2593000.0,18,,50000.0,92.59,new
UTKARSHBNK,EQ,2026-09-18,14.11,14.38,13.96,14.17,14.23,14.05,5303916,74717000.0,4749,,2585080.0,48.74,new
UTLSOLAR,EQ,2026-09-18,413.0,422.0,412.6,418.65,418.0,408.95,120238,50037000.0,6289,,61149.0,50.86,new
UTSSAV,SM,2026-09-18,640.05,661.0,621.9,653.25,653.25,649.3,31200,20209000.0,47,,17400.0,55.77,new
UTTAMSUGAR,EQ,2026-09-18,254.95,261.7,249.7,260.25,261.0,252.4,127683,32591000.000000004,3119,,52387.0,41.03,new
UYFINCORP,BE,2026-09-18,19.95,19.95,19.2,19.29,19.22,19.28,31026,602000.0,133,,,,new
V2RETAIL,EQ,2026-09-18,210.01,215.81,210.0,214.03,213.95,210.4,643385,137613000.0,16359,,384507.0,59.76,new
VADILALIND,EQ,2026-09-18,7065.0,7389.0,7040.0,7362.0,7351.0,7101.0,19386,140799000.0,5348,,9760.0,50.35,new
VADILENT,EQ,2026-09-18,10400.0,10575.0,10400.0,10540.0,10575.0,10575.0,10,105000.0,8,,7.0,70.0,new
VAIBHAVGBL,EQ,2026-09-18,212.35,213.0,206.92,209.9,211.7,211.35,254747,53337000.0,5944,,133043.0,52.23,new
VAISHALI,EQ,2026-09-18,9.0,9.14,8.73,8.79,8.96,8.78,189226,1692000.0000000002,386,,122385.0,64.68,new
VAKRANGEE,EQ,2026-09-18,5.25,5.34,5.25,5.3,5.27,5.25,1102478,5841000.0,1371,,747904.0,67.84,new
VAL30IETF,EQ,2026-09-18,14.81,14.92,14.77,14.88,14.8,14.88,91576,1361000.0,365,,51844.0,56.61,new
VALIANTLAB,BE,2026-09-18,127.15,128.88,121.0,123.26,124.36,122.75,155553,19806000.0,828,,,,new
VALIANTORG,BE,2026-09-18,420.0,428.85,413.0,426.65,427.6,408.45,161458,68969000.0,1691,,,,new
VALUE,EQ,2026-09-18,15.84,15.85,15.75,15.8,15.8,15.76,8366,132000.0,56,,5974.0,71.41,new
VALUE360,SM,2026-09-18,68.5,68.5,65.3,65.55,65.3,69.1,6000,397000.0,5,,6000.0,100.0,new
VALUEAXIS,EQ,2026-09-18,32.1,32.25,32.0,32.13,32.25,32.03,39037,1254000.0,214,,21665.0,55.5,new
VAML,EQ,2026-09-18,407.4,419.0,407.35,416.5,415.1,404.3,9307238,3853637000.0000005,102337,,6052939.0,65.03,new
VARDHACRLC,BE,2026-09-18,43.15,45.29,43.15,44.5,44.5,43.14,112090,5032000.0,339,,,,new
VARDMNPOLY,EQ,2026-09-18,5.99,5.99,5.62,5.69,5.7,5.83,430537,2471000.0,707,,393407.0,91.38,new
VARROC,EQ,2026-09-18,852.25,877.05,840.55,861.55,864.1,846.15,223364,193530000.0,14409,,90139.0,40.36,new
VASCONEQ,EQ,2026-09-18,30.4,30.94,29.5,30.35,30.3,30.51,305184,9271000.0,1694,,206575.0,67.69,new
VASWANI,EQ,2026-09-18,44.7,48.47,44.4,46.47,48.47,44.61,52340,2371000.0,455,,37191.0,71.06,new
VBL,EQ,2026-09-18,416.9,425.4,416.25,421.95,421.95,415.45,7581873,3196410000.0,48874,,5231406.0,69.0,new
VCL,BE,2026-09-18,1.67,1.68,1.61,1.61,1.65,1.67,674666,1095000.0,192,,,,new
VDEAL,SM,2026-09-18,115.0,115.0,114.0,115.0,115.0,113.0,15000,1723999.9999999998,19,,14400.0,96.0,new
VEDAVAAG,EQ,2026-09-18,22.0,23.25,20.35,22.21,22.36,21.0,105589,2361000.0,559,,56574.0,53.58,new
VEDL,EQ,2026-09-18,258.0,267.6,258.0,267.6,267.6,257.45,8484152,2233941000.0,55843,,5668526.0,66.81,new
VEDPOWER,EQ,2026-09-18,31.19,31.6,30.44,31.17,31.1,31.01,12482165,385560000.0,46311,,6404529.0,51.31,new
VEEDOL,EQ,2026-09-18,1381.6,1397.0,1371.0,1377.7,1371.6,1385.3,9305,12849000.0,835,,6652.0,71.49,new
VEEGALAND,BE,2026-09-18,154.0,154.0,146.3,146.3,146.3,140.0,5227484,789252000.0,28489,,,,new
VEEKAYEM,SM,2026-09-18,99.3,102.4,99.1,102.2,102.2,104.3,9000,911999.9999999999,9,,6000.0,66.67,new
VELJAN,BE,2026-09-18,1996.8,2009.0,1931.1,1941.4,1935.0,1978.3,608,1199000.0,96,,,,new
VENKEYS,EQ,2026-09-18,1675.0,1675.0,1616.4,1646.8,1648.0,1655.6,50193,82443000.0,4622,,27906.0,55.6,new
VENTIVE,EQ,2026-09-18,564.55,564.9,555.0,557.35,556.5,561.75,25567,14271000.0,1363,,21172.0,82.81,new
VENUSPIPES,EQ,2026-09-18,2123.1,2309.1,2120.0,2282.9,2263.4,2131.7,1274312,2842339000.0,107748,,340352.0,26.71,new
VENUSREM,BE,2026-09-18,1527.0,1594.9,1527.0,1582.2,1572.1,1549.8,11202,17588000.0,480,,,,new
VERANDA,EQ,2026-09-18,216.98,225.0,212.8,221.76,224.0,214.57,279852,61222000.0,3107,,168648.0,60.26,new
VERTIS,IV,2026-09-18,113.5,114.5,113.5,114.5,114.5,115.0,50000,5700000.0,2,,50000.0,100.0,new
VERTOZ,EQ,2026-09-18,36.72,37.95,36.2,37.04,37.18,37.12,17377,644000.0,370,,10633.0,61.19,new
VESUVIUS,EQ,2026-09-18,402.0,414.3,400.9,405.95,405.0,400.0,129439,52460000.0,5850,,58728.0,45.37,new
VETO,BE,2026-09-18,133.8,139.15,131.15,139.15,139.15,132.53,189474,26099000.0,1144,,,,new
VGCL,EQ,2026-09-18,48.01,50.39,48.0,48.42,48.9,48.01,2553,124000.0,68,,2511.0,98.35,new
VGINFOTECH,SM,2026-09-18,136.5,140.8,136.5,140.1,139.5,137.3,11000,1528000.0,11,,8000.0,72.73,new
VGL,EQ,2026-09-18,66.35,68.01,66.0,66.27,66.3,65.85,45684,3038000.0,277,,24987.0,54.7,new
VGUARD,EQ,2026-09-18,330.0,337.65,323.4,325.4,325.1,330.15,650488,213555000.00000003,16953,,405369.0,62.32,new
VHL,EQ,2026-09-18,3400.0,3426.7,3362.0,3377.1,3366.2,3403.5,287,969999.9999999999,94,,230.0,80.14,new
VHLTD,BE,2026-09-18,125.48,127.99,125.48,126.31,125.81,132.08,90680,11453000.0,219,,,,new
VICTORYEV,SM,2026-09-18,14.9,14.9,14.9,14.9,14.9,14.6,3000,45000.0,1,,3000.0,100.0,new
VIDHIING,EQ,2026-09-18,346.0,350.5,340.0,344.55,346.8,348.3,23643,8198999.999999999,988,,15590.0,65.94,new
VIDYAWIRES,EQ,2026-09-18,85.34,87.39,85.11,86.87,87.1,85.34,527832,45518000.0,4902,,268942.0,50.95,new
VIESL,SM,2026-09-18,395.0,395.0,388.0,393.0,393.0,401.0,3200,1251000.0,4,,2400.0,75.0,new
VIGOR,SM,2026-09-18,99.05,99.05,99.05,99.05,99.05,99.0,1600,158000.0,1,,1600.0,100.0,new
VIJAYA,EQ,2026-09-18,1510.0,1569.0,1491.0,1558.9,1560.0,1506.1,278137,430216000.0,29691,,107263.0,38.56,new
VIJAYPD,SM,2026-09-18,64.0,64.0,63.0,63.0,63.0,63.0,4000,254000.0,2,,2000.0,50.0,new
VIJIFIN,BE,2026-09-18,14.45,15.0,14.45,15.0,15.0,14.71,2801457,41335000.0,1220,,,,new
VIJSOLX,EQ,2026-09-18,638.0,647.95,627.05,631.5,630.0,637.85,282,178000.0,27,,249.0,88.3,new
VIKASECO,EQ,2026-09-18,1.05,1.05,1.04,1.04,1.05,1.04,1026403,1073000.0,757,,677800.0,66.04,new
VIKASLIFE,EQ,2026-09-18,1.22,1.24,1.21,1.21,1.22,1.22,1457205,1777000.0,7590,,788568.0,54.12,new
VIKRAMSOLR,EQ,2026-09-18,164.24,165.91,163.05,165.42,165.68,163.37,864171,142080000.0,9253,,390138.0,45.15,new
VIKRAN,EQ,2026-09-18,56.25,56.68,55.79,56.31,56.48,56.0,526119,29560000.000000004,2952,,230229.0,43.76,new
VILAS,SM,2026-09-18,341.0,376.75,341.0,372.4,370.0,331.6,124750,45014000.0,427,,95250.0,76.35,new
VILINBIO,ST,2026-09-18,59.0,59.0,58.0,58.0,58.0,60.0,8000,468000.0,2,,8000.0,100.0,new
VIMTALABS,EQ,2026-09-18,604.0,610.0,599.05,603.1,604.85,599.6,91341,55166000.0,5653,,40902.0,44.78,new
VINATIORGA,EQ,2026-09-18,1254.0,1255.4,1228.3,1234.9,1240.0,1249.7,178913,221566000.0,8456,,145455.0,81.3,new
VINCOFE,EQ,2026-09-18,173.25,177.73,172.7,174.19,174.6,175.96,1635637,284755000.0,15587,,557920.0,34.11,new
VINDHYATEL,EQ,2026-09-18,2640.0,2687.9,2601.0,2660.0,2674.7,2632.5,35119,93275000.0,5271,,9753.0,27.77,new
VINEETLAB,EQ,2026-09-18,36.9,37.37,35.41,36.78,36.92,35.97,115604,4193000.0,718,,85223.0,73.72,new
VINNY,EQ,2026-09-18,0.99,0.99,0.95,0.96,0.97,0.97,264396,254999.99999999997,198,,191475.0,72.42,new
VINOD,ST,2026-09-18,84.85,84.85,84.85,84.85,84.85,89.3,1200,102000.0,1,,1200.0,100.0,new
VINSYS,ST,2026-09-18,581.0,590.0,577.0,580.0,580.0,582.0,11250,6609999.999999999,14,,9000.0,80.0,new
VINYAS,SM,2026-09-18,1452.5,1471.85,1425.0,1432.35,1430.5,1451.3,3900,5623000.0,38,,2700.0,69.23,new
VINYLINDIA,EQ,2026-09-18,218.7,226.0,214.1,222.68,225.0,214.17,6877,1527000.0,321,,4793.0,69.7,new
VIPCLOTHNG,EQ,2026-09-18,20.73,21.35,20.6,20.8,20.85,20.6,75380,1571000.0,702,,65279.0,86.6,new
VIPIND,EQ,2026-09-18,305.0,310.85,292.35,299.1,300.05,304.25,1206004,359717000.0,20889,,535514.0,44.4,new
VIPULLTD,BE,2026-09-18,12.47,12.47,12.25,12.25,12.25,12.23,217274,2705000.0,97,,,,new
VIRAT,EQ,2026-09-18,394.9,404.8,375.35,390.85,398.95,382.25,11453,4465000.0,773,,4163.0,36.35,new
VIRINCHI,EQ,2026-09-18,13.61,14.5,13.61,14.17,14.23,13.92,62548,872000.0000000001,305,,45512.0,72.76,new
VIRTUALG,BE,2026-09-18,0.49,0.49,0.47,0.47,0.48,0.49,200774,95000.0,151,,,,new
VISACHROME,EQ,2026-09-18,29.11,31.78,28.8,30.09,30.39,30.27,54826,1639999.9999999998,411,,41110.0,74.98,new
VISAKAIND,EQ,2026-09-18,91.0,97.95,91.0,97.36,97.09,90.81,612789,58591000.0,6462,,306324.0,49.99,new
VISAMAN,SM,2026-09-18,41.65,41.65,38.85,38.85,38.85,40.85,2000,81000.0,2,,2000.0,100.0,new
VISDEM,SM,2026-09-18,86.0,94.95,83.0,85.45,85.95,87.6,24000,2067000.0000000002,20,,16800.0,70.0,new
VISHAL,EQ,2026-09-18,18.12,18.49,18.05,18.22,18.15,18.12,14567,267000.0,186,,11986.0,82.28,new
VISHNU,EQ,2026-09-18,715.5,728.0,709.2,722.15,725.0,709.1,81466,58800000.0,4719,,38216.0,46.91,new
VISHNUINFR,SM,2026-09-18,150.0,158.0,149.9,150.55,149.9,156.85,12000,1838000.0,14,,10500.0,87.5,new
VISHWARAJ,EQ,2026-09-18,5.25,5.35,5.25,5.31,5.35,5.25,173856,921000.0000000001,393,,119058.0,68.48,new
VISHWAS,ST,2026-09-18,40.0,40.0,39.8,39.8,39.8,41.85,8000,319000.0,5,,8000.0,100.0,new
VISL,EQ,2026-09-18,32.37,32.37,30.37,30.91,30.87,31.82,23212486,725369000.0,62848,,13726881.0,59.14,new
VITAL,EQ,2026-09-18,57.25,57.25,55.4,55.4,55.99,55.19,4769,266000.0,19,,4670.0,97.92,new
VIVIANA,EQ,2026-09-18,732.15,743.75,711.45,718.8,719.8,724.7,13641,9851000.0,775,,8356.0,61.26,new
VIVIDEL,SM,2026-09-18,1894.0,1915.0,1861.0,1869.3,1862.15,1892.8,12720,24193000.0,52,,8400.0,66.04,new
VIVIDHA,EQ,2026-09-18,0.52,0.53,0.51,0.51,0.52,0.51,328242,171000.0,145,,271772.0,82.8,new
VIVIMEDLAB,BE,2026-09-18,5.71,5.78,5.58,5.58,5.58,5.69,16758,94000.0,30,,,,new
VIVOBIOT,EQ,2026-09-18,17.19,17.19,16.11,16.77,16.79,16.85,7955,132000.0,65,,6779.0,85.22,new
VIYASH,EQ,2026-09-18,245.9,251.15,245.65,249.65,249.9,244.5,1418518,352614000.0,18125,,806483.0,56.85,new
VLEGOV,EQ,2026-09-18,10.25,10.47,10.07,10.19,10.15,10.45,22497,229999.99999999997,319,,15732.0,69.93,new
VLINFRA,SM,2026-09-18,25.95,25.95,25.9,25.9,25.9,26.2,7500,195000.0,4,,7500.0,100.0,new
VLSFINANCE,EQ,2026-09-18,238.0,241.98,237.56,238.2,237.58,239.67,5611,1341000.0,231,,5089.0,90.7,new
VMARCIND,SM,2026-09-18,342.4,349.9,342.4,346.75,347.5,342.35,124500,43148000.0,82,,93000.0,74.7,new
VMART,EQ,2026-09-18,789.75,828.0,781.2,808.15,825.0,790.05,87125,69854000.0,8571,,34516.0,39.62,new
VMM,EQ,2026-09-18,101.24,102.65,100.23,102.65,102.65,101.24,10785733,1093911000.0,46067,,7139718.0,66.2,new
VMOBILE,SM,2026-09-18,60.15,60.2,57.25,60.2,60.2,59.55,6400,379000.0,7,,4800.0,75.0,new
VMSTMT,EQ,2026-09-18,50.5,50.9,47.51,49.64,49.62,50.3,133668,6637000.0,802,,64837.0,48.51,new
VOEPL,EQ,2026-09-18,499.0,510.15,491.55,506.75,508.0,491.95,30038,15163999.999999998,1504,,17626.0,58.68,new
VOGL,EQ,2026-09-18,35.08,35.16,34.01,34.26,34.25,34.83,21433547,736686000.0,67275,,11392697.0,53.15,new
VOITHPAPR,EQ,2026-09-18,1461.2,1475.8,1451.0,1457.5,1457.1,1468.5,161,236000.0,16,,109.0,67.7,new
VOLERCAR,SM,2026-09-18,233.0,233.0,233.0,233.0,233.0,225.0,800,186000.0,1,,800.0,100.0,new
VOLTAMP,EQ,2026-09-18,10798.0,10964.0,10784.0,10879.0,10898.0,10735.0,19415,211211000.0,6740,,9156.0,47.16,new
VOLTAS,EQ,2026-09-18,1136.0,1145.3,1110.9,1110.9,1110.9,1135.0,597381,671702000.0,21120,,426218.0,71.35,new
VPRPL,EQ,2026-09-18,33.78,36.0,32.9,34.72,34.71,33.35,1120320,38738000.0,3603,,258848.0,23.1,new
VRAJ,EQ,2026-09-18,124.0,128.1,123.87,127.74,128.0,123.99,20078,2537000.0,466,,14467.0,72.05,new
VRLLOG,EQ,2026-09-18,286.15,295.0,286.15,293.6,292.05,287.9,140025,40716000.0,4861,,86273.0,61.61,new
VSSL,EQ,2026-09-18,406.95,411.0,397.95,404.7,406.0,406.05,154256,62296000.0,7788,,87423.0,56.67,new
VSTIND,EQ,2026-09-18,206.0,214.7,202.5,208.92,208.4,204.11,257715,53480999.99999999,5877,,101009.0,39.19,new
VSTL,EQ,2026-09-18,114.82,114.82,112.1,113.54,113.6,114.82,5909,668000.0,186,,4714.0,79.78,new
VSTTILLERS,EQ,2026-09-18,4248.2,4322.6,4086.8,4240.0,4254.0,4201.1,17107,71674000.0,4255,,6724.0,39.31,new
VTL,EQ,2026-09-18,558.5,580.5,558.2,578.05,578.05,561.3,361599,205537000.0,17709,,170541.0,47.16,new
VTMLTD,EQ,2026-09-18,48.44,48.44,46.12,47.5,47.5,48.34,35040,1677000.0,376,,25827.0,73.71,new
WAAREEENER,EQ,2026-09-18,2490.1,2560.7,2486.1,2560.7,2560.7,2473.0,1224265,3099787000.0,47013,,717931.0,58.64,new
WAAREEINDO,EQ,2026-09-18,260.1,271.7,253.3,267.95,268.0,258.8,293556,78841000.0,3946,,112599.0,38.36,new
WAAREERTL,EQ,2026-09-18,811.65,825.95,811.65,819.65,820.5,811.05,93649,76670000.0,7794,,45321.0,48.39,new
WABAG,EQ,2026-09-18,2085.0,2148.8,2065.4,2132.6,2140.7,2074.8,535595,1132881000.0,28904,,221076.0,41.28,new
WAKEFIT,EQ,2026-09-18,146.11,148.9,144.6,146.85,146.5,145.59,179739,26201000.0,2879,,83333.0,46.36,new
WALCHANNAG,EQ,2026-09-18,200.0,203.75,198.02,202.71,203.5,199.84,396972,79993000.0,7005,,213818.0,53.86,new
WALPAR,SM,2026-09-18,22.15,22.15,21.3,22.0,22.0,22.4,22000,476000.0,10,,20000.0,90.91,new
WANBURY,EQ,2026-09-18,226.1,228.0,221.25,222.75,223.5,223.65,113160,25385000.0,2855,,44601.0,39.41,new
WARDINMOBI,EQ,2026-09-18,5.77,5.79,5.6,5.72,5.74,5.68,205536,1174000.0,634,,143955.0,70.04,new
WATERBASE,EQ,2026-09-18,45.67,46.9,45.51,45.96,45.92,45.39,12534,576000.0,246,,11682.0,93.2,new
WCIL,EQ,2026-09-18,95.8,99.99,93.95,96.86,95.4,95.21,535857,52376000.0,5019,,254984.0,47.58,new
WEALTH,EQ,2026-09-18,842.1,857.7,830.0,841.55,841.0,842.1,2275,1920000.0,198,,1828.0,80.35,new
WEBELSOLAR,EQ,2026-09-18,72.99,74.49,71.65,72.94,73.05,71.74,1657255,120857000.0,8870,,845240.0,51.0,new
WEIZMANIND,EQ,2026-09-18,71.27,71.5,71.27,71.48,71.5,71.24,282,20000.0,5,,281.0,99.65,new
WEL,EQ,2026-09-18,70.4,72.94,68.01,72.94,72.94,69.47,546636,39129000.0,2567,,352116.0,64.42,new
WELCORP,EQ,2026-09-18,2472.6,2678.7,2472.6,2660.1,2660.0,2460.3,4629365,12092947000.0,195502,,2257421.0,48.76,new
WELENT,EQ,2026-09-18,783.8,837.75,774.65,823.35,820.0,778.7,1675361,1331358000.0,18732,,1111544.0,66.35,new
WELINV,BE,2026-09-18,2286.3,2320.0,2230.6,2320.0,2320.0,2275.0,24,55000.00000000001,7,,,,new
WELSPLSOL,EQ,2026-09-18,53.88,56.23,52.99,55.65,55.73,53.93,558795,30705000.0,5225,,258660.0,46.29,new
WELSPUNLIV,EQ,2026-09-18,212.25,216.0,211.46,214.66,214.02,212.25,3513969,752588000.0,34964,,1616620.0,46.01,new
WENDT,EQ,2026-09-18,8799.0,8945.0,8622.5,8767.5,8711.0,8765.0,16282,142713000.0,4027,,6576.0,40.39,new
WESTLIFE,EQ,2026-09-18,544.2,566.0,544.2,564.4,564.0,549.05,64581,36349000.0,3569,,31705.0,49.09,new
WEWIN,EQ,2026-09-18,43.1,43.1,41.01,43.0,43.1,42.89,3103,133000.0,53,,3004.0,96.81,new
WEWORK,EQ,2026-09-18,682.0,692.55,676.6,681.2,682.15,682.85,191510,130591000.00000001,11267,,116750.0,60.96,new
WHBRADY,EQ,2026-09-18,489.0,489.0,465.3,476.05,473.0,487.0,124,59000.0,34,,111.0,89.52,new
WHEELS,EQ,2026-09-18,2130.0,2235.0,2116.6,2175.7,2178.0,2124.6,311417,676130000.0,24614,,114351.0,36.72,new
WHIRLPOOL,EQ,2026-09-18,727.4,732.1,706.0,717.7,732.0,727.4,1683148,1206939000.0,40173,,849314.0,50.46,new
WILLAMAGOR,EQ,2026-09-18,25.25,25.25,23.41,24.36,24.0,24.11,939,23000.0,68,,769.0,81.9,new
WINDLAS,EQ,2026-09-18,1119.85,1136.6,1104.35,1109.45,1110.2,1117.6,71125,79453000.0,6540,,37377.0,52.55,new
WINDMACHIN,EQ,2026-09-18,300.05,303.2,293.7,300.05,301.0,300.05,137585,41235000.0,1608,,91957.0,66.84,new
WINNY,SM,2026-09-18,32.45,32.45,32.45,32.45,32.45,30.95,1000,32000.0,2,,1000.0,100.0,new
WINSOL,SM,2026-09-18,113.0,113.0,112.75,112.75,112.75,110.7,800,90000.0,2,,800.0,100.0,new
WIPL,EQ,2026-09-18,171.39,171.39,164.7,165.21,166.8,167.18,1593,263000.0,27,,1572.0,98.68,new
WIPRO,EQ,2026-09-18,166.9,166.9,163.3,166.83,166.83,166.4,23606474,3900410000.0,110936,,13771360.0,58.34,new
WOCKPHARMA,EQ,2026-09-18,2072.3,2109.3,2047.3,2086.1,2087.0,2072.3,557349,1160084000.0,34910,,190561.0,34.19,new
WOL3D,SM,2026-09-18,131.0,133.0,131.0,133.0,133.0,135.0,3000,395000.0,3,,3000.0,100.0,new
WOMANCART,ST,2026-09-18,104.2,106.05,103.8,106.05,106.05,101.0,24000,2533000.0,56,,21200.0,88.33,new
WONDERLA,EQ,2026-09-18,516.65,529.8,516.05,527.85,525.0,516.65,72202,37954000.0,3225,,49001.0,67.87,new
WORTHPERI,EQ,2026-09-18,144.21,155.0,144.21,147.52,147.1,146.27,6705,994999.9999999999,134,,5234.0,78.06,new
WPIL,EQ,2026-09-18,444.6,445.0,430.5,433.7,432.15,442.4,38917,16889000.0,2095,,23384.0,60.09,new
WSI,EQ,2026-09-18,58.79,58.79,57.02,58.59,58.67,56.6,15648,910000.0,270,,12204.0,77.99,new
WSTCSTPAPR,EQ,2026-09-18,716.0,772.0,713.95,768.3,768.8,716.45,592182,443500000.0,27644,,341261.0,57.63,new
WTICAB,SM,2026-09-18,102.5,103.95,102.5,103.45,103.3,101.75,5000,517000.0,9,,5000.0,100.0,new
XCHANGING,EQ,2026-09-18,62.4,62.95,61.65,62.16,62.91,61.8,62678,3884000.0000000005,724,,32462.0,51.79,new
XELPMOC,EQ,2026-09-18,75.99,75.99,73.1,74.39,74.7,74.08,4134,307000.0,205,,2613.0,63.21,new
XPROINDIA,EQ,2026-09-18,1231.0,1251.2,1213.0,1223.0,1218.9,1236.1,20472,25170000.0,1770,,11616.0,56.74,new
XTGLOBAL,EQ,2026-09-18,29.45,30.0,28.6,29.54,29.65,29.45,27319,805000.0000000001,178,,21960.0,80.38,new
XTRANET,EQ,2026-09-18,305.49,330.0,303.11,312.16,311.0,302.42,2792260,881978000.0000001,52894,,522630.0,18.72,new
YAAP,SM,2026-09-18,127.6,128.2,125.25,126.3,126.5,125.1,13000,1651000.0000000002,13,,9000.0,69.23,new
YASHO,EQ,2026-09-18,4003.0,4065.0,3970.0,4002.0,4009.9,4003.0,16899,67734000.0,3625,,8459.0,50.06,new
YASHOPTICS,SM,2026-09-18,136.0,136.0,129.55,133.9,129.55,132.0,27200,3636999.9999999995,24,,24800.0,91.18,new
YATHARTH,EQ,2026-09-18,1098.0,1184.0,1082.4,1139.5,1134.0,1072.4,6484052,7388500999.999999,238220,,923768.0,14.25,new
YATRA,EQ,2026-09-18,103.7,106.5,103.7,104.83,104.43,104.16,437182,46014000.0,3851,,200520.0,45.87,new
YCCL,SM,2026-09-18,8.55,8.55,8.55,8.55,8.55,8.4,3000,26000.0,1,,3000.0,100.0,new
YESBANK,EQ,2026-09-18,23.2,23.38,22.72,22.72,22.72,23.13,73563796,1693929000.0,93303,,48081227.0,65.36,new
YOGI,EQ,2026-09-18,163.99,164.0,163.9,163.98,164.0,163.0,15,2000.0,7,,13.0,86.67,new
YUDIZ,SM,2026-09-18,22.0,23.1,22.0,23.1,23.1,22.05,1600,36000.0,2,,1600.0,100.0,new
YUKEN,EQ,2026-09-18,1123.1,1149.0,1078.4,1139.2,1127.0,1123.1,26377,29444000.0,3368,,11108.0,42.11,new
ZAGGLE,EQ,2026-09-18,181.24,182.24,177.25,178.56,178.5,181.38,983830,176462000.0,11828,,391971.0,39.84,new
ZEAL,SM,2026-09-18,75.3,82.5,75.3,80.0,80.0,75.0,7200,585000.0,12,,4200.0,58.33,new
ZEEL,EQ,2026-09-18,78.31,79.97,76.76,78.62,78.79,78.31,21977996,1719636000.0,73084,,6726853.0,30.61,new
ZEELEARN,EQ,2026-09-18,7.3,7.3,6.6,6.86,6.8,6.85,361589,2458000.0,899,,259320.0,71.72,new
ZEEMEDIA,EQ,2026-09-18,7.3,7.44,7.29,7.32,7.35,7.4,1273163,9362000.0,1184,,865040.0,67.94,new
ZENITHDRUG,SM,2026-09-18,43.5,44.05,43.25,43.25,43.25,43.45,4000,175000.0,5,,2400.0,60.0,new
ZENITHEXPO,EQ,2026-09-18,196.95,203.95,196.95,203.95,203.95,196.95,2,0.0,2,,1.0,50.0,new
ZENITHSTL,EQ,2026-09-18,5.48,5.69,5.48,5.58,5.63,5.56,27022,152000.0,218,,19530.0,72.27,new
ZENSARTECH,EQ,2026-09-18,442.4,443.85,433.0,436.45,437.0,441.85,1100244,479908000.0,21028,,368680.0,33.51,new
ZENTEC,EQ,2026-09-18,1690.0,1706.0,1680.0,1687.4,1682.0,1681.7,196201,331592000.0,15696,,93922.0,47.87,new
ZFCVINDIA,EQ,2026-09-18,2450.0,2451.4,2361.0,2387.0,2378.0,2445.2,351520,843275000.0,35683,,258202.0,73.45,new
ZFSTEERING,EQ,2026-09-18,689.0,704.7,685.8,697.85,696.5,694.6,3521,2454000.0,306,,1773.0,50.36,new
ZIMLAB,EQ,2026-09-18,137.77,139.79,130.2,135.51,133.35,137.92,127424,17097000.0,1991,,68759.0,53.96,new
ZODIAC,EQ,2026-09-18,226.5,226.5,220.1,222.25,221.85,220.25,6000,1332000.0,495,,3807.0,63.45,new
ZODIACLOTH,EQ,2026-09-18,69.12,70.88,69.1,69.52,69.52,69.1,674,47000.0,23,,619.0,91.84,new
ZOTA,EQ,2026-09-18,1124.9,1155.0,1124.9,1144.5,1140.0,1118.8,56557,64653000.0,3191,,40926.0,72.36,new
ZSARACOM,EQ,2026-09-18,10400.0,10400.0,10400.0,10400.0,10400.0,10338.0,4,42000.0,4,,4.0,100.0,new
ZTECH,SM,2026-09-18,397.0,415.0,393.0,412.25,415.0,406.85,20100,8137000.0,62,,13800.0,68.66,new
ZUARI,EQ,2026-09-18,216.05,221.35,215.45,220.77,220.5,216.03,66310,14496000.0,2326,,36171.0,54.55,new
ZUARIIND,EQ,2026-09-18,262.15,265.0,257.05,262.45,260.35,259.3,26424,6879000.000000001,1041,,13144.0,49.74,new
ZYDUSLIFE,EQ,2026-09-18,1150.7,1167.3,1147.7,1160.0,1160.0,1135.1,2789186,3228915000.0,56206,,1330491.0,47.7,new
ZYDUSWELL,EQ,2026-09-18,548.0,552.9,512.0,522.25,528.0,546.15,723768,381392000.0,43609,,217161.0,30.0,new
