SYMBOL,SERIES,DATE,OPEN,HIGH,LOW,CLOSE,LAST,PREV_CLOSE,VOLUME,TURNOVER,TRADES,ISIN,DELIV_QTY,DELIV_PER,SOURCE
20MICRONS, EQ,2026-09-29,212.16,216.45,209.02,212.8,211.2,212.94,54062,11514000.0,2439,,24068.0,44.52,new
21STCENMGM, EQ,2026-09-29,39.64,39.64,38.85,39.37,39.64,39.64,2715,107000.0,25,,2665.0,98.16,new
360ONE, EQ,2026-09-29,1040.0,1052.1,1019.4,1029.2,1029.2,1045.0,2488489,2580785000.0,80383,,1291145.0,51.88,new
3BBLACKBIO, EQ,2026-09-29,1575.1,1635.0,1532.9,1622.7,1622.5,1584.8,31539,50332000.0,4051,,13250.0,42.01,new
3IINFOLTD, BE,2026-09-29,23.56,23.83,22.8,23.36,23.5,23.99,166913,3867000.0,739,,,,new
3MINDIA, EQ,2026-09-29,33200.0,33400.0,31600.0,31890.0,31915.0,33415.0,29335,939649000.0,12412,,18957.0,64.62,new
3PLAND, EQ,2026-09-29,32.48,32.48,30.05,31.87,31.87,30.83,294,9000.0,39,,269.0,91.5,new
574GS2026, GS,2026-09-29,99.03,102.49,99.03,101.61,101.61,101.57,186,19000.0,5,,171.0,91.94,new
5PAISA, EQ,2026-09-29,303.05,307.45,301.0,304.9,302.0,305.15,13569,4136999.9999999995,880,,8301.0,61.18,new
601GS2030, GS,2026-09-29,98.0,98.0,98.0,98.0,98.0,97.74,500,49000.0,1,,500.0,100.0,new
603GS2029, GS,2026-09-29,99.25,99.25,99.25,99.25,99.25,99.25,100,10000.0,1,,100.0,100.0,new
610GS2031, GS,2026-09-29,97.0,97.0,97.0,97.0,97.0,97.05,1,0.0,1,,1.0,100.0,new
620GS2029, GS,2026-09-29,99.5,99.5,98.29,98.29,98.29,99.0,500,49000.0,2,,500.0,100.0,new
633GS2035, GS,2026-09-29,96.57,96.57,96.57,96.57,96.57,101.0,500,48000.0,1,,500.0,100.0,new
636GS2031, GS,2026-09-29,99.5,99.5,98.01,98.01,98.01,98.5,101,10000.0,2,,100.0,99.01,new
63MOONS, EQ,2026-09-29,818.8,827.4,803.95,810.8,809.25,818.6,195169,158939000.0,8832,,79462.0,40.71,new
648GS2035, GS,2026-09-29,98.9,98.9,97.25,97.31,97.31,98.9,1350,132000.0,4,,1350.0,100.0,new
653GS2031, GS,2026-09-29,96.06,98.02,96.06,97.75,97.75,98.02,2201,215000.0,5,,2201.0,100.0,new
654GS2032, GS,2026-09-29,98.4,98.4,98.4,98.4,98.4,98.7,25000,2460000.0,1,,25000.0,100.0,new
667GS2050, GS,2026-09-29,91.25,93.5,91.25,92.37,93.5,89.45,24,2000.0,4,,12.0,50.0,new
668GS2033, GS,2026-09-29,98.8,98.8,97.78,97.78,97.78,98.8,4700,459999.99999999994,7,,4700.0,100.0,new
668GS2040, GS,2026-09-29,98.0,98.01,98.0,98.0,98.0,98.0,86695,8496000.0,6,,86695.0,100.0,new
676GS2061, GS,2026-09-29,89.68,91.0,89.5,89.5,89.5,89.38,33169,2978000.0,42,,32727.0,98.67,new
679GS2034, GS,2026-09-29,99.8,100.0,99.7,100.0,100.0,101.5,11000,1100000.0,3,,11000.0,100.0,new
679GS2034A, GS,2026-09-29,96.39,99.21,96.39,99.21,99.21,97.03,201,19000.0,3,,201.0,100.0,new
68GS2060, GS,2026-09-29,92.2,92.2,91.15,91.15,91.15,91.45,37152,3390000.0,21,,37152.0,100.0,new
690GS2065, GS,2026-09-29,93.6,93.6,92.5,93.0,93.0,92.89,117958,10913000.0,21,,116551.0,98.81,new
694GS2036, GS,2026-09-29,101.25,102.24,101.25,101.87,101.87,102.98,3101,315000.0,33,,2901.0,93.55,new
695GS2061, GS,2026-09-29,93.0,93.0,92.9,93.0,93.0,93.24,799,74000.0,12,,799.0,100.0,new
698GR2054, GS,2026-09-29,91.8,93.95,91.8,93.95,93.95,91.75,175,16000.0,3,,100.0,57.14,new
699GS2051, GS,2026-09-29,96.68,96.7,96.35,96.35,96.35,93.5,539,52000.0,5,,539.0,100.0,new
702GS2031, GS,2026-09-29,101.13,101.13,101.13,101.13,101.13,101.39,100,10000.0,1,,100.0,100.0,new
706GS2028, GS,2026-09-29,103.29,103.75,103.29,103.75,103.75,103.6,7180,743000.0,6,,7180.0,100.0,new
709GS2054, GS,2026-09-29,94.5,95.74,94.5,95.49,95.49,94.5,1842,175000.0,9,,1543.0,83.77,new
709GS2074, GS,2026-09-29,95.0,95.0,94.12,94.85,94.89,94.8,26685,2528000.0,36,,23279.0,87.24,new
710GS2029, GS,2026-09-29,103.06,104.0,103.06,103.5,103.5,104.52,29440,3054000.0,14,,29230.0,99.29,new
717GS2030, GS,2026-09-29,102.01,103.7,102.01,103.7,103.7,104.26,3002,308000.0,4,,3002.0,100.0,new
718GS2033, GS,2026-09-29,102.0,102.0,100.5,102.0,102.0,103.4,157103,15850000.0,15,,157103.0,100.0,new
718GS2037, GS,2026-09-29,102.84,102.84,101.5,101.5,101.5,101.72,10012,1016000.0,10,,10010.0,99.98,new
719GS2060, GS,2026-09-29,94.0,94.0,94.0,94.0,94.0,95.0,480,45000.0,8,,480.0,100.0,new
723GS2039, GS,2026-09-29,101.5,103.0,101.5,103.0,103.0,101.5,400,41000.0,2,,200.0,50.0,new
724GS2055, GS,2026-09-29,94.35,97.09,94.35,96.07,96.39,96.2,24647,2365000.0,63,,23013.0,93.37,new
725GS2063, GS,2026-09-29,96.51,96.51,95.79,96.08,96.25,96.45,196504,18874000.0,128,,183403.0,93.33,new
726GS2032, GS,2026-09-29,100.44,101.5,100.44,101.05,101.0,101.97,162921,16366999.999999998,16,,161511.0,99.13,new
726GS2033, GS,2026-09-29,101.2,101.2,101.2,101.2,101.2,101.1,2000,202000.0,1,,2000.0,100.0,new
732GS2030, GS,2026-09-29,103.35,104.0,103.35,104.0,104.0,103.5,800,83000.0,2,,400.0,50.0,new
733GS2026, GS,2026-09-29,102.56,103.13,102.56,102.7,102.71,102.55,3485,358000.0,20,,3185.0,91.39,new
734GS2064, GS,2026-09-29,98.54,98.57,98.0,98.43,98.49,98.34,24037,2362000.0,38,,23141.0,96.27,new
736GS2052, GS,2026-09-29,97.7,98.45,97.2,98.45,98.45,98.0,5582,545000.0,8,,5582.0,100.0,new
737GS2028, GS,2026-09-29,104.3,104.4,104.2,104.31,104.31,104.39,5653,590000.0,6,,5653.0,100.0,new
738GS2027, GS,2026-09-29,102.6,103.0,102.25,102.4,102.44,102.32,50432,5163000.0,29,,46098.0,91.41,new
73GS2053, GS,2026-09-29,97.99,97.99,96.35,97.55,97.55,97.99,91022,8880000.0,59,,91022.0,100.0,new
740IIFCL33, N1,2026-09-29,1171.0,1171.0,1171.0,1171.0,1171.0,1160.0,500,586000.0,1,,500.0,100.0,new
741GS2036, GS,2026-09-29,103.78,103.85,102.2,102.33,103.85,104.1,6434,659000.0,7,,6301.0,97.93,new
743GS2076, GS,2026-09-29,98.94,98.94,98.5,98.7,98.7,98.59,499753,49306000.0,135,,499702.0,99.99,new
746GS2073, GS,2026-09-29,100.63,101.35,100.0,100.0,100.0,101.65,3136,315000.0,13,,3136.0,100.0,new
74GS2062, GS,2026-09-29,99.9,99.9,99.0,99.0,99.0,98.0,802,79000.0,3,,802.0,100.0,new
754GS2036, GS,2026-09-29,104.7,105.15,102.0,104.76,104.94,104.65,1065988,111698000.0,244,,964945.0,90.52,new
75GS2034, GS,2026-09-29,103.96,103.96,103.96,103.96,103.96,103.96,4000,416000.0,1,,4000.0,100.0,new
763GS2056, GS,2026-09-29,99.99,100.65,99.99,100.6,100.65,100.5,16412,1650000.0,8,,16412.0,100.0,new
771GS2066, GS,2026-09-29,103.0,104.0,103.0,103.97,104.0,103.99,27581,2867000.0,17,,27581.0,100.0,new
795GS2032, GS,2026-09-29,104.11,104.11,104.11,104.11,104.11,104.13,400,42000.0,2,,400.0,100.0,new
824GS2027, GS,2026-09-29,102.4,102.4,102.4,102.4,102.4,103.4,1,0.0,1,,1.0,100.0,new
83GS2042, GS,2026-09-29,105.93,107.0,105.93,107.0,107.0,107.6,200,21000.0,2,,100.0,50.0,new
897GS2030, GS,2026-09-29,111.51,115.98,111.51,115.98,115.98,113.0,101,11000.0,2,,100.0,99.01,new
92GS2030, GS,2026-09-29,112.2,112.2,109.12,110.2,110.69,114.58,47002,5220000.0,48,,46440.0,98.8,new
A2ZINFRA, EQ,2026-09-29,14.29,14.66,14.29,14.51,14.64,14.66,150724,2170000.0,516,,79029.0,52.43,new
AAATECH, EQ,2026-09-29,99.4,100.7,97.06,99.94,100.35,99.53,304150,29987000.0,1042,,288196.0,94.75,new
AADHARHFC, EQ,2026-09-29,435.1,443.95,427.3,432.5,432.0,436.95,376339,162300000.0,16778,,235814.0,62.66,new
AAKAAR, SM,2026-09-29,67.0,67.0,67.0,67.0,67.0,67.0,3200,214000.0,2,,3200.0,100.0,new
AAKASH, EQ,2026-09-29,8.62,8.99,8.51,8.59,8.6,8.8,56400,488999.99999999994,293,,51165.0,90.72,new
AARADHYA, ST,2026-09-29,128.05,128.05,128.05,128.05,128.05,132.1,1200,154000.0,1,,1200.0,100.0,new
AAREYDRUGS, EQ,2026-09-29,99.53,101.69,97.24,99.92,100.0,99.53,131399,13091999.999999998,985,,102750.0,78.2,new
AARNAV, BE,2026-09-29,34.25,35.94,34.0,35.16,35.88,35.28,18763,652000.0,80,,,,new
AARON, EQ,2026-09-29,122.0,124.0,119.15,122.01,123.0,121.62,6277,762000.0,308,,3118.0,49.67,new
AARTECH, BE,2026-09-29,51.0,51.0,50.01,50.01,50.45,51.22,27571,1387000.0,102,,,,new
AARTIDRUGS, EQ,2026-09-29,427.5,444.0,422.05,428.6,428.0,429.65,570194,245876000.00000003,18988,,246988.0,43.32,new
AARTIIND, EQ,2026-09-29,475.0,482.9,468.0,469.9,471.5,476.6,392844,186825000.0,20373,,183419.0,46.69,new
AARTIPHARM, EQ,2026-09-29,912.0,985.05,906.2,972.8,982.0,914.0,812673,774399000.0,42698,,330618.0,40.68,new
AARTISURF, BE,2026-09-29,492.0,498.9,475.2,489.2,488.6,499.25,12901,6259000.0,349,,,,new
AARVI, EQ,2026-09-29,135.0,138.0,135.0,136.21,136.1,135.74,8359,1139000.0,289,,5450.0,65.2,new
AASTHA, EQ,2026-09-29,38.71,38.71,36.61,37.53,37.41,39.3,689221,25745999.999999996,5152,,297763.0,43.2,new
AATMAJ, SM,2026-09-29,20.45,20.45,20.45,20.45,20.45,20.45,4000,82000.0,2,,2000.0,50.0,new
AAVAS, EQ,2026-09-29,1277.1,1282.4,1233.6,1248.4,1247.8,1282.4,63420,79691000.0,16293,,37844.0,59.67,new
ABAN, BE,2026-09-29,14.35,14.35,14.03,14.35,14.35,14.07,44023,632000.0,115,,,,new
ABANSENT, EQ,2026-09-29,27.3,27.3,26.13,26.87,26.94,26.84,4321,115999.99999999999,145,,2734.0,63.27,new
ABB, EQ,2026-09-29,6950.0,6953.0,6660.5,6660.5,6660.5,6972.5,213768,1463668000.0,28859,,104538.0,48.9,new
ABBOTINDIA, EQ,2026-09-29,26735.0,27850.0,26650.0,27270.0,27310.0,26740.0,20582,564313000.0,10394,,6839.0,33.23,new
ABCAPITAL, EQ,2026-09-29,381.0,383.0,376.05,378.0,378.0,382.7,4503197,1708933000.0000002,57438,,2765396.0,61.41,new
ABCOTS, EQ,2026-09-29,203.9,203.9,190.4,198.84,199.0,200.15,13070,2598000.0,465,,10989.0,84.08,new
ABDL, EQ,2026-09-29,719.85,726.9,706.4,716.5,718.15,723.45,510230,365746000.0,24635,,179478.0,35.18,new
ABFRL, EQ,2026-09-29,47.59,47.72,46.0,46.24,46.23,47.59,12856547,598892000.0,41408,,6909597.0,53.74,new
ABGSEC, EQ,2026-09-29,112.91,113.36,112.91,112.92,112.92,113.85,59,7000.000000000001,7,,57.0,96.61,new
ABH, SM,2026-09-29,45.0,45.0,42.25,42.4,42.25,44.45,56400,2444000.0,42,,45600.0,80.85,new
ABHAPOWER, SM,2026-09-29,23.1,23.1,22.9,23.1,23.1,23.4,20800,479000.0,13,,14400.0,69.23,new
ABINFRA, BE,2026-09-29,12.03,12.6,12.01,12.5,12.5,12.38,396091,4919000.0,272,,,,new
ABLBL, EQ,2026-09-29,77.13,84.43,75.06,76.98,76.2,77.17,32556815,2629103000.0,137960,,5482932.0,16.84,new
ABMINTLLTD, BE,2026-09-29,45.2,45.2,45.2,45.2,45.2,45.2,25,1000.0,1,,,,new
ABMKNO, EQ,2026-09-29,170.0,174.95,165.13,168.59,168.3,175.13,361,61000.0,47,,249.0,68.98,new
ABREL, EQ,2026-09-29,1192.1,1194.7,1155.6,1160.6,1161.9,1191.5,170053,199255000.0,18022,,85196.0,50.1,new
ABSL10BANK, EQ,2026-09-29,157.3,165.0,154.62,160.58,160.56,161.91,25520,4085000.0,494,,10170.0,39.85,new
ABSLAMC, EQ,2026-09-29,984.0,999.9,950.3,955.9,957.1,987.7,167070,160972000.0,20692,,108092.0,64.7,new
ABSLBANETF, EQ,2026-09-29,54.58,56.58,54.58,55.83,55.87,55.98,170695,9455000.0,320,,146962.0,86.1,new
ABSLLIQUID, EQ,2026-09-29,999.99,1000.01,999.99,999.99,999.99,1000.0,1096,1096000.0,13,,416.0,37.96,new
ABSLMSCIN, EQ,2026-09-29,28.01,28.37,27.93,28.21,28.37,28.15,60,2000.0,6,,60.0,100.0,new
ABSLNN50ET, EQ,2026-09-29,74.47,75.53,72.83,74.11,74.16,74.47,30606,2267000.0,227,,29307.0,95.76,new
ABSLPSE, EQ,2026-09-29,10.01,10.01,9.69,9.82,9.84,9.81,113339,1110000.0,506,,48747.0,43.01,new
ABSMARINE, SM,2026-09-29,321.0,325.9,313.0,318.35,318.0,323.0,40500,12924000.0,77,,28000.0,69.14,new
ACC, EQ,2026-09-29,1215.5,1224.5,1188.1,1202.6,1200.0,1213.5,731645,878851000.0,45637,,460648.0,62.96,new
ACCELYA, EQ,2026-09-29,1099.0,1108.7,1085.0,1095.4,1097.7,1099.9,9213,10094000.0,1100,,6150.0,66.75,new
ACCENTMIC, SM,2026-09-29,683.95,683.95,671.3,674.0,673.4,676.85,16000,10828000.0,29,,11000.0,68.75,new
ACCPL, ST,2026-09-29,202.25,210.95,202.25,210.95,210.95,202.25,2400,496000.0,2,,2400.0,100.0,new
ACCURACY, BE,2026-09-29,4.3,4.32,4.12,4.25,4.27,4.3,36760,155000.0,127,,,,new
ACE, EQ,2026-09-29,1205.0,1229.7,1199.0,1205.8,1202.0,1212.9,232653,282654000.0,24035,,115693.0,49.73,new
ACEINTEG, EQ,2026-09-29,16.7,16.95,16.1,16.4,16.24,17.02,3269,54000.0,120,,2309.0,70.63,new
ACETEC, SM,2026-09-29,145.0,145.0,145.0,145.0,145.0,145.0,3600,522000.0,3,,3600.0,100.0,new
ACGL, EQ,2026-09-29,1684.0,1696.9,1619.9,1633.5,1630.0,1695.9,2291,3761000.0,380,,1702.0,74.29,new
ACI, EQ,2026-09-29,484.45,497.2,480.0,490.6,490.0,482.75,529773,259388000.0,14594,,398830.0,75.28,new
ACL, EQ,2026-09-29,40.78,40.78,38.4,39.56,39.96,39.94,25165,990000.0,542,,15210.0,60.44,new
ACMESOLAR, EQ,2026-09-29,438.95,440.8,427.9,437.95,438.2,437.9,1067318,465645000.0,43580,,491966.0,46.09,new
ACSTECH, BE,2026-09-29,81.05,81.05,81.05,81.05,81.05,82.7,30733,2491000.0,82,,,,new
ACUTAAS, EQ,2026-09-29,3290.0,3340.0,3202.1,3304.1,3317.9,3214.4,999485,3283476000.0,102113,,475122.0,47.54,new
ADANIENSOL, EQ,2026-09-29,1287.8,1328.0,1275.2,1305.8,1305.8,1287.9,2592098,3386480000.0000005,77892,,1388358.0,53.56,new
ADANIENT, EQ,2026-09-29,2834.6,2972.9,2793.7,2972.9,2972.9,2831.1,4062231,11856774000.0,78392,,2751041.0,67.72,new
ADANIGREEN, EQ,2026-09-29,1235.0,1260.0,1223.6,1260.0,1260.0,1235.0,1615165,2007641000.0,41843,,666710.0,41.28,new
ADANIPORTS, EQ,2026-09-29,1755.2,1822.0,1738.4,1822.0,1822.0,1743.7,4214197,7526739999.999999,83603,,2982330.0,70.77,new
ADANIPOWER, EQ,2026-09-29,196.3,199.84,192.45,196.3,196.3,196.14,33801685,6642970000.0,133196,,16600259.0,49.11,new
ADDICTIVE, ST,2026-09-29,42.25,44.0,42.25,43.2,43.2,44.0,7000,303000.0,11,,6500.0,92.86,new
ADDIND, EQ,2026-09-29,80.0,82.0,76.99,78.4,78.4,77.5,2807,221000.0,42,,2565.0,91.38,new
ADFFOODS, EQ,2026-09-29,265.0,270.25,261.5,268.3,270.25,266.6,67714,18002000.0,2220,,36929.0,54.54,new
ADISOFT, SM,2026-09-29,264.0,266.0,248.75,260.15,258.0,264.6,93600,24074000.0,105,,64800.0,69.23,new
ADL, EQ,2026-09-29,77.0,77.0,68.4,70.0,70.0,72.17,52,4000.0,14,,41.0,78.85,new
ADOR, EQ,2026-09-29,1620.3,1631.0,1592.2,1612.0,1606.1,1611.7,30103,48699000.0,3438,,13656.0,45.36,new
ADROITINFO, EQ,2026-09-29,13.98,14.97,13.25,14.23,14.25,13.51,767644,11032000.0,2662,,465704.0,60.67,new
ADSL, EQ,2026-09-29,114.0,114.3,108.27,109.99,109.19,116.66,594717,65680999.99999999,10425,,182180.0,30.63,new
ADVAIT, EQ,2026-09-29,1862.0,1911.0,1838.0,1903.6,1909.0,1867.4,40598,76297000.0,6970,,19378.0,47.73,new
ADVANCE, EQ,2026-09-29,123.77,123.78,119.51,120.19,120.65,121.5,115011,13888000.0,2103,,58302.0,50.69,new
ADVANIHOTR, EQ,2026-09-29,48.79,48.79,47.01,47.4,47.31,48.13,24199,1148000.0,650,,20058.0,82.89,new
ADVENTHTL, EQ,2026-09-29,124.5,127.39,121.0,124.7,125.25,124.62,135289,16805000.0,3295,,59566.0,44.03,new
ADVENZYMES, EQ,2026-09-29,285.05,286.95,279.75,282.15,283.3,283.15,204966,57917999.99999999,7226,,116546.0,56.86,new
ADVIKCA, EQ,2026-09-29,0.96,0.99,0.96,0.97,0.98,0.97,226781,221000.0,219,,177717.0,78.37,new
AEGISLOG, EQ,2026-09-29,1308.1,1342.5,1279.8,1299.8,1309.9,1308.1,563303,737645000.0,44091,,258895.0,45.96,new
AEGISVOPAK, EQ,2026-09-29,298.0,298.0,288.1,294.25,292.7,298.55,869693,254694999.99999997,24742,,348172.0,40.03,new
AEPL, EQ,2026-09-29,15.3,15.49,14.4,14.72,14.63,15.14,13148,196000.0,168,,10572.0,80.41,new
AEQUS, EQ,2026-09-29,260.0,273.0,249.03,271.63,271.74,260.1,11417115,2994557000.0,106266,,3989690.0,34.94,new
AEROENTER, EQ,2026-09-29,121.7,126.0,118.81,124.7,126.0,121.66,382082,47096000.0,6585,,140486.0,36.77,new
AEROFLEX, EQ,2026-09-29,511.3,543.65,508.1,539.6,539.6,513.4,1421036,753913000.0,36693,,602509.0,42.4,new
AERON, SM,2026-09-29,82.05,84.9,80.6,83.0,83.0,84.5,7000,578000.0,6,,4000.0,57.14,new
AERONEU, EQ,2026-09-29,75.0,75.0,72.21,72.98,72.65,75.18,31159,2290000.0,929,,20949.0,67.23,new
AEROPLANE, EQ,2026-09-29,200.05,204.78,195.32,202.08,201.35,201.09,702329,140719000.0,6426,,399556.0,56.89,new
AESTHETIK, SM,2026-09-29,65.8,65.8,65.1,65.1,65.1,65.8,2000,131000.0,2,,2000.0,100.0,new
AETHER, EQ,2026-09-29,1746.9,1773.7,1707.0,1749.9,1747.9,1739.2,521059,906874000.0,44093,,243718.0,46.77,new
AFCONS, EQ,2026-09-29,253.0,253.05,244.9,245.1,245.0,251.65,562757,139024000.0,14559,,281141.0,49.96,new
AFFLE, EQ,2026-09-29,1542.2,1548.4,1494.5,1501.0,1504.9,1548.4,193607,291960000.0,24607,,110414.0,57.03,new
AFFORDABLE, EQ,2026-09-29,165.12,175.4,165.12,173.52,171.1,170.74,15470,2643000.0,800,,7391.0,47.78,new
AFIL, EQ,2026-09-29,7.91,8.1,7.49,7.85,7.89,7.89,1137489,8817000.0,1103,,734431.0,64.57,new
AFSL, EQ,2026-09-29,201.0,202.5,201.0,201.04,201.0,201.0,4509,907000.0,121,,3124.0,69.28,new
AGARIND, EQ,2026-09-29,398.35,400.0,389.1,391.2,391.8,397.15,24191,9535000.0,1352,,11775.0,48.68,new
AGARWALEYE, EQ,2026-09-29,501.95,501.95,488.25,495.25,498.0,503.6,606157,299623000.0,25050,,256873.0,42.38,new
AGARWALTUF, SM,2026-09-29,155.1,170.0,155.0,169.6,169.7,157.1,190800,31758000.0,98,,94800.0,49.69,new
AGASTYAEN, BE,2026-09-29,69.57,69.57,69.57,69.57,69.57,70.98,30063,2091000.0,59,,,,new
AGI, EQ,2026-09-29,804.8,808.4,781.1,792.9,792.0,804.8,100537,79530000.0,8854,,47641.0,47.39,new
AGIIL, EQ,2026-09-29,277.55,279.9,263.35,264.85,264.5,271.6,706302,190664000.0,11671,,173756.0,24.6,new
AGL, EQ,2026-09-29,13.19,13.35,12.8,13.19,13.05,13.21,1032031,13507000.0,2384,,561871.0,54.44,new
AGNI, SM,2026-09-29,15.0,15.75,15.0,15.65,15.65,15.2,10000,155000.0,4,,7500.0,75.0,new
AGRITECH, EQ,2026-09-29,95.0,95.4,92.5,93.19,93.99,93.99,2513,235000.0,91,,1554.0,61.84,new
AGROPHOS, EQ,2026-09-29,23.51,24.04,23.47,23.96,23.96,23.95,4890,115999.99999999999,103,,3275.0,66.97,new
AGSTRA, BZ,2026-09-29,2.64,2.64,2.64,2.64,2.64,2.52,134862,356000.0,113,,,,new
AHCL, EQ,2026-09-29,36.39,36.39,35.5,36.39,36.39,34.66,9537815,346880000.0,3133,,5919587.0,62.06,new
AHLADA, EQ,2026-09-29,38.57,38.57,37.06,37.15,37.06,38.57,7808,292000.0,115,,6081.0,77.88,new
AHLEAST, EQ,2026-09-29,134.4,137.39,134.25,134.54,134.55,136.14,251,34000.0,11,,151.0,60.16,new
AHLUCONT, EQ,2026-09-29,568.05,572.1,544.1,551.55,553.7,572.4,238960,132424000.0,13556,,120886.0,50.59,new
AHLWEST, BE,2026-09-29,510.0,544.8,510.0,529.0,529.0,520.05,918,486000.00000000006,10,,,,new
AIAENG, EQ,2026-09-29,3850.0,3859.5,3805.0,3835.7,3843.1,3841.4,36731,140907000.0,12707,,24270.0,66.07,new
AIIL, EQ,2026-09-29,548.25,556.0,536.9,541.8,541.8,548.25,167804,91451000.0,13162,,77138.0,45.97,new
AIMTRON, SM,2026-09-29,1802.0,1888.0,1775.0,1873.4,1882.0,1801.6,48600,89429000.0,219,,29400.0,60.49,new
AIRAN, EQ,2026-09-29,16.88,16.88,16.0,16.4,16.56,16.69,52427,852999.9999999999,441,,39758.0,75.83,new
AIROLAM, EQ,2026-09-29,90.25,91.0,88.79,89.06,90.98,88.79,165,15000.0,17,,153.0,92.73,new
AISL, SM,2026-09-29,60.4,60.7,60.0,60.7,60.7,57.85,4800,290000.0,7,,4800.0,100.0,new
AJANTPHARM, EQ,2026-09-29,3524.9,3589.0,3500.0,3557.5,3545.0,3525.2,85009,301907000.0,18485,,40379.0,47.5,new
AJAXENGG, EQ,2026-09-29,600.0,602.5,578.95,591.65,586.25,589.9,88197,51959000.0,6062,,47660.0,54.04,new
AJMERA, EQ,2026-09-29,118.74,121.0,114.61,120.16,119.69,119.62,237553,28008000.0,4172,,103123.0,43.41,new
AJOONI, EQ,2026-09-29,3.16,3.16,3.11,3.14,3.16,3.14,112283,351000.0,351,,87016.0,77.5,new
AKANKSHA, SM,2026-09-29,167.65,167.65,160.0,167.6,167.65,159.7,86000,14230000.000000002,78,,65000.0,75.58,new
AKASH, EQ,2026-09-29,24.55,25.5,24.5,25.32,25.43,25.02,5273,132000.0,54,,3912.0,74.19,new
AKCAPIT, EQ,2026-09-29,1746.5,1772.0,1706.0,1728.1,1720.0,1758.0,728,1275000.0,131,,527.0,72.39,new
AKG, EQ,2026-09-29,9.8,9.84,9.65,9.8,9.8,9.76,3597,35000.0,37,,3395.0,94.38,new
AKI, BE,2026-09-29,6.29,6.29,6.01,6.15,6.18,6.3,78460,480999.99999999994,271,,,,new
AKIKO, SM,2026-09-29,428.0,433.95,414.0,433.95,433.95,428.0,14400,6093000.0,17,,10400.0,72.22,new
AKSHAR, EQ,2026-09-29,0.42,0.42,0.39,0.41,0.42,0.41,2658117,1096000.0,341,,1471501.0,55.36,new
AKSHARCHEM, BE,2026-09-29,387.9,387.9,375.0,376.55,379.65,383.35,1990,753000.0,72,,,,new
AKSHOPTFBR, BE,2026-09-29,6.9,7.3,6.9,7.11,7.1,7.07,207512,1460000.0,339,,,,new
AKUMS, EQ,2026-09-29,800.0,828.0,800.0,819.55,818.7,799.95,179399,146288000.0,17695,,88812.0,49.51,new
ALANKIT, EQ,2026-09-29,7.72,7.79,7.5,7.56,7.59,7.72,101890,772000.0,704,,66599.0,65.36,new
ALBERTDAVD, EQ,2026-09-29,864.3,898.0,842.05,876.35,882.9,846.95,13163,11465000.0,1421,,9062.0,68.84,new
ALCODIS, SM,2026-09-29,62.1,62.1,61.9,61.95,62.0,64.9,2500,155000.0,4,,1875.0,75.0,new
ALEMBICLTD, EQ,2026-09-29,106.95,112.0,105.34,108.44,109.35,106.91,1919395,209830000.00000003,18618,,755549.0,39.36,new
ALFREDHE, EQ,2026-09-29,2710.0,2823.0,2710.0,2823.0,2823.0,2740.0,9,25000.0,3,,9.0,100.0,new
ALGOQUANT, EQ,2026-09-29,69.4,69.4,64.79,65.64,65.85,69.55,2269037,149790000.0,8118,,581804.0,25.64,new
ALICON, EQ,2026-09-29,714.0,740.0,702.05,724.85,725.0,716.85,64416,46575000.0,4171,,43950.0,68.23,new
ALIVUS, EQ,2026-09-29,1337.0,1370.0,1328.6,1356.8,1353.0,1345.5,245623,330896000.0,30741,,112196.0,45.68,new
ALKALI, BE,2026-09-29,95.02,96.0,89.85,92.79,95.0,94.55,8117,760000.0,147,,,,new
ALKEM, EQ,2026-09-29,5166.5,5306.5,5152.0,5250.0,5250.0,5175.0,244410,1284483000.0,36626,,126663.0,51.82,new
ALKYLAMINE, EQ,2026-09-29,1799.8,1826.0,1771.2,1781.3,1776.0,1799.8,29151,52366000.0,7139,,14403.0,49.41,new
ALLCARGO, EQ,2026-09-29,10.77,10.77,10.5,10.53,10.57,10.82,5539499,58640000.0,6503,,2259457.0,40.79,new
ALLDIGI, EQ,2026-09-29,778.95,785.55,771.0,775.8,774.05,775.9,5852,4547000.0,557,,4341.0,74.18,new
ALLETEC, SM,2026-09-29,121.1,124.95,120.2,120.85,120.9,121.05,22000,2668000.0,52,,16000.0,72.73,new
ALLTIME, EQ,2026-09-29,199.5,199.5,192.45,193.18,192.46,197.91,95447,18639000.0,2096,,56646.0,59.35,new
ALMONDZ, BE,2026-09-29,20.6,20.61,20.04,20.06,20.06,21.09,253726,5095000.0,334,,,,new
ALOKINDS, EQ,2026-09-29,7.24,7.25,7.02,7.06,7.1,7.22,22686291,161395000.0,14169,,11599761.0,51.13,new
ALPA, EQ,2026-09-29,59.49,59.85,58.3,59.76,59.79,59.21,5289,312000.0,105,,2286.0,43.22,new
ALPEXSOLAR, SM,2026-09-29,868.0,874.9,855.05,865.3,865.2,872.0,17400,15082000.0,148,,12100.0,69.54,new
ALPHA, EQ,2026-09-29,51.44,52.45,50.81,52.26,52.21,51.44,1808022,93563000.0,5363,,863865.0,47.78,new
ALPHAETF, EQ,2026-09-29,26.06,26.06,25.17,25.4,25.4,25.43,614197,15557000.0,1154,,313825.0,51.1,new
ALPHAGEO, BE,2026-09-29,270.0,270.0,256.2,259.15,264.5,269.55,12276,3229999.9999999995,299,,,,new
ALPINETEX, EQ,2026-09-29,48.36,50.95,47.22,48.95,48.7,48.36,170617,8305000.0,2622,,62892.0,36.86,new
ALPL30IETF, EQ,2026-09-29,26.54,26.7,26.37,26.49,26.6,26.54,135459,3586000.0,721,,90843.0,67.06,new
ALUFLUOR, EQ,2026-09-29,609.95,649.0,580.0,632.55,637.0,604.7,57672,36265000.0,3023,,29204.0,50.64,new
ALUWIND, SM,2026-09-29,49.0,49.95,47.55,49.8,49.95,51.45,10500,515000.00000000006,7,,6000.0,57.14,new
AMAGI, EQ,2026-09-29,561.0,573.95,553.05,563.85,563.3,560.0,538606,304767000.0,19064,,238766.0,44.33,new
AMAL, EQ,2026-09-29,659.8,690.0,654.05,682.1,673.3,665.55,5117,3427000.0000000005,761,,3028.0,59.18,new
AMANTA, BE,2026-09-29,179.34,186.66,179.34,186.66,186.66,183.0,34512,6307000.0,136,,,,new
AMARJOTHI, EQ,2026-09-29,150.7,152.45,147.05,152.0,152.0,150.7,456,69000.0,41,,382.0,83.77,new
AMBAAUTO, SM,2026-09-29,95.0,99.75,95.0,99.6,99.75,95.0,21000,2079000.0,19,,17000.0,80.95,new
AMBALALSA, BE,2026-09-29,39.28,39.8,38.11,39.04,39.74,39.28,31254,1219000.0,146,,,,new
AMBANIORGO, SM,2026-09-29,114.95,114.95,114.95,114.95,114.95,115.0,43000,4943000.0,1,,43000.0,100.0,new
AMBER, EQ,2026-09-29,6915.5,7001.0,6606.5,6606.5,6606.5,6990.0,286219,1933124000.0000002,42070,,126163.0,44.08,new
AMBICAAGAR, EQ,2026-09-29,24.88,24.88,24.11,24.37,24.38,24.88,3594,87000.0,93,,2900.0,80.69,new
AMBIKCO, EQ,2026-09-29,1568.0,1582.0,1525.0,1527.1,1527.0,1568.0,9578,14700000.0,1039,,5385.0,56.22,new
AMBUJACEM, EQ,2026-09-29,373.5,373.6,365.75,365.75,365.75,374.35,1769537,652755000.0,29656,,828319.0,46.81,new
AMCL, SM,2026-09-29,340.0,346.9,336.0,346.9,346.9,347.9,2400,821000.0000000001,6,,2400.0,100.0,new
AMDIND, BE,2026-09-29,56.65,56.65,53.82,54.0,53.82,56.65,58547,3172000.0,382,,,,new
AMEYA, SM,2026-09-29,137.0,146.2,137.0,146.2,146.2,139.25,10000,1423000.0,10,,10000.0,100.0,new
AMJLAND, EQ,2026-09-29,37.5,38.87,37.5,38.04,37.75,38.05,16749,643000.0,105,,13900.0,82.99,new
AMNPLST, EQ,2026-09-29,169.0,171.8,162.0,170.18,170.1,166.82,107852,18157000.0,221,,104160.0,96.58,new
AMRUTANJAN, EQ,2026-09-29,505.05,508.0,499.15,505.25,506.0,506.55,17570,8841000.0,1127,,8741.0,49.75,new
ANANDRATHI, EQ,2026-09-29,2150.0,2168.9,2077.3,2100.6,2105.0,2146.2,1341769,2824983000.0,67605,,779128.0,58.07,new
ANANTAM, IV,2026-09-29,104.76,104.76,104.21,104.28,104.5,104.76,144007,15049000.0,145,,144004.0,100.0,new
ANANTRAJ, EQ,2026-09-29,605.0,613.6,599.0,602.3,600.8,607.95,1194043,721093000.0,32688,,451900.0,37.85,new
ANAWIL, SM,2026-09-29,468.85,510.0,468.85,509.0,510.0,468.85,315600,155582000.0,607,,209600.0,66.41,new
ANDHRAPAP, EQ,2026-09-29,72.98,72.98,71.01,72.32,72.0,72.62,212077,15269000.0,5347,,101059.0,47.65,new
ANDHRSUGAR, EQ,2026-09-29,95.13,96.83,92.7,94.4,94.08,95.13,214302,20156000.0,6933,,64458.0,30.08,new
ANDREWYU, EQ,2026-09-29,25.82,26.49,25.05,25.84,25.99,25.81,87815,2256000.0,749,,46863.0,53.37,new
ANGELONE, EQ,2026-09-29,279.2,280.0,273.5,273.5,273.5,279.2,4376351,1207583000.0,37006,,1818818.0,41.56,new
ANIKINDS, EQ,2026-09-29,44.55,44.55,42.16,43.98,43.99,43.03,4840,209000.0,145,,3859.0,79.73,new
ANKITMETAL, BZ,2026-09-29,1.94,1.94,1.94,1.94,1.94,1.91,60716,118000.0,19,,,,new
ANLON, SM,2026-09-29,750.95,750.95,723.0,744.95,749.9,769.95,12400,9207000.0,25,,8000.0,64.52,new
ANMOL, BE,2026-09-29,13.93,14.3,13.13,13.77,14.05,13.62,80865,1118000.0,484,,,,new
ANNAPURNA, EQ,2026-09-29,127.66,129.59,126.31,127.22,127.0,127.66,15493,1978000.0,285,,9654.0,62.31,new
ANNU, EQ,2026-09-29,47.86,49.0,46.73,47.84,48.0,47.86,394589,18794000.0,4715,,147113.0,37.28,new
ANONDITA, SM,2026-09-29,1100.0,1115.0,1070.0,1094.75,1092.0,1103.35,68600,75374000.0,225,,54000.0,78.72,new
ANSALAPI, BZ,2026-09-29,4.08,4.08,4.08,4.08,4.08,4.0,74081,302000.0,35,,,,new
ANSALBU, EQ,2026-09-29,88.57,92.0,78.65,85.96,87.43,90.38,4740,413000.0,131,,2807.0,59.22,new
ANTELOPUS, EQ,2026-09-29,1165.0,1234.9,1112.05,1162.5,1157.0,1159.45,1431803,1687048000.0,68515,,181142.0,12.65,new
ANTGRAPHIC, EQ,2026-09-29,0.72,0.72,0.69,0.7,0.71,0.69,151675,107000.0,143,,95131.0,62.72,new
ANTHEM, EQ,2026-09-29,855.0,880.0,852.05,869.75,875.5,851.1,689600,597657000.0,51011,,328500.0,47.64,new
ANUHPHR, EQ,2026-09-29,89.0,91.35,87.9,89.68,89.5,89.46,106661,9584000.0,2419,,46531.0,43.63,new
ANUP, EQ,2026-09-29,1635.0,1644.8,1580.0,1591.2,1598.3,1632.0,74671,119149000.0,12826,,35903.0,48.08,new
ANURAS, EQ,2026-09-29,1187.2,1196.5,1165.0,1177.8,1181.0,1187.1,192300,226801000.00000003,11209,,117755.0,61.24,new
ANYA, SM,2026-09-29,17.55,17.55,17.55,17.55,17.55,18.3,15000,263000.0,3,,15000.0,100.0,new
ANZEN, IV,2026-09-29,127.0,127.0,127.0,127.0,127.0,127.0,25000,3175000.0,1,,25000.0,100.0,new
AONEGOLD, EQ,2026-09-29,13.74,13.77,13.57,13.62,13.66,13.71,257103,3509000.0000000005,1735,,149352.0,58.09,new
AONELIQUID, EQ,2026-09-29,1078.86,1078.88,1078.86,1078.86,1078.86,1078.72,16578,17885000.0,89,,10324.0,62.28,new
AONENIFTY, EQ,2026-09-29,9.61,9.65,9.36,9.42,9.42,9.42,158764,1493000.0,1251,,139688.0,87.98,new
AONESILVER, EQ,2026-09-29,8.44,8.55,8.37,8.4,8.4,8.46,602587,5067000.0,1312,,493008.0,81.82,new
AONETMMQ50, EQ,2026-09-29,9.91,10.0,9.8,9.95,9.91,9.91,95276,940000.0,327,,51343.0,53.89,new
AONETOTAL, EQ,2026-09-29,11.64,11.64,11.26,11.37,11.38,11.41,143752,1632000.0,965,,65184.0,45.34,new
APARINDS, EQ,2026-09-29,17337.0,18062.0,17150.0,17803.0,17800.0,17263.0,199491,3527378000.0,64490,,85986.0,43.1,new
APCL, EQ,2026-09-29,95.1,97.0,93.0,94.92,95.7,94.64,4184,394000.0,107,,3435.0,82.1,new
APCOTEXIND, EQ,2026-09-29,589.95,603.6,580.0,595.45,600.7,586.0,58105,34600000.0,5048,,32424.0,55.8,new
APEX, EQ,2026-09-29,338.65,348.4,334.5,343.1,346.0,338.65,112135,38401000.0,3853,,38311.0,34.17,new
APEXECO, ST,2026-09-29,260.0,265.0,253.25,263.95,264.0,264.75,15200,3953000.0,17,,15200.0,100.0,new
APLAPOLLO, EQ,2026-09-29,2191.9,2217.8,2172.1,2188.6,2188.6,2197.0,639577,1408597000.0,29315,,405655.0,63.43,new
APLLTD, EQ,2026-09-29,853.9,868.0,837.5,861.5,864.9,854.35,457488,391196000.0,33606,,222799.0,48.7,new
APOLLO, EQ,2026-09-29,411.7,411.7,399.1,402.6,401.5,408.3,5919584,2392531000.0,63042,,1793579.0,30.3,new
APOLLOHOSP, EQ,2026-09-29,8885.0,8906.0,8657.5,8659.0,8659.0,8860.0,609210,5326578000.0,61576,,403816.0,66.29,new
APOLLOPIPE, EQ,2026-09-29,521.2,530.0,511.1,513.7,511.25,521.2,305274,159864000.0,6950,,132605.0,43.44,new
APOLLOTYRE, EQ,2026-09-29,390.75,429.0,386.3,406.75,415.0,389.6,5125753,2072036000.0,86708,,3019547.0,58.91,new
APOLSINHOT, EQ,2026-09-29,1185.0,1199.9,1160.4,1166.2,1166.2,1172.9,595,699000.0,80,,448.0,75.29,new
APOORVA, EQ,2026-09-29,31.82,33.14,31.82,33.0,33.0,33.49,299,10000.0,19,,299.0,100.0,new
APRAMEYA, SM,2026-09-29,104.9,107.4,100.0,105.0,104.5,95.0,38000,3971000.0,60,,35000.0,92.11,new
APS, SM,2026-09-29,231.05,234.1,225.0,229.6,227.0,231.0,19750,4522000.0,71,,10750.0,54.43,new
APSISAERO, ST,2026-09-29,585.0,600.0,558.6,600.0,600.0,588.0,22800,12997999.999999998,18,,15600.0,68.42,new
APTECHT, EQ,2026-09-29,91.5,91.5,86.99,88.61,88.51,90.27,90136,7965000.000000001,1712,,36314.0,40.29,new
APTUS, EQ,2026-09-29,238.1,238.54,231.33,233.34,234.03,237.47,4037956,941759000.0,54864,,2552396.0,63.21,new
AQYLON, EQ,2026-09-29,18.34,18.34,17.1,17.11,17.1,18.0,715504,12305000.0,1703,,459345.0,64.2,new
ARABIAN, SM,2026-09-29,86.05,88.0,86.0,88.0,88.0,89.95,34000,2948000.0,13,,32000.0,94.12,new
ARCHIDPLY, EQ,2026-09-29,107.69,107.69,101.07,101.98,101.6,102.76,10384,1059000.0,293,,7688.0,74.04,new
ARCHIES, EQ,2026-09-29,12.85,12.85,12.34,12.43,12.48,12.58,10512,131000.0,129,,8024.0,76.33,new
ARCIIL, SM,2026-09-29,31.75,32.0,31.6,32.0,32.0,32.9,6000,191000.0,6,,5000.0,83.33,new
ARCIL, EQ,2026-09-29,142.71,147.98,141.1,142.51,141.7,142.71,3558859,515707000.0,61334,,1257858.0,35.34,new
ARCL, EQ,2026-09-29,240.25,241.89,231.5,233.0,233.0,241.99,4370,1039000.0,63,,3891.0,89.04,new
ARDEE, EQ,2026-09-29,51.99,52.0,50.01,51.17,51.1,51.99,2231592,113454000.0,16647,,717996.0,32.17,new
ARE&M, EQ,2026-09-29,775.0,778.95,764.0,766.3,769.4,774.95,325892,250732000.00000003,29582,,151675.0,46.54,new
ARENTERP, EQ,2026-09-29,32.84,33.49,31.12,32.95,33.49,32.67,608,20000.0,20,,559.0,91.94,new
ARFIN, EQ,2026-09-29,88.29,90.48,87.35,88.16,88.13,88.48,1365354,121811999.99999999,6437,,229969.0,16.84,new
ARHAM, SM,2026-09-29,211.0,220.8,211.0,214.9,214.0,213.65,194000,41835000.0,116,,154000.0,79.38,new
ARIES, BE,2026-09-29,467.0,484.9,467.0,474.8,471.05,470.5,8953,4238000.0,232,,,,new
ARIHANT, EQ,2026-09-29,913.95,914.05,870.0,888.9,889.7,914.05,1106,983000.0,83,,839.0,75.86,new
ARIHANTACA, SM,2026-09-29,491.0,491.0,491.0,491.0,491.0,470.05,400,196000.0,1,,400.0,100.0,new
ARIHANTCAP, EQ,2026-09-29,89.81,91.62,87.2,90.58,90.3,89.81,296536,26463000.0,3227,,129050.0,43.52,new
ARIHANTSUP, EQ,2026-09-29,236.0,236.0,228.25,230.25,230.0,236.25,1353,313000.0,85,,967.0,71.47,new
ARIS, EQ,2026-09-29,132.02,138.0,129.33,135.0,135.0,132.61,1264189,170116000.0,16079,,392889.0,31.08,new
ARISTO, SM,2026-09-29,95.6,95.6,95.6,95.6,95.6,100.6,800,76000.0,1,,800.0,100.0,new
ARKADE, EQ,2026-09-29,124.07,124.51,120.12,121.92,122.35,123.22,134893,16474000.0,2195,,48485.0,35.94,new
ARMANFIN, EQ,2026-09-29,1708.5,1752.0,1685.0,1711.4,1691.0,1700.1,60370,103722000.0,7124,,25646.0,42.48,new
ARMOUR, ST,2026-09-29,22.15,22.15,22.15,22.15,22.15,21.1,4000,89000.0,2,,4000.0,100.0,new
AROGRANITE, EQ,2026-09-29,23.12,24.07,22.8,22.81,22.81,23.12,1134,26000.0,21,,1134.0,100.0,new
ARROWGREEN, EQ,2026-09-29,897.8,899.05,848.9,872.5,868.0,891.85,46136,40026000.0,4440,,22848.0,49.52,new
ARSHIYA, BZ,2026-09-29,0.75,0.79,0.75,0.79,0.79,0.76,72244,56999.99999999999,63,,,,new
ARSSBL, EQ,2026-09-29,497.0,506.35,495.0,500.45,497.05,500.6,122318,61302000.0,3848,,64525.0,52.75,new
ARTEMISMED, EQ,2026-09-29,364.15,369.6,360.4,366.6,368.95,365.9,522715,190873000.0,21120,,215876.0,41.3,new
ARTNIRMAN, EQ,2026-09-29,39.0,39.0,36.41,36.52,38.85,38.3,258,9000.0,6,,225.0,87.21,new
ARUNAYA, SM,2026-09-29,14.0,14.75,14.0,14.75,14.75,14.5,10000,144000.0,5,,10000.0,100.0,new
ARVEE, EQ,2026-09-29,244.0,249.0,230.0,232.85,230.25,234.5,27843,6623999.999999999,791,,10568.0,37.96,new
ARVIND, EQ,2026-09-29,545.05,552.1,540.15,545.45,543.0,543.6,291616,159430000.0,15630,,137725.0,47.23,new
ARVINDFASN, EQ,2026-09-29,411.0,413.5,390.55,410.15,410.5,413.75,413765,166475000.0,31524,,173424.0,41.91,new
ARVINDPORT, SM,2026-09-29,34.0,34.0,33.05,33.05,33.05,34.9,3000,101000.0,2,,3000.0,100.0,new
ARVSMART, EQ,2026-09-29,612.95,621.9,606.2,609.7,606.2,615.75,78068,47850000.0,3475,,30955.0,39.65,new
ARYAMAN, EQ,2026-09-29,625.0,631.6,610.0,620.0,620.0,625.0,529,330000.0,32,,527.0,99.62,new
ASAHIINDIA, EQ,2026-09-29,934.0,980.0,923.0,957.95,954.0,933.55,286875,276360000.0,23049,,107929.0,37.62,new
ASAHISONG, BE,2026-09-29,390.0,391.0,380.0,384.2,389.5,387.2,5852,2269000.0,87,,,,new
ASAL, EQ,2026-09-29,429.0,434.45,424.05,428.0,427.5,429.2,8484,3634000.0000000005,717,,5922.0,69.8,new
ASALCBR, EQ,2026-09-29,646.0,646.95,628.25,634.6,632.05,641.55,42132,26795000.0,3171,,22650.0,53.76,new
ASHAPURMIN, EQ,2026-09-29,500.1,524.25,497.5,518.8,521.7,502.6,439076,225852000.0,14133,,177928.0,40.52,new
ASHIANA, EQ,2026-09-29,383.7,403.95,382.6,390.55,390.0,388.8,42912,16890000.0,2241,,21075.0,49.11,new
ASHIKAG, BE,2026-09-29,405.0,407.0,395.95,398.35,403.0,402.15,6575,2629000.0,103,,,,new
ASHIMASYN, EQ,2026-09-29,15.85,16.2,15.81,16.08,15.92,15.85,42495,680000.0,166,,30568.0,71.93,new
ASHOKA, EQ,2026-09-29,109.2,109.83,107.25,108.53,108.82,110.17,595433,64590000.0,8441,,280832.0,47.16,new
ASHOKAMET, EQ,2026-09-29,15.98,16.1,15.0,15.15,15.04,15.37,31273,476999.99999999994,233,,16432.0,52.54,new
ASHOKLEY, EQ,2026-09-29,155.5,155.5,152.48,153.44,153.44,155.22,14351744,2211766000.0,142272,,7500104.0,52.26,new
ASHUTOSH, SM,2026-09-29,158.5,168.85,155.0,163.35,164.0,158.1,206400,33599000.0,159,,99600.0,48.26,new
ASHWINI, SM,2026-09-29,167.5,167.5,167.0,167.0,167.0,170.0,2000,335000.0,2,,2000.0,100.0,new
ASIANENE, EQ,2026-09-29,476.25,484.5,459.8,478.25,476.1,474.15,249852,118545000.0,11585,,103794.0,41.54,new
ASIANHOTNR, EQ,2026-09-29,373.5,373.5,356.0,361.35,359.15,372.0,8278,3018000.0,494,,4315.0,52.13,new
ASIANPAINT, EQ,2026-09-29,2417.5,2425.3,2381.0,2415.0,2415.0,2420.0,909789,2194767000.0,53501,,622435.0,68.42,new
ASIANTILES, EQ,2026-09-29,50.0,50.6,49.22,50.1,50.5,50.16,2959007,147607000.0,6724,,848150.0,28.66,new
ASIANTNE, EQ,2026-09-29,9.13,9.39,8.76,9.02,9.34,9.17,9774,88000.0,29,,9765.0,99.91,new
ASKAUTOLTD, EQ,2026-09-29,643.0,646.2,611.0,619.85,620.3,650.35,710889,440743999.99999994,43597,,279176.0,39.27,new
ASMS, EQ,2026-09-29,6.49,6.49,5.1,6.08,6.07,6.33,524327,3056000.0,1693,,320258.0,61.08,new
ASPINWALL, EQ,2026-09-29,248.85,251.7,242.25,242.5,242.5,247.65,554,135000.0,31,,528.0,95.31,new
ASPIRE, SM,2026-09-29,14.1,14.95,14.1,14.95,14.95,14.25,10000,146000.0,5,,10000.0,100.0,new
ASTAR, EQ,2026-09-29,708.0,708.0,661.4,685.35,687.0,708.8,171,115999.99999999999,33,,124.0,72.51,new
ASTEC, EQ,2026-09-29,705.0,715.3,686.8,696.25,694.0,711.8,30244,21114000.0,2559,,12303.0,40.68,new
ASTERDM, EQ,2026-09-29,745.0,751.95,718.5,733.95,735.45,747.35,4132919,3042202000.0,78821,,2530839.0,61.24,new
ASTRAL, EQ,2026-09-29,1370.5,1384.2,1346.5,1375.0,1375.0,1370.5,933913,1278166000.0,49570,,548381.0,58.72,new
ASTRAMICRO, EQ,2026-09-29,1585.0,1670.0,1577.6,1652.6,1649.0,1590.1,651062,1066499000.0,43209,,319689.0,49.1,new
ASTRAZEN, EQ,2026-09-29,6235.0,6355.0,6195.5,6254.5,6220.0,6280.0,8506,53453000.0,3534,,4150.0,48.79,new
ASTRON, BZ,2026-09-29,2.98,2.98,2.83,2.93,2.93,2.95,8003,23000.0,44,,,,new
ATALREAL, EQ,2026-09-29,13.4,13.4,11.92,12.03,11.92,13.24,5203592,63169000.00000001,4036,,2487034.0,47.79,new
ATAM, EQ,2026-09-29,56.12,57.74,54.45,54.91,54.46,55.81,15097,852000.0,305,,14019.0,92.86,new
ATCENERGY, SM,2026-09-29,23.85,23.85,22.0,22.05,22.05,23.1,4800,109000.00000000001,4,,3600.0,75.0,new
ATGL, EQ,2026-09-29,598.1,599.4,586.0,588.4,588.2,594.45,603219,357073000.0,29213,,184511.0,30.59,new
ATHERENERG, EQ,2026-09-29,1460.2,1460.2,1403.8,1407.0,1407.0,1454.9,5655784,8043853999.999999,149661,,2671008.0,47.23,new
ATL, EQ,2026-09-29,24.86,24.94,24.12,24.47,24.32,24.85,143546,3499000.0,2711,,68233.0,47.53,new
ATLANTAA, EQ,2026-09-29,35.7,39.0,35.15,36.69,36.51,35.32,336131,12559000.0,1639,,108469.0,32.27,new
ATLANTAELE, EQ,2026-09-29,1605.0,1657.4,1584.2,1634.2,1612.7,1613.3,157786,255844000.0,16735,,97452.0,61.76,new
ATLASCYCLE, EQ,2026-09-29,93.0,100.0,91.66,94.86,94.5,91.43,40780,3935000.0,869,,24632.0,60.4,new
ATLPP, E1,2026-09-29,9.0,9.0,9.0,9.0,9.0,8.99,2,0.0,2,,2.0,100.0,new
ATMASTCO, SM,2026-09-29,111.55,115.35,111.0,115.05,115.1,112.55,10800,1224000.0,24,,9600.0,88.89,new
ATUL, EQ,2026-09-29,5975.0,6086.5,5950.0,5982.5,5970.0,5991.0,30980,186575000.0,11949,,16168.0,52.19,new
ATULAUTO, EQ,2026-09-29,438.6,440.7,432.6,438.75,440.4,440.55,45338,19816000.0,2631,,22053.0,48.64,new
AUBANK, EQ,2026-09-29,990.0,1005.2,984.5,1005.2,1005.2,995.3,1870471,1856018000.0,59747,,1123487.0,60.06,new
AUGMONT, EQ,2026-09-29,1022.0,1062.2,1022.0,1062.2,1062.2,965.65,1711349,1792264000.0,25282,,851225.0,49.74,new
AURIONPRO, EQ,2026-09-29,644.25,654.0,632.05,634.2,634.0,642.5,119838,76824000.0,8317,,64746.0,54.03,new
AUROIMPEX, SM,2026-09-29,44.95,44.95,43.0,43.0,43.0,44.95,17600,771000.0,10,,17600.0,100.0,new
AUROPHARMA, EQ,2026-09-29,1697.0,1713.7,1690.7,1697.7,1697.7,1697.5,1159038,1974218000.0,40560,,751145.0,64.81,new
AURUM, EQ,2026-09-29,217.4,222.16,217.08,220.31,220.0,218.95,64994,14258000.000000002,1295,,43337.0,66.68,new
AURUS, EQ,2026-09-29,4.62,4.73,4.21,4.57,4.58,4.58,35099,158000.0,266,,27530.0,78.44,new
AUSL, SM,2026-09-29,23.0,23.0,23.0,23.0,23.0,23.0,4000,92000.0,2,,4000.0,100.0,new
AUSOMENT, EQ,2026-09-29,142.31,146.75,140.0,143.75,142.1,143.89,3948,561000.0,148,,2116.0,53.6,new
AUSTENG, EQ,2026-09-29,160.0,160.0,152.01,158.0,158.0,159.23,6599,1044000.0,141,,4762.0,72.16,new
AUTOAXLES, EQ,2026-09-29,1675.0,1709.0,1665.1,1699.6,1685.1,1689.2,8595,14494000.0,636,,6305.0,73.36,new
AUTOBEES, EQ,2026-09-29,276.78,276.78,271.1,272.72,273.75,274.3,219809,59957000.00000001,3158,,119038.0,54.16,new
AUTOIETF, EQ,2026-09-29,28.02,28.11,27.11,27.29,27.42,27.56,415767,11341000.0,2532,,196676.0,47.3,new
AUTOIND, EQ,2026-09-29,83.4,83.4,80.6,81.99,81.11,81.86,82896,6801000.000000001,1312,,50075.0,60.41,new
AVADHSUGAR, EQ,2026-09-29,805.2,812.0,785.55,793.45,789.0,808.4,75190,60089000.0,5399,,26096.0,34.71,new
AVALON, EQ,2026-09-29,2300.0,2343.0,2240.0,2302.0,2306.0,2310.2,210915,485553000.0,21379,,63598.0,30.15,new
AVANA, ST,2026-09-29,128.3,134.75,128.05,130.0,130.0,131.4,10000,1298000.0,5,,10000.0,100.0,new
AVANCE, EQ,2026-09-29,0.85,0.87,0.83,0.85,0.84,0.86,6148649,5197000.0,1459,,2927051.0,47.6,new
AVANTEL, EQ,2026-09-29,151.25,153.0,147.1,149.22,149.1,151.37,1309329,195926000.0,13231,,522929.0,39.94,new
AVANTIFEED, EQ,2026-09-29,740.9,754.6,730.1,747.5,748.0,741.5,628946,467742000.0,38406,,310641.0,49.39,new
AVATAR, ST,2026-09-29,185.95,186.0,169.2,169.2,169.2,178.1,10000,1791000.0,5,,8000.0,80.0,new
AVG, BE,2026-09-29,160.5,167.6,160.5,164.53,166.97,162.1,8022,1308000.0,84,,,,new
AVIANSH, SM,2026-09-29,99.5,100.0,99.5,100.0,100.0,98.0,2000,200000.0,2,,2000.0,100.0,new
AVIENCE, SM,2026-09-29,385.5,392.0,356.25,361.65,362.2,376.25,85200,31785000.000000004,135,,49200.0,57.75,new
AVL, EQ,2026-09-29,597.5,597.5,584.0,585.8,585.0,595.15,91169,53598000.0,9019,,42307.0,46.41,new
AVONMORE, EQ,2026-09-29,12.66,13.24,12.36,12.99,13.24,12.66,257037,3270000.0000000005,966,,197522.0,76.85,new
AVPINFRA, SM,2026-09-29,54.5,55.8,53.05,55.0,55.0,54.55,72000,3879999.9999999995,80,,47200.0,65.56,new
AVROIND, EQ,2026-09-29,7.0,7.0,6.83,6.98,7.0,6.94,72252,501999.99999999994,324,,49179.0,68.07,new
AVTNPL, EQ,2026-09-29,86.71,93.5,85.0,92.2,92.75,86.61,555777,49901000.0,6762,,208312.0,37.48,new
AWFIS, EQ,2026-09-29,250.4,251.7,244.05,247.1,246.45,250.2,471717,116589000.00000001,12213,,206729.0,43.82,new
AWHCL, EQ,2026-09-29,369.0,377.8,361.0,364.35,362.7,367.65,64886,23769000.0,4497,,29198.0,45.0,new
AWL, EQ,2026-09-29,180.66,181.45,172.6,178.75,179.45,180.66,10388939,1845029000.0,95861,,5769797.0,55.54,new
AXIOMGAS, ST,2026-09-29,48.8,48.8,48.8,48.8,48.8,51.35,106000,5173000.0,5,,106000.0,100.0,new
AXISBANK, EQ,2026-09-29,1202.0,1212.1,1190.5,1212.1,1212.1,1209.9,7260302,8736972000.0,159768,,4692570.0,64.63,new
AXISCADES, EQ,2026-09-29,2034.0,2067.4,1970.8,2067.4,2067.4,1879.5,793589,1626409000.0,22179,,283099.0,35.67,new
AXITA, EQ,2026-09-29,7.96,7.98,7.79,7.81,7.79,7.9,1346408,10574000.0,1087,,537499.0,39.92,new
AXTEL, EQ,2026-09-29,439.75,450.0,427.5,443.65,431.7,439.75,4989,2192000.0,284,,3085.0,61.84,new
AYE, EQ,2026-09-29,163.3,163.3,156.72,159.7,159.03,162.49,931769,148560000.0,22164,,430144.0,46.16,new
AYMSYNTEX, EQ,2026-09-29,292.0,299.0,276.15,285.95,285.35,291.15,214490,61071000.0,5683,,139337.0,64.96,new
AZAD, EQ,2026-09-29,2779.0,2998.0,2751.1,2914.2,2915.0,2723.2,5323693,15467464000.000002,310187,,1036499.0,19.47,new
AZADIND, EQ,2026-09-29,82.55,85.4,79.0,80.62,79.0,82.3,122844,9962000.0,1689,,16758.0,13.64,new
BAFNAPH, BE,2026-09-29,364.15,364.15,364.15,364.15,364.15,357.05,4801,1748000.0,27,,,,new
BAGDIGITAL, SM,2026-09-29,103.0,103.95,103.0,103.85,103.95,102.75,11200,1158000.0,7,,4800.0,42.86,new
BAGFILMS, EQ,2026-09-29,4.25,4.32,4.0,4.1,4.08,4.2,100884,411000.00000000006,356,,68061.0,67.46,new
BAGMANE, RR,2026-09-29,109.64,109.8,105.2,106.31,106.5,109.3,9960605,1061482000.0,21702,,7442916.0,74.72,new
BAHETI, SM,2026-09-29,777.0,777.0,755.0,765.0,765.0,766.25,25500,19500000.0,25,,20250.0,79.41,new
BAIDFIN, EQ,2026-09-29,10.61,11.2,10.39,10.45,10.4,10.61,77641,834000.0,306,,56001.0,72.13,new
BAJAJ-AUTO, EQ,2026-09-29,11016.0,11020.0,10805.0,10811.0,10811.0,11024.0,527929,5733268000.0,53481,,321611.0,60.92,new
BAJAJCON, EQ,2026-09-29,480.05,499.8,474.55,493.0,495.3,480.05,996143,489767000.0,34616,,438788.0,44.05,new
BAJAJELEC, EQ,2026-09-29,313.15,313.35,304.0,309.85,311.0,314.65,348608,107432000.0,11974,,131784.0,37.8,new
BAJAJFINSV, EQ,2026-09-29,1758.8,1758.8,1730.0,1742.4,1742.4,1752.0,858895,1498749000.0,55986,,561831.0,65.41,new
BAJAJHCARE, EQ,2026-09-29,336.0,341.1,332.1,335.0,335.8,336.6,128214,43123000.0,4493,,61937.0,48.31,new
BAJAJHFL, EQ,2026-09-29,82.5,82.5,81.06,81.26,81.15,82.52,2829444,230610000.0,31437,,1491272.0,52.71,new
BAJAJHIND, EQ,2026-09-29,20.32,20.4,19.83,19.98,19.98,20.45,11722083,235321999.99999997,16684,,2588931.0,22.09,new
BAJAJHLDNG, EQ,2026-09-29,10730.0,10873.0,10600.0,10600.0,10600.0,10800.0,65092,696667000.0,14019,,43061.0,66.15,new
BAJAJINDEF, EQ,2026-09-29,212.06,215.99,209.05,213.11,210.1,210.31,11971,2533000.0,500,,8114.0,67.78,new
BAJAJST, EQ,2026-09-29,341.0,352.5,339.0,345.1,342.4,338.8,3869,1331000.0,331,,2419.0,62.52,new
BAJEL, EQ,2026-09-29,169.01,171.6,166.62,170.2,168.3,169.47,153241,25958000.0,2676,,82322.0,53.72,new
BAJFINANCE, EQ,2026-09-29,977.5,979.7,961.4,973.8,973.8,985.0,8612123,8352525999.999999,111666,,5835954.0,67.76,new
BALAJEE, EQ,2026-09-29,25.0,25.94,24.51,25.43,25.83,25.25,24908,621000.0,272,,18550.0,74.47,new
BALAJIPHOS, SM,2026-09-29,110.0,110.0,105.3,105.75,105.3,107.05,10000,1078000.0,10,,8000.0,80.0,new
BALAJITELE, EQ,2026-09-29,93.92,93.92,90.7,91.74,91.3,93.87,95613,8783000.0,1483,,51852.0,54.23,new
BALAMINES, EQ,2026-09-29,2150.0,2207.4,2132.1,2142.1,2149.0,2153.9,100677,217076000.00000003,12639,,30239.0,30.04,new
BALAXI, EQ,2026-09-29,22.39,23.45,22.05,23.02,23.35,22.39,18116,413000.0,178,,16131.0,89.04,new
BALCO, SM,2026-09-29,18.9,18.9,18.9,18.9,18.9,19.85,2400,45000.0,2,,1200.0,50.0,new
BALKRISHNA, EQ,2026-09-29,16.11,16.58,15.8,15.87,15.8,16.44,13114,211000.0,113,,5954.0,45.4,new
BALKRISIND, EQ,2026-09-29,2151.3,2162.8,2115.8,2126.2,2123.0,2153.8,142506,304408000.0,37199,,79218.0,55.59,new
BALMLAWRIE, EQ,2026-09-29,162.3,162.47,160.11,161.59,161.9,162.48,73371,11829000.0,2102,,40024.0,54.55,new
BALPHARMA, EQ,2026-09-29,105.39,114.63,105.06,112.11,112.0,104.77,237163,26426000.0,4551,,88662.0,37.38,new
BALRAMCHIN, EQ,2026-09-29,680.7,681.5,670.0,672.9,671.0,680.7,602496,406795000.0,18883,,124280.0,20.63,new
BALUFORGE, EQ,2026-09-29,495.1,508.15,483.5,501.15,505.0,495.1,687035,342334000.0,22005,,150144.0,21.85,new
BANARBEADS, EQ,2026-09-29,119.6,119.8,113.1,115.25,115.25,117.27,3610,418000.0,86,,2749.0,76.15,new
BANARISUG, EQ,2026-09-29,3393.6,3393.6,3301.6,3305.0,3302.0,3383.7,554,1852000.0,151,,363.0,65.52,new
BANCOINDIA, EQ,2026-09-29,592.7,599.9,583.3,595.65,598.45,594.2,64135,37966000.0,6593,,28183.0,43.94,new
BANDHANBNK, EQ,2026-09-29,181.2,185.31,179.3,185.31,185.31,181.0,9533177,1737931000.0000002,66075,,4159924.0,43.64,new
BANG, EQ,2026-09-29,32.4,32.68,31.42,31.68,31.65,31.69,11450,366000.0,82,,2572.0,22.46,new
BANK10ADD, EQ,2026-09-29,16.17,16.17,15.83,16.11,16.06,16.19,234324,3740999.9999999995,832,,162607.0,69.39,new
BANK10BETF, EQ,2026-09-29,20.3,20.3,19.37,19.45,19.4,19.9,17628,346000.0,47,,3493.0,19.82,new
BANKA, EQ,2026-09-29,72.0,72.4,70.5,70.52,70.51,73.09,3034,215000.0,44,,2759.0,90.94,new
BANKADD, EQ,2026-09-29,55.73,56.02,55.1,55.89,56.02,55.83,22998,1274000.0,103,,14180.0,61.66,new
BANKBARODA, EQ,2026-09-29,227.5,230.57,223.82,227.68,227.68,227.5,7198395,1634854000.0,56484,,2863540.0,39.78,new
BANKBEES, EQ,2026-09-29,568.15,568.15,558.31,564.42,565.44,565.32,800119,449389999.99999994,11908,,344268.0,43.03,new
BANKBETA, EQ,2026-09-29,56.6,56.75,55.1,56.25,56.0,56.52,499548,27956000.0,782,,356856.0,71.44,new
BANKBETF, EQ,2026-09-29,55.6,55.64,54.73,55.43,55.49,55.6,53243,2941000.0,295,,10227.0,19.21,new
BANKETF, EQ,2026-09-29,554.39,554.84,548.7,553.83,552.84,556.29,95277,52620000.00000001,1192,,86279.0,90.56,new
BANKIETF, EQ,2026-09-29,56.0,56.11,55.33,55.97,56.05,56.11,1206875,67108000.00000001,3022,,707314.0,58.61,new
BANKINDIA, EQ,2026-09-29,130.0,131.83,128.55,130.11,130.11,129.99,9187360,1199744000.0,50486,,4210127.0,45.83,new
BANKNIFTY1, EQ,2026-09-29,54.98,57.28,54.98,56.5,56.51,56.68,2595241,146208000.0,5651,,2172694.0,83.72,new
BANKPSU, EQ,2026-09-29,81.1,81.11,80.0,80.9,80.54,81.1,10321,833000.0,145,,5745.0,55.66,new
BANSALWIRE, EQ,2026-09-29,319.75,330.0,319.75,327.65,329.0,317.6,125973,40976000.0,6023,,55250.0,43.86,new
BANSWRAS, EQ,2026-09-29,109.9,109.9,106.21,107.31,107.1,107.62,9777,1050000.0,406,,6818.0,69.74,new
BARFLEX, SM,2026-09-29,51.95,52.5,51.0,51.0,51.0,51.9,44000,2276000.0,19,,36000.0,81.82,new
BASF, EQ,2026-09-29,3495.8,3520.9,3411.0,3435.6,3440.0,3495.8,16267,56407000.00000001,3594,,8274.0,50.86,new
BASILIC, SM,2026-09-29,165.0,180.0,165.0,175.05,176.5,167.3,61500,10465000.0,105,,53100.0,86.34,new
BASML, BE,2026-09-29,23.96,23.99,22.93,23.41,23.5,23.95,60335,1405000.0,210,,,,new
BATAINDIA, EQ,2026-09-29,624.7,628.9,613.0,620.35,617.0,624.7,137084,85011000.0,12107,,65086.0,47.48,new
BATLIBOI, EQ,2026-09-29,84.6,85.9,82.55,85.24,85.5,83.19,24049,2032999.9999999998,634,,17120.0,71.19,new
BAYERCROP, EQ,2026-09-29,3648.0,3669.6,3575.0,3602.7,3590.0,3671.8,148960,537911000.0,22074,,94632.0,63.53,new
BBETF0432, EQ,2026-09-29,1333.5,1338.49,1330.1,1337.31,1335.05,1333.5,2380,3176000.0,78,,2045.0,85.92,new
BBL, EQ,2026-09-29,2120.5,2169.7,2053.1,2123.7,2129.9,2112.2,21374,45384000.0,3884,,9073.0,42.45,new
BBNPNBETF, EQ,2026-09-29,54.65,55.43,53.71,53.73,54.85,54.35,1328,72000.0,24,,1007.0,75.83,new
BBNPPGOLD, EQ,2026-09-29,141.9,142.0,139.9,141.1,141.6,141.9,4187,590000.0,80,,2399.0,57.3,new
BBOX, EQ,2026-09-29,786.0,828.4,783.0,812.8,817.0,783.15,1236329,994916000.0,65732,,527595.0,42.67,new
BBTC, EQ,2026-09-29,1415.0,1415.0,1350.0,1355.0,1357.0,1415.7,240571,328030000.0,21597,,139953.0,58.18,new
BBTCL, EQ,2026-09-29,234.9,234.9,226.57,228.15,229.0,228.12,4181,959000.0,141,,3049.0,72.93,new
BCG, EQ,2026-09-29,9.37,9.44,9.2,9.28,9.28,9.37,3577362,33158999.999999996,3912,,1746367.0,48.82,new
BCLIND, EQ,2026-09-29,32.51,32.8,31.75,32.42,32.4,32.52,318329,10249000.0,3015,,153094.0,48.09,new
BCONCEPTS, EQ,2026-09-29,146.0,146.0,138.0,139.25,139.97,146.02,24778,3461000.0,921,,16153.0,65.19,new
BCPL, EQ,2026-09-29,69.65,69.65,67.25,68.12,68.46,67.98,2531,172000.0,133,,1791.0,70.76,new
BDL, EQ,2026-09-29,1112.7,1117.0,1085.1,1085.1,1085.1,1115.0,1081355,1186727000.0,38204,,490571.0,45.37,new
BEACON, SM,2026-09-29,87.85,88.0,84.5,85.0,85.0,87.0,9000,784000.0,9,,7000.0,77.78,new
BEARDSELL, EQ,2026-09-29,24.58,24.99,23.07,23.32,23.39,24.58,138284,3249000.0,611,,109217.0,78.98,new
BECTORFOOD, EQ,2026-09-29,211.47,212.94,207.39,208.7,209.0,211.52,454443,95261000.0,13185,,180973.0,39.82,new
BEDMUTHA, EQ,2026-09-29,110.32,112.2,106.62,107.46,107.33,109.23,2521,272000.0,222,,1712.0,67.91,new
BEEKAY, EQ,2026-09-29,422.2,446.8,416.15,433.3,430.1,434.4,2827,1212000.0,136,,2187.0,77.36,new
BEL, EQ,2026-09-29,385.5,388.0,382.2,387.75,387.75,385.5,13517154,5216468000.0,114895,,9574623.0,70.83,new
BELLACASA, EQ,2026-09-29,279.5,279.5,252.81,255.51,257.65,266.5,18265,4710000.0,664,,11445.0,62.66,new
BELRISE, EQ,2026-09-29,249.45,249.45,239.2,240.52,241.0,248.62,1783755,433274000.0,35720,,826926.0,46.36,new
BEML, EQ,2026-09-29,1985.0,1990.4,1944.0,1966.6,1960.0,1995.1,235405,462746000.0,21868,,82516.0,35.05,new
BENARAS, EQ,2026-09-29,10399.0,10500.0,10067.0,10215.0,10260.0,10150.0,166,1702000.0,53,,119.0,71.69,new
BENGALASM, EQ,2026-09-29,6005.0,6220.5,5950.0,6161.5,6184.5,5938.5,689,4176000.0,433,,250.0,36.28,new
BEPL, EQ,2026-09-29,126.45,126.95,123.5,124.0,123.5,125.38,813546,101770000.0,8036,,366574.0,45.06,new
BERGEPAINT, EQ,2026-09-29,451.95,456.4,441.1,448.2,449.0,452.85,610722,274675000.0,35707,,429756.0,70.37,new
BESTAGRO, EQ,2026-09-29,17.81,18.0,17.3,17.86,17.81,17.69,469015,8267000.0,1828,,196108.0,41.81,new
BETA, EQ,2026-09-29,2040.0,2084.8,2010.5,2064.9,2084.8,2040.3,12014,24492000.0,2029,,6095.0,50.73,new
BEWLTD, SM,2026-09-29,63.0,64.0,59.25,60.95,61.0,63.0,54000,3327000.0000000005,82,,31000.0,57.41,new
BFINVEST, EQ,2026-09-29,436.5,439.3,432.05,436.15,435.55,435.2,19909,8673000.0,1036,,13653.0,68.58,new
BFSI, EQ,2026-09-29,25.22,26.4,25.22,25.58,25.63,25.69,265239,6761000.0,986,,150367.0,56.69,new
BFUTILITIE, EQ,2026-09-29,515.2,518.45,502.0,508.9,514.0,515.9,69674,35419000.0,3870,,28883.0,41.45,new
BGRENERGY, BE,2026-09-29,261.58,261.58,254.87,254.87,254.87,268.28,35946,9237000.0,255,,,,new
BHADORA, ST,2026-09-29,127.25,133.6,121.1,133.6,133.6,127.25,33600,4359000.0,21,,33600.0,100.0,new
BHAGCHEM, EQ,2026-09-29,241.45,243.1,237.9,240.25,238.1,241.1,63799,15355000.000000002,740,,36012.0,56.45,new
BHAGERIA, EQ,2026-09-29,380.65,387.4,371.0,377.85,377.1,380.85,112369,42515000.0,3184,,60141.0,53.52,new
BHAGYANGR, EQ,2026-09-29,404.05,412.5,397.15,408.1,405.0,411.35,89524,36244000.0,4916,,45198.0,50.49,new
BHANDARI, EQ,2026-09-29,2.88,2.94,2.87,2.9,2.91,2.9,148872,433000.0,235,,133447.0,89.64,new
BHARATCOAL, EQ,2026-09-29,32.62,33.67,32.32,33.5,33.45,32.51,13101283,433896000.0,35029,,4708870.0,35.94,new
BHARATFORG, EQ,2026-09-29,1950.0,1958.0,1917.0,1942.0,1942.0,1957.0,1101271,2130413000.0,45288,,658367.0,59.78,new
BHARATGEAR, BE,2026-09-29,99.33,100.78,99.0,100.29,100.7,99.82,11861,1183000.0,85,,,,new
BHARATRAS, EQ,2026-09-29,1049.7,1055.0,1000.0,1005.7,1006.0,1046.2,66905,67975000.0,4330,,43455.0,64.95,new
BHARATSE, EQ,2026-09-29,212.45,215.23,207.91,213.61,211.2,212.45,92513,19637000.0,3689,,43382.0,46.89,new
BHARATWIRE, EQ,2026-09-29,166.71,169.68,162.5,167.18,166.0,166.35,155514,25875000.0,4100,,63523.0,40.85,new
BHARTIARTL, EQ,2026-09-29,1764.0,1787.5,1762.0,1771.2,1771.2,1771.4,9811381,17435958000.0,236952,,7115256.0,72.52,new
BHARTIHEXA, EQ,2026-09-29,1429.7,1432.4,1398.0,1409.4,1402.1,1426.5,171619,242566000.0,22074,,119440.0,69.6,new
BHEL, EQ,2026-09-29,410.3,414.9,402.6,413.35,413.35,411.9,6607415,2709778000.0,101664,,2975954.0,45.04,new
BI, BE,2026-09-29,96.74,100.68,96.74,100.68,100.68,98.71,13447,1345000.0,47,,,,new
BIGBLOC, EQ,2026-09-29,38.68,40.4,38.2,38.64,38.55,39.37,26802,1036000.0,1100,,15425.0,57.55,new
BIKAJI, EQ,2026-09-29,552.0,554.9,523.6,531.15,538.0,557.9,904191,482866000.0,35596,,527157.0,58.3,new
BIKEWO, ST,2026-09-29,115.6,117.4,115.6,117.4,117.4,117.95,36000,4205000.0,12,,36000.0,100.0,new
BIL, EQ,2026-09-29,998.2,1008.7,990.0,1000.7,997.35,1001.2,7606,7592000.0,477,,5776.0,75.94,new
BILVYAPAR, BE,2026-09-29,4.6,4.6,4.27,4.29,4.29,4.48,10350,45000.0,34,,,,new
BIMETAL, EQ,2026-09-29,640.1,652.0,629.8,635.65,635.05,640.15,482,309000.0,44,,296.0,61.41,new
BIOCON, EQ,2026-09-29,376.05,379.95,373.25,377.0,377.0,374.9,2779766,1048362000.0000001,61541,,1252307.0,45.05,new
BIOFILCHEM, EQ,2026-09-29,31.36,31.99,31.3,31.52,31.88,31.51,8360,264000.0,130,,5412.0,64.74,new
BIOPOL, SM,2026-09-29,51.45,51.45,51.4,51.45,51.45,49.0,44400,2284000.0,35,,39600.0,89.19,new
BIRET, RR,2026-09-29,338.8,338.89,331.05,333.85,331.65,337.77,4347530,1453109000.0,22638,,3704322.0,85.21,new
BIRLACABLE, EQ,2026-09-29,353.85,368.95,344.0,368.95,368.95,351.4,427890,154956000.0,7650,,175379.0,40.99,new
BIRLACORPN, EQ,2026-09-29,836.0,853.7,828.35,849.9,851.5,839.1,57453,48361000.0,5986,,28895.0,50.29,new
BIRLAMONEY, EQ,2026-09-29,114.71,115.78,112.01,114.29,113.65,115.31,31654,3611000.0,1069,,19272.0,60.88,new
BIRLANU, EQ,2026-09-29,1441.0,1442.8,1390.0,1406.0,1400.1,1441.0,7707,10867000.0,1450,,5264.0,68.3,new
BIRLAPREC, BE,2026-09-29,52.27,54.98,52.27,54.8,54.9,53.88,59792,3209000.0000000005,319,,,,new
BLACKBUCK, EQ,2026-09-29,603.75,625.0,598.4,622.4,624.8,601.2,703713,433897000.0,35818,,283922.0,40.35,new
BLACKROSE, EQ,2026-09-29,118.98,118.98,109.99,113.25,113.0,116.32,41795,4700000.0,761,,28771.0,68.84,new
BLAL, EQ,2026-09-29,160.06,164.99,158.61,163.65,164.99,160.69,18397,2970000.0,443,,11619.0,63.16,new
BLBLIMITED, EQ,2026-09-29,17.34,17.38,16.72,16.84,16.75,17.18,103341,1762000.0,599,,53179.0,51.46,new
BLEL, EQ,2026-09-29,449.05,451.0,436.1,447.05,447.0,445.1,251670,111856000.0,8902,,78272.0,31.1,new
BLIL, EQ,2026-09-29,65.0,65.49,64.72,64.91,64.84,65.56,98538,6401000.000000001,2084,,82266.0,83.49,new
BLISSGVS, BE,2026-09-29,727.0,730.0,700.8,710.9,712.9,737.65,528926,373598000.0,3842,,,,new
BLKASHYAP, EQ,2026-09-29,52.06,52.06,49.87,50.9,50.75,51.9,441623,22456000.0,3177,,217101.0,49.16,new
BLS, EQ,2026-09-29,221.6,224.6,218.0,219.55,218.75,221.22,784993,173504000.0,19480,,299243.0,38.12,new
BLSE, EQ,2026-09-29,322.55,324.0,315.65,321.1,322.5,320.65,253804,81365000.0,4044,,161707.0,63.71,new
BLUECLOUDS, EQ,2026-09-29,21.74,21.74,19.89,20.23,20.35,21.71,7984831,162779000.0,18482,,2366930.0,29.64,new
BLUECOAST, EQ,2026-09-29,22.99,22.99,21.61,22.7,22.7,21.99,1393,31000.0,19,,1245.0,89.38,new
BLUEDART, EQ,2026-09-29,4747.2,4751.9,4523.0,4576.0,4550.0,4749.6,88233,406474000.0,17331,,50027.0,56.7,new
BLUEJET, EQ,2026-09-29,558.95,566.6,544.8,549.6,555.4,557.3,763828,422803000.0,31087,,439151.0,57.49,new
BLUEPEBBLE, ST,2026-09-29,67.8,67.8,65.45,67.0,67.0,68.85,2000,133000.0,4,,1600.0,80.0,new
BLUESTARCO, EQ,2026-09-29,1572.9,1578.5,1526.9,1529.5,1529.5,1575.4,1003421,1554825000.0,35938,,535441.0,53.36,new
BLUESTONE, EQ,2026-09-29,789.0,815.95,740.35,806.05,798.0,786.2,2316818,1802441000.0,82220,,610003.0,26.33,new
BLUEWATER, ST,2026-09-29,589.4,589.4,558.05,580.0,580.0,561.45,21000,12161000.0,19,,19000.0,90.48,new
BLUSPRING, EQ,2026-09-29,149.0,152.5,142.0,143.11,143.4,149.44,351924,51615000.0,6890,,115967.0,32.95,new
BMLL, SM,2026-09-29,160.1,160.1,155.0,155.35,155.0,166.0,27000,4296000.0,22,,19000.0,70.37,new
BMWVENTLTD, EQ,2026-09-29,51.6,52.49,51.4,51.49,51.4,51.4,83375,4307000.0,1432,,64012.0,76.78,new
BNAGROCHEM, EQ,2026-09-29,208.0,218.0,197.6,207.24,208.0,208.0,918,193000.0,39,,785.0,85.51,new
BNALTD, BE,2026-09-29,351.8,351.8,351.8,351.8,351.8,351.8,1,0.0,1,,,,new
BNKETFAXIS, EQ,2026-09-29,561.33,562.34,555.36,562.34,562.34,563.13,9056,5039000.0,51,,4223.0,46.63,new
BODALCHEM, BE,2026-09-29,201.95,202.8,191.84,191.99,192.0,201.93,710483,138648000.0,2847,,,,new
BOHRAIND, EQ,2026-09-29,15.79,15.79,15.01,15.01,15.01,15.79,7861,119000.0,42,,4431.0,56.37,new
BOMDYEING, EQ,2026-09-29,108.0,108.0,105.01,106.7,106.39,107.39,351757,37396000.0,3800,,142038.0,40.38,new
BONLON, EQ,2026-09-29,40.16,42.0,39.56,40.16,40.5,40.16,4226,172000.0,44,,3390.0,80.22,new
BORANA, EQ,2026-09-29,294.15,300.6,286.1,296.4,297.0,296.2,28915,8516000.0,905,,14468.0,50.04,new
BOROLTD, EQ,2026-09-29,281.0,282.26,272.01,276.21,277.0,280.8,461628,127814000.00000001,9347,,163806.0,35.48,new
BORORENEW, EQ,2026-09-29,452.25,459.95,449.1,452.5,455.0,452.25,392825,178193000.0,18138,,157188.0,40.01,new
BOROSCI, EQ,2026-09-29,114.47,118.56,113.22,114.84,115.6,114.13,176023,20347000.0,2420,,108809.0,61.82,new
BOSCH-HCIL, EQ,2026-09-29,1795.0,1964.9,1780.0,1934.4,1937.1,1802.4,201421,384798000.0,20235,,64539.0,32.04,new
BOSCHLTD, EQ,2026-09-29,47145.0,47240.0,45700.0,45700.0,45700.0,47020.0,14828,687663000.0,6214,,6531.0,44.05,new
BOSS, ST,2026-09-29,57.0,58.6,57.0,58.6,58.6,57.2,6000,346000.0,3,,6000.0,100.0,new
BPCL, EQ,2026-09-29,302.25,303.45,296.5,299.35,299.35,302.25,4538466,1360573000.0,44663,,2815202.0,62.03,new
BPL, EQ,2026-09-29,46.99,47.99,45.1,46.5,46.1,46.41,87265,4043000.0,1239,,35824.0,41.05,new
BPLPHARMA, EQ,2026-09-29,2159.9,2222.0,1820.0,1926.0,1909.6,2149.8,64591,127839000.00000001,6583,,24650.0,38.16,new
BRACEPORT, SM,2026-09-29,69.5,69.7,64.0,64.0,64.0,65.1,14400,980000.0000000001,9,,9600.0,66.67,new
BRAHMINFRA, EQ,2026-09-29,145.6,156.0,142.01,149.26,155.9,148.23,33835,4938000.0,520,,19982.0,59.06,new
BRANDMAN, SM,2026-09-29,162.0,163.05,160.0,163.05,163.05,163.0,4800,777000.0,6,,4800.0,100.0,new
BRIGADE, EQ,2026-09-29,579.05,584.85,557.55,563.05,562.0,583.9,326005,185261000.0,16383,,216519.0,66.42,new
BRIGHOTEL, EQ,2026-09-29,55.4,56.98,55.21,56.14,55.81,55.52,127096,7120999.999999999,4997,,64135.0,50.46,new
BRIGHTBR, EQ,2026-09-29,249.1,252.0,241.0,248.85,248.0,248.1,683,169000.0,63,,506.0,74.08,new
BRITANNIA, EQ,2026-09-29,4899.0,4907.5,4798.0,4835.0,4835.0,4915.0,524981,2536451000.0,29076,,311912.0,59.41,new
BRNL, EQ,2026-09-29,16.28,16.87,15.99,16.45,16.59,16.43,30174,490000.00000000006,283,,23013.0,76.27,new
BROOKS, EQ,2026-09-29,57.11,57.94,55.65,56.51,56.5,56.55,26984,1528000.0,560,,20082.0,74.42,new
BSE, EQ,2026-09-29,3100.0,3200.0,3100.0,3200.0,3200.0,3097.5,30101047,95785691000.0,278349,,22637963.0,75.21,new
BSE500IETF, EQ,2026-09-29,37.9,37.98,37.31,37.73,37.67,37.7,85333,3200000.0,797,,60734.0,71.17,new
BSHSL, EQ,2026-09-29,84.99,88.13,81.53,85.9,88.13,84.99,13135,1113000.0,412,,10318.0,78.55,new
BSL, EQ,2026-09-29,120.79,121.9,117.01,118.16,118.3,118.49,2047,243000.00000000003,66,,1995.0,97.46,new
BSLGOLDETF, EQ,2026-09-29,129.38,129.74,127.66,128.49,128.72,129.35,810457,104108000.0,3201,,737610.0,91.01,new
BSLNIFTY, EQ,2026-09-29,26.81,28.0,26.56,27.06,27.83,26.81,979590,26267000.0,4471,,605708.0,61.83,new
BSLSENETFG, EQ,2026-09-29,73.32,74.43,72.8,73.03,73.4,73.78,2292,168000.0,91,,2196.0,95.81,new
BSOFT, EQ,2026-09-29,270.65,273.4,267.4,269.05,270.5,271.25,916800,247309000.0,28596,,376343.0,41.05,new
BTML, EQ,2026-09-29,7.15,7.25,6.96,7.03,7.05,7.15,105273,751000.0,292,,88583.0,84.15,new
BTTL, BE,2026-09-29,39.5,40.4,36.8,39.96,40.4,38.5,4534,177000.0,26,,,,new
BUILDPRO, EQ,2026-09-29,1261.3,1279.1,1229.5,1244.2,1260.0,1256.7,50034,62836000.0,5077,,27474.0,54.91,new
BULKCORP, ST,2026-09-29,81.5,81.5,77.9,79.7,77.9,81.75,2400,191000.0,2,,2400.0,100.0,new
BURNPUR, BE,2026-09-29,14.01,14.27,13.84,13.84,13.84,14.56,50743,706000.0,368,,,,new
BUTTERFLY, EQ,2026-09-29,563.0,567.4,559.5,561.25,561.9,564.05,7600,4269000.0,689,,5110.0,67.24,new
BVCL, EQ,2026-09-29,40.06,41.3,40.06,40.87,41.1,40.53,5203,213000.0,118,,3762.0,72.3,new
BYKE, EQ,2026-09-29,29.9,29.9,28.08,28.93,29.28,29.13,57741,1666000.0,392,,48667.0,84.28,new
C2C, SM,2026-09-29,164.0,194.55,159.05,194.55,194.55,162.15,274650,50403000.0,1177,,178800.0,65.1,new
CADSYS, SM,2026-09-29,41.55,41.55,41.55,41.55,41.55,43.7,3000,125000.0,6,,3000.0,100.0,new
CALSOFT, BE,2026-09-29,33.61,34.7,32.9,33.44,33.79,34.55,263015,8786000.0,743,,,,new
CAMLINFINE, EQ,2026-09-29,95.97,96.42,92.75,93.17,93.4,95.4,518550,48594000.0,5405,,228087.0,43.99,new
CAMPUS, EQ,2026-09-29,211.0,212.27,208.71,209.76,210.98,211.04,244297,51428000.0,8513,,114133.0,46.72,new
CAMS, EQ,2026-09-29,685.0,689.95,665.05,666.0,666.0,691.55,2128456,1431196000.0,74648,,868562.0,40.81,new
CANARYS, SM,2026-09-29,28.35,29.35,27.8,28.05,28.3,28.65,148000,4239000.0,33,,76000.0,51.35,new
CANBK, EQ,2026-09-29,120.0,120.34,118.03,119.51,119.51,120.65,20596639,2454098000.0,101398,,10071078.0,48.9,new
CANFINHOME, EQ,2026-09-29,737.6,743.75,730.0,731.7,731.0,737.6,182975,134566000.0,14511,,104316.0,57.01,new
CANHLIFE, EQ,2026-09-29,146.55,152.49,144.55,149.62,149.0,147.78,1474938,218852000.0,22446,,791042.0,53.63,new
CANTABIL, EQ,2026-09-29,231.0,234.43,228.21,232.5,231.0,230.67,92666,21391000.0,2103,,49035.0,52.92,new
CAPACITE, EQ,2026-09-29,185.1,186.68,180.5,182.61,182.67,184.41,350639,64217999.99999999,9015,,185738.0,52.97,new
CAPILLARY, EQ,2026-09-29,576.35,576.35,551.4,568.05,569.5,576.35,142990,80865000.0,7067,,55578.0,38.87,new
CAPINVIT, IV,2026-09-29,76.95,77.28,76.52,76.68,76.89,76.92,204140,15697000.0,2439,,163406.0,80.05,new
CAPITALSFB, EQ,2026-09-29,280.0,281.95,274.55,279.65,280.0,280.2,33988,9454000.0,917,,18373.0,54.06,new
CAPLIPOINT, EQ,2026-09-29,2852.0,2869.0,2735.0,2744.0,2738.0,2854.0,93586,260485000.0,15553,,38654.0,41.3,new
CAPTRUST, BE,2026-09-29,18.15,18.73,17.48,17.55,17.55,18.39,25855,455999.99999999994,84,,,,new
CARBORUNIV, EQ,2026-09-29,1241.7,1255.0,1194.0,1200.5,1207.0,1247.8,279910,341859000.0,21768,,170772.0,61.01,new
CARERATING, EQ,2026-09-29,1627.9,1647.6,1603.4,1637.8,1640.0,1628.4,70064,113994000.0,5757,,46703.0,66.66,new
CARRARO, EQ,2026-09-29,522.2,525.0,516.8,520.8,520.0,523.7,39095,20380000.0,4195,,20657.0,52.84,new
CARTRADE, EQ,2026-09-29,2872.8,2937.0,2837.8,2907.5,2900.1,2880.1,245679,713270000.0,31884,,104425.0,42.5,new
CARYSIL, EQ,2026-09-29,1038.0,1072.0,1016.1,1056.5,1050.0,1038.3,92819,96990000.0,8971,,50373.0,54.27,new
CASHIETF, EQ,2026-09-29,1081.41,1081.57,1081.41,1081.56,1081.56,1081.41,272398,294616000.0,115,,202416.0,74.31,new
CASTROLIND, EQ,2026-09-29,200.2,202.8,198.1,199.83,199.26,201.04,5827158,1171389000.0,50167,,3374271.0,57.91,new
CBAZAAR, SM,2026-09-29,5.5,5.6,5.45,5.45,5.45,5.35,24000,132000.0,3,,24000.0,100.0,new
CCAVENUE, EQ,2026-09-29,15.4,15.6,14.96,15.36,15.37,15.41,11575582,176668000.0,18342,,3822352.0,33.02,new
CCCL, EQ,2026-09-29,13.38,13.95,13.0,13.47,13.52,13.38,222828,2975000.0,557,,189962.0,85.25,new
CCHHL, EQ,2026-09-29,12.89,13.17,12.71,12.9,12.9,12.83,4917,63000.0,52,,4505.0,91.62,new
CCL, EQ,2026-09-29,1030.0,1036.3,1000.0,1006.2,1002.3,1031.6,125455,127453000.0,15185,,70090.0,55.87,new
CDSL, EQ,2026-09-29,1289.0,1290.0,1261.3,1261.9,1261.9,1289.0,1412255,1801843999.9999998,54101,,635331.0,44.99,new
CEATLTD, EQ,2026-09-29,3275.1,3282.6,3215.9,3240.0,3235.5,3274.7,45813,148379000.0,11472,,22660.0,49.46,new
CEDAAR, ST,2026-09-29,10.85,11.4,10.85,11.4,11.4,10.9,4000,44000.0,4,,4000.0,100.0,new
CEIGALL, EQ,2026-09-29,378.75,384.8,373.0,377.55,380.0,378.55,417159,158396000.0,15683,,184900.0,44.32,new
CEINSYS, EQ,2026-09-29,682.0,690.0,668.0,681.85,677.95,685.15,47994,32568000.0,3115,,25239.0,52.59,new
CELEBRITY, EQ,2026-09-29,6.7,6.7,6.34,6.46,6.45,6.68,22678,147000.0,79,,18939.0,83.51,new
CELLECOR, SM,2026-09-29,29.55,29.85,29.5,29.55,29.55,29.45,102000,3023000.0,32,,75000.0,73.53,new
CELLO, EQ,2026-09-29,332.6,336.5,325.6,333.35,330.0,332.6,213489,70736000.0,12889,,102566.0,48.04,new
CEMNTGROWW, EQ,2026-09-29,14.08,14.09,13.68,13.72,13.68,13.93,87435,1205000.0,520,,48687.0,55.68,new
CEMPRO, EQ,2026-09-29,1229.0,1245.5,1214.0,1223.3,1222.0,1224.5,121284,148729000.0,14722,,59884.0,49.38,new
CENTENKA, EQ,2026-09-29,558.6,560.2,541.0,549.5,548.0,553.05,20056,10985000.0,2113,,9391.0,46.82,new
CENTEXT, EQ,2026-09-29,18.29,18.3,18.0,18.16,18.23,18.14,68265,1237000.0,430,,50621.0,74.15,new
CENTEXT-RE, BE,2026-09-29,2.05,2.8,1.92,2.79,2.8,2.0,346265,825000.0,563,,,,new
CENTRALBK, EQ,2026-09-29,30.59,30.6,29.92,30.04,30.06,30.59,6815993,205581000.0,24849,,3467091.0,50.87,new
CENTRUM, EQ,2026-09-29,21.33,22.2,19.95,20.56,20.4,20.85,473508,9680000.0,1165,,224500.0,47.41,new
CENTUM, EQ,2026-09-29,4530.0,4995.0,4460.2,4920.7,4848.0,4571.2,480139,2334468000.0,63410,,227985.0,47.48,new
CENTURYPLY, EQ,2026-09-29,679.05,683.9,655.05,665.0,674.0,679.05,515533,343793000.0,34235,,309906.0,60.11,new
CERA, EQ,2026-09-29,5196.0,5238.5,5100.0,5124.5,5126.0,5196.0,6588,33799000.0,2614,,3300.0,50.09,new
CESC, EQ,2026-09-29,136.11,136.59,132.5,133.87,134.28,136.18,4045341,543823000.0,42768,,2188001.0,54.09,new
CEWATER, EQ,2026-09-29,259.0,261.95,250.25,259.6,258.75,258.25,57475,14732000.0,2739,,30816.0,53.62,new
CFEL, BE,2026-09-29,45.0,47.16,43.03,47.12,46.95,44.92,23048,1040000.0,97,,,,new
CGCL, EQ,2026-09-29,248.6,249.95,244.55,246.9,247.8,248.9,1745741,431127000.00000006,22883,,684860.0,39.23,new
CGPOWER, EQ,2026-09-29,865.0,873.0,855.0,858.05,858.05,865.0,2197467,1899765000.0000002,44831,,1150230.0,52.34,new
CGRAPHICS, SM,2026-09-29,152.0,159.95,149.0,158.4,159.5,147.6,200800,31139999.999999996,155,,170400.0,84.86,new
CGVAK, EQ,2026-09-29,151.65,151.69,143.0,148.97,148.97,151.69,769,115999.99999999999,43,,684.0,88.95,new
CHALET, EQ,2026-09-29,861.5,893.95,830.2,840.75,850.5,868.95,1019411,865099000.0,49450,,647812.0,63.55,new
CHAMBLFERT, EQ,2026-09-29,417.0,417.8,411.7,413.55,413.0,418.45,665522,276495000.0,16682,,482033.0,72.43,new
CHAMUNDA, SM,2026-09-29,40.0,40.0,40.0,40.0,40.0,42.85,3000,120000.0,1,,3000.0,100.0,new
CHANDAN, SM,2026-09-29,240.0,241.9,235.95,237.65,239.0,236.5,35200,8406000.0,39,,20000.0,56.82,new
CHAVDA, ST,2026-09-29,65.85,66.5,65.0,65.35,65.0,68.05,38000,2487000.0,15,,38000.0,100.0,new
CHEMBOND, EQ,2026-09-29,194.0,194.0,182.0,182.87,182.0,189.43,11920,2199000.0,532,,9019.0,75.66,new
CHEMBONDCH, BE,2026-09-29,246.8,246.8,230.3,230.3,230.3,242.4,10790,2508000.0,168,,,,new
CHEMCON, EQ,2026-09-29,221.55,222.92,211.0,213.81,214.06,220.81,42417,9137000.0,1191,,27684.0,65.27,new
CHEMCRUX, EQ,2026-09-29,78.8,80.0,76.3,78.01,78.9,78.78,5752,450000.0,143,,4974.0,86.47,new
CHEMFAB, EQ,2026-09-29,340.55,349.8,334.45,343.5,346.0,340.55,3068,1051000.0,335,,2204.0,71.84,new
CHEMICAL, EQ,2026-09-29,28.71,28.84,28.01,28.11,28.15,28.69,1022878,28927000.0,2622,,404971.0,39.59,new
CHEMPLASTS, EQ,2026-09-29,195.15,199.25,191.09,192.35,192.05,195.88,198535,38592000.0,4058,,81084.0,40.84,new
CHENNPETRO, EQ,2026-09-29,1413.0,1485.0,1395.5,1436.9,1436.0,1408.1,2928658,4239546000.0,103212,,561664.0,19.18,new
CHEVIOT, EQ,2026-09-29,1175.5,1193.9,1171.0,1176.0,1175.2,1187.9,620,729000.0,106,,550.0,88.71,new
CHOICEGOLD, EQ,2026-09-29,143.1,145.45,143.1,145.05,145.2,145.35,5639,817000.0,173,,3552.0,62.99,new
CHOICEIN, EQ,2026-09-29,755.5,756.95,738.5,741.15,739.0,756.9,331488,248398000.0,8080,,230537.0,69.55,new
CHOLAFIN, EQ,2026-09-29,1620.0,1644.0,1600.2,1627.3,1627.3,1634.2,1489025,2425057000.0,61594,,848738.0,57.0,new
CHOLAHLDNG, EQ,2026-09-29,1389.7,1402.0,1341.0,1371.8,1352.7,1390.4,479726,660841000.0,48815,,275705.0,57.47,new
CIEINDIA, EQ,2026-09-29,384.8,384.8,374.8,376.45,375.75,383.35,206872,78142000.0,19532,,129965.0,62.82,new
CIFL, EQ,2026-09-29,22.49,22.49,20.4,21.36,21.49,21.73,304436,6579000.000000001,1490,,167726.0,55.09,new
CINELINE, EQ,2026-09-29,88.52,89.9,87.62,88.13,89.39,88.02,29030,2562000.0,372,,24690.0,85.05,new
CINEVISTA, EQ,2026-09-29,14.25,14.25,13.4,13.64,13.85,13.82,9908,135000.0,93,,9342.0,94.29,new
CIPLA, EQ,2026-09-29,1390.0,1401.8,1376.2,1379.3,1379.3,1383.7,1479526,2048700999.9999998,44697,,924048.0,62.46,new
CITIUSINVT, IV,2026-09-29,117.2,119.0,116.63,117.86,117.8,117.3,129209,15226000.0,2895,,110889.0,85.82,new
CKKRETAIL, SM,2026-09-29,170.1,170.1,153.0,169.9,170.0,170.0,147200,24976000.0,27,,76800.0,52.17,new
CLASSICEIL, SM,2026-09-29,50.8,50.8,50.2,50.2,50.2,49.55,3200,162000.0,2,,3200.0,100.0,new
CLAYCRAFT, SM,2026-09-29,174.15,174.15,158.15,168.45,165.1,174.15,112800,18693000.0,116,,90600.0,80.32,new
CLEAN, EQ,2026-09-29,786.0,788.8,766.0,775.75,773.0,781.7,385864,299080000.0,19854,,245263.0,63.56,new
CLEANMAX, EQ,2026-09-29,1372.0,1422.0,1345.6,1382.4,1380.0,1373.1,1799568,2504205000.0,88702,,537451.0,29.87,new
CLEDUCATE, EQ,2026-09-29,55.01,55.98,53.05,55.43,55.98,54.28,11735,640000.0,196,,9775.0,83.3,new
CLSEL, EQ,2026-09-29,285.5,286.45,280.8,282.25,282.0,285.75,20941,5936000.0,1434,,9151.0,43.7,new
CLSL, ST,2026-09-29,62.95,62.95,62.95,62.95,62.95,63.2,2000,126000.0,1,,2000.0,100.0,new
CMLL, EQ,2026-09-29,526.0,552.05,513.65,542.9,540.0,524.8,1050819,567916000.0,26819,,497325.0,47.33,new
CMNL, SM,2026-09-29,112.5,115.0,111.0,111.0,111.0,115.75,13500,1512000.0,17,,10500.0,77.78,new
CMPDI, EQ,2026-09-29,204.58,214.65,203.02,213.12,212.63,204.58,2376372,502496000.0,33764,,960327.0,40.41,new
CMRGREEN, EQ,2026-09-29,221.8,232.0,218.6,227.91,228.5,221.77,1088405,247883000.0,24802,,445504.0,40.93,new
CMSINFO, EQ,2026-09-29,228.6,230.74,224.63,229.17,229.05,228.01,425261,96898000.0,14451,,259532.0,61.03,new
CNL, EQ,2026-09-29,1067.2,1125.9,1049.0,1097.7,1104.0,1072.7,14640,15875000.0,1608,,5498.0,37.55,new
COALINDIA, EQ,2026-09-29,420.55,426.0,420.55,425.0,425.0,422.5,7457218,3163200000.0,88911,,4836141.0,64.85,new
COASTCORP, EQ,2026-09-29,36.95,36.95,35.3,35.55,35.83,36.18,47459,1694000.0000000002,549,,33515.0,70.62,new
COCHINSHIP, EQ,2026-09-29,1327.6,1359.3,1290.0,1359.3,1359.3,1329.0,1450465,1906831000.0000002,50278,,579113.0,39.93,new
COCKERILL, EQ,2026-09-29,7860.0,7999.5,7681.0,7883.0,7950.0,7824.5,3946,30745000.0,1286,,1869.0,47.36,new
COFFEEDAY, EQ,2026-09-29,30.0,30.73,29.8,30.51,30.45,29.92,488933,14790000.0,1969,,287079.0,58.72,new
COFORGE, EQ,2026-09-29,1784.0,1813.8,1722.0,1722.0,1722.0,1773.0,1932111,3437092000.0,68247,,919338.0,47.58,new
COHANCE, EQ,2026-09-29,452.8,469.75,449.6,457.9,455.1,453.3,1477420,679319000.0,42908,,622173.0,42.11,new
COLPAL, EQ,2026-09-29,1833.2,1836.0,1785.1,1785.1,1785.1,1845.9,262461,475131000.00000006,22457,,162033.0,61.74,new
COMFINTE, EQ,2026-09-29,7.04,7.15,6.38,6.73,6.7,7.21,827066,5633000.0,1324,,381358.0,46.11,new
COMMITTED, SM,2026-09-29,319.95,319.95,319.95,319.95,319.95,317.0,4800,1536000.0,2,,4800.0,100.0,new
COMMOIETF, EQ,2026-09-29,97.3,97.3,94.5,95.27,95.5,95.39,36019,3427000.0000000005,1226,,20453.0,56.78,new
COMPEAU, EQ,2026-09-29,383.9,383.9,349.05,369.7,373.0,353.05,1518,552000.0,108,,1056.0,69.57,new
COMPINFO, BZ,2026-09-29,1.03,1.08,1.03,1.03,1.03,1.08,7373,8000.0,19,,,,new
COMPUSOFT, EQ,2026-09-29,13.06,13.8,13.06,13.36,13.39,13.1,22196,298000.0,145,,17833.0,80.34,new
COMSYN, EQ,2026-09-29,281.9,282.85,258.25,261.95,261.85,280.85,1255588,341973000.0,12030,,515203.0,41.03,new
CONCOR, EQ,2026-09-29,450.0,452.05,443.3,443.5,443.5,450.0,1737443,778827000.0,40517,,826682.0,47.58,new
CONCORDBIO, EQ,2026-09-29,1393.0,1435.6,1393.0,1410.7,1409.0,1392.7,153198,216732000.00000003,16550,,57382.0,37.46,new
CONFIPET, EQ,2026-09-29,86.0,88.72,84.66,87.19,86.92,85.65,1929278,167998000.0,21164,,627347.0,32.52,new
CONNPLEX, SM,2026-09-29,249.4,254.0,245.0,249.8,251.5,248.8,28000,6970999.999999999,33,,17600.0,62.86,new
CONS, EQ,2026-09-29,11.62,11.89,11.45,11.72,11.6,11.71,11940,139000.0,234,,7520.0,62.98,new
CONSOFINVT, BE,2026-09-29,276.1,289.9,276.05,289.3,289.9,276.1,5396,1530000.0,38,,,,new
CONSUMAXIS, EQ,2026-09-29,115.78,117.78,115.0,115.71,115.71,116.14,2410,280000.0,24,,1234.0,51.2,new
CONSUMBEES, EQ,2026-09-29,128.51,128.51,124.53,125.07,125.42,125.98,66699,8343000.000000001,1219,,22970.0,34.44,new
CONSUMER, EQ,2026-09-29,11.42,11.53,11.31,11.34,11.33,11.42,126063,1430000.0,371,,74829.0,59.36,new
CONSUMIETF, EQ,2026-09-29,120.0,120.0,115.8,116.41,116.73,117.21,11852,1381000.0,216,,6232.0,52.58,new
CONTROLPR, EQ,2026-09-29,593.0,610.0,593.0,608.5,608.05,599.2,49346,29876000.0,1637,,36296.0,73.55,new
COOLCAPS, SM,2026-09-29,23.5,23.95,21.15,21.5,21.35,23.5,251250,5444000.0,107,,193750.0,77.11,new
CORALFINAC, EQ,2026-09-29,31.98,32.85,31.06,32.17,32.0,31.42,28066,896000.0000000001,212,,21417.0,76.31,new
CORDELIA, EQ,2026-09-29,103.75,104.65,101.0,102.56,101.3,102.64,1147541,118111999.99999999,9549,,580119.0,50.55,new
CORDSCABLE, BE,2026-09-29,315.5,335.0,314.85,316.7,321.0,331.4,75912,24135000.0,1185,,,,new
COROMANDEL, EQ,2026-09-29,1900.0,1900.1,1772.1,1792.9,1810.0,1899.1,374773,678117000.0,28703,,233107.0,62.2,new
CORONA, EQ,2026-09-29,2053.0,2108.2,2001.1,2078.4,2085.0,2053.3,70858,146018000.0,17404,,28600.0,40.36,new
COSMOFIRST, EQ,2026-09-29,844.0,862.0,825.2,834.8,836.0,842.75,39721,33138000.0,3199,,17888.0,45.03,new
COUNCODOS, BE,2026-09-29,6.35,6.69,6.29,6.4,6.4,6.45,14690,95000.0,60,,,,new
CPCAP, EQ,2026-09-29,153.8,153.8,147.41,150.35,150.1,150.22,16103,2409000.0,417,,12750.0,79.18,new
CPEDU, EQ,2026-09-29,173.92,184.8,172.05,179.6,179.4,173.92,5458,982000.0,120,,5305.0,97.2,new
CPL, EQ,2026-09-29,62.52,62.86,61.72,62.16,62.4,62.86,15463,963000.0000000001,572,,9295.0,60.11,new
CPPLUS, EQ,2026-09-29,3739.0,3841.9,3714.1,3817.6,3811.0,3723.4,224859,849996999.9999999,35058,,151524.0,67.39,new
CPS, SM,2026-09-29,1110.0,1135.0,1101.1,1135.0,1135.0,1150.0,1200,1342000.0,8,,750.0,62.5,new
CPSEETF, EQ,2026-09-29,91.4,92.5,90.1,91.36,91.5,91.4,500003,45533000.0,6207,,245099.0,49.02,new
CRAFTSMAN, EQ,2026-09-29,10566.0,10646.0,10405.0,10505.0,10498.0,10534.0,27697,292218000.0,10916,,12307.0,44.43,new
CRAMC, EQ,2026-09-29,227.5,228.0,222.15,223.55,223.45,225.4,244217,54628000.0,7430,,146360.0,59.93,new
CRAVATEX, EQ,2026-09-29,340.05,355.95,332.25,343.95,343.8,361.8,281,97000.0,52,,194.0,69.04,new
CRAYONS, SM,2026-09-29,26.85,26.85,24.45,24.45,24.45,25.7,3000,77000.0,3,,3000.0,100.0,new
CREATIVEYE, EQ,2026-09-29,6.18,6.18,5.63,6.03,6.04,5.72,15364,89000.0,84,,10237.0,66.63,new
CREDENT, SM,2026-09-29,392.0,411.95,387.25,407.45,405.1,391.85,74400,29819000.0,105,,54600.0,73.39,new
CREDITACC, EQ,2026-09-29,1255.0,1255.6,1209.1,1216.3,1224.7,1255.2,368535,452221000.0,31321,,231223.0,62.74,new
CREST, EQ,2026-09-29,361.9,361.9,355.0,356.9,356.3,359.9,768,273000.0,35,,720.0,93.75,new
CRESTO, EQ,2026-09-29,22.85,23.97,22.2,23.59,22.75,23.83,42943,992000.0,386,,34832.0,81.11,new
CRISIL, EQ,2026-09-29,4640.2,4640.2,4437.1,4464.1,4500.0,4650.6,36620,165457000.0,10492,,16298.0,44.51,new
CRIZAC, EQ,2026-09-29,177.0,177.0,168.0,169.08,168.5,177.14,428888,72964000.0,12263,,176897.0,41.25,new
CROMPTON, EQ,2026-09-29,219.0,219.0,211.37,211.37,211.37,218.8,5902708,1265898000.0,49232,,3148515.0,53.34,new
CROWN, EQ,2026-09-29,115.99,118.0,113.81,115.73,115.5,113.72,18332,2122000.0,628,,13039.0,71.13,new
CRSL, BE,2026-09-29,2.34,2.34,2.24,2.26,2.25,2.33,221776,504000.0,495,,,,new
CSBBANK, EQ,2026-09-29,323.75,323.75,315.1,316.2,315.5,323.75,474185,151068000.0,19596,,218245.0,46.03,new
CSLFINANCE, EQ,2026-09-29,211.79,214.74,208.81,211.4,213.24,212.07,26104,5506000.0,554,,16512.0,63.25,new
CSM, EQ,2026-09-29,98.69,99.97,95.21,98.16,97.0,98.31,100639,9836000.0,1588,,30481.0,30.29,new
CSSL, SM,2026-09-29,75.05,75.05,75.0,75.0,75.0,76.0,3000,225000.0,3,,3000.0,100.0,new
CTE, BE,2026-09-29,40.1,42.0,39.25,41.34,41.34,41.31,9067,363000.0,65,,,,new
CUB, EQ,2026-09-29,217.16,217.48,210.69,214.91,215.4,215.99,1556485,333752000.0,25648,,829888.0,53.32,new
CUBEINVIT, IV,2026-09-29,154.75,155.48,154.0,154.59,154.6,154.02,1217384,188130000.0,29106,,1186941.0,97.5,new
CUBEXTUB, BE,2026-09-29,170.0,175.83,159.09,175.74,175.83,167.46,511101,87011000.0,2974,,,,new
CUDML, SM,2026-09-29,100.25,106.0,100.25,106.0,106.0,101.45,7000,728000.0,7,,7000.0,100.0,new
CUMMINSIND, EQ,2026-09-29,4850.0,4875.0,4795.0,4800.0,4800.0,4855.0,796818,3841026000.0,93660,,522546.0,65.58,new
CUPID, EQ,2026-09-29,264.0,292.25,262.0,288.0,290.3,264.5,37060879,10369091000.0,201770,,20562525.0,55.48,new
CURAA, BE,2026-09-29,72.5,72.5,72.5,72.5,72.5,72.5,1,0.0,1,,,,new
CURIS, ST,2026-09-29,234.0,234.0,225.0,225.0,225.0,230.1,3000,689000.0,3,,2000.0,66.67,new
CURRENT, SM,2026-09-29,94.8,105.0,94.8,99.0,99.0,94.8,14400,1432000.0,9,,12800.0,88.89,new
CYBERMEDIA, BE,2026-09-29,19.18,19.6,18.8,18.99,18.99,19.18,16000,305000.0,83,,,,new
CYBERTECH, BE,2026-09-29,135.0,137.75,133.01,137.56,137.49,135.44,16429,2249000.0,126,,,,new
CYIENT, EQ,2026-09-29,1075.0,1093.5,1044.0,1055.3,1056.0,1082.3,481634,515226000.0,42430,,212612.0,44.14,new
CYIENTDLM, EQ,2026-09-29,914.0,932.0,885.45,921.15,929.8,917.95,439697,397243000.0,34165,,178349.0,40.56,new
DABUR, EQ,2026-09-29,383.85,384.45,378.0,380.4,380.4,385.75,6185956,2362453000.0,50287,,4077755.0,65.92,new
DAICHI, BE,2026-09-29,326.85,326.85,301.2,313.35,312.0,316.0,2024,620000.0,60,,,,new
DALBHARAT, EQ,2026-09-29,1651.6,1664.3,1630.1,1637.4,1635.0,1651.6,51490,84667000.0,12627,,30065.0,58.39,new
DALMIASUG, EQ,2026-09-29,414.9,419.3,406.25,412.2,413.45,414.8,170040,70166000.0,6340,,71826.0,42.24,new
DAMCAPITAL, EQ,2026-09-29,157.95,159.23,152.23,155.76,155.5,158.66,3480805,542684000.0,38750,,417842.0,12.0,new
DAMODARIND, BE,2026-09-29,26.8,26.98,25.77,26.4,26.36,27.11,5220,137000.0,38,,,,new
DANGEE, EQ,2026-09-29,2.94,2.96,2.74,2.79,2.75,2.94,229714,641000.0,345,,157570.0,68.59,new
DANISH, SM,2026-09-29,930.0,981.0,912.5,969.45,967.0,926.3,20100,19187000.0,115,,15450.0,76.87,new
DATAMATICS, EQ,2026-09-29,783.0,829.9,770.0,821.4,821.1,784.2,242433,197331000.0,11121,,78044.0,32.19,new
DATAPATTNS, EQ,2026-09-29,4287.0,4298.0,4190.0,4221.6,4222.0,4276.8,369866,1566968000.0,42230,,91788.0,24.82,new
DAVANGERE, EQ,2026-09-29,2.49,2.49,2.3,2.34,2.33,2.48,9874250,23561000.0,3524,,5017961.0,50.82,new
DBCORP, EQ,2026-09-29,178.0,179.88,174.72,175.73,176.25,178.55,102069,17962000.0,3726,,48390.0,47.41,new
DBEIL, EQ,2026-09-29,6.67,6.75,6.37,6.54,6.51,6.54,159976,1049000.0,345,,113254.0,70.79,new
DBL, EQ,2026-09-29,406.3,412.8,400.1,410.9,411.5,406.9,103780,42377000.0,5392,,36225.0,34.91,new
DBOL, EQ,2026-09-29,124.0,126.25,119.76,124.49,123.5,122.77,275265,34094000.0,6382,,135051.0,49.06,new
DBREALTY, EQ,2026-09-29,96.07,98.99,95.2,97.82,98.0,96.28,865694,84383000.0,9882,,526478.0,60.82,new
DBSTOCKBRO, BE,2026-09-29,31.6,31.66,30.11,30.75,30.75,31.66,10726,327000.0,34,,,,new
DCAL, EQ,2026-09-29,164.3,166.49,160.99,161.39,161.0,164.27,260096,42241000.0,4932,,159426.0,61.3,new
DCBBANK, EQ,2026-09-29,206.05,206.06,201.1,202.37,202.2,207.46,977372,198357000.0,25668,,467663.0,47.85,new
DCG, ST,2026-09-29,72.35,77.55,72.35,77.25,77.0,74.5,20400,1561000.0,16,,19200.0,94.12,new
DCI, EQ,2026-09-29,334.0,336.3,316.2,325.7,327.0,326.65,114901,37664000.0,4609,,37168.0,32.35,new
DCM, EQ,2026-09-29,75.1,75.8,75.0,75.0,75.0,75.1,1394,105000.0,43,,1351.0,96.92,new
DCMFINSERV, EQ,2026-09-29,5.2,5.2,4.88,4.93,4.9,5.06,11982,60000.0,193,,10740.0,89.63,new
DCMNVL, EQ,2026-09-29,177.05,177.59,172.01,175.13,176.5,173.11,17098,2980000.0,1618,,8209.0,48.01,new
DCMSHRIRAM, EQ,2026-09-29,944.0,944.0,903.0,907.8,906.9,944.6,424951,386833000.0,24273,,287687.0,67.7,new
DCMSIL, EQ,2026-09-29,81.0,81.5,75.6,77.56,78.0,78.98,82867,6425000.0,1523,,50184.0,60.56,new
DCMSRIND, EQ,2026-09-29,39.05,39.76,38.21,39.34,38.8,39.01,181267,7076000.000000001,1734,,126744.0,69.92,new
DCW, EQ,2026-09-29,47.0,47.01,45.72,45.98,45.82,46.81,1027636,47491000.0,5797,,418345.0,40.71,new
DCXINDIA, EQ,2026-09-29,159.0,161.78,157.01,158.81,159.9,159.24,296344,47208000.0,6466,,125524.0,42.36,new
DDEVPLSTIK, EQ,2026-09-29,252.0,253.65,241.0,248.75,248.15,252.6,96122,23998000.0,4420,,57278.0,59.59,new
DECCANCE, EQ,2026-09-29,542.55,551.9,535.0,540.1,540.0,542.55,9821,5305000.0,654,,5566.0,56.67,new
DECCANTRAN, SM,2026-09-29,21.65,21.65,21.65,21.65,21.65,21.65,12000,260000.0,8,,12000.0,100.0,new
DECNGOLD, EQ,2026-09-29,205.65,206.98,200.0,201.41,201.0,205.1,1086490,220242999.99999997,18093,,488185.0,44.93,new
DEEDEV, EQ,2026-09-29,653.9,663.9,645.8,653.5,652.5,655.5,127706,83447000.0,7121,,57815.0,45.27,new
DEEM, SM,2026-09-29,47.0,47.0,47.0,47.0,47.0,47.0,1000,47000.0,1,,1000.0,100.0,new
DEEP, BE,2026-09-29,44.0,44.95,42.55,44.26,43.25,44.38,6637,292000.0,58,,,,new
DEEPA, EQ,2026-09-29,198.9,203.35,185.25,188.89,187.5,202.54,4117606,801791000.0,46819,,1019389.0,24.76,new
DEEPAKFERT, EQ,2026-09-29,1349.0,1349.2,1296.0,1308.9,1306.7,1350.5,171551,227307000.00000003,14123,,90284.0,52.63,new
DEEPAKNTR, EQ,2026-09-29,1552.8,1555.0,1512.3,1529.0,1520.0,1550.8,187781,287795000.0,19766,,102329.0,54.49,new
DEEPINDS, EQ,2026-09-29,768.0,794.9,760.05,782.5,777.35,768.0,277380,216109000.0,13271,,111694.0,40.27,new
DEFENCE, EQ,2026-09-29,76.96,77.44,76.11,76.93,76.48,76.95,168380,12926000.0,877,,88537.0,52.58,new
DELAPLEX, SM,2026-09-29,85.3,99.95,85.05,96.55,96.55,91.05,21600,2057999.9999999998,35,,13200.0,61.11,new
DELHIVERY, EQ,2026-09-29,409.0,418.3,405.25,417.4,417.4,407.5,5622866,2333293000.0,72157,,2102983.0,37.4,new
DELPHIFX, BE,2026-09-29,6.64,6.64,6.64,6.64,6.64,6.51,88284,586000.0,33,,,,new
DELTACORP, EQ,2026-09-29,72.45,81.56,71.02,78.69,78.2,72.2,12538926,954887999.9999999,51029,,3532408.0,28.17,new
DELTAMAGNT, EQ,2026-09-29,57.98,58.6,55.35,57.07,56.5,55.87,2389,138000.0,39,,1764.0,73.84,new
DELTIC, SM,2026-09-29,32.55,35.2,32.55,34.75,34.85,34.5,6000,204999.99999999997,6,,4000.0,66.67,new
DEN, EQ,2026-09-29,25.75,26.4,25.52,25.91,25.99,26.0,205763,5322000.0,1093,,137178.0,66.67,new
DENEERS, SM,2026-09-29,176.5,182.0,176.0,179.4,181.75,182.5,8400,1503000.0,14,,4800.0,57.14,new
DENORA, EQ,2026-09-29,748.0,752.6,717.6,741.35,737.0,738.0,9296,6862000.0,1247,,6044.0,65.02,new
DENTA, EQ,2026-09-29,268.7,273.95,264.0,266.6,265.5,267.7,60442,16180000.000000002,2419,,29049.0,48.06,new
DENTALKART, SM,2026-09-29,421.0,434.85,420.0,434.85,434.85,424.4,9500,4058000.0,34,,8750.0,92.11,new
DEVIT, EQ,2026-09-29,21.99,22.0,21.21,21.59,21.85,22.16,28270,612000.0,734,,20793.0,73.55,new
DEVX, EQ,2026-09-29,36.31,36.31,35.59,36.12,36.29,36.13,23115,832000.0,376,,15684.0,67.85,new
DEVYANI, EQ,2026-09-29,131.0,133.3,126.56,130.72,131.9,131.09,2134376,277940000.0,28382,,930181.0,43.58,new
DGCONTENT, EQ,2026-09-29,24.4,25.95,23.23,25.24,24.76,23.37,126064,3106000.0,302,,119097.0,94.47,new
DHABRIYA, BE,2026-09-29,472.0,481.5,468.05,471.8,470.0,471.9,11235,5315000.0,140,,,,new
DHAMPURSUG, EQ,2026-09-29,172.88,173.49,168.51,171.8,172.5,172.42,382799,65682000.00000001,9271,,117717.0,30.75,new
DHANBANK, EQ,2026-09-29,28.0,28.9,27.79,28.37,28.9,28.23,268647,7570999.999999999,2544,,128694.0,47.9,new
DHANLAXMI, SM,2026-09-29,25.25,26.0,25.0,26.0,26.0,25.25,6000,153000.0,3,,6000.0,100.0,new
DHANUKA, EQ,2026-09-29,950.0,962.5,922.0,930.55,930.0,954.4,26244,24688000.0,4789,,15717.0,59.89,new
DHARAN, BZ,2026-09-29,0.15,0.15,0.14,0.14,0.15,0.14,7530926,1088000.0,1024,,,,new
DHARARAIL, ST,2026-09-29,138.9,140.0,138.9,140.0,140.0,138.9,2000,279000.0,2,,2000.0,100.0,new
DHARIWAL, SM,2026-09-29,26.9,27.6,26.0,27.05,27.5,26.3,165000,4481000.0,52,,99000.0,60.0,new
DHARMAJ, EQ,2026-09-29,289.85,290.7,274.0,278.75,275.0,291.05,78435,21970000.0,2891,,48643.0,62.02,new
DHATRE, EQ,2026-09-29,3.91,4.09,3.9,3.97,3.95,3.96,59326,236000.0,176,,52060.0,87.75,new
DHOOTTRANS, EQ,2026-09-29,1508.9,1524.9,1477.7,1504.6,1505.0,1504.2,617575,929656000.0,37944,,196362.0,31.8,new
DHRUV, EQ,2026-09-29,20.9,20.9,20.33,20.89,20.89,21.4,12631,259000.0,75,,10891.0,86.22,new
DHTL, SM,2026-09-29,25.75,26.25,25.75,26.25,26.25,25.75,30400,790000.0,7,,15200.0,50.0,new
DHUNINV, EQ,2026-09-29,970.0,991.0,951.0,972.35,972.2,968.5,256,249000.00000000003,62,,197.0,76.95,new
DIACABS, BE,2026-09-29,336.9,356.2,333.65,352.05,351.9,339.25,1038953,362928000.0,12368,,,,new
DIAMINESQ, EQ,2026-09-29,236.59,244.0,236.15,239.88,236.6,240.18,1394,334000.0,188,,816.0,58.54,new
DIAMONDYD, EQ,2026-09-29,1069.3,1069.3,1037.7,1051.1,1050.0,1066.2,28880,30320000.0,1361,,15521.0,53.74,new
DICIND, EQ,2026-09-29,626.65,647.65,612.05,619.95,615.0,637.15,1907,1189000.0,227,,1028.0,53.91,new
DIFFNKG, EQ,2026-09-29,447.15,450.6,428.5,448.15,448.0,444.15,128120,56498000.0,4992,,55395.0,43.24,new
DIGIDRIVE, EQ,2026-09-29,17.99,18.2,17.6,17.81,17.92,17.75,28906,513999.99999999994,109,,26045.0,90.1,new
DIGIKORE, SM,2026-09-29,35.45,36.95,35.45,36.35,36.5,35.8,24800,891000.0,53,,17200.0,69.35,new
DIGISPICE, EQ,2026-09-29,15.79,15.79,14.95,15.35,15.37,15.68,169468,2571000.0,572,,89968.0,53.09,new
DIGITIDE, EQ,2026-09-29,76.55,77.06,74.8,75.12,75.7,76.55,268468,20342000.0,3950,,122550.0,45.65,new
DIGJAMLMTD, BE,2026-09-29,49.5,52.0,49.1,49.5,49.5,51.68,20251,1010000.0,76,,,,new
DISAQ, EQ,2026-09-29,11802.0,12150.0,11720.0,11804.0,11825.0,11972.0,281,3334000.0000000005,59,,266.0,94.66,new
DISHTV, EQ,2026-09-29,2.24,2.24,2.15,2.15,2.15,2.26,2598068,5606000.0,2006,,2515500.0,96.82,new
DIVGIITTS, EQ,2026-09-29,1220.0,1249.0,1200.0,1212.9,1210.1,1218.6,143797,175912000.0,11801,,64783.0,45.05,new
DIVIDEND, EQ,2026-09-29,34.31,34.31,33.88,33.99,34.0,34.35,10827,368000.0,119,,8973.0,82.88,new
DIVINEHIRA, ST,2026-09-29,105.5,107.55,105.0,105.95,106.4,102.45,28800,3071000.0,22,,22800.0,79.17,new
DIVISLAB, EQ,2026-09-29,9562.0,9610.5,9431.0,9431.0,9431.0,9550.0,652089,6199043000.0,70973,,477375.0,73.21,new
DIVOPPBEES, EQ,2026-09-29,74.9,74.9,72.21,72.76,73.2,73.6,87944,6386000.0,1210,,54638.0,62.13,new
DIXON, EQ,2026-09-29,13640.0,13686.0,13250.0,13250.0,13250.0,13640.0,305508,4142881000.0,45423,,100192.0,32.8,new
DJML, EQ,2026-09-29,70.63,72.79,70.2,71.62,70.4,71.35,40710,2908000.0,603,,17317.0,42.54,new
DLF, EQ,2026-09-29,660.5,675.0,653.0,653.0,653.0,663.55,4736174,3142393000.0,51198,,2827767.0,59.71,new
DLINKINDIA, EQ,2026-09-29,416.95,418.0,403.0,414.2,413.0,418.45,82273,33906000.0,5096,,38993.0,47.39,new
DMART, EQ,2026-09-29,3803.5,3849.0,3746.2,3750.0,3750.0,3803.5,656759,2492652000.0,41566,,387999.0,59.08,new
DMCC, EQ,2026-09-29,305.45,319.9,300.0,314.45,316.8,302.8,263536,82508000.0,8220,,120845.0,45.86,new
DNAMEDIA, EQ,2026-09-29,2.53,2.53,2.32,2.41,2.45,2.47,36350,89000.0,84,,24282.0,66.8,new
DODLA, EQ,2026-09-29,1000.3,1020.3,993.4,1011.1,1007.7,1008.7,21646,21804000.0,3301,,10462.0,48.33,new
DOLATALGO, EQ,2026-09-29,66.9,66.9,64.71,65.51,65.32,65.79,69225,4527000.0,1034,,39284.0,56.75,new
DOLLAR, EQ,2026-09-29,265.5,282.95,265.5,280.25,277.1,269.5,218402,60567999.99999999,4399,,126557.0,57.95,new
DOLLEX, EQ,2026-09-29,37.6,39.55,35.9,38.9,38.2,36.1,80171,3034000.0,462,,59655.0,74.41,new
DOLPHIN, EQ,2026-09-29,659.9,669.45,641.3,650.75,652.85,648.0,41024,26898000.0,2342,,18134.0,44.2,new
DOMS, EQ,2026-09-29,2040.2,2083.0,2020.0,2052.4,2040.0,2046.5,56107,114856000.0,11102,,30828.0,54.95,new
DONEAR, EQ,2026-09-29,81.75,81.77,81.0,81.12,81.13,81.58,9832,800000.0,165,,8101.0,82.39,new
DPABHUSHAN, EQ,2026-09-29,1384.0,1665.8,1376.4,1665.8,1665.8,1388.2,975157,1541422000.0,46211,,198918.0,20.4,new
DPEL, SM,2026-09-29,625.05,627.0,607.3,619.3,619.5,620.7,29000,17969000.0,56,,16000.0,55.17,new
DPSCLTD, BE,2026-09-29,7.0,7.0,6.81,6.9,6.93,6.99,53953,372000.0,363,,,,new
DPWIRES, BE,2026-09-29,161.58,162.99,158.11,160.56,161.95,158.41,3612,578000.0,79,,,,new
DRAGARWQ, EQ,2026-09-29,5219.0,5219.0,5075.0,5129.5,5126.0,5186.5,2216,11344000.0,518,,1693.0,76.4,new
DRCSYSTEMS, EQ,2026-09-29,12.52,12.75,12.25,12.31,12.45,12.52,27456,342000.0,331,,22697.0,82.67,new
DREAMFOLKS, EQ,2026-09-29,62.23,62.59,61.3,61.91,61.75,62.03,29459,1823000.0,953,,20146.0,68.39,new
DREDGECORP, EQ,2026-09-29,941.0,952.0,925.1,932.9,929.9,941.4,86237,81077000.0,5397,,32360.0,37.52,new
DRONE, SM,2026-09-29,33.45,33.45,32.75,33.3,33.4,33.45,14000,461000.00000000006,27,,13000.0,92.86,new
DRREDDY, EQ,2026-09-29,1243.2,1252.8,1229.0,1251.9,1251.9,1221.0,5347128,6644030000.0,116376,,2450987.0,45.84,new
DSFCL, EQ,2026-09-29,30.51,30.98,28.98,29.1,29.49,30.5,97473,2890000.0,498,,67794.0,69.55,new
DSKULKARNI, BE,2026-09-29,25.06,25.06,25.06,25.06,25.06,24.57,37,1000.0,1,,,,new
DSSL, EQ,2026-09-29,1023.9,1024.1,986.0,993.0,986.1,1011.3,27471,27400000.0,2728,,17795.0,64.78,new
DTIL, BE,2026-09-29,139.0,146.94,138.0,144.98,143.0,139.95,4777,694000.0,73,,,,new
DUCOL, SM,2026-09-29,121.9,125.0,120.0,120.0,120.0,115.0,3200,391000.0,4,,3200.0,100.0,new
DUCON, EQ,2026-09-29,1.42,1.46,1.42,1.42,1.42,1.49,3114371,4423000.0,409,,1793003.0,57.57,new
DUGLOBAL, SM,2026-09-29,21.25,21.25,19.6,20.15,20.25,20.25,555000,11116000.0,152,,530000.0,95.5,new
DURLAX, SM,2026-09-29,65.85,69.15,64.5,68.25,69.05,65.85,242000,16405000.000000002,97,,132000.0,54.55,new
DVL, EQ,2026-09-29,282.1,289.0,276.45,287.65,285.0,281.9,15774,4445000.0,599,,9696.0,61.47,new
DWARKESH, EQ,2026-09-29,43.19,43.89,42.65,43.33,43.49,43.37,1233809,53449000.0,6491,,342880.0,27.79,new
DYCL, EQ,2026-09-29,434.4,438.5,420.8,433.9,434.0,435.15,478495,205671000.0,19226,,161269.0,33.7,new
DYNAMATECH, EQ,2026-09-29,13049.0,13149.0,12723.0,13065.0,13005.0,13139.0,34803,451079000.0,9801,,16813.0,48.31,new
DYNAMIC, SM,2026-09-29,139.3,139.3,139.3,139.3,139.3,139.95,500,70000.0,1,,500.0,100.0,new
DYNPRO, EQ,2026-09-29,224.01,228.87,221.71,222.6,224.5,224.7,17051,3815999.9999999995,816,,12067.0,70.77,new
E2E, BE,2026-09-29,619.55,657.15,602.15,651.8,648.0,625.9,851171,548030000.0,14467,,,,new
E2ERAIL, SM,2026-09-29,315.0,331.0,314.85,322.15,322.5,317.6,84800,27473000.0,58,,34400.0,40.57,new
EASEMYTRIP, EQ,2026-09-29,5.96,5.96,5.85,5.88,5.89,5.97,7428490,43712000.0,5312,,2946126.0,39.66,new
EASTSILK, BE,2026-09-29,72.55,72.55,70.3,70.3,70.3,74.0,642,45000.0,16,,,,new
EASTWEST, EQ,2026-09-29,2.25,2.32,2.25,2.27,2.27,2.29,34964,80000.0,66,,32138.0,91.92,new
EBANK10, EQ,2026-09-29,15.93,16.08,15.63,16.04,16.0,15.98,1713,27000.0,28,,875.0,51.08,new
EBANKNIFTY, EQ,2026-09-29,54.53,55.63,54.48,54.94,54.94,55.18,2170,119000.0,26,,1427.0,65.76,new
EBBETF0430, EQ,2026-09-29,1600.69,1612.9,1577.34,1607.4,1607.5,1609.53,7638,12270000.0,284,,6798.0,89.0,new
EBBETF0431, EQ,2026-09-29,1423.5,1434.0,1423.22,1425.71,1423.25,1425.38,5894,8406000.0,91,,4902.0,83.17,new
EBBETF0433, EQ,2026-09-29,1298.0,1299.32,1286.29,1298.53,1298.98,1299.14,7062,9140000.0,217,,4637.0,65.66,new
EBGNG, EQ,2026-09-29,672.05,690.95,666.1,674.8,674.95,672.15,544371,370014000.0,26462,,244426.0,44.9,new
EBIX, BE,2026-09-29,17.1,17.79,16.9,17.01,17.25,17.19,37741,646000.0,103,,,,new
ECAPINSURE, EQ,2026-09-29,22.9,22.95,22.45,22.58,22.79,22.9,161207,3647999.9999999995,1256,,138922.0,86.18,new
ECLERX, EQ,2026-09-29,1818.0,1829.9,1762.0,1769.7,1776.0,1816.2,175169,313087000.0,25439,,84399.0,48.18,new
ECOLINE, SM,2026-09-29,172.0,174.0,168.0,173.9,173.9,176.25,11000,1878000.0,11,,10000.0,90.91,new
ECORECO, EQ,2026-09-29,403.6,405.0,386.0,403.3,402.65,404.8,25903,10237000.0,1905,,14751.0,56.95,new
ECOSMOBLTY, EQ,2026-09-29,107.3,107.3,104.1,105.07,104.1,106.36,47947,5047000.0,1564,,27290.0,56.92,new
EDELWEISS, EQ,2026-09-29,135.0,138.43,132.71,137.77,137.84,135.45,4623007,629885000.0,39618,,2051948.0,44.39,new
EEPL, ST,2026-09-29,129.2,132.1,129.2,132.1,132.1,129.15,4000,520000.0,4,,4000.0,100.0,new
EFACTOR, SM,2026-09-29,170.5,194.4,170.5,190.35,190.0,177.85,24000,4467000.0,54,,14400.0,60.0,new
EFCIL, EQ,2026-09-29,174.05,176.41,173.65,174.28,173.89,175.24,128858,22503000.0,2252,,71207.0,55.26,new
EFFWA, SM,2026-09-29,345.0,363.0,345.0,358.85,361.0,348.85,9200,3269000.0,19,,5600.0,60.87,new
EFORCE, SM,2026-09-29,17.6,19.1,17.6,18.5,18.5,18.5,8400,155000.0,7,,7200.0,85.71,new
EGOLD, EQ,2026-09-29,146.85,146.85,145.05,145.85,146.2,146.55,54421,7939000.0,332,,45424.0,83.47,new
EICHERMOT, EQ,2026-09-29,7213.5,7268.0,7164.5,7179.0,7179.0,7213.5,596560,4297245000.0,66317,,405924.0,68.04,new
EIDPARRY, EQ,2026-09-29,708.5,708.5,690.05,696.25,699.0,706.45,275246,192021000.0,18233,,134077.0,48.71,new
EIEL, EQ,2026-09-29,192.68,193.35,188.6,191.48,190.83,193.0,453947,86742000.0,11764,,204880.0,45.13,new
EIFFL, BE,2026-09-29,271.5,277.0,271.5,277.0,277.0,277.0,210,56999.99999999999,8,,,,new
EIHAHOTELS, EQ,2026-09-29,289.0,294.35,286.0,292.35,292.5,290.0,11583,3363000.0000000005,1160,,6035.0,52.1,new
EIHOTEL, EQ,2026-09-29,298.0,309.0,294.7,301.85,300.6,295.1,2110585,641176000.0,46879,,243330.0,11.53,new
EIMCOELECO, EQ,2026-09-29,2265.6,2304.2,2239.4,2278.3,2277.2,2268.9,15830,35841000.0,2298,,7465.0,47.16,new
EKC, EQ,2026-09-29,107.35,108.96,104.81,107.74,108.65,107.03,219635,23436000.0,2970,,95385.0,43.43,new
EKI, EQ,2026-09-29,92.7,100.26,83.3,98.57,99.0,91.15,318373,30294000.0,5084,,104321.0,32.77,new
ELANTAS, EQ,2026-09-29,13720.0,13839.0,13403.0,13649.0,13771.0,13819.0,1687,22934000.0,884,,761.0,45.11,new
ELCIDIN, EQ,2026-09-29,103500.0,103500.0,101500.0,102665.0,103000.0,103500.0,6,618000.0,6,,3.0,50.0,new
ELDEHSG, EQ,2026-09-29,768.1,768.1,747.0,751.75,754.9,756.6,277,210000.0,44,,262.0,94.58,new
ELECON, EQ,2026-09-29,477.85,487.5,468.0,480.4,480.0,480.75,1322812,632808000.0,33627,,288757.0,21.83,new
ELECTCAST, EQ,2026-09-29,72.94,79.0,71.15,76.53,76.5,72.35,26225369,2007941000.0,121703,,4484406.0,17.1,new
ELECTHERM, EQ,2026-09-29,806.6,806.65,775.0,778.35,779.0,806.65,11981,9425000.0,794,,6997.0,58.4,new
ELGIEQUIP, EQ,2026-09-29,598.95,605.8,591.35,594.85,598.95,598.85,241659,144529000.0,21876,,123625.0,51.16,new
ELGIRUBCO, EQ,2026-09-29,53.02,53.51,51.5,52.9,52.35,52.25,30247,1588000.0,509,,19885.0,65.74,new
ELGNZ, SM,2026-09-29,84.9,85.0,81.5,83.95,84.0,82.0,18000,1503000.0,15,,11000.0,61.11,new
ELIN, EQ,2026-09-29,86.62,86.98,85.21,86.65,86.8,87.29,57766,4982000.0,902,,32355.0,56.01,new
ELIQUID, EQ,2026-09-29,1049.69,1049.71,1049.69,1049.7,1049.71,1049.55,77793,81659000.0,28,,70696.0,90.88,new
ELITECON, EQ,2026-09-29,8.84,8.84,8.2,8.2,8.2,8.63,3594963,29788000.0,4506,,2616141.0,72.77,new
ELLEN, EQ,2026-09-29,394.95,394.95,358.65,369.35,369.0,359.05,7447433,2771374000.0,93571,,3086585.0,41.44,new
ELM250, EQ,2026-09-29,15.96,15.99,15.52,15.7,15.52,15.86,103427,1638000.0,355,,79236.0,76.61,new
ELMDIV, EQ,2026-09-29,34.93,34.93,34.93,34.93,34.93,34.76,9,0.0,1,,9.0,100.0,new
ELPROINTL, EQ,2026-09-29,172.54,172.88,169.81,170.47,172.6,172.52,23149,3975000.0,170,,23068.0,99.65,new
EMAMILTD, EQ,2026-09-29,388.6,388.6,376.75,381.05,382.05,388.75,2619527,1005024000.0,61001,,1461531.0,55.79,new
EMAMIPAP, BE,2026-09-29,116.0,119.95,112.6,118.62,118.98,117.4,40900,4784000.0,295,,,,new
EMAMIREAL, EQ,2026-09-29,68.2,68.2,66.2,66.94,66.95,67.14,2736,182000.0,77,,2502.0,91.45,new
EMAPARTNER, SM,2026-09-29,80.55,82.25,80.5,82.25,82.25,81.25,4000,324000.0,3,,3000.0,75.0,new
EMBASSY, RR,2026-09-29,435.7,440.0,432.0,437.71,436.25,437.66,5374016,2349558000.0,34261,,4467192.0,83.13,new
EMBDL, EQ,2026-09-29,56.03,56.64,55.05,56.33,56.4,56.03,1237266,69041000.0,7393,,548166.0,44.3,new
EMCURE, EQ,2026-09-29,1922.1,1987.1,1912.0,1959.1,1942.2,1927.8,330808,646000000.0,34958,,192466.0,58.18,new
EMETAL, EQ,2026-09-29,12.88,13.04,12.75,12.76,12.75,12.93,2041,26000.0,31,,1096.0,53.7,new
EMIL, EQ,2026-09-29,193.0,198.0,189.8,191.71,190.5,192.89,2513420,487843000.0,44964,,1069326.0,42.54,new
EMKAY, EQ,2026-09-29,290.0,295.05,281.0,282.6,282.0,288.7,139872,40341000.0,2959,,74630.0,53.36,new
EMKAYTOOLS, SM,2026-09-29,94.5,94.5,92.35,92.8,92.35,94.5,1350,126000.0,7,,1350.0,100.0,new
EMMBI, BE,2026-09-29,89.7,90.0,86.0,89.34,90.0,89.17,4467,394000.0,61,,,,new
EMMIL, SM,2026-09-29,128.0,137.7,126.3,133.35,137.7,128.35,5750,758000.0,21,,5750.0,100.0,new
EMMVEE, EQ,2026-09-29,314.05,319.0,312.45,314.55,314.5,315.55,1669860,526410000.00000006,40714,,836536.0,50.1,new
EMPIND, EQ,2026-09-29,1032.1,1053.8,1032.1,1046.2,1040.3,1041.4,631,657000.0,126,,425.0,67.35,new
EMPOWER, EQ,2026-09-29,1.7,1.7,1.7,1.7,1.7,1.78,3592503,6107000.0,1890,,3592503.0,100.0,new
EMSLIMITED, EQ,2026-09-29,340.0,342.5,334.6,337.5,338.0,342.55,106018,35847000.0,5142,,43993.0,41.5,new
EMUDHRA, EQ,2026-09-29,650.2,651.0,621.1,627.15,622.0,649.25,487802,310753000.0,23127,,159648.0,32.73,new
EMULTIMQ, EQ,2026-09-29,40.98,40.98,40.05,40.45,40.5,40.53,13091,529000.0,214,,11617.0,88.74,new
ENCOMPAS, SM,2026-09-29,245.95,245.95,227.0,233.95,233.95,239.0,4000,936999.9999999999,9,,3200.0,80.0,new
ENDURANCE, EQ,2026-09-29,2699.0,2714.2,2637.0,2654.8,2641.0,2700.4,68032,182485000.0,20456,,32851.0,48.29,new
ENERGY, EQ,2026-09-29,37.0,37.37,36.56,36.95,36.87,37.0,189506,6977000.0,1212,,96910.0,51.14,new
ENERGYAXIS, EQ,2026-09-29,18.33,18.77,18.04,18.43,18.77,18.41,33344,615000.0,104,,11937.0,35.8,new
ENERGYDEV, EQ,2026-09-29,14.6,14.9,14.59,14.6,14.59,14.83,17191,252999.99999999997,201,,9980.0,58.05,new
ENEXT50, EQ,2026-09-29,70.19,71.09,67.64,67.91,71.09,70.4,3943,272000.0,47,,2900.0,73.55,new
ENFUSE, SM,2026-09-29,148.6,148.6,148.6,148.6,148.6,149.0,600,89000.0,1,,600.0,100.0,new
ENGINERSIN, EQ,2026-09-29,310.1,316.8,304.75,310.2,310.3,313.9,4987436,1551066000.0,63935,,1252526.0,25.11,new
ENIFTY, EQ,2026-09-29,23.64,25.33,22.63,24.03,24.79,23.07,5844,137000.0,123,,3303.0,56.52,new
ENIL, EQ,2026-09-29,98.74,98.74,95.12,95.33,95.21,96.01,9925,952999.9999999999,254,,7950.0,80.1,new
ENKEIWHEL, EQ,2026-09-29,385.05,400.95,385.0,397.8,399.0,392.85,1147,448000.00000000006,70,,1009.0,87.97,new
ENRIN, EQ,2026-09-29,3189.5,3246.0,3164.1,3199.0,3214.0,3189.0,346891,1111984000.0,43335,,190155.0,54.82,new
ENSER, SM,2026-09-29,15.0,15.05,14.45,15.0,15.0,15.25,25000,373000.0,5,,10000.0,40.0,new
ENTERO, EQ,2026-09-29,1780.0,1797.8,1745.8,1764.9,1761.0,1790.1,120363,213841000.0,10316,,77521.0,64.41,new
ENVIRO, SM,2026-09-29,69.05,69.05,67.15,67.75,67.5,71.15,50000,3403000.0,45,,34000.0,68.0,new
EPACK, EQ,2026-09-29,179.65,179.65,174.01,177.93,178.6,178.23,253210,44771000.0,5462,,92951.0,36.71,new
EPACKPEB, EQ,2026-09-29,241.74,249.43,238.41,243.32,242.0,241.74,456672,111827000.0,9796,,167400.0,36.66,new
EPIGRAL, EQ,2026-09-29,1045.0,1052.4,1013.1,1018.1,1017.1,1038.0,35053,35908000.0,3527,,18831.0,53.72,new
EPL, EQ,2026-09-29,236.35,236.35,231.1,233.05,233.15,235.0,655107,152658000.0,14102,,270234.0,41.25,new
EPWINDIA, SM,2026-09-29,230.0,230.0,226.0,230.0,230.0,239.0,4800,1099000.0,4,,4800.0,100.0,new
EQUAL200, EQ,2026-09-29,13.12,13.19,13.04,13.13,13.15,13.23,33768,443000.0,92,,20426.0,60.49,new
EQUAL50, EQ,2026-09-29,313.52,315.6,313.18,314.93,314.92,316.38,3465,1090000.0,46,,1738.0,50.16,new
EQUAL50ADD, EQ,2026-09-29,327.01,327.01,322.0,325.79,325.82,327.0,59385,19274000.0,739,,41093.0,69.2,new
EQUIPPP, BE,2026-09-29,21.85,22.94,21.85,22.93,22.94,21.85,4426,100000.0,20,,,,new
EQUITASBNK, EQ,2026-09-29,66.08,67.79,65.5,67.07,67.5,66.02,2421082,162156000.0,20507,,1181149.0,48.79,new
ERIS, EQ,2026-09-29,1231.0,1293.0,1180.1,1219.3,1220.8,1236.3,859869,1053724000.0,65953,,504304.0,58.65,new
ESABINDIA, EQ,2026-09-29,5530.0,5546.0,5447.0,5510.0,5505.0,5518.5,2344,12885000.0,651,,1405.0,59.94,new
ESAFSFB, BE,2026-09-29,42.5,44.8,41.21,44.54,44.51,43.0,1486139,64791000.0,3175,,,,new
ESCONET, ST,2026-09-29,213.25,223.9,209.0,223.9,223.9,213.25,46000,10190000.0,91,,46000.0,100.0,new
ESCORTS, EQ,2026-09-29,2740.7,2761.8,2701.0,2706.2,2704.5,2740.7,40955,111689000.00000001,11328,,23699.0,57.87,new
ESDS, EQ,2026-09-29,1588.9,1588.9,1588.9,1588.9,1588.9,1672.5,21769,34589000.0,2006,,21769.0,100.0,new
ESENSEX, EQ,2026-09-29,74.38,74.41,72.98,74.4,74.4,73.54,1110,81000.0,21,,1096.0,98.74,new
ESFL, SM,2026-09-29,116.05,116.05,109.8,113.75,114.1,119.0,17640,2018000.0,35,,15840.0,89.8,new
ESG, EQ,2026-09-29,39.0,39.0,38.73,38.87,38.86,39.1,8601,334000.0,59,,8531.0,99.19,new
ESILVER, EQ,2026-09-29,220.0,220.13,217.96,218.25,218.72,220.84,48279,10552000.0,2947,,26781.0,55.47,new
ESPRIT, SM,2026-09-29,63.25,66.8,63.25,65.25,65.25,62.0,12800,836000.0,8,,4800.0,37.5,new
ESSARSHPNG, EQ,2026-09-29,16.21,18.0,15.7,16.95,17.0,15.63,710896,11824000.0,3134,,337806.0,47.52,new
ESSENTIA, EQ,2026-09-29,1.01,1.02,1.0,1.0,1.01,1.01,1958147,1977000.0,752,,1258581.0,64.27,new
ESTER, EQ,2026-09-29,85.13,85.82,83.0,84.55,84.6,85.23,44511,3744000.0,1233,,21959.0,49.33,new
ETERNAL, EQ,2026-09-29,333.0,333.0,323.65,327.85,327.85,330.95,30822496,10084010000.0,208146,,21250561.0,68.94,new
ETHOSLTD, EQ,2026-09-29,2502.0,2516.8,2410.4,2489.8,2499.0,2518.2,138768,341661000.0,30474,,62696.0,45.18,new
ETL, SM,2026-09-29,1210.0,1210.0,1210.0,1210.0,1210.0,1170.0,150,182000.0,1,,150.0,100.0,new
ETML, SM,2026-09-29,76.05,76.05,75.0,75.15,75.15,75.3,12000,902999.9999999999,9,,12000.0,100.0,new
EUREKAFORB, EQ,2026-09-29,358.4,365.8,350.0,362.95,363.6,361.3,561407,200643000.0,26218,,255667.0,45.54,new
EUROBOND, EQ,2026-09-29,149.0,149.0,145.05,147.12,147.0,149.93,1612,236000.0,53,,1162.0,72.08,new
EUROPRATIK, EQ,2026-09-29,206.4,206.45,198.55,202.05,202.5,206.4,257897,52003000.0,9922,,160208.0,62.12,new
EUROTEXIND, EQ,2026-09-29,13.1,14.1,12.5,13.0,13.0,12.92,2224,30000.0,24,,909.0,40.87,new
EVEREADY, EQ,2026-09-29,319.95,324.3,315.85,318.9,318.0,321.75,45033,14401000.0,2073,,25820.0,57.34,new
EVERESTIND, BE,2026-09-29,425.0,443.15,406.7,436.25,443.1,422.05,66206,28629000.000000004,243,,,,new
EVIETF, EQ,2026-09-29,31.49,31.49,30.5,30.73,30.81,30.95,168058,5163000.0,742,,82828.0,49.29,new
EVINDIA, EQ,2026-09-29,31.6,31.6,30.55,30.69,30.64,30.98,214872,6603000.0,1777,,146602.0,68.23,new
EXCELINDUS, EQ,2026-09-29,942.8,942.8,917.1,924.8,917.1,942.8,23883,22241000.0,1406,,19077.0,79.88,new
EXCELLENT, ST,2026-09-29,185.15,194.9,185.15,194.9,194.9,192.9,3200,608000.0,2,,3200.0,100.0,new
EXCELSOFT, EQ,2026-09-29,85.0,85.0,82.05,83.39,83.5,84.13,798928,66573000.0,7482,,309897.0,38.79,new
EXICOM, EQ,2026-09-29,156.4,157.0,150.22,152.97,153.24,156.07,645786,98520000.0,9339,,266948.0,41.34,new
EXIDEIND, EQ,2026-09-29,411.0,414.5,403.15,407.0,405.0,411.75,2034310,829766000.0,49465,,896159.0,44.05,new
EXPLEOSOL, EQ,2026-09-29,868.1,869.85,855.5,858.3,856.0,870.35,8798,7573000.0,1337,,4805.0,54.61,new
EXXARO, EQ,2026-09-29,6.16,6.17,6.01,6.09,6.07,6.15,172278,1048000.0,593,,114632.0,66.54,new
FABTECH, EQ,2026-09-29,144.0,148.4,142.61,147.47,147.0,144.26,61853,9013000.0,1147,,37238.0,60.2,new
FACT, EQ,2026-09-29,760.65,781.9,740.1,757.2,747.0,767.5,710398,538684000.0,30981,,379632.0,53.44,new
FAIRCHEMOR, BE,2026-09-29,684.9,689.0,672.0,674.7,680.0,675.0,2690,1813000.0,694,,,,new
FALCONTECH, SM,2026-09-29,12.25,12.85,11.7,12.85,12.85,12.25,7200,89000.0,6,,6000.0,83.33,new
FASCINATE, SM,2026-09-29,67.1,67.1,67.1,67.1,67.1,63.95,74400,4992000.0,11,,74400.0,100.0,new
FAZE3Q, EQ,2026-09-29,427.25,429.75,418.0,422.2,419.05,427.25,9297,3947000.0,829,,5503.0,59.19,new
FCL, EQ,2026-09-29,57.39,58.42,55.55,57.94,57.9,57.4,19042160,1089343000.0,51095,,5023496.0,26.38,new
FCSSOFT, EQ,2026-09-29,1.38,1.43,1.37,1.39,1.4,1.4,2848817,3939000.0,1120,,1361861.0,47.8,new
FDC, EQ,2026-09-29,341.3,351.9,340.15,350.1,351.8,343.6,111778,38720000.0,5212,,62355.0,55.78,new
FEDDERSHOL, EQ,2026-09-29,62.97,64.08,59.11,60.69,59.99,61.89,3808343,235594999.99999997,15439,,925872.0,24.31,new
FEDERALBNK, EQ,2026-09-29,325.65,326.85,320.2,320.2,320.2,325.0,9570469,3092805000.0,114699,,5948294.0,62.15,new
FEDFINA, EQ,2026-09-29,150.1,150.46,147.33,148.86,148.86,150.72,1080152,161040000.0,18870,,496343.0,45.95,new
FEL, BZ,2026-09-29,0.38,0.38,0.37,0.38,0.38,0.37,113129,43000.0,77,,,,new
FELDVR, BZ,2026-09-29,2.08,2.08,1.92,2.07,2.07,2.0,1324,3000.0,17,,,,new
FELIX, SM,2026-09-29,193.5,202.0,193.5,200.35,202.0,198.0,10000,1979000.0,20,,7500.0,75.0,new
FERMENTA, EQ,2026-09-29,501.0,575.1,496.4,551.35,543.0,479.3,3374367,1853097000.0,94105,,459493.0,13.62,new
FIBERWEB, EQ,2026-09-29,26.4,27.46,26.03,26.79,27.0,26.4,12963,341000.0,105,,10974.0,84.66,new
FIDEL, SM,2026-09-29,167.0,172.75,165.0,168.05,171.0,168.0,7000,1174000.0,6,,6000.0,85.71,new
FIEMIND, EQ,2026-09-29,1926.0,1939.7,1901.3,1921.1,1924.5,1926.0,36157,69416000.0,7520,,19921.0,55.1,new
FILATEX, EQ,2026-09-29,111.48,113.94,109.21,112.0,110.66,110.75,4756161,533176000.0,27816,,1986484.0,41.77,new
FILATFASH, EQ,2026-09-29,0.19,0.19,0.18,0.18,0.19,0.18,16791914,3065000.0,1415,,12115895.0,72.15,new
FINBUD, SM,2026-09-29,110.05,112.0,110.0,111.95,111.95,111.4,11000,1226000.0,9,,10000.0,90.91,new
FINCABLES, EQ,2026-09-29,1408.1,1459.8,1396.4,1435.5,1438.0,1408.1,769597,1104901000.0,43848,,358055.0,46.52,new
FINEORG, EQ,2026-09-29,5090.0,5162.0,5070.0,5140.0,5157.0,5124.0,11866,60844000.00000001,3244,,6270.0,52.84,new
FINIETF, EQ,2026-09-29,31.0,31.0,30.1,30.42,30.41,30.56,471231,14272999.999999998,1733,,298033.0,63.25,new
FINKURVE, EQ,2026-09-29,69.48,73.02,68.8,69.37,69.38,69.32,49299,3471000.0,1127,,20777.0,42.14,new
FINOPB, EQ,2026-09-29,127.65,130.05,125.05,129.23,128.5,127.23,175313,22407000.0,2900,,63185.0,36.04,new
FINPIPE, EQ,2026-09-29,151.0,152.2,149.65,151.15,151.25,151.61,414515,62648000.0,16140,,174183.0,42.02,new
FIRSTCRY, EQ,2026-09-29,184.72,190.0,178.78,184.37,184.57,184.72,8233520,1526631000.0,70370,,1495874.0,18.17,new
FISCHER, EQ,2026-09-29,34.9,35.5,32.85,33.68,34.09,34.08,1344456,45727000.0,5118,,514364.0,38.26,new
FIVESTAR, EQ,2026-09-29,517.05,517.5,491.0,497.25,492.15,518.35,1439331,721747000.0,57931,,750257.0,52.13,new
FLAIR, EQ,2026-09-29,234.46,237.95,230.0,230.38,231.0,235.06,105035,24394000.0,2561,,58608.0,55.8,new
FLEXIADD, EQ,2026-09-29,9.84,9.84,9.38,9.45,9.52,9.6,1273684,12180000.0,819,,653970.0,51.34,new
FLEXITUFF, BE,2026-09-29,2.92,2.92,2.91,2.92,2.92,2.87,6737,20000.0,9,,,,new
FLFL, BZ,2026-09-29,1.15,1.16,1.1,1.1,1.1,1.15,14356,16000.0,50,,,,new
FLUOROCHEM, EQ,2026-09-29,4443.7,4472.3,4360.0,4406.2,4366.2,4443.7,57702,254290000.0,14661,,27829.0,48.23,new
FLYSBS, SM,2026-09-29,619.85,636.95,603.0,619.6,616.0,624.7,110400,68227000.0,379,,56800.0,51.45,new
FMCGADD, EQ,2026-09-29,45.67,45.88,45.06,45.19,45.23,45.67,16005,723000.0,214,,14675.0,91.69,new
FMCGIETF, EQ,2026-09-29,48.76,49.05,48.16,48.35,48.45,48.76,1556607,75246000.0,5717,,891184.0,57.25,new
FMGOETZE, EQ,2026-09-29,458.65,462.2,452.55,460.1,461.0,458.65,99572,45617000.0,4237,,39068.0,39.24,new
FMNL, EQ,2026-09-29,8.05,8.17,7.61,7.97,7.77,7.94,68724,545000.0,190,,46444.0,67.58,new
FOCUS, BE,2026-09-29,59.3,59.75,57.0,57.07,57.0,58.73,36445,2097000.0,299,,,,new
FONEBOX, ST,2026-09-29,153.0,153.0,152.0,152.0,152.0,160.0,4000,609000.0,4,,4000.0,100.0,new
FOODSIN, EQ,2026-09-29,52.83,53.24,50.5,51.46,50.99,52.83,105082,5470000.0,2475,,64793.0,61.66,new
FORCAS, ST,2026-09-29,228.1,238.35,225.0,237.55,237.1,227.0,70400,16452000.000000002,41,,65600.0,93.18,new
FORCEMOT, EQ,2026-09-29,17100.0,17146.0,16761.0,16905.0,16905.0,17100.0,82027,1389692000.0,21788,,25173.0,30.69,new
FORGEAUTO, SM,2026-09-29,101.0,101.0,101.0,101.0,101.0,101.0,1200,121000.0,1,,1200.0,100.0,new
FORTIS, EQ,2026-09-29,833.0,838.05,815.2,822.0,822.0,830.75,2532368,2082521000.0,59377,,1591838.0,62.86,new
FOSECOIND, EQ,2026-09-29,6298.0,6400.0,6210.5,6335.0,6300.0,6298.0,9967,62950000.0,2619,,3573.0,35.85,new
FRACTAL, EQ,2026-09-29,742.45,759.7,740.25,753.15,751.1,742.1,1079289,810890000.0,34550,,593817.0,55.02,new
FREDUN, EQ,2026-09-29,1393.8,1424.9,1295.0,1392.4,1416.0,1387.0,91403,128544000.0,8043,,42275.0,46.25,new
FRESHARA, ST,2026-09-29,410.0,415.0,402.25,414.75,415.0,419.65,10800,4417000.0,18,,7800.0,72.22,new
FROG, SM,2026-09-29,267.9,268.0,262.05,262.4,262.1,267.9,13600,3592000.0,33,,10000.0,73.53,new
FRONTSP, EQ,2026-09-29,1431.0,1431.0,1339.0,1394.1,1399.0,1447.0,52600,72875000.0,4816,,17136.0,32.58,new
FSL, EQ,2026-09-29,256.0,257.0,248.0,248.9,248.5,256.0,406764,102096000.0,13859,,188818.0,46.42,new
FUSION, EQ,2026-09-29,170.71,176.58,168.35,173.3,175.0,171.93,1397767,241780000.00000003,18976,,853082.0,61.03,new
FWSTC, SM,2026-09-29,167.5,194.0,167.0,191.0,191.9,173.0,110400,20975000.0,38,,104400.0,94.57,new
GABRIEL, EQ,2026-09-29,1355.0,1355.1,1294.0,1303.9,1306.0,1349.2,218766,288412000.0,20930,,114532.0,52.35,new
GAEL, EQ,2026-09-29,158.93,163.14,157.15,161.75,162.5,160.47,452046,72546000.0,11878,,239385.0,52.96,new
GAIL, EQ,2026-09-29,172.34,173.26,168.43,170.04,170.04,172.45,12119087,2073903000.0,45255,,7854635.0,64.81,new
GAJA, EQ,2026-09-29,141.3,142.79,139.4,140.42,140.0,140.93,304080,42846000.0,5334,,103006.0,33.87,new
GALAPREC, EQ,2026-09-29,1140.0,1190.9,1119.6,1157.7,1155.0,1140.2,60527,70515000.0,5377,,23357.0,38.59,new
GALAXYSURF, EQ,2026-09-29,2191.0,2325.0,2188.9,2301.2,2307.4,2190.7,34404,77820000.0,7606,,17837.0,51.85,new
GALLANTT, EQ,2026-09-29,540.9,547.0,527.55,539.1,535.0,536.55,53198,28670000.0,5770,,22470.0,42.24,new
GANDHAR, EQ,2026-09-29,261.9,274.55,258.0,273.55,271.25,262.05,691116,185527000.0,12811,,359876.0,52.07,new
GANDHITUBE, EQ,2026-09-29,948.0,988.65,937.1,966.55,968.0,952.5,23674,22855000.0,1955,,11459.0,48.4,new
GANECOS, EQ,2026-09-29,1011.0,1030.0,1000.0,1010.6,1020.0,1019.2,45421,46062000.0,4296,,16516.0,36.36,new
GANESHBE, BE,2026-09-29,143.0,143.0,131.8,137.83,137.93,137.32,354560,49054000.0,1432,,,,new
GANESHCP, EQ,2026-09-29,158.01,158.99,152.0,153.08,156.15,156.36,110782,17048000.0,2465,,72391.0,65.35,new
GANESHHOU, EQ,2026-09-29,720.65,724.95,702.35,706.65,706.95,718.55,28836,20419000.0,1924,,20608.0,71.47,new
GANESHIN, SM,2026-09-29,88.5,91.0,87.2,90.5,91.0,88.85,23200,2070000.0,26,,13600.0,58.62,new
GANGABATH, SM,2026-09-29,22.1,22.45,21.15,21.15,21.15,22.75,27000,593000.0,5,,27000.0,100.0,new
GANGAFORGE, EQ,2026-09-29,1.35,1.47,1.35,1.47,1.47,1.4,1779126,2581000.0,676,,1148524.0,64.56,new
GARFIBRES, EQ,2026-09-29,775.45,777.4,750.0,753.85,750.1,772.85,26654,20369000.0,4065,,13980.0,52.45,new
GARUDA, EQ,2026-09-29,178.8,178.8,174.07,176.56,176.5,178.81,301597,53250000.0,6563,,124656.0,41.33,new
GATECH, BE,2026-09-29,0.73,0.73,0.7,0.7,0.7,0.73,12312026,8658000.0,4393,,,,new
GATECHDVR, BE,2026-09-29,0.47,0.48,0.46,0.47,0.47,0.46,162052,77000.0,154,,,,new
GATEWAY, EQ,2026-09-29,51.71,52.35,51.42,51.57,51.51,51.88,709691,36796000.0,7179,,464082.0,65.39,new
GAUDIUMIVF, EQ,2026-09-29,111.5,115.5,111.5,113.9,113.19,112.2,223577,25415000.0,2413,,119788.0,53.58,new
GAYAHWS, EQ,2026-09-29,1.84,1.85,1.75,1.84,1.85,1.84,120182,218000.00000000003,240,,86446.0,71.93,new
GAYAPROJ, EQ,2026-09-29,22.23,22.89,21.51,22.44,22.73,21.96,541787,11937000.0,2479,,312269.0,57.64,new
GCHOTELS, SM,2026-09-29,120.05,131.0,118.0,124.75,124.5,118.2,48000,5976000.0,68,,30600.0,63.75,new
GCSL, EQ,2026-09-29,667.5,671.0,657.7,666.25,666.0,667.35,378027,250548000.0,4585,,114930.0,30.4,new
GEECEE, BE,2026-09-29,368.95,379.5,361.0,375.65,375.0,369.35,4653,1738000.0,91,,,,new
GEEKAYWIRE, EQ,2026-09-29,31.51,32.11,30.31,30.5,30.4,31.87,190025,5867000.0,1222,,107873.0,56.77,new
GEMAROMA, EQ,2026-09-29,156.0,158.88,153.08,157.76,157.0,156.62,46771,7316000.0,1185,,27729.0,59.29,new
GENCON, EQ,2026-09-29,38.0,38.21,36.5,37.12,36.5,37.75,364800,13597000.0,1158,,111084.0,30.45,new
GENESYS, EQ,2026-09-29,282.13,282.4,275.0,277.68,276.0,282.13,211324,58907000.00000001,5084,,83480.0,39.5,new
GENSOL, BZ,2026-09-29,15.99,15.99,15.14,15.14,15.14,15.93,159255,2433000.0,1070,,,,new
GENUSPAPER, EQ,2026-09-29,10.11,11.4,9.25,10.25,10.24,10.11,353410,3574000.0,1366,,190354.0,53.86,new
GENUSPOWER, EQ,2026-09-29,294.0,301.0,290.0,293.65,294.0,294.05,2057886,608776000.0,31410,,965998.0,46.94,new
GENXAI, SM,2026-09-29,68.5,80.0,65.5,75.65,73.0,69.2,142800,10378000.0,75,,120000.0,84.03,new
GEOJITFSL, EQ,2026-09-29,77.22,79.28,76.16,76.76,76.8,78.3,378266,29245999.999999996,4846,,189849.0,50.19,new
GESHIP, EQ,2026-09-29,1533.4,1582.0,1526.1,1537.8,1545.0,1533.4,2264928,3525067000.0,107165,,744864.0,32.89,new
GFLLIMITED, EQ,2026-09-29,56.99,57.0,54.0,55.7,55.83,55.99,55498,3057000.0,1420,,33944.0,61.16,new
GFSTEELS, BE,2026-09-29,35.77,35.77,35.77,35.77,35.77,34.07,3344,120000.0,17,,,,new
GGBL, SM,2026-09-29,214.45,222.0,207.8,220.2,220.0,212.35,19200,4154000.0,61,,15000.0,78.13,new
GHCL, EQ,2026-09-29,410.5,410.5,396.0,404.55,405.0,410.6,600220,240990000.0,17022,,295314.0,49.2,new
GHCLTEXTIL, EQ,2026-09-29,135.6,135.65,128.16,132.27,131.5,134.83,524448,69276000.0,10635,,234350.0,44.69,new
GICHSGFIN, EQ,2026-09-29,136.0,136.6,132.63,133.71,133.11,135.72,116666,15591999.999999998,1770,,76184.0,65.3,new
GICL, BE,2026-09-29,22.89,23.17,22.3,23.12,23.0,23.38,286636,6503000.0,188,,,,new
GICRE, EQ,2026-09-29,329.2,329.75,319.0,320.25,319.0,329.3,691287,222914000.0,20506,,369583.0,53.46,new
GILLANDERS, EQ,2026-09-29,114.0,114.0,106.17,110.75,111.9,107.38,17774,1951000.0000000002,321,,14009.0,78.82,new
GILLETTE, EQ,2026-09-29,6930.0,7020.0,6870.0,6963.5,6960.0,6925.5,30311,210111000.0,6635,,20489.0,67.6,new
GILT10BETA, EQ,2026-09-29,26.65,27.17,25.5,26.06,26.35,26.52,234,6000.0,23,,224.0,95.73,new
GILT5BETA, EQ,2026-09-29,66.12,66.44,65.61,65.62,65.62,66.14,1637,108000.0,21,,1149.0,70.19,new
GILT5YBEES, EQ,2026-09-29,67.34,67.34,65.49,65.79,65.81,65.7,162764,10704000.0,489,,115607.0,71.03,new
GINNIFILA, BE,2026-09-29,40.59,40.59,39.55,40.01,40.0,40.41,39204,1568000.0,119,,,,new
GIPCL, EQ,2026-09-29,183.0,184.94,179.17,181.56,180.6,182.22,251494,45628000.0,5584,,138363.0,55.02,new
GIRIRAJ, SM,2026-09-29,67.45,68.4,61.9,63.0,67.85,65.15,10250,657000.0,33,,7000.0,68.29,new
GJL, ST,2026-09-29,426.55,426.55,425.0,426.55,426.55,406.25,6400,2729000.0,8,,6400.0,100.0,new
GKB, EQ,2026-09-29,65.37,67.0,65.0,65.93,65.0,65.37,4600,305000.0,47,,3489.0,75.85,new
GKENERGY, EQ,2026-09-29,120.99,121.81,118.99,119.4,119.2,121.87,444548,53297000.0,5283,,229896.0,51.71,new
GKSL, EQ,2026-09-29,175.4,178.0,172.11,175.89,174.96,174.83,627188,109968000.0,6088,,274253.0,43.73,new
GKWLIMITED, EQ,2026-09-29,1525.1,1550.0,1501.8,1542.0,1542.0,1531.7,404,618000.0,48,,310.0,76.73,new
GLAND, EQ,2026-09-29,2896.6,3024.0,2896.6,2989.7,2985.0,2896.0,876878,2620201000.0,65764,,405761.0,46.27,new
GLASSWALL, EQ,2026-09-29,271.0,297.0,264.15,286.55,282.75,270.32,11915458,3322730000.0000005,101183,,1748076.0,14.67,new
GLAXO, EQ,2026-09-29,2888.0,2899.9,2770.6,2783.8,2777.3,2896.4,49829,140848000.0,10395,,20851.0,41.85,new
GLENMARK, EQ,2026-09-29,2330.4,2441.5,2292.0,2441.5,2441.5,2325.7,1277155,3007093000.0,56808,,839781.0,65.75,new
GLFL, EQ,2026-09-29,5.25,5.27,5.25,5.27,5.27,5.02,30420,160000.0,33,,30101.0,98.95,new
GLOBAL, EQ,2026-09-29,134.4,135.03,132.1,133.01,132.8,133.61,79535,10607000.0,1867,,40321.0,50.7,new
GLOBALE, EQ,2026-09-29,10.27,11.32,10.27,10.64,10.65,10.8,5574,61000.0,42,,2024.0,36.31,new
GLOBALVECT, EQ,2026-09-29,136.25,136.25,129.0,131.98,131.32,135.44,4033,531000.0,219,,2985.0,74.01,new
GLOBE, EQ,2026-09-29,2.2,2.2,2.12,2.14,2.12,2.2,601492,1306000.0,239,,534575.0,88.87,new
GLOBECIVIL, EQ,2026-09-29,43.5,43.75,41.66,42.06,42.4,43.3,26879,1136000.0,432,,24097.0,89.65,new
GLOBUSSPR, EQ,2026-09-29,820.0,820.05,801.1,804.8,808.0,819.15,69920,56550000.0,3823,,43317.0,61.95,new
GLOSTERLTD, EQ,2026-09-29,559.9,559.9,536.2,539.25,540.0,545.5,1121,608000.0,101,,956.0,85.28,new
GLOTTIS, EQ,2026-09-29,62.44,62.44,59.11,61.02,61.04,62.44,48803,2965000.0,1232,,26510.0,54.32,new
GMBREW, EQ,2026-09-29,966.45,981.0,953.15,962.95,961.0,966.6,36309,34990000.0,2546,,20569.0,56.65,new
GMDCLTD, EQ,2026-09-29,521.0,521.8,510.05,513.2,515.0,522.25,728657,375548000.0,28496,,255118.0,35.01,new
GML, SM,2026-09-29,18.0,18.4,16.9,17.5,17.5,17.7,48000,849000.0,19,,48000.0,100.0,new
GMMPFAUDLR, EQ,2026-09-29,1475.4,1505.7,1455.0,1477.1,1480.0,1480.1,478619,707715000.0,46877,,249351.0,52.1,new
GMRAIRPORT, EQ,2026-09-29,94.1,94.74,93.5,93.75,93.75,94.75,10060323,946341000.0,24994,,5930706.0,58.95,new
GMRP&UI, EQ,2026-09-29,101.8,102.0,99.4,100.72,100.0,101.9,1380706,139249000.0,15624,,630515.0,45.67,new
GNA, EQ,2026-09-29,597.0,600.0,575.4,593.75,593.0,594.7,499013,293574000.0,14958,,206882.0,41.46,new
GNFC, EQ,2026-09-29,619.0,627.55,609.85,611.5,611.65,620.65,588636,364059000.0,16999,,275950.0,46.88,new
GNRL, EQ,2026-09-29,99.12,99.12,96.9,98.16,98.01,98.46,76012,7443000.000000001,1891,,37433.0,49.25,new
GOACARBON, EQ,2026-09-29,407.85,409.85,396.55,408.85,409.85,405.75,14749,5970000.0,778,,10341.0,70.11,new
GOCLCORP, EQ,2026-09-29,381.05,381.05,359.75,363.65,364.0,379.0,220064,80282000.0,8445,,85967.0,39.06,new
GOCOLORS, EQ,2026-09-29,305.7,312.7,301.0,304.3,302.5,304.8,74604,22920000.0,4652,,33155.0,44.44,new
GODAVARIB, EQ,2026-09-29,227.78,237.79,226.01,236.48,236.87,229.45,60955,14101000.0,2021,,28382.0,46.56,new
GODFRYPHLP, EQ,2026-09-29,1941.9,1944.2,1862.0,1862.0,1862.0,1931.5,297806,565355000.0,20702,,114734.0,38.53,new
GODIGIT, EQ,2026-09-29,263.1,263.1,251.8,253.2,252.7,263.25,3238407,822519000.0,43832,,1912477.0,59.06,new
GODREJAGRO, EQ,2026-09-29,640.1,643.15,626.7,631.7,635.0,642.5,96669,61478000.0,7763,,43895.0,45.41,new
GODREJCP, EQ,2026-09-29,868.0,870.0,850.0,855.0,855.0,868.0,1360604,1165047000.0,36472,,728925.0,53.57,new
GODREJIND, EQ,2026-09-29,1070.9,1074.8,1051.0,1055.7,1051.0,1076.1,40543,43074000.0,7277,,19046.0,46.98,new
GODREJPROP, EQ,2026-09-29,1666.0,1671.3,1634.4,1634.4,1634.4,1669.8,410924,677226000.0,23453,,208984.0,50.86,new
GOKEX, EQ,2026-09-29,666.0,687.55,666.0,678.55,679.0,671.85,506154,343134000.0,19268,,388435.0,76.74,new
GOKUL, EQ,2026-09-29,39.28,40.45,38.87,39.41,38.9,39.47,162016,6425000.0,2405,,23811.0,14.7,new
GOKULAGRO, EQ,2026-09-29,216.16,217.98,212.32,215.23,215.0,216.16,284570,61278000.0,10368,,95348.0,33.51,new
GOLD1, EQ,2026-09-29,122.12,122.25,121.0,121.78,121.86,122.16,1778304,216501000.00000003,8105,,1020421.0,57.38,new
GOLD360, EQ,2026-09-29,143.35,143.35,141.5,142.05,142.4,142.95,11095,1577000.0,275,,6205.0,55.93,new
GOLDADD, EQ,2026-09-29,14.27,14.3,14.08,14.16,14.16,14.24,7563524,106989000.00000001,6661,,5147209.0,68.05,new
GOLDAXIS, EQ,2026-09-29,121.67,121.79,120.46,121.37,121.53,121.46,2222190,269734000.0,3710,,1691525.0,76.12,new
GOLDBEES, EQ,2026-09-29,120.93,121.09,119.8,120.64,120.8,121.17,28612025,3450139000.0,115558,,14967831.0,52.31,new
GOLDBETA, EQ,2026-09-29,123.5,123.5,122.0,123.0,122.95,123.65,659494,81027000.0,3050,,515856.0,78.22,new
GOLDBND, EQ,2026-09-29,146.98,146.98,145.0,146.11,146.11,146.43,37455,5468000.0,243,,35658.0,95.2,new
GOLDCASE, EQ,2026-09-29,23.03,23.12,22.82,22.97,23.0,23.08,11868737,272669000.0,13851,,6214279.0,52.36,new
GOLDENTOBC, BZ,2026-09-29,24.5,24.5,23.31,24.26,23.85,24.5,3049,74000.0,21,,,,new
GOLDETF, EQ,2026-09-29,142.12,143.63,141.12,142.06,142.99,143.02,1407805,199910000.0,11665,,809244.0,57.48,new
GOLDIAM, EQ,2026-09-29,312.6,330.9,310.0,322.85,322.0,312.6,931591,300455000.0,18118,,403516.0,43.31,new
GOLDIETF, EQ,2026-09-29,125.27,125.47,124.08,124.94,125.14,125.45,5511528,688876000.0,28783,,3186936.0,57.82,new
GOLDSTAR, SM,2026-09-29,11.7,11.7,11.7,11.7,11.7,11.15,315000,3686000.0,27,,281250.0,89.29,new
GOLDTECH, BE,2026-09-29,45.59,45.8,45.59,45.59,45.59,46.52,7301,333000.0,29,,,,new
GOODLUCK, EQ,2026-09-29,522.75,533.0,513.6,528.6,527.3,522.0,328494,171505000.0,12108,,149094.0,45.39,new
GOODYEAR, EQ,2026-09-29,700.0,714.7,697.55,702.55,702.05,704.05,3148,2217000.0,606,,1672.0,53.11,new
GOPAL, EQ,2026-09-29,255.45,255.45,247.6,253.0,252.0,254.8,79078,19889000.0,2837,,39426.0,49.86,new
GOYALALUM, EQ,2026-09-29,6.04,6.04,5.8,5.88,5.93,5.97,59801,355000.0,329,,49641.0,83.01,new
GOYALSALT, SM,2026-09-29,102.0,106.0,101.5,106.0,106.0,101.0,1800,186000.0,3,,1800.0,100.0,new
GPECO, SM,2026-09-29,395.0,399.65,391.6,396.35,395.05,396.25,8200,3239000.0,37,,5400.0,65.85,new
GPIL, EQ,2026-09-29,225.6,225.6,220.1,221.35,220.45,225.46,1239698,276562000.0,18427,,725556.0,58.53,new
GPPL, EQ,2026-09-29,159.6,161.46,157.66,160.54,160.32,159.88,1153476,184296000.0,16981,,658965.0,57.13,new
GPTHEALTH, EQ,2026-09-29,156.1,157.2,153.11,153.8,153.36,156.1,47460,7359000.0,1277,,24591.0,51.81,new
GPTINFRA, EQ,2026-09-29,116.27,117.69,113.94,115.72,116.0,116.27,228789,26536000.0,3939,,134150.0,58.63,new
GRADIENTE, BE,2026-09-29,2.1,2.16,2.0,2.15,2.15,2.06,848308,1811000.0,395,,,,new
GRANDOAK, EQ,2026-09-29,34.1,35.8,34.0,35.72,35.73,34.1,4390,155000.0,279,,2252.0,51.3,new
GRANULES, EQ,2026-09-29,850.0,876.95,847.0,866.75,864.5,851.4,1132457,980406000.0,37828,,587549.0,51.88,new
GRAPHISAD, SM,2026-09-29,25.4,25.4,25.4,25.4,25.4,25.2,1200,30000.0,1,,1200.0,100.0,new
GRAPHITE, EQ,2026-09-29,791.2,805.45,778.8,801.55,797.55,799.0,1043628,828007000.0,43638,,323467.0,30.99,new
GRASIM, EQ,2026-09-29,3149.2,3151.5,3089.0,3100.0,3100.0,3150.0,1153762,3592831000.0,38870,,749930.0,65.0,new
GRAUWEIL, EQ,2026-09-29,83.1,84.78,82.26,82.78,83.0,83.96,349190,29030000.0,4005,,173977.0,49.82,new
GRAVISSHO, BE,2026-09-29,33.0,33.0,32.01,32.1,32.1,33.69,534,17000.0,10,,,,new
GRAVITA, EQ,2026-09-29,1470.0,1488.1,1441.1,1446.9,1448.9,1475.4,218555,319048000.0,23317,,102997.0,47.13,new
GREAVESCOT, EQ,2026-09-29,230.7,238.3,228.87,234.99,235.18,230.4,2928868,685665000.0,46963,,974691.0,33.28,new
GREENCHEF, SM,2026-09-29,70.8,72.0,70.8,72.0,72.0,68.85,4000,285000.0,5,,4000.0,100.0,new
GREENLAM, EQ,2026-09-29,218.8,218.8,210.95,214.3,215.4,217.51,69454,14887000.0,1682,,43808.0,63.07,new
GREENLEAF, SM,2026-09-29,108.9,112.35,108.0,112.3,112.35,107.0,18000,2005999.9999999998,16,,17000.0,94.44,new
GREENPANEL, EQ,2026-09-29,159.0,160.86,155.5,159.05,158.1,159.21,154127,24432000.0,4609,,74856.0,48.57,new
GREENPLY, EQ,2026-09-29,279.9,284.8,272.45,280.25,281.0,279.75,238151,66332000.00000001,8747,,150595.0,63.24,new
GREENPOWER, EQ,2026-09-29,8.68,8.9,8.58,8.85,8.81,8.81,2035250,17800000.0,4185,,873205.0,42.9,new
GRINDWELL, EQ,2026-09-29,1908.6,1930.9,1901.2,1916.7,1919.0,1918.2,21270,40791000.0,6940,,11078.0,52.08,new
GRINFRA, EQ,2026-09-29,799.3,820.0,789.15,816.25,810.15,799.3,16367,13143000.0,2684,,7343.0,44.86,new
GRMOVER, EQ,2026-09-29,80.0,80.0,78.11,78.76,78.5,80.01,812391,64072000.0,3285,,136301.0,16.78,new
GROBTEA, EQ,2026-09-29,919.0,919.0,882.4,899.0,899.0,919.1,54,48000.0,20,,31.0,57.41,new
GROWW, EQ,2026-09-29,183.39,185.39,179.35,183.52,183.95,183.39,26593111,4836505000.0,146956,,13455212.0,50.6,new
GROWWCAPM, EQ,2026-09-29,11.09,11.09,10.69,10.79,10.85,10.87,336145,3634000.0000000005,1318,,183615.0,54.62,new
GROWWCHEM, EQ,2026-09-29,29.04,29.28,28.29,28.5,28.66,28.74,44109,1259000.0,298,,20903.0,47.39,new
GROWWDEFNC, EQ,2026-09-29,92.4,96.0,90.84,93.06,92.37,92.4,171105,15706000.0,2377,,77072.0,45.04,new
GROWWEV, EQ,2026-09-29,30.95,31.02,30.15,30.28,30.32,30.94,241395,7379000.000000001,2130,,111054.0,46.01,new
GROWWGOLD, EQ,2026-09-29,14.29,14.34,14.16,14.25,14.27,14.33,1509304,21510000.0,2971,,673198.0,44.6,new
GROWWHOSPI, EQ,2026-09-29,51.31,51.56,50.32,50.48,50.98,51.06,166419,8421000.0,1260,,117157.0,70.4,new
GROWWLIQID, EQ,2026-09-29,110.94,110.95,110.94,110.94,110.95,110.92,281604,31242000.0,201,,196166.0,69.66,new
GROWWLOVOL, EQ,2026-09-29,10.0,10.16,9.85,9.89,9.87,10.0,14447,144000.0,135,,10956.0,75.84,new
GROWWMC150, EQ,2026-09-29,220.93,225.48,216.1,222.58,225.48,222.81,436,96000.0,47,,414.0,94.95,new
GROWWMETAL, EQ,2026-09-29,12.05,12.5,12.05,12.26,12.33,12.25,168540,2060000.0000000002,1081,,81068.0,48.1,new
GROWWMOM50, EQ,2026-09-29,10.74,10.74,10.5,10.6,10.64,10.63,131746,1393000.0,597,,72922.0,55.35,new
GROWWN200, EQ,2026-09-29,10.79,10.99,10.57,10.61,10.58,10.82,60712,647000.0,313,,35782.0,58.94,new
GROWWNET, EQ,2026-09-29,10.0,10.34,9.89,10.21,10.3,10.15,945445,9556000.0,669,,851724.0,90.09,new
GROWWNIFTY, EQ,2026-09-29,9.39,9.39,9.15,9.25,9.32,9.24,861131,7923999.999999999,3540,,671089.0,77.93,new
GROWWNXT50, EQ,2026-09-29,70.68,70.7,69.75,70.4,70.25,70.83,5506,387000.0,95,,2067.0,37.54,new
GROWWPOWER, EQ,2026-09-29,10.85,11.01,10.7,10.9,10.96,10.84,1594097,17230000.0,2617,,844902.0,53.0,new
GROWWPSE, EQ,2026-09-29,96.48,96.48,93.37,95.16,95.8,95.15,3070,290000.0,121,,2677.0,87.2,new
GROWWPSUBK, EQ,2026-09-29,82.28,82.89,79.43,80.87,82.89,81.4,3090,248000.0,136,,2874.0,93.01,new
GROWWRAIL, EQ,2026-09-29,26.02,26.45,25.9,26.23,26.35,26.33,748444,19538000.0,3806,,410381.0,54.83,new
GROWWRLTY, EQ,2026-09-29,9.54,9.8,9.31,9.36,9.39,9.57,161501,1526000.0,759,,91101.0,56.41,new
GROWWSC250, EQ,2026-09-29,10.12,10.43,10.12,10.3,10.31,10.32,99403,1021000.0000000001,555,,64154.0,64.54,new
GROWWSLVR, EQ,2026-09-29,21.59,21.66,21.36,21.44,21.46,21.56,1330369,28541000.000000004,2486,,473620.0,35.6,new
GRPLTD, EQ,2026-09-29,1949.2,1952.0,1890.0,1899.4,1900.0,1950.4,2313,4412000.0,389,,2065.0,89.28,new
GRSE, EQ,2026-09-29,2234.0,2242.7,2191.9,2206.1,2205.0,2245.3,428953,948201000.0,39095,,152354.0,35.52,new
GRWRHITECH, EQ,2026-09-29,6665.5,7048.0,6555.0,7016.5,7000.0,6653.5,70353,485384000.0,16291,,35287.0,50.16,new
GSEC10ABSL, EQ,2026-09-29,111.92,111.92,111.92,111.92,111.92,111.87,1,0.0,1,,1.0,100.0,new
GSEC10ADD, EQ,2026-09-29,26.54,26.54,26.54,26.54,26.54,26.77,1,0.0,1,,1.0,100.0,new
GSEC10IETF, EQ,2026-09-29,262.12,262.12,262.12,262.12,262.12,262.05,16,4000.0,2,,16.0,100.0,new
GSEC10YEAR, EQ,2026-09-29,30.1,30.1,29.75,29.81,29.81,30.1,5045,151000.0,23,,4938.0,97.88,new
GSEC5IETF, EQ,2026-09-29,66.29,66.29,65.8,65.92,66.2,65.97,20021,1320000.0,41,,10773.0,53.81,new
GSFC, EQ,2026-09-29,153.04,153.12,151.0,151.65,151.35,153.04,493454,74997000.0,7330,,252657.0,51.2,new
GSLSU, EQ,2026-09-29,30.05,31.56,29.12,30.74,30.55,30.07,37143,1121000.0,651,,12715.0,34.23,new
GSMFOILS, SM,2026-09-29,82.4,83.45,77.5,78.1,78.6,81.4,164500,13149000.0,226,,90500.0,55.02,new
GSPCROP, EQ,2026-09-29,480.05,498.45,467.0,469.45,469.5,483.1,307995,149644000.0,6210,,46610.0,15.13,new
GSS, EQ,2026-09-29,10.79,10.79,10.08,10.25,10.33,10.26,24185,248000.0,235,,15181.0,62.77,new
GTECJAINX, EQ,2026-09-29,29.66,29.66,29.66,29.66,29.66,26.97,14074,417000.0,39,,14073.0,99.99,new
GTL, EQ,2026-09-29,6.98,7.0,6.65,6.75,6.78,6.94,238653,1616000.0,745,,175747.0,73.64,new
GTLINFRA, EQ,2026-09-29,1.1,1.1,1.07,1.08,1.08,1.09,31011505,33690000.0,10908,,14362693.0,46.31,new
GTPL, EQ,2026-09-29,54.89,55.88,53.75,54.11,53.77,54.86,13819,754000.0,376,,9163.0,66.31,new
GUFICBIO, EQ,2026-09-29,421.0,445.0,416.35,436.5,431.55,420.4,146625,63698000.0,7186,,67922.0,46.32,new
GUJALKALI, EQ,2026-09-29,606.4,645.0,604.7,627.15,623.35,606.2,251288,157694000.0,12583,,74241.0,29.54,new
GUJAPOLLO, EQ,2026-09-29,342.4,343.7,329.0,330.65,330.25,341.45,11411,3815000.0,750,,8214.0,71.98,new
GUJENERGY, EQ,2026-09-29,234.99,241.02,229.4,236.61,236.0,235.07,2304043,542303000.0,46005,,1185475.0,51.45,new
GUJRAFFIA, EQ,2026-09-29,39.0,40.4,39.0,40.21,40.0,40.44,565,23000.0,17,,516.0,91.33,new
GUJTHEM, EQ,2026-09-29,395.4,410.0,392.6,406.5,404.0,397.55,166047,67041000.0,7595,,67909.0,40.9,new
GULFOILLUB, EQ,2026-09-29,1110.5,1118.3,1088.2,1105.8,1101.0,1110.5,29989,33111000.0,4781,,13853.0,46.19,new
GULFPETRO, BE,2026-09-29,60.8,62.29,58.99,60.51,60.45,61.14,43242,2595000.0,269,,,,new
GULPOLY, EQ,2026-09-29,165.4,166.94,162.0,165.15,166.8,166.05,70194,11548000.0,2333,,35207.0,50.16,new
GVKPIL, BE,2026-09-29,2.68,2.69,2.61,2.61,2.61,2.66,786998,2067000.0000000002,927,,,,new
GVPIL, EQ,2026-09-29,656.95,683.95,645.05,683.95,683.95,651.4,143048,96043000.0,5695,,81610.0,57.05,new
GVPTECH, BE,2026-09-29,7.8,7.89,7.25,7.73,7.72,7.63,31649,241000.0,116,,,,new
GVT&D, EQ,2026-09-29,4198.8,4229.0,4110.9,4130.3,4130.3,4203.0,903170,3755247000.0,78922,,500854.0,55.46,new
GYFTR, EQ,2026-09-29,159.68,164.59,153.41,156.36,158.0,162.25,257670,41215000.0,6185,,30673.0,11.9,new
HAL, EQ,2026-09-29,4723.0,4723.1,4549.3,4549.3,4549.3,4738.0,1096291,5087214000.0,48346,,770580.0,70.29,new
HALDER, EQ,2026-09-29,248.4,248.4,237.05,241.0,239.0,247.15,26808,6487000.0,250,,4991.0,18.62,new
HALDYNGL, EQ,2026-09-29,151.87,155.95,150.0,154.15,155.6,152.35,85821,13238000.0,1018,,51705.0,60.25,new
HALEOSLABS, EQ,2026-09-29,1495.5,1499.9,1485.8,1487.9,1486.0,1513.5,234,349000.0,58,,163.0,69.66,new
HAMPTON, EQ,2026-09-29,8.17,8.17,7.8,8.0,7.9,7.9,11667,92000.0,112,,11336.0,97.16,new
HAPPSTMNDS, EQ,2026-09-29,306.9,311.4,303.3,308.7,308.05,307.15,544433,167018000.0,13573,,209450.0,38.47,new
HAPPY, SM,2026-09-29,76.0,77.0,74.1,74.7,74.7,76.2,28000,2099000.0,14,,16000.0,57.14,new
HAPPYFORGE, EQ,2026-09-29,1995.2,2096.5,1961.0,2074.8,2062.6,1996.7,193351,403003000.0,11747,,130590.0,67.54,new
HARDWYN, EQ,2026-09-29,9.26,9.43,9.18,9.26,9.25,9.23,220896,2042000.0000000002,487,,114181.0,51.69,new
HARIOMPIPE, EQ,2026-09-29,342.1,351.65,335.4,345.1,342.3,342.1,89236,30680000.0,5631,,39655.0,44.44,new
HARRMALAYA, EQ,2026-09-29,171.7,178.44,165.55,175.61,173.99,167.9,22733,3904999.9999999995,670,,14648.0,64.43,new
HARSHA, EQ,2026-09-29,468.0,469.7,455.0,465.05,466.0,465.55,89042,41350000.0,3642,,45686.0,51.31,new
HATHWAY, EQ,2026-09-29,9.35,10.88,9.21,9.49,9.55,9.37,2799216,26206000.0,3491,,789279.0,28.2,new
HATSUN, EQ,2026-09-29,1119.4,1130.0,1093.0,1099.7,1110.0,1119.4,28612,31652999.999999996,4590,,14221.0,49.7,new
HAVELLS, EQ,2026-09-29,1080.6,1081.5,1043.3,1043.3,1043.3,1085.0,1014330,1075460000.0,39622,,530909.0,52.34,new
HAVISHA, EQ,2026-09-29,1.44,1.44,1.29,1.32,1.33,1.38,134689,178000.0,176,,78860.0,58.55,new
HAWKINCOOK, EQ,2026-09-29,8085.0,8085.0,7851.0,7904.0,7900.0,8082.5,3390,26919000.0,1308,,2017.0,59.5,new
HAZOOR, EQ,2026-09-29,19.04,19.48,18.65,18.83,18.75,18.98,240792,4581000.0,1024,,69731.0,28.96,new
HBESD, EQ,2026-09-29,75.0,75.9,69.02,73.98,74.53,71.5,3398,252000.0,119,,2313.0,68.07,new
HBLENGINE, EQ,2026-09-29,784.0,811.6,773.65,808.3,809.0,785.65,2224069,1772568999.9999998,60936,,743387.0,33.42,new
HBPOR, EQ,2026-09-29,60.0,60.65,59.99,60.39,60.3,59.75,634,38000.0,19,,632.0,99.68,new
HBSL, EQ,2026-09-29,55.0,56.55,55.0,55.28,55.25,55.8,5510,307000.0,328,,5232.0,94.95,new
HCC, EQ,2026-09-29,20.5,20.97,20.17,20.71,20.69,20.55,12456726,256553000.00000003,27114,,4509584.0,36.2,new
HCG, EQ,2026-09-29,695.45,708.0,684.0,703.6,707.0,691.2,113331,79174000.0,9298,,71762.0,63.32,new
HCL-INSYS, EQ,2026-09-29,10.39,10.39,10.02,10.11,10.23,10.05,112671,1142000.0,699,,76153.0,67.59,new
HCLTECH, EQ,2026-09-29,1252.6,1261.0,1222.0,1222.0,1222.0,1252.6,5604932,6886014999.999999,97693,,3919100.0,69.92,new
HDBFS, EQ,2026-09-29,636.0,640.9,626.45,630.9,629.65,637.4,234737,149052000.0,23822,,121426.0,51.73,new
HDFCAMC, EQ,2026-09-29,2286.1,2303.0,2223.3,2223.3,2223.3,2302.3,1311015,2972558000.0,76187,,895472.0,68.3,new
HDFCBANK, EQ,2026-09-29,713.7,722.7,706.25,722.7,722.7,719.05,42755901,30528595000.0,367801,,27394310.0,64.07,new
HDFCBSE500, EQ,2026-09-29,35.79,35.95,35.37,35.75,35.77,35.78,757606,27033000.0,253,,717248.0,94.67,new
HDFCGOLD, EQ,2026-09-29,125.15,125.15,123.9,124.76,124.9,125.41,8470158,1055746999.9999999,12403,,6190686.0,73.09,new
HDFCGROWTH, EQ,2026-09-29,113.62,114.18,111.4,111.63,111.8,113.62,10750,1201000.0,353,,6096.0,56.71,new
HDFCLIFE, EQ,2026-09-29,526.2,528.35,518.6,523.55,523.55,531.6,7693601,4023306000.0,63711,,5047562.0,65.61,new
HDFCLIQUID, EQ,2026-09-29,1080.86,1080.86,1075.75,1079.9,1079.9,1079.76,17322,18705000.0,50,,15338.0,88.55,new
HDFCLOWVOL, EQ,2026-09-29,19.48,19.99,19.37,19.73,19.58,19.63,5222,102000.0,73,,3699.0,70.83,new
HDFCMID150, EQ,2026-09-29,22.6,22.6,22.06,22.23,22.2,22.4,875335,19439000.0,2055,,506962.0,57.92,new
HDFCMOMENT, EQ,2026-09-29,29.85,30.11,29.68,29.97,30.11,29.84,187750,5601000.0,1185,,82255.0,43.81,new
HDFCNEXT50, EQ,2026-09-29,73.2,73.2,71.22,71.63,71.99,72.01,94864,6784000.0,979,,49933.0,52.64,new
HDFCNIF100, EQ,2026-09-29,25.3,25.3,24.53,24.57,24.75,24.8,178496,4394000.0,481,,110985.0,62.18,new
HDFCNIFBAN, EQ,2026-09-29,56.03,56.25,55.41,56.09,56.08,56.17,359708,20043000.0,1168,,312438.0,86.86,new
HDFCNIFIT, EQ,2026-09-29,30.61,30.61,29.45,29.62,29.74,30.01,64691,1923999.9999999998,523,,33714.0,52.12,new
HDFCNIFTY, EQ,2026-09-29,264.01,264.01,255.05,256.61,256.9,257.58,518570,132633999.99999999,1746,,441476.0,85.13,new
HDFCNIMEG, EQ,2026-09-29,128.86,134.0,127.5,129.53,129.92,128.86,2349,302000.0,75,,1656.0,70.5,new
HDFCPSUBK, EQ,2026-09-29,81.01,82.37,80.26,81.41,80.98,81.23,38507,3109000.0,377,,20725.0,53.82,new
HDFCPVTBAN, EQ,2026-09-29,27.09,27.09,26.67,26.93,27.0,27.09,309934,8305000.0,562,,242973.0,78.4,new
HDFCQUAL, EQ,2026-09-29,55.94,56.02,55.42,55.66,55.79,56.22,10597,590000.0,149,,5613.0,52.97,new
HDFCSENSEX, EQ,2026-09-29,84.2,85.02,82.0,82.73,82.69,82.95,118759,9781000.0,1217,,53941.0,45.42,new
HDFCSILVER, EQ,2026-09-29,209.78,210.14,208.2,209.02,209.21,210.33,2243596,469076000.0,13419,,1103838.0,49.2,new
HDFCSML250, EQ,2026-09-29,179.91,182.46,178.1,181.07,180.09,180.5,1732641,312116000.0,16875,,894883.0,51.65,new
HDFCVALUE, EQ,2026-09-29,120.57,120.97,117.45,118.43,118.7,119.18,15786,1868000.0,212,,8844.0,56.02,new
HDIL, BZ,2026-09-29,1.41,1.49,1.4,1.46,1.47,1.47,104327,151000.0,203,,,,new
HEADSUP, EQ,2026-09-29,6.5,6.95,6.27,6.45,6.64,6.61,18622,119000.0,121,,17478.0,93.86,new
HEALTHADD, EQ,2026-09-29,16.99,16.99,16.59,16.81,16.82,16.74,11644,194000.0,203,,7699.0,66.12,new
HEALTHAXIS, EQ,2026-09-29,169.5,169.5,168.02,168.43,168.2,168.19,13386,2254000.0,68,,11434.0,85.42,new
HEALTHCARE, EQ,2026-09-29,21.71,21.81,21.6,21.71,21.68,21.63,24708,536000.0,186,,15643.0,63.31,new
HEALTHIETF, EQ,2026-09-29,171.41,171.41,169.0,169.98,170.0,169.72,130367,22152000.0,2270,,65753.0,50.44,new
HEALTHX, EQ,2026-09-29,287.0,291.0,275.0,285.05,291.0,285.15,19728,5536000.0,665,,12984.0,65.82,new
HEALTHY, EQ,2026-09-29,17.03,17.25,16.95,17.14,17.25,17.03,279445,4782000.0,965,,173931.0,62.24,new
HECPROJECT, EQ,2026-09-29,112.55,116.0,110.5,114.82,112.6,112.86,7066,798000.0,146,,4160.0,58.87,new
HEGAM, EQ,2026-09-29,241.75,242.0,235.25,238.25,238.95,240.0,663791,158247000.0,14632,,272825.0,41.1,new
HEIDELBERG, EQ,2026-09-29,131.45,131.91,129.01,130.29,130.4,131.45,194472,25316000.0,3292,,106289.0,54.66,new
HEMIPROP, EQ,2026-09-29,115.9,115.95,113.11,114.94,115.2,115.95,747785,85632000.0,7954,,306793.0,41.03,new
HERANBA, EQ,2026-09-29,180.05,182.82,176.1,178.57,180.51,179.94,89075,15957000.0,2868,,29380.0,32.98,new
HERITGFOOD, EQ,2026-09-29,400.15,406.55,397.2,401.2,400.0,402.05,206267,83076000.0,8403,,72246.0,35.03,new
HEROMOTOCO, EQ,2026-09-29,5375.0,5384.0,5208.0,5208.0,5208.0,5390.0,681672,3624441000.0000005,67374,,435745.0,63.92,new
HEROMOTORS, EQ,2026-09-29,137.48,140.78,132.62,138.71,138.8,135.06,92851990,12787223000.0,515114,,9557417.0,10.29,new
HESTERBIO, EQ,2026-09-29,2156.6,2192.9,2125.2,2165.0,2150.0,2147.3,3358,7237000.0,648,,1170.0,34.84,new
HEXAGON, BE,2026-09-29,64.67,65.58,64.0,65.34,65.15,64.35,75687,4904000.0,389,,,,new
HEXATRADEX, EQ,2026-09-29,155.16,158.68,155.1,155.3,156.54,155.0,5566,866000.0,79,,5247.0,94.27,new
HEXT, EQ,2026-09-29,488.9,493.85,476.25,482.1,482.8,489.25,152135,73242000.0,15938,,90464.0,59.46,new
HFCL, BE,2026-09-29,203.5,216.21,199.0,216.21,216.21,205.92,6086773,1289129000.0,25806,,,,new
HGINFRA, EQ,2026-09-29,444.0,448.0,435.0,438.25,437.7,444.55,173913,76491000.0,8882,,62950.0,36.2,new
HGM, EQ,2026-09-29,42.14,43.5,40.31,42.85,42.03,41.25,1914,80000.0,53,,1522.0,79.52,new
HGS, EQ,2026-09-29,368.1,373.4,363.65,366.05,365.6,372.35,8101,2979000.0,1052,,5124.0,63.25,new
HIGREEN, SM,2026-09-29,114.05,124.95,113.05,122.85,122.55,113.95,28000,3377000.0000000005,34,,20800.0,74.29,new
HIKAL, EQ,2026-09-29,208.9,219.5,207.21,218.05,218.5,208.8,740019,159079000.0,13888,,205420.0,27.76,new
HILINFRA, EQ,2026-09-29,42.75,43.55,41.55,43.26,43.34,42.61,80120,3413000.0000000005,804,,58086.0,72.5,new
HILTON, EQ,2026-09-29,16.56,17.28,16.26,16.45,16.35,16.78,183520,3058000.0,517,,139014.0,75.75,new
HIMATSEIDE, EQ,2026-09-29,65.9,66.05,64.51,64.9,64.99,66.13,312472,20372000.0,4234,,155399.0,49.73,new
HINDADH, EQ,2026-09-29,394.95,394.95,377.55,385.25,382.0,384.45,578,223000.0,58,,443.0,76.64,new
HINDALCO, EQ,2026-09-29,955.9,963.5,947.1,955.2,955.2,955.9,5092531,4862027000.0,96565,,3280214.0,64.41,new
HINDALUMI, EQ,2026-09-29,93.0,93.0,88.0,90.15,91.99,91.43,2229,202000.0,139,,1615.0,72.45,new
HINDCOMPOS, EQ,2026-09-29,380.1,387.6,370.2,377.5,383.15,379.2,2145,807000.0,142,,1636.0,76.27,new
HINDCON, EQ,2026-09-29,33.39,33.39,32.4,33.39,33.39,30.36,210313,7022000.0,708,,178818.0,85.02,new
HINDCOPPER, EQ,2026-09-29,475.55,479.95,470.0,474.35,474.95,479.6,9198111,4365612000.0,123588,,5047978.0,54.88,new
HINDOILEXP, EQ,2026-09-29,173.35,177.0,171.55,173.91,173.6,172.98,394733,68825000.0,8675,,152227.0,38.56,new
HINDPETRO, EQ,2026-09-29,340.7,349.35,337.2,349.2,349.2,342.45,4074720,1403895000.0,79595,,2022024.0,49.62,new
HINDUNILVR, EQ,2026-09-29,1896.0,1898.9,1863.8,1863.8,1863.8,1896.0,2057852,3852926000.0,80418,,1360824.0,66.13,new
HINDWAREAP, EQ,2026-09-29,170.34,171.5,165.0,170.2,171.5,170.34,88868,15027000.000000002,3920,,50751.0,57.11,new
HINDZINC, EQ,2026-09-29,569.0,576.55,563.2,563.3,563.3,573.0,4801573,2731921000.0,57875,,2807869.0,58.48,new
HIRECT, EQ,2026-09-29,1182.0,1189.5,1150.7,1171.4,1174.9,1179.4,26079,30458999.999999996,3333,,13155.0,50.44,new
HISARMETAL, EQ,2026-09-29,151.97,154.0,149.2,151.39,150.51,151.96,774,117000.0,34,,642.0,82.95,new
HITECH, EQ,2026-09-29,73.25,73.95,70.74,73.19,72.5,73.34,540643,39098000.0,6061,,190638.0,35.26,new
HITECHCORP, BE,2026-09-29,343.5,343.5,332.65,342.45,343.0,341.45,7424,2526000.0,76,,,,new
HITECHGEAR, BE,2026-09-29,680.9,680.9,616.45,625.5,640.0,648.85,5172,3303000.0,147,,,,new
HLEGLAS, EQ,2026-09-29,419.05,436.95,406.2,434.65,434.0,419.35,256043,109600000.0,6856,,140940.0,55.05,new
HLVLTD, EQ,2026-09-29,6.33,6.5,6.31,6.39,6.34,6.37,64436,411000.00000000006,420,,51414.0,79.79,new
HMAAGRO, EQ,2026-09-29,24.02,24.02,23.43,23.8,23.75,24.02,614209,14585000.0,2327,,282329.0,45.97,new
HMT, BZ,2026-09-29,59.6,60.0,58.02,59.98,59.98,59.04,10311,611000.0,96,,,,new
HMVL, BE,2026-09-29,68.99,72.4,68.11,72.4,72.4,68.96,27513,1970000.0,135,,,,new
HNDFDS, EQ,2026-09-29,602.15,604.8,577.0,596.85,600.0,602.15,168762,99217000.0,8240,,117111.0,69.39,new
HNGSNGBEES, EQ,2026-09-29,467.62,467.62,450.8,452.96,453.94,456.22,127847,57997000.0,4331,,94030.0,73.55,new
HOACFOODS, ST,2026-09-29,893.25,893.25,893.25,893.25,893.25,875.75,375,335000.0,1,,375.0,100.0,new
HOLMARC, SM,2026-09-29,125.1,125.1,118.75,118.75,118.75,125.0,11250,1355000.0,14,,9750.0,86.67,new
HOMEFIRST, EQ,2026-09-29,1094.0,1109.2,1057.2,1094.4,1095.0,1094.0,190918,209100000.0,20808,,103895.0,54.42,new
HONASA, EQ,2026-09-29,454.0,457.05,439.3,441.65,440.5,466.05,20795107,9356940000.0,88358,,13906743.0,66.88,new
HONAUT, EQ,2026-09-29,33660.0,35470.0,33505.0,33980.0,33870.0,33855.0,27480,933023000.0,12156,,16820.0,61.21,new
HONDAPOWER, EQ,2026-09-29,1884.7,1910.0,1828.1,1886.0,1871.1,1862.8,3476,6461000.0,727,,1917.0,55.15,new
HORIZONIND, EQ,2026-09-29,51.69,52.15,50.61,51.02,51.0,51.79,2934473,150666000.0,31516,,1900720.0,64.77,new
HPAL, EQ,2026-09-29,34.5,35.99,34.1,34.44,34.36,34.77,35257,1219000.0,525,,27653.0,78.43,new
HPIL, EQ,2026-09-29,117.0,117.0,114.2,115.37,114.89,115.4,363,42000.0,31,,274.0,75.48,new
HPL, EQ,2026-09-29,272.8,273.65,266.65,270.15,268.05,270.95,86592,23374000.0,3584,,42328.0,48.88,new
HPTL, ST,2026-09-29,450.0,450.0,443.0,443.0,443.0,450.9,1200,536000.0,2,,1200.0,100.0,new
HRHNEXT, SM,2026-09-29,22.05,24.2,22.05,24.15,24.15,23.1,15000,344000.0,10,,12000.0,80.0,new
HRYNSHP, EQ,2026-09-29,96.1,99.0,96.01,96.01,96.01,96.01,460,44000.0,30,,387.0,84.13,new
HSBCGOLD, EQ,2026-09-29,128.8,134.8,126.14,129.08,133.56,127.28,256143,32550000.0,97,,233970.0,91.34,new
HSCL, EQ,2026-09-29,666.9,676.6,663.4,667.6,667.0,669.95,1686772,1132040000.0,31221,,697343.0,41.34,new
HTEL, EQ,2026-09-29,65.41,70.39,65.01,69.52,69.3,65.64,2012461,137747000.0,19178,,749128.0,37.22,new
HTMEDIA, EQ,2026-09-29,23.1,23.6,22.52,23.46,23.6,23.1,61616,1426000.0,515,,36230.0,58.8,new
HUBTOWN, EQ,2026-09-29,168.0,169.6,165.55,166.41,165.55,167.87,253127,42107000.0,2598,,161663.0,63.87,new
HUDCO, EQ,2026-09-29,168.0,169.7,164.0,165.57,165.65,168.66,3647277,605041000.0,40113,,1957201.0,53.66,new
HUHTAMAKI, EQ,2026-09-29,238.85,238.95,231.1,235.7,235.8,234.2,78853,18527000.0,3865,,36244.0,45.96,new
HVAX, SM,2026-09-29,732.0,732.0,672.0,709.9,709.9,700.65,1800,1254000.0,11,,1650.0,91.67,new
HYBRIDETF, EQ,2026-09-29,9.82,9.84,9.8,9.84,9.84,9.8,10486,103000.0,42,,10324.0,98.46,new
HYBRIDFIN, EQ,2026-09-29,18.0,18.0,16.7,17.82,17.98,17.36,12018,212000.0,78,,10163.0,84.56,new
HYUNDAI, EQ,2026-09-29,2051.1,2100.0,2009.6,2100.0,2100.0,2050.7,763311,1567062000.0,35218,,377252.0,49.42,new
IBLFL, SM,2026-09-29,61.0,61.0,61.0,61.0,61.0,61.0,4000,244000.0,2,,4000.0,100.0,new
IBULLSLTD, EQ,2026-09-29,28.8,30.19,28.45,29.93,30.02,28.9,12006735,357211000.0,18620,,6745537.0,56.18,new
ICDSLTD, BE,2026-09-29,54.42,54.42,51.45,51.45,51.45,54.15,1104,56999.99999999999,31,,,,new
ICELCO, SM,2026-09-29,128.0,132.3,125.0,128.85,125.0,128.25,21600,2782000.0,12,,15600.0,72.22,new
ICEMAKE, EQ,2026-09-29,648.0,648.0,632.65,634.0,635.0,648.75,42018,26822000.000000004,2189,,30032.0,71.47,new
ICICIAMC, EQ,2026-09-29,3220.0,3265.0,3167.0,3233.0,3237.0,3214.5,769671,2466357000.0,50482,,587831.0,76.37,new
ICICIB22, EQ,2026-09-29,111.9,111.9,109.31,110.35,110.2,110.69,160744,17688000.0,3020,,90338.0,56.2,new
ICICIBANK, EQ,2026-09-29,1295.7,1304.8,1291.0,1292.2,1292.2,1302.0,14811396,19196551000.0,223405,,10452543.0,70.57,new
ICICIGI, EQ,2026-09-29,1532.0,1550.0,1498.2,1515.0,1515.0,1540.0,756660,1144354000.0,38508,,429986.0,56.83,new
ICICIPRULI, EQ,2026-09-29,452.05,455.45,442.95,444.55,444.55,458.7,2919254,1309873000.0,88308,,1300279.0,44.54,new
ICIL, EQ,2026-09-29,439.9,448.55,433.0,434.95,433.0,440.2,420236,184049000.0,19127,,185672.0,44.18,new
ICRA, EQ,2026-09-29,4311.0,4373.9,4274.0,4297.9,4276.0,4310.4,14911,64196000.0,3110,,7351.0,49.3,new
IDBI, EQ,2026-09-29,83.9,84.9,82.6,83.32,83.55,84.39,7662555,640611000.0,29865,,3057249.0,39.9,new
IDEA, EQ,2026-09-29,13.6,13.68,13.26,13.56,13.56,13.47,1150179404,15502239000.000002,670939,,663435062.0,57.68,new
IDEAFORGE, EQ,2026-09-29,716.9,724.0,707.0,719.7,724.0,716.4,117154,83959000.0,8399,,61335.0,52.35,new
IDFCFIRSTB, EQ,2026-09-29,80.4,80.63,78.6,79.46,79.46,80.55,36206575,2892503000.0,79319,,21054689.0,58.15,new
IDFNIFTYET, EQ,2026-09-29,253.9,255.0,249.25,250.81,255.0,252.64,1985,497000.0,62,,1550.0,78.09,new
IEML, ST,2026-09-29,55.5,55.5,50.95,50.95,50.95,53.6,48000,2494000.0,60,,36500.0,76.04,new
IEX, EQ,2026-09-29,111.35,111.4,106.35,106.39,106.39,111.35,7359823,796747000.0,61589,,3756042.0,51.03,new
IFBAGRO, EQ,2026-09-29,844.0,948.0,844.0,905.45,895.1,844.0,12900,11558000.0,1176,,7525.0,58.33,new
IFBIND, EQ,2026-09-29,1214.8,1234.5,1199.0,1201.0,1199.1,1214.2,40295,48680000.0,2977,,22620.0,56.14,new
IFCI, EQ,2026-09-29,70.06,71.65,69.53,70.97,70.88,70.55,38909344,2750008000.0,109229,,5485889.0,14.1,new
IFGLEXPOR, EQ,2026-09-29,194.1,194.1,186.91,189.61,188.0,192.71,25577,4871000.0,1324,,14106.0,55.15,new
IGARASHI, EQ,2026-09-29,414.9,417.95,406.3,411.55,410.5,416.2,50834,20958000.0,1819,,28727.0,56.51,new
IGCL, EQ,2026-09-29,59.1,59.88,56.5,57.15,58.78,58.25,70886,4054000.0,5000,,38341.0,54.09,new
IGIL, EQ,2026-09-29,321.55,326.8,317.7,324.3,326.0,323.15,607317,195480000.0,17535,,361306.0,59.49,new
IGL, EQ,2026-09-29,143.5,144.79,139.2,142.02,141.4,143.44,3801920,541356000.0,59352,,1811415.0,47.64,new
IGPL, EQ,2026-09-29,580.0,591.9,575.0,584.3,584.05,581.55,44273,25825000.0,2115,,20993.0,47.42,new
IIFL, EQ,2026-09-29,595.05,614.05,588.75,607.5,605.9,598.15,2559619,1545044000.0,92103,,1215500.0,47.49,new
IIFLCAPS, EQ,2026-09-29,343.55,347.45,343.55,344.95,346.0,343.7,460188,158795000.0,11221,,242466.0,52.69,new
IITL, EQ,2026-09-29,132.85,132.85,123.85,125.64,129.7,131.58,111438,14504000.0,1487,,16956.0,15.22,new
IKIO, EQ,2026-09-29,199.4,200.34,194.31,197.3,200.0,199.62,153590,30224000.0,3590,,76336.0,49.7,new
IKS, EQ,2026-09-29,1768.0,1822.3,1750.7,1779.4,1774.8,1768.4,203931,365362000.0,28868,,99321.0,48.7,new
IL&FSENGG, BZ,2026-09-29,39.35,39.35,36.63,36.76,37.05,38.55,115599,4256000.0,118,,,,new
IL&FSTRANS, BZ,2026-09-29,2.02,2.02,1.88,1.9,1.97,1.97,84185,161000.0,71,,,,new
IMAGICAA, EQ,2026-09-29,51.31,54.3,50.1,51.3,50.6,51.29,1504303,78026000.0,10330,,338620.0,22.51,new
IMFA, EQ,2026-09-29,1202.0,1226.4,1184.1,1206.5,1217.0,1207.8,88124,106667000.0,8447,,47916.0,54.37,new
IMPAL, EQ,2026-09-29,1054.0,1054.0,1035.3,1042.6,1038.0,1043.1,1933,2013000.0,241,,1393.0,72.06,new
IMPEXFERRO, BZ,2026-09-29,6.38,6.38,6.38,6.38,6.38,6.26,59091,377000.0,63,,,,new
INA, EQ,2026-09-29,89.0,89.5,87.1,87.63,88.48,89.08,318802,28133000.0,3141,,152872.0,47.95,new
INCREDIBLE, EQ,2026-09-29,32.6,33.2,31.55,31.6,32.39,33.26,3488,111000.00000000001,69,,2878.0,82.51,new
INDBANK, EQ,2026-09-29,25.6,26.0,24.21,25.06,25.2,25.6,25410,638000.0,553,,17074.0,67.19,new
INDGN, EQ,2026-09-29,613.0,627.0,598.35,605.15,604.0,613.3,1828353,1119086000.0,62693,,999332.0,54.66,new
INDHOTEL, EQ,2026-09-29,709.0,725.9,704.6,714.35,714.35,711.0,26142773,18692566000.0,95515,,20196083.0,77.25,new
INDIACEM, EQ,2026-09-29,314.5,314.55,302.05,303.7,303.0,312.4,130348,39859000.0,10712,,66530.0,51.04,new
INDIAGLYCO, EQ,2026-09-29,301.5,307.7,292.6,304.5,305.2,297.5,501115,151016000.0,16845,,161214.0,32.17,new
INDIAMART, EQ,2026-09-29,1638.3,1638.4,1600.0,1612.9,1615.0,1637.0,69706,113022000.0,9108,,45277.0,64.95,new
INDIANB, EQ,2026-09-29,802.5,808.8,794.75,795.25,795.25,802.45,1349036,1080174000.0,39698,,715365.0,53.03,new
INDIANCARD, EQ,2026-09-29,193.75,193.75,183.0,183.72,183.55,189.69,5044,928999.9999999999,289,,3826.0,75.85,new
INDIANHUME, EQ,2026-09-29,350.35,358.0,345.35,355.8,354.05,350.35,66941,23562000.0,2444,,37159.0,55.51,new
INDIASHLTR, EQ,2026-09-29,640.7,646.95,620.15,639.75,643.5,647.3,284396,180712000.0,19558,,144768.0,50.9,new
INDIFRA, SM,2026-09-29,12.25,12.25,12.25,12.25,12.25,12.85,2000,25000.0,1,,2000.0,100.0,new
INDIGO, EQ,2026-09-29,4870.0,4898.0,4851.0,4872.0,4872.0,4874.5,409270,1994966999.9999998,40172,,231612.0,56.59,new
INDIGOPNTS, EQ,2026-09-29,1110.6,1115.5,1072.5,1078.9,1085.0,1110.0,64558,70104000.0,9461,,29948.0,46.39,new
INDIGRID, IV,2026-09-29,172.99,172.99,171.52,172.1,172.0,172.53,478812,82437000.0,18287,,426324.0,89.04,new
INDIQUBE, EQ,2026-09-29,199.8,199.8,193.23,196.14,196.98,199.44,57862,11356000.0,1284,,39014.0,67.43,new
INDNIPPON, EQ,2026-09-29,1295.1,1311.6,1226.0,1244.8,1246.0,1290.6,71735,90283000.0,7492,,33686.0,46.96,new
INDOAMIN, EQ,2026-09-29,140.0,149.6,137.65,145.45,144.99,137.47,626536,90866000.0,8450,,290855.0,46.42,new
INDOBORAX, EQ,2026-09-29,487.8,497.5,465.55,489.5,488.4,477.55,1031179,498322000.0,28514,,159518.0,15.47,new
INDOCO, EQ,2026-09-29,249.8,284.77,249.2,269.15,265.25,249.06,19854651,5446937000.0,224875,,1172058.0,5.9,new
INDOFARM, EQ,2026-09-29,134.66,136.0,132.02,133.17,133.02,134.27,56934,7604000.000000001,1501,,30087.0,52.85,new
INDOKEM, EQ,2026-09-29,607.0,626.35,595.0,617.0,615.0,609.0,5978,3636000.0,414,,3803.0,63.62,new
INDOMIM, EQ,2026-09-29,1230.0,1288.9,1210.0,1248.15,1250.0,1227.6,1464214,1832934000.0,56001,,714163.0,48.77,new
INDORAMA, EQ,2026-09-29,101.55,104.45,94.8,103.44,104.0,100.8,1899725,191170000.0,22921,,464322.0,24.44,new
INDOSTAR, EQ,2026-09-29,208.0,217.19,208.0,209.04,209.5,210.85,139436,29552000.0,2794,,92216.0,66.14,new
INDOTECH, EQ,2026-09-29,3225.0,3270.0,3079.9,3186.2,3154.5,3133.7,17139,54377000.0,3654,,7252.0,42.31,new
INDOTHAI, EQ,2026-09-29,30.03,31.93,29.0,31.93,31.93,30.41,1236632,37727000.0,4316,,607700.0,49.14,new
INDOUS, EQ,2026-09-29,77.47,79.0,77.0,77.42,77.0,77.9,3010,236000.0,67,,2869.0,95.32,new
INDOWIND, EQ,2026-09-29,8.79,8.92,8.48,8.86,8.89,8.64,87824,766000.0,686,,62529.0,71.2,new
INDPRUD, EQ,2026-09-29,6100.0,6450.0,6100.0,6358.0,6449.5,6092.5,83,525000.0,20,,81.0,97.59,new
INDRAMEDCO, EQ,2026-09-29,360.0,363.15,352.0,354.8,355.1,360.0,406266,144471000.0,6658,,283619.0,69.81,new
INDSWFTLAB, EQ,2026-09-29,409.1,417.25,403.15,413.1,414.55,408.1,445415,182757000.0,10189,,165313.0,37.11,new
INDTERRAIN, EQ,2026-09-29,29.6,29.6,29.02,29.3,29.15,29.49,14638,426999.99999999994,88,,12262.0,83.77,new
INDUSINDBK, EQ,2026-09-29,905.1,908.1,878.0,878.0,878.0,909.7,3205911,2860652000.0,55117,,2064779.0,64.41,new
INDUSINVIT, IV,2026-09-29,131.3,132.57,129.9,131.0,131.48,130.55,192902,25335000.0,6081,,140210.0,72.68,new
INDUSTOWER, EQ,2026-09-29,359.0,373.05,358.2,367.55,367.55,360.0,8836110,3256380000.0,74451,,4344795.0,49.17,new
INFINIUM, SM,2026-09-29,260.0,266.5,258.0,266.5,266.5,268.5,5000,1306000.0,10,,4500.0,90.0,new
INFLUX, SM,2026-09-29,269.9,269.9,250.0,262.9,265.0,270.9,81000,21049000.0,127,,55800.0,68.89,new
INFOBEAN, EQ,2026-09-29,144.0,146.38,142.25,143.78,144.0,144.42,135403,19559000.0,2580,,57692.0,42.61,new
INFOLLION, SM,2026-09-29,146.15,154.95,145.0,152.55,152.55,152.0,10400,1560000.0,21,,6800.0,65.38,new
INFOMEDIA, EQ,2026-09-29,5.19,5.48,5.06,5.19,5.33,5.17,8965,47000.0,48,,7611.0,84.9,new
INFRA, EQ,2026-09-29,11.49,11.52,11.39,11.48,11.46,11.5,39577,454000.0,185,,26915.0,68.01,new
INFRABEES, EQ,2026-09-29,911.99,911.99,900.23,908.55,910.5,911.99,10881,9870000.0,867,,5488.0,50.44,new
INFRAIETF, EQ,2026-09-29,92.32,92.32,89.77,90.62,90.0,90.51,52214,4712000.0,3232,,27207.0,52.11,new
INFY, EQ,2026-09-29,1002.6,1015.4,980.4,1015.4,1015.4,1003.2,12992711,12922093000.0,210984,,8332513.0,64.13,new
INGERRAND, EQ,2026-09-29,4226.8,4238.6,4180.0,4195.0,4200.0,4226.8,5857,24660000.0,1934,,2391.0,40.82,new
INM, SM,2026-09-29,149.0,150.05,149.0,150.0,150.0,136.0,15000,2245000.0,16,,15000.0,100.0,new
INNOMET, ST,2026-09-29,290.35,290.35,283.75,283.75,283.75,289.5,25800,7337000.0,18,,25200.0,97.67,new
INNOVACAP, EQ,2026-09-29,1265.0,1314.8,1259.1,1271.2,1260.0,1271.2,147937,190067000.0,34133,,63118.0,42.67,new
INNOVANA, EQ,2026-09-29,295.8,299.75,285.0,291.5,290.0,289.65,31625,9175000.0,761,,6870.0,21.72,new
INNOVISION, EQ,2026-09-29,251.7,255.0,251.5,253.7,252.05,251.7,4268,1080000.0,225,,2189.0,51.29,new
INOXGREEN, EQ,2026-09-29,170.0,171.0,162.8,163.96,163.52,170.0,2050781,340285000.0,27373,,891034.0,43.45,new
INOXINDIA, EQ,2026-09-29,2056.5,2092.4,2032.2,2070.4,2065.6,2051.1,363480,750150000.0,42120,,191451.0,52.67,new
INOXWIND, EQ,2026-09-29,72.0,73.04,70.57,71.5,71.5,72.0,8301480,597080000.0,30950,,2817440.0,33.94,new
INSECTICID, EQ,2026-09-29,600.1,600.1,580.5,588.9,588.0,598.35,13561,7969000.0,1349,,7115.0,52.47,new
INSPIRISYS, EQ,2026-09-29,85.49,87.99,84.51,85.92,86.0,84.99,5984,511000.00000000006,108,,4574.0,76.44,new
INSUREIETF, EQ,2026-09-29,14.78,14.78,14.51,14.61,14.64,14.78,1232738,17951000.0,430,,1007651.0,81.74,new
INTELLECT, EQ,2026-09-29,628.6,629.9,609.4,613.25,610.0,631.55,262246,162685000.0,16942,,126625.0,48.28,new
INTENTECH, EQ,2026-09-29,81.25,82.98,81.25,82.63,82.24,83.05,4813,397000.0,104,,3550.0,73.76,new
INTERARCH, EQ,2026-09-29,1718.6,1718.6,1678.7,1690.2,1684.8,1706.2,24515,41527000.0,2955,,13119.0,53.51,new
INTERNET, EQ,2026-09-29,13.91,13.91,13.5,13.68,13.67,13.92,479174,6522000.0,530,,401108.0,83.71,new
INTLCONV, EQ,2026-09-29,79.9,80.86,79.9,80.0,80.0,79.9,35739,2863000.0,643,,25266.0,70.7,new
INVENTURE, EQ,2026-09-29,0.87,0.87,0.85,0.86,0.87,0.87,1105528,957000.0,329,,517279.0,46.79,new
INVPRECQ, BE,2026-09-29,1543.6,1543.6,1450.0,1521.2,1524.0,1501.5,7980,11927000.0,226,,,,new
IOB, EQ,2026-09-29,31.74,31.98,30.51,30.95,30.86,31.74,15845308,491805000.0,41056,,9487701.0,59.88,new
IOC, EQ,2026-09-29,133.32,134.31,131.02,131.33,131.33,133.32,10116269,1339958000.0,84956,,5536542.0,54.73,new
IOLCP, EQ,2026-09-29,196.25,202.75,196.24,201.48,201.9,196.29,1550901,310333000.0,26943,,501607.0,32.34,new
IONEXCHANG, EQ,2026-09-29,420.4,424.05,406.35,410.2,409.1,422.9,190265,78965000.0,16992,,82028.0,43.11,new
IPCALAB, EQ,2026-09-29,1919.7,1980.0,1919.7,1938.1,1950.3,1919.3,246042,478977000.00000006,32884,,121687.0,49.46,new
IPHL, SM,2026-09-29,72.5,72.5,71.8,71.9,71.9,72.2,9600,694000.0,7,,9600.0,100.0,new
IPL, EQ,2026-09-29,131.8,133.85,128.05,133.12,133.5,131.56,241268,31554000.000000004,4133,,102385.0,42.44,new
IPRINGLTD, EQ,2026-09-29,135.99,144.14,135.1,136.13,141.0,136.17,2024,281000.0,63,,1872.0,92.49,new
IRB, EQ,2026-09-29,17.12,17.12,16.75,16.98,16.95,17.14,14681424,248898000.0,29050,,5531202.0,37.67,new
IRBINVIT, IV,2026-09-29,64.35,64.6,64.0,64.17,64.25,64.33,520170,33420999.999999996,6639,,482050.0,92.67,new
IRCON, EQ,2026-09-29,103.0,104.4,101.6,102.47,102.23,103.25,1966663,202282000.0,27847,,724076.0,36.82,new
IRCTC, EQ,2026-09-29,454.0,456.0,448.55,452.55,452.0,453.5,645641,292077000.0,32804,,329024.0,50.96,new
IREDA, EQ,2026-09-29,114.82,116.54,111.0,111.0,111.0,114.82,8686276,987337999.9999999,47952,,1839728.0,21.18,new
IRFC, EQ,2026-09-29,78.7,80.26,77.07,80.26,80.26,78.55,15747317,1235058000.0,63417,,5237730.0,33.26,new
IRIS, EQ,2026-09-29,228.94,234.85,223.0,230.23,228.01,226.57,26828,6084000.0,882,,18472.0,68.85,new
IRISDOREME, EQ,2026-09-29,63.0,66.17,62.11,62.8,62.11,62.78,537555,34418000.0,5937,,119118.0,22.16,new
IRMENERGY, EQ,2026-09-29,261.65,269.0,259.05,267.25,268.5,265.4,96668,25707000.0,3037,,61613.0,63.74,new
ISFT, BE,2026-09-29,95.1,101.1,91.48,100.11,101.1,96.29,19117,1875000.0,250,,,,new
ISGEC, EQ,2026-09-29,890.0,890.0,872.2,880.1,880.0,886.45,49547,43560000.0,7537,,26062.0,52.6,new
ISHANCH, EQ,2026-09-29,48.05,50.81,46.5,47.35,47.83,50.07,19242,923000.0,266,,12110.0,62.94,new
ISTLTD, EQ,2026-09-29,635.05,655.0,635.0,640.0,640.0,639.6,171,110000.00000000001,34,,157.0,91.81,new
IT, EQ,2026-09-29,31.32,31.47,30.6,30.72,30.63,31.31,319509,9860000.0,1783,,156322.0,48.93,new
ITADD, EQ,2026-09-29,30.01,30.2,29.18,29.5,29.52,29.9,13380,395000.0,246,,6999.0,52.31,new
ITALIANE, SM,2026-09-29,30.5,30.5,30.5,30.5,30.5,30.3,2000,61000.0,1,,2000.0,100.0,new
ITAXIS, EQ,2026-09-29,308.0,312.0,305.0,311.83,312.0,308.97,5777,1778000.0,62,,4293.0,74.31,new
ITBEES, EQ,2026-09-29,31.23,31.85,30.75,30.8,30.84,31.23,9287804,287318000.0,21664,,4842070.0,52.13,new
ITBETA, EQ,2026-09-29,294.1,294.1,290.8,292.46,292.46,295.33,707,206999.99999999997,22,,476.0,67.33,new
ITC, EQ,2026-09-29,265.45,266.75,263.3,265.1,265.1,265.2,14419948,3821207000.0,139214,,10034744.0,69.59,new
ITCHOTELS, EQ,2026-09-29,158.02,162.0,156.33,160.53,161.0,158.57,1965803,313695000.0,35195,,965912.0,49.14,new
ITDC, EQ,2026-09-29,662.5,670.85,645.55,657.15,657.75,662.5,96658,63590000.0,9159,,24714.0,25.57,new
ITETF, EQ,2026-09-29,29.87,30.45,29.19,29.35,30.45,29.87,447506,13182000.0,1235,,170995.0,38.21,new
ITI, EQ,2026-09-29,245.9,247.65,240.1,243.4,242.2,245.8,179421,43755000.0,10514,,65447.0,36.48,new
ITIETF, EQ,2026-09-29,30.52,31.41,30.52,30.82,30.94,31.31,492189,15237000.0,1715,,244219.0,49.62,new
ITL, EQ,2026-09-29,361.6,361.6,343.05,353.0,354.65,357.7,2146,750000.0,41,,2092.0,97.48,new
ITTL, ST,2026-09-29,61.65,61.65,61.65,61.65,61.65,62.9,315,19000.0,3,,315.0,100.0,new
IVALUE, EQ,2026-09-29,218.47,228.4,215.82,224.61,224.8,219.21,118885,26376000.0,4163,,48232.0,40.57,new
IVC, EQ,2026-09-29,7.88,7.9,7.62,7.68,7.72,7.81,134792,1043000.0,1016,,90714.0,67.3,new
IVP, BE,2026-09-29,228.15,228.15,222.93,226.08,227.0,229.16,6529,1463000.0,92,,,,new
IVZBANKNF, EQ,2026-09-29,53.97,55.8,53.5,54.46,54.52,54.37,558,30000.0,21,,508.0,91.04,new
IVZINGOLD, EQ,2026-09-29,127.5,127.5,126.05,127.25,127.5,127.7,63981,8139000.0,394,,61337.0,95.87,new
IVZINNIFTY, EQ,2026-09-29,269.42,269.42,260.1,261.7,261.7,262.85,1197,313000.0,44,,1058.0,88.39,new
IVZSENSEX, EQ,2026-09-29,73.0,73.97,72.15,73.03,73.03,73.01,1281,93000.0,23,,793.0,61.9,new
IWARE, ST,2026-09-29,389.0,397.4,381.65,382.1,382.1,383.0,8400,3265999.9999999995,14,,6600.0,78.57,new
IWP, EQ,2026-09-29,39.95,42.4,34.36,36.88,37.0,40.96,466683,18238000.0,3450,,186415.0,39.94,new
IXIGO, EQ,2026-09-29,155.16,160.5,152.51,160.24,160.0,155.08,643712,101768000.0,13354,,280696.0,43.61,new
IZMO, EQ,2026-09-29,879.0,902.9,873.6,888.2,892.0,873.55,57013,50600000.0,4488,,20390.0,35.76,new
J&KBANK, EQ,2026-09-29,142.63,143.64,138.0,138.52,138.95,142.25,2354937,328987000.0,41545,,1264933.0,53.71,new
JAGRAN, EQ,2026-09-29,62.23,62.4,61.3,62.01,61.99,62.05,151788,9397000.0,1764,,105948.0,69.8,new
JAGSNPHARM, EQ,2026-09-29,239.02,240.87,232.3,234.71,236.2,241.02,93102,22008000.0,2789,,40453.0,43.45,new
JAIBALAJI, EQ,2026-09-29,63.55,64.36,62.05,63.35,63.72,63.51,338779,21475000.0,3234,,144050.0,42.52,new
JAICORPLTD, EQ,2026-09-29,92.49,92.49,89.64,91.8,91.48,92.18,253730,23068000.0,4046,,96527.0,38.04,new
JAINAM, SM,2026-09-29,201.5,201.5,201.5,201.5,201.5,212.0,1000,202000.0,1,,1000.0,100.0,new
JAINIK, ST,2026-09-29,204.0,204.0,204.0,204.0,204.0,204.0,1200,245000.00000000003,1,,1200.0,100.0,new
JAINREC, EQ,2026-09-29,282.0,294.45,277.1,287.65,285.55,281.75,1712900,491659000.0,37733,,490599.0,28.64,new
JAIPURKURT, EQ,2026-09-29,25.0,26.0,24.61,25.86,26.0,25.48,4946,127000.0,67,,4229.0,85.5,new
JALAN, ST,2026-09-29,1.7,1.7,1.7,1.7,1.7,1.75,3000,5000.0,1,,3000.0,100.0,new
JAMNAAUTO, EQ,2026-09-29,139.4,139.4,134.91,136.27,136.45,139.68,1537760,210185000.0,26946,,609845.0,39.66,new
JARO, EQ,2026-09-29,423.0,428.3,418.5,421.55,419.8,423.4,88930,37647000.0,2677,,17795.0,20.01,new
JASH, EQ,2026-09-29,591.05,602.8,583.0,598.4,599.4,588.75,588225,350837000.0,18020,,220280.0,37.45,new
JAYAGROGN, EQ,2026-09-29,231.2,233.48,223.0,225.44,224.0,230.42,23666,5385000.0,702,,15698.0,66.33,new
JAYBARMARU, EQ,2026-09-29,123.5,127.9,120.61,124.6,124.26,122.52,649558,81064000.0,10980,,258274.0,39.76,new
JAYBEE, SM,2026-09-29,90.7,102.0,90.7,96.3,96.0,89.85,73500,7200000.0,120,,47000.0,63.95,new
JAYESH, SM,2026-09-29,125.0,125.0,122.0,124.9,124.9,125.0,9000,1118000.0,6,,5000.0,55.56,new
JAYKAY, EQ,2026-09-29,208.0,209.99,197.0,205.01,205.5,203.81,572922,116343000.0,9251,,237378.0,41.43,new
JAYKAYPP, E1,2026-09-29,160.0,164.8,154.1,159.31,160.0,166.31,74135,11667000.0,492,,71548.0,96.51,new
JAYNECOIND, EQ,2026-09-29,87.2,94.4,86.77,92.66,92.95,87.98,5809490,535158000.0,35747,,1858220.0,31.99,new
JAYSREETEA, EQ,2026-09-29,86.8,87.95,85.0,85.75,87.1,86.83,36212,3122000.0,670,,24179.0,66.77,new
JBMA, EQ,2026-09-29,571.05,576.35,561.0,563.15,561.5,571.05,211192,119338000.00000001,13886,,86709.0,41.06,new
JENBURPH, EQ,2026-09-29,926.1,954.0,919.1,924.0,930.0,926.1,2829,2625000.0,156,,2274.0,80.38,new
JETFREIGHT, EQ,2026-09-29,21.45,21.78,20.51,20.63,20.6,21.01,289665,6102000.0,2132,,115748.0,39.96,new
JEYYAM, SM,2026-09-29,20.75,20.75,20.0,20.7,20.7,20.25,18000,367000.0,9,,14000.0,77.78,new
JFLLIFE, SM,2026-09-29,10.05,10.05,9.85,10.0,10.0,10.35,102000,1016000.0,10,,84000.0,82.35,new
JGCHEM, EQ,2026-09-29,624.95,667.2,611.05,658.65,658.75,620.8,1558962,1017896999.9999999,60518,,397050.0,25.47,new
JHS, EQ,2026-09-29,8.99,10.57,8.58,10.38,10.34,8.81,2324625,23377000.0,4740,,934832.0,40.21,new
JINDALPHOT, EQ,2026-09-29,1047.1,1054.9,1040.4,1043.4,1041.1,1051.0,1109,1157000.0,126,,902.0,81.33,new
JINDALPOLY, EQ,2026-09-29,679.95,685.35,667.05,675.3,681.5,679.65,10340,6970999.999999999,1048,,4810.0,46.52,new
JINDALSAW, EQ,2026-09-29,277.6,279.9,272.3,277.7,276.0,276.15,904937,250307000.00000003,23070,,419046.0,46.31,new
JINDALSTEL, EQ,2026-09-29,1137.5,1149.0,1126.9,1130.0,1130.0,1139.6,760609,864318000.0,21549,,415288.0,54.6,new
JINDRILL, EQ,2026-09-29,620.9,620.9,596.4,599.95,601.1,624.15,389254,236312000.0,14200,,85733.0,22.02,new
JINDWORLD, EQ,2026-09-29,48.77,48.77,46.52,47.07,46.99,48.69,3110654,146490000.0,9626,,835517.0,26.86,new
JIOFIN, EQ,2026-09-29,220.5,220.5,215.36,217.56,217.56,220.5,17125032,3728287000.0000005,133006,,8035418.0,46.92,new
JISLDVREQS, EQ,2026-09-29,19.37,19.93,19.01,19.46,19.49,19.8,15311,298000.0,161,,12802.0,83.61,new
JISLJALEQS, EQ,2026-09-29,28.77,29.17,28.3,28.97,28.99,28.88,1693123,48774000.0,7458,,951765.0,56.21,new
JITFINFRA, EQ,2026-09-29,284.9,285.95,275.0,277.15,275.75,284.15,11547,3215999.9999999995,695,,5797.0,50.2,new
JKCEMENT, EQ,2026-09-29,4993.5,4993.5,4810.5,4824.5,4846.0,4993.5,29444,143636000.0,9967,,17345.0,58.91,new
JKIL, EQ,2026-09-29,461.9,462.25,450.0,451.4,450.1,461.25,54972,24918000.0,3612,,33294.0,60.57,new
JKIPL, EQ,2026-09-29,95.46,98.07,95.05,97.69,98.05,97.41,2440,236000.0,79,,1877.0,76.93,new
JKLAKSHMI, EQ,2026-09-29,493.45,493.45,482.05,490.15,492.4,494.8,450744,220090000.0,24973,,203759.0,45.21,new
JKPAPER, EQ,2026-09-29,398.2,403.9,388.35,391.35,391.0,398.15,252465,99124000.0,9542,,132131.0,52.34,new
JKTYRE, EQ,2026-09-29,338.8,340.25,333.1,334.8,336.5,337.8,481192,161702000.0,20376,,178694.0,37.14,new
JLHL, EQ,2026-09-29,263.7,264.8,254.2,262.05,264.15,263.85,1466095,380422000.0,35663,,833305.0,56.84,new
JMA, EQ,2026-09-29,88.97,90.5,85.34,89.34,89.42,87.81,7272,642000.0,226,,3822.0,52.56,new
JMFINANCIL, EQ,2026-09-29,124.1,126.7,123.19,125.78,126.05,125.25,2566558,321193000.0,18994,,1397735.0,54.46,new
JNKINDIA, EQ,2026-09-29,422.85,464.0,413.7,451.75,452.1,420.0,713779,321184000.0,26022,,189169.0,26.5,new
JNPR, EQ,2026-09-29,265.0,275.0,263.25,272.3,270.25,269.95,899121,242740000.0,29993,,557363.0,61.99,new
JOCIL, EQ,2026-09-29,146.4,148.47,143.1,145.17,145.1,147.0,1114,162000.0,61,,913.0,81.96,new
JPOLYINVST, EQ,2026-09-29,927.8,976.9,909.1,950.0,935.1,911.5,6912,6438000.0,773,,3761.0,54.41,new
JPPOWER, EQ,2026-09-29,15.55,15.62,15.15,15.26,15.27,15.52,34858936,534070000.0,1580697,,11769286.0,33.76,new
JSFB, EQ,2026-09-29,500.0,506.65,486.95,503.7,501.0,499.2,605661,301706000.0,20741,,251372.0,41.5,new
JSIPL, BE,2026-09-29,153.14,153.14,153.14,153.14,153.14,145.85,238715,36557000.0,971,,,,new
JSL, EQ,2026-09-29,746.9,750.0,726.0,738.3,732.0,745.7,614585,455472000.0,33116,,348025.0,56.63,new
JSLL, EQ,2026-09-29,501.9,515.85,486.6,509.45,505.2,501.9,1183266,590851000.0,46243,,559829.0,47.31,new
JSWCEMENT, EQ,2026-09-29,112.49,112.99,111.02,112.58,112.4,112.49,1286428,144395000.0,33566,,793975.0,61.72,new
JSWDULUX, EQ,2026-09-29,3169.8,3169.8,3005.2,3034.4,3035.0,3169.8,187186,569714000.0,21896,,116828.0,62.41,new
JSWENERGY, EQ,2026-09-29,495.0,501.15,489.1,501.15,501.15,495.0,1639218,812766000.0,31627,,1014140.0,61.87,new
JSWHL, EQ,2026-09-29,10920.0,11169.0,10881.0,11000.0,10950.0,11026.0,1807,19871000.0,916,,772.0,42.72,new
JSWINFRA, EQ,2026-09-29,347.25,353.3,342.05,350.0,350.0,348.75,2469980,860154999.9999999,66550,,1154348.0,46.74,new
JSWSTEEL, EQ,2026-09-29,1260.7,1272.4,1246.6,1272.4,1272.4,1264.1,2499215,3156872000.0,61456,,1702154.0,68.11,new
JTEKTINDIA, EQ,2026-09-29,116.55,117.76,114.2,115.84,115.55,116.21,66051,7648000.0,1388,,33561.0,50.81,new
JTLIND, EQ,2026-09-29,88.5,90.5,85.98,88.88,88.9,87.87,2186784,193257000.0,18249,,874819.0,40.0,new
JUBLCPL, EQ,2026-09-29,2124.6,2154.7,2094.2,2107.4,2095.0,2117.3,6652,14115000.0,923,,3106.0,46.69,new
JUBLFOOD, EQ,2026-09-29,478.5,478.55,460.2,463.0,463.0,478.7,2376051,1108055000.0,61380,,839013.0,35.31,new
JUBLINGREA, EQ,2026-09-29,657.1,657.2,635.2,639.1,637.15,654.8,250387,161740000.0,16295,,108906.0,43.5,new
JUBLPHARMA, EQ,2026-09-29,1058.0,1089.65,1036.2,1048.2,1052.0,1060.45,1060299,1118617000.0,54176,,678555.0,64.0,new
JUNIORBEES, EQ,2026-09-29,765.0,765.0,753.66,761.66,763.28,761.9,412917,313128000.0,12326,,251290.0,60.86,new
JUNIPER, EQ,2026-09-29,216.62,216.62,212.35,213.95,216.0,214.76,93329,20007000.0,3359,,61489.0,65.88,new
JUSTDIAL, EQ,2026-09-29,662.6,665.0,642.4,656.5,657.0,658.95,97629,63998000.0,4817,,35167.0,36.02,new
JWL, EQ,2026-09-29,223.71,223.71,218.45,219.82,219.99,222.23,627200,138526000.0,19473,,252890.0,40.32,new
JYOTHYLAB, EQ,2026-09-29,189.5,189.75,184.0,184.26,184.2,189.66,469986,87056000.0,22847,,257544.0,54.8,new
JYOTICNC, EQ,2026-09-29,1044.0,1076.95,1035.25,1059.3,1054.8,1046.1,703728,744517000.0,30044,,275991.0,39.22,new
JYOTIGLOBL, SM,2026-09-29,43.8,43.8,43.7,43.75,43.75,46.0,6000,263000.0,3,,6000.0,100.0,new
JYOTIRES, EQ,2026-09-29,854.9,855.0,831.25,840.95,845.0,841.9,7605,6409999.999999999,705,,3988.0,52.44,new
JYOTISTRUC, EQ,2026-09-29,8.76,9.26,8.62,9.07,9.08,8.75,9980402,89941000.0,9011,,2912966.0,29.19,new
K2INFRA, SM,2026-09-29,43.0,45.0,43.0,44.9,44.9,42.85,15000,667000.0,25,,12600.0,84.0,new
KABRAEXTRU, EQ,2026-09-29,831.1,841.9,820.0,829.8,840.0,863.15,317848,262215000.0,5228,,192365.0,60.52,new
KAJARIACER, EQ,2026-09-29,1179.6,1223.7,1167.0,1190.5,1223.7,1189.5,2954458,3518522000.0,31965,,2718056.0,92.0,new
KAKATCEM, EQ,2026-09-29,105.61,107.9,105.61,107.83,107.88,106.84,418,45000.0,14,,309.0,73.92,new
KALAMANDIR, EQ,2026-09-29,78.99,79.5,75.37,76.19,76.1,78.14,739776,56897000.0,5160,,407766.0,55.12,new
KALANA, SM,2026-09-29,18.0,18.0,18.0,18.0,18.0,17.9,2000,36000.0,1,,2000.0,100.0,new
KALPATARU, EQ,2026-09-29,275.8,292.0,268.25,278.8,282.2,275.8,108375,29794000.0,1447,,29323.0,27.06,new
KALYANIFRG, BE,2026-09-29,999.0,1025.0,981.1,1010.35,1013.5,990.0,2412,2433000.0,182,,,,new
KALYANKJIL, EQ,2026-09-29,566.0,580.0,561.45,568.85,568.85,564.0,9165283,5237570000.0,104008,,1746271.0,19.05,new
KAMAHOLD, EQ,2026-09-29,2217.9,2284.8,2217.8,2241.1,2269.9,2203.6,5222,11734000.0,1913,,2603.0,49.85,new
KAMANWALA, EQ,2026-09-29,16.5,17.1,16.5,17.1,17.1,17.49,3229,53000.0,15,,3223.0,99.81,new
KAMATHOTEL, EQ,2026-09-29,236.26,238.4,229.25,236.71,235.5,233.18,58707,13741000.0,1860,,31022.0,52.84,new
KAMDHENU, EQ,2026-09-29,38.26,38.85,37.41,38.41,38.49,39.0,838480,31997000.000000004,3394,,462992.0,55.22,new
KAMOPAINTS, EQ,2026-09-29,4.18,4.18,4.06,4.1,4.1,4.12,158679,651000.0,614,,108201.0,68.19,new
KANANIIND, EQ,2026-09-29,1.37,1.38,1.33,1.36,1.37,1.35,60761,82000.0,179,,36402.0,59.91,new
KANCHI, EQ,2026-09-29,380.0,394.7,370.0,391.0,389.55,379.9,3227,1244000.0,130,,2709.0,83.95,new
KANCOTEA, EQ,2026-09-29,54.9,54.9,53.9,54.55,54.55,54.55,142,8000.0,7,,142.0,100.0,new
KANDARP, SM,2026-09-29,66.35,66.35,66.05,66.05,66.05,69.5,12000,793000.0,12,,9000.0,75.0,new
KANOHAR, EQ,2026-09-29,819.0,877.8,805.0,862.75,864.4,811.15,3500592,2983694000.0,117390,,637065.0,18.2,new
KANORICHEM, BE,2026-09-29,204.9,204.9,195.0,199.94,200.0,202.55,34921,6962000.0,401,,,,new
KANPRPLA, EQ,2026-09-29,261.85,262.0,243.45,245.2,247.0,250.9,17259,4306000.0,750,,11171.0,64.73,new
KANSAINER, EQ,2026-09-29,178.06,182.59,173.6,181.33,182.0,177.48,670486,118945000.0,10129,,447842.0,66.79,new
KAPSTON, EQ,2026-09-29,549.6,568.95,539.1,555.7,557.0,537.8,642974,354258000.0,5075,,552119.0,85.87,new
KARAMTARA, EQ,2026-09-29,357.45,363.0,346.35,359.45,359.0,357.8,1239083,441362000.0,29530,,351235.0,28.35,new
KARMAENG, EQ,2026-09-29,38.95,39.14,35.11,37.9,37.99,39.14,7088,266000.0,117,,5469.0,77.16,new
KARNIKA, SM,2026-09-29,124.0,126.0,123.9,125.0,125.0,124.1,20000,2493000.0,17,,16000.0,80.0,new
KARURVYSYA, EQ,2026-09-29,320.75,325.4,312.7,318.15,317.95,320.75,2868750,909529999.9999999,55778,,1607000.0,56.02,new
KATARIA, SM,2026-09-29,151.5,151.5,147.1,147.1,147.1,152.3,8400,1246000.0,8,,7800.0,92.86,new
KAUSHALYA, BE,2026-09-29,841.0,841.0,836.5,836.5,836.5,845.45,14,12000.0,4,,,,new
KAVDEFENCE, BE,2026-09-29,79.0,80.8,75.7,76.89,77.27,79.03,112418,8769000.0,1004,,,,new
KAYA, BE,2026-09-29,309.65,309.65,305.0,307.2,308.0,309.6,1348,415000.00000000006,28,,,,new
KAYNES, EQ,2026-09-29,3650.0,3707.2,3500.0,3511.5,3511.5,3658.0,1474271,5317179000.0,86140,,340987.0,23.13,new
KAYTEX, SM,2026-09-29,55.5,56.8,55.5,56.8,56.8,55.5,3200,179000.0,4,,2400.0,75.0,new
KCEIL, SM,2026-09-29,78.0,81.0,78.0,80.5,81.0,76.9,9000,718000.0,18,,7500.0,83.33,new
KCK, ST,2026-09-29,14.4,14.4,14.15,14.3,14.15,14.2,50000,716000.0,18,,47500.0,95.0,new
KCP, EQ,2026-09-29,156.51,157.84,153.21,156.19,155.91,157.28,62111,9690000.0,1303,,36477.0,58.73,new
KCPSUGIND, BE,2026-09-29,29.48,29.7,28.2,29.23,29.4,29.27,75837,2200000.0,248,,,,new
KDDL, EQ,2026-09-29,4014.1,4069.9,3874.0,3931.6,3935.7,4014.1,23844,95094000.0,5983,,10901.0,45.72,new
KDGREEN, EQ,2026-09-29,48.8,48.88,46.16,48.53,47.11,46.76,29728,1421000.0,1067,,12995.0,43.71,new
KDL, SM,2026-09-29,52.25,52.25,52.25,52.25,52.25,55.0,2700,141000.0,17,,2700.0,100.0,new
KEC, EQ,2026-09-29,390.35,390.35,375.1,378.35,378.25,390.55,1237151,471746000.0,33489,,634255.0,51.27,new
KECL, EQ,2026-09-29,119.15,122.9,118.0,121.4,121.9,120.07,121001,14606000.0,2405,,71682.0,59.24,new
KEEPLEARN, EQ,2026-09-29,1.92,1.92,1.82,1.84,1.84,1.87,26860,50000.0,48,,23057.0,85.84,new
KEI, EQ,2026-09-29,4500.0,4521.0,4457.5,4461.0,4461.0,4516.0,622806,2795805000.0,42130,,369568.0,59.34,new
KELLTONTEC, EQ,2026-09-29,13.14,13.26,12.65,13.05,12.94,13.09,1990721,25847000.000000004,4105,,807266.0,40.55,new
KEN, SM,2026-09-29,40.0,41.05,40.0,41.0,41.0,40.9,7200,294000.0,6,,6000.0,83.33,new
KENNAMET, EQ,2026-09-29,4167.9,4172.9,4012.5,4039.6,4044.0,4134.1,30755,125198000.0,6068,,18366.0,59.72,new
KERNEX, EQ,2026-09-29,1713.8,1763.0,1682.8,1744.1,1738.0,1713.8,139115,241152000.0,15812,,55529.0,39.92,new
KESORAMIND, EQ,2026-09-29,10.87,11.24,10.52,10.84,10.98,11.02,995639,10718000.0,2573,,563125.0,56.56,new
KEYFINSERV, EQ,2026-09-29,230.0,237.6,225.0,233.0,237.6,223.7,1236,287000.0,76,,673.0,54.45,new
KFINTECH, EQ,2026-09-29,880.2,889.45,838.2,838.2,838.2,884.05,1459780,1252924000.0,52490,,636373.0,43.59,new
KHADIM, BE,2026-09-29,116.5,116.5,115.64,115.64,115.64,118.0,33392,3865999.9999999995,69,,,,new
KHAICHEM, EQ,2026-09-29,49.3,50.35,49.0,49.22,49.1,49.51,86844,4308000.0,1749,,44156.0,50.85,new
KHAITANLTD, EQ,2026-09-29,144.0,153.8,135.4,150.01,152.44,146.69,4152,605000.0,170,,2078.0,50.05,new
KHANDSE, EQ,2026-09-29,17.4,18.4,16.86,17.06,17.01,17.5,11517,196000.0,68,,11002.0,95.53,new
KHERIAAUTO, ST,2026-09-29,97.4,101.1,91.5,101.1,101.1,96.3,334800,33043000.0,225,,297600.0,88.89,new
KHFM, SM,2026-09-29,40.95,40.95,40.95,40.95,40.95,40.15,1550,63000.0,1,,1550.0,100.0,new
KICL, EQ,2026-09-29,4940.0,4940.0,4750.5,4773.0,4794.0,4869.5,1097,5261000.0,339,,607.0,55.33,new
KILITCH, BE,2026-09-29,224.0,224.0,216.0,216.76,217.0,217.05,14819,3251000.0,170,,,,new
KIMS, EQ,2026-09-29,766.0,781.75,759.35,769.9,769.2,766.45,403013,311012000.0,23844,,181226.0,44.97,new
KINGFA, EQ,2026-09-29,6384.0,6594.5,6376.5,6524.5,6500.0,6384.0,22165,144161000.0,6576,,8353.0,37.69,new
KIOCL, EQ,2026-09-29,332.1,338.0,328.0,336.1,334.6,331.0,57228,19095000.0,2267,,18058.0,31.55,new
KIRANVYPAR, EQ,2026-09-29,185.0,195.0,169.82,189.66,185.9,185.17,29509,5304000.0,874,,21801.0,73.88,new
KIRIINDUS, EQ,2026-09-29,542.0,560.0,538.5,543.45,543.0,541.95,476341,261135000.0,10114,,198967.0,41.77,new
KIRLFER, EQ,2026-09-29,469.4,476.8,461.0,474.4,475.1,468.95,99857,47019000.0,5395,,60477.0,60.56,new
KIRLOSBROS, EQ,2026-09-29,1732.3,1936.1,1714.1,1848.3,1837.6,1732.3,457358,831445000.0000001,47016,,185309.0,40.52,new
KIRLOSENG, EQ,2026-09-29,2141.2,2444.0,2124.3,2402.0,2376.7,2141.2,5298949,12404432000.0,285547,,1268836.0,23.95,new
KIRLOSIND, EQ,2026-09-29,3543.0,3640.0,3465.1,3578.6,3557.9,3520.5,7323,25992000.0,1782,,1994.0,27.23,new
KIRLPNU, EQ,2026-09-29,675.3,690.0,669.6,684.4,683.2,678.65,133945,91352000.0,12617,,61012.0,45.55,new
KISSHT, EQ,2026-09-29,345.05,362.55,340.05,358.65,354.0,344.9,2096454,741952000.0,41118,,925153.0,44.13,new
KITEX, EQ,2026-09-29,115.98,116.63,114.36,115.56,115.01,116.13,260341,30013000.0,3912,,141575.0,54.38,new
KJMCFIN, EQ,2026-09-29,58.12,60.0,57.8,59.0,59.0,58.12,3969,231000.0,37,,3719.0,93.7,new
KKCL, EQ,2026-09-29,462.05,471.35,455.0,467.1,468.95,462.15,34175,15835000.0,1729,,14768.0,43.21,new
KKJEWELS, SM,2026-09-29,96.9,96.9,96.9,96.9,96.9,94.25,1000,97000.0,1,,1000.0,100.0,new
KLBRENG-B, EQ,2026-09-29,515.0,532.0,500.5,525.55,522.0,514.4,393122,205142999.99999997,8146,,238237.0,60.6,new
KLL, ST,2026-09-29,40.2,43.65,40.15,41.95,41.8,42.25,40800,1652000.0,38,,36000.0,88.24,new
KMCSHIL, EQ,2026-09-29,165.32,165.32,160.0,161.98,161.04,165.33,300278,48782000.0,7498,,110923.0,36.94,new
KMEW, EQ,2026-09-29,2965.1,3099.9,2892.7,3064.8,3095.0,2876.9,644521,1946922000.0,65750,,257399.0,39.94,new
KMSUGAR, EQ,2026-09-29,32.67,33.0,31.01,31.86,32.0,32.67,282268,8920000.0,2142,,153798.0,54.49,new
KNACK, EQ,2026-09-29,177.05,183.0,176.0,176.58,176.0,176.65,468586,83491000.0,7722,,171544.0,36.61,new
KNAGRI, EQ,2026-09-29,205.98,205.98,195.3,199.92,200.0,205.05,4172,831000.0,134,,3135.0,75.14,new
KNRCON, EQ,2026-09-29,117.39,120.9,115.64,119.33,119.6,117.39,879023,103676000.0,12159,,332791.0,37.86,new
KODYTECH, ST,2026-09-29,1460.0,1493.0,1455.0,1479.0,1479.0,1490.0,1600,2360000.0,15,,1400.0,87.5,new
KOHINOOR, EQ,2026-09-29,30.29,31.45,29.27,30.99,30.98,30.07,264191,7997000.0,3746,,52852.0,20.01,new
KOKUYOCMLN, EQ,2026-09-29,74.6,75.8,74.0,74.72,74.35,74.64,16933,1260000.0,362,,14922.0,88.12,new
KOLTEPATIL, EQ,2026-09-29,425.5,431.9,418.0,427.05,431.9,425.6,42087,17795000.0,3763,,21402.0,50.85,new
KONSTELEC, ST,2026-09-29,60.0,60.0,59.0,59.25,59.0,59.1,3000,179000.0,3,,3000.0,100.0,new
KOPRAN, EQ,2026-09-29,277.86,292.3,275.77,290.9,292.0,277.97,1181235,339120000.0,14844,,525509.0,44.49,new
KORE, ST,2026-09-29,198.15,198.6,180.1,188.2,180.1,189.15,34750,6801000.000000001,75,,33000.0,94.96,new
KOTAKBANK, EQ,2026-09-29,401.25,409.25,394.7,406.0,406.0,401.55,32613940,13177579000.0,226111,,24743358.0,75.87,new
KOTARISUG, BE,2026-09-29,27.37,27.37,25.5,26.12,26.0,26.75,29867,772000.0,216,,,,new
KOTHARIPET, EQ,2026-09-29,131.22,133.84,127.35,128.97,128.4,130.84,55694,7270999.999999999,1051,,36395.0,65.35,new
KOTHARIPRO, EQ,2026-09-29,64.6,66.64,64.6,65.09,64.93,66.01,3197,208000.0,132,,1873.0,58.59,new
KOTIC, EQ,2026-09-29,149.07,154.65,147.42,150.12,150.0,151.06,10324,1546000.0,527,,5828.0,56.45,new
KOTYARK, EQ,2026-09-29,26.95,30.9,24.55,29.39,28.81,26.47,1583442,43882000.0,8773,,568781.0,35.92,new
KOVAI, EQ,2026-09-29,6079.5,6079.5,5974.0,6013.5,6006.0,6025.0,3341,20027000.0,670,,2323.0,69.53,new
KPEL, EQ,2026-09-29,220.0,225.0,215.64,224.03,223.25,220.54,215474,47557000.0,5723,,88398.0,41.02,new
KPIGREEN, EQ,2026-09-29,356.0,373.5,351.5,371.25,372.5,357.35,3575742,1305511000.0,51106,,1019889.0,28.52,new
KPIL, EQ,2026-09-29,1378.0,1390.0,1345.1,1365.1,1366.0,1375.6,186265,254830000.00000003,26759,,89381.0,47.99,new
KPITTECH, EQ,2026-09-29,510.25,519.7,495.5,519.7,519.7,509.0,3351279,1700887000.0,52998,,1893894.0,56.51,new
KPL, EQ,2026-09-29,3565.4,3691.4,3558.9,3625.1,3637.0,3576.9,18009,65353000.0,3872,,5259.0,29.2,new
KPRMILL, EQ,2026-09-29,1099.8,1102.9,1066.3,1081.5,1068.5,1101.2,160547,174483000.0,17379,,90786.0,56.55,new
KRBL, EQ,2026-09-29,382.0,390.0,379.25,386.2,389.5,382.95,320487,123304000.0,12196,,139169.0,43.42,new
KREBSBIO, EQ,2026-09-29,58.75,58.75,55.2,56.42,56.05,57.58,6270,355000.0,115,,3636.0,57.99,new
KRIDHANINF, EQ,2026-09-29,1.9,1.9,1.83,1.88,1.88,1.89,17885,33000.0,65,,14478.0,80.95,new
KRISHANA, EQ,2026-09-29,186.99,186.99,183.5,185.19,183.87,186.42,331174,61439000.0,5475,,170534.0,51.49,new
KRISHCA, SM,2026-09-29,228.8,230.5,221.0,224.2,227.9,226.55,20500,4636000.0,38,,13000.0,63.41,new
KRISHIVAL, EQ,2026-09-29,414.0,415.0,400.25,403.95,413.9,413.65,18076,7359999.999999999,565,,10089.0,55.81,new
KRISHNADEF, EQ,2026-09-29,995.8,1030.0,986.6,1013.0,1008.0,995.8,49354,49723000.0,6231,,20617.0,41.77,new
KRITI, EQ,2026-09-29,60.27,62.5,60.27,62.41,62.42,60.27,7772,480999.99999999994,112,,6244.0,80.34,new
KRITIKA, EQ,2026-09-29,5.12,5.12,4.62,5.01,5.04,5.0,160481,781000.0,509,,97471.0,60.74,new
KRITINUT, EQ,2026-09-29,75.99,75.99,71.91,72.52,72.42,75.54,40415,2940000.0,747,,28846.0,71.37,new
KRMAYURVED, SM,2026-09-29,300.75,306.95,297.65,305.25,305.5,299.3,59000,17933000.0,54,,33000.0,55.93,new
KRN, EQ,2026-09-29,1409.0,1455.0,1362.1,1443.1,1444.8,1387.4,385834,543215000.0,28391,,228317.0,59.17,new
KRONOX, BE,2026-09-29,227.74,227.74,210.2,217.04,217.0,216.9,496174,110609999.99999999,2386,,,,new
KROSS, EQ,2026-09-29,260.0,267.93,251.94,261.83,260.71,260.23,849539,221304000.0,18858,,198641.0,23.38,new
KRSNAA, EQ,2026-09-29,540.0,559.0,529.0,553.6,556.05,534.05,158426,86334000.0,5856,,68751.0,43.4,new
KRT, RR,2026-09-29,112.97,114.0,112.5,113.54,113.0,112.97,1865001,211442999.99999997,5033,,1440519.0,77.24,new
KRYSTAL, EQ,2026-09-29,621.4,624.0,612.0,619.75,618.05,621.65,3889,2406000.0,494,,1845.0,47.44,new
KSB, EQ,2026-09-29,801.25,855.0,796.55,824.8,855.0,801.25,755002,618495000.0,37237,,449920.0,59.59,new
KSCL, EQ,2026-09-29,770.0,785.0,731.25,742.1,739.0,769.5,375646,280241000.0,15890,,58670.0,15.62,new
KSE, EQ,2026-09-29,179.9,180.9,176.0,177.99,178.99,179.32,5760,1023000.0,400,,3976.0,69.03,new
KSHINTL, EQ,2026-09-29,988.0,1035.0,985.25,1028.4,1026.2,984.55,216731,219511000.0,19332,,76037.0,35.08,new
KSHITIJPOL, BE,2026-09-29,4.35,4.35,4.35,4.35,4.35,4.57,110597,480999.99999999994,365,,,,new
KSL, EQ,2026-09-29,953.0,976.8,934.0,964.35,965.0,952.35,77343,74135000.0,5290,,36516.0,47.21,new
KSOLVES, EQ,2026-09-29,245.6,249.6,243.05,247.4,249.6,245.5,25013,6171000.0,1697,,14662.0,58.62,new
KSR, BE,2026-09-29,37.1,38.15,35.25,37.56,38.15,37.1,18811,695000.0,85,,,,new
KTKBANK, EQ,2026-09-29,322.0,326.1,317.35,324.25,323.45,321.85,1248849,402742000.0,21027,,541402.0,43.35,new
KUANTUM, EQ,2026-09-29,76.94,79.59,76.0,76.73,76.5,76.71,117773,9171000.0,2825,,42824.0,36.36,new
KUSUMGAR, EQ,2026-09-29,619.9,628.85,600.05,606.25,605.0,617.35,228768,141119000.0,22826,,110925.0,48.49,new
KWIL, EQ,2026-09-29,40.09,41.8,39.61,41.0,40.8,39.81,14145023,577949000.0,38450,,5591875.0,39.53,new
LADDERUP, BE,2026-09-29,50.35,52.4,50.1,50.25,50.25,52.45,518,26000.0,16,,,,new
LAGNAM, EQ,2026-09-29,73.99,73.99,71.12,72.02,72.0,73.02,12935,933000.0,90,,10850.0,83.88,new
LAHOTIOV, EQ,2026-09-29,41.0,41.0,39.19,39.26,39.19,40.2,4167,166000.0,12,,3548.0,85.15,new
LAKPRE, BZ,2026-09-29,5.34,5.34,4.84,5.24,5.24,5.09,520,3000.0,15,,,,new
LAKSHMIMIL, EQ,2026-09-29,7600.0,7799.5,7500.5,7620.0,7620.0,7689.5,65,492000.0,20,,61.0,93.85,new
LAKSHYA, SM,2026-09-29,124.65,124.65,112.9,112.9,112.9,118.8,120800,14286000.000000002,120,,73600.0,60.93,new
LAL, EQ,2026-09-29,8.76,8.76,8.53,8.55,8.56,8.69,4755,41000.0,61,,4593.0,96.59,new
LALITHAA, EQ,2026-09-29,358.0,375.0,357.35,375.0,375.0,357.15,6239745,2327158000.0,29775,,2536675.0,40.65,new
LALPATHLAB, EQ,2026-09-29,1943.6,1971.4,1930.6,1950.4,1946.0,1942.1,401450,785305000.0,50264,,235934.0,58.77,new
LAMBODHARA, EQ,2026-09-29,137.79,137.99,131.5,135.41,137.99,135.19,14809,1980000.0,424,,6943.0,46.88,new
LAMOSAIC, ST,2026-09-29,49.0,51.95,49.0,50.0,50.0,51.0,9000,447000.0,9,,9000.0,100.0,new
LANCER, EQ,2026-09-29,11.41,11.95,10.68,11.41,11.49,11.62,178590,2030000.0,767,,121691.0,68.14,new
LANCORHOL, BE,2026-09-29,32.1,33.76,31.7,33.58,33.76,32.16,119497,3961000.0,215,,,,new
LANDMARK, EQ,2026-09-29,484.0,537.85,475.0,487.0,478.0,475.9,16779945,8720819000.0,289779,,680618.0,4.06,new
LANDSMILL, EQ,2026-09-29,0.85,0.88,0.76,0.88,0.88,0.74,18968243,15936000.000000002,1780,,10823039.0,57.06,new
LAOPALA, EQ,2026-09-29,156.0,157.99,153.01,156.71,156.25,155.88,79146,12292000.0,3445,,38314.0,48.41,new
LARGEMID50, EQ,2026-09-29,34.58,34.62,34.35,34.54,34.54,34.69,5096,176000.0,30,,4952.0,97.17,new
LASERPOWER, EQ,2026-09-29,263.9,273.7,257.15,270.45,269.05,262.4,755964,201430000.0,13229,,398549.0,52.72,new
LATENTVIEW, EQ,2026-09-29,241.5,244.5,234.25,235.5,235.1,241.6,1133664,268899000.0,26640,,584373.0,51.55,new
LATTEYS, EQ,2026-09-29,20.75,20.95,20.33,20.59,20.51,20.75,29919,616000.0,222,,22535.0,75.32,new
LAURUSLABS, EQ,2026-09-29,2020.7,2024.9,1979.0,1979.0,1979.0,2010.7,2431575,4871453000.0,65417,,1498906.0,61.64,new
LAXMICOT, EQ,2026-09-29,13.1,13.4,12.69,12.85,13.1,13.25,9658,128000.0,59,,8111.0,83.98,new
LAXMIDENTL, EQ,2026-09-29,193.26,194.9,191.22,192.49,193.0,192.7,34056,6567000.0,1305,,13930.0,40.9,new
LAXMIINDIA, EQ,2026-09-29,118.84,121.0,114.51,118.84,118.89,118.26,141482,16772999.999999998,2532,,68796.0,48.63,new
LCCINFOTEC, EQ,2026-09-29,4.06,4.16,3.82,3.9,3.84,4.02,165072,660000.0,264,,124677.0,75.53,new
LCCPROJECT, EQ,2026-09-29,149.5,152.5,148.12,150.82,150.7,149.35,1143036,172323000.0,13014,,308472.0,26.99,new
LCL, EQ,2026-09-29,571.35,589.1,564.25,581.65,580.0,570.2,282585,163610000.0,19746,,101029.0,35.75,new
LEAPIND, EQ,2026-09-29,135.0,139.6,133.94,137.44,136.65,135.36,1202434,164732000.0,16607,,402682.0,33.49,new
LEENEE, BE,2026-09-29,7.54,7.9,7.3,7.58,7.58,7.57,7840,57999.99999999999,47,,,,new
LEMERITE, EQ,2026-09-29,19.15,20.3,19.01,19.95,20.19,20.01,618998,11969000.0,697,,298923.0,48.29,new
LEMONTREE, EQ,2026-09-29,103.82,104.7,102.0,104.17,104.16,103.82,1918428,198766000.0,21734,,978282.0,50.99,new
LENSKART, EQ,2026-09-29,655.2,682.6,648.3,674.6,674.9,655.2,6208921,4151862000.0000005,119386,,3931736.0,63.32,new
LEXUS, EQ,2026-09-29,12.44,12.44,11.32,11.82,11.8,12.18,25447,303000.0,191,,20523.0,80.65,new
LFIC, EQ,2026-09-29,130.0,132.9,129.06,129.51,129.5,131.49,1151,149000.0,57,,708.0,61.51,new
LGBBROSLTD, EQ,2026-09-29,1730.4,1742.5,1699.8,1730.1,1730.0,1730.6,26837,46268000.0,3959,,15524.0,57.85,new
LGEINDIA, EQ,2026-09-29,1724.0,1743.9,1704.1,1739.2,1740.0,1730.7,622387,1077135000.0,49415,,412377.0,66.26,new
LGHL, EQ,2026-09-29,184.92,185.0,178.0,178.72,178.0,181.28,7220,1318000.0,267,,1800.0,24.93,new
LIBAS, EQ,2026-09-29,11.52,12.29,11.21,11.98,12.0,11.47,62782,736000.0,301,,50973.0,81.19,new
LIBERTSHOE, EQ,2026-09-29,229.06,229.06,221.05,225.54,226.01,226.2,15992,3586000.0,872,,9386.0,58.69,new
LICHSGFIN, EQ,2026-09-29,564.55,566.75,548.5,548.5,548.5,564.15,2870480,1606823000.0,33040,,1430540.0,49.84,new
LICI, EQ,2026-09-29,400.0,401.0,390.0,390.0,390.0,400.65,9662972,3833954000.0,72675,,6864799.0,71.04,new
LICMFGOLD, EQ,2026-09-29,132.6,132.7,130.75,131.75,132.45,132.2,36707,4836000.0,553,,18214.0,49.62,new
LICNETFGSC, EQ,2026-09-29,28.98,29.12,28.9,29.06,29.07,28.98,204722,5939000.0,84,,198006.0,96.72,new
LICNETFN50, EQ,2026-09-29,262.57,262.57,254.06,256.9,256.9,256.17,463,118000.0,44,,265.0,57.24,new
LICNETFSEN, EQ,2026-09-29,824.0,824.0,804.15,804.15,804.15,824.3,2,2000.0,2,,1.0,50.0,new
LICNFNHGP, EQ,2026-09-29,270.81,271.47,258.0,268.85,270.2,265.5,181,48000.0,23,,108.0,59.67,new
LICNMID100, EQ,2026-09-29,61.35,62.55,59.26,60.29,59.71,62.75,30506,1846000.0,312,,10594.0,34.73,new
LIKHITHA, EQ,2026-09-29,228.63,228.63,221.0,222.85,221.0,228.63,23060,5171000.0,798,,14283.0,61.94,new
LINC, EQ,2026-09-29,89.86,91.73,88.0,88.84,88.58,89.65,132429,11899000.0,580,,124505.0,94.02,new
LINCOLN, EQ,2026-09-29,583.0,595.9,582.0,584.3,582.55,581.85,15006,8781000.0,1005,,7595.0,50.61,new
LINDEINDIA, EQ,2026-09-29,6190.0,6335.0,6175.0,6199.5,6180.0,6191.0,32043,199734000.0,9312,,14374.0,44.86,new
LIQGRWBEES, EQ,2026-09-29,1057.37,1057.39,1057.36,1057.36,1057.38,1057.23,121996,128994000.0,174,,116270.0,95.31,new
LIQUID, EQ,2026-09-29,999.99,1000.0,999.99,999.99,1000.0,999.99,319932,319930000.0,197,,187008.0,58.45,new
LIQUID1, EQ,2026-09-29,1124.7,1147.04,1122.98,1124.68,1124.7,1124.55,1751016,1969587000.0,4228,,1056179.0,60.32,new
LIQUIDADD, EQ,2026-09-29,1152.4,1152.4,1146.82,1146.82,1146.82,1146.67,706908,810706000.0,337,,522227.0,73.87,new
LIQUIDBEES, EQ,2026-09-29,1000.0,1000.01,994.99,1000.0,1000.01,999.99,6333869,6333880000.0,6641,,4634168.0,73.16,new
LIQUIDBETF, EQ,2026-09-29,1100.77,1100.77,1100.75,1100.75,1100.76,1100.63,290803,320104000.0,120,,187050.0,64.32,new
LIQUIDCASE, EQ,2026-09-29,116.12,116.14,116.12,116.12,116.13,116.11,28943277,3361097000.0,15108,,21506252.0,74.3,new
LIQUIDETF, EQ,2026-09-29,999.99,1000.01,999.99,999.99,1000.0,999.99,68481,68481000.0,226,,48903.0,71.41,new
LIQUIDIETF, EQ,2026-09-29,1000.0,1000.01,999.99,999.99,1000.0,999.99,235047,235046999.99999997,246,,152325.0,64.81,new
LIQUIDPLUS, EQ,2026-09-29,1106.75,1110.62,1105.23,1105.23,1105.25,1105.09,560381,619360000.0,292,,495998.0,88.51,new
LIQUIDSBI, EQ,2026-09-29,999.99,1000.01,999.99,1000.0,1000.01,999.99,2804,2804000.0,27,,2228.0,79.46,new
LIQUIDSHRI, EQ,2026-09-29,1123.4,1123.42,1123.4,1123.41,1123.42,1123.27,4650,5224000.0,16,,3706.0,79.7,new
LKPSEC, EQ,2026-09-29,13.9,14.44,13.7,14.27,14.26,13.76,4705,66000.0,99,,3756.0,79.83,new
LLOYDS, SM,2026-09-29,57.1,60.0,57.0,60.0,60.0,60.0,8000,465000.00000000006,8,,6000.0,75.0,new
LLOYDSENGG, EQ,2026-09-29,95.97,103.45,95.1,102.19,102.0,95.97,39990276,4009047000.0,146950,,9956332.0,24.9,new
LLOYDSENT, EQ,2026-09-29,76.3,80.4,75.12,79.13,79.0,76.33,4987982,391306000.0,31941,,2027680.0,40.65,new
LLOYDSME, EQ,2026-09-29,1840.3,1908.1,1822.7,1902.2,1894.0,1836.3,459165,862842000.0,32649,,241980.0,52.7,new
LMW, EQ,2026-09-29,16967.0,17111.0,16761.0,16957.0,16939.0,16966.0,2629,44581000.0,1132,,1428.0,54.32,new
LODHA, EQ,2026-09-29,1121.0,1128.0,1096.3,1106.6,1106.6,1117.1,7960815,8842410000.0,64725,,6249247.0,78.5,new
LOKESHMACH, EQ,2026-09-29,335.0,347.65,319.0,341.55,344.0,326.1,34155,11445000.0,1523,,19751.0,57.83,new
LORDSCHLO, EQ,2026-09-29,151.0,151.0,139.01,140.34,142.4,148.2,26426,3756000.0,982,,16211.0,61.34,new
LOTUSCHO, EQ,2026-09-29,556.1,567.0,544.0,554.55,555.0,564.2,5152,2842000.0,407,,3993.0,77.5,new
LOTUSDEV, BE,2026-09-29,206.0,217.8,202.15,214.15,214.0,208.05,910440,195150000.0,3584,,,,new
LOTUSEYE, EQ,2026-09-29,115.0,117.0,112.62,113.2,114.84,114.78,11294,1290000.0,223,,9058.0,80.2,new
LOVABLE, EQ,2026-09-29,70.99,71.78,69.75,71.0,71.29,70.21,8575,603000.0,124,,5653.0,65.92,new
LOWVOL, EQ,2026-09-29,195.08,195.39,194.4,195.1,195.1,195.72,1124,219000.0,28,,566.0,50.36,new
LOWVOL1, EQ,2026-09-29,20.31,20.31,19.84,19.88,19.85,20.16,157672,3148000.0,12254,,77098.0,48.9,new
LOWVOLIETF, EQ,2026-09-29,21.12,21.39,20.59,20.85,21.04,21.0,959949,20004000.0,15431,,478370.0,49.83,new
LOYALTEX, EQ,2026-09-29,210.1,212.99,206.25,207.28,206.25,211.73,475,99000.0,21,,320.0,67.37,new
LPDC, EQ,2026-09-29,6.14,6.53,6.14,6.22,6.25,6.41,66105,409999.99999999994,234,,39164.0,59.25,new
LRRPL, SM,2026-09-29,103.0,103.05,103.0,103.05,103.05,98.15,28500,2936000.0,16,,28500.0,100.0,new
LT, EQ,2026-09-29,3768.0,3791.8,3740.2,3749.1,3749.1,3766.4,2546475,9576748000.0,135267,,1651943.0,64.87,new
LTF, EQ,2026-09-29,279.5,281.3,269.45,271.05,271.05,280.85,13974932,3814136000.0,87146,,7181741.0,51.39,new
LTFOODS, EQ,2026-09-29,407.0,413.8,401.2,402.8,402.5,408.5,351308,142852000.0,19134,,172844.0,49.2,new
LTGILTBEES, EQ,2026-09-29,29.52,29.6,29.52,29.55,29.6,29.52,1180432,34886000.0,551,,1083562.0,91.79,new
LTGILTCASE, EQ,2026-09-29,30.69,30.69,30.1,30.15,30.14,30.09,70790,2134000.0,176,,68878.0,97.3,new
LTM, EQ,2026-09-29,4091.4,4183.6,3936.0,3936.0,3936.0,4091.4,1014142,4140117000.0,63179,,518759.0,51.15,new
LTTS, EQ,2026-09-29,3211.6,3227.3,3051.8,3081.6,3105.0,3211.6,114793,357508000.0,23086,,55221.0,48.1,new
LUMAXIND, EQ,2026-09-29,5651.0,5861.5,5607.0,5691.5,5622.0,5676.0,25442,146011000.0,7656,,8972.0,35.26,new
LUMAXTECH, EQ,2026-09-29,2032.0,2035.9,1972.3,2011.7,2016.0,2032.0,79524,159790000.0,16543,,37873.0,47.62,new
LUMINO, EQ,2026-09-29,104.61,106.45,103.53,104.4,104.35,104.79,3576565,374837000.0,20561,,813217.0,22.74,new
LUPIN, EQ,2026-09-29,2076.0,2097.1,2052.1,2052.1,2052.1,2062.0,942745,1955184999.9999998,48434,,484588.0,51.4,new
LUXIND, EQ,2026-09-29,1112.1,1130.9,1094.5,1103.6,1100.0,1124.6,19114,21225000.0,2986,,8874.0,46.43,new
LXCHEM, EQ,2026-09-29,177.56,178.99,172.72,176.49,176.5,177.47,922542,162592000.0,12694,,386846.0,41.93,new
LYKALABS, BE,2026-09-29,82.46,82.46,82.46,82.46,82.46,84.14,1191,98000.0,18,,,,new
M&M, EQ,2026-09-29,2986.0,2991.0,2947.8,2947.8,2947.8,2995.0,3270487,9694964000.0,142409,,2067736.0,63.22,new
M&MFIN, EQ,2026-09-29,327.0,331.35,325.3,328.05,328.1,331.75,1791118,588237000.0,52615,,1069181.0,59.69,new
MAANALU, EQ,2026-09-29,102.9,102.9,99.76,100.62,100.51,100.86,25135,2535000.0,648,,13022.0,51.81,new
MACOBSTECH, SM,2026-09-29,192.05,194.0,190.0,193.25,192.5,195.0,9600,1846000.0,11,,7200.0,75.0,new
MACPOWER, EQ,2026-09-29,2190.0,2190.0,2085.3,2128.1,2127.0,2194.6,55501,117569000.0,8016,,25489.0,45.93,new
MADHAV, EQ,2026-09-29,35.1,35.5,34.2,34.81,35.4,35.82,107,4000.0,20,,47.0,43.93,new
MADHAVBAUG, ST,2026-09-29,172.9,173.25,165.0,167.8,167.8,165.0,18800,3145000.0,15,,18800.0,100.0,new
MADHAVIPL, EQ,2026-09-29,7.4,7.6,7.21,7.41,7.45,7.39,57075,424000.0,204,,53501.0,93.74,new
MADHUCON, EQ,2026-09-29,4.14,4.14,3.88,4.05,4.05,3.99,18329,73000.0,85,,18051.0,98.48,new
MADHURKNIT, SM,2026-09-29,51.0,53.0,50.2,52.25,52.9,50.3,90000,4631000.0,56,,74400.0,82.67,new
MADHUSUDAN, ST,2026-09-29,233.25,245.9,233.25,240.0,240.05,241.75,18000,4367000.0,18,,17000.0,94.44,new
MADRASFERT, EQ,2026-09-29,60.4,60.4,58.11,58.55,58.5,59.18,29421,1723000.0,915,,14524.0,49.37,new
MAFANG, EQ,2026-09-29,241.35,243.44,231.08,238.14,239.98,236.35,450616,107360999.99999999,9892,,200355.0,44.46,new
MAFATIND, EQ,2026-09-29,115.3,116.99,115.2,115.29,115.2,115.41,17637,2044000.0000000002,504,,12307.0,69.78,new
MAGADSUGAR, EQ,2026-09-29,544.85,545.1,528.1,536.7,535.0,541.2,12714,6818000.000000001,1033,,5144.0,40.46,new
MAGNUM, EQ,2026-09-29,19.0,19.0,18.52,18.57,18.52,18.88,6746,126000.0,94,,5009.0,74.25,new
MAGSON, SM,2026-09-29,179.6,180.15,175.0,180.1,180.1,179.6,250000,44930000.0,21,,247000.0,98.8,new
MAHABANK, EQ,2026-09-29,80.7,80.74,79.16,79.16,79.16,80.85,23053186,1843432000.0,72529,,13098926.0,56.82,new
MAHAPEXLTD, EQ,2026-09-29,50.65,52.5,50.21,50.82,50.22,51.08,5068,261000.0,85,,3244.0,64.01,new
MAHASTEEL, BE,2026-09-29,1193.9,1211.0,1180.2,1201.6,1198.8,1224.6,347,415000.00000000006,45,,,,new
MAHEPC, EQ,2026-09-29,98.9,98.9,95.3,96.78,96.54,97.06,12834,1240000.0,504,,8691.0,67.72,new
MAHESHWARI, EQ,2026-09-29,72.0,74.5,70.8,73.53,74.5,71.61,15307,1111000.0,61,,14356.0,93.79,new
MAHICKRA, SM,2026-09-29,299.95,300.0,285.1,295.0,300.0,301.0,2250,664000.0,3,,750.0,33.33,new
MAHKTECH, EQ,2026-09-29,21.93,22.08,21.61,21.9,21.98,21.94,521137,11411000.0,3661,,401524.0,77.05,new
MAHLIFE, EQ,2026-09-29,361.0,364.1,354.4,361.0,359.45,363.1,88650,31942000.0,4429,,47447.0,53.52,new
MAHLOG, EQ,2026-09-29,420.1,436.4,415.8,425.7,424.0,421.8,458867,197058000.0,18881,,208676.0,45.48,new
MAHSCOOTER, EQ,2026-09-29,12804.0,12804.0,12110.0,12341.0,12299.0,12804.0,33036,406961000.0,13333,,15761.0,47.71,new
MAHSEAMLES, EQ,2026-09-29,710.8,726.65,698.0,721.85,726.0,714.35,534025,381701000.0,25606,,275026.0,51.5,new
MAITHANALL, EQ,2026-09-29,940.0,941.45,921.55,928.2,925.0,939.0,39509,36738000.0,3700,,19043.0,48.2,new
MAITREYA, SM,2026-09-29,108.0,109.5,107.3,109.05,108.75,112.15,2000,217000.0,5,,1600.0,80.0,new
MAJESAUT, BE,2026-09-29,366.35,366.35,355.6,364.65,361.05,362.75,704,254999.99999999997,63,,,,new
MAKEINDIA, EQ,2026-09-29,160.83,160.83,157.75,158.6,158.09,159.19,37833,5992000.0,534,,18942.0,50.07,new
MAKERSL, EQ,2026-09-29,180.05,188.3,179.99,181.38,181.4,181.13,1347,244000.0,189,,1200.0,89.09,new
MAL, ST,2026-09-29,40.05,40.05,40.05,40.05,40.05,41.75,1600,64000.0,1,,1600.0,100.0,new
MALLCOM, EQ,2026-09-29,937.7,949.55,935.0,939.65,938.8,937.9,535,504000.0,115,,349.0,65.23,new
MALUPAPER, EQ,2026-09-29,31.7,32.29,31.25,31.68,31.65,31.9,6545,206999.99999999997,118,,4668.0,71.32,new
MAMATA, EQ,2026-09-29,400.0,407.95,392.0,399.5,397.35,401.2,54563,21810000.0,3390,,27835.0,51.01,new
MANAKALUCO, EQ,2026-09-29,35.4,35.4,34.1,34.71,35.35,34.39,34937,1203000.0,476,,23481.0,67.21,new
MANAKCOAT, EQ,2026-09-29,125.54,128.59,125.13,127.29,127.11,125.54,216998,27547000.000000004,2317,,134459.0,61.96,new
MANAKSIA, EQ,2026-09-29,60.02,62.4,58.53,61.66,62.4,60.19,78476,4755000.0,2224,,50646.0,64.54,new
MANAKSTEEL, BE,2026-09-29,109.9,115.63,107.2,112.57,114.5,110.13,45890,5199000.0,496,,,,new
MANALIPETC, EQ,2026-09-29,82.09,82.44,78.82,80.18,80.05,82.02,1173799,94374000.0,11001,,454881.0,38.75,new
MANAPPURAM, EQ,2026-09-29,312.5,317.8,308.55,316.45,316.45,313.0,9763639,3066158000.0,54758,,3282797.0,33.62,new
MANBA, EQ,2026-09-29,137.11,140.89,136.5,136.52,136.5,137.68,206749,28508000.0,1713,,107208.0,51.85,new
MANCREDIT, EQ,2026-09-29,216.0,220.0,213.82,217.36,220.0,217.4,150144,32756000.0,2104,,11478.0,7.64,new
MANDEEP, SM,2026-09-29,17.8,17.8,17.8,17.8,17.8,18.05,2000,36000.0,1,,2000.0,100.0,new
MANGALAM, EQ,2026-09-29,30.5,32.19,30.11,31.39,31.67,30.9,30962,968000.0,469,,16382.0,52.91,new
MANGLMCEM, EQ,2026-09-29,1000.0,1023.0,981.7,985.8,982.2,1000.5,47664,47457000.0,2968,,26458.0,55.51,new
MANIKA, BE,2026-09-29,41.0,42.2,40.0,41.83,41.5,41.37,315655,13091000.0,1130,,,,new
MANINDS, EQ,2026-09-29,950.1,970.2,900.15,959.6,960.0,953.35,1000872,944118000.0,43385,,236396.0,23.62,new
MANINFRA, EQ,2026-09-29,126.95,130.0,125.11,127.9,127.6,127.43,2651032,337586000.0,15911,,883451.0,33.32,new
MANIPALHOS, EQ,2026-09-29,719.9,760.0,717.1,747.75,746.0,722.5,1423408,1058241000.0,49052,,850384.0,59.74,new
MANKIND, EQ,2026-09-29,2436.8,2559.0,2436.8,2545.0,2545.0,2435.6,1973968,4981011000.0,84454,,697782.0,35.35,new
MANOMAY, EQ,2026-09-29,230.9,238.0,229.18,236.46,232.65,228.58,363665,85317000.0,9669,,84607.0,23.27,new
MANORAMA, EQ,2026-09-29,1865.1,1895.4,1832.5,1863.5,1865.0,1865.1,162648,303635000.0,21307,,77122.0,47.42,new
MANORG, EQ,2026-09-29,452.15,459.7,445.0,447.7,446.0,446.55,4540,2048000.0,296,,3626.0,79.87,new
MANUFGBEES, EQ,2026-09-29,158.0,158.0,153.83,156.03,155.7,157.89,17175,2686000.0,206,,11020.0,64.16,new
MANUGRAPH, BE,2026-09-29,17.89,17.89,17.89,17.89,17.89,18.83,15910,285000.0,73,,,,new
MANYAVAR, EQ,2026-09-29,540.0,540.0,529.05,531.7,531.7,541.3,127295,67758000.0,8138,,57403.0,45.09,new
MAPMYINDIA, EQ,2026-09-29,870.1,873.9,840.0,845.2,843.4,866.1,329311,280494000.0,17465,,173671.0,52.74,new
MARALOVER, EQ,2026-09-29,61.29,64.75,60.0,61.09,60.8,59.37,23652,1464000.0,281,,15849.0,67.01,new
MARATHON, EQ,2026-09-29,389.65,400.0,382.2,384.9,384.95,392.8,56359,21856000.0,2916,,33779.0,59.94,new
MARC, ST,2026-09-29,147.9,148.0,147.9,147.95,148.0,148.0,2400,355000.0,2,,2400.0,100.0,new
MARCO, SM,2026-09-29,30.85,30.85,28.65,29.25,29.3,28.2,25500,754000.0,14,,21000.0,82.35,new
MARICO, EQ,2026-09-29,805.1,809.1,787.15,787.15,787.15,813.25,1626109,1300095000.0,37295,,907583.0,55.81,new
MARINE, EQ,2026-09-29,429.3,444.5,423.0,438.25,436.85,428.2,1949017,851370000.0000001,50954,,609396.0,31.27,new
MARINETRAN, ST,2026-09-29,14.5,14.5,14.5,14.5,14.5,13.85,4000,57999.99999999999,1,,4000.0,100.0,new
MARKOLINES, EQ,2026-09-29,168.61,168.78,165.1,167.82,168.05,168.21,83177,13946000.0,1075,,13614.0,16.37,new
MARKSANS, EQ,2026-09-29,333.0,347.4,332.95,342.75,341.0,331.55,4594619,1573536000.0,78865,,1139288.0,24.8,new
MARSONS, EQ,2026-09-29,120.13,121.9,117.5,117.96,118.18,120.13,1466921,174949000.0,11222,,749460.0,51.09,new
MARUTI, EQ,2026-09-29,12046.0,12046.0,11831.0,11877.0,11877.0,12008.0,519770,6199032000.0,60480,,260314.0,50.08,new
MASFIN, EQ,2026-09-29,279.0,287.0,273.15,281.4,277.0,279.1,224150,62326000.0,8910,,129848.0,57.93,new
MASKINVEST, EQ,2026-09-29,148.0,148.79,141.71,147.18,141.71,141.71,57,8000.0,6,,47.0,82.46,new
MASON, SM,2026-09-29,106.7,108.5,104.0,107.25,107.05,108.0,9000,957000.0,16,,7000.0,77.78,new
MASPTOP50, EQ,2026-09-29,96.57,101.0,96.31,99.5,99.9,98.54,546525,53771000.0,6936,,327568.0,59.94,new
MASTEK, EQ,2026-09-29,1559.8,1569.0,1518.0,1523.4,1522.0,1555.9,56384,86562000.0,11873,,21327.0,37.82,new
MASTER, SM,2026-09-29,395.0,399.0,375.0,390.0,390.0,392.0,3500,1369000.0,7,,3500.0,100.0,new
MASTERTR, EQ,2026-09-29,82.5,83.66,81.95,83.11,82.51,83.13,120809,10003000.0,822,,29792.0,24.66,new
MATRIMONY, EQ,2026-09-29,524.9,530.95,511.0,519.25,515.0,521.35,11775,6166000.0,569,,7269.0,61.73,new
MAWANASUG, EQ,2026-09-29,146.5,147.65,141.7,145.05,144.0,145.9,302819,43825000.0,4729,,89263.0,29.48,new
MAXESTATES, EQ,2026-09-29,574.9,576.95,559.4,569.25,570.0,571.85,80560,45720000.0,4952,,35772.0,44.4,new
MAXHEALTH, EQ,2026-09-29,993.0,1000.1,979.0,982.1,982.1,1000.1,2611378,2581151000.0,47114,,1744886.0,66.82,new
MAXIND, EQ,2026-09-29,153.27,162.0,152.75,160.24,162.0,155.35,144805,22718000.0,2312,,99381.0,68.63,new
MAXPOSURE, SM,2026-09-29,37.25,38.2,37.0,37.95,37.95,37.55,8000,301000.0,8,,5000.0,62.5,new
MAXVOLT, SM,2026-09-29,447.0,459.8,442.05,447.25,448.0,447.15,53200,23837000.0,122,,34800.0,65.41,new
MAYURUNIQ, EQ,2026-09-29,717.05,739.5,708.95,727.25,725.0,717.05,74060,53905999.99999999,5518,,35500.0,47.93,new
MAZDA, BE,2026-09-29,285.55,294.8,272.5,288.9,289.0,285.15,46614,13493000.0,614,,,,new
MAZDOCK, EQ,2026-09-29,2136.0,2137.4,2087.1,2087.1,2087.1,2138.0,738710,1554843000.0,37590,,304951.0,41.28,new
MBAPL, EQ,2026-09-29,166.0,170.5,164.02,166.84,166.43,166.81,1701743,286155000.0,16398,,811000.0,47.66,new
MBECL, BE,2026-09-29,474.83,474.83,472.32,474.83,474.83,465.52,3657,1736000.0,100,,,,new
MBEL, EQ,2026-09-29,250.35,254.95,245.8,251.5,250.75,251.85,90202,22613000.0,6096,,43822.0,48.58,new
MBLINFRA, EQ,2026-09-29,20.8,21.84,20.71,21.77,21.84,20.8,141641,3055000.0,363,,100963.0,71.28,new
MCCHRLS-B, EQ,2026-09-29,702.0,702.0,655.0,695.35,698.9,677.9,848,558000.0,64,,778.0,91.75,new
MCL, EQ,2026-09-29,58.02,58.79,57.06,57.64,57.5,58.6,44594,2587000.0,813,,29062.0,65.17,new
MCLEODRUSS, EQ,2026-09-29,42.92,44.18,42.92,43.56,43.7,43.67,185587,8081000.0,1435,,95889.0,51.67,new
MCLOUD, EQ,2026-09-29,23.96,26.2,23.52,25.12,25.35,23.95,10129306,256576000.00000003,27319,,1148330.0,11.34,new
MCON, SM,2026-09-29,38.75,40.95,38.75,40.95,40.95,39.5,8000,315000.0,6,,7000.0,87.5,new
MCX, EQ,2026-09-29,3248.0,3344.0,3232.0,3232.0,3232.0,3263.5,2094968,6915364000.0,134527,,996827.0,47.58,new
MEDANTA, EQ,2026-09-29,1440.8,1452.5,1402.0,1415.1,1423.9,1433.4,205609,290886000.0,27333,,114432.0,55.66,new
MEDIASSIST, EQ,2026-09-29,308.0,310.35,303.0,306.7,306.35,307.75,251204,77225000.0,9950,,152357.0,60.65,new
MEDICAMEQ, BE,2026-09-29,330.0,330.0,317.5,322.0,323.9,326.95,24859,8019000.0,213,,,,new
MEDICAPQ, BE,2026-09-29,25.97,26.48,25.97,26.48,26.48,25.22,6188,163000.0,19,,,,new
MEDICO, EQ,2026-09-29,22.51,23.69,20.47,21.84,22.0,22.3,1914068,41928000.0,8177,,808178.0,42.22,new
MEDIORG, SM,2026-09-29,23.95,24.05,23.95,24.05,24.05,22.95,24000,577000.0,7,,22000.0,91.67,new
MEDISTEP, SM,2026-09-29,21.2,21.2,21.2,21.2,21.2,21.5,3000,64000.0,1,,3000.0,100.0,new
MEDPLUS, EQ,2026-09-29,656.0,657.55,652.0,654.0,653.0,653.0,90377,59132000.00000001,10141,,55614.0,61.54,new
MEESHO, EQ,2026-09-29,216.83,226.41,211.77,223.21,222.49,216.83,31046538,6817181000.0,205592,,14624229.0,47.1,new
MEGASTAR, EQ,2026-09-29,262.0,271.9,236.05,253.15,252.1,248.3,19735,5072000.0,813,,12497.0,63.32,new
MEGATHERM, SM,2026-09-29,251.2,252.95,246.0,248.0,248.0,251.2,8800,2188000.0,21,,5200.0,59.09,new
MEIL, EQ,2026-09-29,269.35,269.35,261.2,266.4,263.4,269.35,37214,9853000.0,1424,,16498.0,44.33,new
MENNPIS, BE,2026-09-29,71.0,72.8,70.25,72.04,72.5,72.05,11658,834000.0,130,,,,new
MENONBE, EQ,2026-09-29,289.5,304.45,275.0,291.1,293.9,290.85,161630,46558000.0,2719,,102741.0,63.57,new
MEP, BZ,2026-09-29,0.68,0.68,0.68,0.68,0.68,0.67,2709,2000.0,7,,,,new
MERCANTILE, EQ,2026-09-29,22.02,22.7,22.0,22.14,22.0,23.16,434,10000.0,18,,328.0,75.58,new
MERCURYEV, EQ,2026-09-29,38.37,38.92,36.27,38.69,38.7,38.93,192944,7328000.0,2122,,84515.0,43.8,new
METAL, EQ,2026-09-29,13.28,13.28,12.37,13.02,13.01,12.96,1791595,23264000.0,5422,,1047659.0,58.48,new
METALIC, ST,2026-09-29,182.8,182.8,178.6,178.6,178.6,188.0,33600,6045000.0,20,,33600.0,100.0,new
METALIETF, EQ,2026-09-29,12.91,13.06,12.78,13.02,12.98,12.91,6311086,81519000.0,8659,,2635397.0,41.76,new
METROBRAND, EQ,2026-09-29,879.0,881.9,856.05,872.15,872.75,875.15,17677,15340000.0,3895,,7352.0,41.59,new
METROGLOBL, EQ,2026-09-29,131.99,132.0,127.1,131.9,127.52,130.0,461,60000.0,20,,318.0,68.98,new
METROPOLIS, EQ,2026-09-29,572.85,580.85,560.2,562.3,565.0,572.3,249077,140992000.0,15226,,150973.0,60.61,new
MFML, EQ,2026-09-29,18.11,19.51,18.11,18.46,19.22,18.46,1442,28000.000000000004,27,,1300.0,90.15,new
MFSL, EQ,2026-09-29,1459.9,1459.9,1381.0,1392.4,1392.4,1444.0,955322,1332897000.0,62576,,429239.0,44.93,new
MGEL, EQ,2026-09-29,16.08,16.2,15.55,16.11,16.14,15.97,591494,9449000.0,900,,415585.0,70.26,new
MGL, EQ,2026-09-29,1048.8,1063.5,1035.0,1050.5,1050.0,1048.8,113670,119515000.00000001,15859,,60524.0,53.25,new
MGSL, SM,2026-09-29,63.0,63.3,59.5,63.25,63.25,63.95,94800,5833000.0,70,,62400.0,65.82,new
MHHL, SM,2026-09-29,32.5,32.5,32.5,32.5,32.5,33.15,1500,49000.0,1,,1500.0,100.0,new
MHLXMIRU, BE,2026-09-29,174.41,179.0,172.08,176.39,176.88,173.55,10221,1795000.0,93,,,,new
MHRIL, EQ,2026-09-29,195.92,196.82,192.85,194.49,195.0,195.92,55373,10782000.0,2699,,31647.0,57.15,new
MICEL, BE,2026-09-29,34.68,36.0,34.68,36.0,36.0,35.38,167265,5883000.0,482,,,,new
MICROPRO, SM,2026-09-29,18.0,18.0,18.0,18.0,18.0,18.0,1600,28999.999999999996,1,,1600.0,100.0,new
MID150, EQ,2026-09-29,22.2,22.88,22.06,22.23,22.39,22.51,178874,4035000.0,397,,95951.0,53.64,new
MID150BEES, EQ,2026-09-29,229.99,229.99,226.11,227.38,227.5,228.59,1006465,228932000.00000003,14020,,615755.0,61.18,new
MID150CASE, EQ,2026-09-29,11.41,11.41,11.0,11.06,11.1,11.14,1753428,19417000.0,3678,,835693.0,47.66,new
MIDBANKADD, EQ,2026-09-29,16.5,16.7,16.26,16.46,16.46,16.52,105024,1711000.0,51,,103158.0,98.22,new
MIDCAP, EQ,2026-09-29,17.64,17.66,17.39,17.52,17.5,17.64,744225,13038999.999999998,1467,,409957.0,55.09,new
MIDCAPADD, EQ,2026-09-29,22.62,22.62,21.91,22.06,22.07,22.18,8405,185000.0,187,,4986.0,59.32,new
MIDCAPBETA, EQ,2026-09-29,225.0,227.49,221.7,224.61,224.6,229.85,9566,2136000.0,118,,5633.0,58.89,new
MIDCAPETF, EQ,2026-09-29,22.65,22.65,22.35,22.44,22.39,22.58,2885175,64822000.0,7832,,2254588.0,78.14,new
MIDCAPIETF, EQ,2026-09-29,22.91,22.95,22.6,22.75,22.8,22.9,1267300,28829000.000000004,2650,,706656.0,55.76,new
MIDHANI, EQ,2026-09-29,412.3,427.0,406.05,419.1,419.5,416.0,937182,392393000.0,26955,,317922.0,33.92,new
MIDQ50ADD, EQ,2026-09-29,24.25,24.25,23.67,23.78,23.8,24.01,106238,2524000.0,386,,96399.0,90.74,new
MIDSELIETF, EQ,2026-09-29,18.82,18.98,18.56,18.72,18.6,18.82,277242,5181000.0,745,,207811.0,74.96,new
MIDSMALL, EQ,2026-09-29,50.26,50.39,49.75,49.98,49.95,50.25,254332,12720000.0,983,,170453.0,67.02,new
MIDWESTLTD, EQ,2026-09-29,895.1,901.1,869.0,877.0,869.5,899.9,60800,53734000.0,5622,,34174.0,56.21,new
MIEL, SM,2026-09-29,13.6,13.85,13.6,13.7,13.7,13.2,12000,164000.0,6,,10000.0,83.33,new
MIIL, EQ,2026-09-29,697.0,702.0,676.65,692.05,698.9,686.65,59879,40951000.0,1562,,36311.0,60.64,new
MILKYMIST, BE,2026-09-29,306.2,320.25,305.0,317.99,318.0,315.12,1348570,419117000.0,15911,,,,new
MINALIND, BE,2026-09-29,4.5,4.5,4.5,4.5,4.5,4.59,1928,9000.0,16,,,,new
MINDACORP, EQ,2026-09-29,670.0,678.25,661.0,672.75,674.0,673.0,509602,342277000.0,41740,,237181.0,46.54,new
MINDSPACE, RR,2026-09-29,506.4,508.68,495.0,495.83,496.5,504.48,274850,137533000.0,8851,,215976.0,78.58,new
MINDTECK, EQ,2026-09-29,152.61,156.5,150.8,153.34,152.15,153.62,18274,2805000.0,762,,9235.0,50.54,new
MIRZAINT, EQ,2026-09-29,29.0,29.0,28.0,28.09,28.13,28.68,100699,2840000.0,872,,68681.0,68.2,new
MITCON, EQ,2026-09-29,82.0,85.5,79.0,82.66,82.52,83.2,82800,6792000.0,152,,80447.0,97.16,new
MITTAL, EQ,2026-09-29,0.72,0.73,0.71,0.72,0.73,0.71,626550,451000.0,244,,581216.0,92.76,new
MKEXIM, EQ,2026-09-29,69.99,69.99,65.65,66.72,67.69,69.35,9728,652000.0,143,,8099.0,83.25,new
MKPL, EQ,2026-09-29,4.04,4.04,3.9,3.92,3.9,3.97,133265,525000.0,413,,101830.0,76.41,new
MLKFOOD, EQ,2026-09-29,84.06,85.0,80.0,84.24,84.35,83.65,8471,698000.0,264,,4453.0,52.57,new
MMFL, EQ,2026-09-29,604.0,617.5,596.2,612.5,614.2,604.5,48405,29429000.000000004,3488,,19483.0,40.25,new
MMP, EQ,2026-09-29,452.25,461.65,442.7,447.55,445.0,452.25,88251,39898000.0,4214,,40376.0,45.75,new
MMTC, EQ,2026-09-29,56.1,57.68,55.72,56.76,56.57,56.4,1284719,72856000.0,13116,,392531.0,30.55,new
MMWL, EQ,2026-09-29,14.9,14.9,13.99,14.12,14.01,14.56,4355,62000.0,99,,3745.0,85.99,new
MNC, EQ,2026-09-29,32.0,32.97,31.2,31.77,31.79,31.93,121051,3854000.0,1684,,55623.0,45.95,new
MOALPHA50, EQ,2026-09-29,54.65,56.5,52.79,54.9,54.85,54.64,18602,1010000.0,189,,16170.0,86.93,new
MOBANK10, EQ,2026-09-29,16.38,16.48,15.9,16.04,16.19,16.2,1562,25000.0,69,,1450.0,92.83,new
MOBIKWIK, EQ,2026-09-29,198.25,199.18,192.82,194.93,194.95,199.06,715786,139802000.0,10507,,221979.0,31.01,new
MOBILISE, SM,2026-09-29,98.35,98.35,98.35,98.35,98.35,103.45,3200,315000.0,2,,3200.0,100.0,new
MOCAPITAL, EQ,2026-09-29,53.01,53.01,51.2,51.55,51.6,51.77,714705,36878000.0,3448,,388448.0,54.35,new
MODEFENCE, EQ,2026-09-29,101.6,101.76,99.81,101.29,101.5,101.45,1106009,111415000.00000001,10216,,482221.0,43.6,new
MODINATUR, EQ,2026-09-29,339.7,347.9,333.25,339.65,339.15,338.6,2579,877000.0,147,,1927.0,74.72,new
MODIRUBBER, EQ,2026-09-29,120.9,122.5,111.0,121.89,122.1,121.0,5863,696000.0,133,,2761.0,47.09,new
MODIS, EQ,2026-09-29,360.1,373.0,356.1,367.15,368.0,362.85,59405,21915000.0,1210,,46089.0,77.58,new
MODISONLTD, BE,2026-09-29,427.75,449.95,423.75,447.75,446.2,429.7,53456,23216000.0,760,,,,new
MODTHREAD, EQ,2026-09-29,47.8,47.98,47.19,47.19,47.2,47.75,2325,111000.00000000001,24,,2325.0,100.0,new
MOENERGY, EQ,2026-09-29,37.04,37.48,36.31,36.92,36.76,37.05,93404,3432000.0,773,,65241.0,69.85,new
MOGOLD, EQ,2026-09-29,145.45,145.45,143.65,144.45,144.45,145.05,17008,2458000.0,351,,9646.0,56.71,new
MOGSEC, EQ,2026-09-29,65.12,65.3,64.65,64.66,64.67,64.51,5204,338000.0,82,,3724.0,71.56,new
MOHEALTH, EQ,2026-09-29,50.78,52.89,50.78,52.21,52.22,52.09,27494,1431000.0,519,,17858.0,64.95,new
MOHITE, EQ,2026-09-29,2.46,2.54,2.37,2.53,2.53,2.4,25190,62000.0,95,,22268.0,88.4,new
MOHITIND, EQ,2026-09-29,23.0,23.48,22.63,22.97,23.0,22.89,11464,264000.0,31,,11379.0,99.26,new
MOIL, EQ,2026-09-29,242.75,244.5,237.1,243.96,244.0,242.05,474777,114764000.00000001,10798,,218943.0,46.11,new
MOINFRA, EQ,2026-09-29,56.88,56.88,56.0,56.62,56.74,56.77,4097,231000.0,75,,4076.0,99.49,new
MOIPO, EQ,2026-09-29,46.36,46.59,45.22,46.43,46.43,46.36,4149,192000.0,35,,2425.0,58.45,new
MOKSH, EQ,2026-09-29,10.0,10.0,9.51,9.6,9.51,9.8,71208,688000.0,339,,52969.0,74.39,new
MOL, EQ,2026-09-29,56.9,57.88,56.05,57.27,56.91,56.96,538823,30729000.000000004,4612,,226073.0,41.96,new
MOLBIO, EQ,2026-09-29,1231.2,1275.0,1221.0,1255.6,1272.0,1237.5,435362,544081000.0,26820,,121044.0,27.8,new
MOLDTECH, BE,2026-09-29,202.0,207.15,197.65,201.49,202.78,197.29,34982,7051000.000000001,510,,,,new
MOLDTKPAC, EQ,2026-09-29,650.0,653.05,637.0,642.95,639.0,649.4,52648,33852000.0,5224,,33410.0,63.46,new
MOLOWVOL, EQ,2026-09-29,34.71,34.71,33.62,34.57,34.57,34.75,1001288,34216000.0,187,,197746.0,19.75,new
MOM100, EQ,2026-09-29,64.83,65.19,63.97,64.55,64.59,64.83,403190,25950000.0,3386,,213804.0,53.03,new
MOM30IETF, EQ,2026-09-29,30.19,30.5,29.93,30.3,30.38,30.19,1034536,31229000.000000004,1918,,687564.0,66.46,new
MOM50, EQ,2026-09-29,241.95,241.95,237.0,239.16,239.05,239.55,4690,1117000.0,136,,3962.0,84.48,new
MOMENTUM, EQ,2026-09-29,30.25,30.25,29.55,30.01,30.16,29.95,35857,1073000.0,217,,24081.0,67.16,new
MOMENTUM30, EQ,2026-09-29,29.24,30.2,29.24,29.86,29.83,29.72,12864,384000.0,230,,10324.0,80.25,new
MOMENTUM50, EQ,2026-09-29,52.05,52.76,52.01,52.47,52.74,52.45,856684,44820000.0,16572,,491598.0,57.38,new
MOMETAL, EQ,2026-09-29,12.9,13.43,12.6,13.02,13.0,12.7,19366,249000.00000000003,67,,16262.0,83.97,new
MOMGF, EQ,2026-09-29,157.08,157.08,152.55,155.86,155.9,156.3,830,128000.0,38,,790.0,95.18,new
MOMIDMTM, EQ,2026-09-29,62.22,62.95,61.6,61.96,62.15,62.22,46592,2894000.0,390,,26748.0,57.41,new
MOMMIDCAP, EQ,2026-09-29,12.51,12.58,12.41,12.51,12.48,12.51,1369326,17114000.0,525,,1190053.0,86.91,new
MOMNC, EQ,2026-09-29,31.03,31.03,30.0,30.67,30.66,30.88,1394,42000.0,30,,874.0,62.7,new
MOMOMENTUM, EQ,2026-09-29,60.3,60.38,59.3,60.34,59.8,59.82,162377,9720000.0,472,,93748.0,57.73,new
MOMSBELIEF, EQ,2026-09-29,234.0,267.61,232.0,255.96,252.6,223.01,2681284,687653000.0,25519,,665029.0,24.8,new
MON100, EQ,2026-09-29,320.62,328.0,318.18,319.64,318.99,323.86,1057693,340458000.0,19808,,645676.0,61.05,new
MON50EQUAL, EQ,2026-09-29,31.6,32.26,31.45,31.74,31.73,31.78,16116,509999.99999999994,109,,15522.0,96.31,new
MONARCH, EQ,2026-09-29,348.05,352.05,334.75,343.05,344.9,350.1,93763,32157000.0,2337,,46181.0,49.25,new
MONEXT50, EQ,2026-09-29,70.39,70.95,69.3,70.31,70.34,70.39,3769,264000.0,69,,3384.0,89.79,new
MONEYBOXX, EQ,2026-09-29,49.84,51.08,46.22,51.08,51.08,48.65,101060,4930000.0,255,,66773.0,66.07,new
MONIFTY100, EQ,2026-09-29,24.43,24.43,23.92,24.08,24.11,24.19,22657,545000.0,98,,18624.0,82.2,new
MONIFTY500, EQ,2026-09-29,22.97,22.99,22.58,22.79,22.78,22.88,648591,14721000.0,2043,,411317.0,63.42,new
MONOLITH, SM,2026-09-29,1213.0,1286.0,1190.15,1279.75,1260.0,1223.65,54000,68112000.0,174,,31250.0,57.87,new
MONOPHARMA, SM,2026-09-29,8.55,8.55,8.55,8.55,8.55,9.0,4000,34000.0,2,,4000.0,100.0,new
MONQ50, EQ,2026-09-29,194.0,194.7,179.61,188.41,188.39,188.62,841441,157930000.0,16340,,295678.0,35.14,new
MONTECARLO, EQ,2026-09-29,515.75,519.85,509.0,516.75,515.2,514.05,32099,16509000.0,1656,,19384.0,60.39,new
MOOILGAS, EQ,2026-09-29,10.85,10.95,10.52,10.72,10.68,10.84,6786,72000.0,80,,5796.0,85.41,new
MOPSE, EQ,2026-09-29,94.1,98.0,94.1,96.74,96.24,96.15,1470,141000.0,25,,1461.0,99.39,new
MOQUALITY, EQ,2026-09-29,194.0,194.0,186.53,188.62,189.12,191.33,10959,2072000.0,102,,7060.0,64.42,new
MOREALTY, EQ,2026-09-29,85.34,85.58,84.27,84.51,84.9,85.33,249162,21115000.0,1840,,118227.0,47.45,new
MOREPENLAB, EQ,2026-09-29,120.8,122.69,117.37,118.8,118.87,120.71,12759041,1527023000.0,50923,,4210843.0,33.0,new
MOS, SM,2026-09-29,7.35,7.35,7.25,7.25,7.25,7.6,208000,1511000.0,32,,156000.0,75.0,new
MOSCHIP, EQ,2026-09-29,199.61,201.49,195.3,198.47,198.5,200.21,1162679,230688000.0,20404,,475919.0,40.93,new
MOSERVICE, EQ,2026-09-29,29.38,29.4,29.1,29.32,29.4,29.24,4597,135000.0,62,,4597.0,100.0,new
MOSILVER, EQ,2026-09-29,217.02,217.98,215.7,216.31,217.07,217.92,24908,5390000.0,1388,,14215.0,57.07,new
MOSMALL250, EQ,2026-09-29,18.0,18.1,17.75,17.92,17.85,18.0,1164979,20870000.0,2782,,604548.0,51.89,new
MOTHERSON, EQ,2026-09-29,162.08,163.24,158.56,158.56,158.56,162.37,14156331,2283255000.0,55657,,8085155.0,57.11,new
MOTILALOFS, EQ,2026-09-29,1002.0,1013.8,995.5,996.2,996.2,1011.6,873780,876937999.9999999,25721,,464943.0,53.21,new
MOTISONS, EQ,2026-09-29,18.08,18.2,17.5,17.62,17.55,18.04,38419101,681863000.0,33495,,14959913.0,38.94,new
MOTOGENFIN, EQ,2026-09-29,26.65,26.65,25.5,25.57,25.58,25.7,14323,370000.0,37,,12073.0,84.29,new
MOTOUR, EQ,2026-09-29,75.25,76.97,74.48,75.66,75.49,75.95,10272,775000.0,193,,6203.0,60.39,new
MOVALUE, EQ,2026-09-29,109.6,109.6,106.71,107.9,107.54,108.52,59763,6419000.0,1048,,34066.0,57.0,new
MPDL, BE,2026-09-29,26.52,27.98,25.32,27.98,27.98,26.65,1986,55000.00000000001,10,,,,new
MPEL, SM,2026-09-29,27.8,27.8,25.2,27.8,27.8,26.5,91200,2471000.0,45,,62400.0,68.42,new
MPHASIS, EQ,2026-09-29,2238.0,2238.9,2154.4,2154.4,2154.4,2237.5,420858,922312999.9999999,22820,,272925.0,64.85,new
MPIMANIPAL, EQ,2026-09-29,393.7,458.0,388.7,417.4,418.0,387.1,13139195,5613289000.0,233621,,1263428.0,9.62,new
MPSLTD, EQ,2026-09-29,2611.0,2684.8,2601.1,2634.7,2639.0,2631.7,12743,33665000.0,1701,,5009.0,39.31,new
MRF, EQ,2026-09-29,123550.0,124290.0,122750.0,123080.0,123000.0,123425.0,2824,347894000.0,1981,,1277.0,45.22,new
MRPL, EQ,2026-09-29,169.5,177.49,168.06,171.65,171.99,169.8,15901075,2764192000.0,102050,,2533628.0,15.93,new
MSCI360, EQ,2026-09-29,9.89,9.89,9.56,9.77,9.76,9.64,11703,112999.99999999999,188,,10969.0,93.73,new
MSCIADD, EQ,2026-09-29,28.06,28.08,27.83,27.95,28.01,28.45,2793,78000.0,13,,2792.0,99.96,new
MSCIINDIA, EQ,2026-09-29,28.28,28.78,27.66,28.04,28.1,28.3,49618,1392000.0,362,,25247.0,50.88,new
MSPL, EQ,2026-09-29,32.76,34.85,32.64,33.55,34.0,32.99,1388148,46801000.0,3928,,729264.0,52.54,new
MSTCLTD, EQ,2026-09-29,711.95,719.95,705.5,713.05,715.95,710.4,158293,112886999.99999999,14866,,70001.0,44.22,new
MSUMI, EQ,2026-09-29,34.8,34.87,33.93,34.36,34.37,34.8,8000741,275539000.0,41803,,3767982.0,47.1,new
MTARTECH, BE,2026-09-29,6851.0,7426.0,6840.0,7426.0,7426.0,7072.5,352250,2573257000.0,30476,,,,new
MTEDUCARE, BE,2026-09-29,1.75,1.75,1.68,1.7,1.7,1.76,6614,11000.0,19,,,,new
MTNL, EQ,2026-09-29,22.62,23.32,22.57,23.18,23.2,22.94,691310,15904000.0,3233,,334328.0,48.36,new
MUFIN, EQ,2026-09-29,129.5,133.99,127.9,132.15,131.79,130.16,2236803,294860000.0,7601,,774353.0,34.62,new
MUFTI, EQ,2026-09-29,69.01,70.19,68.51,69.28,69.0,69.49,40683,2826000.0,1229,,22900.0,56.29,new
MUKANDLTD, EQ,2026-09-29,170.4,174.2,165.41,172.49,173.5,171.03,821432,140501000.0,12834,,332834.0,40.52,new
MUKKA, BE,2026-09-29,26.91,26.99,26.25,26.33,26.44,26.91,140377,3713000.0000000005,682,,,,new
MUKTAARTS, EQ,2026-09-29,56.89,56.89,55.11,56.57,56.74,57.12,513,28999.999999999996,18,,274.0,53.41,new
MULTICAP, EQ,2026-09-29,16.38,16.38,15.86,15.96,15.96,16.06,364187,5825000.0,791,,348457.0,95.68,new
MUNISH, SM,2026-09-29,90.0,90.0,90.0,90.0,90.0,88.05,2400,216000.0,2,,2400.0,100.0,new
MUNJALAU, EQ,2026-09-29,105.71,107.9,104.12,106.48,106.03,106.87,155908,16472000.0,5510,,73131.0,46.91,new
MUNJALSHOW, EQ,2026-09-29,124.26,127.3,122.36,126.32,125.3,124.26,46785,5876000.0,913,,26004.0,55.58,new
MURUDCERA, EQ,2026-09-29,28.05,28.3,27.86,28.0,27.91,28.12,33172,932000.0,337,,19662.0,59.27,new
MUTHOOTCAP, EQ,2026-09-29,221.17,226.75,216.44,217.07,216.5,221.17,19275,4222000.0,593,,16211.0,84.1,new
MUTHOOTFIN, EQ,2026-09-29,2748.0,2764.1,2706.5,2736.8,2736.8,2760.0,1190791,3265753000.0,100621,,749956.0,62.98,new
MUTHOOTMF, EQ,2026-09-29,178.96,180.55,175.44,177.64,176.65,178.84,151414,26910000.000000004,4175,,78330.0,51.73,new
MVELECTRO, EQ,2026-09-29,789.9,859.0,781.3,838.05,838.0,786.35,1626209,1346327000.0,41480,,216874.0,13.34,new
MVGJL, EQ,2026-09-29,216.3,219.54,207.0,212.6,211.5,215.94,172011,36571000.0,4612,,66564.0,38.7,new
MVKAGRO, SM,2026-09-29,240.0,253.9,230.3,248.05,249.0,242.4,283800,68980000.0,400,,173100.0,60.99,new
MWL, EQ,2026-09-29,43.76,44.89,43.06,43.4,43.5,43.46,396017,17435000.0,3401,,147865.0,37.34,new
MYMUDRA, SM,2026-09-29,65.35,65.95,62.95,65.9,65.9,65.35,36000,2311000.0,29,,25200.0,70.0,new
MYSORPETRO, BE,2026-09-29,123.5,129.99,122.5,127.82,127.82,128.76,4048,496000.0,21,,,,new
NACLIND, EQ,2026-09-29,136.86,137.96,129.75,132.45,133.0,136.53,1047618,140129000.0,11025,,688202.0,65.69,new
NAGREEKCAP, EQ,2026-09-29,25.5,27.5,25.5,26.05,25.88,26.32,3154,83000.0,74,,2701.0,85.64,new
NAGREEKEXP, EQ,2026-09-29,21.42,22.75,20.99,22.09,22.39,22.31,35608,765000.0,326,,15854.0,44.52,new
NAHARCAP, EQ,2026-09-29,249.5,249.5,230.0,237.6,237.0,243.75,8969,2111000.0,228,,5565.0,62.05,new
NAHARINDUS, EQ,2026-09-29,130.05,132.99,126.24,130.17,129.5,127.47,34383,4492000.0,734,,20148.0,58.6,new
NAHARPOLY, EQ,2026-09-29,224.94,235.0,221.11,230.27,232.95,221.85,3674,835000.0,107,,2588.0,70.44,new
NAHARSPING, EQ,2026-09-29,278.0,278.55,259.2,261.75,260.0,267.3,46373,12128000.0,646,,38337.0,82.67,new
NAM-INDIA, EQ,2026-09-29,1090.0,1097.7,1068.0,1068.0,1068.0,1093.9,983587,1065370000.0000001,32107,,518582.0,52.72,new
NAMAN, SM,2026-09-29,48.5,48.5,48.0,48.5,48.5,46.2,7200,348000.0,9,,5600.0,77.78,new
NAMOEWASTE, SM,2026-09-29,349.9,351.5,330.05,334.65,333.0,344.25,48800,16574000.0,61,,32800.0,67.21,new
NARMADA, EQ,2026-09-29,13.05,13.3,12.65,12.75,12.65,13.05,210383,2704000.0,985,,113526.0,53.96,new
NATCAPSUQ, BE,2026-09-29,162.01,164.59,162.0,163.14,163.1,165.2,2460,401000.0,44,,,,new
NATCOPHARM, EQ,2026-09-29,832.45,851.0,827.75,843.1,842.6,828.55,636356,535130000.0,64865,,293787.0,46.17,new
NATHBIOGEN, EQ,2026-09-29,145.0,147.0,141.0,142.22,142.17,144.12,8389,1191000.0,248,,5817.0,69.34,new
NATIONALUM, EQ,2026-09-29,346.45,346.95,341.0,346.65,346.65,349.0,7334608,2529124000.0,67380,,3969801.0,54.12,new
NATIONSTD, EQ,2026-09-29,115.62,116.75,113.02,114.54,114.0,114.48,4773,545000.0,196,,2963.0,62.08,new
NAUKRI, EQ,2026-09-29,1238.1,1251.3,1232.3,1245.0,1245.0,1253.9,1242585,1543016000.0,41369,,677296.0,54.51,new
NAVA, EQ,2026-09-29,543.9,553.55,540.2,545.95,544.9,547.0,263953,144907000.0,14879,,147857.0,56.02,new
NAVINFLUOR, EQ,2026-09-29,8434.5,8483.5,8211.0,8234.5,8260.0,8432.5,136712,1134161000.0,39672,,78469.0,57.4,new
NAVKARCORP, EQ,2026-09-29,86.86,87.99,85.5,86.6,86.24,86.86,317322,27530000.0,3946,,182552.0,57.53,new
NAVKARURB, EQ,2026-09-29,0.91,0.91,0.84,0.86,0.86,0.88,1504717,1287000.0,324,,1017653.0,67.63,new
NAVNETEDUL, EQ,2026-09-29,121.5,122.9,120.35,121.42,120.9,121.73,84166,10227000.0,1512,,51891.0,61.65,new
NAZARA, EQ,2026-09-29,379.0,391.1,372.0,388.4,387.25,379.65,2459398,946644000.0,30342,,1189608.0,48.37,new
NBCC, EQ,2026-09-29,80.16,80.67,78.01,78.01,78.01,80.21,8592936,683468000.0,42623,,3365331.0,39.16,new
NBIFIN, EQ,2026-09-29,1965.2,1966.0,1860.0,1876.6,1871.0,1948.2,239,451000.0,72,,158.0,66.11,new
NCC, EQ,2026-09-29,133.83,137.3,126.65,128.27,128.05,130.29,28505185,3752065000.0,186469,,3466210.0,12.16,new
NCLIND, EQ,2026-09-29,176.68,178.99,174.0,176.86,175.7,175.81,43191,7576000.000000001,702,,30389.0,70.36,new
NDGL, EQ,2026-09-29,2500.0,2540.0,2470.0,2478.1,2478.0,2509.1,119,296000.0,45,,106.0,89.08,new
NDL, EQ,2026-09-29,2.73,2.75,2.57,2.62,2.62,2.67,1455788,3847999.9999999995,2048,,937067.0,64.37,new
NDLVENTURE, EQ,2026-09-29,121.43,123.15,119.08,121.49,122.96,121.43,5638,683000.0,121,,4668.0,82.8,new
NDRAUTO, EQ,2026-09-29,719.4,746.3,716.05,739.9,740.0,721.6,20057,14747999.999999998,1370,,10227.0,50.99,new
NDRINVIT, IV,2026-09-29,148.0,152.0,148.0,151.0,151.0,148.0,600000,90125000.0,8,,600000.0,100.0,new
NDTV, EQ,2026-09-29,69.11,70.25,68.6,69.06,68.8,69.11,61864,4295000.0,1187,,39786.0,64.31,new
NEAGI, EQ,2026-09-29,3483.5,3483.5,3483.5,3483.5,3483.5,3400.0,2,7000.000000000001,1,,2.0,100.0,new
NECCLTD, BE,2026-09-29,18.55,18.55,18.0,18.08,18.01,18.44,37057,674000.0,142,,,,new
NECLIFE, EQ,2026-09-29,10.63,11.08,10.63,10.71,10.75,10.72,93379,1011999.9999999999,325,,72578.0,77.72,new
NEELAM, SM,2026-09-29,7.05,7.05,7.05,7.05,7.05,7.35,18000,127000.0,3,,18000.0,100.0,new
NELCAST, EQ,2026-09-29,115.0,121.0,112.6,118.93,118.8,116.65,251768,29750000.0,3969,,112930.0,44.85,new
NELCO, EQ,2026-09-29,922.0,933.45,894.0,922.3,921.0,916.45,268542,245592000.0,13630,,98790.0,36.79,new
NEOCHEM, SM,2026-09-29,101.0,104.0,101.0,104.0,104.0,104.5,7200,734000.0,5,,6000.0,83.33,new
NEOGEN, EQ,2026-09-29,2388.1,2458.5,2370.0,2435.3,2420.0,2396.3,157182,381852000.0,21368,,64403.0,40.97,new
NEPHROCARE, SM,2026-09-29,86.1,91.7,86.1,90.55,90.55,87.75,7200,643000.0,18,,4400.0,61.11,new
NEPHROPLUS, EQ,2026-09-29,679.95,679.95,660.0,663.4,662.4,674.0,599435,400636000.0,53897,,368137.0,61.41,new
NEPTUNE, SM,2026-09-29,188.0,191.8,187.8,191.8,191.8,188.5,1500,284000.0,3,,1000.0,66.67,new
NESCO, EQ,2026-09-29,1082.3,1082.3,1030.1,1040.5,1042.5,1086.4,172385,180097000.0,28805,,86916.0,50.42,new
NESTLEIND, EQ,2026-09-29,1341.0,1349.1,1333.6,1345.7,1345.7,1346.0,1748621,2345311000.0,57684,,1244825.0,71.19,new
NETF, EQ,2026-09-29,249.1,251.87,247.0,247.71,247.24,249.28,3891,964000.0,110,,2824.0,72.58,new
NETWEB, EQ,2026-09-29,4550.0,4664.0,4453.0,4613.0,4610.0,4566.5,822138,3756785000.0,70746,,156322.0,19.01,new
NETWORK18, EQ,2026-09-29,25.98,26.02,25.28,25.88,25.85,25.98,2746331,70474000.0,9439,,1124925.0,40.96,new
NEUEON, BE,2026-09-29,15.85,15.85,14.35,14.35,14.35,15.1,37784,550000.0,99,,,,new
NEULANDLAB, EQ,2026-09-29,21690.0,21920.0,21170.0,21375.0,21365.0,21440.0,83910,1798686000.0,26959,,46650.0,55.6,new
NEWGEN, EQ,2026-09-29,480.0,493.4,465.4,473.0,470.4,474.4,2459936,1173690000.0,68616,,562471.0,22.87,new
NEWJAISA, ST,2026-09-29,17.7,19.25,17.5,18.0,19.0,18.4,124500,2212000.0,45,,117000.0,93.98,new
NEXT30ADD, EQ,2026-09-29,41.12,41.27,40.82,41.11,41.11,41.31,1678,69000.0,218,,1213.0,72.29,new
NEXT50, EQ,2026-09-29,730.65,730.66,718.5,721.7,719.05,727.01,81627,59151000.0,4220,,60687.0,74.35,new
NEXT50ADD, EQ,2026-09-29,70.45,70.74,70.05,70.4,70.27,70.89,7188,505999.99999999994,161,,3339.0,46.45,new
NEXT50BETA, EQ,2026-09-29,77.5,77.5,75.3,76.02,76.25,76.1,98671,7473000.0,837,,55822.0,56.57,new
NEXT50ETF, EQ,2026-09-29,70.99,73.0,70.2,70.98,71.0,70.99,91582,6501000.000000001,318,,77362.0,84.47,new
NEXT50IETF, EQ,2026-09-29,74.59,74.59,73.03,73.81,74.25,74.42,1548313,114502000.0,6744,,1098949.0,70.98,new
NEXTMEDIA, EQ,2026-09-29,3.54,3.76,3.54,3.7,3.66,3.68,12395,45000.0,62,,11074.0,89.34,new
NFL, EQ,2026-09-29,65.44,65.44,63.7,64.79,64.55,65.76,751312,48530000.0,6160,,301333.0,40.11,new
NFPSAMPOOR, SM,2026-09-29,22.0,22.05,22.0,22.05,22.0,22.1,10000,220000.00000000003,3,,10000.0,100.0,new
NGIL, EQ,2026-09-29,40.38,41.75,39.2,39.72,39.44,41.2,20795,827000.0,48,,18661.0,89.74,new
NGLFINE, EQ,2026-09-29,2736.0,2948.0,2715.1,2870.9,2840.1,2730.0,22597,65076000.0,4601,,8034.0,35.55,new
NH, EQ,2026-09-29,1820.1,1863.0,1761.0,1789.9,1773.0,1820.1,966399,1734659000.0,56107,,600550.0,62.14,new
NHIT, IV,2026-09-29,168.75,168.75,168.75,168.75,168.75,169.85,75000,12656000.0,1,,75000.0,100.0,new
NHPC, EQ,2026-09-29,74.05,74.7,73.3,73.32,73.32,74.5,11242484,827695999.9999999,30644,,5918914.0,52.65,new
NIACL, EQ,2026-09-29,170.0,171.95,160.05,168.29,167.9,169.84,4230836,710626000.0,53793,,1825075.0,43.14,new
NIBE, EQ,2026-09-29,1237.4,1265.4,1226.8,1238.5,1240.0,1237.4,37110,46245000.0,3954,,15159.0,40.85,new
NIBL, EQ,2026-09-29,31.31,32.5,30.91,31.52,31.89,31.65,15737,496000.0,168,,9521.0,60.5,new
NICCOPAR, EQ,2026-09-29,80.5,83.0,80.5,81.0,82.87,80.5,1332,108000.0,44,,1241.0,93.17,new
NIDAN, SM,2026-09-29,12.9,12.9,12.9,12.9,12.9,12.55,2000,26000.0,2,,2000.0,100.0,new
NIF100BEES, EQ,2026-09-29,255.0,255.0,251.11,253.21,253.6,254.39,44390,11217000.0,782,,27256.0,61.4,new
NIF100IETF, EQ,2026-09-29,27.47,27.47,26.43,26.64,26.65,26.8,142348,3786000.0,1140,,67897.0,47.7,new
NIF500BETA, EQ,2026-09-29,36.77,38.25,35.86,37.58,38.25,35.86,1011,38000.0,35,,221.0,21.86,new
NIFTY1, EQ,2026-09-29,253.69,253.69,251.5,252.64,253.39,253.69,388108,97896000.0,1942,,311940.0,80.37,new
NIFTY100EW, EQ,2026-09-29,34.17,34.17,33.46,33.67,33.62,33.67,88148,2975000.0,379,,60462.0,68.59,new
NIFTYADD, EQ,2026-09-29,243.19,243.19,238.01,239.94,239.5,240.87,10717,2567000.0,269,,9511.0,88.75,new
NIFTYAXIS, EQ,2026-09-29,252.97,253.62,250.5,252.45,251.5,252.96,250413,63280999.99999999,454,,211301.0,84.38,new
NIFTYBEES, EQ,2026-09-29,260.49,260.49,257.9,259.47,260.04,260.47,16338797,4229779000.0,128229,,13064413.0,79.96,new
NIFTYBETA, EQ,2026-09-29,254.99,254.99,250.95,252.39,253.67,253.56,62271,15677000.000000002,1014,,47080.0,75.61,new
NIFTYBETF, EQ,2026-09-29,235.5,237.67,233.0,234.69,236.72,235.5,7383,1729000.0,130,,5406.0,73.22,new
NIFTYCASE, EQ,2026-09-29,9.32,9.32,8.95,9.16,9.17,9.18,1578992,14416000.0,2809,,1175436.0,74.44,new
NIFTYETF, EQ,2026-09-29,248.88,248.88,245.5,247.15,247.48,248.49,719461,177430000.0,2309,,523291.0,72.73,new
NIFTYIETF, EQ,2026-09-29,259.14,259.14,256.57,257.98,258.8,259.14,1178543,303337000.0,8663,,743759.0,63.11,new
NIFTYJBLK, EQ,2026-09-29,12.01,12.01,11.56,11.64,11.75,11.72,234199,2725000.0,721,,145118.0,61.96,new
NIFTYQLITY, EQ,2026-09-29,19.72,20.45,19.72,20.07,20.04,20.23,30297,608000.0,241,,28689.0,94.69,new
NIITLTD, EQ,2026-09-29,87.0,87.23,85.49,86.37,86.85,86.92,152140,13131000.0,2382,,55144.0,36.25,new
NIITMTS, EQ,2026-09-29,206.07,209.98,202.72,204.96,204.0,205.39,58070,11917000.0,3610,,31199.0,53.73,new
NIKITA, SM,2026-09-29,71.2,72.6,70.0,70.0,70.0,69.5,15600,1110000.0,13,,7200.0,46.15,new
NILAINFRA, EQ,2026-09-29,6.76,7.04,6.66,6.71,6.71,6.83,92036,618000.0,570,,68472.0,74.4,new
NILASPACES, EQ,2026-09-29,11.1,11.35,10.88,11.16,11.28,11.0,584546,6484999.999999999,1682,,269276.0,46.07,new
NILE, EQ,2026-09-29,1280.0,1305.0,1250.0,1264.7,1280.0,1279.4,7248,9264000.0,1026,,5194.0,71.66,new
NILKAMAL, EQ,2026-09-29,1930.9,1969.9,1891.0,1898.9,1911.0,1918.0,23084,44297000.0,3758,,8935.0,38.71,new
NIMBSPROJ, EQ,2026-09-29,194.95,198.8,188.82,194.12,198.8,198.75,22967,4468000.0,409,,5230.0,22.77,new
NINSYS, EQ,2026-09-29,715.8,741.45,696.6,737.15,739.0,706.15,5977,4305000.0,312,,4360.0,72.95,new
NIPPOBATRY, EQ,2026-09-29,322.7,325.0,317.3,322.7,320.25,323.2,640,206000.0,64,,475.0,74.22,new
NIRAJ, EQ,2026-09-29,28.46,28.9,27.8,28.36,28.5,27.9,81568,2296000.0,122,,59110.0,72.47,new
NIRLON, EQ,2026-09-29,605.1,609.0,591.05,605.85,607.0,608.0,6431,3878000.0,515,,4980.0,77.44,new
NIRMAN, SM,2026-09-29,26.9,26.9,26.0,26.5,26.5,26.5,4200,110000.00000000001,14,,3000.0,71.43,new
NITCO, EQ,2026-09-29,84.05,87.5,82.6,86.75,85.5,84.61,1505725,128968000.0,6146,,736212.0,48.89,new
NITINSPIN, EQ,2026-09-29,593.1,617.0,592.0,606.15,604.0,596.45,75325,45500000.0,4275,,34468.0,45.76,new
NITIRAJ, EQ,2026-09-29,219.65,219.65,203.0,215.74,210.5,218.87,2040,433000.0,104,,1438.0,70.49,new
NITTAGELA, EQ,2026-09-29,1718.2,1718.2,1674.2,1702.8,1695.0,1718.2,2116,3595000.0000000005,365,,1428.0,67.49,new
NIVABUPA, EQ,2026-09-29,75.25,75.69,71.98,73.28,73.5,75.73,8812877,646211000.0,65583,,5407931.0,61.36,new
NKIND, EQ,2026-09-29,60.9,62.0,57.0,61.99,61.99,61.07,527,31000.0,21,,509.0,96.58,new
NLCINDIA, EQ,2026-09-29,256.85,260.8,251.2,255.75,255.9,256.7,2549158,653545000.0,48920,,1032634.0,40.51,new
NMDC, EQ,2026-09-29,77.4,77.86,76.02,77.0,77.0,77.43,19014554,1466105000.0,81832,,11547273.0,60.73,new
NMSTEEL, SM,2026-09-29,22.25,22.5,22.0,22.5,22.5,23.3,8000,178000.0,5,,6400.0,80.0,new
NOCIL, EQ,2026-09-29,175.0,175.0,166.64,169.31,168.51,175.17,2487591,423793000.0,22798,,1054228.0,42.38,new
NOIDATOLL, EQ,2026-09-29,3.64,3.88,3.59,3.65,3.63,3.58,469676,1732999.9999999998,1127,,248845.0,52.98,new
NORBTEAEXP, EQ,2026-09-29,68.0,68.0,64.03,64.9,64.9,66.62,3670,242000.0,50,,2991.0,81.5,new
NORTHARC, EQ,2026-09-29,291.15,295.15,287.05,290.75,290.5,291.1,1241312,361750000.0,19776,,594002.0,47.85,new
NOVAAGRI, EQ,2026-09-29,22.48,22.98,22.2,22.28,22.42,22.48,34484,770000.0,347,,28772.0,83.44,new
NOVARTIND, EQ,2026-09-29,1952.9,1990.0,1905.0,1924.1,1932.6,1935.0,21732,42004000.0,2856,,9445.0,43.46,new
NPBET, EQ,2026-09-29,272.0,276.0,270.76,274.8,276.0,275.23,963,264000.0,25,,952.0,98.86,new
NPST, EQ,2026-09-29,1634.4,1662.6,1524.0,1653.0,1647.8,1635.0,122885,195672000.0,13309,,40377.0,32.86,new
NRAIL, EQ,2026-09-29,668.45,685.0,640.0,660.5,650.3,647.6,15189,10096000.0,1632,,5692.0,37.47,new
NRBBEARING, EQ,2026-09-29,541.5,549.3,531.8,541.05,541.0,541.5,366094,197218000.0,17873,,124284.0,33.95,new
NRL, BE,2026-09-29,155.31,160.0,155.31,160.0,160.0,158.47,168734,26466000.000000004,448,,,,new
NRVANDANA, SM,2026-09-29,69.0,69.0,69.0,69.0,69.0,69.8,3000,206999.99999999997,1,,3000.0,100.0,new
NSIL, EQ,2026-09-29,5350.5,5400.0,5340.0,5350.0,5378.0,5398.5,1228,6584999.999999999,371,,830.0,67.59,new
NSLNISP, EQ,2026-09-29,41.88,42.42,41.21,41.79,41.83,41.78,5493176,229980000.00000003,22565,,2541621.0,46.27,new
NTCIND, EQ,2026-09-29,132.52,138.8,130.0,136.46,132.7,132.52,519,70000.0,50,,317.0,61.08,new
NTPC, EQ,2026-09-29,320.5,325.0,317.55,323.5,323.5,321.1,11956206,3853161000.0,126542,,7965519.0,66.62,new
NTPCGREEN, EQ,2026-09-29,91.5,92.19,89.65,89.99,89.91,92.21,2417700,219212000.0,34011,,1219153.0,50.43,new
NUCLEUS, EQ,2026-09-29,661.6,661.6,647.7,652.55,658.0,661.5,22285,14561000.000000002,2028,,16224.0,72.8,new
NURECA, BE,2026-09-29,371.0,371.0,351.65,361.5,367.85,362.55,10127,3650000.0,253,,,,new
NUVAMA, EQ,2026-09-29,1635.0,1677.2,1615.7,1652.1,1651.0,1640.6,295343,486697999.99999994,44034,,131143.0,44.4,new
NUVOCO, EQ,2026-09-29,327.0,337.0,321.5,330.2,330.0,325.85,442330,147024000.0,29934,,195341.0,44.16,new
NV20, EQ,2026-09-29,13.21,13.39,13.05,13.26,13.21,13.21,105531,1392000.0,467,,46715.0,44.27,new
NV20BEES, EQ,2026-09-29,133.62,140.0,130.75,132.43,132.15,132.3,39737,5236000.0,393,,22519.0,56.67,new
NV20IETF, EQ,2026-09-29,12.82,13.15,12.75,12.83,12.84,12.89,687742,8811000.0,1656,,472948.0,68.77,new
NXST, RR,2026-09-29,165.99,166.49,163.48,164.7,165.83,165.8,666296,109871000.0,6039,,528094.0,79.26,new
NXT-INFRA, IV,2026-09-29,99.0,99.0,99.0,99.0,99.0,99.0,1075000,106425000.0,9,,1075000.0,100.0,new
NYKAA, EQ,2026-09-29,325.5,329.8,319.25,327.35,327.35,325.5,4395026,1432407000.0,85962,,2627996.0,59.79,new
OAL, EQ,2026-09-29,555.0,555.0,530.2,541.85,537.0,553.15,18459,9967000.0,1106,,7707.0,41.75,new
OBCL, EQ,2026-09-29,58.4,58.69,54.51,54.68,54.52,56.9,7991,446000.0,109,,7185.0,89.91,new
OBEROIRLTY, EQ,2026-09-29,1825.0,1826.6,1761.5,1762.9,1762.9,1830.0,395959,708275000.0,26403,,226879.0,57.3,new
OBSCP, SM,2026-09-29,922.0,931.0,905.0,917.25,920.0,916.6,16800,15431000.0,42,,9200.0,54.76,new
OCCLLTD, BE,2026-09-29,172.3,180.0,165.8,178.52,178.89,174.52,155325,27089000.0,710,,,,new
ODIGMA, EQ,2026-09-29,20.8,21.9,20.5,21.41,21.18,20.87,29726,634000.0,271,,28514.0,95.92,new
ODYCORP, EQ,2026-09-29,6.85,7.09,6.8,7.08,7.08,6.86,4156,28999.999999999996,19,,4112.0,98.94,new
OFSS, EQ,2026-09-29,10800.0,10876.0,10406.0,10406.0,10406.0,10800.0,181154,1921082000.0,29528,,77981.0,43.05,new
OIL, EQ,2026-09-29,466.5,467.8,459.4,459.45,459.45,468.0,2140454,992323000.0,26839,,1096743.0,51.24,new
OILCOUNTUB, BE,2026-09-29,75.11,75.11,75.11,75.11,75.11,73.64,56606,4252000.0,113,,,,new
OILIETF, EQ,2026-09-29,10.85,10.91,10.71,10.8,10.81,10.85,1059436,11444000.0,2539,,560448.0,52.9,new
OLAELEC, EQ,2026-09-29,37.84,38.48,36.3,37.42,37.51,37.86,118182493,4416167000.0,246095,,19280778.0,16.31,new
OLECTRA, EQ,2026-09-29,1179.0,1183.0,1134.0,1136.9,1136.1,1173.8,359867,413866000.0,24698,,173293.0,48.15,new
OLIL, SM,2026-09-29,422.0,455.4,420.05,455.3,455.3,433.8,58400,25772000.000000004,47,,33600.0,57.53,new
OMAXAUTO, EQ,2026-09-29,197.12,208.0,196.36,198.48,197.25,200.55,70700,14119999.999999998,1392,,34435.0,48.71,new
OMAXE, EQ,2026-09-29,110.1,112.09,108.46,109.48,109.9,110.27,449814,49465000.0,6969,,133682.0,29.72,new
OMFREIGHT, BE,2026-09-29,89.01,93.46,86.51,93.46,93.46,89.01,21769,1972000.0,128,,,,new
OMFURN, SM,2026-09-29,51.0,51.0,51.0,51.0,51.0,51.45,1200,61000.0,1,,1200.0,100.0,new
OMINFRAL, EQ,2026-09-29,78.91,78.91,77.5,77.67,77.5,78.75,35469,2767000.0,795,,17356.0,48.93,new
OMNI, EQ,2026-09-29,526.0,565.75,519.05,560.4,556.0,525.85,851262,468163000.0,29331,,329645.0,38.72,new
OMPOWER, EQ,2026-09-29,163.19,163.99,159.0,163.18,163.4,162.71,69412,11241000.0,1341,,30905.0,44.52,new
ONDOOR, SM,2026-09-29,254.0,261.0,253.0,257.65,256.0,259.0,2700,691000.0,9,,2100.0,77.78,new
ONEGLOBAL, EQ,2026-09-29,551.0,551.0,525.0,534.15,533.0,544.95,7975,4269000.0,649,,5960.0,74.73,new
ONELIFECAP, BE,2026-09-29,38.3,39.2,37.4,38.97,39.14,37.52,75446,2865000.0,141,,,,new
ONEPOINT, EQ,2026-09-29,69.73,74.0,68.07,71.62,71.28,69.43,7409814,534445000.0,36729,,2372618.0,32.02,new
ONESOURCE, EQ,2026-09-29,1570.0,1605.0,1562.7,1583.3,1574.0,1565.8,463289,734809000.0,26535,,265156.0,57.23,new
ONGC, EQ,2026-09-29,230.0,231.7,227.8,230.0,230.0,230.0,13380638,3077418000.0,99814,,8963790.0,66.99,new
ONIDA, EQ,2026-09-29,31.51,32.65,31.1,31.75,31.5,32.0,313966,9984000.0,1858,,158120.0,50.36,new
ONIXSOLAR, EQ,2026-09-29,344.0,352.95,339.8,344.5,345.95,339.8,162654,56250000.0,3977,,79667.0,48.98,new
ONMOBILE, BE,2026-09-29,50.22,51.05,49.0,50.1,50.11,50.84,44803,2243000.0,338,,,,new
ONWARDTEC, EQ,2026-09-29,292.0,292.0,281.45,287.4,285.5,285.0,24567,7038000.0,1002,,13371.0,54.43,new
ONYX, ST,2026-09-29,38.9,38.9,37.0,37.05,37.05,37.8,22000,818000.0,3,,22000.0,100.0,new
OPTIEMUS, EQ,2026-09-29,810.9,810.9,781.15,796.2,794.0,809.95,744867,592465000.0,30775,,171190.0,22.98,new
OPTIFIN, EQ,2026-09-29,14.53,15.88,13.61,14.82,14.9,14.53,73034,1084000.0,331,,34419.0,47.13,new
OPTIMYSTIX, SM,2026-09-29,133.0,133.0,124.0,129.75,132.0,131.35,280800,35212000.0,77,,259200.0,92.31,new
OPTIVALUE, ST,2026-09-29,242.9,242.9,228.0,229.5,230.0,231.35,86400,20656000.0,42,,75200.0,87.04,new
ORBTEXP, EQ,2026-09-29,233.6,267.0,225.11,262.01,264.0,227.15,93205,23249000.0,1224,,60404.0,64.81,new
ORCHASP, EQ,2026-09-29,1.34,1.35,1.31,1.33,1.34,1.34,86228,114999.99999999999,155,,76922.0,89.21,new
ORCHPHARMA, EQ,2026-09-29,1023.4,1040.9,991.6,1014.9,1008.0,1023.4,146800,148338000.0,19178,,70284.0,47.88,new
ORIANA, SM,2026-09-29,306.3,324.5,292.95,317.2,314.0,309.85,505875,156211000.0,1056,,205875.0,40.7,new
ORICONENT, EQ,2026-09-29,53.0,53.87,50.59,51.83,51.55,52.36,1200606,61625000.0,452,,1182689.0,98.51,new
ORIENTALTL, EQ,2026-09-29,5.13,5.13,4.85,4.86,4.93,4.94,72604,355000.0,290,,59611.0,82.1,new
ORIENTBELL, EQ,2026-09-29,393.95,405.4,390.05,402.6,400.4,395.7,39951,15966000.0,1642,,29875.0,74.78,new
ORIENTCEM, EQ,2026-09-29,119.4,122.0,116.7,118.42,118.2,119.43,704241,83081000.0,8989,,269734.0,38.3,new
ORIENTCER, EQ,2026-09-29,45.54,46.4,45.01,45.6,45.5,45.86,46273,2113000.0,1019,,20717.0,44.77,new
ORIENTELEC, EQ,2026-09-29,160.78,165.0,155.0,156.62,158.6,160.0,300753,47359000.0,8268,,137518.0,45.72,new
ORIENTHOT, EQ,2026-09-29,138.03,141.5,136.5,139.34,140.23,138.03,1048759,146496000.0,5751,,601701.0,57.37,new
ORIENTLTD, BE,2026-09-29,77.0,79.9,77.0,79.9,79.9,79.9,5758,443000.0,13,,,,new
ORIENTPPR, EQ,2026-09-29,16.65,16.74,16.25,16.43,16.39,16.61,124950,2052000.0,699,,84640.0,67.74,new
ORIENTTECH, EQ,2026-09-29,233.81,234.76,228.26,231.5,231.0,233.81,81882,18891000.0,2484,,26759.0,32.68,new
ORIRAIL, EQ,2026-09-29,124.5,127.0,121.44,122.81,123.3,126.15,80038,10002000.0,1574,,41875.0,52.32,new
ORISSAMINE, EQ,2026-09-29,3667.6,3749.9,3586.2,3673.3,3645.0,3667.6,8027,29258000.0,1691,,3153.0,39.28,new
ORKLAINDIA, EQ,2026-09-29,550.1,550.75,530.15,540.05,542.65,554.3,191761,103138000.00000001,16312,,92982.0,48.49,new
ORTINGLOBE, EQ,2026-09-29,15.0,15.21,13.92,14.72,15.2,14.65,24048,346000.0,59,,17040.0,70.86,new
OSELDEVICE, SM,2026-09-29,385.0,393.5,378.4,388.25,390.0,384.85,12600,4895000.0,53,,10000.0,79.37,new
OSIAHYPER, BE,2026-09-29,2.4,2.4,2.22,2.33,2.33,2.29,457146,1077000.0,359,,,,new
OSWALAGRO, EQ,2026-09-29,33.01,35.5,33.01,34.9,34.95,33.67,136463,4759000.0,558,,122589.0,89.83,new
OSWALGREEN, EQ,2026-09-29,19.35,19.84,19.1,19.41,19.32,19.57,88692,1714999.9999999998,919,,36085.0,40.69,new
OSWALPUMPS, EQ,2026-09-29,268.55,270.7,265.35,266.25,267.3,268.55,271978,72712000.0,6581,,145047.0,53.33,new
OSWALSEEDS, EQ,2026-09-29,12.5,12.8,12.05,12.52,12.64,12.45,77507,966000.0,282,,47263.0,60.98,new
OWAIS, ST,2026-09-29,69.8,69.8,69.8,69.8,69.8,71.2,1400,98000.0,10,,1300.0,92.86,new
PACEDIGITK, EQ,2026-09-29,160.92,163.35,158.8,162.3,161.8,161.81,418674,67456000.0,8082,,168338.0,40.21,new
PACIFICI, EQ,2026-09-29,135.0,135.0,130.2,132.96,135.0,135.14,59,8000.0,9,,58.0,98.31,new
PAGEIND, EQ,2026-09-29,37130.0,37400.0,36580.0,36580.0,36580.0,37500.0,25120,932016000.0,10085,,11436.0,45.53,new
PAISALO, EQ,2026-09-29,79.08,80.23,77.01,78.59,77.98,79.6,8530685,671739000.0,32006,,3063029.0,35.91,new
PAKKA, EQ,2026-09-29,72.7,73.39,72.02,72.83,72.5,73.77,97327,7075000.0,1383,,59162.0,60.79,new
PALASHSECU, EQ,2026-09-29,86.0,88.0,84.1,84.25,84.25,88.9,1544,131000.0,50,,1014.0,65.67,new
PALREDTEC, EQ,2026-09-29,45.82,46.05,44.0,45.99,45.99,46.05,2263,102000.0,44,,2139.0,94.52,new
PANACEABIO, EQ,2026-09-29,366.45,380.0,362.05,375.25,373.0,366.45,64320,23913000.0,2293,,30969.0,48.15,new
PANACHE, BE,2026-09-29,515.0,515.0,506.05,506.05,506.05,515.0,3831,1969000.0000000002,35,,,,new
PANAMAPET, EQ,2026-09-29,472.45,489.8,463.35,480.5,480.0,467.35,160114,75788000.0,7931,,73507.0,45.91,new
PANCHMAHQ, EQ,2026-09-29,290.0,290.0,290.0,290.0,290.0,298.0,16,5000.0,2,,16.0,100.0,new
PANORAMA, EQ,2026-09-29,57.5,59.3,52.77,57.77,59.3,59.25,1380319,77340000.0,6765,,376395.0,27.27,new
PANSARI, EQ,2026-09-29,273.15,283.0,271.0,274.55,274.55,289.0,528,144000.0,12,,493.0,93.37,new
PAR, BE,2026-09-29,132.6,132.6,124.21,125.32,124.21,130.05,12353,1571000.0,182,,,,new
PARACABLES, EQ,2026-09-29,56.35,58.6,55.33,57.85,58.6,56.35,1550828,88556000.0,8485,,770572.0,49.69,new
PARADEEP, EQ,2026-09-29,155.47,156.17,151.6,154.08,153.06,155.7,2094420,322661000.0,51350,,842602.0,40.23,new
PARAGMILK, EQ,2026-09-29,277.0,280.5,265.1,268.55,268.5,274.95,2258239,619529000.0,42250,,1013503.0,44.88,new
PARAGON, SM,2026-09-29,48.1,50.0,48.1,48.25,48.25,50.5,10800,523000.00000000006,9,,10800.0,100.0,new
PARAMATRIX, SM,2026-09-29,57.0,57.0,57.0,57.0,57.0,58.0,1200,68000.0,1,,1200.0,100.0,new
PARAS, EQ,2026-09-29,1315.0,1336.9,1288.1,1325.0,1319.0,1315.0,699385,920916000.0,44130,,189908.0,27.15,new
PARASPETRO, EQ,2026-09-29,2.03,2.09,2.03,2.07,2.08,2.03,106545,220000.00000000003,241,,59527.0,55.87,new
PARIN, EQ,2026-09-29,735.0,735.0,695.0,720.35,720.0,720.1,31415,22253000.0,1228,,14547.0,46.31,new
PARKHOSPS, EQ,2026-09-29,277.75,277.75,271.7,275.45,275.0,276.5,868008,237628000.00000003,14544,,514193.0,59.24,new
PARKHOTELS, EQ,2026-09-29,103.78,104.25,100.62,102.02,101.88,103.57,314706,32089000.0,5091,,178838.0,56.83,new
PARNAXLAB, EQ,2026-09-29,118.0,118.0,105.0,113.37,112.0,112.78,32458,3619000.0,665,,25786.0,79.44,new
PARSVNATH, BE,2026-09-29,2.05,2.05,2.05,2.05,2.05,2.01,142367,292000.0,41,,,,new
PARTH, SM,2026-09-29,512.0,515.9,502.0,502.0,502.0,508.15,8000,4099000.0,12,,7600.0,95.0,new
PARTY-RE, ST,2026-09-29,0.1,0.1,0.1,0.1,0.1,0.05,29548,3000.0,7,,29548.0,100.0,new
PASHUPATI, EQ,2026-09-29,77.27,92.72,75.6,92.72,92.72,77.27,219755,18513000.0,4418,,85607.0,38.96,new
PASUPTAC, EQ,2026-09-29,72.0,75.5,71.05,75.2,74.36,72.45,212785,15630000.000000002,3300,,112532.0,52.89,new
PATANJALI, EQ,2026-09-29,390.0,391.6,368.9,371.4,371.4,390.8,3725050,1397149000.0,53353,,894484.0,24.01,new
PATELENG, EQ,2026-09-29,27.11,27.15,26.21,26.45,26.38,26.9,1584797,41982000.0,7029,,859632.0,54.24,new
PATELRMART, EQ,2026-09-29,204.0,215.25,202.55,213.59,214.0,204.0,90056,18877000.0,1613,,56729.0,62.99,new
PATILAUTOM, ST,2026-09-29,337.0,348.0,335.0,343.25,347.0,336.8,34200,11670000.0,48,,32400.0,94.74,new
PATINTLOG, EQ,2026-09-29,13.3,14.35,13.1,13.51,13.38,13.15,390223,5384000.0,1131,,228736.0,58.62,new
PAUSHAKLTD, EQ,2026-09-29,655.0,679.45,647.35,668.3,661.75,655.75,27031,18089000.0,2099,,14635.0,54.14,new
PAVNAIND, EQ,2026-09-29,15.31,16.0,15.05,15.77,15.79,15.53,28866,450000.0,208,,19218.0,66.58,new
PAYTM, EQ,2026-09-29,1635.8,1691.7,1624.4,1683.0,1683.0,1635.8,3925804,6554005000.0,118825,,1636256.0,41.68,new
PBMPOLY, EQ,2026-09-29,61.0,61.0,61.0,61.0,61.0,59.66,965,59000.0,1,,965.0,100.0,new
PCBL, EQ,2026-09-29,330.5,334.9,328.55,330.45,332.5,332.55,671406,222726000.00000003,23103,,290132.0,43.21,new
PCCL, SM,2026-09-29,440.0,440.0,440.0,440.0,440.0,448.95,400,176000.0,1,,400.0,100.0,new
PCJEWELLER, EQ,2026-09-29,13.52,13.68,13.01,13.23,13.28,13.52,261661117,3474612000.0000005,136731,,59700541.0,22.82,new
PDMJEPAPER, EQ,2026-09-29,94.16,96.0,90.86,94.67,96.0,93.78,172693,16119000.0,2625,,62689.0,36.3,new
PDSL, EQ,2026-09-29,349.5,364.9,344.15,348.95,350.0,349.5,597046,212189000.0,21108,,234447.0,39.27,new
PEARLPOLY, EQ,2026-09-29,17.5,17.5,16.8,16.92,16.8,17.64,8476,144000.0,62,,5362.0,63.26,new
PELATRO, SM,2026-09-29,400.0,403.95,395.0,402.8,402.8,399.65,12900,5164000.0,29,,12000.0,93.02,new
PENIND, EQ,2026-09-29,183.47,184.9,178.56,180.28,180.95,182.17,775949,141207000.0,12040,,253912.0,32.72,new
PENINLAND, EQ,2026-09-29,15.51,15.84,15.2,15.48,15.35,15.76,115681,1791000.0,643,,86292.0,74.59,new
PERMAGN, EQ,2026-09-29,822.0,842.1,818.05,837.1,838.05,825.7,1604,1333000.0,216,,1090.0,67.96,new
PERNIASPOP, EQ,2026-09-29,517.4,534.9,512.2,530.75,531.35,517.85,63013,33193000.0,3688,,21624.0,34.32,new
PERSISTENT, EQ,2026-09-29,5328.0,5348.5,5162.0,5162.0,5162.0,5328.5,294063,1543341000.0,24084,,138178.0,46.99,new
PETRONET, EQ,2026-09-29,284.7,288.5,281.75,282.95,282.95,289.85,2819999,803336000.0,41807,,1601436.0,56.79,new
PFC, EQ,2026-09-29,330.25,330.6,320.8,324.1,324.1,330.0,13111275,4259332000.0,91810,,8148933.0,62.15,new
PFIZER, EQ,2026-09-29,3966.1,3988.0,3888.6,3912.9,3900.0,3968.0,174412,684271000.0,23094,,112500.0,64.5,new
PFOCUS, EQ,2026-09-29,316.75,321.4,310.0,317.5,316.05,315.2,3725970,1179410000.0,33360,,464243.0,12.46,new
PFS, EQ,2026-09-29,27.04,28.99,26.41,28.0,27.89,27.12,4112305,113461999.99999999,34375,,990994.0,24.1,new
PGEL, EQ,2026-09-29,504.55,509.95,493.15,493.15,493.15,507.0,1964023,980967000.0,40930,,874409.0,44.52,new
PGHH, EQ,2026-09-29,6900.0,6946.0,6804.0,6871.5,6849.5,6888.5,25253,173632000.0,8849,,11617.0,46.0,new
PGHL, EQ,2026-09-29,5403.0,5880.0,5400.5,5696.0,5613.0,5399.5,91841,523332000.0,21526,,29020.0,31.6,new
PGIL, EQ,2026-09-29,1294.0,1333.0,1276.8,1290.4,1286.0,1296.1,153191,199778000.0,16321,,56301.0,36.75,new
PGINVIT, IV,2026-09-29,102.32,102.38,101.51,102.03,102.1,102.01,1117239,113913000.00000001,5039,,920174.0,82.36,new
PHANTOMFX, SM,2026-09-29,87.0,89.0,83.0,88.0,87.15,87.75,15000,1285000.0,48,,10500.0,70.0,new
PHARMABEES, EQ,2026-09-29,28.11,28.11,27.56,27.79,27.89,27.56,4751571,131781000.0,9864,,2966711.0,62.44,new
PHOENIXLTD, EQ,2026-09-29,1946.3,1957.3,1916.7,1929.0,1929.0,1952.2,381228,737207000.0,30163,,230971.0,60.59,new
PHOENXINTL, EQ,2026-09-29,29.3,29.3,27.8,28.05,28.4,29.3,2269,64000.0,18,,2164.0,95.37,new
PHOGLOBAL, SM,2026-09-29,16.0,17.05,16.0,17.05,17.05,16.0,4000,66000.0,2,,2000.0,50.0,new
PICCADIL, EQ,2026-09-29,606.4,607.85,591.55,602.85,603.9,600.5,84778,50949000.0,8070,,40747.0,48.06,new
PIDILITIND, EQ,2026-09-29,1493.0,1500.4,1461.0,1461.0,1461.0,1503.0,1073488,1589175000.0,42867,,684097.0,63.73,new
PIGL, EQ,2026-09-29,95.9,98.99,94.9,96.92,97.5,96.0,41941,4038000.0000000005,680,,25377.0,60.51,new
PIIND, EQ,2026-09-29,2327.5,2339.0,2288.8,2288.8,2288.8,2349.0,186578,430517000.0,17407,,90822.0,48.68,new
PILANIINVS, EQ,2026-09-29,4024.0,4127.5,3965.0,4027.7,4040.0,3997.5,2381,9607000.0,1180,,1387.0,58.25,new
PILITA, EQ,2026-09-29,7.48,7.71,7.3,7.34,7.31,7.59,31206,233000.0,189,,27611.0,88.48,new
PINELABS, EQ,2026-09-29,172.75,172.9,167.7,171.55,170.5,173.02,18280064,3116340000.0,119643,,5927493.0,32.43,new
PIONEEREMB, EQ,2026-09-29,21.15,21.59,20.3,20.79,20.72,21.15,4907,102000.0,72,,3811.0,77.66,new
PIONRINV, BE,2026-09-29,77.77,77.77,77.0,77.5,77.5,77.0,343,27000.0,7,,,,new
PIRAMALFIN, EQ,2026-09-29,2142.0,2174.4,2057.2,2127.5,2089.4,2149.0,1703600,3622308999.9999995,75829,,1115118.0,65.46,new
PITTIENG, EQ,2026-09-29,1136.0,1152.2,1115.7,1131.4,1126.0,1136.8,51812,58845000.00000001,6441,,29031.0,56.03,new
PIXTRANS, EQ,2026-09-29,1714.1,1750.0,1714.1,1728.1,1725.0,1724.8,10656,18414000.0,1313,,6672.0,62.61,new
PKTEA, BE,2026-09-29,965.0,1012.95,965.0,993.7,1000.0,994.6,1251,1226000.0,84,,,,new
PLADAINFO, SM,2026-09-29,13.0,13.0,13.0,13.0,13.0,13.05,3000,39000.0,1,,3000.0,100.0,new
PLASTIBLEN, EQ,2026-09-29,198.04,205.99,196.27,204.5,204.85,199.86,44950,9086000.0,1151,,24321.0,54.11,new
PLATIND, EQ,2026-09-29,205.1,209.04,202.5,205.7,206.9,205.91,44189,9077000.0,1566,,24040.0,54.4,new
PLAZACABLE, EQ,2026-09-29,56.05,59.9,56.05,59.9,59.9,57.05,77690,4564000.0,790,,52362.0,67.4,new
PML, EQ,2026-09-29,481.3,483.0,461.0,472.7,479.55,488.1,245,113999.99999999999,31,,237.0,96.73,new
PNB, EQ,2026-09-29,112.55,113.98,110.56,111.75,111.75,112.6,25885049,2902859000.0,60978,,14872131.0,57.45,new
PNBGILTS, EQ,2026-09-29,73.2,73.2,70.9,71.89,71.75,73.28,377184,27139000.0,3293,,154702.0,41.01,new
PNBHOUSING, EQ,2026-09-29,1078.5,1123.5,1073.4,1098.2,1098.2,1085.0,907413,1001193000.0,38590,,379637.0,41.84,new
PNC, EQ,2026-09-29,16.98,17.5,15.7,17.4,17.4,16.68,27003,459000.0,135,,25157.0,93.16,new
PNCINFRA, EQ,2026-09-29,131.25,132.54,128.32,129.8,130.04,131.26,1025015,133402000.0,20192,,445167.0,43.43,new
PNGJL, EQ,2026-09-29,585.35,592.2,572.7,585.05,584.95,585.35,379690,221901000.00000003,22974,,155452.0,40.94,new
PNGSREVA, EQ,2026-09-29,506.05,520.0,502.25,513.4,514.0,506.05,81209,41430000.0,4019,,36457.0,44.89,new
POCL, EQ,2026-09-29,453.0,467.15,444.6,461.6,461.25,452.65,270171,123827000.0,11426,,115184.0,42.63,new
PODDARMENT, EQ,2026-09-29,257.65,266.0,253.7,259.05,265.85,257.8,12257,3163000.0,315,,8228.0,67.13,new
POEL, EQ,2026-09-29,144.91,144.91,139.52,139.89,139.66,141.35,30180,4274000.0,1025,,16756.0,55.52,new
POKARNA, EQ,2026-09-29,718.0,729.9,711.0,718.05,721.0,718.15,55054,39662000.0,3984,,25158.0,45.7,new
POLICYBZR, EQ,2026-09-29,1162.1,1162.3,1077.0,1081.0,1081.0,1151.3,19346053,21223493000.0,299033,,10698664.0,55.3,new
POLYCAB, EQ,2026-09-29,8195.0,8256.0,8102.5,8102.5,8102.5,8191.0,1645809,13408824000.0,76938,,1195469.0,72.64,new
POLYMED, EQ,2026-09-29,1636.7,1668.5,1626.8,1644.7,1629.1,1636.7,168312,277139000.0,19990,,77876.0,46.27,new
POLYPLEX, EQ,2026-09-29,1061.0,1078.3,1050.0,1061.3,1069.2,1063.1,51486,54729999.99999999,4137,,29771.0,57.82,new
POLYSIL, SM,2026-09-29,55.55,59.6,55.05,58.6,58.6,57.9,49500,2808000.0,44,,25000.0,50.51,new
POLYSPIN, EQ,2026-09-29,32.0,32.0,28.0,31.46,31.46,31.78,772,22000.0,45,,619.0,80.18,new
PONNIERODE, EQ,2026-09-29,391.05,392.0,382.0,384.15,382.95,390.0,14553,5630000.0,1411,,5295.0,36.38,new
POONAWALLA, EQ,2026-09-29,446.0,450.05,437.4,443.0,442.0,445.15,1017550,451539000.00000006,43657,,501140.0,49.25,new
POSITRON, SM,2026-09-29,234.5,234.5,220.2,230.0,230.0,226.5,7800,1773999.9999999998,25,,6600.0,84.62,new
POWERGRID, EQ,2026-09-29,262.3,269.2,259.55,261.5,261.5,261.85,25174350,6604344000.0,130135,,16810545.0,66.78,new
POWERICA, EQ,2026-09-29,564.9,605.0,557.05,599.75,602.9,562.95,755551,447583000.0,23345,,346614.0,45.88,new
POWERINDIA, EQ,2026-09-29,30250.0,30930.0,29865.0,30735.0,30735.0,30260.0,387016,11820566000.0,46556,,270442.0,69.88,new
POWERMECH, EQ,2026-09-29,2399.0,2459.5,2380.7,2397.2,2384.0,2364.3,153659,371043000.0,22717,,27640.0,17.99,new
PPAP, BE,2026-09-29,237.0,237.0,226.3,234.3,236.5,235.8,6025,1394000.0,125,,,,new
PPL, BE,2026-09-29,251.0,255.0,238.35,251.5,254.8,250.85,31728,7806999.999999999,486,,,,new
PPLPHARMA, EQ,2026-09-29,206.8,212.05,206.66,209.07,207.21,206.59,5062059,1058553000.0000001,60210,,1416113.0,27.98,new
PPSL, SM,2026-09-29,2.75,2.75,2.75,2.75,2.75,2.8,9000,25000.0,3,,9000.0,100.0,new
PRABHA, EQ,2026-09-29,223.0,227.68,215.6,224.41,224.5,223.39,87334,19316000.0,1913,,43976.0,50.35,new
PRADPME, BE,2026-09-29,489.5,489.5,470.05,473.75,479.95,476.85,2766,1328000.0,49,,,,new
PRAENG, EQ,2026-09-29,23.0,23.0,21.4,21.76,21.49,22.86,64641,1430000.0,442,,51866.0,80.24,new
PRAJIND, EQ,2026-09-29,310.65,313.75,306.4,307.75,308.25,311.95,341879,105548000.0,16149,,161887.0,47.35,new
PRAKASH, EQ,2026-09-29,115.66,122.8,114.4,121.62,121.44,115.68,1059864,127726000.0,12334,,471907.0,44.53,new
PRAKASHSTL, EQ,2026-09-29,3.64,3.64,3.46,3.59,3.6,3.61,76849,275000.0,258,,60773.0,79.08,new
PRAMARA, SM,2026-09-29,111.3,113.05,110.95,113.05,113.05,107.7,54500,6139000.0,54,,49500.0,90.83,new
PRAMODINI, SM,2026-09-29,121.0,126.0,116.7,117.65,117.5,120.25,201600,24527000.0,131,,146400.0,72.62,new
PRANAV, EQ,2026-09-29,101.39,102.38,98.78,100.18,99.4,101.39,1894008,190322000.0,15477,,399401.0,21.09,new
PRANIK, SM,2026-09-29,44.1,47.35,44.1,47.35,47.35,44.1,6400,292000.0,3,,4800.0,75.0,new
PRASOLCHEM, EQ,2026-09-29,799.9,840.15,692.8,840.15,840.15,763.8,3815494,3063480000.0,133200,,596573.0,15.64,new
PRATHAM, SM,2026-09-29,120.05,120.25,120.0,120.0,120.0,122.0,6000,720000.0,14,,6000.0,100.0,new
PRAVEG, EQ,2026-09-29,246.15,253.95,241.05,242.6,242.95,249.5,23598,5764000.0,1034,,14945.0,63.33,new
PRAXIS, EQ,2026-09-29,5.0,5.0,4.73,4.83,4.84,4.84,95061,458000.0,168,,62402.0,65.64,new
PRECAM, EQ,2026-09-29,115.9,118.69,114.01,117.16,117.49,116.78,77134,9004000.0,1892,,36874.0,47.81,new
PRECOT, EQ,2026-09-29,613.0,644.7,582.05,638.55,639.7,617.8,13331,8031999.999999999,569,,7656.0,57.43,new
PRECWIRE, EQ,2026-09-29,480.0,513.7,476.55,500.15,496.0,480.65,1563376,782978000.0,53448,,412401.0,26.38,new
PREMCO, EQ,2026-09-29,396.8,403.8,396.8,398.3,397.5,395.4,279,111000.00000000001,24,,275.0,98.57,new
PREMEXPLN, EQ,2026-09-29,675.0,679.4,673.55,675.3,675.1,677.05,178136,120470000.0,2333,,133946.0,75.19,new
PREMIER, BE,2026-09-29,2.75,2.75,2.66,2.66,2.66,2.7,1589,4000.0,24,,,,new
PREMIERENE, EQ,2026-09-29,906.0,917.6,853.6,870.0,870.0,906.0,3053623,2666046000.0,58268,,1122991.0,36.78,new
PREMIERPOL, EQ,2026-09-29,95.49,97.38,91.11,95.89,96.3,92.81,448654,42575000.0,8005,,133408.0,29.74,new
PREMIUM, SM,2026-09-29,45.0,45.25,43.0,44.0,44.0,42.95,81000,3579000.0,21,,63000.0,77.78,new
PRESSTONIC, ST,2026-09-29,47.75,48.0,47.75,47.8,47.8,50.25,50400,2410000.0,38,,50400.0,100.0,new
PRESTIGE, EQ,2026-09-29,1465.0,1465.0,1417.5,1417.5,1417.5,1470.8,746201,1069479999.9999999,20259,,446787.0,59.87,new
PRICOLLTD, EQ,2026-09-29,752.0,758.25,741.0,749.35,749.0,753.1,283435,212627000.0,19707,,140334.0,49.51,new
PRIMECAB, ST,2026-09-29,185.0,187.1,183.0,187.1,187.1,178.2,57600,10738000.0,31,,56000.0,97.22,new
PRIMESECU, EQ,2026-09-29,298.95,304.5,293.05,302.5,302.1,301.85,18619,5605000.0,259,,12904.0,69.31,new
PRIMO, EQ,2026-09-29,28.99,29.12,25.94,27.38,28.0,28.13,1302676,35577000.0,8650,,512740.0,39.36,new
PRINCEPIPE, EQ,2026-09-29,258.0,259.9,251.8,255.85,256.0,257.75,75234,19230000.0,3092,,35341.0,46.97,new
PRIORITY, EQ,2026-09-29,295.65,302.0,279.87,293.64,301.0,300.93,379091,108906000.0,7702,,158627.0,41.84,new
PRISMX, EQ,2026-09-29,0.54,0.55,0.52,0.53,0.53,0.53,142967,76000.0,111,,98450.0,68.86,new
PRITI, EQ,2026-09-29,32.0,32.48,30.5,32.14,31.98,31.33,6072,191000.0,141,,5014.0,82.58,new
PRITIKA, SM,2026-09-29,62.5,65.95,57.65,62.7,62.9,62.5,12000,748000.0,5,,4000.0,33.33,new
PRITIKAUTO, EQ,2026-09-29,19.85,19.85,17.56,18.4,18.39,18.87,1329969,24770000.0,3204,,654721.0,49.23,new
PRIVISCL, EQ,2026-09-29,3607.2,3705.0,3568.7,3605.5,3590.0,3605.3,418867,1522857000.0,67059,,224334.0,53.56,new
PRIZOR, ST,2026-09-29,1132.0,1150.65,1132.0,1150.65,1150.65,1128.1,4000,4570000.0,10,,4000.0,100.0,new
PRLIND, SM,2026-09-29,45.0,45.2,45.0,45.2,45.2,45.95,3000,135000.0,3,,3000.0,100.0,new
PROFX, SM,2026-09-29,71.0,71.0,68.55,69.95,69.95,72.75,6400,447000.0,4,,4800.0,75.0,new
PROLIFE, SM,2026-09-29,76.0,76.0,76.0,76.0,76.0,80.0,500,38000.0,1,,500.0,100.0,new
PROPSHOP, SM,2026-09-29,65.5,69.0,65.4,69.0,69.0,68.0,10000,673000.0,5,,6000.0,60.0,new
PROSTARM, EQ,2026-09-29,136.33,138.58,133.0,135.83,135.17,136.33,164167,22335000.0,2816,,60176.0,36.66,new
PROTEAN, EQ,2026-09-29,690.0,699.4,661.35,666.65,663.8,691.5,859577,584842000.0,22747,,279526.0,32.52,new
PROV, SM,2026-09-29,1920.0,1959.0,1920.0,1949.5,1940.0,1920.5,560,1086000.0,7,,480.0,85.71,new
PROZONER, EQ,2026-09-29,56.05,56.81,55.41,56.2,56.05,56.26,817910,45883000.0,2079,,733575.0,89.69,new
PRSMJOHNSN, EQ,2026-09-29,115.09,115.15,108.2,109.27,109.5,115.15,1164484,127970000.0,15964,,440199.0,37.8,new
PRUDENT, EQ,2026-09-29,3170.0,3170.0,3060.0,3098.7,3111.9,3171.3,98288,303909000.0,22835,,51515.0,52.41,new
PRUDMOULI, EQ,2026-09-29,13.98,13.98,13.5,13.98,13.98,13.93,2209,30000.0,23,,1840.0,83.3,new
PSB, EQ,2026-09-29,21.31,21.32,20.95,21.11,21.18,21.31,1263412,26636000.0,6811,,618277.0,48.94,new
PSPPROJECT, EQ,2026-09-29,778.0,793.5,772.1,782.65,786.95,779.1,68855,53960000.0,4101,,36751.0,53.37,new
PSRAJ, SM,2026-09-29,100.5,100.7,99.0,99.8,99.9,100.0,92500,9272000.0,25,,82500.0,89.19,new
PSUBANK, EQ,2026-09-29,80.66,80.66,78.86,79.67,80.0,80.58,160761,12835000.0,1003,,60319.0,37.52,new
PSUBANKADD, EQ,2026-09-29,82.18,82.38,80.2,81.28,80.95,81.39,21665,1750000.0,396,,14474.0,66.81,new
PSUBNKBEES, EQ,2026-09-29,90.0,90.99,88.61,89.71,89.85,89.92,958562,85581000.0,6826,,424243.0,44.26,new
PSUBNKIETF, EQ,2026-09-29,81.39,81.9,80.37,81.49,81.89,81.65,138717,11220000.0,1038,,69302.0,49.96,new
PTC, EQ,2026-09-29,155.2,156.09,153.53,155.75,155.8,154.88,1273851,197554000.0,22973,,711254.0,55.83,new
PTCIL, EQ,2026-09-29,21685.0,22690.0,21555.0,22535.0,22325.0,21685.0,19622,436007000.0,7643,,7319.0,37.3,new
PTL, EQ,2026-09-29,37.99,38.84,37.03,38.2,38.02,37.9,28735,1094000.0,1482,,12596.0,43.84,new
PULZ, SM,2026-09-29,21.0,21.65,21.0,21.65,21.65,21.2,8000,170000.0,4,,8000.0,100.0,new
PUNJABCHEM, EQ,2026-09-29,1078.9,1078.9,1024.4,1035.8,1032.1,1054.6,3891,4051000.0,529,,2522.0,64.82,new
PURPLEUTED, SM,2026-09-29,500.0,500.0,478.5,482.0,478.5,503.65,21500,10455000.0,81,,16250.0,75.58,new
PURVA, EQ,2026-09-29,208.8,210.88,199.5,204.84,204.0,209.99,240427,49093000.0,6645,,98910.0,41.14,new
PURVFLEXI, SM,2026-09-29,43.6,43.6,40.0,41.15,40.0,42.0,6400,267000.0,7,,5600.0,87.5,new
PUSHPA, SM,2026-09-29,116.0,122.0,111.35,119.0,118.05,116.1,265000,31695000.0,197,,95000.0,35.85,new
PVP, EQ,2026-09-29,57.3,57.94,55.91,55.91,55.91,58.85,2985074,167572000.0,3361,,1372009.0,45.96,new
PVRINOX, EQ,2026-09-29,1230.0,1230.0,1181.2,1190.1,1190.0,1225.0,816749,976687999.9999999,49362,,468760.0,57.39,new
PVSL, EQ,2026-09-29,97.2,102.5,95.23,97.01,97.0,97.66,24960,2418000.0,722,,17637.0,70.66,new
PVTBANIETF, EQ,2026-09-29,26.83,26.83,26.44,26.72,26.76,26.83,1688640,44959000.0,2659,,818539.0,48.47,new
PVTBANK, EQ,2026-09-29,26.61,27.4,26.0,27.01,27.0,26.72,39520,1054000.0,179,,18192.0,46.03,new
PVTBANKADD, EQ,2026-09-29,26.76,26.94,26.54,26.8,26.75,26.9,70320,1877000.0,211,,34511.0,49.08,new
PVTBKGROWW, EQ,2026-09-29,26.5,26.59,26.31,26.47,26.47,26.6,4714,124000.0,74,,3307.0,70.15,new
PWL, EQ,2026-09-29,128.07,128.32,124.39,125.15,125.1,128.07,5275797,662739000.0,40178,,1913323.0,36.27,new
PYRAMID, EQ,2026-09-29,159.5,162.24,155.05,156.54,156.0,161.11,38974,6137000.0,811,,23008.0,59.03,new
QFIL, SM,2026-09-29,49.75,52.35,49.75,52.35,52.35,52.35,3000,154000.0,2,,3000.0,100.0,new
QGOLDHALF, EQ,2026-09-29,121.6,121.6,120.1,120.8,121.2,121.37,274708,33198000.0,1069,,126295.0,45.97,new
QLINE, SM,2026-09-29,652.5,678.7,648.1,672.75,670.0,666.7,103200,68099000.0,218,,68000.0,65.89,new
QMSMEDI, BE,2026-09-29,216.79,216.79,205.0,216.79,216.79,206.47,191841,41270000.0,612,,,,new
QNIFTY, EQ,2026-09-29,257.77,257.77,249.0,250.71,250.8,251.49,2154,539000.0,289,,1309.0,60.77,new
QPOWER, EQ,2026-09-29,1608.0,1638.0,1552.3,1614.3,1619.0,1592.7,378939,604010000.0,24944,,151116.0,39.88,new
QUADFUTURE, EQ,2026-09-29,535.0,554.0,521.1,542.15,540.05,531.5,682032,368068000.0,29842,,156465.0,22.94,new
QUADPRO, ST,2026-09-29,4.4,4.4,4.4,4.4,4.4,4.2,84000,370000.0,7,,84000.0,100.0,new
QUAL30IETF, EQ,2026-09-29,20.04,20.05,19.79,19.82,19.85,20.04,122305,2428000.0,400,,85679.0,70.05,new
QUALIANCE, SM,2026-09-29,181.5,193.95,177.5,189.1,191.0,181.4,58000,10586000.0,52,,46000.0,79.31,new
QUALITY30, EQ,2026-09-29,19.53,19.88,19.29,19.4,19.47,19.64,1365,27000.0,135,,1001.0,73.33,new
QUESS, EQ,2026-09-29,339.75,343.0,335.9,342.1,342.4,340.9,190530,64848000.0,13140,,96900.0,50.86,new
QUESTLAB, SM,2026-09-29,83.6,90.0,81.0,89.0,89.0,85.75,28800,2443000.0,23,,20400.0,70.83,new
QUICKHEAL, EQ,2026-09-29,143.82,148.29,141.7,145.92,144.87,143.4,77600,11290000.0,2347,,36608.0,47.18,new
QUICKTOUCH, SM,2026-09-29,15.5,15.5,14.75,14.75,14.75,15.5,2000,30000.0,4,,1500.0,75.0,new
QUINT, BE,2026-09-29,76.15,76.15,76.15,76.15,76.15,80.15,1264,96000.0,24,,,,new
QUINTEGRA, EQ,2026-09-29,1.22,1.22,1.22,1.22,1.22,1.17,1020,1000.0,2,,1020.0,100.0,new
QVCEL, SM,2026-09-29,23.5,25.0,23.2,25.0,25.0,24.0,8000,191000.0,5,,6400.0,80.0,new
RACE, EQ,2026-09-29,121.7,123.13,117.9,119.85,119.61,121.7,49879,6017000.0,730,,22481.0,45.07,new
RACLGEAR, EQ,2026-09-29,1606.6,1626.0,1535.3,1588.6,1571.0,1613.1,42673,68146000.0,8473,,21183.0,49.64,new
RADAAN, EQ,2026-09-29,3.02,3.09,2.9,2.96,2.99,3.02,22851,68000.0,107,,16711.0,73.13,new
RADHIKAJWE, BE,2026-09-29,68.35,69.23,67.55,68.69,68.8,69.38,113961,7794000.0,889,,,,new
RADIANTCMS, EQ,2026-09-29,35.4,36.48,35.02,35.65,35.61,35.7,169177,6042000.0,1693,,88274.0,52.18,new
RADICO, EQ,2026-09-29,4478.0,4478.0,4364.0,4364.0,4364.0,4478.3,238687,1053146999.9999999,30906,,120464.0,50.47,new
RADIOCITY, EQ,2026-09-29,5.99,6.05,5.92,6.01,6.03,5.99,192865,1160000.0,124,,156474.0,81.13,new
RADIOWALLA, ST,2026-09-29,29.15,29.15,29.15,29.15,29.15,28.6,14400,420000.0,8,,12800.0,88.89,new
RAILTEL, EQ,2026-09-29,255.0,261.95,252.05,259.25,261.3,256.15,637058,164292000.0,19260,,235304.0,36.94,new
RAIN, EQ,2026-09-29,215.95,217.44,210.1,215.41,214.05,215.45,2705102,579444000.0,21064,,1194466.0,44.16,new
RAINBOW, EQ,2026-09-29,1374.8,1385.7,1351.1,1367.8,1354.0,1372.6,229899,314760000.0,25352,,151175.0,65.76,new
RAJESHEXPO, BZ,2026-09-29,65.8,66.0,62.0,63.38,63.4,65.15,173192,10993000.0,2100,,,,new
RAJINDLTD, SM,2026-09-29,65.4,66.4,64.4,64.4,64.4,66.55,6000,392000.0,4,,4500.0,75.0,new
RAJMET, EQ,2026-09-29,3.1,3.12,3.04,3.06,3.08,3.08,201847,621000.0,628,,173864.0,86.14,new
RAJOOENG, BE,2026-09-29,53.89,54.4,52.8,53.32,53.4,53.68,110899,5925000.0,508,,,,new
RAJPALAYAM, EQ,2026-09-29,758.0,776.0,757.0,757.8,760.0,758.05,1623,1232000.0,41,,1430.0,88.11,new
RAJPUTANA, SM,2026-09-29,198.5,198.5,198.5,198.5,198.5,198.2,1500,298000.0,3,,1500.0,100.0,new
RAJRATAN, EQ,2026-09-29,461.0,473.6,453.5,466.15,462.0,460.95,52250,24285000.0,4841,,26829.0,51.35,new
RAJRILTD, BE,2026-09-29,21.0,21.0,20.39,20.46,20.41,20.8,4921,101000.0,79,,,,new
RAJSREESUG, EQ,2026-09-29,31.46,31.46,30.01,30.58,30.5,30.84,21238,649000.0,319,,14256.0,67.12,new
RAJTV, EQ,2026-09-29,11.49,11.6,10.59,10.59,10.59,11.14,130949,1399000.0,261,,102762.0,78.47,new
RALLIS, EQ,2026-09-29,199.75,200.85,196.76,199.96,199.0,199.42,628858,125296000.0,22151,,383309.0,60.95,new
RAMANEWS, EQ,2026-09-29,30.19,31.58,30.17,30.31,30.32,31.11,10643,325000.0,217,,6884.0,64.68,new
RAMAPHO, EQ,2026-09-29,122.4,122.4,119.31,120.33,120.6,120.0,9762,1176000.0,185,,6842.0,70.09,new
RAMASTEEL, BE,2026-09-29,4.32,4.48,4.32,4.48,4.48,4.4,2009991,8829000.0,1302,,,,new
RAMBHAJO, EQ,2026-09-29,266.7,291.53,263.21,290.97,291.53,265.03,1672071,476182000.0,16631,,844833.0,50.53,new
RAMCOCEM, EQ,2026-09-29,849.7,850.0,822.05,844.25,845.0,848.65,339013,283831000.0,20210,,218418.0,64.43,new
RAMCOIND, EQ,2026-09-29,310.9,313.7,305.0,310.1,310.0,310.9,85458,26438000.0,2381,,38891.0,45.51,new
RAMCOSYS, EQ,2026-09-29,563.5,563.95,550.0,553.7,555.95,563.8,40081,22328000.0,2439,,21504.0,53.65,new
RAMKY, EQ,2026-09-29,309.05,309.05,290.15,294.05,292.7,306.25,113032,33916000.0,2428,,79080.0,69.96,new
RAMRAT, EQ,2026-09-29,568.2,590.0,564.6,583.8,583.0,568.2,258622,149858000.0,16353,,119472.0,46.2,new
RANASUG, EQ,2026-09-29,13.62,14.0,13.6,13.67,13.6,13.86,98422,1350000.0,745,,46065.0,46.8,new
RANEHOLDIN, EQ,2026-09-29,1565.6,1575.1,1531.0,1541.3,1551.0,1584.4,11509,17827000.0,1081,,7318.0,63.59,new
RAPIDFLEET, SM,2026-09-29,200.0,200.4,200.0,200.4,200.4,208.0,5400,1081000.0,9,,0.0,0.0,new
RAPPID, SM,2026-09-29,350.0,350.0,340.0,340.5,340.0,350.0,9600,3307000.0,10,,9000.0,93.75,new
RATEGAIN, EQ,2026-09-29,827.0,833.0,817.0,830.0,830.0,828.7,203669,168480000.0,17167,,110870.0,54.44,new
RATNAMANI, EQ,2026-09-29,2722.5,2918.4,2722.5,2833.3,2790.0,2748.4,72241,205801000.00000003,14931,,21654.0,29.97,new
RATNAVEER, EQ,2026-09-29,332.3,335.5,323.8,331.15,331.0,330.95,4872949,1612350000.0,33181,,1406243.0,28.86,new
RAYMOND, EQ,2026-09-29,1183.4,1203.85,1162.5,1185.75,1185.0,1179.95,1469467,1738920000.0,48817,,181369.0,12.34,new
RAYMONDLSL, EQ,2026-09-29,672.15,672.15,654.0,660.55,659.0,672.0,136756,90705000.0,11113,,53576.0,39.18,new
RAYMONDREL, EQ,2026-09-29,670.1,685.15,652.0,672.55,667.8,672.95,1056909,711017000.0,29986,,242728.0,22.97,new
RBA, EQ,2026-09-29,92.0,92.35,90.32,91.98,92.25,91.61,1645563,150512000.0,22425,,772091.0,46.92,new
RBLBANK, EQ,2026-09-29,406.0,407.8,401.45,402.0,402.0,407.0,4214429,1704000999.9999998,43026,,2169430.0,51.48,new
RBMINFRA, SM,2026-09-29,256.05,264.0,230.0,241.4,230.0,258.6,26600,6495999.999999999,101,,23600.0,88.72,new
RBS, SM,2026-09-29,82.0,84.9,82.0,84.9,84.9,82.0,4000,334000.0,3,,2400.0,60.0,new
RBZJEWEL, BE,2026-09-29,199.4,199.4,184.3,197.78,196.5,189.91,339612,66990000.0,2020,,,,new
RCDL, SM,2026-09-29,18.4,18.75,18.0,18.75,18.75,17.9,417000,7743000.000000001,98,,240000.0,57.55,new
RCF, EQ,2026-09-29,109.55,109.67,107.15,108.11,107.9,109.95,1140274,123745000.0,12195,,401832.0,35.24,new
RCOM, BE,2026-09-29,0.87,0.9,0.85,0.86,0.89,0.89,3809581,3297999.9999999995,2070,,,,new
RECLTD, EQ,2026-09-29,302.2,303.15,292.2,292.45,292.45,303.25,39781303,11693278000.0,130946,,30069786.0,75.59,new
REDINGTON, EQ,2026-09-29,404.75,411.1,401.05,405.45,405.0,404.85,2957867,1201141000.0,62582,,1407544.0,47.59,new
REDTAPE, EQ,2026-09-29,119.91,119.91,115.33,117.48,117.19,119.97,1234073,144625000.0,25737,,421783.0,34.18,new
REFEX, EQ,2026-09-29,274.45,276.6,270.6,272.05,272.35,275.8,158081,43100000.0,5179,,76984.0,48.7,new
REFRACTORY, SM,2026-09-29,38.5,40.8,37.0,40.8,40.8,38.9,39000,1534000.0,30,,36000.0,92.31,new
REGAAL, EQ,2026-09-29,89.79,90.99,87.5,88.64,88.97,88.56,233388,20822000.0,3593,,77023.0,33.0,new
REGENCERAM, EQ,2026-09-29,36.92,39.16,31.2,32.51,31.9,32.64,246224,9200000.0,1298,,109534.0,44.49,new
RELAXO, EQ,2026-09-29,291.1,296.3,286.55,291.5,290.4,290.75,115867,33669000.0,8031,,56076.0,48.4,new
RELCHEMQ, EQ,2026-09-29,114.55,118.99,112.0,113.09,112.0,115.51,3263,374000.0,138,,1536.0,47.07,new
RELIABLE, EQ,2026-09-29,146.69,147.0,142.0,145.17,145.89,144.24,59849,8769000.0,544,,56935.0,95.13,new
RELIANCE, EQ,2026-09-29,1193.8,1198.3,1181.8,1182.0,1182.0,1197.6,24191416,28722913000.0,310251,,17501766.0,72.35,new
RELIGARE, EQ,2026-09-29,234.0,236.24,228.94,232.05,233.4,234.32,1613223,374366000.0,12417,,1012593.0,62.77,new
RELINFRA, BE,2026-09-29,43.43,43.43,43.42,43.42,43.42,44.3,40398,1754000.0,326,,,,new
RELTD, EQ,2026-09-29,147.51,151.0,145.02,149.12,148.86,148.07,114620,17081000.0,2406,,56798.0,49.55,new
REMSONSIND, EQ,2026-09-29,119.95,119.95,110.1,111.56,112.25,120.39,807024,91982000.0,9321,,335760.0,41.6,new
REMUS, SM,2026-09-29,900.0,939.0,882.0,925.05,925.05,919.5,4200,3784000.0000000005,40,,3000.0,71.43,new
RENTOMOJO, EQ,2026-09-29,489.0,507.9,485.55,502.15,504.0,491.35,2191503,1089215000.0,69656,,693219.0,31.63,new
RENUKA, EQ,2026-09-29,22.73,22.88,22.36,22.54,22.49,22.91,7648950,172695000.0,13791,,1942077.0,25.39,new
REPCOHOME, EQ,2026-09-29,344.0,345.0,339.05,343.65,342.1,346.75,53494,18297000.0,1842,,28683.0,53.62,new
REPL, EQ,2026-09-29,61.0,61.19,60.0,61.14,61.15,61.2,715,43000.0,28,,705.0,98.6,new
REPRO, EQ,2026-09-29,333.0,333.0,310.1,317.05,320.0,333.8,46679,14847000.0,2130,,18731.0,40.13,new
RESPONIND, EQ,2026-09-29,162.4,172.69,160.22,168.09,168.02,161.6,1341506,225865000.0,21557,,282489.0,21.06,new
RETAIL, EQ,2026-09-29,28.88,28.88,28.8,28.88,28.88,24.07,117010,3379000.0,171,,104434.0,89.25,new
REXPRO, SM,2026-09-29,33.55,34.5,33.55,33.55,33.55,35.0,5000,171000.0,5,,4000.0,80.0,new
RGL, EQ,2026-09-29,163.69,166.0,160.56,164.27,165.9,163.23,348391,57095000.00000001,8139,,134063.0,38.48,new
RHETAN, EQ,2026-09-29,16.69,16.7,16.69,16.69,16.7,15.91,11749535,196179000.0,4915,,4336423.0,36.91,new
RHFL, BZ,2026-09-29,1.6,1.64,1.53,1.59,1.58,1.6,674508,1066000.0,756,,,,new
RHIM, EQ,2026-09-29,386.6,399.6,379.35,393.2,393.0,386.6,714917,280179000.0,22008,,281698.0,39.4,new
RHL, EQ,2026-09-29,164.9,165.0,162.99,164.99,165.0,163.9,1539,252999.99999999997,38,,1538.0,99.94,new
RICHA, SM,2026-09-29,80.7,80.7,80.7,80.7,80.7,78.0,1000,81000.0,1,,1000.0,100.0,new
RICOAUTO, EQ,2026-09-29,127.0,127.01,123.51,126.22,125.79,127.36,583280,73214000.0,7326,,236537.0,40.55,new
RIIL, EQ,2026-09-29,684.05,684.05,670.0,677.05,672.0,685.6,38584,26086000.0,2109,,11879.0,30.79,new
RIIT, IV,2026-09-29,119.0,121.77,119.0,120.38,120.5,119.42,52040,6246000.0,3835,,45627.0,87.68,new
RILINFRA, SM,2026-09-29,33.8,33.8,32.85,33.1,33.05,34.1,6300,210000.0,46,,2400.0,38.1,new
RIR, EQ,2026-09-29,186.21,191.0,182.75,188.08,187.98,186.21,588043,110323000.0,9678,,156558.0,26.62,new
RISHABH, EQ,2026-09-29,717.5,728.85,699.65,723.85,721.65,713.5,83308,59664000.0,8521,,39591.0,47.52,new
RITCO, EQ,2026-09-29,278.15,287.5,271.75,280.85,281.6,277.2,73429,20458000.0,1613,,32855.0,44.74,new
RITES, EQ,2026-09-29,196.11,196.11,191.25,192.31,192.2,196.11,387673,74868000.0,16049,,187220.0,48.29,new
RITEZONE, SM,2026-09-29,17.1,17.1,16.75,16.75,16.75,17.6,14400,243000.00000000003,8,,14400.0,100.0,new
RKDL, EQ,2026-09-29,18.03,18.5,17.8,18.36,18.05,18.02,7635,139000.0,75,,4431.0,58.04,new
RKEC, EQ,2026-09-29,22.5,25.9,21.39,23.61,23.7,22.78,139704,3359000.0000000005,907,,54447.0,38.97,new
RKFORGE, EQ,2026-09-29,703.0,723.45,700.0,714.65,717.0,703.1,843189,603820000.0,43272,,349951.0,41.5,new
RKSWAMY, EQ,2026-09-29,89.93,93.41,87.01,89.48,88.3,88.5,25503,2251000.0,484,,19962.0,78.27,new
RMC, EQ,2026-09-29,209.59,214.15,206.02,210.37,213.9,208.96,16004,3367000.0,915,,7790.0,48.68,new
RMDRIP, BE,2026-09-29,23.5,23.69,23.5,23.52,23.5,23.29,239321,5626000.0,368,,,,new
RML, EQ,2026-09-29,1334.8,1407.1,1298.5,1380.9,1391.7,1325.9,66084,89690000.0,5225,,32182.0,48.7,new
RNBDENIMS, BE,2026-09-29,9.14,9.19,8.95,9.04,9.05,9.14,57626,521000.0,245,,,,new
RNFI, SM,2026-09-29,311.0,313.0,310.25,311.8,311.8,315.0,12000,3733000.0,19,,7200.0,60.0,new
RNPL, SM,2026-09-29,62.6,62.6,62.6,62.6,62.6,59.65,3600,225000.0,3,,3600.0,100.0,new
ROCKINGDCE, SM,2026-09-29,221.45,221.45,215.9,215.9,215.9,212.65,2000,434000.0,8,,1500.0,75.0,new
ROCKPP, E1,2026-09-29,57.2,57.2,57.2,57.2,57.2,63.45,10000,572000.0,2,,10000.0,100.0,new
ROHLTD, EQ,2026-09-29,298.1,310.2,296.1,306.35,301.1,299.05,14020,4222000.0,893,,6314.0,45.04,new
ROLEXRINGS, EQ,2026-09-29,194.0,196.81,189.15,190.58,190.0,193.45,2165701,417316000.0,33842,,806282.0,37.23,new
ROLLT, BE,2026-09-29,5.24,5.24,5.24,5.24,5.24,5.51,172065,902000.0,138,,,,new
ROML, EQ,2026-09-29,42.82,43.75,41.5,41.91,42.0,42.91,1934,82000.0,56,,1013.0,52.38,new
ROSSARI, EQ,2026-09-29,437.0,438.1,426.0,427.7,429.8,440.4,74365,31941000.000000004,4502,,42811.0,57.57,new
ROSSELLIND, EQ,2026-09-29,50.1,51.98,50.1,51.03,51.97,51.18,19856,1011000.0,418,,15345.0,77.28,new
ROSSTECH, EQ,2026-09-29,1409.9,1490.0,1375.8,1481.7,1470.0,1398.8,315207,456568000.0,32618,,123966.0,39.33,new
ROTO, EQ,2026-09-29,62.9,64.01,62.18,63.26,63.12,62.55,332694,21004000.0,3222,,132461.0,39.81,new
ROUTE, EQ,2026-09-29,452.5,454.05,444.1,447.2,447.0,453.45,97047,43523000.0,5330,,38887.0,40.07,new
ROXHITECH, SM,2026-09-29,45.6,47.6,45.6,46.55,46.0,47.8,14400,671000.0,9,,14400.0,100.0,new
RPEL, EQ,2026-09-29,1700.0,1722.1,1665.0,1718.1,1710.0,1703.9,42157,71728000.0,5510,,17907.0,42.48,new
RPGLIFE, EQ,2026-09-29,2935.0,3125.0,2926.3,3089.2,3103.6,2955.1,96080,290037000.0,10594,,55106.0,57.35,new
RPOWER, EQ,2026-09-29,19.9,20.15,19.45,19.77,19.84,19.96,32861231,650450000.0,49423,,13155648.0,40.03,new
RPPINFRA, EQ,2026-09-29,50.55,52.34,50.25,50.8,50.55,51.52,33805,1723000.0,685,,20439.0,60.46,new
RPPL, BE,2026-09-29,18.85,19.74,18.85,19.49,19.5,18.83,58159,1129000.0,96,,,,new
RPSGVENT, EQ,2026-09-29,848.0,848.0,828.0,833.85,830.6,842.05,25190,20983000.0,1095,,14357.0,56.99,new
RPTECH, EQ,2026-09-29,883.95,935.0,871.55,925.35,929.95,883.95,557981,506555000.0,40592,,237334.0,42.53,new
RRECL, EQ,2026-09-29,122.3,131.0,118.0,129.19,130.0,119.32,1323,164000.0,37,,1145.0,86.55,new
RRIL, EQ,2026-09-29,15.36,15.66,15.3,15.48,15.57,15.66,27693,429000.0,85,,20859.0,75.32,new
RRKABEL, EQ,2026-09-29,2459.8,2546.5,2440.3,2523.2,2531.2,2459.8,240700,603464000.0,23448,,114925.0,47.75,new
RSDFIN, BE,2026-09-29,91.0,91.0,87.0,87.0,87.0,91.0,42,4000.0,5,,,,new
RSL, EQ,2026-09-29,168.54,168.9,164.0,165.45,165.05,167.41,635959,105424000.0,7637,,347635.0,54.66,new
RSSOFTWARE, EQ,2026-09-29,31.0,31.0,29.53,29.97,29.9,30.85,4580,138000.0,201,,3744.0,81.75,new
RSWM, EQ,2026-09-29,209.29,215.29,206.58,212.37,212.02,211.35,57039,12041000.0,1638,,35400.0,62.06,new
RSYSTEMS, EQ,2026-09-29,290.0,305.98,285.2,298.69,301.0,275.21,67292815,19872461000.0,586712,,3263880.0,4.85,new
RTL, SM,2026-09-29,78.5,78.5,78.5,78.5,78.5,82.5,2000,157000.0,1,,2000.0,100.0,new
RTNINDIA, EQ,2026-09-29,26.29,26.35,25.25,25.66,25.71,26.2,3231261,82649000.0,12815,,1413540.0,43.75,new
RTNPOWER, EQ,2026-09-29,6.86,6.91,6.71,6.87,6.88,6.86,16028573,109139000.00000001,14765,,6008671.0,37.49,new
RTSPOWR, EQ,2026-09-29,136.77,138.05,116.05,118.18,116.9,125.5,274598,36207000.0,3501,,103128.0,37.56,new
RUBFILA, EQ,2026-09-29,62.37,64.5,61.61,63.85,64.4,62.37,41304,2592000.0,833,,12432.0,30.1,new
RUBICON, EQ,2026-09-29,1593.6,1646.4,1583.2,1609.0,1599.0,1592.8,701771,1125838000.0,54306,,463226.0,66.01,new
RUBYMILLS, EQ,2026-09-29,510.6,510.65,485.0,491.8,490.0,510.6,22908,11415000.0,1395,,10162.0,44.36,new
RUCHINFRA, EQ,2026-09-29,5.19,5.19,5.03,5.05,5.03,5.09,47504,242000.0,136,,27708.0,58.33,new
RUCHIRA, EQ,2026-09-29,107.8,107.8,104.0,104.29,105.15,106.92,20128,2118000.0,506,,13781.0,68.47,new
RUDRA, EQ,2026-09-29,18.55,18.6,18.01,18.03,18.03,18.55,30405,554000.0,181,,24824.0,81.64,new
RULKA, SM,2026-09-29,105.0,110.5,105.0,107.4,107.4,107.3,6900,743000.0,21,,6300.0,91.3,new
RUPA, EQ,2026-09-29,132.98,133.57,130.0,132.39,131.98,132.75,100141,13187000.0,5438,,42669.0,42.61,new
RUSHIL, EQ,2026-09-29,15.84,16.45,15.84,16.13,16.08,15.96,250310,4051000.0,615,,163692.0,65.4,new
RUSTOMJEE, EQ,2026-09-29,357.1,367.2,355.1,362.95,363.0,359.9,94347,33895000.0,2042,,52522.0,55.67,new
RVHL, EQ,2026-09-29,38.2,39.48,37.7,38.28,38.5,38.66,12470,476999.99999999994,103,,11201.0,89.82,new
RVNL, EQ,2026-09-29,202.0,202.0,195.32,197.9,197.9,202.75,7345733,1457180000.0,59078,,1574602.0,21.44,new
RVTH, EQ,2026-09-29,635.0,680.0,633.25,664.9,642.5,633.25,592,393000.0,49,,563.0,95.1,new
S&SPOWER, EQ,2026-09-29,298.2,311.0,298.05,301.25,302.0,311.1,5052,1531000.0,139,,4691.0,92.85,new
SAAKSHI, ST,2026-09-29,360.0,367.2,360.0,367.0,367.0,360.0,10200,3732000.0,16,,9600.0,94.12,new
SAATVIKGL, EQ,2026-09-29,420.0,422.0,404.35,414.5,415.5,422.4,186910,76964000.0,10132,,67522.0,36.13,new
SACHEEROME, SM,2026-09-29,450.0,465.0,441.05,457.25,465.0,449.05,17700,7977000.0,55,,12600.0,71.19,new
SADBHAV, EQ,2026-09-29,7.19,7.19,6.9,6.93,7.0,7.19,369279,2578000.0,797,,248255.0,67.23,new
SADBHIN, EQ,2026-09-29,2.57,2.6,2.5,2.56,2.57,2.57,87828,223000.0,131,,62158.0,70.77,new
SADHAV, SM,2026-09-29,106.35,110.0,106.35,110.0,110.0,110.0,15600,1705999.9999999998,20,,13200.0,84.62,new
SADHNANIQ, BE,2026-09-29,2.63,2.69,2.55,2.59,2.6,2.68,1588892,4097000.0,972,,,,new
SAFARI, EQ,2026-09-29,1464.5,1464.5,1412.5,1430.9,1430.0,1453.2,31021,44390000.0,6672,,13169.0,42.45,new
SAFEENTP, SM,2026-09-29,250.0,250.0,236.2,239.25,239.1,249.55,66500,15984000.0,109,,50500.0,75.94,new
SAGARDEEP, EQ,2026-09-29,23.18,23.6,22.76,23.44,23.1,23.29,6760,155000.0,80,,6607.0,97.74,new
SAGCEM, EQ,2026-09-29,149.0,150.92,146.6,147.45,146.99,149.64,29148,4306000.0,1058,,13191.0,45.26,new
SAGILITY, EQ,2026-09-29,43.45,43.47,42.11,42.54,42.54,43.45,11366184,483758000.0,28044,,5089888.0,44.78,new
SAHAJSOLAR, SM,2026-09-29,88.4,91.9,87.0,87.9,87.5,89.8,16800,1478000.0,35,,12800.0,76.19,new
SAHANA, SM,2026-09-29,825.0,829.7,790.0,806.0,811.05,817.45,19650,16062000.0,87,,6300.0,32.06,new
SAHASRA, SM,2026-09-29,459.95,472.75,427.75,432.75,427.8,450.25,265600,121426000.0,550,,150000.0,56.48,new
SAHLIBHFI, EQ,2026-09-29,78.09,79.15,76.87,78.37,78.99,75.61,17549,1375000.0,254,,15423.0,87.89,new
SAHYADRI, EQ,2026-09-29,353.5,353.9,346.1,349.2,349.0,351.3,3181,1111000.0,230,,2154.0,67.71,new
SAICAPI, EQ,2026-09-29,154.45,155.85,153.99,155.09,155.85,155.85,138,21000.0,33,,88.0,63.77,new
SAIFL, SM,2026-09-29,4.15,4.25,4.1,4.25,4.25,4.15,124000,516000.0,25,,88000.0,70.97,new
SAIL, EQ,2026-09-29,182.53,186.86,181.21,181.82,181.82,184.2,21241634,3907381000.0,86545,,9339808.0,43.97,new
SAILIFE, EQ,2026-09-29,1576.0,1594.5,1550.0,1559.9,1558.0,1582.8,356685,560059000.0,41501,,191936.0,53.81,new
SAIPARENT, EQ,2026-09-29,504.7,514.05,501.0,502.5,502.0,509.95,64324,32577000.0,3007,,39905.0,62.04,new
SAJHOTELS, ST,2026-09-29,30.1,30.1,30.0,30.0,30.0,31.1,6000,180000.0,3,,6000.0,100.0,new
SAKAR, EQ,2026-09-29,1087.0,1129.0,1081.65,1121.85,1129.0,1089.65,47204,52470000.00000001,4299,,22641.0,47.96,new
SAKHTISUG, EQ,2026-09-29,18.75,18.75,17.86,18.11,18.05,18.42,85154,1547000.0,581,,52687.0,61.87,new
SAKSOFT, EQ,2026-09-29,142.5,142.68,139.0,139.78,139.98,141.81,179876,25277000.0,4328,,78189.0,43.47,new
SAKUMA, EQ,2026-09-29,1.61,1.61,1.53,1.55,1.58,1.61,1090164,1704000.0,989,,637699.0,58.5,new
SALASAR, EQ,2026-09-29,4.51,4.54,3.82,4.16,4.14,4.51,22936188,95407000.0,44926,,14338414.0,62.51,new
SALONA, EQ,2026-09-29,270.0,270.0,260.2,266.95,267.1,272.95,441,117000.0,80,,287.0,65.08,new
SALSTEEL, EQ,2026-09-29,95.3,97.68,92.0,97.08,96.99,93.03,1208259,115183999.99999999,7241,,325946.0,26.98,new
SALZERELEC, EQ,2026-09-29,537.15,544.45,530.15,535.65,535.0,535.55,36625,19675000.0,2104,,17430.0,47.59,new
SAMBANDAM, EQ,2026-09-29,106.24,110.15,105.0,109.98,109.98,106.24,212,23000.0,20,,206.0,97.17,new
SAMBHAAV, EQ,2026-09-29,5.6,6.09,5.56,5.92,5.93,5.8,95530,566000.0,209,,71060.0,74.39,new
SAMBHV, EQ,2026-09-29,154.0,163.8,152.5,162.24,161.3,154.0,8688235,1394244000.0,77197,,2394946.0,27.57,new
SAMHI, EQ,2026-09-29,149.55,150.85,145.55,149.34,148.5,150.16,888234,131763000.00000001,17061,,431148.0,48.54,new
SAMMAANCAP, EQ,2026-09-29,139.08,139.2,135.68,136.48,136.22,138.82,4111952,564141000.0,29473,,2236692.0,54.39,new
SAMPANN, EQ,2026-09-29,25.25,25.25,23.75,23.82,23.8,24.29,18697,449000.0,261,,13032.0,69.7,new
SANATHAN, EQ,2026-09-29,525.95,530.95,510.2,515.0,515.0,517.55,88348,46117000.0,3814,,44303.0,50.15,new
SANDESH, EQ,2026-09-29,1020.1,1049.4,1001.0,1029.6,1030.9,1027.9,218,223000.0,83,,139.0,63.76,new
SANDHAR, EQ,2026-09-29,579.2,585.4,568.85,582.7,581.3,576.55,68787,39856000.0,4931,,37287.0,54.21,new
SANDUMA, EQ,2026-09-29,181.9,184.0,178.53,182.69,183.1,181.51,448066,81425000.0,10690,,187259.0,41.79,new
SANGAMIND, EQ,2026-09-29,633.55,658.9,625.05,645.55,644.5,629.3,157857,102050000.0,9734,,56505.0,35.8,new
SANGANI, SM,2026-09-29,55.5,56.3,55.5,56.3,56.3,53.65,15000,843000.0,3,,15000.0,100.0,new
SANGHVIMOV, EQ,2026-09-29,444.0,459.6,437.4,454.0,453.55,444.3,249409,112267000.0,9339,,124828.0,50.05,new
SANOFI, EQ,2026-09-29,3103.5,3112.1,3061.2,3072.1,3071.2,3103.5,10918,33656000.0,2480,,6206.0,56.84,new
SANOFICONR, EQ,2026-09-29,3971.1,3971.1,3813.0,3867.0,3888.0,3976.2,41560,159958000.0,13025,,20423.0,49.14,new
SANSERA, EQ,2026-09-29,4380.0,4550.0,4154.6,4362.2,4448.4,4457.2,1016129,4362727000.0,122534,,536070.0,52.76,new
SANSTAR, EQ,2026-09-29,106.5,107.08,104.62,105.9,105.15,106.9,123874,13097999.999999998,2192,,62052.0,50.09,new
SANWARIA, BZ,2026-09-29,0.2,0.2,0.19,0.19,0.2,0.19,456837,89000.0,109,,,,new
SAPPHIRE, EQ,2026-09-29,216.0,224.13,206.1,211.05,211.11,216.68,4093215,869904000.0000001,53483,,2197239.0,53.68,new
SAPPL, EQ,2026-09-29,293.0,298.0,276.0,293.55,298.0,279.95,2179,632000.0,99,,2032.0,93.25,new
SARDAEN, EQ,2026-09-29,500.45,504.75,493.0,500.35,502.8,501.3,260686,130008999.99999999,13951,,139593.0,53.55,new
SAREGAMA, EQ,2026-09-29,489.85,502.4,473.0,493.45,493.15,489.6,1317275,647097000.0,43482,,781427.0,59.32,new
SARLAPOLY, EQ,2026-09-29,98.7,98.7,95.3,95.67,95.75,97.7,22199,2134000.0,821,,14136.0,63.68,new
SARTELE, SM,2026-09-29,88.0,93.0,88.0,91.95,92.95,84.8,121000,10996000.0,177,,81000.0,66.94,new
SARVESHWAR, EQ,2026-09-29,3.55,3.59,3.4,3.44,3.44,3.49,1542269,5329000.0,2362,,938047.0,60.82,new
SASKEN, EQ,2026-09-29,1681.0,1690.0,1611.7,1658.8,1664.4,1658.2,29675,48555000.0,4861,,18044.0,60.81,new
SATECH, SM,2026-09-29,37.6,37.6,37.6,37.6,37.6,37.6,1000,38000.0,1,,1000.0,100.0,new
SATIA, EQ,2026-09-29,68.1,69.0,66.96,68.48,68.31,68.1,127525,8697000.0,2211,,67994.0,53.32,new
SATIN, EQ,2026-09-29,235.5,244.0,231.56,237.69,236.78,234.4,386081,92088000.0,7679,,151880.0,39.34,new
SATIPOLY, SM,2026-09-29,33.0,33.8,33.0,33.8,33.8,33.0,1500,50000.0,3,,1500.0,100.0,new
SATKARTAR, SM,2026-09-29,181.9,188.0,176.0,179.3,178.0,181.9,47200,8501000.0,45,,35200.0,74.58,new
SATTVAENGG, SM,2026-09-29,56.55,58.65,53.0,53.7,55.0,56.1,48000,2635000.0,29,,35200.0,73.33,new
SAURASHCEM, EQ,2026-09-29,53.4,54.49,53.4,54.1,53.56,53.35,93956,5070000.0,1074,,61155.0,65.09,new
SAVY, SM,2026-09-29,139.0,139.0,137.0,137.0,137.0,139.35,2400,331000.0,2,,1200.0,50.0,new
SAWALIYA, SM,2026-09-29,165.0,176.0,162.15,173.6,176.0,162.45,54600,9312000.0,28,,45000.0,82.42,new
SAYAJIHOTL, EQ,2026-09-29,302.0,305.95,302.0,304.0,304.0,325.95,7,2000.0,4,,7.0,100.0,new
SAYAJIIND, EQ,2026-09-29,112.01,120.95,110.5,118.7,120.95,116.09,4247,488000.0,35,,2897.0,68.21,new
SBC, EQ,2026-09-29,54.31,55.26,53.93,54.73,54.89,53.54,14185608,775653000.0,21107,,6275766.0,44.24,new
SBCL, EQ,2026-09-29,1096.8,1129.3,1090.8,1111.3,1123.9,1110.2,154486,172122000.0,9850,,86369.0,55.91,new
SBFC, EQ,2026-09-29,86.78,88.3,83.61,84.46,84.8,86.82,5969074,508097000.0,39087,,3642146.0,61.02,new
SBGLP, EQ,2026-09-29,23.9,24.2,21.0,22.98,22.74,23.67,107126,2417000.0,490,,74460.0,69.51,new
SBIBPB, EQ,2026-09-29,46.95,47.29,46.01,46.66,46.4,46.83,97593,4514000.0,577,,45457.0,46.58,new
SBICARD, EQ,2026-09-29,593.05,594.0,581.0,581.0,581.0,591.0,1392600,818131000.0,41953,,764531.0,54.9,new
SBIETFCON, EQ,2026-09-29,117.78,117.78,115.0,115.9,115.89,116.37,1766,204999.99999999997,110,,1470.0,83.24,new
SBIETFIT, EQ,2026-09-29,314.0,314.0,307.0,307.5,307.15,311.71,8027,2475000.0,251,,4360.0,54.32,new
SBIETFPB, EQ,2026-09-29,271.38,271.5,267.56,270.52,271.5,271.4,3754,1010000.0,136,,1880.0,50.08,new
SBIETFQLTY, EQ,2026-09-29,210.55,210.55,207.0,209.05,209.0,210.55,23225,4827000.0,92,,11120.0,47.88,new
SBIFUNDS, EQ,2026-09-29,523.35,524.0,516.5,517.8,518.0,522.9,788800,408870000.0,36052,,470671.0,59.67,new
SBILIFE, EQ,2026-09-29,1731.6,1746.0,1711.0,1735.0,1735.0,1728.1,1598671,2763429000.0,51203,,1171894.0,73.3,new
SBILIQETF, EQ,2026-09-29,1057.87,1057.89,1057.87,1057.87,1057.87,1057.74,31066,32864000.0,139,,20719.0,66.69,new
SBIMIDMOM, EQ,2026-09-29,60.5,61.74,60.5,61.33,61.48,61.14,351391,21548000.0,166,,345720.0,98.39,new
SBIN, EQ,2026-09-29,960.9,968.1,953.0,964.7,964.7,962.0,26781498,25694663000.0,282035,,18768750.0,70.08,new
SBINEQWETF, EQ,2026-09-29,31.92,31.92,31.5,31.65,31.7,31.77,43731,1382000.0,222,,35509.0,81.2,new
SBINMID150, EQ,2026-09-29,22.58,22.58,21.75,22.34,22.04,22.21,217628,4762000.0,191,,110406.0,50.73,new
SBISILVER, EQ,2026-09-29,215.5,215.54,213.55,214.53,214.7,216.0,885060,189827000.0,7956,,475680.0,53.75,new
SBISMLETF, EQ,2026-09-29,17.9,18.97,17.7,17.84,17.83,17.99,221299,3995000.0000000005,603,,42217.0,19.08,new
SBIVALETF, EQ,2026-09-29,14.03,14.12,13.97,14.06,14.06,14.14,7748,109000.00000000001,50,,5888.0,75.99,new
SCANSTL, BE,2026-09-29,52.07,52.07,48.15,49.64,50.38,50.36,17619,868000.0,130,,,,new
SCHAEFFLER, EQ,2026-09-29,3955.5,3955.5,3900.0,3920.0,3922.0,3955.5,91928,359861000.0,11260,,70208.0,76.37,new
SCHAND, EQ,2026-09-29,147.5,149.05,142.78,147.29,146.38,144.65,40487,5900000.0,1091,,21652.0,53.48,new
SCHNEIDER, EQ,2026-09-29,1193.8,1214.0,1182.4,1192.7,1197.0,1188.2,159472,190750000.0,19436,,81037.0,50.82,new
SCI, EQ,2026-09-29,270.7,275.95,267.25,272.9,272.0,272.05,1448173,393458000.0,25130,,457531.0,31.59,new
SCILAL, EQ,2026-09-29,36.9,36.91,36.4,36.69,36.55,36.9,179920,6589000.0,1240,,122244.0,67.94,new
SCML, SM,2026-09-29,70.65,75.0,70.65,74.65,75.0,75.3,17000,1250000.0,11,,5000.0,29.41,new
SCODATUBES, EQ,2026-09-29,130.02,132.47,128.7,130.14,130.0,130.53,241476,31469000.0,2560,,146360.0,60.61,new
SCPL, BE,2026-09-29,633.0,658.0,620.35,641.05,639.0,628.5,5479,3504000.0,189,,,,new
SDBL, EQ,2026-09-29,80.5,80.5,77.86,79.05,79.0,80.62,2249578,177593000.0,15456,,603853.0,26.84,new
SDREAMS, SM,2026-09-29,81.0,81.0,81.0,81.0,81.0,81.5,2000,162000.0,2,,2000.0,100.0,new
SEAMECLTD, EQ,2026-09-29,1684.2,1686.8,1644.0,1653.2,1645.1,1684.3,46114,76430000.0,5021,,26527.0,57.52,new
SECLEDBETA, EQ,2026-09-29,14.1,14.1,13.85,13.93,13.93,14.01,7208,100000.0,48,,6161.0,85.47,new
SECMARK, EQ,2026-09-29,141.28,143.7,133.41,142.75,142.75,141.28,28,4000.0,6,,27.0,96.43,new
SECURKLOUD, EQ,2026-09-29,17.44,17.44,16.62,17.06,17.1,17.14,23462,400000.0,102,,17608.0,75.05,new
SEDEMAC, EQ,2026-09-29,3523.9,3596.0,3450.6,3485.6,3494.1,3547.8,437207,1546192000.0,56809,,145440.0,33.27,new
SEIL, EQ,2026-09-29,188.0,195.0,185.41,188.92,188.06,190.06,121217,22784000.0,1378,,89207.0,73.59,new
SEITINVIT, IV,2026-09-29,122.5,122.5,122.5,122.5,122.5,121.5,250000,30625000.0,1,,250000.0,100.0,new
SEJALLTD, EQ,2026-09-29,664.6,664.6,645.0,648.75,645.0,664.6,5509,3579999.9999999995,502,,3750.0,68.07,new
SEKURITIND, EQ,2026-09-29,107.62,112.0,107.62,109.55,109.6,108.12,19727,2161000.0,469,,11572.0,58.66,new
SEL, SM,2026-09-29,325.0,325.0,325.0,325.0,325.0,332.1,1600,520000.0,6,,1600.0,100.0,new
SELECTIPO, EQ,2026-09-29,47.23,47.23,45.8,46.32,46.37,46.31,61455,2834000.0,173,,45949.0,74.77,new
SEMAC, EQ,2026-09-29,245.0,245.0,237.0,243.95,243.95,247.9,808,194000.0,40,,660.0,81.68,new
SENCO, EQ,2026-09-29,321.75,331.5,320.9,328.3,327.4,318.3,1459192,478104000.0,42862,,408999.0,28.03,new
SENORES, EQ,2026-09-29,1352.5,1435.0,1352.5,1403.7,1394.0,1351.8,506799,711406000.0,35258,,180458.0,35.61,new
SENSEXADD, EQ,2026-09-29,75.0,75.12,74.55,74.74,74.55,75.51,1703,127000.0,145,,1600.0,93.95,new
SENSEXAXIS, EQ,2026-09-29,75.8,75.99,74.76,75.45,75.46,75.8,11031,831000.0,70,,2706.0,24.53,new
SENSEXBETA, EQ,2026-09-29,808.0,808.0,794.05,804.77,805.0,809.63,3092,2479000.0,192,,1716.0,55.5,new
SENSEXETF, EQ,2026-09-29,75.12,75.13,74.48,74.91,74.96,75.25,49424,3697999.9999999995,470,,28877.0,58.43,new
SENSEXIETF, EQ,2026-09-29,838.01,846.0,830.57,836.33,838.32,839.98,20543,17135000.0,740,,12976.0,63.17,new
SEPC, EQ,2026-09-29,5.0,5.15,4.92,5.1,5.09,4.96,10955991,55373000.0,5519,,5379056.0,49.1,new
SERVOTECH, EQ,2026-09-29,72.75,74.0,69.76,71.34,71.3,72.34,811420,58286000.0,8470,,315402.0,38.87,new
SESHAPAPER, EQ,2026-09-29,241.07,245.16,241.0,242.53,242.25,242.23,8410,2037000.0,359,,4724.0,56.17,new
SETCO, BE,2026-09-29,18.43,19.2,18.1,18.67,18.84,18.52,61709,1150000.0,184,,,,new
SETF10GILT, EQ,2026-09-29,259.8,261.85,259.8,261.83,261.84,260.71,4141,1083000.0,32,,3805.0,91.89,new
SETFGOLD, EQ,2026-09-29,124.95,124.95,123.57,124.44,124.55,124.97,4944395,614827000.0,14826,,2841669.0,57.47,new
SETFNIF50, EQ,2026-09-29,252.22,252.22,243.59,245.02,245.73,246.07,1135277,277514000.0,7153,,859915.0,75.74,new
SETFNIFBK, EQ,2026-09-29,560.9,566.0,553.35,561.34,561.1,560.87,45053,25105000.0,2358,,16121.0,35.78,new
SETFNN50, EQ,2026-09-29,758.5,758.5,748.26,754.68,756.0,756.63,58980,44313000.0,1691,,36088.0,61.19,new
SETL, EQ,2026-09-29,434.7,437.65,416.1,428.95,429.0,422.65,717715,306417000.0,15223,,346495.0,48.28,new
SETUINFRA, BZ,2026-09-29,0.55,0.55,0.53,0.53,0.53,0.54,5024,3000.0,16,,,,new
SEYAIND, BE,2026-09-29,13.87,13.87,13.33,13.33,13.33,13.6,639,9000.0,22,,,,new
SFL, EQ,2026-09-29,630.0,638.95,616.95,631.5,625.55,629.3,150092,94555000.0,13390,,69486.0,46.3,new
SFML, SM,2026-09-29,20.4,20.4,20.4,20.4,20.4,20.4,1600,33000.0,1,,1600.0,100.0,new
SGBAPR28I, GB,2026-09-29,14765.0,14769.99,14710.0,14739.41,14720.0,14754.62,149,2196000.0,45,,108.0,72.48,new
SGBAUG27, GB,2026-09-29,14712.0,14824.98,14625.01,14693.05,14670.0,14711.07,102,1499000.0,39,,40.0,39.22,new
SGBAUG28V, GB,2026-09-29,14749.0,14775.0,14666.66,14766.95,14775.0,14737.67,657,9684000.0,151,,447.0,68.04,new
SGBAUG29V, GB,2026-09-29,14782.0,14848.99,14605.01,14756.66,14800.0,14857.14,271,3994000.0,66,,172.0,63.47,new
SGBAUG30, GB,2026-09-29,15096.08,15149.11,15000.0,15048.26,15030.0,15096.08,72,1085000.0,30,,48.0,66.67,new
SGBD29VIII, GB,2026-09-29,14873.95,14928.0,14745.0,14766.86,14766.85,14873.95,157,2321000.0,72,,127.0,80.89,new
SGBDC27VII, GB,2026-09-29,14801.0,14801.0,14801.0,14801.0,14801.0,14802.0,2,30000.0,2,,2.0,100.0,new
SGBDE30III, GB,2026-09-29,15112.38,15299.99,14980.0,14980.5,14980.0,15112.38,95,1429000.0,60,,84.0,88.42,new
SGBDE31III, GB,2026-09-29,15202.0,15499.99,15100.0,15249.43,15200.0,15337.0,1382,21070000.0,318,,867.0,62.74,new
SGBDEC26, GB,2026-09-29,14998.99,14998.99,14998.99,14998.99,14998.99,14998.99,1,15000.0,1,,1.0,100.0,new
SGBFEB27, GB,2026-09-29,14511.01,14610.0,14511.01,14610.0,14610.0,14650.0,2,28999.999999999996,2,,1.0,50.0,new
SGBFEB28IX, GB,2026-09-29,14802.11,14899.0,14601.0,14638.0,14675.0,14900.0,16,237000.0,7,,13.0,81.25,new
SGBFEB29XI, GB,2026-09-29,14762.27,14800.0,14700.0,14769.0,14769.0,14836.45,27,399000.0,13,,27.0,100.0,new
SGBFEB32IV, GB,2026-09-29,15699.99,15875.0,15510.01,15627.81,15600.1,15660.13,869,13544000.0,225,,635.0,73.07,new
SGBJ28VIII, GB,2026-09-29,14685.0,14740.0,14526.0,14740.0,14740.0,14640.0,89,1302000.0,29,,54.0,60.67,new
SGBJAN27, GB,2026-09-29,15249.99,15249.99,15249.99,15249.99,15249.99,15250.0,1,15000.0,1,,1.0,100.0,new
SGBJAN29IX, GB,2026-09-29,14740.0,14770.0,14645.0,14713.19,14713.19,14734.28,364,5359000.0,45,,322.0,88.46,new
SGBJAN29X, GB,2026-09-29,14660.0,14738.0,14623.0,14736.05,14737.0,14733.56,47,691000.0,25,,35.0,74.47,new
SGBJAN30IX, GB,2026-09-29,15021.73,15076.99,14821.02,14951.5,14826.01,14947.0,48,716000.0,20,,45.0,93.75,new
SGBJU29III, GB,2026-09-29,14625.0,14710.0,14625.0,14700.71,14700.0,14745.07,85,1249000.0,20,,81.0,95.29,new
SGBJUL27, GB,2026-09-29,14649.99,14701.0,14559.01,14650.0,14650.0,14666.1,52,761000.0,8,,26.0,50.0,new
SGBJUL28IV, GB,2026-09-29,14726.67,14726.67,14626.02,14654.97,14719.98,14726.67,298,4367000.0,52,,218.0,73.15,new
SGBJUL29IV, GB,2026-09-29,14779.99,14850.0,14501.0,14723.27,14705.0,14780.0,390,5721000.0,87,,216.0,55.38,new
SGBJUN28, GB,2026-09-29,14700.0,14700.0,14700.0,14700.0,14700.0,14751.45,48,706000.0,10,,48.0,100.0,new
SGBJUN29II, GB,2026-09-29,14799.0,14799.0,14650.0,14723.14,14701.0,14720.53,153,2253000.0,39,,134.0,87.58,new
SGBJUN30, GB,2026-09-29,15099.0,15244.99,14901.0,14970.12,15100.0,14984.52,103,1550000.0,42,,60.0,58.25,new
SGBJUN31I, GB,2026-09-29,15085.01,15135.59,14950.0,15042.52,15040.0,15135.59,655,9858000.0,153,,509.0,77.71,new
SGBMAR28X, GB,2026-09-29,14670.0,14740.0,14670.0,14740.0,14740.0,14686.84,34,499000.0,6,,34.0,100.0,new
SGBMAR30X, GB,2026-09-29,14900.0,14990.0,14825.0,14951.33,14990.0,14934.94,49,731000.0,20,,31.0,63.27,new
SGBMAR31IV, GB,2026-09-29,15100.0,15250.0,14626.56,14994.6,14985.0,15082.48,555,8281000.0,138,,313.0,56.4,new
SGBMAY28, GB,2026-09-29,14749.99,14749.99,14640.5,14724.0,14724.0,14730.06,54,795000.0,13,,47.0,87.04,new
SGBMAY29I, GB,2026-09-29,14700.0,14773.99,14630.03,14731.83,14750.0,14732.74,206,3029000.0,64,,143.0,69.42,new
SGBMR29XII, GB,2026-09-29,14750.0,14750.0,14610.56,14682.26,14700.0,14741.23,224,3284000.0000000005,82,,135.0,60.27,new
SGBN28VIII, GB,2026-09-29,14662.5,14735.0,14662.5,14726.5,14735.0,14799.92,41,602000.0,19,,22.0,53.66,new
SGBNOV26, GB,2026-09-29,14650.0,14650.0,14625.0,14625.0,14625.0,14898.98,11,161000.0,2,,11.0,100.0,new
SGBNV29VII, GB,2026-09-29,14790.0,14798.99,14701.0,14749.38,14721.0,14737.65,310,4568000.0,69,,284.0,91.61,new
SGBOC28VII, GB,2026-09-29,14701.5,14750.0,14666.0,14725.06,14725.01,14920.0,255,3752000.0000000005,35,,212.0,83.14,new
SGBOCT26, GB,2026-09-29,14950.0,14950.0,14750.0,14750.0,14750.0,15100.0,2,30000.0,2,,2.0,100.0,new
SGBOCT27, GB,2026-09-29,15200.0,15200.0,14631.0,14700.0,14700.0,15200.0,5,74000.0,5,,3.0,60.0,new
SGBOCT27VI, GB,2026-09-29,14700.0,14700.0,14700.0,14700.0,14700.0,14800.0,1,15000.0,1,,1.0,100.0,new
SGBSEP27, GB,2026-09-29,14670.0,14670.0,14670.0,14670.0,14670.0,14720.0,4,59000.0,3,,4.0,100.0,new
SGBSEP28VI, GB,2026-09-29,14727.44,15000.0,14601.0,14805.13,14642.01,14801.44,228,3356000.0,61,,150.0,65.79,new
SGBSEP29VI, GB,2026-09-29,14790.0,14815.0,14730.01,14810.5,14800.0,14815.57,205,3033000.0,47,,198.0,96.59,new
SGBSEP31II, GB,2026-09-29,15149.0,15149.0,14981.01,15035.85,15020.0,15128.02,1608,24173000.0,263,,1037.0,64.49,new
SGFIN, EQ,2026-09-29,589.75,604.45,573.7,595.3,591.0,589.75,246626,145274000.0,11119,,121711.0,49.35,new
SGIL, EQ,2026-09-29,656.7,669.45,634.8,657.35,657.6,650.75,10083,6587000.0,969,,6783.0,67.27,new
SGL, EQ,2026-09-29,9.55,9.55,8.85,9.35,9.39,9.12,13277,125000.0,90,,12553.0,94.55,new
SGLRES, EQ,2026-09-29,2.3,2.42,2.25,2.33,2.4,2.35,27251,63000.0,68,,20010.0,73.43,new
SGMART, EQ,2026-09-29,729.8,770.5,725.9,755.95,758.0,729.5,491934,371605000.0,22446,,207242.0,42.13,new
SGRL, EQ,2026-09-29,675.0,688.95,645.0,665.75,667.3,680.05,20692,13896000.0,1413,,12173.0,58.83,new
SHADOWFAX, EQ,2026-09-29,274.05,284.9,270.5,280.85,281.7,274.05,4932256,1376359000.0,99161,,2497849.0,50.64,new
SHAH, EQ,2026-09-29,3.2,3.2,3.11,3.15,3.15,3.18,858603,2701000.0,832,,583460.0,67.95,new
SHAHALLOYS, BE,2026-09-29,89.0,90.0,88.25,89.35,89.5,89.39,9153,815000.0,59,,,,new
SHAILY, EQ,2026-09-29,3046.5,3091.0,3011.9,3040.8,3033.0,3033.5,109791,335603000.0,22573,,49813.0,45.37,new
SHAKTIPUMP, EQ,2026-09-29,463.0,463.4,455.8,458.0,457.9,465.15,263497,120947000.0,12651,,122777.0,46.6,new
SHALBY, EQ,2026-09-29,143.73,144.4,141.0,142.01,141.1,143.25,57757,8248000.0,1854,,26269.0,45.48,new
SHALPAINTS, BE,2026-09-29,74.87,78.12,71.16,78.09,78.12,74.4,127726,9587000.0,546,,,,new
SHANKARA, EQ,2026-09-29,128.61,131.6,124.77,127.47,127.0,127.34,23889,3030000.0,1261,,13278.0,55.58,new
SHANKESH, EQ,2026-09-29,90.5,91.0,88.11,88.8,88.8,90.42,1519099,136322000.0,13298,,595978.0,39.23,new
SHANTI, EQ,2026-09-29,5.67,5.95,5.26,5.57,5.5,5.67,47911,272000.0,108,,29458.0,61.48,new
SHANTIGEAR, EQ,2026-09-29,625.0,625.0,601.65,601.65,601.65,633.3,81490,49229000.0,3055,,38624.0,47.4,new
SHANTIGOLD, EQ,2026-09-29,310.0,314.99,296.85,306.85,305.0,308.77,3338239,1024082000.0,40322,,920134.0,27.56,new
SHANTIINOR, SM,2026-09-29,173.0,181.65,172.5,177.7,177.0,177.45,91200,16183000.000000002,50,,49600.0,54.39,new
SHARDACROP, EQ,2026-09-29,721.0,737.15,716.0,721.45,717.0,729.1,120611,87499000.0,12747,,56211.0,46.61,new
SHARDAMOTR, EQ,2026-09-29,948.0,976.5,931.0,971.25,975.25,945.1,50632,48608000.0,5315,,28004.0,55.31,new
SHARDUL, BE,2026-09-29,56.6,56.6,55.01,55.54,56.18,55.56,3166,176000.0,43,,,,new
SHAREINDIA, EQ,2026-09-29,206.1,213.12,202.22,205.68,205.1,206.1,1274403,263826000.00000003,18301,,304133.0,23.86,new
SHARIABEES, EQ,2026-09-29,443.36,443.36,421.0,425.18,432.6,432.55,14218,6059000.0,666,,10727.0,75.45,new
SHBAJRG, EQ,2026-09-29,169.99,172.0,165.0,169.16,168.27,169.72,13884,2350000.0,246,,11744.0,84.59,new
SHEEL, SM,2026-09-29,60.2,60.2,60.2,60.2,60.2,63.0,4000,241000.0,2,,4000.0,100.0,new
SHEETAL, SM,2026-09-29,356.95,357.0,351.05,354.0,357.0,357.0,2000,711000.0,4,,1500.0,75.0,new
SHEKHAWATI, BE,2026-09-29,30.18,30.18,30.18,30.18,30.18,28.75,29954,903999.9999999999,113,,,,new
SHEMAROO, EQ,2026-09-29,121.7,123.0,116.56,117.95,116.56,121.65,3375,405999.99999999994,96,,2277.0,67.47,new
SHERA, SM,2026-09-29,190.0,197.0,185.25,195.3,196.0,190.7,157000,30467000.0,94,,140000.0,89.17,new
SHERVANI, EQ,2026-09-29,325.0,325.0,325.0,325.0,325.0,348.55,10,3000.0,2,,10.0,100.0,new
SHETHJI, SM,2026-09-29,190.0,190.0,185.0,187.1,187.25,187.15,91000,16929000.0,19,,84000.0,92.31,new
SHIGAN, SM,2026-09-29,63.8,63.8,58.3,58.3,58.3,60.55,3000,183000.0,2,,0.0,0.0,new
SHILCTECH, EQ,2026-09-29,4061.0,4143.9,4003.0,4032.7,4016.0,4061.3,42437,173057000.0,8721,,20015.0,47.16,new
SHILGRAVQ, EQ,2026-09-29,143.36,148.8,138.0,139.82,144.69,143.36,4090,573000.0,200,,2967.0,72.54,new
SHILPAMED, EQ,2026-09-29,1033.1,1071.1,1018.7,1055.75,1052.95,1025.25,875494,916414000.0,52315,,338416.0,38.65,new
SHINDL, EQ,2026-09-29,159.49,160.99,158.05,160.1,160.25,160.03,126506,20146000.0,858,,85176.0,67.33,new
SHIPROCKET, EQ,2026-09-29,120.5,122.1,118.75,119.99,120.02,120.9,2378663,286432000.0,38053,,871639.0,36.64,new
SHIVAAGRO, EQ,2026-09-29,39.0,39.9,38.0,39.13,39.9,38.99,4117,160000.0,71,,3587.0,87.13,new
SHIVACEM, EQ,2026-09-29,15.01,15.49,14.7,14.91,14.9,15.21,104609,1571000.0,408,,92116.0,88.06,new
SHIVALIK, EQ,2026-09-29,411.0,419.55,401.7,411.35,412.9,407.95,66902,27477999.999999996,2946,,36842.0,55.07,new
SHIVAMAUTO, EQ,2026-09-29,17.3,17.99,16.51,16.7,16.67,17.22,59079,998000.0,329,,41994.0,71.08,new
SHIVAMILLS, EQ,2026-09-29,58.06,60.0,57.53,60.0,60.0,60.55,3075,180000.0,35,,1227.0,39.9,new
SHIVASHRIT, SM,2026-09-29,113.7,114.95,110.35,113.3,113.45,113.75,22000,2490000.0,17,,6000.0,27.27,new
SHIVATEX, EQ,2026-09-29,175.0,175.0,165.45,168.97,169.35,165.91,1956,332000.0,66,,1455.0,74.39,new
SHIVAUM, EQ,2026-09-29,544.0,548.8,542.0,545.4,542.25,544.2,13192,7192000.0,151,,11406.0,86.46,new
SHK, EQ,2026-09-29,137.02,142.28,136.23,140.33,139.25,137.78,276049,38555000.0,5588,,149025.0,53.98,new
SHKSIL, SM,2026-09-29,33.35,33.35,33.35,33.35,33.35,33.6,2000,67000.0,1,,2000.0,100.0,new
SHOPERSTOP, EQ,2026-09-29,417.45,423.15,405.55,418.95,418.9,421.8,121522,50453000.0,7456,,47855.0,39.38,new
SHRADDHA, EQ,2026-09-29,151.55,151.55,146.11,147.91,147.89,150.9,3246,482000.0,158,,2634.0,81.15,new
SHRADHA, EQ,2026-09-29,30.25,30.25,29.55,29.58,29.55,29.48,667,20000.0,35,,616.0,92.35,new
SHREDIGCEM, EQ,2026-09-29,66.24,67.19,65.21,66.41,65.6,66.61,31536,2093000.0,823,,13965.0,44.28,new
SHREECEM, EQ,2026-09-29,22170.0,22360.0,21550.0,21900.0,21900.0,22170.0,450209,9842908000.0,38763,,333143.0,74.0,new
SHREEDHAR, ST,2026-09-29,164.95,164.95,156.75,156.75,156.75,165.0,26000,4110000.0,8,,26000.0,100.0,new
SHREEJISPG, EQ,2026-09-29,755.0,767.1,754.0,763.3,762.95,752.8,864463,658290000.0,13304,,320832.0,37.11,new
SHREEKARNI, SM,2026-09-29,378.0,378.0,378.0,378.0,378.0,377.4,300,112999.99999999999,1,,300.0,100.0,new
SHREEOSFM, SM,2026-09-29,51.95,52.0,51.0,51.0,51.0,52.0,3000,155000.0,3,,3000.0,100.0,new
SHREEPUSHK, EQ,2026-09-29,492.4,494.95,476.55,481.9,476.55,496.85,30375,14799000.0,1890,,18357.0,60.43,new
SHREERAMA, EQ,2026-09-29,43.03,43.95,43.01,43.71,43.88,43.39,39201,1710000.0000000002,525,,29304.0,74.75,new
SHRENIK, BZ,2026-09-29,0.3,0.3,0.28,0.29,0.29,0.29,311187,89000.0,129,,,,new
SHREYANIND, EQ,2026-09-29,130.29,130.29,129.0,129.0,129.0,129.0,5110,660000.0,45,,4723.0,92.43,new
SHRIAHIMSA, SM,2026-09-29,435.05,444.95,427.0,437.55,436.0,440.0,20400,8826000.0,31,,12600.0,61.76,new
SHRIKANHA, SM,2026-09-29,22.4,22.5,22.4,22.5,22.5,23.55,17600,394000.0,11,,16000.0,90.91,new
SHRIKRISH, EQ,2026-09-29,36.0,36.11,36.0,36.1,36.1,35.2,129,5000.0,7,,129.0,100.0,new
SHRINGARMS, EQ,2026-09-29,219.78,221.4,214.5,215.91,215.0,218.04,319671,69627000.0,5189,,110131.0,34.45,new
SHRIPISTON, EQ,2026-09-29,4647.5,4841.1,4558.6,4749.2,4725.0,4645.3,272659,1283608000.0,47548,,144176.0,52.88,new
SHRIRAMFIN, EQ,2026-09-29,975.0,986.2,967.9,971.5,971.5,976.3,6176420,6030357000.0,225808,,4546322.0,73.61,new
SHRIRAMPPS, EQ,2026-09-29,70.01,70.1,68.51,69.86,70.0,70.09,219843,15241000.0,2946,,105965.0,48.2,new
SHRITECH, SM,2026-09-29,60.15,62.0,60.0,60.0,60.0,62.0,8000,484999.99999999994,4,,6000.0,75.0,new
SHRJAGP, EQ,2026-09-29,637.7,637.7,620.1,634.35,637.7,637.25,251,157000.0,49,,212.0,84.46,new
SHUBHLAXMI, SM,2026-09-29,18.2,18.2,18.15,18.15,18.15,19.05,4000,73000.0,4,,4000.0,100.0,new
SHUBHSHREE, SM,2026-09-29,335.6,335.6,335.6,335.6,335.6,345.95,300,101000.0,1,,300.0,100.0,new
SHUKRAPHAR, EQ,2026-09-29,60.25,62.49,59.0,60.3,60.2,59.43,8970388,542762000.0,51081,,1484496.0,16.55,new
SHYAMCENT, BE,2026-09-29,4.96,5.09,4.95,4.99,5.09,4.96,48331,241000.0,83,,,,new
SHYAMDHANI, SM,2026-09-29,52.05,52.05,52.0,52.0,52.0,54.15,6000,312000.0,3,,4000.0,66.67,new
SHYAMMETL, EQ,2026-09-29,1064.0,1085.7,1056.0,1074.0,1075.5,1068.7,236237,253528000.00000003,14295,,99150.0,41.97,new
SHYAMTEL, EQ,2026-09-29,11.14,11.46,10.3,10.86,10.85,11.16,15046,163000.0,40,,8802.0,58.5,new
SICAGEN, EQ,2026-09-29,51.86,52.4,50.5,51.18,51.75,52.12,7947,408000.0,86,,5616.0,70.67,new
SICALLOG, BE,2026-09-29,90.98,91.5,87.01,89.12,89.45,89.14,24853,2231000.0,94,,,,new
SIEL, EQ,2026-09-29,30.5,30.5,30.5,30.5,30.5,30.5,11,0.0,1,,11.0,100.0,new
SIEMENS, EQ,2026-09-29,3769.6,3814.6,3710.0,3710.0,3710.0,3785.5,344496,1299210000.0,31488,,175145.0,50.84,new
SIGACHI, EQ,2026-09-29,28.98,29.95,28.05,28.76,29.1,28.77,4607371,133559999.99999999,17115,,1082785.0,23.5,new
SIGIND, BE,2026-09-29,70.99,70.99,67.1,68.37,69.3,69.04,6858,468000.0,108,,,,new
SIGMA, EQ,2026-09-29,44.06,44.74,43.07,43.9,44.0,44.74,65048,2855000.0,1531,,42924.0,65.99,new
SIGMAADV, BE,2026-09-29,915.0,976.9,904.85,976.9,976.9,930.4,564099,543270000.0,5743,,,,new
SIGNATURE, EQ,2026-09-29,775.95,775.95,751.0,754.45,753.1,780.35,298048,228277000.0,12829,,45637.0,15.31,new
SIGNPOST, EQ,2026-09-29,262.05,265.7,255.6,257.85,256.0,264.4,36505,9500000.0,1227,,24519.0,67.17,new
SIKA, EQ,2026-09-29,1032.0,1032.0,999.2,1025.45,1032.0,1021.35,24835,25303000.0,2820,,13484.0,54.29,new
SIKKO, BE,2026-09-29,6.53,6.61,6.28,6.51,6.52,6.53,488459,3165000.0,734,,,,new
SIL, EQ,2026-09-29,16.5,16.89,15.9,16.42,16.45,16.63,36876,599000.0,338,,18799.0,50.98,new
SILGO, EQ,2026-09-29,69.03,71.52,68.5,70.49,71.0,68.31,113792,7893000.000000001,927,,102990.0,90.51,new
SILINV, EQ,2026-09-29,440.0,453.0,432.2,436.6,435.95,444.7,1251,548000.0,146,,928.0,74.18,new
SILKY, SM,2026-09-29,66.15,68.95,65.0,67.75,67.75,69.8,8000,531000.0,10,,4800.0,60.0,new
SILVER, EQ,2026-09-29,219.71,219.71,217.67,218.64,218.53,220.19,825833,180535000.0,8992,,422734.0,51.19,new
SILVER001, EQ,2026-09-29,21.84,22.5,21.84,22.12,22.17,22.27,110840,2453000.0,100,,98044.0,88.46,new
SILVER1, EQ,2026-09-29,21.37,21.37,21.14,21.23,21.23,21.41,5236811,111199000.0,4698,,2014413.0,38.47,new
SILVER360, EQ,2026-09-29,217.0,217.0,214.78,215.68,215.72,217.62,7026,1515000.0,244,,5014.0,71.36,new
SILVERADD, EQ,2026-09-29,21.19,21.19,20.99,21.07,21.09,21.19,2489623,52447000.0,5755,,1357842.0,54.54,new
SILVERAG, EQ,2026-09-29,214.0,214.06,212.17,213.24,213.09,214.33,196016,41779000.0,2038,,141326.0,72.1,new
SILVERAXIS, EQ,2026-09-29,218.83,218.83,216.6,217.68,217.99,219.23,317194,69013000.0,2471,,269883.0,85.08,new
SILVERBEES, EQ,2026-09-29,209.85,210.3,208.37,209.15,209.36,210.65,17086240,3574851999.9999995,77710,,9448775.0,55.3,new
SILVERBETA, EQ,2026-09-29,212.01,212.16,210.37,211.4,211.11,212.36,363511,76786000.0,3576,,248277.0,68.3,new
SILVERBND, EQ,2026-09-29,221.03,221.03,218.7,219.43,220.2,221.03,27963,6145000.0,333,,25559.0,91.4,new
SILVERCASE, EQ,2026-09-29,22.29,22.29,22.08,22.17,22.19,22.35,5221929,115852000.0,7550,,2647842.0,50.71,new
SILVERIETF, EQ,2026-09-29,219.5,219.5,217.56,218.43,218.45,220.2,2136335,466750000.0,16652,,1013247.0,47.43,new
SILVERTUC, EQ,2026-09-29,145.0,147.27,139.26,140.59,141.9,145.8,260831,36975000.0,4830,,127631.0,48.93,new
SIMBHALS, BZ,2026-09-29,6.43,6.43,6.31,6.31,6.31,6.43,14392,91000.0,23,,,,new
SIMCA, ST,2026-09-29,287.0,298.0,276.15,291.0,291.0,288.5,37200,10600000.0,45,,37200.0,100.0,new
SIMPLEXINF, EQ,2026-09-29,241.15,245.75,237.3,242.85,239.5,241.1,67083,16231000.0,1847,,41934.0,62.51,new
SIMPLXREA, EQ,2026-09-29,130.88,130.88,130.88,130.88,130.88,126.69,1,0.0,1,,1.0,100.0,new
SINCLAIR, EQ,2026-09-29,78.5,79.15,77.0,77.43,78.0,78.47,15996,1245000.0,475,,11641.0,72.77,new
SINDHUTRAD, EQ,2026-09-29,22.99,23.19,22.65,22.86,23.09,23.24,152237,3497000.0,763,,79757.0,52.39,new
SINGERIND, EQ,2026-09-29,76.2,77.68,75.21,76.79,76.75,77.43,60317,4610000.0,552,,25580.0,42.41,new
SINTERCOM, EQ,2026-09-29,77.5,77.5,74.7,76.96,76.95,76.78,2593,198000.0,90,,2119.0,81.72,new
SIRCA, EQ,2026-09-29,406.0,413.0,401.0,408.05,407.0,406.6,147126,60025000.0,2983,,51577.0,35.06,new
SIS, EQ,2026-09-29,394.2,424.4,394.15,418.65,420.0,394.2,413495,170084000.0,19649,,209977.0,50.78,new
SITINET, BZ,2026-09-29,0.27,0.28,0.27,0.27,0.27,0.27,434860,118000.0,188,,,,new
SIYSIL, EQ,2026-09-29,534.9,543.95,525.15,541.4,536.0,533.35,28804,15469000.0,2724,,14670.0,50.93,new
SJLOGISTIC, SM,2026-09-29,319.0,324.7,314.1,322.55,321.0,317.0,30500,9729000.0,88,,22750.0,74.59,new
SJS, EQ,2026-09-29,2262.5,2377.1,2260.0,2309.8,2305.0,2261.7,271747,630953000.0,28352,,125146.0,46.05,new
SJVN, EQ,2026-09-29,61.1,61.35,59.42,59.83,59.68,61.06,10622257,636888000.0,67437,,6050806.0,56.96,new
SKFINDIA, EQ,2026-09-29,1512.0,1536.4,1476.2,1514.0,1500.0,1511.8,164121,246966000.0,23478,,66648.0,40.61,new
SKFINDUS, EQ,2026-09-29,2881.0,2881.0,2721.3,2789.0,2792.9,2881.7,190210,527707000.0,36330,,97007.0,51.0,new
SKIPPER, EQ,2026-09-29,533.5,544.5,529.65,541.55,541.0,535.65,508233,273847000.0,18184,,226372.0,44.54,new
SKMEGGPROD, EQ,2026-09-29,211.5,220.7,208.3,219.1,219.0,211.35,184627,39931000.0,3760,,85606.0,46.37,new
SKP, SM,2026-09-29,163.0,167.0,163.0,166.95,167.0,162.55,34500,5736000.0,20,,34500.0,100.0,new
SKYGOLD, EQ,2026-09-29,799.65,831.85,795.0,820.85,827.0,796.95,1433357,1163553000.0,32962,,901862.0,62.92,new
SKYTECH, SM,2026-09-29,35.3,35.3,35.3,35.3,35.3,33.65,32000,1130000.0,17,,32000.0,100.0,new
SKYWAYS, EQ,2026-09-29,119.5,119.7,114.85,115.31,115.4,119.21,2023181,236755000.00000003,21221,,537150.0,26.55,new
SLONE, ST,2026-09-29,167.0,167.4,167.0,167.4,167.4,168.25,800,134000.0,2,,800.0,100.0,new
SMALL250, EQ,2026-09-29,17.94,18.6,17.73,17.9,17.77,17.94,661963,11820000.0,943,,424829.0,64.18,new
SMALLADD, EQ,2026-09-29,18.35,18.35,17.61,17.85,18.04,17.99,22836,408000.0,354,,9738.0,42.64,new
SMALLCAP, EQ,2026-09-29,47.58,48.98,47.35,47.72,47.69,47.89,1606755,76764000.0,4697,,860617.0,53.56,new
SMALLGROWW, EQ,2026-09-29,48.49,48.49,47.23,47.9,48.0,48.54,10786,516000.0,141,,9918.0,91.95,new
SMALLIETF, EQ,2026-09-29,17.9,18.21,17.6,17.8,17.82,17.94,117491,2087000.0,230,,56944.0,48.47,new
SMARTEN, SM,2026-09-29,63.8,63.8,60.65,60.7,60.7,63.8,24000,1467000.0,14,,20400.0,85.0,new
SMARTLINK, BE,2026-09-29,209.0,216.94,203.0,203.47,203.41,208.53,2095,434999.99999999994,54,,,,new
SMARTWORKS, EQ,2026-09-29,509.65,517.25,499.7,514.25,513.35,511.65,190804,97360000.0,8731,,95283.0,49.94,new
SMCGLOBAL, EQ,2026-09-29,97.0,107.0,89.4,92.98,92.1,97.23,24531586,2363925000.0,172228,,2334780.0,9.52,new
SML100CASE, EQ,2026-09-29,11.05,11.35,10.88,11.12,11.09,10.99,2956680,32602000.0,1873,,1152810.0,38.99,new
SMLMAH, EQ,2026-09-29,6575.0,6660.0,6485.5,6616.5,6599.0,6515.5,34312,226125000.0,6182,,10839.0,31.59,new
SMLT, EQ,2026-09-29,60.9,60.9,58.23,59.31,59.43,58.81,1905,112999.99999999999,81,,1179.0,61.89,new
SMSPHARMA, EQ,2026-09-29,462.0,482.8,453.65,479.4,478.0,462.15,613848,288541000.0,17909,,255903.0,41.69,new
SMVD, SM,2026-09-29,15.3,15.3,15.3,15.3,15.3,14.6,4040,62000.0,1,,4040.0,100.0,new
SNEHAA, SM,2026-09-29,43.15,43.15,43.15,43.15,43.15,45.2,1000,43000.0,1,,1000.0,100.0,new
SNOWMAN, EQ,2026-09-29,35.2,35.39,34.3,34.69,34.81,35.09,111336,3876000.0,1165,,58553.0,52.59,new
SNXT30BEES, EQ,2026-09-29,40.5,41.74,40.5,41.0,41.0,41.13,9338,383000.0,107,,5721.0,61.27,new
SNXT50BETA, EQ,2026-09-29,91.12,91.49,89.08,90.13,90.15,90.67,1432,128000.0,65,,839.0,58.59,new
SOBHA, EQ,2026-09-29,1221.4,1227.8,1192.0,1216.5,1204.1,1218.7,101240,122703000.0,15427,,50926.0,50.3,new
SOCL, SM,2026-09-29,28.2,28.4,26.6,27.4,26.6,28.0,17600,488000.0,9,,16000.0,90.91,new
SOFTTECH, EQ,2026-09-29,505.0,510.0,484.55,502.85,496.05,495.0,16051,7941000.0,293,,14581.0,90.84,new
SOLARA, EQ,2026-09-29,735.0,767.9,730.1,749.85,754.0,736.3,423670,319059000.0,18728,,146753.0,34.64,new
SOLARINDS, EQ,2026-09-29,19125.0,19400.0,18650.0,18650.0,18650.0,19150.0,226436,4328476000.0,46543,,118165.0,52.18,new
SOLARWORLD, EQ,2026-09-29,131.03,132.53,126.2,128.98,128.0,131.49,305013,39405000.0,5228,,134766.0,44.18,new
SOLEX, EQ,2026-09-29,695.45,698.6,678.8,688.55,694.0,695.45,38674,26641000.000000004,2916,,17512.0,45.28,new
SOMANYCERA, EQ,2026-09-29,614.45,624.95,610.7,613.85,620.0,620.05,68751,42445000.0,6243,,36524.0,53.13,new
SOMATEX, EQ,2026-09-29,80.0,81.99,77.8,81.52,81.95,80.35,15615,1249000.0,496,,15100.0,96.7,new
SOMICONVEY, EQ,2026-09-29,91.68,91.68,88.26,88.62,88.6,89.18,5800,515000.00000000006,272,,4905.0,84.57,new
SONA, BE,2026-09-29,96.1,99.99,96.1,98.41,98.5,96.95,378373,36774000.0,2697,,,,new
SONACOMS, EQ,2026-09-29,808.0,827.8,797.7,815.65,815.65,807.9,4300310,3510429000.0,59351,,2476067.0,57.58,new
SONAL, EQ,2026-09-29,87.5,91.75,87.4,91.72,91.75,92.0,508,44000.0,17,,496.0,97.64,new
SONAMLTD, BE,2026-09-29,69.57,71.9,67.75,68.4,68.5,69.54,90979,6247000.0,195,,,,new
SONATSOFTW, EQ,2026-09-29,272.05,276.2,258.2,260.85,260.7,274.05,2520359,664286000.0,38984,,1566960.0,62.17,new
SONUINFRA, SM,2026-09-29,41.8,45.8,41.8,45.8,45.8,44.0,12000,544000.0,4,,10500.0,87.5,new
SOTL, EQ,2026-09-29,703.5,721.0,694.1,717.0,710.9,699.3,192685,136689000.0,10286,,73687.0,38.24,new
SOUTHBANK, EQ,2026-09-29,48.54,49.41,47.85,48.71,48.7,48.64,10559473,512929000.0,37182,,3715559.0,35.19,new
SOUTHWEST, EQ,2026-09-29,188.8,197.05,182.82,183.41,183.99,189.85,110534,20520000.0,3366,,64289.0,58.16,new
SPAL, EQ,2026-09-29,950.0,953.8,930.6,935.8,942.4,948.5,19945,18782000.0,1908,,9925.0,49.76,new
SPANDANA, EQ,2026-09-29,228.35,231.3,225.1,226.67,225.25,228.35,96391,21929000.0,3270,,44937.0,46.62,new
SPARC, EQ,2026-09-29,204.5,211.0,203.3,208.85,208.91,202.85,1452486,301641000.0,29753,,546488.0,37.62,new
SPCENET, EQ,2026-09-29,3.23,3.36,3.15,3.19,3.22,3.29,569986,1830999.9999999998,494,,408980.0,71.75,new
SPCL, SM,2026-09-29,64.15,66.5,64.15,64.9,64.55,67.1,11400,741000.0,19,,7800.0,68.42,new
SPCON, SM,2026-09-29,172.0,172.0,172.0,172.0,172.0,167.0,1200,206000.0,1,,1200.0,100.0,new
SPEB, SM,2026-09-29,87.5,87.5,87.5,87.5,87.5,91.0,2000,175000.0,1,,2000.0,100.0,new
SPECIALITY, BE,2026-09-29,151.0,156.0,148.0,153.99,151.25,150.89,15975,2411000.0,178,,,,new
SPECTRAA, ST,2026-09-29,240.1,252.95,240.0,248.1,247.0,248.5,226800,56012000.0,160,,217200.0,95.77,new
SPECTRUM, BE,2026-09-29,3624.0,3757.0,3595.0,3720.9,3700.0,3578.7,28315,104509999.99999999,829,,,,new
SPECTSTM, SM,2026-09-29,57.95,61.9,57.95,60.0,60.0,55.5,6400,384000.0,8,,5600.0,87.5,new
SPENCERS, EQ,2026-09-29,27.41,27.99,27.06,27.4,27.21,27.41,21309,583000.0,323,,15804.0,74.17,new
SPIC, EQ,2026-09-29,62.53,63.9,62.06,63.47,63.1,62.75,215758,13576000.0,2557,,95661.0,44.34,new
SPLIL, EQ,2026-09-29,29.76,30.5,29.6,29.89,29.89,29.87,1527,46000.0,28,,1524.0,99.8,new
SPLPETRO, EQ,2026-09-29,867.0,881.9,820.05,831.85,834.0,864.85,902463,758979000.0,40122,,517658.0,57.36,new
SPMLINFRA, EQ,2026-09-29,160.0,165.0,158.98,162.07,160.0,161.42,105856,17164000.0,2217,,56933.0,53.78,new
SPORTKING, EQ,2026-09-29,208.0,213.9,203.31,212.16,213.3,207.42,247793,52028000.0,6987,,148001.0,59.73,new
SPPPOLY, SM,2026-09-29,11.45,11.85,11.4,11.85,11.85,12.0,14000,161000.0,7,,6000.0,42.86,new
SPRL, SM,2026-09-29,132.65,132.65,132.65,132.65,132.65,126.35,800,106000.0,1,,800.0,100.0,new
SPUNWEB, SM,2026-09-29,99.25,103.0,99.25,100.0,100.0,99.25,8400,857000.0,4,,8400.0,100.0,new
SRD, EQ,2026-09-29,39.05,39.5,37.98,38.78,39.5,39.03,27031,1036000.0,242,,20621.0,76.29,new
SREEL, BE,2026-09-29,299.22,301.0,286.12,288.86,288.0,296.09,9417,2743000.0,146,,,,new
SRF, EQ,2026-09-29,2491.8,2498.7,2417.9,2420.1,2420.1,2491.5,290746,712063000.0,21688,,146435.0,50.37,new
SRGHFL, EQ,2026-09-29,137.2,139.45,135.05,138.7,139.0,140.95,3048,418000.0,110,,2486.0,81.56,new
SRHHYPOLTD, EQ,2026-09-29,570.0,595.95,560.1,575.5,571.4,570.0,37670,21604000.0,2578,,21187.0,56.24,new
SRIKPRIND, BE,2026-09-29,27.78,27.78,26.4,27.48,27.48,27.78,923,25000.0,21,,,,new
SRIVASAVI, ST,2026-09-29,77.65,77.65,77.65,77.65,77.65,81.7,5000,388000.0,5,,5000.0,100.0,new
SRM, EQ,2026-09-29,408.55,415.2,400.4,408.25,405.3,407.35,37125,15194000.0,2165,,18147.0,48.88,new
SRTL, EQ,2026-09-29,37.75,38.0,36.5,37.35,37.45,37.2,12493,465000.00000000006,286,,9359.0,74.91,new
SSDL, EQ,2026-09-29,86.52,86.78,82.19,83.92,84.0,81.52,411654,34425000.0,6492,,214500.0,52.11,new
SSEGL, SM,2026-09-29,389.5,391.4,368.0,374.45,374.0,380.05,38600,14558000.000000002,162,,24600.0,63.73,new
SSFL, ST,2026-09-29,282.0,282.0,277.05,282.0,282.0,282.0,4500,1267000.0,8,,4500.0,100.0,new
SSRETAIL, EQ,2026-09-29,742.15,775.75,691.0,746.85,764.0,716.95,16835075,12206783000.0,368050,,1447084.0,8.6,new
SSWL, EQ,2026-09-29,390.85,404.7,378.6,400.65,403.0,388.65,2695286,1061154000.0000001,65896,,955099.0,35.44,new
STALLION, BE,2026-09-29,224.0,224.85,210.47,219.58,219.0,221.54,299520,64835000.0,2248,,,,new
STANLEY, EQ,2026-09-29,133.35,145.0,133.34,137.58,137.48,135.81,340920,47309000.0,5068,,103130.0,30.25,new
STAR, EQ,2026-09-29,1143.1,1182.5,1131.0,1172.6,1171.0,1151.4,229635,266850000.0,28294,,107821.0,46.95,new
STARCEMENT, EQ,2026-09-29,182.33,182.33,175.2,178.1,177.7,182.42,649952,115608999.99999999,15813,,280243.0,43.12,new
STARHEALTH, EQ,2026-09-29,550.0,561.65,535.9,538.1,539.5,552.5,631624,342257000.0,43649,,361040.0,57.16,new
STARPAPER, EQ,2026-09-29,152.0,153.8,150.0,153.03,153.0,151.52,7247,1103000.0,116,,5683.0,78.42,new
STARTECK, EQ,2026-09-29,340.0,350.0,315.6,335.4,333.05,314.0,57813,19103000.0,1867,,17242.0,29.82,new
STCINDIA, EQ,2026-09-29,107.7,107.95,105.0,106.98,107.25,106.91,12618,1341000.0,387,,7550.0,59.84,new
STEAMHOUSE, EQ,2026-09-29,107.52,114.0,106.0,110.86,111.0,107.57,4482102,494913000.0,29119,,1646334.0,36.73,new
STEELCAS, EQ,2026-09-29,368.0,380.6,363.1,371.8,373.15,370.75,208433,78006000.0,6020,,97397.0,46.73,new
STEELCITY, EQ,2026-09-29,80.52,82.39,80.52,82.18,81.5,81.88,3684,300000.0,128,,2895.0,78.58,new
STEELXIND, EQ,2026-09-29,11.11,11.29,10.94,11.19,11.18,11.1,4198763,46743000.0,3579,,1601193.0,38.13,new
STEL, EQ,2026-09-29,611.8,618.45,592.75,597.95,600.0,608.7,1691,1025000.0,356,,866.0,51.21,new
STERTOOLS, EQ,2026-09-29,226.0,226.0,215.28,221.24,221.26,224.13,27442,6036000.0,746,,15477.0,56.4,new
STLNETWORK, EQ,2026-09-29,51.0,51.09,49.46,49.46,49.46,52.06,16727248,832790000.0,13499,,6658471.0,39.81,new
STLSTRINF, EQ,2026-09-29,23.0,24.5,22.5,23.0,23.01,23.8,4936,115999.99999999999,77,,3465.0,70.2,new
STLTECH, BE,2026-09-29,803.0,866.6,792.1,866.6,866.6,825.35,3661693,3121301000.0,46173,,,,new
STOVEKRAFT, EQ,2026-09-29,796.0,820.1,795.0,813.65,815.8,797.15,55896,45225000.0,4617,,27941.0,49.99,new
STRIDERS, SM,2026-09-29,53.7,56.4,47.6,50.95,50.95,51.7,28800,1470000.0,18,,14400.0,50.0,new
STUDDS, EQ,2026-09-29,400.0,400.0,395.0,395.65,395.5,398.0,27815,11074000.0,2911,,16287.0,58.55,new
STUDIOLSD, SM,2026-09-29,8.95,8.95,8.95,8.95,8.95,9.0,4000,36000.0,2,,4000.0,100.0,new
STYL, EQ,2026-09-29,373.75,383.35,360.3,368.8,372.0,370.35,243419,89352000.0,8165,,110532.0,45.41,new
STYLAMIND, EQ,2026-09-29,3281.3,3410.0,3252.1,3336.4,3340.0,3281.3,99369,332685000.0,18272,,45438.0,45.73,new
STYLEBAAZA, EQ,2026-09-29,395.15,407.95,385.0,405.0,407.8,394.5,2149007,853073000.0,19558,,1240278.0,57.71,new
STYRENIX, EQ,2026-09-29,2035.4,2035.4,1969.7,2000.8,2001.4,2036.4,85384,170405000.0,10548,,37724.0,44.18,new
SUBAHOTELS, SM,2026-09-29,90.5,91.7,87.2,91.7,91.7,90.6,26400,2360000.0,21,,20400.0,77.27,new
SUBEXLTD, EQ,2026-09-29,20.31,20.65,19.73,20.35,20.39,20.33,8281592,167190000.0,18051,,2573409.0,31.07,new
SUBROS, EQ,2026-09-29,702.65,712.7,689.0,702.2,700.0,700.3,45674,32111000.0,3360,,19980.0,43.74,new
SUDARCOLOR, EQ,2026-09-29,394.9,394.9,380.55,383.7,380.9,387.9,1632,627000.0,209,,980.0,60.05,new
SUDARSCHEM, EQ,2026-09-29,1205.0,1209.8,1166.5,1197.3,1185.0,1199.6,146487,174897000.0,16834,,62597.0,42.73,new
SUDEEPPHRM, EQ,2026-09-29,1138.8,1195.7,1138.8,1195.2,1195.7,1138.8,314140,373381000.0,8896,,227924.0,72.55,new
SUKHJITS, EQ,2026-09-29,159.05,159.84,156.69,157.95,158.12,157.1,7250,1147000.0,267,,5652.0,77.96,new
SULA, EQ,2026-09-29,133.5,135.0,131.55,131.77,131.86,133.5,176993,23421000.0,4230,,88771.0,50.16,new
SUMAX, SM,2026-09-29,110.0,110.0,102.0,105.15,106.0,110.0,142800,15076000.0,107,,109200.0,76.47,new
SUMEDHA, EQ,2026-09-29,43.92,45.03,43.0,43.63,44.54,43.96,394,17000.0,22,,371.0,94.16,new
SUMEETINDS, EQ,2026-09-29,11.28,11.5,11.06,11.2,11.2,11.59,655070,7325000.0,1243,,484996.0,74.04,new
SUMICHEM, EQ,2026-09-29,435.0,435.1,424.6,431.15,431.0,433.75,221398,95262000.0,12135,,141309.0,63.83,new
SUMIT, EQ,2026-09-29,51.0,51.0,47.07,49.97,49.98,49.52,19588,969000.0,182,,15151.0,77.35,new
SUMMITSEC, EQ,2026-09-29,1352.7,1352.7,1312.1,1322.6,1325.0,1337.4,1753,2320000.0,475,,1100.0,62.75,new
SUNCLAY, EQ,2026-09-29,1245.2,1272.0,1228.0,1231.5,1230.0,1229.9,6088,7545999.999999999,600,,3575.0,58.72,new
SUNDARAM, EQ,2026-09-29,1.13,1.15,1.1,1.1,1.11,1.13,586450,658000.0,319,,475754.0,81.12,new
SUNDARMFIN, EQ,2026-09-29,4462.8,4462.8,4310.1,4334.8,4324.9,4453.4,51607,224366000.0,14242,,27404.0,53.1,new
SUNDRMBRAK, EQ,2026-09-29,681.0,694.5,669.0,671.75,670.5,698.8,1060,717000.0,128,,544.0,51.32,new
SUNDRMFAST, EQ,2026-09-29,1169.8,1170.9,1132.8,1143.2,1145.0,1166.6,696456,801970000.0,33030,,427713.0,61.41,new
SUNDROP, EQ,2026-09-29,734.0,753.0,715.95,750.75,753.0,740.2,23591,17505000.0,1149,,12287.0,52.08,new
SUNFLAG, EQ,2026-09-29,459.4,469.0,435.15,464.3,465.0,449.2,2158845,981877000.0,40223,,710859.0,32.93,new
SUNLITE, SM,2026-09-29,602.05,635.0,599.95,625.2,633.0,606.25,24300,14997000.0,74,,18300.0,75.31,new
SUNLOC, EQ,2026-09-29,68.0,68.0,68.0,68.0,68.0,70.9,2,0.0,1,,2.0,100.0,new
SUNPHARMA, EQ,2026-09-29,1853.9,1865.0,1836.6,1865.0,1865.0,1838.0,3083083,5706539000.0,92484,,1969001.0,63.86,new
SUNRAKSHAK, EQ,2026-09-29,366.9,368.3,357.0,365.6,363.05,359.65,4961,1794000.0000000002,429,,3725.0,75.09,new
SUNREST, SM,2026-09-29,38.0,38.0,38.0,38.0,38.0,36.25,1600,61000.0,1,,1600.0,100.0,new
SUNSHIEL, EQ,2026-09-29,1134.9,1139.0,1080.0,1087.5,1090.0,1113.5,3514,3903000.0,342,,2680.0,76.27,new
SUNSHINE, EQ,2026-09-29,449.85,457.05,431.4,445.05,441.0,448.85,1277165,567052000.0,10178,,587229.0,45.98,new
SUNTECH, SM,2026-09-29,36.6,36.7,36.6,36.7,36.7,38.5,6400,234000.0,4,,3200.0,50.0,new
SUNTECK, EQ,2026-09-29,276.0,285.45,268.55,280.3,277.15,276.75,327510,90663000.0,9598,,147692.0,45.1,new
SUNTV, EQ,2026-09-29,519.6,559.95,510.45,553.25,552.55,519.9,3444850,1864595000.0,81645,,1191998.0,34.6,new
SUPERHOUSE, EQ,2026-09-29,160.77,164.87,159.0,159.9,161.69,160.77,1609,258000.0,88,,1063.0,66.07,new
SUPERSPIN, BE,2026-09-29,7.54,8.0,7.54,7.7,7.7,7.86,32653,256000.0,46,,,,new
SUPRAJIT, EQ,2026-09-29,481.2,495.0,475.55,492.1,495.0,483.6,94276,46075000.0,5958,,63636.0,67.5,new
SUPREME, EQ,2026-09-29,30.2,31.75,29.06,29.77,29.06,31.55,58980,1798999.9999999998,451,,51876.0,87.96,new
SUPREMEENG, BZ,2026-09-29,4.08,4.08,4.08,4.08,4.08,4.0,260877,1064000.0,89,,,,new
SUPREMEIND, EQ,2026-09-29,3499.0,3499.0,3444.0,3445.8,3445.8,3499.8,129446,448408000.0,15454,,65887.0,50.9,new
SUPREMEINF, EQ,2026-09-29,82.4,82.4,76.16,77.83,76.32,79.72,32183,2532000.0,1121,,17682.0,54.94,new
SUPREMEPWR, SM,2026-09-29,203.0,210.0,203.0,208.0,210.0,204.95,29500,6102000.0,57,,18000.0,61.02,new
SUPRIYA, EQ,2026-09-29,986.0,1019.8,971.0,985.05,984.95,984.75,548198,546982000.0,43933,,167638.0,30.58,new
SUPTANERY, BE,2026-09-29,9.0,9.59,8.69,8.86,8.89,9.14,430883,3832000.0,1056,,,,new
SURAJEST, EQ,2026-09-29,217.89,217.89,207.01,209.06,208.5,217.27,102634,21694000.0,1715,,65185.0,63.51,new
SURAJLTD, EQ,2026-09-29,198.0,198.01,193.02,193.14,193.02,193.45,1326,261000.0,33,,1255.0,94.65,new
SURAKSHA, EQ,2026-09-29,343.5,359.4,340.0,355.05,355.0,347.05,88441,31183999.999999996,4342,,46516.0,52.6,new
SURANASOL, EQ,2026-09-29,24.83,25.01,24.3,24.51,24.68,25.13,46832,1152000.0,661,,38096.0,81.35,new
SURANAT&P, EQ,2026-09-29,15.89,16.0,15.52,15.87,15.8,15.72,28165,444000.00000000006,188,,23943.0,85.01,new
SURANI, SM,2026-09-29,98.45,98.45,98.45,98.45,98.45,98.45,400,39000.0,2,,400.0,100.0,new
SURYALA, EQ,2026-09-29,382.0,387.7,376.05,376.65,376.65,382.0,309,118000.0,18,,162.0,52.43,new
SURYALAXMI, EQ,2026-09-29,57.0,57.56,56.11,56.63,57.16,56.5,770,44000.0,27,,588.0,76.36,new
SURYAROSNI, EQ,2026-09-29,220.0,224.89,218.55,220.75,220.0,220.1,377814,83528000.0,7485,,193612.0,51.25,new
SURYODAY, EQ,2026-09-29,145.22,146.18,143.33,144.68,143.5,144.99,140702,20331000.0,2494,,65145.0,46.3,new
SUTLEJTEX, BE,2026-09-29,38.3,38.3,36.35,36.41,37.4,37.0,5544,202999.99999999997,56,,,,new
SUVEN, EQ,2026-09-29,321.6,331.8,320.0,324.75,324.0,321.65,1068199,348667000.0,28806,,507037.0,47.47,new
SUVIDHAA, EQ,2026-09-29,2.2,2.26,2.02,2.09,2.12,2.21,169861,361000.0,221,,133524.0,78.61,new
SUYOG, EQ,2026-09-29,643.8,710.0,625.8,689.95,709.0,641.9,60550,40689000.0,4215,,29977.0,49.51,new
SUZLON, EQ,2026-09-29,39.66,39.87,38.9,39.5,39.5,39.66,61795397,2437214000.0,106888,,25631872.0,41.48,new
SVGLOBAL, EQ,2026-09-29,157.0,157.0,142.0,143.2,143.9,144.06,1243,182000.0,52,,751.0,60.42,new
SVLL, EQ,2026-09-29,821.35,828.0,810.0,813.35,812.5,821.35,39361,31886000.0,49,,39169.0,99.51,new
SVPGLOB, EQ,2026-09-29,3.15,3.28,3.01,3.15,3.16,3.16,52099,160000.0,91,,21931.0,42.09,new
SWANCORP, EQ,2026-09-29,288.75,289.5,282.5,284.05,283.9,289.7,542922,155287000.0,15054,,178347.0,32.85,new
SWANDEF, BE,2026-09-29,2631.0,2750.0,2575.0,2704.4,2700.1,2631.3,9537,25210000.0,817,,,,new
SWARAJ, BE,2026-09-29,358.0,373.2,350.1,373.2,373.2,355.45,99000,36368000.0,417,,,,new
SWARAJENG, EQ,2026-09-29,3552.5,3561.8,3527.0,3548.2,3540.0,3552.5,5922,20991000.0,2297,,3944.0,66.6,new
SWARNSAR, EQ,2026-09-29,38.6,43.9,38.0,41.29,39.5,40.18,13331,524000.0,103,,11693.0,87.71,new
SWASTIK, ST,2026-09-29,20.45,20.45,19.75,19.75,19.75,19.5,3600,73000.0,3,,3600.0,100.0,new
SWELECTES, EQ,2026-09-29,592.15,592.15,572.0,582.65,572.2,590.4,7730,4527000.0,536,,3922.0,50.74,new
SWIGGY, EQ,2026-09-29,255.5,255.95,251.0,253.7,253.7,256.0,13619762,3450787999.9999995,82695,,6786705.0,49.83,new
SWISSMLTRY, BE,2026-09-29,14.25,14.25,13.8,13.95,14.0,14.01,65877,926000.0,354,,,,new
SWSOLAR, EQ,2026-09-29,170.1,171.63,168.2,171.08,171.45,170.74,708082,120444000.0,9770,,283147.0,39.99,new
SYMBIOTEC, EQ,2026-09-29,1051.0,1149.85,1045.05,1144.2,1142.9,1055.75,2887817,3238599000.0,140033,,617415.0,21.38,new
SYMPHONY, EQ,2026-09-29,586.0,589.85,574.6,580.4,578.0,585.95,41970,24433000.0,3142,,20734.0,49.4,new
SYNCOMF, EQ,2026-09-29,22.46,26.64,22.03,26.18,26.64,22.2,237186557,5894079000.0,752007,,23856406.0,10.06,new
SYNGENE, EQ,2026-09-29,376.0,376.95,365.0,367.2,365.9,376.0,582282,215419999.99999997,30455,,280642.0,48.2,new
SYRMA, EQ,2026-09-29,1745.0,1746.4,1685.0,1692.6,1694.0,1746.4,1111808,1895205000.0,61153,,404181.0,36.35,new
SYSTANGO, SM,2026-09-29,218.0,223.8,216.3,223.25,223.0,219.35,7600,1668000.0,19,,4800.0,63.16,new
SYSTMTXC, BE,2026-09-29,75.46,75.5,75.46,75.46,75.46,77.0,24858,1876000.0000000002,44,,,,new
TAALTECH, EQ,2026-09-29,1084.9,1084.9,1025.0,1044.4,1040.0,1069.1,31867,33311000.0,4253,,15654.0,49.12,new
TAC, ST,2026-09-29,416.6,439.0,406.25,419.7,423.0,427.6,132800,55065000.0,390,,117600.0,88.55,new
TAINWALCHM, EQ,2026-09-29,205.1,209.0,202.51,205.36,205.25,206.26,1735,357000.0,50,,1312.0,75.62,new
TAJGVK, EQ,2026-09-29,316.2,319.0,310.8,316.55,319.0,315.25,38238,12046000.0,2229,,18510.0,48.41,new
TAKE, EQ,2026-09-29,14.01,14.01,14.01,14.01,14.01,14.74,53056,743000.0,208,,53056.0,100.0,new
TALBROAUTO, EQ,2026-09-29,437.85,447.4,431.1,433.2,431.1,437.85,261069,114322000.0,10725,,112272.0,43.0,new
TAMBOLIIN, BE,2026-09-29,297.95,297.95,286.0,292.15,297.8,300.95,2953,857000.0,40,,,,new
TANAA, EQ,2026-09-29,355.6,365.0,326.9,335.0,334.0,352.85,53123,18267000.0,2303,,26768.0,50.39,new
TANKUP, ST,2026-09-29,1719.0,1719.0,1719.0,1719.0,1719.0,1685.3,4750,8165000.000000001,13,,4750.0,100.0,new
TANLA, EQ,2026-09-29,497.7,498.4,488.45,490.65,491.9,497.3,273875,134749000.0,15191,,114247.0,41.72,new
TARACHAND, EQ,2026-09-29,47.51,49.0,46.5,47.27,48.6,47.44,62680,2971000.0,2679,,24858.0,39.66,new
TARAPUR, EQ,2026-09-29,11.87,12.4,10.8,12.03,12.09,11.87,23557,274000.0,273,,16056.0,68.16,new
TARC, EQ,2026-09-29,127.24,128.92,125.33,127.02,126.7,126.53,308230,39144000.0,3566,,169191.0,54.89,new
TARIL, EQ,2026-09-29,272.0,275.85,266.6,272.85,274.95,270.45,1066716,289915000.0,26767,,450433.0,42.23,new
TARMAT, EQ,2026-09-29,55.0,59.4,55.0,57.03,56.85,56.87,19634,1134000.0,399,,9567.0,48.73,new
TARSONS, EQ,2026-09-29,339.9,342.0,327.55,330.35,327.55,338.0,116179,39077000.0,6293,,35079.0,30.19,new
TASTYBITE, EQ,2026-09-29,9665.0,9665.0,9491.0,9611.0,9600.0,9633.0,1178,11280000.0,402,,704.0,59.76,new
TATACAP, EQ,2026-09-29,326.0,333.3,321.55,331.35,331.0,328.1,3110270,1013389000.0,59427,,1794696.0,57.7,new
TATACHEM, EQ,2026-09-29,632.5,640.5,609.8,613.85,612.75,641.45,3290504,2044287000.0,81218,,683620.0,20.78,new
TATACOMM, EQ,2026-09-29,1642.2,1674.1,1630.0,1654.7,1650.0,1655.3,215427,356552000.0,35955,,131502.0,61.04,new
TATACONSUM, EQ,2026-09-29,961.7,969.0,953.9,967.7,967.7,960.0,2410899,2320326000.0,68794,,1613567.0,66.93,new
TATAELXSI, EQ,2026-09-29,3190.0,3211.7,3106.1,3211.7,3211.7,3191.0,522063,1648970000.0,35164,,333636.0,63.91,new
TATAGOLD, EQ,2026-09-29,14.21,14.25,14.1,14.19,14.22,14.26,46258772,656313000.0,68998,,19910307.0,43.04,new
TATAINVEST, EQ,2026-09-29,635.0,637.0,621.1,625.45,625.55,644.45,508671,320128000.0,26381,,190252.0,37.4,new
TATAPOWER, EQ,2026-09-29,358.0,360.7,353.95,359.0,359.0,361.9,10743181,3851321000.0,52122,,6914235.0,64.36,new
TATASTEEL, EQ,2026-09-29,184.78,189.0,184.24,188.0,188.0,186.3,28159048,5270893000.0,149301,,14296534.0,50.77,new
TATATECH, EQ,2026-09-29,701.5,706.2,683.7,686.75,685.8,707.05,584827,405305000.0,44669,,274266.0,46.9,new
TATSILV, EQ,2026-09-29,21.3,21.37,21.16,21.25,21.26,21.38,27646459,587606000.0,43974,,12754646.0,46.13,new
TATVA, EQ,2026-09-29,1768.0,1830.0,1727.4,1806.4,1801.0,1760.2,88197,157676000.0,11186,,38228.0,43.34,new
TAURIAN, ST,2026-09-29,596.0,608.0,570.0,601.6,608.0,596.0,24000,14202000.000000002,26,,22400.0,93.33,new
TBI, SM,2026-09-29,70.4,76.0,69.0,75.9,75.95,69.7,102600,7526000.000000001,123,,71400.0,69.59,new
TBOTEK, EQ,2026-09-29,1650.0,1698.3,1633.0,1684.7,1688.0,1654.8,113052,189781000.0,14393,,70688.0,62.53,new
TBZ, BE,2026-09-29,608.0,645.0,599.25,625.8,629.85,630.75,502282,309771000.0,4789,,,,new
TCC, EQ,2026-09-29,49.2,50.82,48.18,50.09,50.8,49.35,319661,15784000.0,3040,,62187.0,19.45,new
TCI, EQ,2026-09-29,867.2,880.0,846.0,868.7,865.0,864.85,426394,367526000.0,29729,,73291.0,17.19,new
TCIEXP, EQ,2026-09-29,499.2,583.2,495.25,531.85,529.9,486.0,5534726,3092285000.0,123019,,344872.0,6.23,new
TCIFINANCE, EQ,2026-09-29,14.75,15.3,14.02,14.48,14.65,14.75,13901,200999.99999999997,120,,10431.0,75.04,new
TCL, SM,2026-09-29,125.0,132.0,124.0,131.1,131.1,128.15,49600,6479000.000000001,25,,44000.0,88.71,new
TCPLPACK, EQ,2026-09-29,3999.9,4202.2,3826.0,4117.4,4105.0,3987.8,13649,55521000.0,3072,,5652.0,41.41,new
TCS, EQ,2026-09-29,2065.0,2085.1,2032.4,2032.4,2032.4,2070.7,4437783,9077279000.0,115910,,2944983.0,66.36,new
TDPOWERSYS, EQ,2026-09-29,719.0,799.0,714.0,777.35,795.0,722.0,7602887,5793429000.0,176782,,4852170.0,63.82,new
TEAMGTY, EQ,2026-09-29,242.95,242.95,235.0,235.0,235.0,235.01,640,150000.0,15,,639.0,99.84,new
TEAMLEASE, EQ,2026-09-29,1144.0,1163.9,1117.9,1148.6,1160.0,1140.2,27808,31798000.0,6398,,17429.0,62.68,new
TEAMTECH, ST,2026-09-29,136.0,137.0,132.0,137.0,137.0,133.5,34000,4603000.0,11,,34000.0,100.0,new
TECH, EQ,2026-09-29,30.9,32.0,30.3,31.29,30.42,30.85,40531,1240000.0,202,,39174.0,96.65,new
TECHD, SM,2026-09-29,538.0,550.0,536.0,549.0,550.0,544.65,8400,4568000.0,26,,6000.0,71.43,new
TECHERA, SM,2026-09-29,167.55,167.55,159.6,167.55,167.55,159.6,891200,148496000.0,480,,560800.0,62.93,new
TECHLABS, SM,2026-09-29,113.1,116.9,110.0,112.8,110.0,114.9,12125,1382000.0,65,,11125.0,91.75,new
TECHM, EQ,2026-09-29,1542.3,1557.5,1510.5,1510.5,1510.5,1542.2,3218354,4926194000.0,84005,,2102127.0,65.32,new
TECHNOCRAF, EQ,2026-09-29,478.5,492.0,477.0,480.85,482.2,476.95,1003368,485872999.99999994,18368,,344374.0,34.32,new
TECHNOE, EQ,2026-09-29,979.9,1027.6,966.2,1010.15,1008.0,981.85,271404,273740000.0,22000,,119712.0,44.11,new
TECHNVISN, EQ,2026-09-29,3966.0,3989.0,3799.5,3896.5,3900.0,3966.0,174,676000.0,72,,149.0,85.63,new
TECILCHEM, EQ,2026-09-29,9.8,9.8,8.92,9.21,8.92,9.12,7526,70000.0,67,,7190.0,95.54,new
TEGA, EQ,2026-09-29,2013.4,2089.9,1988.6,2060.6,2059.0,2011.5,342283,702529000.0,27932,,117013.0,34.19,new
TEJA, SM,2026-09-29,217.0,228.45,208.0,214.25,216.0,214.7,25200,5441000.0,30,,19200.0,76.19,new
TEJASNET, EQ,2026-09-29,491.1,495.9,480.65,490.4,489.2,491.1,1223062,597488000.0,40468,,315093.0,25.76,new
TEMBO, EQ,2026-09-29,57.75,58.51,57.0,57.99,58.08,57.75,680807,39380000.0,3923,,274692.0,40.35,new
TEMPSENS, EQ,2026-09-29,531.1,549.0,524.0,529.3,528.0,530.5,1354439,724195000.0,45857,,333055.0,24.59,new
TENNIND, EQ,2026-09-29,503.9,513.5,498.5,508.6,509.3,502.15,903915,457543999.99999994,55249,,379979.0,42.04,new
TERAI, EQ,2026-09-29,115.8,115.8,115.8,115.8,115.8,116.0,1,0.0,1,,1.0,100.0,new
TERASOFT, EQ,2026-09-29,215.0,225.0,206.0,209.25,208.0,215.7,31347,6730000.0,1751,,19919.0,63.54,new
TEXINFRA, EQ,2026-09-29,116.0,116.8,114.71,115.54,115.31,116.56,40220,4657000.0,930,,19885.0,49.44,new
TEXMOPIPES, EQ,2026-09-29,55.5,55.51,52.3,53.72,54.0,55.48,154189,8269000.0,2765,,80901.0,52.47,new
TEXRAIL, EQ,2026-09-29,123.1,126.95,120.28,125.67,125.7,123.14,3055571,380736000.0,32277,,1067538.0,34.94,new
TFCILTD, EQ,2026-09-29,139.68,141.43,138.2,138.92,139.76,139.68,18454638,2576293000.0,32714,,6339280.0,34.35,new
TFL, EQ,2026-09-29,11.65,11.89,11.47,11.64,11.89,11.67,2822,33000.0,33,,1922.0,68.11,new
TGBHOTELS, EQ,2026-09-29,9.16,9.34,9.09,9.13,9.15,9.16,20980,193000.0,149,,17928.0,85.45,new
TGL, ST,2026-09-29,13.7,13.7,13.7,13.7,13.7,13.95,3600,49000.0,12,,3600.0,100.0,new
TGVSL, EQ,2026-09-29,121.89,125.0,117.51,122.47,122.0,121.88,923146,112550000.0,15267,,253655.0,27.48,new
THACKER, EQ,2026-09-29,999.0,1085.0,975.0,996.8,975.0,975.0,18,19000.0,13,,15.0,83.33,new
THAKDEV, EQ,2026-09-29,135.0,137.0,135.0,135.0,135.0,141.37,21,3000.0,6,,21.0,100.0,new
THANGAMAYL, EQ,2026-09-29,5010.0,5262.0,4916.5,5204.5,5189.5,5011.5,177094,908054000.0000001,32305,,98984.0,55.89,new
THEINVEST, EQ,2026-09-29,93.0,94.86,90.0,90.53,90.0,92.37,9698,888000.0000000001,298,,6530.0,67.33,new
THEJO, EQ,2026-09-29,2158.2,2169.9,2086.2,2110.3,2093.0,2146.5,9710,20574000.0,1150,,6331.0,65.2,new
THELEELA, EQ,2026-09-29,549.45,572.15,522.15,533.6,538.25,547.9,1415534,766390000.0,58315,,837542.0,59.17,new
THEMISMED, EQ,2026-09-29,118.0,121.04,116.02,119.95,119.79,116.85,106694,12627000.0,2022,,37287.0,34.95,new
THERMAX, EQ,2026-09-29,3369.0,3375.9,3269.1,3291.0,3290.0,3386.0,164479,545343000.0,27814,,101609.0,61.78,new
THESL, ST,2026-09-29,14.1,14.15,14.1,14.15,14.15,14.7,6000,85000.0,2,,3000.0,50.0,new
THOMASCOOK, EQ,2026-09-29,102.0,105.45,101.01,103.92,103.7,102.18,749468,77437000.0,15412,,420098.0,56.05,new
THOMASCOTT, EQ,2026-09-29,255.0,270.5,244.55,250.35,249.0,238.35,143024,36328000.0,3353,,55321.0,38.68,new
THYROCARE, EQ,2026-09-29,549.95,555.55,545.0,547.1,545.15,548.3,105491,57936000.0,9866,,54421.0,51.59,new
TI, EQ,2026-09-29,560.0,562.0,550.0,550.85,550.2,561.65,606083,336125000.0,22446,,316435.0,52.21,new
TICL, BE,2026-09-29,7.07,7.07,6.91,7.07,7.07,6.74,247850,1750000.0,151,,,,new
TIGERLOGS, EQ,2026-09-29,27.16,27.16,25.8,26.17,26.08,26.4,80402,2102000.0,585,,62046.0,77.17,new
TIIL, EQ,2026-09-29,2920.4,2980.5,2914.6,2926.4,2935.0,2929.4,24064,70709000.0,6819,,12910.0,53.65,new
TIINDIA, EQ,2026-09-29,2455.3,2455.3,2397.8,2413.0,2413.0,2459.0,392266,948241000.0,30181,,206981.0,52.77,new
TIJARIA, BE,2026-09-29,6.66,6.85,6.44,6.54,6.55,6.66,6809,44000.0,45,,,,new
TIL, BE,2026-09-29,250.9,255.0,242.65,249.03,249.4,252.32,78502,19489000.0,568,,,,new
TIMESCAN, SM,2026-09-29,39.35,40.0,39.35,40.0,40.0,41.4,6000,239000.0,2,,6000.0,100.0,new
TIMETECHNO, EQ,2026-09-29,183.25,185.9,180.94,183.92,185.07,183.44,4160921,764959000.0,26649,,902943.0,21.7,new
TIMEX, EQ,2026-09-29,702.65,747.0,683.1,729.1,728.0,703.65,986170,718568000.0,54413,,379322.0,38.46,new
TIMKEN, EQ,2026-09-29,3180.6,3213.8,3065.0,3086.2,3075.1,3180.5,51275,159408000.0,16229,,29518.0,57.57,new
TINNARUBR, EQ,2026-09-29,954.9,968.85,919.45,955.2,958.0,947.4,37917,35631000.0,3433,,16402.0,43.26,new
TIPSFILMS, EQ,2026-09-29,345.0,369.4,335.1,339.55,337.25,331.8,38117,13461000.000000002,1257,,12577.0,33.0,new
TIPSMUSIC, EQ,2026-09-29,657.35,659.0,639.2,647.2,650.0,657.35,276147,180281000.0,14315,,129107.0,46.75,new
TIRUMALCHM, EQ,2026-09-29,155.01,157.29,150.0,152.39,152.36,155.04,355416,54183000.00000001,6426,,175346.0,49.34,new
TIRUPATI, SM,2026-09-29,277.9,277.9,277.9,277.9,277.9,292.5,125,35000.0,1,,125.0,100.0,new
TIRUPATIFL, BE,2026-09-29,75.19,75.19,75.19,75.19,75.19,76.72,135045,10154000.0,245,,,,new
TITAGARH, EQ,2026-09-29,817.0,829.75,808.15,819.35,817.6,818.65,308740,252509000.0,18704,,91995.0,29.8,new
TITAN, EQ,2026-09-29,4808.0,4818.5,4675.0,4675.0,4675.0,4819.5,1188414,5606910000.0,79606,,738980.0,62.18,new
TMB, EQ,2026-09-29,861.75,871.65,845.1,863.55,860.0,861.75,169572,145750000.0,18064,,70100.0,41.34,new
TMCV, EQ,2026-09-29,430.6,434.8,426.5,430.15,430.9,432.95,4991805,2150580000.0,136420,,2810558.0,56.3,new
TMPV, EQ,2026-09-29,279.0,281.4,272.2,280.95,280.95,281.75,18903507,5237545000.0,170170,,7582188.0,40.11,new
TNIDETF, EQ,2026-09-29,86.22,86.22,83.2,83.49,83.83,84.53,67094,5607000.0,743,,46753.0,69.68,new
TNPETRO, EQ,2026-09-29,125.61,128.28,123.0,125.67,125.93,124.99,826447,104033000.0,10817,,280182.0,33.9,new
TNPL, EQ,2026-09-29,146.22,152.9,143.78,151.8,152.7,147.64,327768,48696000.0,4919,,199502.0,60.87,new
TNTELE, EQ,2026-09-29,13.5,14.26,13.11,14.26,14.26,11.89,510371,7050000.0,813,,233324.0,45.72,new
TOKYOPLAST, EQ,2026-09-29,74.3,74.9,72.0,73.5,73.5,72.62,1109,83000.0,17,,1069.0,96.39,new
TOLINS, EQ,2026-09-29,86.2,86.99,85.0,86.21,86.51,86.91,36061,3099000.0,1266,,19374.0,53.73,new
TOP100CASE, EQ,2026-09-29,10.27,10.27,9.98,10.05,10.07,10.07,1278984,12822000.0,1654,,840340.0,65.7,new
TOP10ADD, EQ,2026-09-29,82.6,83.45,81.96,82.71,82.5,82.59,235506,19369000.0,1202,,145025.0,61.58,new
TOP15IETF, EQ,2026-09-29,9.16,9.29,9.11,9.18,9.21,9.25,143643,1318000.0,325,,99601.0,69.34,new
TOP20, EQ,2026-09-29,8.43,8.43,8.36,8.39,8.38,8.45,74222,623000.0,211,,45296.0,61.03,new
TORNTPHARM, EQ,2026-09-29,4884.5,4948.0,4833.5,4894.0,4894.0,4869.0,725626,3549176999.9999995,38942,,447219.0,61.63,new
TORNTPOWER, EQ,2026-09-29,1237.3,1243.9,1211.5,1220.2,1217.9,1237.2,224598,275669000.0,25730,,160798.0,71.59,new
TOTAL, BE,2026-09-29,69.95,71.5,68.8,71.38,71.4,70.34,5418,379000.0,26,,,,new
TOUCHWOOD, EQ,2026-09-29,59.7,60.0,58.12,59.99,60.0,60.13,1035,62000.0,31,,914.0,88.31,new
TOYAMSL, EQ,2026-09-29,0.75,0.77,0.74,0.74,0.74,0.77,1663494,1248000.0,322,,463443.0,27.86,new
TPHQ, BE,2026-09-29,0.5,0.52,0.5,0.51,0.51,0.5,703705,359000.0,254,,,,new
TPLPLASTEH, EQ,2026-09-29,64.1,67.5,63.15,65.26,64.1,64.9,97097,6267000.0,836,,23403.0,24.1,new
TRACXN, EQ,2026-09-29,32.98,33.0,31.7,32.94,32.98,32.33,229392,7464000.0,1429,,160922.0,70.15,new
TRANSCOR, EQ,2026-09-29,24.39,24.9,23.52,23.85,24.69,24.39,6605,158000.0,31,,3034.0,45.93,new
TRANSPEK, BE,2026-09-29,1348.0,1355.0,1305.1,1352.5,1355.0,1304.2,1187,1597000.0,61,,,,new
TRANSRAILL, EQ,2026-09-29,451.95,459.0,437.3,451.65,451.0,449.65,766338,342994000.0,28822,,270053.0,35.24,new
TRANSTEEL, SM,2026-09-29,84.0,85.55,79.7,80.15,81.0,84.5,61000,4928000.0,47,,46000.0,75.41,new
TRANSWORLD, BE,2026-09-29,159.6,165.9,159.6,163.0,163.0,162.78,1512,243000.00000000003,11,,,,new
TRAVELFOOD, EQ,2026-09-29,1213.5,1213.5,1171.0,1196.6,1208.0,1203.0,356445,427131000.00000006,16819,,233643.0,65.55,new
TREEHOUSE, EQ,2026-09-29,5.88,5.93,5.46,5.81,5.8,5.88,19318,109000.00000000001,145,,15648.0,81.0,new
TREJHARA, EQ,2026-09-29,144.95,144.95,132.98,135.7,135.1,139.74,44520,6079000.0,1038,,26244.0,58.95,new
TREL, EQ,2026-09-29,28.89,28.94,27.7,28.4,28.35,28.89,112132,3168000.0,5011,,60878.0,54.29,new
TRENT, EQ,2026-09-29,2626.0,2642.7,2580.4,2635.0,2635.0,2626.0,1548590,4041636000.0,74657,,962210.0,62.13,new
TRF, EQ,2026-09-29,210.07,210.73,202.0,202.9,202.0,207.55,24268,4945000.0,1002,,21490.0,88.55,new
TRIDENT, EQ,2026-09-29,22.93,22.99,22.28,22.49,22.44,22.93,3025645,68427000.0,22940,,1542320.0,50.97,new
TRIDHYA, SM,2026-09-29,6.8,6.8,6.8,6.8,6.8,7.0,3000,20000.0,1,,3000.0,100.0,new
TRIGYN, EQ,2026-09-29,53.6,53.8,52.34,53.03,52.4,53.12,30084,1593000.0,870,,17678.0,58.76,new
TRITONV, EQ,2026-09-29,1080.4,1093.3,1060.1,1075.4,1087.0,1093.3,967,1042000.0,198,,573.0,59.26,new
TRITURBINE, EQ,2026-09-29,547.0,550.85,535.8,543.55,542.5,551.65,643808,349187000.0,57059,,430443.0,66.86,new
TRIVENI, EQ,2026-09-29,242.0,243.75,236.95,239.15,238.8,242.4,773286,185382000.0,29176,,360877.0,46.67,new
TROM, SM,2026-09-29,51.5,53.8,51.0,53.0,53.0,52.25,3600,188000.0,6,,1800.0,50.0,new
TRU, EQ,2026-09-29,4.06,4.18,4.05,4.06,4.15,4.11,50438,206000.0,142,,38968.0,77.26,new
TRUALT, EQ,2026-09-29,459.9,464.0,452.7,458.4,458.0,458.15,258126,118484999.99999999,8380,,124074.0,48.07,new
TRUST, SM,2026-09-29,25.8,26.05,25.35,25.65,25.65,27.0,7800,200000.0,12,,5400.0,69.23,new
TSFINV, EQ,2026-09-29,434.7,435.95,412.6,421.45,422.0,434.7,522272,219312000.0,21538,,266053.0,50.94,new
TTKHLTCARE, EQ,2026-09-29,1016.6,1042.6,1000.0,1033.7,1039.5,1013.6,10420,10653000.0,1581,,4752.0,45.6,new
TTKPRESTIG, EQ,2026-09-29,515.35,551.5,515.35,533.75,528.0,513.85,484427,259482000.00000003,22587,,145479.0,30.03,new
TTL, EQ,2026-09-29,7.33,8.25,7.12,7.71,7.9,7.33,878500,6597000.0,616,,621149.0,70.71,new
TTML, EQ,2026-09-29,35.71,35.9,33.93,35.18,35.25,36.19,11819456,408686000.0,40503,,961613.0,8.14,new
TUNWAL, SM,2026-09-29,25.6,26.05,25.35,25.85,25.95,25.7,70000,1807000.0,28,,48000.0,68.57,new
TURTLEMINT, EQ,2026-09-29,84.0,84.05,78.8,79.52,79.55,83.29,2538324,203698000.0,15619,,929930.0,36.64,new
TUTIALKA, EQ,2026-09-29,55.0,55.85,52.56,54.74,55.0,55.22,7605,409000.0,180,,5931.0,77.99,new
TVSELECT, EQ,2026-09-29,378.85,379.65,367.1,374.3,371.7,378.85,25816,9615000.0,2065,,11083.0,42.93,new
TVSHLTD, EQ,2026-09-29,12436.0,12497.0,12050.0,12298.0,12350.0,12436.0,10491,127953000.0,4403,,5672.0,54.07,new
TVSINVIT, IV,2026-09-29,119.0,119.0,119.0,119.0,119.0,119.0,25000,2975000.0,1,,25000.0,100.0,new
TVSMOTOR, EQ,2026-09-29,4075.0,4149.0,4037.2,4091.1,4091.1,4095.0,765737,3146092000.0,63172,,459746.0,60.04,new
TVSSCS, EQ,2026-09-29,128.3,132.62,125.74,131.3,131.55,128.5,838113,109190000.00000001,14230,,309564.0,36.94,new
TVSSRICHAK, EQ,2026-09-29,4445.0,4495.0,4370.0,4435.0,4416.5,4490.5,5321,23560000.0,1460,,2543.0,47.79,new
TVTODAY, EQ,2026-09-29,105.2,106.75,102.0,103.84,103.6,105.06,13158,1366000.0,558,,7190.0,54.64,new
TVVISION, BE,2026-09-29,3.03,3.05,2.82,2.82,2.82,2.96,76042,217000.0,128,,,,new
TWCGOLDETF, EQ,2026-09-29,145.89,145.89,144.96,145.45,145.58,145.89,24430,3554999.9999999995,72,,24173.0,98.95,new
UBL, EQ,2026-09-29,1213.0,1228.2,1169.5,1210.2,1210.3,1217.4,116267,139333000.0,13471,,55121.0,47.41,new
UCAL, BE,2026-09-29,141.44,142.85,138.51,139.0,140.4,141.44,3213,451000.0,49,,,,new
UCOBANK, EQ,2026-09-29,23.4,23.45,22.97,23.05,23.05,23.33,4035725,93278000.0,19505,,1666412.0,41.29,new
UDAYJEW, EQ,2026-09-29,173.03,173.03,166.0,168.37,166.4,167.02,19048,3199000.0,621,,7181.0,37.7,new
UDS, EQ,2026-09-29,207.84,208.98,202.56,207.79,208.46,207.84,53770,11111000.0,2218,,27573.0,51.28,new
UEL, EQ,2026-09-29,193.6,193.6,183.05,184.75,185.8,190.14,11518,2136000.0,726,,5919.0,51.39,new
UFBL, BE,2026-09-29,677.85,689.45,666.25,674.15,680.0,677.85,78748,53327000.0,755,,,,new
UFLEX, EQ,2026-09-29,640.15,660.9,636.8,647.7,644.5,641.95,162208,105584999.99999999,7707,,68729.0,42.37,new
UFO, EQ,2026-09-29,58.99,60.48,56.3,58.93,59.0,58.87,64364,3731000.0,1380,,39537.0,61.43,new
UGARSUGAR, EQ,2026-09-29,62.0,62.41,57.2,57.81,57.69,62.29,1013983,60351000.0,12130,,453454.0,44.72,new
UGROCAP, EQ,2026-09-29,80.53,82.19,79.2,81.07,81.24,80.29,434421,34900000.0,3438,,291634.0,67.13,new
UHTL, ST,2026-09-29,199.55,199.55,199.55,199.55,199.55,203.6,38000,7583000.0,17,,38000.0,100.0,new
UJJIVANSFB, EQ,2026-09-29,63.05,65.4,62.56,65.26,65.31,63.09,12425218,802585000.0,73485,,5875809.0,47.29,new
ULTRACEMCO, EQ,2026-09-29,11010.0,11027.0,10826.0,10829.0,10829.0,11025.0,514924,5624329000.0,54709,,301780.0,58.61,new
ULTRAMAR, EQ,2026-09-29,423.9,423.9,412.3,418.5,420.0,419.1,18454,7711000.0,1149,,11968.0,64.85,new
UMA, SM,2026-09-29,17.85,17.95,16.25,17.75,17.75,15.65,28000,486000.00000000006,7,,20000.0,71.43,new
UMAEXPORTS, BE,2026-09-29,21.6,22.06,21.6,22.06,22.06,21.64,9758,213000.0,38,,,,new
UMESLTD, EQ,2026-09-29,4.71,4.71,4.35,4.41,4.41,4.59,14937,66000.0,86,,12162.0,81.42,new
UMIYA-MRO, EQ,2026-09-29,97.46,97.9,94.42,94.8,94.5,97.54,9754,927999.9999999999,310,,6146.0,63.01,new
UNICHEMLAB, EQ,2026-09-29,537.0,608.0,530.0,568.4,565.05,536.4,4127586,2405093000.0,136736,,283808.0,6.88,new
UNIDT, EQ,2026-09-29,229.31,234.59,222.68,229.83,230.0,229.31,29891,6837000.0,1436,,15232.0,50.96,new
UNIECOM, EQ,2026-09-29,82.81,83.16,81.01,82.45,82.3,82.18,161740,13300000.0,2362,,65985.0,40.8,new
UNIENTER, EQ,2026-09-29,89.07,91.98,88.67,89.01,88.67,89.07,7461,665000.0,96,,4909.0,65.8,new
UNIHEALTH, SM,2026-09-29,646.9,647.95,615.0,626.4,620.0,641.95,18000,11236000.0,32,,11500.0,63.89,new
UNIINFO, EQ,2026-09-29,11.1,11.3,11.0,11.08,11.08,11.3,1610,18000.0,14,,1609.0,99.94,new
UNILEX, SM,2026-09-29,30.85,30.85,30.85,30.85,30.85,31.5,3200,99000.0,2,,3200.0,100.0,new
UNIMECH, EQ,2026-09-29,1622.0,1710.0,1591.6,1675.0,1687.5,1616.2,595622,993637000.0000001,46989,,293412.0,49.26,new
UNIONBANK, EQ,2026-09-29,172.0,172.44,166.0,166.0,166.0,171.75,19452924,3292994000.0,76090,,11594641.0,59.6,new
UNIONGOLD, EQ,2026-09-29,143.65,143.65,141.7,143.0,143.15,142.95,4431,633000.0,153,,2585.0,58.34,new
UNIPARTS, EQ,2026-09-29,837.1,847.5,829.55,843.55,846.95,837.1,47603,40028000.0,5906,,25023.0,52.57,new
UNITDSPR, EQ,2026-09-29,1408.0,1414.2,1356.1,1363.0,1363.0,1415.4,8761343,11980842000.0,93136,,6943269.0,79.25,new
UNITECH, EQ,2026-09-29,3.95,4.0,3.81,3.92,3.92,3.95,3452169,13456000.0,2745,,1910291.0,55.34,new
UNITEDPOLY, EQ,2026-09-29,46.23,47.1,45.0,46.87,47.0,45.28,136680,6285000.0,623,,86263.0,63.11,new
UNITEDTEA, EQ,2026-09-29,425.1,429.65,421.05,421.6,421.1,425.05,2379,1011000.0,43,,2174.0,91.38,new
UNIVASTU, BE,2026-09-29,132.79,132.79,126.16,126.63,126.16,132.79,68022,8709000.0,594,,,,new
UNIVCABLES, EQ,2026-09-29,1427.1,1479.9,1404.4,1468.4,1459.6,1427.1,81266,117711999.99999999,7886,,30607.0,37.66,new
UNIVPHOTO, BE,2026-09-29,524.3,524.3,500.0,513.8,513.8,524.3,195,98000.0,21,,,,new
UNOMINDA, EQ,2026-09-29,1173.3,1179.0,1149.5,1162.0,1162.0,1173.0,546120,635855000.0,41904,,312458.0,57.21,new
UPHOT, EQ,2026-09-29,1515.0,1530.0,1515.0,1530.0,1530.0,1503.0,35,53000.0,5,,35.0,100.0,new
UPL, EQ,2026-09-29,546.0,547.55,532.6,538.0,538.0,549.5,3270756,1756198000.0,43801,,1724029.0,52.71,new
URAVIDEF, BE,2026-09-29,101.99,104.55,101.99,104.55,104.55,102.5,1254,129000.0,21,,,,new
URBAN, SM,2026-09-29,118.0,122.9,117.4,122.8,122.9,118.0,10400,1264000.0,12,,8800.0,84.62,new
URBANCO, EQ,2026-09-29,161.0,164.89,158.6,163.71,163.64,161.21,3747128,607522000.0,66672,,1464957.0,39.1,new
URJA, EQ,2026-09-29,8.75,9.0,8.55,8.9,8.91,8.75,675563,5904000.0,3071,,342619.0,50.72,new
USASEEDS, SM,2026-09-29,84.0,89.0,80.85,89.0,89.0,85.1,2568,216000.0,6,,1712.0,66.67,new
USHAFIN, ST,2026-09-29,51.0,51.0,50.85,50.85,50.85,53.5,4800,245000.00000000003,3,,4800.0,100.0,new
USHAMART, EQ,2026-09-29,506.0,509.35,495.15,498.9,498.5,508.0,418393,210479000.0,16132,,202799.0,48.47,new
USK, EQ,2026-09-29,19.7,20.21,19.06,19.57,19.85,19.31,21138,416000.0,165,,14042.0,66.43,new
UTIAMC, EQ,2026-09-29,895.0,907.9,872.05,877.6,873.25,893.9,119110,104900000.0,11356,,80772.0,67.81,new
UTKAL, ST,2026-09-29,47.5,48.0,47.5,47.5,47.5,49.95,10000,476000.0,5,,8000.0,80.0,new
UTKARSHBNK, EQ,2026-09-29,13.56,14.0,13.26,13.91,13.93,13.59,5856546,79853000.0,5873,,2287069.0,39.05,new
UTLSOLAR, EQ,2026-09-29,405.05,420.0,395.05,407.7,401.0,409.05,276123,111529000.0,13814,,143218.0,51.87,new
UTSSAV, SM,2026-09-29,711.0,739.0,711.0,731.45,728.0,713.25,38400,27993000.0,53,,19800.0,51.56,new
UTTAMSUGAR, EQ,2026-09-29,293.65,293.9,284.0,290.8,290.75,294.75,181656,52469000.00000001,6486,,47423.0,26.11,new
UYFINCORP, BE,2026-09-29,19.79,20.77,19.51,20.77,20.77,19.79,383165,7898999.999999999,407,,,,new
V2RETAIL, EQ,2026-09-29,211.93,211.93,207.0,209.43,208.16,211.22,697065,146148000.0,15899,,362444.0,52.0,new
VADILALIND, EQ,2026-09-29,7440.0,7543.0,7224.0,7277.0,7245.0,7397.5,9371,69368000.0,3570,,3987.0,42.55,new
VADILENT, EQ,2026-09-29,10200.0,10200.0,10200.0,10200.0,10200.0,10201.0,2,20000.0,2,,2.0,100.0,new
VAIBHAVGBL, EQ,2026-09-29,199.0,204.49,198.16,202.89,203.6,199.72,268287,54211000.0,7748,,130259.0,48.55,new
VAISHALI, EQ,2026-09-29,8.6,8.94,8.33,8.39,8.4,8.5,239530,2027000.0,310,,205418.0,85.76,new
VAKRANGEE, EQ,2026-09-29,5.27,5.27,5.08,5.18,5.21,5.18,869571,4494000.0,1701,,399454.0,45.94,new
VAL30IETF, EQ,2026-09-29,14.5,14.62,14.34,14.55,14.58,14.57,190527,2754000.0,715,,118316.0,62.1,new
VALIANTLAB, BE,2026-09-29,121.85,122.8,115.0,122.19,122.6,118.97,52840,6311000.0,368,,,,new
VALIANTORG, EQ,2026-09-29,395.0,409.95,380.9,404.6,404.8,397.75,59107,23165000.0,1630,,35760.0,60.5,new
VALUE, EQ,2026-09-29,15.47,15.47,15.3,15.4,15.38,15.48,37094,570000.0,123,,21873.0,58.97,new
VALUE360, SM,2026-09-29,57.0,57.0,56.0,56.0,56.0,56.15,3600,204000.0,3,,3600.0,100.0,new
VALUEAXIS, EQ,2026-09-29,32.41,32.41,31.07,31.19,31.15,31.62,273820,8541000.0,754,,198014.0,72.32,new
VAML, EQ,2026-09-29,420.15,479.0,416.55,434.45,432.45,420.05,56303173,24373896000.0,194649,,38919983.0,69.13,new
VARDHACRLC, BE,2026-09-29,44.01,44.81,43.25,44.24,44.3,43.8,12623,550000.0,101,,,,new
VARDMNPOLY, EQ,2026-09-29,5.96,6.09,5.45,5.81,5.79,5.8,311301,1821000.0,329,,192350.0,61.79,new
VARMORA, EQ,2026-09-29,155.0,163.77,148.1,152.19,149.41,148.0,51633016,7980453999.999999,269971,,18780422.0,36.37,new
VARROC, EQ,2026-09-29,846.0,848.85,826.95,837.4,834.45,848.35,339439,284519000.0,27848,,135755.0,39.99,new
VASCONEQ, EQ,2026-09-29,35.05,35.23,33.01,33.97,33.96,34.96,707643,24080000.0,4626,,299288.0,42.29,new
VASWANI, EQ,2026-09-29,45.0,47.0,44.4,44.51,44.42,44.62,39639,1793000.0,329,,28797.0,72.65,new
VBL, EQ,2026-09-29,428.65,432.9,425.15,430.0,430.0,430.0,8308533,3574582000.0,80456,,5043063.0,60.7,new
VCL, BE,2026-09-29,1.26,1.26,1.26,1.26,1.26,1.32,208383,263000.0,148,,,,new
VDEAL, SM,2026-09-29,104.2,104.4,101.1,102.95,102.0,103.95,33000,3424000.0,33,,28800.0,87.27,new
VEDAVAAG, EQ,2026-09-29,23.38,23.38,21.66,22.06,22.3,22.93,54384,1211000.0,285,,35438.0,65.16,new
VEDL, EQ,2026-09-29,259.0,260.5,256.1,260.0,260.0,259.0,9517563,2459349000.0,79787,,5441025.0,57.17,new
VEDPOWER, EQ,2026-09-29,32.17,34.8,31.8,34.25,34.39,32.15,35097382,1180787000.0,79004,,14708872.0,41.91,new
VEEDOL, EQ,2026-09-29,1364.1,1366.1,1352.0,1356.5,1355.5,1364.1,6638,9014000.0,691,,3862.0,58.18,new
VEEGALAND, BE,2026-09-29,139.0,141.9,138.05,141.17,141.4,140.62,98618,13800000.0,1183,,,,new
VEEKAYEM, SM,2026-09-29,96.35,105.95,96.35,102.45,100.0,101.4,4000,401999.99999999994,8,,2000.0,50.0,new
VELJAN, BE,2026-09-29,2000.0,2094.0,1942.0,2082.7,2030.0,2044.2,766,1569000.0,79,,,,new
VENKEYS, EQ,2026-09-29,1625.0,1640.7,1599.0,1633.0,1638.1,1632.8,27001,43757000.0,3353,,12997.0,48.14,new
VENTIVE, EQ,2026-09-29,556.0,563.4,548.8,559.85,560.6,558.9,20278,11285000.0,1343,,10009.0,49.36,new
VENUSPIPES, EQ,2026-09-29,2125.1,2225.0,2101.0,2195.8,2210.0,2132.6,163257,354365000.0,15761,,65398.0,40.06,new
VENUSREM, EQ,2026-09-29,1629.8,1710.6,1629.8,1710.6,1710.6,1629.2,44957,75963000.0,2391,,29967.0,66.66,new
VERANDA, EQ,2026-09-29,239.86,239.91,220.0,223.31,222.4,238.02,2104745,472029000.0,15404,,1078523.0,51.24,new
VERITAAS, SM,2026-09-29,29.4,29.4,29.4,29.4,29.4,28.0,1200,35000.0,1,,1200.0,100.0,new
VERTIS, IV,2026-09-29,116.7,116.7,116.7,116.7,116.7,115.5,425000,49598000.0,17,,425000.0,100.0,new
VERTOZ, EQ,2026-09-29,36.17,37.29,34.98,35.64,35.9,36.17,40122,1426000.0,454,,29228.0,72.85,new
VESUVIUS, EQ,2026-09-29,386.55,433.8,385.6,400.2,397.5,385.4,2664864,1100588000.0,73336,,492304.0,18.47,new
VETO, EQ,2026-09-29,147.7,150.99,143.25,146.25,145.26,147.7,109301,15977000.000000002,2652,,60983.0,55.79,new
VGCL, EQ,2026-09-29,46.85,47.66,46.58,47.5,47.5,46.58,1959,92000.0,32,,1957.0,99.9,new
VGINFOTECH, SM,2026-09-29,143.0,143.05,140.95,140.95,140.95,143.0,17000,2425000.0,16,,17000.0,100.0,new
VGL, EQ,2026-09-29,64.8,66.29,63.0,64.73,64.42,64.26,35195,2260000.0,603,,21416.0,60.85,new
VGUARD, EQ,2026-09-29,305.4,310.65,302.8,307.05,304.1,307.25,269210,82808000.0,13049,,118756.0,44.11,new
VHL, EQ,2026-09-29,3310.3,3366.7,3273.0,3305.3,3304.0,3329.3,284,941000.0,123,,193.0,67.96,new
VHLTD, BE,2026-09-29,129.0,132.0,127.6,130.38,130.14,128.28,57692,7520999.999999999,177,,,,new
VIAZ, SM,2026-09-29,82.0,82.0,79.0,80.5,80.5,79.0,8000,647000.0,4,,6000.0,75.0,new
VICTORYEV, SM,2026-09-29,13.65,14.1,13.5,13.95,14.1,13.95,24000,330000.0,8,,18000.0,75.0,new
VIDHIING, EQ,2026-09-29,357.0,361.15,345.0,359.4,359.9,354.0,27204,9722000.0,1367,,22449.0,82.52,new
VIDYAWIRES, EQ,2026-09-29,92.9,94.9,89.41,93.54,93.5,91.07,1523338,141322000.0,14776,,702118.0,46.09,new
VIESL, SM,2026-09-29,360.0,370.05,360.0,366.4,363.0,364.25,26400,9648000.0,32,,20000.0,75.76,new
VIGOR, SM,2026-09-29,103.95,103.95,94.85,94.85,94.85,101.4,30400,2911000.0,18,,24000.0,78.95,new
VIJAYA, EQ,2026-09-29,1497.7,1512.9,1460.2,1475.0,1494.0,1501.4,80593,119723000.0,14317,,46893.0,58.18,new
VIJIFIN, BE,2026-09-29,15.77,15.77,15.77,15.77,15.77,16.09,86783,1369000.0,97,,,,new
VIJSOLX, EQ,2026-09-29,636.9,650.0,636.9,649.3,649.3,636.1,11,7000.000000000001,5,,10.0,90.91,new
VIKASECO, EQ,2026-09-29,1.03,1.04,1.01,1.02,1.03,1.03,2234550,2282000.0,1763,,1278713.0,57.22,new
VIKASLIFE, EQ,2026-09-29,1.22,1.24,1.21,1.21,1.22,1.23,1887874,2307000.0,7891,,912521.0,48.34,new
VIKRAMSOLR, EQ,2026-09-29,163.92,164.99,160.0,160.05,160.01,160.08,4651540,749971000.0,32823,,1061768.0,22.83,new
VIKRAN, EQ,2026-09-29,57.25,63.0,56.5,60.88,60.78,57.26,6766925,410822000.0,39201,,992654.0,14.67,new
VILAS, SM,2026-09-29,373.1,381.0,363.0,365.55,364.05,376.85,40250,14796000.0,109,,32500.0,80.75,new
VILINBIO, ST,2026-09-29,53.85,53.85,53.85,53.85,53.85,51.5,4000,215000.0,1,,4000.0,100.0,new
VIMTALABS, EQ,2026-09-29,585.0,599.0,583.05,591.4,592.0,585.35,171430,101685000.0,10288,,48988.0,28.58,new
VINATIORGA, EQ,2026-09-29,1195.0,1210.9,1172.4,1174.3,1173.4,1191.0,67018,79376000.0,11410,,31708.0,47.31,new
VINCOFE, EQ,2026-09-29,179.0,184.0,174.68,182.56,182.1,179.97,1354650,243061000.0,16669,,563017.0,41.56,new
VINDHYATEL, EQ,2026-09-29,2592.1,2691.5,2508.1,2653.3,2640.0,2598.4,59364,154597000.0,10148,,21957.0,36.99,new
VINEETLAB, EQ,2026-09-29,35.89,37.08,34.85,36.72,35.95,35.33,917482,33682000.0,568,,902351.0,98.35,new
VINNY, EQ,2026-09-29,0.91,0.92,0.89,0.9,0.91,0.91,301852,272000.0,234,,301752.0,99.97,new
VINOD, ST,2026-09-29,59.45,59.45,59.45,59.45,59.45,62.55,3600,214000.0,3,,3600.0,100.0,new
VINSYS, ST,2026-09-29,580.0,581.0,577.0,577.0,577.0,576.0,750,434999.99999999994,3,,750.0,100.0,new
VINYAS, SM,2026-09-29,1460.0,1494.8,1460.0,1490.9,1494.0,1493.0,12800,19035000.0,67,,10400.0,81.25,new
VINYLINDIA, EQ,2026-09-29,215.5,221.8,212.0,214.68,216.0,218.59,11038,2383000.0,448,,8723.0,79.03,new
VIPCLOTHNG, EQ,2026-09-29,21.78,21.8,20.21,20.44,20.43,21.09,34950,721000.0,358,,19644.0,56.21,new
VIPIND, EQ,2026-09-29,295.65,296.8,289.15,293.2,293.45,296.25,126136,36943000.0,5822,,66144.0,52.44,new
VIPULLTD, BE,2026-09-29,11.41,11.41,10.85,11.36,11.41,10.87,222174,2511000.0,311,,,,new
VIRAT, EQ,2026-09-29,365.0,374.9,331.6,340.2,340.0,358.4,8054,2804000.0,550,,4804.0,59.65,new
VIRINCHI, EQ,2026-09-29,13.72,14.0,13.16,13.37,13.39,13.72,78601,1057000.0,469,,54786.0,69.7,new
VIRTUALG, BE,2026-09-29,0.45,0.45,0.42,0.43,0.45,0.44,268134,117000.0,174,,,,new
VISACHROME, EQ,2026-09-29,33.36,35.02,31.81,35.02,35.02,33.36,1571547,51096000.0,100,,1567824.0,99.76,new
VISAKAIND, BE,2026-09-29,87.91,88.01,83.0,87.07,86.12,87.21,123072,10501000.0,760,,,,new
VISAMAN, SM,2026-09-29,27.3,30.1,27.3,30.1,30.1,28.7,202000,5813000.0,94,,146000.0,72.28,new
VISDEM, SM,2026-09-29,92.0,92.0,86.0,92.0,92.0,93.0,6000,545000.0,5,,6000.0,100.0,new
VISHAL, EQ,2026-09-29,17.78,18.2,17.25,17.92,17.9,17.86,37725,673000.0,233,,27590.0,73.13,new
VISHNU, EQ,2026-09-29,688.05,696.8,669.8,673.9,676.85,691.95,153858,104868000.0,7229,,102764.0,66.79,new
VISHNUINFR, SM,2026-09-29,142.0,148.5,141.5,148.5,148.5,143.5,67500,9977000.0,20,,67500.0,100.0,new
VISHWARAJ, EQ,2026-09-29,5.43,5.43,5.24,5.26,5.27,5.4,206295,1096000.0,579,,134025.0,64.97,new
VISHWAS, SM,2026-09-29,42.4,42.4,42.4,42.4,42.4,40.4,3200,136000.0,2,,3200.0,100.0,new
VISL, EQ,2026-09-29,31.4,32.99,31.1,32.85,32.99,31.42,21043260,678904000.0,38415,,12087003.0,57.44,new
VITAL, EQ,2026-09-29,53.5,53.9,51.5,52.82,51.8,54.06,5574,291000.0,79,,4319.0,77.48,new
VIVIANA, EQ,2026-09-29,709.3,724.95,700.0,704.7,705.0,710.65,16300,11530000.0,1118,,10252.0,62.9,new
VIVIDEL, SM,2026-09-29,1692.0,1775.0,1615.05,1738.1,1730.0,1686.05,27360,46950000.0,90,,20640.0,75.44,new
VIVIDHA, EQ,2026-09-29,0.52,0.53,0.51,0.52,0.53,0.52,325093,171000.0,127,,81844.0,25.18,new
VIVIMEDLAB, BE,2026-09-29,5.77,5.77,5.55,5.55,5.55,5.66,13423,75000.0,21,,,,new
VIVOBIOT, EQ,2026-09-29,17.44,17.44,16.11,17.05,16.87,16.26,39020,656000.0,348,,34984.0,89.66,new
VIYASH, EQ,2026-09-29,239.5,245.9,235.8,238.05,238.45,241.0,4039716,970494000.0,51903,,2639234.0,65.33,new
VLEGOV, EQ,2026-09-29,10.33,10.44,10.15,10.2,10.32,10.34,41646,426999.99999999994,304,,31657.0,76.01,new
VLINFRA, SM,2026-09-29,24.3,24.55,24.15,24.55,24.55,24.55,9000,219000.0,5,,9000.0,100.0,new
VLSFINANCE, EQ,2026-09-29,237.38,237.4,230.9,234.96,233.0,237.4,7305,1707999.9999999998,338,,4394.0,60.15,new
VMARCIND, SM,2026-09-29,310.9,323.9,303.25,316.6,315.0,310.8,147000,45881000.0,92,,93000.0,63.27,new
VMART, EQ,2026-09-29,766.4,769.8,748.65,760.05,754.35,766.5,65456,49624000.0,10132,,28518.0,43.57,new
VMM, EQ,2026-09-29,100.81,104.3,98.0,104.3,104.3,100.81,15659999,1570289000.0,54467,,7618005.0,48.65,new
VMOBILE, SM,2026-09-29,58.9,58.9,57.0,57.0,57.0,56.6,8800,513000.0,6,,8800.0,100.0,new
VMSTMT, EQ,2026-09-29,48.02,49.99,48.02,48.99,48.89,48.25,105910,5189000.0,1072,,59151.0,55.85,new
VOEPL, EQ,2026-09-29,495.15,511.95,491.9,497.95,495.0,497.5,45543,22808000.0,3069,,19789.0,43.45,new
VOGL, EQ,2026-09-29,33.3,34.35,32.93,33.96,34.0,33.3,40629240,1368596000.0,76922,,19024292.0,46.82,new
VOITHPAPR, EQ,2026-09-29,1435.0,1460.5,1405.5,1408.2,1405.5,1435.3,242,343000.0,35,,201.0,83.06,new
VOLERCAR, SM,2026-09-29,220.0,220.0,220.0,220.0,220.0,221.0,800,176000.0,1,,800.0,100.0,new
VOLTAMP, EQ,2026-09-29,10513.0,10669.0,10443.0,10624.0,10653.0,10513.0,10908,115541000.00000001,5569,,4453.0,40.82,new
VOLTAS, EQ,2026-09-29,1135.2,1137.9,1090.0,1090.0,1090.0,1135.5,1279969,1416992000.0,30136,,762064.0,59.54,new
VPRPL, EQ,2026-09-29,31.0,32.8,28.89,28.99,29.19,31.09,2626247,79888000.0,9087,,718873.0,27.37,new
VR, SM,2026-09-29,95.5,95.5,95.5,95.5,95.5,95.5,400,38000.0,1,,400.0,100.0,new
VRAJ, EQ,2026-09-29,125.53,127.69,123.2,125.16,125.4,124.66,11399,1425000.0,802,,6948.0,60.95,new
VRLLOG, EQ,2026-09-29,285.5,288.4,281.5,282.4,282.95,287.0,166349,47173000.0,4664,,108306.0,65.11,new
VSSL, EQ,2026-09-29,410.5,410.5,397.8,405.85,405.0,407.75,64367,26020999.999999996,3858,,27142.0,42.17,new
VSTIND, EQ,2026-09-29,204.68,204.8,202.05,202.96,203.0,204.0,92063,18698000.0,3683,,45958.0,49.92,new
VSTL, EQ,2026-09-29,111.45,111.95,110.05,110.81,111.01,111.23,3440,381000.0,152,,2895.0,84.16,new
VSTTILLERS, EQ,2026-09-29,4285.8,4488.0,4232.2,4427.4,4436.0,4307.3,9068,39364000.0,2095,,3744.0,41.29,new
VTL, EQ,2026-09-29,540.5,545.2,526.7,529.55,527.15,540.55,501166,268544000.0,19569,,308200.0,61.5,new
VTMLTD, EQ,2026-09-29,38.54,41.77,37.75,39.93,41.76,38.07,179086,7005000.0,2100,,91406.0,51.04,new
WAAREEENER, EQ,2026-09-29,2455.0,2460.0,2380.0,2380.0,2380.0,2455.0,724573,1745998000.0,51147,,300105.0,41.42,new
WAAREEINDO, EQ,2026-09-29,218.6,221.4,208.45,210.65,209.6,219.35,172505,36657000.0,4501,,96177.0,55.75,new
WAAREERTL, EQ,2026-09-29,824.9,827.7,812.85,821.4,822.5,826.05,94415,77513000.0,10448,,47870.0,50.7,new
WABAG, EQ,2026-09-29,1977.2,2099.8,1956.8,2093.8,2088.6,1977.2,703056,1441277000.0,56910,,259160.0,36.86,new
WAKEFIT, EQ,2026-09-29,139.01,145.1,136.7,144.06,143.85,138.57,435263,61715000.0,6653,,137118.0,31.5,new
WALCHANNAG, EQ,2026-09-29,202.15,206.23,198.95,203.24,203.2,203.03,432314,87606000.0,9954,,196673.0,45.49,new
WALPAR, SM,2026-09-29,24.95,27.4,24.95,27.4,27.4,26.25,4000,105000.0,2,,4000.0,100.0,new
WANBURY, EQ,2026-09-29,221.8,229.95,216.05,216.95,216.05,222.25,242042,53589000.0,5297,,124552.0,51.46,new
WARDINMOBI, EQ,2026-09-29,5.54,5.54,5.16,5.49,5.53,5.43,314645,1685000.0000000002,927,,259072.0,82.34,new
WATERBASE, EQ,2026-09-29,44.16,50.3,44.16,46.86,47.2,44.56,47588,2242000.0,373,,28604.0,60.11,new
WCIL, EQ,2026-09-29,92.2,95.5,89.51,94.91,95.0,92.75,231054,21673000.0,2107,,106535.0,46.11,new
WEALTH, EQ,2026-09-29,846.75,918.0,837.8,887.5,882.05,832.8,5500,4853000.0,571,,3020.0,54.91,new
WEBELSOLAR, EQ,2026-09-29,71.99,71.99,69.5,70.62,70.55,71.75,1776300,124984999.99999999,13086,,1111254.0,62.56,new
WEIZMANIND, EQ,2026-09-29,72.5,72.5,69.51,70.86,71.25,72.54,3367,238000.0,67,,3262.0,96.88,new
WEL, EQ,2026-09-29,73.75,74.94,71.0,72.57,73.0,73.72,346612,25118000.0,2398,,203909.0,58.83,new
WELCORP, EQ,2026-09-29,2712.3,2900.0,2680.5,2842.0,2829.0,2739.7,3094471,8725790000.0,145547,,1202656.0,38.86,new
WELENT, EQ,2026-09-29,749.5,769.5,736.05,744.3,742.9,749.5,531075,397964000.0,12956,,340405.0,64.1,new
WELINV, BE,2026-09-29,2451.0,2451.0,2402.1,2435.0,2435.0,2451.0,48,115999.99999999999,6,,,,new
WELSPLSOL, EQ,2026-09-29,53.11,54.46,52.35,52.69,52.79,53.81,344119,18199000.0,2767,,188050.0,54.65,new
WELSPUNLIV, EQ,2026-09-29,226.21,228.5,222.62,225.21,225.96,227.95,1833544,413368000.0,35703,,751028.0,40.96,new
WENDT, EQ,2026-09-29,8490.5,8651.0,8340.0,8395.0,8401.5,8459.0,8552,72277000.0,2219,,3947.0,46.15,new
WESTLIFE, EQ,2026-09-29,579.85,602.0,570.2,596.6,596.95,579.85,286746,168684000.0,36071,,120250.0,41.94,new
WEWIN, EQ,2026-09-29,48.59,48.59,47.5,48.1,48.1,48.59,2401,113999.99999999999,24,,2301.0,95.84,new
WEWORK, EQ,2026-09-29,645.65,679.8,641.3,667.15,671.7,650.65,204957,136145000.0,17794,,118870.0,58.0,new
WHBRADY, EQ,2026-09-29,491.0,491.0,491.0,491.0,491.0,491.0,2,1000.0,2,,2.0,100.0,new
WHEELS, EQ,2026-09-29,2300.0,2300.0,2191.0,2204.0,2209.0,2323.8,138348,309562000.0,11699,,46529.0,33.63,new
WHIRLPOOL, EQ,2026-09-29,912.55,912.55,873.0,888.2,875.1,917.1,1761949,1568756000.0,57696,,347214.0,19.71,new
WILLAMAGOR, EQ,2026-09-29,23.45,23.45,21.21,22.31,22.94,22.11,4087,90000.0,129,,2881.0,70.49,new
WINDLAS, EQ,2026-09-29,1090.05,1123.95,1085.0,1096.25,1094.1,1102.55,109383,120825000.0,13365,,48846.0,44.66,new
WINDMACHIN, EQ,2026-09-29,298.1,304.9,290.95,300.0,300.0,300.25,158312,47366000.0,1219,,105409.0,66.58,new
WINSOL, SM,2026-09-29,100.85,110.8,100.85,108.75,110.0,106.45,21200,2318000.0,31,,17200.0,81.13,new
WIPL, EQ,2026-09-29,166.7,169.9,163.22,163.72,165.0,166.74,418,69000.0,27,,265.0,63.4,new
WIPRO, EQ,2026-09-29,161.0,162.43,156.79,156.79,156.79,161.56,164453787,25828696000.0,147207,,144035654.0,87.58,new
WOCKPHARMA, EQ,2026-09-29,2199.0,2255.0,2148.0,2194.2,2189.7,2187.6,1274737,2790021000.0,80496,,410319.0,32.19,new
WOL3D, SM,2026-09-29,134.0,137.2,134.0,137.2,137.2,130.7,9000,1229000.0,9,,7000.0,77.78,new
WOMANCART, ST,2026-09-29,100.25,100.25,95.7,98.4,98.4,99.2,9200,894999.9999999999,23,,6000.0,65.22,new
WONDERLA, EQ,2026-09-29,504.0,504.95,491.25,501.45,500.5,505.55,43971,21988000.0,2445,,25909.0,58.92,new
WORTHPERI, EQ,2026-09-29,143.16,147.0,142.05,144.85,143.2,146.86,20329,2979000.0,206,,17914.0,88.12,new
WPIL, EQ,2026-09-29,422.35,438.9,416.0,431.5,427.3,422.35,53460,23022000.0,3546,,32972.0,61.68,new
WSI, EQ,2026-09-29,55.97,56.31,55.11,55.62,55.62,55.7,8869,493000.0,144,,8462.0,95.41,new
WSTCSTPAPR, EQ,2026-09-29,724.0,724.9,694.0,703.45,694.0,722.35,169050,120021000.0,9993,,92222.0,54.55,new
WTICAB, SM,2026-09-29,95.0,98.2,95.0,98.0,98.0,97.5,9500,924000.0,17,,7000.0,73.68,new
XCHANGING, EQ,2026-09-29,60.89,60.89,59.2,60.22,60.62,60.04,37926,2272000.0,783,,26771.0,70.59,new
XELPMOC, EQ,2026-09-29,89.2,91.9,83.56,85.53,86.1,89.57,34299,2991000.0,754,,19533.0,56.95,new
XPROINDIA, EQ,2026-09-29,1142.2,1170.0,1121.2,1160.4,1170.0,1142.2,43568,50033000.0,4402,,26150.0,60.02,new
XTGLOBAL, EQ,2026-09-29,29.0,31.0,29.0,29.43,29.85,28.91,25775,764000.0,190,,8207.0,31.84,new
XTRANET, EQ,2026-09-29,285.97,285.97,271.48,271.48,271.48,285.76,730316,202092000.0,10261,,384406.0,52.64,new
YAAP, SM,2026-09-29,123.05,123.05,120.1,121.05,121.0,123.05,9000,1094000.0,9,,9000.0,100.0,new
YASHO, EQ,2026-09-29,4100.0,4117.5,3965.0,4061.3,4040.5,4117.9,21869,88170000.0,4473,,9800.0,44.81,new
YASHOPTICS, SM,2026-09-29,131.25,131.25,130.0,130.0,130.0,131.25,10400,1355000.0,10,,10400.0,100.0,new
YATHARTH, EQ,2026-09-29,1091.0,1117.5,1085.0,1108.0,1111.0,1100.4,309227,341176000.0,21405,,140441.0,45.42,new
YATRA, EQ,2026-09-29,102.2,102.32,98.52,101.37,101.85,101.67,769697,77545000.0,13007,,280348.0,36.42,new
YESBANK, EQ,2026-09-29,21.18,21.33,20.71,20.71,20.71,21.18,137347987,2880925000.0,95584,,76968394.0,56.04,new
YOGI, EQ,2026-09-29,162.0,162.0,156.0,156.67,156.0,162.0,850,134000.0,171,,850.0,100.0,new
YUDIZ, SM,2026-09-29,22.0,22.0,21.9,21.9,21.9,23.0,2400,53000.0,3,,2400.0,100.0,new
YUKEN, EQ,2026-09-29,1121.7,1141.0,1103.1,1130.7,1126.0,1125.85,15657,17567000.0,1456,,8368.0,53.45,new
ZAGGLE, EQ,2026-09-29,175.0,176.26,172.25,173.84,173.98,175.55,563415,97909000.0,9125,,239804.0,42.56,new
ZEAL, SM,2026-09-29,79.95,79.95,72.55,75.45,72.55,76.25,1800,139000.0,3,,1200.0,66.67,new
ZEEL, EQ,2026-09-29,76.5,76.85,73.31,74.14,73.58,76.5,15872606,1181855000.0,56261,,5541222.0,34.91,new
ZEELEARN, EQ,2026-09-29,6.78,6.85,6.01,6.25,6.36,6.65,562426,3611999.9999999995,1020,,378149.0,67.24,new
ZEEMEDIA, EQ,2026-09-29,7.29,7.3,7.01,7.18,7.23,7.29,936126,6718000.000000001,1711,,559515.0,59.77,new
ZENITHDRUG, SM,2026-09-29,42.8,45.35,42.8,44.5,44.5,42.8,7200,318000.0,9,,7200.0,100.0,new
ZENITHEXPO, EQ,2026-09-29,203.0,203.0,193.4,199.53,200.0,203.0,53,11000.0,10,,31.0,58.49,new
ZENITHSTL, EQ,2026-09-29,5.22,5.23,5.03,5.19,5.23,5.17,78952,407000.0,187,,73590.0,93.21,new
ZENSARTECH, EQ,2026-09-29,436.9,438.9,427.5,429.0,429.05,436.7,677413,292878000.0,26943,,233561.0,34.48,new
ZENTEC, EQ,2026-09-29,1642.0,1649.2,1606.0,1619.8,1623.7,1642.8,305781,496233000.0,26087,,110116.0,36.01,new
ZFCVINDIA, EQ,2026-09-29,2325.0,2331.4,2285.0,2297.8,2302.0,2332.8,85803,197285000.0,14584,,53443.0,62.29,new
ZFSTEERING, EQ,2026-09-29,750.0,750.0,708.65,710.85,710.0,729.7,3274,2344000.0,436,,1795.0,54.83,new
ZIMLAB, EQ,2026-09-29,137.55,138.1,132.0,134.89,133.5,137.55,123508,16688000.0,2501,,64304.0,52.06,new
ZODIAC, EQ,2026-09-29,227.99,227.99,201.35,208.6,213.06,219.2,44250,9294000.0,2972,,21301.0,48.14,new
ZODIACLOTH, EQ,2026-09-29,68.05,69.99,68.01,68.23,68.03,69.0,1648,112999.99999999999,32,,1144.0,69.42,new
ZOTA, EQ,2026-09-29,1315.6,1346.9,1291.0,1300.2,1291.5,1322.2,53539,70379000.0,3727,,30557.0,57.07,new
ZSARACOM, EQ,2026-09-29,10058.0,10299.0,9834.0,10233.0,10255.0,10008.0,30,306000.0,25,,19.0,63.33,new
ZTECH, SM,2026-09-29,429.0,437.5,425.0,431.25,426.5,428.05,8700,3765000.0,28,,6300.0,72.41,new
ZUARI, EQ,2026-09-29,215.4,222.47,213.16,221.66,220.8,217.12,56240,12311000.0,2066,,35871.0,63.78,new
ZUARIIND, EQ,2026-09-29,278.5,283.85,272.55,281.85,278.3,276.85,56493,15716999.999999998,2063,,30464.0,53.93,new
ZYDUSLIFE, EQ,2026-09-29,1217.6,1232.1,1200.5,1200.5,1200.5,1215.0,2372609,2883858000.0,54249,,1224775.0,51.62,new
ZYDUSWELL, EQ,2026-09-29,523.55,528.8,503.05,506.1,515.0,524.4,308220,159455000.0,19210,,149031.0,48.35,new
