SYMBOL,SERIES,DATE,OPEN,HIGH,LOW,CLOSE,LAST,PREV_CLOSE,VOLUME,TURNOVER,TRADES,ISIN,DELIV_QTY,DELIV_PER,SOURCE
20MICRONS, EQ,2026-10-06,204.61,208.8,204.13,207.87,208.8,204.61,42040,8698000.0,1498,,21580.0,51.33,new
21STCENMGM, EQ,2026-10-06,37.98,38.36,37.24,38.36,38.36,37.61,4200,161000.0,27,,4054.0,96.52,new
360ONE, EQ,2026-10-06,1057.8,1074.5,1050.0,1069.5,1069.5,1050.0,734690,784494000.0,42184,,488814.0,66.53,new
3BBLACKBIO, EQ,2026-10-06,1644.9,1656.4,1563.5,1575.1,1572.3,1624.7,13616,21634000.0,2025,,6259.0,45.97,new
3IINFOLTD, BE,2026-10-06,22.95,23.1,22.51,22.81,22.85,22.62,64288,1469000.0,450,,,,new
3MINDIA, EQ,2026-10-06,30800.0,30950.0,30435.0,30840.0,30940.0,30400.0,1680,51548000.0,1139,,788.0,46.9,new
3PLAND, EQ,2026-10-06,30.78,31.0,30.11,30.75,30.95,30.48,365,11000.0,34,,317.0,86.85,new
574GS2026, GS,2026-10-06,102.49,102.49,101.73,102.49,102.49,101.71,1066,109000.00000000001,4,,1065.0,99.91,new
591GS2028, GS,2026-10-06,99.8,99.8,99.8,99.8,99.8,99.8,100,10000.0,1,,100.0,100.0,new
5PAISA, EQ,2026-10-06,358.1,358.1,346.65,349.7,349.95,360.9,136027,47727000.0,5436,,47678.0,35.05,new
601GS2030, GS,2026-10-06,96.31,97.1,96.31,97.1,97.1,98.0,800,77000.0,4,,400.0,50.0,new
603GS2029, GS,2026-10-06,98.01,98.01,98.01,98.01,98.01,99.25,100,10000.0,1,,100.0,100.0,new
610GS2031, GS,2026-10-06,99.49,99.49,99.49,99.49,99.49,99.75,2,0.0,2,,2.0,100.0,new
620GS2029, GS,2026-10-06,98.0,98.0,98.0,98.0,98.0,97.8,100,10000.0,1,,100.0,100.0,new
636GS2031, GS,2026-10-06,99.5,99.5,99.4,99.5,99.5,99.5,752,75000.0,5,,752.0,100.0,new
63MOONS, EQ,2026-10-06,787.0,796.0,786.05,792.95,794.0,789.75,87123,68905000.0,4288,,42615.0,48.91,new
648GS2035, GS,2026-10-06,95.2,97.0,93.61,96.0,96.0,97.0,14082,1345000.0,26,,11839.0,84.07,new
653GS2031, GS,2026-10-06,99.8,99.8,99.8,99.8,99.8,99.8,2004,200000.0,1,,2004.0,100.0,new
654GS2032, GS,2026-10-06,99.5,99.5,98.9,98.9,98.9,99.25,20002,1980000.0,3,,20001.0,100.0,new
657GS2033A, GS,2026-10-06,99.0,99.0,98.0,98.0,98.0,99.0,900,89000.0,3,,900.0,100.0,new
664GS2027, GS,2026-10-06,101.71,101.71,101.71,101.71,101.71,102.74,100,10000.0,1,,100.0,100.0,new
667GS2050, GS,2026-10-06,91.5,91.5,91.5,91.5,91.5,91.95,51,5000.0,2,,51.0,100.0,new
668GS2033, GS,2026-10-06,99.05,99.05,99.05,99.05,99.05,98.0,1500,149000.0,1,,1500.0,100.0,new
668GS2040, GS,2026-10-06,97.5,97.5,97.3,97.4,97.4,96.0,13957,1361000.0,8,,13927.0,99.79,new
676GS2061, GS,2026-10-06,89.6,89.6,88.67,89.48,89.48,89.44,1793,160000.0,25,,1718.0,95.82,new
679GS2034, GS,2026-10-06,99.0,99.0,97.8,97.8,97.8,101.5,1149,113999.99999999999,6,,1149.0,100.0,new
68GS2060, GS,2026-10-06,91.85,91.85,91.0,91.0,91.0,91.2,347,32000.0,17,,345.0,99.42,new
690GS2065, GS,2026-10-06,93.5,93.5,92.52,92.6,92.6,93.23,10560,980000.0000000001,24,,10460.0,99.05,new
692GS2039, GS,2026-10-06,99.0,99.0,99.0,99.0,99.0,99.0,6,1000.0,1,,6.0,100.0,new
694GS2036, GS,2026-10-06,101.3,101.3,101.3,101.3,101.3,102.26,550,56000.00000000001,3,,550.0,100.0,new
695GS2061, GS,2026-10-06,93.0,93.0,91.5,92.79,92.79,91.52,1008,92000.0,7,,1001.0,99.31,new
697GR2034, GS,2026-10-06,97.5,97.6,97.5,97.6,97.6,97.0,12000,1170000.0,5,,12000.0,100.0,new
699GS2051, GS,2026-10-06,96.39,96.39,96.39,96.39,96.39,96.7,2764,266000.0,2,,2764.0,100.0,new
702GS2027, GS,2026-10-06,102.3,102.45,102.3,102.45,102.45,102.45,2673,274000.0,7,,2673.0,100.0,new
704GS2029, GS,2026-10-06,102.7,102.7,102.7,102.7,102.7,102.5,3650,375000.0,2,,3650.0,100.0,new
706GS2028, GS,2026-10-06,103.5,103.5,103.5,103.5,103.5,103.5,3969,411000.00000000006,3,,3969.0,100.0,new
706GS2041, GS,2026-10-06,99.55,99.56,97.25,97.25,97.25,99.69,1202,119000.0,6,,1102.0,91.68,new
709GS2054, GS,2026-10-06,96.0,96.0,95.0,95.5,95.5,95.0,1004,96000.0,5,,1002.0,99.8,new
709GS2074, GS,2026-10-06,94.8,94.82,94.46,94.76,94.76,94.83,5928,561000.0,24,,4028.0,67.95,new
710GS2029, GS,2026-10-06,103.95,103.95,103.9,103.9,103.9,103.15,352,37000.0,5,,352.0,100.0,new
716GS2050, GS,2026-10-06,97.79,97.79,96.69,96.69,96.69,99.7,3581,347000.0,5,,3581.0,100.0,new
717GS2030, GS,2026-10-06,102.26,103.05,102.26,103.05,103.05,103.35,1502,154000.0,2,,1502.0,100.0,new
718GS2033, GS,2026-10-06,101.0,101.8,100.9,101.8,101.8,101.2,4920,499000.0,6,,2838.0,57.68,new
718GS2037, GS,2026-10-06,101.01,102.48,101.0,101.11,101.35,101.12,62563,6330000.0,34,,45149.0,72.17,new
71GS2034, GS,2026-10-06,103.0,103.0,103.0,103.0,103.0,103.38,250,26000.0,1,,250.0,100.0,new
724GS2055, GS,2026-10-06,96.26,96.26,95.26,96.2,96.2,96.0,44348,4249000.0,52,,41858.0,94.39,new
725GS2063, GS,2026-10-06,96.5,96.5,96.0,96.33,96.33,96.61,70428,6779000.000000001,75,,66428.0,94.32,new
726GS2032, GS,2026-10-06,101.5,101.75,100.1,100.98,100.86,100.52,13670,1383000.0,8,,13520.0,98.9,new
726GS2033, GS,2026-10-06,101.59,101.59,101.59,101.59,101.59,100.82,957,97000.0,1,,957.0,100.0,new
732GS2030, GS,2026-10-06,103.5,103.5,103.5,103.5,103.5,103.43,100,10000.0,1,,100.0,100.0,new
733GS2026, GS,2026-10-06,102.84,102.84,102.84,102.84,102.84,102.82,150,15000.0,1,,150.0,100.0,new
734GS2064, GS,2026-10-06,98.9,98.9,98.6,98.68,98.7,98.65,145886,14406000.0,69,,143977.0,98.69,new
735NABAR31, N1,2026-10-06,1111.05,1111.05,1111.05,1111.05,1111.05,1110.0,100,111000.00000000001,1,,100.0,100.0,new
736GS2052, GS,2026-10-06,98.45,98.45,98.45,98.45,98.45,98.45,3,0.0,1,,3.0,100.0,new
737GS2028, GS,2026-10-06,104.0,104.02,104.0,104.02,104.02,104.0,3031,315000.0,4,,3031.0,100.0,new
738GS2027, GS,2026-10-06,102.85,103.0,102.5,102.66,102.65,102.81,36430,3740000.0,25,,35599.0,97.72,new
73GS2053, GS,2026-10-06,98.0,98.0,97.05,97.09,97.2,97.31,9407,914000.0,45,,9406.0,99.99,new
741GS2036, GS,2026-10-06,104.5,104.5,103.25,103.3,103.49,103.0,4220,436000.00000000006,11,,4220.0,100.0,new
743GS2076, GS,2026-10-06,98.79,98.79,97.73,97.8,97.95,98.3,94815,9288000.0,145,,93115.0,98.21,new
74GS2062, GS,2026-10-06,98.5,98.5,98.0,98.0,98.0,98.0,1162,113999.99999999999,14,,1162.0,100.0,new
750GS2056, GS,2026-10-06,101.5,101.5,98.4,99.26,98.4,101.0,910,91000.0,11,,910.0,100.0,new
754GS2036, GS,2026-10-06,104.9,105.0,104.5,104.57,104.95,104.67,469874,49177000.0,180,,458140.0,97.5,new
763GS2056, GS,2026-10-06,100.5,100.5,100.05,100.27,100.25,100.2,12564,1261000.0,29,,12564.0,100.0,new
771GS2066, GS,2026-10-06,103.25,103.25,102.51,102.94,102.9,103.29,3117,321000.0,23,,3018.0,96.82,new
772GS2049, GS,2026-10-06,106.22,107.01,106.22,107.01,107.01,104.0,225,24000.0,4,,225.0,100.0,new
795GS2032, GS,2026-10-06,103.0,103.1,103.0,103.1,103.1,102.35,25500,2628000.0,6,,25500.0,100.0,new
897GS2030, GS,2026-10-06,115.0,115.0,115.0,115.0,115.0,115.0,1,0.0,1,,1.0,100.0,new
92GS2030, GS,2026-10-06,109.85,109.85,108.0,108.99,109.0,108.9,15204,1650000.0,39,,12099.0,79.58,new
A2ZINFRA, EQ,2026-10-06,13.87,14.19,13.45,14.0,13.9,13.76,316196,4359000.0,1596,,111112.0,35.14,new
AAATECH, EQ,2026-10-06,95.0,107.9,94.96,103.53,105.0,95.44,424175,43784000.0,3428,,256704.0,60.52,new
AADHARHFC, EQ,2026-10-06,454.85,459.0,451.6,453.8,453.0,453.7,259527,118126000.0,11376,,151631.0,58.43,new
AAKAAR, SM,2026-10-06,68.0,68.0,65.55,65.55,65.55,65.0,3200,214000.0,2,,3200.0,100.0,new
AAKASH, EQ,2026-10-06,8.4,8.6,6.86,8.21,8.21,8.44,248778,1986000.0,889,,173292.0,69.66,new
AARADHYA, ST,2026-10-06,124.1,131.0,124.1,124.6,124.6,128.65,48000,6097000.0,10,,48000.0,100.0,new
AAREYDRUGS, EQ,2026-10-06,104.0,108.98,101.01,107.85,108.05,104.07,184313,19645000.0,1416,,137466.0,74.58,new
AARNAV, BE,2026-10-06,36.23,38.0,35.01,37.31,37.49,36.49,47378,1755000.0,142,,,,new
AARON, EQ,2026-10-06,123.63,125.49,122.0,122.31,123.29,122.25,5775,710000.0,210,,3480.0,60.26,new
AARTECH, BE,2026-10-06,47.49,47.85,46.0,47.33,47.2,47.3,36404,1707000.0,261,,,,new
AARTIDRUGS, EQ,2026-10-06,421.15,430.25,414.1,428.8,428.0,415.0,132855,56353000.0,5866,,52284.0,39.35,new
AARTIIND, EQ,2026-10-06,475.0,490.0,471.0,481.15,482.0,470.85,755429,364852000.0,29481,,271331.0,35.92,new
AARTIPHARM, EQ,2026-10-06,954.0,987.0,954.0,975.0,980.0,946.6,537274,522508000.0,35243,,258200.0,48.06,new
AARTISURF, BE,2026-10-06,493.0,509.9,488.0,505.45,505.0,493.0,7452,3747000.0,205,,,,new
AARVI, EQ,2026-10-06,135.18,139.58,135.1,138.82,138.01,135.18,1895,261000.0,73,,1770.0,93.4,new
AASTHA, EQ,2026-10-06,29.81,30.74,29.29,29.54,29.79,30.83,961865,28689999.999999996,5155,,557036.0,57.91,new
AATMAJ, SM,2026-10-06,20.55,23.5,20.55,21.55,21.55,21.95,12000,269000.0,6,,10000.0,83.33,new
AAVAS, EQ,2026-10-06,1209.0,1232.0,1174.0,1215.1,1214.0,1219.5,34464,41695000.0,7511,,13973.0,40.54,new
ABAN, BE,2026-10-06,16.92,16.92,16.92,16.92,16.92,16.12,17386,294000.0,70,,,,new
ABANSENT, EQ,2026-10-06,27.87,28.3,26.65,27.51,27.22,27.11,10512,290000.0,96,,6333.0,60.25,new
ABB, EQ,2026-10-06,6899.0,7140.5,6873.0,7122.5,7122.5,6895.0,241531,1710700000.0,29620,,107786.0,44.63,new
ABBOTINDIA, EQ,2026-10-06,26240.0,26550.0,25955.0,26115.0,26130.0,26240.0,12533,327340000.0,3688,,8338.0,66.53,new
ABCAPITAL, EQ,2026-10-06,377.8,378.9,372.3,378.9,378.9,377.4,4873650,1834125000.0,42289,,3427340.0,70.32,new
ABCOTS, EQ,2026-10-06,197.5,197.5,192.25,193.34,193.1,195.98,2483,480000.0,84,,1901.0,76.56,new
ABDL, EQ,2026-10-06,700.25,727.85,691.55,714.65,713.0,696.75,701809,503218000.0,32200,,286317.0,40.8,new
ABFRL, EQ,2026-10-06,44.47,47.39,44.47,45.68,45.6,44.34,10464192,485341000.0,43425,,2193239.0,20.96,new
ABGSEC, EQ,2026-10-06,113.38,113.38,112.92,112.93,112.93,113.53,23,3000.0,5,,14.0,60.87,new
ABH, SM,2026-10-06,45.55,45.65,45.4,45.65,45.65,43.5,30000,1368000.0,25,,20400.0,68.0,new
ABINFRA, BE,2026-10-06,12.6,12.8,12.1,12.25,12.25,12.35,134357,1645000.0,223,,,,new
ABLBL, EQ,2026-10-06,73.25,75.9,72.66,73.16,73.57,73.37,3207943,238217999.99999997,19269,,1646383.0,51.32,new
ABMINTLLTD, BE,2026-10-06,42.8,43.32,42.8,43.31,43.31,45.0,348,15000.0,15,,,,new
ABMKNO, EQ,2026-10-06,165.85,169.0,161.2,165.87,165.21,165.85,1818,302000.0,44,,1580.0,86.91,new
ABREL, EQ,2026-10-06,1089.8,1104.0,1074.7,1078.0,1080.0,1082.6,178357,193678000.0,15746,,107752.0,60.41,new
ABSL10BANK, EQ,2026-10-06,162.7,163.34,162.7,163.1,163.1,162.01,305,50000.0,6,,305.0,100.0,new
ABSLAMC, EQ,2026-10-06,1026.0,1034.0,1005.7,1009.65,1010.0,1028.55,213335,217067999.99999997,28102,,122157.0,57.26,new
ABSLBANETF, EQ,2026-10-06,56.59,56.6,56.26,56.46,56.6,56.03,20864,1178000.0,178,,16314.0,78.19,new
ABSLLIQUID, EQ,2026-10-06,999.99,1000.01,999.99,999.99,999.99,999.99,5079,5079000.0,18,,4613.0,90.82,new
ABSLMSCIN, EQ,2026-10-06,27.92,28.01,27.82,27.82,27.82,27.72,616,17000.0,7,,422.0,68.51,new
ABSLNN50ET, EQ,2026-10-06,72.3,77.0,72.2,75.28,73.64,72.69,9901,736000.0,168,,8217.0,82.99,new
ABSLPSE, EQ,2026-10-06,9.7,9.78,9.66,9.75,9.76,9.7,34740,338000.0,303,,32126.0,92.48,new
ABSMARINE, SM,2026-10-06,327.0,332.4,325.1,325.6,325.3,327.05,19000,6244000.0,36,,14500.0,76.32,new
ACC, EQ,2026-10-06,1186.1,1191.8,1174.0,1177.0,1177.0,1184.4,62747,74312000.0,7789,,28005.0,44.63,new
ACCELYA, EQ,2026-10-06,1115.0,1125.0,1090.0,1097.5,1091.0,1105.3,64134,70877000.0,4475,,46351.0,72.27,new
ACCENTMIC, SM,2026-10-06,661.0,667.6,660.55,662.8,663.0,662.9,73000,48538000.0,117,,63500.0,86.99,new
ACCPL, ST,2026-10-06,190.8,194.0,184.4,193.95,193.95,194.05,16800,3196000.0,13,,16800.0,100.0,new
ACCURACY, EQ,2026-10-06,4.19,4.2,4.05,4.1,4.16,4.15,24807,103000.0,170,,19150.0,77.2,new
ACE, EQ,2026-10-06,1235.0,1260.0,1230.0,1252.2,1252.0,1227.5,197550,245604000.0,17318,,113539.0,57.47,new
ACEINTEG, EQ,2026-10-06,17.4,17.4,16.5,17.03,16.95,16.53,405,7000.000000000001,25,,243.0,60.0,new
ACEVECTOR, EQ,2026-10-06,26.75,27.74,25.5,25.93,25.76,26.08,16627205,441438000.0,31039,,4009216.0,24.11,new
ACGL, EQ,2026-10-06,1683.0,1770.0,1678.0,1723.7,1740.0,1683.0,1034,1777000.0,200,,813.0,78.63,new
ACI, EQ,2026-10-06,465.45,476.8,462.7,474.5,476.8,463.2,87877,41473000.0,6085,,40528.0,46.12,new
ACL, EQ,2026-10-06,40.2,40.2,39.45,39.67,39.8,39.8,6310,250000.0,183,,4334.0,68.68,new
ACMESOLAR, EQ,2026-10-06,429.9,453.65,428.6,448.2,451.4,427.65,887494,390941000.0,28630,,376202.0,42.39,new
ACSTECH, BE,2026-10-06,75.11,75.11,74.78,74.78,74.78,76.3,104743,7848999.999999999,120,,,,new
ACUTAAS, EQ,2026-10-06,3140.0,3216.0,3120.0,3156.7,3154.9,3122.2,321664,1014624000.0,41306,,155965.0,48.49,new
ADANIENSOL, EQ,2026-10-06,1354.0,1369.1,1340.8,1350.1,1350.1,1353.4,1566344,2120437000.0,40731,,773276.0,49.37,new
ADANIENT, EQ,2026-10-06,2869.0,2888.0,2834.6,2849.9,2849.9,2864.0,1240051,3546355000.0000005,37311,,608011.0,49.03,new
ADANIGREEN, EQ,2026-10-06,1286.1,1329.4,1280.5,1313.0,1313.0,1284.0,2570708,3375276999.9999995,60986,,1334325.0,51.9,new
ADANIPORTS, EQ,2026-10-06,1773.1,1789.1,1761.1,1783.4,1783.4,1774.0,1684154,2995390000.0,42795,,883094.0,52.44,new
ADANIPOWER, EQ,2026-10-06,201.8,205.43,201.32,202.4,202.4,201.0,23468966,4769365000.0,107447,,11761474.0,50.12,new
ADDICTIVE, ST,2026-10-06,40.0,41.8,39.55,41.8,41.8,40.1,3000,122000.0,6,,2500.0,83.33,new
ADDIND, EQ,2026-10-06,79.49,82.0,78.9,78.9,78.9,79.49,422,33000.0,26,,422.0,100.0,new
ADFFOODS, EQ,2026-10-06,284.7,299.75,281.6,293.1,292.5,282.15,487913,143153000.0,12972,,206084.0,42.24,new
ADISOFT, SM,2026-10-06,263.7,310.0,260.7,301.65,310.0,263.65,245600,70908000.0,275,,163200.0,66.45,new
ADL, EQ,2026-10-06,75.5,76.4,72.0,76.2,76.4,75.9,18,1000.0,14,,11.0,61.11,new
ADOR, EQ,2026-10-06,1511.0,1552.7,1508.1,1535.0,1542.0,1512.0,14756,22716000.0,2601,,7830.0,53.06,new
ADROITIND, BE,2026-10-06,212.99,212.99,212.99,212.99,212.99,224.19,135487,28857000.0,923,,,,new
ADROITINFO, BE,2026-10-06,12.59,12.68,12.59,12.59,12.59,13.25,110445,1392000.0,183,,,,new
ADSL, EQ,2026-10-06,105.51,107.09,102.92,103.82,103.04,105.51,219245,22915000.0,3642,,113970.0,51.98,new
ADVAIT, EQ,2026-10-06,1845.0,1960.0,1836.1,1946.9,1960.0,1832.1,63179,120464000.00000001,9840,,29708.0,47.02,new
ADVANCE, EQ,2026-10-06,115.85,118.59,115.75,117.76,118.12,115.85,66008,7743000.000000001,1089,,40033.0,60.65,new
ADVANIHOTR, EQ,2026-10-06,47.9,48.5,47.01,47.51,47.5,47.26,31548,1500000.0,443,,20792.0,65.91,new
ADVENTHTL, EQ,2026-10-06,123.6,124.82,121.15,122.21,121.99,123.12,106585,13134000.0,2348,,62245.0,58.4,new
ADVENZYMES, EQ,2026-10-06,273.4,278.35,270.8,273.1,272.6,272.4,171582,47130000.0,4730,,110278.0,64.27,new
ADVIKCA, EQ,2026-10-06,1.0,1.02,0.98,0.99,0.99,0.99,362238,362000.0,253,,251546.0,69.44,new
AEGISLOG, EQ,2026-10-06,1365.3,1400.0,1348.3,1395.9,1396.3,1359.5,861628,1187511000.0,48617,,403121.0,46.79,new
AEGISVOPAK, EQ,2026-10-06,298.1,299.1,291.5,293.35,293.0,297.55,538943,158311000.0,17325,,214740.0,39.84,new
AEPL, EQ,2026-10-06,15.02,15.9,15.02,15.2,15.2,15.01,27213,415000.00000000006,73,,24376.0,89.57,new
AEQUS, EQ,2026-10-06,288.0,294.7,283.85,286.1,287.0,284.5,4437254,1283050000.0,58895,,1681525.0,37.9,new
AEROENTER, EQ,2026-10-06,128.59,134.7,125.51,132.56,133.0,126.69,796865,104714000.00000001,9569,,376534.0,47.25,new
AEROFLEX, EQ,2026-10-06,549.7,563.5,536.4,560.75,559.0,544.35,1324804,730961000.0,32728,,471040.0,35.56,new
AERON, SM,2026-10-06,86.05,86.05,84.0,84.0,84.0,86.0,4000,342000.0,3,,4000.0,100.0,new
AERONEU, EQ,2026-10-06,69.5,71.0,69.5,69.97,70.0,69.7,63434,4445000.0,514,,57264.0,90.27,new
AEROPLANE, EQ,2026-10-06,211.24,212.49,206.7,209.24,210.0,211.24,815516,170546000.0,8084,,238199.0,29.21,new
AESTHETIK, SM,2026-10-06,67.05,67.05,67.05,67.05,67.05,65.2,1000,67000.0,1,,1000.0,100.0,new
AETHER, EQ,2026-10-06,1649.0,1814.1,1640.9,1799.8,1795.1,1661.0,1456255,2587542000.0,92765,,415131.0,28.51,new
AFCONS, EQ,2026-10-06,241.9,243.95,240.75,242.15,242.1,241.5,167607,40613000.0,4711,,72763.0,43.41,new
AFFLE, EQ,2026-10-06,1450.0,1456.0,1433.3,1450.2,1450.8,1443.8,96528,139645000.0,14961,,53090.0,55.0,new
AFFORDABLE, EQ,2026-10-06,163.65,166.18,161.42,163.67,163.0,163.65,18157,2969000.0,818,,14340.0,78.98,new
AFIL, EQ,2026-10-06,7.77,7.95,7.5,7.9,7.94,7.77,395042,3071000.0,503,,260358.0,65.91,new
AFSL, EQ,2026-10-06,201.0,201.9,201.0,201.0,201.0,201.0,2674,538000.0,50,,1430.0,53.48,new
AGARIND, EQ,2026-10-06,388.0,398.9,381.65,396.5,395.8,382.95,14766,5802000.0,1034,,7265.0,49.2,new
AGARWALEYE, EQ,2026-10-06,485.0,488.8,474.2,486.85,487.0,484.25,202172,97621000.0,12824,,99588.0,49.26,new
AGARWALFT, SM,2026-10-06,25.6,25.6,24.35,24.35,24.35,25.6,3000,75000.0,2,,3000.0,100.0,new
AGARWALTUF, SM,2026-10-06,177.8,177.8,172.65,175.55,172.65,173.5,236400,41457000.0,74,,94800.0,40.1,new
AGASTYAEN, BE,2026-10-06,67.7,67.7,66.8,66.8,66.8,68.16,32886,2204000.0,84,,,,new
AGI, EQ,2026-10-06,781.7,796.5,779.9,786.4,786.0,781.7,52157,41054000.0,6317,,23949.0,45.92,new
AGIIL, EQ,2026-10-06,261.0,263.4,257.85,259.1,259.0,261.25,150360,39125000.0,3168,,61303.0,40.77,new
AGL, EQ,2026-10-06,12.4,12.88,12.37,12.77,12.8,12.5,1266118,15976000.0,3355,,639847.0,50.54,new
AGNI, SM,2026-10-06,14.5,14.6,14.05,14.3,14.05,14.55,17500,252000.0,7,,15000.0,85.71,new
AGRITECH, EQ,2026-10-06,88.48,90.85,85.55,87.68,88.0,88.47,6452,572000.0,204,,4713.0,73.05,new
AGROPHOS, EQ,2026-10-06,22.75,23.2,21.3,21.92,21.85,22.31,36332,802999.9999999999,356,,13826.0,38.05,new
AGSTRA, BZ,2026-10-06,2.45,2.45,2.45,2.45,2.45,2.49,22134,54000.0,61,,,,new
AHCL, EQ,2026-10-06,29.66,31.22,29.66,29.66,29.66,31.22,11979158,357717000.0,10995,,7676558.0,64.08,new
AHLADA, EQ,2026-10-06,37.06,40.0,37.06,38.33,39.79,37.91,9703,366000.0,98,,1708.0,17.6,new
AHLEAST, EQ,2026-10-06,139.9,139.9,134.31,135.74,135.05,135.31,777,106000.0,28,,485.0,62.42,new
AHLUCONT, EQ,2026-10-06,563.65,578.0,563.25,576.05,575.7,569.8,23249,13305000.000000002,2422,,12278.0,52.81,new
AHLWEST, BE,2026-10-06,555.0,555.0,545.0,545.0,545.0,545.0,3,2000.0,2,,,,new
AIAENG, EQ,2026-10-06,3863.1,3960.0,3781.0,3914.7,3905.0,3863.2,43786,170488000.0,15036,,24660.0,56.32,new
AIIL, EQ,2026-10-06,548.4,552.6,548.2,550.15,550.0,551.6,55682,30633000.0,4160,,35052.0,62.95,new
AIMTRON, SM,2026-10-06,1865.0,1927.0,1860.05,1900.9,1915.0,1873.55,23400,44386000.0,114,,14400.0,61.54,new
AIRAN, EQ,2026-10-06,15.43,16.0,15.07,15.4,15.25,15.43,83556,1297000.0,512,,59864.0,71.65,new
AIROLAM, EQ,2026-10-06,93.85,93.85,87.69,88.29,89.65,89.54,132,12000.0,55,,72.0,54.55,new
AISL, SM,2026-10-06,73.6,73.65,72.0,73.6,73.6,70.15,7800,569000.0,8,,7800.0,100.0,new
AJANTPHARM, EQ,2026-10-06,3492.1,3585.0,3486.0,3573.4,3575.0,3486.0,109380,388466000.0,26981,,57956.0,52.99,new
AJAXENGG, EQ,2026-10-06,604.9,604.9,584.1,585.85,586.2,594.25,51992,30655000.0,3341,,30058.0,57.81,new
AJMERA, EQ,2026-10-06,116.12,117.99,114.3,116.24,116.4,116.7,372159,43191000.0,3315,,193690.0,52.04,new
AJOONI, EQ,2026-10-06,3.03,3.16,3.02,3.08,3.07,3.02,233526,725000.0,383,,144852.0,62.03,new
AKANKSHA, SM,2026-10-06,173.1,186.65,170.15,182.2,178.2,177.8,177000,32255000.0,154,,109000.0,61.58,new
AKASH, EQ,2026-10-06,25.19,25.19,24.55,24.81,24.97,24.64,6070,151000.0,63,,5093.0,83.9,new
AKCAPIT, EQ,2026-10-06,1735.2,1735.2,1675.0,1709.1,1708.5,1746.7,1082,1866000.0,105,,956.0,88.35,new
AKG, EQ,2026-10-06,9.6,9.6,9.31,9.38,9.36,9.35,3242,30000.0,56,,3240.0,99.94,new
AKI, BE,2026-10-06,5.9,6.04,5.81,6.01,6.02,6.01,48066,285000.0,211,,,,new
AKIKO, SM,2026-10-06,420.05,431.0,420.0,420.0,420.0,431.4,6400,2706000.0,8,,5600.0,87.5,new
AKSHAR, EQ,2026-10-06,0.43,0.43,0.41,0.41,0.41,0.42,516716,217000.0,243,,437189.0,84.61,new
AKSHARCHEM, BE,2026-10-06,382.5,382.5,365.3,374.2,378.9,365.3,19035,7056999.999999999,118,,,,new
AKSHOPTFBR, BE,2026-10-06,7.15,7.37,6.84,7.37,7.37,7.02,231583,1666000.0,296,,,,new
AKUMS, EQ,2026-10-06,802.0,818.0,796.3,814.65,818.0,801.35,128317,104121000.0,8106,,71715.0,55.89,new
ALANKIT, EQ,2026-10-06,7.66,7.84,7.42,7.58,7.62,7.61,117495,889000.0,361,,101153.0,86.09,new
ALBERTDAVD, EQ,2026-10-06,835.65,847.95,823.3,839.1,833.05,836.45,2820,2352000.0,434,,1736.0,61.56,new
ALEMBICLTD, EQ,2026-10-06,105.25,106.9,104.01,104.99,105.09,104.44,346507,36527000.0,4111,,158829.0,45.84,new
ALFREDHE, EQ,2026-10-06,2761.7,2819.9,2749.9,2750.0,2750.0,2748.0,34,94000.0,17,,31.0,91.18,new
ALGOQUANT, EQ,2026-10-06,68.25,71.71,68.01,70.56,70.59,68.25,1409783,98348000.0,7072,,296976.0,21.07,new
ALICON, EQ,2026-10-06,850.0,876.5,837.05,866.9,865.0,848.95,59587,51021000.0,4719,,22162.0,37.19,new
ALIVUS, EQ,2026-10-06,1365.4,1394.7,1354.2,1384.0,1380.0,1373.7,166792,229496000.0,20774,,114798.0,68.83,new
ALKALI, BE,2026-10-06,87.0,87.9,84.01,85.88,87.0,87.29,4932,422000.0,104,,,,new
ALKEM, EQ,2026-10-06,5223.5,5292.0,5165.0,5292.0,5292.0,5192.5,63668,334059000.0,10111,,33361.0,52.4,new
ALKYLAMINE, EQ,2026-10-06,1730.4,2057.3,1730.4,1962.2,1953.0,1730.4,3134700,6228776000.0,181222,,153232.0,4.89,new
ALLCARGO, EQ,2026-10-06,10.32,10.57,10.04,10.5,10.5,10.03,4523931,46671000.0,5672,,2295326.0,50.74,new
ALLDIGI, EQ,2026-10-06,754.7,774.0,742.45,768.1,765.0,750.9,7202,5461000.0,505,,5203.0,72.24,new
ALLETEC, SM,2026-10-06,121.0,124.0,120.0,121.5,121.4,124.65,13600,1655999.9999999998,34,,10800.0,79.41,new
ALLTIME, EQ,2026-10-06,185.8,189.8,180.01,184.36,184.5,183.8,162308,29814999.999999996,2943,,109452.0,67.43,new
ALMONDZ, BE,2026-10-06,19.01,19.96,18.6,19.85,19.9,19.01,98029,1923999.9999999998,233,,,,new
ALOKINDS, EQ,2026-10-06,7.22,7.83,7.09,7.83,7.83,7.12,36666461,280129000.0,29675,,15545208.0,42.4,new
ALPA, EQ,2026-10-06,60.2,60.2,58.52,58.73,58.7,59.0,5812,342000.0,221,,3193.0,54.94,new
ALPEXSOLAR, SM,2026-10-06,811.0,828.0,808.1,814.15,811.0,810.8,19200,15719000.0,162,,13200.0,68.75,new
ALPHA, EQ,2026-10-06,51.49,52.78,51.49,52.7,52.78,51.4,1499557,78458000.0,2474,,962806.0,64.21,new
ALPHAETF, EQ,2026-10-06,25.22,25.62,25.22,25.61,25.62,25.14,624672,15974000.0,761,,508456.0,81.4,new
ALPHAGEO, BE,2026-10-06,257.75,257.75,246.0,251.15,253.95,254.75,4803,1209000.0,155,,,,new
ALPINETEX, EQ,2026-10-06,47.8,47.8,46.04,46.44,46.2,45.82,113484,5286000.0,1698,,58685.0,51.71,new
ALPL30IETF, EQ,2026-10-06,25.86,26.17,25.82,25.98,26.17,25.86,194319,5042000.0,989,,106472.0,54.79,new
ALUFLUOR, EQ,2026-10-06,611.5,627.6,611.5,619.45,623.9,616.8,11486,7145000.0,584,,9319.0,81.13,new
AMAGI, EQ,2026-10-06,575.25,575.25,559.8,564.15,562.0,569.7,214734,121204000.0,20098,,108790.0,50.66,new
AMAL, EQ,2026-10-06,703.2,768.8,699.8,753.7,762.95,699.5,23479,17353000.0,1407,,11209.0,47.74,new
AMANTA, BE,2026-10-06,206.3,206.3,191.0,197.68,198.4,199.92,77852,15428000.0,706,,,,new
AMARJOTHI, EQ,2026-10-06,147.5,150.5,145.5,149.05,150.4,146.5,1085,162000.0,56,,1041.0,95.94,new
AMBAAUTO, SM,2026-10-06,112.0,114.95,110.0,110.0,110.0,112.0,14000,1573000.0,12,,7000.0,50.0,new
AMBALALSA, BE,2026-10-06,38.1,39.5,37.55,38.55,38.55,37.97,41880,1613000.0,131,,,,new
AMBER, EQ,2026-10-06,6551.5,6881.0,6511.0,6869.0,6869.0,6585.0,155584,1049545999.9999999,20840,,49750.0,31.98,new
AMBICAAGAR, EQ,2026-10-06,23.76,24.8,23.76,24.42,24.44,23.83,1832,44000.0,38,,1318.0,71.94,new
AMBIKCO, EQ,2026-10-06,1522.6,1555.0,1522.6,1532.7,1538.9,1534.0,2521,3870000.0000000005,458,,1568.0,62.2,new
AMBUJACEM, EQ,2026-10-06,367.5,370.1,359.8,361.55,361.55,366.5,2356458,860806000.0,23348,,1278283.0,54.25,new
AMCL, SM,2026-10-06,345.0,385.35,340.5,376.2,374.0,370.6,86400,32187000.0,67,,66800.0,77.31,new
AMDIND, BE,2026-10-06,51.31,53.0,50.5,52.73,52.92,51.31,12479,652000.0,156,,,,new
AMEYA, SM,2026-10-06,140.0,147.9,139.0,147.9,147.9,143.0,14000,1992000.0000000002,12,,10000.0,71.43,new
AMJLAND, EQ,2026-10-06,38.02,38.02,37.0,37.66,38.0,37.14,2127,80000.0,53,,2060.0,96.85,new
AMNPLST, EQ,2026-10-06,161.0,192.34,161.0,186.92,184.6,160.29,431098,81882000.0,4677,,86583.0,20.08,new
AMRUTANJAN, EQ,2026-10-06,527.0,527.0,516.0,523.7,524.3,518.1,27720,14460000.0,2009,,16314.0,58.85,new
ANANDRATHI, EQ,2026-10-06,2134.1,2169.9,2129.9,2142.0,2142.0,2132.0,275350,590381000.0,24987,,110640.0,40.18,new
ANANTAM, IV,2026-10-06,103.97,103.97,102.98,102.99,102.98,103.97,111993,11536000.0,247,,111982.0,99.99,new
ANANTRAJ, EQ,2026-10-06,590.0,611.45,587.8,608.9,610.2,587.4,1142191,685246000.0,25242,,523399.0,45.82,new
ANAWIL, SM,2026-10-06,393.0,418.95,393.0,397.4,398.0,393.3,196400,79664000.0,424,,133200.0,67.82,new
ANDHRAPAP, EQ,2026-10-06,70.66,71.06,68.54,70.48,70.35,69.94,234556,16456000.0,3425,,119309.0,50.87,new
ANDHRSUGAR, EQ,2026-10-06,93.0,94.8,92.7,94.42,94.7,91.95,360904,33868000.0,11165,,125309.0,34.72,new
ANDREWYU, EQ,2026-10-06,25.02,25.74,24.12,24.95,25.0,25.34,104068,2584000.0,861,,64616.0,62.09,new
ANGELONE, EQ,2026-10-06,288.9,295.9,288.6,295.0,295.0,285.2,8198494,2401269000.0,77294,,2694486.0,32.87,new
ANIKINDS, EQ,2026-10-06,43.02,48.25,43.02,45.4,46.13,44.56,66538,3104000.0,605,,30789.0,46.27,new
ANKITMETAL, BZ,2026-10-06,2.26,2.26,2.26,2.26,2.26,2.16,19958,45000.0,14,,,,new
ANLON, SM,2026-10-06,772.0,772.0,752.05,765.0,765.0,758.2,4000,3052000.0,10,,1600.0,40.0,new
ANMOL, BE,2026-10-06,13.07,13.44,12.87,13.13,13.14,13.07,30011,391000.0,119,,,,new
ANNAPURNA, EQ,2026-10-06,132.8,132.8,129.0,130.35,129.8,130.44,34618,4514000.0,804,,27800.0,80.31,new
ANNU, EQ,2026-10-06,45.21,45.5,43.22,44.33,44.5,45.12,661281,29332000.0,6920,,280189.0,42.37,new
ANONDITA, SM,2026-10-06,1057.95,1114.0,1049.95,1075.3,1073.05,1031.0,91600,99321000.0,364,,60000.0,65.5,new
ANSALAPI, BZ,2026-10-06,4.0,4.08,3.92,3.92,3.92,4.0,15567,62000.0,45,,,,new
ANSALBU, EQ,2026-10-06,85.57,88.0,83.0,85.57,86.0,85.6,779,66000.0,44,,662.0,84.98,new
ANTELOPUS, EQ,2026-10-06,1125.0,1125.0,1090.0,1100.6,1107.0,1103.4,173534,191940000.0,9185,,53106.0,30.6,new
ANTGRAPHIC, EQ,2026-10-06,0.71,0.71,0.68,0.69,0.7,0.69,98256,68000.0,169,,47603.0,48.45,new
ANTHEM, EQ,2026-10-06,853.0,898.65,843.0,890.35,892.0,851.9,681982,598226000.0,23899,,369924.0,54.24,new
ANUHPHR, EQ,2026-10-06,85.07,88.5,84.41,87.57,87.77,84.15,105757,9179000.0,2368,,56366.0,53.3,new
ANUP, EQ,2026-10-06,1538.8,1585.0,1536.1,1575.9,1580.0,1539.0,18047,28149000.0,3861,,8864.0,49.12,new
ANURAS, EQ,2026-10-06,1170.0,1178.0,1158.1,1170.2,1164.0,1164.4,440690,516479000.0,12123,,318938.0,72.37,new
ANYA, SM,2026-10-06,18.0,18.25,18.0,18.0,18.0,18.0,35000,636000.0,7,,35000.0,100.0,new
ANZEN, IV,2026-10-06,129.0,131.0,129.0,131.0,131.0,131.0,700000,90445000.0,4,,700000.0,100.0,new
AONEGOLD, EQ,2026-10-06,13.74,13.74,13.51,13.69,13.73,13.74,210243,2876000.0,1583,,121044.0,57.57,new
AONELIQUID, EQ,2026-10-06,1079.85,1079.87,1079.85,1079.86,1079.85,1079.71,9477,10234000.0,73,,5870.0,61.94,new
AONENIFTY, EQ,2026-10-06,9.2,9.5,9.2,9.39,9.37,9.31,93166,873000.0,969,,77443.0,83.12,new
AONESILVER, EQ,2026-10-06,8.48,8.52,8.35,8.4,8.43,8.48,284744,2389000.0,1326,,137067.0,48.14,new
AONESTEELS, EQ,2026-10-06,385.65,389.4,366.45,384.8,387.0,389.4,659243,248925000.0,18470,,253142.0,38.4,new
AONETMMQ50, EQ,2026-10-06,10.09,10.09,9.8,10.01,10.05,9.89,148640,1480000.0,248,,125032.0,84.12,new
AONETOTAL, EQ,2026-10-06,11.43,11.46,10.99,11.37,11.38,11.21,106286,1205000.0,803,,65689.0,61.8,new
APARINDS, EQ,2026-10-06,18297.0,18440.0,17875.0,18016.0,17954.0,18102.0,94494,1718009999.9999998,29580,,37184.0,39.35,new
APCL, EQ,2026-10-06,96.67,96.67,93.0,93.58,93.51,94.0,2525,238000.0,73,,1977.0,78.3,new
APCOTEXIND, EQ,2026-10-06,587.25,613.9,585.0,610.7,610.35,587.25,79604,48177000.0,7559,,44462.0,55.85,new
APEX, EQ,2026-10-06,325.5,342.6,320.0,339.8,339.3,328.4,107151,35884000.0,5249,,49483.0,46.18,new
APEXECO, ST,2026-10-06,255.5,255.5,247.55,253.65,255.0,251.0,12000,3013000.0,15,,10400.0,86.67,new
APLAPOLLO, EQ,2026-10-06,2102.0,2152.0,2099.6,2152.0,2152.0,2099.8,320327,685189000.0,19163,,183359.0,57.24,new
APLLTD, EQ,2026-10-06,831.25,840.3,825.0,834.2,837.95,831.25,143011,119006000.0,19606,,88134.0,61.63,new
APOLLO, EQ,2026-10-06,402.7,408.75,402.4,408.05,408.15,401.7,3344430,1359480000.0,40625,,1401580.0,41.91,new
APOLLOHOSP, EQ,2026-10-06,7970.0,8017.0,7806.0,7914.5,7914.5,7985.0,1072883,8455795000.0,133057,,694538.0,64.74,new
APOLLOPIPE, EQ,2026-10-06,531.0,549.8,528.0,529.8,528.25,530.75,132829,71380000.0,5458,,66587.0,50.13,new
APOLLOTYRE, EQ,2026-10-06,402.75,405.25,399.35,401.55,403.0,401.6,333239,133760999.99999999,16003,,144654.0,43.41,new
APOLSINHOT, EQ,2026-10-06,1180.0,1183.9,1165.0,1174.7,1172.0,1174.9,857,1006000.0,138,,428.0,49.94,new
APOORVA, BE,2026-10-06,33.49,33.49,33.0,33.0,33.0,33.65,31,1000.0,4,,,,new
APRAMEYA, SM,2026-10-06,104.95,113.0,101.05,106.35,113.0,102.0,30500,3225000.0,26,,30000.0,98.36,new
APS, SM,2026-10-06,224.05,229.6,224.05,228.4,228.4,223.45,8500,1932999.9999999998,32,,6000.0,70.59,new
APSISAERO, ST,2026-10-06,515.0,554.4,504.4,554.4,554.4,528.0,50400,26483999.999999996,32,,49200.0,97.62,new
APTECHT, EQ,2026-10-06,86.1,89.89,86.1,88.19,87.76,86.88,76755,6761000.0,1489,,41699.0,54.33,new
APTUS, EQ,2026-10-06,223.65,226.21,222.32,223.9,223.9,223.65,512918,115009999.99999999,22939,,288825.0,56.31,new
AQYLON, EQ,2026-10-06,16.19,16.3,15.26,15.46,15.3,15.58,335127,5251000.0,1003,,163435.0,48.77,new
ARABIAN, SM,2026-10-06,100.5,105.85,100.0,104.1,104.0,96.75,88000,9072000.0,41,,62000.0,70.45,new
ARCHIDPLY, EQ,2026-10-06,101.18,104.0,100.75,101.67,101.5,101.8,12612,1282000.0,106,,7875.0,62.44,new
ARCHIES, EQ,2026-10-06,12.74,12.74,12.1,12.24,12.29,12.35,14768,180000.0,148,,11416.0,77.3,new
ARCIIL, SM,2026-10-06,34.0,34.0,31.65,32.65,32.65,32.5,8000,260000.0,8,,8000.0,100.0,new
ARCIL, EQ,2026-10-06,143.0,147.8,143.0,145.74,146.0,142.24,1271807,185290000.0,19545,,624380.0,49.09,new
ARCL, EQ,2026-10-06,224.52,235.06,223.25,226.99,226.99,235.0,2963,668000.0,69,,1675.0,56.53,new
ARDEE, EQ,2026-10-06,48.5,50.5,48.5,50.22,50.21,48.51,1861166,92757000.0,10020,,748656.0,40.23,new
ARE&M, EQ,2026-10-06,742.05,745.6,740.35,742.9,744.0,741.6,309353,229775000.0,19161,,156039.0,50.44,new
ARENTERP, EQ,2026-10-06,33.79,34.89,32.7,33.89,33.89,33.79,177,6000.0,17,,163.0,92.09,new
ARFIN, EQ,2026-10-06,87.51,98.24,87.14,96.36,97.4,87.51,9170776,875385000.0,53593,,2000954.0,21.82,new
ARHAM, SM,2026-10-06,208.9,208.9,204.05,206.3,205.6,208.9,13000,2683000.0,13,,9000.0,69.23,new
ARIES, BE,2026-10-06,505.6,514.0,492.1,499.0,500.0,501.25,24527,12301000.0,536,,,,new
ARIHANT, EQ,2026-10-06,891.0,940.0,891.0,914.9,930.0,891.35,873,795000.0,102,,589.0,67.47,new
ARIHANTCAP, EQ,2026-10-06,91.55,97.8,91.25,94.13,94.3,91.01,1232598,117965000.00000001,10287,,304048.0,24.67,new
ARIHANTSUP, EQ,2026-10-06,219.8,224.9,216.0,220.26,220.34,218.78,1578,345000.0,100,,1293.0,81.94,new
ARIS, EQ,2026-10-06,140.24,145.5,138.37,143.66,143.7,140.24,2533868,363053000.0,20307,,550164.0,21.71,new
ARISTO, SM,2026-10-06,91.75,91.75,91.75,91.75,91.75,87.4,2400,220000.00000000003,3,,2400.0,100.0,new
ARKADE, EQ,2026-10-06,120.04,122.0,120.0,121.24,121.47,120.03,97831,11819000.0,2090,,50952.0,52.08,new
ARMANFIN, EQ,2026-10-06,1763.9,1763.9,1730.0,1743.7,1743.1,1754.9,17759,30948000.0,2775,,9615.0,54.14,new
ARMEE, EQ,2026-10-06,253.95,278.8,253.9,271.05,272.0,254.25,2199972,598326000.0,39089,,333691.0,15.17,new
ARMOUR, SM,2026-10-06,21.1,21.5,21.0,21.15,21.5,21.1,8000,169000.0,3,,6000.0,75.0,new
AROGRANITE, EQ,2026-10-06,22.5,23.1,22.11,22.97,22.81,22.19,4041,92000.0,154,,3402.0,84.19,new
ARROWGREEN, EQ,2026-10-06,878.5,915.95,858.7,891.75,899.5,858.55,60698,54553000.0,4954,,31790.0,52.37,new
ARSHIYA, BZ,2026-10-06,0.85,0.85,0.81,0.82,0.84,0.83,170195,140000.0,54,,,,new
ARSSBL, EQ,2026-10-06,539.0,557.4,535.0,551.55,553.5,535.0,468308,257150000.0,12017,,271288.0,57.93,new
ARTEMISMED, EQ,2026-10-06,324.25,324.95,314.25,318.35,320.0,324.1,428681,136308000.0,20547,,212788.0,49.64,new
ARTNIRMAN, EQ,2026-10-06,36.01,41.29,36.01,40.13,40.13,38.49,62,3000.0,14,,46.0,74.19,new
ARUNAYA, SM,2026-10-06,13.9,13.9,13.9,13.9,13.9,14.0,6000,83000.0,3,,6000.0,100.0,new
ARVEE, EQ,2026-10-06,209.39,224.9,205.84,216.89,215.36,209.39,8861,1926000.0000000002,343,,3955.0,44.63,new
ARVIND, EQ,2026-10-06,536.0,538.4,529.7,534.65,536.4,530.4,351037,187314000.0,25192,,192862.0,54.94,new
ARVINDFASN, EQ,2026-10-06,384.25,409.95,384.25,406.4,406.1,384.25,293478,117939000.00000001,21864,,122077.0,41.6,new
ARVINDPORT, SM,2026-10-06,33.0,33.0,31.15,31.4,31.15,33.05,19500,626000.0,13,,16500.0,84.62,new
ARVSMART, EQ,2026-10-06,579.9,606.0,576.65,603.8,606.0,580.25,61916,36881000.0,2641,,32215.0,52.03,new
ARYAMAN, EQ,2026-10-06,620.9,620.9,620.9,620.9,620.9,624.0,10,6000.0,1,,10.0,100.0,new
ASAHIINDIA, EQ,2026-10-06,950.0,960.0,941.05,956.95,957.95,945.75,36644,34839000.0,5648,,15606.0,42.59,new
ASAHISONG, BE,2026-10-06,367.0,370.5,366.0,369.95,367.0,366.2,4716,1742000.0000000002,141,,,,new
ASAL, EQ,2026-10-06,424.1,434.9,423.05,426.2,428.0,423.1,5651,2415000.0,497,,3196.0,56.56,new
ASALCBR, EQ,2026-10-06,591.0,604.85,589.85,598.7,598.7,595.65,54706,32591000.000000004,2984,,40891.0,74.75,new
ASHALOG, SM,2026-10-06,60.35,61.5,60.35,61.5,61.5,60.0,3000,182000.0,2,,3000.0,100.0,new
ASHAPURMIN, EQ,2026-10-06,492.2,504.85,491.05,502.9,502.5,490.85,229174,114590000.00000001,9336,,107086.0,46.73,new
ASHIANA, EQ,2026-10-06,381.6,385.85,376.95,382.95,384.0,383.6,29815,11373000.0,1257,,14170.0,47.53,new
ASHIKAG, BE,2026-10-06,389.8,394.0,382.35,389.4,382.35,389.8,6896,2697000.0,81,,,,new
ASHIMASYN, EQ,2026-10-06,14.8,15.39,14.55,14.88,14.9,15.0,108612,1607000.0,381,,86258.0,79.42,new
ASHOKA, EQ,2026-10-06,106.0,107.2,105.7,106.42,106.7,105.9,395400,42026000.0,5026,,212563.0,53.76,new
ASHOKAMET, EQ,2026-10-06,14.71,14.99,14.4,14.71,14.75,14.71,21653,316000.0,207,,15745.0,72.72,new
ASHOKLEY, EQ,2026-10-06,153.0,153.87,152.13,153.7,153.7,152.6,9995070,1531015000.0,52337,,5363173.0,53.66,new
ASHUTOSH, SM,2026-10-06,140.0,144.0,137.05,138.95,138.5,138.2,127200,17789000.0,101,,84000.0,66.04,new
ASHWINI, SM,2026-10-06,161.5,165.0,161.5,165.0,165.0,160.0,6000,983000.0,6,,4000.0,66.67,new
ASIANENE, EQ,2026-10-06,457.65,470.0,457.45,463.75,466.95,458.65,129110,59779000.0,5589,,54568.0,42.26,new
ASIANHOTNR, EQ,2026-10-06,336.55,340.25,325.05,328.65,326.1,334.1,6380,2115000.0,384,,3126.0,49.0,new
ASIANPAINT, EQ,2026-10-06,2369.1,2424.2,2349.0,2424.2,2424.2,2366.0,439473,1050828000.0000001,40953,,253201.0,57.61,new
ASIANTILES, EQ,2026-10-06,46.88,48.36,46.88,48.1,48.12,46.65,1144403,54525000.0,3319,,591204.0,51.66,new
ASIANTNE, EQ,2026-10-06,9.08,9.08,8.8,9.06,9.06,9.0,3657,33000.0,31,,2603.0,71.18,new
ASKAUTOLTD, EQ,2026-10-06,614.5,614.5,603.1,609.75,611.95,608.2,128865,78453000.0,11546,,55044.0,42.71,new
ASMS, EQ,2026-10-06,5.96,6.0,5.77,5.98,6.0,5.84,165301,978999.9999999999,405,,133814.0,80.95,new
ASPINWALL, EQ,2026-10-06,228.1,243.5,228.1,238.35,238.0,238.35,2844,682000.0,30,,2757.0,96.94,new
ASPIRE, SM,2026-10-06,14.5,15.65,14.5,15.65,15.65,14.95,14000,212000.0,6,,12000.0,85.71,new
ASTAR, EQ,2026-10-06,643.05,657.75,615.0,639.8,625.05,644.05,774,493000.0,101,,629.0,81.27,new
ASTEC, EQ,2026-10-06,715.0,726.0,685.0,704.7,703.05,712.7,73594,51503000.0,3824,,19308.0,26.24,new
ASTERDM, EQ,2026-10-06,691.6,691.8,674.1,684.7,685.8,691.5,1226250,838802000.0,57033,,782008.0,63.77,new
ASTRAL, EQ,2026-10-06,1355.1,1405.0,1348.6,1402.3,1402.3,1362.1,359782,497258000.0,26250,,179664.0,49.94,new
ASTRAMICRO, EQ,2026-10-06,1651.7,1726.0,1650.3,1705.9,1705.0,1651.7,571464,971792000.0,28901,,307492.0,53.81,new
ASTRAZEN, EQ,2026-10-06,5944.0,5996.5,5883.5,5980.5,5970.0,5909.0,5728,33975000.0,1935,,2702.0,47.17,new
ASTRON, BZ,2026-10-06,2.75,2.88,2.73,2.8,2.8,2.81,22027,62000.0,80,,,,new
ATALREAL, EQ,2026-10-06,12.7,12.93,12.17,12.36,12.17,12.81,1940986,24028000.0,1656,,1018363.0,52.47,new
ATAM, EQ,2026-10-06,54.05,55.39,54.0,54.2,54.0,54.04,4007,219000.0,110,,2495.0,62.27,new
ATCENERGY, SM,2026-10-06,22.0,22.0,20.65,21.2,21.2,21.3,8400,181000.0,7,,6000.0,71.43,new
ATGL, EQ,2026-10-06,586.05,592.9,583.6,588.45,586.0,583.25,365730,215213000.0,16779,,107971.0,29.52,new
ATHERENERG, EQ,2026-10-06,1408.7,1550.8,1385.7,1446.0,1446.0,1409.9,4192732,5929561000.0,107232,,1726947.0,41.19,new
ATL, EQ,2026-10-06,24.47,24.85,24.06,24.71,24.58,24.49,70373,1728000.0,884,,52076.0,74.0,new
ATLANTAA, EQ,2026-10-06,34.97,36.39,34.12,35.34,35.4,34.97,18256,645000.0,347,,10877.0,59.58,new
ATLANTAELE, EQ,2026-10-06,1900.5,1968.3,1856.6,1869.3,1860.5,1882.9,339216,648263000.0,39911,,126897.0,37.41,new
ATLASCYCLE, EQ,2026-10-06,89.55,95.0,89.55,92.93,93.19,91.3,7339,682000.0,210,,4307.0,58.69,new
ATLPP, E1,2026-10-06,9.25,9.25,8.64,9.0,9.0,9.17,3246,28999.999999999996,20,,3069.0,94.55,new
ATMASTCO, SM,2026-10-06,116.0,118.0,114.0,117.05,117.0,114.65,8800,1025000.0,22,,7600.0,86.36,new
ATUL, EQ,2026-10-06,5918.0,6015.0,5835.0,6000.0,5985.0,5856.0,37620,224973999.99999997,11747,,19470.0,51.75,new
ATULAUTO, EQ,2026-10-06,424.5,429.35,424.5,427.5,428.9,424.5,42113,17991000.0,2381,,17421.0,41.37,new
AUBANK, EQ,2026-10-06,1034.7,1037.7,1015.9,1028.0,1028.0,1029.2,1179591,1213238000.0,46949,,507320.0,43.01,new
AUGMONT, EQ,2026-10-06,1204.0,1234.8,1162.2,1162.2,1162.2,1223.3,568075,675830000.0,20821,,284351.0,50.06,new
AURIONPRO, EQ,2026-10-06,610.0,625.0,602.0,616.05,614.0,598.5,172779,106042000.0,10008,,81606.0,47.23,new
AUROIMPEX, ST,2026-10-06,40.1,40.1,40.1,40.1,40.1,38.2,4800,192000.0,3,,4800.0,100.0,new
AUROPHARMA, EQ,2026-10-06,1676.0,1694.7,1670.9,1692.8,1692.8,1674.9,1009636,1702504000.0,27871,,632856.0,62.68,new
AURUM, EQ,2026-10-06,226.12,234.0,223.08,231.14,231.25,223.61,135512,31126000.0,3462,,84708.0,62.51,new
AURUS, EQ,2026-10-06,4.29,4.41,4.11,4.29,4.28,4.23,12082,51000.0,119,,9409.0,77.88,new
AUSL, SM,2026-10-06,23.0,23.0,23.0,23.0,23.0,23.5,2000,46000.0,1,,2000.0,100.0,new
AUSOMENT, EQ,2026-10-06,140.89,140.89,135.41,137.48,139.0,137.81,1865,259000.0,59,,1743.0,93.46,new
AUSTENG, EQ,2026-10-06,161.4,168.79,158.0,166.43,167.28,161.95,8508,1412000.0,225,,4161.0,48.91,new
AUTOAXLES, EQ,2026-10-06,1625.0,1648.2,1624.9,1638.1,1633.0,1624.9,2484,4065000.0,392,,1528.0,61.51,new
AUTOBEES, EQ,2026-10-06,265.45,266.0,262.3,264.61,265.65,262.82,161327,42592000.0,2065,,82949.0,51.42,new
AUTOIETF, EQ,2026-10-06,26.39,26.57,26.28,26.47,26.57,26.33,383237,10131000.0,1732,,226629.0,59.14,new
AUTOIND, EQ,2026-10-06,83.9,86.11,82.21,85.82,85.99,83.17,125477,10617000.0,1543,,76647.0,61.08,new
AVADHSUGAR, EQ,2026-10-06,870.45,898.8,856.0,873.3,875.0,840.35,523457,456984000.0,27412,,110489.0,21.11,new
AVALON, EQ,2026-10-06,2295.0,2416.6,2286.9,2400.4,2394.0,2256.3,565942,1334880000.0,54054,,221445.0,39.13,new
AVANA, SM,2026-10-06,146.9,151.8,142.1,150.85,151.75,139.25,94000,13940000.0,47,,58000.0,61.7,new
AVANCE, EQ,2026-10-06,0.81,0.81,0.77,0.77,0.78,0.79,7221289,5674000.0,1725,,4558583.0,63.13,new
AVANTEL, EQ,2026-10-06,148.11,152.0,148.1,151.08,151.0,147.59,691347,104197000.0,8018,,300935.0,43.53,new
AVANTIFEED, EQ,2026-10-06,714.65,720.75,709.0,714.1,713.0,711.1,139663,99666000.0,9903,,59970.0,42.94,new
AVATAR, SM,2026-10-06,166.9,166.95,156.0,166.95,166.95,159.0,18000,2969000.0,9,,14000.0,77.78,new
AVG, EQ,2026-10-06,168.15,174.0,165.0,172.06,174.0,168.15,75078,12828000.0,183,,73925.0,98.46,new
AVIANSH, SM,2026-10-06,100.5,100.5,100.5,100.5,100.5,100.75,1000,101000.0,1,,1000.0,100.0,new
AVIENCE, SM,2026-10-06,295.5,304.95,273.0,290.15,287.0,294.35,105600,30408000.0,168,,55800.0,52.84,new
AVL, EQ,2026-10-06,604.25,606.9,589.25,595.1,595.8,601.05,85771,50944000.0,15045,,33136.0,38.63,new
AVONMORE, EQ,2026-10-06,13.06,13.06,12.44,12.55,12.53,12.49,66577,841000.0,427,,39042.0,58.64,new
AVPINFRA, SM,2026-10-06,55.05,58.35,55.0,57.3,57.3,55.9,33600,1894000.0000000002,25,,23200.0,69.05,new
AVROIND, EQ,2026-10-06,6.65,7.29,6.65,6.85,6.87,6.97,150875,1030000.0000000001,356,,110767.0,73.42,new
AVTNPL, EQ,2026-10-06,89.82,91.9,89.28,90.18,90.7,88.84,127373,11555000.0,2362,,59222.0,46.49,new
AWFIS, EQ,2026-10-06,235.59,249.0,235.0,243.54,245.0,235.59,547536,132895000.0,12551,,322210.0,58.85,new
AWHCL, EQ,2026-10-06,355.5,364.05,351.4,355.2,353.05,350.4,69504,24684000.0,3087,,22845.0,32.87,new
AWL, EQ,2026-10-06,179.45,187.88,178.65,185.93,186.0,176.15,4711354,868381000.0,49734,,1702275.0,36.13,new
AXIOMGAS, ST,2026-10-06,39.85,41.9,39.85,40.0,40.0,41.9,520000,20828000.0,172,,516000.0,99.23,new
AXISBANK, EQ,2026-10-06,1234.0,1251.9,1232.0,1248.0,1248.0,1222.2,7518330,9355571000.0,137521,,4101666.0,54.56,new
AXISCADES, EQ,2026-10-06,2280.0,2300.0,2252.3,2288.5,2285.0,2282.3,141367,321755000.0,18199,,66107.0,46.76,new
AXITA, EQ,2026-10-06,7.59,7.63,7.17,7.51,7.46,7.59,223090,1682000.0,841,,125250.0,56.14,new
AXTEL, EQ,2026-10-06,430.0,450.95,430.0,447.95,446.35,430.4,4750,2114000.0,409,,2826.0,59.49,new
AYE, EQ,2026-10-06,162.57,166.78,162.57,165.56,166.4,162.75,320576,52855999.99999999,6781,,163993.0,51.16,new
AYMSYNTEX, EQ,2026-10-06,286.0,292.8,281.3,289.25,292.8,283.15,32944,9423000.0,5317,,19636.0,59.6,new
AZAD, EQ,2026-10-06,2940.0,3091.7,2905.5,3062.6,3054.8,2927.2,1329869,4045076999.9999995,86992,,310006.0,23.31,new
AZADIND, EQ,2026-10-06,83.8,83.8,80.02,80.94,81.95,83.05,41576,3415000.0,949,,19772.0,47.56,new
BAFNAPH, BE,2026-10-06,394.0,394.0,393.0,394.0,394.0,386.3,480,189000.0,12,,,,new
BAGDIGITAL, SM,2026-10-06,107.7,107.7,107.7,107.7,107.7,107.05,1600,172000.0,1,,1600.0,100.0,new
BAGFILMS, EQ,2026-10-06,4.14,4.17,4.05,4.11,4.11,4.1,63985,264000.0,104,,52821.0,82.55,new
BAGMANE, RR,2026-10-06,106.8,107.48,106.1,106.43,106.43,106.5,400656,42673000.0,6866,,320366.0,79.96,new
BAHETI, SM,2026-10-06,734.0,750.0,721.05,725.55,729.0,735.0,16125,11804000.0,30,,12000.0,74.42,new
BAIDFIN, EQ,2026-10-06,10.6,10.79,9.83,10.32,10.36,10.33,39796,405999.99999999994,184,,36641.0,92.07,new
BAJAJ-AUTO, EQ,2026-10-06,10050.0,10062.0,9955.0,10017.0,10017.0,10024.0,159069,1591790000.0,31385,,85826.0,53.96,new
BAJAJCON, EQ,2026-10-06,484.0,496.5,483.05,493.5,495.0,480.35,284916,140020000.0,13868,,158318.0,55.57,new
BAJAJELEC, EQ,2026-10-06,299.45,305.25,298.75,300.25,300.0,299.25,104900,31610000.000000004,5769,,51580.0,49.17,new
BAJAJFINSV, EQ,2026-10-06,1751.0,1754.0,1737.8,1752.4,1752.4,1751.4,552353,964033000.0,31503,,314525.0,56.94,new
BAJAJHCARE, EQ,2026-10-06,323.0,324.0,317.5,323.1,324.0,319.1,79462,25504000.0,2986,,44555.0,56.07,new
BAJAJHFL, EQ,2026-10-06,82.79,83.09,82.12,82.36,82.29,82.79,1967051,162394000.0,19172,,931444.0,47.35,new
BAJAJHIND, EQ,2026-10-06,20.5,21.49,20.42,21.33,21.36,19.96,31059329,649689000.0,39850,,6907653.0,22.24,new
BAJAJHLDNG, EQ,2026-10-06,10732.0,10798.0,10555.0,10600.0,10600.0,10732.0,39830,423938000.0,10394,,22428.0,56.31,new
BAJAJINDEF, EQ,2026-10-06,204.08,209.69,202.03,207.21,207.6,202.19,9974,2057000.0,406,,5355.0,53.69,new
BAJAJST, EQ,2026-10-06,322.3,327.95,322.0,324.4,324.05,328.75,9801,3171000.0,689,,7309.0,74.57,new
BAJEL, EQ,2026-10-06,165.0,165.96,163.1,164.08,163.1,164.05,132024,21721000.0,1918,,68482.0,51.87,new
BAJFINANCE, EQ,2026-10-06,970.0,973.25,957.0,963.1,963.1,970.0,4380406,4221478000.0,103639,,2497513.0,57.02,new
BALAJEE, EQ,2026-10-06,25.42,25.42,23.2,24.24,24.44,24.8,62884,1529000.0,609,,41839.0,66.53,new
BALAJIPHOS, SM,2026-10-06,106.0,106.0,106.0,106.0,106.0,106.4,1000,106000.0,1,,1000.0,100.0,new
BALAJITELE, EQ,2026-10-06,91.45,91.69,89.11,90.56,91.21,90.61,80196,7258000.0,1794,,44014.0,54.88,new
BALAMINES, EQ,2026-10-06,1961.0,2349.3,1961.0,2287.7,2279.0,1957.8,2585710,5843966000.0,154506,,403141.0,15.59,new
BALAXI, EQ,2026-10-06,23.0,23.0,22.32,22.67,22.9,22.77,8384,190000.0,80,,6265.0,74.73,new
BALCO, SM,2026-10-06,19.95,19.95,19.95,19.95,19.95,19.0,1200,24000.0,1,,1200.0,100.0,new
BALKRISHNA, EQ,2026-10-06,16.95,16.95,15.76,16.21,16.4,16.0,2770,45000.0,50,,1549.0,55.92,new
BALKRISIND, EQ,2026-10-06,2069.9,2103.9,2050.6,2082.7,2081.8,2066.5,122686,255383000.0,18099,,71919.0,58.62,new
BALMLAWRIE, EQ,2026-10-06,159.5,160.16,149.85,158.78,158.5,158.59,210133,32899000.0,3697,,112171.0,53.38,new
BALPHARMA, BE,2026-10-06,103.01,105.0,101.46,101.46,101.46,106.79,21864,2243000.0,270,,,,new
BALRAMCHIN, EQ,2026-10-06,685.0,714.5,682.35,691.3,688.1,671.5,2257521,1561525000.0,60916,,430380.0,19.06,new
BALUFORGE, EQ,2026-10-06,507.8,529.0,503.05,526.95,527.7,502.8,777797,404177000.0,63715,,315761.0,40.6,new
BANARBEADS, EQ,2026-10-06,118.98,119.65,116.11,116.11,116.11,115.04,1285,151000.0,38,,807.0,62.8,new
BANARISUG, EQ,2026-10-06,3300.0,3439.9,3300.0,3349.3,3360.0,3296.8,1405,4737000.0,291,,830.0,59.07,new
BANCOINDIA, EQ,2026-10-06,590.0,604.6,590.0,602.65,604.0,589.8,54328,32545000.0,4838,,29293.0,53.92,new
BANDHANBNK, EQ,2026-10-06,169.11,170.85,162.46,164.15,164.15,168.27,12148002,2013230000.0,61205,,5362636.0,44.14,new
BANG, EQ,2026-10-06,33.28,34.4,32.5,33.49,34.0,33.28,57018,1910000.0000000002,339,,30297.0,53.14,new
BANK10ADD, EQ,2026-10-06,16.28,16.41,16.24,16.32,16.41,16.16,2075431,33913000.0,115,,1964291.0,94.64,new
BANK10BETF, EQ,2026-10-06,20.09,21.39,19.89,20.32,20.67,19.62,5941334,120763000.00000001,476,,5918645.0,99.62,new
BANKA, EQ,2026-10-06,69.84,70.4,66.95,69.5,70.0,69.84,962,66000.0,39,,933.0,96.99,new
BANKADD, EQ,2026-10-06,56.12,56.55,56.12,56.35,56.39,55.93,34038,1914000.0,40,,31352.0,92.11,new
BANKBARODA, EQ,2026-10-06,233.02,234.8,231.8,232.73,232.73,232.8,5312668,1239581000.0,40808,,3142359.0,59.15,new
BANKBEES, EQ,2026-10-06,571.37,571.6,565.61,569.45,570.33,565.61,548540,312476000.0,6933,,321639.0,58.64,new
BANKBETA, EQ,2026-10-06,56.81,57.06,56.62,56.88,56.86,56.52,1595947,90910000.0,294,,1585850.0,99.37,new
BANKBETF, EQ,2026-10-06,55.8,56.23,55.65,55.96,56.1,55.75,7700,430999.99999999994,234,,2756.0,35.79,new
BANKETF, EQ,2026-10-06,559.69,562.67,559.35,561.2,561.63,557.48,73896,41454000.0,320,,68121.0,92.18,new
BANKIETF, EQ,2026-10-06,56.7,56.7,56.07,56.48,56.45,56.07,664234,37562000.0,959,,594873.0,89.56,new
BANKINDIA, EQ,2026-10-06,133.4,133.72,131.62,132.16,132.16,133.5,3280724,434509000.0,20661,,1393585.0,42.48,new
BANKNIFTY1, EQ,2026-10-06,56.98,57.29,56.94,57.05,57.15,56.8,268750,15351000.0,641,,192312.0,71.56,new
BANKPSU, EQ,2026-10-06,80.94,81.17,80.46,80.6,80.75,80.72,7918,641000.0,80,,4531.0,57.22,new
BANSALWIRE, EQ,2026-10-06,323.05,335.2,323.05,325.7,325.2,323.05,100324,32870999.999999996,5331,,58370.0,58.18,new
BANSWRAS, EQ,2026-10-06,105.93,105.93,104.41,105.09,105.0,102.93,14812,1557000.0,249,,11903.0,80.36,new
BARFLEX, SM,2026-10-06,52.75,54.25,49.15,52.25,54.25,51.65,40000,2089000.0,13,,34000.0,85.0,new
BASF, EQ,2026-10-06,3448.4,3507.8,3406.1,3472.1,3500.0,3406.0,20716,72009000.0,3752,,10879.0,52.51,new
BASILIC, SM,2026-10-06,181.0,206.0,181.0,198.3,202.0,182.95,81900,15894000.0,160,,69300.0,84.62,new
BASML, EQ,2026-10-06,22.51,23.3,22.51,22.88,22.89,22.54,34084,780000.0,97,,29541.0,86.67,new
BATAINDIA, EQ,2026-10-06,612.55,623.95,611.2,619.85,623.0,611.05,71929,44400000.0,5812,,33412.0,46.45,new
BATLIBOI, EQ,2026-10-06,89.8,99.32,89.75,96.16,96.75,89.78,258938,24703000.0,3340,,131797.0,50.9,new
BAWEJA, SM,2026-10-06,26.1,26.8,26.1,26.1,26.1,26.1,4000,105000.0,3,,3200.0,80.0,new
BAYERCROP, EQ,2026-10-06,3508.9,3554.2,3508.0,3533.4,3520.0,3508.9,17934,63284000.0,5946,,9768.0,54.47,new
BBETF0432, EQ,2026-10-06,1336.7,1339.74,1334.03,1336.14,1339.74,1336.7,698,933000.0,26,,435.0,62.32,new
BBL, EQ,2026-10-06,2062.0,2084.4,2041.7,2068.8,2070.0,2058.8,26540,54770000.00000001,4225,,15992.0,60.26,new
BBNPNBETF, EQ,2026-10-06,55.83,55.83,55.26,55.68,55.68,55.4,275,15000.0,18,,210.0,76.36,new
BBNPPGOLD, EQ,2026-10-06,142.0,142.4,139.15,141.85,142.3,142.25,5215,738000.0,93,,3386.0,64.93,new
BBOX, EQ,2026-10-06,816.0,844.55,805.65,839.95,842.95,812.5,1120325,928020000.0000001,46617,,463276.0,41.35,new
BBTC, EQ,2026-10-06,1300.0,1305.0,1284.0,1298.2,1301.4,1304.5,93576,121172000.0,9678,,49215.0,52.59,new
BBTCL, EQ,2026-10-06,234.94,241.94,230.02,233.12,234.98,234.94,5121,1208000.0,229,,3685.0,71.96,new
BCG, EQ,2026-10-06,9.22,9.22,8.89,9.07,9.14,9.17,4615868,41957000.0,4535,,2491407.0,53.97,new
BCLIND, EQ,2026-10-06,31.42,32.19,31.36,32.03,32.1,31.29,365447,11621000.0,2619,,168735.0,46.17,new
BCONCEPTS, EQ,2026-10-06,142.43,150.12,140.1,146.88,145.3,139.23,16446,2402000.0,537,,12098.0,73.56,new
BCPL, EQ,2026-10-06,68.0,69.8,66.0,67.24,67.74,67.0,17887,1208000.0,563,,8583.0,47.98,new
BDL, EQ,2026-10-06,1096.2,1111.0,1092.2,1101.8,1101.8,1096.2,729165,804319000.0,26571,,261960.0,35.93,new
BEACON, SM,2026-10-06,81.6,81.8,81.3,81.3,81.3,85.15,7000,571000.0,7,,6000.0,85.71,new
BEARDSELL, EQ,2026-10-06,23.5,23.5,22.11,22.5,22.75,22.76,24500,558000.0,354,,14905.0,60.84,new
BECTORFOOD, EQ,2026-10-06,211.25,214.99,211.11,212.16,212.54,210.83,335112,71272000.0,10034,,141915.0,42.35,new
BEDMUTHA, EQ,2026-10-06,106.18,108.56,104.99,106.23,108.0,107.25,15926,1694000.0000000002,185,,12423.0,78.0,new
BEEKAY, EQ,2026-10-06,425.05,442.0,425.05,434.1,433.7,426.9,1114,480999.99999999994,81,,827.0,74.24,new
BEL, EQ,2026-10-06,383.2,387.65,382.55,387.4,387.4,384.85,10038178,3872554000.0,114008,,6034102.0,60.11,new
BELLACASA, EQ,2026-10-06,241.8,248.4,238.0,242.13,241.1,238.26,6123,1485000.0,630,,2450.0,40.01,new
BELRISE, EQ,2026-10-06,231.29,237.75,225.01,236.81,237.0,231.12,2650681,613610000.0,42497,,750904.0,28.33,new
BEML, EQ,2026-10-06,1980.0,2060.2,1970.5,2042.2,2052.0,1970.4,196225,394485000.0,20776,,75275.0,38.36,new
BENARAS, EQ,2026-10-06,10200.0,10250.0,10145.0,10238.0,10250.0,10166.0,221,2255000.0,47,,217.0,98.19,new
BENGALASM, EQ,2026-10-06,5888.0,6125.0,5800.0,6110.5,6100.0,5772.0,657,3959000.0000000005,181,,413.0,62.86,new
BEPL, EQ,2026-10-06,125.19,129.6,125.0,128.63,129.0,124.77,1635015,209639000.0,11566,,704961.0,43.12,new
BERGEPAINT, EQ,2026-10-06,461.5,474.65,457.45,472.55,473.2,458.4,383616,179166000.0,21252,,199904.0,52.11,new
BESTAGRO, EQ,2026-10-06,17.94,18.18,17.62,17.89,17.87,17.73,523828,9374000.0,1646,,211884.0,40.45,new
BETA, EQ,2026-10-06,1990.1,2027.5,1989.9,2001.4,2000.1,2004.0,10362,20787000.0,1670,,5789.0,55.87,new
BEWLTD, SM,2026-10-06,60.05,60.5,57.6,57.8,57.65,59.6,28000,1660000.0000000002,33,,25500.0,91.07,new
BFINVEST, EQ,2026-10-06,441.8,443.35,435.1,441.35,442.0,436.85,11744,5157000.0,964,,6003.0,51.12,new
BFSI, EQ,2026-10-06,25.78,26.0,25.75,25.9,25.98,25.66,95227,2469000.0,548,,76715.0,80.56,new
BFUTILITIE, EQ,2026-10-06,502.8,504.15,495.6,498.9,499.2,495.9,20937,10458000.0,1390,,9708.0,46.37,new
BGRENERGY, BE,2026-10-06,244.59,244.59,240.12,244.11,243.0,232.95,99629,24344000.0,662,,,,new
BHADORA, ST,2026-10-06,153.0,161.15,147.6,155.1,155.0,153.5,98400,15432000.0,70,,87600.0,89.02,new
BHAGCHEM, EQ,2026-10-06,228.0,240.5,228.0,239.91,240.48,229.14,97813,23166000.0,1545,,57857.0,59.15,new
BHAGERIA, EQ,2026-10-06,364.7,401.1,364.7,393.55,397.0,364.65,361311,142322000.0,6772,,178687.0,49.46,new
BHAGYANGR, EQ,2026-10-06,417.9,432.95,413.5,432.95,432.95,412.35,149876,64219000.00000001,3332,,111408.0,74.33,new
BHANDARI, EQ,2026-10-06,2.74,2.87,2.72,2.83,2.85,2.76,149942,418000.0,250,,117030.0,78.05,new
BHARATCOAL, EQ,2026-10-06,32.22,32.33,31.84,32.05,32.09,31.88,4263686,136819000.0,16032,,1812235.0,42.5,new
BHARATFORG, EQ,2026-10-06,1830.1,1881.0,1825.0,1880.0,1880.0,1833.0,1089594,2034224000.0000002,45284,,664971.0,61.03,new
BHARATGEAR, BE,2026-10-06,99.94,100.99,99.2,99.88,99.95,99.67,6980,698000.0,65,,,,new
BHARATRAS, EQ,2026-10-06,994.2,1008.3,978.0,998.3,991.7,983.2,16359,16305000.000000002,2132,,9345.0,57.12,new
BHARATSE, EQ,2026-10-06,203.5,207.9,203.5,206.14,207.5,202.86,66668,13700000.0,4783,,32131.0,48.2,new
BHARATWIRE, EQ,2026-10-06,161.6,167.99,161.6,165.28,166.0,162.25,121132,20049000.0,2722,,38289.0,31.61,new
BHARTIARTL, EQ,2026-10-06,1777.0,1810.5,1771.4,1810.5,1810.5,1779.9,5155150,9264511000.0,133220,,2984811.0,57.9,new
BHARTIHEXA, EQ,2026-10-06,1383.1,1403.3,1359.2,1386.8,1384.6,1383.1,308564,425275000.0,35194,,177154.0,57.41,new
BHEL, EQ,2026-10-06,429.0,453.9,427.7,452.0,452.0,429.0,22865195,10211323000.0,186785,,6924401.0,30.28,new
BI, BE,2026-10-06,93.99,94.0,92.9,92.9,92.9,94.77,7322,688000.0,36,,,,new
BIGBLOC, EQ,2026-10-06,38.0,38.21,36.5,37.22,37.49,37.57,43526,1626000.0000000002,1002,,28523.0,65.53,new
BIKAJI, EQ,2026-10-06,486.8,498.25,477.55,481.1,482.4,487.0,975537,470764000.00000006,25893,,688782.0,70.61,new
BIKEWO, ST,2026-10-06,126.0,126.8,126.0,126.8,126.8,124.4,62000,7818000.000000001,20,,62000.0,100.0,new
BIL, EQ,2026-10-06,1088.5,1112.85,1042.7,1092.85,1081.0,1071.15,27873,30083999.999999996,1609,,15315.0,54.95,new
BILVYAPAR, BE,2026-10-06,4.1,4.3,4.1,4.15,4.15,4.19,3257,14000.000000000002,23,,,,new
BIMETAL, EQ,2026-10-06,654.95,661.0,637.0,660.4,661.0,640.0,833,549000.0,46,,815.0,97.84,new
BIOCON, EQ,2026-10-06,369.7,371.0,366.6,369.1,369.1,369.8,4647884,1712750000.0,33437,,3522148.0,75.78,new
BIOFILCHEM, EQ,2026-10-06,29.31,30.7,29.31,30.11,29.95,29.64,9125,273000.0,142,,5086.0,55.74,new
BIOPOL, SM,2026-10-06,51.7,51.75,51.0,51.75,51.75,49.3,10800,557000.0,9,,9600.0,88.89,new
BIRDYS, SM,2026-10-06,79.0,79.0,79.0,79.0,79.0,80.5,1200,95000.0,1,,1200.0,100.0,new
BIRET, RR,2026-10-06,329.6,332.68,329.0,329.89,329.25,333.11,400944,132331000.0,8419,,326482.0,81.43,new
BIRLACABLE, EQ,2026-10-06,376.9,395.45,376.85,395.45,395.45,376.65,459269,180104000.0,5935,,259462.0,56.49,new
BIRLACORPN, EQ,2026-10-06,817.55,823.65,799.25,803.45,800.0,812.8,186690,150502000.0,5889,,161893.0,86.72,new
BIRLAMONEY, EQ,2026-10-06,112.2,118.0,110.88,116.45,116.1,112.15,41987,4827000.0,1487,,20095.0,47.86,new
BIRLANU, EQ,2026-10-06,1381.0,1430.0,1379.4,1406.5,1415.0,1379.5,11841,16628000.0,2145,,6414.0,54.17,new
BIRLAPREC, BE,2026-10-06,57.19,59.4,55.65,57.79,58.49,57.78,90736,5241000.0,500,,,,new
BLACKBUCK, EQ,2026-10-06,600.9,603.1,591.95,596.0,595.9,599.4,487698,290477000.0,17341,,227171.0,46.58,new
BLACKROSE, EQ,2026-10-06,111.0,111.95,105.0,107.65,109.89,110.31,44467,4824000.0,789,,30531.0,68.66,new
BLAL, EQ,2026-10-06,159.25,160.0,156.03,157.53,159.75,156.84,6912,1095000.0,260,,4685.0,67.78,new
BLBLIMITED, EQ,2026-10-06,16.5,16.5,15.8,16.09,16.2,15.98,95266,1527000.0,941,,30093.0,31.59,new
BLEL, EQ,2026-10-06,492.9,516.95,481.55,510.05,509.8,490.05,2319444,1175495000.0,51829,,591249.0,25.49,new
BLIL, EQ,2026-10-06,64.91,65.42,64.46,65.21,65.06,64.5,36925,2398000.0,711,,25776.0,69.81,new
BLISSGVS, BE,2026-10-06,669.85,697.0,660.0,676.45,676.3,664.8,166474,114475000.0,2037,,,,new
BLKASHYAP, EQ,2026-10-06,52.84,55.5,52.83,54.79,54.8,53.22,747328,40883000.0,4934,,374781.0,50.15,new
BLS, EQ,2026-10-06,216.9,224.66,216.9,223.97,224.5,215.75,860041,190740000.0,21169,,341077.0,39.66,new
BLSE, EQ,2026-10-06,163.7,164.0,160.05,160.9,160.75,319.15,285538,46285000.0,6643,,144356.0,50.56,new
BLUECLOUDS, EQ,2026-10-06,19.66,20.1,19.6,20.01,20.07,19.61,1202785,23793000.0,2725,,602306.0,50.08,new
BLUECOAST, EQ,2026-10-06,22.05,22.05,21.0,22.04,22.04,21.06,337,7000.000000000001,14,,258.0,76.56,new
BLUEDART, EQ,2026-10-06,4505.0,4575.0,4483.6,4562.8,4560.0,4514.4,6431,29156000.0,2108,,2852.0,44.35,new
BLUEJET, EQ,2026-10-06,535.05,549.0,528.5,538.15,541.0,531.5,292965,157958000.0,13751,,129597.0,44.24,new
BLUESTARCO, EQ,2026-10-06,1508.4,1578.6,1501.3,1571.5,1571.5,1510.0,867322,1354150000.0,47359,,306656.0,35.36,new
BLUESTONE, EQ,2026-10-06,794.0,818.0,788.55,813.85,813.9,790.65,651566,526426000.0,28894,,230428.0,35.37,new
BLUEWATER, ST,2026-10-06,594.0,594.0,570.0,578.6,585.9,567.05,8000,4669000.0,7,,8000.0,100.0,new
BLUSPRING, EQ,2026-10-06,147.99,147.99,142.84,144.53,143.4,143.92,139531,20204000.0,2241,,60000.0,43.0,new
BMETRICS, SM,2026-10-06,39.5,39.5,39.5,39.5,39.5,39.65,800,32000.0,1,,800.0,100.0,new
BMISL, ST,2026-10-06,121.25,121.25,121.25,121.25,121.25,115.5,105600,12804000.0,49,,105600.0,100.0,new
BMWVENTLTD, EQ,2026-10-06,50.05,50.95,49.67,50.37,50.35,50.02,53078,2667000.0,1102,,25235.0,47.54,new
BNAGROCHEM, EQ,2026-10-06,238.45,243.99,226.53,226.53,226.53,238.45,16699,3927000.0000000005,367,,3571.0,21.38,new
BNALTD, BE,2026-10-06,350.0,351.1,348.0,351.1,351.1,351.8,202,71000.0,3,,,,new
BNKETFAXIS, EQ,2026-10-06,567.13,570.01,567.03,568.73,569.06,563.05,2590,1474000.0,36,,2086.0,80.54,new
BODALCHEM, BE,2026-10-06,177.0,188.5,173.0,186.57,187.5,180.3,564786,102588000.00000001,3350,,,,new
BOHRAIND, EQ,2026-10-06,13.31,14.5,13.31,14.38,14.39,14.01,12632,176000.0,63,,8806.0,69.71,new
BOMDYEING, EQ,2026-10-06,101.9,104.2,101.23,102.91,102.67,101.54,430586,44279000.0,4691,,161824.0,37.58,new
BONLON, EQ,2026-10-06,39.8,40.94,39.38,39.39,39.39,39.76,1362,54000.0,57,,712.0,52.28,new
BORANA, EQ,2026-10-06,272.1,275.45,268.45,269.6,268.6,270.4,27663,7480000.0,676,,20181.0,72.95,new
BOROLTD, EQ,2026-10-06,280.0,289.0,277.05,286.85,287.2,278.35,212491,60529000.0,5213,,104816.0,49.33,new
BORORENEW, EQ,2026-10-06,445.0,453.0,443.7,449.85,451.0,442.7,201596,90580000.0,11133,,99816.0,49.51,new
BOROSCI, EQ,2026-10-06,113.38,115.5,112.28,113.27,112.71,112.15,61966,7034999.999999999,1625,,36623.0,59.1,new
BOSCH-HCIL, EQ,2026-10-06,1990.0,2020.0,1970.1,1976.9,1972.1,1998.2,35164,70026000.0,6125,,17308.0,49.22,new
BOSCHLTD, EQ,2026-10-06,44960.0,45360.0,44845.0,45000.0,45000.0,44960.0,21643,974657000.0,10552,,10870.0,50.22,new
BOSS, ST,2026-10-06,57.0,57.0,57.0,57.0,57.0,60.0,2000,113999.99999999999,1,,2000.0,100.0,new
BPCL, EQ,2026-10-06,297.4,300.5,294.6,300.5,300.5,296.95,6314935,1876868000.0,40210,,3640399.0,57.65,new
BPL, EQ,2026-10-06,44.94,45.28,44.26,44.45,44.37,44.39,14695,657000.0,256,,11914.0,81.08,new
BPLPHARMA, EQ,2026-10-06,1758.2,1899.0,1741.3,1836.4,1888.0,1726.9,11347,20570000.0,1075,,3840.0,33.84,new
BRACEPORT, SM,2026-10-06,67.0,67.0,65.0,65.0,65.0,66.5,4800,317000.0,3,,4800.0,100.0,new
BRAHMINFRA, EQ,2026-10-06,148.8,149.39,141.52,145.58,147.99,143.02,14504,2102000.0,244,,12974.0,89.45,new
BRANDMAN, SM,2026-10-06,160.0,161.65,158.1,161.65,161.65,160.0,5600,897000.0000000001,7,,4000.0,71.43,new
BRIGADE, EQ,2026-10-06,573.9,579.95,565.0,569.1,568.15,571.6,151551,86406000.0,12985,,79183.0,52.25,new
BRIGHOTEL, EQ,2026-10-06,57.4,57.4,56.52,56.93,56.9,57.06,28827,1639999.9999999998,1405,,15070.0,52.28,new
BRIGHTBR, EQ,2026-10-06,230.65,239.95,230.65,235.0,235.0,230.65,335,79000.0,15,,322.0,96.12,new
BRITANNIA, EQ,2026-10-06,4779.9,4892.5,4760.1,4883.8,4883.8,4770.0,221171,1074479000.0,21629,,124072.0,56.1,new
BRNL, EQ,2026-10-06,16.59,16.59,15.73,16.03,16.02,16.13,17457,282000.0,215,,10498.0,60.14,new
BROOKS, EQ,2026-10-06,56.34,59.66,54.3,59.66,59.66,54.24,58724,3449000.0,399,,49362.0,84.06,new
BSE, EQ,2026-10-06,3209.0,3305.0,3206.5,3305.0,3305.0,3179.6,6869765,22508104000.0,265966,,3206247.0,46.67,new
BSE500IETF, EQ,2026-10-06,37.08,38.15,37.08,37.62,37.72,37.08,128912,4834000.0,1677,,84548.0,65.59,new
BSHSL, EQ,2026-10-06,83.1,83.4,79.9,80.1,80.0,83.07,12928,1043000.0,356,,8860.0,68.53,new
BSL, EQ,2026-10-06,121.4,121.4,119.0,119.76,120.79,120.15,981,117000.0,37,,960.0,97.86,new
BSLGOLDETF, EQ,2026-10-06,129.22,129.5,128.32,129.39,129.35,129.43,391297,50584000.0,2165,,331797.0,84.79,new
BSLNIFTY, EQ,2026-10-06,26.52,26.71,26.48,26.69,26.7,26.52,730654,19483000.0,5511,,421101.0,57.63,new
BSLSENETFG, EQ,2026-10-06,72.75,73.81,72.75,73.7,73.47,73.49,1987,146000.0,64,,1000.0,50.33,new
BSOFT, EQ,2026-10-06,276.15,281.3,273.75,279.45,279.0,276.0,1297747,359207000.0,35602,,642243.0,49.49,new
BTML, EQ,2026-10-06,7.07,7.23,6.66,6.86,6.99,7.15,286532,1992000.0000000002,326,,200074.0,69.83,new
BTTL, BE,2026-10-06,39.2,39.3,39.2,39.3,39.3,38.72,644,25000.0,6,,,,new
BUILDPRO, EQ,2026-10-06,1285.0,1321.0,1277.0,1301.5,1293.0,1265.9,126155,164556000.0,10050,,79498.0,63.02,new
BULKCORP, ST,2026-10-06,81.95,81.95,81.75,81.75,81.75,79.75,6000,491000.0,5,,6000.0,100.0,new
BURNPUR, BE,2026-10-06,13.83,13.83,13.83,13.83,13.83,13.18,7158,99000.0,36,,,,new
BUTTERFLY, EQ,2026-10-06,553.6,553.6,539.0,543.25,547.5,547.55,20545,11222000.0,1080,,13996.0,68.12,new
BVCL, EQ,2026-10-06,41.16,41.94,40.56,41.44,41.79,41.21,27256,1127000.0,281,,20999.0,77.04,new
BYKE, EQ,2026-10-06,29.78,29.96,29.0,29.46,29.49,29.66,22384,659000.0,277,,17074.0,76.28,new
C2C, SM,2026-10-06,176.15,197.8,176.15,187.65,190.0,176.15,159300,30144000.0,775,,84150.0,52.82,new
CALSOFT, BE,2026-10-06,34.59,34.82,33.2,33.44,33.2,34.93,105771,3578000.0,774,,,,new
CAMLINFINE, EQ,2026-10-06,92.19,95.69,90.9,95.0,95.0,91.16,486254,45509000.0,6184,,192798.0,39.65,new
CAMPUS, EQ,2026-10-06,204.11,209.9,202.8,208.68,209.9,204.12,470823,97327000.0,12250,,211325.0,44.88,new
CAMS, EQ,2026-10-06,688.0,693.9,678.55,693.9,693.9,683.85,1051068,723124000.0,29772,,566034.0,53.85,new
CANARYS, SM,2026-10-06,27.75,28.5,27.7,28.5,28.5,28.4,16000,448000.00000000006,4,,12000.0,75.0,new
CANBK, EQ,2026-10-06,118.9,119.29,117.62,117.82,117.82,118.5,10318285,1220907000.0,82858,,5474902.0,53.06,new
CANFINHOME, EQ,2026-10-06,726.0,737.1,726.0,734.75,736.0,724.7,197132,144318000.0,15955,,111115.0,56.37,new
CANHLIFE, EQ,2026-10-06,141.0,143.9,138.96,143.13,143.0,142.36,619392,87637000.0,18473,,264859.0,42.76,new
CANTABIL, EQ,2026-10-06,225.9,230.14,224.85,229.84,230.0,225.18,111517,25333000.0,1633,,54481.0,48.85,new
CAPACITE, EQ,2026-10-06,180.2,186.97,178.21,184.51,184.9,178.62,977132,179274000.0,14594,,235966.0,24.15,new
CAPILLARY, EQ,2026-10-06,542.1,597.35,542.1,587.2,594.0,546.1,290150,167186000.0,11816,,139139.0,47.95,new
CAPINVIT, IV,2026-10-06,77.1,77.38,76.8,77.23,77.24,77.05,180433,13922000.0,2078,,166485.0,92.27,new
CAPITALSFB, EQ,2026-10-06,279.55,285.35,262.25,263.8,264.3,279.55,166208,44416000.0,3111,,114094.0,68.65,new
CAPLIPOINT, EQ,2026-10-06,2611.0,2691.2,2583.0,2679.7,2679.9,2604.0,110962,293129000.0,20039,,46255.0,41.69,new
CAPTRUST, BE,2026-10-06,20.5,20.98,20.5,20.98,20.98,19.99,59977,1254000.0,127,,,,new
CARBORUNIV, EQ,2026-10-06,1285.7,1295.9,1260.1,1269.6,1269.5,1267.6,377930,480910999.99999994,39898,,194861.0,51.56,new
CARERATING, EQ,2026-10-06,1607.7,1633.7,1582.2,1588.2,1590.0,1607.7,38742,62205999.99999999,3555,,26363.0,68.05,new
CARRARO, EQ,2026-10-06,520.0,530.0,517.6,525.65,523.0,518.9,43978,23072000.0,4720,,25218.0,57.34,new
CARTRADE, EQ,2026-10-06,2943.0,2982.0,2900.6,2911.7,2909.9,2935.4,121721,357502000.0,17579,,44369.0,36.45,new
CARYSIL, EQ,2026-10-06,1031.0,1044.9,1022.0,1033.1,1035.0,1031.0,48672,50253000.0,5219,,25777.0,52.96,new
CASHIETF, EQ,2026-10-06,1082.54,1082.56,1082.54,1082.55,1082.56,1082.41,683722,740161000.0,127,,443514.0,64.87,new
CASTROLIND, EQ,2026-10-06,199.99,201.25,198.74,200.2,199.6,199.51,1863669,372498000.0,22114,,1128351.0,60.54,new
CBAZAAR, SM,2026-10-06,5.05,5.45,5.05,5.05,5.05,5.3,56000,286000.0,7,,24000.0,42.86,new
CCAVENUE, EQ,2026-10-06,15.03,15.49,15.03,15.35,15.4,14.99,17222230,264194999.99999997,12272,,11982484.0,69.58,new
CCCL, EQ,2026-10-06,13.39,13.5,12.91,13.1,13.2,13.19,139257,1829000.0,457,,115449.0,82.9,new
CCHHL, EQ,2026-10-06,12.89,13.0,12.7,12.81,12.81,12.71,4574,59000.0,75,,4077.0,89.13,new
CCL, EQ,2026-10-06,1048.6,1071.0,1026.6,1054.9,1046.0,1051.9,155651,163501000.0,18166,,75233.0,48.33,new
CDSL, EQ,2026-10-06,1255.0,1267.9,1251.5,1263.4,1263.4,1250.0,896613,1129293000.0,31144,,437970.0,48.85,new
CEATLTD, EQ,2026-10-06,3283.4,3342.3,3278.3,3328.7,3330.0,3283.0,28932,95809000.0,6728,,11804.0,40.8,new
CEDAAR, SM,2026-10-06,11.0,11.0,11.0,11.0,11.0,10.5,3000,33000.0,3,,3000.0,100.0,new
CEIGALL, EQ,2026-10-06,385.55,385.55,375.0,376.2,375.2,383.95,179646,68250000.0,3569,,105610.0,58.79,new
CEINSYS, EQ,2026-10-06,644.1,747.7,644.1,718.45,708.0,649.6,501355,357320000.0,25282,,91389.0,18.23,new
CELEBRITY, EQ,2026-10-06,6.73,6.73,6.3,6.35,6.45,6.41,33165,212000.0,82,,13182.0,39.75,new
CELLECOR, SM,2026-10-06,29.95,30.0,29.15,29.85,29.45,29.4,129000,3846000.0,20,,105000.0,81.4,new
CELLO, EQ,2026-10-06,340.0,388.4,340.0,369.15,368.0,340.05,20298731,7581938000.0,278812,,1958448.0,9.65,new
CELLPOINT, SM,2026-10-06,15.25,16.2,15.25,16.2,16.2,15.85,4800,75000.0,4,,4800.0,100.0,new
CEMNTGROWW, EQ,2026-10-06,13.82,13.82,13.51,13.64,13.7,13.62,60769,827999.9999999999,270,,34302.0,56.45,new
CEMPRO, EQ,2026-10-06,1168.8,1169.0,1145.5,1159.8,1156.0,1156.6,130790,151448000.0,12703,,75676.0,57.86,new
CENTENKA, EQ,2026-10-06,543.5,580.1,543.4,566.6,564.7,546.2,51588,29085000.000000004,4010,,20622.0,39.97,new
CENTEXT, EQ,2026-10-06,18.2,18.39,17.8,17.88,17.96,17.99,121435,2179000.0,706,,94138.0,77.52,new
CENTEXT-RE, BE,2026-10-06,2.9,2.9,2.33,2.4,2.4,2.79,66287,168000.0,214,,,,new
CENTRALBK, EQ,2026-10-06,30.48,30.66,30.1,30.19,30.16,30.31,3222967,97902000.0,11861,,1346577.0,41.78,new
CENTRUM, EQ,2026-10-06,20.2,20.2,19.47,19.8,19.86,19.7,253359,5029000.0,905,,174343.0,68.81,new
CENTUM, EQ,2026-10-06,4619.9,4654.9,4425.9,4451.0,4460.0,4584.1,81692,366541000.0,14601,,31283.0,38.29,new
CENTURYPLY, EQ,2026-10-06,680.1,699.0,674.05,679.85,678.2,680.05,100595,68462000.0,8922,,68141.0,67.74,new
CERA, EQ,2026-10-06,5006.0,5136.0,5006.0,5122.5,5130.0,5056.5,2628,13419000.0,1074,,1143.0,43.49,new
CESC, EQ,2026-10-06,133.75,136.12,133.55,134.43,134.55,133.73,1795373,242278000.00000003,36555,,1028629.0,57.29,new
CEWATER, EQ,2026-10-06,257.1,261.9,256.75,260.65,260.15,259.1,18552,4812000.0,1478,,8893.0,47.94,new
CFEL, BE,2026-10-06,43.5,45.69,43.5,45.0,45.0,43.55,3178,142000.0,62,,,,new
CGCL, EQ,2026-10-06,247.06,248.76,241.72,246.88,247.0,247.06,5242811,1292733000.0,33250,,3583830.0,68.36,new
CGPOWER, EQ,2026-10-06,888.0,913.3,885.35,912.0,912.0,882.3,2540774,2298167000.0,49204,,1216650.0,47.89,new
CGRAPHICS, SM,2026-10-06,152.0,156.0,150.2,156.0,156.0,150.85,7200,1102000.0,9,,5600.0,77.78,new
CGVAK, EQ,2026-10-06,147.0,153.85,143.3,146.16,148.65,147.99,4859,700000.0,89,,4722.0,97.18,new
CHALET, EQ,2026-10-06,841.5,844.0,816.1,818.2,820.0,841.45,83301,68744000.0,10941,,41228.0,49.49,new
CHAMBLFERT, EQ,2026-10-06,398.35,406.0,397.95,404.8,406.0,397.6,225621,91039000.0,11532,,109076.0,48.34,new
CHANDAN, SM,2026-10-06,224.0,241.0,221.05,235.95,235.6,222.6,36000,8442000.0,43,,22400.0,62.22,new
CHAVDA, ST,2026-10-06,57.0,59.0,56.65,58.35,57.5,59.5,24000,1386000.0,12,,20000.0,83.33,new
CHEMBOND, EQ,2026-10-06,180.88,194.0,178.1,191.83,194.0,177.94,10041,1873000.0,615,,6174.0,61.49,new
CHEMBONDCH, BE,2026-10-06,214.0,225.59,210.2,222.94,222.55,214.85,10935,2426000.0,169,,,,new
CHEMCON, EQ,2026-10-06,214.05,219.89,214.05,217.4,216.41,213.86,31102,6763000.0,825,,18536.0,59.6,new
CHEMCRUX, EQ,2026-10-06,80.2,80.9,77.0,80.21,80.8,79.22,5013,399000.0,132,,4507.0,89.91,new
CHEMFAB, EQ,2026-10-06,318.0,340.0,317.85,338.5,335.05,326.35,3982,1315000.0,216,,3419.0,85.86,new
CHEMICAL, EQ,2026-10-06,28.09,28.82,28.09,28.63,28.82,27.95,291598,8302000.0,714,,244603.0,83.88,new
CHEMPLASTS, EQ,2026-10-06,196.15,212.0,195.61,210.24,210.3,196.93,1032680,214405000.00000003,17387,,374866.0,36.3,new
CHENNPETRO, EQ,2026-10-06,1409.4,1431.0,1385.0,1405.7,1405.6,1401.0,949377,1334062000.0,36759,,249963.0,26.33,new
CHETANA, SM,2026-10-06,38.25,39.0,38.0,39.0,39.0,38.5,12800,492000.0,6,,9600.0,75.0,new
CHEVIOT, EQ,2026-10-06,1166.0,1169.5,1133.0,1152.9,1147.0,1165.7,1698,1950000.0,208,,1296.0,76.33,new
CHOICEGOLD, EQ,2026-10-06,144.1,146.03,143.3,145.91,145.94,145.93,5127,744000.0,107,,2649.0,51.67,new
CHOICEIN, EQ,2026-10-06,726.7,738.0,725.0,727.15,727.0,726.0,857731,626444000.0,8976,,594212.0,69.28,new
CHOLAFIN, EQ,2026-10-06,1606.9,1616.0,1594.3,1611.0,1611.0,1605.4,949646,1528092000.0,37655,,548018.0,57.71,new
CHOLAHLDNG, EQ,2026-10-06,1402.4,1433.3,1402.4,1424.6,1424.9,1404.4,59351,84210000.0,7134,,25827.0,43.52,new
CIEINDIA, EQ,2026-10-06,376.55,380.0,375.25,379.0,378.8,378.0,95515,36069000.0,10111,,48058.0,50.31,new
CIFL, EQ,2026-10-06,20.99,21.67,20.25,20.68,20.86,20.49,250479,5209000.0,2646,,145782.0,58.2,new
CINELINE, EQ,2026-10-06,87.94,88.4,86.5,87.72,87.25,86.22,8115,710000.0,165,,5521.0,68.03,new
CINEVISTA, EQ,2026-10-06,14.4,14.4,13.54,13.83,13.95,13.79,7751,106000.0,59,,6818.0,87.96,new
CIPLA, EQ,2026-10-06,1335.0,1344.9,1323.2,1340.2,1340.2,1335.5,575696,768959000.0,35795,,333157.0,57.87,new
CITIUSINVT, IV,2026-10-06,116.78,116.84,115.25,115.31,116.0,115.63,210819,24408000.0,327,,201799.0,95.72,new
CKKRETAIL, SM,2026-10-06,171.0,171.0,171.0,171.0,171.0,165.1,800,137000.0,1,,800.0,100.0,new
CLASSICEIL, SM,2026-10-06,51.0,51.3,48.55,49.95,49.95,50.6,28800,1431000.0,18,,22400.0,77.78,new
CLAYCRAFT, SM,2026-10-06,164.35,174.95,164.35,174.2,174.45,169.4,73200,12639000.0,98,,68400.0,93.44,new
CLEAN, EQ,2026-10-06,807.55,830.8,803.55,823.15,824.8,799.8,296158,243681000.0,19132,,100173.0,33.82,new
CLEANMAX, EQ,2026-10-06,1300.0,1398.3,1300.0,1392.5,1390.9,1303.3,465556,627879000.0,33050,,212460.0,45.64,new
CLEDUCATE, EQ,2026-10-06,55.0,55.48,53.01,53.98,54.05,55.02,27803,1506000.0,148,,26729.0,96.14,new
CLSEL, EQ,2026-10-06,283.9,294.9,281.5,291.95,291.0,283.1,65438,19042000.0,2711,,23901.0,36.52,new
CLSL, ST,2026-10-06,60.05,60.05,60.0,60.0,60.0,62.85,6000,360000.0,3,,6000.0,100.0,new
CMLL, EQ,2026-10-06,510.5,519.5,503.7,517.2,515.4,507.2,252471,128951000.0,6487,,83383.0,33.03,new
CMNL, SM,2026-10-06,118.45,120.0,116.0,119.35,120.0,115.0,27750,3293000.0,24,,22500.0,81.08,new
CMPDI, EQ,2026-10-06,207.0,212.49,205.0,210.06,208.55,207.13,798679,167623000.0,14265,,324469.0,40.63,new
CMRGREEN, EQ,2026-10-06,221.01,228.0,220.49,226.63,227.5,221.48,243468,54828000.0,5933,,118152.0,48.53,new
CMSINFO, EQ,2026-10-06,219.5,221.59,218.28,220.35,220.5,218.98,335302,73649000.0,7835,,212519.0,63.38,new
CNL, EQ,2026-10-06,1063.7,1083.0,1055.1,1070.0,1066.4,1071.9,16254,17383000.0,712,,14423.0,88.74,new
COALINDIA, EQ,2026-10-06,426.05,426.95,410.6,411.65,411.65,425.1,5548430,2305501000.0,75761,,2893047.0,52.14,new
COASTCORP, EQ,2026-10-06,36.2,36.48,35.53,36.18,36.02,35.68,24372,877000.0,326,,18856.0,77.37,new
COCHINSHIP, EQ,2026-10-06,1285.2,1293.1,1273.5,1282.0,1282.0,1283.8,860827,1102778000.0,22890,,391198.0,45.44,new
COCKERILL, EQ,2026-10-06,7834.0,8004.0,7834.0,7978.5,7931.0,7868.5,2569,20402000.0,819,,1403.0,54.61,new
COFFEEDAY, EQ,2026-10-06,29.6,30.52,29.1,30.03,30.39,30.06,789744,23588000.0,3338,,317987.0,40.26,new
COFORGE, EQ,2026-10-06,1859.0,1868.0,1816.6,1849.7,1849.7,1852.0,1921707,3530475000.0,62699,,996271.0,51.84,new
COHANCE, EQ,2026-10-06,448.3,459.2,445.5,457.0,459.0,446.8,492779,223080000.00000003,17648,,228101.0,46.29,new
COLPAL, EQ,2026-10-06,1773.0,1809.4,1763.3,1809.4,1809.4,1775.0,557765,997762000.0000001,18438,,378712.0,67.9,new
COMFINTE, EQ,2026-10-06,6.18,6.5,6.18,6.23,6.26,6.18,123107,783000.0,360,,65993.0,53.61,new
COMMOIETF, EQ,2026-10-06,93.61,94.45,93.05,93.92,93.72,93.55,229895,21593000.0,3946,,216146.0,94.02,new
COMPEAU, EQ,2026-10-06,359.95,364.55,352.2,358.1,364.0,349.3,172,63000.0,132,,140.0,81.4,new
COMPINFO, BZ,2026-10-06,1.05,1.09,1.05,1.08,1.09,1.09,4462,5000.0,11,,,,new
COMPUSOFT, EQ,2026-10-06,13.0,13.35,12.65,12.9,12.92,13.0,13838,179000.0,263,,7100.0,51.31,new
COMSYN, EQ,2026-10-06,262.4,265.5,257.75,263.0,263.8,259.55,267609,69863000.0,4176,,118907.0,44.43,new
CONCOR, EQ,2026-10-06,441.5,446.5,440.2,445.85,445.85,441.45,929976,412937000.0,14852,,344871.0,37.08,new
CONCORDBIO, EQ,2026-10-06,1352.0,1375.0,1348.2,1368.8,1373.0,1355.9,41856,56983000.00000001,9146,,18629.0,44.51,new
CONFIPET, EQ,2026-10-06,86.0,87.8,85.16,86.67,86.95,86.18,1393957,120430000.0,19561,,596186.0,42.77,new
CONNPLEX, SM,2026-10-06,244.5,250.0,244.0,247.5,247.5,244.45,71200,17604000.0,34,,63200.0,88.76,new
CONS, EQ,2026-10-06,11.32,11.45,11.28,11.4,11.45,11.28,3393,39000.0,142,,2388.0,70.38,new
CONSOFINVT, BE,2026-10-06,284.95,290.0,282.0,283.2,283.2,284.25,3292,935000.0,26,,,,new
CONSUMAXIS, EQ,2026-10-06,113.23,113.95,113.0,113.5,113.5,112.77,4209,476999.99999999994,14,,2103.0,49.96,new
CONSUMBEES, EQ,2026-10-06,122.1,123.88,121.9,123.3,123.88,122.1,35903,4413000.0,569,,19952.0,55.57,new
CONSUMER, EQ,2026-10-06,11.37,11.37,11.2,11.31,11.33,11.15,51388,580000.0,219,,43980.0,85.58,new
CONSUMIETF, EQ,2026-10-06,113.9,119.7,113.83,114.9,115.24,113.58,5551,635000.0,146,,2529.0,45.56,new
CONTI, SM,2026-10-06,9.8,9.8,9.8,9.8,9.8,9.8,3333,33000.0,1,,3333.0,100.0,new
CONTROLPR, EQ,2026-10-06,621.0,625.0,614.1,622.65,625.0,616.3,13088,8105000.0,1504,,8828.0,67.45,new
COOLCAPS, SM,2026-10-06,21.4,21.8,20.9,21.45,21.45,21.1,71250,1531000.0,57,,63750.0,89.47,new
CORALFINAC, EQ,2026-10-06,30.78,33.48,30.65,31.18,31.37,30.21,279647,8938000.0,2418,,117195.0,41.91,new
CORDELIA, EQ,2026-10-06,103.0,105.1,101.33,104.32,104.32,100.83,872052,90185000.0,7643,,400432.0,45.92,new
CORDSCABLE, BE,2026-10-06,308.65,322.95,300.0,314.35,315.0,308.3,39443,12370000.0,731,,,,new
COREIN, ST,2026-10-06,86.6,86.65,85.2,86.65,86.65,82.55,97600,8452000.0,32,,97600.0,100.0,new
COROMANDEL, EQ,2026-10-06,1802.9,1812.8,1772.3,1788.3,1798.9,1801.4,149119,266776000.00000003,15873,,94056.0,63.07,new
CORONA, EQ,2026-10-06,2034.9,2051.6,2007.6,2038.3,2040.0,2034.2,26077,52815000.0,7090,,15335.0,58.81,new
COSMOFIRST, EQ,2026-10-06,822.0,833.4,815.0,829.15,832.0,822.7,23753,19616000.0,2321,,16030.0,67.49,new
COUNCODOS, BE,2026-10-06,6.42,6.62,6.4,6.51,6.53,6.44,71617,459999.99999999994,192,,,,new
CPCAP, EQ,2026-10-06,135.0,161.34,135.0,154.53,154.0,134.45,462318,72919000.0,5494,,153880.0,33.28,new
CPEDU, EQ,2026-10-06,179.47,183.9,179.47,181.29,180.51,179.47,1895,342000.0,41,,1860.0,98.15,new
CPL, EQ,2026-10-06,62.04,63.0,61.62,62.12,61.91,62.73,14208,885000.0,734,,7076.0,49.8,new
CPPLUS, EQ,2026-10-06,4082.1,4188.9,3942.5,3976.0,3981.9,3989.5,432803,1762433000.0000002,46060,,205513.0,47.48,new
CPS, SM,2026-10-06,1100.0,1100.0,1100.0,1100.0,1100.0,1135.0,150,165000.0,1,,150.0,100.0,new
CPSEETF, EQ,2026-10-06,90.09,90.95,89.79,89.94,90.35,90.09,489544,44137000.0,5869,,277786.0,56.74,new
CRAFTSMAN, EQ,2026-10-06,10299.0,10412.0,10200.0,10348.0,10276.0,10251.0,24314,250821000.0,11423,,10804.0,44.44,new
CRAMC, EQ,2026-10-06,224.6,225.56,221.65,224.88,225.56,220.23,243147,54430999.99999999,5705,,127351.0,52.38,new
CRAVATEX, EQ,2026-10-06,336.0,394.4,336.0,374.6,347.5,339.2,817,299000.0,43,,681.0,83.35,new
CREATIVEYE, EQ,2026-10-06,5.9,6.47,5.75,5.9,5.91,5.9,21039,123000.0,70,,20273.0,96.36,new
CREDENT, SM,2026-10-06,368.0,379.0,368.0,375.5,374.0,367.7,28800,10817000.0,46,,22800.0,79.17,new
CREDITACC, EQ,2026-10-06,1260.0,1286.1,1254.0,1265.8,1263.1,1251.5,122326,155367000.0,17846,,61662.0,50.41,new
CREST, EQ,2026-10-06,363.2,363.8,357.75,359.9,363.8,363.05,838,301000.0,52,,719.0,85.8,new
CRESTO, BE,2026-10-06,21.49,21.99,19.95,20.02,20.02,20.99,26637,546000.0,91,,,,new
CRISIL, EQ,2026-10-06,4505.8,4549.9,4480.5,4523.3,4501.0,4505.8,10499,47509000.0,4108,,4630.0,44.1,new
CRIZAC, EQ,2026-10-06,169.95,172.72,167.0,168.85,168.3,168.24,98903,16707000.0,3741,,61171.0,61.85,new
CROMPTON, EQ,2026-10-06,211.0,213.06,209.92,211.98,211.98,211.5,1180238,250315000.0,17320,,482281.0,40.86,new
CROWN, EQ,2026-10-06,111.12,112.8,111.1,112.38,112.46,111.06,3230,361000.0,95,,2659.0,82.32,new
CRSL, BZ,2026-10-06,2.08,2.13,2.03,2.05,2.09,2.04,239117,497000.0,438,,,,new
CSBBANK, EQ,2026-10-06,309.85,313.4,304.35,305.85,306.9,306.85,416690,128783000.0,17850,,186203.0,44.69,new
CSLFINANCE, EQ,2026-10-06,210.84,210.84,205.91,207.48,207.0,209.79,21357,4436000.0,497,,16935.0,79.29,new
CSM, EQ,2026-10-06,93.22,94.29,92.0,92.86,93.1,93.68,44966,4190000.0,1113,,22708.0,50.5,new
CSSL, SM,2026-10-06,75.5,79.9,75.5,77.35,77.25,73.5,13000,1011999.9999999999,13,,7000.0,53.85,new
CTE, BE,2026-10-06,36.99,37.88,35.81,37.45,37.51,37.22,6495,240000.0,63,,,,new
CUB, EQ,2026-10-06,229.5,229.74,223.05,223.75,224.2,227.65,1326402,298493000.0,31091,,615641.0,46.41,new
CUBEINVIT, IV,2026-10-06,155.16,156.0,154.76,154.91,154.81,155.02,341889,53115000.0,7354,,314017.0,91.85,new
CUBEXTUB, BE,2026-10-06,150.0,153.98,149.91,149.91,149.91,157.8,94259,14193000.0,723,,,,new
CUDML, SM,2026-10-06,102.6,102.6,100.0,100.75,100.6,102.6,7000,707000.0,7,,5000.0,71.43,new
CUMMINSIND, EQ,2026-10-06,4832.3,4932.0,4808.0,4919.0,4919.0,4832.3,883370,4304944000.0,58373,,671014.0,75.96,new
CUPID, EQ,2026-10-06,310.95,324.95,310.1,324.2,324.0,310.1,24176893,7754355000.0,135345,,4693273.0,19.41,new
CURAA, BE,2026-10-06,72.3,72.3,72.3,72.3,72.3,72.12,14,1000.0,5,,,,new
CURRENT, SM,2026-10-06,95.0,95.0,94.0,94.0,94.0,98.0,3200,302000.0,2,,3200.0,100.0,new
CYBERMEDIA, BE,2026-10-06,18.33,18.33,17.02,17.85,17.9,17.69,12540,221000.0,65,,,,new
CYBERTECH, EQ,2026-10-06,140.0,144.8,137.0,143.1,143.98,139.1,38204,5416000.0,629,,17479.0,45.75,new
CYIENT, EQ,2026-10-06,1140.2,1141.3,1097.2,1119.4,1119.2,1140.2,550341,613852000.0,39256,,202769.0,36.84,new
CYIENTDLM, EQ,2026-10-06,946.7,964.0,934.2,939.0,938.1,946.8,235010,222391000.0,21195,,94219.0,40.09,new
DABUR, EQ,2026-10-06,377.85,393.15,375.3,388.9,388.9,378.65,2619919,1013985000.0,41294,,1256770.0,47.97,new
DAICHI, BE,2026-10-06,315.0,321.75,315.0,316.5,320.0,315.0,357,112999.99999999999,17,,,,new
DALBHARAT, EQ,2026-10-06,1688.0,1691.7,1668.1,1682.6,1680.0,1673.7,25720,43274000.0,5690,,13032.0,50.67,new
DALMIASUG, EQ,2026-10-06,437.8,466.95,436.0,453.0,450.2,430.15,806757,365585000.0,30926,,169102.0,20.96,new
DAMCAPITAL, EQ,2026-10-06,147.38,153.8,146.25,152.51,152.9,146.75,402836,60885000.0,6839,,135745.0,33.7,new
DAMODARIND, BE,2026-10-06,26.06,27.0,26.06,26.95,26.95,26.5,371,10000.0,13,,,,new
DANGEE, EQ,2026-10-06,2.98,3.12,2.9,3.08,3.07,2.92,78767,237000.0,117,,71265.0,90.48,new
DANISH, SM,2026-10-06,928.45,1027.85,928.45,1010.0,1019.0,933.1,68550,68572000.0,377,,49800.0,72.65,new
DATAMATICS, EQ,2026-10-06,776.65,776.65,765.0,771.2,771.0,769.75,46833,36140000.0,2545,,19966.0,42.63,new
DATAPATTNS, EQ,2026-10-06,4249.2,4320.5,4221.0,4299.2,4318.0,4226.5,362558,1545999000.0,47770,,129082.0,35.6,new
DAVANGERE, EQ,2026-10-06,2.32,2.35,2.23,2.27,2.3,2.29,6788229,15424000.0,2277,,3914512.0,57.67,new
DBCORP, EQ,2026-10-06,172.95,175.08,170.56,173.57,175.08,171.08,80253,13863999.999999998,1969,,32709.0,40.76,new
DBEIL, EQ,2026-10-06,6.4,6.55,6.33,6.52,6.54,6.4,1128176,7323999.999999999,353,,1089971.0,96.61,new
DBL, EQ,2026-10-06,396.5,402.6,394.6,400.8,401.0,396.3,58056,23112000.0,2662,,26462.0,45.58,new
DBOL, EQ,2026-10-06,126.5,138.98,126.0,137.9,137.85,125.03,1202685,161444000.0,20109,,475001.0,39.5,new
DBREALTY, EQ,2026-10-06,92.48,92.99,89.47,90.08,90.3,91.72,660832,59959000.0,6805,,387045.0,58.57,new
DBSTOCKBRO, BE,2026-10-06,31.6,33.15,31.6,32.49,33.15,31.58,14368,465000.00000000006,41,,,,new
DCAL, EQ,2026-10-06,151.7,155.89,151.7,153.57,153.21,151.5,171019,26327999.999999996,3472,,86671.0,50.68,new
DCBBANK, EQ,2026-10-06,197.36,202.4,191.94,200.78,198.0,197.36,1579458,312304000.0,34587,,890352.0,56.37,new
DCG, ST,2026-10-06,70.0,71.95,70.0,71.95,71.95,72.6,7200,509999.99999999994,6,,4800.0,66.67,new
DCI, EQ,2026-10-06,345.0,350.0,331.2,343.05,342.0,343.15,139887,47604000.0,3194,,47165.0,33.72,new
DCM, EQ,2026-10-06,72.55,73.6,71.41,71.96,71.6,72.71,3606,260000.0,87,,2965.0,82.22,new
DCMFINSERV, EQ,2026-10-06,5.02,5.3,4.9,5.21,5.22,5.02,39463,202999.99999999997,158,,37834.0,95.87,new
DCMNVL, BE,2026-10-06,175.0,175.0,170.0,172.0,172.0,171.37,2049,353000.0,15,,,,new
DCMSHRIRAM, EQ,2026-10-06,1011.1,1017.6,982.5,988.85,986.0,1044.55,406997,405343000.0,30113,,85241.0,20.94,new
DCMSIL, EQ,2026-10-06,78.0,80.65,75.9,78.87,78.44,77.42,121166,9485000.0,1894,,54629.0,45.09,new
DCMSRIND, EQ,2026-10-06,39.79,40.98,39.0,39.78,40.1,39.06,716375,28483000.0,4972,,244376.0,34.11,new
DCW, EQ,2026-10-06,45.34,46.51,44.61,46.37,46.44,44.69,1400823,64176000.0,5001,,588084.0,41.98,new
DCXINDIA, EQ,2026-10-06,158.15,161.38,157.36,160.23,160.8,156.82,156839,25060000.0,3991,,81226.0,51.79,new
DDEVPLSTIK, EQ,2026-10-06,244.15,252.76,244.15,249.79,251.99,243.13,93705,23243000.0,2100,,55813.0,59.56,new
DECCANCE, EQ,2026-10-06,555.3,562.0,551.55,556.85,555.0,552.05,7577,4223000.0,328,,5614.0,74.09,new
DECCANTRAN, SM,2026-10-06,20.0,21.1,20.0,20.55,20.5,19.55,9600,197000.0,7,,8400.0,87.5,new
DECNGOLD, EQ,2026-10-06,189.29,199.9,187.11,199.16,199.8,188.57,976493,189930000.0,16063,,395330.0,40.48,new
DEEDEV, EQ,2026-10-06,648.0,654.4,635.1,651.7,652.5,636.95,113545,73289000.0,7129,,57937.0,51.03,new
DEEP, BE,2026-10-06,42.97,43.5,40.63,41.03,41.0,42.76,4033,169000.0,73,,,,new
DEEPA, EQ,2026-10-06,195.45,216.4,194.0,214.04,214.05,194.93,7733667,1619956000.0,81333,,1896316.0,24.52,new
DEEPAKFERT, EQ,2026-10-06,1305.0,1391.9,1296.4,1385.6,1384.0,1297.7,875190,1188659000.0,51082,,262234.0,29.96,new
DEEPAKNTR, EQ,2026-10-06,1499.9,1566.0,1498.3,1560.6,1557.0,1497.0,279774,433264000.00000006,24461,,140920.0,50.37,new
DEEPINDS, EQ,2026-10-06,742.6,765.0,734.2,748.95,754.35,747.05,205606,153583000.0,11786,,89130.0,43.35,new
DEFENCE, EQ,2026-10-06,78.21,78.21,76.76,78.1,77.87,76.68,174437,13587000.0,574,,133075.0,76.29,new
DELAPLEX, SM,2026-10-06,85.1,98.0,85.1,95.5,97.9,96.7,10800,1033000.0,17,,4800.0,44.44,new
DELHIVERY, EQ,2026-10-06,400.3,410.8,400.3,407.5,407.5,400.3,2099830,856200000.0,24327,,1126673.0,53.66,new
DELPHIFX, BE,2026-10-06,7.17,7.17,7.17,7.17,7.17,7.03,35900,256999.99999999997,28,,,,new
DELTACORP, EQ,2026-10-06,84.25,88.6,81.0,84.34,84.25,85.43,61115839,5215023000.0,218085,,5762396.0,9.43,new
DELTAMAGNT, EQ,2026-10-06,56.3,58.4,54.55,56.24,58.26,54.87,7038,400000.0,235,,3415.0,48.52,new
DELTIC, SM,2026-10-06,38.9,38.9,35.9,35.9,35.9,35.85,5000,183000.0,5,,4000.0,80.0,new
DEN, EQ,2026-10-06,25.87,26.03,24.4,25.78,25.77,25.71,411483,10558000.0,1372,,186500.0,45.32,new
DENEERS, SM,2026-10-06,172.25,172.25,166.1,167.05,168.0,172.1,13200,2224000.0,22,,9000.0,68.18,new
DENORA, EQ,2026-10-06,732.0,747.0,723.05,729.1,733.0,731.65,5581,4113000.0000000005,550,,3235.0,57.96,new
DENTA, EQ,2026-10-06,264.0,265.0,260.0,263.2,263.0,260.35,42500,11167000.0,2089,,25884.0,60.9,new
DENTALKART, SM,2026-10-06,460.0,500.05,450.1,490.15,500.0,465.0,12750,6086000.0,49,,9000.0,70.59,new
DEVIT, EQ,2026-10-06,20.9,22.49,20.4,21.36,21.9,20.52,42921,905000.0000000001,775,,21451.0,49.98,new
DEVX, EQ,2026-10-06,38.49,40.55,38.11,39.62,39.9,37.85,278350,11019000.0,2007,,137118.0,49.26,new
DEVYANI, EQ,2026-10-06,130.9,130.9,129.03,129.53,129.25,130.03,415065,53902000.0,8589,,165294.0,39.82,new
DGCONTENT, EQ,2026-10-06,24.91,25.98,24.5,24.73,24.52,24.91,13336,333000.0,104,,10481.0,78.59,new
DHABRIYA, BE,2026-10-06,451.7,461.0,445.0,454.35,450.3,452.55,4773,2162000.0,143,,,,new
DHAMPURSUG, EQ,2026-10-06,182.0,192.0,181.33,188.81,187.8,176.85,3999385,751995000.0,50383,,773232.0,19.33,new
DHANBANK, EQ,2026-10-06,26.3,30.48,26.3,28.83,29.25,26.49,8680349,248292999.99999997,25201,,1404837.0,16.18,new
DHANLAXMI, SM,2026-10-06,25.5,26.85,25.5,26.5,26.5,23.1,48000,1267000.0,20,,38000.0,79.17,new
DHANSA, ST,2026-10-06,25.9,27.1,25.9,27.1,27.1,25.9,4000,106000.0,2,,4000.0,100.0,new
DHANUKA, EQ,2026-10-06,915.0,921.05,895.75,909.55,911.0,907.4,40985,37103000.0,2639,,25878.0,63.14,new
DHARAN, BZ,2026-10-06,0.14,0.14,0.13,0.14,0.14,0.13,5813343,806000.0,988,,,,new
DHARARAIL, SM,2026-10-06,137.0,141.1,133.95,141.1,141.1,141.15,22000,3033000.0,16,,18000.0,81.82,new
DHARIWAL, SM,2026-10-06,29.0,29.6,27.65,27.85,27.75,29.0,72000,2037000.0,24,,45000.0,62.5,new
DHARMAJ, EQ,2026-10-06,270.3,270.4,264.25,266.55,268.25,265.0,53591,14319999.999999998,2333,,38920.0,72.62,new
DHATRE, EQ,2026-10-06,3.91,4.07,3.91,3.93,3.98,3.93,16483,65000.0,136,,11830.0,71.77,new
DHOOTTRANS, EQ,2026-10-06,1540.0,1542.3,1460.1,1474.1,1470.0,1521.8,1176554,1752966000.0,60277,,397979.0,33.83,new
DHRUV, EQ,2026-10-06,18.76,20.23,18.76,19.5,19.5,19.51,5649,111000.00000000001,64,,5534.0,97.96,new
DHTL, SM,2026-10-06,24.75,24.75,23.55,23.55,23.55,24.75,28000,679000.0,13,,24800.0,88.57,new
DHUNINV, EQ,2026-10-06,980.0,990.45,961.05,966.9,969.9,972.1,275,267000.0,47,,204.0,74.18,new
DIACABS, BE,2026-10-06,350.0,368.3,348.15,368.3,368.3,350.8,1146404,419705000.0,10528,,,,new
DIAMINESQ, EQ,2026-10-06,235.2,258.0,235.2,244.54,242.2,237.97,32866,8120000.0,1065,,10773.0,32.78,new
DIAMONDYD, EQ,2026-10-06,1061.4,1096.0,1056.1,1088.2,1081.2,1058.8,15772,16913000.0,767,,11238.0,71.25,new
DICIND, EQ,2026-10-06,600.0,624.0,597.0,619.2,614.25,595.95,1605,988000.0000000001,101,,890.0,55.45,new
DIFFNKG, EQ,2026-10-06,456.9,456.9,434.75,454.1,451.5,451.25,279011,123895000.0,11705,,112904.0,40.47,new
DIGIDRIVE, EQ,2026-10-06,17.8,18.25,17.33,17.95,18.25,17.8,4048,72000.0,83,,3735.0,92.27,new
DIGIKORE, SM,2026-10-06,37.2,38.7,35.05,36.15,36.0,37.95,49600,1839999.9999999998,89,,39600.0,79.84,new
DIGISPICE, EQ,2026-10-06,15.4,15.54,14.9,15.12,15.29,15.2,35098,534000.0,171,,27638.0,78.75,new
DIGITIDE, EQ,2026-10-06,75.0,75.0,73.0,74.01,75.0,74.08,141105,10418000.0,1729,,83565.0,59.22,new
DIGJAMLMTD, BE,2026-10-06,47.61,48.2,47.5,47.52,47.5,47.61,5177,246000.0,25,,,,new
DISAQ, EQ,2026-10-06,11365.0,11732.0,11208.0,11540.0,11699.0,11487.0,83,947000.0000000001,31,,69.0,83.13,new
DISHTV, EQ,2026-10-06,2.14,2.14,2.1,2.12,2.13,2.1,892250,1886000.0,1126,,631129.0,70.73,new
DIVGIITTS, EQ,2026-10-06,1120.0,1143.0,1100.0,1119.2,1134.0,1120.2,71946,80743000.0,6919,,35338.0,49.12,new
DIVIDEND, EQ,2026-10-06,32.95,33.9,32.95,33.74,33.82,33.8,4091,138000.0,85,,3148.0,76.95,new
DIVINEHIRA, ST,2026-10-06,107.8,107.8,105.9,106.4,106.4,107.8,9600,1027000.0,8,,9600.0,100.0,new
DIVISLAB, EQ,2026-10-06,9210.0,9557.5,9165.0,9550.0,9550.0,9196.0,465106,4381050000.0,36790,,294969.0,63.42,new
DIVOPPBEES, EQ,2026-10-06,72.79,72.79,72.07,72.21,72.15,72.29,36074,2605000.0,670,,19294.0,53.48,new
DIXON, EQ,2026-10-06,12751.0,13039.0,12660.0,13015.0,13015.0,12748.0,175676,2264910000.0,29242,,68434.0,38.95,new
DJML, EQ,2026-10-06,73.05,74.2,72.61,73.87,74.1,73.11,64590,4753000.0,363,,33560.0,51.96,new
DLF, EQ,2026-10-06,673.0,675.5,664.95,666.1,666.1,673.0,3799738,2542600000.0,67520,,2296045.0,60.43,new
DLINKINDIA, EQ,2026-10-06,411.75,420.95,410.5,419.95,419.05,411.75,37393,15571000.0,2843,,21933.0,58.66,new
DMART, EQ,2026-10-06,3545.3,3595.0,3521.0,3581.9,3581.9,3567.0,827372,2946761000.0,37361,,366629.0,44.31,new
DMCC, EQ,2026-10-06,323.3,374.15,323.0,355.8,354.0,319.1,2942524,1050419000.0,72558,,329611.0,11.2,new
DNAMEDIA, EQ,2026-10-06,2.35,2.45,2.35,2.42,2.39,2.34,47647,114999.99999999999,100,,40303.0,84.59,new
DODLA, EQ,2026-10-06,1015.6,1023.6,1007.2,1019.9,1023.0,1015.6,7697,7815000.000000001,1240,,3941.0,51.2,new
DOLATALGO, EQ,2026-10-06,63.93,63.93,61.9,62.46,62.5,62.4,111249,6980000.0,1031,,82931.0,74.55,new
DOLLAR, EQ,2026-10-06,275.0,282.0,273.6,278.55,276.5,274.4,68600,19094000.0,1654,,38019.0,55.42,new
DOLLEX, EQ,2026-10-06,39.87,39.87,36.0,36.92,37.77,37.16,21502,796000.0,875,,10896.0,50.67,new
DOLPHIN, EQ,2026-10-06,619.7,656.05,615.0,643.35,634.1,621.0,103424,65988000.0,5220,,46699.0,45.15,new
DOMS, EQ,2026-10-06,2079.8,2085.0,2065.0,2073.2,2067.2,2079.8,11709,24262000.0,3389,,6309.0,53.88,new
DONEAR, EQ,2026-10-06,81.48,81.48,80.25,80.39,80.36,80.22,4046,327000.0,92,,3166.0,78.25,new
DPABHUSHAN, EQ,2026-10-06,2098.6,2190.0,1917.5,2174.0,2190.0,2130.5,530780,1089424000.0,31134,,168082.0,31.67,new
DPEL, SM,2026-10-06,615.5,615.85,605.35,612.6,615.0,608.5,36000,22016000.0,63,,16500.0,45.83,new
DPSCLTD, BE,2026-10-06,6.62,6.89,6.49,6.56,6.66,6.72,162647,1071000.0,580,,,,new
DPWIRES, EQ,2026-10-06,212.23,234.7,199.0,221.54,222.5,196.78,1732403,385496000.0,34904,,281447.0,16.25,new
DRAGARWQ, EQ,2026-10-06,5215.0,5323.5,5161.0,5195.0,5199.0,5215.0,1620,8473000.0,811,,800.0,49.38,new
DRCSYSTEMS, EQ,2026-10-06,12.87,13.33,12.8,12.92,12.8,13.04,47066,613000.0,235,,31510.0,66.95,new
DREAMFOLKS, EQ,2026-10-06,61.0,62.37,60.0,60.66,60.5,60.5,65169,3975000.0,1063,,40296.0,61.83,new
DREDGECORP, EQ,2026-10-06,904.3,922.85,899.2,909.0,902.5,903.9,69081,62689000.0,5719,,34238.0,49.56,new
DRONE, SM,2026-10-06,32.55,34.0,32.55,33.3,33.65,32.55,19000,635000.0,27,,16500.0,86.84,new
DRREDDY, EQ,2026-10-06,1207.0,1212.7,1195.0,1208.0,1208.0,1203.0,1638100,1974291000.0,40801,,841314.0,51.36,new
DSFCL, BE,2026-10-06,28.0,28.9,27.55,27.94,28.0,27.89,44546,1248000.0,209,,,,new
DSKULKARNI, BE,2026-10-06,27.12,27.12,27.12,27.12,27.12,26.59,1129,31000.0,7,,,,new
DSSL, EQ,2026-10-06,960.0,1013.05,960.0,1013.05,1013.05,964.85,34564,34667000.0,2164,,16990.0,49.16,new
DTIL, BE,2026-10-06,157.86,157.86,152.6,154.0,154.0,157.86,1881,293000.0,54,,,,new
DUCOL, SM,2026-10-06,122.0,122.0,122.0,122.0,122.0,122.25,800,98000.0,1,,800.0,100.0,new
DUCON, EQ,2026-10-06,1.42,1.42,1.42,1.42,1.42,1.36,314932,447000.0,50,,314907.0,99.99,new
DURLAX, SM,2026-10-06,65.0,65.35,62.6,63.75,63.75,63.4,42000,2683000.0,21,,10000.0,23.81,new
DVL, EQ,2026-10-06,273.3,279.0,273.3,278.6,277.3,271.65,2212,614000.0,147,,1615.0,73.01,new
DWARKESH, EQ,2026-10-06,45.15,47.59,45.13,46.86,47.0,44.08,6280361,292812000.0,25675,,1148452.0,18.29,new
DYCL, EQ,2026-10-06,437.9,450.0,433.35,446.05,446.95,434.85,208326,92518000.0,7440,,88993.0,42.72,new
DYNAMATECH, EQ,2026-10-06,14300.0,14409.0,14111.0,14279.0,14318.0,14251.0,25746,366922000.0,8977,,10867.0,42.21,new
DYNAMIC, SM,2026-10-06,129.95,136.0,129.95,131.0,131.0,127.95,2500,328000.0,4,,2500.0,100.0,new
DYNPRO, EQ,2026-10-06,225.58,225.59,220.0,221.55,220.8,220.44,4792,1063000.0,203,,3032.0,63.27,new
E2E, BE,2026-10-06,665.0,688.9,662.0,688.9,688.9,656.1,857233,588134000.0,6924,,,,new
E2ERAIL, SM,2026-10-06,313.9,321.7,310.0,312.65,312.0,312.25,43200,13630000.000000002,49,,23200.0,53.7,new
EASEMYTRIP, EQ,2026-10-06,5.77,5.84,5.76,5.8,5.81,5.77,5918087,34263000.0,4568,,2328632.0,39.35,new
EASTSILK, BE,2026-10-06,69.34,69.99,67.2,67.2,67.2,66.66,1891,132000.0,16,,,,new
EASTWEST, EQ,2026-10-06,2.35,2.36,2.2,2.22,2.22,2.32,113939,256000.0,187,,71287.0,62.57,new
EBANK10, EQ,2026-10-06,16.19,16.3,16.05,16.3,16.3,16.05,21,0.0,5,,20.0,95.24,new
EBANKNIFTY, EQ,2026-10-06,55.99,55.99,55.54,55.7,55.75,56.95,4682,261000.0,59,,4614.0,98.55,new
EBBETF0430, EQ,2026-10-06,1637.72,1637.72,1603.8,1607.48,1607.31,1605.61,13199,21219000.0,361,,12411.0,94.03,new
EBBETF0431, EQ,2026-10-06,1431.0,1432.0,1425.5,1427.32,1431.99,1427.09,13373,19091000.0,157,,12142.0,90.79,new
EBBETF0433, EQ,2026-10-06,1301.59,1303.97,1296.91,1301.26,1297.7,1298.98,2861,3720000.0000000005,93,,2245.0,78.47,new
EBGNG, EQ,2026-10-06,700.0,712.0,648.7,685.15,686.0,695.45,783243,534922000.0,31555,,309722.0,39.54,new
EBIX, BE,2026-10-06,17.5,17.5,16.88,17.01,17.0,16.91,13725,234000.0,61,,,,new
ECAPINSURE, EQ,2026-10-06,23.29,23.5,22.51,23.35,23.44,22.94,65357,1508000.0,206,,42169.0,64.52,new
ECLERX, EQ,2026-10-06,1884.0,1936.4,1878.0,1917.2,1920.0,1884.3,184481,351306000.0,30003,,84000.0,45.53,new
ECOLINE, SM,2026-10-06,188.0,189.0,182.05,184.95,184.95,182.0,131000,24468000.0,41,,111000.0,84.73,new
ECORECO, EQ,2026-10-06,429.9,442.0,418.0,438.7,442.0,427.3,11679,5055000.0,1091,,5750.0,49.23,new
ECOSMOBLTY, EQ,2026-10-06,106.6,114.89,105.0,110.42,111.0,105.44,175431,19365000.0,3122,,76814.0,43.79,new
EDELWEISS, EQ,2026-10-06,136.12,138.19,133.8,135.53,135.95,135.47,2547963,345966000.0,21886,,1091258.0,42.83,new
EEPL, ST,2026-10-06,128.05,136.0,128.05,136.0,136.0,134.0,11000,1474000.0,11,,11000.0,100.0,new
EFACTOR, SM,2026-10-06,181.0,185.45,176.0,183.5,183.5,175.6,12800,2317000.0,21,,9600.0,75.0,new
EFCIL, EQ,2026-10-06,170.0,173.8,165.94,170.1,170.0,168.74,480175,81193000.0,6546,,296281.0,61.7,new
EFFWA, SM,2026-10-06,343.55,357.0,338.95,343.35,343.35,350.9,29600,10213000.0,45,,22000.0,74.32,new
EFORCE, SM,2026-10-06,17.1,18.0,17.1,18.0,18.0,18.5,8400,149000.0,7,,6000.0,71.43,new
EGOLD, EQ,2026-10-06,146.9,147.15,145.75,147.05,146.15,146.95,444585,65366999.99999999,433,,434184.0,97.66,new
EICHERMOT, EQ,2026-10-06,7065.0,7074.5,6976.0,7051.0,7051.0,7021.5,233372,1642289000.0,29875,,123780.0,53.04,new
EIDPARRY, EQ,2026-10-06,698.0,710.7,695.0,699.2,696.0,691.95,314300,220628000.00000003,19647,,137660.0,43.8,new
EIEL, EQ,2026-10-06,182.38,186.4,182.38,185.54,186.25,180.61,1234338,228233000.0,13477,,558726.0,45.27,new
EIFFL, BE,2026-10-06,257.4,267.55,257.4,259.5,259.5,262.4,1400,365000.0,13,,,,new
EIHAHOTELS, EQ,2026-10-06,294.4,299.7,293.0,297.8,299.0,294.4,10394,3084000.0,603,,7288.0,70.12,new
EIHOTEL, EQ,2026-10-06,300.8,301.75,297.8,300.7,299.1,298.3,96830,29030000.0,5200,,48278.0,49.86,new
EIMCOELECO, EQ,2026-10-06,2251.4,2415.9,2251.4,2371.8,2379.9,2241.9,81588,191748000.0,9362,,34887.0,42.76,new
EKC, EQ,2026-10-06,104.5,108.5,104.5,106.54,106.1,105.13,114189,12109000.0,1828,,47907.0,41.95,new
EKI, BE,2026-10-06,93.06,93.06,88.41,88.41,88.41,93.06,18606,1650000.0,267,,,,new
ELANTAS, EQ,2026-10-06,13261.0,14097.0,13261.0,13937.0,14087.0,13214.0,6923,96258000.0,1710,,3939.0,56.9,new
ELCIDIN, EQ,2026-10-06,102000.0,102975.0,98005.0,102975.0,102975.0,102000.0,10,1007000.0,9,,6.0,60.0,new
ELDEHSG, EQ,2026-10-06,785.0,789.75,766.15,785.2,785.9,773.55,41,32000.0,12,,22.0,53.66,new
ELECON, EQ,2026-10-06,446.4,449.7,440.4,446.3,449.0,446.35,307847,136721000.0,12590,,137678.0,44.72,new
ELECTCAST, EQ,2026-10-06,75.44,80.98,74.77,78.97,79.15,75.26,7872274,624467000.0,47319,,2853665.0,36.25,new
ELECTHERM, EQ,2026-10-06,725.4,755.8,711.1,735.25,730.0,702.4,57868,42543000.0,3819,,23408.0,40.45,new
ELEVATE, EQ,2026-10-06,339.0,341.9,327.05,337.75,339.95,333.15,2160676,723254000.0,79639,,911333.0,42.18,new
ELGIEQUIP, EQ,2026-10-06,590.8,601.95,587.5,599.25,596.0,591.2,316791,188494000.0,19996,,163869.0,51.73,new
ELGIRUBCO, EQ,2026-10-06,52.5,59.8,51.61,55.97,56.55,51.56,256656,14660000.0,3180,,74493.0,29.02,new
ELGNZ, SM,2026-10-06,79.25,80.0,78.35,80.0,80.0,81.95,11000,871000.0000000001,11,,9000.0,81.82,new
ELIN, EQ,2026-10-06,78.97,80.7,78.1,78.84,79.0,78.97,120244,9507000.0,1639,,70302.0,58.47,new
ELIQUID, EQ,2026-10-06,1050.68,1050.68,1050.67,1050.67,1050.68,1050.52,68894,72386000.0,19,,68894.0,100.0,new
ELITECON, EQ,2026-10-06,7.4,7.49,7.2,7.24,7.25,7.49,8019054,58350000.0,8187,,5009991.0,62.48,new
ELLEN, EQ,2026-10-06,330.1,353.8,330.1,348.2,351.0,332.55,694949,238023000.0,13812,,344118.0,49.52,new
ELM250, EQ,2026-10-06,15.6,15.82,15.58,15.8,15.8,15.46,31418,495000.0,193,,23602.0,75.12,new
ELMDIV, EQ,2026-10-06,34.55,34.62,34.34,34.49,34.49,34.39,335,12000.0,7,,301.0,89.85,new
ELPROINTL, EQ,2026-10-06,173.72,174.75,172.08,174.39,174.75,174.59,1613,280000.0,77,,1303.0,80.78,new
EMAMILTD, EQ,2026-10-06,377.9,387.5,374.0,384.0,385.0,377.75,2900756,1102632000.0,35906,,1902372.0,65.58,new
EMAMIPAP, BE,2026-10-06,116.38,116.38,113.6,115.2,116.2,115.01,12243,1407000.0,115,,,,new
EMAMIREAL, EQ,2026-10-06,69.0,69.9,66.5,68.43,68.5,68.06,5789,395000.0,441,,4392.0,75.87,new
EMAPARTNER, SM,2026-10-06,72.0,82.9,72.0,82.05,82.9,83.9,11000,885000.0,8,,7000.0,63.64,new
EMBASSY, RR,2026-10-06,428.1,432.4,427.16,431.21,431.0,427.16,300172,128836999.99999999,17842,,230715.0,76.86,new
EMBDL, EQ,2026-10-06,56.3,58.64,56.3,57.33,57.2,56.05,1258961,72481000.0,7050,,498737.0,39.61,new
EMCURE, EQ,2026-10-06,1937.1,1954.9,1890.0,1922.4,1920.5,1937.1,379767,723823000.0,18754,,316522.0,83.35,new
EMETAL, EQ,2026-10-06,12.58,12.67,12.57,12.57,12.66,12.58,12129,153000.0,31,,12097.0,99.74,new
EMIL, EQ,2026-10-06,206.0,209.9,199.42,201.42,200.66,205.1,6266534,1285227000.0,53896,,1370909.0,21.88,new
EMKAY, EQ,2026-10-06,283.8,289.0,281.0,285.6,284.25,280.2,16864,4802000.0,614,,10339.0,61.31,new
EMKAYTOOLS, SM,2026-10-06,94.5,95.0,92.55,94.0,94.0,98.0,1350,127000.0,8,,1050.0,77.78,new
EMMBI, EQ,2026-10-06,85.0,88.3,85.0,88.15,88.3,86.08,7258,631000.0,114,,5475.0,75.43,new
EMMIL, SM,2026-10-06,130.0,136.0,125.15,129.95,129.9,129.0,14250,1866000.0,31,,11500.0,80.7,new
EMMVEE, EQ,2026-10-06,297.0,299.3,293.1,296.5,297.0,296.25,1073102,318533000.0,28158,,533107.0,49.68,new
EMPIND, EQ,2026-10-06,1051.9,1054.0,1035.0,1040.0,1040.0,1034.0,9488,9878000.0,204,,9140.0,96.33,new
EMPOWER, EQ,2026-10-06,1.69,1.69,1.65,1.68,1.69,1.61,30334293,51220000.00000001,4976,,24213709.0,79.82,new
EMSLIMITED, EQ,2026-10-06,329.0,340.45,329.0,334.25,335.5,327.8,112594,37545000.0,4587,,51479.0,45.72,new
EMUDHRA, EQ,2026-10-06,599.0,610.0,593.0,607.9,609.65,599.0,267269,160887000.0,10930,,82946.0,31.03,new
EMULTIMQ, EQ,2026-10-06,40.14,40.65,40.12,40.56,40.59,39.91,18853,764000.0,113,,12169.0,64.55,new
ENCOMPAS, SM,2026-10-06,255.0,255.0,253.6,254.0,254.0,252.5,10400,2642000.0,11,,10000.0,96.15,new
ENDURANCE, EQ,2026-10-06,2530.0,2553.2,2512.0,2516.0,2514.0,2526.5,75266,190572000.0,21461,,45551.0,60.52,new
ENERGY, EQ,2026-10-06,36.84,37.28,36.84,37.21,37.28,36.83,112302,4176000.0,803,,76330.0,67.97,new
ENERGYAXIS, EQ,2026-10-06,18.59,18.59,18.37,18.42,18.41,18.36,8261,152000.0,54,,3595.0,43.52,new
ENERGYDEV, EQ,2026-10-06,14.54,14.8,14.21,14.36,14.28,14.4,7848,112999.99999999999,204,,6063.0,77.26,new
ENEXT50, EQ,2026-10-06,69.7,69.92,69.5,69.92,69.92,69.21,595,42000.0,8,,595.0,100.0,new
ENFUSE, SM,2026-10-06,154.0,154.0,154.0,154.0,154.0,150.0,600,92000.0,1,,600.0,100.0,new
ENGINERSIN, EQ,2026-10-06,309.0,320.8,306.4,313.3,313.9,307.85,5178995,1629722000.0,62892,,1685117.0,32.54,new
ENIFTY, EQ,2026-10-06,22.87,23.02,22.87,23.02,23.02,22.79,2412,55000.00000000001,58,,1947.0,80.72,new
ENIL, EQ,2026-10-06,94.3,94.3,91.6,92.24,92.5,91.69,4896,451000.0,112,,4269.0,87.19,new
ENKEIWHEL, EQ,2026-10-06,392.0,392.0,382.25,386.6,385.65,392.4,3389,1314000.0,97,,3311.0,97.7,new
ENRIN, EQ,2026-10-06,3333.0,3354.9,3288.2,3307.5,3307.5,3316.4,288526,958119000.0,25652,,143377.0,49.69,new
ENSER, SM,2026-10-06,14.65,16.15,14.65,15.3,15.4,14.7,535000,8198000.0,78,,410000.0,76.64,new
ENTERO, EQ,2026-10-06,1702.0,1744.0,1682.7,1721.6,1744.0,1697.1,63943,108972000.0,8095,,32875.0,51.41,new
ENVIRO, SM,2026-10-06,71.5,71.95,71.0,71.8,71.8,70.95,110000,7816000.0,11,,109000.0,99.09,new
EPACK, EQ,2026-10-06,168.13,175.0,168.13,173.75,174.5,168.13,300391,51537000.0,5763,,143219.0,47.68,new
EPACKPEB, EQ,2026-10-06,249.75,252.79,245.98,247.82,247.66,249.74,361765,90106000.0,12722,,185672.0,51.32,new
EPIGRAL, EQ,2026-10-06,1007.4,1062.0,1005.8,1036.2,1030.3,1017.3,67127,69757000.0,6294,,28872.0,43.01,new
EPL, EQ,2026-10-06,237.4,239.0,232.29,237.23,235.35,236.5,1423426,335623000.0,27546,,763345.0,53.63,new
EPWINDIA, SM,2026-10-06,250.0,250.0,225.05,228.6,230.0,242.7,21600,5106000.0,16,,18000.0,83.33,new
EQUAL200, EQ,2026-10-06,13.07,13.14,13.06,13.13,13.14,13.01,27110,355000.0,35,,27110.0,100.0,new
EQUAL50, EQ,2026-10-06,310.43,316.64,310.43,312.6,312.6,310.43,20652,6442000.0,63,,15610.0,75.59,new
EQUAL50ADD, EQ,2026-10-06,323.77,325.6,321.28,323.46,325.6,322.16,8527,2753000.0,284,,5796.0,67.97,new
EQUIPPP, BE,2026-10-06,21.85,22.5,21.85,22.5,22.5,21.85,1849,41000.0,15,,,,new
EQUITASBNK, EQ,2026-10-06,68.28,69.42,67.84,67.96,67.95,68.28,626333,42922000.0,8898,,264947.0,42.3,new
ERIS, EQ,2026-10-06,1188.6,1201.3,1175.0,1184.7,1186.9,1188.6,47481,56429999.99999999,7089,,27106.0,57.09,new
ESABINDIA, EQ,2026-10-06,5516.0,5619.0,5513.0,5608.0,5619.0,5514.0,2318,12941000.0,559,,1645.0,70.97,new
ESAFSFB, BE,2026-10-06,43.18,43.45,41.79,42.15,42.39,43.18,353896,15103000.0,1164,,,,new
ESCONET, ST,2026-10-06,245.0,245.0,230.55,232.85,235.2,242.65,28000,6616000.0,65,,27600.0,98.57,new
ESCORTS, EQ,2026-10-06,2820.9,2867.0,2785.3,2811.7,2797.2,2820.9,106436,301536000.0,15377,,57740.0,54.25,new
ESDS, EQ,2026-10-06,1294.3,1294.3,1294.3,1294.3,1294.3,1362.4,151322,195856000.0,4391,,151271.0,99.97,new
ESENSEX, EQ,2026-10-06,73.46,73.64,73.0,73.64,73.64,73.41,876,64000.0,12,,871.0,99.43,new
ESFL, SM,2026-10-06,111.0,113.0,111.0,112.55,112.05,112.1,12600,1415000.0,22,,11520.0,91.43,new
ESG, EQ,2026-10-06,38.19,39.6,38.19,38.88,38.99,38.59,35325,1374000.0,47,,34612.0,97.98,new
ESILVER, EQ,2026-10-06,220.69,221.24,218.0,220.35,220.48,221.74,41159,9031000.0,1104,,14180.0,34.45,new
ESPRIT, SM,2026-10-06,63.95,63.95,62.0,62.0,62.0,63.9,9600,607000.0,6,,9600.0,100.0,new
ESSARSHPNG, EQ,2026-10-06,17.06,17.55,16.36,16.72,17.0,17.04,385151,6573000.0,1516,,225388.0,58.52,new
ESSENTIA, EQ,2026-10-06,1.01,1.03,1.01,1.01,1.02,1.01,646672,658000.0,544,,379506.0,58.69,new
ESTER, EQ,2026-10-06,93.6,96.96,93.5,93.87,93.8,93.4,127496,12141000.0,1465,,75221.0,59.0,new
ETERNAL, EQ,2026-10-06,322.5,330.2,319.1,329.0,329.0,320.8,27075757,8820629000.0,178606,,16796736.0,62.04,new
ETHOSLTD, EQ,2026-10-06,2608.0,2646.3,2590.0,2621.2,2603.0,2602.3,112877,297104000.0,9419,,93524.0,82.85,new
ETL, SM,2026-10-06,1125.0,1125.0,1125.0,1125.0,1125.0,1155.0,150,169000.0,1,,150.0,100.0,new
ETML, SM,2026-10-06,73.45,73.45,72.1,72.95,73.0,73.45,36000,2631000.0,15,,31200.0,86.67,new
EUREKAFORB, EQ,2026-10-06,343.9,354.6,342.15,353.8,353.95,342.15,129684,45505000.0,8067,,84868.0,65.44,new
EUROBOND, EQ,2026-10-06,148.89,148.89,141.2,143.4,143.99,144.32,6632,953999.9999999999,111,,4760.0,71.77,new
EUROPRATIK, EQ,2026-10-06,184.7,185.18,176.88,180.02,179.65,183.41,241612,43774000.0,4400,,167793.0,69.45,new
EUROTEXIND, EQ,2026-10-06,17.33,17.33,15.7,16.33,16.99,16.51,35577,594000.0,154,,19526.0,54.88,new
EVEREADY, EQ,2026-10-06,321.0,321.9,315.3,320.1,319.15,318.1,58694,18768000.0,1909,,39424.0,67.17,new
EVERESTIND, EQ,2026-10-06,470.0,524.0,465.0,515.95,513.0,478.15,52175,26274000.0,1310,,41400.0,79.35,new
EVIETF, EQ,2026-10-06,30.61,30.9,29.97,30.28,30.4,30.01,225495,6817000.0,580,,146329.0,64.89,new
EVINDIA, EQ,2026-10-06,30.0,30.34,29.98,30.28,30.34,30.04,80305,2428000.0,1276,,60823.0,75.74,new
EXCELINDUS, EQ,2026-10-06,920.1,928.4,910.55,924.1,927.0,912.95,6357,5858000.0,616,,3206.0,50.43,new
EXCELLENT, ST,2026-10-06,185.5,185.5,185.5,185.5,185.5,194.9,1600,297000.0,1,,1600.0,100.0,new
EXCELSOFT, EQ,2026-10-06,80.09,83.34,79.82,82.1,82.11,80.0,419250,34341000.0,4501,,143964.0,34.34,new
EXICOM, EQ,2026-10-06,150.7,157.75,150.7,156.17,157.05,150.77,535223,82995000.0,7763,,217786.0,40.69,new
EXIDEIND, EQ,2026-10-06,405.2,410.4,403.75,405.75,406.2,405.25,1097415,446489000.00000006,35111,,568176.0,51.77,new
EXIMROUTES, SM,2026-10-06,87.4,87.4,87.4,87.4,87.4,87.0,800,70000.0,1,,800.0,100.0,new
EXPLEOSOL, EQ,2026-10-06,868.7,888.0,867.0,878.85,881.0,863.45,18786,16516000.0,1681,,10739.0,57.16,new
EXXARO, EQ,2026-10-06,6.24,6.69,6.07,6.14,6.13,6.05,765535,4871000.0,1038,,244749.0,31.97,new
FABTECH, EQ,2026-10-06,143.4,143.4,140.0,141.04,142.16,141.87,40571,5721000.0,871,,25538.0,62.95,new
FACT, EQ,2026-10-06,739.9,765.0,732.05,759.0,762.5,731.75,131471,98671000.0,9470,,32721.0,24.89,new
FAIRCHEMOR, EQ,2026-10-06,682.0,703.8,667.5,679.3,671.0,682.25,131897,90614000.0,3745,,62323.0,47.25,new
FASCINATE, SM,2026-10-06,81.45,81.45,81.45,81.45,81.45,77.6,74400,6060000.0,50,,62400.0,83.87,new
FAZE3Q, EQ,2026-10-06,420.0,450.0,420.0,445.75,446.25,425.0,35186,15488000.0,1558,,21043.0,59.81,new
FCL, EQ,2026-10-06,54.08,59.43,54.08,59.2,59.06,54.03,41395324,2418689000.0,82974,,13456583.0,32.51,new
FCSSOFT, EQ,2026-10-06,1.38,1.42,1.38,1.41,1.42,1.38,2086137,2915000.0,1146,,864206.0,41.43,new
FDC, EQ,2026-10-06,333.8,338.0,332.05,333.65,333.2,331.3,113050,37812000.0,7717,,65822.0,58.22,new
FEDDERSHOL, EQ,2026-10-06,64.23,75.99,63.05,64.25,64.5,64.23,46653683,3206260000.0,171479,,3773257.0,8.09,new
FEDERALBNK, EQ,2026-10-06,328.1,329.55,319.25,320.0,320.0,327.35,4338051,1399192000.0,65414,,2509948.0,57.86,new
FEDFINA, EQ,2026-10-06,149.65,151.94,149.5,150.72,151.2,149.64,530026,80029000.0,10187,,289543.0,54.63,new
FEL, BZ,2026-10-06,0.39,0.39,0.37,0.37,0.37,0.38,477406,178000.0,139,,,,new
FELDVR, BZ,2026-10-06,2.06,2.06,1.94,1.96,1.94,2.04,2976,6000.0,18,,,,new
FELIX, SM,2026-10-06,188.0,199.0,188.0,194.4,194.4,187.9,26500,5109000.0,42,,14000.0,52.83,new
FERMENTA, EQ,2026-10-06,558.0,582.65,552.0,569.45,567.3,557.45,672393,384220000.0,19248,,171448.0,25.5,new
FIBERWEB, EQ,2026-10-06,26.2,27.17,25.38,26.47,26.85,26.19,11945,311000.0,166,,7378.0,61.77,new
FIDEL, SM,2026-10-06,178.0,178.9,176.0,177.6,177.6,176.0,22000,3908000.0,14,,16000.0,72.73,new
FIEMIND, EQ,2026-10-06,1774.2,1799.9,1760.0,1779.5,1790.0,1763.1,45396,80902000.0,6582,,27863.0,61.38,new
FILATEX, EQ,2026-10-06,103.89,112.8,103.89,111.36,111.72,103.89,4466335,488792000.0,34181,,1863678.0,41.73,new
FILATFASH, EQ,2026-10-06,0.18,0.19,0.18,0.18,0.19,0.18,14862657,2730000.0,1292,,8950601.0,60.22,new
FINBUD, SM,2026-10-06,119.0,121.0,118.0,118.0,118.0,119.45,14000,1671000.0,8,,11000.0,78.57,new
FINCABLES, EQ,2026-10-06,1467.3,1495.5,1444.0,1474.0,1471.8,1467.3,537623,790141000.0,42001,,235655.0,43.83,new
FINEORG, EQ,2026-10-06,5208.0,5590.0,5208.0,5537.0,5540.0,5210.0,79818,435222000.0,17588,,29117.0,36.48,new
FINIETF, EQ,2026-10-06,30.12,30.75,30.12,30.43,30.75,30.12,243361,7391000.0,1000,,113964.0,46.83,new
FINKURVE, EQ,2026-10-06,68.55,69.87,68.55,69.31,69.3,68.51,7535,522000.0,280,,5610.0,74.45,new
FINOPB, EQ,2026-10-06,130.0,130.8,127.88,128.29,127.99,128.5,71195,9146000.0,1374,,28727.0,40.35,new
FINPIPE, EQ,2026-10-06,149.31,155.0,149.31,154.72,154.89,149.31,489277,74820000.0,13792,,255540.0,52.23,new
FIRSTCRY, EQ,2026-10-06,174.0,178.85,172.62,177.57,177.75,172.0,2105882,371928000.0,20659,,714175.0,33.91,new
FISCHER, EQ,2026-10-06,33.0,33.39,32.41,33.14,33.27,32.8,169925,5617000.0,980,,95428.0,56.16,new
FIVESTAR, EQ,2026-10-06,519.1,529.0,510.35,514.35,513.65,519.1,567661,293864000.0,32433,,331855.0,58.46,new
FLAIR, EQ,2026-10-06,229.0,229.0,225.2,227.84,228.05,226.43,34809,7892000.0,1315,,14882.0,42.75,new
FLEXIADD, EQ,2026-10-06,9.45,9.7,9.41,9.5,9.55,9.41,218189,2066000.0,311,,171145.0,78.44,new
FLEXITUFF, BE,2026-10-06,3.13,3.13,3.13,3.13,3.13,3.07,5199,16000.0,15,,,,new
FLFL, BZ,2026-10-06,1.01,1.06,1.01,1.02,1.03,1.06,93999,96000.0,134,,,,new
FLUOROCHEM, EQ,2026-10-06,4458.2,4646.9,4430.2,4577.2,4580.0,4429.8,181004,829632000.0,36618,,79009.0,43.65,new
FLYSBS, SM,2026-10-06,637.95,657.95,626.9,648.4,650.0,626.05,69400,44988000.0,249,,41800.0,60.23,new
FMCGADD, EQ,2026-10-06,44.91,45.35,44.76,45.27,45.35,44.71,3874,175000.0,45,,1851.0,47.78,new
FMCGIETF, EQ,2026-10-06,48.86,48.86,47.72,48.39,48.44,47.67,707110,34045000.0,2707,,428720.0,60.63,new
FMGOETZE, EQ,2026-10-06,440.9,451.5,440.9,448.5,448.0,440.9,84880,37960000.0,5401,,37151.0,43.77,new
FMNL, EQ,2026-10-06,8.14,8.21,7.8,7.96,7.96,7.98,45775,365000.0,168,,36438.0,79.6,new
FOCUS, EQ,2026-10-06,56.5,57.0,55.02,55.95,56.0,54.8,16468,925000.0,194,,12672.0,76.95,new
FONEBOX, ST,2026-10-06,125.05,128.0,123.85,127.5,128.0,130.35,13000,1629000.0,13,,13000.0,100.0,new
FOODSIN, EQ,2026-10-06,50.0,51.64,49.5,50.78,50.25,49.68,110532,5554000.0,1008,,90391.0,81.78,new
FORCAS, ST,2026-10-06,233.75,233.75,233.7,233.7,233.7,245.95,8000,1870000.0,5,,8000.0,100.0,new
FORCEMOT, EQ,2026-10-06,16650.0,17110.0,16608.0,17110.0,17110.0,16650.0,65477,1108615000.0,17703,,25241.0,38.55,new
FORGEAUTO, SM,2026-10-06,103.0,103.0,99.45,99.45,99.45,99.05,3600,363000.0,3,,3600.0,100.0,new
FORTIS, EQ,2026-10-06,770.0,770.2,756.3,764.0,764.0,763.8,1246982,950029999.9999999,37655,,654587.0,52.49,new
FOSECOIND, EQ,2026-10-06,6366.5,6463.5,6271.0,6440.0,6421.5,6300.5,10288,65999000.0,4286,,5229.0,50.83,new
FRACTAL, EQ,2026-10-06,725.05,745.5,722.0,742.15,742.0,725.05,447908,327500000.0,13541,,350662.0,78.29,new
FREDUN, EQ,2026-10-06,1356.0,1424.9,1356.0,1406.7,1414.0,1363.2,82965,116006000.0,6101,,42562.0,51.3,new
FRESHARA, ST,2026-10-06,386.05,395.0,386.05,391.3,387.0,398.95,18600,7245999.999999999,31,,17400.0,93.55,new
FROG, SM,2026-10-06,260.0,262.0,251.55,255.0,255.0,258.6,21600,5567000.0,46,,17600.0,81.48,new
FRONTSP, EQ,2026-10-06,1387.4,1418.0,1385.0,1392.5,1395.7,1387.4,12486,17440000.0,1342,,7439.0,59.58,new
FSL, EQ,2026-10-06,258.65,262.0,256.55,260.25,259.95,257.4,666701,172903000.0,16854,,260625.0,39.09,new
FUSION, EQ,2026-10-06,168.54,172.91,167.99,169.0,168.8,167.63,263346,44830000.0,7012,,132079.0,50.15,new
FWSTC, SM,2026-10-06,195.1,195.1,191.0,191.0,191.0,201.0,1800,349000.0,3,,1200.0,66.67,new
GABRIEL, EQ,2026-10-06,1321.6,1359.9,1314.5,1352.9,1342.0,1303.6,205619,275681000.0,25857,,67202.0,32.68,new
GAEL, EQ,2026-10-06,158.47,163.5,157.51,162.81,162.1,158.28,557617,90143000.0,14345,,253821.0,45.52,new
GAIL, EQ,2026-10-06,168.4,172.08,167.04,172.08,172.08,167.5,6945149,1182454000.0,48663,,4300740.0,61.92,new
GAJA, EQ,2026-10-06,135.12,142.95,135.12,141.71,141.98,135.87,724573,101667000.0,10481,,162653.0,22.45,new
GALAPREC, EQ,2026-10-06,1160.0,1170.9,1152.1,1161.0,1163.9,1160.1,11857,13752000.000000002,1738,,6020.0,50.77,new
GALAXYSURF, EQ,2026-10-06,2346.5,2448.0,2346.5,2442.4,2429.6,2335.0,99858,241946999.99999997,13767,,57481.0,57.56,new
GALLANTT, EQ,2026-10-06,532.4,541.9,522.5,530.05,528.0,522.9,65236,34760000.0,3996,,23200.0,35.56,new
GANDHAR, EQ,2026-10-06,280.35,284.7,278.05,282.5,282.0,278.55,417903,117706000.0,8149,,217627.0,52.08,new
GANDHITUBE, EQ,2026-10-06,997.95,998.15,972.0,981.5,985.0,993.7,6439,6314000.0,678,,3260.0,50.63,new
GANECOS, EQ,2026-10-06,966.6,995.0,963.6,990.1,995.0,966.6,31822,31399000.0,2566,,13383.0,42.06,new
GANESHBE, BE,2026-10-06,112.28,112.28,112.28,112.28,112.28,118.18,614880,69039000.0,255,,,,new
GANESHCP, EQ,2026-10-06,149.13,150.49,144.75,145.47,144.77,147.51,220535,32295999.999999996,3460,,151314.0,68.61,new
GANESHHOU, EQ,2026-10-06,700.0,720.75,700.0,713.65,720.0,701.85,24071,17184000.0,1628,,14239.0,59.15,new
GANESHIN, SM,2026-10-06,87.05,88.0,84.25,87.05,86.9,86.1,57600,4922000.0,51,,40800.0,70.83,new
GANGABATH, SM,2026-10-06,20.55,21.2,20.3,20.3,20.3,21.3,18000,373000.0,6,,18000.0,100.0,new
GANGAFORGE, EQ,2026-10-06,1.51,1.53,1.46,1.52,1.53,1.46,2034924,3091000.0,978,,1443530.0,70.94,new
GANGESSECU, EQ,2026-10-06,112.78,116.99,112.77,115.82,116.0,112.86,3461,401000.0,33,,3263.0,94.28,new
GARFIBRES, EQ,2026-10-06,770.6,777.35,755.0,770.05,769.95,770.6,33904,25926000.0,7954,,18246.0,53.82,new
GARUDA, EQ,2026-10-06,171.5,174.5,171.3,173.36,173.35,171.1,197928,34213000.0,3259,,76367.0,38.58,new
GATECH, BE,2026-10-06,0.69,0.7,0.65,0.65,0.66,0.68,14069480,9473000.0,4077,,,,new
GATECHDVR, BE,2026-10-06,0.48,0.48,0.46,0.47,0.48,0.47,186706,89000.0,147,,,,new
GATEWAY, EQ,2026-10-06,51.49,52.2,50.8,50.91,50.92,51.49,1670348,85666000.0,8587,,1132720.0,67.81,new
GAUDIUMIVF, EQ,2026-10-06,105.89,110.39,103.51,109.28,110.1,103.25,320982,34494000.0,5079,,134034.0,41.76,new
GAYAHWS, EQ,2026-10-06,1.72,1.79,1.69,1.78,1.79,1.72,130336,227999.99999999997,227,,103443.0,79.37,new
GAYAPROJ, EQ,2026-10-06,21.78,21.85,20.59,21.46,21.5,21.45,696467,14811000.000000002,3174,,344184.0,49.42,new
GCHOTELS, SM,2026-10-06,119.2,119.2,111.0,113.05,113.0,118.0,28200,3247000.0,43,,16200.0,57.45,new
GCSL, EQ,2026-10-06,685.0,696.25,685.0,693.05,692.0,681.75,225480,156207000.0,3809,,70762.0,31.38,new
GEECEE, EQ,2026-10-06,366.0,379.5,366.0,369.6,366.25,365.9,1547,576000.0,83,,985.0,63.67,new
GEEKAYWIRE, EQ,2026-10-06,31.7,33.98,31.57,32.72,33.0,31.42,260564,8569000.0,1527,,142307.0,54.61,new
GEMAROMA, EQ,2026-10-06,154.99,154.99,149.49,152.23,150.7,152.61,69256,10510000.0,1398,,45000.0,64.98,new
GENCON, EQ,2026-10-06,38.73,39.2,37.55,37.78,37.98,38.73,862741,33038000.0,1128,,544749.0,63.14,new
GENESYS, EQ,2026-10-06,288.4,304.1,285.1,301.05,298.65,287.4,941604,279265000.0,21481,,305060.0,32.4,new
GENSOL, BZ,2026-10-06,13.13,13.18,12.35,12.35,12.35,13.0,313864,3901000.0,1237,,,,new
GENUSPAPER, EQ,2026-10-06,10.5,10.95,10.25,10.57,10.66,10.36,63755,677000.0,383,,46035.0,72.21,new
GENUSPOWER, EQ,2026-10-06,281.05,309.7,280.25,307.2,308.5,280.25,3898293,1171300000.0,58362,,1615828.0,41.45,new
GENXAI, SM,2026-10-06,82.0,83.05,78.0,80.8,81.0,83.2,36000,2919000.0,30,,27600.0,76.67,new
GEOJITFSL, EQ,2026-10-06,77.39,79.0,76.51,78.68,79.0,76.59,287810,22463000.0,4869,,152922.0,53.13,new
GERMAN, EQ,2026-10-06,129.62,131.0,117.4,118.12,118.01,128.33,4202220,516439999.99999994,50309,,1297791.0,30.88,new
GESHIP, EQ,2026-10-06,1565.0,1565.1,1523.4,1532.6,1533.8,1559.3,740133,1134664000.0,33020,,407191.0,55.02,new
GFLLIMITED, EQ,2026-10-06,55.0,56.25,54.71,55.86,56.0,54.89,41479,2309000.0,1058,,28175.0,67.93,new
GFSTEELS, BE,2026-10-06,39.83,39.83,39.83,39.83,39.83,39.05,47277,1882999.9999999998,37,,,,new
GGBL, SM,2026-10-06,218.0,220.0,213.55,214.45,214.65,218.0,16200,3494000.0,49,,12000.0,74.07,new
GHCL, EQ,2026-10-06,402.0,415.0,400.0,408.85,410.1,402.0,104349,42374000.0,5212,,55878.0,53.55,new
GHCLTEXTIL, EQ,2026-10-06,129.53,132.0,128.25,131.58,131.68,129.53,280004,36559000.0,10562,,129052.0,46.09,new
GICHSGFIN, EQ,2026-10-06,134.28,136.8,132.43,134.48,136.8,132.32,150050,20026000.0,1031,,126632.0,84.39,new
GICL, BE,2026-10-06,21.17,21.9,20.3,21.05,21.4,21.26,81380,1689999.9999999998,163,,,,new
GICRE, EQ,2026-10-06,318.6,321.55,313.5,314.25,314.5,319.1,745898,235815000.0,24998,,363842.0,48.78,new
GILLANDERS, EQ,2026-10-06,119.8,119.8,111.3,111.77,111.61,115.73,16537,1873000.0,437,,6877.0,41.59,new
GILLETTE, EQ,2026-10-06,6995.5,7114.5,6909.5,7057.0,7075.0,6979.0,17258,121351000.0,4538,,10468.0,60.66,new
GILT10BETA, EQ,2026-10-06,26.45,26.45,26.14,26.45,26.45,26.59,163,4000.0,10,,140.0,85.89,new
GILT5BETA, EQ,2026-10-06,66.2,66.39,66.0,66.0,66.0,66.2,2532,168000.0,24,,1663.0,65.68,new
GILT5YBEES, EQ,2026-10-06,65.42,65.69,65.42,65.54,65.61,65.63,227991,14947999.999999998,609,,154667.0,67.84,new
GINNIFILA, BE,2026-10-06,39.15,41.0,39.15,40.96,40.98,39.8,26290,1068000.0,66,,,,new
GIPCL, EQ,2026-10-06,176.69,179.39,173.05,174.06,174.5,176.62,420544,73659000.0,6856,,277919.0,66.09,new
GIRIRAJ, SM,2026-10-06,58.3,58.3,57.5,57.5,57.5,60.5,1500,87000.0,6,,1500.0,100.0,new
GJL, ST,2026-10-06,511.0,511.2,463.0,510.1,511.2,486.9,6400,3197000.0,8,,5600.0,87.5,new
GKB, EQ,2026-10-06,63.0,63.0,58.25,61.76,61.76,62.96,8922,544000.0,132,,6494.0,72.79,new
GKENERGY, EQ,2026-10-06,110.37,115.51,110.37,114.45,115.22,112.29,291340,33205000.0,3942,,143197.0,49.15,new
GKSL, EQ,2026-10-06,190.34,196.5,185.0,193.62,193.0,190.34,2244596,430679000.0,24333,,457157.0,20.37,new
GKWLIMITED, EQ,2026-10-06,1540.0,1568.9,1540.0,1545.4,1542.0,1549.5,6435,9974000.0,53,,6426.0,99.86,new
GLAND, EQ,2026-10-06,2921.1,3019.8,2898.1,3006.1,3005.0,2911.5,373873,1116254000.0,54777,,241406.0,64.57,new
GLASSWALL, EQ,2026-10-06,254.7,280.0,253.8,275.75,275.05,254.7,9294421,2498444000.0,96221,,1426920.0,15.35,new
GLAXO, EQ,2026-10-06,2738.8,2762.9,2707.0,2755.0,2740.6,2732.8,39214,107159999.99999999,12046,,19027.0,48.52,new
GLENMARK, EQ,2026-10-06,2312.2,2320.0,2277.3,2311.0,2311.0,2295.0,493823,1133330000.0,40035,,277080.0,56.11,new
GLFL, EQ,2026-10-06,5.17,5.43,5.0,5.39,5.42,5.22,1038,5000.0,15,,802.0,77.26,new
GLOBAL, EQ,2026-10-06,141.0,145.25,140.0,142.62,142.0,139.1,209802,30076000.0,3587,,107152.0,51.07,new
GLOBALE, EQ,2026-10-06,10.3,10.67,10.0,10.65,10.66,10.3,2796,30000.0,17,,2236.0,79.97,new
GLOBALPET, SM,2026-10-06,168.75,175.0,168.75,175.0,175.0,176.2,4500,778000.0,6,,3750.0,83.33,new
GLOBALVECT, EQ,2026-10-06,132.08,133.28,129.02,130.77,132.1,132.08,6016,789000.0,233,,2884.0,47.94,new
GLOBE, EQ,2026-10-06,2.07,2.14,2.01,2.08,2.1,2.07,449279,932000.0,311,,313733.0,69.83,new
GLOBECIVIL, EQ,2026-10-06,42.0,43.25,41.25,42.29,42.46,41.23,22554,956000.0,237,,15528.0,68.85,new
GLOBUSSPR, EQ,2026-10-06,794.9,819.0,789.85,812.7,808.6,789.85,73168,59054000.0,7197,,34270.0,46.84,new
GLOSTERLTD, EQ,2026-10-06,550.0,556.9,543.75,551.6,550.8,542.5,619,342000.0,40,,538.0,86.91,new
GLOTTIS, EQ,2026-10-06,57.99,58.9,57.04,58.34,58.2,56.72,37743,2190000.0,613,,29744.0,78.81,new
GMBREW, EQ,2026-10-06,947.9,985.0,945.0,981.35,980.0,947.9,66739,64802000.0,5178,,35619.0,53.37,new
GMDCLTD, EQ,2026-10-06,490.0,498.9,488.0,491.55,493.7,487.35,816501,402301000.0,23835,,303502.0,37.17,new
GMMPFAUDLR, EQ,2026-10-06,1381.0,1451.0,1380.9,1425.7,1425.8,1386.6,228112,326587000.0,17448,,135213.0,59.27,new
GMRAIRPORT, EQ,2026-10-06,93.0,93.97,92.47,93.06,93.06,92.79,13287023,1238862000.0,40570,,8569724.0,64.5,new
GMRP&UI, EQ,2026-10-06,102.05,105.16,101.06,102.23,101.91,100.85,2198701,227583000.0,24883,,778591.0,35.41,new
GNA, EQ,2026-10-06,589.8,619.85,578.55,615.8,612.55,585.05,895341,539498000.0,24835,,373483.0,41.71,new
GNFC, EQ,2026-10-06,589.0,633.6,587.1,629.5,628.4,586.3,2291498,1407938000.0,59898,,1045452.0,45.62,new
GNRL, EQ,2026-10-06,96.91,99.2,95.89,98.79,98.7,96.77,162237,15791999.999999998,1412,,112976.0,69.64,new
GOACARBON, EQ,2026-10-06,405.0,422.0,399.2,414.65,414.8,403.25,28864,11928000.0,1376,,14876.0,51.54,new
GOCLCORP, EQ,2026-10-06,347.0,375.0,347.0,372.45,373.6,347.7,141669,51791999.99999999,6511,,44053.0,31.1,new
GOCOLORS, EQ,2026-10-06,292.0,311.9,292.0,306.45,307.0,292.8,123956,37850000.0,6235,,58725.0,47.38,new
GODAVARIB, EQ,2026-10-06,225.01,231.5,224.73,228.57,229.39,224.91,54485,12437000.0,1853,,17259.0,31.68,new
GODFRYPHLP, EQ,2026-10-06,1900.0,1900.0,1872.6,1900.0,1900.0,1876.0,146492,276583000.0,12324,,60654.0,41.4,new
GODIGIT, EQ,2026-10-06,258.6,259.95,256.85,258.6,259.6,256.05,123612,31933999.999999996,8847,,64972.0,52.56,new
GODREJAGRO, EQ,2026-10-06,645.0,651.0,636.0,648.1,650.0,640.9,172003,110767000.0,15101,,80796.0,46.97,new
GODREJCP, EQ,2026-10-06,846.4,872.5,838.2,872.5,872.5,837.0,1398890,1199572000.0,34749,,488289.0,34.91,new
GODREJIND, EQ,2026-10-06,1037.9,1054.0,1022.5,1045.0,1049.0,1040.2,42487,44059000.0,7420,,17133.0,40.33,new
GODREJPROP, EQ,2026-10-06,1597.1,1620.0,1583.7,1610.0,1610.0,1599.9,371383,596892000.0,20884,,149094.0,40.15,new
GOKEX, EQ,2026-10-06,672.75,691.7,672.75,682.75,681.1,672.3,364832,248942999.99999997,14105,,244641.0,67.06,new
GOKUL, EQ,2026-10-06,37.9,38.9,37.9,38.78,38.89,37.81,172634,6669000.0,1907,,26339.0,15.26,new
GOKULAGRO, EQ,2026-10-06,211.89,213.0,206.22,210.95,211.41,205.27,274499,57679000.0,13540,,69971.0,25.49,new
GOLD1, EQ,2026-10-06,122.4,122.86,121.66,122.72,122.74,122.78,2150532,263087000.0,18557,,1114040.0,51.8,new
GOLD360, EQ,2026-10-06,143.4,143.65,142.15,143.25,142.8,143.45,6085,869999.9999999999,203,,3358.0,55.18,new
GOLDADD, EQ,2026-10-06,14.28,14.3,14.17,14.29,14.29,14.28,16128252,229701000.00000003,9643,,12147925.0,75.32,new
GOLDAXIS, EQ,2026-10-06,122.14,122.4,121.3,122.34,122.39,122.4,1062940,129469000.0,2643,,702718.0,66.11,new
GOLDBEES, EQ,2026-10-06,121.05,121.55,120.5,121.46,121.45,121.58,15580041,1884559000.0,91171,,7469854.0,47.95,new
GOLDBETA, EQ,2026-10-06,123.45,123.85,122.7,123.75,123.75,123.9,573104,70798000.0,2360,,480764.0,83.89,new
GOLDBND, EQ,2026-10-06,145.05,147.0,144.91,146.97,146.86,147.06,17655,2593000.0,129,,15738.0,89.14,new
GOLDCASE, EQ,2026-10-06,23.09,23.17,22.95,23.14,23.14,23.13,43919555,1011854000.0000001,15784,,33472697.0,76.21,new
GOLDENTOBC, BZ,2026-10-06,23.57,24.49,22.41,22.74,22.44,23.57,1251,28000.000000000004,93,,,,new
GOLDETF, EQ,2026-10-06,142.57,143.2,141.83,142.99,142.91,142.97,1471383,209992999.99999997,6889,,1056963.0,71.83,new
GOLDIAM, EQ,2026-10-06,310.2,321.3,310.2,317.5,318.5,310.0,319497,101147000.0,6077,,154462.0,48.35,new
GOLDIETF, EQ,2026-10-06,125.67,125.94,124.81,125.85,125.83,126.0,4880737,611842000.0,31869,,3566186.0,73.07,new
GOLDSTAR, SM,2026-10-06,11.65,11.65,11.65,11.65,11.65,12.25,67500,786000.0,5,,67500.0,100.0,new
GOLDTECH, BE,2026-10-06,42.07,42.99,42.07,42.07,42.07,42.92,17349,737000.0,62,,,,new
GOODLUCK, EQ,2026-10-06,482.75,495.2,482.75,491.3,491.5,482.0,222669,109338000.00000001,9079,,104162.0,46.78,new
GOODYEAR, EQ,2026-10-06,685.65,691.95,682.1,685.95,690.65,685.65,5035,3457000.0,723,,3336.0,66.26,new
GOPAL, EQ,2026-10-06,253.85,258.2,252.55,255.85,255.5,253.85,82025,20980000.0,5085,,40146.0,48.94,new
GOYALALUM, EQ,2026-10-06,5.95,5.98,5.75,5.91,5.9,5.95,34113,202000.0,253,,28226.0,82.74,new
GOYALSALT, SM,2026-10-06,102.0,102.0,102.0,102.0,102.0,102.0,1800,184000.0,3,,1800.0,100.0,new
GPECO, SM,2026-10-06,432.25,470.0,430.0,469.65,470.0,432.25,58400,26597000.000000004,207,,48600.0,83.22,new
GPIL, EQ,2026-10-06,212.9,220.85,211.77,218.98,218.5,211.32,2728607,592207000.0,45717,,1206551.0,44.22,new
GPPL, EQ,2026-10-06,168.43,171.0,166.69,168.21,168.0,167.6,1125256,189515000.0,13999,,597148.0,53.07,new
GPTHEALTH, EQ,2026-10-06,148.42,151.18,147.1,148.01,148.21,149.56,50028,7423999.999999999,1579,,33839.0,67.64,new
GPTINFRA, EQ,2026-10-06,120.38,122.29,120.0,121.62,120.75,120.38,148536,18055000.0,2051,,81677.0,54.99,new
GRADIENTE, BE,2026-10-06,2.47,2.59,2.36,2.57,2.59,2.47,795138,1998999.9999999998,318,,,,new
GRANDOAK, EQ,2026-10-06,36.5,36.98,34.66,36.17,35.32,35.93,1916,69000.0,86,,1022.0,53.34,new
GRANULES, EQ,2026-10-06,818.0,839.0,814.75,836.4,836.0,817.25,518092,431359000.0,42137,,292372.0,56.43,new
GRAPHISAD, SM,2026-10-06,24.3,24.5,24.3,24.4,24.3,23.8,3600,88000.0,3,,3600.0,100.0,new
GRAPHITE, EQ,2026-10-06,821.0,861.5,817.05,851.2,850.1,816.4,2456818,2079086000.0,62564,,917237.0,37.33,new
GRASIM, EQ,2026-10-06,2988.0,2988.7,2935.6,2969.0,2969.0,2972.0,359655,1064409000.0,23791,,193812.0,53.89,new
GRAUWEIL, EQ,2026-10-06,82.7,83.53,82.01,82.32,82.3,83.53,239964,19815000.0,2938,,150883.0,62.88,new
GRAVISSHO, BE,2026-10-06,31.75,32.0,30.75,30.76,32.0,31.67,3093,95000.0,14,,,,new
GRAVITA, EQ,2026-10-06,1432.9,1528.0,1428.5,1500.9,1500.0,1423.5,796225,1194892000.0,52949,,219775.0,27.6,new
GRCL, SM,2026-10-06,570.0,570.0,570.0,570.0,570.0,571.15,500,285000.0,2,,500.0,100.0,new
GREAVESCOT, EQ,2026-10-06,220.5,226.5,220.11,222.78,222.0,220.94,1018671,227573999.99999997,19164,,445904.0,43.77,new
GREENCHEF, SM,2026-10-06,67.5,69.95,67.5,68.85,69.95,69.95,3200,220000.00000000003,4,,2400.0,75.0,new
GREENLAM, EQ,2026-10-06,212.0,214.4,209.2,212.02,211.65,211.71,52267,11086000.0,1246,,41240.0,78.9,new
GREENLEAF, SM,2026-10-06,111.0,114.35,111.0,114.35,114.35,114.05,2000,225000.0,2,,2000.0,100.0,new
GREENPANEL, EQ,2026-10-06,159.01,160.7,157.42,159.92,160.0,159.06,281448,44957000.0,3288,,218448.0,77.62,new
GREENPLY, EQ,2026-10-06,309.8,316.9,305.1,315.3,312.5,308.45,196749,61382000.00000001,5834,,99904.0,50.78,new
GREENPOWER, EQ,2026-10-06,8.65,8.8,8.65,8.74,8.79,8.66,1136066,9918000.0,2997,,656992.0,57.83,new
GRINDWELL, EQ,2026-10-06,2023.1,2066.5,1992.0,2033.1,2029.1,2004.2,40139,81294000.0,11722,,20077.0,50.02,new
GRINFRA, EQ,2026-10-06,793.45,824.5,788.7,815.0,815.0,789.45,19600,15780000.000000002,1685,,11995.0,61.2,new
GRMOVER, EQ,2026-10-06,79.0,79.79,78.49,79.04,79.15,78.5,1056604,83583000.0,3275,,118865.0,11.25,new
GROBTEA, EQ,2026-10-06,872.8,900.0,872.8,873.95,873.9,872.8,107,95000.0,28,,68.0,63.55,new
GROWW, EQ,2026-10-06,188.0,194.5,187.57,193.19,193.05,187.05,41408393,7970727000.0,206004,,23617089.0,57.03,new
GROWWCAPM, EQ,2026-10-06,11.1,11.19,10.87,11.15,11.06,10.88,853914,9427000.0,972,,694591.0,81.34,new
GROWWCHEM, EQ,2026-10-06,28.49,28.74,28.19,28.53,28.74,28.24,9548,271000.0,148,,5698.0,59.68,new
GROWWDEFNC, EQ,2026-10-06,92.79,94.21,91.21,93.91,94.16,91.87,193774,17987000.0,2106,,87841.0,45.33,new
GROWWEV, EQ,2026-10-06,30.22,30.59,29.89,30.33,30.3,30.07,202152,6109000.0,1428,,144088.0,71.28,new
GROWWGOLD, EQ,2026-10-06,14.33,14.38,14.24,14.35,14.37,14.35,2322289,33202000.0,3730,,1317861.0,56.75,new
GROWWHOSPI, EQ,2026-10-06,47.88,47.88,46.24,46.66,46.95,46.99,464735,21599000.0,2421,,335382.0,72.17,new
GROWWLIQID, EQ,2026-10-06,111.03,111.04,111.03,111.03,111.04,111.02,91752,10188000.0,161,,53185.0,57.97,new
GROWWLOVOL, EQ,2026-10-06,9.78,9.99,9.7,9.89,9.99,9.79,7534,74000.0,83,,4137.0,54.91,new
GROWWMC150, EQ,2026-10-06,219.58,220.92,218.27,220.9,220.9,218.98,1058,233000.0,20,,854.0,80.72,new
GROWWMETAL, EQ,2026-10-06,11.6,12.11,11.6,11.97,12.0,11.9,150772,1813000.0,942,,71389.0,47.35,new
GROWWMOM50, EQ,2026-10-06,10.6,10.76,10.5,10.72,10.76,10.5,68984,737000.0,405,,56833.0,82.39,new
GROWWN200, EQ,2026-10-06,10.71,10.83,10.55,10.76,10.82,10.66,20480,220000.00000000003,211,,10216.0,49.88,new
GROWWNET, EQ,2026-10-06,10.05,10.32,9.98,10.26,10.28,10.0,549310,5579000.0,627,,424715.0,77.32,new
GROWWNIFTY, EQ,2026-10-06,9.32,9.32,9.11,9.22,9.29,9.17,468342,4304000.0,3465,,294238.0,62.83,new
GROWWNXT50, EQ,2026-10-06,70.6,71.48,69.3,70.73,70.08,70.68,4191,295000.0,106,,1868.0,44.57,new
GROWWPOWER, EQ,2026-10-06,10.93,11.03,10.83,11.01,11.03,10.84,1358202,14913999.999999998,1877,,925962.0,68.18,new
GROWWPSE, EQ,2026-10-06,91.89,94.98,91.89,94.5,94.5,93.77,1453,137000.0,142,,890.0,61.25,new
GROWWPSUBK, EQ,2026-10-06,81.48,81.64,79.25,80.43,80.5,80.35,3904,313000.0,130,,2369.0,60.68,new
GROWWRAIL, EQ,2026-10-06,26.21,26.33,25.94,26.05,26.16,26.08,357632,9347000.0,1800,,139910.0,39.12,new
GROWWRLTY, EQ,2026-10-06,9.44,9.64,9.32,9.45,9.61,9.48,219880,2069000.0000000002,451,,125501.0,57.08,new
GROWWSC250, EQ,2026-10-06,10.43,10.43,10.11,10.38,10.37,10.18,191013,1975000.0,479,,173951.0,91.07,new
GROWWSLVR, EQ,2026-10-06,21.53,21.61,21.37,21.59,21.61,21.71,958820,20602000.0,2349,,483159.0,50.39,new
GRPLTD, EQ,2026-10-06,1877.2,1909.1,1850.0,1853.0,1851.0,1868.9,754,1406000.0,139,,510.0,67.64,new
GRSE, EQ,2026-10-06,2120.0,2143.6,2109.1,2137.3,2138.7,2110.4,287612,612653000.0,23860,,126739.0,44.07,new
GRWRHITECH, EQ,2026-10-06,6800.0,7129.5,6771.0,7102.5,7075.0,6725.5,91391,639729000.0,22499,,51388.0,56.23,new
GSEC10ABSL, EQ,2026-10-06,111.22,111.22,111.22,111.22,111.22,111.29,90,10000.0,2,,90.0,100.0,new
GSEC10ADD, EQ,2026-10-06,26.5,26.5,26.5,26.5,26.5,26.15,2014,53000.0,3,,2014.0,100.0,new
GSEC10IETF, EQ,2026-10-06,261.5,262.22,259.1,259.19,262.22,260.0,4361,1138000.0,7,,2290.0,52.51,new
GSEC10YEAR, EQ,2026-10-06,30.33,30.33,29.73,29.79,29.73,30.18,4454,133000.0,32,,1801.0,40.44,new
GSEC5IETF, EQ,2026-10-06,66.04,66.19,65.28,65.64,65.28,65.39,20748,1366000.0,42,,10348.0,49.87,new
GSFC, EQ,2026-10-06,148.0,153.95,148.0,153.47,153.4,147.26,963097,145897000.0,15432,,449893.0,46.71,new
GSLSU, EQ,2026-10-06,29.83,29.99,28.01,28.89,29.5,29.2,37399,1079000.0,306,,27509.0,73.56,new
GSMFOILS, SM,2026-10-06,72.15,72.45,69.05,70.15,70.3,72.15,171000,12090000.0,246,,112500.0,65.79,new
GSPCROP, EQ,2026-10-06,455.05,484.0,452.85,476.65,473.2,457.4,250131,116270000.0,3263,,22572.0,9.02,new
GSPLTRANS, BE,2026-10-06,123.82,123.82,123.82,123.82,123.82,130.33,592716,73390000.0,1061,,,,new
GSS, EQ,2026-10-06,10.3,10.49,10.11,10.13,10.17,10.3,14564,150000.0,129,,10310.0,70.79,new
GSTL, SM,2026-10-06,10.45,10.95,9.95,10.95,10.95,10.45,11000,115999.99999999999,10,,9000.0,81.82,new
GTECJAINX, EQ,2026-10-06,39.55,39.55,35.79,36.19,36.12,37.67,60594,2326000.0,265,,46751.0,77.15,new
GTL, EQ,2026-10-06,6.76,6.9,6.75,6.86,6.87,6.75,222012,1517000.0,513,,154288.0,69.5,new
GTLINFRA, EQ,2026-10-06,1.06,1.1,1.05,1.09,1.1,1.06,24823552,26661000.0,10952,,14443400.0,58.18,new
GTPL, EQ,2026-10-06,54.47,55.48,54.47,54.68,54.55,54.47,16120,883000.0,337,,13303.0,82.52,new
GUFICBIO, EQ,2026-10-06,419.7,432.4,414.8,427.8,428.35,419.7,68074,28906000.0,3494,,31693.0,46.56,new
GUJALKALI, EQ,2026-10-06,609.5,620.6,602.55,613.1,611.75,606.45,44900,27439000.0,4269,,12668.0,28.21,new
GUJAPOLLO, EQ,2026-10-06,341.0,349.5,336.55,346.7,349.45,340.45,12346,4245000.0,1266,,4551.0,36.86,new
GUJENERGY, EQ,2026-10-06,231.91,234.66,229.0,229.97,229.7,232.15,4815989,1109863000.0,37592,,3690943.0,76.64,new
GUJRAFFIA, EQ,2026-10-06,39.6,42.38,39.6,41.86,42.06,39.5,5526,227999.99999999997,186,,4457.0,80.66,new
GUJTHEM, EQ,2026-10-06,372.05,393.15,372.05,390.0,386.5,373.6,224486,85989000.0,5537,,115888.0,51.62,new
GULFOILLUB, EQ,2026-10-06,1070.0,1095.0,1070.0,1087.9,1087.0,1068.7,22705,24636000.0,4158,,10714.0,47.19,new
GULFPETRO, BE,2026-10-06,61.75,63.45,60.0,62.52,62.0,62.1,80476,4978000.0,322,,,,new
GULPOLY, EQ,2026-10-06,160.7,168.9,160.69,167.92,167.01,160.84,117697,19463000.0,3270,,47926.0,40.72,new
GURUNANAK, SM,2026-10-06,34.25,34.25,34.25,34.25,34.25,33.0,1600,55000.00000000001,1,,1600.0,100.0,new
GVKPIL, BE,2026-10-06,2.42,2.42,2.42,2.42,2.42,2.46,234688,568000.0,391,,,,new
GVPIL, EQ,2026-10-06,718.0,739.0,700.0,734.85,733.8,704.35,421992,305425000.0,16270,,201992.0,47.87,new
GVPTECH, BE,2026-10-06,7.52,7.73,7.15,7.31,7.3,7.52,27384,202000.0,162,,,,new
GVT&D, EQ,2026-10-06,4242.0,4285.7,4228.4,4245.1,4245.1,4247.5,614818,2615171000.0,37978,,324477.0,52.78,new
GYFTR, EQ,2026-10-06,157.86,175.1,157.86,169.3,169.85,156.11,1294182,217571000.0,11741,,671819.0,51.91,new
HAL, EQ,2026-10-06,4680.0,4837.1,4680.0,4816.0,4816.0,4680.0,935720,4476120000.0,71654,,528676.0,56.5,new
HALDER, EQ,2026-10-06,258.12,266.0,255.23,263.84,260.5,258.03,2684,703000.0,211,,2289.0,85.28,new
HALDYNGL, EQ,2026-10-06,144.95,144.95,140.3,142.27,142.5,142.85,43552,6193000.0,987,,28406.0,65.22,new
HALEOSLABS, EQ,2026-10-06,1560.0,1596.9,1560.0,1587.8,1588.8,1549.2,782,1236000.0,162,,671.0,85.81,new
HAMPTON, EQ,2026-10-06,8.4,8.4,7.87,8.09,8.1,8.0,3587,28999.999999999996,40,,2631.0,73.35,new
HAPPSTMNDS, EQ,2026-10-06,305.05,306.7,302.05,303.35,304.5,304.2,276347,83953000.0,7893,,142372.0,51.52,new
HAPPY, SM,2026-10-06,75.95,80.1,75.95,80.1,80.1,75.95,14000,1099000.0,7,,12000.0,85.71,new
HAPPYFORGE, EQ,2026-10-06,2040.0,2040.0,1950.0,1989.4,2000.0,2013.2,185386,367035000.0,30897,,118412.0,63.87,new
HARDWYN, EQ,2026-10-06,9.41,9.99,9.11,9.22,9.31,9.34,826036,7720000.0,1390,,513209.0,62.13,new
HARIOMPIPE, EQ,2026-10-06,328.0,339.95,325.0,336.5,337.0,324.6,78836,26277999.999999996,3691,,33248.0,42.17,new
HARRMALAYA, EQ,2026-10-06,178.5,178.5,172.7,175.08,175.55,173.0,8051,1406000.0,172,,6362.0,79.02,new
HARSHA, EQ,2026-10-06,465.8,468.9,460.25,464.65,465.25,462.3,78390,36379000.0,3705,,44435.0,56.68,new
HATHWAY, EQ,2026-10-06,9.37,10.0,9.37,9.8,9.85,9.4,2497478,24078000.0,2866,,1011864.0,40.52,new
HATSUN, EQ,2026-10-06,1143.5,1175.0,1137.3,1150.0,1150.0,1143.5,24484,28308000.0,2962,,9381.0,38.31,new
HAVELLS, EQ,2026-10-06,1050.0,1057.0,1039.6,1057.0,1057.0,1046.7,946495,992791000.0,27274,,536511.0,56.68,new
HAVISHA, EQ,2026-10-06,1.36,1.52,1.26,1.36,1.4,1.4,74614,103000.0,154,,39232.0,52.58,new
HAWKINCOOK, EQ,2026-10-06,8053.0,8099.0,7961.5,8009.5,8015.0,7977.0,831,6661000.0,484,,424.0,51.02,new
HAZOOR, EQ,2026-10-06,18.11,18.3,17.57,18.0,18.0,17.75,2456480,43792000.0,3491,,2256349.0,91.85,new
HBESD, EQ,2026-10-06,86.0,90.97,73.99,75.03,75.3,78.13,180036,14861000.000000002,2615,,33739.0,18.74,new
HBLENGINE, EQ,2026-10-06,767.0,771.2,762.0,764.3,764.0,763.6,620183,474335000.00000006,21548,,265947.0,42.88,new
HBPOR, EQ,2026-10-06,59.45,62.89,59.08,59.27,59.27,61.3,196,12000.0,15,,185.0,94.39,new
HBSL, EQ,2026-10-06,56.0,58.4,55.82,57.91,57.9,55.82,4061,231999.99999999997,93,,3758.0,92.54,new
HCC, EQ,2026-10-06,20.06,20.56,20.06,20.26,20.28,20.0,11477346,232771999.99999997,20386,,5429104.0,47.3,new
HCG, EQ,2026-10-06,678.5,683.8,652.8,680.55,680.9,669.05,115342,77160000.0,15875,,59043.0,51.19,new
HCL-INSYS, EQ,2026-10-06,9.92,10.49,9.92,10.15,10.08,10.0,148330,1499000.0,558,,96749.0,65.23,new
HCLTECH, EQ,2026-10-06,1202.0,1208.9,1188.2,1204.4,1204.4,1201.9,2002132,2394942000.0,71236,,1011432.0,50.52,new
HDBFS, EQ,2026-10-06,626.0,629.0,613.05,616.75,618.3,622.55,943452,582816000.0,28552,,680445.0,72.12,new
HDFCAMC, EQ,2026-10-06,2359.0,2366.9,2336.1,2352.4,2352.4,2346.0,885381,2085868999.9999998,48283,,595166.0,67.22,new
HDFCBANK, EQ,2026-10-06,705.6,714.7,701.0,711.45,711.45,704.8,26568270,18851409000.0,212931,,13533664.0,50.94,new
HDFCBSE500, EQ,2026-10-06,35.66,35.75,35.38,35.71,35.65,35.48,1003242,35787000.0,279,,812741.0,81.01,new
HDFCGOLD, EQ,2026-10-06,125.3,125.72,124.57,125.61,125.6,125.72,3814587,478230000.0,10460,,2568252.0,67.33,new
HDFCGROWTH, EQ,2026-10-06,109.08,111.65,109.08,109.72,110.23,109.95,15007,1645000.0,152,,5295.0,35.28,new
HDFCLIFE, EQ,2026-10-06,533.45,551.4,528.05,543.95,543.95,531.0,8334621,4537279000.0,72150,,4618033.0,55.41,new
HDFCLIQUID, EQ,2026-10-06,1080.77,1080.92,1080.61,1080.91,1080.92,1080.77,46756,50539000.0,66,,36054.0,77.11,new
HDFCLOWVOL, EQ,2026-10-06,19.15,19.43,19.15,19.35,19.24,19.16,1418,27000.0,55,,565.0,39.84,new
HDFCMID150, EQ,2026-10-06,22.5,22.77,22.0,22.2,22.25,22.22,272593,6048000.0,1294,,171014.0,62.74,new
HDFCMOMENT, EQ,2026-10-06,29.96,30.25,29.71,30.13,30.14,29.71,173732,5223000.0,453,,123565.0,71.12,new
HDFCNEXT50, EQ,2026-10-06,71.22,71.65,70.61,71.54,71.59,70.81,79683,5682000.0,530,,49526.0,62.15,new
HDFCNIF100, EQ,2026-10-06,24.46,24.74,24.45,24.62,24.74,24.46,31920,784000.0,233,,19685.0,61.67,new
HDFCNIFBAN, EQ,2026-10-06,56.19,56.88,56.19,56.61,56.6,56.23,80567,4561000.0,315,,60284.0,74.82,new
HDFCNIFIT, EQ,2026-10-06,30.15,30.31,29.81,29.94,30.1,30.15,118523,3554000.0,296,,36387.0,30.7,new
HDFCNIFTY, EQ,2026-10-06,254.91,257.58,254.29,256.42,256.0,254.91,1368678,350250000.0,1289,,1119644.0,81.8,new
HDFCNIMEG, EQ,2026-10-06,125.61,126.38,125.16,125.71,125.16,124.97,100633,12658000.0,53,,91855.0,91.28,new
HDFCPSUBK, EQ,2026-10-06,81.06,82.05,80.5,80.82,81.29,81.09,28643,2319000.0,210,,12322.0,43.02,new
HDFCPVTBAN, EQ,2026-10-06,27.31,27.72,27.31,27.57,27.72,27.3,168807,4656000.0,282,,117138.0,69.39,new
HDFCQUAL, EQ,2026-10-06,55.02,55.54,55.01,55.45,55.22,55.06,3447,190000.0,69,,1539.0,44.65,new
HDFCSENSEX, EQ,2026-10-06,82.02,82.91,82.02,82.75,82.8,82.04,41455,3426000.0,550,,26125.0,63.02,new
HDFCSILVER, EQ,2026-10-06,210.41,210.79,208.21,210.63,210.45,212.02,2776923,582044000.0,10096,,1486726.0,53.54,new
HDFCSML250, EQ,2026-10-06,177.84,181.9,177.84,180.96,181.69,178.32,4177041,752916000.0,18558,,3601337.0,86.22,new
HDFCVALUE, EQ,2026-10-06,118.64,119.14,118.46,118.58,119.14,118.12,12239,1455000.0,78,,7807.0,63.79,new
HDIL, BZ,2026-10-06,1.49,1.5,1.41,1.44,1.44,1.47,95603,140000.0,182,,,,new
HEADSUP, EQ,2026-10-06,6.55,6.55,6.2,6.52,6.53,6.14,3719,24000.0,36,,2703.0,72.68,new
HEALTHADD, EQ,2026-10-06,16.05,16.69,15.99,16.25,16.32,16.1,82750,1343000.0,188,,33919.0,40.99,new
HEALTHAXIS, EQ,2026-10-06,162.25,164.12,161.91,163.78,164.12,162.33,2581,422000.0,51,,1839.0,71.25,new
HEALTHCARE, EQ,2026-10-06,20.4,21.57,20.4,21.02,21.05,20.81,11356,238000.0,167,,8490.0,74.76,new
HEALTHIETF, EQ,2026-10-06,164.46,170.0,162.35,165.45,165.79,164.02,104323,17119000.0,3660,,51818.0,49.67,new
HEALTHX, EQ,2026-10-06,277.0,285.85,276.0,284.95,285.85,277.0,7721,2192000.0,116,,7198.0,93.23,new
HEALTHY, EQ,2026-10-06,16.76,16.76,16.31,16.57,16.68,16.41,427669,7056000.0,842,,333884.0,78.07,new
HECPROJECT, EQ,2026-10-06,110.9,115.49,110.9,112.79,114.0,110.87,3866,438000.0,140,,2531.0,65.47,new
HEGAM, EQ,2026-10-06,235.59,256.47,235.59,252.21,253.0,233.77,4802303,1203666000.0,68002,,1465002.0,30.51,new
HEIDELBERG, EQ,2026-10-06,130.49,130.95,127.41,127.78,127.8,130.11,275926,35375000.0,3774,,210600.0,76.32,new
HEMIPROP, EQ,2026-10-06,111.53,113.88,111.5,113.53,113.4,111.53,195940,22143000.0,2920,,116307.0,59.36,new
HERANBA, EQ,2026-10-06,167.15,173.9,166.2,169.0,170.9,167.58,30617,5217000.0,1143,,15163.0,49.52,new
HERITGFOOD, EQ,2026-10-06,394.6,408.4,392.0,406.1,405.0,394.75,271576,109230000.0,9213,,95652.0,35.22,new
HEROMOTOCO, EQ,2026-10-06,5095.0,5113.5,5041.0,5075.0,5075.0,5089.5,388296,1969898000.0,47541,,227763.0,58.66,new
HEROMOTORS, EQ,2026-10-06,168.4,169.63,163.33,167.52,168.3,169.63,52806263,8780641000.0,288404,,6122099.0,11.59,new
HESTERBIO, EQ,2026-10-06,2130.0,2184.9,2090.2,2174.1,2184.1,2105.5,4424,9510000.0,821,,1781.0,40.26,new
HEXAGON, BE,2026-10-06,70.29,73.25,68.8,71.13,71.0,69.77,1499472,108051000.0,2351,,,,new
HEXATRADEX, EQ,2026-10-06,157.0,157.0,152.28,155.85,155.98,153.58,2219,344000.0,63,,1449.0,65.3,new
HEXT, EQ,2026-10-06,499.5,504.0,490.3,500.3,500.0,495.15,99472,49610000.0,13162,,40393.0,40.61,new
HFCL, BE,2026-10-06,262.78,262.78,256.0,262.78,262.78,250.27,6656282,1745509000.0,24167,,,,new
HGINFRA, EQ,2026-10-06,403.8,425.75,398.55,417.2,418.0,403.75,470243,193835000.0,20881,,90557.0,19.26,new
HGM, EQ,2026-10-06,39.0,41.95,38.98,39.28,39.0,38.97,4397,174000.0,71,,3626.0,82.47,new
HGS, EQ,2026-10-06,364.0,366.4,360.1,361.4,360.55,364.95,13171,4772000.0,1123,,9730.0,73.87,new
HIGREEN, SM,2026-10-06,112.0,119.6,112.0,118.8,119.6,115.8,10400,1211000.0,12,,7200.0,69.23,new
HIKAL, EQ,2026-10-06,215.3,227.16,213.21,226.43,226.86,214.45,608833,134985000.0,12191,,266699.0,43.8,new
HILINFRA, EQ,2026-10-06,44.7,45.71,43.66,45.36,45.4,43.71,145388,6538000.0,2243,,71990.0,49.52,new
HILTON, EQ,2026-10-06,16.99,17.18,16.62,16.75,16.7,16.77,54257,916000.0,284,,35468.0,65.37,new
HIMALAYAN, ST,2026-10-06,81.0,83.9,80.65,80.8,80.7,84.85,403200,33344000.0,63,,403200.0,100.0,new
HIMATSEIDE, EQ,2026-10-06,64.0,65.95,63.86,65.36,65.05,64.64,356115,23206000.0,4459,,188276.0,52.87,new
HINDADH, EQ,2026-10-06,388.0,390.6,380.15,384.35,386.75,384.5,1531,590000.0,54,,1405.0,91.77,new
HINDALCO, EQ,2026-10-06,945.35,950.4,935.1,940.5,940.5,938.4,2991457,2811024000.0,61758,,1744038.0,58.3,new
HINDALUMI, EQ,2026-10-06,91.83,92.84,89.99,90.32,89.99,91.83,2250,204000.0,107,,1860.0,82.67,new
HINDCOMPOS, EQ,2026-10-06,406.0,406.0,397.0,401.45,401.0,400.65,13778,5531000.0,333,,11423.0,82.91,new
HINDCON, BE,2026-10-06,30.06,30.06,30.06,30.06,30.06,31.64,23518,707000.0,147,,,,new
HINDCOPPER, EQ,2026-10-06,483.9,487.6,480.25,485.5,486.25,478.65,3645773,1764345000.0,50351,,1381111.0,37.88,new
HINDOILEXP, EQ,2026-10-06,164.01,167.79,164.01,166.35,166.8,164.87,254603,42356000.0,3933,,111812.0,43.92,new
HINDPETRO, EQ,2026-10-06,344.05,351.75,343.45,351.0,351.0,342.35,3973902,1382548000.0,46101,,2456683.0,61.82,new
HINDUNILVR, EQ,2026-10-06,1847.9,1895.2,1834.2,1895.2,1895.2,1838.4,1576062,2958466000.0,57721,,1021493.0,64.81,new
HINDWAREAP, EQ,2026-10-06,173.13,173.13,170.0,170.75,171.84,171.63,59957,10210000.0,3132,,37017.0,61.74,new
HINDZINC, EQ,2026-10-06,564.15,567.4,557.05,557.65,557.65,560.95,2198787,1234343000.0,44302,,1177505.0,53.55,new
HIRECT, EQ,2026-10-06,1102.0,1157.0,1088.4,1146.8,1142.1,1109.4,46766,52958000.00000001,4937,,21519.0,46.01,new
HISARMETAL, EQ,2026-10-06,146.0,147.0,145.3,145.3,145.3,145.22,242,35000.0,18,,242.0,100.0,new
HITECH, EQ,2026-10-06,72.85,76.24,72.2,74.68,74.8,70.05,6307495,466425000.0,35200,,799017.0,12.67,new
HITECHCORP, BE,2026-10-06,340.0,344.4,340.0,342.4,342.5,342.0,30000,10244000.0,240,,,,new
HITECHGEAR, BE,2026-10-06,590.4,613.8,555.4,568.9,581.0,584.6,10320,5932000.0,234,,,,new
HLEGLAS, EQ,2026-10-06,424.05,447.1,424.05,447.1,447.1,425.85,134283,59316000.0,2724,,80120.0,59.67,new
HLVLTD, EQ,2026-10-06,6.12,6.33,6.05,6.13,6.18,6.21,199838,1238000.0,580,,149377.0,74.75,new
HMAAGRO, EQ,2026-10-06,23.4,24.74,23.31,24.56,24.74,23.4,2144577,51886000.0,4834,,1259177.0,58.71,new
HMT, BZ,2026-10-06,58.99,59.98,57.0,58.53,58.6,58.99,9014,524000.0,126,,,,new
HMVL, BE,2026-10-06,78.25,79.8,72.2,74.91,75.2,76.0,110904,8239000.0,357,,,,new
HNDFDS, EQ,2026-10-06,570.0,591.0,570.0,584.75,585.15,570.05,68825,40168000.0,5531,,39521.0,57.42,new
HNGSNGBEES, EQ,2026-10-06,469.0,469.0,458.03,460.99,461.8,457.63,63065,29042000.0,3036,,44044.0,69.84,new
HOACFOODS, ST,2026-10-06,930.0,930.0,930.0,930.0,930.0,923.05,4125,3836000.0,9,,4125.0,100.0,new
HOLMARC, SM,2026-10-06,123.7,125.4,123.7,125.4,125.4,123.75,2250,281000.0,3,,1500.0,66.67,new
HOMEFIRST, EQ,2026-10-06,1091.3,1118.0,1091.3,1111.5,1105.4,1096.2,212389,234811000.0,11958,,159604.0,75.15,new
HOMESFY, SM,2026-10-06,121.6,121.6,121.6,121.6,121.6,116.0,300,36000.0,1,,300.0,100.0,new
HONASA, EQ,2026-10-06,449.0,493.0,446.7,478.3,476.65,442.1,24467750,11694657000.0,357380,,3568535.0,14.58,new
HONAUT, EQ,2026-10-06,34000.0,34080.0,33600.0,33780.0,33600.0,33785.0,2116,71410000.0,1344,,1238.0,58.51,new
HONDAPOWER, EQ,2026-10-06,1865.2,1914.9,1850.0,1885.9,1906.4,1865.2,2399,4522000.0,475,,1090.0,45.44,new
HORIZONIND, EQ,2026-10-06,47.6,51.08,47.06,49.2,49.4,47.75,6215607,308295000.0,35704,,2835054.0,45.61,new
HPAL, EQ,2026-10-06,34.4,34.69,33.3,34.37,34.49,33.9,43421,1479000.0,521,,31397.0,72.31,new
HPIL, EQ,2026-10-06,115.0,117.98,113.75,116.49,116.58,110.64,486,56999.99999999999,54,,273.0,56.17,new
HPL, EQ,2026-10-06,263.0,277.0,263.0,272.7,274.2,264.75,119882,32452999.999999996,4063,,47887.0,39.95,new
HPTL, ST,2026-10-06,432.0,432.0,430.0,430.0,430.0,431.0,2400,1034000.0,4,,2400.0,100.0,new
HRHNEXT, SM,2026-10-06,23.2,23.2,23.2,23.2,23.2,24.0,4500,104000.0,2,,4500.0,100.0,new
HRYNSHP, EQ,2026-10-06,96.65,96.65,95.87,95.9,95.9,96.65,296,28999.999999999996,16,,285.0,96.28,new
HSBCGOLD, EQ,2026-10-06,126.55,128.08,126.55,128.02,127.93,128.04,1507,192000.0,39,,903.0,59.92,new
HSCL, EQ,2026-10-06,664.0,670.0,661.3,668.55,670.0,659.85,1016587,676886000.0,19329,,499019.0,49.09,new
HTEL, EQ,2026-10-06,70.53,75.81,70.53,73.81,73.85,70.43,1595964,117957000.0,12612,,699412.0,43.82,new
HTMEDIA, EQ,2026-10-06,22.14,23.15,22.0,22.99,22.67,22.14,46073,1053000.0,270,,22227.0,48.24,new
HUBTOWN, EQ,2026-10-06,169.11,174.65,168.01,170.0,171.24,168.09,598209,102030000.0,5563,,313676.0,52.44,new
HUDCO, EQ,2026-10-06,162.95,165.8,155.8,161.04,160.89,162.09,9805265,1557807000.0,103433,,4335860.0,44.22,new
HUHTAMAKI, EQ,2026-10-06,230.0,235.0,228.0,233.45,234.45,227.52,48214,11188000.0,4904,,25493.0,52.87,new
HVAX, SM,2026-10-06,680.0,714.0,680.0,714.0,714.0,680.0,3000,2112000.0,13,,2850.0,95.0,new
HYBRIDETF, EQ,2026-10-06,9.78,9.86,9.64,9.83,9.83,9.78,131241,1289000.0,51,,121235.0,92.38,new
HYBRIDFIN, EQ,2026-10-06,17.43,17.89,16.81,17.56,17.4,17.43,4344,75000.0,46,,3736.0,86.0,new
HYUNDAI, EQ,2026-10-06,2008.1,2014.0,1975.0,1989.0,1989.0,2000.0,432970,861227000.0,41719,,206291.0,47.65,new
IBLFL, SM,2026-10-06,61.0,61.0,61.0,61.0,61.0,61.0,4000,244000.0,1,,4000.0,100.0,new
IBULLSLTD, EQ,2026-10-06,29.8,30.95,29.7,30.95,30.95,29.48,18672512,571999000.0,13377,,12689183.0,67.96,new
ICDSLTD, BE,2026-10-06,44.61,45.01,44.2,44.27,44.27,44.61,953,43000.0,12,,,,new
ICELCO, SM,2026-10-06,115.8,118.75,114.65,116.05,116.45,117.0,56400,6526000.000000001,40,,39600.0,70.21,new
ICEMAKE, EQ,2026-10-06,623.75,638.8,620.95,631.2,634.0,628.55,11370,7181000.0,971,,6054.0,53.25,new
ICICIAMC, EQ,2026-10-06,3062.2,3085.0,3040.0,3071.5,3065.2,3061.2,275856,844475000.0,30531,,165173.0,59.88,new
ICICIB22, EQ,2026-10-06,112.08,112.08,109.64,110.0,110.25,109.88,803316,88293000.0,2288,,728944.0,90.74,new
ICICIBANK, EQ,2026-10-06,1330.1,1343.5,1327.9,1342.8,1342.8,1332.0,12201451,16319298000.000002,133764,,6992545.0,57.31,new
ICICIGI, EQ,2026-10-06,1595.0,1606.0,1576.0,1598.3,1598.3,1600.0,333763,532162000.0,21745,,149846.0,44.9,new
ICICIPRULI, EQ,2026-10-06,458.0,462.9,453.55,459.5,459.5,454.9,595212,272547000.0,29096,,282366.0,47.44,new
ICIL, EQ,2026-10-06,449.0,475.0,448.9,473.15,471.0,446.2,981220,461614000.00000006,29623,,343318.0,34.99,new
ICRA, EQ,2026-10-06,4297.5,4396.8,4271.7,4356.7,4351.0,4297.5,20311,88418000.0,3576,,12765.0,62.85,new
IDBI, EQ,2026-10-06,86.1,87.25,84.82,87.01,87.05,86.31,7936021,685305000.0,31413,,3592375.0,45.27,new
IDEA, EQ,2026-10-06,12.77,13.22,12.76,13.21,13.21,12.74,337226121,4417541000.0,637096,,101982490.0,30.24,new
IDEAFORGE, EQ,2026-10-06,700.0,728.0,695.85,723.4,726.0,701.65,229168,163607000.0,12579,,88534.0,38.63,new
IDENTICAL, SM,2026-10-06,21.35,21.35,21.35,21.35,21.35,18.45,2000,43000.0,1,,2000.0,100.0,new
IDFCFIRSTB, EQ,2026-10-06,81.98,82.29,78.89,81.56,81.56,82.22,29054579,2347283000.0,78746,,12984815.0,44.69,new
IDFNIFTYET, EQ,2026-10-06,255.94,255.94,247.55,251.47,251.47,249.7,1341,337000.0,47,,1320.0,98.43,new
IEML, ST,2026-10-06,49.8,50.9,47.35,47.35,47.35,49.8,113500,5391000.0,116,,87500.0,77.09,new
IEX, EQ,2026-10-06,105.3,105.48,104.41,104.86,104.86,104.3,2589786,271952000.0,22706,,1039842.0,40.15,new
IFBAGRO, EQ,2026-10-06,872.0,883.0,863.1,874.15,871.5,872.0,1401,1225000.0,332,,634.0,45.25,new
IFBIND, EQ,2026-10-06,1188.0,1218.8,1177.8,1212.3,1217.0,1178.8,18184,21849000.0,2111,,9708.0,53.39,new
IFCI, EQ,2026-10-06,64.85,66.08,63.9,65.51,65.51,64.28,29555126,1933675999.9999998,76489,,4957018.0,16.77,new
IFGLEXPOR, EQ,2026-10-06,183.86,186.89,179.1,180.65,180.0,183.99,34436,6282000.0,1160,,26432.0,76.76,new
IGARASHI, EQ,2026-10-06,390.6,417.4,389.65,401.4,402.8,389.65,187399,76083000.0,9512,,41648.0,22.22,new
IGCL, EQ,2026-10-06,52.6,58.0,52.6,57.36,56.99,53.4,412022,22644000.0,1940,,342018.0,83.01,new
IGIL, EQ,2026-10-06,316.4,321.35,313.05,319.6,319.1,316.25,436001,138333000.0,17060,,147509.0,33.83,new
IGL, EQ,2026-10-06,142.1,142.43,140.32,141.38,141.41,142.1,1219033,172254000.0,29616,,666384.0,54.66,new
IGPL, EQ,2026-10-06,550.5,599.9,550.5,589.5,588.5,554.0,175561,103176000.0,8321,,73055.0,41.61,new
IIFL, EQ,2026-10-06,601.65,603.7,590.45,601.7,602.0,601.15,1097013,656141000.0,40497,,619620.0,56.48,new
IIFLCAPS, EQ,2026-10-06,346.0,346.0,343.6,345.15,346.0,345.2,154566,53321000.0,5169,,107617.0,69.63,new
IITL, EQ,2026-10-06,133.5,137.0,128.0,132.25,136.5,129.4,100782,13205000.000000002,1081,,10811.0,10.73,new
IKIO, EQ,2026-10-06,192.0,198.2,192.0,195.87,195.2,192.22,80513,15655000.000000002,2479,,35451.0,44.03,new
IKS, EQ,2026-10-06,1758.1,1777.1,1745.5,1761.0,1759.8,1766.8,66106,116365000.00000001,13022,,35037.0,53.0,new
IL&FSENGG, BZ,2026-10-06,39.78,40.05,39.0,39.54,40.05,39.78,142150,5546000.0,53,,,,new
IL&FSTRANS, BZ,2026-10-06,1.98,1.98,1.91,1.94,1.94,1.94,23767,46000.0,67,,,,new
IMAGICAA, EQ,2026-10-06,48.76,50.29,48.76,49.92,50.0,48.76,435420,21699000.0,3842,,238708.0,54.82,new
IMFA, EQ,2026-10-06,1159.1,1195.0,1158.9,1190.6,1188.0,1158.9,78676,93250000.0,7984,,40859.0,51.93,new
IMPAL, EQ,2026-10-06,1034.3,1050.0,1027.1,1036.5,1050.0,1026.2,725,749000.0,100,,643.0,88.69,new
INA, EQ,2026-10-06,84.59,85.34,83.4,83.81,84.0,83.44,478784,40269000.0,4853,,259073.0,54.11,new
INCREDIBLE, EQ,2026-10-06,32.25,32.25,31.12,31.42,31.72,31.48,754,24000.0,18,,753.0,99.87,new
INDBANK, EQ,2026-10-06,25.2,25.5,24.88,25.23,25.4,25.17,35543,896000.0000000001,466,,18609.0,52.36,new
INDGN, EQ,2026-10-06,595.0,598.4,591.0,596.3,597.0,598.45,133215,79190000.0,12795,,71514.0,53.68,new
INDHOTEL, EQ,2026-10-06,720.3,736.0,720.3,736.0,736.0,725.0,2461719,1798254000.0,51314,,1743006.0,70.8,new
INDIACEM, EQ,2026-10-06,299.75,303.15,294.15,295.25,294.15,299.05,139497,41568000.0,9093,,70389.0,50.46,new
INDIAGLYCO, EQ,2026-10-06,305.0,324.75,303.05,318.95,319.9,303.35,613990,195216000.0,18358,,205866.0,33.53,new
INDIAMART, EQ,2026-10-06,1584.0,1616.0,1584.0,1592.9,1592.0,1591.5,41629,66455999.99999999,6811,,20668.0,49.65,new
INDIANB, EQ,2026-10-06,812.0,819.0,807.7,813.0,813.0,810.0,888598,721559000.0,34868,,420146.0,47.28,new
INDIANCARD, EQ,2026-10-06,190.0,190.0,184.83,187.86,189.83,184.82,216,40000.0,26,,160.0,74.07,new
INDIANHUME, EQ,2026-10-06,337.7,342.5,333.6,341.2,340.8,335.7,40380,13669999.999999998,1903,,27599.0,68.35,new
INDIASHLTR, EQ,2026-10-06,641.0,648.3,635.0,636.35,635.0,646.6,37403,23948000.0,3842,,18325.0,48.99,new
INDIGO, EQ,2026-10-06,4954.9,5057.6,4925.1,5050.5,5050.5,4935.0,613781,3072454000.0,53812,,338971.0,55.23,new
INDIGOPNTS, EQ,2026-10-06,1045.0,1069.2,1032.5,1062.4,1060.0,1040.0,40882,42926000.0,5999,,20595.0,50.38,new
INDIGRID, IV,2026-10-06,170.2,170.2,169.2,169.41,169.25,169.75,664201,112607000.0,11456,,619036.0,93.2,new
INDIQUBE, EQ,2026-10-06,196.03,199.58,195.51,197.32,197.0,197.4,13399,2642000.0,375,,7297.0,54.46,new
INDNIPPON, EQ,2026-10-06,1233.7,1248.5,1215.1,1241.7,1246.2,1220.3,24214,29725000.0,2884,,12257.0,50.62,new
INDOAMIN, EQ,2026-10-06,146.9,168.0,145.69,161.16,160.62,143.31,8043089,1294852000.0,90360,,988740.0,12.29,new
INDOBORAX, EQ,2026-10-06,465.7,497.6,459.0,491.75,488.0,460.65,194721,94893000.0,8687,,58039.0,29.81,new
INDOCO, EQ,2026-10-06,248.15,249.95,244.5,247.15,247.75,246.8,168290,41586000.0,3710,,70940.0,42.15,new
INDOFARM, EQ,2026-10-06,131.7,137.0,130.11,134.32,135.4,129.43,165385,22103000.0,2743,,39874.0,24.11,new
INDOKEM, EQ,2026-10-06,614.95,614.95,592.1,596.85,596.0,598.25,3482,2085000.0000000002,268,,2417.0,69.41,new
INDOMIM, EQ,2026-10-06,1329.9,1360.0,1305.0,1350.2,1345.0,1320.4,953041,1273522000.0,33136,,448569.0,47.07,new
INDORAMA, EQ,2026-10-06,93.68,96.34,92.42,95.1,95.5,93.69,603328,57020000.00000001,7690,,262561.0,43.52,new
INDOSTAR, EQ,2026-10-06,206.56,207.9,197.58,199.55,199.0,204.33,161211,32617000.0,2671,,87971.0,54.57,new
INDOTECH, EQ,2026-10-06,3275.4,3400.0,3275.4,3352.8,3341.0,3275.4,22557,75383000.0,3126,,12905.0,57.21,new
INDOTHAI, EQ,2026-10-06,37.59,38.78,37.09,38.78,38.78,36.94,552471,21187000.0,2159,,338718.0,61.31,new
INDOUS, EQ,2026-10-06,78.92,78.92,73.99,75.53,75.1,75.5,6111,465000.00000000006,317,,3892.0,63.69,new
INDOWIND, EQ,2026-10-06,8.55,8.8,8.5,8.56,8.55,8.41,85003,735000.0,538,,68971.0,81.14,new
INDPRUD, EQ,2026-10-06,6400.0,6400.0,6050.0,6299.5,6299.5,6350.0,227,1396000.0,16,,225.0,99.12,new
INDRAMEDCO, EQ,2026-10-06,334.0,336.55,327.35,335.15,334.9,333.95,209881,70072000.0,7157,,117325.0,55.9,new
INDSWFTLAB, EQ,2026-10-06,388.7,401.5,386.9,400.45,400.85,385.75,369560,145627000.0,8434,,169907.0,45.98,new
INDTERRAIN, EQ,2026-10-06,29.04,29.73,29.04,29.22,29.15,29.36,16070,469000.00000000006,110,,14641.0,91.11,new
INDUSINDBK, EQ,2026-10-06,886.0,907.0,883.55,906.1,906.1,886.6,2405486,2167648000.0,69294,,1380090.0,57.37,new
INDUSINVIT, IV,2026-10-06,129.35,131.44,128.5,130.13,129.57,128.8,148481,19238000.0,7091,,111769.0,75.27,new
INDUSTOWER, EQ,2026-10-06,382.8,392.3,382.7,389.1,389.1,380.2,5484978,2137134999.9999998,47981,,3394137.0,61.88,new
INFINIUM, SM,2026-10-06,324.5,324.5,306.5,307.35,310.0,311.8,9000,2793000.0,16,,7500.0,83.33,new
INFLUX, SM,2026-10-06,265.0,273.5,265.0,272.0,272.0,265.65,34800,9401000.0,54,,28200.0,81.03,new
INFOBEAN, EQ,2026-10-06,150.0,150.65,147.01,149.46,150.0,148.08,116776,17379000.0,2005,,49243.0,42.17,new
INFOLLION, SM,2026-10-06,160.0,167.9,158.0,159.8,158.0,160.4,64000,10431000.0,56,,60800.0,95.0,new
INFOMEDIA, EQ,2026-10-06,5.47,5.47,5.15,5.21,5.26,5.21,10232,53000.0,72,,7349.0,71.82,new
INFRA, EQ,2026-10-06,11.54,11.6,11.53,11.59,11.6,11.44,7326,85000.0,97,,5731.0,78.23,new
INFRABEES, EQ,2026-10-06,898.85,914.79,897.54,909.15,904.08,898.85,18900,17154000.0,395,,10538.0,55.76,new
INFRAIETF, EQ,2026-10-06,90.15,91.13,89.52,90.52,90.15,90.15,48309,4355000.0,4766,,26964.0,55.82,new
INFY, EQ,2026-10-06,1018.0,1020.5,1003.15,1013.85,1013.85,1020.5,8252213,8325028999.999999,125495,,4319853.0,52.35,new
INGERRAND, EQ,2026-10-06,4154.0,4187.9,4117.0,4130.8,4144.1,4154.2,5472,22679000.0,1676,,2800.0,51.17,new
INM, SM,2026-10-06,141.0,141.0,139.5,139.5,139.5,141.0,3000,419000.00000000006,3,,3000.0,100.0,new
INNOMET, ST,2026-10-06,281.0,281.0,267.0,277.25,277.25,281.0,195000,53509000.0,57,,193200.0,99.08,new
INNOVACAP, EQ,2026-10-06,1145.4,1159.2,1115.0,1141.8,1143.0,1145.4,71879,82013000.0,9894,,32400.0,45.08,new
INNOVANA, EQ,2026-10-06,298.25,303.45,292.9,294.85,293.2,302.3,22993,6802000.0,498,,2505.0,10.89,new
INNOVISION, EQ,2026-10-06,254.0,258.1,252.2,256.5,256.9,254.25,7240,1843000.0,389,,4673.0,64.54,new
INOXGREEN, EQ,2026-10-06,149.95,152.2,144.1,146.59,146.1,149.95,2572640,379376000.0,27020,,1406858.0,54.69,new
INOXINDIA, EQ,2026-10-06,2125.0,2146.0,2068.0,2077.3,2089.0,2089.1,331952,698260000.0,48762,,132887.0,40.03,new
INOXWIND, EQ,2026-10-06,68.01,70.24,67.51,68.7,68.7,67.8,10428766,720935000.0,50197,,3777776.0,36.22,new
INSECTICID, EQ,2026-10-06,583.95,585.0,579.25,584.15,585.0,578.8,7785,4528000.0,550,,5509.0,70.76,new
INSPIRE, SM,2026-10-06,9.9,9.9,9.9,9.9,9.9,9.45,8000,79000.0,3,,8000.0,100.0,new
INSPIRISYS, EQ,2026-10-06,84.0,85.79,82.6,83.76,85.79,83.02,1388,115999.99999999999,42,,952.0,68.59,new
INSUREIETF, EQ,2026-10-06,14.62,14.95,14.49,14.72,14.77,14.54,1433175,20970000.0,323,,997316.0,69.59,new
INTELLECT, EQ,2026-10-06,600.0,608.0,595.0,601.4,600.9,600.2,288653,173295000.0,19338,,148785.0,51.54,new
INTENTECH, EQ,2026-10-06,80.18,84.5,80.18,84.1,82.0,80.58,94403,7698000.0,462,,89530.0,94.84,new
INTERARCH, EQ,2026-10-06,1678.3,1709.9,1661.7,1685.6,1678.1,1661.7,57491,96997000.0,6889,,22431.0,39.02,new
INTERNET, EQ,2026-10-06,13.55,13.79,13.55,13.78,13.75,13.46,214061,2936000.0,212,,195695.0,91.42,new
INTLCONV, EQ,2026-10-06,80.86,81.8,80.0,80.02,80.0,80.06,19239,1544000.0,296,,11212.0,58.28,new
INVENTURE, EQ,2026-10-06,0.85,0.86,0.85,0.85,0.86,0.85,472880,404000.0,262,,245745.0,51.97,new
INVICTA, SM,2026-10-06,67.05,67.05,66.8,66.8,66.8,66.1,3200,214000.0,2,,1600.0,50.0,new
INVPRECQ, BE,2026-10-06,1655.0,1675.0,1560.0,1571.3,1563.5,1612.1,6162,9907000.0,295,,,,new
IOB, EQ,2026-10-06,31.4,31.62,30.94,31.46,31.31,31.35,2269424,70900000.0,17017,,1056844.0,46.57,new
IOC, EQ,2026-10-06,131.0,131.6,129.55,131.6,131.6,130.5,6515655,851312000.0000001,48135,,2829091.0,43.42,new
IOLCP, EQ,2026-10-06,206.5,216.55,204.73,214.9,216.3,205.71,3889322,827085000.0,44109,,1511633.0,38.87,new
IONEXCHANG, EQ,2026-10-06,402.85,411.0,399.65,409.2,409.0,401.75,113442,46238000.0,8762,,48774.0,42.99,new
IPCALAB, EQ,2026-10-06,1951.2,1965.0,1932.0,1945.5,1936.1,1951.3,271603,527420000.0,30479,,213645.0,78.66,new
IPHL, SM,2026-10-06,69.0,70.0,67.5,68.0,68.0,68.8,8400,578000.0,7,,7200.0,85.71,new
IPL, EQ,2026-10-06,129.0,133.3,127.5,132.6,132.85,128.75,220828,28835000.000000004,4635,,67009.0,30.34,new
IPRINGLTD, EQ,2026-10-06,137.15,144.0,137.0,143.67,144.0,137.15,834,119000.0,20,,725.0,86.93,new
IPSL, SM,2026-10-06,192.2,204.9,192.2,204.9,204.9,210.0,1500,301000.0,3,,1000.0,66.67,new
IRB, EQ,2026-10-06,16.92,18.23,16.84,17.84,17.85,16.87,14815112,260200000.0,25247,,4622445.0,31.2,new
IRBINVIT, IV,2026-10-06,64.27,64.27,63.61,63.85,63.87,63.93,319473,20412000.0,4637,,263479.0,82.47,new
IRCON, EQ,2026-10-06,106.98,109.58,106.46,107.86,107.82,106.88,2577615,278600000.0,27923,,688686.0,26.72,new
IRCTC, EQ,2026-10-06,452.8,460.05,451.5,454.8,454.95,452.8,718299,326988000.0,26586,,356013.0,49.56,new
IREDA, EQ,2026-10-06,110.0,110.23,108.8,109.0,109.0,109.0,3014460,329644000.0,23992,,1098652.0,36.45,new
IRFC, EQ,2026-10-06,76.98,78.07,76.33,77.1,77.1,76.5,6659066,514643999.99999994,37906,,2322513.0,34.88,new
IRIS, EQ,2026-10-06,220.22,226.99,217.8,221.57,222.98,220.46,18132,4001000.0,606,,12193.0,67.25,new
IRISDOREME, EQ,2026-10-06,60.35,60.58,58.2,58.45,58.5,59.69,130667,7704000.000000001,1698,,60938.0,46.64,new
IRMENERGY, EQ,2026-10-06,256.2,264.45,256.2,262.1,262.0,259.5,37776,9870000.0,2302,,17735.0,46.95,new
ISFT, BE,2026-10-06,99.5,100.49,97.11,98.32,98.28,99.82,8338,824000.0,63,,,,new
ISGEC, EQ,2026-10-06,899.6,913.45,898.0,905.0,905.0,899.3,52570,47479000.0,4031,,21989.0,41.83,new
ISHAN, SM,2026-10-06,0.5,0.5,0.45,0.45,0.45,0.5,192000,89000.0,4,,192000.0,100.0,new
ISHANCH, EQ,2026-10-06,47.39,48.96,46.05,47.92,47.51,47.39,10450,499000.0,105,,8685.0,83.11,new
ISTLTD, EQ,2026-10-06,622.3,651.45,620.55,637.2,639.0,610.5,871,553000.0,111,,308.0,35.36,new
IT, EQ,2026-10-06,31.32,31.98,31.0,31.19,31.32,31.32,340246,10631000.0,1010,,201920.0,59.35,new
ITADD, EQ,2026-10-06,29.96,29.99,29.67,29.79,29.82,29.97,14482,432000.0,79,,8743.0,60.37,new
ITAXIS, EQ,2026-10-06,310.98,310.98,307.42,307.77,309.0,312.02,3520,1087000.0,51,,1661.0,47.19,new
ITBEES, EQ,2026-10-06,31.56,31.57,31.07,31.17,31.25,31.35,5346868,166741000.0,15696,,2926246.0,54.73,new
ITBETA, EQ,2026-10-06,297.6,297.6,294.68,295.0,295.0,297.84,207,61000.0,16,,207.0,100.0,new
ITC, EQ,2026-10-06,269.0,269.4,263.95,266.7,266.7,268.9,22132738,5885344000.0,172400,,12630992.0,57.07,new
ITCHOTELS, EQ,2026-10-06,159.5,160.8,158.3,160.21,160.8,158.96,1237693,197520000.0,22313,,611908.0,49.44,new
ITDC, EQ,2026-10-06,664.8,678.0,662.4,675.25,678.0,664.8,74057,49758000.0,5218,,21554.0,29.1,new
ITETF, EQ,2026-10-06,30.1,30.24,29.63,29.72,29.89,29.95,442262,13156000.0,795,,241065.0,54.51,new
ITI, EQ,2026-10-06,241.0,253.98,241.0,247.84,248.89,240.75,567023,140836000.0,16721,,93065.0,16.41,new
ITIETF, EQ,2026-10-06,31.56,31.56,31.1,31.22,31.28,31.39,233795,7298000.0,978,,136947.0,58.58,new
ITL, EQ,2026-10-06,356.0,370.0,352.05,366.75,368.75,355.4,1583,571000.0,52,,1549.0,97.85,new
ITTL, ST,2026-10-06,60.75,60.75,60.75,60.75,60.75,60.75,105,6000.0,1,,105.0,100.0,new
IVALUE, EQ,2026-10-06,226.02,232.56,226.01,229.45,229.5,228.29,93436,21421000.0,2496,,49947.0,53.46,new
IVC, EQ,2026-10-06,7.98,8.1,7.85,8.0,8.01,7.85,161487,1292000.0,871,,102408.0,63.42,new
IVP, BE,2026-10-06,220.26,230.12,220.26,228.92,226.55,219.17,20377,4631000.0,214,,,,new
IVZBANKNF, EQ,2026-10-06,54.57,55.14,54.57,55.12,55.12,54.57,330,18000.0,16,,249.0,75.45,new
IVZINGOLD, EQ,2026-10-06,126.3,128.6,126.3,128.2,128.6,128.2,126913,16213000.0,386,,78495.0,61.85,new
IVZINNIFTY, EQ,2026-10-06,265.7,265.7,258.62,261.31,261.31,259.22,127,33000.0,34,,98.0,77.17,new
IVZSENSEX, EQ,2026-10-06,72.5,74.66,72.38,73.2,74.66,72.45,716,52000.0,15,,474.0,66.2,new
IWARE, ST,2026-10-06,384.3,384.3,373.0,373.0,373.0,372.3,4800,1803000.0,8,,4200.0,87.5,new
IWP, EQ,2026-10-06,39.0,39.0,35.85,37.38,37.16,38.73,16737,626000.0,301,,11343.0,67.77,new
IXIGO, EQ,2026-10-06,161.03,161.83,158.24,160.13,160.25,161.0,1707336,272913000.0,24973,,1128098.0,66.07,new
IZMO, EQ,2026-10-06,870.0,875.95,860.6,864.3,868.0,870.7,43464,37609000.0,2941,,25040.0,57.61,new
J&KBANK, EQ,2026-10-06,141.5,142.25,139.0,139.5,140.0,141.53,1505658,211409000.0,22384,,796693.0,52.91,new
JAGRAN, EQ,2026-10-06,61.33,62.14,61.33,61.72,61.51,61.33,99565,6153000.0,1129,,70397.0,70.7,new
JAGSNPHARM, EQ,2026-10-06,228.9,235.99,227.01,233.63,235.0,229.47,58557,13656000.0,2038,,32449.0,55.41,new
JAIBALAJI, EQ,2026-10-06,62.49,64.17,61.53,64.17,64.17,61.12,469887,29951000.0,1177,,374868.0,79.78,new
JAICORPLTD, EQ,2026-10-06,89.46,90.4,88.36,90.17,90.01,88.49,301894,27081000.0,4455,,104738.0,34.69,new
JAINAM, SM,2026-10-06,200.0,211.55,200.0,211.55,211.55,201.5,1000,206000.0,2,,1000.0,100.0,new
JAINIK, ST,2026-10-06,180.0,185.9,180.0,185.9,185.9,186.35,10800,1957999.9999999998,5,,10800.0,100.0,new
JAINREC, EQ,2026-10-06,291.85,292.9,288.6,290.15,290.0,290.45,439000,127728000.0,11997,,149670.0,34.09,new
JAIPURKURT, EQ,2026-10-06,25.51,28.0,25.51,27.37,27.7,26.01,99083,2688000.0,281,,84107.0,84.89,new
JALAN, ST,2026-10-06,1.6,1.65,1.6,1.65,1.65,1.6,9000,15000.0,3,,9000.0,100.0,new
JAMNAAUTO, EQ,2026-10-06,136.0,145.44,134.45,144.21,144.4,134.45,6124884,874307000.0,71188,,2281495.0,37.25,new
JARO, EQ,2026-10-06,405.7,416.9,405.7,413.85,415.05,405.15,112093,46082000.0,2728,,11495.0,10.25,new
JASH, EQ,2026-10-06,600.0,600.0,586.0,594.95,599.0,598.1,176581,104706000.0,8499,,86159.0,48.79,new
JAYAGROGN, EQ,2026-10-06,213.8,221.49,213.8,219.16,221.45,211.82,7595,1651000.0000000002,307,,4935.0,64.98,new
JAYBARMARU, EQ,2026-10-06,129.8,134.37,126.7,134.37,134.37,127.98,809825,106813000.00000001,12867,,415941.0,51.36,new
JAYBEE, SM,2026-10-06,97.4,97.4,92.75,93.55,93.2,93.7,14000,1328000.0,24,,9000.0,64.29,new
JAYESH, SM,2026-10-06,121.4,137.95,121.05,124.45,124.95,118.85,31000,3885000.0,16,,19000.0,61.29,new
JAYKAY, EQ,2026-10-06,230.33,243.89,228.01,240.02,241.7,221.97,6303237,1488086000.0,89958,,864934.0,13.72,new
JAYKAYPP, E1,2026-10-06,180.0,196.0,180.0,193.11,195.99,175.78,64823,12273000.0,638,,46129.0,71.16,new
JAYNECOIND, EQ,2026-10-06,91.0,95.31,90.75,94.45,94.09,91.0,3108994,290147000.0,24449,,1450270.0,46.65,new
JAYSREETEA, EQ,2026-10-06,83.9,87.26,82.62,85.74,85.02,82.7,24644,2103000.0,658,,13072.0,53.04,new
JBMA, EQ,2026-10-06,544.55,559.45,544.35,555.65,559.0,544.55,252185,139606000.0,13744,,85887.0,34.06,new
JENBURPH, EQ,2026-10-06,900.4,920.85,893.05,905.55,902.3,900.4,1456,1314000.0,141,,1255.0,86.2,new
JETFREIGHT, EQ,2026-10-06,19.85,20.24,19.46,19.8,19.74,19.85,104313,2072000.0,1225,,37844.0,36.28,new
JEYYAM, SM,2026-10-06,20.9,22.45,20.75,21.9,22.45,20.45,42000,897000.0000000001,19,,34000.0,80.95,new
JFLLIFE, SM,2026-10-06,10.15,10.15,9.8,9.8,9.8,10.25,12000,120000.0,2,,12000.0,100.0,new
JGCHEM, EQ,2026-10-06,611.0,668.5,611.0,665.45,668.0,609.65,750821,487297000.0,25935,,275693.0,36.72,new
JHS, BE,2026-10-06,10.39,10.75,10.01,10.36,10.44,10.53,214870,2188000.0,438,,,,new
JINDALPHOT, EQ,2026-10-06,1024.5,1049.8,1012.0,1024.8,1020.1,1024.7,1695,1729000.0,166,,1152.0,67.96,new
JINDALPOLY, EQ,2026-10-06,655.45,670.0,647.15,658.35,657.0,641.6,13687,8978000.0,1081,,4522.0,33.04,new
JINDALSAW, EQ,2026-10-06,276.5,283.7,274.75,282.4,281.5,275.0,1056608,295559000.0,25914,,599433.0,56.73,new
JINDALSTEL, EQ,2026-10-06,1090.0,1090.0,1034.8,1085.9,1085.9,1097.3,4442649,4760418000.0,67531,,2060533.0,46.38,new
JINDRILL, EQ,2026-10-06,588.0,593.0,584.6,590.7,588.65,585.95,94159,55541999.99999999,3540,,39528.0,41.98,new
JINDWORLD, EQ,2026-10-06,45.37,45.97,45.1,45.39,45.5,45.37,1298991,59048000.0,5419,,437699.0,33.7,new
JIOFIN, EQ,2026-10-06,212.9,219.38,211.7,217.9,217.9,212.0,16691895,3620497000.0,99904,,6362491.0,38.12,new
JISLDVREQS, EQ,2026-10-06,18.99,19.39,18.6,18.96,19.0,18.89,7394,140000.0,143,,4053.0,54.81,new
JISLJALEQS, EQ,2026-10-06,26.86,27.1,26.5,26.65,26.74,26.81,1608630,43079000.0,4151,,958821.0,59.6,new
JITFINFRA, EQ,2026-10-06,270.9,278.0,268.0,275.1,275.0,266.5,9775,2652000.0,559,,5830.0,59.64,new
JKCEMENT, EQ,2026-10-06,4952.5,5000.0,4945.5,4960.0,4965.0,4981.5,9886,49135000.0,3019,,3765.0,38.08,new
JKIL, EQ,2026-10-06,453.7,455.3,445.15,448.3,449.95,453.7,52805,23681000.0,2947,,33343.0,63.14,new
JKIPL, EQ,2026-10-06,94.83,97.98,94.5,95.52,95.05,95.13,4014,386000.0,80,,2895.0,72.12,new
JKLAKSHMI, EQ,2026-10-06,467.05,486.0,467.05,478.45,478.3,466.8,114155,54655999.99999999,9801,,46904.0,41.09,new
JKPAPER, EQ,2026-10-06,387.5,400.75,385.65,393.45,393.0,385.65,307769,121368000.0,14289,,157758.0,51.26,new
JKTYRE, EQ,2026-10-06,340.3,342.25,338.05,339.35,339.0,338.85,354281,120354000.0,11290,,154531.0,43.62,new
JLHL, EQ,2026-10-06,258.85,258.85,252.0,253.85,253.8,253.9,46251,11726000.0,3833,,21216.0,45.87,new
JMA, EQ,2026-10-06,87.07,88.8,86.0,86.92,87.0,87.07,8435,735000.0,163,,5782.0,68.55,new
JMFINANCIL, EQ,2026-10-06,123.25,125.25,123.0,124.0,124.1,123.1,1300787,161669000.0,17989,,635509.0,48.86,new
JNKINDIA, EQ,2026-10-06,436.95,443.65,429.05,440.95,441.0,432.2,59918,26333999.999999996,3788,,28674.0,47.86,new
JNPR, EQ,2026-10-06,271.3,284.5,271.2,280.6,280.85,271.3,766346,213403000.00000003,20882,,373830.0,48.78,new
JOCIL, EQ,2026-10-06,147.84,149.69,147.0,148.47,147.62,147.84,937,138000.0,41,,753.0,80.36,new
JPOLYINVST, EQ,2026-10-06,892.9,929.0,892.9,923.9,928.0,891.2,2637,2405000.0,454,,1458.0,55.29,new
JPPOWER, EQ,2026-10-06,15.0,15.23,14.96,15.0,15.05,14.91,30812762,464830000.0,671977,,11166580.0,36.24,new
JSFB, EQ,2026-10-06,498.6,503.1,496.5,499.85,500.0,498.6,340187,170104000.0,20209,,217033.0,63.8,new
JSIPL, BE,2026-10-06,186.12,186.12,186.12,186.12,186.12,177.26,24283,4520000.0,285,,,,new
JSL, EQ,2026-10-06,742.5,759.6,742.05,750.95,750.0,742.0,476717,358925000.0,48556,,258122.0,54.15,new
JSLL, EQ,2026-10-06,450.95,456.7,440.0,441.25,442.95,449.9,742814,331874000.0,30097,,299844.0,40.37,new
JSWCEMENT, EQ,2026-10-06,111.35,113.6,110.48,113.2,113.5,111.09,1257168,141379000.0,39727,,671138.0,53.38,new
JSWDULUX, EQ,2026-10-06,2970.0,3019.8,2955.1,3004.8,3019.0,2964.8,17773,53163000.0,5999,,7658.0,43.09,new
JSWENERGY, EQ,2026-10-06,492.0,505.2,490.65,494.9,494.9,491.8,3951551,1968475000.0,55833,,2440042.0,61.75,new
JSWHL, EQ,2026-10-06,11380.0,11445.0,11265.0,11313.0,11350.0,11350.0,2550,28869000.0,1077,,1646.0,64.55,new
JSWINFRA, EQ,2026-10-06,361.5,366.95,359.4,363.05,364.0,359.4,2318315,841037000.0000001,44360,,1262786.0,54.47,new
JSWSTEEL, EQ,2026-10-06,1241.9,1261.5,1233.5,1259.6,1259.6,1235.3,1326118,1662698000.0,44457,,709424.0,53.5,new
JTEKTINDIA, EQ,2026-10-06,114.05,115.95,113.55,115.38,115.08,113.68,65534,7523000.0,1134,,33628.0,51.31,new
JTLIND, EQ,2026-10-06,84.9,86.54,83.57,84.53,84.3,84.98,3609155,304348000.0,11293,,586857.0,16.26,new
JUBLCPL, EQ,2026-10-06,2023.6,2063.9,1994.7,2003.5,2009.0,2021.8,4932,9978000.0,680,,3032.0,61.48,new
JUBLFOOD, EQ,2026-10-06,445.55,462.1,444.45,449.75,449.75,445.7,1587592,725614000.0,43011,,668915.0,42.13,new
JUBLINGREA, EQ,2026-10-06,633.2,647.9,629.15,644.25,645.95,632.2,188089,121023000.0,10791,,91870.0,48.84,new
JUBLPHARMA, EQ,2026-10-06,982.0,996.6,970.1,989.2,985.0,981.6,174777,172259000.0,17332,,102329.0,58.55,new
JUNIORBEES, EQ,2026-10-06,753.2,761.23,743.0,758.79,760.89,748.46,404843,305717000.0,14215,,266049.0,65.72,new
JUNIPER, EQ,2026-10-06,218.9,220.59,214.81,218.36,218.98,216.0,110549,24080000.0,4655,,43155.0,39.04,new
JUSTDIAL, EQ,2026-10-06,651.0,661.95,650.0,658.95,657.0,651.35,52473,34341000.0,2886,,20152.0,38.4,new
JWL, EQ,2026-10-06,223.5,226.9,221.78,224.64,225.0,223.44,775749,174333000.0,15727,,229792.0,29.62,new
JYOTHYLAB, EQ,2026-10-06,181.5,183.93,180.94,183.32,183.75,180.93,128353,23445000.0,6687,,74979.0,58.42,new
JYOTICNC, EQ,2026-10-06,1042.7,1077.0,1029.1,1073.1,1075.0,1029.6,557011,591303000.0,28891,,258087.0,46.33,new
JYOTIGLOBL, SM,2026-10-06,48.6,48.6,44.2,44.2,44.2,46.5,30000,1346000.0,15,,26000.0,86.67,new
JYOTIRES, EQ,2026-10-06,840.0,850.0,832.0,849.6,849.9,832.9,4245,3563000.0000000005,468,,2829.0,66.64,new
JYOTISTRUC, EQ,2026-10-06,8.61,8.99,8.61,8.94,8.97,8.67,3309242,29352000.0,3087,,1559667.0,47.13,new
K2INFRA, SM,2026-10-06,38.25,41.0,38.25,40.1,40.1,39.65,28800,1148000.0,48,,25200.0,87.5,new
KABRAEXTRU, BE,2026-10-06,795.4,824.9,771.05,815.7,817.95,799.4,51133,41159000.0,1187,,,,new
KAJARIACER, EQ,2026-10-06,1218.0,1229.8,1197.1,1213.8,1208.7,1214.4,388375,469926000.0,24519,,251598.0,64.78,new
KAKATCEM, EQ,2026-10-06,105.9,108.6,104.0,105.44,106.99,104.79,3216,340000.0,99,,2105.0,65.45,new
KALAMANDIR, EQ,2026-10-06,75.69,77.9,75.12,77.36,77.22,74.98,488052,37377000.0,5570,,191921.0,39.32,new
KALPATARU, EQ,2026-10-06,274.6,275.45,268.6,269.8,268.65,272.3,77594,20979000.0,915,,64694.0,83.38,new
KALYANIFRG, BE,2026-10-06,915.0,933.9,891.0,905.0,902.0,920.05,3045,2746000.0,198,,,,new
KALYANKJIL, EQ,2026-10-06,557.0,581.9,546.55,548.15,548.15,556.85,14873008,8385934000.0,150181,,3772741.0,25.37,new
KAMAHOLD, EQ,2026-10-06,2260.0,2319.0,2230.2,2253.3,2264.0,2229.3,1608,3624000.0,276,,669.0,41.6,new
KAMANWALA, EQ,2026-10-06,17.8,17.8,16.6,17.4,17.4,16.6,299,5000.0,11,,296.0,99.0,new
KAMATHOTEL, EQ,2026-10-06,249.65,264.89,249.64,258.82,259.5,245.99,574646,148876000.0,14881,,159856.0,27.82,new
KAMDHENU, EQ,2026-10-06,37.15,37.94,36.41,37.31,37.5,36.73,716062,26610000.000000004,4361,,379890.0,53.05,new
KAMOPAINTS, EQ,2026-10-06,4.11,4.19,4.1,4.11,4.13,4.11,120710,498000.00000000006,477,,96584.0,80.01,new
KANANIIND, EQ,2026-10-06,1.31,1.37,1.26,1.35,1.35,1.3,100373,135000.0,350,,93084.0,92.74,new
KANCHI, EQ,2026-10-06,375.0,381.45,365.1,371.65,374.9,378.7,1771,665000.0,103,,1339.0,75.61,new
KANCOTEA, EQ,2026-10-06,54.0,54.0,48.33,50.47,50.05,51.69,482,24000.0,20,,301.0,62.45,new
KANDARP, SM,2026-10-06,54.15,59.05,54.15,59.0,59.05,57.0,9000,509000.0,9,,7000.0,77.78,new
KANOHAR, EQ,2026-10-06,1037.0,1047.6,915.0,942.5,955.0,1020.25,11936772,11782042000.0,350959,,1344031.0,11.26,new
KANORICHEM, BE,2026-10-06,186.7,187.35,175.01,182.1,183.0,182.71,28727,5168000.0,346,,,,new
KANPRPLA, EQ,2026-10-06,256.7,257.0,245.0,250.9,252.5,252.24,9852,2484000.0,582,,5991.0,60.81,new
KANSAINER, EQ,2026-10-06,178.95,184.85,176.09,184.0,184.01,176.97,331156,59940000.0,16313,,162948.0,49.21,new
KAPSTON, EQ,2026-10-06,555.0,555.0,541.35,547.25,549.0,548.6,49283,27002999.999999996,2231,,27849.0,56.51,new
KARAMTARA, EQ,2026-10-06,421.0,444.0,414.1,438.8,443.7,416.3,3070483,1326919000.0,50698,,1099198.0,35.8,new
KARMAENG, EQ,2026-10-06,35.0,36.9,35.0,36.28,36.05,35.9,1261,46000.0,64,,912.0,72.32,new
KARNIKA, SM,2026-10-06,119.65,120.95,115.15,120.95,120.95,120.3,29000,3427000.0000000005,24,,20000.0,68.97,new
KARURVYSYA, EQ,2026-10-06,324.55,329.35,323.0,325.2,324.85,324.7,1631557,531947999.99999994,40720,,956488.0,58.62,new
KATARIA, ST,2026-10-06,160.0,164.75,159.0,162.6,162.9,161.15,9600,1550000.0,16,,9600.0,100.0,new
KAUSHALYA, BE,2026-10-06,834.0,843.9,804.05,822.7,806.1,813.35,188,157000.0,22,,,,new
KAVDEFENCE, BE,2026-10-06,83.9,85.55,83.9,85.55,85.55,81.48,167209,14280000.000000002,1009,,,,new
KAYA, BE,2026-10-06,300.3,308.9,295.0,305.55,308.0,306.7,8502,2567000.0,72,,,,new
KAYNES, EQ,2026-10-06,3430.8,3430.8,3333.0,3405.0,3405.0,3394.8,908631,3076555000.0,60260,,190963.0,21.02,new
KAYTEX, SM,2026-10-06,57.05,57.75,56.9,57.75,57.75,57.75,5600,321000.0,7,,5600.0,100.0,new
KCEIL, SM,2026-10-06,77.7,80.15,75.05,77.25,77.25,77.7,12000,930000.0000000001,20,,11000.0,91.67,new
KCK, ST,2026-10-06,15.0,15.0,14.4,15.0,15.0,14.65,152500,2268000.0,50,,152500.0,100.0,new
KCP, EQ,2026-10-06,155.6,158.99,151.35,154.41,155.0,155.61,200701,31019000.0,2782,,99488.0,49.57,new
KCPSUGIND, BE,2026-10-06,25.6,26.69,24.15,24.43,24.15,25.42,463776,11758000.0,1047,,,,new
KDDL, EQ,2026-10-06,3963.2,4073.9,3958.9,3999.9,3998.0,3943.4,19017,76522000.0,4590,,9890.0,52.01,new
KDGREEN, EQ,2026-10-06,46.83,51.43,46.83,49.19,49.0,48.29,47418,2328000.0,607,,22533.0,47.52,new
KDL, SM,2026-10-06,42.65,42.65,42.65,42.65,42.65,44.85,7500,320000.0,25,,7500.0,100.0,new
KEC, EQ,2026-10-06,373.7,376.95,369.05,374.9,375.0,370.55,941989,352897000.0,48888,,540450.0,57.37,new
KECL, EQ,2026-10-06,127.6,129.3,124.13,128.11,127.7,125.42,151467,19210000.0,2903,,94722.0,62.54,new
KEEPLEARN, EQ,2026-10-06,1.79,1.95,1.7,1.79,1.92,1.79,80648,148000.0,96,,65906.0,81.72,new
KEI, EQ,2026-10-06,4626.2,4639.0,4557.4,4557.4,4557.4,4638.2,413199,1900854000.0,34576,,244382.0,59.14,new
KELLTONTEC, EQ,2026-10-06,12.12,12.5,12.1,12.41,12.38,12.18,1263362,15459000.0,3801,,557934.0,44.16,new
KEN, SM,2026-10-06,41.35,42.85,41.35,42.85,42.85,42.25,6000,254999.99999999997,5,,6000.0,100.0,new
KENNAMET, EQ,2026-10-06,4193.6,4301.9,4193.6,4268.6,4264.0,4193.7,18118,77266000.0,4828,,8577.0,47.34,new
KERNEX, EQ,2026-10-06,1660.0,1770.0,1658.9,1749.7,1748.9,1661.8,208295,359258000.0,18068,,93138.0,44.71,new
KESORAMIND, EQ,2026-10-06,10.27,10.76,10.27,10.76,10.76,10.25,595493,6358000.0,1376,,345129.0,57.96,new
KEYFINSERV, EQ,2026-10-06,247.9,247.9,235.33,241.53,241.0,237.01,631,153000.0,33,,448.0,71.0,new
KFINTECH, EQ,2026-10-06,870.0,887.0,858.65,863.8,863.8,867.5,518303,451545000.0,26756,,176247.0,34.0,new
KHADIM, BE,2026-10-06,114.9,115.0,114.7,114.7,114.7,115.4,4001,459999.99999999994,42,,,,new
KHAICHEM, EQ,2026-10-06,48.85,48.99,48.01,48.73,48.5,48.03,130507,6324000.0,1206,,70905.0,54.33,new
KHAITANLTD, EQ,2026-10-06,143.0,146.9,139.4,145.6,145.5,144.31,1721,248000.0,48,,1161.0,67.46,new
KHANDSE, EQ,2026-10-06,17.58,17.58,16.52,16.97,17.0,16.92,153,3000.0,25,,124.0,81.05,new
KHERIAAUTO, ST,2026-10-06,90.75,91.0,87.15,89.45,91.0,91.7,123600,10885000.0,84,,103200.0,83.5,new
KICL, EQ,2026-10-06,4664.0,4837.5,4664.0,4808.3,4810.0,4709.8,686,3289000.0,142,,546.0,79.59,new
KILITCH, EQ,2026-10-06,244.0,267.8,236.3,260.7,261.0,233.74,661834,169204000.0,14893,,229116.0,34.62,new
KIMS, EQ,2026-10-06,710.15,711.95,691.0,693.4,694.0,705.45,913768,635839000.0,48856,,576683.0,63.11,new
KINGFA, EQ,2026-10-06,6700.0,6996.0,6676.5,6932.0,6949.0,6669.0,24558,169079000.0,6999,,10276.0,41.84,new
KIOCL, EQ,2026-10-06,326.2,347.95,324.3,344.6,345.0,322.65,139535,47167000.0,6560,,51842.0,37.15,new
KIRANVYPAR, EQ,2026-10-06,178.19,182.9,176.0,177.05,177.0,179.99,997,177000.0,47,,700.0,70.21,new
KIRIINDUS, EQ,2026-10-06,544.0,567.7,544.0,564.1,563.2,542.4,712617,399846000.0,20856,,403556.0,56.63,new
KIRLFER, EQ,2026-10-06,461.1,475.05,461.1,472.75,471.9,465.0,57417,27041000.000000004,3398,,31748.0,55.29,new
KIRLOSBROS, EQ,2026-10-06,1746.5,1765.0,1735.1,1745.3,1740.0,1742.4,26434,46242000.0,5001,,10714.0,40.53,new
KIRLOSENG, EQ,2026-10-06,2258.8,2275.5,2221.0,2266.1,2267.2,2243.7,392965,883435000.0,53317,,148282.0,37.73,new
KIRLOSIND, EQ,2026-10-06,3529.0,3600.5,3471.0,3542.5,3503.5,3467.0,8925,31654000.000000004,1746,,4019.0,45.03,new
KIRLPNU, EQ,2026-10-06,675.0,714.45,672.5,710.85,710.0,677.6,250315,174167000.0,16537,,176907.0,70.67,new
KISSHT, EQ,2026-10-06,381.0,384.75,375.3,383.1,381.25,379.2,692711,263617999.99999997,19207,,274010.0,39.56,new
KITEX, EQ,2026-10-06,117.71,121.48,116.84,118.96,118.7,118.02,266370,31810000.000000004,4773,,114052.0,42.82,new
KJMCFIN, EQ,2026-10-06,59.32,59.32,57.2,59.03,58.3,58.25,737,44000.0,16,,369.0,50.07,new
KKCL, EQ,2026-10-06,475.0,475.95,461.55,474.55,474.5,470.4,14216,6678000.0,880,,9622.0,67.68,new
KKJEWELS, SM,2026-10-06,96.95,99.9,96.95,99.9,99.9,94.8,8000,786000.0,6,,8000.0,100.0,new
KKVAPOW, SM,2026-10-06,290.1,290.1,290.1,290.1,290.1,305.0,342,99000.0,2,,342.0,100.0,new
KLBRENG-B, EQ,2026-10-06,523.0,537.0,520.0,528.4,531.0,524.3,147354,78130000.0,5238,,77340.0,52.49,new
KLL, ST,2026-10-06,40.95,41.2,39.3,40.9,40.9,39.25,21600,880000.0000000001,22,,20000.0,92.59,new
KMCSHIL, EQ,2026-10-06,171.39,171.39,165.5,170.36,170.9,169.38,346101,58240000.0,6528,,105886.0,30.59,new
KMEW, EQ,2026-10-06,3028.0,3242.0,2996.1,3202.3,3196.0,2992.5,268808,851698000.0,44113,,100250.0,37.29,new
KMSUGAR, BE,2026-10-06,27.16,27.49,26.3,26.53,26.88,26.96,117055,3136000.0,450,,,,new
KNACK, EQ,2026-10-06,190.45,201.32,188.15,197.34,197.0,188.91,2606145,509568000.0,36975,,1240636.0,47.6,new
KNAGRI, EQ,2026-10-06,201.7,209.1,201.7,205.0,204.0,198.83,4087,842000.0,157,,2900.0,70.96,new
KNRCON, EQ,2026-10-06,111.96,116.41,111.96,115.65,115.9,111.89,1452660,167033000.0,15750,,472832.0,32.55,new
KODYTECH, ST,2026-10-06,1580.0,1593.8,1550.0,1556.55,1560.0,1576.8,8800,13891000.0,47,,8600.0,97.73,new
KOHINOOR, EQ,2026-10-06,29.02,29.69,28.71,28.89,28.97,28.95,105472,3053000.0,2267,,28325.0,26.86,new
KOKUYOCMLN, EQ,2026-10-06,75.82,76.0,74.0,74.57,74.85,75.82,23294,1737000.0,343,,19705.0,84.59,new
KOLTEPATIL, EQ,2026-10-06,427.5,437.2,427.15,433.55,432.2,430.45,55259,23918000.0,2696,,29418.0,53.24,new
KONSTELEC, ST,2026-10-06,53.4,53.5,49.95,50.0,50.0,51.0,11000,564000.0,10,,9000.0,81.82,new
KONTOR, SM,2026-10-06,56.75,56.75,54.5,54.5,54.5,50.0,1800,100000.0,3,,1200.0,66.67,new
KOPRAN, EQ,2026-10-06,268.7,274.7,265.0,269.6,270.0,268.7,359825,97121000.0,5884,,128661.0,35.76,new
KORE, ST,2026-10-06,200.55,200.55,191.95,195.0,195.0,191.0,3750,730000.0,10,,3750.0,100.0,new
KOTAKBANK, EQ,2026-10-06,422.0,435.3,421.3,431.9,431.9,416.0,40021922,17260889000.0,303701,,25500459.0,63.72,new
KOTARISUG, BE,2026-10-06,25.5,26.99,25.5,26.15,26.65,25.83,46264,1222000.0,194,,,,new
KOTHARIPET, EQ,2026-10-06,127.59,129.59,125.6,127.53,128.73,125.53,42054,5371000.0,990,,17621.0,41.9,new
KOTHARIPRO, EQ,2026-10-06,65.76,65.76,63.5,64.64,65.0,63.44,1756,112999.99999999999,114,,1076.0,61.28,new
KOTIC, EQ,2026-10-06,150.24,152.47,146.0,147.33,146.9,148.68,4545,675000.0,231,,2310.0,50.83,new
KOTYARK, EQ,2026-10-06,28.86,30.25,26.51,29.98,29.05,28.26,516636,14997000.0,1927,,336375.0,65.11,new
KOVAI, EQ,2026-10-06,5925.5,5994.0,5924.0,5936.0,5924.0,5963.0,4135,24553000.0,706,,2757.0,66.67,new
KPEL, EQ,2026-10-06,215.0,217.89,212.1,215.47,215.01,213.74,207525,44503000.0,5435,,83068.0,40.03,new
KPIGREEN, EQ,2026-10-06,326.3,335.45,319.1,326.8,326.9,321.85,1238987,404380000.0,34321,,356945.0,28.81,new
KPIL, EQ,2026-10-06,1378.8,1490.0,1378.8,1451.5,1455.0,1378.8,652356,949218000.0,46056,,254586.0,39.03,new
KPITTECH, EQ,2026-10-06,490.3,497.9,488.3,492.7,492.7,489.5,965926,475905000.0,19417,,384518.0,39.81,new
KPL, EQ,2026-10-06,3644.2,3777.0,3580.5,3745.0,3767.8,3644.2,29281,108260999.99999999,4991,,16080.0,54.92,new
KPRMILL, EQ,2026-10-06,1080.5,1103.0,1074.1,1100.4,1102.0,1072.6,75276,82252000.0,9746,,27919.0,37.09,new
KRBL, EQ,2026-10-06,382.5,402.45,381.55,389.15,388.0,382.15,688266,270184000.0,20723,,270545.0,39.31,new
KREBSBIO, EQ,2026-10-06,63.65,63.65,57.2,58.86,59.0,63.96,81033,4814000.0,1282,,50276.0,62.04,new
KRIDHANINF, EQ,2026-10-06,1.93,1.93,1.88,1.88,1.88,1.89,9034,17000.0,34,,7117.0,78.78,new
KRISHANA, EQ,2026-10-06,190.0,196.5,186.52,193.66,194.0,185.83,1697639,325891000.0,10700,,847523.0,49.92,new
KRISHCA, SM,2026-10-06,209.0,213.0,204.05,209.9,209.0,203.65,16000,3339000.0,27,,10500.0,65.63,new
KRISHIVAL, EQ,2026-10-06,406.05,408.0,403.5,404.45,405.0,406.5,2752,1117000.0,164,,1886.0,68.53,new
KRISHNADEF, EQ,2026-10-06,1294.0,1329.0,1226.1,1312.3,1319.0,1201.0,1729929,2206237000.0,99314,,199407.0,11.53,new
KRITI, EQ,2026-10-06,61.99,61.99,58.15,60.03,60.0,60.92,7079,422000.0,184,,6145.0,86.81,new
KRITIKA, EQ,2026-10-06,4.99,4.99,4.7,4.95,4.98,4.78,55178,271000.0,346,,44240.0,80.18,new
KRITINUT, EQ,2026-10-06,70.11,72.72,70.11,72.61,72.6,69.26,9501,687000.0,225,,7841.0,82.53,new
KRMAYURVED, SM,2026-10-06,273.0,293.0,273.0,291.8,292.8,271.9,76000,21501000.0,69,,43000.0,56.58,new
KRN, EQ,2026-10-06,1402.2,1462.3,1400.0,1462.3,1462.3,1392.7,105952,154029000.0,5190,,72972.0,68.87,new
KRONOX, BE,2026-10-06,196.81,206.65,191.3,206.65,206.65,196.81,39741,8104000.000000001,285,,,,new
KROSS, EQ,2026-10-06,253.6,256.2,244.75,253.2,255.0,253.6,458241,115049000.0,11696,,184474.0,40.26,new
KRSNAA, EQ,2026-10-06,558.95,564.0,550.0,552.7,553.4,559.35,33501,18589000.0,4294,,20066.0,59.9,new
KRT, RR,2026-10-06,112.5,112.87,111.81,112.4,112.1,112.57,886926,99620000.0,8596,,806425.0,90.92,new
KRYSTAL, EQ,2026-10-06,654.65,674.0,640.0,656.65,659.0,654.65,15827,10447000.0,1261,,7527.0,47.56,new
KSB, EQ,2026-10-06,805.0,814.3,793.05,809.1,805.0,803.95,139737,112200000.0,10256,,73744.0,52.77,new
KSCL, EQ,2026-10-06,702.85,723.55,702.05,717.45,718.2,701.55,170806,121977000.0,7998,,50360.0,29.48,new
KSE, EQ,2026-10-06,173.0,178.8,173.0,176.86,178.8,174.6,6800,1199000.0,243,,6405.0,94.19,new
KSHINTL, EQ,2026-10-06,1036.0,1054.8,1025.0,1034.1,1033.5,1036.7,281870,292570000.0,36773,,142435.0,50.53,new
KSHITIJPOL, BE,2026-10-06,3.57,3.93,3.57,3.64,3.8,3.75,20575662,75981000.0,4066,,,,new
KSL, EQ,2026-10-06,923.0,949.0,923.0,942.8,939.05,921.3,65980,62076000.0,4071,,27286.0,41.35,new
KSOLVES, EQ,2026-10-06,246.97,251.0,245.0,248.96,248.8,248.86,21403,5306000.0,1012,,12142.0,56.73,new
KSR, BE,2026-10-06,38.35,39.99,38.0,38.3,38.11,38.35,18875,734000.0,46,,,,new
KTKBANK, EQ,2026-10-06,329.0,329.9,323.0,324.25,325.0,326.75,1512757,492814000.00000006,28609,,906136.0,59.9,new
KUANTUM, EQ,2026-10-06,77.43,77.57,74.6,75.31,75.61,76.43,66071,5022000.0,1395,,35387.0,53.56,new
KUSUMGAR, EQ,2026-10-06,603.0,631.95,601.2,611.0,610.15,602.0,329899,204348000.0,12780,,127876.0,38.76,new
KWIL, EQ,2026-10-06,38.1,38.87,37.99,38.29,38.37,37.88,5805866,222946999.99999997,21873,,2336103.0,40.24,new
LADDERUP, BE,2026-10-06,50.25,52.2,50.25,52.2,52.2,52.16,33,2000.0,4,,,,new
LAGNAM, EQ,2026-10-06,76.7,76.7,68.83,73.59,73.5,71.1,1365,98000.0,31,,1186.0,86.89,new
LAHOTIOV, EQ,2026-10-06,39.03,40.0,39.0,39.12,39.5,39.98,5017,200000.0,42,,4645.0,92.59,new
LAKPRE, BZ,2026-10-06,5.0,5.25,5.0,5.25,5.25,5.25,331,2000.0,8,,,,new
LAKSHMIMIL, EQ,2026-10-06,7800.0,7991.5,7600.0,7733.5,7871.0,7855.0,115,896000.0000000001,35,,108.0,93.91,new
LAKSHYA, SM,2026-10-06,95.0,95.0,93.0,93.05,93.0,97.05,20000,1873999.9999999998,14,,16800.0,84.0,new
LAL, EQ,2026-10-06,8.45,8.79,8.36,8.5,8.59,8.45,13135,112000.00000000001,74,,11476.0,87.37,new
LALITHAA, EQ,2026-10-06,395.8,408.25,389.95,405.45,405.75,392.6,2951065,1177322000.0,33124,,1182835.0,40.08,new
LALPATHLAB, EQ,2026-10-06,1993.2,2018.7,1945.9,1964.2,1952.0,1971.3,245709,487229000.0,25351,,129769.0,52.81,new
LAMBODHARA, EQ,2026-10-06,126.6,142.0,126.6,135.95,136.2,126.51,67140,9135000.0,1639,,18609.0,27.72,new
LAMOSAIC, ST,2026-10-06,47.05,49.3,44.95,47.7,49.3,47.3,81600,3743000.0,85,,72000.0,88.24,new
LANCER, EQ,2026-10-06,11.49,11.49,11.16,11.28,11.3,11.15,184522,2082999.9999999998,593,,132347.0,71.72,new
LANCORHOL, BE,2026-10-06,31.84,32.5,31.06,32.21,32.5,31.22,25327,805000.0000000001,120,,,,new
LANDMARK, EQ,2026-10-06,475.0,484.0,469.85,480.6,483.0,470.7,71976,34396000.0,2791,,27028.0,37.55,new
LANDSMILL, EQ,2026-10-06,1.02,1.05,0.93,0.93,0.93,1.03,11262310,10852000.0,1832,,6227293.0,55.29,new
LAOPALA, EQ,2026-10-06,154.0,159.9,154.0,159.07,158.46,154.47,125550,19714000.0,4025,,57608.0,45.88,new
LARGEMID50, EQ,2026-10-06,34.51,34.63,34.46,34.63,34.63,34.31,25,1000.0,8,,23.0,92.0,new
LASERPOWER, EQ,2026-10-06,271.0,279.95,265.85,278.8,279.5,267.75,681633,186746000.0,10536,,298191.0,43.75,new
LATENTVIEW, EQ,2026-10-06,237.0,238.77,232.5,233.28,234.97,235.68,267880,62812000.0,7654,,136096.0,50.8,new
LATTEYS, EQ,2026-10-06,20.41,23.98,20.41,21.89,21.7,20.4,135856,2956000.0,467,,101474.0,74.69,new
LAURUSLABS, EQ,2026-10-06,1968.9,2054.9,1958.0,2050.0,2050.0,1971.4,2197316,4414933000.0,57291,,1270771.0,57.83,new
LAXMICOT, EQ,2026-10-06,12.91,13.29,12.43,12.63,12.5,12.91,8119,104000.0,90,,5812.0,71.59,new
LAXMIDENTL, EQ,2026-10-06,190.54,192.38,188.21,190.53,191.68,190.54,34854,6641000.0,1161,,20654.0,59.26,new
LAXMIINDIA, EQ,2026-10-06,114.4,114.96,111.0,111.59,112.1,112.94,110943,12474000.0,2446,,64434.0,58.08,new
LCCINFOTEC, BE,2026-10-06,3.78,3.78,3.53,3.59,3.65,3.71,69594,247000.00000000003,106,,,,new
LCCPROJECT, EQ,2026-10-06,142.03,146.9,138.8,144.08,144.56,148.44,1374162,196822000.0,16227,,317251.0,23.09,new
LCL, EQ,2026-10-06,582.7,634.45,581.55,627.55,629.1,578.95,2300964,1424414000.0,88493,,780930.0,33.94,new
LEAPIND, EQ,2026-10-06,142.88,145.48,141.94,142.48,142.2,141.35,1035046,148577000.0,17175,,308886.0,29.84,new
LEENEE, BE,2026-10-06,7.49,7.79,7.12,7.39,7.44,7.49,13445,98000.0,60,,,,new
LEMERITE, EQ,2026-10-06,20.6,20.6,19.4,19.8,19.89,20.04,142615,2844000.0,257,,27997.0,19.63,new
LEMONTREE, EQ,2026-10-06,107.86,110.5,107.5,110.12,109.8,107.86,4208738,458737000.0,38133,,1672819.0,39.75,new
LENSKART, EQ,2026-10-06,692.15,695.0,682.5,684.85,685.0,692.75,2891155,1987734999.9999998,69347,,1668478.0,57.71,new
LEXUS, EQ,2026-10-06,10.91,10.93,10.5,10.81,10.7,10.81,11175,120000.0,145,,8758.0,78.37,new
LFIC, EQ,2026-10-06,128.0,133.0,127.2,130.42,133.0,128.62,434,56000.00000000001,39,,239.0,55.07,new
LGBBROSLTD, EQ,2026-10-06,1674.9,1674.9,1640.0,1657.8,1670.0,1663.5,27432,45452000.0,4048,,17353.0,63.26,new
LGEINDIA, EQ,2026-10-06,1775.0,1789.6,1750.0,1758.6,1758.8,1770.9,687055,1214227000.0,43659,,340381.0,49.54,new
LGHL, EQ,2026-10-06,224.0,224.0,210.0,213.69,214.89,213.99,18433,3942000.0,670,,5461.0,29.63,new
LIBAS, EQ,2026-10-06,11.42,12.0,11.0,11.51,11.65,11.21,128333,1456000.0,181,,52938.0,41.25,new
LIBERTSHOE, EQ,2026-10-06,212.44,219.5,211.71,218.57,218.99,212.42,14502,3143000.0,676,,9034.0,62.29,new
LICHSGFIN, EQ,2026-10-06,505.3,507.55,498.85,502.0,502.0,505.0,1198970,602494000.0,15491,,509768.0,42.52,new
LICI, EQ,2026-10-06,390.0,392.2,386.5,390.0,390.0,388.7,3373619,1316111000.0,30163,,1933522.0,57.31,new
LICMFGOLD, EQ,2026-10-06,132.3,132.35,131.25,132.0,131.8,132.35,77864,10259000.0,572,,42357.0,54.4,new
LICNETFGSC, EQ,2026-10-06,29.25,29.25,28.99,29.02,29.0,28.99,5566,162000.0,80,,4571.0,82.12,new
LICNETFN50, EQ,2026-10-06,255.04,255.84,253.87,255.83,255.83,254.27,80,20000.0,15,,73.0,91.25,new
LICNETFSEN, EQ,2026-10-06,866.0,866.0,823.0,823.0,823.0,822.49,2,2000.0,2,,1.0,50.0,new
LICNFNHGP, EQ,2026-10-06,261.09,266.28,261.04,262.4,262.4,261.09,83,22000.0,10,,52.0,62.65,new
LICNMID100, EQ,2026-10-06,59.22,59.85,59.07,59.62,59.63,59.48,2932,175000.0,56,,2440.0,83.22,new
LIKHITHA, EQ,2026-10-06,225.47,228.68,223.51,226.66,225.77,227.43,24710,5587000.0,1079,,11411.0,46.18,new
LINC, EQ,2026-10-06,87.53,88.6,87.0,88.25,87.81,87.53,4395,387000.0,153,,3310.0,75.31,new
LINCOLN, EQ,2026-10-06,573.4,586.65,569.2,577.8,581.0,567.2,15982,9193000.0,1348,,8688.0,54.36,new
LINDEINDIA, EQ,2026-10-06,6030.0,6171.0,6029.5,6152.5,6166.0,6041.0,17348,106276000.0,5443,,9132.0,52.64,new
LIQGRWBEES, EQ,2026-10-06,1058.3,1058.32,1058.3,1058.31,1058.3,1058.17,85518,90504000.0,288,,67652.0,79.11,new
LIQUID, EQ,2026-10-06,999.99,1000.0,999.99,999.99,1000.0,999.99,104280,104280000.0,164,,79295.0,76.04,new
LIQUID1, EQ,2026-10-06,1133.66,1133.66,1125.66,1125.67,1125.66,1125.52,748917,843036000.0,1581,,568866.0,75.96,new
LIQUIDADD, EQ,2026-10-06,1147.86,1147.88,1147.86,1147.87,1147.88,1147.71,260081,298539000.0,250,,149391.0,57.44,new
LIQUIDBEES, EQ,2026-10-06,999.99,1000.01,999.99,999.99,1000.01,999.99,2902299,2902289000.0,4385,,2288906.0,78.87,new
LIQUIDBETA, EQ,2026-10-06,1010.85,1010.85,1010.85,1010.85,1010.85,1010.57,1,1000.0,1,,1.0,100.0,new
LIQUIDBETF, EQ,2026-10-06,1101.75,1101.77,1101.75,1101.75,1101.77,1101.63,218906,241181000.0,76,,189550.0,86.59,new
LIQUIDCASE, EQ,2026-10-06,116.25,116.25,116.23,116.23,116.25,116.22,22378418,2601294000.0,20002,,16343533.0,73.03,new
LIQUIDETF, EQ,2026-10-06,1000.0,1000.01,999.99,1000.0,1000.0,1000.0,124477,124477000.0,287,,90098.0,72.38,new
LIQUIDIETF, EQ,2026-10-06,999.99,1000.01,999.99,999.99,1000.0,999.99,209100,209100000.0,196,,109194.0,52.22,new
LIQUIDPLUS, EQ,2026-10-06,1107.99,1111.63,1104.99,1106.32,1106.33,1106.1,411888,455684000.0,294,,371541.0,90.2,new
LIQUIDSBI, EQ,2026-10-06,999.99,1000.01,999.99,999.99,999.99,1000.01,2452,2452000.0,19,,2402.0,97.96,new
LIQUIDSHRI, EQ,2026-10-06,1124.4,1124.42,1124.4,1124.42,1124.42,1124.28,11502,12933000.000000002,22,,7395.0,64.29,new
LKPSEC, EQ,2026-10-06,14.58,14.58,13.8,14.3,14.0,14.26,9479,135000.0,161,,6568.0,69.29,new
LLOYDS, SM,2026-10-06,62.0,62.0,62.0,62.0,62.0,62.0,1000,62000.0,1,,1000.0,100.0,new
LLOYDSENGG, EQ,2026-10-06,102.86,103.79,99.63,101.15,101.15,102.2,10878549,1103088000.0,53107,,4180619.0,38.43,new
LLOYDSENT, EQ,2026-10-06,80.04,81.84,78.17,78.83,78.66,79.63,3341137,266883000.0,17786,,1539950.0,46.09,new
LLOYDSME, EQ,2026-10-06,1834.0,1869.0,1827.1,1858.2,1856.0,1802.5,569041,1051902000.0,43076,,251026.0,44.11,new
LMW, EQ,2026-10-06,16620.0,17101.0,16534.0,16910.0,17079.0,16530.0,3635,61396000.0,1518,,1949.0,53.62,new
LODHA, EQ,2026-10-06,1125.0,1141.9,1119.3,1135.6,1135.6,1132.5,1572481,1781008000.0000002,44238,,913740.0,58.11,new
LOKESHMACH, EQ,2026-10-06,438.7,471.2,431.25,455.7,451.5,446.25,687289,312566000.0,27611,,235826.0,34.31,new
LORDSCHLO, EQ,2026-10-06,138.2,145.25,137.35,139.21,139.9,137.66,37635,5319000.0,1097,,25809.0,68.58,new
LOTUSCHO, EQ,2026-10-06,562.0,585.0,549.0,579.65,585.0,536.8,6149,3485000.0,581,,5342.0,86.88,new
LOTUSDEV, BE,2026-10-06,237.89,248.1,230.83,244.73,241.53,237.89,1512350,365633000.0,6833,,,,new
LOTUSEYE, EQ,2026-10-06,114.85,115.8,114.85,115.37,115.8,115.61,12509,1444000.0,112,,10930.0,87.38,new
LOVABLE, EQ,2026-10-06,69.0,70.5,68.25,69.0,69.4,68.8,2810,195000.0,108,,2188.0,77.86,new
LOWVOL, EQ,2026-10-06,196.04,196.04,191.64,193.43,193.25,192.2,709,137000.0,27,,407.0,57.4,new
LOWVOL1, EQ,2026-10-06,19.71,20.18,19.61,19.85,19.7,19.58,784855,15516999.999999998,12746,,638079.0,81.3,new
LOWVOLIETF, EQ,2026-10-06,20.76,20.81,20.56,20.69,20.64,20.56,1227270,25465000.0,13683,,877184.0,71.47,new
LOYALTEX, EQ,2026-10-06,205.2,207.0,205.2,207.0,207.0,206.5,11,2000.0,2,,11.0,100.0,new
LPDC, EQ,2026-10-06,6.29,6.3,6.15,6.23,6.21,6.3,20099,125000.0,151,,16388.0,81.54,new
LRRPL, SM,2026-10-06,101.0,101.0,100.7,100.7,100.7,106.0,7500,756000.0,5,,7500.0,100.0,new
LT, EQ,2026-10-06,3742.5,3774.1,3730.0,3770.0,3770.0,3750.0,1994276,7482303999.999999,85491,,1234768.0,61.92,new
LTF, EQ,2026-10-06,264.0,265.3,261.4,264.4,264.4,263.75,3148329,829819000.0,33601,,1508390.0,47.91,new
LTFOODS, EQ,2026-10-06,405.8,416.6,405.45,408.15,409.35,405.8,285857,117388000.00000001,14039,,91054.0,31.85,new
LTGILTBEES, EQ,2026-10-06,28.49,29.58,28.49,29.54,29.54,29.49,2142939,63220000.00000001,681,,1704916.0,79.56,new
LTGILTCASE, EQ,2026-10-06,30.13,30.13,30.04,30.08,30.09,30.09,321728,9674000.0,621,,318104.0,98.87,new
LTM, EQ,2026-10-06,4011.9,4036.2,3952.1,3971.1,3971.1,4010.0,176859,703533000.0,16336,,50527.0,28.57,new
LTTS, EQ,2026-10-06,3219.5,3258.3,3185.0,3246.0,3252.0,3219.5,40233,129338000.00000001,12415,,16804.0,41.77,new
LUMAXIND, EQ,2026-10-06,5439.5,5510.5,5396.0,5435.5,5430.0,5439.0,7818,42602000.0,2402,,3928.0,50.24,new
LUMAXTECH, EQ,2026-10-06,1990.0,1990.0,1842.5,1856.9,1848.0,1967.6,311867,588545000.0,37967,,138639.0,44.45,new
LUMINO, EQ,2026-10-06,99.48,103.1,97.5,101.67,102.8,98.88,5939874,593637000.0,27580,,1726133.0,29.06,new
LUPIN, EQ,2026-10-06,2011.0,2031.4,2003.0,2029.3,2029.3,2011.0,1066347,2158561000.0,46799,,737775.0,69.19,new
LUXIND, EQ,2026-10-06,1169.7,1195.0,1165.0,1177.0,1178.0,1183.9,25557,30191000.000000004,3237,,8835.0,34.57,new
LXCHEM, EQ,2026-10-06,177.15,190.9,177.15,188.86,189.2,177.08,4355804,816600000.0,45949,,1433896.0,32.92,new
LYKALABS, BE,2026-10-06,77.48,78.39,75.0,75.26,75.8,77.48,42595,3232000.0,143,,,,new
M&M, EQ,2026-10-06,2849.0,2866.0,2837.3,2855.0,2855.0,2857.6,2611087,7443736000.0,106207,,1751923.0,67.1,new
M&MFIN, EQ,2026-10-06,327.0,329.85,322.3,327.75,329.05,326.2,1798943,584511000.0,38486,,1068793.0,59.41,new
MAANALU, EQ,2026-10-06,106.0,106.57,103.1,105.03,105.0,104.98,43861,4608000.0,1730,,20189.0,46.03,new
MACOBSTECH, SM,2026-10-06,194.0,203.7,194.0,203.7,203.7,202.0,4000,785000.0,3,,4000.0,100.0,new
MACPOWER, EQ,2026-10-06,2198.5,2198.5,2044.1,2090.1,2097.0,2160.5,44507,94223000.0,6580,,18970.0,42.62,new
MADHAV, EQ,2026-10-06,33.6,35.44,33.6,33.93,34.25,34.08,10225,345000.0,75,,5392.0,52.73,new
MADHAVBAUG, ST,2026-10-06,177.0,177.9,173.0,173.0,173.0,173.4,8800,1555000.0,15,,8800.0,100.0,new
MADHAVIPL, EQ,2026-10-06,7.26,7.45,7.21,7.35,7.37,7.26,76389,560000.0,197,,63740.0,83.44,new
MADHUCON, EQ,2026-10-06,3.88,4.05,3.79,3.96,3.96,3.88,24076,94000.0,59,,20953.0,87.03,new
MADHURKNIT, SM,2026-10-06,55.0,56.7,54.0,55.1,55.1,55.8,16800,927999.9999999999,14,,14400.0,85.71,new
MADHUSUDAN, ST,2026-10-06,230.0,232.0,227.15,227.15,227.15,235.0,3000,689000.0,3,,3000.0,100.0,new
MADRASFERT, EQ,2026-10-06,58.4,59.5,57.61,58.98,59.5,57.61,30663,1800000.0,705,,16413.0,53.53,new
MAFANG, EQ,2026-10-06,263.9,283.35,259.21,276.13,278.38,259.42,1473840,403485000.0,29494,,639275.0,43.37,new
MAFATIND, EQ,2026-10-06,111.0,116.8,109.81,115.64,116.0,109.26,37850,4294000.0,1358,,29064.0,76.79,new
MAGADSUGAR, EQ,2026-10-06,547.5,566.6,542.85,552.45,552.65,539.4,57458,31905000.0,3321,,14361.0,24.99,new
MAGNUM, EQ,2026-10-06,18.17,18.6,18.05,18.19,18.18,18.26,5858,107000.0,94,,3865.0,65.98,new
MAGSON, SM,2026-10-06,189.0,192.0,182.05,183.0,183.0,185.5,36000,6745000.0,25,,35000.0,97.22,new
MAHABANK, EQ,2026-10-06,81.0,81.3,80.02,80.8,80.8,80.9,8455689,680558000.0,42526,,4384892.0,51.86,new
MAHAPEXLTD, EQ,2026-10-06,51.0,51.99,49.23,50.84,50.0,50.46,1786,90000.0,61,,1675.0,93.78,new
MAHASTEEL, BE,2026-10-06,1162.0,1162.0,1131.4,1139.3,1132.1,1167.1,892,1021000.0000000001,136,,,,new
MAHEPC, EQ,2026-10-06,96.75,99.8,95.18,98.97,99.49,96.75,10718,1052000.0,413,,7643.0,71.31,new
MAHESHWARI, EQ,2026-10-06,72.48,72.48,70.53,71.44,71.44,72.48,999,71000.0,31,,812.0,81.28,new
MAHKTECH, EQ,2026-10-06,22.1,22.44,21.99,22.25,22.3,21.99,477678,10604000.0,3924,,367261.0,76.88,new
MAHLIFE, EQ,2026-10-06,351.0,353.7,346.05,352.2,353.7,351.1,101799,35627000.0,5484,,47856.0,47.01,new
MAHLOG, EQ,2026-10-06,403.5,417.25,403.5,415.05,416.5,406.75,89588,36982000.0,5460,,46353.0,51.74,new
MAHSCOOTER, EQ,2026-10-06,12465.0,12567.0,12281.0,12315.0,12318.0,12507.0,5136,63351000.0,2435,,2879.0,56.06,new
MAHSEAMLES, EQ,2026-10-06,686.1,696.0,683.0,685.7,683.0,685.05,219713,151440000.0,21920,,132813.0,60.45,new
MAITHANALL, EQ,2026-10-06,914.9,923.7,908.05,911.0,912.0,905.6,26492,24193000.0,2449,,13450.0,50.77,new
MAITREYA, SM,2026-10-06,113.05,116.0,113.05,113.5,113.5,117.4,4800,551000.0,10,,4000.0,83.33,new
MAJESAUT, BE,2026-10-06,360.5,370.5,360.5,369.15,369.75,365.8,1540,568000.0,86,,,,new
MAKEINDIA, EQ,2026-10-06,156.82,157.92,154.97,157.0,157.21,154.82,21627,3379999.9999999995,340,,13060.0,60.39,new
MAKERSL, EQ,2026-10-06,177.01,186.99,177.0,183.0,183.0,177.4,296,54000.0,49,,207.0,69.93,new
MAL, ST,2026-10-06,37.55,38.0,37.5,38.0,38.0,39.05,19200,722000.0,10,,17600.0,91.67,new
MALLCOM, EQ,2026-10-06,912.35,924.75,892.2,903.3,910.0,911.65,5552,5059000.0,313,,5028.0,90.56,new
MALUPAPER, EQ,2026-10-06,31.19,32.94,30.95,32.4,32.5,31.19,13408,429000.0,162,,9486.0,70.75,new
MAMATA, EQ,2026-10-06,404.9,404.9,394.0,395.65,395.0,402.95,73276,29150000.0,2226,,43847.0,59.84,new
MANAKALUCO, EQ,2026-10-06,33.4,34.44,33.1,33.24,33.5,33.66,35396,1180000.0,450,,27447.0,77.54,new
MANAKCOAT, EQ,2026-10-06,126.1,131.49,125.95,129.32,131.0,126.17,367367,47424000.0,2438,,303867.0,82.71,new
MANAKSIA, EQ,2026-10-06,58.8,59.79,57.57,59.05,59.42,57.99,50235,2936000.0,1269,,22294.0,44.38,new
MANAKSTEEL, BE,2026-10-06,103.45,108.88,100.35,108.88,108.88,103.7,51919,5475000.0,230,,,,new
MANALIPETC, EQ,2026-10-06,88.0,92.8,87.45,92.36,92.0,87.19,10482494,955176000.0,52131,,1855016.0,17.7,new
MANAPPURAM, EQ,2026-10-06,311.4,312.95,305.95,310.2,310.2,310.7,3956853,1221100000.0,27853,,1902645.0,48.08,new
MANBA, EQ,2026-10-06,140.08,142.0,138.5,141.35,141.0,138.6,43633,6103000.0,539,,22229.0,50.95,new
MANCREDIT, EQ,2026-10-06,225.9,238.0,221.41,231.9,232.98,221.1,213610,49375000.0,3059,,34858.0,16.32,new
MANGALAM, EQ,2026-10-06,29.01,32.0,28.98,31.86,31.99,29.19,50506,1553000.0,577,,30183.0,59.76,new
MANGLMCEM, EQ,2026-10-06,990.0,994.65,982.25,988.1,994.65,990.8,24374,24092000.0,1445,,13731.0,56.33,new
MANIKA, EQ,2026-10-06,43.5,51.73,42.55,51.52,51.56,43.11,8545846,413604000.0,29873,,3237068.0,37.88,new
MANILAM, SM,2026-10-06,35.3,36.2,32.5,34.85,35.0,36.0,66000,2264000.0,26,,48000.0,72.73,new
MANINDS, EQ,2026-10-06,885.1,928.0,882.05,922.05,924.1,888.25,456249,418406000.00000006,23763,,172953.0,37.91,new
MANINFRA, EQ,2026-10-06,123.3,124.99,122.35,123.24,123.39,123.78,1146888,142140000.0,5329,,455771.0,39.74,new
MANIPALHOS, EQ,2026-10-06,675.6,695.0,668.05,690.5,695.0,667.0,822841,559803000.0,29658,,338550.0,41.14,new
MANKIND, EQ,2026-10-06,2481.0,2508.9,2464.5,2500.0,2500.0,2479.0,297524,741843000.0,22661,,161521.0,54.29,new
MANOMAY, EQ,2026-10-06,240.7,242.65,235.65,240.14,239.15,237.09,174673,41968000.0,6045,,17699.0,10.13,new
MANORAMA, EQ,2026-10-06,1960.0,1999.8,1960.0,1985.6,1986.0,1944.9,207581,412380000.0,17579,,91538.0,44.1,new
MANORG, EQ,2026-10-06,431.0,444.85,426.1,436.1,440.0,432.3,7004,3047000.0,235,,6186.0,88.32,new
MANUFGBEES, EQ,2026-10-06,153.49,156.0,153.38,155.23,155.65,153.14,2710,419000.00000000006,138,,2263.0,83.51,new
MANUGRAPH, BE,2026-10-06,16.29,16.58,15.6,16.45,16.58,16.3,40356,651000.0,186,,,,new
MANYAVAR, EQ,2026-10-06,516.0,529.0,500.15,505.4,509.0,521.3,187727,95713000.0,14390,,79524.0,42.36,new
MAPMYINDIA, EQ,2026-10-06,882.9,900.9,867.2,896.6,898.1,873.4,81899,72765000.0,7868,,32697.0,39.92,new
MARALOVER, EQ,2026-10-06,58.5,59.0,57.0,57.99,57.48,57.59,3906,227000.0,126,,3155.0,80.77,new
MARATHON, EQ,2026-10-06,381.4,386.6,373.2,374.6,374.8,380.3,163989,61972000.0,3705,,123072.0,75.05,new
MARC, ST,2026-10-06,144.95,148.45,144.95,148.45,148.45,141.4,19200,2831000.0,15,,18000.0,93.75,new
MARCO, SM,2026-10-06,29.6,29.6,28.9,28.9,28.9,29.0,4500,131000.0,3,,3000.0,66.67,new
MARICO, EQ,2026-10-06,796.95,796.95,784.5,794.15,794.15,790.0,1467158,1159491000.0,49358,,835828.0,56.97,new
MARINE, EQ,2026-10-06,473.85,490.0,461.4,478.85,477.2,469.15,2220066,1061117000.0,52808,,764122.0,34.42,new
MARKOLINES, EQ,2026-10-06,169.81,170.69,168.73,170.41,170.15,169.29,52816,8975000.0,461,,22296.0,42.21,new
MARKSANS, EQ,2026-10-06,332.75,341.95,322.2,324.4,325.7,331.65,3112693,1029664000.0,64216,,1470493.0,47.24,new
MARSONS, EQ,2026-10-06,114.63,122.73,114.31,119.24,120.44,114.3,3015676,358858000.0,19570,,1186000.0,39.33,new
MARUSHIKA, SM,2026-10-06,116.0,117.0,114.0,114.0,114.0,116.0,25200,2908000.0,15,,24000.0,95.24,new
MARUTI, EQ,2026-10-06,11485.0,11625.0,11451.0,11625.0,11625.0,11532.0,263958,3048175000.0,29392,,127080.0,48.14,new
MASFIN, EQ,2026-10-06,265.0,269.9,265.0,266.9,266.5,267.75,94219,25213000.0,3226,,50281.0,53.37,new
MASKINVEST, EQ,2026-10-06,142.0,147.49,140.0,147.49,147.49,142.37,93,13000.0,14,,92.0,98.92,new
MASON, SM,2026-10-06,105.0,105.0,103.85,104.35,104.0,103.55,9500,992000.0,18,,7000.0,73.68,new
MASPTOP50, EQ,2026-10-06,108.16,117.79,106.02,111.05,111.72,107.09,2426241,274817000.0,20588,,878571.0,36.21,new
MASTEK, EQ,2026-10-06,1604.5,1624.7,1591.1,1616.3,1617.8,1608.2,66881,107998000.0,10417,,29694.0,44.4,new
MASTER, SM,2026-10-06,390.15,411.0,390.0,410.5,411.0,408.5,3000,1207000.0,6,,2000.0,66.67,new
MASTERTR, EQ,2026-10-06,81.8,83.23,81.68,82.62,83.0,81.13,127755,10522000.0,631,,46279.0,36.22,new
MATRIMONY, EQ,2026-10-06,508.6,521.4,503.15,509.6,513.0,514.05,7753,3965000.0,586,,3756.0,48.45,new
MAWANASUG, EQ,2026-10-06,148.96,152.99,145.92,147.89,147.6,145.96,436659,65136000.0,8094,,142272.0,32.58,new
MAXESTATES, EQ,2026-10-06,564.0,578.45,559.4,564.95,566.5,563.4,111480,63386000.0,6958,,34688.0,31.12,new
MAXHEALTH, EQ,2026-10-06,921.55,921.6,892.25,902.5,902.5,917.0,2407174,2173287000.0,62453,,1197186.0,49.73,new
MAXIND, EQ,2026-10-06,150.0,168.0,150.0,165.84,165.0,150.13,422790,69090000.0,7219,,135391.0,32.02,new
MAXPOSURE, SM,2026-10-06,35.6,35.6,35.0,35.0,35.0,36.0,3000,106000.0,3,,2000.0,66.67,new
MAXVOLT, SM,2026-10-06,413.0,440.9,412.15,440.75,440.9,419.95,69600,30370999.999999996,141,,54400.0,78.16,new
MAYASHEEL, SM,2026-10-06,36.45,36.45,36.2,36.2,36.2,32.9,6000,218000.00000000003,2,,6000.0,100.0,new
MAYURUNIQ, EQ,2026-10-06,713.0,766.0,710.05,761.15,758.75,706.55,181493,135605000.0,9789,,109838.0,60.52,new
MAZDA, BE,2026-10-06,284.0,289.9,275.55,283.4,283.95,282.9,18785,5309000.0,275,,,,new
MAZDOCK, EQ,2026-10-06,2080.0,2111.0,2078.8,2101.0,2101.0,2074.0,403608,846534000.0,22287,,118366.0,29.33,new
MBAPL, EQ,2026-10-06,164.0,167.5,164.0,166.95,167.0,163.66,444655,73819000.0,5196,,235966.0,53.07,new
MBECL, BE,2026-10-06,513.9,513.9,493.8,493.8,493.8,503.85,18808,9482000.0,273,,,,new
MBEL, EQ,2026-10-06,246.2,258.25,246.2,255.41,255.5,247.63,116396,29543000.0,4940,,52356.0,44.98,new
MBLINFRA, EQ,2026-10-06,23.16,25.09,23.16,25.05,25.09,23.9,209858,5236000.0,682,,122976.0,58.6,new
MCCHRLS-B, EQ,2026-10-06,665.0,679.0,620.0,674.25,665.0,683.15,460,299000.0,70,,327.0,71.09,new
MCL, EQ,2026-10-06,53.49,54.97,52.8,54.82,54.96,52.08,58157,3145000.0,1468,,41188.0,70.82,new
MCLEODRUSS, EQ,2026-10-06,41.57,43.65,41.52,42.6,42.5,41.58,206559,8879000.0,1093,,128249.0,62.09,new
MCLOUD, EQ,2026-10-06,24.88,25.05,24.45,24.85,25.02,24.54,1349922,33522000.000000004,3271,,423893.0,31.4,new
MCON, SM,2026-10-06,40.0,40.0,39.0,39.95,39.95,40.25,9000,353000.0,7,,8000.0,88.89,new
MCX, EQ,2026-10-06,3195.0,3323.0,3185.0,3310.0,3310.0,3181.7,1520917,4968605000.0,89254,,620597.0,40.8,new
MDL, SM,2026-10-06,56.5,59.7,56.0,58.35,59.7,64.9,7000,398000.0,7,,5000.0,71.43,new
MEDANTA, EQ,2026-10-06,1336.1,1344.7,1282.0,1300.8,1306.9,1332.6,378275,492558000.0,38019,,231294.0,61.14,new
MEDIASSIST, EQ,2026-10-06,299.9,308.35,297.0,306.25,304.5,297.2,183195,55316000.0,12782,,100638.0,54.93,new
MEDICAMEQ, BE,2026-10-06,308.0,317.85,304.0,311.95,312.0,308.0,14802,4580000.0,265,,,,new
MEDICAPQ, BE,2026-10-06,24.26,24.99,24.26,24.99,24.99,24.75,705,17000.0,14,,,,new
MEDICO, EQ,2026-10-06,21.94,22.4,21.21,22.17,22.25,21.68,125095,2747000.0,1010,,66184.0,52.91,new
MEDPLUS, EQ,2026-10-06,649.9,655.55,642.1,651.45,651.65,644.4,121423,78915000.0,13551,,68140.0,56.12,new
MEESHO, EQ,2026-10-06,229.0,244.0,228.51,238.22,238.0,226.5,39917541,9515812000.0,300447,,9892898.0,24.78,new
MEGAFLEX, SM,2026-10-06,120.0,120.25,120.0,120.25,120.25,114.55,2000,240000.0,2,,2000.0,100.0,new
MEGASTAR, EQ,2026-10-06,267.87,297.65,263.11,289.97,292.0,267.87,6688,1882999.9999999998,257,,5061.0,75.67,new
MEGATHERM, SM,2026-10-06,252.0,252.0,239.25,245.9,245.9,248.5,37600,9165000.0,67,,28800.0,76.6,new
MEIL, EQ,2026-10-06,256.65,268.5,256.65,263.45,263.4,256.65,52828,13901000.0,1689,,24282.0,45.96,new
MENNPIS, BE,2026-10-06,70.98,70.98,70.0,70.19,70.1,70.55,14117,994000.0,110,,,,new
MENONBE, EQ,2026-10-06,285.0,309.65,285.0,304.95,309.0,286.0,189774,57272000.0,5589,,73576.0,38.77,new
MEP, BZ,2026-10-06,0.66,0.67,0.66,0.67,0.67,0.66,39561,26000.0,29,,,,new
MERCANTILE, EQ,2026-10-06,22.45,23.79,22.0,22.85,22.86,22.45,4008,91000.0,46,,3812.0,95.11,new
MERCURYEV, EQ,2026-10-06,37.0,37.89,36.75,36.97,37.49,36.81,95003,3534000.0000000005,1334,,47265.0,49.75,new
METAL, EQ,2026-10-06,12.92,12.92,12.57,12.72,12.73,12.61,1523264,19367000.0,4842,,1043100.0,68.48,new
METALIC, ST,2026-10-06,176.05,184.0,172.9,172.9,172.9,181.95,84800,14961000.000000002,46,,68800.0,81.13,new
METALIETF, EQ,2026-10-06,12.71,12.72,12.55,12.63,12.64,12.55,4178947,52917999.99999999,7514,,2390041.0,57.19,new
METROBRAND, EQ,2026-10-06,822.95,822.95,807.3,818.85,818.0,812.5,32863,26768000.0,4198,,18034.0,54.88,new
METROGLOBL, EQ,2026-10-06,134.0,134.0,127.1,130.0,130.0,132.97,455,59000.0,23,,421.0,92.53,new
METROPOLIS, EQ,2026-10-06,565.35,565.35,537.6,552.65,546.0,553.6,367729,201351000.0,25375,,145191.0,39.48,new
MFML, EQ,2026-10-06,18.5,19.54,18.16,19.19,19.5,18.16,478,9000.0,26,,413.0,86.4,new
MFSL, EQ,2026-10-06,1350.0,1362.7,1330.2,1361.0,1361.0,1348.0,2855802,3851918000.0,51216,,1900280.0,66.54,new
MGEL, EQ,2026-10-06,15.68,16.08,15.41,15.78,15.98,15.79,578303,9120000.0,1538,,376426.0,65.09,new
MGL, EQ,2026-10-06,1041.5,1048.4,1033.0,1039.8,1039.2,1043.7,57016,59187000.0,9104,,26303.0,46.13,new
MGSL, SM,2026-10-06,59.45,59.95,58.5,58.95,58.5,59.45,10800,642000.0,9,,9600.0,88.89,new
MHLXMIRU, BE,2026-10-06,166.4,177.95,166.4,171.12,170.33,171.0,2836,497000.0,37,,,,new
MHRIL, EQ,2026-10-06,194.81,197.25,194.31,196.71,195.0,194.81,41115,8059999.999999999,1998,,25222.0,61.35,new
MICEL, BE,2026-10-06,35.0,35.0,34.6,34.6,34.6,35.28,81646,2835000.0,533,,,,new
MID150, EQ,2026-10-06,22.12,22.74,22.12,22.31,22.44,22.12,103001,2298000.0,210,,44986.0,43.68,new
MID150BEES, EQ,2026-10-06,226.26,228.5,224.55,227.52,228.45,224.92,826150,187442000.0,10604,,632939.0,76.61,new
MID150CASE, EQ,2026-10-06,11.22,11.22,10.95,11.06,11.1,10.95,987103,10898000.0,2980,,594052.0,60.18,new
MIDBANKADD, EQ,2026-10-06,16.63,16.63,16.48,16.48,16.48,16.61,2417,40000.0,30,,2321.0,96.03,new
MIDCAP, EQ,2026-10-06,17.31,17.58,17.26,17.42,17.45,17.31,270504,4712000.0,916,,139892.0,51.72,new
MIDCAPADD, EQ,2026-10-06,21.91,22.7,21.84,22.21,21.88,21.82,102527,2255000.0,49,,98281.0,95.86,new
MIDCAPBETA, EQ,2026-10-06,221.33,222.34,219.52,222.14,222.34,219.14,333,74000.0,28,,263.0,78.98,new
MIDCAPETF, EQ,2026-10-06,22.37,22.5,22.24,22.42,22.5,22.23,3690091,82650000.0,10657,,2654146.0,71.93,new
MIDCAPIETF, EQ,2026-10-06,22.58,22.87,22.5,22.73,22.8,22.49,549270,12464000.0,2000,,297881.0,54.23,new
MIDHANI, EQ,2026-10-06,441.0,465.85,439.7,462.35,461.5,440.1,2140471,982370000.0000001,58168,,769319.0,35.94,new
MIDQ50ADD, EQ,2026-10-06,23.68,24.2,23.27,23.83,23.91,23.54,38640,919000.0,206,,22717.0,58.79,new
MIDSELIETF, EQ,2026-10-06,18.5,18.75,18.21,18.67,18.6,18.49,193871,3607000.0,536,,138836.0,71.61,new
MIDSMALL, EQ,2026-10-06,49.26,50.35,48.91,50.32,50.35,49.59,241661,12128000.0,511,,201702.0,83.46,new
MIDWESTLTD, EQ,2026-10-06,925.0,1006.2,919.3,1006.2,1006.2,914.75,61917,60065000.0,3480,,28864.0,46.62,new
MIEL, SM,2026-10-06,13.0,13.0,12.5,12.5,12.5,13.1,4000,51000.0,2,,4000.0,100.0,new
MIIL, EQ,2026-10-06,685.0,692.45,671.6,675.5,683.1,670.4,68421,46599000.0,1550,,40199.0,58.75,new
MILKYMIST, BE,2026-10-06,303.95,319.2,301.0,319.2,319.2,304.0,1662386,524074000.0,11948,,,,new
MINALIND, BE,2026-10-06,4.17,4.17,4.17,4.17,4.17,4.25,2521,11000.0,6,,,,new
MINDACORP, EQ,2026-10-06,648.0,661.5,648.0,659.6,661.0,647.85,149067,98088000.0,13955,,67509.0,45.29,new
MINDSPACE, RR,2026-10-06,499.88,500.8,496.0,496.63,496.91,497.72,116357,57946000.0,12060,,100665.0,86.51,new
MINDTECK, EQ,2026-10-06,151.31,154.02,138.53,143.72,142.65,151.31,111163,16097000.0,2955,,73444.0,66.07,new
MIRZAINT, EQ,2026-10-06,27.65,28.34,27.36,27.72,28.04,27.83,74096,2053000.0,689,,45297.0,61.13,new
MITCON, EQ,2026-10-06,81.14,82.0,78.56,79.35,79.0,81.14,3935,314000.0,72,,2360.0,59.97,new
MITTAL, EQ,2026-10-06,0.7,0.72,0.69,0.71,0.72,0.7,1139464,808000.0,267,,524520.0,46.03,new
MKEXIM, EQ,2026-10-06,67.0,67.0,64.47,64.59,64.47,66.32,3449,224000.00000000003,63,,3006.0,87.16,new
MKPL, EQ,2026-10-06,3.97,4.6,3.9,3.99,4.0,3.9,359653,1473000.0,494,,159403.0,44.32,new
MLKFOOD, EQ,2026-10-06,84.59,85.65,81.05,84.66,85.38,84.59,13390,1133000.0,141,,10578.0,79.0,new
MMEL, SM,2026-10-06,27.25,27.25,27.0,27.0,27.0,28.5,6000,163000.0,3,,6000.0,100.0,new
MMFL, EQ,2026-10-06,550.0,583.0,550.0,579.15,579.0,552.5,80544,46194000.0,5357,,37127.0,46.1,new
MMP, EQ,2026-10-06,473.3,485.1,463.4,480.55,485.0,468.05,51091,24221000.0,2619,,29970.0,58.66,new
MMTC, EQ,2026-10-06,57.16,57.52,56.65,57.01,57.0,56.33,653249,37242000.0,7562,,244769.0,37.47,new
MMWL, EQ,2026-10-06,17.14,17.14,17.14,17.14,17.14,16.33,44579,764000.0,63,,44578.0,100.0,new
MNC, EQ,2026-10-06,31.38,31.59,30.85,31.48,31.36,30.95,33839,1056000.0,391,,23942.0,70.75,new
MOALPHA50, EQ,2026-10-06,53.66,54.6,53.66,54.34,54.58,53.66,3952,215000.0,60,,3345.0,84.64,new
MOBANK10, EQ,2026-10-06,16.28,16.79,16.27,16.43,16.41,16.22,1436,24000.0,47,,1294.0,90.11,new
MOBIKWIK, EQ,2026-10-06,203.04,242.14,202.06,242.14,242.14,201.79,58640687,13509449000.0,432767,,6759235.0,11.53,new
MOCAPITAL, EQ,2026-10-06,52.4,52.92,51.45,52.89,52.91,51.37,457066,24008000.0,2543,,269901.0,59.05,new
MODEFENCE, EQ,2026-10-06,101.53,102.5,100.52,102.41,102.5,100.54,793992,80942000.0,5651,,492248.0,62.0,new
MODINATUR, EQ,2026-10-06,330.0,334.95,315.0,317.5,319.9,325.05,8478,2756000.0,216,,8091.0,95.44,new
MODIRUBBER, EQ,2026-10-06,121.0,121.6,118.0,118.58,118.3,121.85,2252,268000.0,73,,1511.0,67.1,new
MODIS, EQ,2026-10-06,380.0,387.0,370.0,380.85,381.0,372.25,38246,14506000.0,853,,13713.0,35.85,new
MODISONLTD, BE,2026-10-06,467.95,491.3,452.0,491.3,491.3,467.95,57126,27449000.0,978,,,,new
MODTHREAD, EQ,2026-10-06,46.34,55.88,46.34,48.99,48.99,46.58,618,31000.0,60,,430.0,69.58,new
MOENERGY, EQ,2026-10-06,37.61,37.61,36.71,37.11,37.15,36.87,66850,2480000.0,459,,45650.0,68.29,new
MOGOLD, EQ,2026-10-06,145.5,145.55,143.85,145.35,145.05,145.55,25184,3647999.9999999995,293,,20583.0,81.73,new
MOGSEC, EQ,2026-10-06,65.49,65.5,64.4,64.86,64.53,64.61,436710,28299000.0,70,,435431.0,99.71,new
MOHEALTH, EQ,2026-10-06,50.48,51.4,49.85,50.86,50.86,49.99,30847,1557000.0,478,,22931.0,74.34,new
MOHITE, EQ,2026-10-06,2.5,2.54,2.4,2.49,2.44,2.43,86578,212000.0,81,,80344.0,92.8,new
MOHITIND, EQ,2026-10-06,22.51,22.98,22.27,22.78,22.63,22.64,1859,42000.0,45,,1744.0,93.81,new
MOIL, EQ,2026-10-06,237.0,240.4,236.94,239.2,239.25,236.49,228758,54646000.0,5542,,88642.0,38.75,new
MOINFRA, EQ,2026-10-06,56.27,56.98,56.0,56.67,56.98,56.11,2574,146000.0,37,,2451.0,95.22,new
MOIPO, EQ,2026-10-06,46.23,46.84,46.19,46.74,46.84,47.31,5556,258000.0,69,,5490.0,98.81,new
MOKSH, EQ,2026-10-06,9.07,9.7,9.07,9.31,9.25,9.31,91299,842000.0,324,,47404.0,51.92,new
MOL, EQ,2026-10-06,55.0,61.85,54.88,60.25,60.39,54.83,1833781,108193000.0,12871,,577071.0,31.47,new
MOLBIO, EQ,2026-10-06,1509.4,1540.0,1475.0,1501.1,1493.0,1503.4,1128691,1697754000.0,54285,,159334.0,14.12,new
MOLDTECH, BE,2026-10-06,217.77,220.0,215.01,216.72,218.0,213.5,52216,11344000.0,853,,,,new
MOLDTKPAC, EQ,2026-10-06,682.0,694.0,670.25,678.0,676.0,680.7,90503,61989000.0,4945,,38545.0,42.59,new
MOLOWVOL, EQ,2026-10-06,34.09,34.43,34.09,34.25,34.43,33.95,76357,2610000.0,25,,56226.0,73.64,new
MOM100, EQ,2026-10-06,64.19,64.95,63.6,64.6,64.78,63.68,436902,28092000.0,2096,,282916.0,64.76,new
MOM30IETF, EQ,2026-10-06,30.56,30.56,29.98,30.47,30.53,29.96,552255,16794000.0,1115,,359044.0,65.01,new
MOM50, EQ,2026-10-06,240.32,240.32,237.0,238.46,238.25,235.61,13336,3172000.0,104,,10153.0,76.13,new
MOMENTUM, EQ,2026-10-06,30.32,30.4,29.4,30.25,30.4,29.73,61600,1854000.0,155,,48976.0,79.51,new
MOMENTUM30, EQ,2026-10-06,29.75,30.07,29.69,29.8,30.07,29.42,639784,19081000.0,102,,627722.0,98.11,new
MOMENTUM50, EQ,2026-10-06,52.64,53.46,52.25,53.24,53.41,52.21,400877,21240000.0,14480,,236480.0,58.99,new
MOMETAL, EQ,2026-10-06,12.53,12.66,12.52,12.62,12.62,12.55,11500,145000.0,34,,9220.0,80.17,new
MOMGF, EQ,2026-10-06,152.0,153.94,152.0,153.92,153.94,152.03,1438,220000.00000000003,23,,1030.0,71.63,new
MOMIDMTM, EQ,2026-10-06,61.71,62.31,61.48,62.14,62.3,61.09,51021,3168000.0,249,,41713.0,81.76,new
MOMMIDCAP, EQ,2026-10-06,12.16,12.75,12.16,12.61,12.62,12.41,918394,11570000.0,273,,823482.0,89.67,new
MOMNC, EQ,2026-10-06,30.25,31.1,30.25,30.72,30.59,30.0,1561,47000.0,25,,1408.0,90.2,new
MOMOMENTUM, EQ,2026-10-06,60.75,60.86,59.56,60.72,60.86,59.56,35609,2153000.0,302,,25219.0,70.82,new
MOMSBELIEF, EQ,2026-10-06,228.4,234.8,224.21,232.64,232.4,228.74,86445,19872000.0,1642,,42104.0,48.71,new
MON100, EQ,2026-10-06,331.84,331.84,325.0,330.43,330.04,325.35,689763,226998999.99999997,16215,,420775.0,61.0,new
MON50EQUAL, EQ,2026-10-06,31.87,31.99,31.12,31.79,31.51,31.1,4717,148000.0,59,,2620.0,55.54,new
MONARCH, EQ,2026-10-06,346.0,353.55,341.8,344.65,344.0,348.65,83365,28939000.0,2160,,54822.0,65.76,new
MONEXT50, EQ,2026-10-06,69.5,69.97,69.42,69.8,69.8,69.16,14915,1043000.0,49,,14909.0,99.96,new
MONEYBOXX, BE,2026-10-06,52.03,53.9,52.03,53.48,53.24,54.76,24999,1310000.0,86,,,,new
MONEYVIEW, EQ,2026-10-06,51.8,53.0,48.34,50.5,50.59,51.51,151735994,7573914999.999999,307095,,18399124.0,12.13,new
MONIFTY100, EQ,2026-10-06,24.08,24.08,23.86,23.91,23.86,23.8,64739,1553000.0,70,,64249.0,99.24,new
MONIFTY500, EQ,2026-10-06,22.67,22.85,22.51,22.74,22.78,22.53,359516,8147000.0,1075,,288766.0,80.32,new
MONOLITH, SM,2026-10-06,1223.6,1279.0,1223.6,1239.85,1230.0,1229.05,21000,26332000.0,75,,14000.0,66.67,new
MONOPHARMA, SM,2026-10-06,8.3,8.3,8.3,8.3,8.3,8.55,2000,17000.0,1,,2000.0,100.0,new
MONQ50, EQ,2026-10-06,204.9,240.69,200.0,219.2,222.5,200.6,3041295,669792000.0,38747,,668785.0,21.99,new
MONTECARLO, EQ,2026-10-06,520.0,527.35,518.0,524.3,523.0,516.9,17793,9326000.0,1300,,10757.0,60.46,new
MOOILGAS, EQ,2026-10-06,10.57,11.0,10.53,10.74,10.73,10.57,33923,361000.0,59,,28145.0,82.97,new
MOPSE, EQ,2026-10-06,93.05,95.57,93.05,94.99,94.99,94.95,3159,300000.0,13,,2915.0,92.28,new
MOQUALITY, EQ,2026-10-06,190.37,196.2,187.65,191.38,190.44,190.65,5140,971000.0000000001,73,,5091.0,99.05,new
MOREALTY, EQ,2026-10-06,82.95,84.63,82.95,83.96,84.29,83.89,162773,13672999.999999998,1033,,84917.0,52.17,new
MOREPENLAB, EQ,2026-10-06,135.7,145.25,135.61,143.96,144.49,135.29,22422554,3180777000.0,105552,,5862961.0,26.15,new
MOS, SM,2026-10-06,6.3,6.4,6.0,6.0,6.0,6.3,476000,2876000.0,77,,216000.0,45.38,new
MOSCHIP, EQ,2026-10-06,196.79,199.49,190.78,197.7,197.85,195.84,1094914,216276000.00000003,13873,,472497.0,43.15,new
MOSERVICE, EQ,2026-10-06,30.2,30.2,29.25,29.33,29.33,29.21,199,6000.0,33,,152.0,76.38,new
MOSILVER, EQ,2026-10-06,218.08,218.45,215.66,218.15,217.61,218.63,48465,10538000.0,446,,35535.0,73.32,new
MOSMALL250, EQ,2026-10-06,17.87,18.0,17.72,17.95,17.97,17.72,751052,13441999.999999998,1644,,488000.0,64.98,new
MOTHERSON, EQ,2026-10-06,156.28,160.69,155.68,160.0,160.0,156.5,7313345,1163587000.0,48068,,3711009.0,50.74,new
MOTILALOFS, EQ,2026-10-06,1019.5,1086.0,1017.1,1081.15,1081.15,1011.1,2179004,2307065000.0,53066,,753360.0,34.57,new
MOTISONS, EQ,2026-10-06,17.98,18.12,17.5,17.61,17.61,17.74,14292565,254660000.0,17972,,2578736.0,18.04,new
MOTOGENFIN, EQ,2026-10-06,24.9,26.0,24.45,25.77,25.84,24.53,39767,1009000.0,428,,35433.0,89.1,new
MOTOUR, EQ,2026-10-06,75.58,76.8,75.58,76.55,76.8,75.19,5598,426000.0,96,,4988.0,89.1,new
MOVALUE, EQ,2026-10-06,106.82,107.88,106.5,106.86,107.0,106.82,52125,5576000.0,629,,41997.0,80.57,new
MPEL, SM,2026-10-06,22.75,25.05,22.75,22.8,22.75,23.9,2419200,55595000.00000001,202,,1859200.0,76.85,new
MPHASIS, EQ,2026-10-06,2290.0,2306.0,2265.5,2298.0,2298.0,2297.1,286928,655775000.0,19324,,159366.0,55.54,new
MPIMANIPAL, EQ,2026-10-06,394.9,394.9,363.7,366.05,366.1,389.7,1189124,445828000.0,36443,,400413.0,33.67,new
MPSLTD, EQ,2026-10-06,2667.0,2729.9,2628.1,2681.2,2652.2,2637.4,9345,25053000.0,2117,,4808.0,51.45,new
MRF, EQ,2026-10-06,123500.0,124560.0,123250.0,124080.0,124280.0,123330.0,2176,269519000.0,1627,,827.0,38.01,new
MRIL, ST,2026-10-06,70.0,70.0,68.6,68.6,68.6,72.2,17600,1210000.0,11,,14400.0,81.82,new
MRPL, EQ,2026-10-06,173.0,176.95,171.11,174.72,175.11,172.43,9705261,1689923000.0,63510,,2253632.0,23.22,new
MSCI360, EQ,2026-10-06,9.56,9.6,9.56,9.56,9.56,9.56,1624,16000.0,29,,1622.0,99.88,new
MSCIADD, EQ,2026-10-06,27.84,28.03,27.84,28.03,28.03,28.27,421,12000.0,28,,307.0,72.92,new
MSCIINDIA, EQ,2026-10-06,28.16,28.42,28.04,28.37,28.42,28.04,5043,143000.0,65,,4359.0,86.44,new
MSL, EQ,2026-10-06,148.45,148.45,139.0,140.0,139.0,148.45,632,89000.0,43,,493.0,78.01,new
MSPL, EQ,2026-10-06,31.51,32.64,31.1,32.34,32.49,31.65,538757,17331000.0,2454,,284175.0,52.75,new
MSTCLTD, EQ,2026-10-06,694.0,725.6,693.95,714.3,715.05,693.75,174093,124438000.00000001,8939,,74594.0,42.85,new
MSUMI, EQ,2026-10-06,32.96,33.38,32.81,33.31,33.28,32.89,3809743,126189000.00000001,19044,,1751791.0,45.98,new
MTARTECH, BE,2026-10-06,7512.0,7789.0,7426.0,7718.5,7723.0,7654.0,98802,757751000.0,14348,,,,new
MTEDUCARE, BE,2026-10-06,1.71,1.71,1.6,1.63,1.63,1.68,31691,52000.0,42,,,,new
MTNL, EQ,2026-10-06,23.24,23.58,23.2,23.28,23.24,23.19,893842,20846000.0,3058,,332688.0,37.22,new
MUFIN, EQ,2026-10-06,133.3,136.45,132.25,135.17,135.0,132.89,2282224,308025000.0,7197,,811713.0,35.57,new
MUFTI, EQ,2026-10-06,69.7,70.5,69.0,69.61,70.0,69.7,58819,4088000.0000000005,899,,33199.0,56.44,new
MUKANDLTD, EQ,2026-10-06,182.2,184.95,175.0,181.55,178.61,182.2,476026,86252000.0,7901,,194645.0,40.89,new
MUKKA, BE,2026-10-06,26.59,27.2,26.26,26.97,27.06,26.67,112572,3016000.0,522,,,,new
MUKTAARTS, EQ,2026-10-06,54.3,59.99,53.1,57.04,57.98,54.89,904,51000.0,28,,535.0,59.18,new
MULTICAP, EQ,2026-10-06,15.99,16.15,15.86,16.02,16.01,15.83,171855,2743000.0,403,,109207.0,63.55,new
MUNISH, SM,2026-10-06,86.45,86.45,86.45,86.45,86.45,86.45,1200,104000.0,1,,1200.0,100.0,new
MUNJALAU, EQ,2026-10-06,106.45,106.98,103.74,105.33,105.95,105.56,355586,37447000.0,9810,,140422.0,39.49,new
MUNJALSHOW, EQ,2026-10-06,125.7,127.0,124.18,124.82,124.45,124.03,16146,2028000.0,602,,7782.0,48.2,new
MURUDCERA, EQ,2026-10-06,28.7,28.7,27.56,27.97,27.6,28.01,17500,490000.00000000006,103,,14882.0,85.04,new
MUTHOOTCAP, EQ,2026-10-06,229.05,229.05,210.74,216.42,216.8,219.33,6595,1426000.0,425,,4932.0,74.78,new
MUTHOOTFIN, EQ,2026-10-06,2722.9,2724.1,2679.0,2686.0,2686.0,2716.4,369508,994685000.0,36350,,184521.0,49.94,new
MUTHOOTMF, EQ,2026-10-06,176.38,179.19,173.12,176.76,174.4,176.38,193467,33877000.0,4544,,73680.0,38.08,new
MVELECTRO, EQ,2026-10-06,913.9,970.0,913.5,933.1,931.0,897.55,4326577,4086750000.0,148487,,386787.0,8.94,new
MVGJL, EQ,2026-10-06,208.4,208.4,201.12,203.16,202.7,204.36,120816,24669000.0,3244,,50564.0,41.85,new
MVKAGRO, SM,2026-10-06,226.95,227.0,217.25,217.3,217.25,228.65,57300,12595000.0,102,,49500.0,86.39,new
MWL, EQ,2026-10-06,41.33,41.93,41.02,41.66,41.55,41.53,358670,14888999.999999998,1547,,193624.0,53.98,new
MYMUDRA, SM,2026-10-06,75.85,83.6,75.5,82.7,82.4,72.65,141600,11422000.0,108,,127200.0,89.83,new
MYSORPETRO, BE,2026-10-06,117.98,119.9,112.71,117.13,117.0,115.88,3104,359000.0,49,,,,new
NACLIND, EQ,2026-10-06,131.83,137.4,130.96,136.63,137.0,130.29,375897,50703000.0,6914,,159829.0,42.52,new
NAGREEKCAP, EQ,2026-10-06,24.56,27.88,24.56,27.25,27.88,25.49,17101,458000.0,110,,13866.0,81.08,new
NAGREEKEXP, EQ,2026-10-06,20.7,22.48,20.7,21.97,22.18,20.87,4503,98000.0,81,,3792.0,84.21,new
NAHARCAP, EQ,2026-10-06,231.6,239.7,230.0,234.66,233.75,233.82,1700,398000.0,65,,1431.0,84.18,new
NAHARINDUS, EQ,2026-10-06,128.15,129.67,126.25,127.66,127.66,127.08,12859,1645000.0,381,,9316.0,72.45,new
NAHARPOLY, EQ,2026-10-06,223.34,225.0,219.99,220.36,221.5,222.21,5593,1239000.0,427,,4968.0,88.83,new
NAHARSPING, EQ,2026-10-06,254.35,259.85,253.0,257.4,255.55,250.15,10252,2633000.0,294,,5457.0,53.23,new
NAM-INDIA, EQ,2026-10-06,1067.9,1079.0,1056.1,1073.5,1073.5,1061.0,456986,486734000.0,25872,,244501.0,53.5,new
NAMAN, ST,2026-10-06,48.2,48.2,48.2,48.2,48.2,48.2,2400,115999.99999999999,2,,2400.0,100.0,new
NAMOEWASTE, SM,2026-10-06,327.95,387.45,327.95,382.9,383.0,323.5,148000,54333000.00000001,174,,99200.0,67.03,new
NARMADA, EQ,2026-10-06,12.49,12.49,11.99,12.1,12.0,12.3,359207,4348000.0,1010,,232109.0,64.62,new
NATCAPSUQ, BE,2026-10-06,164.0,168.5,162.3,166.74,166.97,165.15,837,139000.0,25,,,,new
NATCOPHARM, EQ,2026-10-06,824.7,827.0,815.35,823.65,824.55,821.5,225113,184763000.0,17214,,139297.0,61.88,new
NATHBIOGEN, EQ,2026-10-06,138.5,141.98,136.0,138.31,139.5,134.29,9276,1286000.0,415,,6348.0,68.43,new
NATIONALUM, EQ,2026-10-06,344.95,348.65,333.35,337.25,337.25,340.0,6701284,2273000000.0,50695,,3051444.0,45.54,new
NATIONSTD, EQ,2026-10-06,112.0,113.98,108.46,110.79,110.15,112.51,8035,892000.0,284,,6571.0,81.78,new
NAUKRI, EQ,2026-10-06,1208.7,1241.0,1197.4,1241.0,1241.0,1201.7,1622862,1977534000.0,48054,,975475.0,60.11,new
NAVA, EQ,2026-10-06,558.0,578.0,558.0,575.0,574.9,556.7,601625,344432000.0,25030,,282740.0,47.0,new
NAVINFLUOR, EQ,2026-10-06,8272.0,8574.0,8272.0,8536.0,8570.0,8272.0,112311,947054000.0000001,25748,,57042.0,50.79,new
NAVKARCORP, EQ,2026-10-06,85.99,86.28,84.28,85.96,86.1,84.94,149503,12777000.0,2350,,81446.0,54.48,new
NAVKARURB, EQ,2026-10-06,0.85,0.86,0.83,0.85,0.85,0.83,119787,102000.0,243,,108765.0,90.8,new
NAVNETEDUL, EQ,2026-10-06,123.9,125.11,123.36,124.27,124.05,122.97,56581,7033000.0,941,,32313.0,57.11,new
NAZARA, EQ,2026-10-06,385.75,387.6,378.8,379.55,379.1,385.8,732269,279496000.0,15454,,381892.0,52.15,new
NBCC, EQ,2026-10-06,76.5,77.85,76.2,77.05,77.05,76.2,5142985,395172000.0,33566,,2179964.0,42.39,new
NBIFIN, EQ,2026-10-06,1850.9,1879.0,1820.0,1828.1,1821.1,1819.0,164,303000.0,46,,101.0,61.59,new
NCC, EQ,2026-10-06,128.9,129.7,128.2,128.47,128.65,128.79,1129724,145391000.0,20527,,577799.0,51.15,new
NCLIND, EQ,2026-10-06,168.85,170.95,165.2,166.8,165.2,168.85,43369,7276000.000000001,1100,,33073.0,76.26,new
NDGL, EQ,2026-10-06,2400.0,2437.0,2336.1,2371.8,2371.8,2354.3,118,283000.0,48,,102.0,86.44,new
NDL, EQ,2026-10-06,2.6,2.7,2.56,2.57,2.59,2.59,997287,2620000.0,1235,,635830.0,63.76,new
NDLVENTURE, EQ,2026-10-06,124.3,124.49,120.74,122.91,123.0,123.17,5903,726000.0,131,,5185.0,87.84,new
NDRAUTO, EQ,2026-10-06,706.8,709.9,700.0,704.7,703.0,706.8,8373,5896000.0,724,,3919.0,46.81,new
NDTV, EQ,2026-10-06,67.44,68.55,66.83,67.08,67.5,67.19,74085,4996000.0,967,,46092.0,62.22,new
NEAGI, EQ,2026-10-06,3452.0,3452.0,3230.1,3284.4,3230.1,3292.9,51,170000.0,12,,50.0,98.04,new
NECCLTD, EQ,2026-10-06,19.3,20.3,18.51,19.38,19.49,19.12,129818,2533000.0,563,,69325.0,53.4,new
NECLIFE, EQ,2026-10-06,10.62,11.0,10.3,10.95,10.72,10.48,335891,3632000.0,356,,326992.0,97.35,new
NELCAST, EQ,2026-10-06,123.0,126.0,119.69,124.48,125.0,121.43,232684,28611000.0,3893,,108120.0,46.47,new
NELCO, EQ,2026-10-06,889.4,930.25,889.4,924.15,921.0,885.1,187172,171947000.0,8807,,65867.0,35.19,new
NEOCHEM, SM,2026-10-06,105.5,105.85,99.95,105.8,105.8,104.7,31200,3181000.0,22,,24000.0,76.92,new
NEOGEN, EQ,2026-10-06,2319.0,2438.5,2319.0,2429.2,2436.0,2311.2,91934,220739000.0,12818,,38903.0,42.32,new
NEPHROCARE, SM,2026-10-06,86.9,89.9,84.95,87.3,85.0,86.9,27200,2359000.0,54,,18800.0,69.12,new
NEPHROPLUS, EQ,2026-10-06,639.0,642.0,628.0,634.55,639.9,637.65,438059,276971000.0,23733,,283672.0,64.76,new
NEPTUNE, SM,2026-10-06,178.2,178.2,178.2,178.2,178.2,178.2,500,89000.0,1,,500.0,100.0,new
NESCO, EQ,2026-10-06,1030.2,1045.0,1030.2,1037.1,1037.2,1036.6,37988,39462000.0,3544,,24318.0,64.01,new
NESTLEIND, EQ,2026-10-06,1303.6,1341.4,1293.4,1341.4,1341.4,1297.1,1650856,2176532000.0,52212,,850020.0,51.49,new
NETF, EQ,2026-10-06,252.18,252.18,246.03,247.59,247.0,246.03,736,182000.0,86,,542.0,73.64,new
NETWEB, EQ,2026-10-06,4785.0,4847.9,4721.0,4746.2,4742.6,4765.1,768777,3676385000.0,62582,,172604.0,22.45,new
NETWORK18, EQ,2026-10-06,25.58,26.41,25.5,26.22,26.22,25.44,2445551,63673000.0,7113,,803460.0,32.85,new
NEUEON, BE,2026-10-06,14.0,14.5,13.78,13.79,13.94,14.5,30899,428000.0,117,,,,new
NEULANDLAB, EQ,2026-10-06,21940.0,21975.0,21410.0,21905.0,21975.0,21875.0,61813,1337280000.0,21985,,31509.0,50.97,new
NEWGEN, EQ,2026-10-06,460.9,463.2,454.15,456.6,457.0,458.75,432611,197724000.0,20948,,210733.0,48.71,new
NEWJAISA, ST,2026-10-06,17.0,17.0,16.2,16.2,16.2,17.0,75000,1239000.0,19,,75000.0,100.0,new
NEXT30ADD, EQ,2026-10-06,40.22,40.39,40.19,40.29,40.35,40.21,1673,67000.0,43,,962.0,57.5,new
NEXT50, EQ,2026-10-06,719.51,724.64,714.92,723.61,722.11,714.71,27793,20059000.0,1961,,16419.0,59.08,new
NEXT50ADD, EQ,2026-10-06,69.97,70.63,69.97,70.56,70.29,69.69,7545,531000.0,27,,2836.0,37.59,new
NEXT50BETA, EQ,2026-10-06,75.01,75.68,74.92,75.5,75.3,75.03,153921,11598000.0,1153,,122797.0,79.78,new
NEXT50ETF, EQ,2026-10-06,69.99,70.68,69.82,70.59,70.58,69.79,15516,1091000.0,188,,10621.0,68.45,new
NEXT50IETF, EQ,2026-10-06,77.0,77.0,72.8,74.04,74.15,73.17,412683,30431000.0,4307,,250681.0,60.74,new
NEXTMEDIA, EQ,2026-10-06,3.57,3.69,3.54,3.56,3.57,3.57,4292,15000.0,42,,4283.0,99.79,new
NFL, EQ,2026-10-06,63.28,65.25,63.11,64.91,64.61,63.28,584167,37577000.0,5592,,195232.0,33.42,new
NFPSAMPOOR, SM,2026-10-06,20.3,20.5,19.25,19.8,19.25,20.3,8000,159000.0,4,,8000.0,100.0,new
NGIL, EQ,2026-10-06,36.82,38.4,35.96,36.15,36.0,36.83,13331,486000.00000000006,288,,12274.0,92.07,new
NGLFINE, EQ,2026-10-06,3032.9,3184.0,2995.0,3122.1,3092.7,2988.3,18062,55944000.00000001,3857,,5182.0,28.69,new
NH, EQ,2026-10-06,1730.2,1739.6,1716.2,1723.8,1725.0,1722.4,177934,307124000.0,30437,,95027.0,53.41,new
NHPC, EQ,2026-10-06,71.79,73.32,71.35,73.11,73.11,72.0,5480099,396583000.0,20764,,2720736.0,49.65,new
NIACL, EQ,2026-10-06,158.0,163.5,158.0,160.72,161.5,158.36,1937355,312992000.0,22596,,318481.0,16.44,new
NIBE, EQ,2026-10-06,1221.3,1244.4,1211.3,1240.9,1240.0,1221.3,26333,32541000.000000004,2333,,15166.0,57.59,new
NIBL, EQ,2026-10-06,30.66,32.6,30.66,31.22,31.4,31.33,4316,136000.0,266,,2615.0,60.59,new
NICCOPAR, EQ,2026-10-06,82.45,82.45,79.0,79.0,79.0,80.1,263,21000.0,6,,256.0,97.34,new
NIDAN, SM,2026-10-06,13.5,13.5,12.7,13.35,13.35,12.6,11000,144000.0,11,,6000.0,54.55,new
NIF100BEES, EQ,2026-10-06,251.21,253.66,250.53,253.11,253.66,251.2,36283,9163000.0,522,,21746.0,59.93,new
NIF100IETF, EQ,2026-10-06,27.03,27.03,26.39,26.65,26.55,26.38,76633,2038000.0,1878,,33709.0,43.99,new
NIF500BETA, EQ,2026-10-06,36.29,36.29,35.4,35.99,36.0,36.3,5960,213000.0,83,,2552.0,42.82,new
NIFTY1, EQ,2026-10-06,256.76,256.76,250.34,252.54,252.9,250.5,55643,14030000.000000002,1403,,28038.0,50.39,new
NIFTY100EW, EQ,2026-10-06,33.72,33.72,33.09,33.37,33.4,33.1,32779,1093000.0,283,,24722.0,75.42,new
NIFTYADD, EQ,2026-10-06,239.96,240.12,237.72,239.92,240.1,237.98,52140,12492000.0,166,,46802.0,89.76,new
NIFTYAXIS, EQ,2026-10-06,250.59,252.63,249.86,251.28,252.53,250.63,166573,41939000.0,205,,149905.0,89.99,new
NIFTYBEES, EQ,2026-10-06,258.86,259.25,255.8,258.89,258.75,257.29,7681670,1984483000.0000002,47100,,5188168.0,67.54,new
NIFTYBETA, EQ,2026-10-06,252.76,252.76,250.43,252.39,252.62,250.26,21482,5411000.0,376,,16730.0,77.88,new
NIFTYBETF, EQ,2026-10-06,233.01,234.75,232.6,233.91,233.79,232.63,2160,505000.0,133,,1223.0,56.62,new
NIFTYCASE, EQ,2026-10-06,9.19,9.19,9.07,9.11,9.14,9.07,730152,6659000.0,1807,,408257.0,55.91,new
NIFTYETF, EQ,2026-10-06,246.38,248.38,245.6,247.58,248.38,245.6,274217,67725000.0,1309,,153669.0,56.04,new
NIFTYIETF, EQ,2026-10-06,256.15,258.0,255.58,257.79,257.57,256.15,448807,115506000.0,13258,,268535.0,59.83,new
NIFTYJBLK, EQ,2026-10-06,11.87,11.87,11.58,11.65,11.69,11.59,74343,867000.0,574,,47973.0,64.53,new
NIFTYQLITY, EQ,2026-10-06,20.19,20.19,19.8,20.1,20.01,19.84,21574,430999.99999999994,130,,13968.0,64.74,new
NIITLTD, EQ,2026-10-06,84.25,87.3,83.94,86.78,86.89,83.89,158264,13613000.0,2788,,64051.0,40.47,new
NIITMTS, EQ,2026-10-06,202.59,206.52,198.65,204.99,205.0,199.62,97157,19772000.0,4941,,53807.0,55.38,new
NIKITA, SM,2026-10-06,73.3,73.3,70.6,72.0,72.0,72.35,4800,345000.0,4,,4800.0,100.0,new
NILAINFRA, EQ,2026-10-06,6.73,6.85,6.67,6.7,6.72,6.71,81728,550000.0,327,,53619.0,65.61,new
NILASPACES, EQ,2026-10-06,11.08,11.46,10.86,11.17,11.25,11.0,669539,7509000.0,1902,,281965.0,42.11,new
NILE, EQ,2026-10-06,1230.3,1268.4,1228.0,1238.0,1239.0,1226.0,5834,7242000.0,903,,4093.0,70.16,new
NILKAMAL, EQ,2026-10-06,1829.9,1832.9,1801.0,1811.5,1816.9,1829.5,20452,37164000.0,3520,,12878.0,62.97,new
NIMBSPROJ, EQ,2026-10-06,186.94,194.3,182.0,191.57,191.7,187.32,31024,5772000.0,555,,1752.0,5.65,new
NINSYS, EQ,2026-10-06,842.0,867.25,815.3,822.55,825.95,842.0,7334,6127000.0,682,,4258.0,58.06,new
NIPPOBATRY, EQ,2026-10-06,320.3,321.9,318.0,319.45,318.0,318.75,388,124000.0,44,,367.0,94.59,new
NIRAJ, EQ,2026-10-06,27.0,28.4,27.0,27.48,27.5,27.92,22765,626000.0,74,,21441.0,94.18,new
NIRAJISPAT, BE,2026-10-06,299.0,299.0,299.0,299.0,299.0,300.0,1,0.0,1,,,,new
NIRLON, EQ,2026-10-06,613.0,620.4,606.15,619.0,619.9,615.4,3635,2242000.0,325,,2329.0,64.07,new
NIRMAN, SM,2026-10-06,26.7,27.75,26.7,27.7,27.7,27.0,18300,500000.0,33,,12900.0,70.49,new
NITCO, EQ,2026-10-06,82.95,84.9,82.8,83.77,83.76,82.69,210104,17569000.0,1688,,104168.0,49.58,new
NITINSPIN, EQ,2026-10-06,604.75,621.0,602.95,616.35,617.2,604.75,63407,38979000.0,4513,,37875.0,59.73,new
NITIRAJ, EQ,2026-10-06,203.15,204.95,203.15,203.29,203.15,202.14,281,56999.99999999999,15,,272.0,96.8,new
NITTAGELA, EQ,2026-10-06,1719.8,1719.8,1665.0,1668.1,1672.7,1668.9,1882,3167000.0,455,,1221.0,64.88,new
NIVABUPA, EQ,2026-10-06,76.23,76.84,75.51,76.56,76.15,75.85,618602,47152000.0,12743,,296661.0,47.96,new
NKIND, EQ,2026-10-06,57.0,58.9,51.3,57.06,57.0,59.96,1666,95000.0,49,,739.0,44.36,new
NLCINDIA, EQ,2026-10-06,253.8,260.0,253.8,254.9,254.9,252.45,1241729,318554000.0,22368,,528494.0,42.56,new
NMDC, EQ,2026-10-06,74.41,74.49,73.74,74.38,74.38,73.74,10800931,800745000.0,50767,,6539124.0,60.54,new
NMSTEEL, SM,2026-10-06,22.9,23.2,22.9,23.2,23.2,23.5,4800,110000.00000000001,3,,4800.0,100.0,new
NOCIL, EQ,2026-10-06,166.43,173.2,166.43,171.83,172.34,165.83,713463,122169000.0,9538,,291759.0,40.89,new
NOIDATOLL, EQ,2026-10-06,3.5,3.74,3.5,3.67,3.68,3.56,134344,491000.0,289,,124268.0,92.5,new
NORBTEAEXP, EQ,2026-10-06,64.59,66.14,62.99,64.21,63.3,65.59,1241,79000.0,57,,851.0,68.57,new
NORTHARC, EQ,2026-10-06,289.5,300.0,288.7,298.2,297.25,289.45,960451,283454000.0,13272,,585470.0,60.96,new
NOVAAGRI, EQ,2026-10-06,22.39,22.97,21.85,22.64,22.7,22.39,33109,744000.0,295,,26736.0,80.75,new
NOVARTIND, EQ,2026-10-06,1971.0,2076.2,1936.8,2051.2,2060.2,1967.8,50956,102266000.0,8644,,19996.0,39.24,new
NPBET, EQ,2026-10-06,278.86,281.89,278.86,281.1,281.0,276.1,333,93000.0,21,,286.0,85.89,new
NPST, EQ,2026-10-06,1848.0,1865.9,1800.0,1835.5,1840.0,1833.5,67123,123200000.0,8416,,27628.0,41.16,new
NRAIL, EQ,2026-10-06,679.0,679.0,655.0,658.25,660.25,661.35,11965,7922000.0,1020,,7452.0,62.28,new
NRBBEARING, EQ,2026-10-06,536.0,543.3,533.55,536.95,535.5,535.7,201725,108644000.0,12869,,82562.0,40.93,new
NRL, BE,2026-10-06,158.0,158.0,156.25,157.0,157.0,157.0,66546,10456000.0,156,,,,new
NRVANDANA, SM,2026-10-06,69.6,69.6,69.6,69.6,69.6,73.1,9000,626000.0,2,,9000.0,100.0,new
NSIL, EQ,2026-10-06,5153.0,5324.0,5153.0,5297.5,5315.0,5199.5,1675,8830000.0,514,,1142.0,68.18,new
NSLNISP, EQ,2026-10-06,40.6,41.11,40.4,40.9,40.9,40.5,4387731,178685000.0,14942,,2810253.0,64.05,new
NTCIND, EQ,2026-10-06,140.0,143.0,133.0,134.76,138.0,135.97,762,104000.0,52,,557.0,73.1,new
NTPC, EQ,2026-10-06,323.5,324.3,320.05,321.45,321.45,321.8,7317350,2358225000.0,58787,,4470144.0,61.09,new
NTPCGREEN, EQ,2026-10-06,90.11,90.72,90.0,90.13,90.05,90.09,796462,71890000.0,12560,,343027.0,43.07,new
NUCLEUS, EQ,2026-10-06,634.0,642.9,632.0,638.05,636.0,637.75,14083,8961000.0,1794,,7202.0,51.14,new
NURECA, BE,2026-10-06,332.65,343.0,332.65,338.55,342.5,339.05,4187,1425000.0,145,,,,new
NUVAMA, EQ,2026-10-06,1826.4,1886.5,1795.5,1838.8,1840.5,1820.8,641224,1187807000.0,39337,,187925.0,29.31,new
NUVOCO, EQ,2026-10-06,325.0,330.0,323.35,326.5,326.0,326.1,148942,48532000.0,12289,,87653.0,58.85,new
NV20, EQ,2026-10-06,13.46,13.46,13.15,13.23,13.42,13.2,89694,1186000.0,284,,34739.0,38.73,new
NV20BEES, EQ,2026-10-06,128.49,136.9,128.49,134.0,134.0,131.79,8931,1183000.0,177,,5374.0,60.17,new
NV20IETF, EQ,2026-10-06,12.8,12.93,12.8,12.85,12.83,12.8,263032,3384000.0000000005,1737,,155926.0,59.28,new
NXST, RR,2026-10-06,165.4,165.59,164.55,164.81,164.7,164.99,389968,64334000.0,2822,,361817.0,92.78,new
NYKAA, EQ,2026-10-06,339.5,345.0,337.25,338.2,338.2,339.55,3554565,1211747000.0,54979,,1606713.0,45.2,new
OAL, EQ,2026-10-06,526.95,526.95,505.8,511.35,518.0,515.1,13510,6912000.0,1005,,7597.0,56.23,new
OBCL, EQ,2026-10-06,55.91,57.6,55.9,57.44,57.05,55.85,3579,202999.99999999997,44,,2374.0,66.33,new
OBEROIRLTY, EQ,2026-10-06,1748.0,1764.4,1737.9,1751.8,1751.8,1751.2,226302,396428000.0,11606,,125540.0,55.47,new
OBSCP, SM,2026-10-06,884.05,908.95,880.0,904.8,903.0,888.7,23200,20754000.0,55,,13600.0,58.62,new
OCCLLTD, BE,2026-10-06,197.99,207.67,192.1,207.59,207.67,197.79,193602,39491000.0,1161,,,,new
ODIGMA, EQ,2026-10-06,21.17,21.17,20.51,20.91,20.85,20.66,8824,183000.0,203,,7133.0,80.84,new
ODYCORP, EQ,2026-10-06,6.85,6.99,6.52,6.85,6.87,6.85,17446,118000.0,85,,13889.0,79.61,new
OFSS, EQ,2026-10-06,10485.0,10550.0,10382.0,10482.0,10482.0,10470.0,165190,1728537000.0,22859,,81467.0,49.32,new
OIL, EQ,2026-10-06,445.85,449.95,442.15,447.85,447.85,446.5,2084230,930936000.0,26893,,1513370.0,72.61,new
OILCOUNTUB, BE,2026-10-06,81.29,81.29,81.29,81.29,81.29,79.7,61794,5023000.0,118,,,,new
OILIETF, EQ,2026-10-06,10.71,10.89,10.66,10.82,10.89,10.68,590598,6365000.0,1711,,300370.0,50.86,new
OLAELEC, EQ,2026-10-06,36.7,37.0,35.73,35.96,36.0,36.68,57079984,2064527000.0,122316,,20036729.0,35.1,new
OLECTRA, EQ,2026-10-06,1090.0,1105.0,1076.4,1102.9,1105.0,1078.4,215703,236338000.0,15647,,94255.0,43.7,new
OLIL, SM,2026-10-06,423.1,455.0,423.05,440.65,448.0,443.65,29600,13100000.0,32,,15600.0,52.7,new
OMAXAUTO, EQ,2026-10-06,201.0,213.64,201.0,209.29,209.98,201.44,122372,25705000.0,2711,,70464.0,57.58,new
OMAXE, EQ,2026-10-06,107.45,109.2,106.41,107.71,107.99,107.43,260401,28162000.0,3380,,114050.0,43.8,new
OMFREIGHT, EQ,2026-10-06,101.8,108.0,97.0,105.0,105.05,100.95,74988,7803000.0,920,,58262.0,77.7,new
OMFURN, SM,2026-10-06,51.0,51.9,49.25,51.9,51.9,51.0,9600,484999.99999999994,7,,8400.0,87.5,new
OMINFRAL, EQ,2026-10-06,74.05,76.03,72.71,73.33,72.81,74.84,103269,7675000.0,2314,,48963.0,47.41,new
OMNI, EQ,2026-10-06,640.0,678.8,638.45,656.95,655.9,632.15,1269642,840426000.0,48005,,337114.0,26.55,new
OMPOWER, EQ,2026-10-06,154.0,156.82,150.5,153.5,154.35,152.06,57336,8881000.0,929,,28589.0,49.86,new
ONDOOR, SM,2026-10-06,267.0,267.0,267.0,267.0,267.0,262.25,2100,561000.0,1,,2100.0,100.0,new
ONEGLOBAL, EQ,2026-10-06,559.9,566.95,537.05,564.0,561.0,547.2,23278,12866000.0,1028,,17050.0,73.25,new
ONELIFECAP, BE,2026-10-06,43.03,45.25,42.55,45.0,45.24,43.52,61571,2699000.0,228,,,,new
ONEPOINT, EQ,2026-10-06,78.9,79.63,77.3,78.65,79.0,78.33,1960862,153853000.0,16163,,727915.0,37.12,new
ONESOURCE, EQ,2026-10-06,1507.5,1544.4,1475.1,1535.8,1531.5,1488.3,147840,224805000.00000003,15068,,85609.0,57.91,new
ONGC, EQ,2026-10-06,225.0,225.37,221.3,224.2,224.2,224.9,19173994,4268119000.0,121739,,12730471.0,66.39,new
ONIDA, EQ,2026-10-06,31.3,31.78,30.61,31.11,31.0,31.06,235196,7378000.0,1046,,142600.0,60.63,new
ONIXSOLAR, EQ,2026-10-06,342.0,347.05,335.0,338.2,335.05,334.6,254164,86397000.0,3081,,194049.0,76.35,new
ONMOBILE, BE,2026-10-06,48.65,50.0,47.5,49.12,49.0,48.23,35560,1732000.0,347,,,,new
ONWARDTEC, EQ,2026-10-06,291.9,296.15,287.05,294.6,293.7,290.75,29818,8747000.0,813,,20306.0,68.1,new
ONYX, ST,2026-10-06,36.55,39.35,36.15,39.35,39.35,37.5,22000,848000.0,11,,20000.0,90.91,new
OPTIEMUS, EQ,2026-10-06,794.0,924.9,793.9,889.9,886.25,786.2,10818595,9533213000.0,303973,,1486319.0,13.74,new
OPTIFIN, EQ,2026-10-06,14.24,14.96,14.2,14.42,14.66,14.66,46134,671000.0,269,,28204.0,61.13,new
OPTIMYSTIX, SM,2026-10-06,132.9,135.0,132.9,133.0,133.0,133.0,7200,961000.0,8,,4800.0,66.67,new
OPTIVALUE, ST,2026-10-06,233.9,235.9,230.0,235.45,235.9,224.7,56000,13128000.0,30,,51200.0,91.43,new
ORBTEXP, EQ,2026-10-06,247.4,257.05,244.15,246.85,244.5,240.4,8679,2163000.0,247,,4291.0,49.44,new
ORCHASP, EQ,2026-10-06,1.25,1.33,1.24,1.29,1.29,1.24,179861,229000.0,199,,165006.0,91.74,new
ORCHPHARMA, EQ,2026-10-06,967.35,1015.1,965.0,1006.55,1008.0,965.9,65666,65791999.99999999,7358,,32695.0,49.79,new
ORIANA, SM,2026-10-06,299.0,311.4,298.05,303.3,302.05,298.9,189375,57602000.0,402,,115125.0,60.79,new
ORICONENT, EQ,2026-10-06,53.1,53.1,51.5,52.27,52.5,52.44,96670,5056000.0,1144,,79919.0,82.67,new
ORIENTALTL, EQ,2026-10-06,4.98,4.99,4.73,4.87,4.88,4.83,38279,187000.0,181,,27163.0,70.96,new
ORIENTBELL, EQ,2026-10-06,422.4,422.4,410.85,413.55,412.1,417.1,16464,6834999.999999999,1219,,9443.0,57.36,new
ORIENTCABL, EQ,2026-10-06,380.0,404.0,364.5,396.4,400.65,405.0,22213407,8377631000.0,284341,,5217716.0,23.49,new
ORIENTCEM, EQ,2026-10-06,116.1,117.9,115.3,115.76,115.3,116.16,187615,21863000.0,2435,,116502.0,62.1,new
ORIENTCER, EQ,2026-10-06,44.35,44.69,42.5,44.14,43.71,43.61,49791,2182000.0,1812,,22612.0,45.41,new
ORIENTELEC, EQ,2026-10-06,156.75,162.78,156.5,160.7,160.1,157.71,144227,23127000.0,4306,,60580.0,42.0,new
ORIENTHOT, EQ,2026-10-06,142.05,144.39,140.89,143.61,143.9,140.87,869875,124480000.0,6559,,493375.0,56.72,new
ORIENTLTD, BE,2026-10-06,78.26,78.26,76.0,76.0,76.0,75.52,375,28999.999999999996,5,,,,new
ORIENTPPR, EQ,2026-10-06,16.23,16.38,16.17,16.26,16.25,16.17,71350,1161000.0,262,,49272.0,69.06,new
ORIENTTECH, EQ,2026-10-06,222.53,229.98,222.53,226.35,229.0,222.47,140422,31583999.999999996,2607,,79895.0,56.9,new
ORIRAIL, EQ,2026-10-06,122.0,123.88,120.6,122.96,122.49,122.39,32173,3940000.0,791,,13800.0,42.89,new
ORISSAMINE, EQ,2026-10-06,3588.1,3649.7,3552.1,3609.0,3616.6,3522.2,7282,26236000.0,1798,,2576.0,35.37,new
ORKLAINDIA, EQ,2026-10-06,537.0,551.0,535.5,545.0,541.0,539.2,54162,29473000.0,4830,,26337.0,48.63,new
ORTINGLOBE, EQ,2026-10-06,13.82,14.51,13.8,14.39,14.51,13.82,9315,132000.0,55,,8642.0,92.78,new
OSELDEVICE, SM,2026-10-06,366.1,378.75,366.1,375.7,373.1,365.8,12000,4481000.0,45,,10400.0,86.67,new
OSIAHYPER, BZ,2026-10-06,2.0,2.09,1.99,2.0,2.02,2.09,387665,780000.0,556,,,,new
OSWALAGRO, EQ,2026-10-06,33.78,34.86,32.0,32.85,32.8,32.98,73055,2424000.0,881,,57476.0,78.67,new
OSWALGREEN, EQ,2026-10-06,19.14,19.75,19.14,19.27,19.33,19.14,64470,1249000.0,1154,,28464.0,44.15,new
OSWALPUMPS, EQ,2026-10-06,264.9,269.2,263.55,264.8,265.7,265.1,275385,73135000.0,6301,,138175.0,50.18,new
OSWALSEEDS, EQ,2026-10-06,12.24,12.39,11.45,12.13,12.3,12.18,81699,989000.0,331,,55358.0,67.76,new
OWAIS, SM,2026-10-06,67.8,68.85,66.15,67.0,67.0,67.5,4800,322000.0,34,,4300.0,89.58,new
PACEDIGITK, EQ,2026-10-06,165.0,171.0,164.26,166.28,166.0,164.04,903214,150675000.0,11431,,311046.0,34.44,new
PACIFICI, EQ,2026-10-06,139.0,139.0,138.99,138.99,138.99,139.5,48,7000.000000000001,3,,48.0,100.0,new
PAGEIND, EQ,2026-10-06,37600.0,38465.0,37395.0,37970.0,37970.0,37465.0,31600,1200776000.0,13391,,10448.0,33.06,new
PAISALO, EQ,2026-10-06,82.0,83.25,81.19,83.1,83.25,81.13,9862392,814998000.0,16289,,3748032.0,38.0,new
PAKKA, EQ,2026-10-06,70.48,73.85,68.66,69.13,69.0,69.79,695031,49094000.0,7264,,367110.0,52.82,new
PALASHSECU, EQ,2026-10-06,89.9,89.9,86.0,86.8,86.8,87.94,607,53000.0,34,,345.0,56.84,new
PALREDTEC, EQ,2026-10-06,41.51,43.0,41.49,41.62,41.49,43.67,2463,104000.0,87,,2320.0,94.19,new
PANACEABIO, EQ,2026-10-06,351.1,364.75,349.2,363.2,362.0,350.25,66783,24092000.0,2719,,30782.0,46.09,new
PANACHE, BE,2026-10-06,569.0,569.0,555.0,569.0,569.0,541.95,7672,4363000.0,93,,,,new
PANAMAPET, EQ,2026-10-06,487.9,509.9,480.6,504.1,503.0,482.2,627296,314434000.0,19642,,277421.0,44.22,new
PANCHMAHQ, EQ,2026-10-06,287.5,309.8,287.5,296.4,309.8,287.5,25,7000.000000000001,3,,25.0,100.0,new
PANORAMA, EQ,2026-10-06,62.8,69.0,62.0,63.05,62.8,63.5,2527901,167293000.0,10998,,996062.0,39.4,new
PANSARI, EQ,2026-10-06,274.0,277.55,260.0,265.7,266.2,254.3,1067,288000.0,35,,310.0,29.05,new
PAR, BE,2026-10-06,122.0,125.48,122.0,122.74,123.9,125.79,9174,1134000.0,136,,,,new
PARACABLES, EQ,2026-10-06,56.11,58.5,56.11,58.22,58.35,56.08,966467,55729000.0,5873,,503353.0,52.08,new
PARADEEP, EQ,2026-10-06,153.6,157.44,153.11,156.76,156.4,153.6,1621070,252326000.00000003,24029,,530225.0,32.71,new
PARAGMILK, EQ,2026-10-06,283.0,311.0,279.1,308.7,308.6,281.0,7377044,2235785000.0,99896,,2228196.0,30.2,new
PARAGON, SM,2026-10-06,50.0,51.0,49.0,49.2,49.0,49.5,9600,479000.0,8,,7200.0,75.0,new
PARAMATRIX, SM,2026-10-06,56.0,56.0,55.0,55.0,55.0,54.9,3600,199000.0,3,,3600.0,100.0,new
PARAS, EQ,2026-10-06,1267.7,1332.0,1267.2,1323.3,1328.0,1266.2,661178,862637000.0000001,41002,,198378.0,30.0,new
PARASPETRO, EQ,2026-10-06,2.06,2.13,1.96,2.02,2.01,2.06,195262,400000.0,254,,130427.0,66.8,new
PARIN, EQ,2026-10-06,708.5,708.5,682.6,700.05,704.0,701.5,12525,8721000.0,422,,7515.0,60.0,new
PARKHOSPS, EQ,2026-10-06,270.45,275.95,265.5,274.85,274.0,267.75,708732,193959000.0,9118,,497626.0,70.21,new
PARKHOTELS, EQ,2026-10-06,104.99,105.79,101.41,103.19,103.1,103.83,233718,24127000.0,2940,,119503.0,51.13,new
PARNAXLAB, EQ,2026-10-06,112.55,115.5,112.5,115.34,115.5,113.23,450,51000.0,20,,450.0,100.0,new
PARSVNATH, BE,2026-10-06,2.21,2.21,2.21,2.21,2.21,2.17,12479,28000.000000000004,33,,,,new
PARTH, SM,2026-10-06,505.05,523.95,505.05,512.85,515.0,504.05,4400,2265000.0,10,,3200.0,72.73,new
PARTY-RE, ST,2026-10-06,0.25,0.3,0.25,0.3,0.3,0.25,392258,117000.0,86,,392258.0,100.0,new
PARTYCRUS, SM,2026-10-06,95.0,95.0,95.0,95.0,95.0,97.05,2000,190000.0,2,,2000.0,100.0,new
PASHUPATI, EQ,2026-10-06,74.7,75.7,69.0,69.91,70.0,74.03,1469656,103310999.99999999,6795,,1167179.0,79.42,new
PASUPTAC, EQ,2026-10-06,67.05,72.0,67.05,70.89,71.56,67.51,251121,17663000.0,3905,,94997.0,37.83,new
PATANJALI, EQ,2026-10-06,355.7,364.5,350.5,363.0,363.0,355.7,6485464,2315225000.0,41305,,1977965.0,30.5,new
PATELENG, EQ,2026-10-06,25.83,26.09,25.81,25.93,26.09,25.73,1205652,31300000.0,20891,,663735.0,55.05,new
PATELRMART, EQ,2026-10-06,223.0,230.0,219.92,227.01,226.89,222.9,102505,23017000.0,2131,,45615.0,44.5,new
PATILAUTOM, ST,2026-10-06,325.0,336.35,320.0,336.35,336.35,320.35,34800,11521000.0,54,,34200.0,98.28,new
PATINTLOG, EQ,2026-10-06,13.15,13.49,13.01,13.15,13.14,13.02,30969,409000.0,214,,22546.0,72.8,new
PAUSHAKLTD, EQ,2026-10-06,658.0,728.8,658.0,704.3,708.25,657.45,78776,55144000.00000001,6233,,27714.0,35.18,new
PAVNAIND, EQ,2026-10-06,15.7,15.7,15.25,15.65,15.7,15.45,22449,350000.0,100,,17228.0,76.74,new
PAYTM, EQ,2026-10-06,1698.0,1705.5,1672.1,1694.0,1694.0,1684.0,2061099,3478897000.0,58087,,882498.0,42.82,new
PBMPOLY, EQ,2026-10-06,57.5,60.4,55.97,58.75,58.75,58.02,583,34000.0,19,,470.0,80.62,new
PCBL, EQ,2026-10-06,321.8,328.5,320.8,327.7,328.5,320.35,540498,176040000.0,11910,,274507.0,50.79,new
PCCL, SM,2026-10-06,413.0,415.0,413.0,415.0,415.0,415.9,1200,497000.0,3,,1200.0,100.0,new
PCJEWELLER, EQ,2026-10-06,13.14,13.2,12.85,12.93,12.98,13.06,133837112,1738750999.9999998,64087,,40529695.0,30.28,new
PDMJEPAPER, EQ,2026-10-06,96.9,98.3,95.35,96.16,95.62,95.85,182090,17659000.0,2942,,96407.0,52.94,new
PDSL, EQ,2026-10-06,342.0,349.5,341.9,347.4,349.5,342.3,33706,11633000.0,7174,,19853.0,58.9,new
PEARLPOLY, EQ,2026-10-06,17.2,17.23,17.08,17.2,17.2,17.22,1798,31000.0,19,,1329.0,73.92,new
PELATRO, SM,2026-10-06,374.0,383.0,370.0,379.2,383.0,363.45,14100,5294000.0,29,,12000.0,85.11,new
PENIND, EQ,2026-10-06,178.2,180.19,176.61,177.85,177.6,178.71,273804,48820000.0,4750,,139350.0,50.89,new
PENINLAND, EQ,2026-10-06,14.31,14.99,14.31,14.66,14.72,14.5,120155,1757999.9999999998,357,,83417.0,69.42,new
PENTAGON, ST,2026-10-06,84.7,89.0,84.7,89.0,89.0,84.8,2000,174000.0,2,,1000.0,50.0,new
PERMAGN, EQ,2026-10-06,860.0,862.45,839.8,846.75,856.0,859.0,2938,2499000.0,316,,2393.0,81.45,new
PERNIASPOP, EQ,2026-10-06,522.8,529.5,513.0,518.6,515.5,523.75,121346,63022000.0,5367,,58269.0,48.02,new
PERSISTENT, EQ,2026-10-06,5520.0,5553.5,5463.5,5521.0,5521.0,5530.0,266663,1466590000.0,27200,,114711.0,43.02,new
PETRONET, EQ,2026-10-06,291.7,297.85,291.0,297.5,297.5,290.0,5098731,1510152000.0,33212,,3215468.0,63.06,new
PFC, EQ,2026-10-06,322.3,327.25,322.3,322.6,322.6,322.0,7472995,2423601000.0,41250,,4622088.0,61.85,new
PFIZER, EQ,2026-10-06,3860.0,3868.2,3826.7,3852.2,3861.9,3842.2,21026,80926000.0,4004,,14271.0,67.87,new
PFOCUS, EQ,2026-10-06,285.9,297.1,281.7,292.7,293.0,285.65,4125637,1194717000.0,37749,,444627.0,10.78,new
PFS, EQ,2026-10-06,28.73,28.73,27.19,27.29,27.29,28.19,607649,16775000.0,9362,,325528.0,53.57,new
PGEL, EQ,2026-10-06,487.7,532.0,483.5,527.65,527.65,487.7,5927905,3086367000.0,77821,,997390.0,16.83,new
PGHH, EQ,2026-10-06,6780.5,6900.0,6745.0,6865.0,6866.0,6768.0,10760,73375000.0,3799,,5639.0,52.41,new
PGHL, EQ,2026-10-06,5300.0,5352.0,5239.0,5306.0,5300.0,5300.0,18158,96116000.0,3042,,12140.0,66.86,new
PGIL, EQ,2026-10-06,1264.5,1284.9,1242.0,1266.7,1265.0,1266.5,251443,316118000.0,43844,,153541.0,61.06,new
PGINVIT, IV,2026-10-06,102.4,102.4,101.6,102.23,102.4,102.1,1061761,108253000.0,5240,,815864.0,76.84,new
PHANTOMFX, SM,2026-10-06,84.9,85.0,81.25,82.1,82.4,84.9,15300,1287000.0,39,,14400.0,94.12,new
PHARMABEES, EQ,2026-10-06,26.85,27.4,26.67,27.3,27.4,26.85,3580723,97131000.0,10801,,2475105.0,69.12,new
PHOENIXLTD, EQ,2026-10-06,1946.8,1946.8,1857.8,1883.5,1883.5,1935.0,617915,1160474000.0,42221,,278944.0,45.14,new
PHOENXINTL, EQ,2026-10-06,28.15,29.0,27.83,28.01,28.01,28.15,2562,72000.0,31,,2461.0,96.06,new
PHOGLOBAL, SM,2026-10-06,14.7,15.2,14.65,15.2,15.2,16.5,14000,210000.0,7,,10000.0,71.43,new
PICCADIL, EQ,2026-10-06,591.2,598.75,589.3,594.2,596.7,588.45,65957,39225000.0,5983,,30970.0,46.95,new
PIDILITIND, EQ,2026-10-06,1485.9,1524.6,1472.8,1520.5,1520.5,1487.7,608466,916517000.0,47474,,356295.0,58.56,new
PIGL, EQ,2026-10-06,95.4,99.0,94.0,98.42,97.6,94.55,66437,6425000.0,1284,,48314.0,72.72,new
PIIND, EQ,2026-10-06,2220.0,2252.2,2200.0,2250.0,2250.0,2220.0,617515,1375310000.0,30698,,400668.0,64.88,new
PILANIINVS, EQ,2026-10-06,4019.9,4080.0,4010.0,4067.1,4076.0,3984.7,1530,6201000.0,258,,1225.0,80.07,new
PILITA, EQ,2026-10-06,7.35,7.51,7.3,7.35,7.35,7.39,15116,111000.00000000001,126,,12144.0,80.34,new
PINELABS, EQ,2026-10-06,168.5,173.25,167.83,172.73,173.0,167.16,10927701,1878083000.0000002,78196,,3653778.0,33.44,new
PIONEEREMB, EQ,2026-10-06,20.03,20.84,20.03,20.6,20.6,20.13,2547,52000.0,30,,2173.0,85.32,new
PIONRINV, BE,2026-10-06,66.0,66.0,65.89,65.89,65.89,69.35,1195,79000.0,27,,,,new
PIRAMALFIN, EQ,2026-10-06,1999.0,2046.9,1975.0,2018.5,2026.8,2002.6,171616,345750000.0,34539,,88064.0,51.31,new
PITTIENG, EQ,2026-10-06,1117.0,1160.4,1117.0,1122.0,1122.0,1127.3,63535,72362000.0,5389,,31902.0,50.21,new
PIXTRANS, EQ,2026-10-06,1848.9,1848.9,1786.9,1796.7,1790.1,1834.2,20105,36426000.0,2455,,7543.0,37.52,new
PKTEA, BE,2026-10-06,1032.0,1033.0,981.4,983.2,986.9,1033.0,900,892000.0,121,,,,new
PLADAINFO, SM,2026-10-06,12.35,12.35,12.35,12.35,12.35,13.0,12000,148000.0,4,,6000.0,50.0,new
PLASTIBLEN, EQ,2026-10-06,202.45,205.0,200.0,202.4,202.35,197.79,54146,10992000.0,1269,,30166.0,55.71,new
PLATIND, EQ,2026-10-06,204.0,207.0,199.75,203.58,204.78,203.83,45409,9258000.0,1298,,19615.0,43.2,new
PLAZACABLE, EQ,2026-10-06,55.32,58.08,54.31,58.07,58.08,55.32,74179,4210000.0,1073,,45274.0,61.03,new
PML, EQ,2026-10-06,480.0,484.45,478.0,481.2,478.0,486.95,216,104000.0,17,,216.0,100.0,new
PNB, EQ,2026-10-06,112.36,113.0,111.17,111.92,111.92,112.35,8421589,942643000.0,40985,,4544861.0,53.97,new
PNBGILTS, EQ,2026-10-06,71.99,73.0,70.5,71.42,71.7,71.72,408404,29258999.999999996,3010,,213935.0,52.38,new
PNBHOUSING, EQ,2026-10-06,1103.0,1112.2,1087.8,1102.1,1102.1,1105.8,514325,567588000.0,23510,,275150.0,53.5,new
PNC, EQ,2026-10-06,17.22,18.05,17.02,17.41,17.41,17.22,2233,39000.0,45,,1900.0,85.09,new
PNCINFRA, EQ,2026-10-06,137.03,140.2,136.0,138.74,138.3,137.03,583869,80562000.0,11799,,259150.0,44.38,new
PNGJL, EQ,2026-10-06,573.65,590.45,572.35,588.6,588.0,573.3,320402,187599000.0,15434,,149743.0,46.74,new
PNGSREVA, EQ,2026-10-06,539.05,560.7,539.05,547.2,550.0,535.3,335113,183789000.0,14168,,112080.0,33.45,new
POCL, EQ,2026-10-06,443.0,449.35,442.35,447.25,447.0,439.55,117171,52364000.0,7094,,55860.0,47.67,new
PODDARMENT, EQ,2026-10-06,252.9,255.0,250.2,253.3,252.0,251.95,1717,433000.0,83,,1037.0,60.4,new
POEL, EQ,2026-10-06,139.94,141.0,132.15,133.71,132.3,136.27,35229,4790000.0,1426,,18883.0,53.6,new
POKARNA, EQ,2026-10-06,695.3,714.95,695.3,709.9,710.0,699.2,48093,33860000.0,2487,,24207.0,50.33,new
POLICYBZR, EQ,2026-10-06,984.0,1042.2,972.0,1034.9,1034.9,976.2,8051949,8214942000.0,168428,,2094566.0,26.01,new
POLYCAB, EQ,2026-10-06,8120.0,8173.5,8062.0,8147.0,8147.0,8080.0,301660,2449627000.0,32426,,204900.0,67.92,new
POLYMED, EQ,2026-10-06,1613.0,1639.9,1611.2,1633.8,1628.1,1619.6,94082,153276000.0,9284,,58284.0,61.95,new
POLYPLEX, EQ,2026-10-06,1020.5,1057.0,999.0,1034.3,1026.0,1020.5,109925,112989000.00000001,8110,,63886.0,58.12,new
POLYSIL, SM,2026-10-06,56.0,56.5,53.1,53.1,53.1,55.85,30000,1614000.0,35,,27000.0,90.0,new
POLYSPIN, EQ,2026-10-06,28.88,30.0,28.88,28.95,28.95,28.87,187,5000.0,17,,187.0,100.0,new
PONNIERODE, EQ,2026-10-06,377.5,391.25,370.1,374.55,373.8,368.4,103001,38857000.0,3654,,47619.0,46.23,new
POOJALOGIS, ST,2026-10-06,115.75,120.9,115.75,119.9,119.9,119.2,43200,5157000.0,33,,43200.0,100.0,new
POONAWALLA, EQ,2026-10-06,451.95,461.85,447.95,460.45,459.75,451.95,732498,334141000.0,26252,,335779.0,45.84,new
POSITRON, SM,2026-10-06,220.1,226.5,217.5,223.8,223.8,217.15,4200,935000.0,14,,2700.0,64.29,new
POWERGRID, EQ,2026-10-06,257.0,258.4,256.0,257.2,257.2,257.0,4808578,1237174000.0,44652,,3008746.0,62.57,new
POWERICA, EQ,2026-10-06,588.0,605.0,585.0,601.7,603.5,587.15,128005,76209000.0,5672,,60286.0,47.1,new
POWERINDIA, EQ,2026-10-06,31510.0,31970.0,31450.0,31640.0,31640.0,31500.0,73665,2338588000.0,20601,,39959.0,54.24,new
POWERMECH, EQ,2026-10-06,2431.9,2457.6,2398.6,2426.0,2425.0,2431.5,22049,53610000.0,4136,,8483.0,38.47,new
PPAP, BE,2026-10-06,233.15,239.98,231.2,239.81,239.98,228.56,11232,2649000.0,118,,,,new
PPL, EQ,2026-10-06,256.8,256.8,247.1,252.65,255.0,253.1,32471,8170000.0,807,,22259.0,68.55,new
PPLPHARMA, EQ,2026-10-06,195.48,201.2,193.75,200.52,200.21,194.89,1719220,340121000.0,29525,,635973.0,36.99,new
PRABHA, EQ,2026-10-06,221.0,226.01,215.67,221.33,221.5,214.9,82864,18361000.0,2268,,35499.0,42.84,new
PRADPME, EQ,2026-10-06,475.0,556.95,475.0,544.25,545.0,470.65,104979,55745000.00000001,2447,,55380.0,52.75,new
PRAENG, EQ,2026-10-06,19.79,20.39,17.25,19.7,19.94,19.01,532330,9919000.0,1479,,320077.0,60.13,new
PRAJIND, EQ,2026-10-06,305.75,316.0,305.75,315.05,315.4,304.05,751662,234854000.0,20329,,232005.0,30.87,new
PRAKASH, EQ,2026-10-06,120.0,120.9,118.35,119.7,119.15,119.72,200357,23990000.0,4174,,106878.0,53.34,new
PRAKASHSTL, EQ,2026-10-06,3.52,3.59,3.5,3.53,3.55,3.51,51681,182000.0,257,,37756.0,73.06,new
PRAMARA, SM,2026-10-06,106.0,106.3,102.0,104.45,104.1,101.25,10500,1102000.0,21,,6500.0,61.9,new
PRAMODINI, SM,2026-10-06,115.0,117.2,112.05,116.35,116.7,113.5,49200,5650000.0,39,,38400.0,78.05,new
PRANAV, EQ,2026-10-06,92.85,93.88,89.7,90.9,90.98,93.21,1336798,122495000.0,13382,,440824.0,32.98,new
PRANIK, SM,2026-10-06,45.15,45.15,45.15,45.15,45.15,44.05,1600,72000.0,1,,1600.0,100.0,new
PRASOLCHEM, EQ,2026-10-06,791.95,846.9,788.65,821.45,822.8,789.05,387141,320270000.0,22397,,91323.0,23.59,new
PRATHAM, SM,2026-10-06,121.5,124.0,121.5,122.5,122.5,124.0,27600,3414000.0,20,,27600.0,100.0,new
PRAVEG, EQ,2026-10-06,234.96,250.0,234.08,247.81,249.63,232.42,36505,8886000.0,1356,,20675.0,56.64,new
PRAXIS, EQ,2026-10-06,4.57,4.57,4.33,4.45,4.48,4.41,33632,149000.0,307,,23821.0,70.83,new
PRECAM, EQ,2026-10-06,110.2,113.9,109.5,113.27,113.9,108.91,111679,12552000.0,2847,,39484.0,35.35,new
PRECISION, ST,2026-10-06,6.65,7.0,6.65,7.0,7.0,6.85,26000,174000.0,9,,26000.0,100.0,new
PRECOT, EQ,2026-10-06,653.0,653.0,585.0,604.5,603.1,605.1,4943,2974000.0,337,,3280.0,66.36,new
PRECWIRE, EQ,2026-10-06,509.5,519.0,506.25,515.15,516.25,507.4,371870,190618000.0,22498,,130001.0,34.96,new
PREMCO, EQ,2026-10-06,399.0,406.8,391.2,405.9,405.85,398.8,425,171000.0,46,,396.0,93.18,new
PREMEXPLN, EQ,2026-10-06,685.95,687.35,683.4,685.1,685.05,685.05,270918,185591000.0,1975,,240766.0,88.87,new
PREMIER, BE,2026-10-06,2.54,2.64,2.48,2.63,2.57,2.52,5849,15000.0,29,,,,new
PREMIERENE, EQ,2026-10-06,889.4,911.85,885.0,907.0,907.0,891.95,867775,781730000.0,29159,,346754.0,39.96,new
PREMIERPOL, EQ,2026-10-06,102.01,103.52,94.83,97.23,97.56,101.54,803662,80069000.0,13673,,243488.0,30.3,new
PREMIUM, SM,2026-10-06,46.5,46.5,46.5,46.5,46.5,46.2,6000,279000.0,2,,6000.0,100.0,new
PRESSTONIC, ST,2026-10-06,44.05,45.2,41.85,42.8,42.0,44.05,34400,1480000.0,42,,30400.0,88.37,new
PRESTIGE, EQ,2026-10-06,1446.4,1467.7,1438.0,1467.7,1467.7,1445.0,610916,890143000.0,22876,,428755.0,70.18,new
PRICOLLTD, EQ,2026-10-06,707.4,714.5,667.0,677.65,677.1,704.45,1812530,1232153000.0,78250,,858000.0,47.34,new
PRIMECAB, ST,2026-10-06,203.95,203.95,194.0,201.05,201.6,203.95,33600,6650000.0,21,,32000.0,95.24,new
PRIMESECU, EQ,2026-10-06,300.6,303.8,295.65,297.05,296.25,298.8,9985,2992000.0,591,,5266.0,52.74,new
PRIMO, EQ,2026-10-06,26.6,27.3,26.17,26.97,27.0,26.08,433840,11626000.0,1626,,242771.0,55.96,new
PRINCEPIPE, EQ,2026-10-06,248.4,259.9,248.4,258.2,258.5,247.45,117722,30025000.0,4976,,70138.0,59.58,new
PRIORITY, EQ,2026-10-06,291.5,314.0,291.3,311.85,312.0,291.2,704006,213721999.99999997,14641,,331198.0,47.04,new
PRISMX, EQ,2026-10-06,0.49,0.51,0.49,0.49,0.5,0.5,336580,166000.0,150,,289978.0,86.15,new
PRITI, EQ,2026-10-06,31.26,33.49,31.26,31.66,31.9,32.04,4142,132000.0,100,,2059.0,49.71,new
PRITIKA, SM,2026-10-06,62.9,62.9,61.95,62.9,62.9,62.7,36000,2257000.0,6,,36000.0,100.0,new
PRITIKAUTO, EQ,2026-10-06,16.0,16.5,15.96,16.33,16.5,16.02,116226,1882000.0,598,,62377.0,53.67,new
PRIVISCL, EQ,2026-10-06,3430.3,3568.0,3415.0,3504.9,3520.5,3442.2,218699,764176000.0,27850,,113053.0,51.69,new
PRIZOR, ST,2026-10-06,1316.35,1316.35,1316.35,1316.35,1316.35,1253.7,2800,3686000.0,7,,2800.0,100.0,new
PRLIND, SM,2026-10-06,44.1,44.1,42.3,42.95,42.95,44.55,28000,1207000.0,24,,23000.0,82.14,new
PROFX, SM,2026-10-06,67.05,67.05,67.05,67.05,67.05,68.25,1600,107000.0,1,,1600.0,100.0,new
PROLIFE, SM,2026-10-06,79.8,79.8,79.8,79.8,79.8,76.0,500,40000.0,1,,500.0,100.0,new
PROPEQUITY, SM,2026-10-06,195.0,195.0,195.0,195.0,195.0,207.7,1200,234000.0,1,,1200.0,100.0,new
PROPSHOP, SM,2026-10-06,71.5,71.5,71.5,71.5,71.5,70.5,2000,143000.0,1,,2000.0,100.0,new
PROSTARM, EQ,2026-10-06,132.88,134.7,131.53,132.91,133.52,132.0,145980,19469000.0,2640,,57437.0,39.35,new
PROTEAN, EQ,2026-10-06,642.1,699.0,631.6,689.25,687.2,639.05,1283331,867354999.9999999,45052,,373094.0,29.07,new
PROV, SM,2026-10-06,1980.0,1989.95,1960.0,1960.0,1960.0,1940.0,320,631000.0,4,,240.0,75.0,new
PROZONER, EQ,2026-10-06,50.04,53.5,50.04,52.45,52.4,50.54,176214,9221000.0,2345,,91422.0,51.88,new
PRSMJOHNSN, EQ,2026-10-06,102.99,104.0,101.5,103.48,103.11,102.06,236606,24299000.0,6155,,94192.0,39.81,new
PRUDENT, EQ,2026-10-06,3108.1,3228.2,3086.0,3204.3,3200.0,3108.1,13341,42419000.0,4217,,6500.0,48.72,new
PRUDMOULI, EQ,2026-10-06,13.99,14.0,13.55,13.81,13.82,13.87,13911,194000.0,41,,13511.0,97.12,new
PSB, EQ,2026-10-06,21.09,21.16,20.95,21.05,21.07,21.02,543771,11443000.0,2300,,254253.0,46.76,new
PSFL, SM,2026-10-06,32.5,32.5,32.5,32.5,32.5,36.5,2000,65000.0,1,,2000.0,100.0,new
PSIFHLSRG, SF,2026-10-06,11.0,11.0,11.0,11.0,11.0,10.0,1,0.0,1,,1.0,100.0,new
PSPPROJECT, EQ,2026-10-06,764.5,770.8,754.65,761.75,755.5,764.55,28286,21561000.0,2476,,15235.0,53.86,new
PSRAJ, SM,2026-10-06,98.0,100.35,98.0,99.75,99.9,98.0,125000,12465000.0,36,,112500.0,90.0,new
PSUBANK, EQ,2026-10-06,80.41,80.7,79.9,80.09,80.7,80.31,320783,25697000.000000004,470,,278144.0,86.71,new
PSUBANKADD, EQ,2026-10-06,81.2,81.52,79.33,80.6,80.99,81.05,65395,5277000.0,265,,38990.0,59.62,new
PSUBNKBEES, EQ,2026-10-06,89.01,90.0,88.91,89.11,89.24,89.31,793150,70813000.0,4372,,393781.0,49.65,new
PSUBNKIETF, EQ,2026-10-06,80.5,81.99,79.69,81.24,81.5,80.95,35723,2903000.0,495,,16520.0,46.24,new
PTC, EQ,2026-10-06,157.9,158.7,156.1,157.14,157.27,157.52,3439913,540543000.0,28065,,2158672.0,62.75,new
PTCIL, EQ,2026-10-06,22530.0,23240.0,22330.0,23125.0,23155.0,22530.0,20786,476752000.00000006,7000,,8977.0,43.19,new
PTL, EQ,2026-10-06,38.54,38.54,38.1,38.23,38.1,38.21,49589,1898999.9999999998,840,,42262.0,85.22,new
PULZ, SM,2026-10-06,20.65,21.65,20.6,21.5,21.65,21.65,8000,169000.0,4,,6000.0,75.0,new
PUNJABCHEM, EQ,2026-10-06,1047.6,1047.9,1028.1,1039.0,1039.0,1036.9,2928,3043000.0,421,,2033.0,69.43,new
PURPLEUTED, SM,2026-10-06,495.85,495.85,495.85,495.85,495.85,472.25,21750,10785000.0,49,,21750.0,100.0,new
PURVA, EQ,2026-10-06,206.91,213.0,206.0,210.75,212.6,206.93,95890,20025000.0,2631,,43974.0,45.86,new
PUSHPA, SM,2026-10-06,120.2,130.0,119.1,120.45,119.4,120.0,199000,23990000.0,125,,68000.0,34.17,new
PVP, EQ,2026-10-06,45.56,50.34,45.56,50.34,50.34,47.95,2588716,123509999.99999999,8322,,1154892.0,44.61,new
PVRINOX, EQ,2026-10-06,1241.5,1261.2,1226.1,1249.4,1251.0,1231.4,335983,418310999.99999994,27684,,191803.0,57.09,new
PVSL, EQ,2026-10-06,93.96,94.91,91.0,94.57,94.25,91.08,15944,1473000.0,526,,9339.0,58.57,new
PVTBANIETF, EQ,2026-10-06,27.07,27.5,27.07,27.41,27.45,27.07,2172810,59619000.00000001,901,,1482535.0,68.23,new
PVTBANK, EQ,2026-10-06,26.93,27.25,26.93,27.14,27.2,26.79,11604,314000.0,47,,8708.0,75.04,new
PVTBANKADD, EQ,2026-10-06,27.34,27.63,27.24,27.55,27.63,27.11,3771917,103473000.0,150,,3687248.0,97.76,new
PVTBKGROWW, EQ,2026-10-06,26.74,27.28,26.6,27.06,27.25,26.64,7888,214000.0,67,,4399.0,55.77,new
PWL, EQ,2026-10-06,131.0,135.4,126.61,131.86,132.2,131.1,21549039,2822800000.0,121390,,3706561.0,17.2,new
PYRAMID, EQ,2026-10-06,159.88,161.0,155.11,159.71,158.5,157.88,68129,10862000.0,403,,61990.0,90.99,new
QGOLDHALF, EQ,2026-10-06,121.79,123.8,120.82,121.86,121.82,121.83,336939,40995000.0,866,,203129.0,60.29,new
QLINE, SM,2026-10-06,668.0,677.95,652.1,658.15,657.1,663.55,40800,27327999.999999996,89,,31200.0,76.47,new
QMSMEDI, BE,2026-10-06,176.6,195.18,176.6,192.71,194.5,185.89,266762,49473000.0,521,,,,new
QNIFTY, EQ,2026-10-06,250.0,251.2,248.4,250.58,250.8,248.85,9127,2285000.0,166,,7254.0,79.48,new
QPOWER, EQ,2026-10-06,1630.2,1681.0,1609.6,1648.8,1643.8,1620.2,334224,550943000.0,16879,,192013.0,57.45,new
QUADFUTURE, EQ,2026-10-06,530.8,551.05,528.0,547.4,545.0,529.25,515075,280102000.0,17782,,157097.0,30.5,new
QUAL30IETF, EQ,2026-10-06,19.96,20.9,19.65,19.83,19.89,19.57,183674,3626000.0,296,,108139.0,58.88,new
QUALIANCE, SM,2026-10-06,172.0,175.55,160.0,166.4,165.0,174.6,81000,13785000.0,74,,53000.0,65.43,new
QUALITY30, EQ,2026-10-06,19.71,19.85,18.98,19.4,19.45,19.71,34240,664000.0,170,,23071.0,67.38,new
QUESS, EQ,2026-10-06,344.85,344.85,332.55,334.45,334.7,341.85,218679,73340000.0,16509,,106229.0,48.58,new
QUESTLAB, SM,2026-10-06,95.3,96.0,92.0,92.6,92.6,96.0,16800,1585000.0,14,,12000.0,71.43,new
QUICKHEAL, EQ,2026-10-06,138.0,141.0,138.0,140.42,140.7,137.91,61739,8642000.0,1473,,33838.0,54.81,new
QUICKTOUCH, SM,2026-10-06,14.0,14.0,14.0,14.0,14.0,14.5,2000,28000.000000000004,3,,2000.0,100.0,new
QUINT, BE,2026-10-06,62.05,62.05,62.05,62.05,62.05,65.31,3360,208000.0,35,,,,new
QUINTEGRA, EQ,2026-10-06,1.47,1.47,1.47,1.47,1.47,1.4,11789,17000.0,7,,11788.0,99.99,new
QVCEL, SM,2026-10-06,26.0,26.0,25.75,25.75,25.75,25.15,6400,165000.0,4,,6400.0,100.0,new
RACE, EQ,2026-10-06,113.6,113.6,108.55,108.75,108.95,108.95,17139,1875000.0,409,,6156.0,35.92,new
RACLGEAR, EQ,2026-10-06,1560.0,1608.2,1550.1,1593.4,1598.0,1550.4,20828,32836000.0,3598,,10232.0,49.13,new
RADAAN, EQ,2026-10-06,2.99,3.15,2.86,2.98,2.95,2.99,22851,70000.0,70,,11817.0,51.71,new
RADHIKAJWE, BE,2026-10-06,67.1,68.79,65.55,67.39,67.5,67.82,109530,7384000.0,978,,,,new
RADIANTCMS, EQ,2026-10-06,34.51,35.49,34.42,34.82,34.95,34.92,86519,3017000.0,1177,,34036.0,39.34,new
RADICO, EQ,2026-10-06,4300.0,4509.0,4294.0,4460.1,4460.1,4289.1,632144,2806359000.0,57216,,351822.0,55.66,new
RADIOCITY, EQ,2026-10-06,6.05,6.05,5.8,6.01,6.02,5.9,18611,110000.00000000001,115,,16331.0,87.75,new
RADIOWALLA, ST,2026-10-06,27.5,28.6,27.5,28.6,28.6,28.05,9600,273000.0,6,,8000.0,83.33,new
RAILTEL, EQ,2026-10-06,253.1,258.55,252.55,257.65,258.55,252.3,511182,131251000.0,14670,,144129.0,28.2,new
RAIN, EQ,2026-10-06,207.8,216.0,207.1,212.63,213.5,208.02,3477479,742266000.0,21498,,1753827.0,50.43,new
RAINBOW, EQ,2026-10-06,1269.2,1273.9,1235.6,1239.7,1242.0,1269.3,122566,152788000.0,23042,,61161.0,49.9,new
RAJESHEXPO, BZ,2026-10-06,61.52,63.47,61.51,61.8,62.35,62.35,160375,9908000.0,1620,,,,new
RAJINDLTD, SM,2026-10-06,66.45,66.45,66.45,66.45,66.45,64.5,1500,100000.0,1,,1500.0,100.0,new
RAJMET, EQ,2026-10-06,3.06,3.19,3.02,3.08,3.09,3.06,196261,606000.0,557,,140787.0,71.73,new
RAJOOENG, EQ,2026-10-06,55.4,57.5,54.11,56.95,57.29,54.97,838914,46936000.0,3228,,509341.0,60.71,new
RAJPALAYAM, EQ,2026-10-06,755.0,773.0,735.0,743.95,744.2,734.35,295,219000.0,30,,234.0,79.32,new
RAJPUTANA, SM,2026-10-06,213.9,213.95,205.0,205.25,205.0,206.05,4000,834000.0,8,,3500.0,87.5,new
RAJRATAN, EQ,2026-10-06,455.0,475.0,452.95,467.3,470.0,454.6,96176,44502000.0,5459,,36309.0,37.75,new
RAJRILTD, BE,2026-10-06,19.98,20.01,19.71,20.01,20.01,19.62,6943,139000.0,63,,,,new
RAJSREESUG, EQ,2026-10-06,29.25,29.9,28.85,29.58,29.53,28.39,67148,1982999.9999999998,618,,37465.0,55.79,new
RAJTV, BE,2026-10-06,10.9,10.9,10.26,10.72,10.73,10.64,16428,173000.0,47,,,,new
RALLIS, EQ,2026-10-06,198.0,200.93,197.0,200.3,200.2,197.16,352413,70053000.0,10696,,180306.0,51.16,new
RAMANEWS, EQ,2026-10-06,29.7,29.75,28.4,28.88,28.84,29.36,20075,582000.0,205,,16566.0,82.52,new
RAMAPHO, EQ,2026-10-06,118.57,123.34,117.52,117.99,118.0,119.07,73107,8681000.0,828,,59844.0,81.86,new
RAMASTEEL, BE,2026-10-06,4.39,4.39,4.31,4.31,4.31,4.39,713156,3099000.0,1230,,,,new
RAMBHAJO, EQ,2026-10-06,309.95,332.0,307.85,330.35,329.0,305.1,880575,283734000.0,22956,,252299.0,28.65,new
RAMCOCEM, EQ,2026-10-06,842.9,849.7,834.8,848.25,848.0,837.1,167222,140645000.0,5867,,119892.0,71.7,new
RAMCOIND, EQ,2026-10-06,300.0,302.2,293.0,297.75,298.7,298.5,114309,33974000.0,4481,,67414.0,58.98,new
RAMCOSYS, EQ,2026-10-06,555.5,565.75,553.0,563.5,565.0,555.3,33400,18667000.0,2273,,16649.0,49.85,new
RAMKY, EQ,2026-10-06,282.0,288.45,281.6,286.65,286.0,280.95,28933,8264000.0,1409,,15946.0,55.11,new
RAMRAT, EQ,2026-10-06,640.95,648.7,634.45,641.2,641.35,635.2,264177,169476000.0,15928,,94641.0,35.82,new
RANASUG, EQ,2026-10-06,13.9,14.1,13.75,13.81,13.8,13.62,443685,6158000.0,1153,,244092.0,55.01,new
RANEHOLDIN, EQ,2026-10-06,1550.8,1568.9,1533.1,1547.4,1544.9,1550.8,4758,7369000.0,593,,3025.0,63.58,new
RAPIDFLEET, SM,2026-10-06,205.0,205.65,205.0,205.65,205.65,196.0,6600,1355000.0,11,,0.0,0.0,new
RAPPID, SM,2026-10-06,336.9,338.0,336.9,338.0,338.0,327.35,1800,607000.0,3,,1800.0,100.0,new
RATEGAIN, EQ,2026-10-06,850.0,858.0,842.05,854.45,850.5,849.45,136700,116231000.0,12588,,71236.0,52.11,new
RATNAMANI, EQ,2026-10-06,2570.0,2634.3,2569.6,2601.2,2600.0,2564.9,19889,51501000.0,5148,,9808.0,49.31,new
RATNAVEER, EQ,2026-10-06,341.25,343.95,333.9,335.25,335.3,339.35,1400875,472338000.0,18428,,474846.0,33.9,new
RAYMOND, EQ,2026-10-06,1312.8,1339.0,1271.7,1294.3,1285.0,1300.7,1955260,2566842000.0,85731,,375840.0,19.22,new
RAYMONDLSL, EQ,2026-10-06,636.0,658.8,630.05,649.85,652.0,628.85,281558,183171000.0,12229,,121551.0,43.17,new
RAYMONDREL, EQ,2026-10-06,698.0,737.9,681.05,707.8,703.7,691.85,2765917,1987284000.0,79228,,677025.0,24.48,new
RBA, EQ,2026-10-06,93.91,95.68,92.52,95.1,95.39,93.99,1607028,151816000.0,14482,,800602.0,49.82,new
RBLBANK, EQ,2026-10-06,416.95,418.0,412.3,414.5,414.5,416.55,2559971,1060691000.0,28092,,1302870.0,50.89,new
RBMINFRA, SM,2026-10-06,245.45,246.75,235.85,239.5,239.9,243.05,11600,2786000.0,54,,9400.0,81.03,new
RBS, SM,2026-10-06,80.0,80.0,80.0,80.0,80.0,80.0,800,64000.0,1,,800.0,100.0,new
RBZJEWEL, BE,2026-10-06,185.7,196.37,180.1,196.15,196.37,187.03,109729,20992000.0,852,,,,new
RCDL, SM,2026-10-06,15.35,15.35,15.35,15.35,15.35,16.15,9000,138000.0,3,,9000.0,100.0,new
RCF, EQ,2026-10-06,107.4,109.39,107.0,108.94,109.0,106.69,911292,98459000.0,7797,,356620.0,39.13,new
RCOM, BE,2026-10-06,0.86,0.87,0.85,0.86,0.86,0.85,3334578,2856000.0,1693,,,,new
READYMIX, SM,2026-10-06,55.0,55.0,54.0,54.35,54.75,54.7,7000,383000.0,7,,4000.0,57.14,new
RECLTD, EQ,2026-10-06,295.55,300.95,294.85,300.0,300.0,295.65,5488691,1640379000.0,41133,,3189218.0,58.11,new
REDINGTON, EQ,2026-10-06,414.0,417.4,404.0,405.7,406.25,412.75,2037976,831768000.0,35963,,1076534.0,52.82,new
REDTAPE, EQ,2026-10-06,114.05,115.49,114.05,114.8,114.85,113.85,148953,17085000.0,3012,,73658.0,49.45,new
REFEX, EQ,2026-10-06,270.85,271.85,263.1,265.15,265.5,271.3,301675,80300000.0,6501,,166235.0,55.1,new
REGAAL, EQ,2026-10-06,86.0,88.0,85.0,85.94,85.02,85.78,183472,15829000.0,2979,,99395.0,54.17,new
REGENCERAM, EQ,2026-10-06,32.2,33.8,30.15,33.28,33.4,32.53,23966,792000.0,235,,15980.0,66.68,new
RELAXO, EQ,2026-10-06,282.2,291.45,282.2,290.5,290.05,281.95,92182,26591000.000000004,5055,,35199.0,38.18,new
RELCHEMQ, EQ,2026-10-06,113.27,116.0,113.27,113.4,113.27,113.27,2301,262000.0,105,,1536.0,66.75,new
RELIABLE, EQ,2026-10-06,144.0,144.0,137.25,139.3,140.7,142.39,8421,1176000.0,337,,6079.0,72.19,new
RELIANCE, EQ,2026-10-06,1188.1,1219.1,1188.1,1218.0,1218.0,1186.4,18003127,21812046000.0,371754,,9851929.0,54.72,new
RELIGARE, EQ,2026-10-06,224.9,228.97,223.51,227.75,227.7,223.44,659520,148940000.0,12009,,396411.0,60.11,new
RELINFRA, BE,2026-10-06,51.24,51.24,51.24,51.24,51.24,48.8,79210,4059000.0000000005,519,,,,new
RELTD, EQ,2026-10-06,143.51,148.5,143.23,147.25,146.99,144.18,66967,9822000.0,1699,,26986.0,40.3,new
REMSONSIND, EQ,2026-10-06,110.0,110.9,102.72,108.67,108.2,109.71,520894,55774000.0,5694,,237820.0,45.66,new
REMUS, SM,2026-10-06,861.3,889.9,837.0,844.45,842.1,867.75,7700,6606999.999999999,58,,6300.0,81.82,new
RENTOMOJO, EQ,2026-10-06,521.4,564.0,517.1,545.2,552.95,510.95,9174958,4995277000.0,239323,,1647938.0,17.96,new
RENUKA, EQ,2026-10-06,22.38,22.84,22.18,22.65,22.75,21.76,18626993,420276000.0,28713,,4031125.0,21.64,new
REPCOHOME, EQ,2026-10-06,331.0,337.45,325.65,326.45,325.75,329.25,65214,21404000.0,3616,,40314.0,61.82,new
REPL, EQ,2026-10-06,58.95,58.95,55.0,56.83,56.51,56.24,1257,71000.0,78,,1037.0,82.5,new
REPRO, EQ,2026-10-06,290.45,310.95,290.45,296.35,294.05,294.25,18005,5410000.0,1096,,9066.0,50.35,new
RESPONIND, EQ,2026-10-06,158.2,163.0,154.65,156.31,156.5,158.17,1662406,261021000.0,8334,,414919.0,24.96,new
RETAIL, BE,2026-10-06,31.54,31.54,31.54,31.54,31.54,33.19,2926,92000.0,19,,,,new
REXPRO, SM,2026-10-06,35.0,35.0,33.55,33.6,33.6,35.0,6000,204000.0,6,,5000.0,83.33,new
RFBL, ST,2026-10-06,113.0,113.0,106.8,106.8,106.8,112.4,42000,4568000.0,8,,42000.0,100.0,new
RGL, EQ,2026-10-06,161.1,167.49,158.01,163.62,164.0,161.52,465586,75772000.0,7907,,197825.0,42.49,new
RHETAN, EQ,2026-10-06,15.02,16.6,15.02,16.59,16.6,15.81,31432821,508584000.0,54562,,9272627.0,29.5,new
RHFL, BZ,2026-10-06,1.55,1.58,1.53,1.56,1.57,1.56,316617,494000.00000000006,625,,,,new
RHIM, EQ,2026-10-06,373.6,376.8,370.4,373.4,373.55,372.75,181452,67893000.0,8832,,80570.0,44.4,new
RHL, EQ,2026-10-06,169.5,169.5,161.51,165.25,162.75,164.8,1708,281000.0,23,,1649.0,96.55,new
RICHA, SM,2026-10-06,82.0,84.5,82.0,83.25,84.5,80.5,2000,167000.0,2,,2000.0,100.0,new
RICOAUTO, EQ,2026-10-06,120.35,122.5,120.0,121.83,121.7,120.52,677941,82305000.0,6799,,310878.0,45.86,new
RIIL, EQ,2026-10-06,664.1,684.0,661.5,681.7,679.2,664.1,55354,37435000.0,2743,,18311.0,33.08,new
RIIT, IV,2026-10-06,121.96,121.96,120.0,120.69,120.7,120.39,103570,12509000.0,6291,,84259.0,81.35,new
RILINFRA, SM,2026-10-06,32.95,33.15,31.7,32.5,32.5,33.15,6700,218000.00000000003,39,,5100.0,76.12,new
RIR, EQ,2026-10-06,176.19,184.9,175.77,183.49,184.0,174.61,632621,114038000.00000001,11398,,214671.0,33.93,new
RISHABH, EQ,2026-10-06,686.2,709.25,685.6,688.4,690.7,686.2,178044,123683999.99999999,8052,,55357.0,31.09,new
RITCO, EQ,2026-10-06,286.95,291.1,284.25,285.55,287.15,284.35,107885,30883999.999999996,1634,,84180.0,78.03,new
RITES, EQ,2026-10-06,204.52,206.86,202.41,203.51,203.65,205.74,616591,126175000.0,12169,,189552.0,30.74,new
RITEZONE, SM,2026-10-06,17.0,17.45,16.15,17.45,17.45,17.0,8000,133000.0,5,,6400.0,80.0,new
RKDL, EQ,2026-10-06,17.79,17.79,17.15,17.27,17.47,17.05,9673,168000.0,88,,9564.0,98.87,new
RKEC, BE,2026-10-06,20.85,21.69,19.81,21.42,21.49,20.85,34187,694000.0,138,,,,new
RKFORGE, EQ,2026-10-06,700.1,736.45,696.1,732.65,730.2,700.45,992145,720654000.0,30995,,478195.0,48.2,new
RKSWAMY, EQ,2026-10-06,89.48,89.48,86.45,87.87,88.0,86.07,7595,668000.0,204,,5399.0,71.09,new
RMC, EQ,2026-10-06,194.91,202.85,193.0,196.05,199.0,194.15,146046,28702000.0,2189,,111375.0,76.26,new
RMDRIP, BE,2026-10-06,23.36,23.85,22.61,23.55,23.23,23.36,238838,5570000.0,399,,,,new
RML, EQ,2026-10-06,1382.5,1437.3,1372.0,1394.4,1385.0,1372.2,99854,140312000.0,10717,,34574.0,34.62,new
RNBDENIMS, BE,2026-10-06,8.99,9.13,8.81,8.98,8.98,8.97,59430,531000.0,223,,,,new
RNFI, SM,2026-10-06,314.0,334.2,312.0,331.0,331.5,313.35,37800,12326000.0,55,,29400.0,77.78,new
RNPL, SM,2026-10-06,75.95,75.95,75.95,75.95,75.95,72.35,8400,638000.0,7,,8400.0,100.0,new
ROHLTD, EQ,2026-10-06,296.0,303.25,296.0,300.75,300.7,295.1,8836,2655000.0,380,,7305.0,82.67,new
ROLEXRINGS, EQ,2026-10-06,190.9,191.56,185.6,188.18,187.98,189.77,2424946,455908000.0,32965,,1312472.0,54.12,new
ROLLT, BE,2026-10-06,5.21,5.21,5.1,5.21,5.21,4.97,409730,2130000.0,236,,,,new
ROML, EQ,2026-10-06,43.0,43.3,42.65,42.99,43.0,43.0,1781,76000.0,26,,1420.0,79.73,new
ROSSARI, EQ,2026-10-06,427.15,435.0,424.8,427.45,427.0,430.9,184174,79127000.0,6412,,150470.0,81.7,new
ROSSELLIND, EQ,2026-10-06,50.1,51.3,49.83,50.68,51.0,50.1,20826,1062000.0,244,,18549.0,89.07,new
ROSSTECH, EQ,2026-10-06,1624.9,1699.0,1586.4,1612.1,1615.0,1607.2,506905,835639000.0,46791,,161034.0,31.77,new
ROTO, EQ,2026-10-06,62.85,63.36,61.74,62.24,62.21,62.26,524832,32679000.000000004,4037,,181694.0,34.62,new
ROUTE, EQ,2026-10-06,435.0,437.3,429.4,430.8,431.5,431.1,137980,59591000.0,5642,,74525.0,54.01,new
ROXHITECH, SM,2026-10-06,64.45,71.8,64.0,70.55,70.9,62.45,513600,35782000.0,283,,310400.0,60.44,new
RPEL, EQ,2026-10-06,1851.2,1860.0,1799.0,1835.6,1845.0,1825.3,51137,93515000.0,7827,,22826.0,44.64,new
RPGLIFE, EQ,2026-10-06,2905.0,2987.9,2899.6,2933.2,2917.0,2896.4,14225,41836000.0,2347,,6526.0,45.88,new
RPOWER, EQ,2026-10-06,20.07,21.05,20.0,20.49,20.58,20.09,48663848,1005036000.0,70154,,11603885.0,23.84,new
RPPINFRA, EQ,2026-10-06,50.1,52.57,50.1,51.53,51.11,50.82,33688,1743000.0,630,,19789.0,58.74,new
RPPL, BE,2026-10-06,18.98,19.6,18.5,19.03,19.39,18.72,33977,655000.0,95,,,,new
RPSGVENT, EQ,2026-10-06,839.95,842.0,828.0,833.1,842.0,833.9,13774,11489000.0,981,,8297.0,60.24,new
RPTECH, EQ,2026-10-06,945.0,961.2,941.1,958.25,958.0,943.45,188962,180067000.0,15622,,95626.0,50.61,new
RRECL, EQ,2026-10-06,134.62,135.0,124.21,125.17,130.0,134.62,279,37000.0,16,,272.0,97.49,new
RRIL, EQ,2026-10-06,15.35,16.44,15.25,16.18,16.44,15.21,21385,335000.0,174,,17599.0,82.3,new
RRKABEL, EQ,2026-10-06,2667.0,2806.8,2645.0,2789.7,2770.0,2648.0,917457,2518652000.0,72488,,309894.0,33.78,new
RSDFIN, BE,2026-10-06,93.53,94.0,92.0,92.0,92.0,94.0,60,6000.0,6,,,,new
RSL, EQ,2026-10-06,175.57,184.9,173.68,176.06,176.0,175.57,2532342,450434000.0,15888,,1392184.0,54.98,new
RSSOFTWARE, EQ,2026-10-06,30.99,30.99,29.5,30.44,30.5,29.79,8348,252999.99999999997,84,,6575.0,78.76,new
RSWM, EQ,2026-10-06,203.3,209.0,202.81,207.03,209.0,203.03,24341,5003000.0,492,,14391.0,59.12,new
RSYSTEMS, EQ,2026-10-06,247.5,251.55,244.5,246.3,247.0,249.9,760943,187569000.0,13392,,198558.0,26.09,new
RTL, SM,2026-10-06,75.85,77.5,75.85,76.9,77.0,73.0,14000,1074000.0,7,,12000.0,85.71,new
RTNINDIA, EQ,2026-10-06,25.63,26.24,25.5,26.13,26.07,25.46,976831,25336000.0,4977,,410715.0,42.05,new
RTNPOWER, EQ,2026-10-06,6.71,6.83,6.71,6.75,6.77,6.73,6922772,46911000.0,8789,,3155113.0,45.58,new
RTSPOWR, BE,2026-10-06,103.0,112.33,103.0,103.78,103.65,108.4,4526,471000.0,97,,,,new
RUBFILA, EQ,2026-10-06,62.62,64.4,62.62,63.59,63.5,63.18,28374,1811000.0,520,,9512.0,33.52,new
RUBICON, EQ,2026-10-06,1608.5,1612.0,1583.5,1596.8,1592.1,1608.5,72117,115276000.0,7457,,33609.0,46.6,new
RUBYMILLS, EQ,2026-10-06,490.0,519.0,487.85,512.8,518.0,494.2,22847,11468000.0,1050,,14997.0,65.64,new
RUCHINFRA, EQ,2026-10-06,5.04,5.04,4.85,4.98,5.01,4.85,20684,103000.0,132,,15361.0,74.27,new
RUCHIRA, EQ,2026-10-06,103.39,104.47,102.01,102.78,102.85,103.39,9363,967000.0,291,,5526.0,59.02,new
RUDRA, EQ,2026-10-06,18.18,18.39,17.67,17.81,17.8,18.0,7681,137000.0,98,,5447.0,70.92,new
RULKA, SM,2026-10-06,108.0,108.0,103.2,105.0,105.0,108.0,11400,1201000.0,29,,8700.0,76.32,new
RUNWALENTR, EQ,2026-10-06,296.0,299.75,286.55,290.6,290.0,301.45,1321433,388077000.0,17908,,708021.0,53.58,new
RUPA, EQ,2026-10-06,128.0,130.59,128.0,128.99,129.0,128.4,118983,15407000.0,2890,,72769.0,61.16,new
RUSHIL, EQ,2026-10-06,15.9,15.9,15.41,15.54,15.51,15.46,108221,1687000.0,385,,60952.0,56.32,new
RUSTOMJEE, EQ,2026-10-06,368.0,370.0,362.85,368.55,370.0,368.5,11367,4171000.0,577,,7577.0,66.66,new
RVHL, EQ,2026-10-06,37.14,38.5,37.0,37.26,37.25,37.46,6990,262000.0,177,,5774.0,82.6,new
RVNL, EQ,2026-10-06,197.0,201.2,196.64,198.78,198.78,196.95,3145856,627013000.0,28295,,914907.0,29.08,new
RVTH, EQ,2026-10-06,723.0,760.0,701.0,756.2,738.05,726.45,1590,1155000.0,240,,699.0,43.96,new
S&SPOWER, EQ,2026-10-06,295.0,299.85,281.5,286.0,291.5,294.55,4306,1230000.0,125,,3759.0,87.3,new
SAAKSHI, ST,2026-10-06,361.0,364.0,361.0,364.0,364.0,358.6,5400,1953000.0,7,,5400.0,100.0,new
SAATVIKGL, EQ,2026-10-06,406.7,406.7,398.2,402.5,401.0,400.85,57401,23036000.0,2153,,29158.0,50.8,new
SAB, EQ,2026-10-06,170.0,170.0,170.0,170.0,170.0,170.0,10,2000.0,1,,10.0,100.0,new
SACHEEROME, SM,2026-10-06,502.25,515.0,502.25,511.85,505.35,500.05,11700,5952000.0,36,,9300.0,79.49,new
SADBHAV, EQ,2026-10-06,6.75,6.94,6.75,6.85,6.89,6.86,118920,815000.0,405,,98164.0,82.55,new
SADBHIN, EQ,2026-10-06,2.62,2.62,2.56,2.56,2.58,2.61,45546,117000.0,146,,33703.0,74.0,new
SADHAV, SM,2026-10-06,114.35,115.5,114.0,114.5,114.05,115.5,7800,892000.0,13,,6600.0,84.62,new
SADHNANIQ, BE,2026-10-06,2.61,2.71,2.6,2.68,2.71,2.59,1975998,5328000.0,749,,,,new
SAFARI, EQ,2026-10-06,1308.6,1344.6,1299.2,1318.0,1312.6,1308.6,41056,54300000.0,6117,,16692.0,40.66,new
SAFEENTP, SM,2026-10-06,253.0,255.5,246.25,250.05,250.7,254.4,29000,7268000.000000001,55,,17500.0,60.34,new
SAGARDEEP, EQ,2026-10-06,24.0,24.0,22.0,23.14,23.14,22.1,4214,95000.0,99,,2028.0,48.13,new
SAGCEM, EQ,2026-10-06,148.68,149.7,145.81,146.6,147.0,148.68,38480,5654000.0,1112,,30860.0,80.2,new
SAGILITY, EQ,2026-10-06,42.79,43.88,42.51,43.88,43.88,42.57,8239659,355676000.0,20216,,4222907.0,51.25,new
SAHAJSOLAR, SM,2026-10-06,89.5,92.0,89.0,91.15,90.0,87.6,26000,2367000.0,57,,18000.0,69.23,new
SAHANA, SM,2026-10-06,900.0,930.0,900.0,926.6,926.5,889.6,58800,54035000.0,267,,38100.0,64.8,new
SAHASRA, SM,2026-10-06,509.0,521.8,475.9,475.9,475.9,500.9,127600,62067999.99999999,307,,63600.0,49.84,new
SAHLIBHFI, EQ,2026-10-06,77.9,77.92,75.05,76.71,77.47,76.7,2882,221000.0,136,,1989.0,69.01,new
SAHYADRI, EQ,2026-10-06,363.95,367.9,350.0,354.05,353.15,361.4,8223,2944000.0,508,,4699.0,57.14,new
SAICAPI, EQ,2026-10-06,155.0,155.0,145.0,150.16,155.0,155.0,462,68000.0,31,,318.0,68.83,new
SAIFL, SM,2026-10-06,4.3,4.35,4.2,4.3,4.3,4.2,56000,240000.0,11,,32000.0,57.14,new
SAIL, EQ,2026-10-06,177.3,180.45,174.8,178.1,178.1,176.95,19432905,3459246000.0,68780,,7355545.0,37.85,new
SAILIFE, EQ,2026-10-06,1520.0,1569.0,1495.0,1558.1,1569.0,1511.3,277814,426830000.0,27877,,148477.0,53.44,new
SAIPARENT, EQ,2026-10-06,502.9,535.0,499.2,522.9,523.75,498.7,352499,183144000.0,11257,,181357.0,51.45,new
SAJHOTELS, ST,2026-10-06,30.35,30.35,27.55,29.35,29.35,29.0,28000,793000.0,9,,26000.0,92.86,new
SAKAR, EQ,2026-10-06,1013.0,1068.0,1013.0,1048.5,1068.0,1006.8,68620,71032000.0,4648,,41316.0,60.21,new
SAKHTISUG, EQ,2026-10-06,18.07,19.35,18.06,18.88,18.81,17.8,290628,5487000.0,1767,,128169.0,44.1,new
SAKSOFT, EQ,2026-10-06,140.4,144.0,140.31,142.74,142.44,140.72,112706,15990000.0,2528,,50092.0,44.44,new
SAKUMA, EQ,2026-10-06,1.57,1.57,1.49,1.51,1.53,1.54,1647490,2511000.0,947,,1214759.0,73.73,new
SALASAR, EQ,2026-10-06,4.07,4.34,4.04,4.22,4.17,4.04,5485232,23080000.0,4787,,2706170.0,49.34,new
SALONA, EQ,2026-10-06,272.95,275.0,268.0,274.2,275.0,268.25,757,206999.99999999997,60,,578.0,76.35,new
SALSTEEL, EQ,2026-10-06,92.0,93.0,89.29,89.6,89.3,93.98,746781,67227000.0,2559,,274922.0,36.81,new
SALZERELEC, EQ,2026-10-06,523.0,531.4,521.2,524.95,522.0,525.05,35112,18450000.0,1831,,20473.0,58.31,new
SAMBHAAV, EQ,2026-10-06,5.41,5.41,5.06,5.25,5.26,5.3,27220,142000.0,161,,23545.0,86.5,new
SAMBHV, EQ,2026-10-06,166.0,167.0,161.36,162.19,162.0,164.66,1575550,257661000.0,17578,,672002.0,42.65,new
SAMHI, EQ,2026-10-06,148.6,151.0,147.9,149.73,149.0,150.41,811325,121265000.00000001,9663,,462181.0,56.97,new
SAMMAANCAP, EQ,2026-10-06,134.2,134.87,133.0,134.4,134.8,133.11,2560634,343367000.0,16600,,1413424.0,55.2,new
SAMPANN, EQ,2026-10-06,24.0,24.66,23.9,23.99,23.92,23.91,10227,248000.0,99,,7122.0,69.64,new
SANATHAN, EQ,2026-10-06,528.35,532.3,522.25,525.65,528.1,528.35,45492,24047000.0,2913,,23682.0,52.06,new
SANDESH, EQ,2026-10-06,985.15,1025.55,985.15,1017.4,1006.0,1013.95,972,977999.9999999999,69,,724.0,74.49,new
SANDHAR, EQ,2026-10-06,557.0,563.75,553.25,558.1,562.0,555.3,78149,43671000.0,6483,,40871.0,52.3,new
SANDUMA, EQ,2026-10-06,177.35,185.0,177.35,183.38,183.85,177.35,525752,95168000.0,10117,,242777.0,46.18,new
SANGAMIND, EQ,2026-10-06,638.0,645.3,630.05,642.4,640.8,631.75,30921,19746000.0,1596,,22935.0,74.17,new
SANGANI, SM,2026-10-06,57.0,57.2,54.95,57.2,57.2,56.85,40500,2264000.0,6,,40500.0,100.0,new
SANGHVIMOV, EQ,2026-10-06,410.0,432.95,410.0,419.5,423.2,409.9,482154,203268000.0,14002,,253123.0,52.5,new
SANOFI, EQ,2026-10-06,3020.1,3057.8,3004.0,3047.0,3046.0,3024.2,16503,49924000.0,3192,,8572.0,51.94,new
SANOFICONR, EQ,2026-10-06,3731.0,3764.4,3704.0,3736.5,3726.0,3752.7,3430,12774000.0,1307,,1889.0,55.07,new
SANSERA, EQ,2026-10-06,4245.8,4273.6,4085.4,4232.9,4226.0,4291.3,261389,1103080000.0,39376,,112797.0,43.15,new
SANSTAR, EQ,2026-10-06,103.93,106.13,103.2,104.07,103.99,104.73,104195,10880000.0,2312,,36398.0,34.93,new
SANWARIA, BZ,2026-10-06,0.2,0.2,0.18,0.18,0.18,0.19,1698397,317000.0,191,,,,new
SAPPHIRE, EQ,2026-10-06,214.3,216.02,210.6,215.16,216.02,212.64,315838,67359000.0,14044,,139124.0,44.05,new
SAPPL, EQ,2026-10-06,306.6,332.15,306.6,314.1,320.0,327.1,3162,993000.0,290,,2443.0,77.26,new
SARDAEN, EQ,2026-10-06,502.15,503.95,496.5,500.7,502.0,501.0,188815,94473000.0,7743,,117572.0,62.27,new
SAREGAMA, EQ,2026-10-06,497.1,506.8,493.0,503.7,503.0,497.1,166549,83512000.0,11663,,78094.0,46.89,new
SARLAPOLY, EQ,2026-10-06,95.8,96.79,95.01,96.44,96.68,95.1,26212,2516000.0,1085,,13973.0,53.31,new
SARTELE, SM,2026-10-06,99.0,100.5,94.25,96.85,96.2,97.7,59500,5758000.0,96,,31500.0,52.94,new
SARVESHWAR, EQ,2026-10-06,3.47,3.6,3.47,3.58,3.6,3.46,1021600,3620000.0000000005,1780,,780573.0,76.41,new
SASKEN, EQ,2026-10-06,1700.0,1729.0,1666.1,1679.5,1685.0,1683.2,18068,30443000.0,2391,,11195.0,61.96,new
SATECH, SM,2026-10-06,38.95,38.95,37.55,37.55,37.55,36.95,3000,113999.99999999999,3,,2000.0,66.67,new
SATIA, EQ,2026-10-06,69.0,69.4,68.02,69.26,68.65,68.51,81400,5605000.0,989,,51062.0,62.73,new
SATIN, EQ,2026-10-06,216.15,231.22,200.07,228.35,230.0,216.29,4924729,1057620000.0000001,56762,,2214667.0,44.97,new
SATIPOLY, SM,2026-10-06,34.1,34.1,34.1,34.1,34.1,32.5,2000,68000.0,3,,2000.0,100.0,new
SATKARTAR, SM,2026-10-06,180.85,182.0,163.1,166.8,171.7,180.85,80800,13987000.0,92,,52000.0,64.36,new
SATTVAENGG, SM,2026-10-06,57.75,57.9,55.0,56.1,56.1,57.4,46400,2601000.0,27,,41600.0,89.66,new
SAURASHCEM, EQ,2026-10-06,51.05,51.9,50.95,51.47,51.4,51.4,67553,3476000.0,1144,,44436.0,65.78,new
SAVY, SM,2026-10-06,129.5,135.0,128.1,135.0,135.0,134.85,13200,1748999.9999999998,10,,9600.0,72.73,new
SAWALIYA, SM,2026-10-06,177.0,192.35,173.0,191.2,184.2,174.9,250800,45167000.0,166,,89400.0,35.65,new
SAYAJIHOTL, EQ,2026-10-06,309.8,319.95,306.55,307.35,309.5,306.5,38,12000.0,31,,36.0,94.74,new
SAYAJIIND, EQ,2026-10-06,115.0,118.0,114.01,118.0,118.0,120.0,2098,241000.0,13,,2097.0,99.95,new
SBC, EQ,2026-10-06,62.9,64.43,60.4,61.7,61.75,62.04,26585618,1646666000.0,44791,,6059881.0,22.79,new
SBCL, EQ,2026-10-06,1076.5,1103.5,1067.7,1099.6,1100.0,1076.5,130349,142807000.0,8083,,88225.0,67.68,new
SBFC, EQ,2026-10-06,82.51,84.19,82.25,83.28,83.06,82.83,1721500,143410000.0,21270,,1051003.0,61.05,new
SBGLP, EQ,2026-10-06,23.22,23.88,22.56,22.78,22.81,23.11,45230,1039000.0,363,,32872.0,72.68,new
SBIBPB, EQ,2026-10-06,46.69,46.85,46.36,46.61,46.68,46.48,22078,1027000.0,269,,14937.0,67.66,new
SBICARD, EQ,2026-10-06,566.0,571.5,562.2,569.4,569.4,566.0,622300,352969000.0,17484,,315073.0,50.63,new
SBIETFCON, EQ,2026-10-06,113.5,114.33,113.0,113.94,114.33,112.72,2469,280000.0,56,,1735.0,70.27,new
SBIETFIT, EQ,2026-10-06,316.92,316.92,310.0,311.04,311.29,312.96,2434,757000.0,137,,1584.0,65.08,new
SBIETFPB, EQ,2026-10-06,270.78,277.68,270.78,275.91,275.91,273.52,4312,1190000.0,85,,2588.0,60.02,new
SBIETFQLTY, EQ,2026-10-06,206.55,208.0,206.07,207.8,208.0,206.58,6265,1296000.0,64,,4242.0,67.71,new
SBIFUNDS, EQ,2026-10-06,497.2,504.0,494.1,502.85,503.0,495.4,920580,459588000.0,53427,,530443.0,57.62,new
SBILIFE, EQ,2026-10-06,1720.2,1754.3,1708.9,1750.0,1750.0,1709.5,941906,1640375000.0,24500,,620999.0,65.93,new
SBILIQETF, EQ,2026-10-06,1058.89,1058.91,1058.89,1058.89,1058.89,1058.76,437526,463292000.0,121,,138358.0,31.62,new
SBIMIDMOM, EQ,2026-10-06,60.98,61.84,60.98,61.56,61.84,60.65,72718,4475000.0,123,,51578.0,70.93,new
SBIN, EQ,2026-10-06,962.1,963.65,949.85,958.75,958.75,958.0,8204620,7836838000.0,188791,,4070060.0,49.61,new
SBINEQWETF, EQ,2026-10-06,30.48,32.82,30.48,32.01,31.56,31.27,19042,601000.0,222,,16550.0,86.91,new
SBINMID150, EQ,2026-10-06,21.85,22.05,21.85,21.98,21.95,21.75,11520,252000.0,105,,7789.0,67.61,new
SBISILVER, EQ,2026-10-06,215.76,216.19,213.63,216.04,216.09,217.32,801021,172338000.0,5429,,423758.0,52.9,new
SBISMLETF, EQ,2026-10-06,17.98,17.98,17.7,17.9,17.9,17.83,24530,438000.0,203,,20368.0,83.03,new
SBIVALETF, EQ,2026-10-06,13.92,13.99,13.9,13.95,13.98,13.92,6384,89000.0,39,,5568.0,87.22,new
SCANSTL, BE,2026-10-06,46.55,48.49,45.31,48.06,48.0,47.15,34339,1609000.0,150,,,,new
SCHAEFFLER, EQ,2026-10-06,3874.2,3874.2,3806.9,3818.1,3827.0,3845.0,43159,165085000.0,11486,,25263.0,58.53,new
SCHAND, EQ,2026-10-06,140.2,146.0,137.01,145.16,144.2,140.5,25808,3661000.0,2360,,11079.0,42.93,new
SCHNEIDER, EQ,2026-10-06,1261.8,1292.8,1250.1,1274.0,1272.0,1268.1,127905,162970000.0,18377,,54395.0,42.53,new
SCI, EQ,2026-10-06,292.05,293.8,283.25,289.0,289.6,290.6,5287314,1521909000.0,58138,,1100136.0,20.81,new
SCILAL, EQ,2026-10-06,37.5,37.9,37.0,37.68,37.7,37.26,236495,8853000.0,1948,,145072.0,61.34,new
SCML, SM,2026-10-06,105.0,110.0,103.0,107.95,108.9,100.2,72000,7654000.000000001,63,,40000.0,55.56,new
SCODATUBES, EQ,2026-10-06,126.75,126.75,123.39,124.37,124.9,124.62,116589,14519000.0,1970,,64299.0,55.15,new
SCPL, BE,2026-10-06,627.45,627.45,605.0,609.25,614.6,617.85,4825,2953000.0,349,,,,new
SDBL, EQ,2026-10-06,74.5,75.18,73.5,74.02,74.15,73.21,589045,43653000.0,5155,,267594.0,45.43,new
SDREAMS, SM,2026-10-06,85.0,86.0,83.15,84.75,84.5,85.0,8000,677000.0,4,,7000.0,87.5,new
SEAMECLTD, EQ,2026-10-06,1554.0,1604.2,1554.0,1584.9,1588.0,1577.9,54558,86572000.0,5273,,29970.0,54.93,new
SECLEDBETA, EQ,2026-10-06,13.84,13.98,13.84,13.97,13.86,13.74,2731,38000.0,17,,1839.0,67.34,new
SECMARK, EQ,2026-10-06,136.72,141.4,136.72,137.0,137.0,137.41,175,24000.0,7,,124.0,70.86,new
SECURKLOUD, EQ,2026-10-06,16.25,16.5,15.61,15.71,15.67,16.13,30534,486000.00000000006,182,,29121.0,95.37,new
SEDEMAC, EQ,2026-10-06,3395.6,3426.8,3320.1,3399.6,3390.1,3372.3,143990,486710999.99999994,21838,,59329.0,41.2,new
SEIL, EQ,2026-10-06,185.53,187.93,182.61,186.16,186.95,183.52,592634,110734999.99999999,1146,,572845.0,96.66,new
SEITINVIT, IV,2026-10-06,122.0,122.0,122.0,122.0,122.0,122.05,25000,3050000.0,1,,25000.0,100.0,new
SEJALLTD, EQ,2026-10-06,650.0,683.75,649.35,676.55,670.5,651.2,6501,4275000.0,492,,4396.0,67.62,new
SEKURITIND, EQ,2026-10-06,109.98,110.44,107.5,110.08,109.94,108.72,31166,3395000.0000000005,688,,19704.0,63.22,new
SELECTIPO, EQ,2026-10-06,46.01,46.65,46.01,46.64,46.65,45.79,18943,880000.0000000001,68,,9799.0,51.73,new
SELLOWRAP, SM,2026-10-06,62.0,62.15,60.0,60.0,60.0,62.0,70400,4336000.0,16,,70400.0,100.0,new
SEMAC, EQ,2026-10-06,239.04,239.04,235.55,235.55,235.55,239.04,7,2000.0,3,,7.0,100.0,new
SENCO, EQ,2026-10-06,318.7,323.55,317.05,318.75,320.0,316.95,559711,179090000.0,18493,,222400.0,39.73,new
SENORES, EQ,2026-10-06,1331.3,1401.0,1318.6,1388.6,1399.8,1321.2,309834,421935000.00000006,24224,,154882.0,49.99,new
SENSEXADD, EQ,2026-10-06,75.15,75.45,75.02,75.35,75.45,74.78,2031,153000.0,28,,1034.0,50.91,new
SENSEXAXIS, EQ,2026-10-06,75.98,75.98,75.38,75.78,75.58,75.22,4817,365000.0,47,,3918.0,81.34,new
SENSEXBETA, EQ,2026-10-06,812.89,812.89,803.41,809.72,808.0,808.67,2164,1748000.0,92,,1225.0,56.61,new
SENSEXETF, EQ,2026-10-06,75.3,75.44,74.71,75.41,75.44,74.67,26787,2014000.0,234,,12977.0,48.45,new
SENSEXIETF, EQ,2026-10-06,836.25,839.5,833.0,838.12,835.21,834.11,7563,6330000.0,395,,4518.0,59.74,new
SEPC, EQ,2026-10-06,5.15,5.15,5.03,5.05,5.07,5.11,4908883,24850000.0,3138,,2881946.0,58.71,new
SERVICE, SM,2026-10-06,71.3,71.3,68.8,69.15,69.15,69.2,18000,1246000.0,9,,2000.0,11.11,new
SERVOTECH, EQ,2026-10-06,72.0,72.39,71.25,72.06,72.25,71.93,303819,21818000.0,3257,,173871.0,57.23,new
SESHAPAPER, EQ,2026-10-06,235.01,239.18,233.0,233.87,234.0,234.76,28978,6805000.0,1027,,13638.0,47.06,new
SETCO, BE,2026-10-06,17.6,18.48,17.21,18.22,18.39,17.6,37990,681000.0,158,,,,new
SETF10GILT, EQ,2026-10-06,261.0,262.11,259.55,259.78,259.78,260.58,2444,637000.0,30,,1518.0,62.11,new
SETFGOLD, EQ,2026-10-06,125.08,125.47,124.26,125.36,125.34,125.41,9150958,1143770000.0,20533,,7061951.0,77.17,new
SETFNIF50, EQ,2026-10-06,243.13,245.7,243.13,245.14,245.5,243.13,807354,197440000.0,4164,,529154.0,65.54,new
SETFNIFBK, EQ,2026-10-06,558.46,568.0,558.46,565.47,564.6,561.27,186970,105768000.0,581,,168391.0,90.06,new
SETFNN50, EQ,2026-10-06,744.04,753.99,742.05,751.83,753.99,742.05,16951,12697000.0,993,,8938.0,52.73,new
SETL, EQ,2026-10-06,431.2,434.8,423.75,428.3,427.35,430.05,453699,194823000.0,10284,,252258.0,55.6,new
SETUINFRA, BZ,2026-10-06,0.5,0.5,0.49,0.49,0.49,0.5,6413,3000.0,17,,,,new
SEYAIND, BE,2026-10-06,13.0,13.25,12.86,12.86,12.86,13.12,2528,33000.0,23,,,,new
SFL, EQ,2026-10-06,624.4,630.0,616.85,623.4,622.0,620.45,81224,50605000.0,6650,,54132.0,66.65,new
SFML, SM,2026-10-06,20.95,20.95,20.95,20.95,20.95,19.5,1600,34000.0,1,,1600.0,100.0,new
SGBAPR28I, GB,2026-10-06,14799.99,14799.99,14725.02,14770.0,14770.0,14782.34,73,1078000.0,11,,69.0,94.52,new
SGBAUG27, GB,2026-10-06,14548.0,14750.0,14548.0,14616.0,14616.0,14695.25,29,425000.0,11,,22.0,75.86,new
SGBAUG28V, GB,2026-10-06,14667.0,14725.0,14640.0,14672.89,14663.0,14701.9,721,10586000.0,140,,525.0,72.82,new
SGBAUG29V, GB,2026-10-06,14729.12,14900.01,14680.0,14809.5,14809.5,14729.12,81,1198000.0,35,,59.0,72.84,new
SGBAUG30, GB,2026-10-06,14840.0,14989.99,14800.0,14889.91,14830.0,14846.59,270,4007000.0,74,,212.0,78.52,new
SGBD29VIII, GB,2026-10-06,14757.87,14869.97,14695.0,14708.91,14695.0,14757.87,80,1181000.0,41,,51.0,63.75,new
SGBDE30III, GB,2026-10-06,14947.81,14949.99,14652.0,14813.69,14777.0,14947.81,409,6047000.0,178,,274.0,66.99,new
SGBDE31III, GB,2026-10-06,15136.04,15300.0,15065.01,15123.77,15120.0,15136.04,480,7258000.0,136,,303.0,63.13,new
SGBDEC26, GB,2026-10-06,14660.0,14660.0,14660.0,14660.0,14660.0,14660.0,3,44000.0,1,,3.0,100.0,new
SGBFEB27, GB,2026-10-06,14708.17,14708.17,14708.17,14708.17,14708.17,14635.0,1,15000.0,1,,1.0,100.0,new
SGBFEB29XI, GB,2026-10-06,14670.5,14705.0,14670.02,14693.18,14699.0,14728.43,34,499000.0,15,,14.0,41.18,new
SGBFEB32IV, GB,2026-10-06,15445.0,15507.99,15445.0,15481.95,15470.01,15508.46,984,15231000.0,264,,614.0,62.4,new
SGBJ28VIII, GB,2026-10-06,14750.0,14750.0,14750.0,14750.0,14750.0,14750.0,5,74000.0,1,,5.0,100.0,new
SGBJAN29IX, GB,2026-10-06,14611.0,14749.0,14611.0,14699.1,14718.2,14697.89,178,2613000.0,40,,138.0,77.53,new
SGBJAN29X, GB,2026-10-06,14681.2,14999.0,14675.5,14700.0,14700.0,14681.2,72,1067000.0,18,,55.0,76.39,new
SGBJAN30IX, GB,2026-10-06,14829.0,14829.34,14735.01,14772.0,14772.0,14829.34,100,1481000.0,19,,98.0,98.0,new
SGBJU29III, GB,2026-10-06,14750.1,14774.99,14675.0,14680.0,14680.0,14750.1,71,1046000.0000000001,21,,64.0,90.14,new
SGBJUL28IV, GB,2026-10-06,14688.0,14718.99,14621.03,14675.85,14685.0,14681.9,129,1892000.0000000002,38,,89.0,68.99,new
SGBJUL29IV, GB,2026-10-06,14774.0,14775.0,14443.41,14675.74,14675.0,14786.3,615,9007000.0,98,,378.0,61.46,new
SGBJUN27, GB,2026-10-06,14739.98,14739.98,14685.0,14685.0,14685.0,14625.0,49,720000.0,14,,49.0,100.0,new
SGBJUN28, GB,2026-10-06,14730.0,14730.0,14685.0,14685.31,14685.0,14737.03,93,1368000.0,38,,89.0,95.7,new
SGBJUN29II, GB,2026-10-06,14725.0,14759.99,14499.99,14703.64,14700.0,14725.66,375,5494000.0,83,,280.0,74.67,new
SGBJUN30, GB,2026-10-06,14939.0,15100.0,14800.0,15010.21,15052.28,14839.99,131,1960000.0000000002,64,,92.0,70.23,new
SGBJUN31I, GB,2026-10-06,15015.0,15149.82,14900.0,15036.13,15079.87,15021.35,448,6716000.0,140,,300.0,66.96,new
SGBMAR28X, GB,2026-10-06,14663.67,14673.37,14663.67,14673.06,14673.0,14700.9,14,204999.99999999997,6,,14.0,100.0,new
SGBMAR30X, GB,2026-10-06,14616.1,15049.0,14616.1,14764.39,14799.99,14839.8,121,1789000.0,42,,55.0,45.45,new
SGBMAR31IV, GB,2026-10-06,14975.07,15098.26,14852.0,14941.01,14941.01,14975.07,56,838000.0000000001,31,,48.0,85.71,new
SGBMAY28, GB,2026-10-06,14714.73,14770.0,14667.01,14720.61,14770.0,14714.73,56,824000.0,15,,48.0,85.71,new
SGBMAY29I, GB,2026-10-06,14740.0,14788.0,14625.0,14706.87,14738.0,14742.14,348,5115000.0,78,,267.0,76.72,new
SGBMR29XII, GB,2026-10-06,14662.0,14750.0,14637.05,14695.03,14687.26,14673.92,48,704000.0,26,,33.0,68.75,new
SGBN28VIII, GB,2026-10-06,14725.0,14739.99,14667.0,14735.0,14735.0,14710.01,41,603000.0,16,,30.0,73.17,new
SGBNOV26, GB,2026-10-06,14650.0,14770.0,14650.0,14770.0,14770.0,14870.0,10,147000.0,3,,10.0,100.0,new
SGBNV29VII, GB,2026-10-06,14750.0,14790.0,14711.0,14745.14,14725.0,14733.11,85,1254000.0,27,,84.0,98.82,new
SGBOC28VII, GB,2026-10-06,14735.01,14799.99,14701.0,14750.0,14750.0,14735.01,224,3303000.0,14,,209.0,93.3,new
SGBOCT26, GB,2026-10-06,14779.0,14780.0,14779.0,14780.0,14780.0,14780.0,26,384000.0,3,,26.0,100.0,new
SGBOCT27, GB,2026-10-06,14700.0,14700.0,14699.0,14699.0,14699.0,14801.5,38,559000.0,4,,38.0,100.0,new
SGBOCT27VI, GB,2026-10-06,14700.0,14700.0,14650.0,14650.0,14650.0,14760.0,10,147000.0,3,,10.0,100.0,new
SGBSEP28VI, GB,2026-10-06,14621.01,14700.0,14621.01,14651.15,14651.15,14667.31,83,1217000.0,23,,62.0,74.7,new
SGBSEP29VI, GB,2026-10-06,14690.83,14845.0,14650.01,14705.92,14702.0,14690.83,262,3853000.0,61,,149.0,56.87,new
SGBSEP31II, GB,2026-10-06,15000.0,15025.0,14966.0,14997.32,14992.11,14979.66,1097,16447999.999999998,181,,884.0,80.58,new
SGFIN, EQ,2026-10-06,687.0,687.0,655.25,662.15,660.1,677.95,371637,247233000.0,15349,,202991.0,54.62,new
SGIL, EQ,2026-10-06,603.45,614.65,598.55,603.2,601.8,603.0,4622,2791000.0,427,,2925.0,63.28,new
SGL, EQ,2026-10-06,9.35,9.35,8.61,8.8,8.85,8.84,4518,40000.0,61,,3679.0,81.43,new
SGLRES, EQ,2026-10-06,2.29,2.29,2.17,2.26,2.29,2.23,33778,75000.0,76,,24824.0,73.49,new
SGMART, EQ,2026-10-06,740.0,757.2,734.0,742.85,738.0,737.65,255968,190867000.0,15871,,130395.0,50.94,new
SGRL, EQ,2026-10-06,690.0,734.25,690.0,719.05,721.65,680.4,31464,22595000.0,2493,,15747.0,50.05,new
SHADOWFAX, EQ,2026-10-06,291.0,291.9,284.2,288.0,288.6,289.05,7609302,2185870000.0,62807,,5254939.0,69.06,new
SHAH, EQ,2026-10-06,3.06,3.22,3.0,3.09,3.08,3.07,596500,1827000.0,528,,377608.0,63.3,new
SHAHALLOYS, BE,2026-10-06,79.4,82.45,79.4,81.03,81.0,82.0,18422,1496000.0,113,,,,new
SHAHINVEST, BE,2026-10-06,171.0,179.55,171.0,173.79,174.0,167.0,2436399,420739000.00000006,18786,,,,new
SHAILY, EQ,2026-10-06,3019.0,3124.8,3018.5,3100.3,3095.0,3012.8,88898,275059000.0,13848,,42799.0,48.14,new
SHAKTIPUMP, EQ,2026-10-06,443.4,451.6,443.25,449.35,451.0,443.4,936744,419017000.0,42828,,283830.0,30.3,new
SHALBY, EQ,2026-10-06,134.0,137.1,133.61,136.51,137.03,134.01,50727,6889000.0,1530,,23545.0,46.42,new
SHALPAINTS, BE,2026-10-06,75.88,78.5,75.0,77.64,77.25,75.17,55434,4262000.0,256,,,,new
SHANKARA, EQ,2026-10-06,119.9,127.19,118.0,125.58,124.1,118.16,113826,13977000.000000002,3411,,63913.0,56.15,new
SHANKESH, EQ,2026-10-06,88.65,92.98,88.5,92.21,92.01,88.24,2373020,216491000.0,16906,,847695.0,35.72,new
SHANTHALA, SM,2026-10-06,14.45,14.45,14.2,14.2,14.2,13.9,3600,52000.0,3,,3600.0,100.0,new
SHANTI, EQ,2026-10-06,5.45,5.69,5.15,5.49,5.49,5.44,32761,174000.0,97,,19999.0,61.05,new
SHANTIGEAR, EQ,2026-10-06,593.0,606.75,586.55,602.3,603.0,591.75,50138,29912000.0,2161,,20890.0,41.67,new
SHANTIGOLD, EQ,2026-10-06,320.0,338.7,318.95,336.65,337.45,316.6,4557739,1501385000.0,47605,,1118874.0,24.55,new
SHANTIINOR, SM,2026-10-06,172.0,201.65,172.0,201.65,201.65,168.05,824000,159830000.0,317,,649600.0,78.83,new
SHARDACROP, EQ,2026-10-06,721.8,744.55,720.0,741.75,741.3,720.1,89366,65630999.99999999,8005,,43245.0,48.39,new
SHARDAMOTR, EQ,2026-10-06,924.5,933.05,921.85,928.55,925.0,918.6,26440,24523000.0,3463,,13633.0,51.56,new
SHARDUL, BE,2026-10-06,58.9,58.9,57.5,58.25,58.38,58.11,26778,1554000.0,92,,,,new
SHAREINDIA, EQ,2026-10-06,207.5,212.0,207.0,211.4,211.83,206.06,880466,184711000.0,12662,,223835.0,25.42,new
SHARIABEES, EQ,2026-10-06,421.48,429.6,421.48,424.7,424.0,421.48,4737,2007999.9999999998,289,,2435.0,51.4,new
SHBAJRG, EQ,2026-10-06,166.5,167.96,161.49,162.8,162.65,164.79,6772,1109000.0,239,,5460.0,80.63,new
SHEEL, SM,2026-10-06,58.0,62.0,58.0,62.0,62.0,60.0,4000,240000.0,2,,2000.0,50.0,new
SHEETAL, SM,2026-10-06,358.6,358.65,345.0,350.0,350.0,358.65,6000,2109000.0,12,,3000.0,50.0,new
SHEKHAWATI, BE,2026-10-06,27.17,27.17,27.17,27.17,27.17,28.6,25814,701000.0,50,,,,new
SHEMAROO, EQ,2026-10-06,111.6,114.35,111.6,111.76,112.7,110.56,6104,689000.0,114,,3656.0,59.9,new
SHERA, SM,2026-10-06,192.0,195.9,188.35,195.35,195.0,187.0,38000,7304000.000000001,32,,30000.0,78.95,new
SHERVANI, EQ,2026-10-06,304.0,304.0,304.0,304.0,304.0,315.0,20,6000.0,1,,20.0,100.0,new
SHETHJI, SM,2026-10-06,186.5,186.5,182.5,184.5,184.7,184.05,29000,5338000.0,19,,26000.0,89.66,new
SHILCTECH, EQ,2026-10-06,4032.9,4105.0,4015.9,4094.2,4100.0,4032.9,10823,44211000.0,2576,,6187.0,57.17,new
SHILGRAVQ, EQ,2026-10-06,145.0,146.99,141.27,145.31,145.83,142.87,1576,229000.0,52,,1535.0,97.4,new
SHILPAMED, EQ,2026-10-06,1028.1,1079.9,1026.1,1073.7,1076.0,1031.2,587086,623416000.0,35352,,279396.0,47.59,new
SHINDL, EQ,2026-10-06,159.99,159.99,156.0,158.69,157.01,158.41,135954,21445000.0,640,,68349.0,50.27,new
SHIPROCKET, EQ,2026-10-06,124.87,132.34,123.46,131.43,131.99,123.0,7625305,987336000.0,68590,,1679283.0,22.02,new
SHIVAAGRO, EQ,2026-10-06,39.1,39.2,38.0,39.02,39.2,38.7,3408,131000.0,27,,3340.0,98.0,new
SHIVACEM, EQ,2026-10-06,12.6,14.7,12.6,13.19,13.16,12.7,118475,1572000.0,727,,79016.0,66.69,new
SHIVALIK, EQ,2026-10-06,374.0,389.8,360.0,386.25,386.5,375.3,78286,29556000.0,3589,,34346.0,43.87,new
SHIVAMAUTO, EQ,2026-10-06,16.95,17.89,16.45,16.6,16.52,16.67,93728,1587000.0,365,,76385.0,81.5,new
SHIVAMILLS, EQ,2026-10-06,59.0,62.15,58.0,58.31,58.3,59.32,1160,68000.0,16,,833.0,71.81,new
SHIVASHRIT, SM,2026-10-06,117.0,119.95,114.0,116.7,116.7,115.95,64000,7451000.000000001,46,,36000.0,56.25,new
SHIVATEX, EQ,2026-10-06,165.22,172.9,165.01,169.99,172.0,165.01,2607,437000.0,60,,2340.0,89.76,new
SHIVAUM, EQ,2026-10-06,559.05,559.7,552.5,552.65,554.0,558.95,4729,2629000.0,145,,1806.0,38.19,new
SHK, EQ,2026-10-06,138.4,143.86,136.82,142.32,141.8,137.42,584843,82803000.0,6205,,347475.0,59.41,new
SHKSIL, SM,2026-10-06,30.55,30.55,30.45,30.45,30.45,31.5,6000,183000.0,3,,4000.0,66.67,new
SHOPERSTOP, EQ,2026-10-06,390.05,405.0,390.05,398.15,405.0,395.5,17408,6950000.0,2018,,4589.0,26.36,new
SHRADDHA, EQ,2026-10-06,166.5,172.5,162.3,166.72,166.0,164.79,9492,1595000.0,539,,5614.0,59.14,new
SHRADHA, EQ,2026-10-06,30.48,32.49,28.5,29.83,30.5,29.36,31148,969000.0,185,,19509.0,62.63,new
SHREDIGCEM, EQ,2026-10-06,67.0,67.0,64.15,65.12,65.3,66.33,144731,9450000.0,1787,,93662.0,64.71,new
SHREECEM, EQ,2026-10-06,21800.0,22210.0,21800.0,22210.0,22210.0,21990.0,22436,494822000.0,7682,,13791.0,61.47,new
SHREEDHAR, ST,2026-10-06,158.0,158.0,153.5,153.75,153.5,158.0,6000,931000.0,3,,6000.0,100.0,new
SHREEJISPG, EQ,2026-10-06,783.0,799.5,781.5,796.5,797.0,779.85,1125084,890367000.0,12815,,469515.0,41.73,new
SHREEKARNI, SM,2026-10-06,377.0,377.0,377.0,377.0,377.0,377.0,450,170000.0,3,,450.0,100.0,new
SHREEOSFM, SM,2026-10-06,58.8,59.4,52.15,57.65,58.0,59.95,9000,513000.0,9,,6000.0,66.67,new
SHREEPUSHK, EQ,2026-10-06,495.25,515.0,487.3,510.1,515.0,494.55,51539,25780000.0,2288,,23158.0,44.93,new
SHREERAMA, EQ,2026-10-06,42.96,44.19,42.6,43.53,44.19,43.09,35270,1527000.0,1156,,17544.0,49.74,new
SHREMINVIT, IV,2026-10-06,102.0,102.0,100.05,100.05,100.05,103.0,75000,7601000.000000001,3,,75000.0,100.0,new
SHRENIK, BZ,2026-10-06,0.29,0.29,0.27,0.27,0.28,0.28,973725,265000.0,184,,,,new
SHREYANIND, EQ,2026-10-06,128.1,130.0,127.0,128.94,129.0,129.0,7606,976000.0,229,,6458.0,84.91,new
SHRIAHIMSA, SM,2026-10-06,440.8,440.8,420.3,426.5,426.0,441.65,16200,6902000.0,25,,7200.0,44.44,new
SHRIKANHA, SM,2026-10-06,22.0,23.85,22.0,23.75,23.85,22.95,32000,735000.0,11,,30400.0,95.0,new
SHRINGARMS, EQ,2026-10-06,221.02,225.5,219.49,223.32,222.9,219.36,1145487,255633000.0,7113,,411362.0,35.91,new
SHRIPISTON, EQ,2026-10-06,4430.0,4447.9,4332.0,4405.0,4394.1,4398.8,74828,327692000.0,19857,,39526.0,52.82,new
SHRIRAMFIN, EQ,2026-10-06,971.4,975.0,959.1,965.05,965.05,971.4,4433773,4288262000.0000005,69391,,3224530.0,72.73,new
SHRIRAMPPS, EQ,2026-10-06,67.97,68.47,67.41,68.13,68.44,67.52,143686,9752000.0,2061,,82220.0,57.22,new
SHRITECH, SM,2026-10-06,60.0,62.0,60.0,61.3,62.0,58.8,14000,850000.0,7,,14000.0,100.0,new
SHRJAGP, EQ,2026-10-06,676.0,700.0,672.1,674.6,674.6,685.0,210,143000.0,35,,154.0,73.33,new
SHUBHLAXMI, SM,2026-10-06,16.45,16.45,15.65,16.45,16.45,16.45,6000,97000.0,5,,4000.0,66.67,new
SHUBHSHREE, SM,2026-10-06,322.0,348.0,318.0,348.0,348.0,322.0,7200,2423000.0,7,,6900.0,95.83,new
SHUKRAPHAR, EQ,2026-10-06,72.4,75.4,70.55,72.58,72.87,70.49,24259904,1764723000.0,113437,,2914935.0,12.02,new
SHYAMCENT, EQ,2026-10-06,5.17,5.17,5.0,5.03,5.1,5.07,38542,195000.0,104,,35932.0,93.23,new
SHYAMDHANI, SM,2026-10-06,54.0,54.0,54.0,54.0,54.0,53.0,2000,108000.0,1,,2000.0,100.0,new
SHYAMMETL, EQ,2026-10-06,1024.0,1059.3,1019.4,1054.0,1054.9,1020.2,413254,429110000.00000006,18133,,250213.0,60.55,new
SHYAMTEL, EQ,2026-10-06,11.22,11.25,10.62,10.73,10.7,10.93,4752,52000.0,53,,3540.0,74.49,new
SICAGEN, EQ,2026-10-06,51.5,52.84,51.5,51.87,51.84,52.37,4100,212000.0,51,,3752.0,91.51,new
SICALLOG, BE,2026-10-06,90.0,90.0,86.2,89.33,89.2,88.68,11027,978999.9999999999,85,,,,new
SIDDHICOTS, SM,2026-10-06,25.9,26.9,25.75,25.9,25.9,26.0,8400,220000.00000000003,7,,7200.0,85.71,new
SIDDHIKA, SM,2026-10-06,209.0,209.0,203.0,206.55,206.55,211.0,9500,1961000.0,12,,7000.0,73.68,new
SIEL, EQ,2026-10-06,31.0,31.0,31.0,31.0,31.0,31.0,11,0.0,2,,11.0,100.0,new
SIEMENS, EQ,2026-10-06,3734.0,3859.6,3694.4,3854.0,3854.0,3701.1,219732,834632000.0,21905,,78473.0,35.71,new
SIGACHI, EQ,2026-10-06,28.73,31.19,28.65,29.89,29.95,28.72,5409694,163972000.0,16191,,1474393.0,27.25,new
SIGIND, BE,2026-10-06,66.0,66.4,61.9,62.86,63.5,64.06,16916,1066000.0,149,,,,new
SIGMA, EQ,2026-10-06,44.9,45.6,43.55,45.24,45.0,43.83,88715,3972000.0,1604,,49744.0,56.07,new
SIGMAADV, BE,2026-10-06,1107.0,1165.0,1090.0,1119.4,1120.0,1130.6,385103,433732000.0,8519,,,,new
SIGNATURE, EQ,2026-10-06,732.6,740.2,717.55,719.35,718.0,738.2,280842,204417000.0,10264,,54327.0,19.34,new
SIGNPOST, EQ,2026-10-06,262.25,265.85,260.0,262.1,262.0,260.85,30403,7980000.0,1122,,18013.0,59.25,new
SIKA, EQ,2026-10-06,1033.7,1040.0,1017.0,1029.3,1029.0,1022.6,9995,10280000.0,1251,,4824.0,48.26,new
SIKKO, BE,2026-10-06,6.09,6.21,6.0,6.16,6.1,6.21,303160,1846000.0,474,,,,new
SIL, EQ,2026-10-06,16.2,16.2,15.86,16.0,16.0,15.98,8963,144000.0,160,,7197.0,80.3,new
SILGO, EQ,2026-10-06,70.52,70.55,68.07,69.51,69.95,69.49,66055,4613000.0,675,,16272.0,24.63,new
SILINV, EQ,2026-10-06,454.0,463.0,450.0,459.4,462.0,445.75,1855,846000.0000000001,160,,1579.0,85.12,new
SILKFLEX, SM,2026-10-06,300.8,300.8,286.05,290.45,289.0,300.15,30000,8708000.0,25,,25000.0,83.33,new
SILKY, SM,2026-10-06,69.7,69.7,69.7,69.7,69.7,66.2,800,56000.00000000001,1,,800.0,100.0,new
SILVER, EQ,2026-10-06,219.69,220.3,217.74,220.17,220.25,221.22,561229,123103000.0,7294,,289473.0,51.58,new
SILVER001, EQ,2026-10-06,22.5,22.5,22.06,22.31,22.29,22.33,16924,375000.0,77,,16607.0,98.13,new
SILVER1, EQ,2026-10-06,21.39,21.4,21.16,21.37,21.36,21.51,8578942,182682000.0,4967,,3019296.0,35.19,new
SILVER360, EQ,2026-10-06,217.38,217.38,215.0,216.58,216.01,217.71,7580,1636000.0,341,,2522.0,33.27,new
SILVERADD, EQ,2026-10-06,21.24,21.26,21.0,21.23,21.25,21.34,1153270,24422000.0,3157,,558881.0,48.46,new
SILVERAG, EQ,2026-10-06,215.0,215.0,212.24,214.75,214.81,215.75,533554,114491000.00000001,1882,,473333.0,88.71,new
SILVERAXIS, EQ,2026-10-06,218.91,219.26,216.79,219.09,219.14,220.26,715377,156144000.0,1809,,571261.0,79.85,new
SILVERBEES, EQ,2026-10-06,210.1,210.83,208.5,210.7,210.66,211.85,11390233,2388886000.0,61960,,5201232.0,45.66,new
SILVERBETA, EQ,2026-10-06,212.88,212.88,210.36,212.69,212.31,213.84,1588843,335967000.0,3902,,1273865.0,80.18,new
SILVERBND, EQ,2026-10-06,219.93,221.72,219.0,221.55,220.5,222.53,2006,442000.0,86,,1232.0,61.42,new
SILVERCASE, EQ,2026-10-06,22.26,22.34,22.09,22.32,22.33,22.43,3295102,73248000.0,6158,,1306753.0,39.66,new
SILVERIETF, EQ,2026-10-06,219.7,220.19,217.66,219.99,219.99,221.18,3092376,677071000.0,16441,,1693581.0,54.77,new
SILVERTUC, EQ,2026-10-06,139.0,139.39,136.76,137.68,138.04,137.41,95538,13172000.0,2121,,52506.0,54.96,new
SIMBHALS, BZ,2026-10-06,7.25,7.4,7.11,7.4,7.4,7.05,30697,223000.0,56,,,,new
SIMCA, ST,2026-10-06,305.0,317.1,305.0,317.1,317.1,302.0,49800,15641000.0,44,,49800.0,100.0,new
SIMPLEXINF, EQ,2026-10-06,251.85,261.5,247.82,259.13,259.5,249.61,205768,53007000.00000001,3147,,139005.0,67.55,new
SIMPLXREA, EQ,2026-10-06,122.95,122.95,113.75,113.75,113.75,117.43,203,25000.0,5,,203.0,100.0,new
SINCLAIR, EQ,2026-10-06,75.38,77.97,74.79,75.93,75.6,75.87,25792,1955000.0,355,,19523.0,75.69,new
SINDHUTRAD, EQ,2026-10-06,22.24,22.93,21.56,22.0,22.0,22.13,4527595,102103000.0,2317,,4120954.0,91.02,new
SINGERIND, EQ,2026-10-06,74.05,76.4,73.51,74.93,76.4,74.6,73914,5553000.0,1072,,57744.0,78.12,new
SINTERCOM, EQ,2026-10-06,76.01,78.5,75.91,76.93,78.35,75.9,3846,295000.0,15,,3805.0,98.93,new
SIRCA, EQ,2026-10-06,403.8,411.0,403.7,406.6,405.8,401.7,78928,32175000.0,1651,,13084.0,16.58,new
SIS, EQ,2026-10-06,416.45,420.3,414.55,416.7,415.0,414.7,99900,41794000.0,8419,,55253.0,55.31,new
SITINET, BZ,2026-10-06,0.26,0.27,0.25,0.25,0.26,0.26,1028300,268000.0,278,,,,new
SIYSIL, EQ,2026-10-06,549.0,559.05,541.6,553.45,554.6,540.15,25170,13916000.0,1550,,12189.0,48.43,new
SJLOGISTIC, SM,2026-10-06,318.6,318.75,302.05,308.9,310.4,314.85,29500,9185000.0,102,,21000.0,71.19,new
SJS, EQ,2026-10-06,2039.6,2039.6,1969.1,1981.4,1990.0,2039.6,278139,556701000.0,35148,,154739.0,55.63,new
SJVN, EQ,2026-10-06,57.42,57.6,56.8,57.26,57.2,57.16,1735501,99201000.0,16714,,913742.0,52.65,new
SKFINDIA, EQ,2026-10-06,1453.0,1466.0,1435.0,1461.9,1466.0,1445.9,34336,49796000.0,5734,,17524.0,51.04,new
SKFINDUS, EQ,2026-10-06,2720.0,2785.0,2691.3,2774.6,2751.0,2729.5,23101,63216999.99999999,9146,,10017.0,43.36,new
SKIPPER, EQ,2026-10-06,539.05,553.5,537.0,551.5,551.7,538.9,377434,207169000.0,18756,,191550.0,50.75,new
SKMEGGPROD, EQ,2026-10-06,202.01,214.65,202.01,210.05,210.85,201.4,179510,37591000.0,4943,,68440.0,38.13,new
SKP, SM,2026-10-06,164.5,170.0,162.4,170.0,170.0,165.0,19500,3222999.9999999995,32,,4000.0,20.51,new
SKYGOLD, EQ,2026-10-06,830.7,877.0,830.65,857.65,857.0,825.9,4153944,3555510000.0,110325,,1985712.0,47.8,new
SKYTECH, SM,2026-10-06,42.0,42.7,39.5,40.15,39.55,40.7,40000,1657000.0,24,,33600.0,84.0,new
SKYWAYS, EQ,2026-10-06,110.0,116.5,109.52,113.51,116.5,109.48,1344512,150273000.0,15966,,517890.0,38.52,new
SLONE, SM,2026-10-06,161.5,161.5,155.0,157.3,159.6,162.9,3200,511000.00000000006,8,,3200.0,100.0,new
SMALL250, EQ,2026-10-06,17.77,18.2,17.33,17.96,17.98,17.68,503365,8995000.0,605,,356072.0,70.74,new
SMALLADD, EQ,2026-10-06,18.23,18.23,17.79,17.98,17.98,17.79,16478,296000.0,131,,9055.0,54.95,new
SMALLCAP, EQ,2026-10-06,47.6,48.42,47.47,48.24,48.26,47.47,1195165,57391999.99999999,2768,,667547.0,55.85,new
SMALLGROWW, EQ,2026-10-06,47.5,48.31,47.0,48.29,48.29,47.5,8501,409000.0,61,,4877.0,57.37,new
SMALLIETF, EQ,2026-10-06,17.84,18.09,17.75,18.01,18.01,17.61,36414,651000.0,95,,25697.0,70.57,new
SMARTEN, SM,2026-10-06,55.1,55.5,53.9,53.95,54.0,55.65,13200,720000.0,11,,13200.0,100.0,new
SMARTLINK, BE,2026-10-06,226.95,233.83,218.0,221.9,222.0,222.7,15549,3565999.9999999995,194,,,,new
SMARTWORKS, EQ,2026-10-06,501.0,513.85,497.35,503.9,503.05,497.8,128071,64975000.0,5203,,88982.0,69.48,new
SMCGLOBAL, EQ,2026-10-06,119.4,120.0,107.67,110.55,110.0,114.5,29982678,3359062000.0000005,179877,,3648484.0,12.17,new
SML100CASE, EQ,2026-10-06,11.04,11.06,10.87,10.99,11.05,10.84,1217057,13356000.0,1324,,806748.0,66.29,new
SMLMAH, EQ,2026-10-06,6404.0,6404.0,6090.0,6135.5,6152.0,6354.0,55168,341077000.0,8989,,25659.0,46.51,new
SMLT, EQ,2026-10-06,78.88,78.9,73.02,74.06,73.7,78.72,66008,4978000.0,1651,,29087.0,44.07,new
SMSPHARMA, EQ,2026-10-06,479.95,482.8,467.55,472.2,472.0,477.85,242600,115077000.0,7556,,112724.0,46.46,new
SNEHAA, SM,2026-10-06,40.0,42.0,40.0,42.0,42.0,44.35,21000,858000.0,19,,16000.0,76.19,new
SNOWMAN, EQ,2026-10-06,34.32,34.59,33.93,34.24,34.4,33.99,70667,2418000.0,787,,37329.0,52.82,new
SNXT30BEES, EQ,2026-10-06,39.94,40.2,39.94,40.16,40.2,40.02,3365,135000.0,45,,2621.0,77.89,new
SNXT50BETA, EQ,2026-10-06,89.24,90.28,89.24,90.07,90.01,89.24,333,30000.0,58,,262.0,78.68,new
SOBHA, EQ,2026-10-06,1202.0,1218.3,1180.8,1190.7,1200.9,1198.2,401261,478543999.99999994,18556,,305856.0,76.22,new
SOCL, SM,2026-10-06,29.3,29.6,29.3,29.5,29.5,28.5,59200,1746000.0,15,,59200.0,100.0,new
SOFTTECH, EQ,2026-10-06,463.2,473.95,459.9,461.55,461.0,462.15,1508,697000.0,110,,920.0,61.01,new
SOLARA, EQ,2026-10-06,682.0,689.7,668.1,682.65,687.0,676.9,196640,133226000.0,9727,,77049.0,39.18,new
SOLARINDS, EQ,2026-10-06,19464.0,20274.0,19416.0,20071.0,20071.0,19540.0,177180,3524049000.0,35107,,64227.0,36.25,new
SOLARWORLD, EQ,2026-10-06,124.98,132.0,123.0,130.39,130.01,123.94,170537,21878000.0,3520,,77027.0,45.17,new
SOLEX, EQ,2026-10-06,687.0,704.95,670.0,690.85,696.0,682.2,114805,78958000.0,8461,,20854.0,18.16,new
SOMANYCERA, EQ,2026-10-06,606.0,631.7,605.35,625.0,621.0,610.9,129420,80307000.0,5563,,82427.0,63.69,new
SOMATEX, EQ,2026-10-06,76.89,79.43,75.72,79.09,79.43,75.65,5567,433000.0,88,,4964.0,89.17,new
SOMICONVEY, EQ,2026-10-06,83.5,86.49,82.51,84.05,83.92,83.43,12860,1080000.0,435,,9054.0,70.4,new
SONA, BE,2026-10-06,92.0,96.5,90.02,94.08,94.4,92.6,64268,5991000.0,548,,,,new
SONACOMS, EQ,2026-10-06,799.7,821.65,793.25,820.0,820.0,797.0,1679743,1359497000.0,45794,,760062.0,45.25,new
SONAL, EQ,2026-10-06,85.0,85.0,83.19,83.19,83.19,87.56,1616,134000.0,53,,1616.0,100.0,new
SONAMAC, SM,2026-10-06,29.85,31.55,29.1,31.55,31.55,30.05,12000,368000.0,12,,10000.0,83.33,new
SONAMLTD, BE,2026-10-06,71.0,72.34,68.6,71.55,71.99,69.94,143443,10255000.0,596,,,,new
SONATSOFTW, EQ,2026-10-06,255.65,256.7,250.6,252.05,251.6,254.0,515712,130195000.0,13900,,212326.0,41.17,new
SONUINFRA, SM,2026-10-06,39.55,41.4,39.55,41.4,41.4,41.6,4500,181000.0,3,,3000.0,66.67,new
SOTL, EQ,2026-10-06,730.0,780.0,722.6,775.5,777.75,727.2,523424,397133000.0,19339,,274659.0,52.47,new
SOUTHBANK, EQ,2026-10-06,48.2,48.59,47.05,47.23,47.28,48.54,11015738,526889000.00000006,37800,,6140610.0,55.74,new
SOUTHWEST, EQ,2026-10-06,195.58,201.6,193.99,199.72,201.0,195.58,161477,32058999.999999996,4473,,59230.0,36.68,new
SPAL, EQ,2026-10-06,955.4,958.9,935.1,949.65,955.0,937.9,18873,17900000.0,2397,,7951.0,42.13,new
SPANDANA, EQ,2026-10-06,215.05,219.98,215.05,218.12,217.55,213.52,96068,20907000.0,3104,,38008.0,39.56,new
SPARC, EQ,2026-10-06,192.14,197.69,191.4,196.89,196.8,191.26,688818,134643000.0,9645,,319645.0,46.4,new
SPCENET, EQ,2026-10-06,3.28,3.54,3.16,3.31,3.34,3.22,680098,2277000.0,524,,546893.0,80.41,new
SPCL, SM,2026-10-06,61.8,62.1,60.55,60.75,60.6,61.8,9000,553000.0,12,,7800.0,86.67,new
SPCON, SM,2026-10-06,178.7,182.0,174.0,182.0,182.0,165.0,13200,2341000.0,11,,10800.0,81.82,new
SPECIALITY, BE,2026-10-06,157.0,158.0,151.2,156.32,154.5,154.91,14242,2210000.0,139,,,,new
SPECTRAA, ST,2026-10-06,247.25,259.6,242.0,259.6,259.6,247.25,128400,32688000.0,104,,126000.0,98.13,new
SPECTRUM, BE,2026-10-06,3799.9,3939.6,3661.0,3915.9,3930.0,3839.1,19949,76000000.0,1784,,,,new
SPECTSTM, SM,2026-10-06,59.9,61.9,59.9,60.4,60.4,58.95,3200,195000.0,4,,3200.0,100.0,new
SPENCERS, EQ,2026-10-06,26.88,28.48,25.99,28.3,28.44,26.39,80468,2189000.0,1612,,56614.0,70.36,new
SPIC, EQ,2026-10-06,62.42,63.46,62.11,63.05,63.0,62.19,243856,15272999.999999998,2404,,111657.0,45.79,new
SPLIL, EQ,2026-10-06,29.08,29.6,28.55,29.49,29.5,28.94,1186,35000.0,21,,1185.0,99.92,new
SPLPETRO, EQ,2026-10-06,802.8,825.45,792.45,819.6,817.25,798.35,143797,117051000.0,11127,,65610.0,45.63,new
SPMLINFRA, EQ,2026-10-06,159.99,165.0,159.99,162.63,162.89,158.29,118985,19297000.0,2251,,67368.0,56.62,new
SPORTKING, EQ,2026-10-06,192.51,206.9,192.51,202.8,202.95,193.53,381331,77448000.0,11571,,155265.0,40.72,new
SPPPOLY, SM,2026-10-06,11.4,12.4,11.4,12.4,12.4,11.9,4000,48000.0,2,,2000.0,50.0,new
SPUNWEB, SM,2026-10-06,103.0,115.65,103.0,114.7,115.65,102.4,94800,10462000.0,48,,84000.0,88.61,new
SRD, EQ,2026-10-06,37.76,38.57,37.76,38.29,38.28,37.7,7028,269000.0,115,,5498.0,78.23,new
SREEL, BE,2026-10-06,299.8,299.8,286.1,286.85,291.0,290.8,6028,1739999.9999999998,158,,,,new
SRF, EQ,2026-10-06,2450.0,2492.0,2445.2,2470.0,2470.0,2460.0,150635,372238000.0,16375,,53230.0,35.34,new
SRGHFL, EQ,2026-10-06,124.01,129.63,122.55,122.55,122.55,128.99,6638,819000.0,170,,5686.0,85.66,new
SRHHYPOLTD, EQ,2026-10-06,542.4,559.0,540.0,548.65,547.35,537.3,15877,8717000.0,1470,,7878.0,49.62,new
SRIKPRIND, BE,2026-10-06,26.12,26.99,24.85,25.23,26.49,26.12,2682,67000.0,52,,,,new
SRIT, BE,2026-10-06,148.0,155.09,148.0,155.09,155.09,130.0,5130949,771896000.0,22934,,,,new
SRIVASAVI, ST,2026-10-06,76.25,81.3,76.25,81.25,81.25,77.45,17000,1362000.0,16,,17000.0,100.0,new
SRM, EQ,2026-10-06,398.85,422.0,393.25,418.45,415.1,398.65,80137,33156000.0,3396,,40901.0,51.04,new
SRTL, EQ,2026-10-06,36.1,37.49,36.1,36.67,36.31,36.1,12161,447000.0,173,,10150.0,83.46,new
SSDL, EQ,2026-10-06,69.8,71.28,67.16,68.57,69.0,69.75,77815,5387000.0,2017,,35462.0,45.57,new
SSEGL, SM,2026-10-06,378.0,402.0,378.0,397.0,396.1,385.65,37200,14683000.000000002,128,,24400.0,65.59,new
SSFL, ST,2026-10-06,278.2,280.0,275.0,275.3,275.0,286.0,5500,1521000.0,11,,5500.0,100.0,new
SSRETAIL, EQ,2026-10-06,678.0,729.65,665.5,712.75,722.0,677.15,14705225,10289779000.0,314570,,1156876.0,7.87,new
SSWL, EQ,2026-10-06,413.65,434.0,411.55,424.7,426.0,410.55,2408881,1020781000.0,54350,,899858.0,37.36,new
STALLION, BE,2026-10-06,226.9,227.9,221.21,225.72,226.5,224.61,368991,82455000.0,1783,,,,new
STANLEY, EQ,2026-10-06,135.13,137.55,135.01,136.54,137.5,135.11,41367,5646000.0,1109,,21063.0,50.92,new
STAR, EQ,2026-10-06,1081.2,1096.2,1074.0,1088.7,1088.0,1086.7,138279,150204000.0,19336,,73340.0,53.04,new
STARCEMENT, EQ,2026-10-06,177.0,177.23,175.3,176.41,176.0,176.03,50211,8851000.0,2450,,17835.0,35.52,new
STARHEALTH, EQ,2026-10-06,542.0,553.3,539.0,550.55,550.25,535.25,2132928,1160835000.0,41657,,1663650.0,78.0,new
STARPAPER, EQ,2026-10-06,152.01,154.91,151.36,154.14,153.76,152.01,2573,395000.0,92,,2134.0,82.94,new
STARTECK, EQ,2026-10-06,282.0,289.9,250.5,272.5,271.9,275.45,1872,488000.0,86,,1059.0,56.57,new
STCINDIA, EQ,2026-10-06,106.1,107.0,105.53,105.86,105.8,105.27,9737,1033000.0,293,,5594.0,57.45,new
STEAMHOUSE, EQ,2026-10-06,115.0,118.42,112.07,118.42,118.42,107.66,11965420,1386774000.0,48881,,4267954.0,35.67,new
STEELCAS, EQ,2026-10-06,363.55,376.7,357.6,369.6,370.0,363.7,88203,32583000.0,3901,,50508.0,57.26,new
STEELCITY, EQ,2026-10-06,82.5,83.34,81.5,82.72,83.2,82.52,3817,315000.0,67,,1736.0,45.48,new
STEELXIND, EQ,2026-10-06,11.15,11.6,11.15,11.46,11.5,11.12,4754467,54266000.0,4413,,1783355.0,37.51,new
STEL, EQ,2026-10-06,570.0,584.5,570.0,575.95,584.5,567.7,950,544000.0,95,,719.0,75.68,new
STERTOOLS, EQ,2026-10-06,216.0,222.49,215.0,218.45,218.0,218.78,30769,6713000.0,806,,18732.0,60.88,new
STLNETWORK, EQ,2026-10-06,44.84,47.08,44.42,47.08,47.08,44.84,6587304,303950000.0,11634,,3941638.0,59.84,new
STLSTRINF, EQ,2026-10-06,22.54,22.99,21.35,21.75,22.79,22.1,2590,57999.99999999999,41,,2398.0,92.59,new
STLTECH, BE,2026-10-06,1034.4,1051.1,1006.3,1016.7,1014.9,1001.25,3447000,3565176999.9999995,75860,,,,new
STOVEKRAFT, EQ,2026-10-06,807.0,828.8,806.35,813.45,812.4,806.4,160000,130819000.0,9672,,56738.0,35.46,new
STRIDERS, SM,2026-10-06,50.15,50.15,50.15,50.15,50.15,51.65,4800,241000.0,2,,4800.0,100.0,new
STUDDS, EQ,2026-10-06,400.0,414.5,399.55,407.05,406.0,403.1,37495,15260000.0,2453,,21741.0,57.98,new
STUDIOLSD, SM,2026-10-06,8.6,8.65,8.5,8.5,8.5,8.55,8000,69000.0,4,,4000.0,50.0,new
STYL, EQ,2026-10-06,356.05,375.3,356.05,369.7,364.0,358.55,551497,201427000.0,6446,,430439.0,78.05,new
STYLAMIND, EQ,2026-10-06,3320.1,3345.3,3264.1,3303.5,3293.0,3325.2,22326,73951000.0,5427,,11261.0,50.44,new
STYLEBAAZA, EQ,2026-10-06,359.8,377.85,357.1,375.45,376.85,359.9,1260694,462939999.99999994,11140,,642595.0,50.97,new
STYRENIX, EQ,2026-10-06,2015.0,2066.3,2004.0,2042.9,2042.6,2015.0,17806,36427000.0,2601,,10612.0,59.6,new
SUBAHOTELS, SM,2026-10-06,90.15,90.15,87.55,88.5,88.0,90.95,26400,2348000.0,20,,18000.0,68.18,new
SUBEXLTD, EQ,2026-10-06,19.28,19.93,19.28,19.59,19.61,19.21,4662300,91518000.0,7676,,1506233.0,32.31,new
SUBROS, EQ,2026-10-06,680.0,686.4,672.0,682.95,681.5,675.85,31223,21214000.0,2983,,14155.0,45.34,new
SUDARCOLOR, EQ,2026-10-06,379.95,379.95,365.1,368.3,373.3,365.65,3286,1212000.0,246,,2665.0,81.1,new
SUDARSCHEM, EQ,2026-10-06,1230.3,1247.2,1225.2,1238.6,1240.0,1229.2,87536,108410999.99999999,8758,,40973.0,46.81,new
SUDEEPPHRM, EQ,2026-10-06,1199.0,1199.0,1152.6,1158.4,1160.8,1173.4,94340,110677000.0,10755,,58187.0,61.68,new
SUKHJITS, EQ,2026-10-06,152.0,154.13,146.0,147.84,148.15,150.98,9695,1448000.0,308,,7101.0,73.24,new
SULA, EQ,2026-10-06,132.99,135.0,132.57,134.01,134.8,132.33,168005,22464000.0,3965,,63363.0,37.71,new
SUMAX, SM,2026-10-06,100.3,101.0,100.0,100.5,100.5,101.3,25200,2525000.0,21,,22800.0,90.48,new
SUMEDHA, EQ,2026-10-06,43.43,44.0,41.13,43.45,43.0,42.0,5136,222000.00000000003,65,,3304.0,64.33,new
SUMEETINDS, EQ,2026-10-06,11.43,11.43,11.43,11.43,11.43,10.89,192796,2204000.0,100,,146286.0,75.88,new
SUMICHEM, EQ,2026-10-06,411.25,427.7,411.25,418.05,417.2,414.7,490031,205987000.0,27987,,292411.0,59.67,new
SUMIT, EQ,2026-10-06,53.0,53.0,51.0,51.88,51.93,50.64,43586,2269000.0,275,,30019.0,68.87,new
SUMMITSEC, EQ,2026-10-06,1316.3,1330.4,1306.5,1321.0,1321.1,1314.8,1814,2394000.0,377,,1053.0,58.05,new
SUNCLAY, EQ,2026-10-06,1180.0,1184.9,1149.1,1152.8,1155.0,1174.8,6613,7659999.999999999,1131,,4881.0,73.81,new
SUNDARAM, EQ,2026-10-06,1.09,1.1,1.08,1.09,1.1,1.09,137030,150000.0,216,,116785.0,85.23,new
SUNDARMFIN, EQ,2026-10-06,4289.8,4369.5,4240.5,4347.8,4362.6,4268.4,31040,133299000.0,10956,,17828.0,57.44,new
SUNDRMBRAK, EQ,2026-10-06,686.7,697.0,679.4,680.1,680.0,681.3,657,451000.0,55,,565.0,86.0,new
SUNDRMFAST, EQ,2026-10-06,1115.0,1155.0,1101.5,1140.3,1154.0,1115.6,103800,117022000.0,12569,,63403.0,61.08,new
SUNDROP, EQ,2026-10-06,752.8,762.0,745.0,746.8,745.0,748.6,28219,21152000.0,791,,14919.0,52.87,new
SUNFLAG, EQ,2026-10-06,455.0,473.0,452.0,459.05,461.0,455.0,704018,326262000.0,17128,,334543.0,47.52,new
SUNLITE, SM,2026-10-06,656.2,660.0,636.1,643.8,647.95,656.2,21000,13581000.0,66,,14100.0,67.14,new
SUNLOC, EQ,2026-10-06,68.0,68.0,68.0,68.0,68.0,68.0,60,4000.0,4,,60.0,100.0,new
SUNPHARMA, EQ,2026-10-06,1775.0,1804.1,1768.0,1804.1,1804.1,1779.7,1478310,2642916000.0,67783,,885883.0,59.93,new
SUNRAKSHAK, EQ,2026-10-06,357.2,360.95,352.1,356.75,359.0,356.05,2192,781000.0,181,,1483.0,67.66,new
SUNREST, SM,2026-10-06,38.5,38.5,38.5,38.5,38.5,35.5,1600,62000.0,1,,1600.0,100.0,new
SUNSHIEL, EQ,2026-10-06,1102.7,1111.9,1029.0,1047.4,1058.0,1097.0,1686,1787000.0,230,,1079.0,64.0,new
SUNSHINE, EQ,2026-10-06,448.0,469.9,445.15,447.2,446.15,447.55,1276990,583403000.0,7370,,484803.0,37.96,new
SUNTECH, SM,2026-10-06,36.55,37.25,36.0,37.25,37.25,35.5,9600,350000.0,6,,6400.0,66.67,new
SUNTECK, EQ,2026-10-06,280.0,281.65,278.15,279.6,279.0,278.15,57716,16151000.0,2708,,29808.0,51.65,new
SUNTV, EQ,2026-10-06,625.8,640.95,620.6,632.1,629.5,626.85,1439793,908237000.0000001,32909,,315753.0,21.93,new
SUPERHOUSE, EQ,2026-10-06,158.0,158.0,153.35,155.27,155.9,155.88,4302,667000.0,127,,2702.0,62.81,new
SUPERSPIN, BE,2026-10-06,7.29,7.57,6.92,7.14,7.18,7.26,12170,86000.0,59,,,,new
SUPRAJIT, EQ,2026-10-06,460.2,473.85,457.8,471.2,470.0,461.5,65826,30781000.0,9307,,35437.0,53.83,new
SUPREME, EQ,2026-10-06,30.8,30.8,30.0,30.27,30.22,30.91,7518,227999.99999999997,176,,4481.0,59.6,new
SUPREMEENG, BZ,2026-10-06,4.4,4.4,4.4,4.4,4.4,4.32,206286,908000.0,79,,,,new
SUPREMEIND, EQ,2026-10-06,3410.0,3530.7,3376.0,3497.9,3497.9,3398.9,221343,771737000.0,18613,,127846.0,57.76,new
SUPREMEINF, EQ,2026-10-06,68.0,68.0,57.42,61.4,61.11,61.59,151116,9113000.0,2671,,82576.0,54.64,new
SUPREMEPWR, SM,2026-10-06,234.0,243.8,232.2,239.45,239.95,227.25,173500,41368000.0,308,,108000.0,62.25,new
SUPRIYA, EQ,2026-10-06,900.0,917.4,885.0,915.35,916.0,899.55,177090,160033000.0,14131,,70348.0,39.72,new
SUPTANERY, BE,2026-10-06,7.69,8.07,7.36,8.07,8.07,7.69,94825,758000.0,211,,,,new
SURAJEST, EQ,2026-10-06,210.68,211.0,204.0,205.53,206.9,208.4,92916,19215000.0,1779,,58930.0,63.42,new
SURAJLTD, EQ,2026-10-06,195.0,195.0,180.0,187.4,187.99,191.5,3738,687000.0,221,,2730.0,73.03,new
SURAKSHA, EQ,2026-10-06,330.2,334.7,325.15,332.0,330.5,331.85,57477,18946000.0,2953,,24485.0,42.6,new
SURANASOL, EQ,2026-10-06,23.65,24.07,23.56,23.67,24.0,24.07,42501,1010000.0,447,,31967.0,75.21,new
SURANAT&P, EQ,2026-10-06,15.65,16.1,15.6,15.76,15.61,15.65,29445,465000.00000000006,251,,21675.0,73.61,new
SURANI, SM,2026-10-06,144.05,144.05,140.0,144.05,144.05,120.05,69400,9995000.0,115,,54200.0,78.1,new
SURYALA, EQ,2026-10-06,377.0,386.95,376.3,376.3,376.3,377.15,255,96000.0,9,,197.0,77.25,new
SURYALAXMI, EQ,2026-10-06,57.45,57.97,57.0,57.0,57.0,57.5,1173,67000.0,15,,1152.0,98.21,new
SURYAROSNI, EQ,2026-10-06,220.1,222.9,218.65,221.35,222.0,220.41,165570,36653000.0,4830,,77472.0,46.79,new
SURYODAY, EQ,2026-10-06,148.88,154.45,145.91,151.47,151.5,146.86,305987,45881000.0,4851,,185190.0,60.52,new
SUTLEJTEX, EQ,2026-10-06,38.1,38.1,36.26,37.04,37.01,36.97,13973,518000.0,240,,10855.0,77.69,new
SUVEN, EQ,2026-10-06,308.0,312.5,302.3,309.15,310.0,306.3,920242,283647000.0,16308,,510667.0,55.49,new
SUVIDHAA, EQ,2026-10-06,2.12,2.13,1.91,2.07,2.05,2.1,100019,206000.0,251,,82266.0,82.25,new
SUYOG, EQ,2026-10-06,665.25,677.9,653.0,667.25,676.9,664.25,10888,7238000.0,1064,,5732.0,52.65,new
SUZLON, EQ,2026-10-06,39.01,39.45,38.85,39.16,39.16,38.92,42495197,1664365000.0000002,69032,,18011576.0,42.38,new
SVGLOBAL, EQ,2026-10-06,140.0,140.99,135.28,140.92,140.94,135.7,957,135000.0,46,,637.0,66.56,new
SVLL, EQ,2026-10-06,823.0,850.0,822.2,835.6,830.55,822.2,2740,2285000.0,111,,2230.0,81.39,new
SVPGLOB, EQ,2026-10-06,3.04,3.16,2.96,3.11,3.14,3.03,59824,180000.0,69,,49017.0,81.94,new
SWANCORP, EQ,2026-10-06,263.1,270.75,262.6,268.85,269.6,262.9,817660,217508000.0,18312,,277765.0,33.97,new
SWANDEF, BE,2026-10-06,2720.0,2769.9,2660.0,2760.2,2740.0,2728.8,23194,63590000.0,1121,,,,new
SWARAJ, BE,2026-10-06,365.0,368.0,351.55,354.7,360.0,369.8,31212,11221000.0,186,,,,new
SWARAJENG, EQ,2026-10-06,3524.8,3549.9,3511.0,3537.8,3540.0,3532.2,9212,32510000.000000004,2362,,6041.0,65.58,new
SWARNSAR, EQ,2026-10-06,40.14,41.0,39.0,40.62,40.73,40.14,11939,475000.0,67,,10556.0,88.42,new
SWASTIK, ST,2026-10-06,18.05,18.05,18.05,18.05,18.05,19.0,1200,22000.0,1,,1200.0,100.0,new
SWASTIKAIN, BE,2026-10-06,205.0,217.0,198.05,200.13,200.05,208.47,445285,89489000.0,2618,,,,new
SWELECTES, EQ,2026-10-06,608.5,620.0,595.0,613.8,618.2,600.1,28332,17354000.0,2109,,15768.0,55.65,new
SWIGGY, EQ,2026-10-06,240.0,244.75,238.0,244.2,244.2,238.8,9738654,2354990000.0,48117,,3742477.0,38.43,new
SWISSMLTRY, BE,2026-10-06,14.49,14.49,13.85,14.07,14.19,14.16,34146,479000.0,268,,,,new
SWSOLAR, EQ,2026-10-06,164.9,173.69,164.2,172.54,173.0,163.72,1334043,226994999.99999997,17098,,419145.0,31.42,new
SYMBIOTEC, EQ,2026-10-06,1168.9,1209.5,1138.6,1149.5,1151.0,1169.7,641019,747897000.0,36936,,184187.0,28.73,new
SYMPHONY, EQ,2026-10-06,564.15,568.0,555.0,556.95,558.0,559.45,55548,31131000.0,3354,,36597.0,65.88,new
SYNCOMF, EQ,2026-10-06,23.14,23.83,22.77,23.22,23.25,23.14,15329504,355727000.0,22815,,3859890.0,25.18,new
SYNGENE, EQ,2026-10-06,357.4,364.0,355.55,363.2,359.15,357.4,319188,114988000.00000001,17381,,191574.0,60.02,new
SYNOPTICS, SM,2026-10-06,50.85,50.85,50.85,50.85,50.85,50.85,600,31000.0,1,,600.0,100.0,new
SYRMA, EQ,2026-10-06,1738.1,1738.1,1670.3,1685.1,1688.0,1700.4,817702,1381684000.0,51919,,262895.0,32.15,new
SYSTANGO, SM,2026-10-06,217.0,221.95,217.0,219.2,219.4,215.3,3600,790000.0,9,,3200.0,88.89,new
SYSTMTXC, BE,2026-10-06,73.1,73.1,73.0,73.05,73.05,73.5,2595,190000.0,21,,,,new
TAALTECH, EQ,2026-10-06,939.9,1115.0,913.6,1093.4,1106.0,929.7,622209,651604000.0,36299,,78349.0,12.59,new
TAC, ST,2026-10-06,389.05,409.2,386.15,409.2,409.2,389.75,48000,19196000.0,194,,42400.0,88.33,new
TAINWALCHM, EQ,2026-10-06,204.49,204.49,200.1,201.12,201.97,197.18,695,140000.0,29,,650.0,93.53,new
TAJGVK, EQ,2026-10-06,315.0,320.5,314.4,318.3,319.0,315.3,24032,7637000.0,1128,,14729.0,61.29,new
TAKE, EQ,2026-10-06,11.86,12.49,11.51,11.55,11.52,12.06,577722,6861000.0,1937,,424300.0,73.44,new
TALBROAUTO, EQ,2026-10-06,416.45,434.0,416.3,429.45,434.0,416.45,138664,59138000.0,6188,,70953.0,51.17,new
TAMBOLIIN, BE,2026-10-06,295.0,310.85,295.0,300.35,308.0,296.05,22764,6970999.999999999,79,,,,new
TANAA, EQ,2026-10-06,315.0,323.7,308.1,309.3,310.0,314.35,36995,11599000.0,2067,,24611.0,66.53,new
TANKUP, ST,2026-10-06,1778.5,1787.7,1778.5,1787.7,1787.7,1752.65,2750,4911000.0,11,,2500.0,90.91,new
TANLA, EQ,2026-10-06,489.5,493.4,487.3,492.15,492.3,488.0,132721,65107000.00000001,8050,,58461.0,44.05,new
TARACHAND, EQ,2026-10-06,47.5,47.5,46.01,46.42,46.34,46.47,40223,1871000.0,1073,,24955.0,62.04,new
TARAPUR, EQ,2026-10-06,11.95,11.95,11.2,11.61,11.75,11.58,24826,290000.0,222,,16532.0,66.59,new
TARC, EQ,2026-10-06,123.95,124.56,122.36,124.1,124.34,122.84,180539,22252000.0,1662,,98066.0,54.32,new
TARIL, EQ,2026-10-06,286.25,288.2,277.75,283.65,283.95,285.45,2263680,640837000.0,39110,,635125.0,28.06,new
TARMAT, EQ,2026-10-06,57.8,59.99,56.3,56.79,57.25,56.2,78718,4572000.0,848,,25702.0,32.65,new
TARSONS, EQ,2026-10-06,332.75,349.0,329.55,331.65,333.8,335.95,166476,56654999.99999999,5264,,90604.0,54.42,new
TASTYBITE, EQ,2026-10-06,9477.0,9486.5,9321.0,9413.0,9460.5,9377.5,932,8748000.0,414,,366.0,39.27,new
TATACAP, EQ,2026-10-06,317.6,323.05,316.6,322.1,322.7,317.6,1014911,325488000.0,42919,,586855.0,57.82,new
TATACHEM, EQ,2026-10-06,620.0,624.75,615.4,616.55,617.0,617.4,691824,427981000.00000006,23853,,255644.0,36.95,new
TATACOMM, EQ,2026-10-06,1678.0,1694.7,1664.2,1681.8,1690.0,1677.2,132327,222421000.0,10468,,92458.0,69.87,new
TATACONSUM, EQ,2026-10-06,953.75,976.0,946.25,976.0,976.0,953.75,904358,868741000.0,31639,,542774.0,60.02,new
TATAELXSI, EQ,2026-10-06,3110.1,3119.9,3078.1,3093.0,3093.0,3105.0,196732,608865000.0,24764,,93396.0,47.47,new
TATAGOLD, EQ,2026-10-06,14.25,14.3,14.18,14.28,14.29,14.3,52143065,741750000.0,61494,,29512141.0,56.6,new
TATAINVEST, EQ,2026-10-06,628.05,637.8,621.65,624.15,624.4,621.75,335796,211312000.0,16944,,105963.0,31.56,new
TATAPOWER, EQ,2026-10-06,352.1,356.75,349.85,351.65,351.65,351.5,5741438,2026666000.0,31877,,4120835.0,71.77,new
TATASTEEL, EQ,2026-10-06,178.25,180.38,177.0,178.69,178.69,178.14,17244259,3079971000.0,130013,,7583803.0,43.98,new
TATATECH, EQ,2026-10-06,704.45,707.45,695.8,703.1,703.0,697.55,307198,215225000.0,23068,,131522.0,42.81,new
TATSILV, EQ,2026-10-06,21.38,21.42,21.17,21.4,21.41,21.53,28052039,597141000.0,39462,,12475951.0,44.47,new
TATVA, EQ,2026-10-06,1820.1,1900.0,1794.3,1877.4,1899.0,1799.0,132614,245021000.0,13330,,67815.0,51.14,new
TAURIAN, ST,2026-10-06,618.0,646.25,618.0,645.5,645.5,617.85,34400,22084000.0,38,,31200.0,90.7,new
TBI, SM,2026-10-06,74.0,74.9,71.3,73.2,72.4,74.65,57600,4196000.0,76,,48000.0,83.33,new
TBOTEK, EQ,2026-10-06,1659.9,1702.1,1624.2,1693.2,1683.6,1657.0,178083,295131000.0,12205,,103425.0,58.08,new
TBZ, BE,2026-10-06,588.0,617.85,568.05,608.85,612.4,597.9,394826,228044000.0,4314,,,,new
TCC, EQ,2026-10-06,46.61,49.04,46.22,47.09,46.51,47.07,720355,34286000.0,6166,,190835.0,26.49,new
TCI, EQ,2026-10-06,883.95,889.9,877.0,888.0,886.5,878.75,40550,35796000.0,3112,,26874.0,66.27,new
TCIEXP, EQ,2026-10-06,504.0,507.0,491.3,501.4,500.65,494.2,25355,12618000.0,1576,,7991.0,31.52,new
TCIFINANCE, EQ,2026-10-06,14.23,14.89,14.0,14.16,14.15,14.3,7205,102000.0,81,,6536.0,90.71,new
TCL, SM,2026-10-06,137.0,141.15,133.0,137.45,137.0,139.3,154400,21141000.0,49,,136000.0,88.08,new
TCPLPACK, EQ,2026-10-06,3975.0,4023.1,3890.2,4007.9,4022.0,3933.6,2681,10645000.0,727,,1590.0,59.31,new
TCS, EQ,2026-10-06,2097.0,2115.0,2082.7,2100.0,2100.0,2114.4,2382510,4989554000.0,81520,,1212217.0,50.88,new
TDPOWERSYS, EQ,2026-10-06,810.0,832.75,798.3,816.0,816.9,812.9,2739151,2237629000.0,85046,,947688.0,34.6,new
TEAMGTY, EQ,2026-10-06,239.8,239.8,235.0,235.02,235.0,236.15,326,77000.0,15,,324.0,99.39,new
TEAMLEASE, EQ,2026-10-06,1126.1,1147.1,1121.0,1130.3,1130.0,1134.6,16958,19168000.0,2246,,11933.0,70.37,new
TEAMTECH, ST,2026-10-06,153.4,153.4,151.0,151.8,151.6,153.2,14000,2131000.0,7,,14000.0,100.0,new
TECH, EQ,2026-10-06,31.65,31.65,30.57,30.71,30.66,30.88,11112,341000.0,132,,5827.0,52.44,new
TECHD, SM,2026-10-06,567.5,567.5,515.0,529.8,526.0,552.0,29400,15801000.0,93,,21900.0,74.49,new
TECHERA, SM,2026-10-06,154.15,158.05,151.15,153.3,153.0,159.1,156000,24014000.0,187,,92000.0,58.97,new
TECHLABS, SM,2026-10-06,115.0,117.85,110.0,113.25,113.0,113.9,13625,1531000.0,78,,9250.0,67.89,new
TECHM, EQ,2026-10-06,1536.0,1540.8,1495.0,1504.5,1504.5,1535.9,2389084,3592046000.0,70760,,1340425.0,56.11,new
TECHNOCRAF, EQ,2026-10-06,471.25,479.8,455.1,467.25,469.15,471.1,646452,303068000.0,18382,,234726.0,36.31,new
TECHNOE, EQ,2026-10-06,980.9,1003.2,980.8,996.2,988.0,978.6,112790,111917000.0,9426,,70905.0,62.86,new
TECHNVISN, EQ,2026-10-06,3801.1,4012.9,3801.1,4012.9,4012.9,3821.9,118,465000.00000000006,58,,113.0,95.76,new
TECILCHEM, EQ,2026-10-06,9.55,9.55,9.14,9.24,9.18,9.56,2818,26000.0,49,,2410.0,85.52,new
TEGA, EQ,2026-10-06,2091.6,2129.0,2060.8,2092.5,2095.0,2064.1,249989,524625000.0,17643,,101772.0,40.71,new
TEJA, SM,2026-10-06,212.05,212.05,212.05,212.05,212.05,214.2,1200,254000.0,2,,1200.0,100.0,new
TEJASNET, EQ,2026-10-06,466.8,484.8,465.65,475.85,475.85,463.2,1878474,898545000.0000001,48630,,325201.0,17.31,new
TEMBO, EQ,2026-10-06,55.88,58.86,55.88,58.25,57.98,55.18,5603319,325984000.0,11748,,1736052.0,30.98,new
TEMPSENS, EQ,2026-10-06,495.6,520.0,486.15,515.5,514.75,493.95,1537191,773234000.0,37381,,391500.0,25.47,new
TENNIND, EQ,2026-10-06,487.15,497.45,483.3,494.15,492.75,487.0,577492,284104000.0,29230,,381493.0,66.06,new
TERAI, EQ,2026-10-06,110.0,120.0,110.0,120.0,120.0,116.0,4,0.0,3,,3.0,75.0,new
TERASOFT, EQ,2026-10-06,235.85,263.16,230.0,237.77,235.31,227.86,92595,22313000.0,3695,,27803.0,30.03,new
TEXINFRA, EQ,2026-10-06,120.8,126.4,119.0,125.42,126.0,120.53,587316,72308000.0,4855,,337698.0,57.5,new
TEXMOPIPES, EQ,2026-10-06,50.68,54.5,50.1,53.8,53.5,50.37,175736,9318000.0,2405,,67643.0,38.49,new
TEXRAIL, EQ,2026-10-06,118.2,119.92,116.72,117.38,117.4,117.18,2061189,243696000.0,17911,,782789.0,37.98,new
TFCILTD, EQ,2026-10-06,140.27,141.5,139.25,140.65,140.21,139.65,3376081,473918999.99999994,15741,,1586706.0,47.0,new
TFL, EQ,2026-10-06,11.76,12.25,11.75,11.99,12.19,11.72,6398,77000.0,34,,6203.0,96.95,new
TGBHOTELS, EQ,2026-10-06,9.7,9.7,9.2,9.37,9.5,9.51,4118,39000.0,55,,4092.0,99.37,new
TGL, ST,2026-10-06,12.7,13.2,12.7,13.2,13.2,12.95,39400,503000.0,63,,39200.0,99.49,new
TGVSL, EQ,2026-10-06,122.29,126.0,121.55,125.48,125.4,121.99,360172,44763000.0,5189,,180668.0,50.16,new
THACKER, EQ,2026-10-06,940.0,940.0,939.65,939.65,939.65,935.0,11,10000.0,2,,11.0,100.0,new
THANGAMAYL, EQ,2026-10-06,4794.0,4847.0,4726.0,4758.5,4751.0,4747.0,41236,196491000.0,9424,,20807.0,50.46,new
THEINVEST, EQ,2026-10-06,91.0,92.65,90.25,90.81,90.25,90.1,1290,117000.0,34,,1137.0,88.14,new
THEJO, EQ,2026-10-06,2095.2,2113.0,2082.1,2098.9,2100.0,2095.2,4668,9799000.0,447,,3713.0,79.54,new
THELEELA, EQ,2026-10-06,582.0,589.7,566.5,582.7,583.0,577.6,514330,298146000.0,53185,,337911.0,65.7,new
THEMISMED, EQ,2026-10-06,113.45,114.98,112.35,113.49,114.0,112.89,44074,5007000.0,1100,,22566.0,51.2,new
THERMAX, EQ,2026-10-06,3230.0,3250.0,3193.0,3225.1,3225.0,3228.2,236487,760308000.0,44739,,159310.0,67.37,new
THESL, ST,2026-10-06,15.0,15.0,14.8,14.8,14.8,15.55,9000,134000.0,3,,6000.0,66.67,new
THOMASCOOK, EQ,2026-10-06,99.63,101.63,99.51,101.09,101.5,99.61,248235,25025000.0,3789,,100739.0,40.58,new
THOMASCOTT, EQ,2026-10-06,278.8,292.8,275.1,280.8,280.0,278.85,111445,31588000.0,2473,,67440.0,60.51,new
THYROCARE, EQ,2026-10-06,542.0,544.6,528.5,529.8,530.0,542.05,156551,83616000.0,17056,,92524.0,59.1,new
TI, EQ,2026-10-06,549.0,579.8,540.0,547.8,544.0,540.35,2728824,1532043000.0,79661,,1166322.0,42.74,new
TICL, BE,2026-10-06,8.57,8.57,8.57,8.57,8.57,8.17,26627,227999.99999999997,31,,,,new
TIGERLOGS, EQ,2026-10-06,26.89,27.49,24.82,25.86,25.7,26.3,306981,7884999.999999999,1892,,217617.0,70.89,new
TIIL, EQ,2026-10-06,2815.3,2850.0,2777.8,2819.1,2835.0,2815.3,20082,56588000.0,3612,,9994.0,49.77,new
TIINDIA, EQ,2026-10-06,2329.2,2472.7,2312.0,2472.7,2472.7,2320.0,780130,1892496000.0,37969,,357384.0,45.81,new
TIJARIA, BE,2026-10-06,6.57,6.6,6.36,6.42,6.58,6.62,14938,98000.0,88,,,,new
TIL, BE,2026-10-06,240.7,250.0,239.0,242.25,241.35,242.15,114661,27843000.0,481,,,,new
TIMETECHNO, EQ,2026-10-06,178.51,183.7,178.1,183.07,183.4,178.71,2979108,542291000.0,22841,,655511.0,22.0,new
TIMEX, EQ,2026-10-06,737.0,759.7,726.65,731.7,728.0,734.6,528969,393312000.0,35768,,195660.0,36.99,new
TIMKEN, EQ,2026-10-06,3158.6,3169.9,3111.0,3156.9,3169.9,3132.3,18065,56770000.00000001,7026,,9462.0,52.38,new
TINNARUBR, EQ,2026-10-06,948.05,960.0,931.25,950.25,941.7,930.15,24118,22751000.0,2544,,13520.0,56.06,new
TIPSFILMS, EQ,2026-10-06,309.0,374.7,309.0,334.55,331.6,312.25,98064,34738000.0,3870,,28206.0,28.76,new
TIPSMUSIC, EQ,2026-10-06,648.0,661.45,637.8,653.1,654.5,639.1,253226,164716000.0,11848,,139776.0,55.2,new
TIRUMALCHM, EQ,2026-10-06,144.1,150.99,144.1,148.53,148.72,143.35,320975,47723000.0,5773,,150374.0,46.85,new
TIRUPATIFL, BE,2026-10-06,72.51,74.0,72.19,72.19,72.19,73.66,398736,29145000.0,503,,,,new
TITAGARH, EQ,2026-10-06,813.5,813.5,802.85,804.85,804.0,809.65,249996,201684000.0,14018,,83847.0,33.54,new
TITAN, EQ,2026-10-06,4599.9,4600.0,4530.3,4550.0,4550.0,4580.0,800113,3643408999.9999995,63283,,506313.0,63.28,new
TMB, EQ,2026-10-06,883.95,889.95,872.4,878.95,878.0,886.25,136215,119973000.0,14570,,61369.0,45.05,new
TMCV, EQ,2026-10-06,427.3,437.55,423.7,433.8,431.45,426.8,7619951,3269796000.0,140984,,4185285.0,54.93,new
TMPV, EQ,2026-10-06,288.4,290.4,285.1,285.8,285.8,288.65,7578840,2177397000.0,64320,,3855394.0,50.87,new
TNIDETF, EQ,2026-10-06,83.55,84.98,83.1,84.01,83.18,83.14,80842,6806000.0,389,,49592.0,61.34,new
TNPETRO, EQ,2026-10-06,123.0,127.13,123.0,126.03,125.63,122.75,803613,100633000.0,14533,,407387.0,50.69,new
TNPL, EQ,2026-10-06,147.4,148.92,145.61,145.94,146.32,146.49,62489,9175000.0,2227,,33312.0,53.31,new
TNTELE, BE,2026-10-06,10.45,10.45,10.45,10.45,10.45,10.99,32851,343000.0,56,,,,new
TOKYOPLAST, EQ,2026-10-06,71.11,73.2,71.1,71.1,71.1,71.06,833,60000.0,33,,463.0,55.58,new
TOLINS, EQ,2026-10-06,90.0,91.85,86.5,90.19,90.5,85.12,202771,18163000.0,3942,,60193.0,29.69,new
TOP100CASE, EQ,2026-10-06,10.0,10.05,9.93,10.03,10.05,9.94,593557,5937000.0,1044,,488981.0,82.38,new
TOP10ADD, EQ,2026-10-06,83.48,84.1,83.13,83.84,84.08,83.07,1969278,164842000.0,458,,1896518.0,96.31,new
TOP15IETF, EQ,2026-10-06,9.35,9.35,9.17,9.3,9.29,9.17,46067,425000.0,146,,40623.0,88.18,new
TOP20, EQ,2026-10-06,8.38,8.42,8.36,8.4,8.41,8.34,30049,252000.0,143,,21889.0,72.84,new
TORNTPHARM, EQ,2026-10-06,4763.5,4788.3,4702.5,4772.0,4772.0,4772.0,302606,1441626000.0,30836,,166689.0,55.08,new
TORNTPOWER, EQ,2026-10-06,1234.6,1240.1,1220.5,1234.9,1232.0,1234.2,206066,253525000.0,14042,,128486.0,62.35,new
TOTAL, BE,2026-10-06,69.23,71.7,69.0,71.54,71.0,69.23,3174,225000.0,39,,,,new
TOUCHWOOD, EQ,2026-10-06,58.55,58.95,58.26,58.95,58.95,58.53,640,37000.0,23,,531.0,82.97,new
TOYAMSL, EQ,2026-10-06,0.65,0.69,0.64,0.68,0.69,0.66,765045,509000.0,254,,450252.0,58.85,new
TPHQ, BE,2026-10-06,0.49,0.5,0.47,0.48,0.49,0.49,1369830,667000.0,319,,,,new
TPLPLASTEH, EQ,2026-10-06,68.6,69.44,67.51,69.18,69.4,67.86,110390,7588000.0,953,,37242.0,33.74,new
TRACXN, EQ,2026-10-06,31.6,35.0,31.6,34.34,34.49,31.61,493405,16732000.0,3338,,291314.0,59.04,new
TRANSCOR, EQ,2026-10-06,24.9,24.9,23.75,23.91,23.76,24.6,624,15000.0,20,,623.0,99.84,new
TRANSPEK, BE,2026-10-06,1313.8,1379.5,1300.0,1379.5,1379.5,1313.9,3069,4215000.0,144,,,,new
TRANSRAILL, EQ,2026-10-06,478.0,486.0,474.1,482.4,483.2,462.75,2088541,1004149000.0,52716,,374619.0,17.94,new
TRANSTEEL, SM,2026-10-06,81.95,82.4,80.7,80.95,80.7,79.75,12000,978999.9999999999,12,,6000.0,50.0,new
TRANSWORLD, BE,2026-10-06,154.0,156.97,152.05,153.7,153.7,154.29,3872,592000.0,66,,,,new
TRAVELFOOD, EQ,2026-10-06,1200.0,1204.7,1191.0,1197.9,1200.0,1204.3,23618,28283000.0,5466,,12449.0,52.71,new
TREEHOUSE, EQ,2026-10-06,5.98,5.98,5.73,5.82,5.85,5.8,17012,99000.0,93,,10482.0,61.62,new
TREJHARA, EQ,2026-10-06,131.36,133.05,128.8,130.39,131.13,131.36,13317,1739000.0,585,,8618.0,64.71,new
TREL, EQ,2026-10-06,26.99,27.39,26.51,26.64,26.61,26.99,39088,1048000.0,750,,22249.0,56.92,new
TRENT, EQ,2026-10-06,2800.0,2914.0,2782.3,2906.0,2906.0,2580.0,6695372,19193048000.0,248124,,933558.0,13.94,new
TRF, EQ,2026-10-06,196.86,197.47,193.97,196.3,196.36,194.02,6221,1216000.0,303,,4464.0,71.76,new
TRIDENT, EQ,2026-10-06,21.84,22.98,21.84,22.56,22.6,21.84,6085787,136690000.0,20748,,1583542.0,26.02,new
TRIGYN, EQ,2026-10-06,51.5,52.79,51.3,51.7,52.0,51.45,20828,1082000.0,371,,15882.0,76.25,new
TRITONV, EQ,2026-10-06,1076.8,1095.0,1076.3,1093.0,1095.0,1063.2,2665,2896000.0,270,,1947.0,73.06,new
TRITURBINE, EQ,2026-10-06,529.3,538.9,518.85,536.1,534.1,526.1,485568,255658000.0,38650,,210741.0,43.4,new
TRIVENI, EQ,2026-10-06,244.8,249.0,239.85,241.97,242.8,237.22,920396,223357000.00000003,22911,,340611.0,37.01,new
TROM, SM,2026-10-06,54.0,54.0,51.35,52.05,52.1,54.7,8400,445000.0,11,,7200.0,85.71,new
TRU, EQ,2026-10-06,4.25,4.36,4.08,4.12,4.15,4.15,54342,225999.99999999997,171,,41512.0,76.39,new
TRUALT, EQ,2026-10-06,442.05,452.1,441.2,444.35,445.95,442.3,130699,58358000.00000001,5654,,73361.0,56.13,new
TRUST, SM,2026-10-06,27.1,27.1,25.15,25.55,25.55,25.95,10800,280000.0,15,,7200.0,66.67,new
TSC, ST,2026-10-06,50.0,50.0,48.0,48.0,48.0,50.25,6000,294000.0,3,,6000.0,100.0,new
TSFINV, EQ,2026-10-06,409.0,420.2,405.0,417.95,415.0,409.0,63765,26533000.0,3818,,34743.0,54.49,new
TTKHLTCARE, EQ,2026-10-06,1014.9,1053.7,1007.8,1033.7,1028.0,1007.4,22381,23112000.0,2372,,10367.0,46.32,new
TTKPRESTIG, EQ,2026-10-06,518.9,524.95,513.2,522.85,519.0,512.95,21447,11142000.0,2385,,10435.0,48.65,new
TTL, EQ,2026-10-06,7.84,7.84,7.3,7.38,7.43,7.77,264595,2017000.0000000002,403,,238493.0,90.14,new
TTML, EQ,2026-10-06,33.92,34.43,33.92,34.18,34.24,34.33,1255795,42920000.0,7408,,454717.0,36.21,new
TUNWAL, SM,2026-10-06,26.5,26.5,26.05,26.1,26.05,26.25,42000,1099000.0,18,,30000.0,71.43,new
TURTLEMINT, EQ,2026-10-06,69.0,71.0,67.52,68.91,68.5,68.04,2824519,196398000.0,46803,,1554802.0,55.05,new
TUTIALKA, EQ,2026-10-06,52.16,55.39,52.01,54.0,54.0,52.27,5399,289000.0,148,,4768.0,88.31,new
TVSELECT, EQ,2026-10-06,395.15,411.95,393.0,404.2,402.5,391.7,76143,30626000.0,3540,,26753.0,35.14,new
TVSHLTD, EQ,2026-10-06,11810.0,11854.0,11705.0,11763.0,11770.0,11813.0,4509,53111000.0,1778,,2972.0,65.91,new
TVSMOTOR, EQ,2026-10-06,4030.0,4043.6,3955.9,3981.0,3981.0,4031.0,791080,3154896000.0,57525,,508613.0,64.29,new
TVSSCS, EQ,2026-10-06,127.16,132.4,127.11,130.67,131.0,127.27,519940,67742000.0,7446,,248906.0,47.87,new
TVSSRICHAK, EQ,2026-10-06,4308.0,4428.8,4308.0,4390.1,4410.0,4277.3,3855,16842000.0,1143,,1705.0,44.23,new
TVTODAY, EQ,2026-10-06,100.32,102.5,100.3,101.48,101.09,101.49,17508,1779000.0,523,,12862.0,73.46,new
TVVISION, BE,2026-10-06,2.68,2.73,2.51,2.59,2.63,2.64,26274,68000.0,66,,,,new
TWCGOLDETF, EQ,2026-10-06,146.0,149.99,145.16,146.53,146.3,146.47,3405,498000.00000000006,155,,3231.0,94.89,new
UBL, EQ,2026-10-06,1188.5,1197.6,1172.0,1178.3,1173.8,1183.3,93587,110568000.0,9544,,56894.0,60.79,new
UCAL, BE,2026-10-06,137.0,144.3,136.25,142.37,142.4,137.43,12204,1725000.0,111,,,,new
UCL, ST,2026-10-06,199.95,199.95,199.95,199.95,199.95,210.45,4000,800000.0,2,,4000.0,100.0,new
UCOBANK, EQ,2026-10-06,23.2,23.49,23.14,23.27,23.25,23.16,3053454,71170000.0,11578,,1279075.0,41.89,new
UDAYJEW, EQ,2026-10-06,167.35,167.36,159.6,160.33,160.0,160.27,17571,2863000.0,1210,,3885.0,22.11,new
UDS, EQ,2026-10-06,213.7,216.75,208.01,215.4,213.7,210.82,141225,30010000.000000004,3229,,72530.0,51.36,new
UEL, EQ,2026-10-06,173.4,180.99,173.01,179.62,180.0,176.87,11101,1979000.0,714,,6450.0,58.1,new
UFBL, BE,2026-10-06,660.0,695.2,660.0,695.2,695.2,662.1,76397,52923000.0,1355,,,,new
UFLEX, EQ,2026-10-06,640.1,646.65,635.2,641.25,644.7,639.2,61320,39350000.0,3132,,31706.0,51.71,new
UFO, EQ,2026-10-06,56.51,58.02,56.51,57.38,57.9,57.18,19334,1112000.0,541,,15874.0,82.1,new
UGARSUGAR, BE,2026-10-06,60.89,61.5,58.8,59.26,59.5,58.84,228982,13887000.0,1119,,,,new
UGROCAP, EQ,2026-10-06,82.7,84.0,81.61,82.97,82.41,81.89,102799,8501000.0,1128,,64026.0,62.28,new
UHTL, ST,2026-10-06,199.8,199.8,199.8,199.8,199.8,195.9,6000,1199000.0,3,,6000.0,100.0,new
UJJIVANSFB, EQ,2026-10-06,67.0,67.98,65.14,65.19,65.19,66.59,13780244,909414000.0,36080,,6102661.0,44.29,new
ULTRACEMCO, EQ,2026-10-06,10850.0,10905.0,10697.0,10750.0,10750.0,10850.0,270277,2918384000.0,29609,,172371.0,63.78,new
ULTRAMAR, EQ,2026-10-06,408.85,417.15,402.5,408.8,408.0,404.8,177802,72860000.0,4066,,68043.0,38.27,new
UMAEXPORTS, BE,2026-10-06,20.99,21.8,20.55,21.09,21.29,21.16,17187,362000.0,90,,,,new
UMESLTD, EQ,2026-10-06,4.59,4.59,4.26,4.45,4.49,4.37,3511,15000.0,32,,3473.0,98.92,new
UMIYA-MRO, EQ,2026-10-06,93.0,93.08,92.01,92.55,92.02,91.98,10179,939000.0,162,,7000.0,68.77,new
UNICHEMLAB, EQ,2026-10-06,531.25,556.2,531.25,548.1,550.0,531.45,60230,32958000.0,3995,,24722.0,41.05,new
UNIDT, EQ,2026-10-06,231.99,237.14,225.0,226.13,227.0,229.93,34207,7863000.0,1186,,19039.0,55.66,new
UNIECOM, EQ,2026-10-06,82.35,82.71,81.16,81.84,82.55,81.54,181148,14812000.0,2634,,85606.0,47.26,new
UNIENTER, EQ,2026-10-06,90.0,90.0,86.17,87.09,87.98,86.17,2595,225999.99999999997,102,,1771.0,68.25,new
UNIHEALTH, SM,2026-10-06,545.0,570.0,525.0,550.0,550.0,562.15,21500,11890000.0,39,,14000.0,65.12,new
UNIINFO, EQ,2026-10-06,10.63,11.07,10.45,11.0,11.02,10.62,1893,21000.0,36,,1620.0,85.58,new
UNILEX, SM,2026-10-06,30.4,30.4,30.4,30.4,30.4,30.4,11200,340000.0,2,,11200.0,100.0,new
UNIMECH, EQ,2026-10-06,1850.0,1901.0,1819.7,1873.1,1863.7,1845.1,288002,536911000.0,33877,,106731.0,37.06,new
UNIONBANK, EQ,2026-10-06,169.0,171.29,166.89,168.44,168.44,167.97,10378539,1745995000.0,59338,,5888952.0,56.74,new
UNIONGOLD, EQ,2026-10-06,142.55,143.95,142.4,143.35,143.6,144.0,3325,476000.0,366,,1849.0,55.61,new
UNIPARTS, EQ,2026-10-06,836.0,844.0,815.0,824.7,821.05,826.05,101784,84589000.0,8645,,55606.0,54.63,new
UNITDSPR, EQ,2026-10-06,1365.0,1373.0,1349.0,1358.0,1358.0,1369.0,925853,1257314000.0,30182,,615022.0,66.43,new
UNITECH, EQ,2026-10-06,3.91,4.05,3.91,4.0,4.03,3.9,2291434,9104000.0,2055,,1614730.0,70.47,new
UNITEDPOLY, EQ,2026-10-06,49.0,49.59,47.89,48.49,48.5,48.43,706323,34338000.0,2203,,323929.0,45.86,new
UNITEDTEA, EQ,2026-10-06,420.0,420.0,411.45,415.95,415.95,415.0,1718,715000.0,55,,1677.0,97.61,new
UNIVASTU, BE,2026-10-06,128.4,132.69,126.23,131.63,131.85,127.77,27075,3521000.0,241,,,,new
UNIVCABLES, EQ,2026-10-06,1523.1,1665.0,1501.8,1649.2,1655.0,1520.2,374840,604483000.0,32983,,119068.0,31.77,new
UNIVPHOTO, BE,2026-10-06,467.05,483.3,467.05,470.25,481.9,488.2,889,421000.0,45,,,,new
UNOMINDA, EQ,2026-10-06,1101.0,1128.5,1100.0,1120.0,1120.0,1101.0,1038825,1162181000.0,29538,,564988.0,54.39,new
UPL, EQ,2026-10-06,503.9,511.55,503.9,509.55,509.55,502.5,1194229,606274000.0,22354,,627836.0,52.57,new
URAVIDEF, BE,2026-10-06,101.5,102.0,100.0,102.0,102.0,101.16,1892,192000.0,35,,,,new
URBAN, SM,2026-10-06,122.8,123.5,118.05,122.65,123.5,120.25,21600,2602000.0,26,,13600.0,62.96,new
URBANCO, EQ,2026-10-06,160.0,174.46,160.0,173.54,173.1,159.59,23975368,4097244000.0,151748,,4034451.0,16.83,new
URJA, EQ,2026-10-06,8.6,8.74,8.52,8.6,8.58,8.69,583060,5012000.0,2653,,377246.0,64.7,new
USASEEDS, SM,2026-10-06,85.0,86.0,85.0,86.0,86.0,88.95,1712,146000.0,4,,1284.0,75.0,new
USHAFIN, ST,2026-10-06,46.8,48.35,46.8,48.35,48.35,46.05,14400,690000.0,9,,14400.0,100.0,new
USHAMART, EQ,2026-10-06,510.0,519.9,500.4,516.7,518.0,510.5,819697,421558000.0,33946,,316923.0,38.66,new
USK, EQ,2026-10-06,18.53,19.3,18.53,18.64,18.96,18.53,25994,490000.00000000006,158,,21434.0,82.46,new
UTIAMC, EQ,2026-10-06,890.3,894.85,883.1,888.2,892.0,890.3,75256,66871000.0,10472,,47807.0,63.53,new
UTKAL, ST,2026-10-06,51.8,52.0,49.4,50.5,50.5,49.75,40000,2043000.0,18,,36000.0,90.0,new
UTKARSHBNK, EQ,2026-10-06,13.42,13.62,13.27,13.52,13.49,13.22,2363770,31689000.0,4030,,1332484.0,56.37,new
UTLSOLAR, EQ,2026-10-06,412.2,424.4,410.05,418.85,418.0,412.15,164223,68830000.0,10771,,79866.0,48.63,new
UTSSAV, SM,2026-10-06,848.0,868.95,848.0,860.75,853.0,843.35,45000,38651000.0,67,,28200.0,62.67,new
UTTAMSUGAR, EQ,2026-10-06,300.5,309.95,296.6,302.8,302.1,294.7,427890,130380000.0,12526,,125872.0,29.42,new
UYFINCORP, BE,2026-10-06,24.2,24.2,22.79,22.95,22.79,23.98,407089,9523000.0,640,,,,new
V2RETAIL, EQ,2026-10-06,168.19,176.75,165.05,172.19,172.0,169.28,5350710,920012999.9999999,73227,,1601818.0,29.94,new
VADILALIND, EQ,2026-10-06,7111.0,7375.0,7111.0,7309.5,7258.0,7111.0,7145,52023000.0,2292,,2685.0,37.58,new
VADILENT, EQ,2026-10-06,9860.0,9860.0,9860.0,9860.0,9860.0,9860.0,2,20000.0,1,,2.0,100.0,new
VAIBHAVGBL, EQ,2026-10-06,199.44,204.2,199.42,202.43,202.0,199.43,108902,22037000.0,4594,,53056.0,48.72,new
VAISHALI, EQ,2026-10-06,8.36,8.6,7.8,8.17,8.16,8.28,227994,1855999.9999999998,349,,160345.0,70.33,new
VAKRANGEE, EQ,2026-10-06,5.23,5.24,5.15,5.19,5.21,5.21,869007,4516000.0,1121,,495274.0,56.99,new
VAL30IETF, EQ,2026-10-06,14.62,14.62,14.31,14.34,14.39,14.33,105011,1508000.0,374,,54990.0,52.37,new
VALIANTLAB, BE,2026-10-06,124.0,127.99,124.0,124.37,125.25,124.58,73168,9237000.0,347,,,,new
VALIANTORG, EQ,2026-10-06,476.0,503.0,469.15,496.8,502.8,475.65,262872,128441000.00000001,6804,,143930.0,54.75,new
VALUE, EQ,2026-10-06,15.0,15.52,14.92,15.25,15.26,15.22,31145,476999.99999999994,93,,29634.0,95.15,new
VALUE360, SM,2026-10-06,55.0,62.95,51.45,61.55,62.85,54.85,148800,8503000.0,68,,114000.0,76.61,new
VALUEAXIS, EQ,2026-10-06,31.28,31.28,30.9,30.93,31.09,31.02,71332,2213000.0,396,,33919.0,47.55,new
VAML, EQ,2026-10-06,398.45,404.0,397.55,401.05,401.5,396.6,4356180,1750028000.0,67283,,2631904.0,60.42,new
VARDHACRLC, EQ,2026-10-06,45.0,45.0,43.0,43.63,43.51,44.47,58968,2582000.0,345,,40552.0,68.77,new
VARDMNPOLY, EQ,2026-10-06,5.69,5.74,5.11,5.44,5.45,5.55,320774,1747000.0,397,,255173.0,79.55,new
VARMORA, EQ,2026-10-06,134.6,136.02,130.51,132.84,132.91,134.88,1407091,186729000.0,17132,,413795.0,29.41,new
VARROC, EQ,2026-10-06,824.1,829.45,793.0,814.45,820.0,820.0,402684,325141000.0,40529,,184261.0,45.76,new
VASCONEQ, EQ,2026-10-06,32.1,33.0,31.99,32.31,32.44,32.27,325907,10567000.0,1585,,204160.0,62.64,new
VASUPRADA, EQ,2026-10-06,92.0,95.0,92.0,95.0,95.0,96.25,2,0.0,2,,1.0,50.0,new
VASWANI, EQ,2026-10-06,44.04,44.5,43.11,43.41,43.21,44.13,15181,666000.0,154,,11788.0,77.65,new
VBL, EQ,2026-10-06,440.5,442.75,435.85,439.3,439.3,439.6,4266861,1874316000.0,61876,,2634577.0,61.75,new
VCL, BE,2026-10-06,1.49,1.5,1.43,1.5,1.5,1.43,171838,256000.0,79,,,,new
VDEAL, SM,2026-10-06,108.0,114.9,108.0,110.35,114.9,103.05,4200,462000.0,7,,4200.0,100.0,new
VEDAVAAG, EQ,2026-10-06,22.0,23.34,22.0,23.24,23.3,22.33,130276,2998000.0,560,,84877.0,65.15,new
VEDL, EQ,2026-10-06,257.2,267.7,256.6,265.6,265.6,255.05,14899808,3928360000.0,103606,,6506477.0,43.67,new
VEDPOWER, EQ,2026-10-06,32.25,32.66,31.83,32.53,32.65,31.87,7497056,241839000.0,33654,,3700462.0,49.36,new
VEEDOL, EQ,2026-10-06,1355.2,1400.5,1349.3,1392.4,1395.0,1350.4,10408,14346000.0,1123,,6362.0,61.13,new
VEEGALAND, EQ,2026-10-06,145.5,153.8,142.5,148.64,149.7,144.74,2946800,437933000.0,22230,,874717.0,29.68,new
VELJAN, BE,2026-10-06,2531.4,2531.4,2531.4,2531.4,2531.4,2410.9,1420,3595000.0000000005,94,,,,new
VENKEYS, EQ,2026-10-06,1642.7,1707.9,1618.0,1694.8,1687.9,1642.7,49857,83918000.0,6597,,27132.0,54.42,new
VENTIVE, EQ,2026-10-06,557.0,602.8,546.05,582.35,580.0,548.0,85216,49627000.0,3250,,27879.0,32.72,new
VENUSPIPES, EQ,2026-10-06,2236.0,2280.0,2215.9,2240.3,2236.0,2206.4,80155,180255000.0,7698,,35757.0,44.61,new
VENUSREM, BE,2026-10-06,1807.9,1807.9,1710.0,1746.7,1764.0,1778.0,20737,36260000.0,977,,,,new
VERANDA, BE,2026-10-06,28.4,29.72,26.9,29.72,29.72,212.76,418116,12240000.0,901,,,,new
VERITAAS, SM,2026-10-06,28.55,28.6,28.55,28.55,28.55,30.05,3600,103000.0,3,,2400.0,66.67,new
VERTOZ, EQ,2026-10-06,34.73,36.49,32.71,33.52,33.49,34.73,81639,2797000.0,711,,73372.0,89.87,new
VESUVIUS, EQ,2026-10-06,390.4,424.9,390.4,404.4,404.0,389.4,377740,155334000.0,18235,,87100.0,23.06,new
VETO, EQ,2026-10-06,136.64,140.81,136.0,138.54,139.0,136.65,62786,8676000.0,1394,,42098.0,67.05,new
VGCL, EQ,2026-10-06,49.48,49.48,45.83,47.6,48.99,48.02,325,15000.0,12,,300.0,92.31,new
VGINFOTECH, SM,2026-10-06,138.0,138.0,135.0,136.85,136.8,138.0,25000,3400000.0,25,,16000.0,64.0,new
VGL, EQ,2026-10-06,63.62,65.7,63.62,63.76,63.74,63.6,65905,4222000.0,673,,49884.0,75.69,new
VGUARD, EQ,2026-10-06,301.05,307.9,294.35,306.3,305.55,296.55,409980,124025000.0,14563,,225160.0,54.92,new
VHL, EQ,2026-10-06,3460.0,3624.8,3460.0,3574.2,3532.0,3517.8,1294,4622000.0,320,,1082.0,83.62,new
VHLTD, BE,2026-10-06,130.95,131.0,128.0,128.97,129.6,126.05,68525,8891000.0,366,,,,new
VIAZ, SM,2026-10-06,80.0,82.5,80.0,81.75,82.5,84.0,8000,647000.0,4,,6000.0,75.0,new
VICTORYEV, SM,2026-10-06,13.3,13.75,13.2,13.75,13.75,13.3,9000,121000.0,3,,9000.0,100.0,new
VIDHIING, EQ,2026-10-06,358.9,358.9,348.75,352.3,354.95,354.0,6713,2376000.0,606,,3890.0,57.95,new
VIDYAWIRES, EQ,2026-10-06,92.0,95.83,92.0,95.83,95.83,91.27,2092268,198405000.0,8863,,1300046.0,62.14,new
VIESL, SM,2026-10-06,361.55,369.9,354.0,369.9,369.9,359.8,13600,4949000.0,16,,8800.0,64.71,new
VIGOR, SM,2026-10-06,76.0,76.0,72.2,74.05,74.0,76.0,35200,2582000.0,21,,25600.0,72.73,new
VIJAYA, EQ,2026-10-06,1422.2,1501.0,1408.7,1466.7,1462.3,1422.2,134949,196604000.0,18352,,59899.0,44.39,new
VIJAYPD, SM,2026-10-06,91.35,94.5,82.3,83.7,82.3,90.35,128000,11458000.0,39,,104000.0,81.25,new
VIJIFIN, BE,2026-10-06,13.69,13.69,13.69,13.69,13.69,14.41,57100,782000.0,129,,,,new
VIJSOLX, EQ,2026-10-06,630.0,630.0,620.0,620.0,620.0,636.95,23,14000.000000000002,2,,23.0,100.0,new
VIKASECO, EQ,2026-10-06,1.02,1.03,1.01,1.02,1.02,1.02,1846510,1885000.0000000002,818,,635679.0,34.43,new
VIKASLIFE, EQ,2026-10-06,1.21,1.22,1.19,1.2,1.2,1.21,2367196,2849000.0,5795,,1322179.0,55.85,new
VIKRAMSOLR, EQ,2026-10-06,152.7,154.14,150.96,151.5,151.7,152.52,1330871,202141000.0,15195,,594583.0,44.68,new
VIKRAN, EQ,2026-10-06,57.2,58.25,57.2,58.13,58.2,57.19,518281,29989000.0,3376,,238767.0,46.07,new
VILAS, SM,2026-10-06,398.2,400.0,388.25,394.75,397.45,396.25,12000,4740000.0,44,,9750.0,81.25,new
VILINBIO, ST,2026-10-06,51.5,52.95,51.1,52.95,52.95,53.75,44000,2268000.0,11,,40000.0,90.91,new
VIMTALABS, EQ,2026-10-06,573.0,584.9,569.8,577.4,579.9,571.75,140356,81027000.0,7495,,64785.0,46.16,new
VINATIORGA, EQ,2026-10-06,1176.0,1200.1,1166.7,1179.5,1173.8,1175.8,30277,35834000.0,5323,,12499.0,41.28,new
VINCOFE, EQ,2026-10-06,182.99,189.0,181.24,187.21,186.11,182.59,1459907,271328000.0,16080,,855717.0,58.61,new
VINDHYATEL, EQ,2026-10-06,2588.0,2842.0,2584.0,2829.7,2815.2,2577.3,142293,393404000.0,16406,,55045.0,38.68,new
VINEETLAB, EQ,2026-10-06,38.39,38.39,36.32,36.52,36.43,37.57,24929,914000.0,423,,15732.0,63.11,new
VINNY, EQ,2026-10-06,0.9,0.91,0.9,0.9,0.9,0.9,439590,396000.0,394,,430615.0,97.96,new
VINOD, SM,2026-10-06,41.25,44.0,41.25,41.25,41.25,45.8,928800,38424000.0,255,,739200.0,79.59,new
VINSYS, ST,2026-10-06,575.0,578.0,571.0,576.0,576.0,574.0,1750,1005000.0000000001,7,,1750.0,100.0,new
VINYAS, SM,2026-10-06,1390.0,1433.85,1390.0,1412.1,1410.0,1374.45,5200,7380000.0,39,,4300.0,82.69,new
VINYLINDIA, EQ,2026-10-06,211.0,217.78,211.0,212.77,212.01,214.15,10361,2202000.0,254,,4972.0,47.99,new
VIPCLOTHNG, EQ,2026-10-06,20.26,20.89,20.2,20.3,20.26,20.19,26372,537000.0,171,,19882.0,75.39,new
VIPIND, EQ,2026-10-06,288.5,289.0,282.0,288.1,288.5,284.3,108780,31214000.0,3610,,68677.0,63.13,new
VIPULLTD, BE,2026-10-06,10.22,10.55,10.11,10.2,10.29,10.49,52717,542000.0,203,,,,new
VIRAT, EQ,2026-10-06,350.0,356.0,342.2,347.7,345.75,345.0,1764,611000.0,198,,1193.0,67.63,new
VIRINCHI, EQ,2026-10-06,12.72,13.39,12.72,13.16,13.11,12.78,39744,518000.0,196,,31632.0,79.59,new
VIRTUALG, BE,2026-10-06,0.44,0.44,0.42,0.42,0.43,0.43,240623,104000.0,145,,,,new
VISACHROME, EQ,2026-10-06,35.35,35.68,34.31,35.22,35.05,34.12,26497,927999.9999999999,387,,17170.0,64.8,new
VISAKAIND, BE,2026-10-06,80.7,83.08,80.11,81.63,81.7,81.57,74539,6080000.0,477,,,,new
VISAMAN, SM,2026-10-06,24.6,25.5,24.6,24.6,24.6,25.85,41000,1015000.0,35,,34000.0,82.93,new
VISDEM, SM,2026-10-06,95.1,95.1,95.1,95.1,95.1,99.65,1200,113999.99999999999,1,,1200.0,100.0,new
VISHAL, EQ,2026-10-06,17.11,18.4,17.1,17.5,17.5,17.31,334362,5931000.0,268,,322775.0,96.53,new
VISHNU, EQ,2026-10-06,648.0,701.0,648.0,695.55,695.15,647.75,220744,151574000.0,9286,,113049.0,51.21,new
VISHNUINFR, SM,2026-10-06,141.75,146.6,141.15,146.4,146.4,143.0,22000,3150000.0,13,,20000.0,90.91,new
VISHWARAJ, EQ,2026-10-06,5.34,6.0,5.27,5.72,5.72,5.23,1186917,6797000.0,2035,,545749.0,45.98,new
VISHWAS, SM,2026-10-06,42.25,42.25,42.25,42.25,42.25,44.45,3200,135000.0,2,,3200.0,100.0,new
VISL, EQ,2026-10-06,31.0,31.39,30.33,30.75,30.82,30.74,13725410,422282000.0,33343,,7208121.0,52.52,new
VITAL, EQ,2026-10-06,53.4,53.4,51.5,53.18,53.18,51.05,5003,258000.0,6,,5003.0,100.0,new
VIVIANA, EQ,2026-10-06,829.8,854.45,795.05,824.2,829.0,815.65,88932,73709000.0,6094,,41000.0,46.1,new
VIVIDEL, SM,2026-10-06,1692.0,1750.0,1661.3,1713.0,1719.95,1715.0,10320,17646000.0,41,,6240.0,60.47,new
VIVIDHA, EQ,2026-10-06,0.51,0.53,0.51,0.51,0.52,0.51,172652,89000.0,162,,104398.0,60.47,new
VIVIMEDLAB, BE,2026-10-06,6.28,6.28,6.28,6.28,6.28,5.99,27868,175000.0,44,,,,new
VIVOBIOT, EQ,2026-10-06,14.97,15.69,13.11,13.87,14.0,15.14,130105,1811000.0,845,,80783.0,62.09,new
VIYASH, EQ,2026-10-06,229.0,234.5,228.57,233.23,234.25,229.07,1481195,343803000.0,19377,,796467.0,53.77,new
VLEGOV, EQ,2026-10-06,9.57,9.78,8.86,9.37,9.41,9.32,164271,1556000.0,698,,94274.0,57.39,new
VLINFRA, SM,2026-10-06,25.6,25.6,23.95,24.75,24.5,25.15,15000,371000.0,8,,10500.0,70.0,new
VLSFINANCE, EQ,2026-10-06,232.36,234.75,230.6,233.9,234.75,231.16,4462,1036999.9999999999,109,,3274.0,73.38,new
VMARCIND, SM,2026-10-06,320.8,329.8,318.25,323.05,324.0,321.65,249000,80329000.0,139,,165000.0,66.27,new
VMART, EQ,2026-10-06,753.05,799.9,753.05,793.0,787.1,770.95,99506,78591000.0,9003,,40466.0,40.67,new
VMM, EQ,2026-10-06,98.25,101.71,98.08,100.95,100.95,98.25,15107047,1520360000.0,30781,,9210369.0,60.97,new
VMOBILE, SM,2026-10-06,55.75,56.3,55.75,56.0,56.0,53.75,3200,179000.0,4,,3200.0,100.0,new
VMSTMT, EQ,2026-10-06,44.45,46.97,44.4,46.58,46.92,44.34,38944,1801000.0000000002,828,,23950.0,61.5,new
VOEPL, EQ,2026-10-06,519.65,519.9,497.1,511.15,516.0,506.1,84435,42673000.0,4469,,23693.0,28.06,new
VOGL, EQ,2026-10-06,31.05,31.57,30.95,31.41,31.55,30.87,11313091,354072000.0,32184,,4831299.0,42.71,new
VOITHPAPR, EQ,2026-10-06,1406.0,1453.9,1406.0,1425.0,1425.0,1437.2,94,134000.0,19,,79.0,84.04,new
VOLTAMP, EQ,2026-10-06,10609.0,10656.0,10479.0,10539.0,10525.0,10561.0,9008,95048000.0,4418,,4121.0,45.75,new
VOLTAS, EQ,2026-10-06,1064.7,1073.4,1048.6,1067.9,1067.9,1061.3,2705541,2869311000.0,33538,,1909046.0,70.56,new
VPRPL, EQ,2026-10-06,29.0,29.47,27.36,28.77,28.8,28.78,351910,10135000.0,1494,,195791.0,55.64,new
VRAJ, EQ,2026-10-06,121.8,124.5,119.44,121.6,121.6,122.18,10753,1318000.0,441,,6218.0,57.83,new
VRLLOG, EQ,2026-10-06,285.45,286.0,283.9,284.95,286.0,285.0,95557,27232000.0,2857,,65316.0,68.35,new
VSSL, EQ,2026-10-06,388.0,393.4,385.0,389.75,385.2,386.1,43982,17146000.0,2277,,27084.0,61.58,new
VSTIND, EQ,2026-10-06,202.0,203.35,201.0,202.64,202.8,200.92,100176,20242000.0,2658,,59791.0,59.69,new
VSTL, EQ,2026-10-06,109.04,111.95,107.3,108.56,109.8,109.04,8543,936000.0,216,,6011.0,70.36,new
VSTTILLERS, EQ,2026-10-06,4205.0,4455.0,4205.0,4426.3,4391.0,4235.1,12869,56396000.0,2796,,2916.0,22.66,new
VTL, EQ,2026-10-06,531.15,557.0,531.15,549.4,548.5,529.9,317619,172356000.0,16730,,148377.0,46.72,new
VTMLTD, EQ,2026-10-06,39.7,40.45,35.38,35.92,35.4,38.27,163584,6037000.0,1414,,128333.0,78.45,new
WAAREEENER, EQ,2026-10-06,2346.5,2398.0,2341.3,2398.0,2398.0,2346.5,394147,936400000.0,28714,,178310.0,45.24,new
WAAREEINDO, EQ,2026-10-06,209.28,209.89,204.62,208.05,207.39,204.89,85113,17636000.0,1992,,44150.0,51.87,new
WAAREERTL, EQ,2026-10-06,809.1,828.0,808.75,825.95,823.65,809.1,101885,83577000.0,10443,,46121.0,45.27,new
WABAG, EQ,2026-10-06,2037.6,2055.0,1991.2,2006.9,2012.5,1999.5,423835,853192000.0,31086,,159127.0,37.54,new
WAKEFIT, EQ,2026-10-06,138.2,141.26,135.7,135.98,136.18,138.12,308548,42341000.0,4442,,212327.0,68.81,new
WALCHANNAG, EQ,2026-10-06,195.0,207.0,194.99,204.17,203.9,195.05,716366,144795000.0,10187,,278207.0,38.84,new
WANBURY, EQ,2026-10-06,194.99,205.81,191.15,197.87,196.02,190.46,1143379,227269999.99999997,16400,,599434.0,52.43,new
WARDINMOBI, BZ,2026-10-06,5.08,5.3,5.0,5.11,5.19,5.17,228775,1173000.0,584,,,,new
WATERBASE, EQ,2026-10-06,46.79,46.79,43.51,44.8,44.85,45.57,16937,758000.0,394,,11645.0,68.75,new
WCIL, EQ,2026-10-06,89.5,89.9,86.99,87.76,87.6,89.27,137701,12130000.0,1690,,73222.0,53.17,new
WEALTH, EQ,2026-10-06,860.0,883.0,832.8,855.15,855.0,864.0,1300,1107000.0,176,,741.0,57.0,new
WEBELSOLAR, EQ,2026-10-06,69.0,71.46,67.19,70.89,70.4,68.06,2917914,203447000.0,15817,,1281596.0,43.92,new
WEIZMANIND, EQ,2026-10-06,68.01,72.7,68.01,70.39,70.9,69.4,2565,182000.0,144,,2523.0,98.36,new
WEL, EQ,2026-10-06,73.3,75.45,73.29,74.62,75.25,73.3,181866,13597000.0,1319,,106093.0,58.34,new
WELCORP, EQ,2026-10-06,2528.2,2676.0,2518.6,2660.9,2670.3,2497.5,1853422,4850414000.0,121802,,551572.0,29.76,new
WELENT, EQ,2026-10-06,723.1,728.0,713.0,718.3,715.0,723.1,150965,108651000.0,6848,,88751.0,58.79,new
WELINV, BE,2026-10-06,2440.0,2452.2,2440.0,2440.0,2440.0,2478.0,12,28999.999999999996,7,,,,new
WELSPLSOL, EQ,2026-10-06,52.29,53.87,51.69,51.99,52.0,52.5,571376,29993000.0,3841,,318616.0,55.76,new
WELSPUNLIV, EQ,2026-10-06,231.05,240.73,230.99,237.86,237.51,230.27,4609322,1093739000.0,49982,,1596849.0,34.64,new
WENDT, EQ,2026-10-06,8124.0,8151.5,8053.5,8097.5,8100.0,8016.5,3527,28575000.0,947,,2121.0,60.14,new
WESTLIFE, EQ,2026-10-06,594.0,605.35,589.0,594.6,591.1,590.95,62651,37252000.0,5137,,22209.0,35.45,new
WEWIN, EQ,2026-10-06,51.0,53.0,50.5,51.92,52.9,51.0,5900,305000.0,59,,5836.0,98.92,new
WEWORK, EQ,2026-10-06,651.0,670.0,646.65,664.9,661.1,651.0,82193,54274000.0,8848,,47146.0,57.36,new
WHBRADY, EQ,2026-10-06,456.3,515.0,452.6,485.0,485.0,464.4,329,163000.0,56,,229.0,69.6,new
WHEELS, EQ,2026-10-06,2254.9,2341.0,2211.1,2289.0,2282.2,2206.6,120884,274516000.0,11498,,56668.0,46.88,new
WHIRLPOOL, EQ,2026-10-06,873.75,878.0,861.1,867.8,865.9,871.75,392092,341806000.0,21449,,134227.0,34.23,new
WHITEFORCE, SM,2026-10-06,37.5,37.5,37.5,37.5,37.5,37.5,1600,60000.0,1,,1600.0,100.0,new
WILLAMAGOR, EQ,2026-10-06,22.4,22.4,21.31,21.88,21.98,21.67,784,17000.0,43,,663.0,84.57,new
WINDLAS, EQ,2026-10-06,1008.0,1041.0,1000.0,1036.2,1038.5,1017.9,71884,73327000.0,8092,,33525.0,46.64,new
WINDMACHIN, EQ,2026-10-06,286.15,297.45,281.5,294.85,296.5,286.2,92539,26704000.000000004,3012,,44103.0,47.66,new
WINSOL, SM,2026-10-06,102.65,110.0,98.0,107.95,108.95,102.65,13600,1396000.0,29,,9200.0,67.65,new
WIPL, EQ,2026-10-06,163.65,164.39,160.5,161.65,160.5,160.81,56,9000.0,18,,35.0,62.5,new
WIPRO, EQ,2026-10-06,161.96,162.88,160.54,161.84,161.84,162.14,16386869,2643301000.0,62812,,11316831.0,69.06,new
WOCKPHARMA, EQ,2026-10-06,2067.2,2184.0,2062.0,2176.4,2174.0,2063.5,899270,1923793000.0,48235,,324990.0,36.14,new
WOMANCART, ST,2026-10-06,93.7,96.9,92.05,93.6,92.5,94.5,19200,1793000.0,45,,14000.0,72.92,new
WONDERLA, EQ,2026-10-06,502.0,517.9,488.0,509.7,503.1,499.7,37533,18887000.0,2915,,24193.0,64.46,new
WORTHPERI, EQ,2026-10-06,144.95,144.95,140.25,141.09,141.5,143.41,8240,1162000.0,138,,6481.0,78.65,new
WPIL, EQ,2026-10-06,447.0,452.0,441.05,444.15,441.05,447.2,42287,18862000.0,3005,,20821.0,49.24,new
WSI, EQ,2026-10-06,51.0,52.8,51.0,51.79,52.79,50.66,41522,2153000.0,454,,27113.0,65.3,new
WSTCSTPAPR, EQ,2026-10-06,721.0,763.05,721.0,753.05,752.5,717.75,254433,190501000.0,14364,,97378.0,38.27,new
WTICAB, SM,2026-10-06,98.7,99.7,97.75,99.4,99.7,98.75,6500,640000.0,13,,6500.0,100.0,new
XCHANGING, EQ,2026-10-06,58.8,62.6,58.18,61.86,62.0,58.13,172281,10597000.0,2115,,85006.0,49.34,new
XELPMOC, EQ,2026-10-06,90.0,91.46,85.0,85.62,85.12,89.86,22716,1973000.0,782,,14859.0,65.41,new
XPROINDIA, EQ,2026-10-06,1151.2,1160.0,1125.2,1136.1,1150.5,1139.0,47015,53720000.00000001,4778,,31512.0,67.03,new
XTGLOBAL, EQ,2026-10-06,28.98,28.98,26.91,27.61,27.78,28.09,49359,1361000.0,426,,35085.0,71.08,new
XTRANET, EQ,2026-10-06,288.0,300.3,283.5,300.3,300.3,286.0,614797,180936000.0,9344,,282270.0,45.91,new
YAAP, SM,2026-10-06,125.9,125.9,125.0,125.0,125.0,125.0,4000,501999.99999999994,4,,4000.0,100.0,new
YASHO, EQ,2026-10-06,4040.0,4350.0,4039.9,4282.8,4324.8,4042.9,33512,141002000.0,5828,,19709.0,58.81,new
YASHOPTICS, SM,2026-10-06,134.1,134.1,126.5,127.0,127.0,133.0,12000,1548000.0,15,,10400.0,86.67,new
YATHARTH, EQ,2026-10-06,1003.0,1065.0,998.2,1058.8,1064.0,1003.0,382135,398847000.0,28353,,157028.0,41.09,new
YATRA, EQ,2026-10-06,101.0,101.85,100.21,101.48,101.7,100.81,353097,35710000.0,3970,,159132.0,45.07,new
YESBANK, EQ,2026-10-06,21.05,21.05,20.81,20.86,20.86,21.06,48861066,1022131000.0,65849,,27431155.0,56.14,new
YOGI, EQ,2026-10-06,161.9,164.92,161.0,161.0,161.0,160.0,421,68000.0,14,,420.0,99.76,new
YUKEN, EQ,2026-10-06,1142.4,1333.9,1137.4,1238.6,1238.0,1129.0,282354,355176000.0,22284,,58842.0,20.84,new
ZAGGLE, EQ,2026-10-06,172.25,174.4,169.77,171.88,172.49,170.32,1067509,182855000.0,11072,,558400.0,52.31,new
ZEAL, SM,2026-10-06,70.7,70.7,70.7,70.7,70.7,70.7,600,42000.0,1,,600.0,100.0,new
ZEEL, EQ,2026-10-06,73.6,74.77,72.2,72.42,72.47,73.57,15468698,1131748000.0,43445,,6323461.0,40.88,new
ZEELEARN, EQ,2026-10-06,6.21,6.5,6.1,6.37,6.35,6.21,573557,3583000.0,833,,429507.0,74.88,new
ZEEMEDIA, EQ,2026-10-06,7.27,7.3,7.08,7.22,7.2,7.15,633024,4561000.0,955,,404641.0,63.92,new
ZENITHDRUG, SM,2026-10-06,42.5,42.5,42.05,42.05,42.05,42.5,8800,372000.0,7,,8000.0,90.91,new
ZENITHEXPO, EQ,2026-10-06,194.1,194.1,186.05,187.56,186.05,194.9,531,100000.0,25,,331.0,62.34,new
ZENITHSTL, EQ,2026-10-06,5.15,5.29,5.07,5.25,5.27,5.15,57835,303000.0,170,,43788.0,75.71,new
ZENSARTECH, EQ,2026-10-06,455.0,457.65,444.35,445.45,446.6,451.5,605170,270982000.0,17601,,213420.0,35.27,new
ZENTEC, EQ,2026-10-06,1608.8,1622.0,1598.8,1614.3,1617.0,1599.5,177507,285728000.0,16866,,77303.0,43.55,new
ZFCVINDIA, EQ,2026-10-06,2201.3,2213.2,2165.0,2187.4,2188.7,2201.3,70332,153903000.0,10709,,43249.0,61.49,new
ZFSTEERING, EQ,2026-10-06,705.4,719.6,702.55,710.25,707.0,703.65,1592,1130000.0,129,,1098.0,68.97,new
ZIMLAB, EQ,2026-10-06,139.0,140.0,135.59,138.57,138.0,137.1,63618,8812000.0,1441,,35978.0,56.55,new
ZODIAC, EQ,2026-10-06,216.25,223.99,210.7,212.65,214.95,215.1,10334,2217000.0,580,,6221.0,60.2,new
ZODIACLOTH, EQ,2026-10-06,68.97,68.97,66.25,66.67,67.5,67.67,1950,131000.0,68,,1777.0,91.13,new
ZOTA, EQ,2026-10-06,1297.0,1305.0,1275.0,1278.6,1278.5,1297.4,20087,25829000.000000004,1948,,10869.0,54.11,new
ZSARACOM, EQ,2026-10-06,9711.0,9986.0,9710.0,9961.0,9970.0,9787.0,35,344000.0,24,,21.0,60.0,new
ZTECH, SM,2026-10-06,472.05,489.0,465.05,488.15,489.0,470.3,16800,8083000.0,54,,11400.0,67.86,new
ZUARI, EQ,2026-10-06,212.0,219.6,211.81,218.28,219.33,211.46,53443,11541000.0,2122,,25277.0,47.3,new
ZUARIIND, EQ,2026-10-06,284.9,295.0,284.9,288.45,288.35,283.95,85327,24774000.0,4124,,37950.0,44.48,new
ZYDUSLIFE, EQ,2026-10-06,1145.0,1164.8,1145.0,1159.5,1159.5,1139.0,1575419,1819811000.0,30967,,841312.0,53.4,new
ZYDUSWELL, EQ,2026-10-06,484.0,505.45,484.0,502.4,502.0,483.8,136730,68056000.0,11591,,53667.0,39.25,new
