SYMBOL,SERIES,DATE,OPEN,HIGH,LOW,CLOSE,LAST,PREV_CLOSE,VOLUME,TURNOVER,TRADES,ISIN,DELIV_QTY,DELIV_PER,SOURCE
20MICRONS, EQ,2026-10-09,196.0,198.7,193.51,196.12,195.1,194.81,67881,13366999.999999998,2139,,30312.0,44.65,new
21STCENMGM, EQ,2026-10-09,42.95,43.12,41.55,43.12,43.12,41.07,22609,966000.0,256,,17669.0,78.15,new
360ONE, EQ,2026-10-09,1041.3,1048.0,1031.0,1048.0,1048.0,1041.1,253881,263971999.99999997,20563,,156447.0,61.62,new
3BBLACKBIO, EQ,2026-10-09,1554.7,1596.0,1526.1,1586.4,1596.0,1530.0,11178,17560000.0,2154,,6403.0,57.28,new
3IINFOLTD, BE,2026-10-09,23.0,23.0,22.53,22.67,22.56,23.0,110302,2514000.0,573,,,,new
3MINDIA, EQ,2026-10-09,30140.0,30355.0,29790.0,30170.0,30120.0,30025.0,1743,52480999.99999999,1276,,767.0,44.0,new
3PLAND, EQ,2026-10-09,30.0,30.9,29.8,30.65,30.65,30.77,3243,98000.0,71,,2494.0,76.9,new
574GS2026, GS,2026-10-09,101.79,102.85,101.79,102.85,102.85,102.49,22,2000.0,3,,14.0,63.64,new
577GS2030, GS,2026-10-09,96.5,96.5,96.5,96.5,96.5,96.5,200,19000.0,1,,200.0,100.0,new
579GS2030, GS,2026-10-09,97.01,97.25,97.01,97.25,97.25,99.5,60,6000.0,2,,30.0,50.0,new
5PAISA, EQ,2026-10-09,333.05,355.45,333.05,339.55,337.0,338.2,85063,29580000.0,4691,,24438.0,28.73,new
610GS2031, GS,2026-10-09,99.49,99.49,97.0,97.0,97.0,96.0,86,9000.0,2,,85.0,98.84,new
620GS2029, GS,2026-10-09,99.0,99.0,99.0,99.0,99.0,99.3,1079,107000.0,4,,1079.0,100.0,new
622GS2035, GS,2026-10-09,95.98,95.98,95.98,95.98,95.98,95.98,400,38000.0,1,,400.0,100.0,new
628GS2032, GS,2026-10-09,95.71,95.71,95.71,95.71,95.71,99.5,100,10000.0,1,,100.0,100.0,new
633GS2035, GS,2026-10-09,98.0,100.0,95.44,96.5,96.5,98.0,7501,725000.0,16,,5001.0,66.67,new
636GS2031, GS,2026-10-09,98.7,98.7,98.2,98.2,98.2,98.96,62,6000.0,2,,62.0,100.0,new
63MOONS, EQ,2026-10-09,761.95,779.45,759.35,766.3,763.0,761.55,98604,75856000.0,4802,,40064.0,40.63,new
648GS2035, GS,2026-10-09,96.5,96.5,93.61,93.69,93.69,96.5,19180,1801000.0000000002,23,,19080.0,99.48,new
654GS2032, GS,2026-10-09,97.6,97.6,97.4,97.48,97.4,97.5,499,49000.0,4,,499.0,100.0,new
657GS2033A, GS,2026-10-09,98.85,98.85,98.21,98.21,98.21,98.0,1000,98000.0,2,,1000.0,100.0,new
667GS2050, GS,2026-10-09,92.0,92.0,91.0,91.0,91.0,91.45,2056,187000.0,13,,2056.0,100.0,new
668GS2040, GS,2026-10-09,96.9,96.9,94.0,96.5,96.5,96.66,7211,687000.0,9,,7161.0,99.31,new
675GS2029, GS,2026-10-09,101.75,101.75,101.7,101.7,101.7,101.26,2500,254000.0,2,,2500.0,100.0,new
676GS2061, GS,2026-10-09,89.5,89.6,89.41,89.41,89.41,89.39,11176,1000000.0,4,,11176.0,100.0,new
679GS2034, GS,2026-10-09,96.46,96.75,96.46,96.75,96.75,98.7,2,0.0,2,,1.0,50.0,new
679GS2034A, GS,2026-10-09,98.95,98.95,98.95,98.95,98.95,99.21,1,0.0,1,,1.0,100.0,new
68GS2060, GS,2026-10-09,91.15,91.15,91.0,91.0,91.0,91.0,1181,107000.0,7,,1181.0,100.0,new
690GS2065, GS,2026-10-09,93.0,93.0,92.6,92.6,92.6,92.75,14211,1319000.0,19,,14211.0,100.0,new
694GS2036, GS,2026-10-09,101.03,102.01,101.0,101.98,101.98,101.74,9147,926000.0,13,,8396.0,91.79,new
695GS2061, GS,2026-10-09,93.0,93.0,91.5,91.5,91.5,92.74,29,3000.0,4,,28.0,96.55,new
697GR2034, GS,2026-10-09,97.0,97.7,97.0,97.15,97.15,97.6,26001,2535000.0,12,,23001.0,88.46,new
698GR2054, GS,2026-10-09,92.11,92.11,92.11,92.11,92.11,93.99,100,9000.0,1,,100.0,100.0,new
699GS2051, GS,2026-10-09,95.6,95.6,95.6,95.6,95.6,95.5,300,28999.999999999996,1,,300.0,100.0,new
704GS2029, GS,2026-10-09,103.0,103.0,103.0,103.0,103.0,103.0,10000,1030000.0000000001,2,,10000.0,100.0,new
706GS2028, GS,2026-10-09,100.65,100.79,100.65,100.79,100.79,102.27,1001,101000.0,4,,1000.0,99.9,new
706GS2041, GS,2026-10-09,99.25,99.25,96.3,97.15,98.0,99.25,301,28999.999999999996,6,,201.0,66.78,new
706GS2046, GS,2026-10-09,104.01,104.01,104.01,104.01,104.01,103.5,1,0.0,1,,1.0,100.0,new
709GS2054, GS,2026-10-09,96.99,96.99,93.96,95.18,95.05,95.8,3335,315000.0,20,,3068.0,91.99,new
709GS2074, GS,2026-10-09,94.4,94.59,93.2,94.05,94.05,94.46,3148,295000.0,9,,3145.0,99.9,new
710GS2029, GS,2026-10-09,103.55,103.55,103.55,103.55,103.55,103.49,6593,683000.0,2,,6593.0,100.0,new
716GS2050, GS,2026-10-09,96.69,96.69,94.75,94.75,94.75,96.69,25000,2371000.0,20,,25000.0,100.0,new
717GS2030, GS,2026-10-09,103.92,103.92,103.9,103.9,103.9,103.89,2406,250000.0,2,,2406.0,100.0,new
718GS2037, GS,2026-10-09,102.96,102.96,100.61,102.05,102.6,102.78,9551,967000.0,24,,1546.0,16.19,new
719GS2060, GS,2026-10-09,93.0,93.0,93.0,93.0,93.0,95.2,17520,1629000.0,33,,17520.0,100.0,new
71GS2034, GS,2026-10-09,100.5,102.64,100.01,100.99,100.99,103.0,32592,3290000.0,12,,32492.0,99.69,new
724GS2055, GS,2026-10-09,96.25,96.25,95.0,96.09,96.09,95.66,38926,3715000.0,60,,36085.0,92.7,new
725GS2063, GS,2026-10-09,96.45,96.45,95.82,95.96,95.95,96.01,82814,7945999.999999999,67,,76299.0,92.13,new
726GS2032, GS,2026-10-09,101.5,101.8,101.0,101.8,101.8,101.0,6979,708000.0,5,,6879.0,98.57,new
726GS2033, GS,2026-10-09,100.6,101.4,100.6,101.01,101.01,101.0,4100,413999.99999999994,6,,4100.0,100.0,new
732GS2030, GS,2026-10-09,102.5,102.5,102.5,102.5,102.5,102.47,100,10000.0,1,,100.0,100.0,new
733GS2026, GS,2026-10-09,102.8,103.25,102.79,103.2,103.2,102.99,3437,354000.0,17,,3137.0,91.27,new
734GS2064, GS,2026-10-09,98.75,98.75,98.18,98.2,98.2,98.45,111861,10995000.0,98,,96422.0,86.2,new
736GS2052, GS,2026-10-09,95.31,98.75,95.31,98.75,98.75,98.45,2217,218000.00000000003,4,,2117.0,95.49,new
737GS2028, GS,2026-10-09,103.01,103.5,102.75,103.13,103.13,103.1,27106,2798000.0,31,,27106.0,100.0,new
738GS2027, GS,2026-10-09,102.75,102.87,102.51,102.66,102.54,102.65,122413,12585000.0,23,,122413.0,100.0,new
73GS2053, GS,2026-10-09,97.15,97.15,96.81,97.05,97.05,97.4,38485,3734000.0000000005,30,,38485.0,100.0,new
741GS2036, GS,2026-10-09,103.75,103.9,103.15,103.89,103.89,103.44,6685,693000.0,17,,6635.0,99.25,new
743GS2076, GS,2026-10-09,97.74,98.0,97.4,97.54,97.41,97.8,151870,14832000.0,141,,147200.0,96.93,new
746GS2073, GS,2026-10-09,101.5,101.5,101.0,101.39,101.4,100.0,2187,221000.0,7,,2187.0,100.0,new
74GS2062, GS,2026-10-09,98.0,98.0,98.0,98.0,98.0,97.9,1030,101000.0,2,,1030.0,100.0,new
750GS2056, GS,2026-10-09,102.5,102.5,101.01,101.48,101.48,99.0,104,11000.0,8,,101.0,97.12,new
754GS2036, GS,2026-10-09,104.73,104.78,104.46,104.59,104.6,104.45,834874,87320000.0,158,,762293.0,91.31,new
763GS2056, GS,2026-10-09,101.01,101.01,99.89,99.97,99.89,100.01,19449,1946000.0,31,,19449.0,100.0,new
771GS2066, GS,2026-10-09,103.0,103.0,102.95,102.95,102.95,102.99,1940,200000.0,10,,1940.0,100.0,new
824GS2027, GS,2026-10-09,100.66,103.6,100.66,101.51,101.51,103.25,1703,175000.0,5,,1003.0,58.9,new
92GS2030, GS,2026-10-09,110.0,110.0,109.2,109.95,109.95,109.6,40969,4502000.0,18,,32843.0,80.17,new
A2ZINFRA, EQ,2026-10-09,13.7,14.4,13.35,14.0,14.06,13.72,227015,3170000.0,720,,98030.0,43.18,new
AAATECH, EQ,2026-10-09,104.14,112.0,102.05,107.92,107.2,103.44,543936,58284000.0,3844,,347691.0,63.92,new
AADHARHFC, EQ,2026-10-09,446.65,452.0,442.8,443.65,443.7,450.55,120965,54153000.0,8349,,61554.0,50.89,new
AAKAAR, SM,2026-10-09,68.0,68.0,68.0,68.0,68.0,66.0,1600,109000.00000000001,1,,1600.0,100.0,new
AAKASH, EQ,2026-10-09,8.02,8.28,8.02,8.14,8.18,8.2,65036,527000.0,322,,49333.0,75.85,new
AAREYDRUGS, EQ,2026-10-09,102.01,105.7,100.54,104.08,105.2,103.89,152052,15725000.0,1264,,108877.0,71.61,new
AARNAV, BE,2026-10-09,35.54,37.3,35.54,36.56,36.85,35.54,3680,132000.0,32,,,,new
AARON, EQ,2026-10-09,122.0,132.0,121.1,127.13,130.0,121.05,22164,2786000.0,361,,16593.0,74.86,new
AARTECH, BE,2026-10-09,47.5,48.0,46.1,47.82,47.9,47.69,10006,469000.00000000006,73,,,,new
AARTIDRUGS, EQ,2026-10-09,415.0,419.0,408.05,413.3,412.2,414.0,78159,32360000.000000004,3873,,28248.0,36.14,new
AARTIIND, EQ,2026-10-09,478.0,486.4,459.3,460.15,461.9,478.05,738046,344279000.0,26335,,303494.0,41.12,new
AARTIPHARM, EQ,2026-10-09,880.7,892.0,850.0,855.5,859.0,879.05,444377,384517000.0,30689,,163513.0,36.8,new
AARTISURF, BE,2026-10-09,488.0,490.0,475.55,483.75,480.0,485.8,6675,3228000.0,179,,,,new
AARVI, EQ,2026-10-09,138.26,140.99,137.56,138.54,140.0,138.26,2140,297000.0,141,,1480.0,69.16,new
AASTHA, EQ,2026-10-09,28.5,28.84,27.4,27.65,27.41,28.68,463503,12876000.0,3289,,228428.0,49.28,new
AATMAJ, SM,2026-10-09,24.15,24.15,23.95,23.95,23.95,22.95,10000,241000.0,5,,6000.0,60.0,new
AAVAS, EQ,2026-10-09,1190.5,1206.4,1180.0,1193.0,1190.3,1190.5,31732,37897000.0,11941,,13560.0,42.73,new
ABAN, BE,2026-10-09,17.71,17.71,17.71,17.71,17.71,18.64,39022,691000.0,160,,,,new
ABANSENT, EQ,2026-10-09,30.0,30.9,29.02,30.17,30.63,28.45,52653,1592000.0,569,,34731.0,65.96,new
ABB, EQ,2026-10-09,6795.0,6798.0,6575.0,6780.0,6780.0,6770.0,336748,2268304000.0,39103,,152722.0,45.35,new
ABBOTINDIA, EQ,2026-10-09,25580.0,26040.0,25580.0,26000.0,25950.0,25580.0,3422,88607000.0,2246,,1823.0,53.27,new
ABCAPITAL, EQ,2026-10-09,371.0,385.5,370.5,380.7,380.7,368.65,6519404,2477069000.0,37927,,4232763.0,64.93,new
ABCOTS, EQ,2026-10-09,190.67,195.99,185.9,193.88,193.75,190.67,2691,519000.00000000006,101,,2501.0,92.94,new
ABDL, EQ,2026-10-09,693.45,722.2,690.1,711.55,711.2,693.45,1078501,766171000.0,37997,,373336.0,34.62,new
ABFRL, EQ,2026-10-09,43.3,43.93,43.07,43.65,43.57,43.18,2708597,118148000.0,15416,,1070171.0,39.51,new
ABGSEC, EQ,2026-10-09,113.44,113.44,112.61,113.15,113.15,112.99,73,8000.0,3,,69.0,94.52,new
ABH, SM,2026-10-09,44.0,47.75,43.25,44.7,47.75,45.5,82800,3677000.0000000005,44,,66000.0,79.71,new
ABINFRA, BE,2026-10-09,12.19,12.55,11.67,12.5,12.54,12.19,335254,4165999.9999999995,190,,,,new
ABLBL, EQ,2026-10-09,71.95,73.4,71.78,72.46,72.7,71.95,1264107,91663000.0,12195,,584631.0,46.25,new
ABMINTLLTD, BE,2026-10-09,40.96,43.0,39.11,39.5,39.5,40.96,3139,123000.0,14,,,,new
ABMKNO, EQ,2026-10-09,160.0,162.0,156.0,161.22,162.0,161.27,749,120000.0,91,,453.0,60.48,new
ABREL, EQ,2026-10-09,1018.0,1031.5,1002.3,1022.3,1023.0,1018.0,315769,322568000.0,23299,,168055.0,53.22,new
ABSL10BANK, EQ,2026-10-09,163.05,165.0,163.05,163.61,163.41,161.32,166,27000.0,12,,120.0,72.29,new
ABSLAMC, EQ,2026-10-09,1004.9,1013.8,990.5,1004.05,1001.35,1004.9,133287,133825000.0,22899,,55804.0,41.87,new
ABSLBANETF, EQ,2026-10-09,56.28,56.93,56.09,56.76,56.81,55.92,308051,17479000.0,1721,,274053.0,88.96,new
ABSLLIQUID, EQ,2026-10-09,1000.0,1000.01,1000.0,1000.0,1000.0,1000.0,11685,11685000.0,11,,10875.0,93.07,new
ABSLMSCIN, EQ,2026-10-09,27.47,27.68,27.47,27.68,27.68,27.34,87,2000.0,7,,50.0,57.47,new
ABSLNN50ET, EQ,2026-10-09,73.25,73.25,71.3,72.02,72.1,73.75,19064,1370000.0,332,,14058.0,73.74,new
ABSLPSE, EQ,2026-10-09,9.44,9.72,9.4,9.48,9.51,9.44,93543,886999.9999999999,315,,86138.0,92.08,new
ABSMARINE, SM,2026-10-09,317.95,318.0,301.5,310.0,312.0,314.45,47500,14622000.0,91,,28000.0,58.95,new
ACC, EQ,2026-10-09,1132.1,1142.4,1124.6,1133.0,1138.1,1130.1,118169,133708000.0,12947,,42715.0,36.15,new
ACCELYA, EQ,2026-10-09,1045.7,1067.0,1016.0,1061.6,1056.1,1094.4,48021,50016000.0,4183,,19117.0,39.81,new
ACCENTMIC, SM,2026-10-09,650.0,655.95,636.0,649.75,646.25,645.6,52000,33577000.0,94,,39000.0,75.0,new
ACCPL, ST,2026-10-09,187.85,189.0,180.0,188.95,188.95,180.0,48000,9043000.0,31,,43200.0,90.0,new
ACCURACY, EQ,2026-10-09,4.12,4.17,4.05,4.12,4.17,4.12,26589,110000.00000000001,176,,23367.0,87.88,new
ACE, EQ,2026-10-09,1190.0,1209.4,1169.3,1176.9,1178.0,1179.8,321543,382150000.0,29465,,154381.0,48.01,new
ACEINTEG, EQ,2026-10-09,16.37,17.49,16.15,17.2,17.3,16.45,3102,53000.0,107,,1472.0,47.45,new
ACEVECTOR, EQ,2026-10-09,29.0,31.7,28.7,30.58,30.55,29.12,60598129,1847759000.0,123373,,7503568.0,12.38,new
ACGL, EQ,2026-10-09,1681.7,1702.8,1671.0,1676.4,1675.0,1690.1,472,794000.0,132,,300.0,63.56,new
ACI, EQ,2026-10-09,463.9,465.1,451.35,455.05,454.95,462.2,225673,103579000.0,7704,,152467.0,67.56,new
ACL, EQ,2026-10-09,39.49,39.49,38.62,39.26,39.28,38.97,3310,130000.0,95,,3199.0,96.65,new
ACMESOLAR, EQ,2026-10-09,420.4,423.3,411.5,418.1,420.15,420.4,584873,243571999.99999997,29600,,212901.0,36.4,new
ACSTECH, BE,2026-10-09,70.4,70.4,70.4,70.4,70.4,71.83,11838,833000.0,47,,,,new
ACUTAAS, EQ,2026-10-09,3059.0,3190.0,3031.1,3160.6,3160.0,3056.7,365667,1147612000.0,45425,,142227.0,38.9,new
ADANIENSOL, EQ,2026-10-09,1264.9,1285.2,1256.1,1262.0,1262.0,1251.5,993699,1261221000.0,35472,,320938.0,32.3,new
ADANIENT, EQ,2026-10-09,2605.1,2653.0,2582.3,2634.4,2634.4,2596.0,1611868,4227708000.0,58517,,478011.0,29.66,new
ADANIGREEN, EQ,2026-10-09,1240.0,1275.0,1238.4,1255.8,1255.8,1235.7,2735030,3438130000.0000005,55530,,722588.0,26.42,new
ADANIPORTS, EQ,2026-10-09,1710.1,1770.0,1699.1,1761.0,1761.0,1708.0,9906351,17333250000.0,108131,,8368684.0,84.48,new
ADANIPOWER, EQ,2026-10-09,188.0,191.6,187.25,189.0,189.0,188.0,18864523,3572781000.0,86333,,6757579.0,35.82,new
ADDICTIVE, ST,2026-10-09,41.8,42.5,41.8,42.5,42.5,42.2,47500,1994000.0000000002,12,,47500.0,100.0,new
ADDIND, EQ,2026-10-09,73.89,79.99,70.01,76.56,71.5,72.46,1603,118000.0,62,,1242.0,77.48,new
ADFFOODS, EQ,2026-10-09,290.0,290.15,281.4,289.7,286.75,288.3,103320,29808000.0,3413,,63194.0,61.16,new
ADISOFT, SM,2026-10-09,285.0,285.0,275.15,279.25,276.55,285.6,70400,19671000.0,79,,52000.0,73.86,new
ADL, EQ,2026-10-09,73.0,73.0,70.5,71.0,71.01,73.64,60,4000.0,16,,27.0,45.0,new
ADOR, EQ,2026-10-09,1490.0,1520.0,1470.0,1479.6,1483.4,1486.1,17659,26275000.0,2604,,7475.0,42.33,new
ADROITIND, BE,2026-10-09,201.83,214.0,201.83,202.91,204.6,212.45,941171,191837000.0,4777,,,,new
ADROITINFO, BE,2026-10-09,11.16,11.67,11.16,11.25,11.24,11.56,57042,645000.0,201,,,,new
ADSL, EQ,2026-10-09,98.82,115.4,98.82,109.97,109.6,98.42,4125965,457534000.0,49856,,341633.0,8.28,new
ADVAIT, EQ,2026-10-09,1878.9,1900.0,1832.0,1888.8,1887.0,1871.6,30880,57802000.0,4055,,17659.0,57.19,new
ADVANCE, EQ,2026-10-09,113.88,116.52,112.1,113.27,113.22,113.85,384379,43754000.0,1841,,282215.0,73.42,new
ADVANIHOTR, EQ,2026-10-09,48.07,48.07,47.02,47.41,47.25,47.23,6975,330000.0,233,,4576.0,65.61,new
ADVENTHTL, EQ,2026-10-09,118.45,121.58,115.83,120.25,120.99,118.45,76802,9090000.0,2160,,31152.0,40.56,new
ADVENZYMES, EQ,2026-10-09,268.0,273.7,266.05,267.15,267.0,264.9,236224,63630999.99999999,5285,,128940.0,54.58,new
ADVIKCA, EQ,2026-10-09,1.0,1.01,0.97,0.99,0.99,0.98,114766,113999.99999999999,170,,97282.0,84.77,new
AEGISLOG, EQ,2026-10-09,1383.0,1413.2,1366.1,1388.9,1387.0,1382.3,596347,828286000.0,47868,,266070.0,44.62,new
AEGISVOPAK, EQ,2026-10-09,286.2,290.0,273.9,284.8,282.9,285.2,1171591,328612000.0,36584,,462208.0,39.45,new
AEPL, EQ,2026-10-09,14.85,15.34,14.43,14.75,14.75,14.85,30457,451000.0,186,,23131.0,75.95,new
AEQUS, EQ,2026-10-09,268.45,276.0,260.6,273.5,273.5,268.0,3217255,870742000.0,59677,,1251920.0,38.91,new
AEROENTER, EQ,2026-10-09,125.48,127.29,122.51,123.31,124.0,125.45,319734,39671000.0,4962,,134113.0,41.95,new
AEROFLEX, EQ,2026-10-09,535.0,546.9,514.0,520.5,521.65,529.0,1089632,569664000.0,42899,,327115.0,30.02,new
AERON, SM,2026-10-09,86.85,88.0,80.0,84.0,84.0,84.05,22000,1857999.9999999998,22,,14000.0,63.64,new
AERONEU, EQ,2026-10-09,70.9,70.9,68.95,69.52,69.99,68.4,51072,3564000.0,358,,44695.0,87.51,new
AEROPLANE, EQ,2026-10-09,216.05,220.8,213.19,218.41,220.0,216.09,1092045,237978000.00000003,14993,,526424.0,48.21,new
AESTHETIK, SM,2026-10-09,69.75,69.75,69.7,69.7,69.7,69.45,2000,139000.0,2,,2000.0,100.0,new
AETHER, EQ,2026-10-09,1749.4,1759.7,1701.2,1748.1,1755.8,1744.1,139555,241248999.99999997,17118,,42414.0,30.39,new
AFCONS, EQ,2026-10-09,241.98,243.41,239.76,242.04,241.8,242.11,326416,78898000.0,8625,,127077.0,38.93,new
AFFLE, EQ,2026-10-09,1405.1,1438.5,1405.1,1417.5,1416.1,1401.4,88030,125377000.0,15222,,38309.0,43.52,new
AFFORDABLE, EQ,2026-10-09,160.94,162.0,158.0,159.8,161.9,158.28,6962,1115000.0,360,,4738.0,68.06,new
AFIL, EQ,2026-10-09,7.73,7.85,7.35,7.59,7.63,7.58,262054,2002000.0,512,,165997.0,63.34,new
AFSL, EQ,2026-10-09,201.5,201.5,201.0,201.07,201.0,201.0,1540,310000.0,38,,1188.0,77.14,new
AGARIND, EQ,2026-10-09,372.65,380.0,364.55,374.8,380.0,369.15,25639,9497000.0,1723,,12442.0,48.53,new
AGARWALEYE, EQ,2026-10-09,470.0,482.5,459.15,477.75,473.1,471.0,245391,116988000.00000001,10677,,146555.0,59.72,new
AGARWALFT, SM,2026-10-09,25.3,25.3,25.3,25.3,25.3,24.35,3000,76000.0,1,,3000.0,100.0,new
AGARWALTUF, SM,2026-10-09,164.0,176.45,164.0,175.6,174.8,164.45,50400,8627000.0,35,,27600.0,54.76,new
AGASTYAEN, BE,2026-10-09,62.89,62.89,62.89,62.89,62.89,64.17,70519,4435000.0,94,,,,new
AGI, EQ,2026-10-09,786.3,787.85,766.3,770.45,767.4,782.6,62751,48743000.0,5534,,33282.0,53.04,new
AGIIL, EQ,2026-10-09,250.95,256.1,248.0,254.1,256.0,250.05,245340,62169000.00000001,3762,,102620.0,41.83,new
AGL, EQ,2026-10-09,12.28,12.51,12.06,12.24,12.29,12.15,1232033,15032000.0,2562,,702221.0,57.0,new
AGNI, SM,2026-10-09,14.5,14.85,14.5,14.85,14.8,14.2,15000,220000.00000000003,5,,15000.0,100.0,new
AGRITECH, EQ,2026-10-09,93.45,102.28,90.0,95.7,95.0,92.99,16437,1610000.0000000002,533,,9586.0,58.32,new
AGROPHOS, EQ,2026-10-09,22.01,23.09,22.01,22.91,23.0,21.89,12471,282000.0,97,,10928.0,87.63,new
AGSTRA, BZ,2026-10-09,2.33,2.33,2.33,2.33,2.33,2.37,19740,46000.0,51,,,,new
AHCL, EQ,2026-10-09,26.6,28.11,25.51,28.11,28.11,26.78,20427857,552780000.0,41085,,7689640.0,37.64,new
AHLADA, EQ,2026-10-09,37.49,37.88,36.0,37.28,37.59,36.78,6011,221000.0,102,,3846.0,63.98,new
AHLEAST, EQ,2026-10-09,132.8,135.9,132.8,135.27,135.9,132.78,306,41000.0,19,,249.0,81.37,new
AHLUCONT, EQ,2026-10-09,550.0,562.85,549.0,557.6,556.2,554.05,35359,19616000.0,2002,,20120.0,56.9,new
AHLWEST, BE,2026-10-09,540.0,555.0,530.0,548.9,549.0,550.0,745,403000.0,22,,,,new
AIAENG, EQ,2026-10-09,3783.5,3790.9,3663.0,3737.7,3730.0,3742.9,25677,95555000.0,12157,,13691.0,53.32,new
AIIL, EQ,2026-10-09,550.0,556.35,547.0,549.7,549.5,550.1,70587,38808000.0,5435,,35804.0,50.72,new
AIMTRON, SM,2026-10-09,1809.0,1825.0,1739.9,1748.6,1739.9,1788.3,40800,72215000.0,197,,23800.0,58.33,new
AIRAN, EQ,2026-10-09,14.95,15.18,14.39,14.75,14.76,14.95,131916,1944000.0000000002,611,,104430.0,79.16,new
AIROLAM, EQ,2026-10-09,87.8,89.88,86.52,87.39,88.48,86.52,510,45000.0,67,,354.0,69.41,new
AISL, SM,2026-10-09,33.5,36.65,33.45,33.45,33.45,70.35,45600,1540000.0,14,,30000.0,65.79,new
AJANTPHARM, EQ,2026-10-09,3437.9,3478.2,3364.4,3410.1,3405.0,3435.6,124419,423899000.0,29374,,74325.0,59.74,new
AJAXENGG, EQ,2026-10-09,578.7,580.0,567.2,570.4,570.0,571.25,31597,18089000.0,3660,,13143.0,41.6,new
AJMERA, EQ,2026-10-09,115.21,119.5,114.83,116.92,117.2,115.77,216918,25338000.0,3172,,124169.0,57.24,new
AJOONI, EQ,2026-10-09,3.01,3.05,3.0,3.03,3.04,3.01,101506,307000.0,277,,63865.0,62.92,new
AKANKSHA, SM,2026-10-09,180.5,180.5,171.5,175.9,178.9,180.5,117000,20209000.0,89,,76000.0,64.96,new
AKASH, EQ,2026-10-09,24.2,24.48,24.1,24.39,24.48,24.45,560,14000.000000000002,14,,533.0,95.18,new
AKCAPIT, EQ,2026-10-09,1793.9,1793.9,1725.0,1751.7,1761.0,1728.4,2089,3649000.0,96,,2020.0,96.7,new
AKG, EQ,2026-10-09,9.44,9.45,9.32,9.41,9.4,9.4,13881,130000.0,44,,7697.0,55.45,new
AKI, BE,2026-10-09,6.2,6.2,5.9,6.03,6.0,6.13,57119,343000.0,180,,,,new
AKIKO, SM,2026-10-09,404.95,410.0,401.0,401.0,401.0,401.0,15200,6173000.0,11,,12800.0,84.21,new
AKSHAR, EQ,2026-10-09,0.42,0.43,0.41,0.41,0.41,0.42,737884,309000.0,238,,664820.0,90.1,new
AKSHARCHEM, BE,2026-10-09,360.05,379.0,360.05,372.1,374.0,367.85,3352,1241000.0,76,,,,new
AKSHOPTFBR, BE,2026-10-09,7.3,7.7,7.06,7.58,7.37,7.39,256509,1882999.9999999998,663,,,,new
AKUMS, EQ,2026-10-09,780.8,791.9,740.8,751.85,749.65,786.7,438753,333376000.0,33985,,194814.0,44.4,new
ALANKIT, EQ,2026-10-09,7.61,7.85,7.4,7.49,7.5,7.6,175439,1323000.0,511,,133638.0,76.17,new
ALBERTDAVD, EQ,2026-10-09,790.0,804.95,785.75,791.65,789.05,793.9,2061,1634000.0,235,,1408.0,68.32,new
ALEMBICLTD, EQ,2026-10-09,100.5,101.0,98.83,99.25,100.0,99.72,433035,43211000.0,5794,,167414.0,38.66,new
ALFREDHE, EQ,2026-10-09,2710.9,2722.0,2650.0,2650.0,2650.0,2740.0,46,124000.0,10,,46.0,100.0,new
ALGOQUANT, EQ,2026-10-09,67.21,68.1,66.2,67.25,67.29,67.5,1195064,80559000.0,5314,,201683.0,16.88,new
ALICON, EQ,2026-10-09,859.0,869.75,841.05,861.7,860.0,859.0,43292,37060000.0,3100,,19371.0,44.74,new
ALIVUS, EQ,2026-10-09,1332.0,1350.5,1298.0,1326.3,1323.4,1337.2,131728,174098000.0,13950,,66449.0,50.44,new
ALKALI, BE,2026-10-09,88.0,92.8,86.01,89.43,90.0,89.15,3779,337000.0,70,,,,new
ALKEM, EQ,2026-10-09,5252.0,5299.0,5225.0,5279.0,5279.0,5249.5,96074,505683000.0,10451,,53816.0,56.02,new
ALKYLAMINE, EQ,2026-10-09,1820.1,1853.8,1797.4,1807.6,1801.8,1827.3,51603,93915000.0,8331,,15367.0,29.78,new
ALLCARGO, EQ,2026-10-09,9.99,10.7,9.87,10.53,10.56,9.99,10980147,114786999.99999999,16032,,3594081.0,32.73,new
ALLDIGI, EQ,2026-10-09,786.6,796.45,778.3,791.1,789.25,782.75,5121,4027000.0000000005,457,,3924.0,76.63,new
ALLETEC, SM,2026-10-09,118.5,120.9,117.0,118.0,118.0,118.25,14000,1661000.0,35,,10400.0,74.29,new
ALLTIME, EQ,2026-10-09,178.78,182.01,170.63,179.55,182.0,175.43,253581,44949000.0,5714,,129237.0,50.96,new
ALMONDZ, BE,2026-10-09,19.2,19.41,17.89,19.2,19.25,18.83,76149,1422000.0,215,,,,new
ALOKINDS, EQ,2026-10-09,9.06,9.29,8.43,9.0,9.0,9.0,58778669,515605000.0,73896,,11309712.0,19.24,new
ALPA, EQ,2026-10-09,56.0,57.0,55.15,56.99,56.71,56.38,10206,573000.0,157,,4945.0,48.45,new
ALPEXSOLAR, SM,2026-10-09,814.2,819.9,802.0,804.95,802.0,814.2,24900,20119000.0,175,,17100.0,68.67,new
ALPHA, EQ,2026-10-09,52.93,52.93,51.36,52.61,52.8,51.64,1248040,65128000.0,7713,,582187.0,46.65,new
ALPHAETF, EQ,2026-10-09,24.87,25.2,24.64,25.03,25.02,24.75,267356,6681000.0,792,,149532.0,55.93,new
ALPHAGEO, BE,2026-10-09,245.1,258.95,245.1,258.75,257.0,250.7,7351,1869000.0000000002,93,,,,new
ALPINETEX, EQ,2026-10-09,45.02,45.4,43.56,44.3,44.1,45.11,115035,5075000.0,2218,,66859.0,58.12,new
ALPL30IETF, EQ,2026-10-09,25.31,25.6,25.27,25.48,25.42,25.31,199460,5090000.0,852,,92873.0,46.56,new
ALUFLUOR, EQ,2026-10-09,636.15,701.0,636.15,682.8,672.0,645.0,31045,20974000.0,1978,,19844.0,63.92,new
ALUWIND, SM,2026-10-09,46.35,46.55,45.6,45.6,45.6,46.5,4500,208000.0,3,,4500.0,100.0,new
AMAGI, EQ,2026-10-09,555.35,565.0,550.0,559.4,565.0,555.3,153725,85232000.0,8362,,83171.0,54.1,new
AMAL, EQ,2026-10-09,783.0,794.0,756.1,764.95,761.5,774.8,7961,6116000.0,528,,4998.0,62.78,new
AMANTA, BE,2026-10-09,196.0,196.0,186.93,187.42,186.93,196.76,78810,14840000.0,581,,,,new
AMARJOTHI, EQ,2026-10-09,148.0,148.05,145.05,146.47,147.0,147.3,151,22000.0,28,,116.0,76.82,new
AMBAAUTO, SM,2026-10-09,113.0,114.6,112.5,113.95,113.9,112.4,31000,3509000.0000000005,18,,25000.0,80.65,new
AMBALALSA, BE,2026-10-09,41.08,41.08,39.0,40.59,40.5,40.27,53866,2155000.0,185,,,,new
AMBANIORGO, SM,2026-10-09,133.05,133.1,133.05,133.1,133.1,126.8,4000,532000.0,4,,4000.0,100.0,new
AMBER, EQ,2026-10-09,6602.5,6620.0,6380.0,6445.0,6445.0,6555.0,164400,1060452000.0,26373,,39762.0,24.19,new
AMBICAAGAR, EQ,2026-10-09,23.3,23.97,22.71,22.94,23.42,23.31,9568,222000.00000000003,90,,8389.0,87.68,new
AMBIKCO, EQ,2026-10-09,1497.0,1497.2,1460.2,1472.8,1468.1,1483.3,4295,6333000.0,831,,3023.0,70.38,new
AMBUJACEM, EQ,2026-10-09,344.55,351.5,341.3,351.5,351.5,341.0,2615221,905369000.0,29378,,1173200.0,44.86,new
AMCL, SM,2026-10-09,351.15,362.0,350.0,352.5,352.5,354.95,22800,8092000.0,42,,20800.0,91.23,new
AMDIND, BE,2026-10-09,50.25,50.25,48.61,49.29,49.0,50.64,11644,573000.0,139,,,,new
AMEYA, SM,2026-10-09,154.15,170.15,154.15,170.0,170.15,162.05,19000,3136000.0,19,,16000.0,84.21,new
AMJLAND, EQ,2026-10-09,37.39,37.39,35.91,36.26,36.47,36.66,20096,729000.0,495,,17494.0,87.05,new
AMNPLST, EQ,2026-10-09,165.5,190.01,163.0,174.75,172.0,165.87,30901,5411000.0,921,,15059.0,48.73,new
AMRUTANJAN, EQ,2026-10-09,502.0,512.0,502.0,508.9,512.0,503.05,30552,15501000.0,1517,,16343.0,53.49,new
ANANDRATHI, EQ,2026-10-09,2125.0,2135.0,2038.0,2038.7,2038.7,2138.9,1089771,2239793000.0,59372,,454253.0,41.68,new
ANANTAM, IV,2026-10-09,104.8,105.0,103.6,104.99,105.0,104.74,6249,651000.0,61,,4793.0,76.7,new
ANANTRAJ, EQ,2026-10-09,588.0,590.65,568.35,570.75,569.15,582.5,1446522,834371999.9999999,39802,,561013.0,38.78,new
ANAWIL, SM,2026-10-09,429.45,434.0,418.25,420.1,419.0,429.45,79200,33539000.0,169,,54000.0,68.18,new
ANDHRAPAP, EQ,2026-10-09,66.8,69.5,66.25,67.21,69.5,67.45,108115,7252000.0,2197,,44726.0,41.37,new
ANDHRSUGAR, EQ,2026-10-09,90.4,90.45,87.66,88.43,88.53,89.83,302912,26851000.0,7469,,116694.0,38.52,new
ANDREWYU, EQ,2026-10-09,24.41,24.7,23.36,24.01,24.3,24.3,73232,1757999.9999999998,548,,61327.0,83.74,new
ANGELONE, EQ,2026-10-09,296.5,297.6,288.1,292.0,292.0,295.0,3482836,1018116000.0,25207,,886774.0,25.46,new
ANIKINDS, EQ,2026-10-09,42.99,43.0,41.01,41.34,41.2,42.2,11864,493000.0,182,,9711.0,81.85,new
ANKITMETAL, BZ,2026-10-09,2.6,2.6,2.6,2.6,2.6,2.48,50096,130000.0,28,,,,new
ANLON, SM,2026-10-09,786.0,804.0,780.3,801.5,804.0,786.0,4400,3481000.0,11,,3600.0,81.82,new
ANMOL, BE,2026-10-09,12.75,12.75,12.05,12.19,12.17,12.67,49197,603000.0,185,,,,new
ANNAPURNA, EQ,2026-10-09,125.9,129.8,124.0,125.14,124.5,124.0,34440,4373000.0,725,,20375.0,59.16,new
ANNU, EQ,2026-10-09,46.7,47.65,45.5,47.01,47.05,46.33,525821,24632000.0,4834,,148514.0,28.24,new
ANONDITA, SM,2026-10-09,1044.05,1070.0,1044.05,1048.1,1045.1,1055.0,22400,23697000.0,96,,15600.0,69.64,new
ANSALAPI, BZ,2026-10-09,3.84,3.84,3.71,3.71,3.71,3.78,27826,103000.0,34,,,,new
ANSALBU, EQ,2026-10-09,82.0,90.0,78.0,81.49,80.05,82.42,5285,430999.99999999994,163,,3330.0,63.01,new
ANTELOPUS, EQ,2026-10-09,1119.7,1134.3,1095.0,1101.5,1105.0,1105.8,142976,159007000.0,8140,,36668.0,25.65,new
ANTGRAPHIC, EQ,2026-10-09,0.69,0.7,0.69,0.69,0.69,0.69,52804,37000.0,152,,43621.0,82.61,new
ANTHEM, EQ,2026-10-09,872.55,880.2,842.2,862.3,867.0,872.55,187250,162194000.0,14298,,83046.0,44.35,new
ANUHPHR, EQ,2026-10-09,81.79,82.98,81.01,82.02,82.06,81.79,37636,3077000.0,1295,,21292.0,56.57,new
ANUP, EQ,2026-10-09,1502.0,1515.0,1480.0,1488.2,1481.2,1498.2,17643,26308000.0,2458,,8937.0,50.65,new
ANURAS, EQ,2026-10-09,1104.9,1146.9,1083.8,1132.4,1142.0,1097.7,583323,651454000.0,30360,,361043.0,61.89,new
ANYA, SM,2026-10-09,17.3,17.3,16.85,17.0,17.0,18.0,70000,1192000.0,10,,55000.0,78.57,new
ANZEN, IV,2026-10-09,130.0,131.0,130.0,130.75,131.0,131.0,125000,16288000.0,4,,125000.0,100.0,new
AONEGOLD, EQ,2026-10-09,13.88,13.9,13.72,13.84,13.88,13.66,592091,8203000.0,1466,,263741.0,44.54,new
AONELIQUID, EQ,2026-10-09,1085.57,1085.57,1080.6,1080.61,1080.6,1080.17,35085,37913000.0,366,,28011.0,79.84,new
AONENIFTY, EQ,2026-10-09,9.35,9.35,8.5,9.3,9.31,9.21,124487,1156000.0,1012,,77140.0,61.97,new
AONESILVER, EQ,2026-10-09,8.31,8.41,8.31,8.4,8.41,8.25,378084,3171000.0,885,,268748.0,71.08,new
AONESTEELS, EQ,2026-10-09,415.95,417.0,396.2,407.1,400.0,416.95,527019,215339000.0,9695,,273514.0,51.9,new
AONETMMQ50, EQ,2026-10-09,9.99,9.99,9.7,9.83,9.83,9.79,43150,423000.00000000006,191,,36089.0,83.64,new
AONETOTAL, EQ,2026-10-09,11.29,11.46,11.07,11.2,11.27,11.07,111558,1247000.0,818,,58249.0,52.21,new
APARINDS, EQ,2026-10-09,17940.0,18241.0,17815.0,17984.0,17997.0,17816.0,99015,1781563000.0,30843,,38142.0,38.52,new
APCL, EQ,2026-10-09,93.33,93.33,88.5,89.1,89.27,92.87,10427,942000.0,245,,8042.0,77.13,new
APCOTEXIND, EQ,2026-10-09,576.9,583.9,570.6,578.35,576.0,576.9,39738,22927000.0,3138,,19955.0,50.22,new
APEX, EQ,2026-10-09,332.8,335.0,326.2,331.3,330.0,330.6,53918,17847000.0,3305,,18522.0,34.35,new
APEXECO, ST,2026-10-09,251.6,251.6,239.05,248.25,249.0,246.3,8800,2151000.0,11,,6400.0,72.73,new
APLAPOLLO, EQ,2026-10-09,2052.2,2120.6,2026.2,2114.1,2114.1,2040.0,397189,829361000.0,21635,,190865.0,48.05,new
APLLTD, EQ,2026-10-09,801.0,806.2,788.75,800.95,800.9,800.5,187843,150196000.0,13024,,89667.0,47.74,new
APOLLO, EQ,2026-10-09,395.0,397.65,383.75,388.35,388.15,395.15,5526596,2151690000.0,59565,,1385295.0,25.07,new
APOLLOHOSP, EQ,2026-10-09,7950.0,8027.5,7775.5,8027.5,8027.5,7666.0,1449612,11480478000.0,168430,,759807.0,52.41,new
APOLLOPIPE, EQ,2026-10-09,508.0,519.3,500.0,513.7,515.0,506.9,177953,91100000.0,6001,,71301.0,40.07,new
APOLLOTYRE, EQ,2026-10-09,401.7,403.8,396.35,400.05,400.35,401.7,276049,110438000.00000001,12784,,82835.0,30.01,new
APOLSINHOT, EQ,2026-10-09,1164.2,1179.0,1135.0,1137.4,1140.0,1159.1,319,364000.0,66,,252.0,79.0,new
APOORVA, BE,2026-10-09,34.5,34.5,31.25,31.25,31.25,32.89,46,1000.0,5,,,,new
APRAMEYA, SM,2026-10-09,111.3,117.0,109.05,112.0,109.05,111.4,7000,794000.0,8,,5500.0,78.57,new
APS, SM,2026-10-09,226.35,230.85,221.0,222.4,221.0,227.3,13250,2982000.0,48,,9750.0,73.58,new
APSISAERO, ST,2026-10-09,550.05,596.9,540.1,596.9,596.9,568.5,48000,27748000.0,34,,45600.0,95.0,new
APTECHT, EQ,2026-10-09,85.05,86.5,84.34,84.86,85.23,85.05,55532,4722000.0,1235,,26835.0,48.32,new
APTUS, EQ,2026-10-09,215.52,218.53,212.61,215.73,215.0,216.92,1402416,302548000.0,35290,,773959.0,55.19,new
AQYLON, EQ,2026-10-09,16.09,16.55,15.12,15.75,15.95,15.77,2665776,42009000.0,776,,2573670.0,96.54,new
ARABIAN, SM,2026-10-09,99.0,104.0,99.0,104.0,104.0,95.45,16000,1602000.0,7,,16000.0,100.0,new
ARCHIDPLY, EQ,2026-10-09,100.8,101.98,99.2,99.75,99.53,101.0,26996,2702000.0,355,,23475.0,86.96,new
ARCHIES, EQ,2026-10-09,12.29,12.36,12.01,12.02,12.01,12.01,5395,66000.0,125,,3420.0,63.39,new
ARCIIL, SM,2026-10-09,32.15,32.15,32.0,32.05,32.0,32.0,4000,128000.0,4,,4000.0,100.0,new
ARCIL, EQ,2026-10-09,156.0,157.55,148.91,150.54,150.15,156.18,1012850,154259000.0,20886,,440800.0,43.52,new
ARCL, EQ,2026-10-09,224.0,242.73,220.0,221.6,220.0,221.87,636,144000.0,34,,522.0,82.08,new
ARDEE, EQ,2026-10-09,49.2,49.69,46.6,47.87,47.7,48.96,1905173,92452000.0,11442,,717768.0,37.67,new
ARE&M, EQ,2026-10-09,721.15,729.0,716.1,721.0,721.7,720.3,270068,195074000.0,22553,,121828.0,45.11,new
ARENTERP, EQ,2026-10-09,33.49,33.49,32.4,33.34,33.34,32.87,24,1000.0,15,,16.0,66.67,new
ARFIN, EQ,2026-10-09,106.74,113.83,102.28,105.14,106.21,107.52,12777249,1388310000.0,59874,,2627808.0,20.57,new
ARHAM, SM,2026-10-09,190.0,196.8,190.0,193.95,193.9,189.75,55000,10675000.0,35,,46000.0,83.64,new
ARIES, BE,2026-10-09,473.0,487.0,473.0,482.75,485.0,472.7,10838,5207000.0,187,,,,new
ARIHANT, EQ,2026-10-09,951.0,980.0,909.9,923.0,924.25,939.75,4459,4161999.9999999995,248,,3392.0,76.07,new
ARIHANTCAP, EQ,2026-10-09,95.62,98.0,93.53,96.19,96.1,95.62,496996,47947000.0,5175,,219275.0,44.12,new
ARIHANTSUP, EQ,2026-10-09,223.89,223.89,198.83,219.32,220.0,219.51,29121,6142000.0,642,,18172.0,62.4,new
ARIS, EQ,2026-10-09,137.4,145.0,134.25,140.31,140.0,136.42,2923927,412847000.0,19249,,346913.0,11.86,new
ARKADE, EQ,2026-10-09,118.53,119.9,116.55,118.88,119.9,117.67,183408,21659000.0,2592,,120562.0,65.73,new
ARMANFIN, EQ,2026-10-09,1709.0,1725.9,1675.3,1694.2,1680.1,1703.9,24717,42064000.0,3657,,13627.0,55.13,new
ARMEE, EQ,2026-10-09,260.0,262.0,252.05,253.9,252.55,256.4,529600,135104000.0,9733,,180758.0,34.13,new
ARMOUR, SM,2026-10-09,21.65,21.65,20.9,21.65,21.65,18.05,24000,511000.00000000006,10,,24000.0,100.0,new
AROGRANITE, EQ,2026-10-09,22.75,23.14,21.99,22.34,22.9,22.76,8706,195000.0,173,,4913.0,56.43,new
ARROWGREEN, EQ,2026-10-09,845.1,863.0,822.6,855.65,849.9,847.45,28809,24174000.0,2793,,14017.0,48.65,new
ARSHIYA, BZ,2026-10-09,0.83,0.85,0.83,0.83,0.84,0.82,43238,37000.0,42,,,,new
ARSSBL, EQ,2026-10-09,540.95,548.95,531.05,539.6,540.9,537.55,187035,100904000.0,6961,,93159.0,49.81,new
ARTEMISMED, EQ,2026-10-09,308.25,315.95,308.25,313.2,313.0,308.45,221613,69196000.0,13924,,104060.0,46.96,new
ARTNIRMAN, EQ,2026-10-09,38.0,39.4,37.09,38.9,39.2,38.0,493,19000.0,15,,452.0,91.68,new
ARUNAYA, SM,2026-10-09,13.85,14.25,13.35,13.7,13.55,13.85,10000,139000.0,5,,6000.0,60.0,new
ARVEE, EQ,2026-10-09,208.01,214.99,205.0,207.0,205.0,212.08,3771,786000.0,195,,1815.0,48.13,new
ARVIND, EQ,2026-10-09,512.85,515.15,499.1,509.45,509.4,510.5,611156,309518000.0,31751,,300163.0,49.11,new
ARVINDFASN, EQ,2026-10-09,393.05,406.0,387.55,402.8,405.0,392.1,354592,140740000.0,19973,,181689.0,51.24,new
ARVINDPORT, SM,2026-10-09,30.0,32.5,29.0,32.2,32.45,31.0,18000,570000.0,12,,13500.0,75.0,new
ARVSMART, EQ,2026-10-09,607.05,608.95,591.4,598.2,594.0,608.5,81744,49088000.0,3028,,43019.0,52.63,new
ARYAMAN, EQ,2026-10-09,600.0,624.0,600.0,623.75,622.4,610.0,18,11000.0,9,,17.0,94.44,new
ASAHIINDIA, EQ,2026-10-09,939.75,957.4,932.4,945.95,947.0,938.8,40788,38502000.0,6771,,15631.0,38.32,new
ASAHISONG, BE,2026-10-09,364.1,371.0,355.0,365.05,365.05,364.1,6098,2223000.0,142,,,,new
ASAL, EQ,2026-10-09,401.0,408.8,400.0,405.4,405.4,395.55,9481,3833000.0,770,,5076.0,53.54,new
ASALCBR, EQ,2026-10-09,573.0,587.45,568.0,570.3,574.0,573.2,58160,33299000.0,3246,,36755.0,63.2,new
ASHAPURMIN, EQ,2026-10-09,470.0,478.05,467.15,470.8,471.4,469.35,168370,79603000.0,6605,,73139.0,43.44,new
ASHIANA, EQ,2026-10-09,374.4,374.4,362.95,372.55,372.0,372.25,18749,6933000.0,1118,,8741.0,46.62,new
ASHIKAG, BE,2026-10-09,387.5,387.5,378.05,380.8,381.0,382.55,66437,25309000.0,149,,,,new
ASHIMASYN, EQ,2026-10-09,14.5,14.5,13.91,14.26,14.37,14.08,39164,557000.0,317,,30423.0,77.68,new
ASHOKA, EQ,2026-10-09,101.5,103.25,100.31,102.02,102.19,101.4,519359,52994000.00000001,6578,,190136.0,36.61,new
ASHOKAMET, EQ,2026-10-09,14.6,14.8,14.42,14.44,14.44,14.6,8930,131000.0,200,,8357.0,93.58,new
ASHOKLEY, EQ,2026-10-09,146.0,147.31,143.65,145.06,145.06,145.02,11102691,1618142000.0,63686,,5203188.0,46.86,new
ASHUTOSH, SM,2026-10-09,137.5,143.0,137.0,142.6,142.9,138.95,49200,6929000.000000001,39,,38400.0,78.05,new
ASHWINI, SM,2026-10-09,155.05,155.05,155.0,155.0,155.0,156.3,2000,310000.0,2,,2000.0,100.0,new
ASIANENE, EQ,2026-10-09,455.8,468.7,438.3,450.1,447.0,459.45,308354,139187000.0,12489,,151447.0,49.11,new
ASIANHOTNR, EQ,2026-10-09,330.8,342.3,327.45,334.4,339.0,329.5,15714,5312000.0,255,,13803.0,87.84,new
ASIANPAINT, EQ,2026-10-09,2324.0,2362.9,2322.2,2339.1,2339.1,2311.6,248707,583901000.0,24843,,116114.0,46.69,new
ASIANTILES, EQ,2026-10-09,46.23,46.3,45.31,45.59,45.99,45.79,611984,27931000.0,2573,,264994.0,43.3,new
ASIANTNE, EQ,2026-10-09,8.37,9.05,8.21,8.81,9.0,8.21,36824,322000.0,226,,21002.0,57.03,new
ASKAUTOLTD, EQ,2026-10-09,591.05,598.95,580.1,588.15,591.5,594.6,246190,144968000.0,15865,,107250.0,43.56,new
ASMS, EQ,2026-10-09,5.88,5.98,5.83,5.9,5.93,5.81,83260,492000.0,371,,71175.0,85.49,new
ASPINWALL, EQ,2026-10-09,240.1,245.8,229.75,234.98,230.0,241.52,14733,3536999.9999999995,97,,11517.0,78.17,new
ASPIRE, SM,2026-10-09,14.85,14.9,14.85,14.9,14.9,15.6,48000,714000.0,11,,38000.0,79.17,new
ASSAMENT, EQ,2026-10-09,800.0,828.0,756.0,827.55,827.55,789.55,19,15000.0,6,,18.0,94.74,new
ASTAR, EQ,2026-10-09,641.6,642.0,590.0,604.75,600.0,641.6,350,212000.0,110,,272.0,77.71,new
ASTEC, EQ,2026-10-09,710.1,740.0,700.1,729.3,727.4,714.75,34137,24765000.0,2770,,9877.0,28.93,new
ASTERDM, EQ,2026-10-09,682.0,704.95,675.9,699.85,700.15,677.15,894693,620762000.0,26872,,468650.0,52.38,new
ASTRAL, EQ,2026-10-09,1408.1,1430.9,1405.0,1409.8,1409.8,1408.5,171437,242269999.99999997,22570,,76678.0,44.73,new
ASTRAMICRO, EQ,2026-10-09,1630.8,1668.8,1610.0,1652.9,1648.0,1630.8,311004,509922000.0,20823,,108705.0,34.95,new
ASTRAZEN, EQ,2026-10-09,5720.0,5875.5,5640.0,5837.0,5870.0,5719.5,8979,52141000.0,3088,,4185.0,46.61,new
ASTRON, BZ,2026-10-09,2.76,2.84,2.71,2.82,2.81,2.78,6411,18000.0,50,,,,new
ATALREAL, EQ,2026-10-09,11.64,11.85,11.3,11.34,11.3,11.63,672402,7691000.0,1133,,335864.0,49.95,new
ATAM, EQ,2026-10-09,55.5,55.5,53.65,54.05,54.0,54.91,5656,309000.0,105,,4442.0,78.54,new
ATCENERGY, SM,2026-10-09,20.15,20.75,20.05,20.75,20.75,21.0,10800,219000.0,8,,8400.0,77.78,new
ATGL, EQ,2026-10-09,564.9,572.75,561.55,563.45,563.15,562.2,448293,253639000.0,21876,,106193.0,23.69,new
ATHERENERG, EQ,2026-10-09,1406.0,1438.0,1368.6,1434.4,1434.4,1406.0,3741866,5261238000.0,127902,,1261246.0,33.71,new
ATL, EQ,2026-10-09,25.08,26.5,24.32,26.18,26.2,25.18,274559,7077000.0,3001,,159812.0,58.21,new
ATLANTAA, EQ,2026-10-09,35.11,35.46,34.21,34.7,34.79,35.15,41349,1440000.0,374,,31897.0,77.14,new
ATLANTAELE, EQ,2026-10-09,1840.0,1840.0,1741.1,1769.5,1780.0,1806.6,168656,299477000.0,21324,,69315.0,41.1,new
ATLASCYCLE, EQ,2026-10-09,92.99,93.0,91.21,91.99,92.0,91.53,540,50000.0,51,,437.0,80.93,new
ATLPP, E1,2026-10-09,8.9,9.1,8.9,9.1,9.1,8.78,371,3000.0,4,,371.0,100.0,new
ATMASTCO, SM,2026-10-09,115.0,115.0,107.0,108.25,108.0,114.65,30000,3317000.0,72,,25200.0,84.0,new
ATUL, EQ,2026-10-09,5923.0,5980.5,5860.5,5882.5,5888.5,5923.0,11975,70602000.0,4195,,5976.0,49.9,new
ATULAUTO, EQ,2026-10-09,410.35,418.0,410.0,416.6,417.8,410.35,43607,18035000.0,2092,,21374.0,49.02,new
AUBANK, EQ,2026-10-09,981.8,991.5,975.2,982.0,982.0,975.0,1196069,1175273000.0,24550,,653614.0,54.65,new
AUGMONT, EQ,2026-10-09,1300.0,1337.8,1249.3,1337.8,1337.8,1274.1,629196,824916000.0,19383,,239358.0,38.04,new
AURIONPRO, EQ,2026-10-09,597.95,617.5,597.1,601.6,599.9,596.55,168128,101822000.0,7712,,76640.0,45.58,new
AUROIMPEX, ST,2026-10-09,42.0,42.0,41.8,41.8,41.8,44.0,6400,268000.0,4,,6400.0,100.0,new
AUROPHARMA, EQ,2026-10-09,1645.9,1697.9,1633.0,1693.0,1693.0,1645.0,699038,1174512000.0,34696,,293643.0,42.01,new
AURUM, EQ,2026-10-09,227.0,235.0,226.36,232.77,235.0,227.39,87841,20273000.0,1949,,61463.0,69.97,new
AURUS, EQ,2026-10-09,4.28,4.35,4.07,4.17,4.24,4.29,24148,102000.0,348,,21583.0,89.38,new
AUSL, SM,2026-10-09,23.75,23.75,23.75,23.75,23.75,22.65,2000,48000.0,1,,2000.0,100.0,new
AUSOMENT, EQ,2026-10-09,146.8,151.0,142.5,148.6,150.79,143.29,2657,392000.0,69,,1867.0,70.27,new
AUSTENG, EQ,2026-10-09,152.12,157.8,152.1,153.38,153.0,151.39,691,107000.0,62,,668.0,96.67,new
AUTOAXLES, EQ,2026-10-09,1616.8,1620.7,1596.3,1600.1,1598.3,1608.8,4379,7020999.999999999,726,,3514.0,80.25,new
AUTOBEES, EQ,2026-10-09,255.0,258.78,253.12,257.87,257.87,254.92,192422,49400000.0,2410,,73574.0,38.24,new
AUTOIETF, EQ,2026-10-09,25.62,25.93,25.4,25.85,25.89,25.53,512768,13215000.0,1777,,290015.0,56.56,new
AUTOIND, EQ,2026-10-09,81.8,82.98,78.08,82.11,82.07,80.06,119166,9633000.0,2343,,66320.0,55.65,new
AVADHSUGAR, EQ,2026-10-09,949.0,965.0,925.0,945.75,943.8,939.55,125036,118758999.99999999,8281,,43807.0,35.04,new
AVALON, EQ,2026-10-09,2302.0,2345.0,2250.0,2300.5,2301.0,2302.0,188472,433264000.00000006,24705,,81992.0,43.5,new
AVANA, SM,2026-10-09,138.9,142.0,137.25,141.15,140.05,137.95,18000,2524000.0,9,,10000.0,55.56,new
AVANCE, EQ,2026-10-09,0.79,0.81,0.78,0.78,0.79,0.78,4187069,3322999.9999999995,1071,,2305630.0,55.07,new
AVANTEL, EQ,2026-10-09,146.0,147.1,142.71,143.98,144.0,145.31,740876,107245000.0,9580,,268357.0,36.22,new
AVANTIFEED, EQ,2026-10-09,705.0,710.9,694.25,699.1,699.0,698.65,206443,144778000.0,14271,,76779.0,37.19,new
AVATAR, SM,2026-10-09,187.9,192.6,187.9,192.6,192.6,183.75,4000,761000.0,2,,4000.0,100.0,new
AVG, EQ,2026-10-09,163.15,163.5,157.0,161.89,162.27,161.98,12932,2089000.0,245,,10188.0,78.78,new
AVIANSH, SM,2026-10-09,97.5,99.0,94.0,95.75,99.0,96.2,6000,575000.0,6,,4000.0,66.67,new
AVIENCE, SM,2026-10-09,276.6,279.0,272.35,274.5,273.25,276.6,16800,4644000.0,27,,13200.0,78.57,new
AVL, EQ,2026-10-09,600.0,600.05,575.2,581.05,587.0,604.45,217078,126536999.99999999,20496,,105992.0,48.83,new
AVONMORE, EQ,2026-10-09,12.43,12.88,12.21,12.3,12.3,12.43,55314,682000.0,243,,41876.0,75.71,new
AVPINFRA, SM,2026-10-09,55.5,56.4,54.1,55.5,55.05,53.5,25600,1408000.0,20,,23200.0,90.63,new
AVROIND, EQ,2026-10-09,5.93,6.24,5.34,5.43,5.48,5.87,567299,3186000.0,1601,,336425.0,59.3,new
AVTNPL, EQ,2026-10-09,85.11,100.23,83.1,94.78,95.11,85.45,10258801,986012999.9999999,102878,,636625.0,6.21,new
AWFIS, EQ,2026-10-09,239.84,248.5,236.4,247.03,247.35,238.12,1697677,415139000.00000006,10997,,1402557.0,82.62,new
AWHCL, EQ,2026-10-09,339.95,340.7,332.75,334.05,335.3,339.25,81978,27476000.0,4650,,37589.0,45.85,new
AWL, EQ,2026-10-09,183.95,183.95,180.86,182.18,182.0,182.81,1468028,267607000.00000003,32140,,665624.0,45.34,new
AXIOMGAS, ST,2026-10-09,46.0,46.3,45.9,46.3,46.3,44.1,288000,13326000.0,94,,232000.0,80.56,new
AXISBANK, EQ,2026-10-09,1249.0,1266.0,1240.1,1259.1,1259.1,1245.0,5173548,6513857000.0,100215,,3197330.0,61.8,new
AXISCADES, EQ,2026-10-09,2061.0,2150.3,2027.6,2082.3,2087.0,2077.6,194911,406672000.0,25505,,68445.0,35.12,new
AXITA, EQ,2026-10-09,7.41,7.47,7.36,7.38,7.39,7.41,465760,3440000.0,512,,413935.0,88.87,new
AXTEL, EQ,2026-10-09,432.8,434.9,419.05,420.7,420.0,432.8,6494,2763000.0,640,,3904.0,60.12,new
AYE, EQ,2026-10-09,159.49,160.9,155.84,156.94,157.0,160.79,689022,108652000.0,12728,,258639.0,37.54,new
AYMSYNTEX, EQ,2026-10-09,272.0,275.45,269.4,272.65,271.9,271.75,30772,8369000.0,1169,,19500.0,63.37,new
AZAD, EQ,2026-10-09,2898.0,2950.0,2817.0,2910.2,2924.0,2883.7,495620,1437721000.0,40945,,123243.0,24.87,new
AZADIND, EQ,2026-10-09,82.98,84.99,81.61,82.42,83.1,82.56,42981,3556000.0,1193,,17906.0,41.66,new
BABAFP, SM,2026-10-09,21.3,21.35,20.5,21.35,21.35,21.3,19200,405999.99999999994,8,,16000.0,83.33,new
BAFNAPH, BE,2026-10-09,418.0,418.0,418.0,418.0,418.0,409.85,549,229000.0,8,,,,new
BAGDIGITAL, SM,2026-10-09,111.0,115.0,109.0,111.1,111.6,110.4,331200,37708000.0,72,,268800.0,81.16,new
BAGFILMS, EQ,2026-10-09,4.07,4.1,3.9,4.02,4.03,4.07,63489,254999.99999999997,227,,50954.0,80.26,new
BAGMANE, RR,2026-10-09,106.4,108.7,106.0,106.24,106.25,106.52,483993,51512000.0,9266,,355734.0,73.5,new
BAHETI, SM,2026-10-09,692.05,717.0,692.05,701.1,703.0,693.4,16875,11901000.0,35,,10500.0,62.22,new
BAIDFIN, EQ,2026-10-09,10.36,10.45,10.0,10.12,10.18,10.17,39169,398000.0,137,,29992.0,76.57,new
BAJAJ-AUTO, EQ,2026-10-09,9663.0,9968.0,9645.0,9778.0,9778.0,9637.0,249546,2454721000.0,37283,,114859.0,46.03,new
BAJAJCON, EQ,2026-10-09,493.75,508.8,490.55,506.95,504.5,489.15,551446,277244000.0,19059,,256464.0,46.51,new
BAJAJELEC, EQ,2026-10-09,291.0,300.35,291.0,298.0,297.05,290.05,87536,25927999.999999996,3221,,35741.0,40.83,new
BAJAJFINSV, EQ,2026-10-09,1713.0,1751.0,1711.5,1734.7,1734.7,1708.0,772498,1341432000.0,27893,,407760.0,52.78,new
BAJAJHCARE, EQ,2026-10-09,316.05,326.0,311.1,320.0,323.0,314.85,124154,39755000.0,5093,,55203.0,44.46,new
BAJAJHFL, EQ,2026-10-09,82.15,82.8,81.41,81.51,81.55,82.14,2834991,232285000.0,24564,,1588393.0,56.03,new
BAJAJHIND, EQ,2026-10-09,20.19,20.65,19.84,20.42,20.6,20.04,10391539,210355000.00000003,16066,,2839138.0,27.32,new
BAJAJHLDNG, EQ,2026-10-09,10628.0,10820.0,10596.0,10820.0,10820.0,10600.0,11706,125398000.0,3321,,4872.0,41.62,new
BAJAJINDEF, EQ,2026-10-09,203.8,205.19,197.0,203.47,204.0,199.24,14767,2986000.0,645,,7244.0,49.06,new
BAJAJST, EQ,2026-10-09,331.95,340.0,326.4,333.95,336.0,324.3,6524,2175000.0,409,,4451.0,68.23,new
BAJEL, EQ,2026-10-09,157.6,158.46,154.78,157.26,156.6,156.63,101984,15954000.0,2769,,42453.0,41.63,new
BAJFINANCE, EQ,2026-10-09,951.95,968.0,950.7,960.0,960.0,955.95,7684275,7380892999.999999,93666,,5000255.0,65.07,new
BALAJEE, EQ,2026-10-09,24.0,24.0,23.01,23.6,23.8,23.77,19966,466000.0,282,,13251.0,66.37,new
BALAJIPHOS, SM,2026-10-09,110.0,110.0,110.0,110.0,110.0,106.0,2000,220000.00000000003,2,,2000.0,100.0,new
BALAJITELE, EQ,2026-10-09,87.0,92.0,85.1,91.04,91.0,86.08,499249,45079000.0,5789,,145123.0,29.07,new
BALAMINES, EQ,2026-10-09,2100.0,2130.6,2032.0,2040.8,2049.0,2085.5,173579,359563000.0,19798,,52478.0,30.23,new
BALAXI, EQ,2026-10-09,22.4,22.79,22.09,22.33,22.34,22.09,13772,309000.0,126,,10959.0,79.57,new
BALKRISHNA, EQ,2026-10-09,15.99,16.25,15.6,15.9,15.9,15.73,4123,66000.0,44,,2766.0,67.09,new
BALKRISIND, EQ,2026-10-09,2005.0,2024.0,1983.7,2010.3,2010.0,1996.9,134321,269850000.0,17109,,71109.0,52.94,new
BALMLAWRIE, EQ,2026-10-09,155.95,157.4,154.13,156.98,157.1,156.08,106520,16608000.000000002,3857,,55267.0,51.88,new
BALPHARMA, BE,2026-10-09,94.29,96.0,92.15,93.06,93.2,96.21,17235,1607000.0,147,,,,new
BALRAMCHIN, EQ,2026-10-09,689.4,697.35,675.5,678.15,678.4,689.45,738592,505905000.0,26496,,224520.0,30.4,new
BALUFORGE, EQ,2026-10-09,495.0,498.0,476.2,481.2,482.0,489.45,556624,269429000.0,19479,,226710.0,40.73,new
BANARBEADS, EQ,2026-10-09,111.3,112.29,107.0,108.41,108.2,110.28,1842,202000.0,74,,1534.0,83.28,new
BANARISUG, EQ,2026-10-09,3300.1,3317.1,3205.3,3301.4,3245.5,3300.0,364,1201000.0,107,,273.0,75.0,new
BANCOINDIA, EQ,2026-10-09,590.35,596.95,582.5,590.8,589.0,588.9,41466,24486000.0,4116,,17866.0,43.09,new
BANDHANBNK, EQ,2026-10-09,157.0,161.3,153.79,157.0,157.0,155.54,10436631,1648811000.0,53335,,3475748.0,33.3,new
BANG, EQ,2026-10-09,34.15,34.15,32.21,32.67,32.22,33.7,15052,497000.0,175,,7655.0,50.86,new
BANK10ADD, EQ,2026-10-09,16.19,16.45,16.19,16.41,16.36,16.19,14377,235000.0,58,,12925.0,89.9,new
BANK10BETF, EQ,2026-10-09,19.61,20.3,19.52,19.99,19.97,19.61,1541536,31070000.0,214,,1511716.0,98.07,new
BANKA, EQ,2026-10-09,66.81,69.98,66.81,68.1,68.1,68.35,899,62000.0,24,,419.0,46.61,new
BANKADD, EQ,2026-10-09,56.43,56.8,56.43,56.53,56.69,55.86,813299,45981000.0,140,,802585.0,98.68,new
BANKBARODA, EQ,2026-10-09,234.77,238.25,234.55,235.8,235.8,234.0,3744454,885741000.0,37542,,1623871.0,43.37,new
BANKBEES, EQ,2026-10-09,567.31,574.15,564.95,572.92,572.58,564.48,885539,506571000.0,8693,,579176.0,65.4,new
BANKBETA, EQ,2026-10-09,56.68,57.45,56.56,57.22,57.29,56.37,369030,21120000.0,1920,,333022.0,90.24,new
BANKBETF, EQ,2026-10-09,55.95,56.46,55.68,56.22,56.15,55.41,20663,1160000.0,207,,12281.0,59.43,new
BANKETF, EQ,2026-10-09,558.13,565.63,557.99,564.6,564.35,555.21,21186,11930000.0,356,,9208.0,43.46,new
BANKIETF, EQ,2026-10-09,56.09,56.99,56.09,56.85,56.94,55.99,569394,32339000.0,2159,,486700.0,85.48,new
BANKINDIA, EQ,2026-10-09,133.0,134.9,132.1,134.46,134.46,132.35,7400969,988426000.0,37896,,3175294.0,42.9,new
BANKNIFTY1, EQ,2026-10-09,55.21,57.63,55.21,57.48,57.33,56.63,281981,16160000.0,1247,,172632.0,61.22,new
BANKPSU, EQ,2026-10-09,80.87,82.15,80.87,81.78,81.8,80.87,20947,1711000.0,87,,3608.0,17.22,new
BANSALWIRE, EQ,2026-10-09,314.8,324.25,310.05,315.8,316.95,313.2,64291,20192000.0,2737,,29391.0,45.72,new
BANSWRAS, EQ,2026-10-09,105.0,105.0,102.31,102.48,103.19,102.16,5540,570000.0,189,,4366.0,78.81,new
BARFLEX, SM,2026-10-09,55.45,55.45,50.0,50.0,50.0,53.9,82000,4298000.0,31,,38000.0,46.34,new
BASF, EQ,2026-10-09,3346.8,3374.7,3318.1,3347.4,3349.9,3346.8,12674,42404000.0,2782,,6637.0,52.37,new
BASILIC, SM,2026-10-09,215.15,233.0,210.1,223.8,221.0,212.0,56100,12510000.0,131,,30000.0,53.48,new
BASML, EQ,2026-10-09,20.75,21.75,20.75,21.03,20.99,20.74,77409,1638000.0,303,,55913.0,72.23,new
BATAINDIA, EQ,2026-10-09,604.0,615.2,600.15,613.25,606.1,603.35,89772,54623000.0,6388,,39347.0,43.83,new
BATLIBOI, EQ,2026-10-09,96.9,96.9,91.0,92.28,92.75,93.98,20525,1918000.0,671,,14538.0,70.83,new
BAWEJA, SM,2026-10-09,25.45,26.25,25.45,26.15,26.15,25.85,3200,83000.0,4,,1600.0,50.0,new
BAYERCROP, EQ,2026-10-09,3381.6,3529.0,3370.8,3492.0,3470.0,3381.6,32726,113400000.0,8100,,11849.0,36.21,new
BBETF0432, EQ,2026-10-09,1334.76,1338.0,1334.75,1335.12,1334.75,1337.13,489,653000.0,31,,367.0,75.05,new
BBL, EQ,2026-10-09,2065.2,2199.9,2034.8,2189.0,2190.0,2075.3,60106,128958000.0,10258,,18914.0,31.47,new
BBNPNBETF, EQ,2026-10-09,55.63,55.74,55.61,55.61,55.61,54.8,10,1000.0,5,,7.0,70.0,new
BBNPPGOLD, EQ,2026-10-09,142.3,144.3,142.0,143.95,144.05,141.65,1134,163000.0,67,,770.0,67.9,new
BBOX, EQ,2026-10-09,858.0,935.0,858.0,892.1,887.8,856.55,6686307,6093638000.0,216064,,761381.0,11.39,new
BBTC, EQ,2026-10-09,1225.1,1232.5,1205.5,1222.1,1222.9,1224.6,54764,66870000.00000001,7810,,23148.0,42.27,new
BBTCL, EQ,2026-10-09,229.9,235.0,223.52,227.72,228.1,225.54,10163,2315000.0,204,,2573.0,25.32,new
BCG, EQ,2026-10-09,9.03,9.1,8.95,9.05,9.07,8.99,3958130,35681000.0,4055,,2330105.0,58.87,new
BCLIND, EQ,2026-10-09,29.93,30.58,29.79,30.26,30.12,29.88,451153,13575000.0,3170,,198086.0,43.91,new
BCONCEPTS, EQ,2026-10-09,144.0,146.9,142.0,143.39,142.6,142.47,5186,741000.0,208,,3297.0,63.58,new
BCPL, EQ,2026-10-09,65.0,66.4,64.11,64.53,64.4,64.91,12674,827000.0,244,,6302.0,49.72,new
BDL, EQ,2026-10-09,1056.0,1084.7,1051.6,1075.9,1075.9,1050.5,890171,954351000.0,30731,,309597.0,34.78,new
BEACON, SM,2026-10-09,80.55,85.0,80.55,85.0,85.0,82.9,5000,415000.00000000006,5,,4000.0,80.0,new
BEARDSELL, EQ,2026-10-09,22.19,22.19,21.26,21.5,21.4,21.77,13269,288000.0,147,,12294.0,92.65,new
BECTORFOOD, EQ,2026-10-09,208.0,208.67,204.52,205.41,205.0,205.64,316616,65252000.0,11758,,115454.0,36.46,new
BEDMUTHA, EQ,2026-10-09,108.05,112.0,108.05,109.99,109.0,108.5,2204,244000.0,48,,1871.0,84.89,new
BEEKAY, EQ,2026-10-09,428.1,441.0,418.95,422.25,428.55,421.05,596,252999.99999999997,160,,264.0,44.3,new
BEL, EQ,2026-10-09,367.3,371.4,360.5,368.15,368.15,367.3,17198740,6304959000.0,143069,,11157884.0,64.88,new
BELLACASA, EQ,2026-10-09,248.92,252.77,243.42,251.41,250.0,246.27,2592,647000.0,250,,1345.0,51.89,new
BELRISE, EQ,2026-10-09,236.2,238.38,230.95,234.17,234.85,234.8,1718749,402383000.0,30806,,608937.0,35.43,new
BEML, EQ,2026-10-09,1924.5,1947.0,1875.6,1894.7,1894.7,1911.2,334232,636117000.0,30705,,144350.0,43.19,new
BENARAS, EQ,2026-10-09,10136.0,10250.0,10135.0,10211.0,10200.0,10200.0,292,2970000.0,31,,236.0,80.82,new
BENGALASM, EQ,2026-10-09,5859.5,6056.0,5852.0,5961.5,5984.5,5901.5,331,1959000.0,95,,267.0,80.66,new
BEPL, EQ,2026-10-09,124.0,126.15,120.42,124.89,125.0,123.44,1665384,205529000.0,12985,,626910.0,37.64,new
BERGEPAINT, EQ,2026-10-09,467.3,473.8,461.1,471.9,470.0,467.95,203201,95347000.0,18135,,75756.0,37.28,new
BESTAGRO, EQ,2026-10-09,16.72,17.15,16.62,16.78,16.83,16.88,429934,7243000.000000001,1695,,164902.0,38.36,new
BETA, EQ,2026-10-09,1910.0,1974.0,1703.1,1950.2,1945.0,1898.0,158957,288440000.0,21131,,60901.0,38.31,new
BEWLTD, SM,2026-10-09,56.7,59.3,56.0,58.85,59.3,56.7,24000,1391000.0,28,,23500.0,97.92,new
BFINVEST, EQ,2026-10-09,426.5,430.95,420.0,427.1,428.75,426.0,7047,3015000.0,577,,3733.0,52.97,new
BFSI, EQ,2026-10-09,25.6,26.06,25.6,25.97,25.98,25.6,289225,7516000.0,558,,224207.0,77.52,new
BFUTILITIE, EQ,2026-10-09,474.15,476.05,463.0,469.1,471.0,471.05,42146,19759000.0,3517,,14394.0,34.15,new
BGRENERGY, BE,2026-10-09,269.0,272.43,265.11,272.43,272.43,259.46,105983,28762000.0,627,,,,new
BHADORA, ST,2026-10-09,149.95,154.85,147.0,154.85,154.85,147.5,61200,9193000.0,50,,50400.0,82.35,new
BHAGCHEM, EQ,2026-10-09,222.95,226.0,221.0,222.13,222.5,222.87,150000,33572000.0,1523,,82581.0,55.05,new
BHAGERIA, EQ,2026-10-09,370.0,383.7,358.0,364.9,365.05,367.0,162959,60035000.0,5206,,71860.0,44.1,new
BHAGYANGR, BE,2026-10-09,43.45,43.45,43.45,43.45,43.45,41.4,16567,720000.0,168,,,,new
BHANDARI, EQ,2026-10-09,2.83,2.83,2.76,2.79,2.8,2.76,118052,331000.0,206,,93843.0,79.49,new
BHARATCOAL, EQ,2026-10-09,31.31,31.45,31.0,31.12,31.15,31.31,3235570,100938000.0,14515,,1313564.0,40.6,new
BHARATFORG, EQ,2026-10-09,1791.0,1818.8,1773.2,1816.9,1816.9,1790.6,403807,728603000.0,35996,,172738.0,42.78,new
BHARATGEAR, BE,2026-10-09,105.05,108.0,102.0,105.13,106.0,105.73,23610,2450000.0,171,,,,new
BHARATRAS, EQ,2026-10-09,970.0,975.0,958.1,964.7,960.9,966.8,13672,13168000.0,1423,,7874.0,57.59,new
BHARATSE, EQ,2026-10-09,200.95,228.61,197.29,210.18,211.0,200.84,2421267,523293999.99999994,41173,,155399.0,6.42,new
BHARATWIRE, EQ,2026-10-09,166.0,172.51,165.19,167.78,166.8,165.73,141715,23948000.0,3284,,53515.0,37.76,new
BHARTIARTL, EQ,2026-10-09,1804.6,1820.0,1801.4,1805.1,1805.1,1804.6,3362523,6080146000.0,107437,,2148813.0,63.9,new
BHARTIHEXA, EQ,2026-10-09,1490.0,1534.9,1485.3,1531.9,1532.0,1500.7,101028,153830000.0,13479,,40442.0,40.03,new
BHEL, EQ,2026-10-09,433.6,438.7,420.65,433.6,433.6,429.6,11017851,4756355000.0,75717,,4002834.0,36.33,new
BI, BE,2026-10-09,94.72,94.72,94.69,94.72,94.72,92.87,8635,818000.0,27,,,,new
BIGBLOC, EQ,2026-10-09,35.8,36.7,34.1,35.46,35.97,34.63,57654,2046000.0,928,,30742.0,53.32,new
BIKAJI, EQ,2026-10-09,468.65,476.9,464.5,472.05,472.7,468.65,120318,56461000.0,11327,,54101.0,44.97,new
BIKEWO, ST,2026-10-09,127.95,128.05,127.95,128.05,128.05,128.0,36000,4608000.0,13,,36000.0,100.0,new
BIL, EQ,2026-10-09,1048.0,1078.55,1036.05,1042.1,1049.0,1048.55,8461,8909000.0,629,,5470.0,64.65,new
BILVYAPAR, BE,2026-10-09,4.25,4.35,4.18,4.35,4.35,4.15,21236,91000.0,39,,,,new
BIMETAL, EQ,2026-10-09,638.0,650.5,626.0,627.8,626.0,638.0,257,163000.0,18,,166.0,64.59,new
BIOCON, EQ,2026-10-09,349.55,351.0,343.95,349.4,349.4,350.0,1890577,656876000.0,24246,,952811.0,50.4,new
BIOFILCHEM, EQ,2026-10-09,29.52,30.75,29.16,30.15,30.39,29.52,5201,157000.0,77,,4781.0,91.92,new
BIOPOL, SM,2026-10-09,49.5,52.0,49.5,52.0,52.0,49.9,3600,184000.0,3,,3600.0,100.0,new
BIRET, RR,2026-10-09,323.49,327.77,323.02,325.33,325.31,323.16,174831,56919000.00000001,5885,,129723.0,74.2,new
BIRLACABLE, EQ,2026-10-09,369.0,385.2,357.75,385.2,385.2,366.9,381833,145278000.0,7180,,202457.0,53.02,new
BIRLACORPN, EQ,2026-10-09,814.0,824.0,793.65,817.3,811.1,794.85,51817,42047000.0,5078,,26552.0,51.24,new
BIRLAMONEY, EQ,2026-10-09,113.14,116.59,110.15,115.34,115.13,113.14,18195,2082999.9999999998,800,,8556.0,47.02,new
BIRLANU, EQ,2026-10-09,1288.0,1316.0,1260.1,1308.1,1315.5,1284.7,8717,11253000.0,1528,,4709.0,54.02,new
BIRLAPREC, BE,2026-10-09,55.9,56.8,54.55,55.2,55.49,56.17,37047,2052000.0,505,,,,new
BLACKBUCK, EQ,2026-10-09,589.4,599.0,585.75,592.05,592.6,587.6,165708,97907000.0,8372,,59506.0,35.91,new
BLACKROSE, EQ,2026-10-09,109.22,110.9,106.45,107.3,107.25,107.27,12558,1353000.0,276,,8620.0,68.64,new
BLAL, EQ,2026-10-09,156.27,158.57,152.01,157.25,157.5,156.16,17032,2642000.0,607,,10194.0,59.85,new
BLBLIMITED, EQ,2026-10-09,16.69,17.0,16.6,16.72,16.85,16.69,61609,1036999.9999999999,382,,46973.0,76.24,new
BLEL, EQ,2026-10-09,488.5,502.6,471.4,495.6,494.6,486.95,880475,430896000.0,36623,,185740.0,21.1,new
BLIL, EQ,2026-10-09,64.92,65.68,64.31,64.56,64.51,64.92,53991,3494000.0,1982,,40234.0,74.52,new
BLISSGVS, BE,2026-10-09,667.1,667.1,634.35,655.95,660.0,667.7,158247,103153000.0,2208,,,,new
BLKASHYAP, EQ,2026-10-09,52.14,57.24,50.48,55.27,55.4,52.14,1149698,62421000.0,7788,,343743.0,29.9,new
BLS, EQ,2026-10-09,216.2,218.28,213.74,216.23,216.0,215.08,401006,86893000.0,10841,,169550.0,42.28,new
BLSE, EQ,2026-10-09,157.55,158.9,147.55,149.35,148.25,157.55,1192487,181516000.0,13067,,597837.0,50.13,new
BLUECLOUDS, EQ,2026-10-09,20.04,20.14,19.26,19.86,19.85,19.96,4438466,87539000.0,12354,,1613254.0,36.35,new
BLUECOAST, EQ,2026-10-09,22.0,22.6,20.0,21.27,21.54,20.63,956,21000.0,24,,922.0,96.44,new
BLUEDART, EQ,2026-10-09,4556.1,4586.1,4481.2,4560.4,4560.0,4557.0,46400,211269999.99999997,8476,,31404.0,67.68,new
BLUEJET, EQ,2026-10-09,518.55,527.9,512.5,514.6,514.0,518.55,190639,98734000.0,11220,,96910.0,50.83,new
BLUESTARCO, EQ,2026-10-09,1539.9,1589.0,1534.6,1574.0,1574.0,1519.0,545619,855760000.0,30111,,180068.0,33.0,new
BLUESTONE, EQ,2026-10-09,806.0,829.75,794.05,817.65,814.6,799.25,702082,574594000.0,28331,,244928.0,34.89,new
BLUEWATER, ST,2026-10-09,544.95,547.0,496.15,524.8,547.0,522.25,36000,18194000.0,33,,28000.0,77.78,new
BLUSPRING, EQ,2026-10-09,136.3,153.0,136.3,146.96,144.0,135.79,1090575,158709000.0,14450,,271521.0,24.9,new
BMETRICS, SM,2026-10-09,35.05,35.05,35.0,35.0,35.0,35.05,4800,168000.0,4,,4800.0,100.0,new
BMISL, ST,2026-10-09,133.8,139.1,133.0,139.1,139.1,132.5,117600,16172999.999999998,80,,115200.0,97.96,new
BMLL, SM,2026-10-09,155.0,157.45,153.0,153.0,153.0,155.0,3000,465000.00000000006,3,,2000.0,66.67,new
BMWVENTLTD, EQ,2026-10-09,50.01,59.66,50.01,57.95,59.45,49.72,1739109,97558000.0,11902,,845465.0,48.61,new
BNAGROCHEM, EQ,2026-10-09,209.65,210.5,179.46,179.56,179.46,199.39,7307,1370000.0,227,,6204.0,84.9,new
BNKETFAXIS, EQ,2026-10-09,568.99,571.57,568.51,570.92,571.1,561.85,6143,3497999.9999999995,571,,5986.0,97.44,new
BODALCHEM, BE,2026-10-09,177.99,179.9,166.21,172.59,173.0,174.95,487569,83247000.0,2801,,,,new
BOHRAIND, EQ,2026-10-09,14.6,14.6,14.26,14.37,14.45,14.23,833,12000.0,10,,682.0,81.87,new
BOMDYEING, EQ,2026-10-09,98.46,99.59,95.4,97.11,96.91,97.73,627287,60903000.0,7944,,236028.0,37.63,new
BONLON, EQ,2026-10-09,39.0,40.92,39.0,39.98,39.98,39.33,3997,159000.0,63,,3256.0,81.46,new
BORANA, EQ,2026-10-09,256.55,261.95,249.25,258.2,259.3,259.8,26971,6934000.0,1018,,11949.0,44.3,new
BOROLTD, EQ,2026-10-09,269.75,276.0,268.6,270.2,271.95,269.15,97998,26618000.0,4127,,38613.0,39.4,new
BORORENEW, EQ,2026-10-09,430.1,436.8,425.65,430.4,433.0,430.1,158004,68179000.0,10532,,68504.0,43.36,new
BOROSCI, EQ,2026-10-09,108.88,111.85,105.64,107.27,108.49,108.11,80719,8696000.0,2277,,27634.0,34.23,new
BOSCH-HCIL, EQ,2026-10-09,1943.8,1997.0,1937.2,1980.2,1975.0,1943.8,51134,100898000.0,6680,,21341.0,41.74,new
BOSCHLTD, EQ,2026-10-09,43155.0,43585.0,42675.0,43545.0,43545.0,43155.0,27986,1211016000.0,13260,,10947.0,39.12,new
BOSS, ST,2026-10-09,55.95,55.95,55.95,55.95,55.95,56.9,4000,224000.00000000003,2,,4000.0,100.0,new
BPCL, EQ,2026-10-09,287.9,289.4,283.75,287.8,287.8,286.25,2382763,682180000.0,26906,,1053812.0,44.23,new
BPL, EQ,2026-10-09,42.25,43.39,42.05,42.21,42.15,42.5,22336,950000.0,743,,14406.0,64.5,new
BPLPHARMA, EQ,2026-10-09,1909.9,1950.0,1830.2,1864.0,1852.0,1892.8,10131,19224000.0,1207,,6815.0,67.27,new
BRACEPORT, SM,2026-10-09,64.45,65.4,64.0,64.0,64.0,62.05,9600,620000.0,6,,8000.0,83.33,new
BRAHMINFRA, EQ,2026-10-09,143.23,149.9,139.21,142.72,141.05,140.49,28164,4092000.0,634,,11774.0,41.81,new
BRANDMAN, SM,2026-10-09,173.3,188.0,173.3,186.05,184.0,169.1,24000,4338000.0,29,,24000.0,100.0,new
BRIGADE, EQ,2026-10-09,550.0,552.85,543.85,548.8,545.0,547.2,160130,87815000.0,12324,,84448.0,52.74,new
BRIGHOTEL, EQ,2026-10-09,56.0,56.56,54.6,55.48,55.7,55.6,51234,2840000.0,2353,,34170.0,66.69,new
BRIGHTBR, EQ,2026-10-09,229.0,241.95,221.15,222.4,221.55,228.0,325,73000.0,23,,212.0,65.23,new
BRITANNIA, EQ,2026-10-09,4769.8,4856.0,4760.1,4825.0,4825.0,4745.6,106346,512922999.99999994,16337,,53048.0,49.88,new
BRNL, EQ,2026-10-09,15.25,15.82,15.25,15.45,15.36,15.6,26396,407000.0,283,,19896.0,75.38,new
BROOKS, EQ,2026-10-09,74.9,75.6,69.31,70.13,69.8,69.46,1060555,77630000.0,9941,,286756.0,27.04,new
BSE, EQ,2026-10-09,3330.0,3348.8,3262.8,3287.2,3287.2,3334.8,3243473,10706369000.0,138810,,995661.0,30.7,new
BSE500IETF, EQ,2026-10-09,37.41,37.41,35.77,37.06,37.12,36.5,594335,22009000.0,1178,,434964.0,73.18,new
BSHSL, EQ,2026-10-09,83.95,84.3,79.2,83.58,84.3,78.36,13998,1154000.0,224,,10370.0,74.08,new
BSL, EQ,2026-10-09,119.99,123.99,119.5,121.33,122.99,119.57,4083,494000.00000000006,217,,3465.0,84.86,new
BSLGOLDETF, EQ,2026-10-09,129.26,130.75,129.26,130.37,130.58,128.62,332692,43357000.0,1394,,283449.0,85.2,new
BSLNIFTY, EQ,2026-10-09,25.8,26.77,25.8,26.5,26.52,26.15,1036800,27447000.000000004,3699,,747267.0,72.07,new
BSLSENETFG, EQ,2026-10-09,73.0,73.36,72.46,73.36,73.36,72.28,896,65000.0,84,,617.0,68.86,new
BSOFT, EQ,2026-10-09,273.95,288.7,273.95,285.3,286.45,271.8,3547369,1008026000.0,63670,,931956.0,26.27,new
BTML, EQ,2026-10-09,6.99,7.17,6.8,7.02,7.14,6.88,277386,1929000.0,322,,217235.0,78.32,new
BTTL, BE,2026-10-09,37.1,39.4,37.1,38.42,38.42,39.0,1509,57999.99999999999,49,,,,new
BUILDPRO, EQ,2026-10-09,247.5,249.0,241.1,246.5,247.5,250.2,178792,43970000.0,4033,,92587.0,51.78,new
BULKCORP, ST,2026-10-09,79.95,79.95,79.3,79.3,79.3,79.1,13200,1051000.0,11,,13200.0,100.0,new
BURNPUR, BE,2026-10-09,13.45,13.66,13.14,13.5,13.64,13.66,16740,225000.0,302,,,,new
BUTTERFLY, EQ,2026-10-09,538.3,547.0,533.05,542.45,547.0,538.3,5520,2973000.0,708,,2920.0,52.9,new
BVCL, EQ,2026-10-09,40.6,40.99,39.5,40.15,40.1,41.15,14547,591000.0,145,,8602.0,59.13,new
BYKE, EQ,2026-10-09,30.0,30.4,29.05,29.88,29.87,29.5,64814,1945000.0,211,,52574.0,81.12,new
C2C, SM,2026-10-09,177.15,180.0,169.05,173.65,173.0,175.2,53550,9286000.0,279,,29100.0,54.34,new
CALSOFT, BE,2026-10-09,33.16,34.04,32.54,32.63,32.54,34.25,195913,6450000.0,835,,,,new
CAMLINFINE, EQ,2026-10-09,89.34,90.5,88.16,89.98,90.06,88.84,381235,34065000.0,4621,,195143.0,51.19,new
CAMPUS, EQ,2026-10-09,199.0,200.0,195.78,197.0,197.94,199.0,517804,102045000.0,11546,,225725.0,43.59,new
CAMS, EQ,2026-10-09,665.05,675.0,660.8,672.5,672.5,662.5,1069377,715244000.0,34085,,530081.0,49.57,new
CANARYS, SM,2026-10-09,27.0,27.15,27.0,27.0,27.0,27.0,12000,325000.0,3,,8000.0,66.67,new
CANBK, EQ,2026-10-09,117.99,119.95,117.38,119.59,119.59,117.35,9660573,1151032000.0,55745,,3694121.0,38.24,new
CANFINHOME, EQ,2026-10-09,722.7,729.6,716.45,718.15,718.95,723.75,117601,84907000.0,7956,,59133.0,50.28,new
CANHLIFE, EQ,2026-10-09,143.77,143.87,138.51,139.22,138.7,145.56,824787,116305000.0,16464,,286125.0,34.69,new
CANTABIL, EQ,2026-10-09,234.0,239.84,230.6,238.23,238.2,232.76,169058,39918000.0,3300,,55227.0,32.67,new
CAPACITE, EQ,2026-10-09,177.36,179.83,171.35,172.56,172.76,177.19,398001,69822000.0,6123,,251738.0,63.25,new
CAPILLARY, EQ,2026-10-09,559.9,568.7,551.0,566.65,567.5,553.8,116005,65263000.0,5955,,39336.0,33.91,new
CAPINVIT, IV,2026-10-09,77.36,77.36,76.4,76.69,76.72,76.66,1083324,82893000.0,1523,,1059971.0,97.84,new
CAPITALSFB, EQ,2026-10-09,272.0,275.95,264.05,269.2,269.5,268.95,12269,3288000.0000000005,724,,6781.0,55.27,new
CAPLIPOINT, EQ,2026-10-09,2541.0,2576.4,2431.1,2460.8,2455.0,2548.8,188948,468395000.0,28756,,82155.0,43.48,new
CAPTRUST, BE,2026-10-09,22.62,23.54,22.62,23.54,23.54,23.08,54035,1265000.0,65,,,,new
CARBORUNIV, EQ,2026-10-09,1205.0,1225.7,1182.4,1202.6,1198.1,1209.4,171054,205705000.00000003,23381,,72101.0,42.15,new
CARERATING, EQ,2026-10-09,1533.3,1557.5,1520.0,1544.2,1543.0,1542.3,21706,33480000.0,4593,,12436.0,57.29,new
CARRARO, EQ,2026-10-09,509.8,514.4,503.15,508.5,506.0,509.8,62989,32073000.0,4272,,28617.0,45.43,new
CARTRADE, EQ,2026-10-09,2840.0,2967.0,2814.6,2951.0,2931.1,2837.9,261153,760453000.0,30626,,137204.0,52.54,new
CARYSIL, EQ,2026-10-09,1011.2,1027.0,998.0,1021.3,1027.0,1011.8,54669,55279999.99999999,5439,,26164.0,47.86,new
CASHIETF, EQ,2026-10-09,1083.0,1083.32,1083.0,1083.3,1083.32,1082.84,950683,1029875000.0,129,,934034.0,98.25,new
CASTROLIND, EQ,2026-10-09,195.7,197.19,193.59,194.67,194.3,196.08,1859242,362666000.0,23701,,1092779.0,58.78,new
CCAVENUE, EQ,2026-10-09,15.05,15.2,14.86,14.9,14.9,15.02,10475038,157109000.0,12554,,5230192.0,49.93,new
CCCL, EQ,2026-10-09,13.08,13.08,12.65,12.78,12.72,12.79,69818,894000.0,335,,47729.0,68.36,new
CCHHL, EQ,2026-10-09,12.49,13.5,12.2,13.05,12.8,12.3,21857,281000.0,130,,15014.0,68.69,new
CCL, EQ,2026-10-09,1050.9,1061.5,1046.5,1051.5,1050.0,1050.6,70120,73946000.0,8005,,34396.0,49.05,new
CDSL, EQ,2026-10-09,1255.0,1268.0,1244.2,1260.0,1260.0,1258.0,716634,902153000.0000001,27544,,175923.0,24.55,new
CEATLTD, EQ,2026-10-09,3231.1,3281.0,3196.1,3262.3,3257.0,3226.2,27040,87824000.0,8273,,10501.0,38.84,new
CEDAAR, SM,2026-10-09,13.9,13.95,13.9,13.95,13.95,12.7,23000,321000.0,23,,22000.0,95.65,new
CEIGALL, EQ,2026-10-09,374.1,376.05,362.75,369.0,369.3,374.1,373117,137397000.0,8196,,180045.0,48.25,new
CEINSYS, EQ,2026-10-09,673.8,673.8,653.55,656.15,657.0,666.45,44419,29338000.0,2966,,24675.0,55.55,new
CELEBRITY, EQ,2026-10-09,5.82,6.29,5.82,6.08,6.17,6.0,10699,64000.0,99,,7813.0,73.03,new
CELLECOR, SM,2026-10-09,28.55,29.25,27.6,29.0,29.0,28.55,249000,7073999.999999999,56,,147000.0,59.04,new
CELLO, EQ,2026-10-09,374.0,379.3,363.15,364.95,363.15,375.7,877132,325733000.0,29924,,221851.0,25.29,new
CELLPOINT, SM,2026-10-09,15.95,15.95,14.55,15.55,15.55,16.2,3600,55000.00000000001,3,,2400.0,66.67,new
CEMNTGROWW, EQ,2026-10-09,13.24,13.39,13.18,13.33,13.36,13.24,29386,390000.0,232,,25066.0,85.3,new
CEMPRO, EQ,2026-10-09,1150.0,1158.4,1122.1,1125.1,1125.7,1140.8,160149,181454000.0,17393,,73642.0,45.98,new
CENTENKA, EQ,2026-10-09,555.0,562.0,546.25,559.2,561.9,555.55,24789,13711000.000000002,3178,,12522.0,50.51,new
CENTEXT, EQ,2026-10-09,18.99,18.99,17.66,17.87,17.88,18.6,139958,2526000.0,975,,102160.0,72.99,new
CENTRALBK, EQ,2026-10-09,30.06,30.24,29.82,30.1,30.19,29.99,3006590,90393000.0,9359,,1251767.0,41.63,new
CENTRUM, EQ,2026-10-09,19.94,19.94,19.32,19.58,19.69,19.44,132209,2586000.0,382,,82030.0,62.05,new
CENTUM, EQ,2026-10-09,4230.0,4275.0,4045.2,4076.7,4061.0,4142.1,66326,275263000.0,12231,,23572.0,35.54,new
CENTURYPLY, EQ,2026-10-09,654.15,668.35,654.15,665.7,667.0,659.85,26451,17561000.0,4355,,14535.0,54.95,new
CERA, EQ,2026-10-09,4960.0,5024.5,4925.0,5002.5,5024.5,4949.5,3249,16178000.0,1439,,1604.0,49.37,new
CESC, EQ,2026-10-09,129.96,133.9,128.59,133.23,133.2,128.73,2196217,288862000.0,32080,,1234303.0,56.2,new
CEWATER, EQ,2026-10-09,266.9,266.9,254.0,257.95,256.6,254.8,26481,6816000.0,1412,,9490.0,35.84,new
CFEL, BE,2026-10-09,44.0,44.9,41.92,43.8,43.99,44.0,5445,234000.0,61,,,,new
CGCL, EQ,2026-10-09,242.1,246.5,240.42,241.82,241.5,241.54,2783867,674623000.0,19325,,1710873.0,61.46,new
CGPOWER, EQ,2026-10-09,862.05,865.7,840.15,855.55,855.55,862.05,2308023,1972853000.0,54558,,961541.0,41.66,new
CGRAPHICS, SM,2026-10-09,151.0,155.85,150.9,155.45,155.85,150.9,12800,1973000.0,16,,6400.0,50.0,new
CGVAK, EQ,2026-10-09,140.45,140.45,130.0,130.51,131.0,137.73,5105,673000.0,239,,3477.0,68.11,new
CHALET, EQ,2026-10-09,823.9,830.25,815.0,820.9,815.15,825.55,89647,73716000.0,11455,,47095.0,52.53,new
CHAMBLFERT, EQ,2026-10-09,379.0,381.9,371.25,374.3,375.0,378.65,943228,353172000.0,37607,,486727.0,51.6,new
CHANDAN, SM,2026-10-09,237.0,238.5,235.0,235.0,235.0,237.5,10400,2469000.0,13,,8800.0,84.62,new
CHAVDA, ST,2026-10-09,55.25,55.25,53.25,54.85,54.85,55.5,20000,1093000.0,5,,18000.0,90.0,new
CHEMBOND, EQ,2026-10-09,185.3,208.0,180.1,189.25,191.9,181.76,36710,7225000.0,1490,,7347.0,20.01,new
CHEMBONDCH, BE,2026-10-09,223.4,225.3,215.5,220.86,225.24,219.31,4195,921000.0000000001,110,,,,new
CHEMCON, EQ,2026-10-09,217.2,217.2,209.76,212.05,211.7,215.12,43228,9154000.0,972,,29286.0,67.75,new
CHEMCRUX, EQ,2026-10-09,83.71,85.95,80.6,83.74,82.94,86.03,8053,671000.0,179,,5802.0,72.05,new
CHEMFAB, EQ,2026-10-09,325.0,351.8,316.8,332.3,331.0,327.6,4832,1620000.0,455,,3320.0,68.71,new
CHEMICAL, EQ,2026-10-09,28.74,28.74,27.87,28.12,28.19,28.04,124286,3488000.0000000005,1024,,66834.0,53.77,new
CHEMPLASTS, EQ,2026-10-09,212.95,216.69,208.28,214.68,215.25,212.38,293756,62254000.0,6067,,117009.0,39.83,new
CHENNPETRO, EQ,2026-10-09,1531.0,1547.7,1477.0,1487.7,1487.4,1531.0,1737905,2606892000.0,76376,,324589.0,18.68,new
CHETANA, SM,2026-10-09,37.0,37.45,35.2,35.2,35.2,37.05,41600,1479000.0,24,,30400.0,73.08,new
CHEVIOT, EQ,2026-10-09,1137.8,1149.3,1127.1,1136.0,1132.1,1138.0,1055,1197000.0,108,,991.0,93.93,new
CHOICEGOLD, EQ,2026-10-09,146.0,147.91,145.4,147.08,147.0,145.09,6608,972000.0000000001,83,,5284.0,79.96,new
CHOICEIN, EQ,2026-10-09,711.95,723.2,707.3,713.1,712.7,710.65,213032,152570000.0,7352,,93044.0,43.68,new
CHOLAFIN, EQ,2026-10-09,1547.0,1597.4,1543.5,1587.6,1587.6,1544.0,1660199,2624585000.0,58254,,939544.0,56.59,new
CHOLAHLDNG, EQ,2026-10-09,1375.0,1404.4,1357.7,1400.4,1403.8,1370.4,74624,103300000.0,11858,,30879.0,41.38,new
CIEINDIA, EQ,2026-10-09,374.65,374.65,368.3,370.75,369.1,371.65,126837,47116000.0,9877,,52510.0,41.4,new
CIFL, EQ,2026-10-09,20.58,20.58,19.3,20.07,19.6,20.17,169220,3393000.0,700,,94915.0,56.09,new
CINELINE, EQ,2026-10-09,91.88,91.9,89.15,91.53,91.5,90.75,15503,1410000.0,217,,13230.0,85.34,new
CINEVISTA, EQ,2026-10-09,14.89,14.89,14.11,14.39,14.4,14.6,18848,271000.0,121,,14692.0,77.95,new
CIPLA, EQ,2026-10-09,1310.5,1316.4,1295.3,1301.0,1301.0,1306.8,653621,854137000.0000001,24331,,381427.0,58.36,new
CITIUSINVT, IV,2026-10-09,115.3,115.99,113.61,115.12,115.2,114.88,55333,6368000.0,188,,52717.0,95.27,new
CKKRETAIL, SM,2026-10-09,172.0,172.0,172.0,172.0,172.0,168.0,800,138000.0,1,,800.0,100.0,new
CLAYCRAFT, SM,2026-10-09,165.0,165.0,157.15,161.0,161.0,161.3,23400,3775000.0,34,,18000.0,76.92,new
CLEAN, EQ,2026-10-09,799.35,805.6,790.15,794.4,793.0,796.8,149138,118634999.99999999,16758,,63661.0,42.69,new
CLEANMAX, EQ,2026-10-09,1351.9,1358.0,1313.8,1323.0,1325.1,1348.3,162994,217660000.0,24921,,75097.0,46.07,new
CLEDUCATE, EQ,2026-10-09,48.28,51.8,48.05,50.95,51.79,49.84,4335,216000.0,130,,3944.0,90.98,new
CLSEL, EQ,2026-10-09,289.25,293.8,284.0,287.4,286.45,289.25,34016,9779000.0,1560,,15307.0,45.0,new
CLSL, ST,2026-10-09,56.05,56.05,56.0,56.0,56.0,57.95,8000,448000.00000000006,4,,8000.0,100.0,new
CMLL, EQ,2026-10-09,515.15,533.2,508.1,529.25,528.55,515.15,274876,143198000.0,6278,,147022.0,53.49,new
CMNL, SM,2026-10-09,119.35,121.0,114.0,114.0,114.0,119.35,6000,703000.0,4,,6000.0,100.0,new
CMPDI, EQ,2026-10-09,207.0,209.5,203.71,206.18,206.5,206.65,603338,124523000.0,13140,,241960.0,40.1,new
CMRGREEN, EQ,2026-10-09,218.01,219.85,215.2,216.94,216.69,217.22,208863,45245000.0,5182,,115038.0,55.08,new
CMSINFO, EQ,2026-10-09,215.32,216.05,210.5,213.85,213.79,214.35,544126,116022000.0,11604,,294831.0,54.18,new
CNL, EQ,2026-10-09,1054.9,1081.3,1026.6,1041.8,1030.0,1060.2,20057,21018000.0,1230,,14092.0,70.26,new
COALINDIA, EQ,2026-10-09,408.45,412.25,404.5,411.55,411.55,409.35,4000746,1641855000.0,50379,,2144884.0,53.61,new
COASTCORP, EQ,2026-10-09,34.35,36.99,33.81,36.33,36.55,34.25,93354,3310000.0,1111,,56178.0,60.18,new
COCHINSHIP, EQ,2026-10-09,1214.9,1257.0,1213.0,1230.0,1230.0,1200.0,2284003,2816970000.0,57448,,863357.0,37.8,new
COCKERILL, EQ,2026-10-09,7800.0,7804.5,7675.0,7730.0,7750.0,7727.5,2936,22667000.0,845,,1459.0,49.69,new
COFFEEDAY, EQ,2026-10-09,31.49,31.49,30.47,30.81,30.78,30.53,1223292,37883000.0,2807,,771164.0,63.04,new
COFORGE, EQ,2026-10-09,1839.3,1884.1,1839.0,1867.9,1867.9,1814.3,2303224,4292273000.0000005,80684,,827702.0,35.94,new
COHANCE, EQ,2026-10-09,444.9,445.3,434.25,441.0,442.8,442.4,460250,202603000.0,23473,,216345.0,47.01,new
COLPAL, EQ,2026-10-09,1736.2,1868.9,1736.2,1817.8,1817.8,1735.7,3596661,6617284000.0,143662,,1034751.0,28.77,new
COMFINTE, EQ,2026-10-09,6.38,6.38,6.14,6.19,6.22,6.23,83336,520000.0,290,,55788.0,66.94,new
COMMOIETF, EQ,2026-10-09,90.32,91.31,90.08,91.14,91.1,90.32,58014,5273000.0,1530,,29853.0,51.46,new
COMPEAU, EQ,2026-10-09,355.55,356.0,340.15,347.4,355.85,362.0,131,46000.0,18,,129.0,98.47,new
COMPINFO, BZ,2026-10-09,1.09,1.09,1.06,1.07,1.07,1.06,11623,13000.0,21,,,,new
COMPUSOFT, EQ,2026-10-09,12.76,13.0,12.7,12.79,12.72,12.9,28218,360000.0,198,,24756.0,87.73,new
COMSYN, EQ,2026-10-09,255.5,263.45,252.7,261.15,259.55,256.5,137457,35485000.0,4386,,56877.0,41.38,new
CONCOR, EQ,2026-10-09,435.05,446.65,434.3,442.0,442.0,434.0,493953,217928000.00000003,14077,,135941.0,27.52,new
CONCORDBIO, EQ,2026-10-09,1336.0,1370.0,1326.0,1361.4,1360.0,1330.8,128354,173504000.0,18641,,55359.0,43.13,new
CONFIPET, EQ,2026-10-09,85.75,86.25,83.5,83.67,83.8,84.9,2054817,173696000.0,19085,,889189.0,43.27,new
CONNPLEX, SM,2026-10-09,250.0,250.0,243.3,243.3,243.3,245.0,10400,2564000.0,10,,10400.0,100.0,new
CONS, EQ,2026-10-09,11.13,11.26,11.13,11.26,11.26,11.09,5610,63000.0,107,,5341.0,95.2,new
CONSOFINVT, BE,2026-10-09,280.65,290.0,280.0,285.65,283.0,282.05,4219,1207000.0,35,,,,new
CONSUMAXIS, EQ,2026-10-09,111.65,112.71,111.65,112.45,112.45,111.01,509,56999.99999999999,17,,256.0,50.29,new
CONSUMBEES, EQ,2026-10-09,121.38,122.26,120.01,121.95,122.26,120.01,103571,12604000.0,690,,49268.0,47.57,new
CONSUMER, EQ,2026-10-09,11.21,11.21,10.97,11.09,11.1,10.99,150572,1671000.0,228,,130186.0,86.46,new
CONSUMIETF, EQ,2026-10-09,111.69,113.55,111.69,113.44,113.55,111.67,4569,516000.0,127,,2984.0,65.31,new
CONTI, SM,2026-10-09,11.25,11.25,10.25,10.25,10.25,10.75,6666,72000.0,2,,6666.0,100.0,new
CONTROLPR, EQ,2026-10-09,618.0,625.0,605.0,611.35,615.5,613.4,17301,10645000.0,1389,,11179.0,64.61,new
COOLCAPS, SM,2026-10-09,20.6,20.7,20.45,20.45,20.45,20.9,17500,360000.0,14,,15000.0,85.71,new
CORALFINAC, EQ,2026-10-09,30.8,31.4,30.05,30.73,31.25,30.26,21430,658000.0,120,,10603.0,49.48,new
CORDELIA, EQ,2026-10-09,104.5,106.5,100.21,100.98,102.23,102.9,2341280,239440000.0,15459,,1498990.0,64.02,new
CORDSCABLE, BE,2026-10-09,301.35,304.5,286.25,287.2,287.5,301.3,63517,18388000.0,942,,,,new
COREIN, ST,2026-10-09,100.2,100.2,100.0,100.2,100.2,95.45,38400,3847000.0,19,,38400.0,100.0,new
COROMANDEL, EQ,2026-10-09,1673.0,1709.0,1651.1,1703.4,1700.3,1673.7,229839,388479000.0,27860,,112324.0,48.87,new
CORONA, EQ,2026-10-09,2000.0,2039.0,1960.0,2024.0,2025.0,1993.5,13287,26650000.0,4116,,6123.0,46.08,new
COSMOFIRST, EQ,2026-10-09,812.7,818.0,792.25,813.05,813.0,812.7,26057,21030000.0,3144,,11818.0,45.35,new
COUNCODOS, BE,2026-10-09,6.27,6.41,6.2,6.39,6.39,6.31,79391,503000.0,227,,,,new
CPCAP, EQ,2026-10-09,156.0,156.0,145.7,146.39,146.15,152.17,61197,9188000.0,1300,,37855.0,61.86,new
CPEDU, EQ,2026-10-09,180.0,184.52,180.0,183.95,183.95,178.82,1289,234000.0,24,,1067.0,82.78,new
CPL, EQ,2026-10-09,60.78,61.5,59.28,61.04,61.13,60.06,27033,1632000.0,232,,21460.0,79.38,new
CPPLUS, EQ,2026-10-09,4021.2,4262.4,3920.0,4185.2,4244.3,3972.2,887678,3677874000.0,86056,,476853.0,53.72,new
CPSEETF, EQ,2026-10-09,89.32,89.32,86.9,87.85,87.93,87.15,609342,53412000.0,5231,,315609.0,51.8,new
CRAFTSMAN, EQ,2026-10-09,10051.0,10243.0,10000.0,10183.0,10200.0,10038.0,25800,262039000.0,11146,,12643.0,49.0,new
CRAMC, EQ,2026-10-09,222.01,223.79,219.0,219.95,220.8,220.79,476028,104984999.99999999,8670,,263594.0,55.37,new
CRAVATEX, EQ,2026-10-09,337.0,364.75,336.2,344.85,339.25,344.65,150,52000.0,88,,110.0,73.33,new
CRAYONS, SM,2026-10-09,22.55,24.65,22.55,24.65,24.65,23.55,2000,47000.0,2,,1000.0,50.0,new
CREATIVEYE, EQ,2026-10-09,6.06,6.34,5.92,6.09,6.0,6.0,10476,63000.0,66,,9703.0,92.62,new
CREDENT, SM,2026-10-09,368.05,372.9,360.2,371.6,371.8,368.05,33600,12436000.0,26,,30600.0,91.07,new
CREDITACC, EQ,2026-10-09,1263.4,1293.3,1250.4,1267.5,1265.5,1263.4,158963,202251000.0,27965,,74891.0,47.11,new
CREST, EQ,2026-10-09,347.2,364.0,347.15,358.35,353.25,351.8,817,291000.0,46,,677.0,82.86,new
CRESTO, BE,2026-10-09,20.0,21.0,19.72,21.0,21.0,20.0,12832,267000.0,72,,,,new
CRISIL, EQ,2026-10-09,4405.0,4448.8,4356.1,4423.8,4435.0,4404.0,17221,76207000.0,4293,,10813.0,62.79,new
CRIZAC, EQ,2026-10-09,163.5,167.15,159.05,162.94,163.0,159.97,127093,20616000.0,4462,,62614.0,49.27,new
CROMPTON, EQ,2026-10-09,205.39,210.43,204.5,205.11,205.11,204.34,3010374,622885000.0,40040,,1521580.0,50.54,new
CROWN, EQ,2026-10-09,110.4,111.6,108.6,111.33,111.6,108.11,5504,605000.0,111,,4210.0,76.49,new
CRSL, BZ,2026-10-09,2.07,2.15,2.0,2.07,2.1,2.07,315515,645000.0,378,,,,new
CSBBANK, EQ,2026-10-09,301.9,304.25,299.3,300.35,300.0,301.75,338115,101628000.0,12032,,187756.0,55.53,new
CSLFINANCE, EQ,2026-10-09,203.01,205.99,202.06,203.28,202.36,202.53,15817,3211000.0,522,,10814.0,68.37,new
CSM, EQ,2026-10-09,92.0,92.18,88.3,89.5,89.9,90.35,72148,6456000.0,1803,,26796.0,37.14,new
CTE, BE,2026-10-09,36.52,38.24,36.52,37.74,37.75,36.51,6125,229000.0,43,,,,new
CUB, EQ,2026-10-09,221.85,233.0,221.47,231.42,232.13,220.07,3671884,839306000.0,89125,,1570788.0,42.78,new
CUBEINVIT, IV,2026-10-09,154.17,155.2,154.16,154.96,154.9,154.17,338988,52478000.0,2330,,333614.0,98.41,new
CUBEXTUB, BE,2026-10-09,163.0,173.53,157.01,173.53,173.53,165.27,314406,53157000.00000001,1463,,,,new
CUDML, SM,2026-10-09,93.0,99.8,80.1,99.55,99.8,87.2,123000,10532000.0,106,,83000.0,67.48,new
CUMMINSIND, EQ,2026-10-09,4740.9,4859.0,4671.1,4830.0,4830.0,4740.9,429821,2067581000.0000002,37963,,236860.0,55.11,new
CUPID, EQ,2026-10-09,358.65,368.0,331.0,366.1,367.4,356.65,33720165,12186755000.0,283117,,7038062.0,20.87,new
CURAA, BE,2026-10-09,67.0,72.0,67.0,70.94,72.0,69.38,39,3000.0,6,,,,new
CURRENT, SM,2026-10-09,92.0,92.0,92.0,92.0,92.0,91.2,1600,147000.0,1,,1600.0,100.0,new
CYBERMEDIA, BE,2026-10-09,17.53,18.66,17.45,17.52,17.74,17.78,12147,215000.0,57,,,,new
CYBERTECH, EQ,2026-10-09,130.6,135.29,130.17,131.58,131.34,132.25,20304,2687000.0,725,,10116.0,49.82,new
CYIENT, EQ,2026-10-09,1086.5,1182.0,1086.5,1158.8,1156.5,1084.7,4226963,4880946000.0,192337,,567962.0,13.44,new
CYIENTDLM, EQ,2026-10-09,977.0,988.8,941.6,952.35,957.0,981.3,335996,322367000.0,22142,,109851.0,32.69,new
DABUR, EQ,2026-10-09,377.2,387.35,376.6,386.7,386.7,376.8,886309,341022000.0,21712,,327586.0,36.96,new
DAICHI, BE,2026-10-09,321.95,328.0,309.0,309.95,309.0,321.95,658,204999.99999999997,63,,,,new
DALBHARAT, EQ,2026-10-09,1600.9,1615.7,1591.9,1598.6,1592.0,1592.9,21444,34282000.0,4536,,8987.0,41.91,new
DALMIASUG, EQ,2026-10-09,428.0,448.0,427.45,435.55,437.55,428.95,246867,108807000.0,9738,,65769.0,26.64,new
DAMCAPITAL, EQ,2026-10-09,142.13,145.85,139.59,143.45,143.2,141.38,204761,29232000.0,4624,,85506.0,41.76,new
DAMODARIND, BE,2026-10-09,26.21,27.0,26.21,26.94,27.0,26.58,1857,49000.0,21,,,,new
DANGEE, EQ,2026-10-09,3.2,3.3,3.07,3.2,3.22,3.13,40338,128000.0,110,,23369.0,57.93,new
DANISH, SM,2026-10-09,1004.6,1040.0,1000.0,1006.0,1010.0,999.5,16200,16488999.999999998,106,,10500.0,64.81,new
DATAMATICS, EQ,2026-10-09,745.0,750.7,734.0,745.8,745.95,744.8,32054,23832000.0,2501,,11784.0,36.76,new
DATAPATTNS, EQ,2026-10-09,4117.1,4133.0,4047.2,4084.8,4085.0,4097.1,285002,1166646000.0,35830,,61390.0,21.54,new
DAVANGERE, EQ,2026-10-09,2.28,2.32,2.23,2.26,2.27,2.28,5051063,11474000.0,1985,,3017977.0,59.75,new
DBCORP, EQ,2026-10-09,169.0,174.0,167.4,172.95,172.9,167.39,64126,10980000.0,1972,,33711.0,52.57,new
DBEIL, EQ,2026-10-09,6.37,6.66,6.1,6.38,6.41,6.39,143046,907000.0,392,,107423.0,75.1,new
DBL, EQ,2026-10-09,397.4,401.2,393.1,395.65,395.1,397.4,75875,30081000.0,3144,,27639.0,36.43,new
DBOL, EQ,2026-10-09,142.51,145.0,135.61,141.33,143.0,140.43,757711,106750000.0,11390,,300632.0,39.68,new
DBREALTY, EQ,2026-10-09,85.97,85.99,83.44,84.98,85.0,84.72,786974,66592999.99999999,9371,,356339.0,45.28,new
DBSTOCKBRO, BE,2026-10-09,32.29,33.5,30.42,31.99,33.0,31.91,14768,476999.99999999994,124,,,,new
DCAL, EQ,2026-10-09,147.75,151.79,145.37,149.68,148.4,146.66,134069,19963000.0,3776,,68583.0,51.16,new
DCBBANK, EQ,2026-10-09,196.8,208.4,196.8,203.79,204.49,196.56,2106232,431064000.00000006,33201,,790995.0,37.55,new
DCG, ST,2026-10-09,71.5,71.85,71.0,71.0,71.0,71.85,7200,515000.00000000006,6,,7200.0,100.0,new
DCI, EQ,2026-10-09,352.0,352.0,337.55,341.05,344.75,345.2,22551,7695000.0,1214,,6481.0,28.74,new
DCM, EQ,2026-10-09,70.8,71.4,67.75,71.17,71.2,69.84,5583,394000.0,85,,5068.0,90.78,new
DCMFINSERV, EQ,2026-10-09,4.89,5.3,4.75,4.81,4.89,4.88,26624,131000.0,154,,24459.0,91.87,new
DCMNVL, BE,2026-10-09,167.94,173.8,164.0,170.0,170.0,167.94,2646,445000.0,24,,,,new
DCMSHRIRAM, EQ,2026-10-09,955.8,973.0,944.9,955.55,953.0,955.75,44697,42814000.0,6053,,15735.0,35.2,new
DCMSIL, EQ,2026-10-09,74.65,78.0,74.65,76.02,75.75,75.72,67968,5180000.0,1169,,49844.0,73.33,new
DCMSRIND, EQ,2026-10-09,38.5,39.18,38.3,38.91,38.89,38.42,102637,3977000.0000000005,1123,,53634.0,52.26,new
DCW, EQ,2026-10-09,44.74,45.01,43.5,44.19,44.34,44.3,1093719,48542000.0,4784,,476084.0,43.53,new
DCXINDIA, EQ,2026-10-09,153.21,153.21,147.6,150.41,150.87,153.51,685617,102635999.99999999,14256,,260856.0,38.05,new
DDEVPLSTIK, EQ,2026-10-09,246.5,246.98,242.11,244.17,244.0,244.15,76137,18567000.0,1674,,46009.0,60.43,new
DECCANCE, EQ,2026-10-09,548.0,558.15,530.35,547.75,540.0,532.95,17204,9387000.0,673,,10294.0,59.83,new
DECCANTRAN, SM,2026-10-09,19.55,20.0,19.55,20.0,20.0,19.55,2400,47000.0,2,,2400.0,100.0,new
DECNGOLD, EQ,2026-10-09,192.0,199.9,187.34,197.53,199.0,191.16,930337,180925000.0,14525,,430489.0,46.27,new
DEEDEV, EQ,2026-10-09,624.8,624.8,597.4,604.15,608.4,608.6,202654,123356000.0,12139,,105910.0,52.26,new
DEEM, SM,2026-10-09,42.75,42.75,42.7,42.7,42.7,44.65,2000,85000.0,2,,2000.0,100.0,new
DEEP, BE,2026-10-09,41.0,41.29,38.4,40.87,40.99,39.33,7550,305000.0,75,,,,new
DEEPA, EQ,2026-10-09,236.0,249.9,229.51,245.53,247.0,232.8,8983959,2160655000.0,114877,,1660442.0,18.48,new
DEEPAKFERT, EQ,2026-10-09,1390.0,1408.4,1376.1,1392.6,1395.0,1390.2,211841,295653000.0,19850,,102489.0,48.38,new
DEEPAKNTR, EQ,2026-10-09,1585.0,1634.0,1585.0,1621.9,1620.5,1584.1,371537,599976000.0,30395,,149927.0,40.35,new
DEEPINDS, EQ,2026-10-09,775.0,777.0,743.0,746.4,747.05,777.6,251986,189621000.0,13720,,126418.0,50.17,new
DEFENCE, EQ,2026-10-09,72.88,76.27,72.88,75.32,75.28,74.75,137782,10343000.0,720,,78449.0,56.94,new
DELAPLEX, SM,2026-10-09,99.85,99.85,92.45,94.75,94.6,94.0,7800,753000.0,13,,5400.0,69.23,new
DELHIVERY, EQ,2026-10-09,400.0,403.0,393.9,400.5,400.5,397.0,1476920,590004000.0,21787,,785364.0,53.18,new
DELPHIFX, BE,2026-10-09,7.59,7.59,7.31,7.31,7.31,7.45,61318,457000.0,74,,,,new
DELTACORP, EQ,2026-10-09,78.32,82.74,76.0,81.31,81.4,78.32,11493641,925378000.0000001,50239,,2143180.0,18.65,new
DELTAMAGNT, EQ,2026-10-09,56.2,56.25,54.12,55.03,55.99,56.63,1564,86000.0,60,,1058.0,67.65,new
DELTIC, SM,2026-10-09,33.5,34.6,33.0,34.45,34.6,33.4,15000,504000.0,11,,9000.0,60.0,new
DEN, EQ,2026-10-09,25.25,26.25,25.02,25.85,25.63,25.1,372064,9521000.0,1564,,182235.0,48.98,new
DENEERS, SM,2026-10-09,168.45,168.45,168.0,168.0,168.0,168.45,1200,202000.0,2,,1200.0,100.0,new
DENORA, EQ,2026-10-09,709.5,720.4,702.85,706.0,720.0,717.35,4028,2856000.0,380,,3004.0,74.58,new
DENTA, EQ,2026-10-09,259.0,263.9,258.05,259.8,258.5,258.7,45015,11726000.0,1502,,24785.0,55.06,new
DENTALKART, SM,2026-10-09,450.0,472.0,450.0,456.6,455.0,458.0,4000,1853000.0,9,,3000.0,75.0,new
DEVIT, EQ,2026-10-09,19.3,21.0,18.61,19.39,19.51,19.47,112812,2218000.0,908,,68249.0,60.5,new
DEVX, EQ,2026-10-09,39.02,40.3,38.53,39.92,39.98,39.02,154302,6124000.0,2428,,98013.0,63.52,new
DEVYANI, EQ,2026-10-09,124.17,126.35,121.2,123.59,124.2,123.23,2254134,278216000.0,29843,,984681.0,43.68,new
DGCONTENT, EQ,2026-10-09,23.01,23.56,22.5,23.52,22.92,23.68,22457,518000.0,140,,19615.0,87.34,new
DHABRIYA, BE,2026-10-09,494.0,494.0,467.2,468.8,469.0,485.95,5415,2557000.0,152,,,,new
DHAMPURSUG, EQ,2026-10-09,183.0,188.64,183.0,184.58,184.6,182.91,547287,101656000.0,10022,,168358.0,30.76,new
DHANBANK, EQ,2026-10-09,32.5,34.34,31.67,33.96,33.89,32.65,3865722,129003000.0,13146,,1470457.0,38.04,new
DHANLAXMI, SM,2026-10-09,26.4,27.25,22.6,26.85,27.25,26.5,50000,1295000.0,17,,42000.0,84.0,new
DHANSA, ST,2026-10-09,27.55,27.55,27.45,27.45,27.45,28.85,10000,275000.0,5,,10000.0,100.0,new
DHANUKA, EQ,2026-10-09,887.55,897.65,851.0,860.0,855.0,893.35,124970,108509999.99999999,10105,,70800.0,56.65,new
DHARAN, BZ,2026-10-09,0.14,0.14,0.13,0.13,0.14,0.13,5832121,802000.0,1073,,,,new
DHARIWAL, SM,2026-10-09,27.75,28.85,27.55,28.1,27.55,28.6,30000,839000.0,10,,18000.0,60.0,new
DHARMAJ, EQ,2026-10-09,265.1,266.9,256.35,259.45,256.35,263.1,33723,8856000.0,1910,,20901.0,61.98,new
DHATRE, EQ,2026-10-09,3.9,3.99,3.8,3.87,3.85,3.89,16334,64000.0,93,,15222.0,93.19,new
DHOOTTRANS, EQ,2026-10-09,1440.0,1489.2,1408.7,1447.3,1438.0,1440.4,765002,1114642000.0,47674,,172189.0,22.51,new
DHRUV, EQ,2026-10-09,21.3,23.03,21.3,23.03,23.03,20.94,17086,388000.0,179,,14296.0,83.67,new
DHTL, SM,2026-10-09,23.0,23.45,22.35,22.35,22.35,23.5,4000,91000.0,5,,2400.0,60.0,new
DHUNINV, EQ,2026-10-09,933.0,933.0,908.0,911.65,912.0,933.35,653,596000.0,110,,580.0,88.82,new
DIACABS, BE,2026-10-09,370.0,385.0,357.55,380.95,384.0,371.9,1168361,437887000.0,8932,,,,new
DIAMINESQ, EQ,2026-10-09,235.0,240.0,233.0,235.01,238.0,235.73,1234,291000.0,66,,960.0,77.8,new
DIAMONDYD, EQ,2026-10-09,1041.1,1058.0,1022.3,1049.4,1058.0,1044.7,25734,26935000.000000004,1031,,17890.0,69.52,new
DICIND, EQ,2026-10-09,595.4,612.75,595.4,603.1,608.0,600.75,257,155000.0,43,,224.0,87.16,new
DIFFNKG, EQ,2026-10-09,441.0,441.0,422.0,428.25,429.0,427.25,123016,52686000.0,5467,,45215.0,36.76,new
DIGIDRIVE, EQ,2026-10-09,17.89,18.2,17.7,18.1,18.2,17.51,13825,248000.0,126,,12045.0,87.12,new
DIGIKORE, SM,2026-10-09,35.75,36.75,35.5,36.2,35.55,35.65,9600,346000.0,15,,6800.0,70.83,new
DIGISPICE, EQ,2026-10-09,14.77,16.41,14.77,15.62,15.5,15.02,70276,1078000.0,442,,48193.0,68.58,new
DIGITIDE, EQ,2026-10-09,72.39,72.44,69.1,69.9,70.29,71.65,431104,30530000.0,4499,,231887.0,53.79,new
DIGJAMLMTD, BE,2026-10-09,45.23,47.6,45.23,47.55,47.55,47.55,492,23000.0,13,,,,new
DISAQ, EQ,2026-10-09,11670.0,11680.0,11350.0,11385.0,11385.0,11359.0,12,138000.0,10,,7.0,58.33,new
DISHTV, EQ,2026-10-09,2.08,2.09,2.02,2.05,2.07,2.03,1993181,4092000.0,1295,,1779866.0,89.3,new
DIVGIITTS, EQ,2026-10-09,1030.0,1038.9,1005.0,1016.3,1019.8,1025.6,63693,65022000.0,5776,,29695.0,46.62,new
DIVIDEND, EQ,2026-10-09,33.2,33.42,33.18,33.36,33.37,32.86,1485,50000.0,48,,1442.0,97.1,new
DIVINEHIRA, ST,2026-10-09,99.7,106.8,99.7,103.65,103.65,104.9,21600,2190000.0,15,,14400.0,66.67,new
DIVISLAB, EQ,2026-10-09,9417.0,9460.5,9273.0,9340.0,9340.0,9361.0,378861,3539771000.0,37395,,220811.0,58.28,new
DIVOPPBEES, EQ,2026-10-09,71.9,71.92,70.43,71.78,71.63,70.64,42871,3071000.0,630,,17893.0,41.74,new
DIXON, EQ,2026-10-09,12730.0,12875.0,12602.0,12774.0,12774.0,12650.0,164138,2090739000.0,24930,,54523.0,33.22,new
DJML, EQ,2026-10-09,72.95,72.99,70.61,72.05,72.95,71.76,32280,2301000.0,391,,7856.0,24.34,new
DLF, EQ,2026-10-09,638.95,650.4,634.45,648.6,648.6,636.95,1531100,988406000.0,30162,,661625.0,43.21,new
DLINKINDIA, EQ,2026-10-09,409.8,413.8,403.55,407.1,406.3,406.7,34562,14056000.0,2963,,16742.0,48.44,new
DMART, EQ,2026-10-09,3577.9,3603.9,3497.7,3516.8,3516.8,3585.0,490650,1740171000.0,33699,,230662.0,47.01,new
DMCC, EQ,2026-10-09,342.0,347.95,328.8,332.7,334.5,337.1,136035,45567000.0,5000,,49479.0,36.37,new
DNAMEDIA, EQ,2026-10-09,2.44,2.48,2.4,2.43,2.4,2.44,9600,23000.0,113,,7953.0,82.84,new
DODLA, EQ,2026-10-09,1007.0,1008.8,994.1,995.7,995.0,997.5,13027,12997999.999999998,2063,,6912.0,53.06,new
DOLATALGO, EQ,2026-10-09,60.0,60.55,58.36,59.58,59.7,59.72,205893,12215000.0,2210,,106036.0,51.5,new
DOLLAR, EQ,2026-10-09,279.0,282.0,269.6,271.5,270.3,279.55,72715,19919000.0,1687,,38180.0,52.51,new
DOLLEX, EQ,2026-10-09,37.58,37.98,36.0,37.16,36.46,37.21,17378,637000.0,157,,14117.0,81.23,new
DOLPHIN, EQ,2026-10-09,647.6,651.45,614.0,640.05,642.0,620.05,62921,40232000.0,3700,,35125.0,55.82,new
DOMS, EQ,2026-10-09,2066.8,2067.1,2041.0,2059.4,2060.0,2057.4,13281,27320000.0,3796,,6942.0,52.27,new
DONEAR, EQ,2026-10-09,79.7,81.39,79.6,81.1,80.55,79.95,2484,200000.0,61,,2206.0,88.81,new
DPABHUSHAN, EQ,2026-10-09,2259.0,2408.5,2222.1,2363.8,2346.8,2258.9,295689,692147000.0,28557,,53949.0,18.25,new
DPEL, SM,2026-10-09,609.0,614.0,597.0,609.35,612.95,604.15,45000,27287000.0,76,,25500.0,56.67,new
DPSCLTD, BE,2026-10-09,6.25,6.25,6.1,6.14,6.12,6.37,106115,655000.0,563,,,,new
DPWIRES, EQ,2026-10-09,216.99,233.9,216.99,224.88,225.0,215.64,119374,26877999.999999996,2717,,44371.0,37.17,new
DRAGARWQ, EQ,2026-10-09,5180.0,5180.0,5106.5,5161.5,5146.0,5160.5,421,2172000.0,252,,253.0,60.1,new
DRCSYSTEMS, EQ,2026-10-09,12.79,13.0,12.54,12.85,12.85,12.57,13352,171000.0,180,,10614.0,79.49,new
DREAMFOLKS, EQ,2026-10-09,60.45,60.45,59.02,59.61,59.54,59.41,32548,1939000.0,591,,23673.0,72.73,new
DREDGECORP, EQ,2026-10-09,907.3,913.9,881.05,884.95,897.0,905.05,59481,53190000.0,4722,,24807.0,41.71,new
DRONE, SM,2026-10-09,32.75,33.0,31.9,32.7,32.7,32.75,23000,743000.0,32,,13500.0,58.7,new
DRREDDY, EQ,2026-10-09,1180.0,1200.8,1172.0,1197.0,1197.0,1180.0,1510336,1803249000.0000002,42735,,987160.0,65.36,new
DRSDILIP, SM,2026-10-09,103.5,103.5,103.5,103.5,103.5,107.0,19200,1987000.0,3,,19200.0,100.0,new
DSFCL, BE,2026-10-09,28.9,29.6,28.0,28.74,29.0,28.76,33871,977000.0,154,,,,new
DSKULKARNI, BE,2026-10-09,28.77,28.77,28.77,28.77,28.77,28.21,1,0.0,1,,,,new
DSSL, EQ,2026-10-09,1049.65,1049.65,988.1,1015.45,1021.8,1030.1,48447,49119000.0,5501,,19654.0,40.57,new
DTIL, BE,2026-10-09,153.0,156.3,151.0,152.12,151.0,151.16,2260,349000.0,33,,,,new
DTL, SM,2026-10-09,124.95,125.0,119.95,125.0,125.0,120.05,14400,1764000.0,9,,12000.0,83.33,new
DUCON, EQ,2026-10-09,1.48,1.48,1.37,1.39,1.4,1.44,1258029,1780999.9999999998,601,,948512.0,75.4,new
DUGLOBAL, SM,2026-10-09,20.0,21.0,20.0,21.0,21.0,20.8,5000,103000.0,2,,2500.0,50.0,new
DURLAX, SM,2026-10-09,63.2,63.5,61.3,62.9,63.2,61.0,58000,3640999.9999999995,22,,44000.0,75.86,new
DVL, EQ,2026-10-09,271.7,282.0,271.7,279.3,279.45,270.25,7185,1993000.0,289,,6016.0,83.73,new
DWARKESH, EQ,2026-10-09,44.6,45.12,43.86,44.6,44.9,44.0,1107999,49312000.0,4785,,319044.0,28.79,new
DYCL, EQ,2026-10-09,427.2,428.95,417.5,420.6,421.5,423.9,167916,70768000.0,6026,,68581.0,40.84,new
DYNAMATECH, EQ,2026-10-09,13394.0,13600.0,13111.0,13321.0,13495.0,13391.0,14541,193245000.0,6769,,3731.0,25.66,new
DYNAMIC, SM,2026-10-09,123.8,123.8,120.0,121.0,122.0,123.8,2500,307000.0,5,,2500.0,100.0,new
DYNPRO, EQ,2026-10-09,223.23,230.96,222.31,229.42,229.95,223.23,4624,1054000.0,192,,4042.0,87.41,new
E2E, BE,2026-10-09,705.0,720.0,678.45,704.6,706.0,714.15,986137,684391000.0,48221,,,,new
E2ERAIL, SM,2026-10-09,290.0,300.0,285.2,299.45,300.0,290.0,136000,40493000.0,99,,72800.0,53.53,new
EASEMYTRIP, EQ,2026-10-09,5.8,5.83,5.72,5.76,5.8,5.78,6608890,38129000.0,5081,,2842025.0,43.0,new
EASTSILK, BE,2026-10-09,73.23,73.23,66.27,66.27,66.27,69.75,105,7000.000000000001,10,,,,new
EASTWEST, EQ,2026-10-09,2.3,2.35,2.23,2.27,2.24,2.32,65007,147000.0,137,,57830.0,88.96,new
EBANK10, EQ,2026-10-09,16.09,16.3,16.09,16.22,16.22,16.09,2018,33000.0,7,,2000.0,99.11,new
EBANKNIFTY, EQ,2026-10-09,55.26,56.0,55.26,55.98,55.66,55.3,4896,273000.0,24,,4844.0,98.94,new
EBBETF0430, EQ,2026-10-09,1611.9,1611.9,1600.56,1607.03,1606.5,1609.82,34106,54782000.00000001,2146,,27589.0,80.89,new
EBBETF0431, EQ,2026-10-09,1426.55,1437.15,1426.0,1435.45,1432.0,1426.59,4977,7128000.0,126,,4097.0,82.32,new
EBBETF0433, EQ,2026-10-09,1301.0,1301.0,1295.0,1296.43,1295.0,1300.7,1634,2119000.0,98,,1219.0,74.6,new
EBGNG, EQ,2026-10-09,697.25,697.5,665.0,685.5,687.0,692.15,518126,353205000.0,27625,,200004.0,38.6,new
EBIX, BE,2026-10-09,16.75,17.47,16.02,16.28,16.61,16.82,70081,1147000.0,164,,,,new
ECAPINSURE, EQ,2026-10-09,22.99,23.39,22.62,23.07,22.82,22.75,28774,661000.0,215,,18878.0,65.61,new
ECLERX, EQ,2026-10-09,1846.4,1883.9,1838.1,1866.8,1876.8,1846.8,56337,104794000.0,11097,,25386.0,45.06,new
ECORECO, EQ,2026-10-09,410.1,418.9,401.0,402.7,403.85,411.95,5797,2367000.0,639,,3464.0,59.76,new
ECOSMOBLTY, EQ,2026-10-09,107.9,108.95,102.21,104.66,105.0,107.43,49230,5185000.0,1100,,26946.0,54.73,new
EDELWEISS, EQ,2026-10-09,128.0,130.3,126.33,127.89,128.41,127.71,2956310,379079000.0,29278,,1269882.0,42.95,new
EEPL, ST,2026-10-09,134.95,139.65,128.0,139.65,139.65,133.0,55000,7531999.999999999,41,,51000.0,92.73,new
EFACTOR, SM,2026-10-09,195.0,200.0,195.0,200.0,200.0,197.55,800,158000.0,2,,800.0,100.0,new
EFCIL, EQ,2026-10-09,170.38,170.38,165.59,169.35,169.2,167.07,165939,27844000.0,2327,,101285.0,61.04,new
EFFWA, SM,2026-10-09,345.0,363.0,345.0,361.8,360.0,347.15,26400,9424000.0,58,,18400.0,69.7,new
EGOLD, EQ,2026-10-09,147.0,148.7,147.0,148.25,148.6,146.45,59239,8781000.0,437,,34289.0,57.88,new
EICHERMOT, EQ,2026-10-09,6815.0,7078.0,6801.0,7050.0,7050.0,6767.5,551231,3864769000.0,72715,,273927.0,49.69,new
EIDPARRY, EQ,2026-10-09,680.05,690.95,673.1,688.9,690.0,677.15,151305,103433000.0,10190,,75810.0,50.1,new
EIEL, EQ,2026-10-09,180.96,183.49,177.27,179.96,181.0,180.96,361966,65205999.99999999,9705,,140836.0,38.91,new
EIFFL, BE,2026-10-09,261.75,261.75,261.4,261.75,261.75,261.85,327,86000.0,9,,,,new
EIHAHOTELS, EQ,2026-10-09,289.6,292.95,287.3,290.65,291.9,291.05,5486,1593000.0,434,,3283.0,59.84,new
EIHOTEL, EQ,2026-10-09,291.25,293.5,287.55,291.3,290.0,291.2,118509,34526000.0,5572,,61253.0,51.69,new
EIMCOELECO, EQ,2026-10-09,2261.0,2328.9,2246.3,2261.8,2246.3,2234.2,30328,69140000.0,3447,,14235.0,46.94,new
EKC, EQ,2026-10-09,101.31,104.6,101.31,102.88,102.3,101.67,166409,17185000.0,2219,,91877.0,55.21,new
EKI, BE,2026-10-09,81.76,82.14,78.07,78.33,78.5,82.17,24580,1929000.0,393,,,,new
ELANTAS, EQ,2026-10-09,13736.0,13976.0,13312.0,13707.0,13825.0,13597.0,2464,33763000.0,1507,,735.0,29.83,new
ELCIDIN, EQ,2026-10-09,97000.0,102000.0,97000.0,101000.0,101000.0,99260.0,8,803999.9999999999,8,,8.0,100.0,new
ELDEHSG, EQ,2026-10-09,769.9,806.0,769.9,786.45,771.2,762.95,804,636000.0,74,,635.0,78.98,new
ELECON, EQ,2026-10-09,416.95,422.6,411.75,416.4,416.1,416.95,502214,209900000.0,21384,,203309.0,40.48,new
ELECTCAST, EQ,2026-10-09,74.7,76.14,73.46,75.18,74.8,74.26,2134842,159765000.0,18010,,931447.0,43.63,new
ELECTHERM, EQ,2026-10-09,699.9,704.4,683.5,690.8,693.0,683.75,12319,8608000.0,750,,8352.0,67.8,new
ELEVATE, EQ,2026-10-09,331.0,338.95,321.1,323.6,324.4,329.85,1390897,459532000.0,67858,,542505.0,39.0,new
ELGIEQUIP, EQ,2026-10-09,579.0,585.75,568.0,583.15,584.5,579.0,188588,109078000.0,17622,,80053.0,42.45,new
ELGIRUBCO, EQ,2026-10-09,53.4,55.0,53.4,53.8,53.65,54.24,27437,1492000.0,508,,13463.0,49.07,new
ELGNZ, SM,2026-10-09,85.35,85.35,84.0,84.7,84.0,85.35,12000,1019000.0,11,,10000.0,83.33,new
ELIN, EQ,2026-10-09,75.0,76.55,74.1,75.03,75.19,75.56,122420,9204000.0,1197,,80832.0,66.03,new
ELIQUID, EQ,2026-10-09,1051.41,1051.43,1051.41,1051.42,1051.41,1050.97,13938,14655000.000000002,16,,9472.0,67.96,new
ELITECON, EQ,2026-10-09,7.34,7.48,7.08,7.2,7.2,7.2,4057869,29627000.0,6196,,1608434.0,39.64,new
ELLEN, EQ,2026-10-09,352.8,355.2,341.3,348.15,347.15,350.4,657106,228534000.0,16885,,277275.0,42.2,new
ELM250, EQ,2026-10-09,15.46,15.7,15.39,15.47,15.6,15.46,178243,2777000.0,210,,168663.0,94.63,new
ELMDIV, EQ,2026-10-09,33.92,34.13,33.92,34.13,34.13,33.92,1011,35000.0,5,,1006.0,99.51,new
ELPROINTL, EQ,2026-10-09,174.94,174.94,172.11,172.49,172.51,174.53,4955,856000.0,97,,4813.0,97.13,new
EMAMILTD, EQ,2026-10-09,369.8,374.3,367.5,369.45,369.95,367.25,342137,126714000.00000001,13386,,128615.0,37.59,new
EMAMIPAP, BE,2026-10-09,113.16,117.0,109.64,115.49,115.9,113.16,19841,2243000.0,247,,,,new
EMAMIREAL, EQ,2026-10-09,68.0,71.0,67.7,68.93,68.51,67.76,6996,479000.0,140,,5546.0,79.27,new
EMAPARTNER, SM,2026-10-09,80.05,82.35,79.5,81.9,81.9,80.05,21000,1691000.0,17,,12000.0,57.14,new
EMBASSY, RR,2026-10-09,430.0,432.0,429.11,430.93,430.0,431.27,497366,214309000.0,26264,,434986.0,87.46,new
EMBDL, EQ,2026-10-09,56.85,56.85,55.1,55.51,55.1,56.26,1318375,73380000.0,12859,,510162.0,38.7,new
EMCURE, EQ,2026-10-09,1864.7,1899.0,1816.1,1833.5,1835.0,1851.5,59497,109401000.0,10353,,28037.0,47.12,new
EMETAL, EQ,2026-10-09,12.15,12.6,11.9,12.44,12.42,11.91,16837,202000.0,56,,13994.0,83.11,new
EMIL, EQ,2026-10-09,196.0,199.58,190.0,191.17,190.5,193.31,2270371,440934000.0,27882,,798296.0,35.16,new
EMKAY, EQ,2026-10-09,278.6,278.6,261.8,267.9,266.0,265.65,43208,11621000.0,1644,,25190.0,58.3,new
EMKAYTOOLS, SM,2026-10-09,94.0,94.0,91.2,94.0,94.0,94.75,750,70000.0,5,,450.0,60.0,new
EMMBI, EQ,2026-10-09,83.61,86.44,83.0,83.98,84.89,85.32,5673,476999.99999999994,206,,4286.0,75.55,new
EMMIL, SM,2026-10-09,124.5,124.5,121.0,121.35,121.35,122.6,3750,455999.99999999994,15,,3000.0,80.0,new
EMMVEE, EQ,2026-10-09,303.0,306.9,299.0,300.05,302.0,302.0,901961,272822000.0,31056,,377929.0,41.9,new
EMPIND, EQ,2026-10-09,1005.7,1021.7,987.5,1004.0,1000.1,1021.7,2855,2865000.0,278,,1871.0,65.53,new
EMPOWER, EQ,2026-10-09,1.88,1.92,1.86,1.91,1.92,1.83,36004719,68879000.0,3798,,22329576.0,62.02,new
EMSLIMITED, EQ,2026-10-09,326.0,329.0,318.55,320.05,319.1,321.7,110663,35609000.0,4733,,37701.0,34.07,new
EMUDHRA, EQ,2026-10-09,570.95,586.7,568.0,570.15,570.85,569.9,290080,166729000.0,12962,,99203.0,34.2,new
EMULTIMQ, EQ,2026-10-09,39.34,40.07,39.02,39.91,39.9,39.34,18022,716000.0,124,,12997.0,72.12,new
ENCOMPAS, SM,2026-10-09,238.25,249.8,238.25,249.8,249.8,249.8,3600,877999.9999999999,9,,2800.0,77.78,new
ENDURANCE, EQ,2026-10-09,2433.5,2451.0,2402.0,2407.5,2405.0,2433.5,36304,87647000.0,10901,,19894.0,54.8,new
ENERGY, EQ,2026-10-09,36.65,36.65,35.63,36.1,36.11,35.93,138801,5000000.0,749,,71085.0,51.21,new
ENERGYAXIS, EQ,2026-10-09,17.95,18.2,17.75,17.98,18.2,17.95,12866,229999.99999999997,103,,7220.0,56.12,new
ENERGYDEV, EQ,2026-10-09,14.15,14.64,14.14,14.27,14.3,14.14,11991,171000.0,208,,8581.0,71.56,new
ENEXT50, EQ,2026-10-09,68.42,68.49,68.25,68.25,68.25,67.76,290,20000.0,11,,290.0,100.0,new
ENFUSE, SM,2026-10-09,141.2,154.85,141.0,141.0,141.0,154.0,2400,347000.0,4,,2400.0,100.0,new
ENGINERSIN, EQ,2026-10-09,290.0,296.9,287.65,293.1,293.25,289.0,4370925,1275401000.0,184400,,1469592.0,33.62,new
ENIFTY, EQ,2026-10-09,22.62,22.88,22.48,22.71,22.71,22.51,4236,96000.0,58,,3989.0,94.17,new
ENIL, EQ,2026-10-09,93.29,93.29,87.66,90.15,90.13,91.51,9982,902999.9999999999,374,,6743.0,67.55,new
ENKEIWHEL, EQ,2026-10-09,386.0,395.0,386.0,393.85,393.05,390.1,380,148000.0,36,,341.0,89.74,new
ENRIN, EQ,2026-10-09,3189.0,3190.9,3049.0,3101.0,3101.0,3180.0,732770,2283502000.0,66772,,304220.0,41.52,new
ENSER, SM,2026-10-09,15.25,15.25,14.1,14.8,14.85,14.95,90000,1341000.0,18,,15000.0,16.67,new
ENTERO, EQ,2026-10-09,1699.9,1721.6,1652.6,1676.2,1665.5,1688.8,93478,156317000.0,12778,,46184.0,49.41,new
ENVIRO, SM,2026-10-09,72.0,72.1,68.3,69.35,68.4,69.75,40000,2850000.0,12,,30000.0,75.0,new
EPACK, EQ,2026-10-09,167.0,171.4,165.46,170.47,171.3,165.16,263696,44511000.0,5069,,93386.0,35.41,new
EPACKPEB, EQ,2026-10-09,262.0,262.5,251.84,253.62,254.0,256.33,765196,195500000.0,15107,,290977.0,38.03,new
EPIGRAL, EQ,2026-10-09,1012.2,1017.9,988.6,996.4,990.7,1012.2,19953,19914000.0,2619,,10243.0,51.34,new
EPL, EQ,2026-10-09,233.9,234.25,228.75,232.43,230.36,232.03,1015678,234785000.0,20782,,494956.0,48.73,new
EPWINDIA, SM,2026-10-09,230.0,232.0,227.05,232.0,232.0,232.0,7200,1660000.0000000002,5,,6000.0,83.33,new
EQUAL200, EQ,2026-10-09,12.8,12.93,12.8,12.9,12.9,12.82,9377,121000.0,50,,7734.0,82.48,new
EQUAL50, EQ,2026-10-09,308.2,309.61,307.79,308.66,309.1,304.4,18721,5783000.0,46,,14347.0,76.64,new
EQUAL50ADD, EQ,2026-10-09,317.21,323.0,316.05,319.72,323.0,314.87,24348,7768000.000000001,390,,18885.0,77.56,new
EQUIPPP, BE,2026-10-09,21.31,22.37,20.6,21.9,22.37,21.31,15936,348000.0,43,,,,new
EQUITASBNK, EQ,2026-10-09,66.26,66.96,65.69,66.02,66.05,66.44,697889,46252000.0,11451,,351035.0,50.3,new
ERIS, EQ,2026-10-09,1155.0,1181.5,1150.0,1170.7,1175.0,1155.1,72434,84745000.0,10396,,32728.0,45.18,new
ESABINDIA, EQ,2026-10-09,5389.0,5400.0,5308.5,5394.5,5400.0,5360.5,1932,10364000.0,828,,1092.0,56.52,new
ESAFSFB, BE,2026-10-09,42.0,42.0,40.95,41.4,41.42,42.17,165223,6831000.0,843,,,,new
ESCONET, ST,2026-10-09,232.0,243.0,223.1,239.2,240.4,232.25,19600,4602000.0,46,,17200.0,87.76,new
ESCORTS, EQ,2026-10-09,2757.6,2765.1,2721.3,2730.5,2734.8,2773.6,34161,93511000.0,7945,,10422.0,30.51,new
ESDS, EQ,2026-10-09,1422.0,1498.2,1355.6,1498.2,1498.2,1426.9,2079207,3001936000.0,57368,,600889.0,28.9,new
ESENSEX, EQ,2026-10-09,72.86,73.4,72.64,73.07,72.92,72.15,3777,275000.0,19,,83.0,2.2,new
ESFL, SM,2026-10-09,112.0,117.4,111.6,116.2,117.4,111.2,14400,1647000.0,29,,12600.0,87.5,new
ESG, EQ,2026-10-09,38.39,38.58,38.35,38.43,38.53,38.01,38606,1484000.0,48,,30147.0,78.09,new
ESILVER, EQ,2026-10-09,218.23,219.77,218.18,219.07,219.1,215.67,155353,34032000.0,782,,139209.0,89.61,new
ESPRIT, SM,2026-10-09,58.0,58.9,57.0,58.6,58.6,57.0,35200,2048999.9999999998,18,,19200.0,54.55,new
ESSARSHPNG, EQ,2026-10-09,16.2,16.69,15.91,16.25,16.35,16.06,146766,2378000.0,1033,,84844.0,57.81,new
ESSENTIA, EQ,2026-10-09,1.01,1.02,1.0,1.0,1.01,1.0,1274847,1284000.0,570,,579250.0,45.44,new
ESTER, EQ,2026-10-09,96.0,96.0,92.8,93.27,92.8,94.67,47439,4467000.0,1960,,18497.0,38.99,new
ETERNAL, EQ,2026-10-09,322.1,325.45,317.15,323.45,323.45,319.05,12981184,4188451999.9999995,107300,,5961021.0,45.92,new
ETHOSLTD, EQ,2026-10-09,2600.3,2650.0,2525.0,2563.1,2555.0,2600.3,71325,184486000.0,5135,,57180.0,80.17,new
ETML, SM,2026-10-09,72.05,72.05,70.5,70.5,70.5,70.0,27600,1955999.9999999998,12,,26400.0,95.65,new
EUREKAFORB, EQ,2026-10-09,340.1,341.9,335.0,339.0,339.0,339.75,138704,46865000.0,9321,,69022.0,49.76,new
EUROBOND, EQ,2026-10-09,137.19,142.0,131.51,134.13,134.97,134.54,1694,227000.0,114,,1302.0,76.86,new
EUROPRATIK, EQ,2026-10-09,173.55,178.72,171.9,176.69,174.01,173.98,78001,13657000.0,3226,,34467.0,44.19,new
EUROTEXIND, EQ,2026-10-09,14.56,14.56,14.56,14.56,14.56,15.32,9018,131000.0,15,,6529.0,72.4,new
EVENTIONS, ST,2026-10-09,100.2,100.2,100.2,100.2,100.2,105.45,2400,240000.0,2,,2400.0,100.0,new
EVEREADY, EQ,2026-10-09,318.3,327.0,312.55,321.15,322.35,318.6,175999,56553000.0,5813,,72179.0,41.01,new
EVERESTIND, EQ,2026-10-09,485.0,485.0,468.25,472.15,469.3,480.3,10505,4972000.0,423,,4096.0,38.99,new
EVIETF, EQ,2026-10-09,29.46,29.63,29.06,29.54,29.51,29.38,89780,2645000.0,594,,46197.0,51.46,new
EVINDIA, EQ,2026-10-09,29.37,29.8,29.09,29.51,29.55,29.37,170141,5005000.0,1486,,79891.0,46.96,new
EXCELINDUS, EQ,2026-10-09,919.7,930.0,912.0,923.6,930.0,918.7,6773,6227000.0,724,,2082.0,30.74,new
EXCELSOFT, EQ,2026-10-09,81.1,82.54,80.5,81.13,81.79,80.99,316492,25747000.000000004,3095,,128184.0,40.5,new
EXICOM, EQ,2026-10-09,147.79,149.63,144.11,145.43,146.45,147.13,548255,80398000.0,8929,,180323.0,32.89,new
EXIDEIND, EQ,2026-10-09,394.9,397.35,391.1,394.4,395.0,394.9,891250,350775000.0,29107,,414635.0,46.52,new
EXIMROUTES, SM,2026-10-09,82.0,95.0,82.0,95.0,95.0,91.4,6400,572000.0,7,,6400.0,100.0,new
EXPLEOSOL, EQ,2026-10-09,851.8,870.0,845.1,861.9,870.0,851.8,14666,12595000.0,2081,,6896.0,47.02,new
EXXARO, EQ,2026-10-09,6.28,6.28,6.02,6.09,6.08,6.12,107420,655000.0,335,,86941.0,80.94,new
FABTECH, EQ,2026-10-09,138.0,138.0,131.0,133.22,133.75,138.98,176633,23604000.0,3240,,91759.0,51.95,new
FACT, EQ,2026-10-09,723.6,736.45,716.1,729.4,729.5,717.75,64504,46911000.0,5779,,19804.0,30.7,new
FAIRCHEMOR, EQ,2026-10-09,728.9,760.0,712.75,748.7,737.25,720.9,43850,32343000.0,2851,,19234.0,43.86,new
FASCINATE, SM,2026-10-09,93.5,93.5,84.65,93.5,93.5,89.05,315200,28912000.0,195,,217600.0,69.04,new
FAZE3Q, EQ,2026-10-09,424.15,428.35,406.9,408.3,406.9,424.1,60047,24707000.0,3486,,44301.0,73.78,new
FCL, EQ,2026-10-09,56.08,58.45,54.95,57.94,58.4,55.99,22165919,1267703000.0,72373,,5495291.0,24.79,new
FCSSOFT, EQ,2026-10-09,1.38,1.47,1.36,1.42,1.46,1.37,1921900,2691000.0,996,,1350684.0,70.28,new
FDC, EQ,2026-10-09,325.9,331.85,321.3,330.15,330.0,324.05,76570,25003000.0,3251,,46388.0,60.58,new
FEDDERSHOL, EQ,2026-10-09,61.5,62.32,59.1,59.78,59.7,61.76,2104247,128274000.0,12705,,444289.0,21.11,new
FEDERALBNK, EQ,2026-10-09,321.0,331.0,320.9,330.0,330.0,321.0,5254910,1723127000.0,51670,,2632913.0,50.1,new
FEDFINA, EQ,2026-10-09,146.0,146.99,143.0,146.39,146.99,145.31,608211,88437000.0,9226,,295319.0,48.56,new
FEL, BZ,2026-10-09,0.36,0.37,0.36,0.36,0.37,0.36,487354,176000.0,114,,,,new
FELDVR, BZ,2026-10-09,1.95,1.95,1.86,1.93,1.86,1.95,1897,4000.0,28,,,,new
FELIX, SM,2026-10-09,193.8,193.8,186.6,190.5,190.5,190.0,29000,5514000.0,44,,17500.0,60.34,new
FERMENTA, EQ,2026-10-09,548.55,549.95,513.25,517.55,523.0,539.6,110040,58064000.0,4963,,43336.0,39.38,new
FIBERWEB, EQ,2026-10-09,26.5,26.5,25.21,25.63,25.65,25.63,12250,314000.0,128,,9300.0,75.92,new
FIDEL, SM,2026-10-09,177.0,177.0,177.0,177.0,177.0,180.45,1000,177000.0,1,,1000.0,100.0,new
FIEMIND, EQ,2026-10-09,1746.9,1768.7,1732.2,1747.7,1749.0,1746.6,37064,64879000.0,6789,,18207.0,49.12,new
FILATEX, EQ,2026-10-09,110.39,110.67,105.49,109.06,108.25,109.74,1524085,165407000.0,14258,,496086.0,32.55,new
FILATFASH, EQ,2026-10-09,0.18,0.19,0.18,0.18,0.19,0.18,12270671,2243000.0,1449,,8756202.0,71.36,new
FINBUD, SM,2026-10-09,120.0,122.95,120.0,122.9,122.9,120.5,7000,848000.0,7,,5000.0,71.43,new
FINCABLES, EQ,2026-10-09,1404.8,1428.3,1377.9,1388.7,1391.5,1402.2,376357,527106000.00000006,33460,,100203.0,26.62,new
FINEORG, EQ,2026-10-09,5380.0,5460.0,5280.5,5410.5,5460.0,5380.5,21311,114539000.00000001,6143,,9002.0,42.24,new
FINIETF, EQ,2026-10-09,29.92,30.33,29.83,30.06,30.0,29.92,196315,5918000.0,852,,130082.0,66.26,new
FINKURVE, EQ,2026-10-09,68.65,70.0,67.01,69.46,68.4,67.41,17839,1220000.0,708,,7609.0,42.65,new
FINOPB, EQ,2026-10-09,140.0,145.3,137.51,139.42,138.38,145.53,2686762,382361000.0,32988,,291933.0,10.87,new
FINPIPE, EQ,2026-10-09,149.99,151.91,148.54,151.16,151.0,149.76,224710,33886000.0,11403,,96429.0,42.91,new
FIRSTCRY, EQ,2026-10-09,169.7,174.0,168.02,169.17,170.25,168.56,2327987,398408000.0,29626,,401788.0,17.26,new
FISCHER, EQ,2026-10-09,32.58,32.58,29.9,30.37,30.3,31.96,1144863,34978000.0,4731,,686648.0,59.98,new
FIVESTAR, EQ,2026-10-09,503.4,509.2,495.2,502.25,501.0,502.2,365773,183471000.0,19617,,197109.0,53.89,new
FLAIR, EQ,2026-10-09,225.0,225.0,220.0,220.52,220.0,224.44,40243,8905000.0,1703,,20495.0,50.93,new
FLEXIADD, EQ,2026-10-09,9.29,9.63,9.29,9.47,9.46,9.29,43237,407000.0,287,,38546.0,89.15,new
FLEXITUFF, BE,2026-10-09,3.31,3.31,3.25,3.25,3.25,3.25,11917,39000.0,33,,,,new
FLFL, BZ,2026-10-09,0.96,0.98,0.92,0.96,0.96,0.96,65670,63000.0,90,,,,new
FLUOROCHEM, EQ,2026-10-09,4460.0,4500.0,4408.0,4476.8,4482.2,4440.1,87190,388921000.0,16809,,43998.0,50.46,new
FLYSBS, SM,2026-10-09,632.0,640.0,611.6,613.7,612.0,618.5,23200,14491000.0,101,,13400.0,57.76,new
FMCGADD, EQ,2026-10-09,44.55,45.49,44.44,45.15,45.29,44.19,10451,471000.0,66,,5669.0,54.24,new
FMCGIETF, EQ,2026-10-09,48.54,48.54,47.35,48.35,48.4,47.36,933289,44916000.0,2781,,510221.0,54.67,new
FMGOETZE, EQ,2026-10-09,435.0,454.0,430.2,443.2,448.65,434.85,139691,61492999.99999999,6381,,57691.0,41.3,new
FMNL, EQ,2026-10-09,8.19,8.5,7.79,8.15,8.15,8.15,13629,111000.00000000001,105,,10488.0,76.95,new
FOCUS, EQ,2026-10-09,55.79,55.79,51.1,52.24,51.8,54.96,44942,2381000.0,732,,30741.0,68.4,new
FONEBOX, ST,2026-10-09,147.5,147.5,147.5,147.5,147.5,140.5,3000,443000.0,3,,3000.0,100.0,new
FOODSIN, EQ,2026-10-09,48.44,49.0,46.71,48.69,48.33,47.69,52092,2498000.0,1402,,29204.0,56.06,new
FORCAS, ST,2026-10-09,232.05,241.95,231.8,235.2,231.8,243.95,20800,4840000.0,13,,17600.0,84.62,new
FORCEMOT, EQ,2026-10-09,16800.0,16944.0,16560.0,16900.0,16900.0,16700.0,37724,633980000.0,12450,,10890.0,28.87,new
FORGEAUTO, SM,2026-10-09,100.0,100.0,100.0,100.0,100.0,100.0,4800,480000.0,1,,4800.0,100.0,new
FORTIS, EQ,2026-10-09,788.0,806.0,778.0,786.25,786.25,763.0,3638882,2874578000.0,66326,,904985.0,24.87,new
FOSECOIND, EQ,2026-10-09,6373.5,6373.5,6175.0,6236.5,6215.0,6343.5,6442,40367000.0,1792,,3004.0,46.63,new
FRACTAL, EQ,2026-10-09,702.9,723.95,700.75,707.6,706.9,700.65,628692,446318999.99999994,23555,,420803.0,66.93,new
FREDUN, EQ,2026-10-09,1560.8,1638.2,1517.9,1552.3,1549.0,1531.7,450916,712739000.0,39757,,71279.0,15.81,new
FRESHARA, ST,2026-10-09,395.0,404.0,392.0,401.4,403.95,395.9,10800,4286000.0,17,,10800.0,100.0,new
FROG, SM,2026-10-09,242.4,245.9,239.4,240.65,241.0,242.8,16400,3965000.0,38,,10800.0,65.85,new
FRONTSP, EQ,2026-10-09,1409.8,1411.9,1366.2,1378.0,1379.0,1395.9,13816,19096000.0,2505,,6666.0,48.25,new
FSL, EQ,2026-10-09,265.7,271.45,264.4,268.1,270.0,266.35,1996292,536239000.00000006,44055,,559974.0,28.05,new
FUSION, EQ,2026-10-09,162.14,166.0,161.52,164.03,163.89,162.35,325980,53471000.0,4520,,204770.0,62.82,new
FWSTC, SM,2026-10-09,205.0,205.0,200.0,201.2,202.5,204.15,67800,13629000.0,10,,67800.0,100.0,new
GABRIEL, EQ,2026-10-09,1335.4,1385.2,1319.0,1362.2,1361.3,1335.4,246287,334724000.0,23118,,58560.0,23.78,new
GAEL, EQ,2026-10-09,157.0,166.0,156.28,163.43,163.75,158.47,995235,162804000.0,30062,,465881.0,46.81,new
GAIL, EQ,2026-10-09,167.07,168.47,166.31,166.64,166.64,167.7,5427059,907249000.0,44051,,3680894.0,67.82,new
GAJA, EQ,2026-10-09,145.99,148.0,142.32,147.07,147.05,145.1,196637,28541000.000000004,3333,,87191.0,44.34,new
GALAPREC, EQ,2026-10-09,1100.0,1113.0,1050.0,1071.9,1075.0,1103.2,59728,64060000.0,5648,,26731.0,44.75,new
GALAXYSURF, EQ,2026-10-09,2401.1,2518.5,2387.9,2502.2,2514.0,2406.7,95245,235403000.00000003,10457,,39501.0,41.47,new
GALLANTT, EQ,2026-10-09,513.8,513.85,500.0,503.75,505.05,503.15,73498,37188000.0,4796,,23110.0,31.44,new
GANDHAR, EQ,2026-10-09,301.4,304.65,292.1,296.55,295.05,296.45,1267314,379219000.0,23476,,416457.0,32.86,new
GANDHITUBE, EQ,2026-10-09,951.6,964.75,940.05,948.65,947.8,951.5,3933,3733000.0,582,,2329.0,59.22,new
GANECOS, EQ,2026-10-09,953.3,975.1,951.9,966.1,960.5,961.3,57461,55279999.99999999,4634,,19676.0,34.24,new
GANESHBE, BE,2026-10-09,106.31,109.7,106.31,106.31,106.31,111.9,356310,38027000.0,927,,,,new
GANESHCP, EQ,2026-10-09,151.59,153.5,147.71,152.08,152.5,150.66,280524,42554000.0,2913,,221565.0,78.98,new
GANESHHOU, EQ,2026-10-09,691.8,703.45,681.3,699.5,696.2,691.8,22928,15979000.0,1900,,14917.0,65.06,new
GANESHIN, SM,2026-10-09,85.4,87.9,85.35,87.0,87.0,85.05,48000,4171000.0,45,,36800.0,76.67,new
GANGABATH, SM,2026-10-09,21.7,22.3,21.5,21.95,21.95,22.55,27000,592000.0,9,,9000.0,33.33,new
GANGAFORGE, EQ,2026-10-09,1.53,1.53,1.45,1.48,1.5,1.51,1199220,1778000.0,743,,722991.0,60.29,new
GANGESSECU, EQ,2026-10-09,115.99,115.99,112.0,113.97,114.98,113.75,156,18000.0,20,,130.0,83.33,new
GARFIBRES, EQ,2026-10-09,760.9,768.2,753.6,765.1,765.0,765.15,27608,21051000.0,2439,,16764.0,60.72,new
GARUDA, EQ,2026-10-09,165.65,168.03,162.93,163.63,165.0,165.42,312902,51510000.0,5904,,158055.0,50.51,new
GATECH, BE,2026-10-09,0.6,0.6,0.57,0.58,0.59,0.59,11814655,6856000.0,3881,,,,new
GATECHDVR, BE,2026-10-09,0.47,0.47,0.46,0.47,0.47,0.46,195738,90000.0,127,,,,new
GATEWAY, EQ,2026-10-09,50.54,51.42,50.04,51.01,50.75,50.33,740838,37646000.0,6772,,490323.0,66.18,new
GAUDIUMIVF, EQ,2026-10-09,105.6,107.0,102.62,105.8,106.45,104.38,146636,15328000.0,2826,,63427.0,43.25,new
GAYAHWS, EQ,2026-10-09,1.84,1.86,1.75,1.82,1.84,1.8,131689,238000.0,210,,85114.0,64.63,new
GAYAPROJ, EQ,2026-10-09,20.0,21.0,19.0,21.0,21.0,20.0,1378136,26920999.999999996,3978,,766336.0,55.61,new
GCHOTELS, SM,2026-10-09,109.3,118.85,109.2,117.2,118.5,115.05,16800,1943000.0,24,,13200.0,78.57,new
GCSL, EQ,2026-10-09,705.0,705.0,689.15,701.0,701.5,697.75,325976,227060000.0,3474,,110663.0,33.95,new
GEECEE, EQ,2026-10-09,359.75,359.75,325.5,337.8,339.9,352.7,4688,1605000.0,265,,3348.0,71.42,new
GEEKAYWIRE, EQ,2026-10-09,32.29,32.7,31.57,32.14,32.5,31.63,65522,2106000.0,464,,40177.0,61.32,new
GEMAROMA, EQ,2026-10-09,148.0,149.59,145.64,148.11,148.0,146.56,37518,5535000.0,1117,,17757.0,47.33,new
GENCON, EQ,2026-10-09,36.79,37.04,35.51,35.8,35.63,36.34,523878,18855000.0,1124,,240260.0,45.86,new
GENESYS, EQ,2026-10-09,278.0,284.25,275.0,276.05,276.9,279.6,342097,95137000.0,9643,,123061.0,35.97,new
GENSOL, BZ,2026-10-09,10.7,11.4,10.61,10.61,10.61,11.16,725910,7742000.0,1259,,,,new
GENUSPAPER, EQ,2026-10-09,10.29,10.48,10.2,10.25,10.46,10.29,21024,218000.00000000003,119,,17788.0,84.61,new
GENUSPOWER, EQ,2026-10-09,289.55,299.0,283.6,296.55,297.5,288.2,1471761,430429000.0,25891,,631843.0,42.93,new
GENXAI, SM,2026-10-09,85.0,86.0,84.0,84.0,84.0,85.5,14400,1225000.0,12,,10800.0,75.0,new
GEOJITFSL, EQ,2026-10-09,75.06,76.8,74.73,75.55,76.8,74.94,199208,15016000.0,2713,,97159.0,48.77,new
GERMAN, EQ,2026-10-09,117.65,117.65,111.82,112.46,111.98,115.62,1145116,130021000.0,14829,,381060.0,33.28,new
GESHIP, EQ,2026-10-09,1533.0,1559.0,1525.0,1533.7,1536.4,1529.7,387543,596046000.0,25808,,166602.0,42.99,new
GFLLIMITED, EQ,2026-10-09,54.5,56.53,54.5,55.6,55.5,54.91,43711,2431000.0,1645,,19557.0,44.74,new
GFSTEELS, BE,2026-10-09,42.25,42.25,42.0,42.25,42.25,41.43,5280,223000.0,18,,,,new
GGBL, SM,2026-10-09,218.0,221.8,216.1,217.4,219.0,215.0,11700,2568000.0,39,,7500.0,64.1,new
GHCL, EQ,2026-10-09,388.05,388.5,382.1,386.25,386.0,388.05,86161,33239000.0,6207,,50544.0,58.66,new
GHCLTEXTIL, EQ,2026-10-09,126.25,126.74,120.65,124.05,125.5,125.1,626981,76838000.0,9336,,374018.0,59.65,new
GICHSGFIN, EQ,2026-10-09,132.0,132.55,131.0,131.53,131.3,131.3,63850,8395000.0,1030,,40893.0,64.05,new
GICL, BE,2026-10-09,21.05,22.1,20.0,21.88,22.1,21.05,323015,6755000.0,215,,,,new
GICRE, EQ,2026-10-09,309.15,315.6,308.3,312.6,313.75,309.1,630348,197035000.0,19516,,319719.0,50.72,new
GILLANDERS, EQ,2026-10-09,104.15,108.0,99.2,100.14,100.1,104.15,12854,1309000.0,303,,8276.0,64.38,new
GILLETTE, EQ,2026-10-09,7234.5,7262.0,7075.5,7100.5,7083.0,7263.5,13859,99139000.0,4536,,5406.0,39.01,new
GILT10BETA, EQ,2026-10-09,26.35,26.35,25.84,26.34,26.34,26.21,277,7000.000000000001,12,,273.0,98.56,new
GILT5BETA, EQ,2026-10-09,66.31,66.31,65.8,66.12,66.12,66.34,1643,109000.00000000001,13,,1608.0,97.87,new
GILT5YBEES, EQ,2026-10-09,65.46,65.75,65.46,65.54,65.51,65.46,125631,8238000.0,373,,91462.0,72.8,new
GINNIFILA, BE,2026-10-09,40.7,42.0,39.72,40.75,41.15,40.33,19830,808000.0,89,,,,new
GIPCL, EQ,2026-10-09,166.46,168.19,163.74,166.58,166.04,164.94,207735,34478000.0,4624,,98093.0,47.22,new
GIRIRAJ, SM,2026-10-09,54.85,55.05,49.85,50.95,49.85,52.45,9750,509999.99999999994,30,,8000.0,82.05,new
GKB, EQ,2026-10-09,62.5,63.78,59.99,60.28,60.0,62.91,2385,146000.0,43,,1833.0,76.86,new
GKENERGY, EQ,2026-10-09,115.0,115.0,112.1,113.08,112.15,113.17,193792,22020000.0,2749,,93493.0,48.24,new
GKSL, EQ,2026-10-09,181.99,185.2,180.0,184.09,183.0,180.71,448619,82112000.0,6785,,120527.0,26.87,new
GKWLIMITED, EQ,2026-10-09,1550.0,1555.2,1531.0,1544.9,1551.9,1562.3,6765,10489000.0,82,,6570.0,97.12,new
GLAND, EQ,2026-10-09,3059.1,3121.9,3008.2,3061.8,3058.0,3079.1,181216,555960000.0,22025,,67381.0,37.18,new
GLASSWALL, EQ,2026-10-09,272.1,278.55,262.65,267.6,264.8,267.1,4902831,1315861000.0,57944,,572734.0,11.68,new
GLAXO, EQ,2026-10-09,2534.4,2565.0,2485.0,2540.3,2532.1,2534.4,41351,104804000.0,9943,,15757.0,38.11,new
GLENMARK, EQ,2026-10-09,2207.0,2293.0,2203.0,2293.0,2293.0,2192.2,414339,935157000.0,37408,,144169.0,34.79,new
GLFL, EQ,2026-10-09,5.2,5.7,5.2,5.58,5.6,5.6,12606,67000.0,34,,10639.0,84.4,new
GLOBAL, EQ,2026-10-09,141.51,143.76,140.11,142.2,142.03,141.41,114393,16237000.0,1372,,76416.0,66.8,new
GLOBALE, EQ,2026-10-09,12.55,12.68,11.55,12.01,12.0,11.53,20066,246000.0,137,,10494.0,52.3,new
GLOBALVECT, EQ,2026-10-09,124.4,128.88,124.4,126.24,126.65,124.2,3710,468000.0,169,,2434.0,65.61,new
GLOBE, EQ,2026-10-09,2.04,2.16,2.04,2.07,2.08,2.07,431918,917000.0,371,,348234.0,80.63,new
GLOBECIVIL, EQ,2026-10-09,40.82,41.59,40.05,40.6,40.9,40.82,13515,546000.0,178,,10107.0,74.78,new
GLOBUSSPR, EQ,2026-10-09,785.0,797.6,777.3,780.95,779.95,783.45,62879,49246000.0,5254,,35634.0,56.67,new
GLOSTERLTD, EQ,2026-10-09,542.3,542.95,531.0,534.75,542.9,542.3,556,297000.0,67,,400.0,71.94,new
GLOTTIS, EQ,2026-10-09,56.83,57.48,54.7,55.61,55.98,56.62,42393,2358000.0,1190,,27306.0,64.41,new
GMBREW, EQ,2026-10-09,910.0,928.5,881.55,885.75,884.0,887.45,239875,215478000.00000003,18272,,35039.0,14.61,new
GMDCLTD, EQ,2026-10-09,465.5,471.25,458.05,462.15,462.95,463.35,694388,322896000.0,26380,,234817.0,33.82,new
GMMPFAUDLR, EQ,2026-10-09,1348.7,1358.4,1285.5,1299.8,1305.9,1340.4,171311,223884000.0,18695,,84607.0,49.39,new
GMRAIRPORT, EQ,2026-10-09,88.89,92.31,88.6,92.31,92.31,87.77,65561091,5876967000.0,41656,,56019946.0,85.45,new
GMRP&UI, EQ,2026-10-09,97.11,100.11,97.11,98.1,97.3,97.11,598275,59012000.0,7618,,220283.0,36.82,new
GNA, EQ,2026-10-09,560.0,570.0,543.2,554.55,551.4,557.7,341444,190482000.0,10146,,160112.0,46.89,new
GNFC, EQ,2026-10-09,604.95,612.5,590.0,592.7,592.95,599.25,335320,201145000.0,14695,,124986.0,37.27,new
GNRL, EQ,2026-10-09,95.7,97.7,94.38,95.78,97.7,95.52,637233,60602000.0,2691,,540945.0,84.89,new
GOACARBON, EQ,2026-10-09,405.0,405.0,395.0,401.8,400.2,394.8,9106,3636999.9999999995,728,,4196.0,46.08,new
GOCLCORP, EQ,2026-10-09,362.0,364.75,354.85,357.5,357.0,357.6,35867,12853000.0,2070,,15914.0,44.37,new
GOCOLORS, EQ,2026-10-09,298.3,302.0,292.0,292.75,293.0,296.9,105541,31244000.0,3753,,51404.0,48.71,new
GODAVARIB, EQ,2026-10-09,221.0,224.08,219.07,221.26,221.4,221.02,33076,7320000.0,1183,,19498.0,58.95,new
GODFRYPHLP, EQ,2026-10-09,1777.0,1819.4,1777.0,1813.2,1813.2,1771.0,151621,273607000.0,13352,,57761.0,38.1,new
GODIGIT, EQ,2026-10-09,264.0,276.75,260.85,272.85,272.8,261.45,1800160,490510000.00000006,61079,,744508.0,41.36,new
GODREJAGRO, EQ,2026-10-09,640.0,646.3,624.2,628.45,624.45,639.95,112214,71351000.0,10537,,47290.0,42.14,new
GODREJCP, EQ,2026-10-09,867.0,873.9,858.1,860.5,860.5,865.0,619093,537761000.0,12024,,343583.0,55.5,new
GODREJIND, EQ,2026-10-09,1002.4,1004.8,982.2,985.4,984.0,1002.4,53522,52949000.0,8790,,22482.0,42.01,new
GODREJPROP, EQ,2026-10-09,1541.6,1561.2,1533.1,1550.0,1550.0,1534.0,295279,457214000.00000006,13795,,134659.0,45.6,new
GOKEX, EQ,2026-10-09,651.95,672.95,650.1,667.7,672.0,652.35,138431,91397000.0,6066,,78928.0,57.02,new
GOKUL, EQ,2026-10-09,37.5,38.99,37.28,38.05,38.2,37.8,139275,5290000.0,373,,20089.0,14.42,new
GOKULAGRO, EQ,2026-10-09,206.5,211.05,205.01,206.74,206.35,205.54,194554,40373000.0,8837,,68117.0,35.01,new
GOLD1, EQ,2026-10-09,123.5,124.27,123.21,123.98,123.99,122.19,1581956,195863000.0,6319,,642822.0,40.63,new
GOLD360, EQ,2026-10-09,145.0,145.25,144.1,144.5,144.55,143.0,6546,948000.0,166,,4418.0,67.49,new
GOLDADD, EQ,2026-10-09,14.39,14.47,14.35,14.43,14.44,14.22,3382332,48801000.0,4277,,1742451.0,51.52,new
GOLDAXIS, EQ,2026-10-09,122.9,124.07,122.9,123.76,123.9,121.77,2679938,331481000.0,5016,,2196134.0,81.95,new
GOLDBEES, EQ,2026-10-09,122.12,122.99,122.12,122.75,122.78,120.94,15608040,1913500000.0,74887,,8195410.0,52.51,new
GOLDBETA, EQ,2026-10-09,124.15,125.15,124.15,124.85,124.7,123.15,662302,82676000.0,1534,,558802.0,84.37,new
GOLDBND, EQ,2026-10-09,147.16,148.83,147.16,148.52,148.54,146.43,17901,2657000.0,258,,14664.0,81.92,new
GOLDCASE, EQ,2026-10-09,23.26,23.4,23.23,23.35,23.35,23.01,10332612,241015000.0,10902,,5958299.0,57.66,new
GOLDENTOBC, BZ,2026-10-09,22.08,23.18,21.72,21.74,21.72,22.08,2760,61000.0,28,,,,new
GOLDETF, EQ,2026-10-09,143.39,144.57,143.39,144.16,144.22,142.24,3263688,470477000.00000006,5863,,2850512.0,87.34,new
GOLDIAM, EQ,2026-10-09,306.0,310.0,303.85,305.9,306.0,305.75,189055,57938000.0,5112,,77181.0,40.82,new
GOLDIETF, EQ,2026-10-09,126.67,127.68,126.51,127.35,127.25,125.32,7639588,972345999.9999999,25354,,5984973.0,78.34,new
GOLDSTAR, ST,2026-10-09,10.15,11.05,10.05,11.05,11.05,10.55,618750,6271000.0,47,,607500.0,98.18,new
GOLDTECH, BE,2026-10-09,40.75,40.75,40.0,40.0,40.0,40.8,5548,222000.00000000003,58,,,,new
GOODLUCK, EQ,2026-10-09,494.1,508.4,494.1,500.25,499.0,496.8,248940,124932000.0,8678,,108859.0,43.73,new
GOODYEAR, EQ,2026-10-09,677.25,681.8,675.0,676.85,675.0,677.05,2838,1925000.0,465,,1798.0,63.35,new
GOPAL, EQ,2026-10-09,252.55,255.35,250.05,253.35,252.3,252.4,74003,18636000.0,3225,,40163.0,54.27,new
GOYALALUM, EQ,2026-10-09,5.63,5.8,5.63,5.72,5.65,5.6,38667,222000.00000000003,433,,26330.0,68.09,new
GOYALSALT, SM,2026-10-09,101.0,103.95,100.1,103.95,103.95,100.0,12000,1214000.0,5,,12000.0,100.0,new
GPECO, SM,2026-10-09,432.0,432.0,418.5,420.4,420.0,423.85,10000,4238000.0,46,,7400.0,74.0,new
GPIL, EQ,2026-10-09,207.0,209.24,203.82,206.47,205.1,205.63,1373248,283195000.0,24819,,643882.0,46.89,new
GPPL, EQ,2026-10-09,166.64,171.2,166.07,167.9,167.45,166.64,803344,135675000.0,16299,,288333.0,35.89,new
GPTHEALTH, EQ,2026-10-09,141.0,145.8,138.18,139.62,139.5,140.12,83497,11742000.0,2961,,32112.0,38.46,new
GPTINFRA, EQ,2026-10-09,122.52,127.99,119.82,121.88,122.0,121.19,216420,26436000.0,3492,,83723.0,38.69,new
GRADIENTE, BE,2026-10-09,2.46,2.5,2.34,2.39,2.49,2.46,1026936,2426000.0,237,,,,new
GRANDOAK, EQ,2026-10-09,37.09,39.6,34.12,37.62,37.83,36.0,12613,468000.0,200,,5472.0,43.38,new
GRANULES, EQ,2026-10-09,815.05,835.85,809.65,815.25,814.0,815.05,603580,496450000.0,29813,,252064.0,41.76,new
GRAPHISAD, SM,2026-10-09,23.95,23.95,23.8,23.8,23.8,23.8,3600,86000.0,3,,3600.0,100.0,new
GRAPHITE, EQ,2026-10-09,806.2,816.0,791.15,806.6,806.0,802.15,896793,721679000.0,35930,,329063.0,36.69,new
GRASIM, EQ,2026-10-09,2863.8,2894.9,2857.8,2890.0,2890.0,2856.8,222643,641785000.0,22101,,134125.0,60.24,new
GRAUWEIL, EQ,2026-10-09,79.5,84.8,77.09,81.32,81.6,78.0,1562711,127883000.0,12944,,380790.0,24.37,new
GRAVISSHO, BE,2026-10-09,30.61,30.61,30.61,30.61,30.61,30.01,1,0.0,1,,,,new
GRAVITA, EQ,2026-10-09,1510.2,1541.8,1440.1,1466.4,1468.0,1482.3,343285,509741000.0,33298,,105325.0,30.68,new
GRCL, SM,2026-10-09,569.95,569.95,569.95,569.95,569.95,550.0,250,142000.0,1,,250.0,100.0,new
GREAVESCOT, EQ,2026-10-09,210.18,214.52,206.1,207.22,206.1,211.61,1007887,210579000.0,17957,,437933.0,43.45,new
GREENASIA, ST,2026-10-09,76.35,76.35,76.35,76.35,76.35,80.35,3200,244000.0,2,,3200.0,100.0,new
GREENCHEF, SM,2026-10-09,65.0,65.0,65.0,65.0,65.0,65.0,2400,156000.0,2,,2400.0,100.0,new
GREENLAM, EQ,2026-10-09,207.8,209.8,203.21,206.34,209.8,206.86,46668,9571000.0,1422,,28549.0,61.17,new
GREENLEAF, SM,2026-10-09,113.95,114.0,113.95,114.0,114.0,109.0,4000,455999.99999999994,4,,3000.0,75.0,new
GREENPANEL, EQ,2026-10-09,154.17,155.4,152.31,153.78,153.84,154.17,121907,18733000.0,3497,,59220.0,48.58,new
GREENPLY, EQ,2026-10-09,303.4,308.6,298.3,306.7,306.0,305.7,126215,38316000.0,6847,,67719.0,53.65,new
GREENPOWER, EQ,2026-10-09,8.35,9.7,8.27,8.56,8.55,8.34,1926503,16422999.999999998,3916,,674865.0,35.03,new
GRINDWELL, EQ,2026-10-09,2003.3,2025.9,1973.4,1990.6,1992.9,2007.0,16639,33204000.000000004,5348,,7892.0,47.43,new
GRINFRA, EQ,2026-10-09,785.05,797.8,779.0,787.55,781.5,789.4,12184,9629000.0,1991,,5937.0,48.73,new
GRMOVER, EQ,2026-10-09,80.0,80.75,79.01,80.02,80.13,79.68,945553,75396000.0,12176,,91736.0,9.7,new
GROBTEA, EQ,2026-10-09,892.0,892.0,889.9,889.95,890.0,890.7,22,20000.0,4,,17.0,77.27,new
GROWW, EQ,2026-10-09,193.2,193.51,189.5,192.39,191.82,192.6,13619125,2612438000.0,105302,,6629856.0,48.68,new
GROWWCAPM, EQ,2026-10-09,11.0,11.01,10.78,10.95,10.96,10.96,274693,2994000.0,1134,,138486.0,50.41,new
GROWWCHEM, EQ,2026-10-09,28.24,28.4,27.81,28.06,28.11,27.92,10767,302000.0,169,,6736.0,62.56,new
GROWWDEFNC, EQ,2026-10-09,89.86,90.49,88.6,90.19,90.0,89.86,182927,16411000.000000002,2653,,88988.0,48.65,new
GROWWEV, EQ,2026-10-09,29.5,29.95,29.1,29.38,29.26,29.41,227142,6681999.999999999,1674,,90283.0,39.75,new
GROWWGOLD, EQ,2026-10-09,14.45,14.53,14.41,14.49,14.52,14.27,1724240,24980000.0,2557,,785788.0,45.57,new
GROWWHOSPI, EQ,2026-10-09,46.48,47.13,46.03,46.8,46.41,45.81,535633,24990000.0,1425,,313546.0,58.54,new
GROWWLIQID, EQ,2026-10-09,111.12,111.12,111.11,111.11,111.12,111.07,94751,10528000.0,196,,60761.0,64.13,new
GROWWLOVOL, EQ,2026-10-09,9.8,9.8,9.6,9.69,9.67,9.61,8794,85000.0,79,,4630.0,52.65,new
GROWWMC150, EQ,2026-10-09,214.9,220.78,214.2,216.69,220.78,214.93,65,14000.000000000002,13,,53.0,81.54,new
GROWWMETAL, EQ,2026-10-09,11.09,11.65,11.09,11.48,11.5,11.38,559906,6403000.0,1469,,215063.0,38.41,new
GROWWMOM50, EQ,2026-10-09,10.5,10.63,10.38,10.57,10.63,10.54,112653,1183000.0,518,,68668.0,60.96,new
GROWWN200, EQ,2026-10-09,10.74,10.78,10.5,10.62,10.7,10.53,47138,498000.00000000006,238,,20193.0,42.84,new
GROWWNET, EQ,2026-10-09,9.99,10.14,9.91,9.97,10.06,9.99,374075,3743000.0,619,,210408.0,56.25,new
GROWWNIFTY, EQ,2026-10-09,9.19,9.19,9.03,9.14,9.15,9.02,586928,5341000.0,3126,,364588.0,62.12,new
GROWWNXT50, EQ,2026-10-09,69.95,69.95,67.85,68.85,69.0,69.0,7060,484000.0,124,,4117.0,58.31,new
GROWWPOWER, EQ,2026-10-09,10.53,10.67,10.39,10.52,10.55,10.52,2040506,21462000.0,2343,,927599.0,45.46,new
GROWWPSE, EQ,2026-10-09,91.25,91.99,89.3,91.96,91.99,91.25,3282,301000.0,103,,3049.0,92.9,new
GROWWPSUBK, EQ,2026-10-09,81.95,81.95,79.8,81.32,80.75,81.24,1249,101000.0,98,,890.0,71.26,new
GROWWRAIL, EQ,2026-10-09,25.56,25.7,25.3,25.55,25.68,25.32,289570,7395999.999999999,2017,,136688.0,47.2,new
GROWWRLTY, EQ,2026-10-09,9.03,9.1,8.87,9.01,9.06,8.87,190091,1712000.0,403,,98619.0,51.88,new
GROWWSC250, EQ,2026-10-09,10.16,10.25,10.02,10.17,10.19,10.16,60449,614000.0,487,,45995.0,76.09,new
GROWWSLVR, EQ,2026-10-09,21.34,21.55,21.34,21.47,21.49,21.11,741089,15911000.000000002,1642,,185256.0,25.0,new
GRPLTD, EQ,2026-10-09,1735.6,1818.0,1735.0,1795.0,1818.0,1728.7,1095,1952000.0,342,,682.0,62.28,new
GRSE, EQ,2026-10-09,2033.1,2072.0,2000.0,2046.0,2048.4,2014.0,428518,874807000.0,39209,,116666.0,27.23,new
GRWRHITECH, EQ,2026-10-09,6929.0,7065.0,6851.5,6997.5,6988.0,6929.0,49095,342438000.0,10666,,22991.0,46.83,new
GSEC10IETF, EQ,2026-10-09,258.0,260.8,258.0,260.8,260.8,258.58,160,42000.0,9,,112.0,70.0,new
GSEC10YEAR, EQ,2026-10-09,29.77,30.6,29.73,30.6,30.6,29.87,2531,75000.0,14,,2496.0,98.62,new
GSEC5IETF, EQ,2026-10-09,65.82,66.1,65.39,65.78,66.1,65.82,2721,179000.0,36,,2118.0,77.84,new
GSFC, EQ,2026-10-09,147.01,149.0,146.11,147.28,147.65,146.5,433474,63947000.0,7763,,163132.0,37.63,new
GSLSU, EQ,2026-10-09,28.75,28.75,26.1,26.43,26.3,27.44,119018,3186000.0,1283,,56443.0,47.42,new
GSMFOILS, SM,2026-10-09,64.0,64.4,60.5,63.5,63.8,63.35,200500,12381000.0,241,,86500.0,43.14,new
GSPCROP, EQ,2026-10-09,490.05,496.35,480.0,482.9,486.8,492.1,255982,124749000.0,3235,,19990.0,7.81,new
GSPLTRANS, BE,2026-10-09,108.0,110.04,106.17,106.19,106.17,111.75,3764841,400900000.0,21744,,,,new
GSS, EQ,2026-10-09,10.33,10.34,9.9,9.94,9.92,10.23,66023,661000.0,440,,51888.0,78.59,new
GSTL, SM,2026-10-09,12.5,12.6,12.5,12.6,12.6,12.0,15000,189000.0,12,,15000.0,100.0,new
GTECJAINX, EQ,2026-10-09,34.5,36.0,33.74,33.74,33.74,35.51,10093,354000.0,49,,8066.0,79.92,new
GTL, EQ,2026-10-09,6.85,6.85,6.58,6.64,6.69,6.71,218940,1460000.0,755,,128911.0,58.88,new
GTLINFRA, EQ,2026-10-09,1.06,1.08,1.05,1.06,1.08,1.05,25081222,26702999.999999996,11396,,10148776.0,40.46,new
GTPL, EQ,2026-10-09,55.1,56.2,54.61,55.39,55.5,54.56,12088,668000.0,370,,7323.0,60.58,new
GUFICBIO, EQ,2026-10-09,405.0,412.85,401.1,406.3,407.7,404.05,74116,30025000.0,3568,,36914.0,49.81,new
GUJALKALI, EQ,2026-10-09,604.55,609.25,590.2,605.45,605.6,596.65,36432,21857000.0,3132,,12516.0,34.35,new
GUJAPOLLO, EQ,2026-10-09,331.55,338.85,324.6,326.5,325.75,332.0,10419,3447999.9999999995,1584,,3818.0,36.64,new
GUJENERGY, EQ,2026-10-09,220.0,224.4,220.0,223.7,223.5,219.86,662800,147854000.0,20251,,338129.0,51.02,new
GUJRAFFIA, EQ,2026-10-09,43.53,45.99,42.31,42.44,42.35,43.47,6091,272000.0,164,,5136.0,84.32,new
GUJTHEM, EQ,2026-10-09,368.05,373.6,359.6,363.5,363.0,367.95,391458,143399000.0,10247,,203430.0,51.97,new
GULFOILLUB, EQ,2026-10-09,1086.0,1088.6,1073.3,1077.3,1079.0,1089.3,15957,17222000.0,3049,,9403.0,58.93,new
GULFPETRO, BE,2026-10-09,59.74,62.03,58.1,61.59,62.0,59.08,54146,3276000.0,349,,,,new
GULPOLY, EQ,2026-10-09,159.37,161.9,158.36,160.21,160.02,159.84,36117,5766000.0,1145,,14367.0,39.78,new
GURUNANAK, SM,2026-10-09,32.5,32.5,31.05,31.05,31.05,32.5,8000,254999.99999999997,4,,8000.0,100.0,new
GVKPIL, BE,2026-10-09,2.3,2.3,2.3,2.3,2.3,2.34,283167,651000.0,451,,,,new
GVPIL, EQ,2026-10-09,663.45,672.7,638.6,656.65,668.0,656.15,215599,141512000.0,12106,,87161.0,40.43,new
GVPTECH, BE,2026-10-09,7.38,7.38,7.07,7.13,7.3,7.18,30676,221000.0,139,,,,new
GVT&D, EQ,2026-10-09,4201.0,4252.2,4101.4,4194.4,4194.4,4200.0,583166,2449756000.0,55101,,303699.0,52.08,new
GYFTR, EQ,2026-10-09,168.05,172.78,165.51,168.63,167.3,171.38,151726,25627000.0,6270,,19800.0,13.05,new
HAL, EQ,2026-10-09,4650.0,4696.0,4590.0,4655.6,4655.6,4647.4,503087,2343796000.0,33850,,177288.0,35.24,new
HALDER, EQ,2026-10-09,252.28,254.0,231.0,239.76,235.6,257.82,24203,6103000.0,197,,6903.0,28.52,new
HALDYNGL, EQ,2026-10-09,138.43,140.84,136.22,139.87,140.35,140.89,51013,7059000.0,855,,25142.0,49.29,new
HALEOSLABS, EQ,2026-10-09,1597.4,1597.4,1529.9,1563.7,1550.0,1567.8,903,1408000.0,120,,598.0,66.22,new
HAMPTON, EQ,2026-10-09,8.28,8.47,7.67,7.9,8.18,8.09,13633,111000.00000000001,141,,11409.0,83.69,new
HAPPSTMNDS, EQ,2026-10-09,302.6,310.5,302.3,306.1,306.7,300.2,639365,195860000.0,17539,,177699.0,27.79,new
HAPPY, SM,2026-10-09,78.55,78.55,76.6,77.05,76.6,78.1,12000,931000.0,6,,12000.0,100.0,new
HAPPYFORGE, EQ,2026-10-09,1959.9,1988.9,1906.2,1922.6,1918.0,1940.9,72271,139670000.0,14149,,37862.0,52.39,new
HARDWYN, EQ,2026-10-09,9.19,9.36,9.06,9.19,9.2,9.13,416077,3817000.0,818,,278303.0,66.89,new
HARIOMPIPE, EQ,2026-10-09,328.4,337.95,322.0,334.85,336.0,326.55,95998,31499000.0,3568,,39946.0,41.61,new
HARRMALAYA, EQ,2026-10-09,170.0,172.9,166.36,172.2,172.0,169.2,2910,495000.0,145,,1651.0,56.74,new
HARSHA, EQ,2026-10-09,444.0,448.55,430.2,441.95,442.7,442.4,92560,40574000.0,4856,,40723.0,44.0,new
HATHWAY, EQ,2026-10-09,9.21,9.86,9.21,9.75,9.85,9.21,2568862,24599000.0,4719,,1041274.0,40.53,new
HATSUN, EQ,2026-10-09,1135.2,1135.2,1113.4,1121.8,1128.8,1120.7,15366,17223000.0,1601,,6416.0,41.75,new
HAVELLS, EQ,2026-10-09,1019.0,1044.0,1017.9,1041.5,1041.5,1023.7,612108,634082000.0,17087,,348369.0,56.91,new
HAVISHA, EQ,2026-10-09,1.59,1.59,1.42,1.44,1.46,1.41,37058,54000.0,137,,31711.0,85.57,new
HAWKINCOOK, EQ,2026-10-09,8000.0,8044.0,7880.0,8014.0,8015.0,7979.5,1118,8941000.0,575,,778.0,69.59,new
HAZOOR, EQ,2026-10-09,17.34,17.39,16.11,16.27,16.29,17.07,523668,8665000.0,2971,,236559.0,45.17,new
HBESD, EQ,2026-10-09,75.0,77.5,74.4,74.43,74.4,74.4,4150,311000.0,73,,3309.0,79.73,new
HBLENGINE, EQ,2026-10-09,730.0,734.2,717.1,719.05,719.8,725.15,846425,612365000.0,35496,,305167.0,36.05,new
HBPOR, EQ,2026-10-09,64.75,64.75,59.5,61.12,61.0,61.99,287,17000.0,26,,226.0,78.75,new
HBSL, EQ,2026-10-09,54.44,57.55,53.1,57.4,57.0,54.44,136,7000.000000000001,22,,94.0,69.12,new
HCC, EQ,2026-10-09,18.81,19.2,18.35,19.01,19.01,18.75,16705845,314784000.0,27554,,6342470.0,37.97,new
HCG, EQ,2026-10-09,623.9,628.0,583.2,589.2,588.7,638.75,701717,423322999.99999994,37843,,360697.0,51.4,new
HCL-INSYS, EQ,2026-10-09,9.93,10.05,9.91,10.0,10.0,9.92,109536,1092000.0,688,,67893.0,61.98,new
HCLTECH, EQ,2026-10-09,1176.9,1221.0,1175.0,1216.7,1216.7,1176.9,2934650,3547058000.0,80730,,1188935.0,40.51,new
HDBFS, EQ,2026-10-09,588.95,592.0,585.0,588.65,590.0,586.4,484652,284589000.0,38028,,291162.0,60.08,new
HDFCAMC, EQ,2026-10-09,2248.6,2291.7,2232.3,2262.5,2262.5,2245.0,934253,2123682000.0,54104,,532803.0,57.03,new
HDFCBANK, EQ,2026-10-09,696.6,710.15,695.3,707.25,707.25,692.25,18397972,12964035000.0,170815,,10515543.0,57.16,new
HDFCBSE500, EQ,2026-10-09,34.97,37.47,34.8,35.56,36.35,34.96,828909,29233999.999999996,240,,738915.0,89.14,new
HDFCGOLD, EQ,2026-10-09,126.04,127.06,126.04,126.81,126.74,125.02,2951998,373975000.0,8880,,1823887.0,61.78,new
HDFCGROWTH, EQ,2026-10-09,108.44,109.61,108.16,108.82,109.5,108.44,28041,3054000.0,124,,8283.0,29.54,new
HDFCLIFE, EQ,2026-10-09,548.7,562.35,547.35,556.65,556.65,544.5,2712798,1512878000.0,63685,,1114468.0,41.08,new
HDFCLIQUID, EQ,2026-10-09,1081.65,1081.67,1081.65,1081.65,1081.67,1081.2,25523,27607000.0,56,,23220.0,90.98,new
HDFCLOWVOL, EQ,2026-10-09,19.03,19.22,18.98,19.1,19.08,19.03,2734,52000.0,81,,1641.0,60.02,new
HDFCMID150, EQ,2026-10-09,21.7,22.0,21.59,21.93,21.9,21.7,327206,7145999.999999999,1365,,164520.0,50.28,new
HDFCMOMENT, EQ,2026-10-09,29.36,29.63,29.0,29.53,29.61,29.36,128558,3784000.0000000005,2057,,48488.0,37.72,new
HDFCNEXT50, EQ,2026-10-09,69.44,69.92,68.99,69.63,69.85,69.46,126753,8827000.0,1250,,76582.0,60.42,new
HDFCNIF100, EQ,2026-10-09,24.37,24.42,24.15,24.37,24.4,24.13,15460,377000.0,216,,9980.0,64.55,new
HDFCNIFBAN, EQ,2026-10-09,56.48,57.17,56.41,57.01,56.83,56.19,418982,23864000.0,2291,,379911.0,90.67,new
HDFCNIFIT, EQ,2026-10-09,29.56,30.74,29.56,30.52,30.48,29.56,491649,14983000.000000002,2875,,191646.0,38.98,new
HDFCNIFTY, EQ,2026-10-09,244.82,260.0,244.82,254.97,260.0,251.1,101302,25770000.0,1385,,66815.0,65.96,new
HDFCNIMEG, EQ,2026-10-09,118.0,120.8,118.0,119.8,120.39,118.94,82752,9855000.0,1562,,53383.0,64.51,new
HDFCPSUBK, EQ,2026-10-09,79.94,82.27,79.94,82.14,81.63,80.78,36831,3017000.0,162,,21297.0,57.82,new
HDFCPVTBAN, EQ,2026-10-09,27.46,27.9,27.44,27.74,27.64,27.42,154894,4290000.0,329,,94112.0,60.76,new
HDFCQUAL, EQ,2026-10-09,54.17,56.9,54.17,55.43,55.13,54.02,7205,395000.0,70,,2544.0,35.31,new
HDFCSENSEX, EQ,2026-10-09,82.07,82.81,81.51,82.48,82.81,81.68,45136,3711000.0,604,,29810.0,66.04,new
HDFCSILVER, EQ,2026-10-09,208.4,210.16,208.34,209.56,209.7,205.84,1133017,237244999.99999997,7422,,606129.0,53.5,new
HDFCSML250, EQ,2026-10-09,177.26,177.97,174.61,177.14,177.16,176.41,1366724,241539000.0,10738,,669688.0,49.0,new
HDFCVALUE, EQ,2026-10-09,117.56,118.61,117.06,118.23,118.61,116.56,2790,330000.0,84,,1728.0,61.94,new
HDIL, BZ,2026-10-09,1.48,1.49,1.41,1.44,1.47,1.43,84367,122000.0,200,,,,new
HEADSUP, EQ,2026-10-09,6.59,6.59,5.95,6.02,6.02,6.49,22741,139000.0,220,,18776.0,82.56,new
HEALTHADD, EQ,2026-10-09,15.91,16.09,15.82,16.02,16.01,15.84,5645,90000.0,151,,2947.0,52.21,new
HEALTHAXIS, EQ,2026-10-09,159.69,162.0,159.69,161.95,161.95,160.0,7351,1184000.0,65,,3481.0,47.35,new
HEALTHCARE, EQ,2026-10-09,20.69,20.78,20.48,20.71,20.72,20.5,27120,560000.0,184,,17798.0,65.63,new
HEALTHIETF, EQ,2026-10-09,161.82,163.24,160.64,162.08,162.6,160.49,225514,36632000.0,1317,,179098.0,79.42,new
HEALTHX, EQ,2026-10-09,303.0,303.0,286.0,291.25,291.5,292.9,2562,746000.0,171,,1661.0,64.83,new
HEALTHY, EQ,2026-10-09,15.9,16.49,15.9,16.29,16.25,16.16,185111,3014000.0,817,,81816.0,44.2,new
HECPROJECT, EQ,2026-10-09,111.0,117.1,111.0,112.02,113.99,110.66,12582,1441000.0,201,,9347.0,74.29,new
HEGAM, EQ,2026-10-09,238.1,239.0,229.01,233.56,233.5,237.17,1329186,309236000.0,30232,,695950.0,52.36,new
HEIDELBERG, EQ,2026-10-09,126.98,126.98,123.76,124.27,124.12,125.48,197778,24621000.0,3430,,102708.0,51.93,new
HEMIPROP, EQ,2026-10-09,110.0,111.01,108.15,110.35,110.02,109.24,231973,25471000.0,3723,,115262.0,49.69,new
HERANBA, EQ,2026-10-09,163.21,165.05,160.2,162.05,162.0,162.05,42463,6873999.999999999,1259,,18824.0,44.33,new
HERITGFOOD, EQ,2026-10-09,387.5,392.5,383.0,390.15,390.0,383.75,200716,77944000.0,6649,,67431.0,33.6,new
HEROMOTOCO, EQ,2026-10-09,4864.0,4953.0,4825.0,4895.5,4895.5,4856.5,305913,1502502000.0,41127,,152092.0,49.72,new
HEROMOTORS, EQ,2026-10-09,164.7,165.0,152.05,158.48,157.4,164.35,30346470,4754946000.0,190640,,4026085.0,13.27,new
HESTERBIO, EQ,2026-10-09,2067.5,2090.9,2030.5,2058.7,2069.8,2069.9,2598,5344000.0,465,,913.0,35.14,new
HEXAGON, BE,2026-10-09,69.9,70.0,67.12,69.43,68.75,68.59,192517,13196000.0,799,,,,new
HEXATRADEX, EQ,2026-10-09,158.0,158.5,154.16,157.02,157.7,155.1,2418,378000.0,95,,1507.0,62.32,new
HEXT, EQ,2026-10-09,533.0,574.5,526.2,538.5,542.0,511.4,30418657,16730678000.0,505719,,1957964.0,6.44,new
HFCL, BE,2026-10-09,252.0,269.0,245.4,260.4,261.01,258.31,9090217,2309143000.0,64790,,,,new
HGINFRA, EQ,2026-10-09,402.25,407.2,398.6,401.75,400.95,403.0,87029,35082000.0,4332,,30323.0,34.84,new
HGM, EQ,2026-10-09,40.59,40.59,38.23,39.45,38.38,39.83,1972,77000.0,45,,1942.0,98.48,new
HGS, EQ,2026-10-09,355.2,361.8,351.55,355.55,355.0,358.95,13308,4727000.0,1496,,8282.0,62.23,new
HIGREEN, SM,2026-10-09,121.8,129.9,119.55,126.35,129.9,119.35,29600,3667000.0,37,,21600.0,72.97,new
HIKAL, EQ,2026-10-09,214.98,217.0,211.3,213.66,213.1,212.21,293602,62942999.99999999,6094,,89529.0,30.49,new
HILINFRA, EQ,2026-10-09,48.0,50.4,47.48,49.59,50.2,47.69,308271,15038000.0,2347,,184427.0,59.83,new
HILTON, EQ,2026-10-09,16.69,16.69,16.05,16.19,16.1,16.34,63427,1027999.9999999999,433,,43636.0,68.8,new
HIMALAYAN, ST,2026-10-09,80.0,80.6,79.75,80.5,80.5,76.8,103200,8309000.0,50,,96000.0,93.02,new
HIMATSEIDE, EQ,2026-10-09,60.35,61.13,58.95,59.52,59.74,60.32,784019,46772000.0,6110,,420636.0,53.65,new
HINDADH, EQ,2026-10-09,386.0,388.1,376.15,388.0,388.0,386.75,2062,790000.0,68,,1781.0,86.37,new
HINDALCO, EQ,2026-10-09,893.85,900.6,886.8,900.35,900.35,890.15,3499215,3136999000.0,70383,,1908090.0,54.53,new
HINDALUMI, EQ,2026-10-09,90.4,90.4,89.5,89.5,89.5,89.9,344,31000.0,38,,292.0,84.88,new
HINDCOMPOS, EQ,2026-10-09,418.0,440.9,418.0,426.85,426.0,417.0,48303,20758000.0,1925,,26197.0,54.23,new
HINDCON, BE,2026-10-09,28.46,29.89,28.46,28.46,28.46,29.95,106599,3043000.0,455,,,,new
HINDCOPPER, EQ,2026-10-09,470.0,473.9,462.25,468.85,469.7,467.5,4386003,2060027000.0,53563,,1557985.0,35.52,new
HINDOILEXP, EQ,2026-10-09,168.57,170.68,166.31,169.34,168.1,169.4,324790,55019000.00000001,5717,,171018.0,52.65,new
HINDPETRO, EQ,2026-10-09,330.4,331.8,323.25,326.0,326.0,326.6,6392568,2084366999.9999998,70456,,3909216.0,61.15,new
HINDUNILVR, EQ,2026-10-09,1843.5,1868.9,1839.1,1856.7,1856.7,1844.5,1300930,2420411000.0,60559,,769711.0,59.17,new
HINDWAREAP, EQ,2026-10-09,169.02,171.15,166.82,170.5,170.0,169.01,40792,6887000.0,1220,,24856.0,60.93,new
HINDZINC, EQ,2026-10-09,537.0,547.0,531.1,543.5,543.5,531.75,2024919,1093284000.0,29211,,759540.0,37.51,new
HIRECT, EQ,2026-10-09,1110.0,1144.6,1083.5,1113.7,1110.0,1096.1,47706,52830999.99999999,5371,,15190.0,31.84,new
HISARMETAL, EQ,2026-10-09,144.27,145.22,142.05,142.93,145.0,144.26,1846,266000.0,33,,1826.0,98.92,new
HITECH, EQ,2026-10-09,71.23,71.74,70.19,70.94,71.23,70.8,429718,30493000.0,3640,,192146.0,44.71,new
HITECHCORP, BE,2026-10-09,348.4,353.0,345.05,350.8,353.0,350.55,46271,16185000.0,349,,,,new
HITECHGEAR, BE,2026-10-09,567.0,575.0,551.3,573.05,573.4,562.05,1016,573000.0,42,,,,new
HLEGLAS, EQ,2026-10-09,430.2,438.65,423.7,423.7,423.7,446.0,215922,92041000.0,4670,,105371.0,48.8,new
HLVLTD, EQ,2026-10-09,6.06,6.32,6.01,6.11,6.11,6.06,108016,664000.0,463,,95865.0,88.75,new
HMAAGRO, EQ,2026-10-09,23.7,23.96,22.68,23.28,23.26,23.62,1129587,26208999.999999996,2558,,589634.0,52.2,new
HMT, BZ,2026-10-09,55.0,56.48,54.26,54.95,55.82,56.02,13187,731000.0,126,,,,new
HMVL, BE,2026-10-09,74.99,75.85,72.17,74.08,74.93,75.96,112571,8295000.0,339,,,,new
HNDFDS, EQ,2026-10-09,569.45,577.15,565.1,573.0,571.9,572.6,20162,11525000.0,2152,,10807.0,53.6,new
HNGSNGBEES, EQ,2026-10-09,460.21,461.0,454.36,460.89,461.0,455.65,34905,16027000.000000002,2119,,25418.0,72.82,new
HOACFOODS, ST,2026-10-09,986.9,986.9,984.0,986.9,986.9,967.55,1500,1479000.0,4,,1500.0,100.0,new
HOLMARC, SM,2026-10-09,117.0,128.0,115.0,125.05,126.5,122.0,17250,2053000.0,9,,13500.0,78.26,new
HOMEFIRST, EQ,2026-10-09,1072.0,1097.7,1070.6,1076.6,1072.0,1071.9,105063,113972000.0,17070,,53758.0,51.17,new
HONASA, EQ,2026-10-09,470.75,474.7,465.3,468.7,469.0,467.5,356252,167209000.0,12718,,136207.0,38.23,new
HONAUT, EQ,2026-10-09,32555.0,32905.0,32310.0,32495.0,32370.0,32465.0,2188,71184000.0,1411,,641.0,29.3,new
HONDAPOWER, EQ,2026-10-09,1855.0,1855.0,1820.0,1827.0,1824.0,1839.8,3954,7233000.0,614,,2758.0,69.75,new
HORIZONIND, EQ,2026-10-09,48.45,49.67,48.02,49.05,48.9,48.47,1969905,96461000.0,13740,,1052871.0,53.45,new
HPAL, EQ,2026-10-09,33.5,34.24,32.99,33.9,33.83,33.5,37743,1277000.0,304,,26019.0,68.94,new
HPIL, EQ,2026-10-09,118.3,118.45,117.5,118.45,118.45,116.48,247,28999.999999999996,70,,237.0,95.95,new
HPL, EQ,2026-10-09,256.65,260.95,253.5,257.9,256.5,256.45,71601,18416000.0,3333,,28466.0,39.76,new
HRYNSHP, EQ,2026-10-09,93.41,97.88,92.0,92.61,93.53,96.0,909,85000.0,66,,853.0,93.84,new
HSBCGOLD, EQ,2026-10-09,128.49,129.5,128.49,129.34,129.34,127.45,10808,1397000.0,47,,10640.0,98.45,new
HSCL, EQ,2026-10-09,662.0,665.45,650.1,659.95,660.3,660.05,1229039,807226000.0,27171,,488057.0,39.71,new
HTEL, EQ,2026-10-09,95.79,95.79,89.0,90.37,90.79,97.27,6083687,555567000.0,46541,,1352165.0,22.23,new
HTMEDIA, EQ,2026-10-09,21.91,22.55,21.91,22.26,22.27,22.06,17441,386000.0,192,,10616.0,60.87,new
HUBTOWN, EQ,2026-10-09,156.17,157.88,153.86,155.42,155.01,155.13,445395,69280000.0,5385,,259784.0,58.33,new
HUDCO, EQ,2026-10-09,157.49,160.0,156.42,159.75,159.99,156.99,1603099,254596999.99999997,32452,,814726.0,50.82,new
HUHTAMAKI, EQ,2026-10-09,225.0,227.4,222.86,225.25,225.97,225.67,76227,17172000.0,4610,,38401.0,50.38,new
HVAX, SM,2026-10-09,710.0,710.0,710.0,710.0,710.0,705.0,600,426000.0,3,,600.0,100.0,new
HYBRIDETF, EQ,2026-10-09,9.69,9.73,9.69,9.73,9.73,9.67,3542,34000.0,29,,3340.0,94.3,new
HYBRIDFIN, EQ,2026-10-09,18.0,18.25,17.2,17.62,17.62,17.81,8495,152000.0,39,,7250.0,85.34,new
HYUNDAI, EQ,2026-10-09,1929.0,1944.4,1897.2,1940.0,1940.0,1915.0,392721,756712000.0,39010,,159507.0,40.62,new
IBULLSLTD, EQ,2026-10-09,35.3,37.28,33.72,36.62,36.6,34.88,36655938,1331318000.0,80991,,13213297.0,36.05,new
ICDSLTD, BE,2026-10-09,45.0,45.0,41.31,41.89,41.89,43.48,1812,76000.0,46,,,,new
ICELCO, SM,2026-10-09,119.0,121.65,112.25,112.55,112.25,117.65,237600,27135000.000000004,140,,139200.0,58.59,new
ICEMAKE, EQ,2026-10-09,659.95,663.8,641.25,661.0,660.0,660.25,20001,13086000.000000002,2306,,9136.0,45.68,new
ICICIAMC, EQ,2026-10-09,3055.2,3088.6,3014.0,3030.3,3029.5,3066.4,301279,915489000.0,27374,,174669.0,57.98,new
ICICIB22, EQ,2026-10-09,106.52,108.5,106.37,108.11,107.95,106.52,132833,14321000.0,2138,,76724.0,57.76,new
ICICIBANK, EQ,2026-10-09,1355.4,1359.4,1342.3,1355.0,1355.0,1349.0,5507667,7448206000.0,92478,,3562487.0,64.68,new
ICICIGI, EQ,2026-10-09,1625.0,1699.4,1620.0,1690.2,1690.2,1624.0,1546424,2596913000.0,63072,,747266.0,48.32,new
ICICIPRULI, EQ,2026-10-09,454.1,464.65,452.9,460.55,460.55,457.0,669480,309076000.0,25120,,299542.0,44.74,new
ICIL, EQ,2026-10-09,449.0,457.7,433.3,436.3,437.0,449.0,314190,138062000.0,13788,,111087.0,35.36,new
ICRA, EQ,2026-10-09,4284.5,4440.0,4266.1,4424.8,4435.0,4299.4,14125,61913000.0,2924,,7301.0,51.69,new
IDBI, EQ,2026-10-09,83.85,84.44,81.95,83.09,83.2,83.18,6715116,558535000.0,28188,,2671193.0,39.78,new
IDEA, EQ,2026-10-09,12.9,13.11,12.86,13.0,13.0,12.8,253450627,3290828000.0,386057,,65263624.0,25.75,new
IDEAFORGE, EQ,2026-10-09,663.0,683.45,649.15,668.6,669.9,669.2,207565,138508000.0,12404,,83759.0,40.35,new
IDENTICAL, SM,2026-10-09,18.0,18.0,17.0,18.0,18.0,18.5,12000,212000.0,6,,10000.0,83.33,new
IDFCFIRSTB, EQ,2026-10-09,78.34,79.8,78.12,79.52,79.52,78.46,8635723,685012000.0,47035,,4583793.0,53.08,new
IDFNIFTYET, EQ,2026-10-09,247.94,249.65,247.85,249.08,249.08,248.66,549,137000.0,32,,402.0,73.22,new
IEML, ST,2026-10-09,41.05,44.3,41.05,41.45,41.5,42.75,72000,3050000.0,103,,66000.0,91.67,new
IEX, EQ,2026-10-09,104.0,105.55,103.81,104.78,104.78,103.75,3369146,353162000.0,33759,,1622091.0,48.15,new
IFBAGRO, EQ,2026-10-09,846.0,867.6,845.0,862.0,860.05,866.95,3552,3028000.0,304,,1905.0,53.63,new
IFBIND, EQ,2026-10-09,1181.6,1190.9,1149.9,1161.0,1157.0,1186.8,25962,30210000.000000004,2748,,13253.0,51.05,new
IFCI, EQ,2026-10-09,67.5,68.77,65.69,67.35,66.89,66.43,71521523,4795437000.0,167150,,6331577.0,8.85,new
IFGLEXPOR, EQ,2026-10-09,179.5,188.76,179.5,180.51,180.69,179.72,24653,4488000.0,1848,,13547.0,54.95,new
IGARASHI, EQ,2026-10-09,394.4,399.25,388.25,396.1,396.65,393.1,22253,8753000.0,1424,,9343.0,41.99,new
IGCL, EQ,2026-10-09,56.73,56.73,54.63,55.09,54.73,55.61,348212,19171000.0,938,,315014.0,90.47,new
IGIL, EQ,2026-10-09,307.95,311.5,304.1,309.05,309.0,307.05,380286,117158999.99999999,12556,,191297.0,50.3,new
IGL, EQ,2026-10-09,142.0,147.74,140.72,146.15,145.83,142.03,2395557,347925000.0,43229,,906070.0,37.82,new
IGPL, EQ,2026-10-09,565.5,576.95,561.65,566.8,569.0,568.4,47220,26725000.0,1634,,28611.0,60.59,new
IIFL, EQ,2026-10-09,580.45,605.5,580.45,597.7,601.0,579.15,2000049,1190480000.0,47544,,1017063.0,50.85,new
IIFLCAPS, EQ,2026-10-09,343.0,348.0,343.0,343.75,343.2,344.2,632545,217446000.0,5989,,463854.0,73.33,new
IITL, EQ,2026-10-09,130.11,130.2,123.0,125.67,126.5,128.19,111825,14300000.0,966,,12818.0,11.46,new
IKIO, EQ,2026-10-09,181.05,185.56,176.28,179.27,178.0,181.05,193297,34901000.0,6098,,74952.0,38.78,new
IKS, EQ,2026-10-09,1745.0,1773.9,1708.1,1716.6,1714.0,1751.1,132974,231033000.0,13122,,64410.0,48.44,new
IL&FSENGG, BZ,2026-10-09,38.57,39.5,38.0,38.5,38.5,38.57,10217,394000.0,32,,,,new
IL&FSTRANS, BZ,2026-10-09,2.12,2.15,2.02,2.05,2.1,2.05,85168,181000.0,77,,,,new
IMAGICAA, EQ,2026-10-09,47.0,47.41,46.19,46.86,46.6,47.11,287050,13424000.0,2926,,144706.0,50.41,new
IMFA, EQ,2026-10-09,1160.2,1192.0,1157.6,1182.5,1182.0,1165.1,67063,78642000.0,6988,,29417.0,43.86,new
IMPAL, EQ,2026-10-09,996.0,1010.0,980.0,1007.4,1010.0,996.5,1477,1473000.0,262,,927.0,62.76,new
INA, EQ,2026-10-09,79.72,81.74,78.0,79.67,79.0,79.73,565012,45065000.0,5298,,237653.0,42.06,new
INCREDIBLE, EQ,2026-10-09,30.59,31.89,30.06,31.45,31.85,30.0,5240,161000.0,101,,3781.0,72.16,new
INDBANK, EQ,2026-10-09,25.79,26.0,25.04,25.58,25.8,25.14,30212,773000.0,898,,17357.0,57.45,new
INDGN, EQ,2026-10-09,586.0,590.1,571.45,580.1,583.0,586.15,334971,193781000.0,14976,,169343.0,50.55,new
INDHOTEL, EQ,2026-10-09,712.5,723.45,709.75,715.65,715.65,711.65,1043907,750133000.0,26013,,515478.0,49.38,new
INDIACEM, EQ,2026-10-09,293.15,299.0,291.55,297.45,297.0,294.6,140167,41324000.0,9371,,62588.0,44.65,new
INDIAGLYCO, EQ,2026-10-09,359.0,360.0,327.0,329.6,327.3,356.9,1266097,428072999.99999994,31570,,409993.0,32.38,new
INDIAMART, EQ,2026-10-09,1594.3,1625.0,1575.5,1606.8,1624.0,1602.7,65546,105002000.0,9342,,34376.0,52.45,new
INDIANB, EQ,2026-10-09,816.0,831.45,808.0,829.8,829.8,807.8,1471855,1209309000.0,31800,,728772.0,49.51,new
INDIANCARD, EQ,2026-10-09,180.95,188.0,178.2,182.61,180.0,180.95,3615,659000.0,172,,2771.0,76.65,new
INDIANHUME, EQ,2026-10-09,337.0,349.4,337.0,342.2,342.65,338.8,18186,6242000.0,1436,,5488.0,30.18,new
INDIASHLTR, EQ,2026-10-09,650.95,656.75,635.95,643.45,643.5,643.5,32404,20992000.0,3281,,15307.0,47.24,new
INDIGO, EQ,2026-10-09,4821.0,4884.0,4783.0,4833.0,4833.0,4813.1,1418223,6846330000.0,53752,,899172.0,63.4,new
INDIGOPNTS, EQ,2026-10-09,1028.2,1045.7,1020.0,1022.7,1026.5,1035.7,26415,27174000.0,2974,,11153.0,42.22,new
INDIGRID, IV,2026-10-09,167.7,169.1,167.7,168.27,168.26,167.58,836851,141101000.0,11484,,772939.0,92.36,new
INDIQUBE, EQ,2026-10-09,190.41,195.9,187.51,194.47,195.9,191.89,33184,6401000.000000001,2066,,24590.0,74.1,new
INDNIPPON, EQ,2026-10-09,1187.4,1209.4,1166.6,1188.0,1208.0,1187.4,36800,43712000.0,3712,,15920.0,43.26,new
INDOAMIN, EQ,2026-10-09,150.8,159.4,145.35,157.72,159.4,151.7,575379,88511000.0,9361,,229142.0,39.82,new
INDOBORAX, EQ,2026-10-09,482.2,484.6,472.0,476.2,475.25,482.2,42463,20276000.0,2551,,18128.0,42.69,new
INDOCO, EQ,2026-10-09,236.9,241.0,228.25,230.7,234.0,236.9,212368,49235000.0,5815,,122238.0,57.56,new
INDOFARM, EQ,2026-10-09,134.1,136.0,132.54,133.54,134.5,134.66,54275,7270000.0,1600,,22828.0,42.06,new
INDOKEM, EQ,2026-10-09,691.1,692.0,600.0,619.1,608.0,692.8,134575,86373000.0,7559,,28907.0,21.48,new
INDOMIM, EQ,2026-10-09,1262.0,1299.0,1244.8,1272.6,1263.7,1238.6,1258559,1604108000.0,72690,,402494.0,31.98,new
INDORAMA, EQ,2026-10-09,88.99,94.3,87.1,92.39,93.49,88.1,1404729,129706000.0,15063,,503072.0,35.81,new
INDOSTAR, EQ,2026-10-09,196.0,197.08,187.8,188.95,188.5,196.6,205760,39195000.0,4134,,115528.0,56.15,new
INDOTECH, EQ,2026-10-09,3150.0,3224.0,3065.0,3121.7,3120.0,3148.8,19628,61090000.0,2553,,7846.0,39.97,new
INDOTHAI, EQ,2026-10-09,36.76,37.69,36.75,36.75,36.75,38.68,1757861,64795000.00000001,2742,,622843.0,35.43,new
INDOUS, EQ,2026-10-09,72.75,74.7,71.5,73.96,72.7,72.75,10129,740000.0,1466,,2085.0,20.58,new
INDOWIND, EQ,2026-10-09,8.41,8.5,8.21,8.28,8.33,8.39,98457,818000.0,414,,81208.0,82.48,new
INDPRUD, EQ,2026-10-09,6250.0,6400.0,6225.0,6300.0,6300.0,6300.0,131,824000.0,14,,127.0,96.95,new
INDRAMEDCO, EQ,2026-10-09,320.0,331.8,319.9,329.05,329.3,319.9,145432,47601000.0,4657,,61338.0,42.18,new
INDSWFTLAB, EQ,2026-10-09,367.0,375.7,350.0,360.9,369.1,366.1,600512,215888000.0,16875,,281055.0,46.8,new
INDTERRAIN, EQ,2026-10-09,29.22,29.5,29.15,29.25,29.17,29.15,10376,303000.0,117,,10214.0,98.44,new
INDUSINDBK, EQ,2026-10-09,868.0,869.35,858.0,861.65,861.65,864.0,1131803,976957000.0,42383,,587972.0,51.95,new
INDUSINVIT, IV,2026-10-09,128.51,130.74,128.25,129.75,130.0,128.5,93000,12044000.0,2586,,75761.0,81.46,new
INDUSTOWER, EQ,2026-10-09,378.0,382.0,375.0,380.85,380.85,373.0,2726912,1032870000.0000001,48485,,1385384.0,50.8,new
INFINIUM, ST,2026-10-09,321.0,321.0,302.1,312.5,312.5,313.0,3000,934000.0,6,,3000.0,100.0,new
INFLUX, SM,2026-10-09,266.0,272.0,256.15,270.35,271.5,260.1,33000,8780000.0,50,,23400.0,70.91,new
INFOBEAN, EQ,2026-10-09,146.18,164.66,146.11,156.19,156.01,146.17,3935996,626730000.0,50562,,392126.0,9.96,new
INFOLLION, SM,2026-10-09,168.4,170.0,167.05,168.5,167.05,170.0,5200,882000.0,10,,4800.0,92.31,new
INFOMEDIA, EQ,2026-10-09,5.45,5.58,5.22,5.46,5.55,5.45,15430,82000.0,77,,10715.0,69.44,new
INFRA, EQ,2026-10-09,11.36,11.36,11.1,11.22,11.26,11.15,17306,194000.0,126,,12795.0,73.93,new
INFRABEES, EQ,2026-10-09,881.82,898.0,878.0,889.52,898.0,881.81,5890,5213000.0,480,,2174.0,36.91,new
INFRAIETF, EQ,2026-10-09,88.52,88.8,87.43,88.35,88.0,87.61,48921,4310000.0,2174,,25984.0,53.11,new
INFY, EQ,2026-10-09,1007.3,1030.9,1007.3,1023.4,1023.4,997.0,14094234,14404648000.000002,205741,,7171148.0,50.88,new
INGERRAND, EQ,2026-10-09,3999.0,4059.1,3955.1,4026.5,4024.0,4001.2,7859,31512000.0,2645,,3597.0,45.77,new
INNOMET, ST,2026-10-09,260.95,261.0,250.1,259.6,259.75,259.55,23400,5959000.0,30,,22200.0,94.87,new
INNOVACAP, EQ,2026-10-09,1129.5,1140.0,1104.0,1110.0,1117.4,1129.5,56717,63304000.0,8493,,27783.0,48.99,new
INNOVANA, EQ,2026-10-09,286.0,304.8,280.95,301.5,300.0,283.2,20653,5969000.0,1132,,2431.0,11.77,new
INNOVISION, EQ,2026-10-09,253.15,254.9,249.95,252.1,252.05,252.85,9774,2460000.0,364,,6998.0,71.6,new
INOXGREEN, EQ,2026-10-09,117.04,135.0,112.0,128.92,125.99,115.08,73589336,9431889000.0,423027,,4691694.0,6.38,new
INOXINDIA, EQ,2026-10-09,2040.0,2079.0,1980.0,2056.9,2065.0,2039.3,142672,292309000.0,29195,,60368.0,42.31,new
INOXWIND, EQ,2026-10-09,63.32,67.3,62.78,66.65,66.65,62.43,37432425,2460221000.0,88282,,6021984.0,16.09,new
INSECTICID, EQ,2026-10-09,569.2,585.0,567.65,581.3,579.0,571.5,5085,2932000.0,482,,2757.0,54.22,new
INSPIRE, SM,2026-10-09,11.35,11.35,11.35,11.35,11.35,10.85,32000,363000.0,8,,32000.0,100.0,new
INSPIRISYS, EQ,2026-10-09,84.0,86.0,83.0,84.99,85.0,84.39,1117,94000.0,39,,1059.0,94.81,new
INSURADD, EQ,2026-10-09,14.59,14.95,14.5,14.71,14.76,14.45,23542151,346521000.0,616,,23407087.0,99.43,new
INSUREIETF, EQ,2026-10-09,14.57,14.93,14.52,14.77,14.63,14.48,20866065,306698000.0,376,,16738237.0,80.22,new
INTEGRITY, SM,2026-10-09,189.75,189.75,181.45,181.45,181.45,191.0,10800,2029000.0,4,,10800.0,100.0,new
INTELLECT, EQ,2026-10-09,573.15,593.7,572.05,584.1,583.5,567.35,1238813,723581000.0,65265,,571526.0,46.13,new
INTENTECH, EQ,2026-10-09,80.55,82.0,79.11,79.75,79.55,82.44,8936,719000.0,152,,6497.0,72.71,new
INTERARCH, EQ,2026-10-09,1690.0,1712.0,1666.0,1700.1,1696.9,1694.4,42377,71931000.0,4939,,21192.0,50.01,new
INTERNET, EQ,2026-10-09,13.47,13.99,13.38,13.69,13.5,13.43,424022,5748000.0,181,,69680.0,16.43,new
INTLCONV, EQ,2026-10-09,80.0,80.5,77.0,77.15,77.25,79.14,77957,6163000.0,844,,61350.0,78.7,new
INVENTURE, EQ,2026-10-09,0.83,0.83,0.81,0.81,0.83,0.81,498260,409999.99999999994,302,,323235.0,64.87,new
INVICTA, SM,2026-10-09,66.0,66.0,66.0,66.0,66.0,66.5,1600,106000.0,1,,1600.0,100.0,new
INVPRECQ, BE,2026-10-09,1470.0,1550.0,1470.0,1546.5,1544.0,1528.9,3727,5727000.0,113,,,,new
IOB, EQ,2026-10-09,30.48,30.79,30.21,30.58,30.6,30.48,2149589,65667999.99999999,13091,,853214.0,39.69,new
IOC, EQ,2026-10-09,126.05,127.13,125.64,126.35,126.35,126.25,7316124,923737000.0000001,55681,,3792846.0,51.84,new
IOLCP, EQ,2026-10-09,206.1,211.0,199.38,201.15,200.1,205.55,2768843,566596000.0,35202,,811246.0,29.3,new
IONEXCHANG, EQ,2026-10-09,392.15,394.1,383.6,390.75,390.8,392.15,121644,47484000.0,11663,,61648.0,50.68,new
IPCALAB, EQ,2026-10-09,1942.9,1952.5,1905.0,1915.4,1912.0,1938.4,94285,181208000.0,15315,,49717.0,52.73,new
IPHL, SM,2026-10-09,70.0,72.0,68.5,72.0,72.0,68.8,20400,1442000.0,14,,16800.0,82.35,new
IPL, EQ,2026-10-09,128.79,129.71,127.67,128.95,129.3,130.03,111265,14325000.0,2436,,37616.0,33.81,new
IPRINGLTD, EQ,2026-10-09,138.23,141.0,138.23,140.9,140.9,138.23,2218,310000.0,30,,2104.0,94.86,new
IPSL, SM,2026-10-09,200.0,200.0,199.95,200.0,200.0,204.95,2500,500000.0,5,,1500.0,60.0,new
IRB, EQ,2026-10-09,17.81,17.87,17.36,17.48,17.45,17.53,12226657,214726000.00000003,22402,,3115936.0,25.48,new
IRBINVIT, IV,2026-10-09,63.77,63.85,63.52,63.6,63.59,63.77,265138,16885000.0,3370,,230631.0,86.99,new
IRCON, EQ,2026-10-09,103.8,105.12,102.67,104.56,104.7,103.29,1958162,203978000.0,24777,,484017.0,24.72,new
IRCTC, EQ,2026-10-09,450.4,464.8,448.4,458.8,459.05,449.85,1257448,577446000.0,45413,,571730.0,45.47,new
IREDA, EQ,2026-10-09,103.86,105.07,103.6,104.4,104.4,103.8,3140513,327818000.0,24454,,1212350.0,38.6,new
IRFC, EQ,2026-10-09,74.3,75.2,74.06,74.7,74.7,74.3,10148242,759120000.0,43023,,4980999.0,49.08,new
IRIS, EQ,2026-10-09,212.68,220.49,212.52,214.82,214.72,212.68,28227,6077000.0,619,,13899.0,49.24,new
IRISDOREME, EQ,2026-10-09,58.8,61.98,57.12,59.81,59.55,58.71,886583,53089000.0,4678,,119224.0,13.45,new
IRMENERGY, EQ,2026-10-09,258.05,259.25,254.0,255.8,257.8,256.0,33007,8451000.0,1738,,12842.0,38.91,new
ISFT, BE,2026-10-09,95.6,101.5,93.55,100.05,100.2,98.35,26133,2601000.0,150,,,,new
ISGEC, EQ,2026-10-09,920.0,935.0,900.1,909.7,907.5,918.4,108132,99070000.0,9563,,30798.0,28.48,new
ISHAN, SM,2026-10-09,0.45,0.45,0.45,0.45,0.45,0.45,96000,43000.0,1,,96000.0,100.0,new
ISHANCH, EQ,2026-10-09,47.45,47.45,44.03,45.3,44.82,46.44,21631,988000.0000000001,381,,12118.0,56.02,new
ISTLTD, EQ,2026-10-09,639.0,655.0,612.0,625.7,620.0,628.25,578,360000.0,63,,456.0,78.89,new
IT, EQ,2026-10-09,30.14,31.98,30.14,31.73,31.69,30.76,832173,26364999.999999996,2365,,242707.0,29.17,new
ITADD, EQ,2026-10-09,29.67,30.61,29.5,30.37,30.61,29.53,62657,1891000.0,1671,,36456.0,58.18,new
ITAXIS, EQ,2026-10-09,310.38,316.99,302.81,313.86,312.0,310.38,115525,36289000.0,131,,11113.0,9.62,new
ITBEES, EQ,2026-10-09,31.0,31.94,30.75,31.84,31.86,30.8,17610279,558123000.0,18263,,8264253.0,46.93,new
ITBETA, EQ,2026-10-09,296.0,301.9,288.57,293.8,294.11,291.6,1401,419000.00000000006,47,,999.0,71.31,new
ITC, EQ,2026-10-09,255.45,268.05,255.1,266.0,266.0,255.0,31030528,8191919000.0,165987,,14487364.0,46.69,new
ITCHOTELS, EQ,2026-10-09,155.3,157.76,154.3,154.52,154.5,154.63,1783964,277172000.0,26448,,987443.0,55.35,new
ITDC, EQ,2026-10-09,663.0,669.6,655.25,658.2,657.15,661.55,70374,46611000.0,5249,,18625.0,26.47,new
ITETF, EQ,2026-10-09,29.31,30.49,29.3,30.35,30.27,29.4,693859,21002000.0,738,,363090.0,52.33,new
ITI, EQ,2026-10-09,238.2,241.85,236.53,240.13,241.8,237.18,120588,28863000.0,5815,,33059.0,27.41,new
ITIETF, EQ,2026-10-09,31.55,31.99,30.77,31.87,31.91,30.79,905841,28735000.000000004,1479,,524101.0,57.86,new
ITL, EQ,2026-10-09,390.0,390.0,350.1,364.4,375.0,364.85,1563,566000.0,143,,1190.0,76.14,new
ITTL, ST,2026-10-09,60.7,60.7,60.7,60.7,60.7,60.7,105,6000.0,1,,105.0,100.0,new
IVALUE, EQ,2026-10-09,230.02,235.0,226.21,232.43,231.0,227.52,130805,30237000.0,4214,,63112.0,48.25,new
IVC, EQ,2026-10-09,7.85,8.5,7.7,7.86,7.95,7.87,190794,1510000.0,774,,111231.0,58.3,new
IVP, BE,2026-10-09,222.99,223.95,213.02,220.31,223.0,220.34,17018,3704999.9999999995,160,,,,new
IVZINGOLD, EQ,2026-10-09,129.0,130.5,128.55,129.9,130.5,127.75,64185,8331000.0,288,,52934.0,82.47,new
IVZINNIFTY, EQ,2026-10-09,262.97,262.97,256.2,259.2,259.2,256.56,2290,594000.0,52,,1284.0,56.07,new
IVZSENSEX, EQ,2026-10-09,70.06,73.3,70.06,72.79,72.79,71.86,804,57999.99999999999,12,,657.0,81.72,new
IWARE, ST,2026-10-09,352.0,355.0,342.05,349.3,349.4,360.05,36000,12401000.0,54,,28800.0,80.0,new
IWP, EQ,2026-10-09,36.02,37.4,34.2,35.97,36.74,36.02,18190,647000.0,225,,10916.0,60.01,new
IXIGO, EQ,2026-10-09,154.33,154.65,149.5,150.75,151.36,153.96,1974978,297365000.0,29873,,1155623.0,58.51,new
IZMO, EQ,2026-10-09,880.0,880.0,850.7,858.25,859.0,861.4,63439,54725000.0,5282,,27455.0,43.28,new
J&KBANK, EQ,2026-10-09,135.83,139.08,135.54,138.23,138.55,135.5,1951857,268044000.0,30907,,1057827.0,54.2,new
JAGRAN, EQ,2026-10-09,61.71,61.89,61.11,61.49,61.36,61.42,69668,4283000.0,1367,,41919.0,60.17,new
JAGSNPHARM, EQ,2026-10-09,228.64,232.4,224.5,225.6,225.8,231.7,50851,11574000.0,2158,,31197.0,61.35,new
JAIBALAJI, EQ,2026-10-09,68.8,69.5,66.02,68.4,67.25,68.61,992053,67619000.0,6432,,559240.0,56.37,new
JAICORPLTD, EQ,2026-10-09,86.46,87.42,84.21,86.03,86.11,86.52,329027,28120000.0,4938,,109751.0,33.36,new
JAINIK, ST,2026-10-09,185.0,185.0,178.6,183.0,183.0,188.0,12000,2161000.0,10,,9600.0,80.0,new
JAINREC, EQ,2026-10-09,289.1,291.35,278.75,288.7,289.5,281.05,867711,248004000.0,26463,,223290.0,25.73,new
JAIPURKURT, EQ,2026-10-09,33.0,33.0,29.0,29.59,29.75,32.4,120119,3626000.0,1079,,63623.0,52.97,new
JALAN, ST,2026-10-09,1.55,1.55,1.55,1.55,1.55,1.6,9000,14000.000000000002,3,,9000.0,100.0,new
JAMNAAUTO, EQ,2026-10-09,148.0,148.87,142.0,142.67,143.3,147.95,2217616,321185000.0,37941,,822555.0,37.09,new
JARO, EQ,2026-10-09,405.0,408.35,397.7,405.0,405.45,404.0,97211,39262000.0,2252,,9676.0,9.95,new
JASH, EQ,2026-10-09,569.95,582.65,552.0,560.95,557.0,565.85,266390,150105000.0,12659,,74990.0,28.15,new
JAYAGROGN, EQ,2026-10-09,210.0,215.11,209.8,212.86,210.23,208.96,8719,1857000.0,366,,5788.0,66.38,new
JAYBARMARU, EQ,2026-10-09,129.75,129.75,124.5,126.68,125.55,128.0,603495,76418000.0,8157,,334906.0,55.49,new
JAYBEE, SM,2026-10-09,86.5,93.0,86.5,89.4,87.6,87.0,21500,1947000.0,43,,15000.0,69.77,new
JAYESH, SM,2026-10-09,134.0,138.0,134.0,136.15,137.0,131.0,16000,2178000.0,12,,15000.0,93.75,new
JAYKAY, EQ,2026-10-09,242.0,246.05,228.84,230.5,229.63,240.24,998954,234092999.99999997,19793,,352371.0,35.27,new
JAYKAYPP, E1,2026-10-09,205.0,205.0,192.1,194.79,194.9,196.96,16257,3166000.0,218,,11378.0,69.99,new
JAYNECOIND, EQ,2026-10-09,92.25,92.81,90.27,91.4,91.51,91.48,1979706,180914000.0,19075,,848746.0,42.87,new
JAYSREETEA, EQ,2026-10-09,83.08,83.08,81.1,81.95,82.0,82.32,15269,1251000.0,388,,8836.0,57.87,new
JBMA, EQ,2026-10-09,530.0,534.55,523.25,528.6,527.1,526.6,141965,75085000.0,11216,,57366.0,40.41,new
JENBURPH, EQ,2026-10-09,963.0,963.0,944.25,947.1,945.1,954.2,924,877000.0,94,,629.0,68.07,new
JETFREIGHT, EQ,2026-10-09,18.81,19.85,18.81,19.63,19.6,19.03,60638,1171000.0,472,,32956.0,54.35,new
JEYYAM, SM,2026-10-09,21.75,22.0,21.75,22.0,22.0,21.75,4000,88000.0,2,,4000.0,100.0,new
JGCHEM, EQ,2026-10-09,638.7,650.95,625.3,630.75,626.6,638.7,206108,131733000.0,10318,,59730.0,28.98,new
JHS, BE,2026-10-09,9.3,9.98,9.15,9.55,9.61,9.63,172341,1623000.0,348,,,,new
JINDALPHOT, EQ,2026-10-09,1043.8,1043.8,1020.0,1021.6,1020.0,1021.2,899,919999.9999999999,80,,753.0,83.76,new
JINDALPOLY, EQ,2026-10-09,640.0,658.0,631.05,646.8,653.5,635.05,8049,5148000.0,631,,4697.0,58.36,new
JINDALSAW, EQ,2026-10-09,269.05,272.45,264.7,269.6,270.0,270.2,1252076,336619000.0,34783,,617346.0,49.31,new
JINDALSTEL, EQ,2026-10-09,1014.7,1029.2,1006.1,1016.7,1016.7,1010.0,1388342,1412034000.0,49223,,565146.0,40.71,new
JINDRILL, EQ,2026-10-09,576.05,584.95,570.1,572.35,570.3,575.8,83583,48248000.0,4411,,26159.0,31.3,new
JINDWORLD, EQ,2026-10-09,42.7,43.62,42.15,42.62,42.65,42.94,1502196,64458000.00000001,6783,,428647.0,28.53,new
JIOFIN, EQ,2026-10-09,211.0,215.75,210.75,214.62,214.62,211.0,13554417,2899480000.0,99823,,5873372.0,43.33,new
JISLDVREQS, EQ,2026-10-09,19.0,20.5,18.52,19.55,19.02,18.71,25675,491000.0,220,,19715.0,76.79,new
JISLJALEQS, EQ,2026-10-09,26.9,27.39,26.63,27.02,27.05,27.02,2218856,59951000.0,7627,,817489.0,36.84,new
JITFINFRA, EQ,2026-10-09,275.9,275.9,265.1,268.25,266.0,269.55,15241,4107000.0,687,,9109.0,59.77,new
JKCEMENT, EQ,2026-10-09,4970.0,4974.0,4853.5,4874.0,4873.0,4966.5,39703,194993000.0,10883,,22582.0,56.88,new
JKIL, EQ,2026-10-09,434.3,436.65,425.0,431.45,433.2,432.15,83948,36231000.0,3157,,55729.0,66.39,new
JKIPL, EQ,2026-10-09,103.48,113.82,99.01,113.4,113.5,103.48,105309,11702000.0,1888,,86893.0,82.51,new
JKLAKSHMI, EQ,2026-10-09,469.0,476.0,464.85,467.3,466.0,470.0,121018,56553000.0,33778,,53513.0,44.22,new
JKPAPER, EQ,2026-10-09,369.15,372.75,360.55,365.5,365.0,367.35,315900,115163000.00000001,12185,,131811.0,41.73,new
JKTYRE, EQ,2026-10-09,331.0,334.75,327.0,333.4,332.0,330.25,277241,92031000.0,14051,,112684.0,40.64,new
JLHL, EQ,2026-10-09,247.1,257.3,247.1,255.7,257.0,247.1,81734,20756000.0,4768,,41120.0,50.31,new
JMA, EQ,2026-10-09,86.79,87.3,85.0,85.48,85.5,86.79,16448,1409000.0,213,,11531.0,70.11,new
JMFINANCIL, EQ,2026-10-09,121.04,122.17,116.9,117.82,117.94,120.6,2691543,319911000.0,30557,,1326611.0,49.29,new
JNKINDIA, EQ,2026-10-09,431.25,434.9,417.0,424.35,425.65,426.2,94181,39852000.0,4359,,39896.0,42.36,new
JNPR, EQ,2026-10-09,277.15,278.45,270.5,275.25,274.5,274.45,407817,112316000.00000001,11054,,185283.0,45.43,new
JOCIL, EQ,2026-10-09,144.0,147.35,142.65,144.2,144.2,146.44,486,70000.0,49,,335.0,68.93,new
JPOLYINVST, EQ,2026-10-09,870.0,945.0,870.0,936.4,932.5,878.2,6814,6218000.0,961,,3722.0,54.62,new
JPPOWER, EQ,2026-10-09,14.31,14.62,14.12,14.53,14.59,14.31,37604579,541880000.0,975798,,8839819.0,23.51,new
JSFB, EQ,2026-10-09,484.1,502.7,484.1,489.35,491.9,482.3,590922,292783000.0,21290,,363960.0,61.59,new
JSIPL, EQ,2026-10-09,165.1,174.95,161.01,167.84,169.85,175.88,4432023,742194000.0,52234,,1263339.0,28.5,new
JSL, EQ,2026-10-09,710.0,714.45,702.9,709.05,707.5,705.6,260251,184098000.0,21021,,126265.0,48.52,new
JSLL, EQ,2026-10-09,381.0,388.8,359.75,385.15,386.0,381.25,3255837,1216216000.0,74318,,1164785.0,35.78,new
JSWCEMENT, EQ,2026-10-09,112.91,113.03,110.73,112.43,112.88,112.97,1238038,138616000.0,31642,,534882.0,43.2,new
JSWDULUX, EQ,2026-10-09,2990.0,3029.5,2978.1,3005.1,3016.5,2989.1,12749,38299000.0,3380,,6507.0,51.04,new
JSWENERGY, EQ,2026-10-09,467.15,468.9,461.0,462.3,462.3,466.85,1015759,470622000.0,24865,,466261.0,45.9,new
JSWHL, EQ,2026-10-09,11213.0,11379.0,11120.0,11346.0,11360.0,11158.0,38141,428472000.0,2241,,35670.0,93.52,new
JSWINFRA, EQ,2026-10-09,335.0,342.55,333.0,338.75,338.6,333.75,3524783,1193550000.0,76971,,1825342.0,51.79,new
JSWSTEEL, EQ,2026-10-09,1185.0,1192.0,1163.3,1168.0,1168.0,1175.2,1084351,1270737000.0,41484,,345650.0,31.88,new
JTEKTINDIA, EQ,2026-10-09,112.42,114.08,111.3,111.75,111.6,113.1,106844,11996000.0,4234,,59264.0,55.47,new
JTLIND, EQ,2026-10-09,85.4,85.85,81.63,83.98,83.9,83.81,4169556,349736000.0,24415,,1378044.0,33.05,new
JUBLCPL, EQ,2026-10-09,1930.0,1952.4,1875.0,1906.8,1900.0,1927.2,5201,9910000.0,761,,2899.0,55.74,new
JUBLFOOD, EQ,2026-10-09,428.0,431.65,421.25,422.75,422.75,427.6,1804965,766951000.0,41882,,694161.0,38.46,new
JUBLINGREA, EQ,2026-10-09,621.0,628.55,612.3,625.8,621.55,620.3,309836,192789000.0,13738,,183576.0,59.25,new
JUBLPHARMA, EQ,2026-10-09,940.4,950.0,917.6,931.9,930.0,932.2,123186,114285999.99999999,12425,,52937.0,42.97,new
JUNIORBEES, EQ,2026-10-09,738.3,740.28,730.25,738.11,738.4,734.61,428420,315673000.0,14369,,230591.0,53.82,new
JUNIPER, EQ,2026-10-09,211.81,216.86,211.81,214.58,214.99,215.33,63859,13677000.000000002,1744,,34013.0,53.26,new
JUSTDIAL, EQ,2026-10-09,630.0,652.05,630.0,648.05,645.0,631.65,126838,81739000.0,8822,,41155.0,32.45,new
JWL, EQ,2026-10-09,215.0,218.75,213.2,214.4,214.68,216.43,684668,147148000.0,18964,,228962.0,33.44,new
JYOTHYLAB, EQ,2026-10-09,187.45,188.58,183.7,187.94,186.97,186.29,281120,52292999.99999999,11793,,102157.0,36.34,new
JYOTICNC, EQ,2026-10-09,1010.0,1028.0,983.2,999.7,1000.0,1009.9,492521,492980000.0,31762,,178883.0,36.32,new
JYOTIGLOBL, SM,2026-10-09,39.5,39.5,35.55,37.2,37.85,39.5,182000,6591000.0,88,,122000.0,67.03,new
JYOTIRES, EQ,2026-10-09,838.0,850.0,834.65,839.1,836.15,836.65,5333,4490000.0,533,,3094.0,58.02,new
JYOTISTRUC, EQ,2026-10-09,8.85,9.09,8.75,8.93,8.91,8.75,3686282,32937000.0,3081,,1903772.0,51.64,new
K2INFRA, SM,2026-10-09,41.5,42.25,40.55,40.55,40.55,40.4,12600,527000.0,19,,9600.0,76.19,new
KABRAEXTRU, BE,2026-10-09,770.0,808.0,761.0,795.9,800.0,771.05,59300,46558000.0,1516,,,,new
KAJARIACER, EQ,2026-10-09,1206.3,1230.0,1204.0,1215.4,1215.0,1210.6,233411,283291000.0,15326,,131489.0,56.33,new
KAKATCEM, EQ,2026-10-09,103.0,103.01,97.05,99.03,100.0,102.33,4235,425000.0,177,,3642.0,86.0,new
KALAMANDIR, EQ,2026-10-09,74.3,75.38,73.72,75.14,75.38,74.3,271674,20272000.0,2807,,137606.0,50.65,new
KALANA, SM,2026-10-09,18.55,18.55,17.95,17.95,17.95,17.95,10000,183000.0,3,,10000.0,100.0,new
KALPATARU, EQ,2026-10-09,264.6,265.45,259.0,260.9,261.85,259.9,21897,5725000.0,997,,7580.0,34.62,new
KALYANIFRG, BE,2026-10-09,886.0,886.0,846.5,860.95,855.0,887.4,2138,1834000.0,227,,,,new
KALYANKJIL, EQ,2026-10-09,556.1,559.95,550.05,554.0,554.0,553.5,3811128,2110843000.0,43532,,755286.0,19.82,new
KAMAHOLD, EQ,2026-10-09,2262.5,2262.5,2222.2,2242.2,2249.6,2227.6,859,1925000.0,267,,463.0,53.9,new
KAMANWALA, EQ,2026-10-09,16.5,17.0,16.5,16.5,16.5,17.0,2083,34000.0,14,,2083.0,100.0,new
KAMATHOTEL, EQ,2026-10-09,255.0,257.0,243.62,251.05,251.5,251.72,74158,18477000.0,2628,,40719.0,54.91,new
KAMDHENU, EQ,2026-10-09,36.71,37.23,35.68,36.47,36.8,36.71,1146557,41689000.0,4884,,633849.0,55.28,new
KAMOPAINTS, EQ,2026-10-09,4.13,4.13,4.02,4.06,4.06,4.08,155064,628000.0,459,,115765.0,74.66,new
KANANIIND, EQ,2026-10-09,1.3,1.31,1.29,1.3,1.31,1.3,97242,127000.0,169,,77550.0,79.75,new
KANCHI, EQ,2026-10-09,375.0,377.4,365.0,369.4,377.0,366.25,228,84000.0,26,,227.0,99.56,new
KANCOTEA, EQ,2026-10-09,49.5,54.85,49.5,54.85,54.85,52.93,21,1000.0,4,,20.0,95.24,new
KANDARP, SM,2026-10-09,61.8,63.7,58.4,63.7,63.7,61.45,6000,367000.0,5,,6000.0,100.0,new
KANOHAR, EQ,2026-10-09,1163.0,1163.8,1094.0,1137.3,1134.0,1183.25,10750937,12148925000.0,338287,,915636.0,8.52,new
KANORICHEM, BE,2026-10-09,182.0,182.4,170.21,174.21,174.8,177.5,13631,2368000.0,213,,,,new
KANPRPLA, EQ,2026-10-09,236.01,244.0,236.01,239.17,238.25,236.96,4182,1007000.0,295,,2511.0,60.04,new
KANSAINER, EQ,2026-10-09,181.05,183.49,178.31,181.29,180.0,180.75,144130,25966000.000000004,4376,,48957.0,33.97,new
KAPSTON, EQ,2026-10-09,539.7,548.95,536.0,539.3,538.45,542.4,37336,20188000.0,1515,,23273.0,62.33,new
KARAMTARA, EQ,2026-10-09,400.7,412.85,372.45,405.9,410.9,393.8,3461243,1358629000.0,78350,,1322286.0,38.2,new
KARMAENG, EQ,2026-10-09,34.51,35.0,33.91,33.99,34.0,34.51,7373,250999.99999999997,76,,7308.0,99.12,new
KARNIKA, SM,2026-10-09,125.0,131.85,122.05,125.4,122.05,124.0,185000,23317000.0,142,,123000.0,66.49,new
KARURVYSYA, EQ,2026-10-09,328.0,342.65,328.0,339.9,341.0,329.2,2923419,990381000.0,65688,,1359119.0,46.49,new
KATARIA, ST,2026-10-09,160.0,160.0,153.45,153.45,153.45,161.5,27600,4276000.0,40,,25200.0,91.3,new
KAUSHALYA, BE,2026-10-09,801.0,838.0,790.0,838.0,838.0,820.25,107,86000.0,37,,,,new
KAVDEFENCE, BE,2026-10-09,93.0,98.2,90.11,92.19,93.9,93.66,391429,37063000.0,3116,,,,new
KAYA, BE,2026-10-09,302.9,304.5,290.2,300.0,300.0,299.95,4303,1279000.0,97,,,,new
KAYNES, EQ,2026-10-09,3259.9,3290.7,3200.1,3264.0,3264.0,3233.0,595137,1936016999.9999998,35897,,88248.0,14.83,new
KAYTEX, SM,2026-10-09,58.0,58.0,55.55,55.7,55.55,57.15,8000,454000.0,10,,7200.0,90.0,new
KCEIL, SM,2026-10-09,76.05,77.35,76.05,77.15,77.15,76.75,11000,844999.9999999999,19,,8000.0,72.73,new
KCK, ST,2026-10-09,15.55,16.15,15.5,15.95,15.85,15.75,112500,1793000.0,23,,112500.0,100.0,new
KCP, EQ,2026-10-09,151.51,153.4,150.0,152.23,151.67,152.67,59923,9099000.0,1096,,34531.0,57.63,new
KCPSUGIND, BE,2026-10-09,23.95,23.95,22.91,23.65,23.77,23.93,261017,6059000.0,729,,,,new
KDDL, EQ,2026-10-09,3874.7,3941.9,3740.0,3759.2,3742.0,3873.2,30288,115039000.00000001,6794,,14641.0,48.34,new
KDGREEN, EQ,2026-10-09,49.88,50.4,47.41,49.49,50.21,48.76,105213,5197000.0,1030,,23028.0,21.89,new
KDL, SM,2026-10-09,36.65,36.65,36.65,36.65,36.65,38.55,7950,291000.0,30,,7950.0,100.0,new
KEC, EQ,2026-10-09,360.0,384.0,349.5,369.85,365.75,349.6,16496749,6130271000.0,257164,,1679098.0,10.18,new
KECL, EQ,2026-10-09,125.0,125.0,119.5,121.37,120.55,123.13,112381,13633000.000000002,2309,,57300.0,50.99,new
KEEPLEARN, EQ,2026-10-09,1.81,1.85,1.66,1.74,1.78,1.84,77621,134000.0,156,,53264.0,68.62,new
KEI, EQ,2026-10-09,4610.0,4626.9,4534.9,4585.0,4585.0,4580.0,172610,790930000.0,19671,,56808.0,32.91,new
KELLTONTEC, EQ,2026-10-09,11.9,12.1,11.8,11.97,11.91,11.83,1168359,13959000.0,3351,,477199.0,40.84,new
KEN, SM,2026-10-09,41.6,42.1,41.4,41.4,41.4,41.15,3600,150000.0,3,,2400.0,66.67,new
KENNAMET, EQ,2026-10-09,4115.1,4197.4,4056.3,4165.7,4150.0,4115.1,11738,48590000.0,4065,,5614.0,47.83,new
KERNEX, EQ,2026-10-09,1748.7,1766.5,1705.2,1736.3,1735.0,1700.5,133086,230938000.0,15858,,48360.0,36.34,new
KESORAMIND, EQ,2026-10-09,10.5,11.61,10.5,11.06,11.25,10.56,1288988,14424000.0,3266,,735335.0,57.05,new
KEYFINSERV, EQ,2026-10-09,238.0,244.49,233.18,244.0,244.0,238.0,137,33000.0,13,,108.0,78.83,new
KFINTECH, EQ,2026-10-09,839.0,859.9,837.0,842.35,842.35,838.2,812371,690349000.0,30381,,401659.0,49.44,new
KHADIM, BE,2026-10-09,110.7,115.15,110.7,115.15,115.15,112.9,29558,3399000.0,51,,,,new
KHAICHEM, EQ,2026-10-09,48.73,48.73,47.26,48.13,48.45,47.6,55113,2642000.0,674,,30196.0,54.79,new
KHAITANLTD, EQ,2026-10-09,148.99,148.99,141.0,145.75,147.0,148.99,625,89000.0,53,,456.0,72.96,new
KHANDSE, EQ,2026-10-09,17.5,17.5,16.91,17.17,16.91,17.21,168,3000.0,13,,162.0,96.43,new
KHERIAAUTO, SM,2026-10-09,92.0,92.0,87.95,88.35,88.35,92.6,38400,3421000.0,31,,30000.0,78.13,new
KICL, EQ,2026-10-09,4919.0,4919.0,4720.8,4820.6,4837.0,4692.0,663,3180000.0,195,,425.0,64.1,new
KILITCH, EQ,2026-10-09,242.5,253.99,236.2,241.61,244.25,244.3,61595,15119000.0,2233,,26969.0,43.78,new
KIMS, EQ,2026-10-09,685.0,714.9,682.5,705.5,706.2,687.15,514123,362150000.0,38663,,263444.0,51.24,new
KINGFA, EQ,2026-10-09,6888.0,6888.0,6564.5,6611.0,6589.0,6804.0,11588,77367000.0,3150,,6813.0,58.79,new
KIOCL, EQ,2026-10-09,350.0,365.4,346.25,358.75,365.0,350.55,205716,73348000.0,6737,,73110.0,35.54,new
KIRANVYPAR, EQ,2026-10-09,195.3,198.89,185.0,195.58,196.0,199.19,6635,1292000.0,354,,4824.0,72.71,new
KIRIINDUS, EQ,2026-10-09,543.5,550.5,537.1,544.25,544.1,542.55,228923,124575000.0,7750,,103849.0,45.36,new
KIRLFER, EQ,2026-10-09,464.65,467.75,452.25,458.7,453.0,464.65,138783,64079000.0,3213,,110538.0,79.65,new
KIRLOSBROS, EQ,2026-10-09,1669.0,1695.4,1640.0,1690.1,1690.7,1667.2,37480,62837000.0,5449,,17429.0,46.5,new
KIRLOSENG, EQ,2026-10-09,2171.4,2223.6,2107.6,2210.4,2220.0,2163.0,298993,651458000.0,30309,,114064.0,38.15,new
KIRLOSIND, EQ,2026-10-09,3473.2,3550.0,3461.0,3512.3,3500.0,3473.1,2877,10064000.0,645,,903.0,31.39,new
KIRLPNU, EQ,2026-10-09,672.0,680.0,657.0,667.25,670.0,670.3,61968,41223000.0,7447,,29656.0,47.86,new
KISSHT, EQ,2026-10-09,373.65,376.3,367.0,369.1,367.0,372.15,609163,226031000.0,24519,,217473.0,35.7,new
KITEX, EQ,2026-10-09,116.0,117.0,113.11,115.01,115.34,115.11,228868,26247000.000000004,3469,,82475.0,36.04,new
KJMCFIN, EQ,2026-10-09,57.69,57.69,55.7,57.05,55.7,57.69,880,50000.0,46,,838.0,95.23,new
KKCL, EQ,2026-10-09,489.9,489.9,453.3,460.1,454.0,472.5,102733,47752000.0,2537,,75583.0,73.57,new
KKJEWELS, SM,2026-10-09,98.0,114.05,98.0,110.2,110.7,95.05,323000,35370000.0,220,,208000.0,64.4,new
KLBRENG-B, EQ,2026-10-09,502.1,519.2,500.6,503.25,505.9,500.15,129719,65897000.0,5998,,66798.0,51.49,new
KLL, ST,2026-10-09,40.2,42.25,40.2,42.1,42.25,40.25,10400,437000.0,12,,8800.0,84.62,new
KMCSHIL, EQ,2026-10-09,177.48,181.93,168.1,169.77,169.6,177.28,327242,56979000.0,6115,,150630.0,46.03,new
KMEW, EQ,2026-10-09,3256.7,3338.0,3115.6,3207.8,3186.9,3256.7,267896,867277000.0,49863,,94350.0,35.22,new
KMSUGAR, BE,2026-10-09,25.9,26.5,25.45,26.11,25.89,25.81,51469,1338000.0,233,,,,new
KNACK, EQ,2026-10-09,204.41,209.0,199.71,207.14,206.5,202.16,2130143,438768999.99999994,18862,,840461.0,39.46,new
KNAGRI, EQ,2026-10-09,204.92,204.92,199.98,201.37,202.49,202.6,5025,1013000.0000000001,89,,4422.0,88.0,new
KNRCON, EQ,2026-10-09,111.6,114.17,110.0,112.92,113.5,111.61,1027163,115170000.0,13209,,397057.0,38.66,new
KODYTECH, ST,2026-10-09,1499.95,1565.0,1485.0,1547.4,1531.2,1500.3,10600,16225000.0,73,,10400.0,98.11,new
KOHINOOR, EQ,2026-10-09,29.26,29.81,28.7,29.29,29.29,28.88,63862,1863000.0,2403,,19438.0,30.44,new
KOKUYOCMLN, EQ,2026-10-09,74.65,74.65,72.0,72.65,72.51,73.26,9819,715000.0,387,,4829.0,49.18,new
KOLTEPATIL, EQ,2026-10-09,420.95,470.0,418.5,427.9,427.0,423.4,2348408,1056611000.0,55601,,150782.0,6.42,new
KONSTELEC, ST,2026-10-09,51.4,51.4,48.4,51.2,51.2,49.0,28000,1427000.0,13,,26000.0,92.86,new
KOPRAN, EQ,2026-10-09,253.4,261.05,248.1,251.05,249.5,254.3,333480,84831000.0,9125,,123684.0,37.09,new
KORE, ST,2026-10-09,221.9,222.2,211.0,221.8,222.2,211.65,14250,3123000.0,31,,14250.0,100.0,new
KOTAKBANK, EQ,2026-10-09,438.0,445.25,437.85,441.0,441.0,435.0,31536992,13973822000.0,215656,,22829425.0,72.39,new
KOTARISUG, BE,2026-10-09,25.61,26.39,25.6,25.8,25.61,25.86,14152,366000.0,118,,,,new
KOTHARIPET, EQ,2026-10-09,121.1,123.25,117.55,118.43,118.5,121.1,54381,6484000.0,1210,,34712.0,63.83,new
KOTHARIPRO, EQ,2026-10-09,63.73,64.75,62.0,62.26,62.69,63.51,13166,824000.0,357,,9269.0,70.4,new
KOTIC, EQ,2026-10-09,157.0,165.0,155.0,162.99,162.0,155.14,232044,37661000.0,5125,,58054.0,25.02,new
KOTYARK, EQ,2026-10-09,31.3,33.2,30.45,32.28,32.01,31.06,358087,11479000.0,1764,,228770.0,63.89,new
KOVAI, EQ,2026-10-09,5897.5,5944.5,5874.0,5876.0,5874.0,5891.5,3377,19896000.0,1006,,2388.0,70.71,new
KPEL, EQ,2026-10-09,206.98,209.96,203.58,208.13,209.0,206.87,179829,37262000.0,5112,,75795.0,42.15,new
KPIGREEN, EQ,2026-10-09,325.1,331.1,320.75,325.3,324.05,323.25,802487,261487000.0,26738,,124850.0,15.56,new
KPIL, EQ,2026-10-09,1402.0,1409.5,1375.6,1391.9,1386.6,1401.5,81940,113754000.0,10812,,38810.0,47.36,new
KPITTECH, EQ,2026-10-09,473.6,489.5,473.6,479.0,479.0,471.0,1979891,951561000.0,43822,,730606.0,36.9,new
KPL, EQ,2026-10-09,3539.0,3608.7,3475.0,3564.3,3561.1,3533.3,13563,48205000.0,3495,,6011.0,44.32,new
KPRMILL, EQ,2026-10-09,1053.3,1061.7,1027.4,1053.8,1053.3,1053.3,335591,352339000.0,22655,,197494.0,58.85,new
KRBL, EQ,2026-10-09,387.0,398.8,383.4,389.2,390.6,386.05,284167,111283000.0,13419,,97341.0,34.25,new
KREBSBIO, EQ,2026-10-09,57.5,59.49,55.11,56.0,56.87,57.96,29630,1682000.0,523,,19823.0,66.9,new
KRIDHANINF, EQ,2026-10-09,1.8,2.0,1.8,2.0,2.0,1.82,86436,169000.0,88,,79270.0,91.71,new
KRISHANA, EQ,2026-10-09,189.3,200.0,184.21,197.11,197.97,188.69,2164858,426953000.0,24015,,908915.0,41.98,new
KRISHCA, SM,2026-10-09,202.5,202.8,187.5,189.2,191.0,198.2,16500,3211999.9999999995,33,,11000.0,66.67,new
KRISHIVAL, EQ,2026-10-09,387.2,390.9,380.0,380.3,380.0,383.7,8924,3411999.9999999995,339,,7211.0,80.8,new
KRISHNADEF, EQ,2026-10-09,1246.9,1280.0,1189.0,1230.3,1250.1,1240.8,115394,140350000.0,7926,,50185.0,43.49,new
KRITI, EQ,2026-10-09,56.49,57.9,55.64,57.01,56.62,55.55,7523,426999.99999999994,93,,6985.0,92.85,new
KRITIKA, EQ,2026-10-09,4.86,5.04,4.8,4.85,4.85,4.86,72264,351000.0,303,,44355.0,61.38,new
KRITINUT, EQ,2026-10-09,70.33,73.0,70.0,72.33,72.4,72.26,8909,639000.0,270,,5539.0,62.17,new
KRMAYURVED, SM,2026-10-09,271.1,278.0,271.0,273.05,272.0,274.35,71000,19435000.0,69,,35000.0,49.3,new
KRN, EQ,2026-10-09,1405.0,1425.0,1363.4,1386.1,1386.6,1414.5,270635,377609000.0,23773,,126501.0,46.74,new
KRONOX, BE,2026-10-09,196.3,204.99,193.05,198.28,193.05,200.6,60549,12031000.0,371,,,,new
KROSS, EQ,2026-10-09,241.8,247.65,234.05,243.05,244.3,239.7,988643,239956000.0,24347,,215844.0,21.83,new
KRSNAA, EQ,2026-10-09,531.55,548.95,529.2,535.5,532.55,531.95,28069,14961000.000000002,2283,,12563.0,44.76,new
KRT, RR,2026-10-09,111.99,113.0,111.51,112.47,112.29,111.92,725110,81390000.0,2345,,642982.0,88.67,new
KRYSTAL, EQ,2026-10-09,626.8,650.0,621.25,626.75,625.0,633.2,46707,29666000.000000004,1856,,9769.0,20.92,new
KSB, EQ,2026-10-09,775.0,788.65,771.5,784.55,786.0,776.7,63909,49802000.0,7476,,26550.0,41.54,new
KSCL, EQ,2026-10-09,679.0,692.45,669.3,676.8,682.5,679.0,123638,84250000.0,5653,,46485.0,37.6,new
KSE, EQ,2026-10-09,173.34,177.9,173.34,176.02,176.01,175.48,5056,888000.0000000001,245,,4027.0,79.65,new
KSHINTL, EQ,2026-10-09,1027.0,1031.2,992.4,1001.5,1005.0,1017.7,143737,144651000.0,14606,,58378.0,40.61,new
KSHITIJPOL, BE,2026-10-09,3.5,3.75,3.5,3.5,3.69,3.68,13806723,48408000.0,1686,,,,new
KSL, EQ,2026-10-09,938.9,949.9,921.6,935.55,949.0,945.05,53434,49899000.0,4135,,20580.0,38.51,new
KSOLVES, EQ,2026-10-09,240.0,243.9,237.62,242.37,241.03,241.68,28977,6954000.000000001,1606,,16217.0,55.97,new
KSR, BE,2026-10-09,36.29,37.69,34.55,37.69,37.69,35.9,7869,286000.0,90,,,,new
KTKBANK, EQ,2026-10-09,320.8,329.6,318.8,328.2,328.0,320.8,1329287,431639999.99999994,23633,,670866.0,50.47,new
KUANTUM, EQ,2026-10-09,73.3,76.94,73.08,75.92,76.5,74.07,61407,4649000.0,1144,,37753.0,61.48,new
KUSUMGAR, EQ,2026-10-09,620.0,625.0,591.5,595.55,596.4,608.0,127923,77178000.0,6143,,54274.0,42.43,new
KWIL, EQ,2026-10-09,37.0,37.81,36.45,37.36,37.55,36.91,7835218,291072000.0,32281,,2910272.0,37.14,new
LADDERUP, BE,2026-10-09,53.9,53.9,49.55,49.8,53.33,51.9,341,17000.0,11,,,,new
LAGNAM, EQ,2026-10-09,73.99,74.0,71.21,73.49,73.49,71.14,470,35000.0,13,,453.0,96.38,new
LAHOTIOV, EQ,2026-10-09,39.27,40.0,38.55,39.99,39.99,38.5,1259,50000.0,28,,1238.0,98.33,new
LAKPRE, BZ,2026-10-09,4.9,5.17,4.75,4.95,4.95,4.98,1987,10000.0,8,,,,new
LAKSHMIMIL, EQ,2026-10-09,7634.0,7634.0,7634.0,7634.0,7634.0,7634.0,3,23000.0,1,,3.0,100.0,new
LAKSHYA, SM,2026-10-09,96.9,100.45,96.9,99.1,100.35,96.0,7200,712000.0,9,,5600.0,77.78,new
LAL, EQ,2026-10-09,8.41,8.69,8.36,8.41,8.41,8.53,11908,100000.0,83,,11136.0,93.52,new
LALITHAA, EQ,2026-10-09,376.0,388.5,364.65,382.6,384.0,376.45,5861573,2210457000.0,57624,,2367292.0,40.39,new
LALPATHLAB, EQ,2026-10-09,1898.9,1942.8,1882.8,1933.6,1929.9,1898.9,167905,321510000.0,34019,,99877.0,59.48,new
LAMBODHARA, EQ,2026-10-09,129.24,132.38,127.0,128.24,129.0,128.09,5149,667000.0,269,,2639.0,51.25,new
LAMOSAIC, ST,2026-10-09,45.3,46.95,44.45,46.0,45.05,46.75,22800,1040000.0,26,,14400.0,63.16,new
LANCER, EQ,2026-10-09,10.8,11.39,10.8,11.02,11.09,10.83,170351,1864999.9999999998,663,,113689.0,66.74,new
LANCORHOL, BE,2026-10-09,29.97,29.97,28.61,29.18,29.0,29.99,38958,1138000.0,416,,,,new
LANDMARK, EQ,2026-10-09,470.1,490.75,460.05,464.7,463.2,468.65,72033,33545999.999999996,3303,,24768.0,34.38,new
LANDSMILL, BE,2026-10-09,0.81,0.82,0.81,0.81,0.81,0.85,736578,597000.0,556,,,,new
LAOPALA, EQ,2026-10-09,153.6,155.7,152.02,154.76,155.6,153.98,106902,16502000.000000002,2968,,60862.0,56.93,new
LARGEMID50, EQ,2026-10-09,33.88,34.17,33.82,34.12,34.07,33.76,1566,53000.0,12,,1116.0,71.26,new
LASERPOWER, EQ,2026-10-09,272.5,275.75,265.5,267.35,266.95,272.5,354539,95505000.0,7229,,183456.0,51.74,new
LATENTVIEW, EQ,2026-10-09,232.75,241.7,231.05,232.01,232.4,230.26,680459,160498000.0,16929,,169393.0,24.89,new
LATTEYS, EQ,2026-10-09,20.91,21.2,19.84,20.65,20.25,20.91,86394,1755999.9999999998,351,,56960.0,65.93,new
LAURUSLABS, EQ,2026-10-09,1997.9,2048.0,1988.9,2036.6,2036.6,1997.9,1358268,2746618000.0,45495,,621304.0,45.74,new
LAXMICOT, EQ,2026-10-09,12.31,12.88,12.15,12.52,12.74,12.62,2168,27000.0,39,,1230.0,56.73,new
LAXMIDENTL, EQ,2026-10-09,194.44,196.88,190.44,195.92,196.0,192.52,54187,10562000.0,1519,,29463.0,54.37,new
LAXMIINDIA, EQ,2026-10-09,106.66,108.91,105.25,106.22,105.9,106.66,72549,7751000.000000001,1579,,31458.0,43.36,new
LCCINFOTEC, BE,2026-10-09,3.54,3.54,3.3,3.39,3.4,3.39,16102,54000.0,81,,,,new
LCCPROJECT, EQ,2026-10-09,145.1,146.19,142.02,143.86,143.8,145.08,348121,50006000.0,4193,,88418.0,25.4,new
LCL, EQ,2026-10-09,609.9,641.95,598.55,630.85,638.05,608.7,790907,494624000.0,38674,,331931.0,41.97,new
LEAPIND, EQ,2026-10-09,141.5,143.8,138.18,139.93,139.0,141.42,1567836,220344999.99999997,24664,,721012.0,45.99,new
LEENEE, BE,2026-10-09,7.0,7.3,6.66,7.03,7.0,7.0,11663,81000.0,54,,,,new
LEMERITE, EQ,2026-10-09,19.29,19.76,18.71,19.1,18.9,18.77,124288,2354000.0,127,,23247.0,18.7,new
LEMONTREE, EQ,2026-10-09,110.05,111.2,108.58,110.43,110.03,110.05,1920832,211666000.0,28562,,787644.0,41.01,new
LENSKART, EQ,2026-10-09,657.55,682.0,650.35,677.65,676.8,653.95,2487958,1674682000.0,55280,,1350389.0,54.28,new
LEXUS, EQ,2026-10-09,9.99,10.3,9.2,9.89,9.91,9.7,76248,754000.0,379,,31835.0,41.75,new
LFIC, EQ,2026-10-09,128.69,129.12,126.25,128.06,129.0,126.22,277,35000.0,30,,207.0,74.73,new
LGBBROSLTD, EQ,2026-10-09,1670.2,1695.9,1651.0,1663.7,1675.0,1676.4,58861,98646000.0,4462,,43113.0,73.25,new
LGEINDIA, EQ,2026-10-09,1740.0,1764.8,1714.9,1757.0,1750.6,1723.0,429250,751401000.0,40921,,213463.0,49.73,new
LGHL, EQ,2026-10-09,215.0,219.9,206.61,215.72,219.0,213.87,38896,8308000.0,720,,22500.0,57.85,new
LIBAS, EQ,2026-10-09,11.23,11.79,10.79,11.24,11.45,11.39,15896,178000.0,197,,8986.0,56.53,new
LIBERTSHOE, EQ,2026-10-09,210.4,213.2,210.0,210.31,211.65,210.18,13075,2759000.0,415,,8917.0,68.2,new
LICHSGFIN, EQ,2026-10-09,537.0,554.35,535.25,551.65,551.65,537.0,5310443,2918891000.0,42837,,2836812.0,53.42,new
LICI, EQ,2026-10-09,380.0,394.7,380.0,394.25,394.25,379.25,5557459,2162693000.0,52718,,2340415.0,42.11,new
LICMFGOLD, EQ,2026-10-09,132.25,133.9,132.25,133.3,133.35,131.8,29893,3986000.0,1402,,17399.0,58.2,new
LICNETFGSC, EQ,2026-10-09,29.06,29.23,28.89,28.89,28.89,28.92,53336,1545000.0,68,,39672.0,74.38,new
LICNETFN50, EQ,2026-10-09,250.23,254.32,250.23,254.32,254.32,251.56,139,35000.0,18,,91.0,65.47,new
LICNETFSEN, EQ,2026-10-09,807.47,849.75,807.47,842.65,837.65,804.17,85,70000.0,15,,69.0,81.18,new
LICNFNHGP, EQ,2026-10-09,260.1,264.0,258.01,260.31,258.01,252.43,233,61000.0,22,,214.0,91.85,new
LICNMID100, EQ,2026-10-09,58.19,59.45,58.11,58.75,58.75,58.19,8904,524000.0,90,,6699.0,75.24,new
LIKHITHA, EQ,2026-10-09,227.79,231.49,222.55,222.94,223.0,226.08,18643,4182000.0,786,,9270.0,49.72,new
LINC, EQ,2026-10-09,84.6,85.97,81.0,81.54,82.43,84.57,42671,3518000.0,1329,,29498.0,69.13,new
LINCOLN, EQ,2026-10-09,558.0,574.95,553.6,558.3,558.1,561.7,19349,10862000.0,1755,,7569.0,39.12,new
LINDEINDIA, EQ,2026-10-09,6033.0,6075.5,5952.0,5996.0,5991.0,6026.0,10247,61437000.0,3896,,3732.0,36.42,new
LIQGRWBEES, EQ,2026-10-09,1058.99,1059.01,1058.99,1059.0,1059.0,1058.57,21285,22541000.0,177,,17890.0,84.05,new
LIQUID, EQ,2026-10-09,999.99,1000.0,999.99,999.99,1000.0,999.99,200229,200229000.0,219,,181261.0,90.53,new
LIQUID1, EQ,2026-10-09,1125.97,1127.64,1124.27,1126.42,1126.43,1125.96,1077918,1214189000.0,1199,,735499.0,68.23,new
LIQUIDADD, EQ,2026-10-09,1148.65,1148.67,1148.64,1148.65,1148.64,1148.18,421555,484222000.0,446,,356524.0,84.57,new
LIQUIDBEES, EQ,2026-10-09,1000.0,1000.01,999.99,999.99,1000.0,1000.0,3366250,3366241000.0000005,7063,,2719148.0,80.78,new
LIQUIDBETA, EQ,2026-10-09,1011.55,1011.55,1011.55,1011.55,1011.55,1011.11,1,1000.0,1,,1.0,100.0,new
LIQUIDBETF, EQ,2026-10-09,1100.5,1103.55,1100.44,1102.52,1102.52,1102.07,232821,256682000.00000003,188,,109097.0,46.86,new
LIQUIDCASE, EQ,2026-10-09,116.31,116.33,116.31,116.32,116.33,116.27,22449607,2611471000.0,12467,,21208885.0,94.47,new
LIQUIDETF, EQ,2026-10-09,999.99,1000.01,999.99,1000.0,1000.0,999.99,385733,385733000.0,625,,338748.0,87.82,new
LIQUIDIETF, EQ,2026-10-09,1000.0,1000.01,999.92,999.99,1000.0,999.99,274027,274027000.0,236,,231003.0,84.3,new
LIQUIDPLUS, EQ,2026-10-09,1106.76,1107.09,1106.1,1107.08,1107.09,1106.61,182173,201680000.0,259,,149671.0,82.16,new
LIQUIDSBI, EQ,2026-10-09,999.99,1000.0,999.99,1000.0,1000.0,999.99,2094,2094000.0000000002,16,,2094.0,100.0,new
LIQUIDSHRI, EQ,2026-10-09,1125.13,1125.15,1125.13,1125.13,1125.13,1124.71,8684,9771000.0,20,,8175.0,94.14,new
LKPSEC, EQ,2026-10-09,13.62,13.92,13.25,13.63,13.48,13.62,4668,63000.0,144,,3390.0,72.62,new
LLOYDS, SM,2026-10-09,55.05,56.55,54.85,54.85,54.85,57.7,15000,828999.9999999999,9,,14000.0,93.33,new
LLOYDSENGG, EQ,2026-10-09,96.67,98.45,93.0,94.42,94.34,96.18,9866616,943256000.0,50651,,3036956.0,30.78,new
LLOYDSENT, EQ,2026-10-09,74.96,75.88,73.19,73.73,73.62,74.37,2663952,197380000.0,16127,,1455688.0,54.64,new
LLOYDSME, EQ,2026-10-09,1799.7,1847.9,1792.0,1815.5,1803.0,1795.6,514915,938437000.0000001,26289,,273006.0,53.02,new
LMW, EQ,2026-10-09,16488.0,16488.0,16025.0,16133.0,16070.0,16346.0,4051,65513000.0,1816,,1901.0,46.93,new
LODHA, EQ,2026-10-09,1067.7,1076.2,1051.2,1064.8,1064.8,1065.6,1120857,1190640000.0,23682,,493192.0,44.0,new
LOKESHMACH, EQ,2026-10-09,455.2,465.0,448.7,450.75,451.0,447.85,154914,70534000.0,4746,,79107.0,51.07,new
LORDSCHLO, EQ,2026-10-09,138.59,138.59,135.5,137.03,137.49,136.01,4440,607000.0,189,,2332.0,52.52,new
LOTUSCHO, EQ,2026-10-09,616.6,616.6,553.2,565.1,561.0,658.9,76176,43608000.0,3836,,27195.0,35.7,new
LOTUSDEV, BE,2026-10-09,233.73,243.0,227.15,239.75,242.0,233.73,549287,130344000.0,3286,,,,new
LOTUSEYE, EQ,2026-10-09,115.07,115.49,113.06,113.93,113.68,113.94,5872,669000.0,134,,5045.0,85.92,new
LOVABLE, EQ,2026-10-09,67.56,70.8,65.75,68.96,68.5,67.23,13387,913000.0000000001,317,,6748.0,50.41,new
LOWVOL, EQ,2026-10-09,191.2,192.2,191.2,192.01,192.01,189.02,290,56000.00000000001,9,,141.0,48.62,new
LOWVOL1, EQ,2026-10-09,19.49,19.74,19.4,19.55,19.52,19.22,194869,3822999.9999999995,12532,,141957.0,72.85,new
LOWVOLIETF, EQ,2026-10-09,20.68,20.68,20.18,20.47,20.45,20.18,2902882,59494000.00000001,13292,,2640416.0,90.96,new
LOYALTEX, EQ,2026-10-09,206.55,209.9,203.76,203.89,204.02,206.55,508,105000.0,20,,500.0,98.43,new
LPDC, EQ,2026-10-09,6.21,6.34,6.15,6.18,6.15,6.21,25868,161000.0,101,,13225.0,51.12,new
LRRPL, SM,2026-10-09,92.35,93.0,91.0,91.0,91.0,92.8,4500,415000.00000000006,3,,4500.0,100.0,new
LT, EQ,2026-10-09,3648.0,3709.2,3627.2,3703.3,3703.3,3625.1,1339156,4936658000.0,73567,,826878.0,61.75,new
LTF, EQ,2026-10-09,257.9,263.1,255.5,261.2,261.2,257.4,2600387,677595000.0,30101,,1090008.0,41.92,new
LTFOODS, EQ,2026-10-09,405.55,411.2,403.15,408.05,408.35,405.45,280965,114456000.0,12156,,114799.0,40.86,new
LTGILTBEES, EQ,2026-10-09,29.4,29.52,29.35,29.38,29.39,29.45,1887784,55526000.0,760,,1580341.0,83.71,new
LTGILTCASE, EQ,2026-10-09,30.01,30.18,29.91,30.0,30.03,30.01,172950,5199000.0,242,,161570.0,93.42,new
LTM, EQ,2026-10-09,3925.0,4091.8,3925.0,4070.0,4070.0,3915.0,368658,1490577000.0,28426,,88957.0,24.13,new
LTTS, EQ,2026-10-09,3200.0,3316.0,3182.2,3270.1,3275.0,3176.6,60589,195762000.0,13242,,26313.0,43.43,new
LUMAXIND, EQ,2026-10-09,5270.0,5324.5,5211.5,5270.0,5244.5,5294.0,6395,33686000.0,1783,,3135.0,49.02,new
LUMAXTECH, EQ,2026-10-09,1789.9,1842.0,1765.0,1827.4,1828.0,1770.2,117254,212916000.0,17487,,40410.0,34.46,new
LUMINO, EQ,2026-10-09,102.66,103.11,99.81,101.17,101.0,101.95,4117795,416900000.0,23544,,1245277.0,30.24,new
LUPIN, EQ,2026-10-09,1948.0,1968.9,1942.0,1956.5,1956.5,1936.9,362459,709014000.0,31090,,134916.0,37.22,new
LUXIND, EQ,2026-10-09,1110.0,1149.6,1091.0,1130.2,1144.0,1108.5,16465,18423000.0,1849,,5675.0,34.47,new
LXCHEM, EQ,2026-10-09,182.45,185.11,179.35,180.34,179.41,182.03,940479,170912000.0,17611,,328859.0,34.97,new
LYKALABS, BE,2026-10-09,72.45,74.8,70.5,72.65,72.16,72.68,25329,1846000.0,102,,,,new
M&M, EQ,2026-10-09,2763.9,2820.0,2747.9,2796.2,2796.2,2751.2,1241688,3471842000.0,97231,,672758.0,54.18,new
M&MFIN, EQ,2026-10-09,312.0,320.85,309.75,319.45,318.0,310.5,1454193,462156000.00000006,58198,,747896.0,51.43,new
MAANALU, EQ,2026-10-09,100.89,103.0,98.0,102.47,102.96,98.97,46354,4712000.0,1481,,31894.0,68.81,new
MACOBSTECH, SM,2026-10-09,194.0,203.8,194.0,203.8,203.8,203.7,4800,949000.0,6,,4800.0,100.0,new
MACPOWER, EQ,2026-10-09,1971.9,2029.3,1851.0,1898.8,1919.0,1981.0,64950,124371000.0,9529,,30369.0,46.76,new
MADHAV, EQ,2026-10-09,32.69,35.4,31.7,32.28,32.93,32.1,2331,76000.0,50,,1929.0,82.75,new
MADHAVBAUG, ST,2026-10-09,176.5,177.0,176.5,177.0,177.0,169.7,2000,354000.0,4,,2000.0,100.0,new
MADHAVIPL, EQ,2026-10-09,7.21,7.3,7.02,7.18,7.24,7.21,85200,608000.0,262,,65447.0,76.82,new
MADHUCON, EQ,2026-10-09,3.79,4.16,3.79,4.11,4.14,3.79,45192,183000.0,135,,40796.0,90.27,new
MADHURKNIT, SM,2026-10-09,58.0,59.4,56.3,57.7,57.5,57.4,88800,5146000.0,58,,76800.0,86.49,new
MADHUSUDAN, ST,2026-10-09,226.0,229.0,220.0,220.0,220.0,224.5,23000,5166000.0,22,,22000.0,95.65,new
MADRASFERT, EQ,2026-10-09,57.99,57.99,57.22,57.41,57.26,57.54,12905,742000.0,496,,8072.0,62.55,new
MAFANG, EQ,2026-10-09,285.0,292.37,269.0,287.07,284.0,280.37,1284131,362426000.0,24531,,470025.0,36.6,new
MAFATIND, EQ,2026-10-09,113.97,113.97,107.98,110.71,111.0,111.07,45438,5008000.0,1305,,25100.0,55.24,new
MAGADSUGAR, EQ,2026-10-09,550.6,553.95,534.6,538.9,543.7,544.65,19902,10788000.0,1191,,10502.0,52.77,new
MAGNUM, EQ,2026-10-09,17.82,18.19,17.6,17.61,17.6,17.82,11070,195000.0,105,,8394.0,75.83,new
MAGSON, SM,2026-10-09,180.9,185.0,175.95,185.0,185.0,180.0,13000,2342000.0,11,,7000.0,53.85,new
MAHABANK, EQ,2026-10-09,82.7,84.13,81.88,83.16,83.16,82.05,10807572,897261000.0,37014,,3901882.0,36.1,new
MAHAPEXLTD, EQ,2026-10-09,51.77,52.85,50.12,51.61,52.85,50.77,1508,78000.0,32,,1306.0,86.6,new
MAHASTEEL, BE,2026-10-09,1093.0,1119.7,1045.7,1116.8,1100.0,1086.9,1578,1716000.0,112,,,,new
MAHEPC, EQ,2026-10-09,99.19,99.59,97.0,97.86,98.44,98.16,12752,1251000.0,320,,9871.0,77.41,new
MAHESHWARI, EQ,2026-10-09,70.72,71.9,68.52,71.1,71.9,70.72,9267,649000.0,94,,7884.0,85.08,new
MAHKTECH, EQ,2026-10-09,23.19,23.19,22.2,22.38,22.48,22.63,695887,15783000.000000002,4913,,420258.0,60.39,new
MAHLIFE, EQ,2026-10-09,341.1,350.7,335.7,349.1,346.1,342.1,544305,186438000.0,16736,,382950.0,70.36,new
MAHLOG, EQ,2026-10-09,394.9,404.35,391.0,400.35,400.1,395.4,125071,49930000.0,6093,,47014.0,37.59,new
MAHSCOOTER, EQ,2026-10-09,12000.0,12276.0,11951.0,12155.0,12150.0,12048.0,3114,37691000.0,1705,,1523.0,48.91,new
MAHSEAMLES, EQ,2026-10-09,645.3,648.95,615.25,618.1,620.0,644.25,407344,254930000.00000003,26791,,170856.0,41.94,new
MAITHANALL, EQ,2026-10-09,886.0,898.1,875.0,879.25,879.0,887.55,46024,40792000.0,2842,,24224.0,52.63,new
MAITREYA, SM,2026-10-09,115.0,120.5,115.0,119.0,119.0,112.65,7600,893000.0,19,,6000.0,78.95,new
MAJESAUT, BE,2026-10-09,369.0,370.0,354.1,364.8,360.0,365.55,1745,631000.0,121,,,,new
MAKEINDIA, EQ,2026-10-09,152.41,152.67,150.08,152.11,151.92,151.43,23161,3518000.0,467,,9807.0,42.34,new
MAKERSL, EQ,2026-10-09,179.5,180.5,177.0,177.07,177.0,179.5,2971,534000.0,30,,2927.0,98.52,new
MAL, ST,2026-10-09,36.65,36.75,36.65,36.75,36.75,36.8,3200,117000.0,2,,3200.0,100.0,new
MALLCOM, EQ,2026-10-09,887.0,918.55,885.05,900.95,895.05,900.85,577,519000.00000000006,81,,418.0,72.44,new
MALUPAPER, EQ,2026-10-09,30.98,31.28,30.65,31.0,31.0,30.68,4155,128000.0,143,,1695.0,40.79,new
MAMATA, EQ,2026-10-09,388.9,393.0,382.95,390.2,393.0,385.7,29794,11577000.0,1897,,13281.0,44.58,new
MANAKALUCO, EQ,2026-10-09,32.0,32.0,31.02,31.88,31.93,31.22,30259,958000.0,540,,24805.0,81.98,new
MANAKCOAT, EQ,2026-10-09,126.33,129.0,125.0,127.53,126.9,126.33,228621,29085000.000000004,1886,,175228.0,76.65,new
MANAKSIA, EQ,2026-10-09,57.69,58.0,56.63,57.36,57.45,56.82,24298,1395000.0,712,,13387.0,55.1,new
MANAKSTEEL, BE,2026-10-09,105.61,111.44,102.3,111.44,111.44,106.14,42147,4572000.0,235,,,,new
MANALIPETC, EQ,2026-10-09,86.0,87.87,85.1,85.87,85.54,85.88,1584998,137031000.0,15730,,355556.0,22.43,new
MANAPPURAM, EQ,2026-10-09,305.95,315.25,305.5,314.8,314.8,304.15,4766370,1486050000.0,55119,,2312567.0,48.52,new
MANBA, EQ,2026-10-09,150.0,150.79,140.8,141.56,141.5,146.82,160279,23048000.0,2510,,63622.0,39.69,new
MANCREDIT, EQ,2026-10-09,223.5,229.7,221.76,227.2,229.65,223.63,12164,2735000.0,586,,5958.0,48.98,new
MANGALAM, EQ,2026-10-09,31.66,34.62,30.5,31.06,31.34,31.48,181357,5916000.0,1384,,61871.0,34.12,new
MANGLMCEM, EQ,2026-10-09,951.0,956.8,935.25,954.3,955.0,950.8,36238,34406000.0,1811,,21253.0,58.65,new
MANIKA, EQ,2026-10-09,57.8,57.8,50.66,54.21,54.0,55.46,2251163,120320000.0,14115,,634704.0,28.19,new
MANILAM, SM,2026-10-09,38.5,42.0,37.5,40.25,42.0,35.0,8000,313000.0,4,,6000.0,75.0,new
MANINDS, EQ,2026-10-09,860.4,891.5,852.9,867.9,868.1,857.85,377286,330327000.0,25450,,105196.0,27.88,new
MANINFRA, EQ,2026-10-09,117.5,119.3,116.51,117.16,117.0,117.74,1485860,175044000.0,9755,,653789.0,44.0,new
MANIPALHOS, EQ,2026-10-09,683.45,716.0,683.45,701.3,700.5,684.05,1391905,975852000.0,71218,,553793.0,39.79,new
MANKIND, EQ,2026-10-09,2380.0,2389.8,2342.0,2368.5,2368.5,2380.0,306899,727284000.0,37653,,145668.0,47.46,new
MANOMAY, EQ,2026-10-09,237.0,240.18,230.0,239.33,238.25,232.54,372117,87828000.0,10431,,29591.0,7.95,new
MANORAMA, EQ,2026-10-09,1999.2,2050.0,1969.6,2043.4,2046.2,1998.5,186151,376311000.0,17927,,88147.0,47.35,new
MANORG, EQ,2026-10-09,432.0,435.0,423.45,430.7,435.0,427.25,4090,1747000.0,178,,3164.0,77.36,new
MANUFGBEES, EQ,2026-10-09,149.5,150.93,148.2,150.23,150.61,149.43,16404,2454000.0,168,,6688.0,40.77,new
MANUGRAPH, BE,2026-10-09,15.79,15.79,15.21,15.59,15.64,15.81,20581,320000.0,176,,,,new
MANYAVAR, EQ,2026-10-09,491.0,504.0,483.8,500.75,500.0,489.9,127741,63279999.99999999,10961,,59495.0,46.57,new
MAPMYINDIA, EQ,2026-10-09,872.0,890.95,856.2,873.1,884.0,874.7,87144,75993000.0,12421,,38139.0,43.77,new
MARALOVER, EQ,2026-10-09,57.02,59.5,56.12,57.27,57.84,56.41,4936,287000.0,144,,3575.0,72.43,new
MARATHON, EQ,2026-10-09,364.25,365.5,352.7,353.65,354.0,361.2,41797,14861000.000000002,3062,,21729.0,51.99,new
MARC, ST,2026-10-09,150.1,150.1,146.0,150.1,150.1,150.1,3600,535000.0,3,,3600.0,100.0,new
MARCO, SM,2026-10-09,29.0,29.25,29.0,29.0,29.0,28.0,4500,131000.0,3,,4500.0,100.0,new
MARICO, EQ,2026-10-09,781.1,791.2,781.1,786.15,786.15,777.25,933937,734986000.0,41606,,526898.0,56.42,new
MARINE, EQ,2026-10-09,455.05,463.0,451.0,455.65,455.0,452.6,806212,367558000.0,27518,,273367.0,33.91,new
MARKOLINES, EQ,2026-10-09,166.01,170.68,163.5,169.24,169.6,164.44,169615,28674000.0,1403,,45372.0,26.75,new
MARKSANS, EQ,2026-10-09,308.5,316.4,308.0,309.1,308.7,307.8,1140146,354977000.0,33736,,413895.0,36.3,new
MARSONS, EQ,2026-10-09,127.51,136.5,127.51,131.11,131.17,126.79,8400475,1114055000.0,60815,,2089881.0,24.88,new
MARUSHIKA, SM,2026-10-09,112.0,112.0,112.0,112.0,112.0,110.0,1200,134000.0,1,,1200.0,100.0,new
MARUTI, EQ,2026-10-09,11291.0,11455.0,11247.0,11420.0,11420.0,11228.0,353177,4023682000.0,41700,,204653.0,57.95,new
MASFIN, EQ,2026-10-09,262.95,268.0,261.7,266.7,266.15,262.95,63479,16889000.0,3354,,34168.0,53.83,new
MASON, SM,2026-10-09,95.0,111.0,95.0,108.55,111.0,98.2,59500,6226000.0,57,,53500.0,89.92,new
MASPTOP50, EQ,2026-10-09,114.46,116.0,112.79,115.11,115.46,111.67,958323,110182000.0,10655,,417997.0,43.62,new
MASTEK, EQ,2026-10-09,1656.2,1732.0,1656.2,1679.9,1666.0,1651.2,196011,332912000.0,28002,,55381.0,28.25,new
MASTERTR, EQ,2026-10-09,82.82,85.59,81.74,82.52,82.5,81.6,648176,53955999.99999999,3835,,138869.0,21.42,new
MATRIMONY, EQ,2026-10-09,510.0,533.2,510.0,528.75,525.0,517.8,12146,6374000.0,865,,6524.0,53.71,new
MAWANASUG, EQ,2026-10-09,146.97,150.9,145.06,146.44,148.0,145.11,173010,25431000.0,3124,,57017.0,32.96,new
MAXESTATES, EQ,2026-10-09,535.65,535.65,526.1,529.55,528.0,531.75,33339,17645000.0,2520,,16015.0,48.04,new
MAXHEALTH, EQ,2026-10-09,896.8,917.05,879.2,883.8,883.8,873.4,5377260,4809541000.0,115722,,2367347.0,44.03,new
MAXIND, EQ,2026-10-09,158.0,160.09,153.0,154.73,156.5,158.42,30083,4677000.0,1405,,13866.0,46.09,new
MAXPOSURE, SM,2026-10-09,34.5,34.8,33.3,33.3,33.3,34.0,9000,304000.0,9,,7000.0,77.78,new
MAXVOLT, SM,2026-10-09,429.0,433.0,418.0,421.15,418.35,425.9,26000,11059000.0,62,,18400.0,70.77,new
MAYURUNIQ, EQ,2026-10-09,750.3,795.0,745.2,788.4,793.95,749.9,232886,180991000.0,12309,,104625.0,44.93,new
MAZDA, BE,2026-10-09,270.0,283.0,269.5,279.05,281.0,271.7,17920,4953000.0,255,,,,new
MAZDOCK, EQ,2026-10-09,2024.0,2024.0,1987.7,2010.0,2010.0,1990.0,883444,1770008000.0000002,37986,,369715.0,41.85,new
MBAPL, EQ,2026-10-09,164.15,166.37,160.9,165.32,164.5,163.42,424263,69720000.0,7050,,173643.0,40.93,new
MBECL, BE,2026-10-09,464.85,464.85,464.85,464.85,464.85,474.3,366,170000.0,16,,,,new
MBEL, EQ,2026-10-09,266.9,269.72,261.77,266.61,268.0,265.56,271509,72248000.0,8644,,74257.0,27.35,new
MBLINFRA, EQ,2026-10-09,23.6,24.78,22.16,23.67,23.6,23.88,56217,1323000.0,224,,40517.0,72.07,new
MCCHRLS-B, EQ,2026-10-09,676.0,686.95,665.0,677.95,686.9,675.15,80,54000.0,9,,80.0,100.0,new
MCL, EQ,2026-10-09,54.83,55.92,53.0,53.95,53.22,53.75,38830,2100000.0,1795,,18947.0,48.79,new
MCLEODRUSS, EQ,2026-10-09,41.6,41.99,40.1,41.23,41.3,40.63,163973,6717000.0,989,,82871.0,50.54,new
MCLOUD, EQ,2026-10-09,24.29,24.76,24.13,24.5,24.6,24.3,1351617,33293000.0,2106,,248363.0,18.38,new
MCON, SM,2026-10-09,39.35,39.35,39.25,39.3,39.25,41.0,12000,472000.0,10,,9000.0,75.0,new
MCX, EQ,2026-10-09,3265.0,3342.0,3221.0,3318.2,3318.2,3255.6,1632264,5401096000.0,83000,,641593.0,39.31,new
MDL, SM,2026-10-09,59.05,59.05,59.0,59.0,59.0,59.0,2000,118000.0,2,,2000.0,100.0,new
MEDANTA, EQ,2026-10-09,1290.0,1322.6,1288.8,1312.7,1318.0,1276.5,235514,308274000.0,29148,,108998.0,46.28,new
MEDIASSIST, EQ,2026-10-09,295.2,304.85,294.05,301.15,304.8,295.2,96232,28806000.0,4291,,44561.0,46.31,new
MEDICAMEQ, BE,2026-10-09,304.0,305.0,298.0,300.85,303.0,304.7,11443,3447000.0,242,,,,new
MEDICAPQ, BE,2026-10-09,25.5,25.5,25.5,25.5,25.5,24.29,1292,33000.0,10,,,,new
MEDICO, EQ,2026-10-09,22.2,23.15,21.0,22.8,22.98,21.83,309864,6867000.0,1311,,170847.0,55.14,new
MEDIORG, SM,2026-10-09,24.0,24.0,23.35,23.35,23.35,24.55,10000,235000.0,3,,10000.0,100.0,new
MEDPLUS, EQ,2026-10-09,631.9,631.9,619.1,625.3,624.0,631.9,109815,68646000.0,8154,,55118.0,50.19,new
MEESHO, EQ,2026-10-09,232.5,233.71,224.31,232.74,231.0,232.19,6032710,1388366000.0,58342,,1698083.0,28.15,new
MEGAFLEX, SM,2026-10-09,134.4,134.4,134.4,134.4,134.4,128.0,1000,134000.0,1,,1000.0,100.0,new
MEGASTAR, EQ,2026-10-09,292.31,304.98,290.01,292.53,290.01,292.31,17182,5055000.0,479,,4055.0,23.6,new
MEGATHERM, SM,2026-10-09,247.0,247.0,240.5,241.95,242.9,247.95,9600,2333000.0,21,,6000.0,62.5,new
MEIL, EQ,2026-10-09,266.2,311.5,258.05,277.25,278.6,266.2,2270327,670130000.0,44980,,121247.0,5.34,new
MENNPIS, BE,2026-10-09,69.99,70.0,67.5,67.94,68.0,69.99,35606,2427000.0,217,,,,new
MENONBE, EQ,2026-10-09,287.2,293.85,280.15,289.15,290.4,287.1,65337,18661000.0,1905,,33951.0,51.96,new
MEP, BZ,2026-10-09,0.69,0.7,0.68,0.68,0.69,0.69,88961,61000.0,74,,,,new
MERCANTILE, EQ,2026-10-09,20.71,21.98,20.13,21.0,21.0,20.7,1605,33000.0,81,,1406.0,87.6,new
MERCURYEV, EQ,2026-10-09,36.0,37.49,36.0,36.97,37.2,36.48,184506,6804000.000000001,2140,,70525.0,38.22,new
METAL, EQ,2026-10-09,12.32,12.32,11.96,12.12,12.14,12.02,1446902,17511000.0,3588,,794918.0,54.94,new
METALIC, ST,2026-10-09,162.05,169.3,160.1,169.3,169.3,161.25,94400,15829000.0,49,,83200.0,88.14,new
METALIETF, EQ,2026-10-09,12.09,12.12,11.92,12.08,12.11,12.09,5727492,68974000.0,9881,,2744283.0,47.91,new
METROBRAND, EQ,2026-10-09,846.15,870.0,834.55,864.65,870.0,840.65,30100,25793000.0,5135,,17626.0,58.56,new
METROGLOBL, EQ,2026-10-09,126.28,128.5,120.01,125.87,125.75,126.28,552,67000.0,28,,529.0,95.83,new
METROPOLIS, EQ,2026-10-09,525.85,532.5,516.0,529.25,525.0,525.85,108778,57282000.00000001,12434,,48515.0,44.6,new
MFML, EQ,2026-10-09,18.37,19.2,18.35,18.35,18.35,18.3,1115,21000.0,24,,706.0,63.32,new
MFSL, EQ,2026-10-09,1316.0,1332.2,1301.0,1309.7,1309.7,1322.4,809621,1067279999.9999999,39887,,397955.0,49.15,new
MGEL, EQ,2026-10-09,15.9,15.98,15.71,15.81,15.78,15.9,122983,1946000.0,262,,98527.0,80.11,new
MGL, EQ,2026-10-09,1046.0,1052.0,1032.5,1042.8,1041.5,1043.9,137813,143848000.0,18357,,79715.0,57.84,new
MGSL, SM,2026-10-09,59.0,59.0,58.0,58.35,58.35,60.0,14400,841000.0,12,,13200.0,91.67,new
MHLXMIRU, BE,2026-10-09,171.4,175.0,162.05,168.65,168.5,167.82,5378,910000.0,67,,,,new
MHRIL, EQ,2026-10-09,187.23,189.0,184.91,188.02,188.99,187.23,138037,25747000.000000004,3758,,78998.0,57.23,new
MICEL, BE,2026-10-09,33.7,34.37,33.7,34.37,34.37,33.7,88811,3030000.0,182,,,,new
MICROPRO, SM,2026-10-09,17.35,17.35,17.35,17.35,17.35,16.25,1600,28000.000000000004,1,,1600.0,100.0,new
MID150, EQ,2026-10-09,22.04,22.04,21.73,21.94,22.01,22.04,93760,2055000.0,366,,63820.0,68.07,new
MID150BEES, EQ,2026-10-09,222.0,224.0,220.51,223.72,223.72,221.17,697160,155406000.0,8187,,398612.0,57.18,new
MID150CASE, EQ,2026-10-09,10.84,10.91,10.74,10.88,10.9,10.75,1262277,13680000.000000002,3445,,493294.0,39.08,new
MIDBANKADD, EQ,2026-10-09,16.08,16.39,16.07,16.39,16.39,16.07,11648,188000.0,16,,11348.0,97.42,new
MIDCAP, EQ,2026-10-09,17.39,17.39,16.9,17.18,17.16,16.97,379272,6483000.0,3406,,197165.0,51.99,new
MIDCAPADD, EQ,2026-10-09,21.95,22.0,21.4,21.79,21.74,21.52,97817,2110000.0,148,,34219.0,34.98,new
MIDCAPBETA, EQ,2026-10-09,218.14,220.0,216.09,216.83,216.7,219.23,907,197000.0,28,,496.0,54.69,new
MIDCAPETF, EQ,2026-10-09,22.37,22.37,21.79,22.09,22.12,21.83,1865104,41023000.0,4946,,1100276.0,58.99,new
MIDCAPIETF, EQ,2026-10-09,22.16,22.45,22.07,22.4,22.45,22.11,604630,13474000.0,1939,,289779.0,47.93,new
MIDHANI, EQ,2026-10-09,443.6,448.45,434.1,440.5,440.9,442.55,496242,218955000.00000003,24538,,174890.0,35.24,new
MIDQ50ADD, EQ,2026-10-09,23.38,25.67,23.24,23.51,24.5,23.38,19363,454000.0,242,,16059.0,82.94,new
MIDSELIETF, EQ,2026-10-09,18.2,18.48,18.12,18.32,18.3,18.1,291419,5342000.0,1544,,193972.0,66.56,new
MIDSMALL, EQ,2026-10-09,49.39,49.84,48.93,49.59,49.59,49.11,146354,7237000.0,606,,93726.0,64.04,new
MIDWESTLTD, EQ,2026-10-09,1010.0,1019.0,977.05,990.05,992.0,989.8,32740,32551000.0,3686,,10339.0,31.58,new
MIEL, SM,2026-10-09,11.7,11.7,11.7,11.7,11.7,11.9,2000,23000.0,1,,2000.0,100.0,new
MIIL, EQ,2026-10-09,676.0,677.95,663.75,666.55,674.9,670.85,47709,31826000.0,1002,,17499.0,36.68,new
MILKYMIST, BE,2026-10-09,316.2,329.05,316.2,320.4,319.5,328.35,897117,288436000.0,19281,,,,new
MILTON, SM,2026-10-09,33.75,33.75,33.75,33.75,33.75,35.5,4400,149000.0,2,,2200.0,50.0,new
MINALIND, BE,2026-10-09,3.93,3.93,3.93,3.93,3.93,4.01,1056,4000.0,5,,,,new
MINDACORP, EQ,2026-10-09,635.05,643.45,630.6,636.3,634.85,635.15,153138,97758000.0,13595,,95460.0,62.34,new
MINDSPACE, RR,2026-10-09,490.99,496.99,490.99,493.73,492.6,490.99,140164,69294000.0,7457,,125006.0,89.19,new
MINDTECK, EQ,2026-10-09,136.4,142.0,135.41,139.37,140.6,135.08,31466,4358000.0,1236,,14901.0,47.36,new
MIRZAINT, EQ,2026-10-09,27.46,27.92,27.11,27.27,27.39,27.44,43176,1186000.0,835,,25557.0,59.19,new
MITCON, EQ,2026-10-09,77.84,77.84,73.15,75.52,75.5,77.85,8108,611000.0,176,,6001.0,74.01,new
MITTAL, EQ,2026-10-09,0.69,0.72,0.67,0.7,0.72,0.69,1378808,956000.0,442,,882636.0,64.01,new
MKEXIM, EQ,2026-10-09,57.75,60.18,56.56,57.81,57.06,57.76,10950,640000.0,231,,8962.0,81.84,new
MKPL, EQ,2026-10-09,3.98,4.03,3.88,3.97,3.94,3.92,84090,333000.0,302,,63663.0,75.71,new
MLKFOOD, EQ,2026-10-09,85.15,87.95,84.91,87.16,87.95,85.15,4342,373000.0,140,,3999.0,92.1,new
MMFL, EQ,2026-10-09,550.0,560.25,542.5,552.15,556.0,553.7,46393,25553000.0,3858,,22289.0,48.04,new
MMP, EQ,2026-10-09,492.85,509.0,480.0,501.35,505.0,483.25,101936,50506000.0,4488,,53953.0,52.93,new
MMTC, EQ,2026-10-09,55.49,55.79,53.95,54.87,54.8,54.27,949224,52061000.0,9837,,267942.0,28.23,new
MMWL, EQ,2026-10-09,19.99,21.6,17.81,21.04,20.99,19.77,5052991,106683000.0,19853,,3782925.0,74.87,new
MNC, EQ,2026-10-09,30.95,30.95,30.3,30.68,30.81,30.45,34434,1053000.0,514,,24767.0,71.93,new
MOALPHA50, EQ,2026-10-09,53.59,54.92,53.59,54.79,54.79,53.59,7558,412000.0,48,,6034.0,79.84,new
MOBANK10, EQ,2026-10-09,16.28,16.42,16.28,16.42,16.42,16.15,1586,26000.0,19,,1086.0,68.47,new
MOBIKWIK, EQ,2026-10-09,243.1,263.95,241.25,245.49,244.1,244.52,28401891,7262107000.000001,263118,,2074872.0,7.31,new
MOBILISE, SM,2026-10-09,108.4,108.4,100.55,100.55,100.55,103.25,6400,673000.0,4,,4800.0,75.0,new
MOCAPITAL, EQ,2026-10-09,52.02,52.48,51.42,52.07,52.28,52.02,516203,26876000.0,2243,,271467.0,52.59,new
MODEFENCE, EQ,2026-10-09,99.37,99.5,97.56,98.83,98.96,98.39,1202234,118379000.0,7889,,538807.0,44.82,new
MODINATUR, EQ,2026-10-09,294.3,344.75,287.2,315.75,310.0,288.65,38882,12395000.0,1350,,25228.0,64.88,new
MODIRUBBER, EQ,2026-10-09,117.0,120.0,117.0,118.07,118.5,118.67,1307,154000.0,37,,1100.0,84.16,new
MODIS, EQ,2026-10-09,376.15,404.95,375.8,398.05,397.15,375.25,120637,47420000.0,3256,,75441.0,62.54,new
MODISONLTD, BE,2026-10-09,459.0,476.8,441.2,471.3,475.0,464.4,96744,44089000.0,1563,,,,new
MODTHREAD, EQ,2026-10-09,46.2,48.9,45.16,48.72,48.87,46.2,3110,148000.0,57,,2582.0,83.02,new
MOENERGY, EQ,2026-10-09,36.1,36.38,35.55,36.05,35.99,35.98,68800,2474000.0,663,,53874.0,78.31,new
MOGOLD, EQ,2026-10-09,144.65,147.2,144.65,146.45,147.0,144.6,29420,4304000.0,363,,13591.0,46.2,new
MOGSEC, EQ,2026-10-09,64.77,65.0,64.35,64.84,64.99,64.77,1294,83000.0,47,,1251.0,96.68,new
MOHEALTH, EQ,2026-10-09,49.36,49.98,48.37,49.67,49.59,49.36,70513,3494000.0,512,,47171.0,66.9,new
MOHITE, EQ,2026-10-09,2.42,2.48,2.42,2.46,2.47,2.45,11618,28999.999999999996,71,,11375.0,97.91,new
MOHITIND, EQ,2026-10-09,22.49,23.5,21.61,22.99,22.97,22.01,10018,225999.99999999997,102,,5217.0,52.08,new
MOIL, EQ,2026-10-09,231.0,235.7,229.0,234.96,234.65,229.58,383956,89747000.0,12040,,169621.0,44.18,new
MOINFRA, EQ,2026-10-09,54.85,55.27,54.72,55.1,55.27,54.59,4261,235000.0,44,,3720.0,87.3,new
MOIPO, EQ,2026-10-09,45.4,46.45,45.35,46.1,45.83,45.34,1422,65000.0,27,,1256.0,88.33,new
MOKSH, EQ,2026-10-09,9.39,9.39,8.83,8.89,8.9,9.17,209611,1880000.0,473,,186901.0,89.17,new
MOL, EQ,2026-10-09,58.13,59.2,56.9,58.41,58.16,57.74,433570,25257000.0,3726,,158162.0,36.48,new
MOLBIO, EQ,2026-10-09,1481.2,1488.9,1427.1,1438.6,1433.0,1479.2,779885,1134901000.0,54881,,199479.0,25.58,new
MOLDTECH, BE,2026-10-09,106.0,110.22,99.75,110.22,110.22,209.95,44450,4710000.0,767,,,,new
MOLDTKPAC, EQ,2026-10-09,328.45,329.95,317.7,326.35,326.8,652.1,100970,32777999.999999996,6186,,47745.0,47.29,new
MOLOWVOL, EQ,2026-10-09,33.84,35.0,33.51,33.72,33.73,33.27,5972,202000.0,57,,5421.0,90.77,new
MOM100, EQ,2026-10-09,62.74,64.3,62.53,63.65,63.74,62.74,324497,20538000.0,2296,,175035.0,53.94,new
MOM30IETF, EQ,2026-10-09,30.17,30.17,29.26,29.64,29.57,29.44,748938,22199000.0,1594,,431550.0,57.62,new
MOM50, EQ,2026-10-09,233.78,237.05,233.73,235.34,235.02,231.28,7026,1659000.0,115,,1612.0,22.94,new
MOMENTUM, EQ,2026-10-09,29.32,29.79,28.91,29.61,29.63,29.32,16113,474000.0,157,,12237.0,75.94,new
MOMENTUM30, EQ,2026-10-09,28.95,29.94,28.75,29.62,29.33,28.99,640180,18686000.0,276,,607404.0,94.88,new
MOMENTUM50, EQ,2026-10-09,51.79,52.4,51.2,51.99,52.34,51.71,705839,36585000.0,14882,,356189.0,50.46,new
MOMETAL, EQ,2026-10-09,12.07,12.3,11.87,12.05,12.06,12.08,36175,434999.99999999994,119,,31798.0,87.9,new
MOMGF, EQ,2026-10-09,149.22,149.94,147.98,149.84,149.94,149.22,1554,231999.99999999997,33,,1216.0,78.25,new
MOMIDMTM, EQ,2026-10-09,60.9,61.78,60.5,61.37,61.49,60.95,29656,1813000.0,224,,16973.0,57.23,new
MOMMIDCAP, EQ,2026-10-09,12.24,12.45,12.15,12.38,12.39,12.24,497431,6144000.0,501,,342332.0,68.82,new
MOMNC, EQ,2026-10-09,29.65,29.85,29.5,29.82,29.84,29.51,1464,43000.0,29,,1096.0,74.86,new
MOMOMENTUM, EQ,2026-10-09,58.66,59.6,58.07,59.28,59.55,58.67,37347,2199000.0,380,,21717.0,58.15,new
MOMSBELIEF, EQ,2026-10-09,218.1,228.5,214.03,215.56,215.5,218.49,323552,70361000.0,3267,,136239.0,42.11,new
MON100, EQ,2026-10-09,325.15,328.5,320.5,324.48,324.75,325.15,783564,253902000.0,18551,,378765.0,48.34,new
MON50EQUAL, EQ,2026-10-09,31.31,31.31,30.56,31.09,31.11,30.7,2319,72000.0,45,,1355.0,58.43,new
MONARCH, EQ,2026-10-09,328.0,339.75,328.0,337.05,339.75,330.05,25271,8486000.0,987,,14571.0,57.66,new
MONEXT50, EQ,2026-10-09,67.94,68.5,67.88,68.29,68.39,67.27,1525,104000.0,44,,1523.0,99.87,new
MONEYBOXX, BE,2026-10-09,51.0,54.0,50.0,53.93,54.0,51.5,24799,1310000.0,73,,,,new
MONEYVIEW, EQ,2026-10-09,57.0,63.5,55.71,62.39,61.32,57.89,450972326,27312292000.0,822142,,36868452.0,8.18,new
MONIFTY100, EQ,2026-10-09,23.97,23.97,23.55,23.7,23.6,23.63,4029,95000.0,86,,3479.0,86.35,new
MONIFTY500, EQ,2026-10-09,22.1,22.43,22.0,22.34,22.28,22.1,1189075,26531000.0,1684,,693480.0,58.32,new
MONOLITH, SM,2026-10-09,1295.0,1299.95,1240.25,1251.25,1240.55,1271.1,16750,21383000.0,63,,13250.0,79.1,new
MONOPHARMA, SM,2026-10-09,8.45,8.9,8.45,8.9,8.9,8.5,14000,122000.0,6,,14000.0,100.0,new
MONQ50, EQ,2026-10-09,249.82,262.77,243.05,252.03,248.0,243.73,1467931,372885000.0,28405,,507461.0,34.57,new
MONTECARLO, EQ,2026-10-09,518.05,521.0,509.65,511.55,510.5,514.7,26313,13512000.0,1286,,15610.0,59.32,new
MOOILGAS, EQ,2026-10-09,10.67,10.67,10.34,10.37,10.41,10.46,14251,148000.0,76,,13207.0,92.67,new
MOPSE, EQ,2026-10-09,92.12,92.98,92.0,92.98,92.98,92.12,89,8000.0,13,,73.0,82.02,new
MOQUALITY, EQ,2026-10-09,184.48,187.33,184.43,187.31,187.3,182.84,4974,922000.0000000001,91,,4197.0,84.38,new
MOREALTY, EQ,2026-10-09,81.12,81.26,79.9,80.32,80.0,80.26,217203,17490000.0,1612,,111409.0,51.29,new
MOREPENLAB, EQ,2026-10-09,138.5,141.96,127.14,129.55,129.0,136.55,17770995,2367289000.0,84520,,7395575.0,41.62,new
MOS, SM,2026-10-09,6.05,6.05,5.75,5.75,5.75,6.05,520000,3014000.0,103,,308000.0,59.23,new
MOSCHIP, EQ,2026-10-09,187.87,191.74,186.91,189.1,189.9,186.71,787186,149262000.0,15516,,280770.0,35.67,new
MOSERVICE, EQ,2026-10-09,29.1,29.43,29.1,29.43,29.43,28.74,567,17000.0,10,,420.0,74.07,new
MOSILVER, EQ,2026-10-09,216.2,217.28,215.91,216.25,216.45,213.07,35797,7745000.0,439,,11830.0,33.05,new
MOSMALL250, EQ,2026-10-09,18.01,18.01,17.44,17.63,17.69,17.58,592526,10445000.0,1739,,324752.0,54.81,new
MOTHERSON, EQ,2026-10-09,154.0,154.94,151.37,153.0,153.0,153.08,8648185,1321386000.0,55439,,3233611.0,37.39,new
MOTILALOFS, EQ,2026-10-09,1014.0,1038.1,1000.8,1026.0,1026.0,1014.3,828221,845246999.9999999,24019,,326935.0,39.47,new
MOTISONS, EQ,2026-10-09,17.7,18.45,17.56,18.06,18.2,17.57,48499457,873425000.0,217895,,12309816.0,25.38,new
MOTOGENFIN, EQ,2026-10-09,25.69,25.99,25.28,25.98,25.98,25.21,265,7000.000000000001,13,,142.0,53.58,new
MOTOUR, EQ,2026-10-09,73.82,74.56,73.6,74.43,74.56,73.82,4740,352000.0,101,,4406.0,92.95,new
MOVALUE, EQ,2026-10-09,105.65,106.0,104.4,105.76,105.9,104.61,45845,4836000.0,570,,30522.0,66.58,new
MOXSH, SM,2026-10-09,88.7,97.6,88.7,97.6,97.6,93.3,4800,450000.0,3,,3200.0,66.67,new
MPEL, SM,2026-10-09,24.5,24.8,24.5,24.8,24.8,23.65,68800,1702000.0,37,,60800.0,88.37,new
MPHASIS, EQ,2026-10-09,2323.5,2393.0,2321.0,2360.0,2360.0,2303.4,753747,1785078000.0,29704,,436388.0,57.9,new
MPIMANIPAL, EQ,2026-10-09,364.0,369.95,357.0,362.0,360.5,361.8,378692,137770000.0,18669,,88415.0,23.35,new
MPSLTD, EQ,2026-10-09,2550.0,2551.2,2370.1,2473.2,2453.0,2573.8,45473,111683000.0,7770,,23076.0,50.75,new
MRF, EQ,2026-10-09,122900.0,122980.0,121870.0,122090.0,122135.0,122465.0,2594,316947000.0,2153,,1461.0,56.32,new
MRIL, ST,2026-10-09,64.0,64.0,62.3,62.3,62.3,65.55,11200,700000.0,7,,4800.0,42.86,new
MRPL, EQ,2026-10-09,175.11,176.19,170.88,172.13,171.76,173.85,5646953,975123000.0,44221,,1755437.0,31.09,new
MSCI360, EQ,2026-10-09,9.33,9.7,9.33,9.43,9.7,9.37,2927,27000.0,27,,2803.0,95.76,new
MSCIADD, EQ,2026-10-09,27.49,27.68,27.49,27.63,27.68,27.32,30,1000.0,3,,20.0,66.67,new
MSCIINDIA, EQ,2026-10-09,27.78,28.0,27.71,27.77,27.75,27.6,13243,368000.0,91,,11343.0,85.65,new
MSL, EQ,2026-10-09,139.39,155.29,135.0,136.67,135.0,136.69,1217,175000.0,83,,607.0,49.88,new
MSPL, EQ,2026-10-09,30.19,30.6,29.48,30.34,30.25,30.19,594965,17902000.0,2773,,282279.0,47.44,new
MSTCLTD, EQ,2026-10-09,668.45,682.8,654.0,672.0,671.0,668.4,184897,123647000.0,11247,,72119.0,39.0,new
MSUMI, EQ,2026-10-09,32.97,33.71,32.91,33.55,33.61,32.97,3280032,109413000.00000001,18570,,1456681.0,44.41,new
MTARTECH, BE,2026-10-09,7800.0,7881.5,7612.0,7781.5,7765.0,7849.5,58375,454585999.99999994,10571,,,,new
MTEDUCARE, BE,2026-10-09,1.74,1.74,1.61,1.68,1.68,1.69,17821,28999.999999999996,55,,,,new
MTNL, EQ,2026-10-09,22.88,23.19,22.71,22.91,22.91,22.81,656968,15040000.0,2490,,229894.0,34.99,new
MUFIN, EQ,2026-10-09,133.0,134.98,130.01,130.42,131.49,133.08,455974,60147000.0,4215,,138454.0,30.36,new
MUFTI, EQ,2026-10-09,69.7,69.7,67.42,68.61,68.65,68.26,50664,3457000.0,1816,,27982.0,55.23,new
MUKANDLTD, EQ,2026-10-09,175.0,178.06,173.5,175.99,176.9,174.29,284601,50125000.0,5209,,91360.0,32.1,new
MUKESHB, EQ,2026-10-09,123.0,123.0,123.0,123.0,123.0,123.0,8,1000.0,4,,8.0,100.0,new
MUKKA, BE,2026-10-09,26.39,26.89,25.65,26.27,26.45,26.39,93674,2463000.0,431,,,,new
MUKTAARTS, EQ,2026-10-09,56.4,58.08,53.51,54.36,55.19,57.0,1327,73000.0,51,,721.0,54.33,new
MULTICAP, EQ,2026-10-09,15.68,15.84,15.61,15.77,15.77,15.61,98057,1545000.0,357,,85573.0,87.27,new
MUNJALAU, EQ,2026-10-09,103.39,103.39,100.33,101.32,102.0,101.51,165219,16849000.0,5891,,55488.0,33.58,new
MUNJALSHOW, EQ,2026-10-09,121.79,122.99,119.29,121.31,121.3,120.7,28558,3459000.0000000005,711,,14553.0,50.96,new
MURUDCERA, EQ,2026-10-09,27.1,28.0,27.1,27.53,28.0,27.04,9602,265000.0,84,,9289.0,96.74,new
MUTHOOTCAP, EQ,2026-10-09,205.0,214.18,205.0,209.49,213.97,207.66,5713,1200000.0,420,,3086.0,54.02,new
MUTHOOTFIN, EQ,2026-10-09,2585.0,2659.9,2584.9,2624.7,2624.7,2559.6,701715,1842575999.9999998,46639,,312123.0,44.48,new
MUTHOOTMF, EQ,2026-10-09,169.34,170.85,166.91,168.46,168.0,168.21,142667,24136000.0,3676,,57935.0,40.61,new
MVELECTRO, EQ,2026-10-09,877.95,905.0,851.5,888.6,887.0,879.25,2250329,1989422000.0,87619,,265799.0,11.81,new
MVGJL, EQ,2026-10-09,209.7,213.76,203.85,207.87,208.3,208.29,197543,41069000.0,4734,,62070.0,31.42,new
MVKAGRO, SM,2026-10-09,247.0,247.0,236.0,240.9,242.0,238.5,73800,17808000.0,119,,62700.0,84.96,new
MWL, EQ,2026-10-09,40.5,41.89,39.79,41.56,41.75,40.76,288363,11824000.0,1615,,150055.0,52.04,new
MYMUDRA, SM,2026-10-09,99.45,100.0,95.05,95.5,96.45,99.45,49200,4814000.0,39,,26400.0,53.66,new
MYSORPETRO, BE,2026-10-09,113.0,117.0,113.0,115.53,117.0,113.04,950,109000.00000000001,28,,,,new
NACLIND, EQ,2026-10-09,129.96,131.38,128.0,129.11,129.23,129.1,221054,28616000.000000004,4616,,100488.0,45.46,new
NAGREEKCAP, EQ,2026-10-09,26.5,28.25,26.5,27.79,27.79,27.26,7,0.0,4,,3.0,42.86,new
NAGREEKEXP, EQ,2026-10-09,20.81,21.69,20.8,21.03,21.44,21.3,6471,136000.0,98,,5717.0,88.35,new
NAHARCAP, EQ,2026-10-09,231.79,237.15,227.84,231.39,234.0,230.64,1230,283000.0,122,,661.0,53.74,new
NAHARINDUS, EQ,2026-10-09,126.36,129.75,126.21,127.29,127.3,125.25,10162,1294000.0,323,,7084.0,69.71,new
NAHARPOLY, EQ,2026-10-09,224.96,225.38,220.1,222.08,222.0,223.85,1858,412000.0,56,,1278.0,68.78,new
NAHARSPING, EQ,2026-10-09,256.3,259.75,247.55,253.3,250.2,251.4,11339,2868000.0,624,,5910.0,52.12,new
NAM-INDIA, EQ,2026-10-09,1041.9,1052.3,1032.1,1045.0,1045.0,1039.4,250897,261986000.0,20562,,105815.0,42.17,new
NAMOEWASTE, SM,2026-10-09,354.95,382.35,354.95,368.35,370.0,352.4,51200,18993000.0,61,,30400.0,59.38,new
NARMADA, EQ,2026-10-09,11.05,11.49,11.01,11.13,11.13,11.15,191440,2137000.0,732,,129170.0,67.47,new
NATCAPSUQ, BE,2026-10-09,158.42,163.0,158.42,160.01,160.0,157.64,7005,1125000.0,31,,,,new
NATCOPHARM, EQ,2026-10-09,795.4,801.7,787.45,789.4,790.5,795.4,233109,184973000.0,30323,,113494.0,48.69,new
NATHBIOGEN, EQ,2026-10-09,136.0,138.3,134.99,137.79,137.05,136.1,2136,292000.0,122,,1496.0,70.04,new
NATIONALUM, EQ,2026-10-09,314.1,317.95,309.9,315.9,315.9,313.1,2959217,932346999.9999999,40197,,1255201.0,42.42,new
NATIONSTD, EQ,2026-10-09,105.42,106.88,100.4,105.26,106.49,104.9,5435,561000.0,319,,3937.0,72.44,new
NAUKRI, EQ,2026-10-09,1189.8,1235.0,1189.8,1219.0,1219.0,1182.8,1672590,2037207000.0,53107,,651083.0,38.93,new
NAVA, EQ,2026-10-09,544.65,554.0,539.0,549.1,548.9,544.5,218022,119309999.99999999,14873,,109724.0,50.33,new
NAVINFLUOR, EQ,2026-10-09,8465.0,8498.0,8310.0,8352.5,8346.0,8417.5,43911,367881000.0,17249,,22967.0,52.3,new
NAVKARCORP, EQ,2026-10-09,83.85,85.14,83.02,84.58,84.51,83.33,200936,16914000.0,2760,,78188.0,38.91,new
NAVKARURB, EQ,2026-10-09,0.89,0.89,0.86,0.87,0.88,0.87,186245,163000.0,237,,141407.0,75.93,new
NAVNETEDUL, EQ,2026-10-09,121.9,122.59,120.87,121.15,121.01,121.66,28188,3422000.0,907,,13554.0,48.08,new
NAZARA, EQ,2026-10-09,376.3,381.25,374.0,377.65,377.0,376.0,1319027,497718999.99999994,20617,,742083.0,56.26,new
NBCC, EQ,2026-10-09,74.47,75.15,73.9,74.46,74.46,74.0,3708122,276385000.0,24697,,1273152.0,34.33,new
NBIFIN, EQ,2026-10-09,1874.7,1874.7,1840.0,1843.0,1840.0,1813.9,57,106000.0,18,,45.0,78.95,new
NCC, EQ,2026-10-09,125.0,127.74,122.36,125.06,125.0,119.93,17923816,2236120000.0,112943,,1301837.0,7.26,new
NCLIND, EQ,2026-10-09,160.5,166.0,160.5,165.42,166.0,160.54,39600,6481000.0,813,,24213.0,61.14,new
NDGL, EQ,2026-10-09,2356.0,2418.9,2302.1,2399.3,2399.5,2324.0,158,373000.0,39,,141.0,89.24,new
NDL, EQ,2026-10-09,2.58,2.62,2.55,2.58,2.57,2.58,597686,1540000.0,879,,478672.0,80.09,new
NDLVENTURE, EQ,2026-10-09,117.6,123.68,117.0,119.74,117.83,117.51,5998,717000.0,130,,3792.0,63.22,new
NDRAUTO, EQ,2026-10-09,679.8,688.0,668.0,682.35,688.0,677.65,12395,8422000.0,1223,,6635.0,53.53,new
NDRINVIT, IV,2026-10-09,151.75,151.85,151.75,151.85,151.85,151.5,225000,34146000.0,7,,225000.0,100.0,new
NDTV, EQ,2026-10-09,64.35,64.97,63.1,63.79,63.6,64.35,66846,4269000.0,1357,,38788.0,58.03,new
NEAGI, EQ,2026-10-09,3250.0,3250.0,3250.0,3250.0,3250.0,3194.6,3,10000.0,2,,3.0,100.0,new
NECCLTD, EQ,2026-10-09,18.69,19.9,17.93,19.43,19.55,18.31,213378,4092000.0,436,,111000.0,52.02,new
NECLIFE, EQ,2026-10-09,10.26,10.59,10.03,10.13,10.16,10.55,206786,2109000.0,561,,159570.0,77.17,new
NEELAM, SM,2026-10-09,6.5,6.5,6.5,6.5,6.5,6.75,12000,78000.0,2,,12000.0,100.0,new
NELCAST, EQ,2026-10-09,139.9,145.0,136.1,142.48,141.3,141.52,449004,63359000.0,8209,,166736.0,37.13,new
NELCO, EQ,2026-10-09,870.0,877.9,841.6,853.35,859.2,865.0,201785,172707000.0,10455,,60563.0,30.01,new
NEOCHEM, SM,2026-10-09,102.5,106.0,97.95,98.95,98.95,102.5,21600,2231000.0,18,,15600.0,72.22,new
NEOGEN, EQ,2026-10-09,2391.0,2464.0,2362.0,2378.2,2385.0,2379.7,115494,279341000.0,15539,,40758.0,35.29,new
NEPHROCARE, SM,2026-10-09,82.7,84.95,82.05,83.95,83.95,82.8,16400,1375000.0,37,,11200.0,68.29,new
NEPHROPLUS, EQ,2026-10-09,629.8,631.15,608.0,616.4,618.5,626.95,229573,141310000.0,14401,,140133.0,61.04,new
NESCO, EQ,2026-10-09,1030.0,1045.0,1018.6,1038.5,1035.0,1027.8,16937,17446000.0,3079,,8788.0,51.89,new
NESTLEIND, EQ,2026-10-09,1321.2,1346.8,1314.3,1333.0,1333.0,1319.0,1657324,2208552000.0,41368,,924275.0,55.77,new
NETF, EQ,2026-10-09,243.99,246.29,243.5,246.0,246.29,242.25,3535,866000.0,126,,2953.0,83.54,new
NETWEB, EQ,2026-10-09,4740.0,4834.9,4644.6,4721.6,4723.1,4715.1,1003567,4748444000.0,86132,,156444.0,15.59,new
NETWORK18, EQ,2026-10-09,24.5,24.93,24.4,24.69,24.75,24.39,2815614,69620000.0,7317,,1328854.0,47.2,new
NEUEON, BE,2026-10-09,12.83,13.0,12.25,12.87,12.81,12.83,34187,438999.99999999994,96,,,,new
NEULANDLAB, EQ,2026-10-09,21025.0,21395.0,20790.0,20890.0,20830.0,21015.0,24573,515381000.00000006,8969,,9924.0,40.39,new
NEWGEN, EQ,2026-10-09,446.1,456.7,444.15,449.3,449.0,442.55,1046904,470918000.0,35024,,307551.0,29.38,new
NEWJAISA, ST,2026-10-09,16.05,16.05,15.3,15.3,15.3,16.1,10500,162000.0,3,,10500.0,100.0,new
NEXT30ADD, EQ,2026-10-09,39.22,39.59,39.22,39.58,39.51,39.03,1341,53000.0,52,,1087.0,81.06,new
NEXT50, EQ,2026-10-09,699.38,706.76,696.36,704.61,703.56,699.37,27892,19616000.0,1119,,12034.0,43.14,new
NEXT50ADD, EQ,2026-10-09,68.32,68.87,68.28,68.7,68.7,68.32,3234,222000.00000000003,43,,2029.0,62.74,new
NEXT50BETA, EQ,2026-10-09,73.63,74.13,72.73,73.8,74.13,73.27,148355,10915000.0,1151,,118442.0,79.84,new
NEXT50ETF, EQ,2026-10-09,68.39,69.8,68.0,68.37,68.31,68.58,26722,1832000.0,206,,25924.0,97.01,new
NEXT50IETF, EQ,2026-10-09,73.24,73.24,71.25,72.1,72.35,71.46,828347,59648000.0,4691,,394733.0,47.65,new
NEXTMEDIA, EQ,2026-10-09,3.42,3.55,3.42,3.54,3.54,3.49,7010,24000.0,28,,6984.0,99.63,new
NFL, EQ,2026-10-09,61.34,62.06,61.16,61.74,61.79,61.34,500967,30911000.0,3621,,226924.0,45.3,new
NGIL, EQ,2026-10-09,38.49,38.49,36.98,37.49,37.0,37.75,6892,258000.0,38,,6760.0,98.08,new
NGLFINE, EQ,2026-10-09,3001.0,3029.9,2900.0,2925.0,2900.0,2998.9,3060,8990000.0,891,,1436.0,46.93,new
NH, EQ,2026-10-09,1693.0,1746.3,1693.0,1719.5,1717.3,1695.3,151191,260376000.00000003,22901,,73219.0,48.43,new
NHPC, EQ,2026-10-09,71.65,72.99,71.35,72.99,72.99,71.65,5018040,362497000.0,17048,,2303317.0,45.9,new
NIACL, EQ,2026-10-09,159.0,163.97,159.0,162.23,162.2,158.14,2303810,373669000.0,32384,,437947.0,19.01,new
NIBE, EQ,2026-10-09,1231.0,1235.6,1207.5,1213.2,1215.0,1224.7,35585,43457000.0,3241,,17664.0,49.64,new
NIBL, EQ,2026-10-09,31.49,31.75,30.11,30.75,31.5,30.97,8420,260000.0,177,,5437.0,64.57,new
NICCOPAR, EQ,2026-10-09,74.85,76.95,72.8,75.88,75.88,76.9,763,56999.99999999999,45,,710.0,93.05,new
NIDAN, SM,2026-10-09,13.45,13.45,13.25,13.25,13.25,13.5,4000,54000.0,4,,3000.0,75.0,new
NIF100BEES, EQ,2026-10-09,248.29,257.98,247.6,250.36,249.15,247.39,27226,6794000.0,607,,13864.0,50.92,new
NIF100IETF, EQ,2026-10-09,26.26,26.44,26.0,26.39,26.44,26.01,64333,1692000.0000000002,1214,,35982.0,55.93,new
NIF500BETA, EQ,2026-10-09,35.08,38.13,35.0,37.24,35.0,34.68,2046,73000.0,26,,1762.0,86.12,new
NIFTY1, EQ,2026-10-09,247.2,253.97,247.2,250.85,250.99,247.2,80336,20085000.0,1422,,31137.0,38.76,new
NIFTY100EW, EQ,2026-10-09,31.86,33.48,31.86,32.78,32.67,32.51,37219,1217000.0,365,,25464.0,68.42,new
NIFTYADD, EQ,2026-10-09,237.02,238.38,234.85,238.33,238.38,234.67,2562,608000.0,106,,1669.0,65.14,new
NIFTYAXIS, EQ,2026-10-09,251.65,251.65,246.88,250.11,249.43,246.72,112377,28024000.0,767,,107257.0,95.44,new
NIFTYBEES, EQ,2026-10-09,256.29,257.7,253.93,257.35,257.2,253.76,5570363,1429099000.0,45845,,2999771.0,53.85,new
NIFTYBETA, EQ,2026-10-09,249.82,252.99,246.0,251.27,252.99,247.32,65076,16243000.0,515,,49366.0,75.86,new
NIFTYBETF, EQ,2026-10-09,229.55,232.91,229.55,232.82,232.82,229.55,5911,1367000.0,58,,3182.0,53.83,new
NIFTYCASE, EQ,2026-10-09,9.18,9.18,8.96,9.06,9.08,8.96,818158,7406999.999999999,1550,,461831.0,56.45,new
NIFTYETF, EQ,2026-10-09,248.17,248.17,242.26,245.75,245.62,242.12,189590,46497000.0,966,,138949.0,73.29,new
NIFTYIETF, EQ,2026-10-09,250.65,256.4,250.65,255.93,256.1,252.65,813429,207844000.0,11486,,593514.0,72.96,new
NIFTYJBLK, EQ,2026-10-09,11.65,11.69,11.43,11.61,11.55,11.43,106725,1230000.0,474,,60794.0,56.96,new
NIFTYQLITY, EQ,2026-10-09,19.65,20.3,19.65,19.9,19.9,19.53,83576,1646000.0,96,,78303.0,93.69,new
NIITLTD, EQ,2026-10-09,82.0,82.86,81.1,82.08,81.75,81.78,131545,10775000.0,2152,,51013.0,38.78,new
NIITMTS, EQ,2026-10-09,201.6,202.0,195.02,200.98,201.0,200.01,70391,14082000.0,5239,,38022.0,54.02,new
NIKITA, SM,2026-10-09,65.2,66.5,65.2,66.5,66.5,67.5,2400,158000.0,2,,2400.0,100.0,new
NILAINFRA, EQ,2026-10-09,6.48,6.68,6.33,6.59,6.53,6.47,99115,646000.0,357,,82304.0,83.04,new
NILASPACES, EQ,2026-10-09,11.2,11.2,10.66,10.97,11.0,11.01,556510,6126000.0,1560,,277270.0,49.82,new
NILE, EQ,2026-10-09,1215.0,1248.0,1206.0,1242.9,1240.0,1216.4,1653,2039999.9999999998,298,,1106.0,66.91,new
NILKAMAL, EQ,2026-10-09,1838.8,1846.9,1770.0,1776.0,1777.0,1854.3,29605,53302000.0,3998,,17061.0,57.63,new
NIMBSPROJ, EQ,2026-10-09,190.88,190.9,185.5,185.9,189.9,189.88,7140,1327000.0,31,,7030.0,98.46,new
NINSYS, EQ,2026-10-09,815.0,815.6,776.1,803.1,808.0,816.45,9918,7870999.999999999,809,,4951.0,49.92,new
NIPPOBATRY, EQ,2026-10-09,317.85,320.0,309.5,311.9,314.7,311.7,802,252000.0,109,,542.0,67.58,new
NIRAJ, EQ,2026-10-09,27.0,28.1,26.62,27.28,27.88,27.32,14765,412000.0,89,,11876.0,80.43,new
NIRLON, EQ,2026-10-09,617.4,629.0,617.4,626.7,627.95,620.0,4928,3091000.0,256,,3839.0,77.9,new
NIRMAN, SM,2026-10-09,26.85,27.45,26.0,26.9,26.9,26.65,9300,249000.00000000003,29,,7800.0,83.87,new
NITCO, EQ,2026-10-09,78.9,80.02,77.0,77.63,78.9,78.9,586920,46123000.0,3258,,278023.0,47.37,new
NITINSPIN, EQ,2026-10-09,600.8,612.3,591.4,608.8,607.0,596.4,70145,42184000.0,4808,,30928.0,44.09,new
NITIRAJ, EQ,2026-10-09,207.79,209.91,199.03,209.9,209.9,203.69,574,118000.0,46,,511.0,89.02,new
NITTAGELA, EQ,2026-10-09,1623.0,1687.9,1623.0,1652.6,1650.0,1652.2,584,966000.0,175,,413.0,70.72,new
NITYAS, BE,2026-10-09,81.0,82.0,79.8,79.8,79.8,83.99,866344,69658000.0,3415,,,,new
NIVABUPA, EQ,2026-10-09,78.0,78.0,75.8,77.65,77.59,77.83,886715,68268000.0,18723,,300173.0,33.85,new
NKIND, EQ,2026-10-09,58.09,59.89,57.1,57.85,57.15,57.0,42,2000.0,14,,6.0,14.29,new
NLCINDIA, EQ,2026-10-09,242.95,245.9,239.5,243.55,243.85,241.45,807888,196546000.0,22663,,325894.0,40.34,new
NMDC, EQ,2026-10-09,71.02,72.33,70.75,71.8,71.8,70.69,16569636,1190080000.0,70068,,8083677.0,48.79,new
NMSTEEL, SM,2026-10-09,23.3,23.3,23.3,23.3,23.3,23.2,1600,37000.0,1,,1600.0,100.0,new
NOCIL, EQ,2026-10-09,167.82,172.9,163.65,164.84,164.7,165.76,578858,96275000.0,8746,,249371.0,43.08,new
NOIDATOLL, EQ,2026-10-09,4.02,4.02,3.83,3.85,3.85,3.83,76695,301000.0,442,,60135.0,78.41,new
NORBTEAEXP, EQ,2026-10-09,62.8,68.0,59.32,64.18,64.5,61.99,4175,270000.0,105,,2891.0,69.25,new
NORTHARC, EQ,2026-10-09,282.8,284.95,275.25,281.45,282.35,280.7,555038,155445000.0,12683,,261315.0,47.08,new
NOVAAGRI, EQ,2026-10-09,22.39,22.39,21.32,21.94,21.94,21.95,21310,465000.00000000006,222,,17148.0,80.47,new
NOVARTIND, EQ,2026-10-09,1997.6,2095.0,1943.1,2049.0,2065.0,1987.7,49497,99362000.0,7511,,17062.0,34.47,new
NPBET, EQ,2026-10-09,281.9,283.0,280.5,280.5,280.5,279.11,215,61000.0,6,,204.0,94.88,new
NPST, EQ,2026-10-09,1790.4,1806.8,1692.4,1752.2,1750.0,1790.2,82674,143055000.0,10169,,30671.0,37.1,new
NRAIL, EQ,2026-10-09,652.05,662.1,625.35,636.15,626.1,651.15,17252,11190000.0,1555,,9213.0,53.4,new
NRBBEARING, EQ,2026-10-09,512.0,528.65,502.0,524.95,521.1,510.2,352766,183108000.0,14382,,130602.0,37.02,new
NRL, BE,2026-10-09,158.89,158.9,155.73,158.0,158.0,158.9,19162,3008000.0,107,,,,new
NRVANDANA, SM,2026-10-09,70.0,71.0,69.0,71.0,71.0,71.0,105000,7394000.0,11,,42000.0,40.0,new
NSIL, EQ,2026-10-09,5107.5,5130.0,5051.5,5093.5,5115.0,5108.0,1173,5984000.0,426,,636.0,54.22,new
NSLNISP, EQ,2026-10-09,39.1,39.85,38.86,39.23,39.26,39.1,2929880,115365000.00000001,15035,,983848.0,33.58,new
NTCIND, EQ,2026-10-09,137.69,137.69,127.0,128.72,129.36,135.03,4334,560000.0,145,,3766.0,86.89,new
NTPC, EQ,2026-10-09,309.75,314.35,309.55,312.0,312.0,309.7,7374305,2298576000.0,55319,,4803862.0,65.14,new
NTPCGREEN, EQ,2026-10-09,90.8,93.4,90.06,92.6,92.7,90.8,3998223,369117000.0,40822,,1850177.0,46.27,new
NUCLEUS, EQ,2026-10-09,619.8,642.95,614.0,639.75,642.0,619.8,25518,16027000.000000002,1860,,12850.0,50.36,new
NURECA, BE,2026-10-09,331.35,340.0,330.0,331.65,334.0,331.35,2396,797000.0,93,,,,new
NUVAMA, EQ,2026-10-09,1740.0,1773.1,1710.3,1764.4,1770.0,1737.4,254851,442362000.0,51769,,132250.0,51.89,new
NUVOCO, EQ,2026-10-09,321.35,325.35,315.5,317.1,317.9,321.9,233998,74374000.0,18238,,140424.0,60.01,new
NV20, EQ,2026-10-09,13.07,13.17,13.04,13.14,13.17,12.99,35553,466000.0,208,,26067.0,73.32,new
NV20BEES, EQ,2026-10-09,129.92,133.6,129.9,132.49,133.0,129.65,25939,3407000.0,231,,12749.0,49.15,new
NV20IETF, EQ,2026-10-09,12.63,12.85,12.63,12.81,12.81,12.63,513281,6556000.0,1379,,428883.0,83.56,new
NXST, RR,2026-10-09,165.27,165.79,164.5,164.81,164.5,164.82,314086,51827000.0,5884,,284302.0,90.52,new
NYKAA, EQ,2026-10-09,333.0,344.65,333.0,343.0,343.0,332.3,5152542,1754525999.9999998,99682,,2487815.0,48.28,new
OAL, EQ,2026-10-09,515.85,528.9,510.0,518.0,514.3,512.0,18803,9776000.0,1239,,10526.0,55.98,new
OBCL, EQ,2026-10-09,54.84,56.01,54.22,55.19,54.61,54.84,1977,109000.00000000001,27,,1391.0,70.36,new
OBEROIRLTY, EQ,2026-10-09,1680.0,1707.9,1668.9,1698.8,1698.8,1663.3,361578,610691000.0,25129,,195196.0,53.98,new
OBSCP, SM,2026-10-09,855.0,855.2,813.0,822.8,824.0,850.15,100400,83070000.0,233,,57200.0,56.97,new
OCCLLTD, BE,2026-10-09,201.55,218.77,201.55,218.54,216.18,208.36,192171,41475000.0,1071,,,,new
ODIGMA, EQ,2026-10-09,20.66,21.0,20.52,20.71,20.63,20.67,5391,112000.00000000001,271,,4823.0,89.46,new
ODYCORP, EQ,2026-10-09,6.99,6.99,6.56,6.64,6.57,6.86,3743,25000.0,47,,2240.0,59.85,new
OFSS, EQ,2026-10-09,10401.0,10646.0,10387.0,10510.0,10510.0,10400.0,211500,2222908000.0,30548,,98544.0,46.59,new
OIL, EQ,2026-10-09,444.0,448.15,441.45,443.5,443.5,447.0,625338,277624000.0,22676,,283983.0,45.41,new
OILCOUNTUB, BE,2026-10-09,86.25,86.25,86.25,86.25,86.25,84.56,46337,3997000.0,75,,,,new
OILIETF, EQ,2026-10-09,10.6,10.6,10.45,10.52,10.5,10.51,1662526,17491000.0,1847,,963105.0,57.93,new
OLAELEC, EQ,2026-10-09,35.3,35.5,34.22,35.13,35.1,34.63,69338643,2416496000.0,171587,,11537263.0,16.64,new
OLECTRA, EQ,2026-10-09,1058.1,1060.9,1033.9,1044.8,1040.0,1041.5,207282,217434000.0,17849,,69836.0,33.69,new
OLIL, SM,2026-10-09,448.0,450.0,443.0,449.55,450.0,440.65,46000,20437000.0,30,,24800.0,53.91,new
OMAXAUTO, EQ,2026-10-09,207.0,207.0,197.0,200.45,200.26,200.16,34313,6859999.999999999,921,,20444.0,59.58,new
OMAXE, EQ,2026-10-09,98.95,102.3,98.67,100.19,100.91,98.42,410279,41254000.0,5305,,136915.0,33.37,new
OMFREIGHT, EQ,2026-10-09,108.6,110.5,104.43,107.46,107.47,106.72,65339,6965000.000000001,444,,48244.0,73.84,new
OMINFRAL, EQ,2026-10-09,71.34,71.34,68.07,69.59,69.7,68.86,43308,2998000.0,1252,,21437.0,49.5,new
OMNI, EQ,2026-10-09,635.0,640.0,602.75,634.1,635.0,636.5,654815,407107000.0,34972,,212915.0,32.52,new
OMPOWER, EQ,2026-10-09,165.74,167.39,162.0,162.93,165.0,166.11,46918,7676000.000000001,921,,21235.0,45.26,new
ONEGLOBAL, EQ,2026-10-09,580.0,586.0,561.05,576.4,583.0,561.3,4657,2652000.0,423,,3600.0,77.3,new
ONELIFECAP, BE,2026-10-09,50.98,51.98,49.0,50.06,50.25,49.51,84775,4294000.0,362,,,,new
ONEPOINT, EQ,2026-10-09,78.21,81.85,78.21,80.36,80.5,78.45,5768618,464735999.99999994,43953,,2803815.0,48.6,new
ONESOURCE, EQ,2026-10-09,1479.0,1491.1,1438.2,1461.3,1455.0,1478.2,194585,284086000.0,15711,,94043.0,48.33,new
ONGC, EQ,2026-10-09,220.0,222.19,218.91,221.27,221.27,219.8,8103203,1789636000.0,68818,,5167584.0,63.77,new
ONIDA, EQ,2026-10-09,29.69,29.94,28.42,28.79,28.75,29.5,237442,6866000.0,1524,,143734.0,60.53,new
ONIXSOLAR, EQ,2026-10-09,357.05,386.6,352.65,380.15,380.05,371.2,298121,109193000.0,3976,,189316.0,63.5,new
ONMOBILE, BE,2026-10-09,51.54,53.0,49.5,50.25,50.7,51.54,36074,1821000.0,307,,,,new
ONWARDTEC, EQ,2026-10-09,295.5,311.4,293.4,307.0,307.0,294.6,117358,35756000.0,3306,,65802.0,56.07,new
ONYX, ST,2026-10-09,37.55,39.4,37.55,38.0,38.0,37.55,32000,1231000.0,15,,30000.0,93.75,new
OPTIEMUS, EQ,2026-10-09,815.0,839.9,795.8,815.85,811.9,816.85,516472,423100000.0,27596,,124030.0,24.01,new
OPTIFIN, EQ,2026-10-09,14.01,14.45,13.91,14.17,14.29,14.29,21208,301000.0,104,,15958.0,75.25,new
OPTIMYSTIX, SM,2026-10-09,140.9,167.55,140.9,163.4,161.25,139.65,151200,24334000.0,130,,136000.0,89.95,new
OPTIVALUE, ST,2026-10-09,222.0,224.0,214.8,222.75,222.0,226.1,38400,8401000.0,24,,27200.0,70.83,new
ORBTEXP, EQ,2026-10-09,235.0,261.0,233.0,246.05,246.5,235.75,7004,1729000.0,194,,5372.0,76.7,new
ORCHASP, EQ,2026-10-09,1.38,1.38,1.26,1.34,1.31,1.31,275516,360000.0,225,,219386.0,79.63,new
ORCHPHARMA, EQ,2026-10-09,990.0,1001.75,961.55,983.95,974.5,981.2,75527,74211000.0,10373,,31410.0,41.59,new
ORIANA, SM,2026-10-09,293.0,298.3,287.0,289.15,290.05,294.9,166125,48548000.0,366,,88500.0,53.27,new
ORICONENT, EQ,2026-10-09,50.45,52.66,50.45,51.1,51.85,50.72,17050,881000.0,430,,9857.0,57.81,new
ORIENTALTL, EQ,2026-10-09,4.83,4.86,4.6,4.76,4.79,4.79,41976,200000.0,211,,23785.0,56.66,new
ORIENTBELL, EQ,2026-10-09,419.2,421.0,397.55,400.4,399.0,413.0,36042,14644999.999999998,1794,,19265.0,53.45,new
ORIENTCABL, EQ,2026-10-09,394.55,396.9,376.0,380.8,381.65,386.85,1660667,634659000.0,37409,,514929.0,31.01,new
ORIENTCEM, EQ,2026-10-09,111.0,112.3,109.29,111.62,112.0,110.08,222825,24702000.0,2847,,81942.0,36.77,new
ORIENTCER, EQ,2026-10-09,41.55,43.45,41.55,42.15,42.0,41.94,51930,2205000.0,1101,,29866.0,57.51,new
ORIENTELEC, EQ,2026-10-09,162.48,166.77,160.91,164.77,163.3,162.95,220462,36251000.0,5548,,74559.0,33.82,new
ORIENTHOT, EQ,2026-10-09,138.42,141.32,138.1,140.01,140.0,139.12,209210,29399000.0,1581,,114885.0,54.91,new
ORIENTLTD, BE,2026-10-09,78.5,79.9,76.02,79.9,79.9,80.0,1949,150000.0,15,,,,new
ORIENTPPR, EQ,2026-10-09,15.8,15.94,15.6,15.8,15.83,15.73,54593,860000.0,373,,40636.0,74.43,new
ORIENTTECH, EQ,2026-10-09,236.0,239.0,231.0,233.41,231.6,234.94,356331,83368000.0,7520,,85504.0,24.0,new
ORIRAIL, EQ,2026-10-09,119.03,119.84,114.25,115.13,115.3,119.28,83984,9780000.0,1690,,51164.0,60.92,new
ORISSAMINE, EQ,2026-10-09,3482.7,3570.0,3435.0,3530.0,3569.0,3460.4,4723,16543000.0,1154,,2087.0,44.19,new
ORKLAINDIA, EQ,2026-10-09,551.9,573.2,550.35,559.2,559.0,549.7,122628,69282000.0,6310,,70718.0,57.67,new
ORTINGLOBE, EQ,2026-10-09,14.67,14.67,13.5,13.83,14.48,14.38,11036,158000.0,22,,9128.0,82.71,new
OSELDEVICE, SM,2026-10-09,365.3,375.65,363.2,366.35,368.2,367.5,20200,7475000.0,71,,15600.0,77.23,new
OSIAHYPER, BZ,2026-10-09,1.88,1.88,1.75,1.8,1.8,1.84,574503,1023000.0,407,,,,new
OSWALAGRO, EQ,2026-10-09,31.63,32.2,31.33,31.69,31.7,31.96,10712,339000.0,214,,6608.0,61.69,new
OSWALGREEN, EQ,2026-10-09,19.1,19.33,18.85,19.01,19.1,19.0,68509,1300000.0,436,,57612.0,84.09,new
OSWALPUMPS, EQ,2026-10-09,254.0,256.75,251.1,254.35,254.7,255.45,229795,58472000.0,5769,,108476.0,47.21,new
OSWALSEEDS, EQ,2026-10-09,12.15,12.2,11.41,11.88,11.95,11.91,54908,650000.0,249,,41428.0,75.45,new
OWAIS, SM,2026-10-09,66.05,67.55,62.75,66.85,67.0,66.05,8700,575000.0,38,,7300.0,83.91,new
PACEDIGITK, EQ,2026-10-09,168.0,171.56,163.72,165.13,166.49,161.85,2304433,384290000.0,31001,,325537.0,14.13,new
PACIFICI, EQ,2026-10-09,135.69,144.95,135.69,144.95,144.95,133.01,158,21000.0,5,,152.0,96.2,new
PAGEIND, EQ,2026-10-09,36645.0,37040.0,36455.0,36875.0,36875.0,36450.0,11109,407926000.0,5134,,3445.0,31.01,new
PAISALO, EQ,2026-10-09,80.0,81.89,79.64,80.9,81.05,81.13,6056965,488903000.0,19157,,1823473.0,30.11,new
PAKKA, EQ,2026-10-09,71.68,72.0,70.28,70.84,70.6,71.69,40751,2888000.0,1490,,18611.0,45.67,new
PALASHSECU, EQ,2026-10-09,86.0,86.0,84.02,84.94,85.99,87.1,246,21000.0,30,,238.0,96.75,new
PALREDTEC, EQ,2026-10-09,39.55,43.3,39.25,42.02,43.0,41.25,6870,287000.0,46,,6396.0,93.1,new
PANACEABIO, EQ,2026-10-09,345.05,350.9,338.25,345.25,347.7,344.5,58030,20074000.0,2847,,23563.0,40.6,new
PANACHE, BE,2026-10-09,575.05,618.7,573.05,617.8,615.0,589.25,34608,21207000.0,344,,,,new
PANAMAPET, EQ,2026-10-09,501.45,502.5,485.35,495.9,498.0,501.3,194664,96473000.0,8158,,70772.0,36.36,new
PANCHMAHQ, EQ,2026-10-09,276.7,276.7,269.0,271.9,269.0,269.0,8,2000.0,2,,8.0,100.0,new
PANORAMA, EQ,2026-10-09,64.02,64.88,57.07,61.62,60.5,63.65,784726,48007000.0,4105,,350374.0,44.65,new
PANSARI, EQ,2026-10-09,266.95,273.95,255.0,257.15,268.45,266.95,988,259000.0,38,,463.0,46.86,new
PAPADMALJI, ST,2026-10-09,62.1,62.1,62.1,62.1,62.1,65.35,4800,298000.0,2,,4800.0,100.0,new
PAR, BE,2026-10-09,116.5,122.0,115.5,117.1,117.0,121.47,12599,1483000.0,208,,,,new
PARACABLES, EQ,2026-10-09,55.69,57.0,54.59,55.85,55.6,55.05,970597,54052000.0,8441,,282406.0,29.1,new
PARADEEP, EQ,2026-10-09,150.1,151.76,145.7,146.75,146.24,150.55,1593920,236582000.00000003,23139,,722255.0,45.31,new
PARAGMILK, EQ,2026-10-09,305.0,310.0,300.0,306.4,309.0,303.25,1113427,338927000.0,20162,,368158.0,33.07,new
PARAMATRIX, SM,2026-10-09,60.35,60.35,60.35,60.35,60.35,55.9,1200,72000.0,1,,1200.0,100.0,new
PARAMOUNT, SM,2026-10-09,37.2,38.9,36.2,36.25,36.35,38.1,7200,265000.0,6,,4800.0,66.67,new
PARAS, EQ,2026-10-09,1246.0,1281.7,1215.2,1267.9,1268.1,1241.9,712791,895750000.0,47410,,163081.0,22.88,new
PARASPETRO, EQ,2026-10-09,2.02,2.06,2.01,2.02,2.03,2.02,24507,50000.0,141,,17489.0,71.36,new
PARIN, EQ,2026-10-09,705.0,705.0,688.05,694.95,700.8,691.9,2617,1819000.0000000002,197,,1293.0,49.41,new
PARKHOSPS, EQ,2026-10-09,262.15,272.95,262.15,270.8,270.4,260.85,634471,169643000.0,10809,,311366.0,49.07,new
PARKHOTELS, EQ,2026-10-09,101.82,103.4,99.41,102.61,103.4,101.16,109856,11174000.0,1947,,51466.0,46.85,new
PARNAXLAB, EQ,2026-10-09,113.64,119.06,113.02,115.16,115.0,113.07,3073,353000.0,40,,1641.0,53.4,new
PARSVNATH, BE,2026-10-09,2.33,2.33,2.33,2.33,2.33,2.29,389133,907000.0,69,,,,new
PARTH, SM,2026-10-09,506.0,519.8,498.0,519.8,519.8,510.5,8000,4049000.0,19,,3200.0,40.0,new
PARTYCRUS, SM,2026-10-09,97.5,99.95,97.5,99.95,99.95,96.35,3000,295000.0,3,,3000.0,100.0,new
PASHUPATI, EQ,2026-10-09,70.5,71.01,68.67,69.09,69.25,69.68,73742,5136000.0,3197,,36325.0,49.26,new
PASUPTAC, EQ,2026-10-09,71.4,74.33,69.47,73.24,73.2,70.33,233296,16911000.0,2983,,104553.0,44.82,new
PATANJALI, EQ,2026-10-09,354.8,360.45,353.75,360.45,360.45,355.0,1763630,630273000.0,23362,,794284.0,45.04,new
PATELENG, EQ,2026-10-09,25.09,25.37,24.6,24.98,25.08,24.88,1595243,39966000.0,6690,,736672.0,46.18,new
PATELRMART, EQ,2026-10-09,231.2,240.77,230.01,238.28,237.78,229.61,277592,65565000.0,5294,,127019.0,45.76,new
PATILAUTOM, ST,2026-10-09,340.05,354.75,334.0,344.6,342.75,344.95,21600,7343000.000000001,36,,18000.0,83.33,new
PATINTLOG, EQ,2026-10-09,12.75,13.18,12.75,12.97,12.96,12.9,12505,162000.0,96,,11832.0,94.62,new
PAUSHAKLTD, EQ,2026-10-09,688.35,713.0,670.8,700.35,704.0,671.65,42559,29697000.000000004,3324,,24087.0,56.6,new
PAVNAIND, EQ,2026-10-09,15.01,15.5,15.01,15.3,15.21,15.08,26781,412000.0,118,,24086.0,89.94,new
PAYTM, EQ,2026-10-09,1638.0,1682.2,1627.8,1636.0,1636.0,1641.5,4837555,7998327000.0,170248,,2056740.0,42.52,new
PBMPOLY, EQ,2026-10-09,58.61,60.0,51.01,56.08,58.98,60.24,752,43000.0,70,,666.0,88.56,new
PCBL, EQ,2026-10-09,320.8,323.75,311.0,312.4,311.9,319.25,746133,235198999.99999997,21495,,373168.0,50.01,new
PCCL, SM,2026-10-09,406.2,411.95,400.0,409.35,410.0,415.0,6000,2439000.0,15,,3200.0,53.33,new
PCJEWELLER, EQ,2026-10-09,14.21,15.0,13.96,14.81,14.75,13.9,895898449,13091051000.0,352840,,207480384.0,23.16,new
PDMJEPAPER, EQ,2026-10-09,91.4,93.78,90.0,92.2,92.5,92.37,165515,15134000.0,3218,,61476.0,37.14,new
PDSL, EQ,2026-10-09,337.0,340.6,332.15,336.0,336.0,336.95,50295,16942000.0,2781,,29755.0,59.16,new
PEARLPOLY, EQ,2026-10-09,17.28,17.28,16.5,16.63,16.57,17.09,11662,196000.0,61,,8505.0,72.93,new
PELATRO, SM,2026-10-09,374.8,378.0,373.0,375.0,375.0,365.0,5100,1913000.0,8,,5100.0,100.0,new
PENIND, EQ,2026-10-09,172.29,175.51,170.2,171.5,171.6,171.89,338504,58345000.00000001,6268,,133465.0,39.43,new
PENINLAND, EQ,2026-10-09,14.99,15.0,14.32,14.5,14.62,14.6,85433,1257000.0,340,,65696.0,76.9,new
PENTAGON, ST,2026-10-09,90.0,90.0,90.0,90.0,90.0,89.95,1000,90000.0,1,,1000.0,100.0,new
PERFECT, SZ,2026-10-09,1.75,1.75,1.7,1.75,1.75,1.75,12000,21000.0,4,,12000.0,100.0,new
PERMAGN, EQ,2026-10-09,858.8,864.9,841.0,853.75,857.7,855.75,2916,2472000.0,265,,2376.0,81.48,new
PERNIASPOP, EQ,2026-10-09,528.55,530.4,520.0,521.65,520.1,528.55,14438,7558000.0,1409,,8386.0,58.08,new
PERSISTENT, EQ,2026-10-09,5499.0,5789.0,5499.0,5770.0,5770.0,5468.0,773886,4380899000.0,57487,,268096.0,34.64,new
PETRONET, EQ,2026-10-09,289.85,295.45,289.15,291.5,291.5,288.5,2081631,607976000.0,55562,,1206872.0,57.98,new
PFC, EQ,2026-10-09,324.2,330.0,323.55,327.8,327.8,323.7,4802235,1575896000.0,32684,,2372153.0,49.4,new
PFIZER, EQ,2026-10-09,3750.0,3817.4,3738.5,3808.2,3800.0,3750.0,15805,59797000.0,3716,,6931.0,43.85,new
PFOCUS, EQ,2026-10-09,272.85,273.9,257.65,261.1,260.8,271.95,4397059,1158610000.0,44170,,465125.0,10.58,new
PFS, EQ,2026-10-09,26.4,26.79,26.06,26.6,26.53,26.39,424022,11183000.0,3304,,242696.0,57.24,new
PGEL, EQ,2026-10-09,515.2,521.65,506.0,511.8,511.8,510.6,601541,307945000.0,13180,,150549.0,25.03,new
PGHH, EQ,2026-10-09,6857.0,6994.5,6801.0,6942.5,6944.5,6857.0,7837,54291999.99999999,2910,,3922.0,50.04,new
PGHL, EQ,2026-10-09,5156.0,5275.0,5115.0,5205.0,5236.0,5156.5,7412,38571000.0,2245,,3773.0,50.9,new
PGIL, EQ,2026-10-09,1278.1,1307.4,1262.9,1281.1,1280.0,1272.3,56778,72587000.0,8847,,22275.0,39.23,new
PGINVIT, IV,2026-10-09,102.54,102.89,102.01,102.82,102.89,102.54,859144,88226000.0,4292,,684966.0,79.73,new
PHANTOMFX, SM,2026-10-09,111.5,112.5,99.0,99.65,99.7,110.8,29400,3030000.0,94,,21300.0,72.45,new
PHARMABEES, EQ,2026-10-09,26.03,26.8,26.0,26.72,26.8,26.56,5096033,135807000.0,8878,,3049895.0,59.85,new
PHOENIXLTD, EQ,2026-10-09,1789.1,1822.0,1784.2,1813.1,1813.1,1771.2,674943,1222543000.0,52896,,443428.0,65.7,new
PHOENXINTL, EQ,2026-10-09,28.39,28.39,27.8,27.87,28.24,27.84,381,11000.0,23,,371.0,97.38,new
PHOGLOBAL, SM,2026-10-09,15.4,16.45,15.0,15.0,15.0,14.8,10000,158000.0,4,,6000.0,60.0,new
PICCADIL, EQ,2026-10-09,572.0,587.1,568.0,580.7,584.4,573.1,90859,52538000.0,7449,,40733.0,44.83,new
PIDILITIND, EQ,2026-10-09,1466.4,1488.9,1466.1,1482.0,1482.0,1460.1,312874,462670000.0,16590,,186243.0,59.53,new
PIGL, EQ,2026-10-09,96.19,96.22,93.0,94.15,94.79,96.22,31251,2943000.0,660,,18206.0,58.26,new
PIIND, EQ,2026-10-09,2120.0,2143.5,2106.0,2118.2,2118.2,2100.0,119140,252888000.0,12205,,49475.0,41.53,new
PILANIINVS, EQ,2026-10-09,3998.0,3998.0,3916.1,3937.7,3972.3,3948.5,1163,4592000.0,289,,627.0,53.91,new
PILITA, EQ,2026-10-09,7.7,7.7,7.25,7.35,7.45,7.34,14878,109000.00000000001,116,,12206.0,82.04,new
PINELABS, EQ,2026-10-09,170.71,171.0,161.62,163.07,163.05,169.79,20233695,3349053000.0,122185,,8017372.0,39.62,new
PIONEEREMB, EQ,2026-10-09,20.99,21.0,20.22,20.43,20.54,20.55,2640,54000.0,42,,2375.0,89.96,new
PIONRINV, BE,2026-10-09,59.47,59.47,56.5,56.5,56.5,59.47,23209,1311000.0,85,,,,new
PIRAMALFIN, EQ,2026-10-09,1961.0,1980.0,1921.0,1971.2,1970.8,1956.4,207851,404819000.0,32600,,108380.0,52.14,new
PITTIENG, EQ,2026-10-09,1066.1,1079.9,990.0,1023.6,1021.0,1066.1,192571,196822000.0,16413,,81959.0,42.56,new
PIXTRANS, EQ,2026-10-09,1753.5,1784.5,1728.0,1753.3,1735.0,1755.1,10787,18863000.0,1662,,4159.0,38.56,new
PKTEA, BE,2026-10-09,904.4,909.9,863.0,899.0,903.6,899.9,958,847000.0000000001,63,,,,new
PLASTIBLEN, EQ,2026-10-09,203.5,208.0,200.01,201.79,201.5,199.47,156929,31864999.999999996,2299,,69909.0,44.55,new
PLATIND, EQ,2026-10-09,196.4,199.5,193.01,198.44,199.0,195.17,44532,8764000.0,1155,,26013.0,58.41,new
PLAZACABLE, EQ,2026-10-09,56.59,59.47,55.88,58.36,59.3,56.46,46371,2693000.0,1032,,25075.0,54.07,new
PML, EQ,2026-10-09,462.55,504.75,460.25,481.75,489.9,453.5,404,198000.0,38,,194.0,48.02,new
PNB, EQ,2026-10-09,115.5,117.95,114.9,116.98,116.98,115.29,12666514,1479299000.0,51055,,3884167.0,30.66,new
PNBGILTS, EQ,2026-10-09,68.4,71.7,67.71,70.44,70.5,68.39,461418,32386000.0,4172,,161300.0,34.96,new
PNBHOUSING, EQ,2026-10-09,1155.0,1174.6,1152.5,1158.0,1158.0,1150.0,833012,967557000.0,30475,,350704.0,42.1,new
PNC, EQ,2026-10-09,16.76,17.4,16.0,16.27,16.2,16.76,6020,99000.0,203,,3350.0,55.65,new
PNCINFRA, EQ,2026-10-09,134.9,136.6,132.8,134.74,134.11,134.49,415367,56085000.0,10779,,184488.0,44.42,new
PNGJL, EQ,2026-10-09,609.9,614.9,578.3,599.95,598.1,586.3,2477382,1472733000.0,79489,,549959.0,22.2,new
PNGSREVA, EQ,2026-10-09,680.0,720.95,663.9,687.75,690.0,701.95,2860095,1976709999.9999998,95759,,238126.0,8.33,new
POCL, EQ,2026-10-09,434.95,444.6,427.05,441.2,439.0,432.4,175594,76680000.0,6923,,83739.0,47.69,new
PODDARMENT, EQ,2026-10-09,254.7,258.35,250.5,255.6,255.0,250.2,5536,1413000.0,233,,4486.0,81.03,new
POEL, EQ,2026-10-09,128.25,130.75,123.75,124.85,125.7,128.25,23794,2985000.0,668,,15108.0,63.49,new
POKARNA, EQ,2026-10-09,686.8,697.0,675.15,687.05,684.9,678.25,81383,55941000.0,5145,,24451.0,30.04,new
POLICYBZR, EQ,2026-10-09,993.0,1026.9,992.9,1012.0,1012.0,996.0,1914977,1945287000.0,43732,,569419.0,29.74,new
POLYCAB, EQ,2026-10-09,8161.0,8295.5,8060.0,8255.0,8255.0,8151.0,335752,2757557000.0,33091,,179142.0,53.36,new
POLYMED, EQ,2026-10-09,1596.0,1617.6,1545.6,1587.1,1594.5,1605.2,87914,139321000.0,12392,,31105.0,35.38,new
POLYPLEX, EQ,2026-10-09,1005.0,1014.9,990.0,1001.3,998.0,998.9,38546,38558000.0,3407,,20763.0,53.87,new
POLYSIL, SM,2026-10-09,55.9,55.9,55.9,55.9,55.9,55.9,1000,56000.00000000001,2,,1000.0,100.0,new
POLYSPIN, EQ,2026-10-09,29.11,29.64,27.57,28.73,27.99,29.96,2620,74000.0,42,,1878.0,71.68,new
PONNIERODE, EQ,2026-10-09,350.2,353.45,343.5,345.6,347.5,348.35,23639,8195999.999999999,1534,,11344.0,47.99,new
POOJALOGIS, ST,2026-10-09,130.9,135.0,130.9,132.7,132.8,132.1,44400,5905000.0,37,,44400.0,100.0,new
POONAWALLA, EQ,2026-10-09,441.9,450.9,436.9,447.3,446.5,437.9,1356186,603371000.0,39579,,591909.0,43.65,new
POSITRON, SM,2026-10-09,238.9,238.9,230.1,233.5,233.5,231.05,1800,422000.0,6,,1500.0,83.33,new
POWERGRID, EQ,2026-10-09,246.15,251.1,246.15,249.15,249.15,244.65,11518140,2880452000.0,51800,,9500533.0,82.48,new
POWERICA, EQ,2026-10-09,580.6,594.0,560.05,585.45,580.0,585.0,165565,95736000.0,7098,,65172.0,39.36,new
POWERINDIA, EQ,2026-10-09,30850.0,31025.0,29955.0,30605.0,30605.0,30935.0,110554,3373310000.0,36367,,38532.0,34.85,new
POWERMECH, EQ,2026-10-09,2434.4,2460.1,2391.1,2419.0,2406.0,2445.9,33389,80814000.0,7796,,10237.0,30.66,new
PPAP, BE,2026-10-09,236.15,242.0,235.1,240.71,240.5,236.1,7300,1739000.0,79,,,,new
PPL, EQ,2026-10-09,241.55,259.8,241.55,249.2,249.0,243.65,67297,16944000.0,1891,,30544.0,45.39,new
PPLPHARMA, EQ,2026-10-09,197.0,199.0,194.02,196.88,196.9,196.43,1396417,274996000.0,29982,,453593.0,32.48,new
PPSL, SM,2026-10-09,2.8,2.9,2.8,2.9,2.9,2.8,12000,35000.0,4,,12000.0,100.0,new
PRABHA, EQ,2026-10-09,210.01,219.8,210.0,219.22,219.04,212.31,102770,22147000.0,2513,,54508.0,53.04,new
PRADPME, EQ,2026-10-09,598.75,645.0,587.8,635.35,636.0,587.75,115635,72983000.0,4093,,45927.0,39.72,new
PRAENG, EQ,2026-10-09,18.48,20.05,18.25,19.74,19.85,18.17,127938,2442000.0,665,,67848.0,53.03,new
PRAJIND, EQ,2026-10-09,290.1,293.45,284.65,285.8,286.9,289.75,422712,121402000.0,15879,,197174.0,46.64,new
PRAKASH, EQ,2026-10-09,115.23,121.6,115.03,118.7,118.0,115.31,481603,57217999.99999999,5944,,240051.0,49.84,new
PRAKASHSTL, EQ,2026-10-09,3.41,3.55,3.36,3.5,3.48,3.41,101237,351000.0,294,,86797.0,85.74,new
PRAMARA, SM,2026-10-09,102.8,106.25,98.2,99.9,99.9,102.6,9000,911999.9999999999,14,,7000.0,77.78,new
PRAMODINI, SM,2026-10-09,114.95,118.7,114.95,116.5,116.5,114.4,27600,3215000.0,22,,24000.0,86.96,new
PRANAV, EQ,2026-10-09,96.8,100.93,95.34,98.4,98.2,95.73,5610906,550544000.0,41281,,551198.0,9.82,new
PRANIK, SM,2026-10-09,39.5,40.1,39.05,39.15,39.35,41.2,22400,885000.0,9,,22400.0,100.0,new
PRASOLCHEM, EQ,2026-10-09,886.0,933.1,841.05,847.5,844.0,878.2,590320,522293000.0,33466,,165605.0,28.05,new
PRATHAM, SM,2026-10-09,118.45,118.45,116.0,116.5,116.5,118.45,13600,1591000.0,11,,13600.0,100.0,new
PRAVEG, EQ,2026-10-09,233.74,238.23,232.32,235.95,236.33,233.64,10062,2369000.0,511,,5140.0,51.08,new
PRAXIS, EQ,2026-10-09,4.65,4.65,3.93,3.98,4.03,4.36,425847,1747000.0,812,,299024.0,70.22,new
PRECAM, EQ,2026-10-09,109.41,113.76,108.96,111.2,111.49,109.92,103148,11439000.0,2046,,36181.0,35.08,new
PRECOT, EQ,2026-10-09,590.65,598.9,580.0,589.95,590.0,590.65,6136,3620000.0000000005,220,,5290.0,86.21,new
PRECWIRE, EQ,2026-10-09,494.0,502.2,479.3,482.7,481.6,493.15,324124,158164000.0,23436,,136335.0,42.06,new
PREMCO, EQ,2026-10-09,395.0,395.0,386.0,386.9,389.0,395.65,545,212000.0,67,,528.0,96.88,new
PREMEXPLN, EQ,2026-10-09,689.05,692.0,686.1,687.05,687.05,689.05,106402,73143000.0,2307,,77958.0,73.27,new
PREMIER, BE,2026-10-09,2.64,2.64,2.49,2.61,2.57,2.61,4239,11000.0,23,,,,new
PREMIERENE, EQ,2026-10-09,889.1,903.45,882.1,895.35,895.35,884.65,501749,447700000.0,18894,,167791.0,33.44,new
PREMIERPOL, EQ,2026-10-09,99.25,104.0,95.0,102.85,103.6,98.25,656892,65703000.0,8774,,232699.0,35.42,new
PREMIUM, SM,2026-10-09,45.95,46.5,45.95,45.95,45.95,43.5,21000,968000.0,7,,18000.0,85.71,new
PRESSTONIC, ST,2026-10-09,43.8,43.8,42.0,42.0,42.05,42.7,25600,1088000.0,8,,25600.0,100.0,new
PRESTIGE, EQ,2026-10-09,1413.1,1426.5,1402.3,1406.8,1406.8,1411.0,230713,326310000.0,19255,,107207.0,46.47,new
PRICOLLTD, EQ,2026-10-09,650.0,675.0,636.25,670.85,674.0,650.1,599330,392923000.0,34893,,290180.0,48.42,new
PRIMECAB, ST,2026-10-09,199.0,205.95,199.0,205.8,205.8,199.0,32000,6512000.0,20,,32000.0,100.0,new
PRIMESECU, EQ,2026-10-09,298.65,301.9,292.1,299.45,299.9,296.5,43248,12852000.000000002,353,,39358.0,91.01,new
PRIMO, EQ,2026-10-09,24.76,26.8,24.51,26.3,26.33,24.58,310931,8013000.0,1508,,133051.0,42.79,new
PRINCEPIPE, EQ,2026-10-09,249.25,252.95,246.95,248.95,248.5,249.25,94203,23443000.0,3344,,48583.0,51.57,new
PRIORITY, EQ,2026-10-09,313.0,327.0,303.5,325.55,327.0,310.05,601565,192620000.0,15965,,223159.0,37.1,new
PRISMX, EQ,2026-10-09,0.5,0.52,0.49,0.5,0.51,0.49,219198,111000.00000000001,102,,163146.0,74.43,new
PRITI, EQ,2026-10-09,32.3,32.3,30.75,31.28,31.26,31.66,3335,105000.0,87,,2798.0,83.9,new
PRITIKA, SM,2026-10-09,66.5,66.5,66.5,66.5,66.5,65.0,2000,133000.0,1,,2000.0,100.0,new
PRITIKAUTO, EQ,2026-10-09,15.6,16.37,15.13,15.86,16.1,15.41,172383,2691000.0,716,,108081.0,62.7,new
PRIVISCL, EQ,2026-10-09,3447.2,3467.6,3360.0,3424.1,3419.0,3446.3,56809,194920000.0,8105,,29917.0,52.66,new
PRIZOR, ST,2026-10-09,1366.0,1399.0,1341.3,1344.5,1355.0,1411.85,30000,40631000.0,67,,27200.0,90.67,new
PRLIND, SM,2026-10-09,42.8,42.8,42.3,42.5,42.5,42.85,3000,128000.0,3,,3000.0,100.0,new
PROPEQUITY, SM,2026-10-09,187.0,187.0,187.0,187.0,187.0,187.0,1200,224000.00000000003,2,,1200.0,100.0,new
PROSTARM, EQ,2026-10-09,128.3,129.33,124.71,127.46,129.0,126.46,154525,19623000.0,3216,,64937.0,42.02,new
PROTEAN, EQ,2026-10-09,638.7,656.8,637.3,640.65,638.3,638.7,284551,184218000.0,12572,,103079.0,36.23,new
PROV, SM,2026-10-09,1951.0,1970.7,1871.1,1930.05,1910.1,1950.0,560,1081000.0,7,,400.0,71.43,new
PROZONER, EQ,2026-10-09,52.75,54.5,52.5,53.62,53.53,52.5,230990,12358000.0,2502,,120969.0,52.37,new
PRSMJOHNSN, EQ,2026-10-09,97.2,98.32,94.68,97.47,98.0,96.87,233089,22567000.0,4347,,104400.0,44.79,new
PRUDENT, EQ,2026-10-09,3241.1,3274.1,3147.0,3254.7,3250.0,3210.6,27536,89293000.0,7762,,16834.0,61.13,new
PRUDMOULI, EQ,2026-10-09,14.0,15.0,13.06,14.72,14.8,13.9,28422,401999.99999999994,61,,26922.0,94.72,new
PSB, EQ,2026-10-09,20.93,21.09,20.64,21.01,21.01,20.8,838209,17556000.0,2980,,353250.0,42.14,new
PSFL, SM,2026-10-09,31.65,32.1,31.65,32.1,32.1,31.65,4000,128000.0,2,,4000.0,100.0,new
PSPPROJECT, EQ,2026-10-09,753.4,764.5,739.4,747.45,744.1,747.45,93455,70098000.0,5387,,56135.0,60.07,new
PSRAJ, SM,2026-10-09,108.0,108.0,98.0,100.7,100.0,98.85,32500,3306000.0,10,,22500.0,69.23,new
PSUBANK, EQ,2026-10-09,80.39,81.52,80.07,81.02,81.38,80.39,336784,27301000.0,672,,224532.0,66.67,new
PSUBANKADD, EQ,2026-10-09,81.5,82.32,80.92,81.97,81.75,81.16,16481,1352000.0,205,,9691.0,58.8,new
PSUBNKBEES, EQ,2026-10-09,90.69,91.06,89.23,90.76,91.0,89.31,1934490,175244000.0,5181,,1268861.0,65.59,new
PSUBNKIETF, EQ,2026-10-09,79.47,82.56,79.47,82.14,81.86,81.1,113099,9287000.0,521,,54748.0,48.41,new
PTC, EQ,2026-10-09,149.01,149.55,146.5,148.0,147.9,148.57,1098100,162142000.0,14977,,590188.0,53.75,new
PTCIL, EQ,2026-10-09,24470.0,24900.0,24200.0,24535.0,24575.0,24470.0,28898,708014000.0,10990,,12490.0,43.22,new
PTL, EQ,2026-10-09,37.99,38.99,37.76,38.34,38.45,37.79,78762,3015000.0,1014,,68963.0,87.56,new
PULZ, SM,2026-10-09,21.85,21.85,21.0,21.4,21.4,21.85,8000,172000.0,4,,6000.0,75.0,new
PUNJABCHEM, EQ,2026-10-09,1010.2,1031.7,983.1,1009.4,1013.6,1026.0,8258,8279000.000000001,1014,,4791.0,58.02,new
PURPLEUTED, SM,2026-10-09,510.0,510.0,467.0,474.7,472.0,507.9,13500,6569000.0,50,,12000.0,88.89,new
PURVA, EQ,2026-10-09,202.41,209.9,201.72,207.26,209.0,202.39,93813,19365000.0,2291,,29708.0,31.67,new
PURVFLEXI, SM,2026-10-09,39.9,39.9,39.9,39.9,39.9,39.9,800,32000.0,1,,800.0,100.0,new
PUSHPA, SM,2026-10-09,115.0,120.0,115.0,119.4,119.0,113.05,170000,20005000.0,122,,63000.0,37.06,new
PVP, EQ,2026-10-09,50.65,52.76,50.46,50.97,50.65,50.25,1742501,90696000.0,6040,,683992.0,39.25,new
PVRINOX, EQ,2026-10-09,1310.9,1340.2,1309.0,1327.2,1331.0,1309.2,608467,806470000.0,38800,,282035.0,46.35,new
PVSL, EQ,2026-10-09,93.9,94.5,89.0,91.22,91.05,92.06,13283,1209000.0,515,,10309.0,77.61,new
PVTBANIETF, EQ,2026-10-09,27.18,27.7,27.18,27.62,27.7,27.18,1508848,41615000.0,1092,,810561.0,53.72,new
PVTBANK, EQ,2026-10-09,27.22,27.43,27.22,27.36,27.42,26.96,657,18000.0,11,,604.0,91.93,new
PVTBANKADD, EQ,2026-10-09,27.6,27.85,27.4,27.74,27.76,27.35,28453,788000.0,116,,15742.0,55.33,new
PVTBKGROWW, EQ,2026-10-09,27.38,27.49,26.66,27.29,27.29,26.98,22513,615000.0,55,,21740.0,96.57,new
PWL, EQ,2026-10-09,140.31,144.9,135.05,143.69,144.0,140.48,14048838,1979718999.9999998,96908,,2336294.0,16.63,new
PYRAMID, EQ,2026-10-09,151.08,151.08,148.21,149.18,149.01,150.68,17903,2676000.0,459,,12266.0,68.51,new
QFIL, SM,2026-10-09,49.45,49.5,49.45,49.5,49.5,47.3,2000,99000.0,2,,2000.0,100.0,new
QGOLDHALF, EQ,2026-10-09,122.03,123.26,122.03,123.0,123.0,121.22,80541,9905000.0,524,,40483.0,50.26,new
QLINE, SM,2026-10-09,655.75,655.75,632.0,636.2,638.0,655.75,101600,64953000.0,228,,55600.0,54.72,new
QMSMEDI, BE,2026-10-09,183.5,193.8,183.5,187.57,186.15,192.52,18065,3404000.0,185,,,,new
QNIFTY, EQ,2026-10-09,246.4,249.0,246.0,248.61,248.6,245.25,2930,727000.0,137,,1312.0,44.78,new
QPOWER, EQ,2026-10-09,1543.9,1569.0,1480.1,1547.4,1553.0,1532.2,261494,399043000.0,27578,,114398.0,43.75,new
QUADFUTURE, EQ,2026-10-09,508.0,524.7,502.0,511.25,511.3,505.75,533438,274076000.0,23918,,134922.0,25.29,new
QUAL30IETF, EQ,2026-10-09,19.5,19.73,19.43,19.65,19.73,19.28,46588,914000.0,198,,23781.0,51.05,new
QUALIANCE, SM,2026-10-09,175.0,204.0,175.0,185.45,187.0,179.4,213000,41676000.0,190,,159000.0,74.65,new
QUALITY30, EQ,2026-10-09,19.04,19.3,19.04,19.27,19.17,18.93,2148,41000.0,32,,1234.0,57.45,new
QUESS, EQ,2026-10-09,322.9,326.4,316.25,321.35,322.0,320.75,132897,42652000.0,6945,,54998.0,41.38,new
QUESTLAB, SM,2026-10-09,89.1,104.0,89.1,102.9,103.0,89.0,63600,6431999.999999999,40,,61200.0,96.23,new
QUICKHEAL, EQ,2026-10-09,138.0,139.8,136.9,137.75,137.8,137.03,66134,9123000.0,2240,,31776.0,48.05,new
QUICKTOUCH, SM,2026-10-09,14.45,14.45,14.45,14.45,14.45,15.2,2000,28999.999999999996,4,,1000.0,50.0,new
QUINT, BE,2026-10-09,53.21,53.21,53.21,53.21,53.21,56.01,4434,236000.0,36,,,,new
QUINTEGRA, EQ,2026-10-09,1.69,1.69,1.69,1.69,1.69,1.61,18,0.0,2,,18.0,100.0,new
QVCEL, SM,2026-10-09,23.05,24.3,22.9,22.95,22.9,24.05,8000,186000.0,5,,8000.0,100.0,new
RACE, EQ,2026-10-09,102.24,104.33,101.6,103.4,103.54,101.06,33746,3471000.0,750,,11389.0,33.75,new
RACLGEAR, EQ,2026-10-09,1500.1,1516.2,1439.1,1460.6,1460.0,1502.0,56124,82213000.0,6640,,30322.0,54.03,new
RADAAN, EQ,2026-10-09,2.88,2.92,2.8,2.89,2.88,2.82,13813,39000.0,62,,9750.0,70.59,new
RADHIKAJWE, BE,2026-10-09,68.16,69.0,66.4,68.35,68.4,68.16,104863,7083000.0,858,,,,new
RADIANTCMS, EQ,2026-10-09,33.2,34.2,33.2,33.54,33.3,33.45,88751,2984000.0,776,,53282.0,60.04,new
RADICO, EQ,2026-10-09,4449.9,4579.0,4425.3,4550.0,4550.0,4415.0,332390,1504254000.0,35564,,150103.0,45.16,new
RADIOCITY, EQ,2026-10-09,5.79,5.86,5.65,5.72,5.84,5.71,11078,63000.0,145,,9732.0,87.85,new
RADIOWALLA, ST,2026-10-09,28.05,28.05,28.05,28.05,28.05,28.6,1600,45000.0,1,,1600.0,100.0,new
RAILTEL, EQ,2026-10-09,250.05,252.0,246.45,248.15,248.95,248.1,697569,173008000.0,13893,,250897.0,35.97,new
RAIN, EQ,2026-10-09,212.1,218.4,211.42,215.42,214.5,211.6,2288755,493308000.0,22626,,1005130.0,43.92,new
RAINBOW, EQ,2026-10-09,1240.0,1260.0,1226.7,1250.2,1259.3,1230.7,85099,105608000.0,15277,,39717.0,46.67,new
RAJESHEXPO, BZ,2026-10-09,58.19,59.08,57.07,57.61,58.24,59.37,173885,10052000.0,2063,,,,new
RAJINDLTD, SM,2026-10-09,63.0,63.15,63.0,63.15,63.15,65.0,6000,379000.0,4,,4500.0,75.0,new
RAJMET, EQ,2026-10-09,3.08,3.12,3.06,3.08,3.08,3.06,191860,592000.0,523,,139784.0,72.86,new
RAJOOENG, EQ,2026-10-09,60.02,60.99,57.5,59.45,59.25,59.92,939402,55419000.00000001,6631,,421817.0,44.9,new
RAJPALAYAM, EQ,2026-10-09,715.0,729.0,711.1,720.0,720.0,721.0,285,204999.99999999997,38,,172.0,60.35,new
RAJRATAN, EQ,2026-10-09,450.0,456.0,442.1,450.8,451.5,444.25,46369,20906000.0,4318,,19496.0,42.05,new
RAJRILTD, BE,2026-10-09,21.22,21.22,21.22,21.22,21.22,20.81,26954,572000.0,100,,,,new
RAJSREESUG, EQ,2026-10-09,27.75,27.83,27.01,27.5,27.58,27.26,48462,1332000.0,482,,31090.0,64.15,new
RAJTV, BE,2026-10-09,10.48,10.49,9.51,10.07,10.08,10.01,183957,1843000.0,139,,,,new
RALLIS, EQ,2026-10-09,196.07,198.65,193.4,198.06,198.02,195.76,351681,69199000.0,10207,,153580.0,43.67,new
RAMANEWS, EQ,2026-10-09,28.31,30.97,28.31,30.49,29.62,28.59,18996,564000.0,231,,16824.0,88.57,new
RAMAPHO, EQ,2026-10-09,110.5,110.5,106.0,109.52,110.39,110.09,45828,4948000.0,954,,26145.0,57.05,new
RAMASTEEL, BE,2026-10-09,4.1,4.1,4.07,4.07,4.07,4.15,707401,2886000.0,1376,,,,new
RAMBHAJO, EQ,2026-10-09,359.0,369.9,348.3,357.45,357.0,356.55,717341,256429000.0,14037,,279432.0,38.95,new
RAMCOCEM, EQ,2026-10-09,820.45,823.8,803.0,807.55,810.0,817.9,115818,93871000.0,10325,,52571.0,45.39,new
RAMCOIND, EQ,2026-10-09,290.75,296.4,286.1,291.8,288.25,290.75,107160,31088000.0,4055,,48352.0,45.12,new
RAMCOSYS, EQ,2026-10-09,540.0,546.7,529.25,542.9,546.0,537.45,53401,28720000.0,2985,,26531.0,49.68,new
RAMKY, EQ,2026-10-09,271.65,275.25,266.1,267.5,266.1,269.8,29949,8059000.0,1044,,18144.0,60.58,new
RAMRAT, EQ,2026-10-09,608.0,610.65,582.2,584.25,584.75,611.15,193889,114667000.0,15762,,83976.0,43.31,new
RANASUG, EQ,2026-10-09,13.47,13.64,13.1,13.18,13.17,13.46,276801,3661000.0,747,,181590.0,65.6,new
RANEHOLDIN, EQ,2026-10-09,1513.1,1526.6,1492.0,1517.6,1525.0,1513.1,2430,3665000.0,612,,1283.0,52.8,new
RAPIDFLEET, SM,2026-10-09,200.0,200.7,200.0,200.7,200.7,194.6,6600,1322000.0,11,,0.0,0.0,new
RAPPID, SM,2026-10-09,330.15,330.15,325.0,328.85,327.8,332.95,3600,1178000.0,6,,3000.0,83.33,new
RATEGAIN, EQ,2026-10-09,830.0,874.3,828.0,853.65,850.15,830.95,300830,257661000.0,14370,,132685.0,44.11,new
RATNAMANI, EQ,2026-10-09,2519.2,2570.0,2465.0,2523.6,2518.0,2498.9,26313,66171000.0,5800,,9333.0,35.47,new
RATNAVEER, EQ,2026-10-09,331.0,349.1,327.3,343.6,343.0,331.35,5179011,1775368000.0,58717,,1260870.0,24.35,new
RAYMOND, EQ,2026-10-09,1182.1,1209.8,1143.2,1186.6,1185.0,1167.1,1248779,1471608000.0,49280,,180097.0,14.42,new
RAYMONDLSL, EQ,2026-10-09,603.95,607.9,592.35,596.4,598.2,596.4,156244,93572000.0,7651,,52390.0,33.53,new
RAYMONDREL, EQ,2026-10-09,681.05,718.0,673.5,698.2,698.0,679.9,1558911,1087825000.0,45700,,335801.0,21.54,new
RBA, EQ,2026-10-09,92.95,93.95,90.04,91.1,91.45,92.61,1910175,174189000.0,22450,,738539.0,38.66,new
RBLBANK, EQ,2026-10-09,400.65,419.35,400.0,418.0,418.0,400.7,3772524,1566416000.0,54738,,1397778.0,37.05,new
RBMINFRA, SM,2026-10-09,239.8,239.8,235.0,237.55,238.8,233.95,6200,1467000.0,24,,5400.0,87.1,new
RBS, SM,2026-10-09,80.05,83.0,80.0,83.0,83.0,81.0,14400,1170000.0,10,,8000.0,55.56,new
RBZJEWEL, BE,2026-10-09,193.98,196.0,184.29,190.63,194.7,193.98,72988,13883000.000000002,582,,,,new
RCDL, SM,2026-10-09,14.7,15.6,14.5,15.3,15.35,15.25,189000,2798000.0,36,,144000.0,76.19,new
RCF, EQ,2026-10-09,103.5,104.95,103.1,104.44,104.65,103.5,560936,58487000.0,7359,,171533.0,30.58,new
RCOM, BE,2026-10-09,0.86,0.86,0.85,0.85,0.85,0.85,2359978,2018000.0,1612,,,,new
READYMIX, SM,2026-10-09,66.7,66.7,61.0,63.9,64.0,59.2,14000,890000.0,14,,12000.0,85.71,new
RECLTD, EQ,2026-10-09,295.0,300.15,294.0,300.0,300.0,295.0,3107695,927870999.9999999,29059,,1589578.0,51.15,new
REDINGTON, EQ,2026-10-09,388.1,399.45,377.95,380.0,380.2,388.0,2893774,1116826000.0,69563,,1018481.0,35.2,new
REDTAPE, EQ,2026-10-09,115.0,115.06,111.55,112.77,112.5,113.16,204572,23007000.0,3950,,83792.0,40.96,new
REFEX, EQ,2026-10-09,258.15,259.75,251.4,254.4,253.9,258.7,225810,57678000.0,6581,,101117.0,44.78,new
REFRACTORY, SM,2026-10-09,35.0,35.5,34.9,35.5,35.5,35.9,3000,105000.0,3,,3000.0,100.0,new
REGAAL, EQ,2026-10-09,83.01,85.0,81.7,84.09,85.0,83.34,461395,38306000.0,3930,,241129.0,52.26,new
REGENCERAM, EQ,2026-10-09,29.65,31.4,29.65,30.83,31.32,30.86,7411,225999.99999999997,87,,4840.0,65.31,new
RELAXO, EQ,2026-10-09,283.9,289.2,281.35,286.0,284.15,281.8,70455,20048000.0,5702,,33944.0,48.18,new
RELCHEMQ, EQ,2026-10-09,113.59,115.0,112.12,114.19,112.35,111.33,986,112000.00000000001,63,,656.0,66.53,new
RELIABLE, EQ,2026-10-09,138.0,141.89,137.21,139.8,138.21,139.76,3673,511000.00000000006,229,,1505.0,40.97,new
RELIANCE, EQ,2026-10-09,1179.0,1179.0,1160.2,1170.3,1170.3,1178.0,12086708,14146864000.000002,300078,,6539194.0,54.1,new
RELIGARE, EQ,2026-10-09,219.77,222.75,216.05,217.59,217.27,220.57,839067,183339000.0,11876,,405257.0,48.3,new
RELINFRA, BE,2026-10-09,56.44,59.29,55.5,59.29,59.29,56.47,1168713,67785000.0,3414,,,,new
RELTD, EQ,2026-10-09,143.1,145.39,140.29,141.49,141.5,143.81,65280,9240000.0,2117,,32768.0,50.2,new
REMSONSIND, EQ,2026-10-09,99.14,106.5,97.11,101.46,102.0,98.95,584247,60020000.00000001,8564,,215818.0,36.94,new
REMUS, SM,2026-10-09,975.0,1009.95,957.25,976.35,975.5,978.25,10600,10417000.0,75,,7600.0,71.7,new
RENTOMOJO, EQ,2026-10-09,607.5,607.5,581.6,590.35,587.0,600.45,1778853,1051216000.0,50722,,348178.0,19.57,new
RENUKA, EQ,2026-10-09,21.8,22.15,21.6,21.72,21.8,21.63,6301032,137616000.0,10887,,1931471.0,30.65,new
REPCOHOME, EQ,2026-10-09,339.0,339.0,328.1,329.4,329.0,337.1,72033,23888000.0,2502,,42206.0,58.59,new
REPL, EQ,2026-10-09,55.4,58.55,55.13,56.66,55.8,55.78,2870,166000.0,43,,2361.0,82.26,new
REPRO, EQ,2026-10-09,295.25,303.4,290.1,294.0,294.85,295.95,17682,5229000.0,1766,,7461.0,42.2,new
RESPONIND, EQ,2026-10-09,154.0,154.89,151.1,151.72,151.65,152.99,109847,16752000.000000002,2483,,35358.0,32.19,new
RETAIL, BE,2026-10-09,27.06,29.9,27.06,28.45,28.55,28.48,107725,3094000.0,275,,,,new
RGL, EQ,2026-10-09,157.0,163.0,153.11,160.74,161.6,155.63,484036,76862000.0,9039,,236761.0,48.91,new
RHETAN, EQ,2026-10-09,17.35,18.25,17.35,17.4,17.35,18.26,5129784,90232000.0,14259,,2333694.0,45.49,new
RHFL, BZ,2026-10-09,1.55,1.58,1.53,1.56,1.57,1.54,367810,571000.0,626,,,,new
RHIM, EQ,2026-10-09,371.55,376.2,363.05,369.1,369.5,367.1,250788,92839000.0,9374,,80621.0,32.15,new
RHL, EQ,2026-10-09,161.0,164.49,161.0,162.05,161.4,161.29,3239,522000.0,27,,2747.0,84.81,new
RICHA, SM,2026-10-09,83.2,83.2,83.2,83.2,83.2,83.25,1000,83000.0,1,,1000.0,100.0,new
RICOAUTO, EQ,2026-10-09,119.49,119.7,114.3,115.18,114.81,117.88,793747,92072000.0,8775,,278492.0,35.09,new
RIIL, EQ,2026-10-09,684.95,688.85,670.05,683.4,681.0,682.6,46663,31783000.0,3839,,11089.0,23.76,new
RIIT, IV,2026-10-09,121.95,121.95,120.23,121.06,121.0,120.22,89278,10827000.0,1385,,78123.0,87.51,new
RILINFRA, SM,2026-10-09,32.1,33.2,31.5,32.0,32.0,32.65,8000,256000.0,38,,7000.0,87.5,new
RIR, EQ,2026-10-09,175.2,177.5,170.64,174.12,174.11,173.34,361155,62771000.0,7892,,120092.0,33.25,new
RISHABH, EQ,2026-10-09,642.3,692.25,621.2,677.9,685.0,644.9,752424,498021000.0,31360,,242261.0,32.2,new
RITCO, EQ,2026-10-09,272.35,279.0,269.45,272.55,270.25,272.5,23328,6345000.0,721,,12388.0,53.1,new
RITES, EQ,2026-10-09,195.0,200.96,193.1,198.66,198.2,195.85,588514,116260999.99999999,15105,,114683.0,19.49,new
RKDL, EQ,2026-10-09,16.49,16.89,16.1,16.68,16.5,16.2,17606,291000.0,99,,12486.0,70.92,new
RKEC, BE,2026-10-09,20.39,20.39,19.51,19.87,19.51,20.47,20322,405000.0,105,,,,new
RKFORGE, EQ,2026-10-09,696.0,705.4,678.55,685.45,690.0,700.75,644453,444662000.0,25121,,319323.0,49.55,new
RKSWAMY, EQ,2026-10-09,87.9,88.98,86.0,87.22,86.6,87.4,10809,944000.0,307,,8812.0,81.52,new
RMC, EQ,2026-10-09,189.99,192.34,182.56,184.33,184.0,186.46,32159,5978000.0,2570,,15001.0,46.65,new
RMDRIP, BE,2026-10-09,20.71,22.35,20.55,21.68,21.8,21.62,186619,3933000.0,806,,,,new
RML, EQ,2026-10-09,1275.0,1314.0,1255.1,1285.2,1299.9,1279.6,24853,32026000.0,2816,,9798.0,39.42,new
RNBDENIMS, BE,2026-10-09,8.52,8.94,8.4,8.69,8.59,8.69,103579,888000.0000000001,325,,,,new
RNFI, SM,2026-10-09,314.4,332.0,314.4,328.75,330.0,314.4,18600,6088000.0,31,,12600.0,67.74,new
RNPL, SM,2026-10-09,72.0,79.5,72.0,78.95,78.95,75.75,36000,2756000.0,25,,24000.0,66.67,new
ROCKINGDCE, SM,2026-10-09,220.0,220.0,220.0,220.0,220.0,220.0,250,55000.00000000001,1,,250.0,100.0,new
ROHLTD, EQ,2026-10-09,294.9,295.0,286.0,287.55,286.25,294.9,54284,15699000.0,2140,,34001.0,62.64,new
ROLEXRINGS, EQ,2026-10-09,171.0,172.04,165.87,169.14,172.0,170.14,1460918,246294000.0,27008,,627281.0,42.94,new
ROLLT, BE,2026-10-09,5.14,5.46,4.94,5.33,5.3,5.2,533641,2723000.0,457,,,,new
ROML, EQ,2026-10-09,41.16,41.99,41.0,41.02,41.0,41.16,2509,103000.0,34,,1421.0,56.64,new
ROSSARI, EQ,2026-10-09,412.2,416.5,407.2,409.8,409.0,409.8,77278,31779000.000000004,4813,,44427.0,57.49,new
ROSSELLIND, EQ,2026-10-09,50.99,53.0,50.6,52.75,53.0,51.25,7794,405000.0,176,,6472.0,83.04,new
ROSSTECH, EQ,2026-10-09,1565.0,1613.9,1529.2,1574.8,1563.9,1570.1,176795,278382000.0,20686,,49484.0,27.99,new
ROTO, EQ,2026-10-09,61.12,61.5,58.9,60.09,60.0,60.73,468363,28158000.0,4060,,195752.0,41.79,new
ROUTE, EQ,2026-10-09,415.7,426.2,414.25,416.7,419.2,414.8,149228,62569000.00000001,7030,,69901.0,46.84,new
ROXHITECH, ST,2026-10-09,68.55,68.55,63.05,63.7,64.0,65.35,33600,2156000.0,21,,32000.0,95.24,new
ROYALARC, SM,2026-10-09,148.5,158.0,148.5,158.0,158.0,149.0,3600,546000.0,3,,3600.0,100.0,new
RPEL, EQ,2026-10-09,1710.1,1769.0,1710.1,1734.1,1725.3,1717.2,35411,61804000.0,5399,,14532.0,41.04,new
RPGLIFE, EQ,2026-10-09,2811.7,2862.3,2671.1,2719.2,2701.0,2811.7,32707,89480000.0,5874,,13172.0,40.27,new
RPOWER, EQ,2026-10-09,19.75,20.13,19.59,20.01,19.99,19.8,18108205,360261000.0,27656,,5566750.0,30.74,new
RPPINFRA, EQ,2026-10-09,52.3,53.99,51.25,51.62,51.65,53.44,29302,1528000.0,635,,17652.0,60.24,new
RPPL, BE,2026-10-09,18.65,18.68,17.82,18.49,18.52,18.66,46550,852999.9999999999,100,,,,new
RPSGVENT, EQ,2026-10-09,856.95,899.65,840.05,891.3,881.0,844.65,82123,72157000.0,5088,,28103.0,34.22,new
RPTECH, EQ,2026-10-09,902.0,916.7,869.9,889.7,890.5,898.8,236367,210248999.99999997,22526,,87675.0,37.09,new
RRECL, EQ,2026-10-09,131.0,133.96,120.2,132.05,133.96,133.96,195,26000.0,10,,103.0,52.82,new
RRIL, EQ,2026-10-09,15.64,16.2,15.51,15.76,15.91,15.97,22900,364000.0,99,,20875.0,91.16,new
RRKABEL, EQ,2026-10-09,2700.0,2733.3,2659.0,2705.6,2692.2,2696.4,252367,681655000.0,40092,,88381.0,35.02,new
RSDFIN, BE,2026-10-09,85.5,86.78,85.5,86.78,86.78,90.0,380,33000.0,2,,,,new
RSL, EQ,2026-10-09,172.87,174.8,170.29,172.04,172.48,171.94,180215,31049000.0,2687,,88013.0,48.84,new
RSSOFTWARE, EQ,2026-10-09,28.51,29.2,28.01,28.53,28.74,28.66,12846,365000.0,172,,9693.0,75.46,new
RSWM, EQ,2026-10-09,197.79,197.85,192.01,195.63,195.03,195.79,18729,3649000.0,530,,9908.0,52.9,new
RSYSTEMS, EQ,2026-10-09,245.8,284.6,245.55,274.3,271.9,242.85,33296077,9096884000.0,445331,,1180244.0,3.54,new
RTL, SM,2026-10-09,82.4,86.9,82.2,84.5,84.5,82.45,58000,4858000.0,29,,22000.0,37.93,new
RTNINDIA, EQ,2026-10-09,25.3,25.68,23.89,24.95,24.99,25.03,2145403,53529999.99999999,8457,,741505.0,34.56,new
RTNPOWER, EQ,2026-10-09,6.35,6.59,6.35,6.54,6.59,6.43,10757944,69786000.0,10722,,4935728.0,45.88,new
RTSPOWR, BE,2026-10-09,114.05,119.33,114.05,119.33,119.33,113.65,11265,1340000.0,110,,,,new
RUBFILA, EQ,2026-10-09,63.75,64.69,61.94,62.01,62.1,63.72,69201,4329000.0,962,,47453.0,68.57,new
RUBICON, EQ,2026-10-09,1535.4,1559.4,1503.5,1548.5,1550.0,1535.4,147742,225917999.99999997,15641,,61450.0,41.59,new
RUBYMILLS, EQ,2026-10-09,488.5,496.25,465.75,479.0,470.25,485.05,30978,15008000.000000002,1555,,14507.0,46.83,new
RUCHINFRA, EQ,2026-10-09,4.72,4.98,4.61,4.72,4.72,4.79,65109,313000.0,204,,37271.0,57.24,new
RUCHIRA, EQ,2026-10-09,100.21,103.0,100.21,102.06,101.5,100.35,9984,1016000.0,297,,5636.0,56.45,new
RUDRA, EQ,2026-10-09,19.0,19.6,19.0,19.28,19.5,19.38,10004,194000.0,95,,6745.0,67.42,new
RULKA, SM,2026-10-09,102.9,102.9,102.9,102.9,102.9,101.85,300,31000.0,1,,300.0,100.0,new
RUNWALENTR, EQ,2026-10-09,267.0,273.4,258.85,262.55,261.0,263.2,427686,112706000.0,7433,,173390.0,40.54,new
RUPA, EQ,2026-10-09,125.0,126.48,122.0,124.74,125.38,124.14,139385,17261000.0,6693,,71421.0,51.24,new
RUSHIL, EQ,2026-10-09,15.4,16.0,14.71,15.62,15.31,14.94,344516,5284000.0,724,,219096.0,63.6,new
RUSTOMJEE, EQ,2026-10-09,359.0,366.0,355.55,361.2,360.9,359.0,43140,15604000.0,1761,,21906.0,50.78,new
RVHL, EQ,2026-10-09,38.09,38.4,36.9,38.0,38.0,37.31,4798,182000.0,70,,4669.0,97.31,new
RVNL, EQ,2026-10-09,188.25,191.84,187.6,190.65,190.65,187.2,3974632,755380000.0,30522,,1221036.0,30.72,new
RVTH, EQ,2026-10-09,729.65,747.0,710.0,737.4,747.0,728.55,628,454000.0,82,,488.0,77.71,new
S&SPOWER, EQ,2026-10-09,284.6,284.6,267.5,277.7,272.05,275.2,10769,2955000.0,478,,8227.0,76.4,new
SAAKSHI, ST,2026-10-09,358.0,358.05,358.0,358.0,358.0,365.0,3000,1074000.0,5,,2400.0,80.0,new
SAATVIKGL, EQ,2026-10-09,397.0,399.4,389.8,395.95,394.55,397.25,61157,24092000.0,2555,,27411.0,44.82,new
SACHEEROME, SM,2026-10-09,490.0,490.0,476.0,480.05,477.1,489.35,16800,8101000.000000001,53,,11400.0,67.86,new
SADBHAV, EQ,2026-10-09,6.83,6.85,6.36,6.72,6.76,6.72,104477,700000.0,360,,78210.0,74.86,new
SADBHIN, EQ,2026-10-09,2.56,2.72,2.48,2.63,2.62,2.67,125986,330000.0,287,,95592.0,75.88,new
SADHAV, SM,2026-10-09,109.0,119.0,108.0,117.7,118.0,108.5,34200,3952000.0000000005,42,,33000.0,96.49,new
SADHNANIQ, BE,2026-10-09,2.5,2.65,2.44,2.62,2.63,2.55,1735135,4345000.0,1062,,,,new
SAFARI, EQ,2026-10-09,1290.0,1326.0,1283.8,1319.6,1310.0,1289.3,20759,27091000.000000004,4302,,9548.0,45.99,new
SAFEENTP, SM,2026-10-09,249.05,252.95,238.3,239.6,238.3,251.45,51500,12516000.0,91,,41000.0,79.61,new
SAGARDEEP, EQ,2026-10-09,22.79,23.8,22.0,23.23,23.2,22.4,9179,213000.0,124,,7166.0,78.07,new
SAGCEM, EQ,2026-10-09,144.37,145.51,141.15,142.51,141.15,144.37,36522,5237000.0,817,,25874.0,70.84,new
SAGILITY, EQ,2026-10-09,43.5,44.63,43.4,44.0,44.0,43.35,15687806,692490000.0,28096,,5374083.0,34.26,new
SAHAJSOLAR, SM,2026-10-09,85.0,94.8,85.0,88.8,88.5,85.1,20000,1773000.0,47,,10800.0,54.0,new
SAHANA, SM,2026-10-09,885.15,894.85,856.1,882.9,870.8,884.65,18900,16588999.999999998,106,,12000.0,63.49,new
SAHASRA, SM,2026-10-09,471.0,480.0,460.0,473.15,472.0,472.7,42000,19696000.0,100,,28000.0,66.67,new
SAHLIBHFI, EQ,2026-10-09,78.8,79.0,76.15,77.12,77.94,77.91,4141,319000.0,149,,2036.0,49.17,new
SAHYADRI, EQ,2026-10-09,335.05,339.95,325.0,327.35,328.05,338.9,10196,3375000.0,671,,6982.0,68.48,new
SAICAPI, EQ,2026-10-09,145.89,156.0,145.89,150.98,150.98,143.05,107,16000.0,13,,100.0,93.46,new
SAIFL, SM,2026-10-09,4.15,4.15,4.1,4.15,4.15,4.15,72000,297000.0,15,,48000.0,66.67,new
SAIL, EQ,2026-10-09,168.0,175.84,167.72,171.55,171.55,166.25,42339535,7321317999.999999,115190,,17076373.0,40.33,new
SAILIFE, EQ,2026-10-09,1509.8,1518.9,1470.6,1487.9,1490.3,1505.6,429336,639451000.0,43348,,255776.0,59.57,new
SAIPARENT, EQ,2026-10-09,500.0,508.0,485.0,493.9,495.0,500.45,145255,72397000.0,4597,,72911.0,50.2,new
SAJHOTELS, ST,2026-10-09,28.5,28.5,27.5,27.5,27.5,28.5,12000,339000.0,6,,12000.0,100.0,new
SAKAR, EQ,2026-10-09,1002.0,1030.3,941.9,1011.5,1000.0,1002.4,243394,237402000.0,15475,,109414.0,44.95,new
SAKHTISUG, EQ,2026-10-09,18.15,18.39,17.91,18.11,18.2,17.88,57881,1048000.0,408,,32352.0,55.89,new
SAKSOFT, EQ,2026-10-09,132.05,145.0,132.05,138.79,139.0,132.8,1913238,268373000.0,25112,,321954.0,16.83,new
SAKUMA, EQ,2026-10-09,1.49,1.53,1.48,1.52,1.52,1.49,523298,786000.0,554,,406258.0,77.63,new
SALASAR, EQ,2026-10-09,4.09,4.13,3.99,4.08,4.08,4.09,3446934,14033000.000000002,3379,,1626237.0,47.18,new
SALONA, EQ,2026-10-09,272.0,278.0,266.05,269.55,270.0,277.0,219,59000.0,31,,178.0,81.28,new
SALSTEEL, EQ,2026-10-09,87.51,91.1,85.33,85.89,85.72,88.93,1108442,97576000.0,7555,,182374.0,16.45,new
SALZERELEC, EQ,2026-10-09,510.3,511.0,492.05,497.25,499.0,510.3,59710,29683000.0,3504,,24089.0,40.34,new
SAMBHAAV, EQ,2026-10-09,6.14,6.15,5.16,5.68,5.77,5.61,100892,581000.0,367,,37042.0,36.71,new
SAMBHV, EQ,2026-10-09,158.0,163.59,154.65,160.41,160.5,157.31,2597526,415468000.0,24949,,804890.0,30.99,new
SAMHI, EQ,2026-10-09,143.93,145.0,140.91,141.9,142.24,143.89,783713,111631000.0,11058,,358611.0,45.76,new
SAMMAANCAP, EQ,2026-10-09,128.8,128.94,125.66,126.44,126.36,127.82,4678834,593858000.0,34259,,2180322.0,46.6,new
SAMPANN, EQ,2026-10-09,24.29,24.29,23.22,23.62,23.84,23.78,7720,182000.0,92,,4610.0,59.72,new
SANATHAN, EQ,2026-10-09,505.15,514.45,500.45,503.2,507.2,502.65,24539,12369000.0,1614,,12371.0,50.41,new
SANDESH, EQ,2026-10-09,1008.0,1016.0,991.0,1014.55,1016.0,990.35,368,371000.0,57,,296.0,80.43,new
SANDHAR, EQ,2026-10-09,537.7,540.3,525.1,530.3,527.0,534.15,109550,58379000.0,8724,,45499.0,41.53,new
SANDUMA, EQ,2026-10-09,177.2,180.0,175.01,177.68,177.51,179.15,519668,91797000.0,10934,,236011.0,45.42,new
SANGAMIND, EQ,2026-10-09,611.2,615.0,599.65,604.8,602.0,602.95,12875,7798000.0,983,,6692.0,51.98,new
SANGANI, SM,2026-10-09,53.1,57.7,53.1,57.7,57.7,55.0,3000,166000.0,2,,3000.0,100.0,new
SANGHVIMOV, EQ,2026-10-09,390.9,398.15,379.55,392.6,393.95,389.2,327756,127213000.00000001,16683,,141658.0,43.22,new
SANOFI, EQ,2026-10-09,2967.1,2992.1,2914.1,2945.4,2940.0,2979.7,12385,36502000.0,3162,,6364.0,51.38,new
SANOFICONR, EQ,2026-10-09,3600.5,3619.0,3540.0,3581.7,3600.0,3600.5,5792,20645000.0,1427,,2394.0,41.33,new
SANSERA, EQ,2026-10-09,4095.0,4190.0,4000.0,4124.7,4093.8,4129.4,263202,1080675000.0,44592,,118503.0,45.02,new
SANSTAR, EQ,2026-10-09,97.25,102.5,97.25,101.9,101.4,97.42,196520,19793000.0,3142,,84127.0,42.81,new
SANWARIA, BZ,2026-10-09,0.18,0.19,0.18,0.18,0.19,0.18,342280,64000.0,162,,,,new
SAPPHIRE, EQ,2026-10-09,204.5,208.91,203.0,207.08,208.0,205.11,690049,142269000.0,19903,,469642.0,68.06,new
SAPPL, EQ,2026-10-09,334.0,334.0,304.05,319.25,316.05,328.4,998,316000.0,70,,858.0,85.97,new
SARDAEN, EQ,2026-10-09,490.0,495.0,480.0,481.15,483.0,491.9,267382,130207000.0,11046,,114124.0,42.68,new
SAREGAMA, EQ,2026-10-09,482.95,490.65,481.55,485.6,485.8,481.85,184810,89718000.0,13615,,94494.0,51.13,new
SARLAPOLY, EQ,2026-10-09,94.11,97.0,93.91,96.89,96.94,93.69,48070,4622000.0,1129,,33764.0,70.24,new
SARTELE, SM,2026-10-09,88.9,91.7,87.45,89.35,89.8,87.45,49000,4362000.0,77,,30500.0,62.24,new
SARVESHWAR, EQ,2026-10-09,3.58,3.75,3.55,3.66,3.65,3.57,2194604,7997000.0,2436,,1442513.0,65.73,new
SASKEN, EQ,2026-10-09,1616.5,1616.5,1551.0,1566.1,1556.6,1598.1,18939,29945999.999999996,2833,,9138.0,48.25,new
SATECH, SM,2026-10-09,36.2,36.95,33.95,35.65,35.0,36.2,38000,1352000.0,24,,34000.0,89.47,new
SATIA, EQ,2026-10-09,67.65,68.44,67.5,68.06,68.0,67.64,61491,4175000.0,559,,44831.0,72.91,new
SATIN, EQ,2026-10-09,217.72,224.89,216.41,223.87,224.5,217.39,167402,37033000.0,3913,,69014.0,41.23,new
SATIPOLY, SM,2026-10-09,33.5,33.5,33.5,33.5,33.5,33.5,500,17000.0,1,,500.0,100.0,new
SATKARTAR, SM,2026-10-09,141.15,141.55,136.6,136.6,136.6,143.75,147200,20299000.0,151,,72000.0,48.91,new
SATTVAENGG, SM,2026-10-09,60.65,60.65,57.05,57.05,57.05,58.95,16000,924000.0,8,,11200.0,70.0,new
SAURASHCEM, EQ,2026-10-09,49.35,50.05,48.2,49.25,48.56,49.68,96274,4740000.0,1233,,68932.0,71.6,new
SAVY, SM,2026-10-09,131.0,135.25,130.1,135.25,135.25,129.6,4800,638000.0,4,,2400.0,50.0,new
SAWALIYA, SM,2026-10-09,194.0,194.0,188.25,189.05,188.25,193.1,4200,801000.0,7,,1800.0,42.86,new
SAYAJIIND, EQ,2026-10-09,115.98,118.5,115.0,115.0,115.0,115.41,998,117000.0,9,,816.0,81.76,new
SBC, EQ,2026-10-09,63.2,63.35,61.55,62.43,62.53,63.21,17654008,1103562000.0,16736,,9447831.0,53.52,new
SBCL, EQ,2026-10-09,1040.0,1060.0,1026.0,1041.6,1035.7,1050.6,116992,122320000.0,8707,,60495.0,51.71,new
SBFC, EQ,2026-10-09,81.28,84.73,81.25,84.4,84.21,81.28,1798045,150128000.0,14545,,749963.0,41.71,new
SBGLP, EQ,2026-10-09,22.49,22.94,22.05,22.2,22.3,22.5,38949,869999.9999999999,333,,30445.0,78.17,new
SBIBPB, EQ,2026-10-09,46.86,47.41,46.54,47.29,47.41,46.59,47375,2238000.0,251,,30328.0,64.02,new
SBICARD, EQ,2026-10-09,552.95,565.8,552.85,562.0,562.0,547.65,790400,443630000.0,31403,,281830.0,35.66,new
SBIETFCON, EQ,2026-10-09,112.67,113.15,111.92,112.54,112.95,111.17,3473,392000.0,61,,2249.0,64.76,new
SBIETFIT, EQ,2026-10-09,312.48,319.09,307.0,316.22,316.18,308.48,8660,2735000.0,217,,5950.0,68.71,new
SBIETFPB, EQ,2026-10-09,277.53,279.96,275.75,278.4,277.19,275.45,1254,349000.0,75,,1071.0,85.41,new
SBIETFQLTY, EQ,2026-10-09,204.96,207.23,204.09,206.77,206.78,204.35,3700,761000.0,357,,3421.0,92.46,new
SBIFUNDS, EQ,2026-10-09,499.95,503.15,494.0,500.0,500.0,499.95,1052906,524241000.0,43459,,649322.0,61.67,new
SBILIFE, EQ,2026-10-09,1677.7,1708.0,1672.4,1684.6,1684.6,1682.5,1204479,2038054000.0,49049,,676453.0,56.16,new
SBILIQETF, EQ,2026-10-09,1059.62,1059.64,1059.62,1059.62,1059.62,1059.18,120203,127370000.0,54,,84039.0,69.91,new
SBIMIDMOM, EQ,2026-10-09,60.1,60.95,59.6,60.72,60.88,60.02,12256,743000.0,126,,10078.0,82.23,new
SBIN, EQ,2026-10-09,942.0,959.9,938.1,959.1,959.1,940.0,6050801,5769707000.0,100732,,3025803.0,50.01,new
SBINEQWETF, EQ,2026-10-09,30.72,31.12,30.67,31.09,31.09,30.67,13167,408000.0,145,,10423.0,79.16,new
SBINMID150, EQ,2026-10-09,21.61,21.73,21.42,21.69,21.7,21.52,3753,81000.0,92,,3124.0,83.24,new
SBISILVER, EQ,2026-10-09,213.14,215.5,213.14,215.06,215.25,211.15,567807,121916000.00000001,5992,,262460.0,46.22,new
SBISMLETF, EQ,2026-10-09,17.64,17.97,17.38,17.61,17.64,17.56,48728,855000.0000000001,189,,21723.0,44.58,new
SBIVALETF, EQ,2026-10-09,13.39,13.83,13.39,13.68,13.66,13.6,32572,446000.0,74,,11324.0,34.77,new
SCANSTL, BE,2026-10-09,50.6,50.6,48.56,48.92,49.79,48.68,9167,455999.99999999994,66,,,,new
SCHAEFFLER, EQ,2026-10-09,3736.7,3756.0,3621.2,3667.6,3665.8,3736.7,61956,227403000.00000003,17118,,32132.0,51.86,new
SCHAND, EQ,2026-10-09,141.01,143.8,139.21,140.88,141.08,141.85,25930,3657000.0,1001,,18269.0,70.46,new
SCHNEIDER, EQ,2026-10-09,1192.6,1208.9,1154.9,1176.9,1177.0,1191.4,205311,241087000.0,18122,,95517.0,46.52,new
SCI, EQ,2026-10-09,279.85,281.3,274.65,277.25,277.35,280.75,1184879,329212000.0,22190,,276164.0,23.31,new
SCILAL, EQ,2026-10-09,36.98,37.4,36.7,37.03,37.18,36.95,128953,4771000.0,1155,,95291.0,73.9,new
SCML, SM,2026-10-09,100.0,102.0,100.0,101.0,102.0,101.95,27000,2702000.0,13,,27000.0,100.0,new
SCODATUBES, EQ,2026-10-09,120.99,121.2,118.11,120.24,120.0,119.69,132010,15761000.000000002,1938,,63541.0,48.13,new
SCPL, BE,2026-10-09,605.8,639.25,600.0,616.8,616.5,608.85,4871,3052000.0,208,,,,new
SDBL, EQ,2026-10-09,70.82,72.49,70.0,71.2,71.25,70.48,458328,32664999.999999996,5028,,163486.0,35.67,new
SDREAMS, SM,2026-10-09,81.05,81.05,81.05,81.05,81.05,83.5,1000,81000.0,1,,1000.0,100.0,new
SEAMECLTD, EQ,2026-10-09,1578.0,1590.9,1520.0,1571.2,1589.0,1572.7,68637,107223000.0,6275,,43153.0,62.87,new
SECLEDBETA, EQ,2026-10-09,13.97,13.97,13.65,13.8,13.81,14.12,9511,131000.0,76,,5933.0,62.38,new
SECMARK, EQ,2026-10-09,141.95,159.2,138.01,149.52,146.41,139.8,16554,2470000.0,396,,5484.0,33.13,new
SECURKLOUD, EQ,2026-10-09,15.45,15.45,14.91,15.12,15.19,15.17,39336,602000.0,214,,30174.0,76.71,new
SEDEMAC, EQ,2026-10-09,3246.2,3317.1,3210.2,3229.8,3241.0,3232.1,206643,676163000.0,27884,,116141.0,56.2,new
SEIL, EQ,2026-10-09,178.17,181.49,176.82,178.68,179.0,178.12,124912,22357000.0,1571,,69993.0,56.03,new
SEITINVIT, IV,2026-10-09,122.0,122.0,122.0,122.0,122.0,122.0,25000,3050000.0,1,,25000.0,100.0,new
SEJALLTD, EQ,2026-10-09,678.6,689.0,650.15,670.3,670.3,678.55,9204,6189000.0,528,,6902.0,74.99,new
SEKURITIND, EQ,2026-10-09,107.5,108.8,105.21,106.98,106.82,107.41,18684,2005000.0,564,,13145.0,70.35,new
SEL, SM,2026-10-09,320.0,320.0,320.0,320.0,320.0,320.0,600,192000.0,1,,600.0,100.0,new
SELECTIPO, EQ,2026-10-09,45.35,45.7,45.0,45.57,45.5,45.21,38512,1748000.0,95,,27089.0,70.34,new
SELLOWRAP, SM,2026-10-09,60.55,64.1,60.0,60.0,60.0,62.0,68800,4253000.0,23,,67200.0,97.67,new
SEMAC, EQ,2026-10-09,218.9,232.98,218.9,230.16,232.0,217.81,1206,272000.0,109,,1026.0,85.07,new
SENCO, EQ,2026-10-09,335.85,338.05,323.85,334.75,335.0,337.1,5075919,1680693999.9999998,80957,,750959.0,14.79,new
SENORES, EQ,2026-10-09,1328.8,1344.4,1306.3,1320.0,1318.0,1325.6,141415,186856000.0,15580,,56676.0,40.08,new
SENSEXADD, EQ,2026-10-09,74.01,75.3,74.01,75.01,75.3,74.01,1830,137000.0,50,,885.0,48.36,new
SENSEXAXIS, EQ,2026-10-09,74.33,75.56,74.33,75.2,75.56,74.33,6386,480000.0,48,,2448.0,38.33,new
SENSEXBETA, EQ,2026-10-09,796.0,811.79,793.34,800.77,800.0,793.67,1769,1417000.0,87,,1627.0,91.97,new
SENSEXETF, EQ,2026-10-09,73.9,75.1,72.44,75.01,74.98,73.92,42572,3181000.0,292,,25454.0,59.79,new
SENSEXIETF, EQ,2026-10-09,826.58,836.98,826.46,833.07,832.56,822.46,8733,7270000.0,373,,4249.0,48.65,new
SEPC, EQ,2026-10-09,4.96,5.47,4.86,5.28,5.32,4.93,77230352,408818000.0,304022,,15676469.0,20.3,new
SERVOTECH, EQ,2026-10-09,68.23,69.88,67.51,69.05,69.0,68.56,376203,25933000.0,4772,,109882.0,29.21,new
SESHAPAPER, EQ,2026-10-09,230.2,232.31,219.99,222.49,222.99,229.99,102155,22955000.0,1922,,61790.0,60.49,new
SETCO, BE,2026-10-09,18.64,18.64,17.51,17.86,17.85,18.11,23895,429000.0,178,,,,new
SETF10GILT, EQ,2026-10-09,261.0,261.0,258.95,260.8,260.8,260.51,483,126000.0,26,,465.0,96.27,new
SETFGOLD, EQ,2026-10-09,126.12,126.89,125.81,126.61,126.68,124.77,3098688,392120000.0,8814,,2336289.0,75.4,new
SETFNIF50, EQ,2026-10-09,239.71,243.49,239.05,243.23,243.37,239.71,529474,128344000.0,4161,,333039.0,62.9,new
SETFNIFBK, EQ,2026-10-09,562.0,569.6,562.0,568.75,568.5,559.43,108046,61278000.0,2148,,96271.0,89.1,new
SETFNN50, EQ,2026-10-09,729.0,734.49,723.22,731.64,734.15,728.39,26226,19136000.0,1300,,14507.0,55.32,new
SETL, EQ,2026-10-09,401.0,408.0,387.95,387.95,387.95,408.35,1281256,498939000.00000006,11066,,545168.0,42.55,new
SETUINFRA, BZ,2026-10-09,0.48,0.48,0.46,0.46,0.46,0.47,14767,7000.000000000001,24,,,,new
SEYAIND, BE,2026-10-09,12.87,12.87,12.5,12.5,12.5,12.75,4300,54000.0,23,,,,new
SFL, EQ,2026-10-09,606.0,613.1,595.5,603.65,607.5,606.05,94248,56836000.0,10042,,43059.0,45.69,new
SFML, SM,2026-10-09,19.0,19.0,19.0,19.0,19.0,20.4,1600,30000.0,1,,1600.0,100.0,new
SGBAPR28I, GB,2026-10-09,14852.0,14900.0,14750.0,14882.1,14897.0,14823.7,225,3340999.9999999995,57,,164.0,72.89,new
SGBAUG27, GB,2026-10-09,14799.0,14880.0,14721.0,14784.2,14721.0,14637.0,29,430000.0,20,,17.0,58.62,new
SGBAUG28V, GB,2026-10-09,14811.15,14870.0,14750.0,14773.35,14794.99,14770.5,1842,27283000.0,245,,1487.0,80.73,new
SGBAUG29V, GB,2026-10-09,14732.0,14900.0,14732.0,14860.18,14834.63,14701.22,32,474000.0,17,,25.0,78.13,new
SGBAUG30, GB,2026-10-09,14902.0,15050.0,14901.0,15021.25,15020.0,14850.0,173,2597000.0,37,,133.0,76.88,new
SGBD29VIII, GB,2026-10-09,14720.01,14999.0,14720.01,14998.0,14998.0,14718.87,218,3240999.9999999995,57,,161.0,73.85,new
SGBDC27VII, GB,2026-10-09,14749.99,14847.99,14749.99,14839.99,14839.99,14747.49,72,1065000.0,8,,69.0,95.83,new
SGBDE30III, GB,2026-10-09,15232.82,15232.82,14866.56,15119.97,15093.63,14861.29,120,1800000.0,53,,59.0,49.17,new
SGBDE31III, GB,2026-10-09,15112.0,15247.97,15055.0,15196.14,15151.2,15079.11,781,11844000.0,221,,601.0,76.95,new
SGBFEB27, GB,2026-10-09,14751.0,14751.0,14750.0,14750.0,14750.0,14650.0,13,192000.0,2,,13.0,100.0,new
SGBFEB28IX, GB,2026-10-09,14601.0,14733.3,14601.0,14733.3,14733.3,14555.0,19,280000.0,4,,18.0,94.74,new
SGBFEB29XI, GB,2026-10-09,14798.0,14899.0,14798.0,14800.0,14800.0,14660.19,58,860000.0,13,,51.0,87.93,new
SGBFEB32IV, GB,2026-10-09,14994.72,15571.63,14994.72,15471.24,15490.0,15379.21,1095,16948000.0,231,,812.0,74.16,new
SGBJ28VIII, GB,2026-10-09,14700.0,14900.0,14700.0,14750.0,14750.0,14623.34,17,250999.99999999997,3,,17.0,100.0,new
SGBJAN27, GB,2026-10-09,14711.0,14849.0,14706.0,14730.01,14730.01,14670.0,142,2092000.0000000002,11,,83.0,58.45,new
SGBJAN29IX, GB,2026-10-09,14676.0,14832.0,14676.0,14820.0,14820.0,14675.0,83,1227000.0,27,,63.0,75.9,new
SGBJAN29X, GB,2026-10-09,14710.01,14888.0,14651.0,14806.31,14806.0,14708.5,266,3939000.0,33,,171.0,64.29,new
SGBJAN30IX, GB,2026-10-09,14771.01,15020.91,14771.01,15020.15,15020.0,14713.99,151,2260000.0,30,,91.0,60.26,new
SGBJU29III, GB,2026-10-09,14740.0,14840.0,14740.0,14800.0,14800.0,14727.76,136,2016000.0,15,,118.0,86.76,new
SGBJUL27, GB,2026-10-09,14750.05,14820.0,14750.0,14818.18,14800.0,14650.0,24,355000.0,5,,13.0,54.17,new
SGBJUL28IV, GB,2026-10-09,14726.0,14885.0,14726.0,14764.67,14779.99,14625.4,266,3926000.0,65,,219.0,82.33,new
SGBJUL29IV, GB,2026-10-09,14794.22,14888.0,14793.02,14803.46,14820.0,14670.01,295,4376000.0,34,,291.0,98.64,new
SGBJUN27, GB,2026-10-09,14750.0,14750.0,14750.0,14750.0,14750.0,14685.0,37,546000.0,1,,37.0,100.0,new
SGBJUN28, GB,2026-10-09,14705.11,14800.0,14705.11,14775.74,14760.0,14698.24,191,2819000.0,58,,148.0,77.49,new
SGBJUN29II, GB,2026-10-09,14750.0,14900.0,14750.0,14800.0,14800.0,14672.57,37,548000.0,14,,28.0,75.68,new
SGBJUN30, GB,2026-10-09,14871.0,15075.0,14821.0,14920.37,14821.0,14832.25,161,2405000.0,50,,137.0,85.09,new
SGBJUN31I, GB,2026-10-09,15156.16,15177.0,15049.99,15153.45,15150.0,15106.09,675,10201000.0,139,,387.0,57.33,new
SGBMAR28X, GB,2026-10-09,14749.0,14800.0,14749.0,14783.1,14783.1,14648.5,88,1301000.0,22,,77.0,87.5,new
SGBMAR30X, GB,2026-10-09,14851.0,15000.0,14851.0,14978.57,15000.0,14810.0,77,1154000.0,24,,70.0,90.91,new
SGBMAR31IV, GB,2026-10-09,15117.98,15139.0,15030.49,15139.0,15139.0,14930.0,102,1539000.0,34,,63.0,61.76,new
SGBMAY28, GB,2026-10-09,14750.0,14851.01,14680.0,14800.98,14800.0,14678.62,281,4147999.9999999995,36,,225.0,80.07,new
SGBMAY29I, GB,2026-10-09,14750.0,14974.96,14750.0,14828.85,14805.0,14680.84,837,12431000.0,139,,629.0,75.15,new
SGBMR29XII, GB,2026-10-09,14652.0,14819.99,14652.0,14762.53,14760.0,14642.84,220,3247000.0,67,,128.0,58.18,new
SGBN28VIII, GB,2026-10-09,14777.0,14890.0,14777.0,14821.1,14821.1,14701.19,27,401000.0,9,,22.0,81.48,new
SGBNOV26, GB,2026-10-09,14700.01,14774.9,14700.01,14774.9,14774.9,14912.4,36,531000.0,3,,21.0,58.33,new
SGBNV29VII, GB,2026-10-09,14800.0,14900.01,14800.0,14900.0,14900.0,14703.61,301,4471000.0,36,,179.0,59.47,new
SGBOC28VII, GB,2026-10-09,14752.38,14850.0,14702.01,14845.9,14850.0,14752.38,30,445000.0,16,,25.0,83.33,new
SGBOCT26, GB,2026-10-09,14750.01,14900.0,14750.01,14900.0,14900.0,14700.0,80,1186000.0,3,,40.0,50.0,new
SGBOCT27, GB,2026-10-09,14701.0,14775.0,14701.0,14775.0,14775.0,14735.85,32,471000.0,7,,26.0,81.25,new
SGBOCT27VI, GB,2026-10-09,14750.0,14925.0,14750.0,14801.0,14801.0,14605.0,73,1085000.0,15,,46.0,63.01,new
SGBSEP27, GB,2026-10-09,14691.0,14874.98,14691.0,14837.49,14874.98,14699.98,125,1844000.0000000002,39,,65.0,52.0,new
SGBSEP28VI, GB,2026-10-09,14665.01,14834.2,14665.01,14762.41,14800.0,14625.12,108,1594000.0,45,,67.0,62.04,new
SGBSEP29VI, GB,2026-10-09,14761.0,14850.0,14761.0,14814.47,14792.86,14684.7,45,666000.0,24,,40.0,88.89,new
SGBSEP31II, GB,2026-10-09,15171.68,15179.99,15061.01,15101.28,15099.0,15021.47,1389,20994000.0,305,,830.0,59.76,new
SGFIN, EQ,2026-10-09,651.1,688.8,639.3,676.05,679.0,645.9,844383,565759000.0,19688,,462673.0,54.79,new
SGIL, EQ,2026-10-09,618.65,638.2,605.0,616.2,610.0,606.35,3629,2222000.0,413,,2000.0,55.11,new
SGL, EQ,2026-10-09,9.3,9.64,9.03,9.49,9.42,9.14,19327,183000.0,98,,13054.0,67.54,new
SGLRES, EQ,2026-10-09,2.27,2.48,2.24,2.42,2.43,2.26,78323,186000.0,186,,30902.0,39.45,new
SGMART, EQ,2026-10-09,744.0,779.85,736.0,775.6,775.0,743.45,305426,233525000.0,14785,,151835.0,49.71,new
SGRL, EQ,2026-10-09,719.85,719.85,671.35,678.65,683.95,706.25,18591,12849000.0,1266,,12824.0,68.98,new
SHADOWFAX, EQ,2026-10-09,288.0,301.25,286.15,294.85,295.9,286.1,5710244,1675218000.0,102812,,2661531.0,46.61,new
SHAH, EQ,2026-10-09,2.95,3.02,2.92,2.96,2.93,2.95,310751,924000.0,487,,220067.0,70.82,new
SHAHALLOYS, BE,2026-10-09,80.5,81.88,77.71,78.62,78.5,80.0,1595,126000.0,97,,,,new
SHAHINVEST, BE,2026-10-09,150.56,155.31,150.56,151.19,150.6,158.48,254452,38388000.0,2295,,,,new
SHAILY, EQ,2026-10-09,3063.0,3078.5,3011.0,3063.4,3060.0,3053.0,58708,178593000.0,9338,,20744.0,35.33,new
SHAKTIPUMP, EQ,2026-10-09,427.3,430.5,416.05,419.0,419.75,426.65,577981,242869000.0,32793,,242364.0,41.93,new
SHALBY, EQ,2026-10-09,131.0,132.89,129.9,131.84,132.0,130.42,51038,6691000.0,2295,,21607.0,42.34,new
SHALPAINTS, BE,2026-10-09,75.92,77.99,75.0,76.3,76.89,76.16,72649,5549000.0,352,,,,new
SHANKARA, EQ,2026-10-09,116.01,121.82,113.01,117.57,118.38,115.3,127411,14743000.0,2111,,77054.0,60.48,new
SHANKESH, EQ,2026-10-09,92.19,93.94,90.11,93.03,93.9,91.84,1980739,182146000.0,14819,,726201.0,36.66,new
SHANTHALA, SM,2026-10-09,14.0,14.0,13.8,13.8,13.8,14.2,4800,66000.0,4,,4800.0,100.0,new
SHANTI, EQ,2026-10-09,5.68,5.69,5.5,5.68,5.69,5.56,30037,169000.0,72,,21915.0,72.96,new
SHANTIGEAR, EQ,2026-10-09,557.0,566.8,532.15,562.4,557.0,557.0,72990,40371000.0,3662,,33234.0,45.53,new
SHANTIGOLD, EQ,2026-10-09,356.0,389.9,351.0,380.55,381.45,350.65,10493143,3941005000.0000005,159220,,1294584.0,12.34,new
SHANTIINOR, SM,2026-10-09,203.0,208.55,198.0,199.35,200.0,202.45,75200,15222000.0,46,,48000.0,63.83,new
SHARDACROP, EQ,2026-10-09,725.0,733.0,720.1,723.9,721.0,725.8,40201,29266000.000000004,5992,,18695.0,46.5,new
SHARDAMOTR, EQ,2026-10-09,888.85,894.15,869.1,872.3,873.75,884.4,48253,42510000.0,3832,,23590.0,48.89,new
SHARDUL, BE,2026-10-09,58.0,58.2,55.43,58.2,58.2,57.02,1988,113999.99999999999,69,,,,new
SHAREINDIA, EQ,2026-10-09,187.28,191.39,181.0,182.71,182.39,185.9,1540477,288087000.0,20282,,408512.0,26.52,new
SHARIABEES, EQ,2026-10-09,416.86,423.47,416.73,422.16,422.9,415.89,9293,3907000.0,295,,3830.0,41.21,new
SHBAJRG, EQ,2026-10-09,161.0,167.79,158.5,166.63,166.99,161.66,2770,455000.0,110,,2123.0,76.64,new
SHEEL, SM,2026-10-09,62.7,63.0,57.0,62.0,62.0,60.0,74000,4438000.0,25,,62000.0,83.78,new
SHEETAL, SM,2026-10-09,343.05,349.95,340.0,343.5,345.5,353.5,3500,1207000.0,7,,1000.0,28.57,new
SHEKHAWATI, BE,2026-10-09,23.31,23.31,23.31,23.31,23.31,24.53,20787,484999.99999999994,46,,,,new
SHEMAROO, EQ,2026-10-09,102.95,105.78,98.51,101.86,102.78,102.95,6223,631000.0,136,,4560.0,73.28,new
SHERA, SM,2026-10-09,195.85,196.5,195.0,195.0,195.0,194.65,58000,11319000.0,28,,54000.0,93.1,new
SHETHJI, SM,2026-10-09,185.0,185.0,184.5,185.0,185.0,183.5,7000,1293000.0,6,,6000.0,85.71,new
SHIGAN, SM,2026-10-09,63.0,64.1,63.0,64.1,64.1,63.0,3000,191000.0,2,,1500.0,50.0,new
SHILCTECH, EQ,2026-10-09,3947.0,3994.0,3902.2,3925.3,3920.5,3944.0,6613,26014000.0,1978,,3059.0,46.26,new
SHILGRAVQ, EQ,2026-10-09,144.0,147.0,140.9,142.42,142.0,141.99,2187,314000.0,48,,1888.0,86.33,new
SHILPAMED, EQ,2026-10-09,1025.4,1048.2,991.4,1021.7,1025.7,1025.3,397778,404668000.0,27604,,161598.0,40.63,new
SHINDL, EQ,2026-10-09,157.8,157.8,155.0,155.8,155.0,158.39,98028,15344000.0,738,,11809.0,12.05,new
SHIPROCKET, EQ,2026-10-09,129.9,133.11,126.69,130.18,130.0,129.1,2934274,382418000.0,33568,,582089.0,19.84,new
SHIVAAGRO, EQ,2026-10-09,39.2,40.0,38.5,40.0,40.0,39.03,687,27000.0,36,,664.0,96.65,new
SHIVACEM, EQ,2026-10-09,12.9,13.19,12.57,12.79,12.95,12.95,86117,1101000.0,370,,52125.0,60.53,new
SHIVALIK, EQ,2026-10-09,351.95,353.9,343.4,349.45,346.5,351.95,35157,12265000.0,2178,,17704.0,50.36,new
SHIVAMAUTO, EQ,2026-10-09,17.76,18.38,16.9,18.0,18.28,16.84,202603,3625000.0,993,,157780.0,77.88,new
SHIVAMILLS, EQ,2026-10-09,60.09,60.09,58.0,59.58,59.58,60.11,321,19000.0,18,,317.0,98.75,new
SHIVASHRIT, SM,2026-10-09,116.45,118.35,114.0,116.1,116.25,115.15,41000,4745000.0,39,,20000.0,48.78,new
SHIVATEX, EQ,2026-10-09,165.03,168.51,165.02,165.1,165.11,165.29,842,141000.0,29,,748.0,88.84,new
SHIVAUM, EQ,2026-10-09,551.5,555.0,551.5,552.75,555.0,551.5,1567,867000.0,119,,722.0,46.08,new
SHK, EQ,2026-10-09,135.11,139.0,135.11,136.61,136.3,136.13,182502,24980000.0,3914,,88114.0,48.28,new
SHKSIL, SM,2026-10-09,31.15,31.3,31.15,31.3,31.3,32.5,4000,125000.0,2,,2000.0,50.0,new
SHOPERSTOP, EQ,2026-10-09,381.0,392.45,377.1,385.1,383.0,384.7,19629,7502000.0,1750,,7381.0,37.6,new
SHRADDHA, EQ,2026-10-09,161.99,163.89,160.1,161.45,161.95,158.87,13979,2263000.0,287,,10897.0,77.95,new
SHRADHA, EQ,2026-10-09,30.59,30.59,29.1,29.53,29.51,30.03,2251,67000.0,73,,1943.0,86.32,new
SHREDIGCEM, EQ,2026-10-09,62.4,63.48,60.61,62.68,62.43,62.4,71101,4427000.0,1571,,35038.0,49.28,new
SHREECEM, EQ,2026-10-09,21610.0,22200.0,21560.0,22080.0,22080.0,21600.0,22022,483238000.0,8621,,11712.0,53.18,new
SHREEDHAR, ST,2026-10-09,162.0,162.0,162.0,162.0,162.0,160.0,2000,324000.0,1,,2000.0,100.0,new
SHREEJISPG, EQ,2026-10-09,810.0,812.0,804.15,811.8,812.0,800.75,1365619,1106039000.0,9139,,800818.0,58.64,new
SHREEKARNI, SM,2026-10-09,375.0,394.0,375.0,394.0,394.0,376.65,1800,692000.0,9,,1650.0,91.67,new
SHREEOSFM, SM,2026-10-09,56.85,56.95,56.85,56.95,56.95,56.35,2000,113999.99999999999,2,,2000.0,100.0,new
SHREEPUSHK, EQ,2026-10-09,484.1,497.25,482.6,491.0,490.1,488.2,52864,25842000.0,1777,,24838.0,46.98,new
SHREERAMA, EQ,2026-10-09,42.19,43.47,41.22,42.56,43.47,41.34,36494,1535000.0,787,,18405.0,50.43,new
SHREMINVIT, IV,2026-10-09,102.0,102.0,102.0,102.0,102.0,102.0,75000,7650000.0,3,,75000.0,100.0,new
SHRENIK, BZ,2026-10-09,0.27,0.28,0.26,0.26,0.27,0.27,1264936,336000.0,221,,,,new
SHREYANIND, EQ,2026-10-09,128.8,129.95,128.8,129.0,129.0,129.02,6617,853999.9999999999,46,,6258.0,94.57,new
SHRIAHIMSA, SM,2026-10-09,415.05,421.95,415.0,421.95,421.95,422.25,7800,3265000.0,13,,5400.0,69.23,new
SHRIKANHA, SM,2026-10-09,22.65,22.65,22.65,22.65,22.65,23.8,4800,109000.00000000001,3,,3200.0,66.67,new
SHRIKRISH, EQ,2026-10-09,34.82,35.0,32.75,32.75,32.75,35.0,465,15000.0,10,,233.0,50.11,new
SHRINGARMS, EQ,2026-10-09,219.01,222.83,216.51,221.13,220.9,218.59,514016,113374000.0,5412,,111382.0,21.67,new
SHRIPISTON, EQ,2026-10-09,4290.0,4317.8,4227.3,4284.5,4285.0,4270.4,60286,257428000.00000003,14923,,30576.0,50.72,new
SHRIRAMFIN, EQ,2026-10-09,923.85,944.9,921.1,940.45,940.45,917.25,4965497,4648127000.0,101685,,3075225.0,61.93,new
SHRIRAMPPS, EQ,2026-10-09,65.98,67.8,65.05,66.83,66.94,65.8,256825,16973000.0,2984,,135954.0,52.94,new
SHRJAGP, EQ,2026-10-09,643.95,650.0,639.0,648.9,642.0,650.5,321,206999.99999999997,28,,292.0,90.97,new
SHUBHLAXMI, SM,2026-10-09,17.0,17.0,17.0,17.0,17.0,17.05,1000,17000.0,1,,1000.0,100.0,new
SHUBHSHREE, SM,2026-10-09,330.0,330.0,330.0,330.0,330.0,340.0,2100,693000.0,7,,2100.0,100.0,new
SHUKRAPHAR, EQ,2026-10-09,67.7,69.45,66.74,66.94,66.99,66.78,4237781,286206000.0,15436,,1316089.0,31.06,new
SHYAMCENT, EQ,2026-10-09,4.8,5.0,4.8,4.86,4.9,4.92,57125,280000.0,151,,52278.0,91.52,new
SHYAMDHANI, SM,2026-10-09,50.45,52.3,50.45,52.0,52.0,51.95,10000,516000.0,5,,6000.0,60.0,new
SHYAMMETL, EQ,2026-10-09,1062.6,1072.0,1051.4,1060.1,1062.8,1066.8,160796,170734000.0,10895,,100727.0,62.64,new
SHYAMTEL, EQ,2026-10-09,11.0,11.24,10.28,10.64,11.18,11.14,3493,38000.0,24,,2453.0,70.23,new
SICAGEN, EQ,2026-10-09,50.6,51.55,47.9,50.45,51.25,49.82,6115,308000.0,96,,4599.0,75.21,new
SICALLOG, BE,2026-10-09,85.57,86.43,82.2,85.8,84.15,85.57,28637,2433000.0,170,,,,new
SIDDHICOTS, SM,2026-10-09,25.9,26.1,25.25,26.1,26.1,26.9,7200,185000.0,6,,4800.0,66.67,new
SIDDHIKA, SM,2026-10-09,202.0,204.05,202.0,204.05,204.05,201.0,3500,713000.0,2,,3500.0,100.0,new
SIEMENS, EQ,2026-10-09,3668.0,3668.0,3502.0,3595.0,3595.0,3639.0,353854,1266567000.0,29974,,92581.0,26.16,new
SIGACHI, EQ,2026-10-09,28.65,29.78,28.3,28.52,28.53,28.57,1020518,29148000.0,3156,,404270.0,39.61,new
SIGIND, BE,2026-10-09,56.31,61.06,55.31,61.05,61.06,58.16,14582,860000.0,151,,,,new
SIGMA, EQ,2026-10-09,45.44,46.0,43.52,44.17,44.01,44.48,72429,3202000.0000000005,1478,,36148.0,49.91,new
SIGMAADV, BE,2026-10-09,985.3,1035.0,985.3,1008.8,1030.0,1037.1,462853,461227000.00000006,10734,,,,new
SIGNATURE, EQ,2026-10-09,714.8,718.2,706.05,710.05,713.0,711.25,215154,153537000.0,5771,,27485.0,12.77,new
SIGNORIA, ST,2026-10-09,141.0,141.0,141.0,141.0,141.0,148.0,1000,141000.0,1,,1000.0,100.0,new
SIGNPOST, EQ,2026-10-09,262.9,264.45,254.6,260.3,259.5,260.75,21861,5660000.0,1169,,9885.0,45.22,new
SIKA, EQ,2026-10-09,1028.7,1041.3,1010.7,1020.4,1020.3,1028.7,14567,14894999.999999998,1390,,6931.0,47.58,new
SIKKO, BE,2026-10-09,6.0,6.04,5.73,5.99,5.98,6.01,441389,2582000.0,477,,,,new
SIL, EQ,2026-10-09,15.81,16.4,15.46,15.54,15.52,15.81,49013,771000.0,1217,,35270.0,71.96,new
SILGO, EQ,2026-10-09,69.75,70.99,69.44,70.42,70.5,69.75,54031,3786999.9999999995,595,,12421.0,22.99,new
SILINV, EQ,2026-10-09,460.05,473.8,454.55,469.45,472.0,462.1,3167,1484000.0,190,,2455.0,77.52,new
SILKFLEX, SM,2026-10-09,273.0,273.0,255.15,260.0,262.75,261.15,23000,6066000.0,21,,17000.0,73.91,new
SILKY, SM,2026-10-09,70.75,70.75,64.9,67.1,65.1,67.85,8000,539000.0,10,,4800.0,60.0,new
SILVER, EQ,2026-10-09,217.5,219.49,217.5,218.97,218.97,215.21,630552,137898000.0,5492,,234431.0,37.18,new
SILVER001, EQ,2026-10-09,22.02,22.21,22.02,22.2,22.2,21.8,9055,200000.0,46,,7170.0,79.18,new
SILVER1, EQ,2026-10-09,21.1,21.33,21.1,21.24,21.27,20.89,5970219,126820000.0,3578,,2722673.0,45.6,new
SILVER360, EQ,2026-10-09,215.33,216.12,214.66,215.52,216.1,212.39,9599,2068000.0,257,,4648.0,48.42,new
SILVERADD, EQ,2026-10-09,21.12,21.19,21.02,21.12,21.13,20.74,3505037,73957000.0,4585,,2001374.0,57.1,new
SILVERAG, EQ,2026-10-09,212.25,214.1,212.25,213.56,213.89,209.82,223235,47663000.0,1874,,114069.0,51.1,new
SILVERAXIS, EQ,2026-10-09,216.15,218.61,216.15,217.9,218.0,214.62,113447,24715000.0,1318,,72998.0,64.35,new
SILVERBEES, EQ,2026-10-09,208.12,210.2,208.12,209.68,209.8,205.87,14496035,3035921000.0,46139,,7311466.0,50.44,new
SILVERBETA, EQ,2026-10-09,210.9,212.25,210.59,211.7,211.9,207.81,217578,46014000.0,2638,,131667.0,60.51,new
SILVERBND, EQ,2026-10-09,219.02,220.96,218.72,219.92,219.43,215.97,11772,2592000.0,84,,9779.0,83.07,new
SILVERCASE, EQ,2026-10-09,22.01,22.25,22.01,22.18,22.21,21.81,3762734,83443000.0,4557,,1629538.0,43.31,new
SILVERIETF, EQ,2026-10-09,217.31,219.36,217.31,218.78,218.9,214.97,3099986,677695000.0,15015,,2056380.0,66.34,new
SILVERTUC, EQ,2026-10-09,127.0,142.17,127.0,131.18,132.0,125.98,1137975,153065000.0,20595,,262555.0,23.07,new
SIMBHALS, BZ,2026-10-09,8.55,8.55,7.75,8.02,7.95,8.15,74465,608000.0,178,,,,new
SIMCA, ST,2026-10-09,354.9,354.9,354.9,354.9,354.9,338.0,12600,4472000.0,15,,12600.0,100.0,new
SIMPLEXINF, EQ,2026-10-09,241.25,252.18,241.25,246.13,245.0,243.35,79056,19479000.0,1898,,38153.0,48.26,new
SIMPLXREA, EQ,2026-10-09,131.67,131.67,131.0,131.65,131.65,125.4,234,31000.0,9,,234.0,100.0,new
SINCLAIR, EQ,2026-10-09,74.5,74.99,73.6,74.46,74.54,74.83,9699,723000.0,168,,8118.0,83.7,new
SINDHUTRAD, EQ,2026-10-09,20.9,21.59,20.61,20.86,20.81,21.01,221223,4655000.0,786,,116987.0,52.88,new
SINGERIND, EQ,2026-10-09,76.3,77.69,75.1,75.19,75.15,75.8,75664,5765000.0,2400,,29298.0,38.72,new
SINTERCOM, EQ,2026-10-09,77.0,77.0,73.03,74.87,74.9,73.41,719,54000.0,47,,492.0,68.43,new
SIRCA, EQ,2026-10-09,402.25,405.0,398.9,402.7,403.95,402.2,66070,26591000.000000004,1580,,27525.0,41.66,new
SIS, EQ,2026-10-09,410.0,418.0,409.1,416.3,413.5,411.4,89348,37196000.0,4413,,49658.0,55.58,new
SITINET, BZ,2026-10-09,0.23,0.24,0.22,0.23,0.24,0.23,775648,183000.0,294,,,,new
SIYSIL, EQ,2026-10-09,544.0,558.0,536.2,539.65,536.2,542.55,14353,7789000.0,1844,,7444.0,51.86,new
SJLOGISTIC, SM,2026-10-09,302.0,313.55,296.5,309.0,313.35,300.35,19500,5970000.0,57,,17250.0,88.46,new
SJS, EQ,2026-10-09,1972.0,2010.7,1918.0,1994.8,1995.0,1980.3,210176,413539000.00000006,26013,,112503.0,53.53,new
SJVN, EQ,2026-10-09,54.22,55.7,53.66,55.27,55.57,54.24,4370936,239088000.0,37552,,1921456.0,43.96,new
SKFINDIA, EQ,2026-10-09,1419.2,1419.2,1393.2,1398.8,1397.8,1407.7,32285,45321000.0,6533,,18368.0,56.89,new
SKFINDUS, EQ,2026-10-09,2610.0,2683.8,2580.0,2655.9,2660.0,2622.6,25704,68115000.0,6114,,14310.0,55.67,new
SKIPPER, EQ,2026-10-09,517.5,536.15,512.0,530.25,531.5,517.5,738256,388182000.0,25341,,353974.0,47.95,new
SKMEGGPROD, EQ,2026-10-09,207.14,210.24,204.12,206.97,208.0,207.1,102032,21109000.0,3041,,50211.0,49.21,new
SKP, SM,2026-10-09,166.0,170.0,165.2,165.2,165.2,166.65,23000,3836999.9999999995,33,,2500.0,10.87,new
SKYGOLD, EQ,2026-10-09,888.0,936.0,868.1,921.0,918.0,884.5,2291187,2081850000.0,88128,,827582.0,36.12,new
SKYTECH, SM,2026-10-09,34.45,34.45,34.45,34.45,34.45,36.25,4800,165000.0,3,,4800.0,100.0,new
SKYWAYS, EQ,2026-10-09,111.9,112.9,108.98,109.47,109.4,111.14,1237806,136335000.0,17091,,362781.0,29.31,new
SLONE, SM,2026-10-09,140.0,147.15,129.55,132.1,138.95,141.85,12400,1722000.0,26,,9600.0,77.42,new
SMALL250, EQ,2026-10-09,17.97,18.0,17.42,17.62,17.65,17.54,486031,8559000.0,641,,275502.0,56.68,new
SMALLADD, EQ,2026-10-09,17.59,18.35,17.5,17.9,17.95,17.59,48092,856000.0,224,,42277.0,87.91,new
SMALLCAP, EQ,2026-10-09,47.59,47.59,46.76,47.26,47.25,47.21,824153,38929000.0,2887,,442197.0,53.65,new
SMALLGROWW, EQ,2026-10-09,48.17,48.17,46.95,47.54,47.94,48.2,6354,300000.0,104,,4361.0,68.63,new
SMALLIETF, EQ,2026-10-09,17.67,18.08,17.4,17.76,17.69,17.56,36687,646000.0,137,,17926.0,48.86,new
SMARTEN, SM,2026-10-09,55.3,55.3,52.0,53.85,52.9,54.8,34800,1848000.0,28,,26400.0,75.86,new
SMARTLINK, BE,2026-10-09,226.79,226.95,224.0,226.93,226.94,217.11,3674,827999.9999999999,55,,,,new
SMARTWORKS, EQ,2026-10-09,490.0,490.0,473.0,474.3,473.0,482.35,65158,31189000.0,2773,,38892.0,59.69,new
SMCGLOBAL, EQ,2026-10-09,107.83,124.0,106.9,115.95,116.0,107.83,82142124,9746469000.0,480704,,4141955.0,5.04,new
SML100CASE, EQ,2026-10-09,11.03,11.03,10.71,10.88,10.92,10.81,1093322,11865000.0,1297,,579739.0,53.03,new
SMLMAH, EQ,2026-10-09,5960.0,6026.0,5775.0,5811.5,5820.0,5850.5,46289,273146000.0,10590,,16460.0,35.56,new
SMLT, EQ,2026-10-09,77.79,80.75,75.0,77.36,76.27,76.26,85832,6727000.0,691,,48294.0,56.27,new
SMSPHARMA, EQ,2026-10-09,448.05,452.1,435.55,444.65,445.0,446.75,296160,131720000.0,10393,,136176.0,45.98,new
SNEHAA, SM,2026-10-09,44.0,44.0,44.0,44.0,44.0,43.45,9000,396000.0,1,,9000.0,100.0,new
SNOWMAN, EQ,2026-10-09,34.99,34.99,33.77,34.16,34.07,34.35,70296,2407000.0,891,,34964.0,49.74,new
SNXT30BEES, EQ,2026-10-09,39.07,39.52,38.88,39.52,39.52,38.88,4507,177000.0,37,,2363.0,52.43,new
SNXT50BETA, EQ,2026-10-09,87.8,88.9,87.8,88.49,88.0,87.67,1853,164000.0,63,,1419.0,76.58,new
SOBHA, EQ,2026-10-09,1197.0,1207.5,1154.1,1161.7,1155.2,1183.9,177353,207455000.00000003,11544,,117388.0,66.19,new
SOCL, SM,2026-10-09,28.0,28.0,26.85,27.5,27.5,28.2,20800,567000.0,13,,14400.0,69.23,new
SOFTTECH, EQ,2026-10-09,452.2,457.8,443.0,448.3,449.6,450.8,9244,4172000.0,417,,7509.0,81.23,new
SOLARA, EQ,2026-10-09,654.0,666.25,640.1,644.35,649.0,654.9,199638,130056000.0,11275,,80413.0,40.28,new
SOLARINDS, EQ,2026-10-09,19890.0,20060.0,19787.0,20000.0,20000.0,19870.0,93913,1872591000.0,28103,,36594.0,38.97,new
SOLARWORLD, EQ,2026-10-09,125.72,130.0,125.0,129.06,129.99,124.91,154935,19889000.0,2982,,59115.0,38.15,new
SOLEX, EQ,2026-10-09,654.0,654.25,638.2,643.65,641.25,653.15,29893,19275000.0,2945,,10758.0,35.99,new
SOMANYCERA, EQ,2026-10-09,596.05,605.95,578.3,591.45,595.0,600.6,71425,42070000.0,6272,,37557.0,52.58,new
SOMATEX, EQ,2026-10-09,74.25,78.9,74.25,75.55,75.5,76.71,3551,269000.0,88,,3169.0,89.24,new
SOMICONVEY, EQ,2026-10-09,84.0,84.0,81.91,82.42,81.91,82.84,3867,319000.0,155,,2933.0,75.85,new
SONA, EQ,2026-10-09,99.76,102.0,95.41,97.88,98.1,99.77,151326,14841999.999999998,1133,,86867.0,57.4,new
SONACOMS, EQ,2026-10-09,792.8,795.25,774.5,783.3,783.3,793.0,2197655,1719593000.0,57460,,1019226.0,46.38,new
SONAL, EQ,2026-10-09,80.0,85.0,77.0,81.49,83.0,85.0,163,13000.0,17,,157.0,96.32,new
SONAMAC, SM,2026-10-09,29.85,31.45,29.8,31.45,31.45,30.2,3000,91000.0,3,,2000.0,66.67,new
SONAMLTD, BE,2026-10-09,70.0,70.98,69.25,70.97,70.98,69.97,39594,2791000.0,222,,,,new
SONATSOFTW, EQ,2026-10-09,241.1,253.2,238.0,239.15,239.0,240.9,2319197,567485000.0,60117,,514129.0,22.17,new
SOTL, EQ,2026-10-09,771.65,774.7,755.45,764.8,766.0,764.2,189615,145112000.0,12542,,87576.0,46.19,new
SOUTHBANK, EQ,2026-10-09,46.15,48.24,46.15,47.91,48.05,46.39,12917963,612725000.0,34205,,5751876.0,44.53,new
SOUTHWEST, EQ,2026-10-09,186.05,193.49,186.05,189.24,186.35,187.46,39193,7401000.000000001,1504,,18677.0,47.65,new
SPAL, EQ,2026-10-09,927.0,932.1,905.0,913.6,910.3,922.8,27703,25306000.0,2641,,13651.0,49.28,new
SPANDANA, EQ,2026-10-09,210.5,215.3,209.18,211.08,209.82,209.1,66403,14027000.000000002,2963,,25638.0,38.61,new
SPARC, EQ,2026-10-09,188.75,192.06,184.05,185.6,186.9,187.74,828265,154733000.0,24013,,314680.0,37.99,new
SPCENET, EQ,2026-10-09,3.27,3.31,3.21,3.28,3.29,3.27,128235,420000.0,303,,100171.0,78.12,new
SPCL, SM,2026-10-09,60.0,65.65,60.0,63.7,63.1,60.15,25800,1655000.0,36,,19200.0,74.42,new
SPCON, SM,2026-10-09,190.0,202.0,190.0,201.5,202.0,190.0,4800,947000.0000000001,4,,3600.0,75.0,new
SPECIALITY, BE,2026-10-09,147.1,148.0,144.2,145.2,147.5,146.68,4355,636000.0,81,,,,new
SPECTRAA, SM,2026-10-09,282.8,282.8,250.0,261.85,260.0,266.75,182400,47549000.0,147,,96000.0,52.63,new
SPECTRUM, BE,2026-10-09,3787.0,3787.0,3625.0,3777.0,3779.0,3810.6,5761,21265000.0,864,,,,new
SPECTSTM, SM,2026-10-09,60.5,61.7,60.5,61.05,61.1,60.5,5600,342000.0,7,,4000.0,71.43,new
SPENCERS, EQ,2026-10-09,27.3,27.62,27.3,27.45,27.39,27.11,17701,486000.00000000006,155,,13177.0,74.44,new
SPIC, EQ,2026-10-09,62.13,62.13,60.6,61.15,61.13,61.77,219823,13463999.999999998,3554,,106026.0,48.23,new
SPLIL, EQ,2026-10-09,30.0,30.0,29.1,29.29,29.79,30.0,2832,83000.0,52,,1657.0,58.51,new
SPLPETRO, EQ,2026-10-09,784.0,795.95,775.25,788.55,790.0,783.65,129656,102065000.0,7655,,72212.0,55.7,new
SPMLINFRA, EQ,2026-10-09,156.16,156.16,150.0,152.18,151.75,153.72,237139,36158000.0,3484,,96598.0,40.73,new
SPORTKING, EQ,2026-10-09,198.75,198.75,194.22,196.45,196.53,196.39,152233,29789999.999999996,5595,,86106.0,56.56,new
SPPPOLY, SM,2026-10-09,11.55,11.8,11.55,11.8,11.8,11.25,6000,70000.0,3,,6000.0,100.0,new
SPUNWEB, SM,2026-10-09,125.2,127.0,121.1,124.15,124.75,124.85,36000,4502000.0,23,,24000.0,66.67,new
SRD, EQ,2026-10-09,37.99,38.9,36.44,36.8,36.5,37.21,47358,1771000.0,248,,41067.0,86.72,new
SREEL, BE,2026-10-09,288.9,288.9,270.65,276.15,281.8,278.2,3168,875000.0,135,,,,new
SRF, EQ,2026-10-09,2490.6,2522.5,2473.8,2519.5,2519.5,2485.2,171915,430378000.0,19128,,85535.0,49.75,new
SRGHFL, EQ,2026-10-09,119.77,121.3,114.93,115.81,116.4,120.97,57060,6586000.0,337,,51500.0,90.26,new
SRHHYPOLTD, EQ,2026-10-09,532.0,547.95,519.2,533.85,535.0,534.75,13993,7438000.0,1201,,6033.0,43.11,new
SRIKPRIND, BE,2026-10-09,24.85,25.9,23.51,23.82,23.82,24.7,2263,56000.00000000001,99,,,,new
SRIT, BE,2026-10-09,132.99,132.99,132.99,132.99,132.99,139.98,100645,13385000.0,1352,,,,new
SRIVASAVI, ST,2026-10-09,86.5,91.2,86.5,91.0,91.0,86.9,38000,3440000.0,31,,33000.0,86.84,new
SRM, EQ,2026-10-09,409.6,412.95,401.05,408.35,407.0,406.3,16780,6818000.000000001,1052,,7817.0,46.59,new
SRTL, EQ,2026-10-09,37.3,37.3,36.15,36.2,36.25,36.8,14079,513000.0,277,,11832.0,84.04,new
SSDL, EQ,2026-10-09,65.85,68.87,65.28,66.89,67.2,65.01,59551,3997999.9999999995,2405,,26763.0,44.94,new
SSEGL, SM,2026-10-09,376.15,381.9,375.0,376.2,375.65,374.9,27600,10419000.0,71,,20600.0,74.64,new
SSFL, ST,2026-10-09,298.5,298.5,286.0,286.65,286.0,298.5,4500,1320000.0,8,,3500.0,77.78,new
SSRETAIL, EQ,2026-10-09,684.75,713.95,684.75,705.85,702.0,681.45,3528828,2471432000.0,97552,,356767.0,10.11,new
SSWL, EQ,2026-10-09,410.0,416.9,404.0,406.8,406.5,410.5,617552,252867000.0,27587,,205775.0,33.32,new
STALLION, BE,2026-10-09,220.0,223.85,212.8,214.43,214.0,219.62,437748,94412000.0,15135,,,,new
STANLEY, EQ,2026-10-09,126.5,129.19,126.0,128.34,127.1,127.29,49956,6383000.0,1372,,24400.0,48.84,new
STAR, EQ,2026-10-09,1095.0,1102.2,1072.0,1085.3,1080.0,1095.3,189136,205563000.0,17955,,81703.0,43.2,new
STARCEMENT, EQ,2026-10-09,170.0,172.39,166.5,168.46,168.4,169.65,120075,20257000.0,3970,,59940.0,49.92,new
STARHEALTH, EQ,2026-10-09,545.5,553.95,542.6,552.1,553.1,545.5,209111,114851000.0,16356,,97177.0,46.47,new
STARPAPER, EQ,2026-10-09,148.0,151.99,146.01,147.49,147.51,149.08,3390,500000.0,161,,2318.0,68.38,new
STARTECK, EQ,2026-10-09,276.95,276.95,253.15,257.75,259.2,264.25,1069,279000.0,98,,642.0,60.06,new
STCINDIA, EQ,2026-10-09,102.3,106.38,100.55,102.24,102.53,102.08,31542,3242000.0,921,,10867.0,34.45,new
STEAMHOUSE, EQ,2026-10-09,121.99,133.33,120.99,127.9,128.39,121.21,20550747,2686630000.0,92241,,4306869.0,20.96,new
STEELCAS, EQ,2026-10-09,364.9,364.9,350.65,356.5,353.5,360.25,63799,22746000.0,3740,,28549.0,44.75,new
STEELCITY, EQ,2026-10-09,79.5,81.58,79.5,81.42,81.5,79.97,3046,247000.00000000003,57,,2697.0,88.54,new
STEELXIND, EQ,2026-10-09,10.25,10.44,10.04,10.37,10.36,10.32,5260411,54082000.00000001,3818,,2222403.0,42.25,new
STEL, EQ,2026-10-09,561.0,566.5,536.9,545.25,543.3,567.75,6421,3524000.0,577,,3257.0,50.72,new
STERTOOLS, EQ,2026-10-09,229.01,238.95,222.01,225.24,224.99,231.69,54304,12636000.0,1425,,27595.0,50.82,new
STLNETWORK, EQ,2026-10-09,47.82,48.75,45.82,46.35,46.45,48.07,6627588,311413000.0,16117,,2259773.0,34.1,new
STLSTRINF, BE,2026-10-09,22.0,22.0,20.9,22.0,22.0,22.0,1454,31000.0,24,,,,new
STLTECH, BE,2026-10-09,993.0,1037.0,975.0,1015.2,1009.0,1011.55,1326359,1326078000.0,51437,,,,new
STOVEKRAFT, EQ,2026-10-09,803.15,817.85,794.0,802.1,802.0,803.1,79858,64520000.00000001,6282,,28493.0,35.68,new
STRIDERS, SM,2026-10-09,50.0,51.0,50.0,50.0,50.0,50.0,20800,1043000.0,4,,20800.0,100.0,new
STUDDS, EQ,2026-10-09,414.0,466.55,410.0,414.5,415.0,416.0,3768699,1665054000.0,94906,,261478.0,6.94,new
STUDIOLSD, SM,2026-10-09,8.6,8.6,8.6,8.6,8.6,8.6,2000,17000.0,1,,2000.0,100.0,new
STYL, EQ,2026-10-09,359.6,360.75,345.3,349.05,348.2,354.25,50151,17610000.0,2579,,24705.0,49.26,new
STYLAMIND, EQ,2026-10-09,3240.0,3330.3,3203.0,3271.0,3278.0,3243.8,22030,72108000.0,5890,,8852.0,40.18,new
STYLEBAAZA, EQ,2026-10-09,374.35,383.1,366.15,376.05,378.0,372.35,469417,176479000.0,9260,,223116.0,47.53,new
STYRENIX, EQ,2026-10-09,1989.0,2029.5,1980.0,1999.2,2004.0,1990.5,21450,43008000.0,4215,,11698.0,54.54,new
SUBAHOTELS, SM,2026-10-09,88.6,91.0,86.0,90.65,91.0,90.1,42000,3702000.0000000005,33,,22800.0,54.29,new
SUBEXLTD, EQ,2026-10-09,18.42,19.7,18.03,19.18,19.31,18.41,17374996,331717000.0,82761,,2981141.0,17.16,new
SUBROS, EQ,2026-10-09,667.5,682.4,656.0,676.75,679.0,664.5,33572,22447000.0,3324,,17260.0,51.41,new
SUDARCOLOR, EQ,2026-10-09,351.6,360.1,346.0,350.4,349.0,351.9,5949,2107000.0,433,,4290.0,72.11,new
SUDARSCHEM, EQ,2026-10-09,1184.0,1194.0,1145.9,1166.8,1169.0,1176.8,127952,149254000.0,11637,,54877.0,42.89,new
SUDEEPPHRM, EQ,2026-10-09,1110.0,1117.2,1035.8,1050.3,1055.0,1114.9,543547,573122000.0,48008,,249212.0,45.85,new
SUKHJITS, EQ,2026-10-09,146.67,149.35,144.0,145.63,145.0,146.67,8717,1272000.0,463,,5802.0,66.56,new
SULA, EQ,2026-10-09,132.0,132.4,130.01,130.96,130.5,130.58,126966,16658000.000000002,3337,,47949.0,37.77,new
SUMAX, SM,2026-10-09,96.8,103.35,96.8,100.1,100.05,98.85,31200,3114000.0,24,,21600.0,69.23,new
SUMEDHA, EQ,2026-10-09,41.0,41.0,40.0,40.07,40.0,41.95,1206,49000.0,16,,1180.0,97.84,new
SUMEETINDS, EQ,2026-10-09,11.23,11.85,11.01,11.74,11.68,11.4,1038955,11874000.0,1674,,678964.0,65.35,new
SUMICHEM, EQ,2026-10-09,415.0,422.05,410.3,417.3,419.6,411.4,169451,70518000.0,11144,,80385.0,47.44,new
SUMIT, EQ,2026-10-09,48.0,49.0,46.85,47.58,47.65,45.92,8440,401999.99999999994,111,,7113.0,84.28,new
SUMMITSEC, EQ,2026-10-09,1325.0,1339.9,1301.0,1330.8,1334.0,1305.0,2403,3195000.0,307,,1789.0,74.45,new
SUNCLAY, EQ,2026-10-09,1124.7,1285.0,1087.0,1224.4,1235.0,1100.8,249860,310366000.0,18212,,21353.0,8.55,new
SUNDARAM, EQ,2026-10-09,1.07,1.07,1.01,1.03,1.03,1.05,616218,641000.0,449,,499038.0,80.98,new
SUNDARMFIN, EQ,2026-10-09,4144.3,4159.3,4095.3,4113.6,4139.0,4110.6,40316,166302000.0,8867,,21754.0,53.96,new
SUNDRMBRAK, EQ,2026-10-09,652.4,680.0,652.4,669.25,679.75,669.7,1717,1148000.0,103,,1493.0,86.95,new
SUNDRMFAST, EQ,2026-10-09,1115.0,1139.0,1103.9,1127.8,1121.0,1108.3,89346,100460000.0,11286,,48746.0,54.56,new
SUNDROP, EQ,2026-10-09,742.95,751.4,677.4,682.1,684.0,743.55,191622,133934999.99999999,7318,,110736.0,57.79,new
SUNFLAG, EQ,2026-10-09,450.25,457.15,436.2,439.8,437.0,450.7,276426,123624000.0,8805,,117273.0,42.42,new
SUNLITE, SM,2026-10-09,630.1,655.0,630.1,642.1,644.0,635.5,10200,6567000.0,32,,7800.0,76.47,new
SUNLOC, EQ,2026-10-09,70.51,70.86,66.0,66.0,66.0,72.5,114,8000.0,5,,103.0,90.35,new
SUNPHARMA, EQ,2026-10-09,1756.2,1776.8,1751.0,1760.0,1760.0,1759.8,1346107,2375818000.0,57377,,825801.0,61.35,new
SUNRAKSHAK, EQ,2026-10-09,359.8,361.9,354.0,360.4,359.4,353.8,12492,4497000.0,94,,12371.0,99.03,new
SUNSHIEL, EQ,2026-10-09,1055.5,1080.0,1050.0,1073.6,1077.0,1048.3,440,469000.00000000006,112,,296.0,67.27,new
SUNSHINE, EQ,2026-10-09,436.3,446.45,426.95,440.2,441.75,432.8,126656,55339000.0,4281,,48987.0,38.68,new
SUNTECH, SM,2026-10-09,37.2,38.45,37.0,38.45,38.45,36.5,4800,180000.0,3,,1600.0,33.33,new
SUNTECK, EQ,2026-10-09,272.85,274.35,266.1,271.15,270.6,271.6,79246,21479000.0,3224,,40037.0,50.52,new
SUNTV, EQ,2026-10-09,613.0,639.95,608.6,635.9,635.0,614.2,1787414,1129748000.0,48289,,469371.0,26.26,new
SUPERHOUSE, EQ,2026-10-09,150.1,155.0,150.1,153.08,153.0,152.11,3957,606000.0,144,,2937.0,74.22,new
SUPERSPIN, BE,2026-10-09,6.87,6.97,6.7,6.8,6.8,6.87,11907,80000.0,33,,,,new
SUPRAJIT, EQ,2026-10-09,466.1,466.2,452.4,457.65,457.05,470.85,103712,47490000.0,8038,,47272.0,45.58,new
SUPREME, EQ,2026-10-09,30.0,30.0,29.12,29.63,29.66,29.96,4084,121000.0,70,,2597.0,63.59,new
SUPREMEENG, BZ,2026-10-09,4.65,4.65,4.65,4.65,4.65,4.56,91528,426000.0,83,,,,new
SUPREMEIND, EQ,2026-10-09,3464.7,3504.6,3414.1,3474.8,3474.8,3462.0,178497,616483000.0,14862,,99728.0,55.87,new
SUPREMEINF, EQ,2026-10-09,51.5,52.67,45.29,51.14,52.0,49.92,477457,23668000.0,4657,,342163.0,71.66,new
SUPREMEPWR, SM,2026-10-09,259.5,277.8,258.0,273.95,275.0,252.6,232000,62710000.0,411,,146500.0,63.15,new
SUPRIYA, EQ,2026-10-09,864.3,872.3,840.1,847.65,850.95,861.35,137536,117208999.99999999,12962,,58540.0,42.56,new
SUPTANERY, BE,2026-10-09,8.92,9.25,8.45,8.52,8.6,8.89,125133,1066000.0,481,,,,new
SURAJEST, EQ,2026-10-09,197.0,204.33,195.15,202.34,204.0,196.86,65341,13028000.0,1340,,38327.0,58.66,new
SURAJLTD, EQ,2026-10-09,184.01,205.0,184.01,203.68,205.0,184.57,5819,1140000.0,202,,4709.0,80.92,new
SURAKSHA, EQ,2026-10-09,311.45,333.0,303.85,316.25,327.0,309.4,28941,9072000.0,1807,,12868.0,44.46,new
SURANASOL, EQ,2026-10-09,23.95,23.96,23.3,23.41,23.4,23.73,14383,340000.0,303,,8600.0,59.79,new
SURANAT&P, EQ,2026-10-09,15.68,15.98,15.17,15.54,15.51,15.61,21260,332000.0,250,,15780.0,74.22,new
SURANI, SM,2026-10-09,163.5,165.85,151.5,160.05,160.0,161.9,23400,3757000.0,78,,18200.0,77.78,new
SURYALA, EQ,2026-10-09,376.25,394.9,376.25,378.95,380.0,376.35,411,156000.0,10,,406.0,98.78,new
SURYALAXMI, EQ,2026-10-09,55.61,57.0,55.32,55.5,55.72,55.6,2124,118000.0,42,,1416.0,66.67,new
SURYAROSNI, EQ,2026-10-09,213.3,214.1,207.21,208.33,208.0,213.0,262056,54951000.0,11330,,131765.0,50.28,new
SURYODAY, EQ,2026-10-09,149.0,153.15,147.0,147.93,147.7,149.05,275822,41120000.0,4934,,122513.0,44.42,new
SUTLEJTEX, EQ,2026-10-09,35.99,36.52,34.12,34.23,34.26,35.25,356934,12293000.0,832,,347998.0,97.5,new
SUVEN, EQ,2026-10-09,288.9,290.65,280.7,282.75,283.95,288.9,583282,165687000.0,17376,,272039.0,46.64,new
SUVIDHAA, EQ,2026-10-09,2.07,2.15,2.02,2.11,2.14,2.07,68041,143000.0,187,,54158.0,79.6,new
SUYOG, EQ,2026-10-09,651.35,661.95,638.05,645.05,642.5,643.3,12824,8313000.0,1128,,6797.0,53.0,new
SUZLON, EQ,2026-10-09,36.63,37.74,36.31,37.6,37.6,36.43,57534896,2137091000.0,86043,,15891698.0,27.62,new
SVGLOBAL, EQ,2026-10-09,134.0,137.99,132.31,135.98,136.0,136.06,606,82000.0,17,,303.0,50.0,new
SVLL, EQ,2026-10-09,799.3,833.3,787.3,795.9,801.1,801.3,5932,4747000.0,80,,5566.0,93.83,new
SVPGLOB, EQ,2026-10-09,3.13,3.44,2.9,3.44,3.44,3.13,337131,1103000.0,378,,145566.0,43.18,new
SWANCORP, EQ,2026-10-09,260.0,265.35,255.0,261.5,261.5,260.25,1028060,267153000.00000003,20744,,218938.0,21.3,new
SWANDEF, BE,2026-10-09,2790.0,2850.0,2681.1,2816.8,2790.0,2785.1,34005,95335000.0,1290,,,,new
SWARAJ, BE,2026-10-09,361.0,364.85,355.0,359.05,358.0,363.6,24552,8831000.0,75,,,,new
SWARAJENG, EQ,2026-10-09,3510.0,3510.0,3416.5,3439.1,3430.1,3491.6,7927,27269000.0,2326,,4945.0,62.38,new
SWARNSAR, EQ,2026-10-09,39.89,41.24,39.06,39.07,39.07,39.1,8959,358000.0,119,,7334.0,81.86,new
SWASTIKAIN, BE,2026-10-09,209.58,230.7,209.58,219.37,219.0,220.61,360978,77148000.0,2255,,,,new
SWELECTES, EQ,2026-10-09,584.0,646.75,573.05,618.05,615.2,581.6,169423,105192000.0,9340,,32950.0,19.45,new
SWIGGY, EQ,2026-10-09,235.5,237.9,232.4,234.2,234.2,234.95,9760923,2294879000.0,56009,,3531260.0,36.18,new
SWISSMLTRY, BE,2026-10-09,13.7,14.4,13.7,13.99,14.0,13.92,47230,666000.0,242,,,,new
SWSOLAR, EQ,2026-10-09,163.5,163.85,159.5,162.12,161.75,160.09,815781,131946000.0,10881,,291689.0,35.76,new
SYMBIOTEC, EQ,2026-10-09,1081.0,1112.5,1078.1,1087.5,1088.0,1093.8,402278,439255000.0,28658,,164841.0,40.98,new
SYMPHONY, EQ,2026-10-09,540.0,544.85,534.25,540.75,540.55,538.85,31566,17059000.0,2044,,17072.0,54.08,new
SYNCOMF, EQ,2026-10-09,23.73,24.15,22.15,23.28,23.28,23.57,14864967,346333000.0,28159,,3311531.0,22.28,new
SYNGENE, EQ,2026-10-09,346.1,351.95,344.45,347.4,346.1,346.0,379586,132226000.0,22870,,245813.0,64.76,new
SYRMA, EQ,2026-10-09,1683.0,1734.0,1675.8,1719.9,1723.6,1680.9,980252,1676881000.0000002,52336,,311955.0,31.82,new
SYSTANGO, SM,2026-10-09,214.5,217.85,212.0,212.95,212.0,213.1,13600,2918000.0,30,,10800.0,79.41,new
SYSTMTXC, BE,2026-10-09,74.0,74.01,73.0,73.0,73.0,73.0,9616,711000.0,25,,,,new
TAALTECH, EQ,2026-10-09,1069.8,1078.9,1010.0,1018.4,1011.0,1041.5,28184,29214999.999999996,2483,,7967.0,28.27,new
TAC, ST,2026-10-09,382.7,403.75,382.7,397.65,392.6,402.8,74800,28766000.000000004,279,,65800.0,87.97,new
TAINWALCHM, EQ,2026-10-09,204.0,229.45,198.0,219.26,219.0,203.35,21625,4712000.0,235,,13998.0,64.73,new
TAJGVK, EQ,2026-10-09,324.8,330.05,320.1,325.9,325.9,322.4,117581,38232000.0,3776,,39849.0,33.89,new
TAKE, EQ,2026-10-09,13.35,13.35,13.35,13.35,13.35,12.72,79070,1056000.0,81,,79070.0,100.0,new
TALBROAUTO, EQ,2026-10-09,405.0,409.9,398.8,402.05,408.0,405.35,94099,37977000.0,4523,,40145.0,42.66,new
TAMBOLIIN, BE,2026-10-09,289.1,298.95,281.55,290.6,298.95,290.55,903,259000.0,26,,,,new
TANAA, EQ,2026-10-09,331.05,341.55,322.55,325.9,325.1,330.35,44650,14755000.000000002,2877,,16881.0,37.81,new
TANLA, EQ,2026-10-09,492.0,509.1,492.0,498.35,497.3,493.35,412653,206923000.0,19857,,125982.0,30.53,new
TARACHAND, EQ,2026-10-09,46.5,46.99,45.02,46.05,46.98,46.11,33470,1535000.0,696,,19333.0,57.76,new
TARAPUR, EQ,2026-10-09,16.4,16.58,16.1,16.58,16.58,13.82,810771,13413000.0,1091,,466350.0,57.52,new
TARC, EQ,2026-10-09,118.32,120.0,113.75,117.47,116.2,117.55,845541,98597000.0,9430,,418481.0,49.49,new
TARIL, EQ,2026-10-09,283.45,293.7,278.1,290.65,291.1,282.75,2355379,675697000.0,40976,,801209.0,34.02,new
TARMAT, EQ,2026-10-09,55.15,57.8,55.15,55.84,56.29,55.15,4346,243000.00000000003,140,,3674.0,84.54,new
TARSONS, EQ,2026-10-09,330.55,331.75,319.65,320.95,320.3,327.65,74185,24057000.0,3076,,35611.0,48.0,new
TASTYBITE, EQ,2026-10-09,8976.5,9151.0,8692.5,8758.0,8770.0,8999.0,1934,17062000.0,895,,1023.0,52.9,new
TATACAP, EQ,2026-10-09,315.0,319.4,312.85,318.7,318.6,314.9,997155,316754000.0,45378,,570029.0,57.17,new
TATACHEM, EQ,2026-10-09,598.75,605.3,586.45,589.75,589.9,592.95,965015,575706000.0,29485,,299196.0,31.0,new
TATACOMM, EQ,2026-10-09,1677.1,1677.3,1621.0,1656.7,1658.0,1677.4,307617,504847999.99999994,27834,,96848.0,31.48,new
TATACONSUM, EQ,2026-10-09,950.0,959.1,948.4,955.0,955.0,951.9,947397,903406000.0,36836,,600178.0,63.35,new
TATAELXSI, EQ,2026-10-09,3014.9,3165.0,3010.6,3130.0,3130.0,2996.0,627867,1956133000.0000002,52511,,154464.0,24.6,new
TATAGOLD, EQ,2026-10-09,14.33,14.46,14.33,14.42,14.43,14.21,30995307,446616000.0,51867,,14960600.0,48.27,new
TATAINVEST, EQ,2026-10-09,607.65,609.85,596.0,599.25,599.9,609.3,292603,175538000.0,17622,,105975.0,36.22,new
TATAPOWER, EQ,2026-10-09,335.55,342.15,333.6,342.15,342.15,335.65,4378116,1487160000.0,45039,,1802064.0,41.16,new
TATASTEEL, EQ,2026-10-09,171.0,174.44,170.23,173.8,173.8,171.96,13053584,2261828000.0,94228,,4599426.0,35.23,new
TATATECH, EQ,2026-10-09,698.75,736.0,695.1,715.85,717.5,694.65,2592329,1877612000.0,96955,,438304.0,16.91,new
TATSILV, EQ,2026-10-09,21.15,21.36,21.15,21.31,21.33,20.9,26623905,566805000.0,31837,,10829685.0,40.68,new
TATVA, EQ,2026-10-09,1850.1,1880.9,1782.1,1804.8,1810.1,1855.6,77489,140989000.0,10342,,34137.0,44.05,new
TAURIAN, ST,2026-10-09,630.15,637.0,622.25,622.25,622.25,655.0,24000,14994999.999999998,28,,19200.0,80.0,new
TBI, SM,2026-10-09,72.6,74.7,72.5,73.2,73.2,72.95,15000,1097000.0,22,,12600.0,84.0,new
TBOTEK, EQ,2026-10-09,1670.5,1679.9,1636.0,1666.4,1672.0,1666.5,209266,347588000.0,15613,,127619.0,60.98,new
TBZ, BE,2026-10-09,555.3,594.95,540.75,594.95,594.95,566.65,239097,136894000.0,2322,,,,new
TCC, EQ,2026-10-09,44.9,45.22,43.5,43.93,43.8,44.84,292590,12901000.0,3032,,107956.0,36.9,new
TCI, EQ,2026-10-09,867.15,867.15,825.0,851.45,849.85,877.05,26266,22435000.0,3192,,8624.0,32.83,new
TCIEXP, EQ,2026-10-09,485.0,487.0,460.55,466.15,467.0,477.2,70741,33143000.0,3685,,26122.0,36.93,new
TCIFINANCE, EQ,2026-10-09,13.26,14.69,13.26,14.13,14.2,14.11,20730,290000.0,121,,9814.0,47.34,new
TCL, SM,2026-10-09,129.0,130.0,127.0,127.1,127.0,131.0,92000,11926000.0,14,,90400.0,98.26,new
TCPLPACK, EQ,2026-10-09,4090.0,4298.0,3996.4,4274.7,4268.0,3994.4,45318,190709000.0,7443,,12616.0,27.84,new
TCS, EQ,2026-10-09,2086.0,2204.0,2086.0,2156.0,2156.0,2076.0,11692314,25357201000.0,337241,,3582847.0,30.64,new
TDPOWERSYS, EQ,2026-10-09,795.0,813.0,773.85,793.75,793.0,793.5,2207016,1759927000.0,79675,,761312.0,34.5,new
TEAMGTY, EQ,2026-10-09,240.45,249.6,235.0,243.02,244.0,235.75,1628,391000.0,45,,1224.0,75.18,new
TEAMLEASE, EQ,2026-10-09,1080.0,1109.0,1056.0,1068.0,1060.3,1076.9,23274,24794000.0,3195,,14034.0,60.3,new
TEAMTECH, ST,2026-10-09,146.95,147.0,143.1,143.1,143.1,142.1,12000,1739999.9999999998,6,,10000.0,83.33,new
TECH, EQ,2026-10-09,30.48,31.5,30.41,31.26,31.27,30.48,127599,3985000.0,153,,96670.0,75.76,new
TECHD, SM,2026-10-09,525.5,525.5,508.1,510.6,509.05,523.55,26700,13704000.0,77,,19800.0,74.16,new
TECHERA, SM,2026-10-09,152.5,154.4,148.8,150.45,150.5,152.65,58400,8813000.0,67,,36800.0,63.01,new
TECHLABS, SM,2026-10-09,112.3,115.0,103.3,113.35,115.0,111.2,11625,1285000.0,57,,9500.0,81.72,new
TECHM, EQ,2026-10-09,1500.0,1536.6,1496.2,1514.1,1514.1,1496.2,2021871,3078413000.0,66527,,851017.0,42.09,new
TECHNOCRAF, EQ,2026-10-09,472.5,483.6,465.1,474.15,472.8,472.5,900005,428730000.0,15176,,166877.0,18.54,new
TECHNOE, EQ,2026-10-09,945.2,959.0,938.6,954.9,957.0,942.7,70648,67246000.0,8361,,28765.0,40.72,new
TECHNVISN, EQ,2026-10-09,4500.0,4599.0,4379.8,4487.7,4451.0,4384.5,795,3567000.0,180,,545.0,68.55,new
TECILCHEM, EQ,2026-10-09,9.69,9.7,8.96,9.32,9.32,9.47,13519,130000.0,37,,13148.0,97.26,new
TEGA, EQ,2026-10-09,1971.1,2005.4,1928.5,1935.0,1935.0,1958.1,328913,644964000.0,25188,,113371.0,34.47,new
TEJA, SM,2026-10-09,210.0,213.0,210.0,212.75,213.0,206.0,7800,1659000.0,6,,7800.0,100.0,new
TEJASNET, EQ,2026-10-09,456.0,461.0,445.7,447.2,447.0,451.15,1161684,522828000.0,36189,,300809.0,25.89,new
TEMBO, EQ,2026-10-09,56.06,56.72,53.35,55.06,54.4,55.91,2078306,114143000.0,9273,,891913.0,42.92,new
TEMPSENS, EQ,2026-10-09,563.5,583.1,551.0,576.4,572.1,561.0,1782494,1013104000.0000001,46313,,366573.0,20.57,new
TENNIND, EQ,2026-10-09,468.8,479.0,465.0,473.7,473.25,468.8,686322,325136000.0,36555,,380029.0,55.37,new
TERAI, EQ,2026-10-09,118.75,140.01,114.0,140.01,140.01,116.68,25082,3460000.0,345,,10570.0,42.14,new
TERASOFT, EQ,2026-10-09,219.0,229.49,217.66,225.64,227.0,217.16,25779,5778000.0,1108,,14119.0,54.77,new
TEXINFRA, EQ,2026-10-09,120.2,120.98,115.2,118.07,115.5,120.04,393940,46819000.0,1786,,312149.0,79.24,new
TEXMOPIPES, EQ,2026-10-09,51.5,52.65,51.0,51.21,51.45,51.42,53564,2759000.0,1437,,25430.0,47.48,new
TEXRAIL, EQ,2026-10-09,107.75,114.1,105.05,110.99,111.2,107.08,5259219,580428000.0,46733,,1605111.0,30.52,new
TFCILTD, EQ,2026-10-09,147.39,150.2,145.0,147.05,148.0,146.65,27675622,4075237999.9999995,64053,,13161854.0,47.56,new
TFL, EQ,2026-10-09,11.7,12.2,11.51,12.05,12.15,11.88,43818,527000.0,48,,40921.0,93.39,new
TGBHOTELS, EQ,2026-10-09,9.18,9.38,8.85,9.08,9.1,8.99,13772,124000.0,96,,13150.0,95.48,new
TGL, ST,2026-10-09,12.45,12.45,12.45,12.45,12.45,12.7,10600,132000.0,25,,10600.0,100.0,new
TGVSL, EQ,2026-10-09,121.8,124.0,117.72,121.4,122.0,120.82,212393,25484000.0,3173,,94085.0,44.3,new
THACKER, EQ,2026-10-09,893.0,944.0,893.0,902.0,902.0,938.75,162,149000.0,17,,148.0,91.36,new
THAKDEV, EQ,2026-10-09,126.5,129.0,126.35,126.36,126.36,133.0,119,15000.0,15,,111.0,93.28,new
THANGAMAYL, EQ,2026-10-09,4800.5,4920.0,4792.5,4889.5,4878.0,4810.5,38850,189797000.0,8505,,17214.0,44.31,new
THEINVEST, EQ,2026-10-09,91.89,92.8,89.0,89.44,89.21,90.72,3796,342000.0,69,,2991.0,78.79,new
THEJO, EQ,2026-10-09,2079.6,2081.9,2010.1,2025.5,2010.7,2073.8,6740,13710000.0,1052,,4506.0,66.85,new
THELEELA, EQ,2026-10-09,589.9,609.0,576.2,587.5,588.0,586.95,227500,134173000.0,16880,,101716.0,44.71,new
THEMISMED, EQ,2026-10-09,109.49,113.0,107.25,108.57,108.5,108.71,75032,8272000.0,1583,,19683.0,26.23,new
THERMAX, EQ,2026-10-09,3202.0,3352.0,3180.5,3256.3,3250.0,3138.1,574697,1880388000.0,84864,,146391.0,25.47,new
THESL, ST,2026-10-09,14.05,14.05,14.05,14.05,14.05,14.75,6000,84000.0,2,,6000.0,100.0,new
THOMASCOOK, EQ,2026-10-09,98.55,99.75,96.5,96.75,97.13,98.53,397056,38726000.0,4893,,225033.0,56.68,new
THOMASCOTT, EQ,2026-10-09,269.05,272.35,261.0,269.7,271.0,266.4,23545,6282000.0,791,,10877.0,46.2,new
THYROCARE, EQ,2026-10-09,503.0,503.5,490.9,499.7,497.3,501.0,346025,172623000.0,29519,,200535.0,57.95,new
TI, EQ,2026-10-09,543.7,550.4,529.45,541.0,541.05,548.05,1535658,828569000.0,37439,,635032.0,41.35,new
TICL, BE,2026-10-09,8.23,8.23,8.23,8.23,8.23,8.66,101641,836999.9999999999,144,,,,new
TIGERLOGS, EQ,2026-10-09,25.0,25.0,22.68,23.59,23.51,24.88,305706,7220999.999999999,2216,,173563.0,56.77,new
TIIL, EQ,2026-10-09,2581.8,2685.0,2581.8,2631.1,2640.8,2581.9,31941,84320000.0,7030,,14123.0,44.22,new
TIINDIA, EQ,2026-10-09,2245.5,2272.7,2213.0,2213.0,2213.0,2241.0,841286,1883309000.0,57758,,495771.0,58.93,new
TIJARIA, BE,2026-10-09,6.37,6.63,6.06,6.08,6.08,6.37,60363,370000.0,183,,,,new
TIL, BE,2026-10-09,230.3,236.6,226.5,234.2,232.15,229.45,39616,9066000.0,317,,,,new
TIMESCAN, SM,2026-10-09,45.0,45.0,45.0,45.0,45.0,44.1,2000,90000.0,1,,2000.0,100.0,new
TIMETECHNO, EQ,2026-10-09,180.0,182.55,175.63,176.35,176.57,179.68,1622533,290929000.0,16987,,481830.0,29.7,new
TIMEX, EQ,2026-10-09,709.9,730.0,692.8,724.4,724.0,709.25,352976,251029000.0,20159,,118225.0,33.49,new
TIMKEN, EQ,2026-10-09,3030.4,3044.4,2953.0,2962.8,2960.4,3015.6,17063,50807000.0,5802,,8756.0,51.32,new
TINNARUBR, EQ,2026-10-09,872.8,909.85,870.2,885.85,895.0,879.6,41596,37000000.0,5532,,18619.0,44.76,new
TIPSFILMS, EQ,2026-10-09,318.25,324.5,311.6,316.25,319.0,318.2,9595,3057000.0,308,,5379.0,56.06,new
TIPSMUSIC, EQ,2026-10-09,621.95,642.0,621.95,636.35,640.1,618.15,147283,93077000.0,10604,,82875.0,56.27,new
TIRUMALCHM, EQ,2026-10-09,143.97,144.95,141.52,142.72,143.0,142.84,157730,22568000.0,2986,,60415.0,38.3,new
TIRUPATIFL, BE,2026-10-09,70.77,70.77,70.77,70.77,70.77,69.39,108469,7676000.000000001,210,,,,new
TITAGARH, EQ,2026-10-09,779.9,789.0,770.2,777.2,778.0,778.0,196581,153125000.0,13753,,56478.0,28.73,new
TITAN, EQ,2026-10-09,4375.1,4430.7,4360.2,4410.0,4410.0,4359.5,591677,2603995000.0,52270,,296911.0,50.18,new
TMB, EQ,2026-10-09,855.5,879.2,852.5,874.8,870.0,855.45,130870,113573000.0,13269,,60343.0,46.11,new
TMCV, EQ,2026-10-09,415.0,419.0,408.6,410.3,410.0,413.2,4593192,1898081000.0000002,65090,,2431957.0,52.95,new
TMPV, EQ,2026-10-09,275.8,280.95,274.6,279.9,279.9,273.0,6477363,1807591999.9999998,60335,,2990547.0,46.17,new
TNIDETF, EQ,2026-10-09,81.3,85.0,81.3,84.88,84.9,83.24,36711,3106000.0,313,,28401.0,77.36,new
TNPETRO, EQ,2026-10-09,119.05,121.5,116.22,118.51,118.62,118.98,551508,65900000.0,7567,,199325.0,36.14,new
TNPL, EQ,2026-10-09,138.2,143.1,136.21,141.31,141.01,137.95,140009,19568000.0,3463,,69586.0,49.7,new
TNTELE, BE,2026-10-09,9.58,9.91,9.0,9.9,9.91,9.44,126813,1208000.0,375,,,,new
TOKYOPLAST, EQ,2026-10-09,69.89,71.48,68.0,68.1,68.1,69.89,161,11000.0,19,,159.0,98.76,new
TOLINS, EQ,2026-10-09,88.45,88.69,86.23,86.89,87.23,86.56,16498,1436000.0,596,,11166.0,67.68,new
TOP100CASE, EQ,2026-10-09,9.95,9.96,9.8,9.92,9.95,9.8,580930,5743000.0,1108,,361611.0,62.25,new
TOP10ADD, EQ,2026-10-09,82.88,84.28,82.88,84.06,83.88,82.5,125236,10489000.0,557,,73273.0,58.51,new
TOP15IETF, EQ,2026-10-09,9.1,9.27,9.1,9.19,9.19,9.09,29357,271000.0,121,,18242.0,62.14,new
TOP20, EQ,2026-10-09,8.3,8.4,8.3,8.38,8.38,8.24,190204,1591000.0,159,,173776.0,91.36,new
TORNTPHARM, EQ,2026-10-09,4618.0,4660.0,4590.0,4656.9,4656.9,4617.1,341921,1585139000.0,40924,,243397.0,71.19,new
TORNTPOWER, EQ,2026-10-09,1220.0,1220.1,1178.5,1188.6,1187.0,1214.6,380383,452846000.0,32521,,201249.0,52.91,new
TOTAL, BE,2026-10-09,70.0,72.9,68.8,72.0,72.0,70.01,4740,340000.0,26,,,,new
TOUCHWOOD, EQ,2026-10-09,58.41,59.69,57.2,59.68,59.68,58.54,245,14000.000000000002,27,,233.0,95.1,new
TOYAMSL, EQ,2026-10-09,0.76,0.76,0.75,0.76,0.76,0.73,187212,142000.0,86,,149212.0,79.7,new
TPHQ, BE,2026-10-09,0.45,0.47,0.45,0.47,0.47,0.45,874892,405000.0,291,,,,new
TPLPLASTEH, EQ,2026-10-09,68.7,68.92,66.85,67.08,67.0,67.69,112592,7637000.0,821,,38812.0,34.47,new
TRACXN, EQ,2026-10-09,32.62,35.0,32.5,34.66,34.66,33.06,356006,12139000.0,2479,,225746.0,63.41,new
TRANSCOR, EQ,2026-10-09,24.48,24.48,23.36,24.45,24.45,23.98,434,11000.0,15,,376.0,86.64,new
TRANSPEK, BE,2026-10-09,1365.0,1386.9,1326.6,1345.0,1345.0,1379.3,329,446000.0,25,,,,new
TRANSRAILL, EQ,2026-10-09,474.0,476.0,462.65,464.65,465.1,472.15,390123,182059000.0,17292,,128232.0,32.87,new
TRANSTEEL, SM,2026-10-09,84.5,86.95,84.4,86.0,86.0,82.0,43000,3665999.9999999995,42,,25000.0,58.14,new
TRANSWORLD, BE,2026-10-09,152.4,154.49,150.0,151.26,150.0,152.68,2552,385000.0,56,,,,new
TRAVELFOOD, EQ,2026-10-09,1186.2,1193.0,1166.0,1183.9,1185.0,1186.2,46223,54542999.99999999,10023,,25270.0,54.67,new
TREEHOUSE, EQ,2026-10-09,5.62,5.95,5.54,5.79,5.83,5.65,4723,27000.0,58,,3166.0,67.03,new
TREJHARA, EQ,2026-10-09,129.0,134.97,124.52,130.56,131.0,124.43,22326,2900000.0,478,,16673.0,74.68,new
TREL, EQ,2026-10-09,25.41,26.19,25.1,25.77,25.6,25.75,45535,1168000.0,651,,25886.0,56.85,new
TRENT, EQ,2026-10-09,2876.3,2930.5,2855.0,2918.2,2918.2,2876.3,753581,2194249000.0,54067,,306704.0,40.7,new
TRF, EQ,2026-10-09,192.73,224.0,190.0,216.94,215.0,191.78,56466,12013000.0,1942,,23621.0,41.83,new
TRIDENT, EQ,2026-10-09,22.05,22.12,21.6,21.96,22.0,21.83,2978289,65144000.00000001,14230,,1012636.0,34.0,new
TRIDHYA, SM,2026-10-09,7.1,7.1,7.1,7.1,7.1,6.8,6000,43000.0,2,,6000.0,100.0,new
TRIGYN, EQ,2026-10-09,52.0,52.2,50.0,51.55,51.45,51.59,12939,662000.0,383,,8269.0,63.91,new
TRITONV, EQ,2026-10-09,1050.0,1060.4,1020.0,1036.4,1042.0,1029.9,1957,2032000.0,199,,1527.0,78.03,new
TRITURBINE, EQ,2026-10-09,518.0,523.0,503.85,511.1,511.6,516.45,980158,498326000.0,31680,,697639.0,71.18,new
TRIVENI, EQ,2026-10-09,243.1,243.59,234.33,235.67,236.45,237.86,463098,110273000.0,14254,,221899.0,47.92,new
TROM, SM,2026-10-09,53.95,59.3,51.5,59.3,59.3,54.75,21000,1201000.0,31,,15000.0,71.43,new
TRU, EQ,2026-10-09,4.49,4.54,4.17,4.47,4.48,4.36,72974,324000.0,181,,52298.0,71.67,new
TRUALT, EQ,2026-10-09,427.15,428.5,411.95,427.2,428.0,424.05,296304,125004000.0,8109,,151880.0,51.26,new
TRUST, SM,2026-10-09,25.05,26.4,25.05,26.35,26.4,25.65,10800,281000.0,11,,10800.0,100.0,new
TSC, ST,2026-10-09,45.0,45.0,45.0,45.0,45.0,46.5,4000,180000.0,2,,4000.0,100.0,new
TSFINV, EQ,2026-10-09,398.0,406.9,396.1,403.9,402.5,397.55,53142,21343000.0,3487,,25845.0,48.63,new
TTKHLTCARE, EQ,2026-10-09,1025.0,1025.0,998.0,1016.6,1015.7,1007.0,6689,6764000.0,878,,3126.0,46.73,new
TTKPRESTIG, EQ,2026-10-09,513.0,517.7,506.05,515.15,514.8,513.0,26664,13697000.0,3561,,14312.0,53.68,new
TTL, EQ,2026-10-09,7.11,7.27,6.9,6.96,7.0,7.11,95825,673000.0,270,,67268.0,70.2,new
TTML, EQ,2026-10-09,33.0,33.34,32.63,32.89,32.88,32.95,1507076,49560000.0,9280,,519016.0,34.44,new
TUNWAL, SM,2026-10-09,25.3,25.7,25.1,25.2,25.15,25.25,46000,1161000.0,23,,36000.0,78.26,new
TURTLEMINT, EQ,2026-10-09,69.3,70.4,67.83,68.31,68.55,69.53,658026,45373000.0,11788,,291149.0,44.25,new
TUTIALKA, EQ,2026-10-09,53.49,55.5,52.04,52.21,52.15,52.41,5687,299000.0,54,,3738.0,65.73,new
TVSELECT, EQ,2026-10-09,386.7,389.95,377.1,385.9,387.0,386.7,33672,12897999.999999998,1861,,12357.0,36.7,new
TVSHLTD, EQ,2026-10-09,11619.0,11619.0,11402.0,11441.0,11445.0,11529.0,3517,40473000.0,1469,,1924.0,54.71,new
TVSMOTOR, EQ,2026-10-09,3830.0,3892.9,3741.9,3866.8,3866.8,3839.4,1088205,4180644999.9999995,57047,,494316.0,45.42,new
TVSSCS, EQ,2026-10-09,125.92,126.9,123.42,124.54,124.41,125.92,431448,53866999.99999999,9247,,188965.0,43.8,new
TVSSRICHAK, EQ,2026-10-09,4274.0,4430.0,4250.0,4374.2,4390.0,4255.2,6538,28500000.0,1958,,2801.0,42.84,new
TVTODAY, EQ,2026-10-09,102.5,106.38,101.54,102.32,102.26,103.3,17590,1829000.0,687,,9792.0,55.67,new
TVVISION, BE,2026-10-09,2.56,2.68,2.5,2.6,2.6,2.61,15917,42000.0,57,,,,new
TWCGOLDETF, EQ,2026-10-09,147.67,148.33,147.51,147.96,148.01,146.0,3445,509999.99999999994,154,,3356.0,97.42,new
UBL, EQ,2026-10-09,1165.5,1194.0,1164.8,1168.2,1169.8,1162.7,110222,129557000.0,13115,,58492.0,53.07,new
UCAL, BE,2026-10-09,137.2,142.0,134.0,134.36,134.0,139.39,17353,2354000.0,145,,,,new
UCOBANK, EQ,2026-10-09,23.09,23.41,22.9,23.25,23.29,22.96,2973032,69077000.0,14045,,958957.0,32.26,new
UDAYJEW, EQ,2026-10-09,168.6,197.9,166.94,181.76,184.5,168.73,601862,111708000.0,17238,,94070.0,15.63,new
UDS, EQ,2026-10-09,208.9,209.0,199.0,199.8,200.6,210.09,161754,32613000.0,3642,,84086.0,51.98,new
UEL, EQ,2026-10-09,213.0,214.94,205.1,214.94,214.94,195.4,117105,25046000.0,1360,,49169.0,41.99,new
UFBL, BE,2026-10-09,656.55,698.5,651.0,697.1,694.9,665.25,43419,29570000.0,1712,,,,new
UFLEX, EQ,2026-10-09,628.0,629.35,616.0,621.7,617.05,617.05,76093,47325000.0,3858,,34108.0,44.82,new
UFO, EQ,2026-10-09,55.98,56.45,53.9,55.49,55.5,54.9,39272,2185000.0,1227,,24105.0,61.38,new
UGARSUGAR, BE,2026-10-09,54.02,56.98,52.76,54.84,54.99,55.53,78276,4274000.0,556,,,,new
UGROCAP, EQ,2026-10-09,79.9,82.0,78.66,79.93,82.0,79.72,142038,11290000.0,1705,,80252.0,56.5,new
UHTL, ST,2026-10-09,203.65,211.95,203.65,211.95,211.95,207.8,46000,9593000.0,19,,42000.0,91.3,new
UJJIVANSFB, EQ,2026-10-09,62.35,62.94,61.1,61.45,61.45,62.3,18832375,1164510000.0,67488,,10855849.0,57.64,new
ULTRACEMCO, EQ,2026-10-09,10485.0,10684.0,10479.0,10675.0,10675.0,10426.0,157341,1669933000.0000002,17927,,86432.0,54.93,new
ULTRAMAR, EQ,2026-10-09,400.1,403.2,396.35,398.55,402.35,400.8,84996,33977000.0,2080,,63561.0,74.78,new
UMA, SM,2026-10-09,17.1,17.1,17.1,17.1,17.1,17.1,4000,68000.0,1,,4000.0,100.0,new
UMAEXPORTS, BE,2026-10-09,20.25,20.25,19.4,19.8,19.45,19.88,19992,394000.0,141,,,,new
UMESLTD, EQ,2026-10-09,4.66,4.66,4.3,4.4,4.49,4.57,21749,98000.0,120,,16723.0,76.89,new
UMIYA-MRO, EQ,2026-10-09,93.17,93.17,91.56,92.24,92.01,92.71,826,76000.0,32,,787.0,95.28,new
UNICHEMLAB, EQ,2026-10-09,534.0,539.5,519.0,531.1,528.0,530.9,74517,39419000.0,4518,,21737.0,29.17,new
UNIDT, EQ,2026-10-09,227.5,229.18,216.63,218.61,216.8,226.24,28841,6426000.000000001,1236,,18460.0,64.01,new
UNIECOM, EQ,2026-10-09,79.61,83.16,79.11,82.82,83.09,79.9,281360,22926000.0,3358,,147643.0,52.47,new
UNIENTER, EQ,2026-10-09,87.0,87.64,85.05,87.2,87.24,86.39,764,66000.0,24,,488.0,63.87,new
UNIHEALTH, SM,2026-10-09,565.0,565.0,530.55,554.75,553.95,550.0,10500,5701000.0,17,,6000.0,57.14,new
UNIINFO, EQ,2026-10-09,11.38,11.69,10.93,11.5,11.5,11.16,725,8000.0,33,,625.0,86.21,new
UNILEX, SM,2026-10-09,30.0,30.0,30.0,30.0,30.0,30.0,4800,144000.0,2,,4800.0,100.0,new
UNIMECH, EQ,2026-10-09,1752.0,1795.0,1727.8,1734.8,1731.0,1751.9,106141,185756000.0,15647,,36689.0,34.57,new
UNIONBANK, EQ,2026-10-09,173.0,174.65,171.0,173.06,173.06,171.51,6981361,1205089000.0,33892,,3356100.0,48.07,new
UNIONGOLD, EQ,2026-10-09,144.8,145.5,144.8,145.0,145.0,143.35,424,62000.0,22,,311.0,73.35,new
UNIPARTS, EQ,2026-10-09,776.6,793.3,749.65,757.95,759.0,776.6,163992,124756000.0,11531,,87523.0,53.37,new
UNITDSPR, EQ,2026-10-09,1319.9,1366.0,1318.3,1366.0,1366.0,1318.2,988261,1340928000.0,36839,,632317.0,63.98,new
UNITECH, EQ,2026-10-09,4.02,4.22,4.01,4.06,4.08,4.01,7649788,31377999.999999996,3400,,4294423.0,56.14,new
UNITEDPOLY, EQ,2026-10-09,48.49,52.0,44.81,50.12,50.0,47.56,1538149,75680000.0,5183,,653279.0,42.47,new
UNITEDTEA, EQ,2026-10-09,403.3,414.0,403.2,407.45,409.0,403.0,357,145000.0,66,,269.0,75.35,new
UNIVASTU, BE,2026-10-09,128.49,136.27,126.35,136.27,136.27,129.79,55880,7505000.0,334,,,,new
UNIVCABLES, EQ,2026-10-09,1568.0,1571.0,1505.0,1518.8,1520.0,1549.9,64028,97992000.0,5820,,32387.0,50.58,new
UNIVPHOTO, BE,2026-10-09,479.0,479.0,436.0,468.45,469.95,456.2,141,63000.0,18,,,,new
UNOMINDA, EQ,2026-10-09,1087.4,1115.0,1086.5,1108.0,1108.0,1085.0,328752,363652000.0,21914,,127923.0,38.91,new
UPHOT, EQ,2026-10-09,1600.0,1600.0,1585.0,1585.0,1585.0,1597.0,30,48000.0,9,,30.0,100.0,new
UPL, EQ,2026-10-09,482.95,493.85,481.9,488.45,488.45,481.05,1335383,654505000.0,19517,,702264.0,52.59,new
URAVIDEF, BE,2026-10-09,101.99,103.0,101.99,103.0,103.0,101.99,3841,394000.0,20,,,,new
URBAN, SM,2026-10-09,118.5,119.95,109.0,114.3,114.3,118.5,33600,3879999.9999999995,39,,20800.0,61.9,new
URBANCO, EQ,2026-10-09,161.45,162.8,159.31,159.76,159.98,160.25,2197839,353318000.0,28669,,763347.0,34.73,new
URJA, EQ,2026-10-09,8.32,8.47,8.31,8.33,8.37,8.36,455001,3807000.0,2350,,246295.0,54.13,new
USHAFIN, ST,2026-10-09,53.0,54.6,52.3,53.0,53.0,52.0,32000,1718000.0,18,,28800.0,90.0,new
USHAMART, EQ,2026-10-09,505.0,509.4,496.05,502.05,501.1,503.95,638061,320173000.0,10353,,503622.0,78.93,new
USK, EQ,2026-10-09,19.39,20.84,18.8,18.96,19.0,18.72,17186,332000.0,482,,10032.0,58.37,new
UTIAMC, EQ,2026-10-09,875.25,884.95,868.05,877.7,879.15,877.2,44976,39494000.0,8393,,22302.0,49.59,new
UTKAL, ST,2026-10-09,45.75,46.65,45.0,46.65,46.65,47.0,6000,275000.0,3,,6000.0,100.0,new
UTKARSHBNK, EQ,2026-10-09,13.38,13.91,13.21,13.58,13.55,13.64,6601254,88984000.0,10732,,1813618.0,27.47,new
UTLSOLAR, EQ,2026-10-09,409.2,414.45,402.7,409.05,409.0,409.2,129592,52907000.00000001,8674,,59120.0,45.62,new
UTSSAV, SM,2026-10-09,830.3,847.45,820.15,831.15,835.0,841.05,54600,45320000.0,68,,28200.0,51.65,new
UTTAMSUGAR, EQ,2026-10-09,294.75,302.5,294.15,298.05,299.0,291.55,151371,45148000.0,4525,,48104.0,31.78,new
UWCSL, SM,2026-10-09,120.05,120.05,120.05,120.05,120.05,114.95,2000,240000.0,2,,2000.0,100.0,new
UYFINCORP, BE,2026-10-09,24.39,24.89,23.51,24.76,24.82,23.71,679153,16744000.0,838,,,,new
V2RETAIL, EQ,2026-10-09,155.99,157.19,151.0,154.5,155.15,154.87,1967549,303120000.0,35781,,762715.0,38.76,new
VADILALIND, EQ,2026-10-09,7181.0,7221.0,7115.5,7162.0,7189.0,7167.5,3806,27291000.000000004,1429,,1486.0,39.04,new
VADILENT, EQ,2026-10-09,9810.0,9810.0,9740.0,9800.0,9800.0,9822.0,7,69000.0,5,,7.0,100.0,new
VAIBHAVGBL, EQ,2026-10-09,199.4,206.0,199.4,201.67,201.72,199.55,280921,56884000.0,11426,,115803.0,41.22,new
VAISHALI, EQ,2026-10-09,8.38,8.38,7.81,7.92,7.98,7.99,86580,694000.0,304,,48774.0,56.33,new
VAKRANGEE, EQ,2026-10-09,5.06,5.09,5.0,5.04,5.02,5.04,994840,5009000.0,1716,,530594.0,53.33,new
VAL30IETF, EQ,2026-10-09,14.05,15.18,14.0,14.32,14.21,13.99,102405,1449000.0,1335,,53818.0,52.55,new
VALIANTLAB, BE,2026-10-09,119.0,121.0,113.0,119.8,118.76,117.34,57995,6823999.999999999,298,,,,new
VALIANTORG, EQ,2026-10-09,450.0,472.05,428.3,467.7,471.9,450.6,131081,59228000.0,4518,,55959.0,42.69,new
VALUE, EQ,2026-10-09,14.85,15.02,14.85,14.98,14.99,14.82,36225,542000.0,74,,12349.0,34.09,new
VALUE360, SM,2026-10-09,80.0,81.8,79.25,79.3,79.3,82.05,20400,1632000.0,16,,15600.0,76.47,new
VALUEAXIS, EQ,2026-10-09,30.52,30.98,30.25,30.55,30.5,30.37,38416,1171000.0,280,,25861.0,67.32,new
VAML, EQ,2026-10-09,376.0,377.3,368.2,371.65,372.35,374.45,10848362,4032730000.0000005,94506,,7396945.0,68.18,new
VARDHACRLC, EQ,2026-10-09,42.75,43.99,41.51,42.75,42.3,42.7,52781,2258000.0,237,,29768.0,56.4,new
VARDMNPOLY, EQ,2026-10-09,5.39,5.5,5.19,5.26,5.22,5.25,376738,1989000.0,621,,237567.0,63.06,new
VARMORA, EQ,2026-10-09,135.0,136.01,133.0,134.21,134.85,134.16,1449786,194527000.0,7690,,963754.0,66.48,new
VARROC, EQ,2026-10-09,802.9,806.95,784.65,793.6,790.0,802.9,123172,97963000.0,11474,,51923.0,42.15,new
VASCONEQ, EQ,2026-10-09,30.34,30.89,29.83,30.68,30.84,30.34,254583,7759999.999999999,1477,,127908.0,50.24,new
VASUPRADA, EQ,2026-10-09,103.91,103.91,99.5,99.5,99.5,98.97,41,4000.0,2,,41.0,100.0,new
VASWANI, EQ,2026-10-09,42.46,44.18,42.46,43.74,43.51,43.37,7019,306000.0,296,,3215.0,45.8,new
VBL, EQ,2026-10-09,430.55,441.0,430.15,441.0,441.0,432.0,2906521,1274595000.0,44074,,1445268.0,49.73,new
VCL, BE,2026-10-09,1.5,1.61,1.49,1.5,1.55,1.56,277651,422000.0,285,,,,new
VDEAL, SM,2026-10-09,123.8,123.8,105.0,105.65,105.0,112.0,3000,333000.0,5,,2400.0,80.0,new
VEDAVAAG, EQ,2026-10-09,22.33,23.3,22.22,23.19,23.3,22.22,20088,462000.0,265,,17960.0,89.41,new
VEDL, EQ,2026-10-09,254.6,264.5,254.35,264.0,264.0,253.1,11577993,3023214000.0,81575,,4962535.0,42.86,new
VEDPOWER, EQ,2026-10-09,31.79,32.16,31.19,31.59,31.59,31.89,7104650,225561000.0,34764,,2281004.0,32.11,new
VEEDOL, EQ,2026-10-09,1356.6,1369.0,1345.0,1352.2,1352.3,1357.8,6248,8469000.0,885,,3658.0,58.55,new
VEEGALAND, EQ,2026-10-09,139.9,139.9,133.23,133.9,133.9,136.9,399618,54184000.0,5261,,198427.0,49.65,new
VEEKAYEM, SM,2026-10-09,119.55,123.85,119.55,123.85,123.85,112.6,22000,2694000.0,38,,14000.0,63.64,new
VELJAN, BE,2026-10-09,2707.7,2710.0,2707.7,2707.7,2707.7,2762.9,81,219000.0,21,,,,new
VENKEYS, EQ,2026-10-09,1614.7,1635.0,1580.0,1595.8,1598.0,1608.2,23569,37934000.0,3892,,11396.0,48.35,new
VENTIVE, EQ,2026-10-09,563.55,573.5,549.5,551.7,550.0,563.55,22458,12477000.0,1604,,10705.0,47.67,new
VENUSPIPES, EQ,2026-10-09,2160.1,2171.7,2001.3,2041.4,2055.0,2119.8,274899,564616000.0,25818,,95313.0,34.67,new
VENUSREM, BE,2026-10-09,1636.6,1665.9,1597.0,1610.1,1624.8,1681.0,39011,62950000.0,1471,,,,new
VERANDA, BE,2026-10-09,34.39,34.39,34.39,34.39,34.39,32.76,122023,4196000.0,146,,,,new
VERTIS, IV,2026-10-09,114.07,114.07,114.07,114.07,114.07,114.5,50000,5704000.0,1,,50000.0,100.0,new
VERTOZ, EQ,2026-10-09,32.05,33.04,31.51,32.19,32.0,32.43,34762,1116000.0,529,,23237.0,66.85,new
VESUVIUS, EQ,2026-10-09,408.0,411.0,397.3,409.0,410.4,406.65,69533,28211000.0,4751,,35270.0,50.72,new
VETO, EQ,2026-10-09,135.0,135.79,131.06,131.63,131.7,135.63,46125,6124000.0,1450,,26729.0,57.95,new
VGCL, EQ,2026-10-09,48.08,52.88,48.03,49.99,50.0,48.08,362279,18111000.0,439,,339420.0,93.69,new
VGINFOTECH, SM,2026-10-09,138.0,140.9,136.3,140.65,140.9,137.05,13000,1812000.0,13,,10000.0,76.92,new
VGL, EQ,2026-10-09,63.69,64.49,61.92,62.44,62.49,62.41,68591,4292000.0,358,,58106.0,84.71,new
VGUARD, EQ,2026-10-09,292.9,293.75,287.45,288.2,288.15,291.85,394667,114252000.0,20932,,221910.0,56.23,new
VHL, EQ,2026-10-09,3650.0,3685.0,3570.0,3650.0,3652.0,3578.8,2153,7815000.000000001,190,,1903.0,88.39,new
VHLTD, BE,2026-10-09,140.0,142.9,136.0,142.9,142.9,136.1,104822,14809000.0,697,,,,new
VIAZ, SM,2026-10-09,88.8,90.0,86.75,88.4,90.0,87.65,58000,5121000.0,17,,36000.0,62.07,new
VICTORYEV, SM,2026-10-09,13.0,13.8,12.75,12.75,12.75,13.4,36000,465000.00000000006,11,,33000.0,91.67,new
VIDHIING, EQ,2026-10-09,333.4,333.9,326.0,332.4,332.7,331.0,9003,2973000.0,716,,4967.0,55.17,new
VIDYAWIRES, EQ,2026-10-09,99.0,101.27,95.58,98.06,97.5,98.03,1638627,161528000.0,18618,,601668.0,36.72,new
VIESL, SM,2026-10-09,360.0,360.0,350.0,351.1,351.1,354.9,6400,2254000.0,8,,6400.0,100.0,new
VIGOR, SM,2026-10-09,73.0,74.0,72.7,73.8,73.85,72.15,14400,1061000.0,9,,11200.0,77.78,new
VIJAYA, EQ,2026-10-09,1423.0,1452.0,1417.6,1436.6,1432.3,1431.1,47126,67727000.0,9591,,23520.0,49.91,new
VIJAYPD, SM,2026-10-09,90.0,90.0,86.0,88.45,88.45,88.9,12000,1052000.0,6,,10000.0,83.33,new
VIJIFIN, BE,2026-10-09,12.2,13.48,12.2,13.46,13.48,12.84,1350960,17269000.0,674,,,,new
VIJSOLX, EQ,2026-10-09,661.0,679.95,645.0,659.6,659.95,661.0,591,387000.0,57,,495.0,83.76,new
VIKASECO, EQ,2026-10-09,1.01,1.05,1.01,1.01,1.02,1.01,1546247,1578000.0,981,,734510.0,47.5,new
VIKASLIFE, EQ,2026-10-09,1.19,1.22,1.18,1.19,1.19,1.18,1708839,2048999.9999999998,6656,,806596.0,47.2,new
VIKRAMSOLR, EQ,2026-10-09,143.99,144.5,141.0,142.32,142.5,143.31,1566297,223436000.0,23373,,570576.0,36.43,new
VIKRAN, EQ,2026-10-09,57.13,57.79,55.4,55.84,55.8,56.76,822631,46194000.0,6386,,389406.0,47.34,new
VILAS, SM,2026-10-09,390.3,390.45,376.0,378.1,376.1,393.15,15500,5913000.0,51,,9750.0,62.9,new
VILINBIO, ST,2026-10-09,54.0,54.0,52.0,52.0,52.0,53.65,12000,632000.0,3,,8000.0,66.67,new
VIMTALABS, EQ,2026-10-09,553.0,554.05,525.75,537.45,542.0,553.0,133418,72097000.0,10769,,54040.0,40.5,new
VINATIORGA, EQ,2026-10-09,1127.0,1139.3,1116.2,1124.5,1124.7,1120.8,40190,45164000.0,5168,,18273.0,45.47,new
VINCOFE, EQ,2026-10-09,176.5,179.04,171.31,173.46,174.0,175.79,1249045,217901000.00000003,21146,,625604.0,50.09,new
VINDHYATEL, EQ,2026-10-09,2784.9,2856.6,2777.0,2814.4,2809.0,2776.7,57692,162334000.0,6763,,26036.0,45.13,new
VINEETLAB, EQ,2026-10-09,37.9,37.9,34.61,37.45,37.6,36.5,54462,1986000.0,693,,32639.0,59.93,new
VINNY, EQ,2026-10-09,0.89,0.9,0.85,0.86,0.87,0.89,214573,188000.0,262,,164915.0,76.86,new
VINOD, SM,2026-10-09,35.4,35.4,35.4,35.4,35.4,37.25,6000,212000.0,5,,6000.0,100.0,new
VINSYS, ST,2026-10-09,601.65,601.65,578.0,591.5,593.0,573.0,2500,1479000.0,10,,2000.0,80.0,new
VINYAS, SM,2026-10-09,1455.0,1488.95,1415.05,1477.5,1488.95,1444.7,28600,41842000.0,86,,26600.0,93.01,new
VINYLINDIA, EQ,2026-10-09,209.8,213.99,198.0,201.71,200.7,209.8,21163,4284000.0,836,,15765.0,74.49,new
VIPCLOTHNG, EQ,2026-10-09,20.5,20.5,19.8,20.14,20.4,19.97,8306,168000.0,80,,5756.0,69.3,new
VIPIND, EQ,2026-10-09,275.2,277.35,267.15,269.55,269.2,275.2,265449,71723000.0,6334,,118582.0,44.67,new
VIPULLTD, BE,2026-10-09,9.39,9.82,8.9,9.82,9.82,9.36,276893,2521000.0,539,,,,new
VIRAT, EQ,2026-10-09,406.0,446.85,406.0,435.4,425.0,406.25,46752,20532000.0,1270,,27776.0,59.41,new
VIRINCHI, EQ,2026-10-09,12.77,13.05,12.6,12.81,12.95,12.76,73082,938000.0000000001,252,,53489.0,73.19,new
VIRTUALG, BE,2026-10-09,0.44,0.44,0.42,0.43,0.44,0.43,112479,49000.0,107,,,,new
VISACHROME, EQ,2026-10-09,33.95,34.46,32.51,33.9,33.99,33.31,13191,449000.0,298,,12407.0,94.06,new
VISAKAIND, BE,2026-10-09,80.2,84.57,78.03,84.57,84.57,80.55,105998,8745000.0,444,,,,new
VISAMAN, SM,2026-10-09,25.6,25.6,23.25,23.3,23.25,24.45,20000,476000.0,20,,18000.0,90.0,new
VISDEM, SM,2026-10-09,97.0,100.5,92.0,92.0,92.0,92.65,3600,347000.0,3,,1200.0,33.33,new
VISHAL, EQ,2026-10-09,16.48,17.5,16.29,17.14,16.95,16.48,51778,881000.0,443,,37843.0,73.09,new
VISHNU, EQ,2026-10-09,667.6,675.95,653.0,654.85,656.8,665.65,60193,39669000.0,4859,,29823.0,49.55,new
VISHNUINFR, SM,2026-10-09,136.6,140.95,134.05,135.15,134.05,141.35,7000,959000.0,14,,5000.0,71.43,new
VISHWARAJ, EQ,2026-10-09,5.4,5.57,5.25,5.33,5.33,5.35,320959,1729000.0,429,,175478.0,54.67,new
VISL, EQ,2026-10-09,28.7,29.4,27.9,29.09,29.12,28.46,13878922,399748000.0,33135,,5303721.0,38.21,new
VITAL, EQ,2026-10-09,52.5,52.5,48.0,51.99,51.99,52.5,5772,289000.0,41,,5719.0,99.08,new
VIVIANA, EQ,2026-10-09,850.05,869.7,809.7,817.85,826.0,844.35,35169,28995000.0,3136,,16929.0,48.14,new
VIVIDEL, SM,2026-10-09,1889.95,1914.8,1751.1,1772.4,1765.0,1885.8,20160,36424000.0,79,,12000.0,59.52,new
VIVIDHA, EQ,2026-10-09,0.51,0.52,0.5,0.51,0.51,0.5,379342,193000.0,103,,240956.0,63.52,new
VIVIMEDLAB, BE,2026-10-09,7.25,7.25,6.57,7.25,7.25,6.91,965168,6958000.0,485,,,,new
VIVOBIOT, EQ,2026-10-09,14.54,15.2,14.05,14.93,14.67,14.51,36581,543000.0,204,,31265.0,85.47,new
VIYASH, EQ,2026-10-09,236.01,239.76,232.29,234.06,234.01,235.86,1638950,384753000.0,18856,,722688.0,44.09,new
VLEGOV, EQ,2026-10-09,9.29,9.65,8.92,9.08,9.36,9.44,405771,3819000.0,518,,380174.0,93.69,new
VLINFRA, SM,2026-10-09,24.3,24.3,24.25,24.25,24.25,24.85,4500,109000.00000000001,2,,4500.0,100.0,new
VLSFINANCE, EQ,2026-10-09,226.5,233.0,218.4,221.43,218.4,228.67,9016,2021000.0,476,,7270.0,80.63,new
VMARCIND, SM,2026-10-09,321.05,322.5,312.2,320.3,319.5,320.25,109500,34868000.0,70,,63000.0,57.53,new
VMART, EQ,2026-10-09,811.15,847.7,801.0,821.95,817.5,811.15,144267,119374000.0,10763,,73000.0,50.6,new
VMM, EQ,2026-10-09,97.5,97.95,96.6,97.5,97.5,97.0,6697179,652715000.0,30450,,3343209.0,49.92,new
VMOBILE, SM,2026-10-09,51.85,51.85,51.85,51.85,51.85,51.8,800,41000.0,1,,800.0,100.0,new
VMSTMT, EQ,2026-10-09,44.42,45.76,44.16,44.61,44.35,44.66,24064,1079000.0,374,,17284.0,71.83,new
VNL, BE,2026-10-09,194.04,194.04,194.04,194.04,194.04,204.25,32760,6357000.0,653,,,,new
VOEPL, EQ,2026-10-09,535.0,539.5,510.35,524.95,526.05,532.6,110434,57809000.0,4956,,56559.0,51.22,new
VOGL, EQ,2026-10-09,29.94,30.54,29.12,30.1,30.18,29.87,18199503,547416000.0,43681,,6378819.0,35.05,new
VOITHPAPR, EQ,2026-10-09,1398.7,1424.0,1366.6,1373.1,1370.0,1398.7,542,751000.0,134,,492.0,90.77,new
VOLERCAR, SM,2026-10-09,220.0,220.05,216.0,218.2,218.2,217.75,42400,9298000.0,32,,34400.0,81.13,new
VOLTAMP, EQ,2026-10-09,10358.0,10473.0,10161.0,10302.0,10300.0,10399.0,10796,111179000.0,5234,,5635.0,52.2,new
VOLTAS, EQ,2026-10-09,1035.4,1048.5,1028.6,1033.7,1033.7,1032.0,236986,246146999.99999997,17326,,86694.0,36.58,new
VPRPL, EQ,2026-10-09,27.4,27.78,26.76,27.11,27.15,27.4,326648,8840000.0,1821,,199185.0,60.98,new
VRAJ, EQ,2026-10-09,118.33,121.7,117.0,120.1,120.8,119.85,7339,873000.0,574,,4422.0,60.25,new
VRLLOG, EQ,2026-10-09,284.5,287.9,282.8,284.15,284.15,284.1,211064,60109000.0,6309,,129652.0,61.43,new
VSSL, EQ,2026-10-09,376.15,379.0,365.3,373.4,374.5,376.15,72211,26763000.0,3679,,30353.0,42.03,new
VSTIND, EQ,2026-10-09,200.55,202.56,200.0,201.58,201.88,200.86,89035,17877000.0,3009,,46925.0,52.7,new
VSTL, EQ,2026-10-09,104.95,105.95,100.0,101.24,101.45,104.78,28882,2959000.0,752,,24028.0,83.19,new
VSTTILLERS, EQ,2026-10-09,4257.2,4264.1,4163.3,4235.1,4248.0,4211.5,4630,19544000.0,1766,,1779.0,38.42,new
VTL, EQ,2026-10-09,527.0,537.35,524.45,528.2,528.5,527.35,120814,63860000.0,8237,,58358.0,48.3,new
VTMLTD, EQ,2026-10-09,31.99,37.89,30.41,37.89,37.89,31.58,416468,15151000.0,2002,,177247.0,42.56,new
WAAREEENER, EQ,2026-10-09,2326.0,2345.0,2281.8,2323.0,2323.0,2317.0,349115,808142000.0,24642,,102327.0,29.31,new
WAAREEINDO, EQ,2026-10-09,202.5,202.5,196.24,198.04,197.5,197.0,92283,18341000.0,3069,,40593.0,43.99,new
WAAREERTL, EQ,2026-10-09,799.7,814.8,798.8,802.45,803.85,795.95,125233,100759000.0,10226,,37123.0,29.64,new
WABAG, EQ,2026-10-09,1943.9,1957.6,1921.3,1936.8,1943.0,1934.1,270798,524087000.0,28042,,135771.0,50.14,new
WAKEFIT, EQ,2026-10-09,130.6,133.91,128.71,131.39,130.35,130.51,710663,93129000.0,12424,,379999.0,53.47,new
WALCHANNAG, EQ,2026-10-09,210.0,215.5,206.5,207.3,207.3,208.01,795148,167858000.0,16310,,288164.0,36.24,new
WANBURY, EQ,2026-10-09,192.0,201.0,190.89,196.42,195.2,194.2,356358,69963000.0,6508,,161385.0,45.29,new
WARDINMOBI, BZ,2026-10-09,5.02,5.1,4.85,5.06,5.05,4.95,284891,1427000.0,580,,,,new
WATERBASE, EQ,2026-10-09,44.16,44.84,43.81,44.31,44.69,44.12,6687,295000.0,116,,5716.0,85.48,new
WCIL, EQ,2026-10-09,92.8,97.8,92.8,97.52,97.4,93.3,571502,54900000.0,5305,,250856.0,43.89,new
WEALTH, EQ,2026-10-09,833.5,949.85,833.0,911.3,919.5,836.7,5461,4861000.0,676,,3704.0,67.83,new
WEBELSOLAR, EQ,2026-10-09,66.35,67.25,65.0,65.57,65.96,66.4,1407005,93122000.0,10000,,681024.0,48.4,new
WEIZMANIND, EQ,2026-10-09,70.31,71.99,70.25,71.46,71.5,71.07,373,26000.0,17,,243.0,65.15,new
WEL, EQ,2026-10-09,75.25,76.0,74.21,75.54,75.51,75.25,134919,10091000.0,1320,,74500.0,55.22,new
WELCORP, EQ,2026-10-09,2657.9,2691.6,2601.7,2640.4,2630.9,2651.3,760698,2007779000.0,51364,,227663.0,29.93,new
WELENT, EQ,2026-10-09,740.0,744.4,725.05,735.9,737.95,732.35,124975,91597000.0,9570,,59661.0,47.74,new
WELINV, BE,2026-10-09,2305.0,2305.0,2305.0,2305.0,2305.0,2352.0,81,187000.0,14,,,,new
WELSPLSOL, EQ,2026-10-09,49.0,49.5,48.31,48.98,49.0,48.92,446585,21856000.0,2146,,273056.0,61.14,new
WELSPUNLIV, EQ,2026-10-09,225.93,230.31,220.01,223.75,224.01,225.07,2587725,579594000.0,40301,,855998.0,33.08,new
WENDT, EQ,2026-10-09,7720.0,7844.0,7612.0,7748.5,7790.0,7712.0,5264,40628000.0,1550,,2863.0,54.39,new
WESTLIFE, EQ,2026-10-09,574.9,584.2,571.9,580.6,575.4,577.2,64759,37518000.0,8646,,26830.0,41.43,new
WEWIN, EQ,2026-10-09,50.5,52.0,50.4,51.33,51.33,51.36,814,41000.0,35,,779.0,95.7,new
WEWORK, EQ,2026-10-09,664.0,674.35,656.0,669.45,668.0,664.1,96372,64261000.0,13087,,51754.0,53.7,new
WHBRADY, EQ,2026-10-09,471.75,471.75,471.75,471.75,471.75,471.75,1,0.0,1,,1.0,100.0,new
WHEELS, EQ,2026-10-09,2193.1,2241.8,2143.0,2207.2,2208.0,2208.2,73512,162410000.0,8314,,22811.0,31.03,new
WHIRLPOOL, EQ,2026-10-09,830.45,836.0,810.0,816.75,817.5,823.15,493704,403911000.0,24742,,218013.0,44.16,new
WILLAMAGOR, EQ,2026-10-09,20.29,21.4,20.0,20.18,20.88,19.91,3934,80000.0,79,,2217.0,56.35,new
WINDLAS, EQ,2026-10-09,1001.9,1007.1,936.0,949.2,953.9,991.6,129137,123476000.0,10784,,55159.0,42.71,new
WINDMACHIN, EQ,2026-10-09,289.8,298.95,287.1,296.2,297.5,288.1,37371,10937000.0,1637,,12453.0,33.32,new
WINSOL, SM,2026-10-09,103.25,112.6,103.25,111.9,111.9,106.55,8000,883000.0,12,,6800.0,85.0,new
WIPL, EQ,2026-10-09,160.69,162.9,160.01,160.37,161.0,160.69,2086,334000.0,46,,1147.0,54.99,new
WIPRO, EQ,2026-10-09,158.3,164.3,158.3,162.57,162.57,158.38,23916315,3895149000.0,97365,,9563817.0,39.99,new
WOCKPHARMA, EQ,2026-10-09,2045.8,2064.0,1986.1,1996.4,2001.0,2029.6,687125,1381273000.0,44721,,295409.0,42.99,new
WOL3D, SM,2026-10-09,135.0,135.0,135.0,135.0,135.0,137.0,1000,135000.0,1,,1000.0,100.0,new
WOMANCART, ST,2026-10-09,88.0,89.45,83.75,84.15,84.05,88.1,27600,2355000.0,53,,24000.0,86.96,new
WONDERLA, EQ,2026-10-09,505.7,514.0,500.0,508.55,514.0,509.45,45100,22764000.0,2953,,28312.0,62.78,new
WORTHPERI, EQ,2026-10-09,136.2,164.61,136.0,154.9,152.02,137.18,115180,17812000.0,1475,,27172.0,23.59,new
WPIL, EQ,2026-10-09,426.85,435.5,422.55,430.9,433.8,421.0,19698,8445000.0,1295,,8237.0,41.82,new
WSI, EQ,2026-10-09,52.8,53.99,51.5,53.74,53.95,52.89,27302,1440000.0,856,,14904.0,54.59,new
WSTCSTPAPR, EQ,2026-10-09,715.0,735.4,709.85,727.65,722.0,713.1,187634,135813000.0,9716,,74105.0,39.49,new
WTICAB, SM,2026-10-09,97.0,97.0,97.0,97.0,97.0,96.65,2500,243000.00000000003,2,,2500.0,100.0,new
XCHANGING, EQ,2026-10-09,59.58,60.97,59.05,60.3,60.5,58.96,35050,2094000.0000000002,1077,,16771.0,47.85,new
XELPMOC, EQ,2026-10-09,90.39,94.25,87.0,87.94,87.0,90.39,6307,565000.0,312,,3444.0,54.61,new
XPROINDIA, EQ,2026-10-09,1088.1,1111.8,1088.1,1095.0,1090.0,1088.1,34540,37942000.0,3412,,19330.0,55.96,new
XTGLOBAL, EQ,2026-10-09,26.61,27.0,26.0,26.76,26.75,26.85,20182,535000.0,398,,14958.0,74.12,new
XTRANET, EQ,2026-10-09,288.45,301.95,278.55,287.5,288.6,287.6,604762,176922000.0,10614,,258163.0,42.69,new
YAAP, SM,2026-10-09,117.5,117.5,113.0,116.35,117.0,120.0,11000,1270000.0,10,,9000.0,81.82,new
YASHO, EQ,2026-10-09,4150.0,4219.4,3981.1,4125.0,4150.0,4114.7,26040,107101000.0,5643,,9656.0,37.08,new
YASHOPTICS, SM,2026-10-09,122.25,123.1,122.25,123.1,123.1,125.0,4800,588000.0,6,,3200.0,66.67,new
YATHARTH, EQ,2026-10-09,1020.5,1055.0,1012.8,1022.2,1015.0,1014.2,283350,292727000.0,32833,,90903.0,32.08,new
YATRA, EQ,2026-10-09,97.13,97.16,94.5,94.74,94.86,96.1,702482,66947000.0,8993,,303578.0,43.22,new
YCCL, SM,2026-10-09,8.1,8.1,8.1,8.1,8.1,8.15,3000,24000.0,1,,3000.0,100.0,new
YESBANK, EQ,2026-10-09,20.48,20.69,20.42,20.5,20.5,20.45,49563814,1018126000.0,57827,,22182605.0,44.76,new
YOGI, EQ,2026-10-09,156.0,160.0,156.0,159.99,160.0,156.35,1503,235000.0,35,,1445.0,96.14,new
YUDIZ, SM,2026-10-09,20.7,20.7,20.7,20.7,20.7,21.75,800,17000.0,1,,800.0,100.0,new
YUKEN, EQ,2026-10-09,1120.0,1147.7,1065.1,1089.2,1085.0,1135.3,42988,47147000.0,5279,,19249.0,44.78,new
ZAGGLE, EQ,2026-10-09,167.55,169.04,165.8,168.3,168.0,166.43,662813,111140000.00000001,9456,,252201.0,38.05,new
ZEAL, SM,2026-10-09,67.7,69.9,67.7,69.9,69.9,71.2,1800,123000.0,3,,1800.0,100.0,new
ZEEL, EQ,2026-10-09,68.7,70.5,68.16,69.97,70.2,68.37,14228095,989408000.0,56506,,4767600.0,33.51,new
ZEELEARN, EQ,2026-10-09,6.2,6.24,5.99,6.07,6.09,6.2,178544,1097000.0,573,,137927.0,77.25,new
ZEEMEDIA, EQ,2026-10-09,7.07,7.14,7.0,7.03,7.05,7.05,1103292,7775000.0,1253,,777474.0,70.47,new
ZENITHDRUG, SM,2026-10-09,43.8,43.8,40.0,40.6,40.15,41.4,19200,786000.0,17,,16800.0,87.5,new
ZENITHSTL, EQ,2026-10-09,5.19,5.28,5.06,5.2,5.14,5.11,30992,161000.0,169,,16185.0,52.22,new
ZENSARTECH, EQ,2026-10-09,445.0,462.0,443.2,448.55,449.85,441.8,1677315,762249000.0,49450,,293025.0,17.47,new
ZENTEC, EQ,2026-10-09,1510.0,1534.7,1485.0,1528.8,1530.0,1514.2,238886,361976000.0,23629,,79063.0,33.1,new
ZFCVINDIA, EQ,2026-10-09,2105.9,2120.8,2075.0,2082.2,2075.0,2116.2,28388,59379999.99999999,6569,,12869.0,45.33,new
ZFSTEERING, EQ,2026-10-09,685.25,693.75,681.3,688.65,693.25,683.1,1082,744000.0,112,,730.0,67.47,new
ZIMLAB, EQ,2026-10-09,141.0,153.94,138.69,150.47,152.65,140.53,554208,82728000.0,7364,,141381.0,25.51,new
ZODIAC, EQ,2026-10-09,214.0,214.0,205.0,205.97,207.11,207.2,6441,1336000.0,590,,4299.0,66.74,new
ZODIACLOTH, EQ,2026-10-09,66.04,67.97,64.41,65.31,65.01,66.19,9956,653000.0,150,,8011.0,80.46,new
ZOTA, EQ,2026-10-09,1322.0,1331.9,1300.0,1324.1,1320.1,1322.4,27310,36046000.0,2553,,12928.0,47.34,new
ZSARACOM, EQ,2026-10-09,9636.0,9900.0,9636.0,9900.0,9900.0,9901.0,3,28999.999999999996,3,,1.0,33.33,new
ZTECH, SM,2026-10-09,462.5,475.0,457.0,460.05,460.05,466.0,9900,4608000.0,31,,7200.0,72.73,new
ZUARI, EQ,2026-10-09,208.51,209.91,206.0,206.98,206.1,208.18,54843,11382000.0,1964,,27356.0,49.88,new
ZUARIIND, EQ,2026-10-09,268.05,271.2,265.4,268.6,267.5,268.7,25414,6806999.999999999,1284,,11420.0,44.94,new
ZYDUSLIFE, EQ,2026-10-09,1112.0,1123.7,1105.4,1117.5,1117.5,1112.0,529822,592063000.0,15079,,303957.0,57.37,new
ZYDUSWELL, EQ,2026-10-09,494.05,498.25,489.6,490.7,493.0,495.8,72845,35924000.0,7669,,35892.0,49.27,new
