SYMBOL,SERIES,DATE,OPEN,HIGH,LOW,CLOSE,LAST,PREV_CLOSE,VOLUME,TURNOVER,TRADES,ISIN,DELIV_QTY,DELIV_PER,SOURCE
20MICRONS, EQ,2026-10-05,206.0,212.24,202.01,204.61,204.35,207.26,80913,16697999.999999998,2881,,30447.0,37.63,new
21STCENMGM, EQ,2026-10-05,38.49,38.5,37.24,37.61,37.24,38.0,5247,199000.0,39,,3616.0,68.92,new
360ONE, EQ,2026-10-05,1033.6,1059.6,1033.3,1050.0,1050.0,1040.0,564932,592811000.0,67190,,303874.0,53.79,new
3BBLACKBIO, EQ,2026-10-05,1646.9,1734.0,1609.6,1624.7,1609.6,1646.8,14040,23495000.0,2297,,5670.0,40.38,new
3IINFOLTD, BE,2026-10-05,22.4,22.9,22.16,22.62,22.75,22.45,297520,6669000.0,582,,,,new
3MINDIA, EQ,2026-10-05,30825.0,31170.0,30220.0,30400.0,30410.0,30795.0,2411,73785000.0,1555,,1115.0,46.25,new
3PLAND, EQ,2026-10-05,30.51,31.72,30.11,30.48,30.5,31.12,2359,72000.0,83,,2302.0,97.58,new
574GS2026, GS,2026-10-05,99.92,102.2,99.92,101.71,101.71,102.49,220,22000.0,6,,110.0,50.0,new
5PAISA, EQ,2026-10-05,321.85,379.6,320.9,360.9,358.25,316.35,2189848,794730000.0,59297,,261716.0,11.95,new
610GS2031, GS,2026-10-05,99.75,99.75,99.75,99.75,99.75,97.13,1,0.0,1,,1.0,100.0,new
620GS2029, GS,2026-10-05,98.0,98.0,97.8,97.8,97.8,98.5,1000,98000.0,5,,1000.0,100.0,new
636GS2031, GS,2026-10-05,99.5,99.5,99.5,99.5,99.5,99.0,2040,202999.99999999997,1,,2040.0,100.0,new
63MOONS, EQ,2026-10-05,805.35,821.0,785.0,789.75,785.1,802.25,141052,112926000.0,7429,,60873.0,43.16,new
648GS2035, GS,2026-10-05,95.3,97.15,95.3,97.0,97.0,98.5,3968,385000.0,10,,3968.0,100.0,new
653GS2031, GS,2026-10-05,99.8,99.8,99.8,99.8,99.8,98.0,2000,200000.0,2,,2000.0,100.0,new
654GS2032, GS,2026-10-05,99.25,99.25,99.25,99.25,99.25,99.1,1000,99000.0,1,,1000.0,100.0,new
657GS2033A, GS,2026-10-05,99.0,99.0,99.0,99.0,99.0,99.9,555,55000.00000000001,1,,555.0,100.0,new
667GS2050, GS,2026-10-05,92.0,92.0,91.9,91.95,91.9,91.25,2282,210000.0,5,,2282.0,100.0,new
668GS2033, GS,2026-10-05,99.05,99.05,97.3,98.0,98.0,99.0,2100,206999.99999999997,7,,1200.0,57.14,new
668GS2040, GS,2026-10-05,96.47,98.0,96.0,96.0,96.0,98.0,120214,11725000.0,6,,120214.0,100.0,new
675GS2029, GS,2026-10-05,101.0,101.0,101.0,101.0,101.0,101.0,1000,101000.0,2,,1000.0,100.0,new
676GS2061, GS,2026-10-05,89.6,89.6,88.58,89.44,89.45,88.55,31094,2778000.0,34,,29345.0,94.38,new
679GS2031, GS,2026-10-05,100.49,100.49,100.49,100.49,100.49,101.5,100,10000.0,4,,100.0,100.0,new
679GS2034, GS,2026-10-05,101.5,101.5,101.5,101.5,101.5,101.5,1350,137000.0,2,,1350.0,100.0,new
68GS2060, GS,2026-10-05,92.2,92.2,91.0,91.2,91.2,91.15,3572,326000.0,20,,3572.0,100.0,new
690GS2065, GS,2026-10-05,93.54,93.54,92.25,93.23,93.23,92.98,1922,178000.0,11,,1903.0,99.01,new
692GS2039, GS,2026-10-05,99.02,99.02,99.0,99.0,99.0,99.0,100,10000.0,4,,100.0,100.0,new
694GS2036, GS,2026-10-05,101.23,104.0,101.23,102.26,102.25,101.23,1610,165000.0,6,,1103.0,68.51,new
695GS2061, GS,2026-10-05,93.0,93.0,91.52,91.52,91.52,92.08,6,1000.0,4,,4.0,66.67,new
697GR2034, GS,2026-10-05,97.0,97.0,97.0,97.0,97.0,97.99,100,10000.0,1,,100.0,100.0,new
699GS2051, GS,2026-10-05,96.7,96.7,96.7,96.7,96.7,96.0,772,75000.0,2,,772.0,100.0,new
702GS2027, GS,2026-10-05,102.32,102.45,102.32,102.45,102.45,102.98,101,10000.0,2,,101.0,100.0,new
704GS2029, GS,2026-10-05,102.95,102.95,102.5,102.5,102.5,102.0,5001,513000.0,5,,5001.0,100.0,new
706GS2041, GS,2026-10-05,99.69,99.69,99.69,99.69,99.69,100.7,100,10000.0,1,,100.0,100.0,new
709GS2054, GS,2026-10-05,95.74,95.74,95.0,95.0,95.0,94.5,5104,486000.00000000006,8,,5102.0,99.96,new
709GS2074, GS,2026-10-05,94.41,94.88,94.41,94.83,94.83,94.36,1948,185000.0,7,,1948.0,100.0,new
710GS2029, GS,2026-10-05,103.0,103.15,103.0,103.15,103.15,103.5,6125,631000.0,16,,6075.0,99.18,new
717GS2030, GS,2026-10-05,102.26,103.35,102.25,103.35,103.35,103.35,4300,440000.00000000006,4,,4300.0,100.0,new
718GS2033, GS,2026-10-05,101.2,101.2,101.2,101.2,101.2,101.2,1,0.0,1,,1.0,100.0,new
718GS2037, GS,2026-10-05,104.55,104.55,100.82,101.12,101.12,102.0,509,51000.0,3,,509.0,100.0,new
71GS2034, GS,2026-10-05,103.73,103.73,103.38,103.38,103.38,103.18,11,1000.0,2,,11.0,100.0,new
724GS2055, GS,2026-10-05,95.15,96.3,95.15,96.0,96.0,95.5,65201,6256000.0,52,,65101.0,99.85,new
725GS2063, GS,2026-10-05,96.3,97.25,96.11,96.61,96.25,96.04,113463,10939000.0,80,,111642.0,98.4,new
726GS2032, GS,2026-10-05,100.55,100.8,100.52,100.52,100.52,100.01,6008,604000.0,9,,6008.0,100.0,new
726GS2033, GS,2026-10-05,100.83,100.83,100.82,100.82,100.82,100.82,20,2000.0,2,,20.0,100.0,new
733GS2026, GS,2026-10-05,101.97,103.0,101.97,102.82,102.82,103.0,501,51000.0,9,,351.0,70.06,new
734GS2064, GS,2026-10-05,98.9,98.94,98.4,98.65,98.65,98.63,48101,4743000.0,69,,43094.0,89.59,new
736GS2052, GS,2026-10-05,97.0,98.45,97.0,98.45,98.45,98.0,136,13000.0,3,,136.0,100.0,new
737GS2028, GS,2026-10-05,104.0,104.0,104.0,104.0,104.0,104.5,3000,312000.0,3,,3000.0,100.0,new
738GS2027, GS,2026-10-05,102.79,102.83,102.45,102.81,102.83,102.41,61762,6342000.0,22,,60761.0,98.38,new
73GS2053, GS,2026-10-05,98.05,98.05,97.3,97.31,97.3,97.42,8558,834000.0,28,,8558.0,100.0,new
741GS2036, GS,2026-10-05,103.0,103.0,102.6,103.0,103.0,103.0,4263,438999.99999999994,25,,4260.0,99.93,new
743GS2076, GS,2026-10-05,97.6,99.0,97.6,98.3,98.3,98.5,8465,833000.0,40,,7614.0,89.95,new
746GS2073, GS,2026-10-05,101.99,101.99,101.99,101.99,101.99,99.86,201,20000.0,2,,201.0,100.0,new
74GS2062, GS,2026-10-05,98.9,98.9,98.0,98.0,98.0,98.0,2869,282000.0,11,,2869.0,100.0,new
750GS2056, GS,2026-10-05,101.0,101.0,101.0,101.0,101.0,99.45,100,10000.0,1,,100.0,100.0,new
754GS2036, GS,2026-10-05,104.02,104.8,104.02,104.67,104.7,104.66,400150,41882000.0,136,,384824.0,96.17,new
757GS2033, GS,2026-10-05,103.2,103.2,103.2,103.2,103.2,103.7,8000,826000.0,1,,8000.0,100.0,new
762GS2039, GS,2026-10-05,102.0,102.0,102.0,102.0,102.0,102.0,1000,102000.0,1,,1000.0,100.0,new
763GS2056, GS,2026-10-05,100.65,100.65,100.2,100.2,100.2,100.5,34800,3488000.0000000005,4,,34800.0,100.0,new
771GS2066, GS,2026-10-05,102.5,104.15,102.02,103.29,103.29,103.05,9109,940000.0,31,,8698.0,95.49,new
824GS2027, GS,2026-10-05,101.31,101.6,101.31,101.6,101.6,103.3,120,12000.0,3,,60.0,50.0,new
92GS2030, GS,2026-10-05,109.7,109.7,108.5,108.9,108.9,109.61,17226,1872000.0,28,,16990.0,98.63,new
A2ZINFRA, EQ,2026-10-05,14.4,14.88,13.67,13.76,13.67,14.38,295238,4184000.0000000005,1945,,117932.0,39.94,new
AAATECH, EQ,2026-10-05,96.0,103.8,93.2,95.44,95.2,92.74,196936,19593000.0,4169,,33882.0,17.2,new
AADHARHFC, EQ,2026-10-05,450.95,455.7,449.05,453.7,453.6,448.4,255416,115369000.0,16741,,138436.0,54.2,new
AAKASH, EQ,2026-10-05,8.4,8.8,8.25,8.44,8.5,8.34,73690,628000.0,404,,56248.0,76.33,new
AARADHYA, ST,2026-10-05,121.0,128.65,121.0,128.65,128.65,123.05,3600,445000.0,3,,3600.0,100.0,new
AAREYDRUGS, EQ,2026-10-05,104.02,106.51,100.5,104.07,104.03,103.85,234591,24277000.0,2070,,144474.0,61.59,new
AARNAV, BE,2026-10-05,35.5,37.0,34.5,36.49,36.5,35.5,36944,1341000.0,80,,,,new
AARON, EQ,2026-10-05,122.5,125.0,120.85,122.25,122.98,123.11,4568,559000.0,203,,3179.0,69.59,new
AARTECH, BE,2026-10-05,48.13,48.13,47.1,47.3,47.15,47.92,30889,1467000.0,183,,,,new
AARTIDRUGS, EQ,2026-10-05,424.9,425.35,413.6,415.0,414.5,421.0,123549,51721000.0,4911,,56915.0,46.07,new
AARTIIND, EQ,2026-10-05,469.0,475.8,459.55,470.85,472.65,465.1,561260,261963000.0,24069,,231239.0,41.2,new
AARTIPHARM, EQ,2026-10-05,981.0,991.8,940.55,946.6,946.7,968.5,629798,602941000.0,38027,,272927.0,43.34,new
AARTISURF, BE,2026-10-05,499.95,505.0,492.0,493.0,492.0,498.5,4398,2183000.0,180,,,,new
AARVI, EQ,2026-10-05,136.51,138.0,133.52,135.18,135.05,137.12,8409,1136000.0,177,,5571.0,66.25,new
AASTHA, EQ,2026-10-05,31.7,32.53,30.83,30.83,30.83,32.45,563310,17516000.0,3037,,359221.0,63.77,new
AATMAJ, SM,2026-10-05,20.25,23.05,20.25,21.95,21.95,20.0,34000,760000.0,15,,22000.0,64.71,new
AAVAS, EQ,2026-10-05,1195.5,1234.7,1192.6,1219.5,1212.0,1190.9,229879,282491000.0,11565,,178475.0,77.64,new
ABAN, BE,2026-10-05,16.12,16.12,16.12,16.12,16.12,15.36,18844,304000.0,86,,,,new
ABANSENT, EQ,2026-10-05,27.78,28.28,26.6,27.11,27.88,27.6,3718,102000.0,118,,2262.0,60.84,new
ABB, EQ,2026-10-05,6950.0,6981.0,6846.5,6895.0,6895.0,6900.0,157334,1086841000.0,28656,,74160.0,47.14,new
ABBOTINDIA, EQ,2026-10-05,26705.0,26840.0,26030.0,26240.0,26345.0,26840.0,5773,151796000.0,3386,,2491.0,43.15,new
ABCAPITAL, EQ,2026-10-05,375.95,381.3,373.85,377.4,377.4,375.05,1609846,606409000.0,29888,,840130.0,52.19,new
ABCOTS, EQ,2026-10-05,198.0,198.0,192.14,195.98,196.55,189.91,2569,504000.0,121,,1892.0,73.65,new
ABDL, EQ,2026-10-05,682.0,701.0,680.25,696.75,695.9,679.45,337569,232710000.0,18879,,140729.0,41.69,new
ABFRL, EQ,2026-10-05,44.6,45.37,44.25,44.34,44.47,44.53,3728699,166610000.0,16542,,1701511.0,45.63,new
ABGSEC, EQ,2026-10-05,112.44,113.53,112.44,113.53,113.53,113.58,55,6000.0,10,,35.0,63.64,new
ABH, SM,2026-10-05,42.0,43.5,42.0,43.5,43.5,41.45,28800,1250000.0,23,,26400.0,91.67,new
ABHAPOWER, SM,2026-10-05,24.0,24.0,22.9,23.05,23.05,23.85,4800,112000.00000000001,3,,3200.0,66.67,new
ABINFRA, BE,2026-10-05,12.56,12.75,12.25,12.35,12.36,12.56,68896,852000.0,204,,,,new
ABLBL, EQ,2026-10-05,75.5,75.5,72.2,73.37,73.5,74.44,1522029,112197000.0,18004,,683045.0,44.88,new
ABMINTLLTD, BE,2026-10-05,44.07,45.0,44.07,45.0,45.0,45.2,278,12000.0,15,,,,new
ABMKNO, EQ,2026-10-05,176.0,176.0,165.2,165.85,165.25,168.07,461,77000.0,32,,328.0,71.15,new
ABREL, EQ,2026-10-05,1110.4,1131.1,1079.0,1082.6,1079.0,1100.5,310042,339197000.0,25433,,177061.0,57.11,new
ABSL10BANK, EQ,2026-10-05,163.01,163.01,161.28,162.01,162.44,162.3,392,64000.0,17,,307.0,78.32,new
ABSLAMC, EQ,2026-10-05,985.0,1043.6,971.1,1028.55,1026.0,991.7,300672,307260000.0,32218,,151013.0,50.23,new
ABSLBANETF, EQ,2026-10-05,55.99,56.57,55.91,56.03,55.94,55.97,17447,980000.0000000001,380,,6359.0,36.45,new
ABSLLIQUID, EQ,2026-10-05,999.99,1000.01,999.99,999.99,1000.01,1000.0,29146,29145999.999999996,49,,25694.0,88.16,new
ABSLMSCIN, EQ,2026-10-05,28.33,28.33,27.55,27.72,27.72,27.68,1353,37000.0,13,,1128.0,83.37,new
ABSLNN50ET, EQ,2026-10-05,74.55,74.55,72.3,72.69,73.15,73.05,18937,1382000.0,422,,9166.0,48.4,new
ABSLPSE, EQ,2026-10-05,9.82,9.82,9.62,9.7,9.7,9.73,102705,994999.9999999999,552,,59208.0,57.65,new
ABSMARINE, SM,2026-10-05,330.0,342.0,320.0,327.05,325.0,330.7,48000,15749000.0,93,,34000.0,70.83,new
ACC, EQ,2026-10-05,1189.0,1199.4,1174.6,1184.4,1183.0,1182.8,85873,101806000.0,10484,,39051.0,45.48,new
ACCELYA, EQ,2026-10-05,1110.0,1130.0,1096.4,1105.3,1105.0,1094.2,45159,50255000.0,3618,,28386.0,62.86,new
ACCENTMIC, SM,2026-10-05,660.0,675.0,657.5,662.9,659.5,669.9,20500,13618000.0,37,,18000.0,87.8,new
ACCPL, ST,2026-10-05,195.05,195.05,193.15,194.05,193.15,203.3,34800,6731000.0,21,,32400.0,93.1,new
ACCURACY, EQ,2026-10-05,4.19,4.23,4.06,4.15,4.15,4.13,106900,447000.0,254,,85224.0,79.72,new
ACE, EQ,2026-10-05,1210.0,1243.4,1203.0,1227.5,1227.2,1212.3,287382,353086000.0,29702,,131940.0,45.91,new
ACEINTEG, EQ,2026-10-05,17.14,17.14,16.2,16.53,16.7,17.14,1669,27000.0,74,,1194.0,71.54,new
ACETEC, SM,2026-10-05,140.0,140.0,140.0,140.0,140.0,140.0,2400,336000.0,2,,2400.0,100.0,new
ACEVECTOR, EQ,2026-10-05,28.32,28.75,23.37,26.08,25.81,32.0,114297844,2987566000.0,152137,,51968885.0,45.47,new
ACGL, EQ,2026-10-05,1674.4,1689.6,1636.6,1683.0,1675.0,1622.7,1051,1750000.0,176,,783.0,74.5,new
ACI, EQ,2026-10-05,479.0,481.2,460.5,463.2,465.0,475.05,659603,311811000.0,22203,,496247.0,75.23,new
ACL, EQ,2026-10-05,39.85,39.99,39.01,39.8,39.75,39.33,11611,462000.0,217,,9039.0,77.85,new
ACMESOLAR, EQ,2026-10-05,434.75,440.0,423.5,427.65,427.9,432.55,809545,348621000.0,37603,,406093.0,50.16,new
ACSTECH, BE,2026-10-05,77.6,77.6,76.3,76.3,76.3,77.85,266469,20523000.0,314,,,,new
ACTIVEINFR, SM,2026-10-05,172.5,172.5,172.5,172.5,172.5,181.25,600,104000.0,1,,600.0,100.0,new
ACUTAAS, EQ,2026-10-05,3204.1,3228.1,3100.2,3122.2,3134.0,3196.5,274682,862510000.0,45529,,147250.0,53.61,new
ADANIENSOL, EQ,2026-10-05,1336.1,1377.8,1336.1,1353.4,1353.4,1326.4,2095376,2833548000.0,52835,,933302.0,44.54,new
ADANIENT, EQ,2026-10-05,2843.9,2890.9,2823.0,2864.0,2864.0,2816.8,1782260,5080721000.0,59017,,941305.0,52.82,new
ADANIGREEN, EQ,2026-10-05,1287.4,1303.5,1266.6,1284.0,1284.0,1276.1,1014292,1300993000.0,31039,,352053.0,34.71,new
ADANIPORTS, EQ,2026-10-05,1769.9,1779.0,1737.8,1774.0,1774.0,1737.8,2792824,4911566000.0,60101,,1654334.0,59.24,new
ADANIPOWER, EQ,2026-10-05,197.17,201.68,197.1,201.0,201.0,196.21,19752263,3937676999.9999995,131298,,9327660.0,47.22,new
ADDICTIVE, ST,2026-10-05,40.0,40.65,38.95,40.1,39.3,41.0,19000,743000.0,15,,17000.0,89.47,new
ADDIND, EQ,2026-10-05,76.4,81.95,70.0,79.49,79.0,76.4,901,67000.0,34,,796.0,88.35,new
ADFFOODS, EQ,2026-10-05,281.35,285.0,276.7,282.15,284.0,281.4,145718,40966000.0,5097,,71119.0,48.81,new
ADISOFT, SM,2026-10-05,255.0,266.0,255.0,263.65,264.85,248.65,155200,40109000.0,162,,128800.0,82.99,new
ADL, EQ,2026-10-05,77.0,80.0,72.5,75.9,76.36,72.52,2780,211000.0,68,,1298.0,46.69,new
ADOR, EQ,2026-10-05,1570.4,1588.3,1500.0,1512.0,1511.0,1570.4,59027,90141000.0,7423,,26030.0,44.1,new
ADROITIND, BE,2026-10-05,224.19,224.19,224.19,224.19,224.19,235.98,55903,12533000.0,1045,,,,new
ADROITINFO, BE,2026-10-05,13.25,13.25,13.25,13.25,13.25,13.94,95710,1268000.0,92,,,,new
ADSL, EQ,2026-10-05,108.89,109.48,103.11,105.51,105.45,106.38,165539,17497000.0,3268,,59602.0,36.0,new
ADVAIT, EQ,2026-10-05,1869.1,1903.9,1821.6,1832.1,1830.0,1863.0,31536,58692999.99999999,5509,,16494.0,52.3,new
ADVANCE, EQ,2026-10-05,118.5,118.5,114.39,115.85,116.11,116.75,69861,8125000.0,1113,,43935.0,62.89,new
ADVANIHOTR, EQ,2026-10-05,47.0,47.73,47.0,47.26,47.24,46.98,14687,693000.0,361,,9748.0,66.37,new
ADVENTHTL, EQ,2026-10-05,125.2,126.72,121.25,123.12,125.24,123.77,118617,14647000.0,2131,,55300.0,46.62,new
ADVENZYMES, EQ,2026-10-05,274.45,276.25,270.45,272.4,273.55,274.25,145809,39851000.0,4971,,79035.0,54.2,new
ADVIKCA, EQ,2026-10-05,1.0,1.04,0.98,0.99,1.02,1.0,157535,156000.0,231,,108472.0,68.86,new
AEGISLOG, EQ,2026-10-05,1400.2,1410.0,1355.0,1359.5,1357.8,1401.1,873548,1207990000.0,61050,,404397.0,46.29,new
AEGISVOPAK, EQ,2026-10-05,298.0,299.35,286.45,297.55,296.65,290.75,781630,230144999.99999997,20299,,313713.0,40.14,new
AEPL, EQ,2026-10-05,15.95,15.95,14.87,15.01,14.87,15.34,9208,141000.0,158,,6392.0,69.42,new
AEQUS, EQ,2026-10-05,279.25,287.7,274.1,284.5,286.4,275.05,3706824,1038144000.0,59949,,1736664.0,46.85,new
AEROENTER, EQ,2026-10-05,122.54,130.0,122.54,126.69,126.7,121.93,761790,96901000.0,9529,,264151.0,34.68,new
AEROFLEX, EQ,2026-10-05,524.0,551.4,524.0,544.35,543.0,521.35,2372211,1282517000.0,61108,,1098090.0,46.29,new
AERON, SM,2026-10-05,85.4,87.9,84.1,86.0,86.0,82.4,6000,517000.0,6,,5000.0,83.33,new
AERONEU, EQ,2026-10-05,70.03,70.99,69.11,69.7,70.0,70.56,29604,2068000.0,442,,26614.0,89.9,new
AEROPLANE, EQ,2026-10-05,207.9,216.9,207.46,211.24,210.9,208.14,2097713,444789999.99999994,19182,,1006984.0,48.0,new
AESTHETIK, SM,2026-10-05,65.2,65.2,65.2,65.2,65.2,65.1,2000,130000.0,2,,2000.0,100.0,new
AETHER, EQ,2026-10-05,1670.0,1685.0,1639.1,1661.0,1665.7,1670.0,196127,325597000.0,24077,,97978.0,49.96,new
AFCONS, EQ,2026-10-05,244.04,246.79,239.0,241.5,240.1,242.39,481694,116129000.0,10393,,200833.0,41.69,new
AFFLE, EQ,2026-10-05,1460.4,1475.4,1439.4,1443.8,1442.0,1449.6,155743,226394999.99999997,22946,,80666.0,51.79,new
AFFORDABLE, EQ,2026-10-05,163.5,172.4,160.0,163.65,163.99,168.11,18790,3128000.0,596,,13183.0,70.16,new
AFIL, EQ,2026-10-05,7.8,7.95,7.75,7.77,7.75,7.86,669504,5215000.0,449,,600009.0,89.62,new
AFSL, EQ,2026-10-05,201.0,201.95,201.0,201.0,201.0,201.0,6118,1230000.0,49,,4848.0,79.24,new
AGARIND, EQ,2026-10-05,384.35,391.6,379.0,382.95,380.8,386.0,24340,9319000.0,1671,,11194.0,45.99,new
AGARWALEYE, EQ,2026-10-05,490.2,492.0,475.3,484.25,483.85,486.45,292496,141030000.0,15583,,178846.0,61.14,new
AGARWALFT, SM,2026-10-05,25.6,25.6,25.6,25.6,25.6,26.9,3000,77000.0,2,,3000.0,100.0,new
AGARWALTUF, SM,2026-10-05,172.0,177.0,166.7,173.5,175.0,171.45,158400,27195000.0,109,,66000.0,41.67,new
AGASTYAEN, BE,2026-10-05,69.49,69.49,68.16,68.16,68.16,69.55,68044,4682000.0,175,,,,new
AGI, EQ,2026-10-05,800.9,803.65,776.55,781.7,782.0,790.8,62423,49009000.0,6596,,29237.0,46.84,new
AGIIL, EQ,2026-10-05,263.8,263.8,258.0,261.25,260.55,260.0,212796,55516000.0,4363,,96523.0,45.36,new
AGL, EQ,2026-10-05,12.59,12.85,12.41,12.5,12.41,12.59,1299528,16404000.0,2576,,716012.0,55.1,new
AGNI, SM,2026-10-05,15.25,15.25,14.4,14.55,14.6,14.55,27500,405999.99999999994,10,,25000.0,90.91,new
AGRITECH, EQ,2026-10-05,93.9,93.9,86.1,88.47,87.0,89.96,3243,291000.0,178,,2449.0,75.52,new
AGROPHOS, EQ,2026-10-05,23.99,23.99,22.0,22.31,22.6,23.0,26169,589000.0,213,,22188.0,84.79,new
AGSTRA, BZ,2026-10-05,2.49,2.49,2.49,2.49,2.49,2.54,26784,67000.0,120,,,,new
AGUL, SM,2026-10-05,43.5,43.5,43.5,43.5,43.5,45.75,2000,87000.0,1,,2000.0,100.0,new
AHCL, EQ,2026-10-05,31.22,31.22,31.22,31.22,31.22,32.86,996049,31097000.000000004,3473,,995023.0,99.9,new
AHLADA, EQ,2026-10-05,37.06,39.0,37.05,37.91,37.51,37.06,12512,469000.00000000006,91,,4816.0,38.49,new
AHLEAST, EQ,2026-10-05,134.05,136.9,134.0,135.31,136.69,136.0,1013,138000.0,40,,824.0,81.34,new
AHLUCONT, EQ,2026-10-05,560.0,579.0,550.7,569.8,570.65,555.9,135950,77396000.0,7352,,43771.0,32.2,new
AHLWEST, BE,2026-10-05,510.05,545.0,510.05,545.0,545.0,535.05,730,394000.0,25,,,,new
AIAENG, EQ,2026-10-05,3827.0,3894.9,3802.5,3863.2,3862.1,3824.4,27893,107519000.0,12564,,14561.0,52.2,new
AIIL, EQ,2026-10-05,540.6,553.9,539.0,551.6,551.35,539.3,146383,80169000.0,8087,,73297.0,50.07,new
AIMTRON, SM,2026-10-05,1920.0,1950.0,1850.0,1873.55,1870.0,1898.85,30600,57916000.0,140,,18800.0,61.44,new
AIRAN, EQ,2026-10-05,15.3,15.88,15.28,15.43,15.43,15.6,44277,687000.0,379,,33611.0,75.91,new
AIROLAM, EQ,2026-10-05,93.9,93.9,87.21,89.54,90.0,89.58,2158,192000.0,60,,2102.0,97.41,new
AISL, SM,2026-10-05,70.0,70.15,66.1,70.15,70.15,66.85,16200,1104000.0,14,,15000.0,92.59,new
AJANTPHARM, EQ,2026-10-05,3581.4,3588.6,3459.0,3486.0,3499.7,3581.0,104722,367175000.0,22710,,55900.0,53.38,new
AJAXENGG, EQ,2026-10-05,582.05,600.5,582.05,594.25,589.05,586.4,104544,62019000.00000001,7501,,52921.0,50.62,new
AJMERA, EQ,2026-10-05,119.6,120.69,113.63,116.7,116.11,119.6,559485,64877000.0,5879,,291617.0,52.12,new
AJOONI, EQ,2026-10-05,3.1,3.12,3.0,3.02,3.09,3.1,277384,850000.0,531,,207688.0,74.87,new
AKANKSHA, SM,2026-10-05,173.0,177.8,170.0,177.8,177.8,169.35,76000,13250000.0,63,,62000.0,81.58,new
AKASH, EQ,2026-10-05,25.69,25.69,24.5,24.64,24.64,24.95,1766,44000.0,27,,1420.0,80.41,new
AKCAPIT, EQ,2026-10-05,1700.0,1748.6,1700.0,1746.7,1748.0,1714.1,598,1038000.0000000001,52,,584.0,97.66,new
AKG, EQ,2026-10-05,9.71,9.71,9.32,9.35,9.34,9.71,66518,627000.0,162,,63875.0,96.03,new
AKI, BE,2026-10-05,6.37,6.37,5.91,6.01,6.0,6.16,69890,421000.0,214,,,,new
AKIKO, SM,2026-10-05,416.05,441.0,416.05,431.4,441.0,415.5,13600,5753000.0,15,,12800.0,94.12,new
AKSHAR, EQ,2026-10-05,0.42,0.43,0.41,0.42,0.43,0.41,1171427,488999.99999999994,270,,778798.0,66.48,new
AKSHARCHEM, BE,2026-10-05,379.0,380.0,360.5,365.3,368.95,379.1,6461,2408000.0,118,,,,new
AKSHOPTFBR, BE,2026-10-05,7.07,7.14,6.99,7.02,7.04,7.07,191950,1351000.0,309,,,,new
AKUMS, EQ,2026-10-05,819.0,825.0,796.35,801.35,798.2,813.1,117017,94454000.0,9967,,52310.0,44.7,new
ALANKIT, EQ,2026-10-05,7.67,7.85,7.5,7.61,7.55,7.65,96028,736000.0,532,,63340.0,65.96,new
ALBERTDAVD, EQ,2026-10-05,856.0,868.4,831.6,836.45,838.0,856.7,2685,2271000.0,431,,1840.0,68.53,new
ALEMBICLTD, EQ,2026-10-05,105.9,106.0,103.38,104.44,104.1,104.11,540160,56489000.0,6733,,254157.0,47.05,new
ALFREDHE, EQ,2026-10-05,2820.0,2820.0,2748.0,2748.0,2748.0,2823.0,22,61000.0,11,,16.0,72.73,new
ALGOQUANT, EQ,2026-10-05,67.07,69.77,67.05,68.25,68.28,67.51,1133101,77656000.0,5818,,165408.0,14.6,new
ALICON, EQ,2026-10-05,889.8,889.9,832.05,848.95,854.0,871.95,99365,85418000.0,8522,,26255.0,26.42,new
ALIVUS, EQ,2026-10-05,1376.0,1398.0,1349.2,1373.7,1373.8,1374.2,97234,133165000.00000001,18167,,53460.0,54.98,new
ALKALI, BE,2026-10-05,85.0,89.0,85.0,87.29,87.0,87.1,7911,688000.0,106,,,,new
ALKEM, EQ,2026-10-05,5210.0,5235.0,5136.0,5192.5,5192.5,5220.0,102619,529952000.00000006,16919,,53686.0,52.32,new
ALKYLAMINE, EQ,2026-10-05,1741.4,1770.0,1715.0,1730.4,1746.0,1741.4,35207,61104000.0,9541,,14914.0,42.36,new
ALLCARGO, EQ,2026-10-05,10.12,10.32,10.0,10.03,10.05,10.12,3374008,34110000.0,5552,,1639232.0,48.58,new
ALLDIGI, EQ,2026-10-05,756.35,766.45,741.3,750.9,741.3,756.35,2786,2104000.0,495,,1734.0,62.24,new
ALLETEC, SM,2026-10-05,122.7,126.0,121.0,124.65,124.65,122.7,12400,1528000.0,30,,8400.0,67.74,new
ALLTIME, EQ,2026-10-05,189.99,191.5,182.0,183.8,185.0,188.04,73063,13568000.0,2294,,40645.0,55.63,new
ALMONDZ, BE,2026-10-05,19.2,19.49,18.35,19.01,19.18,19.11,93445,1759000.0,185,,,,new
ALOKINDS, EQ,2026-10-05,7.06,7.24,7.04,7.12,7.15,7.06,9915737,70779000.0,8661,,3128369.0,31.55,new
ALPA, EQ,2026-10-05,59.25,60.25,58.25,59.0,58.78,59.26,5432,320000.0,116,,3047.0,56.09,new
ALPEXSOLAR, SM,2026-10-05,828.6,852.0,805.3,810.8,810.0,823.2,28800,23553000.0,229,,17800.0,61.81,new
ALPHA, EQ,2026-10-05,51.27,51.83,51.07,51.4,51.35,51.28,1298674,66795000.00000001,4518,,712772.0,54.88,new
ALPHAETF, EQ,2026-10-05,24.91,25.41,24.91,25.14,25.29,25.04,1185751,29875000.0,1433,,725160.0,61.16,new
ALPHAGEO, BE,2026-10-05,260.0,260.0,247.15,254.75,255.75,258.2,4073,1034000.0,134,,,,new
ALPINETEX, EQ,2026-10-05,46.61,48.0,45.52,45.82,46.0,46.63,92407,4281000.0,1776,,45197.0,48.91,new
ALPL30IETF, EQ,2026-10-05,25.89,26.03,25.77,25.86,26.03,25.9,3009611,77624000.0,1682,,2696704.0,89.6,new
ALUFLUOR, EQ,2026-10-05,643.95,643.95,612.9,616.8,616.1,633.8,14660,9085000.0,822,,11572.0,78.94,new
ALUWIND, SM,2026-10-05,48.0,49.4,48.0,48.5,48.5,48.0,9000,436000.00000000006,6,,7500.0,83.33,new
AMAGI, EQ,2026-10-05,551.35,577.0,551.35,569.7,569.9,554.05,449516,255959000.0,31829,,224936.0,50.04,new
AMAL, EQ,2026-10-05,710.0,715.0,692.1,699.5,697.0,702.4,4382,3085000.0,421,,2593.0,59.17,new
AMANTA, BE,2026-10-05,196.0,199.92,195.0,199.92,199.92,190.4,74113,14799000.0,266,,,,new
AMARJOTHI, EQ,2026-10-05,151.0,151.5,146.5,146.5,146.5,150.0,510,76000.0,42,,471.0,92.35,new
AMBAAUTO, SM,2026-10-05,112.75,112.75,110.0,112.0,112.0,108.5,16000,1788000.0,16,,5000.0,31.25,new
AMBALALSA, BE,2026-10-05,38.49,38.88,36.7,37.97,38.0,37.89,60118,2259000.0,236,,,,new
AMBER, EQ,2026-10-05,6535.0,6652.5,6492.0,6585.0,6585.0,6500.0,114789,753827000.0,22611,,42539.0,37.06,new
AMBICAAGAR, EQ,2026-10-05,23.55,24.98,23.55,23.83,24.0,23.89,5501,132000.0,121,,2716.0,49.37,new
AMBIKCO, EQ,2026-10-05,1537.0,1545.0,1523.2,1534.0,1530.0,1505.8,5905,9055000.0,949,,3252.0,55.07,new
AMBUJACEM, EQ,2026-10-05,363.2,368.9,361.05,366.5,366.5,362.25,1848613,673554000.0,23261,,790227.0,42.75,new
AMCL, SM,2026-10-05,348.0,383.3,348.0,370.6,375.0,341.05,89200,32627999.999999996,66,,86000.0,96.41,new
AMDIND, BE,2026-10-05,52.5,53.4,51.11,51.31,51.48,52.09,11704,609000.0,181,,,,new
AMEYA, SM,2026-10-05,147.0,147.0,143.0,143.0,143.0,150.5,4000,579000.0,4,,2000.0,50.0,new
AMJLAND, EQ,2026-10-05,37.75,38.5,36.75,37.14,36.79,37.02,9244,347000.0,127,,7700.0,83.3,new
AMNPLST, EQ,2026-10-05,169.75,169.75,157.85,160.29,160.0,165.43,4095,663000.0,220,,2631.0,64.25,new
AMRUTANJAN, EQ,2026-10-05,513.2,524.0,511.0,518.1,519.0,513.2,36616,18975000.0,1653,,22139.0,60.46,new
ANANDRATHI, EQ,2026-10-05,2117.5,2135.0,2101.2,2132.0,2132.0,2117.5,404648,857573000.0,26216,,229800.0,56.79,new
ANANTAM, IV,2026-10-05,104.9,104.9,103.95,103.97,104.0,103.98,13400,1394000.0,128,,12663.0,94.5,new
ANANTRAJ, EQ,2026-10-05,580.0,592.85,575.0,587.4,588.0,577.85,1053429,616853000.0,34550,,369001.0,35.03,new
ANAWIL, SM,2026-10-05,417.05,421.0,387.0,393.3,398.0,425.75,359600,144211000.0,809,,197200.0,54.84,new
ANDHRAPAP, EQ,2026-10-05,71.36,73.55,69.55,69.94,69.81,71.36,849036,60272000.0,3516,,715607.0,84.28,new
ANDHRSUGAR, EQ,2026-10-05,92.58,94.16,91.0,91.95,92.15,91.06,300289,27706000.0,5000,,138009.0,45.96,new
ANDREWYU, EQ,2026-10-05,25.0,25.9,24.11,25.34,25.38,24.98,97343,2431000.0,699,,38589.0,39.64,new
ANGELONE, EQ,2026-10-05,276.8,286.3,273.5,285.2,285.2,276.8,4255848,1200612000.0,36784,,1171360.0,27.52,new
ANIKINDS, EQ,2026-10-05,44.0,45.99,42.55,44.56,44.6,44.0,6250,278000.0,88,,4477.0,71.63,new
ANKITMETAL, BZ,2026-10-05,2.16,2.16,2.16,2.16,2.16,2.06,21388,46000.0,27,,,,new
ANLON, SM,2026-10-05,755.0,769.0,745.0,758.2,769.0,758.55,7200,5447000.0,17,,6000.0,83.33,new
ANMOL, BE,2026-10-05,13.85,13.85,12.86,13.07,13.31,13.5,25815,341000.0,133,,,,new
ANNAPURNA, EQ,2026-10-05,128.6,135.0,127.0,130.44,130.97,128.6,46616,6110000.0,1595,,30260.0,64.91,new
ANNU, EQ,2026-10-05,48.0,48.0,45.0,45.12,45.38,47.09,361049,16572000.0,4829,,197633.0,54.74,new
ANONDITA, SM,2026-10-05,1054.05,1081.6,1005.05,1031.0,1030.0,1078.7,94400,97962000.0,359,,56400.0,59.75,new
ANSALAPI, BZ,2026-10-05,4.0,4.15,4.0,4.0,4.0,4.08,37961,152000.0,59,,,,new
ANSALBU, EQ,2026-10-05,84.28,101.0,83.0,85.6,85.57,85.13,2620,244000.0,106,,1203.0,45.92,new
ANTELOPUS, EQ,2026-10-05,1113.9,1143.8,1092.0,1103.4,1103.7,1106.5,299917,334592000.0,21089,,72054.0,24.02,new
ANTGRAPHIC, EQ,2026-10-05,0.7,0.71,0.68,0.69,0.69,0.69,216722,152000.0,212,,202841.0,93.6,new
ANTHEM, EQ,2026-10-05,855.95,858.85,840.6,851.9,850.5,855.75,292397,248729000.0,21858,,180778.0,61.83,new
ANUHPHR, EQ,2026-10-05,85.99,88.49,83.7,84.15,84.7,85.85,86676,7401000.000000001,1923,,45355.0,52.33,new
ANUP, EQ,2026-10-05,1566.7,1574.9,1523.0,1539.0,1535.0,1566.7,21490,33233000.0,4005,,10910.0,50.77,new
ANURAS, EQ,2026-10-05,1165.0,1175.9,1158.2,1164.4,1166.0,1163.7,216772,252646999.99999997,8597,,158064.0,72.92,new
ANYA, SM,2026-10-05,17.7,18.5,17.7,18.0,18.0,17.3,40000,726000.0,7,,35000.0,87.5,new
ANZEN, IV,2026-10-05,130.5,131.5,130.5,131.0,131.0,128.9,125000,16363000.0,5,,125000.0,100.0,new
AONEGOLD, EQ,2026-10-05,13.8,13.81,13.48,13.74,13.76,13.68,629525,8632000.0,2861,,396878.0,63.04,new
AONELIQUID, EQ,2026-10-05,1079.73,1079.73,1079.71,1079.71,1079.73,1079.57,13665,14754000.0,119,,7240.0,52.98,new
AONENIFTY, EQ,2026-10-05,9.31,9.55,9.17,9.31,9.36,9.36,279668,2608000.0,2038,,195543.0,69.92,new
AONESILVER, EQ,2026-10-05,8.53,8.53,8.35,8.48,8.48,8.35,333941,2823000.0,1409,,249504.0,74.71,new
AONESTEELS, EQ,2026-10-05,413.5,413.6,386.1,389.4,386.1,416.55,831655,330347000.0,20575,,285307.0,34.31,new
AONETMMQ50, EQ,2026-10-05,9.64,10.2,9.64,9.89,9.93,9.84,330352,3263000.0000000005,337,,318339.0,96.36,new
AONETOTAL, EQ,2026-10-05,11.0,11.67,11.0,11.21,11.27,11.22,334585,3763000.0000000005,1694,,171043.0,51.12,new
APARINDS, EQ,2026-10-05,17844.0,18379.0,17750.0,18102.0,18150.0,17648.0,102559,1856449000.0000002,34835,,41598.0,40.56,new
APCL, EQ,2026-10-05,96.99,96.99,91.5,94.0,93.3,94.76,3410,320000.0,184,,2272.0,66.63,new
APCOTEXIND, EQ,2026-10-05,599.0,599.0,577.0,587.25,584.0,593.25,48855,28694000.0,3913,,26502.0,54.25,new
APEX, EQ,2026-10-05,334.65,334.65,323.5,328.4,327.9,326.3,78909,25873000.0,3647,,23880.0,30.26,new
APEXECO, ST,2026-10-05,256.0,258.0,250.0,251.0,251.0,255.95,16000,4052000.0000000005,20,,16000.0,100.0,new
APLAPOLLO, EQ,2026-10-05,2124.6,2147.4,2061.4,2099.8,2099.8,2115.7,678442,1419791000.0,35607,,314705.0,46.39,new
APLLTD, EQ,2026-10-05,815.25,836.8,812.2,831.25,832.0,815.25,282527,233969999.99999997,38104,,174380.0,61.72,new
APOLLO, EQ,2026-10-05,395.5,405.5,395.0,401.7,402.4,394.0,4584428,1837588000.0,52256,,1133399.0,24.72,new
APOLLOHOSP, EQ,2026-10-05,7880.5,8076.0,7880.5,7985.0,7985.0,8133.5,895216,7165413000.0,87976,,522495.0,58.37,new
APOLLOPIPE, EQ,2026-10-05,517.85,535.0,510.0,530.75,535.0,512.6,142798,75223000.0,5375,,58901.0,41.25,new
APOLLOTYRE, EQ,2026-10-05,404.95,406.25,399.5,401.6,400.15,404.75,213763,85934000.0,12586,,88531.0,41.42,new
APOLSINHOT, EQ,2026-10-05,1208.0,1208.0,1155.0,1174.9,1175.0,1155.9,1328,1564000.0,196,,1010.0,76.05,new
APOORVA, BE,2026-10-05,33.65,34.0,33.65,33.65,33.65,33.0,115,4000.0,8,,,,new
APRAMEYA, SM,2026-10-05,106.0,109.0,99.0,102.0,102.0,102.0,11000,1145000.0,22,,7500.0,68.18,new
APS, SM,2026-10-05,226.7,227.5,223.0,223.45,223.2,226.7,6750,1519000.0,27,,5250.0,77.78,new
APSISAERO, ST,2026-10-05,581.95,581.95,527.25,528.0,528.0,555.0,46800,24851000.0,38,,46800.0,100.0,new
APTECHT, EQ,2026-10-05,88.0,88.45,86.0,86.88,86.75,87.03,44839,3897000.0,996,,23016.0,51.33,new
APTUS, EQ,2026-10-05,227.95,228.51,222.34,223.65,223.18,226.4,934997,209744999.99999997,36176,,534515.0,57.17,new
AQYLON, EQ,2026-10-05,15.46,16.23,14.69,15.58,16.06,15.46,1157106,17684000.0,1814,,533753.0,46.13,new
ARABIAN, SM,2026-10-05,90.0,97.0,90.0,96.75,97.0,88.0,72000,6719000.0,29,,62000.0,86.11,new
ARCHIDPLY, EQ,2026-10-05,101.79,103.71,100.37,101.8,102.7,101.79,30544,3113000.0,226,,26632.0,87.19,new
ARCHIES, EQ,2026-10-05,12.4,12.7,12.35,12.35,12.35,12.37,9399,117000.0,78,,8383.0,89.19,new
ARCIIL, SM,2026-10-05,32.4,33.0,31.0,32.5,32.5,30.7,25000,803999.9999999999,25,,14000.0,56.0,new
ARCIL, EQ,2026-10-05,141.09,145.24,140.56,142.24,142.51,139.92,1314700,187676000.0,26166,,714996.0,54.38,new
ARCL, EQ,2026-10-05,233.0,238.9,227.27,235.0,235.0,229.81,276,65000.0,21,,261.0,94.57,new
ARDEE, EQ,2026-10-05,49.03,49.44,48.11,48.51,48.36,48.81,1868950,91159000.0,13281,,689238.0,36.88,new
ARE&M, EQ,2026-10-05,751.0,757.0,739.25,741.6,741.2,747.4,338967,252754000.0,26002,,161189.0,47.55,new
ARENTERP, EQ,2026-10-05,33.79,33.79,33.79,33.79,33.79,33.79,330,11000.0,4,,330.0,100.0,new
ARFIN, EQ,2026-10-05,87.95,89.18,86.42,87.51,87.5,87.25,713062,62358000.00000001,3251,,85733.0,12.02,new
ARHAM, SM,2026-10-05,204.3,210.0,190.0,208.9,209.0,206.3,147000,29598000.0,120,,91000.0,61.9,new
ARIES, BE,2026-10-05,463.1,501.25,463.1,501.25,501.25,477.4,38244,19106000.0,496,,,,new
ARIHANT, EQ,2026-10-05,940.0,948.0,873.25,891.35,883.0,894.1,2824,2529000.0,169,,2174.0,76.98,new
ARIHANTCAP, EQ,2026-10-05,90.0,95.05,90.0,91.01,90.77,88.59,523540,48493000.0,6282,,190403.0,36.37,new
ARIHANTSUP, EQ,2026-10-05,222.0,222.0,218.0,218.78,218.0,216.63,3008,659000.0,73,,2539.0,84.41,new
ARIS, EQ,2026-10-05,139.49,143.0,137.51,140.24,140.87,138.66,1432618,201574000.0,13253,,454734.0,31.74,new
ARISTO, SM,2026-10-05,87.4,87.4,87.4,87.4,87.4,92.0,1600,140000.0,2,,1600.0,100.0,new
ARKADE, EQ,2026-10-05,120.64,125.0,118.23,120.03,120.85,118.69,158603,19155000.0,2346,,66872.0,42.16,new
ARMANFIN, EQ,2026-10-05,1770.0,1817.0,1714.0,1754.9,1755.0,1764.4,53075,93359000.0,6674,,25165.0,47.41,new
ARMEE, EQ,2026-10-05,270.7,272.75,251.05,254.25,252.9,273.35,1290880,339457000.0,23632,,320284.0,24.81,new
ARMOUR, SM,2026-10-05,20.1,21.1,20.0,21.1,21.1,20.1,8000,165000.0,3,,8000.0,100.0,new
AROGRANITE, EQ,2026-10-05,22.56,23.89,22.1,22.19,22.1,22.35,6732,153000.0,59,,4587.0,68.14,new
ARROWGREEN, EQ,2026-10-05,873.8,891.75,835.9,858.55,856.0,865.2,26652,22723000.0,3085,,13824.0,51.87,new
ARSHIYA, BZ,2026-10-05,0.84,0.84,0.82,0.83,0.82,0.81,23658,20000.0,50,,,,new
ARSSBL, EQ,2026-10-05,525.45,539.0,515.1,535.0,534.0,521.05,361312,190987000.0,7780,,213437.0,59.07,new
ARTEMISMED, EQ,2026-10-05,339.2,341.85,322.35,324.1,324.95,336.4,374630,122470000.0,19757,,191832.0,51.21,new
ARTNIRMAN, EQ,2026-10-05,38.16,39.88,38.16,38.49,39.79,40.0,754,28999.999999999996,21,,465.0,61.67,new
ARUNAYA, SM,2026-10-05,14.0,14.0,13.95,14.0,14.0,13.95,10000,140000.0,4,,10000.0,100.0,new
ARVEE, EQ,2026-10-05,217.0,229.79,206.35,209.39,209.0,215.32,9280,1996000.0,408,,5112.0,55.09,new
ARVIND, EQ,2026-10-05,538.4,539.65,525.15,530.4,531.25,534.05,565857,299987000.0,42832,,319940.0,56.54,new
ARVINDFASN, EQ,2026-10-05,383.45,389.0,376.1,384.25,385.0,379.7,225104,86468000.0,25322,,122718.0,54.52,new
ARVSMART, EQ,2026-10-05,592.5,598.15,573.0,580.25,576.15,592.5,88014,51180000.0,3897,,41520.0,47.17,new
ASAHIINDIA, EQ,2026-10-05,950.0,952.9,938.0,945.75,951.0,944.25,45021,42569000.0,6886,,19787.0,43.95,new
ASAHISONG, BE,2026-10-05,376.95,380.3,363.1,366.2,363.1,371.25,7116,2646000.0,134,,,,new
ASAL, EQ,2026-10-05,421.05,439.8,420.05,423.1,421.05,426.9,5966,2535000.0,594,,2955.0,49.53,new
ASALCBR, EQ,2026-10-05,611.1,622.1,590.0,595.65,590.0,611.1,51910,31144000.0,4868,,28414.0,54.74,new
ASHALOG, SM,2026-10-05,60.0,60.5,60.0,60.0,60.0,61.0,20000,1203000.0,16,,18000.0,90.0,new
ASHAPURMIN, EQ,2026-10-05,493.95,501.95,487.0,490.85,488.05,489.95,223978,110108999.99999999,10989,,102476.0,45.75,new
ASHIANA, EQ,2026-10-05,381.8,390.0,381.4,383.6,385.0,383.95,22654,8724000.0,1447,,10722.0,47.33,new
ASHIKAG, BE,2026-10-05,392.05,393.0,385.25,389.8,393.0,392.05,6038,2339000.0,97,,,,new
ASHIMASYN, EQ,2026-10-05,15.3,15.69,14.77,15.0,15.0,15.31,108237,1636000.0,484,,84086.0,77.69,new
ASHOKA, EQ,2026-10-05,105.35,106.65,104.36,105.9,106.49,105.31,538732,56891999.99999999,7556,,261000.0,48.45,new
ASHOKAMET, EQ,2026-10-05,14.42,15.15,14.42,14.71,14.61,14.53,19468,289000.0,264,,12992.0,66.74,new
ASHOKLEY, EQ,2026-10-05,151.4,153.65,151.23,152.6,152.6,150.48,9914723,1511123000.0,75424,,4786609.0,48.28,new
ASHUTOSH, SM,2026-10-05,153.0,153.7,134.1,138.2,137.0,148.6,247200,34811000.0,199,,159600.0,64.56,new
ASHWINI, SM,2026-10-05,162.05,162.05,160.0,160.0,160.0,162.5,2000,322000.0,2,,2000.0,100.0,new
ASIANENE, EQ,2026-10-05,470.7,479.9,453.0,458.65,455.35,466.75,189656,88167000.0,8653,,84468.0,44.54,new
ASIANHOTNR, EQ,2026-10-05,356.05,356.05,329.25,334.1,336.5,348.1,7191,2431000.0,469,,4845.0,67.38,new
ASIANPAINT, EQ,2026-10-05,2400.0,2409.0,2336.7,2366.0,2366.0,2407.0,916254,2159483000.0,71315,,525260.0,57.33,new
ASIANTILES, EQ,2026-10-05,48.16,48.28,46.1,46.65,46.75,47.95,1062886,50052000.0,4227,,378816.0,35.64,new
ASIANTNE, EQ,2026-10-05,8.77,9.13,8.6,9.0,9.13,8.95,15593,136000.0,51,,13778.0,88.36,new
ASKAUTOLTD, EQ,2026-10-05,621.0,624.9,603.6,608.2,607.0,618.15,221181,134627000.0,17555,,104821.0,47.39,new
ASMS, EQ,2026-10-05,5.84,6.04,5.76,5.84,5.89,5.92,149950,880000.0000000001,654,,117551.0,78.39,new
ASPINWALL, EQ,2026-10-05,242.1,248.4,237.01,238.35,238.0,240.1,1086,259000.0,50,,896.0,82.5,new
ASTAR, EQ,2026-10-05,714.0,714.0,630.0,644.05,632.0,664.5,254,164000.0,77,,226.0,88.98,new
ASTEC, EQ,2026-10-05,708.6,721.75,700.0,712.7,712.8,708.6,30766,21882000.0,2250,,9527.0,30.97,new
ASTERDM, EQ,2026-10-05,708.0,708.0,687.0,691.5,691.15,708.9,1401950,969728000.0000001,57848,,879635.0,62.74,new
ASTRAL, EQ,2026-10-05,1349.0,1367.2,1339.4,1362.1,1362.1,1344.0,325806,441756000.00000006,32212,,162231.0,49.79,new
ASTRAMICRO, EQ,2026-10-05,1634.2,1673.9,1628.1,1651.7,1647.0,1624.5,327119,541608000.0,26859,,134923.0,41.25,new
ASTRAZEN, EQ,2026-10-05,6049.0,6087.5,5882.0,5909.0,5899.0,6031.0,6412,38298000.0,2578,,2710.0,42.26,new
ASTRON, BZ,2026-10-05,2.81,2.86,2.81,2.81,2.81,2.81,10573,30000.0,64,,,,new
ATALREAL, EQ,2026-10-05,12.76,12.92,12.51,12.81,12.87,12.78,902386,11484000.0,1065,,372563.0,41.29,new
ATAM, EQ,2026-10-05,54.81,56.4,53.53,54.04,53.75,55.35,5713,313000.0,117,,4920.0,86.12,new
ATCENERGY, SM,2026-10-05,20.2,21.4,20.2,21.3,21.3,20.6,19200,400000.0,12,,13200.0,68.75,new
ATGL, EQ,2026-10-05,587.0,593.0,578.65,583.25,585.2,583.05,509708,297957000.0,21633,,127328.0,24.98,new
ATHERENERG, EQ,2026-10-05,1411.1,1423.8,1388.5,1409.9,1409.9,1406.1,3319066,4670253000.0,106084,,1337618.0,40.3,new
ATL, EQ,2026-10-05,24.45,24.79,23.72,24.49,24.23,23.59,160953,3909000.0000000005,1178,,121249.0,75.33,new
ATLANTAA, EQ,2026-10-05,35.79,37.44,34.2,34.97,35.2,35.71,69328,2436000.0,574,,49322.0,71.14,new
ATLANTAELE, EQ,2026-10-05,1745.5,1888.1,1725.0,1882.9,1887.0,1716.5,379316,695632000.0,31221,,151899.0,40.05,new
ATLASCYCLE, EQ,2026-10-05,91.74,93.0,90.5,91.3,92.4,91.74,2877,265000.0,112,,2389.0,83.04,new
ATLPP, E1,2026-10-05,8.93,9.89,8.85,9.17,9.17,8.85,1510,14000.000000000002,17,,1498.0,99.21,new
ATMASTCO, SM,2026-10-05,112.2,119.4,112.0,114.65,114.0,115.5,15600,1803000.0,36,,13200.0,84.62,new
ATUL, EQ,2026-10-05,5899.0,5930.0,5827.5,5856.0,5837.0,5861.0,41593,243835000.0,5852,,34630.0,83.26,new
ATULAUTO, EQ,2026-10-05,422.7,431.7,422.65,424.5,424.0,424.8,65738,28006000.0,3722,,26661.0,40.56,new
AUBANK, EQ,2026-10-05,1000.0,1035.7,999.1,1029.2,1029.2,987.0,3358977,3433805000.0000005,81950,,1621239.0,48.27,new
AUGMONT, EQ,2026-10-05,1224.0,1254.9,1177.0,1223.3,1217.9,1195.2,1400524,1719466000.0,36013,,383284.0,27.37,new
AURIONPRO, EQ,2026-10-05,607.8,640.0,595.0,598.5,595.5,607.8,353216,217083000.0,23581,,117198.0,33.18,new
AUROIMPEX, ST,2026-10-05,36.95,38.2,36.95,38.2,38.2,38.85,30400,1134000.0,19,,30400.0,100.0,new
AUROPHARMA, EQ,2026-10-05,1693.7,1696.0,1663.1,1674.9,1674.9,1676.8,958714,1605569000.0,39133,,529534.0,55.23,new
AURUM, EQ,2026-10-05,223.5,227.0,220.38,223.61,223.5,223.41,48055,10743000.0,1725,,27244.0,56.69,new
AURUS, EQ,2026-10-05,4.54,4.54,4.06,4.23,4.29,4.4,92879,398000.0,508,,66497.0,71.6,new
AUSOMENT, EQ,2026-10-05,139.0,144.88,134.05,137.81,139.5,139.0,1244,173000.0,104,,642.0,51.61,new
AUSTENG, EQ,2026-10-05,177.9,177.9,153.7,161.95,162.75,167.72,5623,928999.9999999999,271,,2420.0,43.04,new
AUTOAXLES, EQ,2026-10-05,1683.0,1693.8,1617.0,1624.9,1620.0,1683.0,10044,16493000.0,1076,,7963.0,79.28,new
AUTOBEES, EQ,2026-10-05,263.6,264.83,258.0,262.82,263.3,263.65,213167,55938000.0,4414,,100103.0,46.96,new
AUTOIETF, EQ,2026-10-05,26.5,26.57,26.15,26.33,26.44,26.54,643260,16914000.0,4249,,336742.0,52.35,new
AUTOIND, EQ,2026-10-05,84.0,84.98,82.0,83.17,83.1,81.4,84050,7014000.0,1359,,46223.0,54.99,new
AVADHSUGAR, EQ,2026-10-05,776.05,841.05,776.05,840.35,841.05,764.6,292584,240127000.0,14769,,106302.0,36.33,new
AVALON, EQ,2026-10-05,2280.2,2339.0,2242.0,2256.3,2280.0,2280.2,310553,706991000.0,31715,,153005.0,49.27,new
AVANA, SM,2026-10-05,124.05,139.25,124.0,139.25,139.25,126.6,72000,9700000.0,36,,50000.0,69.44,new
AVANCE, EQ,2026-10-05,0.8,0.83,0.78,0.79,0.8,0.8,4823476,3858000.0,1804,,3504698.0,72.66,new
AVANTEL, EQ,2026-10-05,152.0,152.59,147.0,147.59,147.2,150.28,892887,132931000.0,10679,,354505.0,39.7,new
AVANTIFEED, EQ,2026-10-05,713.1,717.95,705.15,711.1,711.0,711.55,187707,133366000.00000001,15058,,80393.0,42.83,new
AVATAR, SM,2026-10-05,145.15,159.95,145.15,159.0,159.0,152.75,16000,2409000.0,8,,16000.0,100.0,new
AVG, EQ,2026-10-05,169.97,184.8,165.0,168.15,168.2,166.0,10536,1800000.0,234,,5802.0,55.07,new
AVIANSH, SM,2026-10-05,100.75,100.75,100.75,100.75,100.75,100.5,1000,101000.0,1,,1000.0,100.0,new
AVIENCE, SM,2026-10-05,316.2,316.2,291.4,294.35,296.0,323.75,168600,50618000.0,259,,93000.0,55.16,new
AVL, EQ,2026-10-05,572.3,606.0,566.35,601.05,604.3,572.3,400252,238400000.0,25837,,91993.0,22.98,new
AVONMORE, EQ,2026-10-05,12.85,12.99,12.37,12.49,12.73,12.79,56219,707000.0,402,,39308.0,69.92,new
AVPINFRA, SM,2026-10-05,57.0,57.0,54.5,55.9,55.7,56.75,28800,1597000.0,36,,23200.0,80.56,new
AVROIND, EQ,2026-10-05,6.68,7.34,6.28,6.97,6.95,6.68,577078,3995000.0000000005,1175,,462853.0,80.21,new
AVTNPL, EQ,2026-10-05,87.85,93.17,86.55,88.84,89.72,87.85,631535,56923000.0,8317,,101203.0,16.02,new
AWFIS, EQ,2026-10-05,235.0,244.0,234.5,235.59,234.56,235.26,348755,82987000.0,15784,,140007.0,40.14,new
AWHCL, EQ,2026-10-05,355.8,359.0,346.6,350.4,351.8,355.4,62596,22017000.0,4121,,29010.0,46.34,new
AWL, EQ,2026-10-05,176.47,178.9,174.06,176.15,176.55,175.43,831209,146040000.0,28691,,397979.0,47.88,new
AXIOMGAS, ST,2026-10-05,41.9,41.9,41.9,41.9,41.9,44.1,20000,838000.0000000001,10,,20000.0,100.0,new
AXISBANK, EQ,2026-10-05,1229.0,1237.4,1216.4,1222.2,1222.2,1217.1,7472163,9178789000.0,222415,,4913595.0,65.76,new
AXISCADES, EQ,2026-10-05,2324.0,2360.0,2252.0,2282.3,2280.0,2307.3,255708,588380000.0,31115,,106717.0,41.73,new
AXITA, EQ,2026-10-05,7.69,7.69,7.56,7.59,7.64,7.58,901703,6856000.0,683,,809006.0,89.72,new
AXTEL, EQ,2026-10-05,439.75,445.4,425.05,430.4,425.9,435.45,1797,777000.0,160,,1193.0,66.39,new
AYE, EQ,2026-10-05,164.41,167.5,159.0,162.75,162.91,163.29,898907,147653000.0,25351,,375895.0,41.82,new
AYMSYNTEX, EQ,2026-10-05,280.2,288.7,279.8,283.15,282.0,279.95,33782,9547000.0,756,,21773.0,64.45,new
AZAD, EQ,2026-10-05,2875.0,2937.2,2843.5,2927.2,2920.3,2860.9,800736,2317105000.0,56004,,203957.0,25.47,new
AZADIND, EQ,2026-10-05,86.5,88.87,80.0,83.05,80.0,85.95,143982,12217000.0,1884,,54715.0,38.0,new
BAFNAPH, BE,2026-10-05,386.3,386.3,386.3,386.3,386.3,378.75,1169,451999.99999999994,14,,,,new
BAGDIGITAL, SM,2026-10-05,109.5,109.5,105.0,107.05,107.7,106.7,48000,5124000.0,20,,27200.0,56.67,new
BAGFILMS, EQ,2026-10-05,4.07,4.18,4.02,4.1,4.14,4.07,29972,123000.0,140,,20199.0,67.39,new
BAGMANE, RR,2026-10-05,106.76,107.8,106.0,106.5,106.3,106.73,308300,32850000.0,6098,,228459.0,74.1,new
BAHETI, SM,2026-10-05,733.0,747.0,725.0,735.0,735.0,733.1,19875,14603000.0,39,,12000.0,60.38,new
BAIDFIN, EQ,2026-10-05,10.22,10.57,10.22,10.33,10.25,10.31,25931,271000.0,148,,21682.0,83.61,new
BAJAJ-AUTO, EQ,2026-10-05,10036.0,10089.0,9920.0,10024.0,10024.0,10045.0,354238,3544203000.0,56369,,164978.0,46.57,new
BAJAJCON, EQ,2026-10-05,497.0,499.4,477.95,480.35,480.0,497.05,365485,178044000.0,17813,,184508.0,50.48,new
BAJAJELEC, EQ,2026-10-05,302.0,305.2,297.4,299.25,300.4,299.8,92225,27789999.999999996,4931,,34263.0,37.15,new
BAJAJFINSV, EQ,2026-10-05,1744.8,1760.9,1732.6,1751.4,1751.4,1732.6,1075845,1878275999.9999998,58324,,618882.0,57.53,new
BAJAJHCARE, EQ,2026-10-05,320.1,329.0,317.1,319.1,318.6,322.95,121713,39050000.0,4833,,60351.0,49.58,new
BAJAJHFL, EQ,2026-10-05,83.99,84.05,81.61,82.79,82.92,82.91,3691800,304870000.0,32207,,1618888.0,43.85,new
BAJAJHIND, EQ,2026-10-05,19.5,20.23,19.5,19.96,19.98,19.19,15512797,309450000.0,21254,,3288724.0,21.2,new
BAJAJHLDNG, EQ,2026-10-05,10580.0,10892.0,10554.0,10732.0,10732.0,10666.0,50104,537134000.0,16830,,27631.0,55.15,new
BAJAJINDEF, EQ,2026-10-05,209.03,211.71,201.0,202.19,203.99,208.52,20558,4198000.0,779,,12607.0,61.32,new
BAJAJST, EQ,2026-10-05,335.0,339.0,322.0,328.75,328.45,335.7,16237,5334000.0,724,,9808.0,60.41,new
BAJEL, EQ,2026-10-05,163.8,165.99,162.12,164.05,164.8,163.63,79333,13000000.0,1689,,34650.0,43.68,new
BAJFINANCE, EQ,2026-10-05,962.55,995.8,962.55,970.0,970.0,948.3,12682669,12426233000.0,186471,,6293257.0,49.62,new
BALAJEE, EQ,2026-10-05,24.4,25.4,24.4,24.8,24.97,25.2,46462,1153000.0,250,,38146.0,82.1,new
BALAJITELE, EQ,2026-10-05,90.1,91.88,88.5,90.61,90.8,90.04,54523,4927000.0,1218,,23677.0,43.43,new
BALAMINES, EQ,2026-10-05,2052.0,2075.0,1936.0,1957.8,1961.0,2052.2,289399,571090000.0,33407,,112471.0,38.86,new
BALAXI, EQ,2026-10-05,22.06,23.05,22.06,22.77,22.85,22.34,22927,521000.0,185,,14946.0,65.19,new
BALKRISHNA, EQ,2026-10-05,15.95,16.1,15.95,16.0,16.0,15.94,2251,36000.0,24,,1575.0,69.97,new
BALKRISIND, EQ,2026-10-05,2083.5,2097.9,2059.0,2066.5,2059.2,2083.5,95715,198632000.0,16355,,60439.0,63.14,new
BALMLAWRIE, EQ,2026-10-05,161.75,162.0,157.5,158.59,158.5,159.3,112768,17886000.0,2132,,64126.0,56.87,new
BALPHARMA, EQ,2026-10-05,106.95,109.79,105.11,106.79,107.47,105.74,25522,2735000.0,773,,15101.0,59.17,new
BALRAMCHIN, EQ,2026-10-05,652.55,679.5,652.55,671.5,671.0,649.05,1055611,706750000.0,31734,,207132.0,19.62,new
BALUFORGE, EQ,2026-10-05,494.15,512.5,491.7,502.8,503.7,488.95,468122,236012000.0,15449,,184834.0,39.48,new
BANARBEADS, EQ,2026-10-05,116.25,119.98,115.01,115.04,115.05,116.0,776,90000.0,42,,590.0,76.03,new
BANARISUG, EQ,2026-10-05,3327.5,3342.0,3272.2,3296.8,3278.6,3300.5,558,1845000.0,150,,183.0,32.8,new
BANCOINDIA, EQ,2026-10-05,590.35,597.8,579.7,589.8,591.25,589.85,79775,46910000.0,6960,,38279.0,47.98,new
BANDHANBNK, EQ,2026-10-05,176.0,176.73,168.05,168.27,168.27,176.0,18154959,3092455000.0,95100,,7021966.0,38.68,new
BANG, EQ,2026-10-05,32.0,33.9,31.45,33.28,33.0,31.44,48172,1584000.0,192,,26260.0,54.51,new
BANK10ADD, EQ,2026-10-05,16.32,16.41,16.12,16.16,16.3,15.99,5521,90000.0,100,,1884.0,34.12,new
BANK10BETF, EQ,2026-10-05,20.3,20.8,19.46,19.62,19.5,19.76,102007,2051000.0000000002,2291,,19510.0,19.13,new
BANKA, EQ,2026-10-05,69.99,70.8,68.0,69.84,70.5,68.51,2444,169000.0,48,,1216.0,49.75,new
BANKADD, EQ,2026-10-05,56.43,56.74,55.84,55.93,55.84,55.71,13448,758000.0,93,,9694.0,72.09,new
BANKBARODA, EQ,2026-10-05,233.11,237.32,231.93,232.8,232.8,230.82,10802904,2528035000.0,60531,,5502031.0,50.93,new
BANKBEES, EQ,2026-10-05,575.0,575.0,563.95,565.61,565.08,565.03,582686,330559000.0,8918,,342637.0,58.8,new
BANKBETA, EQ,2026-10-05,56.42,57.13,56.4,56.52,56.43,56.42,2851590,161153000.0,735,,2662850.0,93.38,new
BANKBETF, EQ,2026-10-05,55.0,56.24,54.02,55.75,55.81,55.45,2966639,166125000.0,545,,2943879.0,99.23,new
BANKETF, EQ,2026-10-05,541.97,563.26,541.97,557.48,557.43,555.87,78803,43994000.0,992,,57269.0,72.67,new
BANKIETF, EQ,2026-10-05,56.16,56.76,56.0,56.07,56.02,56.13,4318713,242440000.0,2338,,3297288.0,76.35,new
BANKINDIA, EQ,2026-10-05,132.09,136.27,132.0,133.5,133.5,129.48,15657633,2098784999.9999998,67218,,4945209.0,31.58,new
BANKNIFTY1, EQ,2026-10-05,55.15,57.26,55.15,56.8,56.63,56.57,2766811,156863000.0,1654,,2324374.0,84.01,new
BANKPSU, EQ,2026-10-05,78.5,81.92,78.5,80.72,80.72,80.0,15718,1275000.0,128,,7759.0,49.36,new
BANSALWIRE, EQ,2026-10-05,323.0,327.7,321.0,323.05,322.05,323.05,40679,13161000.000000002,2621,,21949.0,53.96,new
BANSWRAS, EQ,2026-10-05,105.08,106.79,102.1,102.93,102.66,105.1,19481,2020000.0,599,,13095.0,67.22,new
BARFLEX, SM,2026-10-05,52.0,52.0,49.25,51.65,52.0,50.5,70000,3517000.0,26,,56000.0,80.0,new
BASF, EQ,2026-10-05,3440.0,3480.0,3390.0,3406.0,3414.6,3417.1,9380,32067000.0,2620,,4705.0,50.16,new
BASILIC, SM,2026-10-05,179.5,185.0,176.55,182.95,185.0,178.45,20400,3681000.0,50,,16200.0,79.41,new
BASML, EQ,2026-10-05,23.19,24.5,22.45,22.54,22.75,22.66,84637,1932000.0,217,,66173.0,78.18,new
BATAINDIA, EQ,2026-10-05,613.0,617.9,608.0,611.05,611.0,613.0,76879,47152000.0,6569,,30362.0,39.49,new
BATLIBOI, EQ,2026-10-05,84.0,90.61,81.5,89.78,88.88,82.35,106409,9382000.0,1695,,66466.0,62.46,new
BAWEJA, SM,2026-10-05,26.95,27.0,26.1,26.1,26.1,26.5,4000,107000.0,5,,3200.0,80.0,new
BAYERCROP, EQ,2026-10-05,3573.0,3585.0,3502.0,3508.9,3505.1,3554.2,17648,62297000.0,4988,,10368.0,58.75,new
BBETF0432, EQ,2026-10-05,1330.55,1338.88,1330.55,1336.7,1333.56,1333.92,1604,2139000.0,61,,1310.0,81.67,new
BBL, EQ,2026-10-05,2105.9,2108.9,2051.0,2058.8,2070.0,2069.6,15489,32062000.0,3079,,8298.0,53.57,new
BBNPNBETF, EQ,2026-10-05,55.27,55.91,54.9,55.4,55.4,55.0,801,44000.0,46,,402.0,50.19,new
BBNPPGOLD, EQ,2026-10-05,142.6,144.8,141.05,142.25,142.55,141.9,4979,708000.0,111,,4030.0,80.94,new
BBOX, EQ,2026-10-05,800.0,823.65,794.2,812.5,814.0,795.85,542405,438853000.0,30804,,207593.0,38.27,new
BBTC, EQ,2026-10-05,1335.2,1350.0,1301.3,1304.5,1304.9,1334.2,78011,102207000.0,8818,,34588.0,44.34,new
BBTCL, EQ,2026-10-05,228.0,237.73,225.3,234.94,235.0,229.49,5929,1369000.0,161,,4509.0,76.05,new
BCG, EQ,2026-10-05,9.72,9.74,9.05,9.17,9.18,9.52,9004653,83071000.0,9896,,4690618.0,52.09,new
BCLIND, EQ,2026-10-05,31.31,32.14,31.05,31.29,31.5,31.24,523094,16419000.0,4050,,290447.0,55.52,new
BCONCEPTS, EQ,2026-10-05,143.06,143.89,137.36,139.23,138.2,140.41,6700,932000.0,376,,4170.0,62.24,new
BCPL, EQ,2026-10-05,68.8,68.8,66.1,67.0,67.4,67.25,7536,501999.99999999994,268,,4430.0,58.78,new
BDL, EQ,2026-10-05,1087.9,1102.8,1082.1,1096.2,1096.2,1087.9,660761,721145000.0,32923,,257928.0,39.03,new
BEACON, SM,2026-10-05,85.0,85.15,85.0,85.15,85.15,85.0,6000,509999.99999999994,4,,5000.0,83.33,new
BEARDSELL, EQ,2026-10-05,22.3,23.15,22.17,22.76,22.6,22.13,23832,541000.0,180,,13606.0,57.09,new
BECTORFOOD, EQ,2026-10-05,213.03,213.99,208.61,210.83,209.86,213.03,428214,90351000.0,13356,,178708.0,41.73,new
BEDMUTHA, EQ,2026-10-05,108.0,108.99,105.1,107.25,107.25,110.33,2006,215000.0,48,,1626.0,81.06,new
BEEKAY, EQ,2026-10-05,435.05,443.55,424.0,426.9,424.0,435.4,1073,465000.00000000006,79,,993.0,92.54,new
BEL, EQ,2026-10-05,383.1,384.85,377.0,384.85,384.85,383.1,10909395,4154294999.9999995,101506,,5774962.0,52.94,new
BELLACASA, EQ,2026-10-05,241.22,252.68,237.0,238.26,237.1,241.22,5875,1416000.0,686,,2011.0,34.23,new
BELRISE, EQ,2026-10-05,238.81,239.99,230.5,231.12,230.76,237.5,2025207,471901000.0,51256,,908218.0,44.85,new
BEML, EQ,2026-10-05,1966.7,1993.9,1942.0,1970.4,1965.0,1962.3,144626,284526000.0,19670,,53704.0,37.13,new
BENARAS, EQ,2026-10-05,10201.0,10250.0,10063.0,10166.0,10200.0,10249.0,109,1108000.0,39,,87.0,79.82,new
BENGALASM, EQ,2026-10-05,6085.0,6150.0,5421.0,5772.0,6150.0,6088.0,2863,16422999.999999998,477,,1817.0,63.46,new
BEPL, EQ,2026-10-05,124.0,126.4,122.62,124.77,124.51,123.76,695197,86635000.0,9176,,296121.0,42.6,new
BERGEPAINT, EQ,2026-10-05,455.3,460.8,452.45,458.4,459.4,452.4,514017,235921000.0,42929,,301277.0,58.61,new
BESTAGRO, EQ,2026-10-05,18.17,18.17,17.41,17.73,17.69,17.47,490937,8733000.0,1952,,222336.0,45.29,new
BETA, EQ,2026-10-05,2064.5,2173.8,1986.7,2004.0,2020.0,2073.3,19642,40673000.0,3088,,8897.0,45.3,new
BEWLTD, SM,2026-10-05,61.0,61.2,57.5,59.6,60.3,58.5,34000,2028000.0,58,,20500.0,60.29,new
BFINVEST, EQ,2026-10-05,434.2,443.9,434.05,436.85,438.85,428.7,13712,6014000.0,1504,,7018.0,51.18,new
BFSI, EQ,2026-10-05,25.17,25.91,25.01,25.66,25.69,25.52,188535,4861000.0,836,,61282.0,32.5,new
BFUTILITIE, EQ,2026-10-05,504.75,512.95,495.0,495.9,495.05,504.75,35313,17677000.0,1984,,13310.0,37.69,new
BGLOBAL, BZ,2026-10-05,3.43,3.43,3.4,3.42,3.42,3.27,47281,162000.0,63,,,,new
BGRENERGY, BE,2026-10-05,238.98,246.0,230.0,232.95,235.9,239.71,51792,12268000.0,662,,,,new
BHADORA, ST,2026-10-05,151.8,154.6,147.25,153.5,152.1,147.25,142800,21977000.0,82,,141600.0,99.16,new
BHAGCHEM, EQ,2026-10-05,233.56,239.04,228.0,229.14,229.5,236.15,98290,22715000.0,1785,,61489.0,62.56,new
BHAGERIA, EQ,2026-10-05,391.0,395.85,358.0,364.65,360.0,382.05,197915,73499000.0,7319,,89966.0,45.46,new
BHAGYANGR, EQ,2026-10-05,401.0,418.0,396.0,412.35,415.3,402.65,173594,70816000.0,6942,,85167.0,49.06,new
BHANDARI, EQ,2026-10-05,2.88,2.89,2.73,2.76,2.77,2.82,152409,426999.99999999994,343,,128294.0,84.18,new
BHARATCOAL, EQ,2026-10-05,31.8,32.3,31.37,31.88,31.94,31.75,5387913,171139000.0,20749,,2114802.0,39.25,new
BHARATFORG, EQ,2026-10-05,1868.0,1873.7,1816.7,1833.0,1833.0,1875.0,1029681,1887939000.0,58442,,590152.0,57.31,new
BHARATGEAR, BE,2026-10-05,100.01,101.0,99.1,99.67,99.94,99.64,7422,740000.0,96,,,,new
BHARATRAS, EQ,2026-10-05,1011.9,1011.9,970.0,983.2,980.4,998.6,11663,11549000.0,1784,,5756.0,49.35,new
BHARATSE, EQ,2026-10-05,205.0,211.0,201.49,202.86,201.49,204.65,123062,25218000.0,3023,,57686.0,46.88,new
BHARATWIRE, EQ,2026-10-05,160.1,164.6,160.1,162.25,162.0,160.12,118991,19339000.0,2953,,39350.0,33.07,new
BHARTIARTL, EQ,2026-10-05,1742.3,1779.9,1742.3,1779.9,1779.9,1741.1,7310041,12913256000.0,182824,,5434630.0,74.34,new
BHARTIHEXA, EQ,2026-10-05,1389.9,1396.1,1371.4,1383.1,1383.0,1379.2,528019,729065000.0,12410,,480888.0,91.07,new
BHEL, EQ,2026-10-05,424.95,433.45,423.1,429.0,429.0,421.0,8225965,3528400000.0,85230,,3401644.0,41.35,new
BI, BE,2026-10-05,98.6,98.6,94.77,94.77,94.77,96.7,8260,802000.0,38,,,,new
BIGBLOC, EQ,2026-10-05,39.2,39.2,37.11,37.57,37.4,38.78,42913,1625000.0,645,,29405.0,68.52,new
BIKAJI, EQ,2026-10-05,507.0,514.0,484.5,487.0,485.0,504.05,387790,191940000.0,23634,,240525.0,62.02,new
BIKEWO, ST,2026-10-05,122.0,124.4,119.6,124.4,124.4,122.0,68000,8265000.000000001,24,,60000.0,88.24,new
BIL, EQ,2026-10-05,1018.55,1098.0,995.0,1071.15,1077.0,987.55,61770,65284000.0,2576,,26433.0,42.79,new
BILVYAPAR, BE,2026-10-05,4.35,4.35,4.06,4.19,4.08,4.21,1657,7000.000000000001,21,,,,new
BIMETAL, EQ,2026-10-05,640.0,641.0,640.0,640.0,640.0,640.0,69,44000.0,7,,69.0,100.0,new
BIOCON, EQ,2026-10-05,371.35,373.05,365.1,369.8,369.8,370.7,2121058,783554000.0,32679,,1241228.0,58.52,new
BIOFILCHEM, EQ,2026-10-05,29.31,30.94,29.17,29.64,30.05,29.31,14099,422000.0,156,,7348.0,52.12,new
BIOPOL, SM,2026-10-05,51.75,52.0,48.8,49.3,48.8,51.3,18000,906000.0,14,,15600.0,86.67,new
BIRDYS, SM,2026-10-05,80.0,81.0,80.0,80.5,81.0,83.1,2400,193000.0,2,,0.0,0.0,new
BIRET, RR,2026-10-05,330.35,333.6,330.0,333.11,333.0,330.25,223984,74383000.0,15003,,155310.0,69.34,new
BIRLACABLE, EQ,2026-10-05,389.7,391.0,372.1,376.65,376.8,383.0,249466,94654000.0,7823,,102448.0,41.07,new
BIRLACORPN, EQ,2026-10-05,828.1,835.45,812.0,812.8,814.0,828.95,36748,30080000.0,4305,,19793.0,53.86,new
BIRLAMONEY, EQ,2026-10-05,112.23,115.86,110.71,112.15,112.81,112.82,19921,2241000.0,939,,10654.0,53.48,new
BIRLANU, EQ,2026-10-05,1425.0,1425.0,1361.1,1379.5,1381.0,1391.2,3263,4525000.0,469,,2339.0,71.68,new
BIRLAPREC, BE,2026-10-05,56.44,58.75,54.0,57.78,58.75,55.96,112592,6323000.0,535,,,,new
BLACKBUCK, EQ,2026-10-05,612.15,619.0,597.1,599.4,598.8,606.15,362727,220742000.0,22738,,201318.0,55.5,new
BLACKROSE, EQ,2026-10-05,115.0,115.0,109.0,110.31,111.17,110.45,13885,1540000.0,459,,10364.0,74.64,new
BLAL, EQ,2026-10-05,160.9,160.9,153.5,156.84,157.01,157.83,8394,1323000.0,313,,5658.0,67.41,new
BLBLIMITED, EQ,2026-10-05,16.64,16.93,15.8,15.98,15.91,16.64,155815,2512000.0,1071,,92161.0,59.15,new
BLEL, EQ,2026-10-05,471.5,499.7,471.0,490.05,489.5,467.95,1679279,824868000.0,36977,,442838.0,26.37,new
BLIL, EQ,2026-10-05,65.49,65.49,64.29,64.5,64.45,65.01,80170,5174000.0,2018,,66536.0,82.99,new
BLISSGVS, BE,2026-10-05,671.5,697.9,660.0,664.8,665.0,683.6,198924,133536999.99999999,2103,,,,new
BLKASHYAP, EQ,2026-10-05,50.23,54.0,49.93,53.22,53.0,50.23,1836473,97026000.0,10837,,571448.0,31.12,new
BLS, EQ,2026-10-05,217.05,219.91,214.79,215.75,216.9,216.51,570077,123574000.0,22213,,270079.0,47.38,new
BLSE, EQ,2026-10-05,324.95,327.8,316.0,319.15,320.45,322.05,438825,140470000.0,7687,,285733.0,65.11,new
BLUECHIP, BE,2026-10-05,1.95,1.95,1.95,1.95,1.95,1.98,1020,2000.0,13,,,,new
BLUECLOUDS, EQ,2026-10-05,20.25,20.75,19.4,19.61,19.6,19.88,2034648,40466000.0,4770,,922936.0,45.36,new
BLUECOAST, EQ,2026-10-05,22.0,22.0,20.9,21.06,21.93,22.0,1903,40000.0,32,,1861.0,97.79,new
BLUEDART, EQ,2026-10-05,4546.3,4549.8,4458.1,4514.4,4505.1,4496.8,6452,29075000.0,2794,,2303.0,35.69,new
BLUEJET, EQ,2026-10-05,546.8,546.8,528.8,531.5,532.5,541.8,300308,160808000.0,19281,,144894.0,48.25,new
BLUESTARCO, EQ,2026-10-05,1476.0,1517.0,1460.4,1510.0,1510.0,1459.6,367830,551239000.0,25694,,55648.0,15.13,new
BLUESTONE, EQ,2026-10-05,780.5,797.65,778.2,790.65,792.0,787.95,509584,402626000.0,22243,,164908.0,32.36,new
BLUEWATER, ST,2026-10-05,578.95,579.5,550.7,567.05,578.0,579.5,14000,7980000.0,14,,13000.0,92.86,new
BLUSPRING, EQ,2026-10-05,150.0,151.54,142.95,143.92,145.0,147.82,223038,32723000.0,3690,,89954.0,40.33,new
BMETRICS, SM,2026-10-05,39.9,39.9,39.65,39.65,39.65,36.6,3200,127000.0,4,,3200.0,100.0,new
BMISL, ST,2026-10-05,110.0,115.5,104.5,115.5,115.5,110.0,1846800,206953000.00000003,812,,1844400.0,99.87,new
BMLL, SM,2026-10-05,159.0,159.0,159.0,159.0,159.0,159.5,1000,159000.0,1,,1000.0,100.0,new
BMWVENTLTD, EQ,2026-10-05,50.8,51.89,49.55,50.02,50.45,50.83,80304,4044000.0,1029,,58504.0,72.85,new
BNAGROCHEM, EQ,2026-10-05,232.5,239.22,219.0,238.45,233.56,227.83,159454,37380000.0,904,,10656.0,6.68,new
BNKETFAXIS, EQ,2026-10-05,568.21,569.22,562.8,563.05,562.8,571.22,3141,1779000.0,71,,2440.0,77.68,new
BODALCHEM, BE,2026-10-05,189.98,195.0,180.27,180.3,180.27,189.75,513672,94158000.0,2911,,,,new
BOHRAIND, EQ,2026-10-05,15.13,15.13,14.01,14.01,14.01,14.74,4635,66000.0,38,,3964.0,85.52,new
BOMDYEING, EQ,2026-10-05,103.4,104.3,101.02,101.54,101.8,102.63,384695,39338000.0,4620,,153374.0,39.87,new
BONLON, EQ,2026-10-05,41.0,41.0,39.59,39.76,39.6,39.97,6716,269000.0,70,,5213.0,77.62,new
BORANA, EQ,2026-10-05,272.0,277.8,268.6,270.4,269.3,272.95,11307,3069000.0,594,,5970.0,52.8,new
BOROLTD, EQ,2026-10-05,287.0,294.4,277.05,278.35,278.6,280.2,257448,72748000.0,6174,,106113.0,41.22,new
BORORENEW, EQ,2026-10-05,455.9,458.9,440.5,442.7,444.8,449.6,241002,107319000.0,18424,,120276.0,49.91,new
BOROSCI, EQ,2026-10-05,112.8,115.0,111.75,112.15,112.0,112.72,146287,16577000.000000002,1373,,101751.0,69.56,new
BOSCH-HCIL, EQ,2026-10-05,1999.0,2036.9,1973.0,1998.2,1991.2,1967.2,115592,231334000.0,18486,,54605.0,47.24,new
BOSCHLTD, EQ,2026-10-05,45550.0,46000.0,44610.0,44960.0,44960.0,45480.0,41822,1884063000.0,18131,,25349.0,60.61,new
BOSS, ST,2026-10-05,60.0,60.0,60.0,60.0,60.0,59.7,2000,120000.0,1,,2000.0,100.0,new
BPCL, EQ,2026-10-05,301.5,306.55,294.3,296.95,296.95,300.6,7903107,2363785000.0,55603,,4725402.0,59.79,new
BPL, EQ,2026-10-05,45.0,45.8,44.0,44.39,44.49,45.29,20796,928999.9999999999,554,,13257.0,63.75,new
BPLPHARMA, EQ,2026-10-05,1769.2,1790.0,1670.0,1726.9,1772.0,1720.4,12145,20894000.0,935,,7380.0,60.77,new
BRACEPORT, SM,2026-10-05,65.4,75.0,65.0,66.5,66.5,65.4,33600,2359000.0,19,,17600.0,52.38,new
BRAHMINFRA, EQ,2026-10-05,157.65,157.65,140.44,143.02,143.88,148.85,13100,1889999.9999999998,404,,10066.0,76.84,new
BRANDMAN, SM,2026-10-05,163.0,163.0,157.0,160.0,160.0,163.95,24000,3819000.0,28,,16000.0,66.67,new
BRIGADE, EQ,2026-10-05,571.0,583.4,561.1,571.6,573.9,569.55,324478,185069000.0,22062,,162338.0,50.03,new
BRIGHOTEL, EQ,2026-10-05,57.01,57.4,56.2,57.06,57.4,56.94,95219,5429000.0,1874,,71441.0,75.03,new
BRIGHTBR, EQ,2026-10-05,234.05,243.0,227.0,230.65,230.0,241.85,5668,1323000.0,232,,5068.0,89.41,new
BRITANNIA, EQ,2026-10-05,4778.0,4817.2,4734.1,4770.0,4770.0,4778.0,204743,974945999.9999999,17916,,132347.0,64.64,new
BRNL, EQ,2026-10-05,15.62,16.87,15.61,16.13,16.31,16.03,21855,359000.0,251,,17716.0,81.06,new
BROOKS, EQ,2026-10-05,55.4,55.88,53.65,54.24,54.85,54.8,12783,701000.0,231,,11427.0,89.39,new
BSE, EQ,2026-10-05,3052.0,3181.0,3036.0,3179.6,3179.6,3046.0,6735475,21089166000.0,240506,,3217060.0,47.76,new
BSE500IETF, EQ,2026-10-05,37.0,37.69,36.2,37.08,37.04,37.17,477298,17677000.0,2129,,397978.0,83.38,new
BSHSL, EQ,2026-10-05,84.78,84.8,81.0,83.07,83.0,83.95,4676,387000.0,144,,3012.0,64.41,new
BSL, EQ,2026-10-05,121.49,121.49,118.53,120.15,120.19,118.2,2251,271000.0,57,,2107.0,93.6,new
BSLGOLDETF, EQ,2026-10-05,129.59,129.61,128.44,129.43,129.48,129.24,329349,42571000.0,2960,,194591.0,59.08,new
BSLNIFTY, EQ,2026-10-05,26.88,26.88,26.25,26.52,26.6,26.43,4012582,106423000.0,9992,,3193758.0,79.59,new
BSLSENETFG, EQ,2026-10-05,72.08,74.16,71.95,73.49,73.03,72.82,3221,235000.0,156,,690.0,21.42,new
BSOFT, EQ,2026-10-05,277.15,280.8,274.25,276.0,275.85,269.75,1555308,431259000.0,39178,,518819.0,33.36,new
BTML, EQ,2026-10-05,7.39,7.39,6.97,7.15,7.06,7.09,65521,465000.00000000006,156,,52151.0,79.59,new
BTTL, BE,2026-10-05,39.49,41.33,38.2,38.72,41.33,39.5,2137,83000.0,25,,,,new
BUILDPRO, EQ,2026-10-05,1269.6,1284.0,1236.2,1265.9,1278.9,1249.2,80785,101400000.0,5544,,55794.0,69.06,new
BULKCORP, ST,2026-10-05,79.8,79.9,79.75,79.75,79.75,79.85,4800,383000.0,4,,4800.0,100.0,new
BURNPUR, BE,2026-10-05,12.69,13.18,12.56,13.18,13.18,12.56,13021,171000.0,90,,,,new
BUTTERFLY, EQ,2026-10-05,564.9,567.0,545.35,547.55,545.4,550.5,15707,8774000.0,1011,,8304.0,52.87,new
BVCL, EQ,2026-10-05,42.6,43.49,40.55,41.21,41.8,41.39,13402,565000.0,209,,9583.0,71.5,new
BYKE, EQ,2026-10-05,28.5,30.25,28.5,29.66,29.79,28.81,25230,744000.0,137,,18898.0,74.9,new
C2C, SM,2026-10-05,188.7,188.7,167.0,176.15,180.0,189.15,120300,21396000.0,590,,72150.0,59.98,new
CADSYS, SM,2026-10-05,38.0,38.0,37.95,37.95,37.95,39.9,2500,95000.0,2,,2500.0,100.0,new
CALSOFT, BE,2026-10-05,36.79,36.79,34.59,34.93,35.2,36.41,155554,5435000.0,849,,,,new
CAMLINFINE, EQ,2026-10-05,91.99,93.2,89.69,91.16,91.29,91.01,373342,33976000.0,4437,,164261.0,44.0,new
CAMPUS, EQ,2026-10-05,206.35,208.99,203.01,204.12,203.01,205.83,186812,38338000.0,5169,,83340.0,44.61,new
CAMS, EQ,2026-10-05,679.0,692.5,677.9,683.85,683.85,677.25,1632385,1117780000.0,54080,,893808.0,54.75,new
CANARYS, SM,2026-10-05,28.5,28.5,26.9,28.4,28.4,27.45,60000,1675000.0,15,,40000.0,66.67,new
CANBK, EQ,2026-10-05,119.39,120.96,118.21,118.5,118.5,118.36,22263750,2657286000.0,138284,,12660112.0,56.86,new
CANFINHOME, EQ,2026-10-05,714.35,735.1,711.15,724.7,725.7,711.0,355842,259086000.0,20061,,207000.0,58.17,new
CANHLIFE, EQ,2026-10-05,142.4,147.5,141.13,142.36,142.33,143.85,384965,55441999.99999999,9875,,167993.0,43.64,new
CANTABIL, EQ,2026-10-05,226.3,228.98,220.0,225.18,228.98,224.66,172213,38512000.0,3103,,96079.0,55.79,new
CAPACITE, EQ,2026-10-05,182.0,182.91,175.99,178.62,179.5,180.33,222639,39780000.0,4629,,99477.0,44.68,new
CAPILLARY, EQ,2026-10-05,560.0,564.7,538.0,546.1,544.0,554.7,108170,59209000.0,4256,,52877.0,48.88,new
CAPINVIT, IV,2026-10-05,77.15,77.25,76.7,77.05,76.9,76.67,130918,10077000.0,2065,,112544.0,85.97,new
CAPITALSFB, EQ,2026-10-05,278.0,286.9,273.65,279.55,276.1,277.5,32415,9050000.0,1184,,20240.0,62.44,new
CAPLIPOINT, EQ,2026-10-05,2609.7,2625.8,2541.1,2604.0,2586.0,2631.9,142329,367602000.0,24828,,52376.0,36.8,new
CAPTRUST, BE,2026-10-05,19.07,20.02,18.5,19.99,20.02,19.07,60158,1184000.0,115,,,,new
CARBORUNIV, EQ,2026-10-05,1241.0,1280.1,1230.7,1267.6,1270.0,1239.7,269403,338311000.0,28730,,131910.0,48.96,new
CARERATING, EQ,2026-10-05,1602.7,1635.2,1590.2,1607.7,1593.5,1602.7,53662,86650000.0,5095,,39075.0,72.82,new
CARRARO, EQ,2026-10-05,518.5,526.45,508.5,518.9,520.5,518.1,114896,59448000.0,9188,,61967.0,53.93,new
CARTRADE, EQ,2026-10-05,2806.0,2950.0,2804.2,2935.4,2944.2,2806.6,267054,777905000.0,30436,,83466.0,31.25,new
CARYSIL, EQ,2026-10-05,1058.7,1058.7,1021.0,1031.0,1022.4,1044.8,92489,95631000.0,8672,,51235.0,55.4,new
CASHIETF, EQ,2026-10-05,1083.37,1083.95,1082.28,1082.41,1082.4,1082.28,308464,333886000.0,161,,206685.0,67.0,new
CASTROLIND, EQ,2026-10-05,199.05,201.5,197.75,199.51,199.5,199.04,2300283,458295000.0,29528,,1212389.0,52.71,new
CBAZAAR, SM,2026-10-05,5.2,5.3,5.2,5.3,5.3,5.45,16000,84000.0,2,,16000.0,100.0,new
CCAVENUE, EQ,2026-10-05,15.25,15.45,14.95,14.99,15.0,15.28,11659060,176377000.0,13497,,7425167.0,63.69,new
CCCL, EQ,2026-10-05,13.44,13.49,12.9,13.19,13.26,13.45,120507,1589000.0,480,,94390.0,78.33,new
CCHHL, EQ,2026-10-05,12.81,13.16,12.7,12.71,12.89,12.99,20247,260000.0,155,,15954.0,78.8,new
CCL, EQ,2026-10-05,1056.6,1057.6,1033.1,1051.9,1052.5,1056.6,179191,187106000.0,21397,,83825.0,46.78,new
CDSL, EQ,2026-10-05,1248.0,1260.3,1237.4,1250.0,1250.0,1242.5,915900,1144178000.0,39847,,413058.0,45.1,new
CEATLTD, EQ,2026-10-05,3286.6,3313.4,3244.1,3283.0,3289.0,3286.6,26355,86339000.0,6694,,9157.0,34.74,new
CEDAAR, SM,2026-10-05,11.55,11.55,10.45,10.5,10.5,11.0,16000,174000.0,12,,14000.0,87.5,new
CEIGALL, EQ,2026-10-05,380.1,386.5,373.2,383.95,382.95,380.1,214295,81528000.0,5504,,111596.0,52.08,new
CEINSYS, EQ,2026-10-05,669.8,669.8,635.05,649.6,643.05,654.25,58702,37923000.0,4391,,29893.0,50.92,new
CELEBRITY, EQ,2026-10-05,6.26,6.69,6.06,6.41,6.4,6.26,13811,88000.0,109,,7534.0,54.55,new
CELLECOR, SM,2026-10-05,29.5,29.75,28.25,29.4,29.65,28.9,159000,4638000.0,46,,108000.0,67.92,new
CELLO, EQ,2026-10-05,323.1,341.9,323.1,340.05,339.0,323.1,945722,317711000.0,32031,,316843.0,33.5,new
CELLPOINT, SM,2026-10-05,16.75,16.75,15.35,15.85,15.85,16.05,13200,213000.0,10,,10800.0,81.82,new
CEMNTGROWW, EQ,2026-10-05,13.95,13.95,13.38,13.62,13.7,13.6,46681,636000.0,386,,34030.0,72.9,new
CEMPRO, EQ,2026-10-05,1198.0,1209.5,1150.1,1156.6,1159.0,1178.9,237035,276541000.0,21595,,137128.0,57.85,new
CENTENKA, EQ,2026-10-05,538.9,551.8,538.9,546.2,545.45,537.8,26663,14576000.0,3016,,15408.0,57.79,new
CENTEXT, EQ,2026-10-05,18.4,18.99,17.91,17.99,18.0,18.18,68850,1251000.0,678,,47850.0,69.5,new
CENTEXT-RE, BE,2026-10-05,3.5,3.5,2.14,2.79,2.82,3.16,193543,548000.0,260,,,,new
CENTRALBK, EQ,2026-10-05,30.2,30.56,30.02,30.31,30.36,30.0,4478354,135746000.0,17901,,1566372.0,34.98,new
CENTRUM, EQ,2026-10-05,19.99,20.4,19.3,19.7,19.89,19.9,371639,7359999.999999999,789,,216015.0,58.12,new
CENTUM, EQ,2026-10-05,4748.8,4750.0,4550.0,4584.1,4608.0,4701.7,44652,206437000.0,10210,,17297.0,38.74,new
CENTURYPLY, EQ,2026-10-05,662.25,682.0,662.25,680.05,678.1,666.45,65262,44085000.0,13393,,41734.0,63.95,new
CERA, EQ,2026-10-05,5096.5,5129.5,5014.5,5056.5,5050.0,5096.5,7444,37675000.0,2396,,4013.0,53.91,new
CEREBRAINT, BZ,2026-10-05,2.66,2.66,2.66,2.66,2.66,2.86,3864,10000.0,32,,,,new
CESC, EQ,2026-10-05,132.33,136.9,131.7,133.73,133.55,131.62,1606522,215616000.0,41380,,863370.0,53.74,new
CEWATER, EQ,2026-10-05,253.45,267.0,250.6,259.1,256.55,253.45,98075,25197000.0,3725,,51268.0,52.27,new
CFEL, BE,2026-10-05,45.5,45.56,43.01,43.55,44.0,45.27,7473,336000.0,79,,,,new
CGCL, EQ,2026-10-05,250.6,251.98,245.15,247.06,246.0,249.23,1571868,390338000.0,25055,,819176.0,52.11,new
CGPOWER, EQ,2026-10-05,885.05,894.2,877.75,882.3,882.3,879.0,1290292,1141498000.0,34691,,558427.0,43.28,new
CGRAPHICS, SM,2026-10-05,152.05,153.0,150.5,150.85,151.7,148.8,22400,3393000.0,19,,20800.0,92.86,new
CGVAK, EQ,2026-10-05,158.99,158.99,145.11,147.99,147.99,147.24,1065,159000.0,48,,571.0,53.62,new
CHALET, EQ,2026-10-05,836.8,844.4,825.25,841.45,840.0,830.25,136588,114211999.99999999,13535,,90352.0,66.15,new
CHAMBLFERT, EQ,2026-10-05,400.3,406.3,395.0,397.6,398.25,399.3,432450,172445000.0,20906,,212352.0,49.1,new
CHANDAN, SM,2026-10-05,228.0,228.0,220.55,222.6,222.0,227.1,20000,4464000.0,25,,12000.0,60.0,new
CHAVDA, ST,2026-10-05,59.85,60.0,59.5,59.5,59.5,59.85,6000,359000.0,3,,6000.0,100.0,new
CHEMBOND, EQ,2026-10-05,178.22,183.02,176.5,177.94,180.95,177.64,4435,798000.0,223,,2593.0,58.47,new
CHEMBONDCH, BE,2026-10-05,221.95,225.95,212.0,214.85,215.0,215.81,5522,1210000.0,132,,,,new
CHEMCON, EQ,2026-10-05,218.0,223.0,211.21,213.86,214.8,215.93,41413,9016000.0,1325,,23225.0,56.08,new
CHEMCRUX, EQ,2026-10-05,79.47,82.2,76.5,79.22,79.1,78.23,3767,298000.0,76,,1602.0,42.53,new
CHEMFAB, EQ,2026-10-05,321.55,335.35,320.15,326.35,321.05,328.35,3357,1104000.0,192,,1807.0,53.83,new
CHEMICAL, EQ,2026-10-05,28.76,28.76,27.82,27.95,28.03,28.2,186930,5242000.0,1608,,85707.0,45.85,new
CHEMPLASTS, EQ,2026-10-05,191.55,204.0,191.55,196.93,196.15,191.56,805392,160956000.0,16277,,260845.0,32.39,new
CHENNPETRO, EQ,2026-10-05,1345.9,1406.0,1325.1,1401.0,1403.9,1346.4,1762387,2424326000.0,72768,,540610.0,30.67,new
CHETANA, SM,2026-10-05,39.0,39.0,38.5,38.5,38.5,40.0,6400,247000.00000000003,2,,6400.0,100.0,new
CHEVIOT, EQ,2026-10-05,1172.0,1174.5,1160.1,1165.7,1167.0,1167.0,386,451000.0,90,,334.0,86.53,new
CHOICEGOLD, EQ,2026-10-05,144.05,146.3,144.05,145.93,146.0,145.74,15777,2287000.0,255,,6414.0,40.65,new
CHOICEIN, EQ,2026-10-05,719.4,736.0,719.4,726.0,728.0,719.4,737146,535930000.0,9628,,468815.0,63.6,new
CHOLAFIN, EQ,2026-10-05,1590.0,1610.8,1580.0,1605.4,1605.4,1580.0,1378981,2208592000.0,49311,,787249.0,57.09,new
CHOLAHLDNG, EQ,2026-10-05,1379.9,1409.7,1366.1,1404.4,1402.9,1369.6,69925,97245000.0,10380,,38488.0,55.04,new
CIEINDIA, EQ,2026-10-05,377.0,380.85,374.4,378.0,376.55,376.35,91542,34600000.0,12327,,42251.0,46.15,new
CIFL, EQ,2026-10-05,20.7,21.15,20.4,20.49,20.49,20.76,240278,4941000.0,1762,,202965.0,84.47,new
CINELINE, EQ,2026-10-05,87.4,90.0,86.01,86.22,86.15,85.96,5158,450000.0,282,,3049.0,59.11,new
CINEVISTA, EQ,2026-10-05,14.09,14.09,13.46,13.79,13.95,13.63,18109,250000.0,97,,13706.0,75.69,new
CIPLA, EQ,2026-10-05,1334.3,1337.7,1321.0,1335.5,1335.5,1344.0,1084209,1444591000.0,56931,,645805.0,59.56,new
CITIUSINVT, IV,2026-10-05,116.5,117.0,115.12,115.63,115.5,115.99,10960,1276000.0,287,,8235.0,75.14,new
CKKRETAIL, SM,2026-10-05,165.1,165.1,165.1,165.1,165.1,168.65,800,132000.0,1,,800.0,100.0,new
CLASSICEIL, SM,2026-10-05,50.5,51.0,50.5,50.6,50.6,51.05,6400,324000.0,4,,4800.0,75.0,new
CLAYCRAFT, SM,2026-10-05,162.0,171.9,162.0,169.4,169.75,167.2,22200,3729000.0,28,,19200.0,86.49,new
CLCIND, BE,2026-10-05,43.22,43.22,43.22,43.22,43.22,43.22,152,7000.000000000001,6,,,,new
CLEAN, EQ,2026-10-05,805.0,817.3,792.15,799.8,799.0,803.05,185312,148956000.0,14316,,64493.0,34.8,new
CLEANMAX, EQ,2026-10-05,1309.9,1331.8,1301.0,1303.3,1306.0,1299.8,156077,205057000.00000003,14132,,59039.0,37.83,new
CLEDUCATE, EQ,2026-10-05,58.49,58.98,55.02,55.02,55.02,57.91,11798,661000.0,157,,10947.0,92.79,new
CLSEL, EQ,2026-10-05,280.95,286.2,277.25,283.1,281.1,281.95,31677,8906000.0,1439,,14238.0,44.95,new
CLSL, ST,2026-10-05,62.85,62.85,62.85,62.85,62.85,62.9,2000,126000.0,1,,2000.0,100.0,new
CMICABLES, BZ,2026-10-05,2.62,2.62,2.49,2.49,2.49,2.62,2350,6000.0,14,,,,new
CMLL, EQ,2026-10-05,520.0,526.0,503.3,507.2,507.0,523.05,192091,98925000.0,6042,,85397.0,44.46,new
CMNL, SM,2026-10-05,118.0,118.0,115.0,115.0,115.0,118.0,5250,606000.0,5,,4500.0,85.71,new
CMPDI, EQ,2026-10-05,205.7,208.99,203.68,207.13,206.0,204.38,1019550,210604000.0,19403,,509105.0,49.93,new
CMRGREEN, EQ,2026-10-05,224.57,225.6,220.1,221.48,220.5,223.38,272408,60767999.99999999,8127,,130367.0,47.86,new
CMRSL, SM,2026-10-05,70.65,74.15,70.65,74.15,74.15,70.65,1600,115999.99999999999,2,,1600.0,100.0,new
CMSINFO, EQ,2026-10-05,221.68,222.0,217.16,218.98,219.45,220.69,696321,152788000.0,17649,,407629.0,58.54,new
CNL, EQ,2026-10-05,1070.9,1086.7,1052.0,1071.9,1053.1,1079.2,10873,11646000.0,1223,,7044.0,64.78,new
COALINDIA, EQ,2026-10-05,425.0,430.9,421.6,425.1,425.1,420.4,7764099,3306444999.9999995,103761,,4676606.0,60.23,new
COASTCORP, EQ,2026-10-05,35.55,36.19,35.45,35.68,35.45,35.82,36258,1300000.0,527,,22507.0,62.07,new
COCHINSHIP, EQ,2026-10-05,1295.9,1308.0,1279.3,1283.8,1283.8,1287.0,678043,873809000.0,20372,,288350.0,42.53,new
COCKERILL, EQ,2026-10-05,7920.0,8026.5,7826.0,7868.5,7826.0,7989.0,1721,13607000.0,525,,1007.0,58.51,new
COFFEEDAY, EQ,2026-10-05,30.2,31.74,29.72,30.06,30.05,29.69,642940,19363000.0,2600,,317005.0,49.31,new
COFORGE, EQ,2026-10-05,1842.3,1888.0,1793.8,1852.0,1852.0,1826.0,3693526,6828444000.0,114163,,1716771.0,46.48,new
COHANCE, EQ,2026-10-05,451.5,455.05,442.2,446.8,446.3,451.3,413013,184938000.0,29855,,194719.0,47.15,new
COLPAL, EQ,2026-10-05,1741.0,1775.0,1737.0,1775.0,1775.0,1735.0,173685,304765000.0,14223,,100983.0,58.14,new
COMFINTE, EQ,2026-10-05,6.09,6.98,6.09,6.18,6.22,6.23,450195,2904000.0,864,,174000.0,38.65,new
COMMOIETF, EQ,2026-10-05,93.24,94.5,92.91,93.55,93.51,94.0,82728,7741000.0,1785,,56102.0,67.82,new
COMPEAU, EQ,2026-10-05,380.0,380.0,344.2,349.3,359.95,362.45,240,84000.0,32,,177.0,73.75,new
COMPINFO, BZ,2026-10-05,1.09,1.11,1.04,1.09,1.09,1.09,22041,23000.0,32,,,,new
COMPUSOFT, EQ,2026-10-05,13.05,13.4,12.61,13.0,13.05,13.05,19681,254999.99999999997,218,,12934.0,65.72,new
COMSYN, EQ,2026-10-05,263.05,270.0,256.8,259.55,262.4,262.4,527134,137401000.0,6007,,417417.0,79.19,new
CONCOR, EQ,2026-10-05,445.0,446.6,434.5,441.45,441.45,442.0,949906,418241000.0,20268,,470256.0,49.51,new
CONCORDBIO, EQ,2026-10-05,1394.7,1398.7,1352.5,1355.9,1352.7,1374.1,55394,75788000.0,9357,,20798.0,37.55,new
CONFIPET, EQ,2026-10-05,87.4,88.49,85.12,86.18,86.0,86.05,1591393,138172000.0,15622,,669494.0,42.07,new
CONNPLEX, SM,2026-10-05,252.95,252.95,243.0,244.45,244.0,246.1,19200,4740000.0,20,,14400.0,75.0,new
CONS, EQ,2026-10-05,11.4,11.4,11.18,11.28,11.32,11.35,62755,706000.0,289,,34523.0,55.01,new
CONSOFINVT, BE,2026-10-05,279.45,285.0,278.0,284.25,282.0,279.6,2475,693000.0,32,,,,new
CONSUMAXIS, EQ,2026-10-05,112.0,112.9,111.65,112.77,111.65,111.99,2963,334000.0,38,,1514.0,51.1,new
CONSUMBEES, EQ,2026-10-05,120.93,122.5,120.92,122.1,122.5,121.58,81760,9937000.0,1311,,32573.0,39.84,new
CONSUMER, EQ,2026-10-05,11.12,11.2,11.09,11.15,11.18,11.06,564826,6298000.0,391,,523688.0,92.72,new
CONSUMIETF, EQ,2026-10-05,112.8,115.89,112.6,113.58,113.0,113.03,10424,1181000.0,286,,4210.0,40.39,new
CONTI, SM,2026-10-05,9.8,9.8,9.8,9.8,9.8,10.1,6666,65000.0,2,,6666.0,100.0,new
CONTROLPR, EQ,2026-10-05,624.0,625.25,599.05,616.3,616.5,618.0,19662,12058000.0,1751,,10051.0,51.12,new
COOLCAPS, SM,2026-10-05,21.25,21.55,21.0,21.1,21.0,21.15,25000,532000.0,16,,17500.0,70.0,new
CORALFINAC, EQ,2026-10-05,31.05,31.62,29.98,30.21,30.05,31.25,23876,728000.0,234,,15584.0,65.27,new
CORDELIA, EQ,2026-10-05,101.5,105.95,100.17,100.83,101.3,100.91,668903,68409000.0,6624,,312307.0,46.69,new
CORDSCABLE, BE,2026-10-05,317.9,324.0,303.0,308.3,311.0,318.9,55092,16986000.0,942,,,,new
COREIN, ST,2026-10-05,78.65,82.55,77.25,82.55,82.55,78.65,80000,6405000.0,35,,80000.0,100.0,new
COROMANDEL, EQ,2026-10-05,1769.9,1809.8,1751.8,1801.4,1808.0,1763.6,189198,336930000.0,15060,,129757.0,68.58,new
CORONA, EQ,2026-10-05,2051.0,2070.0,2005.6,2034.2,2030.1,2029.4,14222,28845000.0,4953,,6988.0,49.14,new
COSMOFIRST, EQ,2026-10-05,840.0,840.0,811.8,822.7,820.0,826.85,27709,22800000.0,2515,,13850.0,49.98,new
COUNCODOS, BE,2026-10-05,6.42,6.45,6.14,6.44,6.44,6.33,139145,890000.0,131,,,,new
CPCAP, EQ,2026-10-05,133.01,142.0,131.35,134.45,134.79,140.85,17693,2421000.0,583,,9592.0,54.21,new
CPEDU, EQ,2026-10-05,170.1,180.0,170.1,179.47,179.44,176.36,6455,1140000.0,136,,5198.0,80.53,new
CPL, EQ,2026-10-05,61.56,63.9,61.01,62.73,63.89,62.46,34985,2178000.0,1930,,10958.0,31.32,new
CPPLUS, EQ,2026-10-05,3858.2,3989.5,3833.5,3989.5,3989.5,3799.6,255914,1010325000.0,19621,,166913.0,65.22,new
CPSEETF, EQ,2026-10-05,89.78,91.3,88.66,90.09,89.6,89.78,732945,66092999.99999999,11010,,417362.0,56.94,new
CRAFTSMAN, EQ,2026-10-05,10280.0,10660.0,10183.0,10251.0,10300.0,10266.0,60422,625627000.0,24227,,30979.0,51.27,new
CRAMC, EQ,2026-10-05,219.0,224.0,218.69,220.23,220.88,216.52,278457,61575000.0,6499,,128849.0,46.27,new
CRAVATEX, EQ,2026-10-05,365.0,365.0,336.1,339.2,339.0,349.0,42,15000.0,15,,30.0,71.43,new
CRAYONS, SM,2026-10-05,24.0,24.0,23.95,23.95,23.95,25.0,2000,48000.0,2,,2000.0,100.0,new
CREATIVEYE, EQ,2026-10-05,6.15,6.15,5.76,5.9,5.9,6.17,2267,14000.000000000002,95,,1871.0,82.53,new
CREDENT, SM,2026-10-05,380.0,393.45,365.0,367.7,365.55,382.1,23400,8755000.0,39,,18000.0,76.92,new
CREDITACC, EQ,2026-10-05,1250.0,1280.0,1244.8,1251.5,1250.0,1239.0,164807,207308000.0,24872,,75199.0,45.63,new
CREST, EQ,2026-10-05,355.0,367.0,355.0,363.05,360.6,362.35,4641,1682999.9999999998,131,,3534.0,76.15,new
CRESTO, BE,2026-10-05,20.95,22.85,20.95,20.99,21.0,22.05,28152,592000.0,108,,,,new
CRISIL, EQ,2026-10-05,4428.6,4531.5,4401.0,4505.8,4515.0,4428.6,26707,120007000.0,9217,,13951.0,52.24,new
CRIZAC, EQ,2026-10-05,168.65,170.76,166.74,168.24,170.0,166.89,186832,31443000.0,3756,,48063.0,25.73,new
CROMPTON, EQ,2026-10-05,203.3,211.98,203.3,211.5,211.5,202.7,3915311,822760000.0,58204,,1091002.0,27.87,new
CROWN, EQ,2026-10-05,114.92,114.92,109.0,111.06,110.2,111.53,6244,698000.0,210,,4380.0,70.15,new
CRSL, BZ,2026-10-05,2.1,2.19,2.04,2.04,2.04,2.14,881962,1832000.0,678,,,,new
CSBBANK, EQ,2026-10-05,306.85,310.0,300.1,306.85,308.5,304.75,455102,138726000.0,20461,,199578.0,43.85,new
CSLFINANCE, EQ,2026-10-05,205.2,211.99,205.2,209.79,210.0,208.34,17931,3754000.0,476,,12848.0,71.65,new
CSM, EQ,2026-10-05,93.78,95.0,92.33,93.68,94.25,94.25,293230,27462000.0,1753,,215676.0,73.55,new
CSSL, SM,2026-10-05,70.25,75.5,70.25,73.5,73.5,69.6,8000,590000.0,7,,7000.0,87.5,new
CTE, BE,2026-10-05,38.62,39.0,36.98,37.22,37.89,38.91,26836,999000.0,111,,,,new
CUB, EQ,2026-10-05,232.0,232.65,225.5,227.65,227.43,230.04,1115230,254229000.0,33136,,472194.0,42.34,new
CUBEINVIT, IV,2026-10-05,155.95,156.0,154.9,155.02,154.91,155.03,143631,22305000.0,19656,,119721.0,83.35,new
CUBEXTUB, BE,2026-10-05,159.25,165.0,157.8,157.8,157.8,166.1,126734,20160000.0,1155,,,,new
CUDML, SM,2026-10-05,100.2,102.6,100.15,102.6,102.6,106.95,14000,1411000.0,9,,11000.0,78.57,new
CUMMINSIND, EQ,2026-10-05,4864.2,4900.0,4789.2,4832.3,4832.3,4860.0,707402,3414126000.0,47539,,499512.0,70.61,new
CUPID, EQ,2026-10-05,314.3,316.0,302.1,310.1,310.0,312.5,15766847,4887137000.0,154999,,4471141.0,28.36,new
CURAA, BE,2026-10-05,72.25,72.25,69.0,72.12,72.25,72.25,267,19000.0,14,,,,new
CURIS, ST,2026-10-05,208.0,208.0,207.0,207.0,207.0,206.5,6000,1246000.0,6,,6000.0,100.0,new
CURRENT, SM,2026-10-05,98.0,98.0,98.0,98.0,98.0,96.0,4800,470000.0,1,,4800.0,100.0,new
CYBERMEDIA, BE,2026-10-05,17.96,18.4,17.64,17.69,17.64,17.96,9138,163000.0,88,,,,new
CYBERTECH, EQ,2026-10-05,139.9,153.0,137.2,139.1,137.2,135.95,186480,27189999.999999996,3909,,81336.0,43.62,new
CYIENT, EQ,2026-10-05,1115.0,1173.5,1110.0,1140.2,1145.0,1104.6,1623849,1869796000.0,97347,,408252.0,25.14,new
CYIENTDLM, EQ,2026-10-05,895.0,952.0,895.0,946.8,944.0,893.9,591661,555499000.0,37920,,262432.0,44.36,new
DABUR, EQ,2026-10-05,376.1,379.0,373.3,378.65,378.65,374.25,685009,257758000.0,14851,,249901.0,36.48,new
DAICHI, BE,2026-10-05,316.0,316.0,306.0,315.0,314.95,317.1,853,265000.0,17,,,,new
DALBHARAT, EQ,2026-10-05,1682.1,1689.1,1655.0,1673.7,1677.9,1682.1,20725,34601000.0,5015,,9876.0,47.65,new
DALMIASUG, EQ,2026-10-05,405.65,435.95,400.3,430.15,427.6,396.7,1092162,465947000.0,31145,,140497.0,12.86,new
DAMCAPITAL, EQ,2026-10-05,146.56,150.19,146.01,146.75,147.42,146.56,220836,32595000.0,4342,,82865.0,37.52,new
DAMODARIND, BE,2026-10-05,26.89,26.89,26.1,26.5,26.5,26.59,4071,108000.0,19,,,,new
DANGEE, EQ,2026-10-05,2.89,2.98,2.89,2.92,2.93,2.9,56532,165000.0,112,,46087.0,81.52,new
DANISH, SM,2026-10-05,955.55,975.0,922.0,933.1,925.5,953.5,32100,30452999.999999996,126,,26700.0,83.18,new
DATAMATICS, EQ,2026-10-05,790.95,799.0,766.05,769.75,767.5,790.3,61398,47625000.0,4153,,26152.0,42.59,new
DATAPATTNS, EQ,2026-10-05,4275.6,4316.8,4200.0,4226.5,4221.0,4251.3,212079,900025000.0,27902,,51122.0,24.11,new
DAVANGERE, EQ,2026-10-05,2.25,2.32,2.25,2.29,2.3,2.26,6379071,14588000.0,2579,,3980318.0,62.4,new
DBCORP, EQ,2026-10-05,175.0,177.19,170.01,171.08,171.5,172.52,113125,19569000.0,2730,,53465.0,47.26,new
DBEIL, EQ,2026-10-05,6.7,6.7,6.32,6.4,6.4,6.5,116394,752000.0,347,,67716.0,58.18,new
DBL, EQ,2026-10-05,398.05,405.15,393.1,396.3,395.0,399.1,94930,37772000.0,3802,,37046.0,39.02,new
DBOL, EQ,2026-10-05,121.0,126.93,121.0,125.03,124.35,120.91,210180,26162000.0,4025,,111509.0,53.05,new
DBREALTY, EQ,2026-10-05,91.74,92.79,89.25,91.72,91.5,91.7,903606,82272000.0,11893,,472788.0,52.32,new
DBSTOCKBRO, BE,2026-10-05,31.5,32.98,31.5,31.58,31.58,31.5,4716,152000.0,31,,,,new
DCAL, EQ,2026-10-05,153.99,154.67,149.1,151.5,152.2,150.35,113660,17267000.0,3650,,58667.0,51.62,new
DCBBANK, EQ,2026-10-05,199.0,205.65,196.63,197.36,197.15,199.71,1142913,227214000.0,26925,,608641.0,53.25,new
DCG, ST,2026-10-05,75.0,75.0,72.6,72.6,72.6,76.4,12000,884000.0,10,,9600.0,80.0,new
DCI, EQ,2026-10-05,339.55,344.7,324.0,343.15,344.0,342.95,128476,43294000.0,4715,,52419.0,40.8,new
DCM, EQ,2026-10-05,72.02,76.6,71.1,72.71,72.0,72.83,40530,2964000.0,216,,23978.0,59.16,new
DCMFINSERV, EQ,2026-10-05,5.07,5.33,4.75,5.02,5.09,5.07,20787,105000.0,102,,20518.0,98.71,new
DCMNVL, EQ,2026-10-05,169.99,173.0,167.01,171.37,172.98,166.47,7872,1344000.0,257,,6023.0,76.51,new
DCMSHRIRAM, EQ,2026-10-05,910.6,1088.2,910.6,1044.55,1012.1,906.85,971948,1014517000.0,38600,,442161.0,45.49,new
DCMSIL, EQ,2026-10-05,80.1,81.24,76.4,77.42,77.01,80.25,74037,5818000.0,2024,,38769.0,52.36,new
DCMSRIND, EQ,2026-10-05,37.69,45.22,37.31,39.06,39.0,37.69,6126018,256703000.00000003,21019,,636482.0,10.39,new
DCW, EQ,2026-10-05,45.39,45.99,44.29,44.69,44.62,44.62,810989,36379000.0,5748,,335799.0,41.41,new
DCXINDIA, EQ,2026-10-05,159.96,162.9,156.0,156.82,157.28,158.99,214338,33838000.0,4953,,80436.0,37.53,new
DDEVPLSTIK, EQ,2026-10-05,248.2,252.0,242.25,243.13,242.25,247.61,104792,25769000.0,2270,,67786.0,64.69,new
DECCANCE, EQ,2026-10-05,552.0,560.0,543.4,552.05,551.2,548.95,5252,2893000.0,453,,2852.0,54.3,new
DECCANTRAN, SM,2026-10-05,20.25,21.4,19.1,19.55,20.0,21.7,8400,171000.0,7,,6000.0,71.43,new
DECNGOLD, EQ,2026-10-05,196.79,197.85,187.78,188.57,188.1,195.69,1071051,204861000.0,17463,,497803.0,46.48,new
DEEDEV, EQ,2026-10-05,678.85,679.9,632.55,636.95,638.75,663.2,203639,133240000.00000001,9554,,122744.0,60.28,new
DEEP, BE,2026-10-05,44.0,44.22,42.69,42.76,42.9,42.69,3252,141000.0,47,,,,new
DEEPA, EQ,2026-10-05,192.17,197.3,190.36,194.93,193.65,192.17,1705934,331055000.0,23819,,550880.0,32.29,new
DEEPAKFERT, EQ,2026-10-05,1300.9,1322.5,1292.0,1297.7,1298.0,1300.9,112778,146751000.0,10785,,48738.0,43.22,new
DEEPAKNTR, EQ,2026-10-05,1497.9,1522.0,1488.2,1497.0,1497.8,1492.8,108056,162114000.0,13612,,54049.0,50.02,new
DEEPINDS, EQ,2026-10-05,750.9,762.9,731.4,747.05,743.2,749.0,111244,83186000.0,7843,,50016.0,44.96,new
DEFENCE, EQ,2026-10-05,74.4,76.97,74.4,76.68,76.7,76.31,201294,15404000.0,982,,96124.0,47.75,new
DELAPLEX, SM,2026-10-05,96.95,97.0,95.0,96.7,96.7,94.5,10200,986000.0,15,,9000.0,88.24,new
DELHIVERY, EQ,2026-10-05,403.25,404.85,398.0,400.3,400.3,400.0,2579997,1036270000.0000001,50159,,1495171.0,57.95,new
DELPHIFX, BE,2026-10-05,7.03,7.03,7.03,7.03,7.03,6.9,64543,454000.0,31,,,,new
DELTACORP, EQ,2026-10-05,74.6,87.67,71.23,85.43,85.0,73.48,105531303,8622856000.0,381084,,9680535.0,9.17,new
DELTAMAGNT, EQ,2026-10-05,54.1,56.8,53.35,54.87,56.3,54.08,3862,213000.0,59,,2436.0,63.08,new
DELTIC, SM,2026-10-05,35.95,36.9,34.85,35.85,35.85,35.95,17000,611000.0,16,,15000.0,88.24,new
DEN, EQ,2026-10-05,25.69,26.05,25.41,25.71,25.9,25.41,310933,8018000.000000001,1311,,209614.0,67.41,new
DENEERS, SM,2026-10-05,172.15,177.95,167.5,172.1,174.9,173.55,9000,1566000.0,14,,4200.0,46.67,new
DENORA, EQ,2026-10-05,725.0,789.1,716.0,731.65,735.0,723.9,5451,4020000.0000000005,842,,3188.0,58.48,new
DENTA, EQ,2026-10-05,263.0,264.9,255.3,260.35,261.9,260.65,50083,13005000.000000002,2356,,21561.0,43.05,new
DENTALKART, SM,2026-10-05,458.0,465.0,437.2,465.0,465.0,459.0,5750,2609000.0,19,,4500.0,78.26,new
DEVIT, EQ,2026-10-05,21.1,21.9,20.5,20.52,20.5,20.75,19078,399000.0,396,,12702.0,66.58,new
DEVX, EQ,2026-10-05,36.41,38.5,36.05,37.85,38.25,36.28,207604,7815000.000000001,2589,,127766.0,61.54,new
DEVYANI, EQ,2026-10-05,127.07,131.0,125.55,130.03,129.91,127.07,1377561,176601000.0,17107,,456925.0,33.17,new
DGCONTENT, EQ,2026-10-05,25.0,25.59,24.7,24.91,24.9,25.43,6243,156000.0,39,,4235.0,67.84,new
DHABRIYA, BE,2026-10-05,461.0,465.0,449.9,452.55,453.0,463.8,8343,3804999.9999999995,199,,,,new
DHAMPURSUG, EQ,2026-10-05,171.19,179.98,171.19,176.85,176.95,171.06,818549,144749000.0,15693,,262500.0,32.07,new
DHANBANK, EQ,2026-10-05,27.65,28.4,26.25,26.49,26.35,26.97,589132,15749000.0,3320,,294903.0,50.06,new
DHANLAXMI, SM,2026-10-05,26.5,26.5,22.0,23.1,25.5,26.5,56000,1327000.0,21,,38000.0,67.86,new
DHANSA, ST,2026-10-05,25.7,26.0,25.0,25.9,26.0,25.7,10000,256999.99999999997,4,,10000.0,100.0,new
DHANUKA, EQ,2026-10-05,930.9,938.2,899.5,907.4,911.3,935.05,19452,17777000.0,1947,,10955.0,56.32,new
DHARAN, BZ,2026-10-05,0.14,0.14,0.13,0.13,0.14,0.13,6787428,936000.0,1418,,,,new
DHARARAIL, SM,2026-10-05,141.0,147.95,137.0,141.15,137.0,140.2,22000,3151000.0,19,,18000.0,81.82,new
DHARIWAL, SM,2026-10-05,27.75,29.0,27.75,29.0,29.0,29.0,6000,170000.0,2,,6000.0,100.0,new
DHARMAJ, EQ,2026-10-05,265.65,272.3,261.6,265.0,265.0,267.65,110832,29525000.0,3679,,64037.0,57.78,new
DHATRE, EQ,2026-10-05,4.04,4.08,3.91,3.93,4.02,4.02,21458,85000.0,163,,17517.0,81.63,new
DHOOTTRANS, EQ,2026-10-05,1464.0,1531.9,1452.0,1521.8,1530.0,1443.4,2028908,3039940000.0,104307,,692964.0,34.15,new
DHRUV, EQ,2026-10-05,19.74,19.97,18.76,19.51,19.5,19.74,16382,314000.0,126,,11660.0,71.18,new
DHTL, SM,2026-10-05,23.7,24.75,23.7,24.75,24.75,23.75,38400,927999.9999999999,7,,37600.0,97.92,new
DHUNINV, EQ,2026-10-05,962.5,996.0,960.0,972.1,973.0,967.3,562,551000.0,76,,397.0,70.64,new
DIACABS, BE,2026-10-05,350.0,360.0,345.0,350.8,355.0,345.0,855233,302184000.0,9840,,,,new
DIAMINESQ, EQ,2026-10-05,236.31,241.45,235.0,237.97,237.02,236.31,914,216000.0,82,,590.0,64.55,new
DIAMONDYD, EQ,2026-10-05,1068.7,1105.1,1041.5,1058.8,1061.5,1073.0,23745,25158000.0,1391,,12398.0,52.21,new
DICIND, EQ,2026-10-05,605.0,627.05,591.4,595.95,596.0,613.65,4076,2467000.0,253,,2912.0,71.44,new
DIFFNKG, EQ,2026-10-05,469.9,477.9,447.6,451.25,449.6,464.4,237686,110202000.0,11607,,86005.0,36.18,new
DIGIDRIVE, EQ,2026-10-05,17.67,18.5,17.22,17.8,18.0,17.61,18543,331000.0,271,,12648.0,68.21,new
DIGIKORE, SM,2026-10-05,37.4,38.5,36.3,37.95,37.95,37.25,51600,1952000.0,44,,44400.0,86.05,new
DIGISPICE, EQ,2026-10-05,14.79,15.49,14.46,15.2,15.2,14.79,69082,1036000.0,254,,55200.0,79.91,new
DIGITIDE, EQ,2026-10-05,71.72,75.7,71.72,74.08,74.44,72.34,413727,30539000.0,4429,,188308.0,45.52,new
DIGJAMLMTD, BE,2026-10-05,47.5,47.96,45.6,47.61,47.96,47.96,8995,424000.0,38,,,,new
DISAQ, EQ,2026-10-05,11395.0,11740.0,11250.0,11487.0,11365.0,11249.0,95,1101000.0,28,,82.0,86.32,new
DISHTV, EQ,2026-10-05,2.19,2.2,2.07,2.1,2.1,2.15,2049102,4374000.0,2100,,1373464.0,67.03,new
DIVGIITTS, EQ,2026-10-05,1148.9,1149.8,1106.4,1120.2,1121.0,1136.4,79216,89014000.0,6841,,33618.0,42.44,new
DIVIDEND, EQ,2026-10-05,33.94,34.03,33.6,33.8,33.8,33.63,3524,119000.0,72,,3036.0,86.15,new
DIVINEHIRA, ST,2026-10-05,109.8,109.8,104.2,107.8,107.8,106.15,8400,902000.0,5,,6000.0,71.43,new
DIVISLAB, EQ,2026-10-05,9251.0,9285.5,9113.5,9196.0,9196.0,9249.0,480338,4406113000.0,40276,,342890.0,71.39,new
DIVOPPBEES, EQ,2026-10-05,72.08,72.74,71.77,72.29,72.48,71.98,52877,3820000.0000000005,1357,,26637.0,50.38,new
DIVYADHAN, SM,2026-10-05,40.85,40.85,40.85,40.85,40.85,43.0,2000,82000.0,1,,2000.0,100.0,new
DIXON, EQ,2026-10-05,12729.0,12899.0,12692.0,12748.0,12748.0,12700.0,211036,2699869000.0,41124,,78613.0,37.25,new
DJML, EQ,2026-10-05,73.15,74.19,70.41,73.11,73.0,72.61,52415,3810000.0,585,,23754.0,45.32,new
DLF, EQ,2026-10-05,664.9,676.5,664.0,673.0,673.0,658.4,3470586,2332636000.0,93704,,1848398.0,53.26,new
DLINKINDIA, EQ,2026-10-05,407.9,413.7,406.0,411.75,413.7,406.6,46246,18973000.0,2602,,26172.0,56.59,new
DMART, EQ,2026-10-05,3808.6,3808.6,3545.3,3567.0,3567.0,3813.0,2550875,9241192000.0,142224,,895622.0,35.11,new
DMCC, EQ,2026-10-05,307.3,329.4,306.0,319.1,322.0,308.7,217114,69620000.0,6278,,102646.0,47.28,new
DNAMEDIA, EQ,2026-10-05,2.4,2.45,2.3,2.34,2.35,2.42,43193,102000.0,177,,28585.0,66.18,new
DODLA, EQ,2026-10-05,1006.3,1021.5,1003.2,1015.6,1015.0,1006.3,9309,9425000.0,1554,,4740.0,50.92,new
DOLATALGO, EQ,2026-10-05,64.0,65.5,62.0,62.4,62.5,62.86,75022,4716000.0,1104,,51936.0,69.23,new
DOLLAR, EQ,2026-10-05,270.9,277.0,268.85,274.4,273.85,272.1,70384,19239000.0,2287,,40797.0,57.96,new
DOLLEX, EQ,2026-10-05,39.98,39.98,36.5,37.16,37.99,38.24,16730,624000.0,451,,14879.0,88.94,new
DOLPHIN, EQ,2026-10-05,630.1,646.75,600.0,621.0,620.0,628.1,23823,14844999.999999998,1753,,11110.0,46.64,new
DOMS, EQ,2026-10-05,2109.9,2109.9,2053.0,2079.8,2083.0,2097.5,18688,38805000.0,5561,,8475.0,45.35,new
DONEAR, EQ,2026-10-05,82.3,82.3,80.01,80.22,80.01,80.29,8934,721000.0,121,,6441.0,72.1,new
DPABHUSHAN, EQ,2026-10-05,1945.0,2200.0,1872.1,2130.5,2166.2,1874.0,960721,1955048000.0,68803,,237352.0,24.71,new
DPEL, SM,2026-10-05,625.05,625.05,606.0,608.5,606.0,618.75,21500,13240000.0,41,,18500.0,86.05,new
DPSCLTD, BE,2026-10-05,6.94,6.94,6.46,6.72,6.7,6.8,131088,885000.0,544,,,,new
DPWIRES, EQ,2026-10-05,165.99,196.78,165.99,196.78,196.78,163.99,818001,157440000.0,8467,,187227.0,22.89,new
DRAGARWQ, EQ,2026-10-05,5250.0,5294.0,5162.5,5215.0,5250.0,5159.0,2781,14468000.0,581,,2360.0,84.86,new
DRCSYSTEMS, EQ,2026-10-05,13.02,13.5,12.8,13.04,12.93,13.02,42304,554000.0,300,,31752.0,75.06,new
DREAMFOLKS, EQ,2026-10-05,61.5,61.9,60.06,60.5,60.06,61.5,26105,1590000.0,896,,15907.0,60.93,new
DREDGECORP, EQ,2026-10-05,895.2,936.0,895.2,903.9,906.5,895.2,107924,97902000.0,5722,,47004.0,43.55,new
DRONE, SM,2026-10-05,32.1,32.85,32.0,32.55,32.5,33.1,20500,663000.0,34,,17000.0,82.93,new
DRREDDY, EQ,2026-10-05,1198.0,1206.6,1189.0,1203.0,1203.0,1206.2,3075974,3686394999.9999995,89115,,1857594.0,60.39,new
DSFCL, BE,2026-10-05,28.4,28.94,27.11,27.89,28.16,27.9,24679,687000.0,124,,,,new
DSKULKARNI, BE,2026-10-05,26.59,26.59,26.59,26.59,26.59,26.07,1,0.0,1,,,,new
DSSL, EQ,2026-10-05,950.75,980.0,950.0,964.85,967.5,948.75,16450,15858000.000000002,2216,,8234.0,50.05,new
DTIL, BE,2026-10-05,158.57,161.6,153.0,157.86,158.8,158.57,5601,875000.0,84,,,,new
DUCOL, SM,2026-10-05,123.4,124.1,122.25,122.25,122.25,120.9,10400,1284000.0,8,,9600.0,92.31,new
DUCON, EQ,2026-10-05,1.35,1.36,1.32,1.36,1.36,1.3,469110,632000.0,222,,465844.0,99.3,new
DUGLOBAL, SM,2026-10-05,22.2,22.2,21.8,21.8,21.8,21.75,5000,110000.00000000001,2,,5000.0,100.0,new
DURLAX, SM,2026-10-05,64.4,64.4,63.0,63.4,63.0,65.25,40000,2545000.0,20,,22000.0,55.0,new
DVL, EQ,2026-10-05,278.4,280.4,270.5,271.65,271.5,278.7,5322,1456000.0,319,,3522.0,66.18,new
DWARKESH, EQ,2026-10-05,42.3,44.73,42.3,44.08,44.3,41.96,2644127,116259999.99999999,13449,,596519.0,22.56,new
DYCL, EQ,2026-10-05,431.9,452.0,430.0,434.85,437.2,428.0,288948,127184999.99999999,10651,,106322.0,36.8,new
DYNAMATECH, EQ,2026-10-05,13798.0,14375.0,13798.0,14251.0,14375.0,13756.0,43998,620076000.0,16044,,17656.0,40.13,new
DYNAMIC, SM,2026-10-05,123.2,130.65,123.2,127.95,128.0,129.95,5000,632000.0,10,,3000.0,60.0,new
DYNPRO, EQ,2026-10-05,224.67,229.49,218.25,220.44,220.38,224.58,7281,1613000.0,355,,4687.0,64.37,new
E2E, BE,2026-10-05,659.9,675.0,649.95,656.1,662.1,648.0,513783,338970000.0,8221,,,,new
E2ERAIL, SM,2026-10-05,323.0,330.0,310.2,312.25,313.9,322.8,43200,13918000.0,50,,16000.0,37.04,new
EASEMYTRIP, EQ,2026-10-05,5.8,5.83,5.76,5.77,5.77,5.76,6177377,35706000.0,5454,,2976552.0,48.18,new
EASTSILK, BE,2026-10-05,70.82,70.82,66.66,66.66,66.66,70.12,604,42000.0,8,,,,new
EASTWEST, EQ,2026-10-05,2.36,2.4,2.24,2.32,2.36,2.29,51178,118000.0,161,,36747.0,71.8,new
EBANK10, EQ,2026-10-05,16.19,16.19,16.05,16.05,16.05,16.19,957,15000.0,14,,639.0,66.77,new
EBANKNIFTY, EQ,2026-10-05,55.74,56.99,54.56,56.95,54.56,55.24,3250,180000.0,36,,3148.0,96.86,new
EBBETF0430, EQ,2026-10-05,1611.8,1611.8,1591.0,1605.61,1604.8,1601.58,45038,72320000.0,856,,42839.0,95.12,new
EBBETF0431, EQ,2026-10-05,1434.56,1435.27,1425.0,1427.09,1425.0,1427.59,11787,16831000.0,194,,10554.0,89.54,new
EBBETF0433, EQ,2026-10-05,1325.68,1325.68,1293.22,1298.98,1301.27,1299.69,7010,9102000.0,183,,4176.0,59.57,new
EBGNG, EQ,2026-10-05,710.0,718.7,690.0,695.45,695.0,704.7,531082,373654000.0,32413,,210762.0,39.69,new
EBIX, BE,2026-10-05,17.0,17.7,16.88,16.91,17.0,16.89,10108,173000.0,66,,,,new
ECAPINSURE, EQ,2026-10-05,22.84,23.2,22.62,22.94,22.69,22.73,85848,1964000.0,397,,52050.0,60.63,new
ECLERX, EQ,2026-10-05,1819.2,1898.0,1812.1,1884.3,1891.0,1802.9,142484,265967999.99999997,18436,,68471.0,48.06,new
ECOLINE, SM,2026-10-05,185.0,186.5,181.1,182.0,182.0,179.15,46000,8520000.0,29,,43000.0,93.48,new
ECORECO, EQ,2026-10-05,390.0,427.45,388.8,427.3,427.45,388.6,14130,5789000.0,1186,,8333.0,58.97,new
ECOSMOBLTY, EQ,2026-10-05,105.53,108.0,103.81,105.44,105.01,105.01,72518,7647000.0,1264,,54414.0,75.04,new
EDELWEISS, EQ,2026-10-05,138.49,139.22,135.11,135.47,135.8,137.9,2456666,336598000.0,28280,,871859.0,35.49,new
EDUCOMP, BZ,2026-10-05,0.9,0.94,0.88,0.93,0.94,0.9,95825,90000.0,132,,,,new
EEPL, ST,2026-10-05,129.0,134.0,129.0,134.0,134.0,130.0,10000,1334000.0,9,,10000.0,100.0,new
EFACTOR, SM,2026-10-05,194.75,199.25,172.05,175.6,172.05,185.75,7200,1303000.0,18,,5600.0,77.78,new
EFCIL, EQ,2026-10-05,172.99,174.64,168.01,168.74,169.0,171.2,153943,26169000.0,2095,,93316.0,60.62,new
EFFWA, SM,2026-10-05,345.05,353.9,338.0,350.9,350.85,342.9,15200,5255000.0,35,,7600.0,50.0,new
EFORCE, SM,2026-10-05,18.5,18.5,18.5,18.5,18.5,18.4,1200,22000.0,1,,1200.0,100.0,new
EGOLD, EQ,2026-10-05,146.9,147.2,145.6,146.95,147.15,146.85,28284,4149000.0,745,,19217.0,67.94,new
EICHERMOT, EQ,2026-10-05,6975.0,7066.0,6901.5,7021.5,7021.5,6920.0,381658,2669959000.0,48858,,209504.0,54.89,new
EIDPARRY, EQ,2026-10-05,675.0,698.0,675.0,691.95,690.0,674.55,191222,132093000.0,19501,,85257.0,44.59,new
EIEL, EQ,2026-10-05,185.84,187.99,178.5,180.61,180.1,184.0,729200,132691000.00000001,16967,,329910.0,45.24,new
EIFFL, BE,2026-10-05,262.4,262.4,262.4,262.4,262.4,267.75,573,150000.0,8,,,,new
EIHAHOTELS, EQ,2026-10-05,296.1,300.0,288.0,294.4,294.9,296.1,4180,1235000.0,420,,2413.0,57.73,new
EIHOTEL, EQ,2026-10-05,297.8,299.85,294.1,298.3,298.2,297.85,145139,43160000.0,8029,,79666.0,54.89,new
EIMCOELECO, EQ,2026-10-05,2288.8,2325.0,2236.2,2241.9,2251.1,2268.8,24870,56664000.0,2656,,12818.0,51.54,new
EKC, EQ,2026-10-05,106.0,107.99,104.0,105.13,104.4,106.01,124137,13076000.0,2436,,53939.0,43.45,new
EKI, BE,2026-10-05,97.95,98.99,93.06,93.06,93.06,97.95,15088,1422000.0,254,,,,new
ELANTAS, EQ,2026-10-05,13599.0,13600.0,13118.0,13214.0,13317.0,13474.0,1139,15177000.000000002,690,,482.0,42.32,new
ELCIDIN, EQ,2026-10-05,102155.0,102155.0,100500.0,102000.0,102000.0,102155.0,5,509000.0,5,,4.0,80.0,new
ELDEHSG, EQ,2026-10-05,782.25,788.0,766.3,773.55,786.0,782.25,629,490000.00000000006,53,,594.0,94.44,new
ELECON, EQ,2026-10-05,442.95,449.9,437.75,446.35,445.95,440.0,323898,143708000.0,15916,,93590.0,28.89,new
ELECTCAST, EQ,2026-10-05,75.55,78.0,74.2,75.26,75.44,74.54,3013318,228477000.0,23359,,1286244.0,42.69,new
ELECTHERM, EQ,2026-10-05,731.1,774.8,695.0,702.4,697.55,743.6,29147,20862000.0,1943,,17176.0,58.93,new
ELEVATE, EQ,2026-10-05,354.1,354.25,327.15,333.15,334.75,344.8,2576912,869707000.0,62136,,840886.0,32.63,new
ELGIEQUIP, EQ,2026-10-05,585.4,594.7,582.5,591.2,587.7,584.65,301097,177489000.0,28731,,140450.0,46.65,new
ELGIRUBCO, EQ,2026-10-05,52.9,53.17,51.01,51.56,51.1,51.38,38742,2005000.0,670,,18700.0,48.27,new
ELGNZ, SM,2026-10-05,82.0,82.0,81.95,81.95,82.0,82.8,3000,246000.0,3,,2000.0,66.67,new
ELIN, EQ,2026-10-05,80.09,81.22,78.0,78.97,78.4,79.73,183116,14565000.0,2364,,117474.0,64.15,new
ELIQUID, EQ,2026-10-05,1050.54,1050.54,1050.52,1050.52,1050.53,1050.39,31601,33198000.0,16,,27193.0,86.05,new
ELITECON, EQ,2026-10-05,7.98,7.98,7.45,7.49,7.49,7.79,5648103,43084000.0,8909,,3517832.0,62.28,new
ELLEN, EQ,2026-10-05,343.8,347.1,331.0,332.55,331.1,341.7,723867,242994000.0,17382,,325774.0,45.0,new
ELM250, EQ,2026-10-05,15.55,15.95,15.4,15.46,15.4,15.65,59399,927000.0,386,,45217.0,76.12,new
ELMDIV, EQ,2026-10-05,35.41,35.41,33.63,34.39,34.39,34.72,742,26000.0,24,,548.0,73.85,new
ELPROINTL, EQ,2026-10-05,172.01,174.75,171.82,174.59,174.75,174.31,12341,2141000.0,203,,9106.0,73.79,new
EMAMILTD, EQ,2026-10-05,373.1,378.5,371.0,377.75,374.35,372.65,1358087,510268999.99999994,29901,,837946.0,61.7,new
EMAMIPAP, BE,2026-10-05,114.5,116.8,113.6,115.01,116.0,116.84,16261,1876000.0000000002,150,,,,new
EMAMIREAL, EQ,2026-10-05,67.14,69.65,67.14,68.06,68.68,67.14,7528,513999.99999999994,129,,6486.0,86.16,new
EMAPARTNER, SM,2026-10-05,81.05,83.9,80.95,83.9,83.9,81.65,8000,656000.0,7,,3000.0,37.5,new
EMBASSY, RR,2026-10-05,429.95,429.95,426.51,427.16,427.75,428.71,412019,176254000.0,20569,,347089.0,84.24,new
EMBDL, EQ,2026-10-05,57.48,58.3,55.35,56.05,56.39,56.13,1777659,100089000.0,8584,,660570.0,37.16,new
EMCURE, EQ,2026-10-05,1935.0,1966.6,1917.3,1937.1,1937.1,1944.6,67551,130850000.0,14911,,32534.0,48.16,new
EMETAL, EQ,2026-10-05,13.04,13.27,12.48,12.58,12.53,12.78,13532,170000.0,81,,11187.0,82.67,new
EMIL, EQ,2026-10-05,207.0,211.66,202.65,205.1,204.3,204.05,9139822,1900979000.0,76867,,2217053.0,24.26,new
EMKAY, EQ,2026-10-05,286.8,292.5,276.2,280.2,281.0,286.8,61240,17305000.0,1895,,33626.0,54.91,new
EMKAYTOOLS, SM,2026-10-05,94.2,98.0,94.0,98.0,98.0,98.6,600,57999.99999999999,4,,600.0,100.0,new
EMMBI, EQ,2026-10-05,87.98,89.76,84.0,86.08,86.0,86.04,11635,1002999.9999999999,249,,5693.0,48.93,new
EMMIL, SM,2026-10-05,133.0,133.0,128.1,129.0,130.0,132.75,9500,1231000.0,32,,8500.0,89.47,new
EMMVEE, EQ,2026-10-05,309.0,309.0,290.45,296.25,296.0,305.9,3553362,1051902000.0,96565,,1500585.0,42.23,new
EMPIND, EQ,2026-10-05,1059.2,1059.2,1030.6,1034.0,1034.0,1059.2,10650,11022000.0,260,,10300.0,96.71,new
EMPOWER, EQ,2026-10-05,1.47,1.61,1.47,1.61,1.61,1.54,43387876,67841000.0,5229,,24216768.0,55.81,new
EMSLIMITED, EQ,2026-10-05,335.0,337.35,324.3,327.8,325.35,331.55,121022,39987000.0,5002,,58100.0,48.01,new
EMUDHRA, EQ,2026-10-05,604.0,615.8,583.55,599.0,597.0,580.0,637155,384286000.0,25837,,179357.0,28.15,new
EMULTIMQ, EQ,2026-10-05,39.36,40.96,39.36,39.91,40.05,40.16,10233,411000.00000000006,217,,6791.0,66.36,new
ENCOMPAS, SM,2026-10-05,254.9,254.9,252.5,252.5,252.5,253.35,1200,305000.0,3,,800.0,66.67,new
ENDURANCE, EQ,2026-10-05,2609.9,2617.0,2502.7,2526.5,2527.9,2601.4,112901,286539000.0,26930,,63894.0,56.59,new
ENERGY, EQ,2026-10-05,37.14,37.27,36.71,36.83,36.83,36.75,262728,9702000.0,1194,,127932.0,48.69,new
ENERGYAXIS, EQ,2026-10-05,18.02,18.75,18.02,18.36,18.25,18.27,18948,349000.0,123,,8173.0,43.13,new
ENERGYDEV, EQ,2026-10-05,14.97,14.97,14.2,14.4,14.45,14.52,9299,134000.0,249,,6884.0,74.03,new
ENEXT50, EQ,2026-10-05,69.66,69.66,68.95,69.21,69.21,68.98,235,16000.0,11,,235.0,100.0,new
ENGINERSIN, EQ,2026-10-05,316.4,319.2,306.9,307.85,307.5,312.75,5190169,1622077000.0,61548,,1504970.0,29.0,new
ENIFTY, EQ,2026-10-05,22.18,23.87,22.18,22.79,22.82,22.75,23299,531000.0,119,,12617.0,54.15,new
ENIL, EQ,2026-10-05,94.0,94.0,91.1,91.69,91.1,93.36,20891,1923999.9999999998,354,,19604.0,93.84,new
ENKEIWHEL, EQ,2026-10-05,404.0,404.0,382.5,392.4,396.35,392.6,1756,688000.0,69,,1545.0,87.98,new
ENRIN, EQ,2026-10-05,3357.1,3408.9,3316.4,3316.4,3316.4,3334.0,616768,2069854000.0,60353,,299060.0,48.49,new
ENSER, SM,2026-10-05,15.4,15.4,14.4,14.7,14.4,15.25,45000,671000.0,8,,40000.0,88.89,new
ENTERO, EQ,2026-10-05,1699.0,1725.0,1649.0,1697.1,1696.1,1680.8,80217,135364000.0,13351,,39872.0,49.71,new
ENVIRO, SM,2026-10-05,67.7,72.75,67.7,70.95,71.0,67.55,15000,1055000.0,15,,9000.0,60.0,new
EPACK, EQ,2026-10-05,173.75,173.99,167.36,168.13,168.0,171.59,242301,41132000.0,4742,,125810.0,51.92,new
EPACKPEB, EQ,2026-10-05,244.9,255.88,244.2,249.74,250.25,242.07,1070964,269365000.0,27729,,472004.0,44.07,new
EPIGRAL, EQ,2026-10-05,990.0,1024.1,977.4,1017.3,1017.0,982.2,60534,60837000.0,5035,,33776.0,55.8,new
EPL, EQ,2026-10-05,230.62,237.89,230.2,236.5,235.2,232.39,1435292,336403000.0,25849,,897147.0,62.51,new
EPWINDIA, SM,2026-10-05,275.0,275.0,240.0,242.7,242.7,270.0,9600,2415000.0,8,,7200.0,75.0,new
EQUAL200, EQ,2026-10-05,13.21,13.21,12.98,13.01,13.02,12.95,6963,91000.0,69,,6758.0,97.06,new
EQUAL50, EQ,2026-10-05,315.32,315.32,308.6,310.43,310.51,309.14,16755,5200000.0,59,,14802.0,88.34,new
EQUAL50ADD, EQ,2026-10-05,320.32,325.0,319.29,322.16,325.0,320.32,18990,6096000.0,486,,11677.0,61.49,new
EQUIPPP, BE,2026-10-05,22.94,22.94,21.69,21.85,21.85,22.83,5578,122000.0,33,,,,new
EQUITASBNK, EQ,2026-10-05,68.8,70.2,67.82,68.28,68.07,68.41,1626602,112159999.99999999,12996,,808387.0,49.7,new
ERIS, EQ,2026-10-05,1189.8,1210.5,1177.0,1188.6,1181.2,1189.8,49205,58421000.0,9227,,34222.0,69.55,new
ESABINDIA, EQ,2026-10-05,5520.0,5549.0,5450.5,5514.0,5549.0,5500.5,1802,9899000.0,761,,1028.0,57.05,new
ESAFSFB, BE,2026-10-05,43.3,43.99,42.0,43.18,43.6,43.4,475820,20345000.0,1413,,,,new
ESCONET, ST,2026-10-05,255.0,255.0,237.0,242.65,242.9,246.8,30400,7506999.999999999,59,,29200.0,96.05,new
ESCORTS, EQ,2026-10-05,2667.3,2888.4,2664.3,2820.9,2819.0,2667.3,222028,618796000.0,36967,,82815.0,37.3,new
ESDS, EQ,2026-10-05,1362.4,1362.4,1362.4,1362.4,1362.4,1434.1,59205,80661000.0,3463,,59201.0,99.99,new
ESENSEX, EQ,2026-10-05,73.26,73.8,72.6,73.41,73.8,72.6,179,13000.0,34,,129.0,72.07,new
ESFL, SM,2026-10-05,113.55,113.55,111.0,112.1,112.0,113.55,9720,1091000.0,22,,7920.0,81.48,new
ESG, EQ,2026-10-05,38.61,38.81,38.39,38.59,38.65,38.47,9178,354000.0,93,,8716.0,94.97,new
ESILVER, EQ,2026-10-05,218.8,221.75,218.8,221.74,220.7,218.28,466594,103444000.0,1027,,453507.0,97.2,new
ESPRIT, SM,2026-10-05,63.25,65.5,63.25,63.9,63.9,62.35,8000,515000.00000000006,5,,4800.0,60.0,new
ESSARSHPNG, EQ,2026-10-05,17.5,17.94,16.47,17.04,17.06,17.18,418001,7098999.999999999,1776,,197783.0,47.32,new
ESSENTIA, EQ,2026-10-05,1.01,1.04,1.0,1.01,1.03,1.0,2071789,2110000.0,609,,985762.0,47.58,new
ESTER, EQ,2026-10-05,96.0,97.99,92.95,93.4,93.6,95.52,115591,11049000.0,1713,,55233.0,47.78,new
ETERNAL, EQ,2026-10-05,308.95,322.85,308.1,320.8,320.8,313.9,31037275,9836392000.0,150676,,17853513.0,57.52,new
ETHOSLTD, EQ,2026-10-05,2565.0,2610.0,2517.0,2602.3,2601.0,2531.9,29281,75361000.0,7480,,14632.0,49.97,new
ETL, SM,2026-10-05,1140.0,1155.0,1125.0,1155.0,1155.0,1177.5,450,513000.0,3,,450.0,100.0,new
ETML, SM,2026-10-05,73.05,74.95,73.05,73.45,74.95,73.05,13200,967000.0,8,,13200.0,100.0,new
EUREKAFORB, EQ,2026-10-05,351.0,356.0,340.6,342.15,341.0,352.5,354048,122965000.00000001,27439,,205709.0,58.1,new
EUROBOND, EQ,2026-10-05,152.75,152.75,143.25,144.32,144.1,148.29,2318,335000.0,78,,2194.0,94.65,new
EUROPRATIK, EQ,2026-10-05,192.99,192.99,181.0,183.41,184.03,190.42,145782,26801000.0,4218,,71464.0,49.02,new
EUROTEXIND, EQ,2026-10-05,16.25,16.51,15.73,16.51,16.51,15.73,10916,179000.0,53,,6982.0,63.96,new
EVEREADY, EQ,2026-10-05,317.1,329.1,315.0,318.1,317.1,315.85,37300,11859000.0,2361,,19890.0,53.32,new
EVERESTIND, EQ,2026-10-05,484.0,486.0,452.65,478.15,474.1,475.3,28153,13263000.0,1254,,14949.0,53.1,new
EVIETF, EQ,2026-10-05,30.79,30.79,29.85,30.01,30.15,30.04,288534,8650000.0,1087,,152306.0,52.79,new
EVINDIA, EQ,2026-10-05,30.75,30.75,29.9,30.04,30.02,30.0,201966,6066000.0,2729,,117902.0,58.38,new
EXCELINDUS, EQ,2026-10-05,930.8,936.35,900.0,912.95,914.0,921.8,12996,11868000.0,1427,,5881.0,45.25,new
EXCELSOFT, EQ,2026-10-05,79.5,80.71,77.56,80.0,80.19,78.33,877532,69738000.0,6754,,290956.0,33.16,new
EXICOM, EQ,2026-10-05,152.3,154.99,149.33,150.77,151.4,151.1,471460,71352000.0,7833,,145391.0,30.84,new
EXIDEIND, EQ,2026-10-05,409.5,415.85,402.15,405.25,405.0,409.45,1713639,696125000.0,49368,,873429.0,50.97,new
EXIMROUTES, SM,2026-10-05,87.55,87.55,86.0,87.0,87.0,92.3,7200,623000.0,8,,4000.0,55.56,new
EXPLEOSOL, EQ,2026-10-05,853.05,881.55,850.05,863.45,860.75,848.75,20948,18211000.0,2619,,9728.0,46.44,new
EXXARO, EQ,2026-10-05,6.1,6.25,5.99,6.05,6.08,6.04,3347942,20095000.0,587,,3323719.0,99.28,new
FABTECH, EQ,2026-10-05,142.02,144.79,140.01,141.87,143.0,142.01,35030,4971000.0,689,,21126.0,60.31,new
FACT, EQ,2026-10-05,740.0,745.6,729.05,731.75,732.0,734.95,66812,49156000.0,6695,,20185.0,30.21,new
FAIRCHEMOR, EQ,2026-10-05,699.95,729.9,678.0,682.25,678.6,661.5,72267,50956000.0,2843,,26209.0,36.27,new
FASCINATE, SM,2026-10-05,77.6,77.6,77.6,77.6,77.6,73.95,8000,621000.0,6,,8000.0,100.0,new
FAZE3Q, EQ,2026-10-05,434.0,436.9,421.0,425.0,425.0,433.05,13673,5847000.0,955,,6957.0,50.88,new
FCL, EQ,2026-10-05,55.68,55.85,53.21,54.03,54.25,55.72,18407766,999587999.9999999,62056,,5877453.0,31.93,new
FCSSOFT, EQ,2026-10-05,1.39,1.41,1.38,1.38,1.38,1.38,1254766,1746000.0,1081,,565559.0,45.07,new
FDC, EQ,2026-10-05,337.1,339.9,328.6,331.3,330.15,335.9,90007,30006000.0,7686,,38570.0,42.85,new
FEDDERSHOL, EQ,2026-10-05,65.4,67.1,62.8,64.23,64.0,63.63,18059133,1178698000.0,66223,,1242657.0,6.88,new
FEDERALBNK, EQ,2026-10-05,318.95,328.2,318.5,327.35,327.35,318.2,7542230,2455019000.0,96271,,4211030.0,55.83,new
FEDFINA, EQ,2026-10-05,150.99,153.4,148.51,149.64,149.5,149.77,804305,121391000.00000001,15313,,340202.0,42.3,new
FEL, BZ,2026-10-05,0.4,0.4,0.38,0.38,0.39,0.39,168383,66000.0,134,,,,new
FELDVR, BZ,2026-10-05,2.07,2.09,1.93,2.04,2.04,2.03,5236,10000.0,30,,,,new
FELIX, SM,2026-10-05,193.0,194.35,185.0,187.9,186.0,193.0,28000,5355000.0,49,,22000.0,78.57,new
FERMENTA, EQ,2026-10-05,558.85,573.0,546.1,557.45,555.5,553.25,341567,192269000.0,11799,,108741.0,31.84,new
FIBERWEB, EQ,2026-10-05,27.2,27.2,26.1,26.19,26.1,26.55,10430,275000.0,98,,8762.0,84.01,new
FICRF3GP, MF,2026-10-05,468.18,468.18,468.18,468.18,468.18,468.18,2,1000.0,2,,2.0,100.0,new
FIDEL, SM,2026-10-05,176.75,177.0,176.0,176.0,176.0,178.9,16000,2824000.0,8,,11000.0,68.75,new
FIEMIND, EQ,2026-10-05,1786.1,1816.9,1752.0,1763.1,1761.7,1794.8,72879,130081000.0,10367,,39315.0,53.95,new
FILATEX, EQ,2026-10-05,106.1,107.8,103.1,103.89,104.97,106.1,1569948,165295000.0,12116,,715956.0,45.6,new
FILATFASH, EQ,2026-10-05,0.19,0.19,0.18,0.18,0.19,0.18,22802731,4165000.0,1791,,17196074.0,75.41,new
FINBUD, SM,2026-10-05,126.0,126.0,118.05,119.45,119.0,126.3,44000,5325000.0,21,,36000.0,81.82,new
FINCABLES, EQ,2026-10-05,1458.8,1496.1,1454.0,1467.3,1464.1,1458.8,499455,736352000.0,38034,,203451.0,40.73,new
FINEORG, EQ,2026-10-05,5131.0,5300.0,5121.5,5210.0,5219.5,5131.0,27037,140939000.0,8361,,11611.0,42.94,new
FINIETF, EQ,2026-10-05,30.1,30.27,29.94,30.12,30.22,30.4,306947,9250000.0,1805,,184898.0,60.24,new
FINKURVE, EQ,2026-10-05,70.5,71.99,68.05,68.51,68.9,70.53,12875,893000.0,377,,9064.0,70.4,new
FINOPB, EQ,2026-10-05,130.75,130.9,127.2,128.5,129.5,128.22,140754,18104000.0,1932,,50146.0,35.63,new
FINPIPE, EQ,2026-10-05,150.98,151.56,148.1,149.31,149.0,150.49,284792,42531000.0,11652,,128221.0,45.02,new
FIRSTCRY, EQ,2026-10-05,175.64,177.39,171.32,172.0,172.5,174.75,1030621,179375000.0,15111,,237565.0,23.05,new
FISCHER, EQ,2026-10-05,33.5,33.83,32.66,32.8,32.85,33.46,335833,11093000.0,1421,,233558.0,69.55,new
FIVESTAR, EQ,2026-10-05,506.9,521.05,505.8,519.1,519.8,506.25,510918,263112000.0,37711,,291021.0,56.96,new
FLAIR, EQ,2026-10-05,229.8,230.16,225.06,226.43,225.1,226.57,42988,9762000.0,1468,,19464.0,45.28,new
FLEXIADD, EQ,2026-10-05,9.37,9.47,9.35,9.41,9.42,9.37,384673,3611999.9999999995,649,,100426.0,26.11,new
FLEXITUFF, BE,2026-10-05,3.03,3.08,3.03,3.07,3.07,3.02,6245,19000.0,29,,,,new
FLFL, BZ,2026-10-05,1.11,1.12,1.06,1.06,1.06,1.11,94223,102000.0,115,,,,new
FLUOROCHEM, EQ,2026-10-05,4399.0,4493.5,4343.0,4429.8,4458.1,4341.5,137290,603632000.0,25321,,76588.0,55.79,new
FLYSBS, SM,2026-10-05,609.0,641.0,606.0,626.05,617.0,605.95,90400,56189000.0,218,,56400.0,62.39,new
FMCGADD, EQ,2026-10-05,45.67,46.2,44.15,44.71,44.48,44.29,11638,516000.0,217,,4760.0,40.9,new
FMCGIETF, EQ,2026-10-05,48.22,48.22,47.21,47.67,47.7,47.05,1219702,57904999.99999999,4043,,870781.0,71.39,new
FMGOETZE, EQ,2026-10-05,444.4,455.0,437.55,440.9,441.85,444.25,177056,78816000.0,6695,,48465.0,27.37,new
FMNL, EQ,2026-10-05,8.08,8.29,7.76,7.98,7.95,8.08,27663,220000.00000000003,318,,19971.0,72.19,new
FOCUS, EQ,2026-10-05,55.0,56.89,54.7,54.8,54.8,54.3,52696,2930000.0,578,,37643.0,71.43,new
FONEBOX, ST,2026-10-05,130.35,130.35,130.35,130.35,130.35,137.2,5000,652000.0,5,,5000.0,100.0,new
FOODSIN, EQ,2026-10-05,49.98,50.87,49.39,49.68,49.41,49.39,35389,1764000.0,527,,26327.0,74.39,new
FORCAS, ST,2026-10-05,247.95,247.95,245.95,245.95,245.95,240.0,4800,1184000.0,2,,4800.0,100.0,new
FORCEMOT, EQ,2026-10-05,16945.0,16980.0,16520.0,16650.0,16650.0,16800.0,62662,1045968000.0,20002,,20897.0,33.35,new
FORGEAUTO, SM,2026-10-05,99.05,99.05,99.05,99.05,99.05,99.05,4800,475000.0,3,,4800.0,100.0,new
FORTIS, EQ,2026-10-05,784.95,785.75,763.8,763.8,763.8,785.0,2115546,1635595000.0,70201,,1088805.0,51.47,new
FOSECOIND, EQ,2026-10-05,6430.0,6433.0,6250.5,6300.5,6272.0,6382.5,8268,52271000.0,1914,,3965.0,47.96,new
FRACTAL, EQ,2026-10-05,728.7,746.05,718.7,725.05,730.0,727.35,235158,171542000.0,18032,,119589.0,50.85,new
FREDUN, EQ,2026-10-05,1358.0,1398.0,1322.1,1363.2,1360.0,1355.2,72372,97685000.0,7332,,32625.0,45.08,new
FRESHARA, ST,2026-10-05,392.0,407.85,384.2,398.95,398.95,403.05,19800,7745999.999999999,32,,18600.0,93.94,new
FROG, SM,2026-10-05,263.8,269.95,254.4,258.6,261.25,253.35,29200,7623999.999999999,66,,16400.0,56.16,new
FRONTSP, EQ,2026-10-05,1425.0,1460.0,1361.0,1387.4,1382.0,1415.6,15592,21633000.0,1904,,7417.0,47.57,new
FSL, EQ,2026-10-05,254.55,259.35,252.1,257.4,259.0,250.4,885378,226219000.0,20380,,246891.0,27.89,new
FUSION, EQ,2026-10-05,174.1,177.24,166.15,167.63,167.0,171.36,704680,119964000.00000001,10273,,445621.0,63.24,new
FWSTC, SM,2026-10-05,195.0,201.5,186.45,201.0,201.0,197.65,30600,5844000.0,23,,24600.0,80.39,new
GABRIEL, EQ,2026-10-05,1315.0,1332.6,1297.7,1303.6,1305.5,1315.0,173231,227087000.0,24653,,61747.0,35.64,new
GAEL, EQ,2026-10-05,158.04,161.2,155.49,158.28,159.25,157.69,578700,91235000.0,13280,,278644.0,48.15,new
GAIL, EQ,2026-10-05,171.62,173.6,166.44,167.5,167.5,171.22,9655433,1635066000.0,65202,,5801626.0,60.09,new
GAJA, EQ,2026-10-05,136.58,140.0,134.01,135.87,135.1,135.27,221532,30139000.0,3727,,85067.0,38.4,new
GAJANAND, SM,2026-10-05,7.2,7.2,7.2,7.2,7.2,7.3,3000,22000.0,1,,3000.0,100.0,new
GALAPREC, EQ,2026-10-05,1185.0,1200.0,1150.0,1160.1,1152.5,1157.8,29427,34491000.0,3746,,13325.0,45.28,new
GALAXYSURF, EQ,2026-10-05,2375.0,2449.0,2324.0,2335.0,2339.8,2376.9,47936,113863000.00000001,9588,,19105.0,39.86,new
GALLANTT, EQ,2026-10-05,530.15,533.45,521.0,522.9,522.2,530.15,31526,16591999.999999998,2592,,16743.0,53.11,new
GANDHAR, EQ,2026-10-05,283.3,287.5,275.9,278.55,278.0,282.6,674552,189848000.0,15566,,326350.0,48.38,new
GANDHITUBE, EQ,2026-10-05,988.05,1005.0,967.6,993.7,998.0,975.55,16367,16194000.0,1695,,6938.0,42.39,new
GANECOS, EQ,2026-10-05,976.3,994.8,959.5,966.6,965.0,976.2,44995,43733000.0,3567,,15920.0,35.38,new
GANESHBE, BE,2026-10-05,118.18,118.18,118.18,118.18,118.18,124.4,29610,3499000.0,155,,,,new
GANESHCP, EQ,2026-10-05,151.98,153.48,146.86,147.51,147.4,148.85,66650,9876000.0,1857,,36906.0,55.37,new
GANESHHOU, EQ,2026-10-05,700.0,719.4,693.0,701.85,703.0,699.1,18915,13238999.999999998,1362,,12002.0,63.45,new
GANESHIN, SM,2026-10-05,88.3,88.95,84.4,86.1,86.3,86.65,28800,2484000.0,31,,23200.0,80.56,new
GANGABATH, SM,2026-10-05,22.65,22.65,21.2,21.3,21.5,21.95,51000,1108000.0,16,,42000.0,82.35,new
GANGAFORGE, EQ,2026-10-05,1.48,1.51,1.42,1.46,1.48,1.48,1264085,1860000.0000000002,912,,895482.0,70.84,new
GANGESSECU, EQ,2026-10-05,115.69,115.69,112.42,112.86,112.42,113.99,1102,125000.0,22,,805.0,73.05,new
GARFIBRES, EQ,2026-10-05,768.4,780.1,763.1,770.6,770.0,768.4,22696,17524000.0,2586,,9809.0,43.22,new
GARUDA, EQ,2026-10-05,173.7,174.35,170.07,171.1,170.81,172.18,243120,41782000.0,4630,,102877.0,42.32,new
GATECH, BE,2026-10-05,0.65,0.68,0.62,0.68,0.68,0.65,15264745,10074000.0,4795,,,,new
GATECHDVR, BE,2026-10-05,0.48,0.48,0.47,0.47,0.48,0.46,173266,82000.0,152,,,,new
GATEWAY, EQ,2026-10-05,51.99,52.77,51.1,51.49,51.5,51.88,567102,29245000.0,6363,,299958.0,52.89,new
GAUDIUMIVF, EQ,2026-10-05,109.44,111.81,101.36,103.25,103.9,109.48,681749,71193000.0,7729,,400955.0,58.81,new
GAYAHWS, EQ,2026-10-05,1.75,1.8,1.72,1.72,1.72,1.72,80523,141000.0,283,,60862.0,75.58,new
GAYAPROJ, EQ,2026-10-05,22.44,22.87,21.32,21.45,21.36,22.44,637704,13830000.000000002,2624,,394684.0,61.89,new
GCHOTELS, SM,2026-10-05,117.9,120.0,114.25,118.0,118.0,113.95,25200,2950000.0,38,,13800.0,54.76,new
GCSL, EQ,2026-10-05,680.25,688.5,674.6,681.75,683.8,679.9,266383,181170000.0,4863,,74797.0,28.08,new
GEECEE, EQ,2026-10-05,373.3,385.0,365.2,365.9,365.2,373.3,1069,396000.0,60,,701.0,65.58,new
GEEKAYWIRE, EQ,2026-10-05,29.5,31.9,29.5,31.42,31.1,29.21,90038,2773000.0,754,,45635.0,50.68,new
GEMAROMA, EQ,2026-10-05,156.85,156.85,152.0,152.61,152.01,155.28,29191,4475000.0,913,,17821.0,61.05,new
GENCON, EQ,2026-10-05,40.15,41.19,38.6,38.73,38.6,40.75,439739,17406000.0,1699,,194173.0,44.16,new
GENESYS, EQ,2026-10-05,282.0,299.2,282.0,287.4,286.0,281.35,862980,251141000.0,17553,,289423.0,33.54,new
GENSOL, BZ,2026-10-05,14.3,14.3,13.0,13.0,13.0,13.68,225541,2988000.0,1034,,,,new
GENUSPAPER, EQ,2026-10-05,10.6,10.6,10.29,10.36,10.43,10.53,47875,497000.0,238,,33236.0,69.42,new
GENUSPOWER, EQ,2026-10-05,282.0,286.0,277.05,280.25,280.5,280.0,824365,231523999.99999997,18729,,445786.0,54.08,new
GENXAI, SM,2026-10-05,85.0,85.0,79.8,83.2,82.95,85.9,84000,6895999.999999999,60,,58800.0,70.0,new
GEOJITFSL, EQ,2026-10-05,75.75,77.2,75.16,76.59,76.67,75.7,199514,15244000.0,3597,,95559.0,47.9,new
GERMAN, EQ,2026-10-05,142.0,142.81,125.5,128.33,128.14,139.0,26790268,3637233999.9999995,185971,,9168903.0,34.22,new
GESHIP, EQ,2026-10-05,1529.9,1570.5,1523.3,1559.3,1560.0,1530.6,823469,1283145000.0,50096,,472238.0,57.35,new
GFLLIMITED, EQ,2026-10-05,55.23,56.25,54.51,54.89,55.08,55.23,50355,2790000.0,2481,,23908.0,47.48,new
GFSTEELS, BE,2026-10-05,39.05,39.05,39.05,39.05,39.05,38.29,175349,6847000.0,81,,,,new
GGBL, SM,2026-10-05,220.05,224.9,216.95,218.0,218.0,217.45,13800,3046000.0,43,,9600.0,69.57,new
GHCL, EQ,2026-10-05,409.75,409.75,399.1,402.0,402.05,401.75,68956,27691000.000000004,3708,,37508.0,54.39,new
GHCLTEXTIL, EQ,2026-10-05,131.85,133.0,126.93,129.53,129.92,129.22,218382,28214000.0,5822,,87323.0,39.99,new
GICHSGFIN, EQ,2026-10-05,132.32,134.77,131.54,132.32,132.1,132.88,44376,5886000.0,1534,,29231.0,65.87,new
GICL, BE,2026-10-05,22.42,22.42,21.16,21.26,21.16,22.27,94651,2054000.0,113,,,,new
GICRE, EQ,2026-10-05,324.0,324.9,314.7,319.1,319.6,323.9,870442,277414000.0,36484,,473511.0,54.4,new
GILLANDERS, EQ,2026-10-05,110.0,118.59,110.0,115.73,115.2,112.72,23286,2693000.0,394,,10658.0,45.77,new
GILLETTE, EQ,2026-10-05,6902.0,7025.0,6862.0,6979.0,7012.0,6899.0,20086,139537000.0,5122,,12172.0,60.6,new
GILT10BETA, EQ,2026-10-05,25.9,26.64,25.9,26.59,26.63,25.99,735,19000.0,25,,545.0,74.15,new
GILT5BETA, EQ,2026-10-05,66.51,66.51,64.9,66.2,66.2,66.51,4106,269000.0,33,,3211.0,78.2,new
GILT5YBEES, EQ,2026-10-05,64.42,65.73,64.42,65.63,65.58,65.73,335466,22028000.0,1210,,198884.0,59.29,new
GINNIFILA, BE,2026-10-05,40.08,40.74,39.8,39.8,39.8,40.08,8929,357000.0,70,,,,new
GIPCL, EQ,2026-10-05,177.0,179.99,175.22,176.62,177.7,174.83,178897,31777999.999999996,5043,,71916.0,40.2,new
GIRIRAJ, SM,2026-10-05,65.9,65.9,59.7,60.5,60.5,62.8,16500,1007000.0,44,,13500.0,81.82,new
GJL, ST,2026-10-05,487.0,487.2,485.8,486.9,486.9,464.0,8000,3894000.0,10,,8000.0,100.0,new
GKB, EQ,2026-10-05,64.36,67.0,61.0,62.96,61.6,64.36,13417,859000.0,96,,12555.0,93.58,new
GKENERGY, EQ,2026-10-05,115.87,117.99,111.81,112.29,112.45,114.76,361684,41150000.0,5000,,167006.0,46.17,new
GKSL, EQ,2026-10-05,198.0,199.0,183.02,190.34,189.69,194.27,5218727,996837999.9999999,56512,,532623.0,10.21,new
GKWLIMITED, EQ,2026-10-05,1559.0,1559.0,1520.0,1549.5,1556.8,1530.0,7919,12267000.0,89,,7742.0,97.76,new
GLAND, EQ,2026-10-05,2890.0,2920.0,2863.1,2911.5,2900.1,2874.4,248980,721167000.0,38827,,178122.0,71.54,new
GLASSWALL, EQ,2026-10-05,270.7,273.35,251.35,254.7,254.3,270.4,5836047,1525889000.0,64405,,1408307.0,24.13,new
GLAXO, EQ,2026-10-05,2771.1,2785.3,2710.1,2732.8,2734.0,2771.1,24366,66861000.0,6355,,9526.0,39.1,new
GLENMARK, EQ,2026-10-05,2325.0,2340.5,2273.5,2295.0,2295.0,2331.0,490378,1125785000.0,43734,,245450.0,50.05,new
GLFL, EQ,2026-10-05,5.49,5.49,5.22,5.22,5.22,5.49,17862,94000.0,49,,12877.0,72.09,new
GLOBAL, EQ,2026-10-05,138.0,141.0,136.52,139.1,140.0,136.51,233073,32342000.0,3105,,136583.0,58.6,new
GLOBALE, EQ,2026-10-05,10.72,10.72,10.08,10.3,10.3,10.57,1175,12000.0,23,,1168.0,99.4,new
GLOBALPET, SM,2026-10-05,170.25,177.85,169.55,176.2,177.85,178.45,15750,2760000.0,19,,11250.0,71.43,new
GLOBALVECT, EQ,2026-10-05,131.1,134.8,128.32,132.08,133.35,131.04,2330,305000.0,172,,1333.0,57.21,new
GLOBE, EQ,2026-10-05,2.14,2.18,2.07,2.07,2.07,2.11,229683,488000.0,288,,169708.0,73.89,new
GLOBECIVIL, EQ,2026-10-05,41.49,42.99,40.51,41.23,41.5,41.49,17671,727000.0,278,,13657.0,77.28,new
GLOBUSSPR, EQ,2026-10-05,788.1,798.1,785.0,789.85,790.0,786.9,44600,35209000.0,2740,,28339.0,63.54,new
GLOSTERLTD, EQ,2026-10-05,539.0,546.0,539.0,542.5,541.0,539.0,270,146000.0,38,,204.0,75.56,new
GLOTTIS, EQ,2026-10-05,59.0,59.62,56.0,56.72,57.18,58.41,72527,4201000.0,1523,,53759.0,74.12,new
GMBREW, EQ,2026-10-05,964.0,972.0,946.0,947.9,946.0,952.0,74566,71166000.0,4158,,42039.0,56.38,new
GMDCLTD, EQ,2026-10-05,489.9,499.9,483.05,487.35,488.9,487.65,756347,370425000.0,29709,,293929.0,38.86,new
GMMPFAUDLR, EQ,2026-10-05,1440.0,1465.3,1381.0,1386.6,1390.0,1443.4,199853,282789000.0,21233,,91775.0,45.92,new
GMRAIRPORT, EQ,2026-10-05,93.16,93.54,91.23,92.79,92.79,93.16,18285663,1687557000.0,41657,,10305590.0,56.36,new
GMRP&UI, EQ,2026-10-05,102.55,103.49,100.6,100.85,100.8,101.87,1003861,102316000.0,13501,,405287.0,40.37,new
GNA, EQ,2026-10-05,588.5,591.8,575.65,585.05,585.0,580.7,234451,136808000.0,9392,,99642.0,42.5,new
GNFC, EQ,2026-10-05,589.95,600.95,581.9,586.3,583.1,589.15,297893,175629000.0,15722,,129196.0,43.37,new
GNRL, EQ,2026-10-05,97.4,98.3,95.51,96.77,95.63,97.18,98661,9534000.0,1274,,39207.0,39.74,new
GOACARBON, EQ,2026-10-05,410.0,410.25,397.0,403.25,405.0,402.9,28611,11519000.0,1351,,17541.0,61.31,new
GOCLCORP, EQ,2026-10-05,357.0,357.0,343.5,347.7,345.35,351.65,57133,19968000.0,3570,,22695.0,39.72,new
GOCOLORS, EQ,2026-10-05,296.0,300.0,290.1,292.8,291.9,294.95,52090,15344000.0,3340,,23841.0,45.77,new
GODAVARIB, EQ,2026-10-05,229.3,234.29,224.1,224.91,224.25,227.18,66276,15063999.999999998,1726,,38597.0,58.24,new
GODFRYPHLP, EQ,2026-10-05,1850.0,1894.0,1845.1,1876.0,1876.0,1849.7,174573,327038000.0,14550,,48678.0,27.88,new
GODIGIT, EQ,2026-10-05,256.3,257.95,252.6,256.05,257.4,256.3,228010,58133000.00000001,13513,,106997.0,46.93,new
GODREJAGRO, EQ,2026-10-05,633.5,651.45,626.65,640.9,641.5,631.9,220599,141449000.0,18184,,108395.0,49.14,new
GODREJCP, EQ,2026-10-05,840.0,847.55,832.6,837.0,837.0,840.0,788467,659679000.0,24282,,469415.0,59.54,new
GODREJIND, EQ,2026-10-05,1020.0,1046.0,1009.5,1040.2,1040.2,1019.6,55338,57144000.00000001,8208,,21928.0,39.63,new
GODREJPROP, EQ,2026-10-05,1581.0,1616.7,1578.0,1599.9,1599.9,1595.8,509332,816021000.0,38808,,255247.0,50.11,new
GOKEX, EQ,2026-10-05,688.75,693.8,663.05,672.3,671.6,688.75,269843,181663000.0,20129,,141099.0,52.29,new
GOKUL, EQ,2026-10-05,39.4,39.7,37.5,37.81,37.6,38.66,221939,8552000.0,801,,70943.0,31.97,new
GOKULAGRO, EQ,2026-10-05,210.1,211.89,204.1,205.27,207.29,210.1,251467,52054000.0,9123,,157809.0,62.76,new
GOLD1, EQ,2026-10-05,122.7,122.97,121.75,122.78,122.6,122.74,2029388,248598999.99999997,10909,,1187176.0,58.5,new
GOLD360, EQ,2026-10-05,143.75,143.8,142.05,143.45,143.8,143.35,9856,1409000.0,240,,5607.0,56.89,new
GOLDADD, EQ,2026-10-05,14.28,14.4,14.17,14.28,14.21,14.28,6848499,97620000.0,10309,,2439893.0,35.63,new
GOLDAXIS, EQ,2026-10-05,121.85,122.64,120.5,122.4,122.49,122.36,1330492,162459000.0,5785,,834459.0,62.72,new
GOLDBEES, EQ,2026-10-05,121.43,121.74,120.52,121.58,121.61,121.43,21006606,2545515000.0,158920,,10028826.0,47.74,new
GOLDBETA, EQ,2026-10-05,123.7,124.25,122.8,123.9,124.0,123.7,881163,108986999.99999999,4980,,715085.0,81.15,new
GOLDBND, EQ,2026-10-05,146.8,147.28,145.6,147.06,146.89,146.75,33091,4865000.0,286,,24878.0,75.18,new
GOLDCASE, EQ,2026-10-05,23.25,23.25,22.92,23.13,23.15,23.18,34693141,798855000.0,41405,,21458027.0,61.85,new
GOLDENTOBC, BZ,2026-10-05,23.69,23.69,22.51,23.57,23.58,23.69,3452,81000.0,51,,,,new
GOLDETF, EQ,2026-10-05,143.12,143.18,141.97,142.97,142.66,143.08,836811,119425000.0,9778,,479038.0,57.25,new
GOLDIAM, EQ,2026-10-05,313.45,316.8,306.0,310.0,309.4,310.8,368723,114783000.0,8608,,159487.0,43.25,new
GOLDIETF, EQ,2026-10-05,125.8,126.21,124.93,126.0,125.93,125.79,8426792,1058879000.0000001,62244,,5598746.0,66.44,new
GOLDKART, SM,2026-10-05,104.0,104.0,104.0,104.0,104.0,107.0,625,65000.0,1,,625.0,100.0,new
GOLDSTAR, SM,2026-10-05,13.45,13.45,12.25,12.25,12.25,12.85,652500,8627000.0,50,,483750.0,74.14,new
GOLDTECH, BE,2026-10-05,42.92,42.92,42.92,42.92,42.92,43.79,6661,286000.0,23,,,,new
GOODLUCK, EQ,2026-10-05,501.0,501.0,478.8,482.0,480.05,499.35,467075,226194999.99999997,18203,,206527.0,44.22,new
GOODYEAR, EQ,2026-10-05,704.5,704.5,682.0,685.65,689.9,694.3,6070,4176000.0,822,,4327.0,71.29,new
GOPAL, EQ,2026-10-05,254.5,254.65,249.8,253.85,252.0,254.75,88594,22366000.0,5186,,40394.0,45.59,new
GOYALALUM, EQ,2026-10-05,5.93,5.97,5.82,5.95,5.85,5.91,41197,243000.00000000003,425,,32610.0,79.16,new
GOYALSALT, SM,2026-10-05,102.0,102.0,102.0,102.0,102.0,106.0,600,61000.0,1,,600.0,100.0,new
GPECO, SM,2026-10-05,413.0,438.55,413.0,432.25,428.55,412.0,30600,13094999.999999998,124,,23800.0,77.78,new
GPIL, EQ,2026-10-05,215.66,218.8,210.42,211.32,211.05,215.67,1339172,285177000.0,24216,,740561.0,55.3,new
GPPL, EQ,2026-10-05,166.7,169.0,165.54,167.6,167.5,165.88,1069321,179014000.0,18832,,553628.0,51.77,new
GPTHEALTH, EQ,2026-10-05,151.0,154.35,148.8,149.56,148.8,151.47,65077,9791000.0,1659,,36510.0,56.1,new
GPTINFRA, EQ,2026-10-05,122.6,122.6,117.8,120.38,120.4,118.66,470025,56573000.0,6772,,174124.0,37.05,new
GRADIENTE, BE,2026-10-05,2.47,2.47,2.42,2.47,2.47,2.36,982297,2424000.0,267,,,,new
GRANDOAK, EQ,2026-10-05,35.99,36.5,34.07,35.93,36.5,34.8,1908,68000.0,56,,1280.0,67.09,new
GRANULES, EQ,2026-10-05,820.95,824.65,800.0,817.25,815.0,821.75,575094,467034000.0,35621,,243114.0,42.27,new
GRAPHISAD, SM,2026-10-05,23.5,24.0,23.5,23.8,23.6,24.6,9600,227000.0,8,,6000.0,62.5,new
GRAPHITE, EQ,2026-10-05,793.05,822.75,791.05,816.4,818.95,786.15,1578431,1280987000.0,55444,,519076.0,32.89,new
GRASIM, EQ,2026-10-05,2968.0,3024.0,2961.5,2972.0,2972.0,2962.0,263562,785728000.0,25337,,143924.0,54.61,new
GRAUWEIL, EQ,2026-10-05,83.5,84.9,80.31,83.53,84.0,81.8,466288,38773000.0,5241,,177340.0,38.03,new
GRAVISSHO, BE,2026-10-05,32.32,32.32,30.76,31.67,31.75,32.0,1401,45000.0,20,,,,new
GRAVITA, EQ,2026-10-05,1412.6,1440.8,1403.6,1423.5,1427.7,1412.6,275082,391628000.0,31494,,133359.0,48.48,new
GRCL, SM,2026-10-05,574.0,574.0,571.15,571.15,571.15,574.0,500,286000.0,2,,500.0,100.0,new
GREAVESCOT, EQ,2026-10-05,225.07,228.6,218.79,220.94,220.95,225.98,1324571,295160000.0,27096,,547159.0,41.31,new
GREENCHEF, SM,2026-10-05,69.95,69.95,69.95,69.95,69.95,69.95,800,56000.00000000001,1,,800.0,100.0,new
GREENLAM, EQ,2026-10-05,214.7,215.5,210.18,211.71,211.0,213.62,64031,13594999.999999998,1552,,39313.0,61.4,new
GREENPANEL, EQ,2026-10-05,158.4,161.2,156.23,159.06,160.0,158.59,272774,43385000.0,4376,,188072.0,68.95,new
GREENPLY, EQ,2026-10-05,303.7,314.0,303.3,308.45,308.25,303.7,209748,64986000.0,9240,,93650.0,44.65,new
GREENPOWER, EQ,2026-10-05,8.78,8.85,8.62,8.66,8.67,8.77,1454330,12685000.0,4642,,742054.0,51.02,new
GRINDWELL, EQ,2026-10-05,1990.0,2023.1,1973.5,2004.2,2010.0,1975.8,78949,157733000.0,14222,,58341.0,73.9,new
GRINFRA, EQ,2026-10-05,790.2,804.95,780.3,789.45,789.9,790.2,17050,13490000.0,1795,,4589.0,26.91,new
GRMOVER, EQ,2026-10-05,77.99,79.45,77.38,78.5,78.06,77.87,1011559,79547000.0,4640,,192531.0,19.03,new
GROBTEA, EQ,2026-10-05,879.0,879.0,872.0,872.8,872.0,878.5,10,9000.0,3,,5.0,50.0,new
GROWW, EQ,2026-10-05,181.34,187.94,180.16,187.05,187.37,180.11,38074910,7008023000.0,191019,,22486875.0,59.06,new
GROWWCAPM, EQ,2026-10-05,10.93,11.34,10.71,10.88,10.91,10.67,999564,10915000.0,1274,,587162.0,58.74,new
GROWWCHEM, EQ,2026-10-05,28.06,28.5,27.81,28.24,28.47,28.36,33704,944999.9999999999,434,,16686.0,49.51,new
GROWWDEFNC, EQ,2026-10-05,92.57,92.57,90.65,91.87,91.9,91.65,228734,20970000.0,4500,,156038.0,68.22,new
GROWWEV, EQ,2026-10-05,29.52,30.98,29.52,30.07,30.1,30.05,476198,14304000.0,3717,,401461.0,84.31,new
GROWWGOLD, EQ,2026-10-05,14.32,14.38,14.23,14.35,14.37,14.32,2087835,29879000.000000004,7066,,866037.0,41.48,new
GROWWHOSPI, EQ,2026-10-05,49.0,49.3,46.9,46.99,47.18,47.85,660423,31197000.000000004,3381,,470783.0,71.29,new
GROWWLIQID, EQ,2026-10-05,111.02,111.03,111.02,111.02,111.02,111.01,149426,16590000.0,332,,87194.0,58.35,new
GROWWLOVOL, EQ,2026-10-05,9.82,9.87,9.66,9.79,9.8,9.82,15924,156000.0,172,,8946.0,56.18,new
GROWWMC150, EQ,2026-10-05,217.92,220.1,214.0,218.98,219.0,217.92,629,137000.0,69,,545.0,86.65,new
GROWWMETAL, EQ,2026-10-05,12.19,12.2,11.85,11.9,11.91,11.95,490772,5871000.0,2615,,185376.0,37.77,new
GROWWMOM50, EQ,2026-10-05,10.55,10.69,10.47,10.5,10.56,10.55,386277,4069000.0,916,,339699.0,87.94,new
GROWWN200, EQ,2026-10-05,10.64,10.83,10.6,10.66,10.7,10.64,830952,8842000.0,465,,790391.0,95.12,new
GROWWNET, EQ,2026-10-05,9.84,10.11,9.4,10.0,10.07,9.84,1715060,17042000.0,1143,,1459537.0,85.1,new
GROWWNIFTY, EQ,2026-10-05,9.16,9.26,8.89,9.17,9.21,9.12,819337,7480000.0,5620,,544521.0,66.46,new
GROWWNXT50, EQ,2026-10-05,69.52,71.66,69.1,70.68,71.66,70.94,10915,762000.0,286,,5642.0,51.69,new
GROWWPOWER, EQ,2026-10-05,10.96,11.05,10.78,10.84,10.78,10.84,1566073,17009000.0,6070,,849800.0,54.26,new
GROWWPSE, EQ,2026-10-05,94.98,95.0,92.07,93.77,92.5,93.62,14102,1321000.0,197,,11278.0,79.97,new
GROWWPSUBK, EQ,2026-10-05,80.98,81.59,78.67,80.35,80.0,80.03,7440,600000.0,230,,3485.0,46.84,new
GROWWRAIL, EQ,2026-10-05,25.96,26.41,25.83,26.08,26.35,26.1,282725,7373000.0,3270,,149143.0,52.75,new
GROWWRLTY, EQ,2026-10-05,9.33,9.6,9.32,9.48,9.38,9.37,65872,623000.0,507,,35702.0,54.2,new
GROWWSC250, EQ,2026-10-05,10.19,10.4,10.11,10.18,10.21,10.19,98314,1006000.0,854,,79479.0,80.84,new
GROWWSLVR, EQ,2026-10-05,21.68,21.76,21.49,21.71,21.72,21.39,1201610,25987000.0,3286,,424821.0,35.35,new
GRPLTD, EQ,2026-10-05,1895.5,1911.9,1850.0,1868.9,1864.1,1895.0,911,1714999.9999999998,143,,690.0,75.74,new
GRSE, EQ,2026-10-05,2122.0,2158.8,2103.5,2110.4,2109.1,2111.1,365792,777902000.0,30227,,140265.0,38.35,new
GRWRHITECH, EQ,2026-10-05,6925.0,6960.0,6670.0,6725.5,6733.5,6925.5,48501,328008000.0,9737,,24491.0,50.5,new
GSEC10ABSL, EQ,2026-10-05,111.61,111.61,111.29,111.29,111.29,111.79,698,78000.0,6,,698.0,100.0,new
GSEC10ADD, EQ,2026-10-05,26.3,26.3,26.15,26.15,26.15,26.54,31,1000.0,3,,31.0,100.0,new
GSEC10IETF, EQ,2026-10-05,260.0,260.0,260.0,260.0,260.0,258.19,8,2000.0,1,,8.0,100.0,new
GSEC10YEAR, EQ,2026-10-05,29.9,30.19,29.79,30.18,30.18,29.9,4323,129000.0,31,,4156.0,96.14,new
GSEC5IETF, EQ,2026-10-05,66.12,66.12,65.27,65.39,65.39,65.7,4521,296000.0,55,,3900.0,86.26,new
GSFC, EQ,2026-10-05,147.59,150.2,147.0,147.26,147.31,146.9,492857,72983000.0,9722,,228634.0,46.39,new
GSLSU, EQ,2026-10-05,29.53,30.0,29.1,29.2,29.25,29.96,51924,1534000.0,403,,39731.0,76.52,new
GSMFOILS, SM,2026-10-05,75.1,75.95,71.6,72.15,72.3,74.7,101500,7484999.999999999,154,,63500.0,62.56,new
GSPCROP, EQ,2026-10-05,452.1,472.2,452.1,457.4,459.5,454.35,265067,122490000.00000001,5034,,17478.0,6.59,new
GSPLTRANS, BE,2026-10-05,130.33,134.99,130.33,130.33,130.33,137.18,2832332,369362000.0,2609,,,,new
GSS, EQ,2026-10-05,10.33,10.94,10.28,10.3,10.29,10.33,33786,351000.0,298,,18855.0,55.81,new
GSTL, SM,2026-10-05,10.4,10.45,10.4,10.45,10.45,10.85,2000,21000.0,2,,2000.0,100.0,new
GTECJAINX, EQ,2026-10-05,37.67,37.67,37.67,37.67,37.67,35.88,16385,617000.0,47,,16385.0,100.0,new
GTL, EQ,2026-10-05,6.82,7.03,6.71,6.75,6.73,6.82,315509,2146000.0,635,,279980.0,88.74,new
GTLINFRA, EQ,2026-10-05,1.08,1.09,1.04,1.06,1.06,1.07,31582248,33454000.000000004,13216,,17034648.0,53.94,new
GTPL, EQ,2026-10-05,54.31,56.18,54.12,54.47,54.4,55.39,12648,695000.0,572,,6777.0,53.58,new
GUFICBIO, EQ,2026-10-05,416.4,425.2,410.55,419.7,425.0,418.4,73779,30929000.000000004,6812,,35082.0,47.55,new
GUJALKALI, EQ,2026-10-05,609.7,614.85,600.0,606.45,606.0,603.6,29834,18084000.0,2674,,10852.0,36.37,new
GUJAPOLLO, EQ,2026-10-05,314.1,346.05,314.1,340.45,346.0,324.85,10139,3369000.0,475,,6974.0,68.78,new
GUJENERGY, EQ,2026-10-05,231.22,235.0,230.02,232.15,231.87,230.07,803370,186583000.0,26246,,455917.0,56.75,new
GUJRAFFIA, EQ,2026-10-05,40.27,42.74,39.5,39.5,39.5,40.27,2720,108000.0,37,,2717.0,99.89,new
GUJTHEM, EQ,2026-10-05,379.1,390.4,371.2,373.6,371.55,381.8,169705,63941999.99999999,6547,,85896.0,50.61,new
GULFOILLUB, EQ,2026-10-05,1095.0,1106.5,1060.2,1068.7,1069.8,1093.0,90269,96926000.0,6249,,69900.0,77.44,new
GULFPETRO, BE,2026-10-05,61.2,63.5,61.2,62.1,62.9,62.45,95198,5943000.0,322,,,,new
GULPOLY, EQ,2026-10-05,160.52,164.0,159.15,160.84,159.15,161.75,93047,14991999.999999998,2467,,47223.0,50.75,new
GURUNANAK, SM,2026-10-05,34.0,34.0,33.0,33.0,33.0,33.5,4800,162000.0,2,,4800.0,100.0,new
GVKPIL, BE,2026-10-05,2.46,2.46,2.46,2.46,2.46,2.51,305590,752000.0,534,,,,new
GVPIL, EQ,2026-10-05,699.8,713.0,690.0,704.35,705.05,679.5,239782,168616000.0,11090,,130177.0,54.29,new
GVPTECH, BE,2026-10-05,7.75,7.8,7.37,7.52,7.5,7.75,18054,137000.0,217,,,,new
GVT&D, EQ,2026-10-05,4325.0,4337.9,4185.0,4247.5,4247.5,4253.2,454653,1929620000.0,47691,,214517.0,47.18,new
GYFTR, EQ,2026-10-05,163.51,164.9,152.61,156.11,158.0,156.79,691560,107031000.0,8401,,346224.0,50.06,new
HAL, EQ,2026-10-05,4601.0,4688.0,4601.0,4680.0,4680.0,4601.0,465865,2171553000.0,52986,,263181.0,56.49,new
HALDER, EQ,2026-10-05,232.74,266.0,232.73,258.03,251.0,232.73,19066,4732000.0,401,,5422.0,28.44,new
HALDYNGL, EQ,2026-10-05,146.6,152.68,142.0,142.85,143.0,146.05,48070,6994000.0,1198,,29616.0,61.61,new
HALEOSLABS, EQ,2026-10-05,1504.5,1549.5,1490.6,1549.2,1549.3,1490.0,2311,3559000.0000000005,148,,2129.0,92.12,new
HAMPTON, EQ,2026-10-05,8.04,8.04,7.76,8.0,8.0,8.09,4594,37000.0,37,,4504.0,98.04,new
HAPPSTMNDS, EQ,2026-10-05,305.7,309.65,303.0,304.2,303.55,304.7,476063,145743000.0,12253,,228189.0,47.93,new
HAPPYFORGE, EQ,2026-10-05,2003.0,2065.6,1991.0,2013.2,2001.5,2003.7,143370,290001000.0,32784,,80122.0,55.88,new
HARDWYN, EQ,2026-10-05,9.15,10.5,8.99,9.34,9.49,9.19,3665570,35617000.0,7488,,1577345.0,43.03,new
HARIOMPIPE, EQ,2026-10-05,333.95,340.05,322.3,324.6,322.3,332.35,81939,26899000.0,3479,,41929.0,51.17,new
HARRMALAYA, EQ,2026-10-05,179.67,183.0,170.85,173.0,172.2,179.67,14823,2586000.0,470,,9485.0,63.99,new
HARSHA, EQ,2026-10-05,475.0,476.6,460.15,462.3,462.95,474.5,141186,66030999.99999999,7214,,59824.0,42.37,new
HATHWAY, EQ,2026-10-05,9.36,9.47,9.32,9.4,9.4,9.32,1463537,13747000.0,2243,,672469.0,45.95,new
HATSUN, EQ,2026-10-05,1110.1,1157.4,1110.0,1143.5,1140.1,1118.1,41254,46816000.0,4666,,17363.0,42.09,new
HAVELLS, EQ,2026-10-05,1050.0,1060.5,1041.6,1046.7,1046.7,1040.0,845006,886885000.0,40266,,453819.0,53.71,new
HAVISHA, EQ,2026-10-05,1.31,1.4,1.31,1.4,1.4,1.35,13315,18000.0,62,,13115.0,98.5,new
HAWKINCOOK, EQ,2026-10-05,8080.0,8120.0,7905.5,7977.0,7960.0,8026.0,1141,9094000.0,598,,651.0,57.06,new
HAZOOR, EQ,2026-10-05,17.87,18.59,17.6,17.75,17.67,17.94,617372,11106000.0,2595,,537570.0,87.07,new
HBESD, EQ,2026-10-05,66.73,78.13,66.0,78.13,78.13,65.11,20755,1602000.0,218,,15334.0,73.88,new
HBLENGINE, EQ,2026-10-05,784.0,789.35,760.25,763.6,767.3,779.35,771121,595008000.0,30632,,291929.0,37.86,new
HBPOR, EQ,2026-10-05,56.6,63.98,56.6,61.3,61.3,59.83,292,17000.0,20,,232.0,79.45,new
HBSL, EQ,2026-10-05,53.2,57.03,53.2,55.82,56.7,57.03,2224,124000.0,59,,2048.0,92.09,new
HCC, EQ,2026-10-05,20.3,20.59,19.95,20.0,20.04,20.23,11202334,227008000.0,21222,,4789563.0,42.76,new
HCG, EQ,2026-10-05,664.1,670.9,658.65,669.05,670.9,668.75,40500,26941000.000000004,4540,,19776.0,48.83,new
HCL-INSYS, EQ,2026-10-05,10.23,10.3,9.9,10.0,10.04,10.04,205898,2067000.0000000002,790,,139671.0,67.84,new
HCLTECH, EQ,2026-10-05,1243.7,1247.2,1196.5,1201.9,1201.9,1243.1,3843425,4669154000.0,88780,,1463806.0,38.09,new
HDBFS, EQ,2026-10-05,622.1,625.6,615.15,622.55,623.0,618.2,308905,191760000.0,29087,,187368.0,60.66,new
HDFCAMC, EQ,2026-10-05,2308.1,2369.5,2308.1,2346.0,2346.0,2308.1,1244530,2924429000.0,47548,,845481.0,67.94,new
HDFCBANK, EQ,2026-10-05,731.95,734.2,701.25,704.8,704.8,721.2,66056690,47292919000.0,478412,,41947959.0,63.5,new
HDFCBSE500, EQ,2026-10-05,35.59,35.77,35.19,35.48,35.5,35.41,1567916,55553000.0,457,,1516682.0,96.73,new
HDFCGOLD, EQ,2026-10-05,125.55,125.89,124.65,125.72,125.77,125.58,3530908,442775000.0,17338,,2210480.0,62.6,new
HDFCGROWTH, EQ,2026-10-05,111.98,111.98,109.2,109.95,110.0,109.96,13466,1476000.0,330,,6768.0,50.26,new
HDFCLIFE, EQ,2026-10-05,536.85,539.05,524.55,531.0,531.0,534.2,3381490,1791928000.0,42894,,1677519.0,49.61,new
HDFCLIQUID, EQ,2026-10-05,1080.61,1080.8,1080.61,1080.77,1080.78,1080.61,29280,31645000.0,81,,16191.0,55.3,new
HDFCLOWVOL, EQ,2026-10-05,19.15,19.3,19.06,19.16,19.22,19.15,3718,71000.0,142,,2197.0,59.09,new
HDFCMID150, EQ,2026-10-05,22.49,23.4,21.9,22.22,22.13,21.95,800828,17683000.0,2600,,352681.0,44.04,new
HDFCMOMENT, EQ,2026-10-05,30.37,30.37,29.5,29.71,29.72,30.11,298269,8874000.0,1481,,213537.0,71.59,new
HDFCNEXT50, EQ,2026-10-05,70.93,71.18,70.31,70.81,71.08,70.5,102791,7273999.999999999,1116,,45611.0,44.37,new
HDFCNIF100, EQ,2026-10-05,24.24,25.25,24.1,24.46,24.33,24.75,54474,1334000.0,657,,36514.0,67.03,new
HDFCNIFBAN, EQ,2026-10-05,56.49,56.87,56.05,56.23,56.2,56.2,66966,3778000.0,668,,39928.0,59.62,new
HDFCNIFIT, EQ,2026-10-05,30.39,31.0,29.99,30.15,30.3,29.87,134271,4061000.0,458,,61446.0,45.76,new
HDFCNIFTY, EQ,2026-10-05,247.86,260.57,247.86,254.91,255.52,254.22,495067,125713000.00000001,1955,,409323.0,82.68,new
HDFCNIMEG, EQ,2026-10-05,126.82,126.82,124.22,124.97,124.65,124.33,5979,748000.0,88,,4576.0,76.53,new
HDFCPSUBK, EQ,2026-10-05,80.53,82.09,80.52,81.09,80.66,80.52,27238,2215000.0,321,,18126.0,66.55,new
HDFCPVTBAN, EQ,2026-10-05,27.92,27.92,27.08,27.3,27.41,27.37,455677,12400000.0,957,,263028.0,57.72,new
HDFCQUAL, EQ,2026-10-05,54.86,55.28,54.68,55.06,55.28,54.86,7743,426000.0,144,,3135.0,40.49,new
HDFCSENSEX, EQ,2026-10-05,81.41,82.69,81.41,82.04,82.47,81.84,84035,6893000.000000001,1181,,52749.0,62.77,new
HDFCSILVER, EQ,2026-10-05,209.38,212.5,209.38,212.02,212.0,208.74,2329815,491905000.0,12864,,1045342.0,44.87,new
HDFCSML250, EQ,2026-10-05,178.1,179.59,176.52,178.32,178.67,177.81,1197364,212909000.0,17630,,650208.0,54.3,new
HDFCVALUE, EQ,2026-10-05,118.11,119.17,115.75,118.12,118.16,118.11,10469,1238000.0,264,,6710.0,64.09,new
HDIL, BZ,2026-10-05,1.48,1.5,1.42,1.47,1.48,1.45,142280,211000.0,223,,,,new
HEADSUP, EQ,2026-10-05,6.36,6.74,6.02,6.14,6.15,6.4,1991,12000.0,111,,1498.0,75.24,new
HEALTHADD, EQ,2026-10-05,16.29,16.29,16.08,16.1,16.11,16.21,42909,692000.0,221,,11003.0,25.64,new
HEALTHAXIS, EQ,2026-10-05,162.55,165.48,162.0,162.33,162.83,163.58,3124,509000.0,151,,1966.0,62.93,new
HEALTHCARE, EQ,2026-10-05,21.44,21.44,20.8,20.81,20.87,21.02,50203,1047000.0000000001,379,,31233.0,62.21,new
HEALTHIETF, EQ,2026-10-05,165.0,165.19,163.41,164.02,164.31,164.59,209046,34259000.0,2918,,144101.0,68.93,new
HEALTHX, EQ,2026-10-05,279.8,293.4,268.0,277.0,280.1,273.0,7384,2012000.0,256,,5256.0,71.18,new
HEALTHY, EQ,2026-10-05,16.76,16.76,16.26,16.41,16.55,16.47,424617,6981999.999999999,1664,,339016.0,79.84,new
HECPROJECT, EQ,2026-10-05,114.0,116.88,110.2,110.87,111.0,111.86,2220,248000.0,138,,1532.0,69.01,new
HEGAM, EQ,2026-10-05,242.0,248.0,232.0,233.77,233.0,239.28,1455475,347329000.0,26465,,778203.0,53.47,new
HEIDELBERG, EQ,2026-10-05,131.98,131.98,128.79,130.11,130.49,130.57,86609,11252000.0,2927,,41869.0,48.34,new
HEMIPROP, EQ,2026-10-05,112.0,113.25,110.21,111.53,111.5,111.5,255376,28489000.0,4089,,141460.0,55.39,new
HERANBA, EQ,2026-10-05,171.0,174.41,166.1,167.58,166.66,172.12,55404,9356000.0,1828,,28305.0,51.09,new
HERITGFOOD, EQ,2026-10-05,402.9,407.0,389.75,394.75,397.0,402.9,217577,86730000.0,6686,,109701.0,50.42,new
HEROMOTOCO, EQ,2026-10-05,5199.0,5205.5,4994.5,5089.5,5089.5,5168.0,1072997,5451922000.0,85559,,512603.0,47.77,new
HEROMOTORS, EQ,2026-10-05,176.34,178.84,158.65,169.63,170.3,167.8,146252658,24680729000.0,793578,,16605267.0,11.35,new
HESTERBIO, EQ,2026-10-05,2164.7,2186.9,2090.2,2105.5,2120.0,2126.8,2719,5821000.0,552,,1400.0,51.49,new
HEXAGON, BE,2026-10-05,70.0,70.49,68.61,69.77,69.05,68.8,185999,12928000.0,578,,,,new
HEXATRADEX, EQ,2026-10-05,157.0,160.5,149.0,153.58,154.0,154.96,4186,642000.0,74,,2622.0,62.64,new
HEXT, EQ,2026-10-05,493.95,505.9,489.8,495.15,498.0,490.45,206834,102668000.0,13149,,96002.0,46.41,new
HFCL, BE,2026-10-05,237.99,250.27,234.0,250.27,250.27,238.36,9592712,2336365000.0,46505,,,,new
HGINFRA, EQ,2026-10-05,422.0,426.4,402.1,403.75,403.8,419.9,231876,94850000.0,12282,,109477.0,47.21,new
HGM, EQ,2026-10-05,42.89,42.89,38.14,38.97,38.98,40.36,14095,552000.0,96,,10667.0,75.68,new
HGS, EQ,2026-10-05,367.0,372.95,361.4,364.95,365.65,367.05,7248,2649000.0,775,,4389.0,60.55,new
HIGREEN, SM,2026-10-05,118.3,118.3,115.1,115.8,116.5,120.3,5600,655000.0,7,,4800.0,85.71,new
HIKAL, EQ,2026-10-05,218.0,221.35,213.28,214.45,215.0,218.14,244700,53004000.0,5764,,98218.0,40.14,new
HILINFRA, EQ,2026-10-05,45.45,46.4,43.12,43.71,44.7,45.06,130532,5764000.0,1868,,74952.0,57.42,new
HILTON, EQ,2026-10-05,16.61,17.18,16.61,16.77,16.68,16.86,76089,1284000.0,364,,50605.0,66.51,new
HIMALAYAN, ST,2026-10-05,85.0,86.0,81.0,84.85,84.75,103.0,3433200,291554000.0,1344,,3433200.0,100.0,new
HIMATSEIDE, EQ,2026-10-05,65.0,65.82,62.6,64.64,64.5,64.15,603662,38894000.0,7220,,218040.0,36.12,new
HINDADH, EQ,2026-10-05,392.0,392.0,382.05,384.5,387.35,384.0,1008,388000.0,80,,879.0,87.2,new
HINDALCO, EQ,2026-10-05,953.5,954.05,931.1,938.4,938.4,941.85,4401291,4135192000.0,110787,,2576133.0,58.53,new
HINDALUMI, EQ,2026-10-05,90.9,93.99,90.9,91.83,91.01,90.76,1333,123000.0,72,,780.0,58.51,new
HINDCOMPOS, EQ,2026-10-05,414.95,425.05,395.5,400.65,404.0,380.8,46581,18800000.0,1269,,30108.0,64.64,new
HINDCON, BE,2026-10-05,31.64,31.64,31.64,31.64,31.64,33.3,10765,341000.0,142,,,,new
HINDCOPPER, EQ,2026-10-05,466.05,481.0,465.15,478.65,478.95,462.15,5563749,2649407000.0,93099,,2254682.0,40.52,new
HINDOILEXP, EQ,2026-10-05,168.19,170.45,164.15,164.87,164.3,167.31,283729,47181000.0,6929,,107927.0,38.04,new
HINDPETRO, EQ,2026-10-05,345.05,351.25,340.4,342.35,342.35,345.0,2875288,990031000.0,42091,,1557381.0,54.16,new
HINDUNILVR, EQ,2026-10-05,1845.1,1848.4,1828.0,1838.4,1838.4,1836.0,975071,1789464000.0,58733,,631635.0,64.78,new
HINDWAREAP, EQ,2026-10-05,173.72,174.18,170.0,171.63,171.42,170.53,56164,9640000.0,1656,,32980.0,58.72,new
HINDZINC, EQ,2026-10-05,562.0,568.55,557.9,560.95,560.95,555.05,2343222,1319828000.0,36228,,1042132.0,44.47,new
HIRECT, EQ,2026-10-05,1123.8,1166.1,1097.6,1109.4,1103.5,1123.8,51104,57834000.0,5240,,21046.0,41.18,new
HISARMETAL, EQ,2026-10-05,149.0,149.0,143.57,145.22,145.0,146.92,1221,178000.0,86,,1073.0,87.88,new
HITECH, EQ,2026-10-05,71.62,72.38,69.85,70.05,70.35,71.42,397840,28092000.0,5139,,215216.0,54.1,new
HITECHCORP, BE,2026-10-05,341.5,344.9,340.2,342.0,341.8,340.25,50579,17304000.0,320,,,,new
HITECHGEAR, BE,2026-10-05,602.0,613.45,580.3,584.6,582.0,601.75,2734,1625000.0,63,,,,new
HLEGLAS, EQ,2026-10-05,444.65,452.0,424.45,425.85,426.0,442.05,108277,47331000.0,4980,,59432.0,54.89,new
HLVLTD, EQ,2026-10-05,6.31,6.5,6.05,6.21,6.2,6.31,195354,1212000.0,694,,136508.0,69.88,new
HMAAGRO, EQ,2026-10-05,23.49,24.25,23.07,23.4,23.5,23.47,3179782,74704000.0,5246,,2122310.0,66.74,new
HMT, BZ,2026-10-05,59.4,59.4,58.5,58.99,58.99,58.24,4335,254999.99999999997,62,,,,new
HMVL, BE,2026-10-05,75.26,78.85,74.5,76.0,76.0,77.44,21768,1669000.0000000002,138,,,,new
HNDFDS, EQ,2026-10-05,580.0,580.0,556.55,570.05,570.0,574.6,57425,32527999.999999996,4568,,29718.0,51.75,new
HNGSNGBEES, EQ,2026-10-05,500.0,500.0,452.0,457.63,458.35,455.1,93775,42637000.0,6131,,65930.0,70.31,new
HOACFOODS, ST,2026-10-05,913.9,923.05,913.9,923.05,923.05,915.0,1875,1727000.0,5,,1875.0,100.0,new
HOLMARC, SM,2026-10-05,120.0,123.75,119.95,123.75,123.75,120.0,9750,1173000.0,8,,9750.0,100.0,new
HOMEFIRST, EQ,2026-10-05,1122.6,1122.6,1075.1,1096.2,1095.7,1125.7,379744,413191000.0,49796,,225275.0,59.32,new
HONASA, EQ,2026-10-05,431.95,444.0,427.0,442.1,443.5,427.9,817839,356576000.0,34050,,435003.0,53.19,new
HONAUT, EQ,2026-10-05,33845.0,34140.0,33595.0,33785.0,33995.0,33470.0,1798,60851000.0,1287,,722.0,40.16,new
HONDAPOWER, EQ,2026-10-05,1919.9,1919.9,1848.0,1865.2,1851.5,1886.3,2605,4863000.0,615,,1292.0,49.6,new
HORIZONIND, EQ,2026-10-05,48.65,48.92,47.56,47.75,47.77,48.65,2149178,103446000.0,16838,,1281681.0,59.64,new
HPAL, EQ,2026-10-05,34.47,35.49,33.3,33.9,34.0,33.81,39685,1345000.0,593,,23941.0,60.33,new
HPIL, EQ,2026-10-05,113.5,114.8,105.65,110.64,109.22,114.44,347,38000.0,41,,254.0,73.2,new
HPL, EQ,2026-10-05,265.4,272.0,263.5,264.75,265.5,267.2,53225,14191000.0,2752,,24554.0,46.13,new
HPTL, ST,2026-10-05,432.0,451.0,430.0,431.0,430.0,431.0,3600,1565000.0,6,,3600.0,100.0,new
HRYNSHP, EQ,2026-10-05,108.0,108.0,92.2,96.65,95.82,97.98,1040,103000.0,103,,543.0,52.21,new
HSBCGOLD, EQ,2026-10-05,128.8,129.8,127.01,128.04,128.06,127.95,1538,196000.0,44,,671.0,43.63,new
HSCL, EQ,2026-10-05,665.95,672.5,656.5,659.85,660.2,665.15,876519,580863000.0,22051,,356179.0,40.64,new
HTEL, EQ,2026-10-05,72.87,73.84,70.15,70.43,70.3,72.92,977060,70048000.0,9435,,523737.0,53.6,new
HTMEDIA, EQ,2026-10-05,22.01,22.74,22.01,22.14,22.1,22.38,32181,714000.0,280,,21076.0,65.49,new
HUBTOWN, EQ,2026-10-05,177.35,178.5,166.99,168.09,168.7,177.42,425823,72652000.0,5712,,245001.0,57.54,new
HUDCO, EQ,2026-10-05,163.5,164.99,161.34,162.09,162.16,161.54,1688872,275065000.0,25333,,710979.0,42.1,new
HUHTAMAKI, EQ,2026-10-05,232.95,234.8,226.1,227.52,226.1,232.72,103891,23840000.0,3982,,61659.0,59.35,new
HVAX, SM,2026-10-05,695.0,695.0,680.0,680.0,680.0,709.9,900,623000.0,4,,900.0,100.0,new
HYBRIDETF, EQ,2026-10-05,9.95,9.95,9.75,9.78,9.78,9.72,2589,25000.0,49,,2588.0,99.96,new
HYBRIDFIN, EQ,2026-10-05,17.2,17.99,16.8,17.43,17.43,17.36,6826,118000.0,74,,5751.0,84.25,new
HYUNDAI, EQ,2026-10-05,2023.9,2031.5,1981.9,2000.0,2000.0,2024.0,328159,656818000.0,22696,,143805.0,43.82,new
IBULLSLTD, EQ,2026-10-05,30.1,30.8,29.17,29.48,29.5,29.43,23357499,694973000.0,19130,,15361798.0,65.77,new
ICDSLTD, BE,2026-10-05,46.5,48.82,44.26,44.61,44.61,46.5,1626,77000.0,30,,,,new
ICELCO, SM,2026-10-05,118.0,121.0,117.0,117.0,117.0,117.3,22800,2705000.0,19,,15600.0,68.42,new
ICEMAKE, EQ,2026-10-05,623.5,634.4,619.1,628.55,621.35,623.65,14078,8801000.0,1346,,8123.0,57.7,new
ICICIAMC, EQ,2026-10-05,3085.9,3095.6,3045.0,3061.2,3057.9,3084.4,163817,502933000.0,31299,,86358.0,52.72,new
ICICIB22, EQ,2026-10-05,111.63,111.63,107.6,109.88,110.0,108.91,164116,17992000.0,5492,,87376.0,53.24,new
ICICIBANK, EQ,2026-10-05,1311.0,1334.7,1303.7,1332.0,1332.0,1310.6,13223493,17450790000.0,165406,,8126759.0,61.46,new
ICICIGI, EQ,2026-10-05,1563.0,1608.0,1561.1,1600.0,1600.0,1563.0,1196366,1909390000.0000002,46380,,698762.0,58.41,new
ICICIPRULI, EQ,2026-10-05,448.0,457.0,446.05,454.9,454.9,448.05,1224982,554597000.0,50850,,569471.0,46.49,new
ICIL, EQ,2026-10-05,445.9,456.6,443.55,446.2,449.0,443.65,171574,76972000.0,14486,,69259.0,40.37,new
ICRA, EQ,2026-10-05,4334.6,4340.0,4249.0,4297.5,4270.0,4318.3,24260,104001000.0,4343,,14599.0,60.18,new
IDBI, EQ,2026-10-05,87.0,88.01,85.35,86.31,86.35,86.57,11796166,1021914000.0,62476,,4383042.0,37.16,new
IDEA, EQ,2026-10-05,12.75,12.9,12.56,12.74,12.74,12.64,460591162,5853041000.0,575476,,164503410.0,35.72,new
IDEAFORGE, EQ,2026-10-05,731.2,733.5,698.25,701.65,698.5,735.0,334860,236353000.00000003,19258,,169968.0,50.76,new
IDFCFIRSTB, EQ,2026-10-05,80.76,82.3,80.65,82.22,82.22,80.39,18439126,1508840000.0,63525,,9138347.0,49.56,new
IDFNIFTYET, EQ,2026-10-05,247.02,252.0,244.13,249.7,250.0,247.02,798,199000.0,84,,734.0,91.98,new
IEML, ST,2026-10-05,52.3,54.6,49.8,49.8,49.8,52.4,121500,6329000.0,123,,116500.0,95.88,new
IEX, EQ,2026-10-05,106.0,106.49,103.94,104.3,104.3,105.98,3096998,324663000.0,31571,,1387421.0,44.8,new
IFBAGRO, EQ,2026-10-05,855.0,878.95,855.0,872.0,868.0,866.95,2243,1936000.0,325,,1390.0,61.97,new
IFBIND, EQ,2026-10-05,1175.0,1201.8,1140.0,1178.8,1174.1,1166.2,34216,40312000.0,3718,,15443.0,45.13,new
IFCI, EQ,2026-10-05,65.5,66.93,63.93,64.28,64.1,65.14,33656348,2196487000.0,103118,,5866757.0,17.43,new
IFGLEXPOR, EQ,2026-10-05,192.2,195.3,182.15,183.99,185.9,189.57,29347,5454000.0,1411,,18647.0,63.54,new
IGARASHI, EQ,2026-10-05,395.65,403.55,388.45,389.65,390.0,398.95,31532,12390000.0,2041,,15217.0,48.26,new
IGCL, EQ,2026-10-05,54.62,55.93,53.0,53.4,53.35,54.62,64015,3458000.0,2051,,31233.0,48.79,new
IGIL, EQ,2026-10-05,317.9,320.7,311.0,316.25,315.05,311.95,422079,133408999.99999999,10713,,116272.0,27.55,new
IGL, EQ,2026-10-05,142.79,143.57,141.5,142.1,141.95,142.79,948892,135229000.0,37995,,426954.0,45.0,new
IGPL, EQ,2026-10-05,575.8,581.7,548.1,554.0,549.05,569.55,49844,28168000.0,2106,,27831.0,55.84,new
IIFL, EQ,2026-10-05,590.0,609.0,587.35,601.15,600.7,583.8,1622026,969598000.0,48773,,748550.0,46.15,new
IIFLCAPS, EQ,2026-10-05,346.9,346.9,341.55,345.2,346.0,345.6,319157,110132000.0,5033,,206950.0,64.84,new
IITL, EQ,2026-10-05,132.56,135.0,127.1,129.4,133.5,132.56,100228,13300000.0,965,,11200.0,11.17,new
IKIO, EQ,2026-10-05,195.0,200.0,190.21,192.22,193.5,190.96,91418,17643000.0,2996,,27920.0,30.54,new
IKS, EQ,2026-10-05,1791.0,1798.3,1742.5,1766.8,1751.2,1776.4,119886,212500000.0,13150,,77877.0,64.96,new
IL&FSENGG, BZ,2026-10-05,38.5,40.05,38.5,39.78,39.75,38.59,11636,455999.99999999994,38,,,,new
IL&FSTRANS, BZ,2026-10-05,1.92,1.96,1.86,1.94,1.92,1.87,67958,131000.0,115,,,,new
IMAGICAA, EQ,2026-10-05,50.85,51.99,48.61,48.76,49.0,50.7,488855,24200000.0,3063,,289330.0,59.19,new
IMFA, EQ,2026-10-05,1187.5,1204.8,1148.2,1158.9,1161.0,1176.8,93925,109489000.00000001,10421,,46692.0,49.71,new
IMPAL, EQ,2026-10-05,1021.0,1040.0,1002.0,1026.2,1029.7,1009.1,2317,2367000.0,293,,1539.0,66.42,new
IMPEXFERRO, BZ,2026-10-05,6.37,6.37,6.37,6.37,6.37,6.5,308128,1963000.0,142,,,,new
INA, EQ,2026-10-05,87.95,89.22,83.05,83.44,83.12,87.02,619352,52357000.00000001,5253,,352848.0,56.97,new
INCREDIBLE, EQ,2026-10-05,32.46,32.46,30.6,31.48,31.47,31.37,26959,850000.0,191,,18744.0,69.53,new
INDBANK, EQ,2026-10-05,25.7,25.7,25.0,25.17,25.29,25.2,22541,568000.0,271,,15211.0,67.48,new
INDGN, EQ,2026-10-05,598.25,605.5,588.0,598.45,597.0,593.5,510522,305672000.0,30939,,303763.0,59.5,new
INDHOTEL, EQ,2026-10-05,713.0,726.6,713.0,725.0,725.0,718.0,3696656,2667410000.0,49928,,2467143.0,66.74,new
INDIACEM, EQ,2026-10-05,295.0,302.0,290.0,299.05,298.3,295.15,143087,42691000.0,8279,,56732.0,39.65,new
INDIAGLYCO, EQ,2026-10-05,300.0,307.8,296.05,303.35,303.0,298.8,285941,86753000.0,8985,,90176.0,31.54,new
INDIAMART, EQ,2026-10-05,1620.3,1648.0,1565.1,1591.5,1593.0,1620.3,61789,98685000.0,10576,,27433.0,44.4,new
INDIANB, EQ,2026-10-05,801.75,817.9,801.75,810.0,810.0,793.15,1043196,843589000.0,41061,,465970.0,44.67,new
INDIANCARD, EQ,2026-10-05,188.37,191.99,181.24,184.82,184.0,188.37,1899,353000.0,42,,1436.0,75.62,new
INDIANHUME, EQ,2026-10-05,346.1,347.85,334.05,335.7,334.2,346.1,23630,7998000.0,2333,,10112.0,42.79,new
INDIASHLTR, EQ,2026-10-05,645.0,653.6,636.7,646.6,650.0,645.6,225850,146203000.0,14459,,163315.0,72.31,new
INDIFRA, SM,2026-10-05,11.7,11.7,11.65,11.65,11.65,12.25,6000,70000.0,3,,4000.0,66.67,new
INDIGO, EQ,2026-10-05,4945.0,4999.0,4907.7,4935.0,4935.0,4929.9,404828,2000255000.0,46032,,189103.0,46.71,new
INDIGOPNTS, EQ,2026-10-05,1049.3,1064.2,1033.1,1040.0,1035.0,1053.5,56278,58689000.0,10572,,33769.0,60.0,new
INDIGRID, IV,2026-10-05,169.85,173.51,169.51,169.75,169.8,169.85,682473,115991000.00000001,18093,,633013.0,92.75,new
INDIQUBE, EQ,2026-10-05,200.0,200.0,193.81,197.4,198.0,197.49,101074,19796000.0,1070,,74539.0,73.75,new
INDNIPPON, EQ,2026-10-05,1237.9,1253.6,1205.0,1220.3,1219.6,1224.4,40393,49380000.0,4982,,15448.0,38.24,new
INDOAMIN, EQ,2026-10-05,136.55,150.0,136.55,143.31,144.0,136.52,590272,85391000.0,9029,,226192.0,38.32,new
INDOBORAX, EQ,2026-10-05,476.55,478.8,457.4,460.65,460.0,469.5,82751,38752000.0,3219,,41048.0,49.6,new
INDOCO, EQ,2026-10-05,252.0,255.65,244.1,246.8,246.5,251.75,311539,77284000.0,8692,,115254.0,37.0,new
INDOFARM, EQ,2026-10-05,133.99,133.99,128.5,129.43,129.5,131.77,74848,9764000.0,1808,,38599.0,51.57,new
INDOKEM, EQ,2026-10-05,602.35,602.35,585.0,598.25,600.0,603.7,1304,778000.0,204,,705.0,54.06,new
INDOMIM, EQ,2026-10-05,1292.0,1333.9,1284.9,1320.4,1326.9,1271.8,939096,1237020000.0,40906,,419600.0,44.68,new
INDORAMA, EQ,2026-10-05,97.95,99.79,93.15,93.69,93.25,95.81,760868,73188000.0,8078,,311714.0,40.97,new
INDOSTAR, EQ,2026-10-05,205.76,210.05,202.56,204.33,204.32,206.35,45587,9360000.0,1375,,23433.0,51.4,new
INDOTECH, EQ,2026-10-05,3414.6,3473.3,3251.1,3275.4,3290.0,3347.6,24448,82251000.0,3620,,13934.0,56.99,new
INDOTHAI, EQ,2026-10-05,36.7,36.94,35.42,36.94,36.94,35.19,957718,35031000.0,3936,,554513.0,57.9,new
INDOUS, EQ,2026-10-05,81.0,81.0,74.15,75.5,74.15,76.75,13152,1001000.0,693,,7314.0,55.61,new
INDOWIND, EQ,2026-10-05,8.44,8.74,8.3,8.41,8.36,8.44,122499,1044000.0,597,,59591.0,48.65,new
INDPRUD, EQ,2026-10-05,6305.0,6350.0,6290.0,6350.0,6350.0,6255.5,27,170000.0,7,,26.0,96.3,new
INDRAMEDCO, EQ,2026-10-05,341.85,342.25,331.55,333.95,332.2,338.6,119110,39954000.0,6526,,66203.0,55.58,new
INDSWFTLAB, EQ,2026-10-05,399.0,410.0,383.75,385.75,385.0,395.15,346248,134939000.0,8599,,172172.0,49.73,new
INDTERRAIN, EQ,2026-10-05,29.22,29.5,29.15,29.36,29.2,29.22,8392,245000.00000000003,57,,7051.0,84.02,new
INDUSINDBK, EQ,2026-10-05,891.6,900.25,880.7,886.6,886.6,886.85,2459043,2181456000.0,62601,,1474618.0,59.97,new
INDUSINVIT, IV,2026-10-05,128.18,130.7,127.8,128.8,129.0,128.18,535595,69113000.0,15556,,502052.0,93.74,new
INDUSTOWER, EQ,2026-10-05,381.4,381.45,375.25,380.2,380.2,376.25,5862757,2223601000.0,68912,,3948476.0,67.35,new
INFINIUM, SM,2026-10-05,317.4,320.85,306.0,311.8,311.8,314.25,11500,3596000.0,23,,9500.0,82.61,new
INFLUX, SM,2026-10-05,250.1,273.6,250.0,265.65,265.0,256.0,55800,14725000.0,86,,36600.0,65.59,new
INFOBEAN, EQ,2026-10-05,144.22,151.69,144.22,148.08,148.8,143.58,244306,36197000.0,3680,,81519.0,33.37,new
INFOLLION, SM,2026-10-05,168.4,168.4,153.2,160.4,160.4,154.0,19200,3119000.0,36,,13600.0,70.83,new
INFOMEDIA, EQ,2026-10-05,5.54,5.54,5.16,5.21,5.21,5.32,9684,51000.0,60,,7312.0,75.51,new
INFRA, EQ,2026-10-05,11.63,11.63,11.41,11.44,11.44,11.4,21735,249000.00000000003,193,,17638.0,81.15,new
INFRABEES, EQ,2026-10-05,899.38,900.51,891.3,898.85,893.86,895.24,22520,20184000.0,849,,8629.0,38.32,new
INFRAIETF, EQ,2026-10-05,89.52,92.0,89.02,90.15,89.88,89.2,100848,9046000.0,2825,,51987.0,51.55,new
INFY, EQ,2026-10-05,1050.0,1052.3,1010.0,1020.5,1020.5,1035.0,12126808,12427992000.0,190921,,5083314.0,41.92,new
INGERRAND, EQ,2026-10-05,4158.8,4224.1,4135.0,4154.2,4168.7,4158.8,7413,30923000.0,1892,,3630.0,48.97,new
INM, SM,2026-10-05,141.0,141.0,140.0,141.0,141.0,140.05,4200,592000.0,7,,4200.0,100.0,new
INNOMET, ST,2026-10-05,292.0,294.0,277.0,281.0,281.0,280.0,27000,7729000.000000001,36,,26400.0,97.78,new
INNOVACAP, EQ,2026-10-05,1168.5,1193.0,1119.8,1145.4,1143.1,1168.0,102598,117193000.0,11498,,44288.0,43.17,new
INNOVANA, EQ,2026-10-05,292.85,304.85,287.55,302.3,300.0,290.2,27710,8237000.0,784,,3976.0,14.35,new
INNOVISION, EQ,2026-10-05,258.0,258.0,248.0,254.25,256.8,253.0,15235,3847000.0,691,,10735.0,70.46,new
INOXGREEN, EQ,2026-10-05,159.0,160.0,147.65,149.95,149.0,159.0,3846331,580776000.0,30388,,2776793.0,72.19,new
INOXINDIA, EQ,2026-10-05,2170.0,2202.2,2074.9,2089.1,2097.6,2168.3,300602,638026000.0,38139,,122112.0,40.62,new
INOXWIND, EQ,2026-10-05,69.0,69.88,67.6,67.8,67.8,68.75,5978012,409679000.0,25262,,2173486.0,36.36,new
INSECTICID, EQ,2026-10-05,578.85,593.45,566.15,578.8,583.0,568.7,15020,8640000.0,999,,6869.0,45.73,new
INSPIRISYS, EQ,2026-10-05,84.0,85.79,83.0,83.02,83.1,83.83,5653,474000.0,38,,4871.0,86.17,new
INSUREIETF, EQ,2026-10-05,14.6,14.73,14.5,14.54,14.61,14.6,589446,8588000.0,353,,307889.0,52.23,new
INTEGRITY, SM,2026-10-05,191.5,191.5,191.5,191.5,191.5,184.0,1200,229999.99999999997,1,,1200.0,100.0,new
INTELLECT, EQ,2026-10-05,619.0,619.0,593.65,600.2,601.0,610.95,306571,184883000.0,26007,,164873.0,53.78,new
INTENTECH, EQ,2026-10-05,81.56,81.56,80.0,80.58,80.1,81.98,19297,1555000.0,230,,13254.0,68.68,new
INTERARCH, EQ,2026-10-05,1664.6,1685.1,1641.6,1661.7,1658.5,1666.9,35888,59502000.0,3943,,20113.0,56.04,new
INTERNET, EQ,2026-10-05,13.31,13.52,13.28,13.46,13.43,13.2,120023,1609000.0,287,,65094.0,54.23,new
INTLCONV, EQ,2026-10-05,82.3,82.3,80.0,80.06,80.0,80.03,34181,2750000.0,428,,23081.0,67.53,new
INVENTURE, EQ,2026-10-05,0.86,0.86,0.85,0.85,0.85,0.85,449348,383000.0,286,,449226.0,99.97,new
INVICTA, SM,2026-10-05,66.1,66.1,66.1,66.1,66.1,66.55,1600,106000.0,1,,1600.0,100.0,new
INVPRECQ, BE,2026-10-05,1639.0,1651.0,1580.1,1612.1,1630.0,1595.2,4896,7929000.000000001,253,,,,new
IOB, EQ,2026-10-05,30.5,31.9,30.5,31.35,31.38,30.38,4689838,146637000.0,30479,,1660074.0,35.4,new
IOC, EQ,2026-10-05,132.48,134.35,129.8,130.5,130.5,131.34,9644919,1267380000.0,71876,,4840473.0,50.19,new
IOLCP, EQ,2026-10-05,211.48,214.4,204.35,205.71,206.0,209.39,2946260,616006000.0,40615,,966302.0,32.8,new
IONEXCHANG, EQ,2026-10-05,405.05,410.0,397.1,401.75,401.5,406.4,203327,81782000.0,14108,,91546.0,45.02,new
IPCALAB, EQ,2026-10-05,1973.7,1984.9,1930.3,1951.3,1936.0,1943.2,210605,413117000.0,32579,,123481.0,58.63,new
IPHL, SM,2026-10-05,68.8,68.8,68.8,68.8,68.8,72.65,3600,248000.0,2,,3600.0,100.0,new
IPL, EQ,2026-10-05,132.0,132.0,128.1,128.75,128.3,130.68,167598,21672000.0,2468,,103382.0,61.68,new
IPRINGLTD, EQ,2026-10-05,135.05,144.0,135.0,137.15,137.2,141.95,1997,276000.0,67,,1493.0,74.76,new
IPSL, SM,2026-10-05,190.0,219.0,190.0,210.0,210.0,185.9,13500,2685000.0,7,,10500.0,77.78,new
IRB, EQ,2026-10-05,17.05,17.3,16.8,16.87,16.92,17.0,10276300,174194000.0,23245,,5113686.0,49.76,new
IRBINVIT, IV,2026-10-05,64.09,64.24,63.7,63.93,63.94,63.8,593791,37979000.0,7581,,471890.0,79.47,new
IRCON, EQ,2026-10-05,110.25,111.11,106.25,106.88,106.98,110.25,4101437,442030000.0,42752,,1104320.0,26.93,new
IRCTC, EQ,2026-10-05,454.15,464.6,448.05,452.8,450.8,454.1,1583641,725443000.0,66595,,742657.0,46.9,new
IREDA, EQ,2026-10-05,111.68,111.86,108.5,109.0,109.0,111.0,4155590,455800000.0,34653,,1525203.0,36.7,new
IRFC, EQ,2026-10-05,78.0,78.1,76.06,76.5,76.5,77.06,8816833,677814000.0,59541,,3488748.0,39.57,new
IRIS, EQ,2026-10-05,225.1,227.13,219.11,220.46,220.0,225.1,5596,1241000.0,343,,3420.0,61.12,new
IRISDOREME, EQ,2026-10-05,62.0,62.0,57.72,59.69,60.0,60.46,439369,26104000.000000004,3868,,116757.0,26.57,new
IRMENERGY, EQ,2026-10-05,260.9,264.8,256.8,259.5,259.0,257.7,47444,12323000.0,2858,,23640.0,49.83,new
ISFT, BE,2026-10-05,97.91,101.0,93.5,99.82,98.2,97.91,10417,1011000.0,133,,,,new
ISGEC, EQ,2026-10-05,924.45,926.1,892.4,899.3,897.8,919.7,88849,80250000.0,12459,,38015.0,42.79,new
ISHAN, SM,2026-10-05,0.5,0.5,0.45,0.5,0.5,0.45,144000,70000.0,3,,96000.0,66.67,new
ISHANCH, EQ,2026-10-05,48.89,48.89,45.72,47.39,47.44,47.3,4869,227999.99999999997,159,,3284.0,67.45,new
ISTLTD, EQ,2026-10-05,635.0,640.0,585.0,610.5,603.1,635.0,1474,903999.9999999999,247,,1203.0,81.61,new
IT, EQ,2026-10-05,31.77,32.37,31.15,31.32,31.21,31.15,268438,8443000.0,1306,,139237.0,51.87,new
ITADD, EQ,2026-10-05,29.78,30.5,29.78,29.97,30.06,29.78,6608,199000.0,104,,2499.0,37.82,new
ITALIANE, SM,2026-10-05,29.6,29.6,28.2,28.2,28.2,29.2,4000,115999.99999999999,2,,4000.0,100.0,new
ITAXIS, EQ,2026-10-05,312.91,315.9,310.5,312.02,310.5,309.81,3352,1051000.0,54,,2160.0,64.44,new
ITBEES, EQ,2026-10-05,31.7,32.0,31.22,31.35,31.4,31.38,10293140,324529000.0,20706,,4006586.0,38.92,new
ITBETA, EQ,2026-10-05,297.27,303.0,297.24,297.84,297.6,297.27,196,59000.0,23,,193.0,98.47,new
ITC, EQ,2026-10-05,260.95,269.8,259.0,268.9,268.9,255.9,49020716,12945112000.0,189741,,30475361.0,62.17,new
ITCHOTELS, EQ,2026-10-05,159.8,160.8,158.11,158.96,159.0,158.51,922569,147012000.0,16902,,358532.0,38.86,new
ITDC, EQ,2026-10-05,667.8,682.0,660.0,664.8,667.0,665.6,143155,95949000.0,9168,,27864.0,19.46,new
ITETF, EQ,2026-10-05,30.31,30.5,29.8,29.95,29.98,29.92,979536,29502000.0,960,,222109.0,22.67,new
ITI, EQ,2026-10-05,241.7,245.49,238.55,240.75,241.0,241.54,171192,41472000.0,6807,,60336.0,35.24,new
ITIETF, EQ,2026-10-05,30.29,31.95,30.29,31.39,31.56,31.07,1223772,38667000.0,2452,,421068.0,34.41,new
ITL, EQ,2026-10-05,356.6,356.6,343.05,355.4,356.6,348.0,827,288000.0,60,,759.0,91.78,new
IVALUE, EQ,2026-10-05,221.69,232.0,221.47,228.29,229.0,219.28,215545,49156000.0,3944,,73639.0,34.16,new
IVC, EQ,2026-10-05,8.05,8.18,7.8,7.85,7.89,7.81,238985,1907000.0,1263,,173401.0,72.56,new
IVP, BE,2026-10-05,225.05,231.99,216.32,219.17,222.9,224.81,22928,5166000.0,168,,,,new
IVZBANKNF, EQ,2026-10-05,55.13,55.14,54.23,54.57,54.57,54.5,431,24000.0,9,,429.0,99.54,new
IVZINGOLD, EQ,2026-10-05,128.35,128.35,126.6,128.2,128.3,128.0,77113,9864000.0,578,,55743.0,72.29,new
IVZINNIFTY, EQ,2026-10-05,264.96,264.96,257.89,259.22,259.07,258.5,1625,421000.0,65,,1000.0,61.54,new
IVZSENSEX, EQ,2026-10-05,72.87,72.87,72.0,72.45,72.45,71.97,303,22000.0,11,,175.0,57.76,new
IWARE, ST,2026-10-05,398.95,398.95,372.05,372.3,372.2,388.0,15600,5884000.0,24,,13800.0,88.46,new
IWP, EQ,2026-10-05,36.46,40.83,35.01,38.73,38.8,36.46,94608,3608000.0,837,,62435.0,65.99,new
IXIGO, EQ,2026-10-05,162.0,165.51,159.71,161.0,161.0,161.9,744966,120731000.0,18360,,407246.0,54.67,new
IZMO, EQ,2026-10-05,859.95,894.45,850.1,870.7,870.0,855.95,89447,77926000.0,6287,,36376.0,40.67,new
J&KBANK, EQ,2026-10-05,141.38,143.46,139.83,141.53,140.69,139.98,3523704,497383000.0,43909,,2019722.0,57.32,new
JAGRAN, EQ,2026-10-05,61.55,62.0,61.11,61.33,61.18,61.55,134875,8289000.0,1998,,86287.0,63.98,new
JAGSNPHARM, EQ,2026-10-05,232.49,235.39,227.0,229.47,228.0,231.73,146699,33959000.0,3606,,66585.0,45.39,new
JAIBALAJI, EQ,2026-10-05,63.37,63.37,59.51,61.12,61.5,61.72,375785,22849000.0,2919,,220465.0,58.67,new
JAICORPLTD, EQ,2026-10-05,88.2,90.39,87.51,88.49,88.0,89.54,333789,29570000.0,4813,,138125.0,41.38,new
JAINIK, ST,2026-10-05,186.35,186.35,186.35,186.35,186.35,186.8,1200,224000.00000000003,1,,1200.0,100.0,new
JAINREC, EQ,2026-10-05,285.6,292.75,282.5,290.45,290.0,282.5,699536,201871000.0,20440,,282936.0,40.45,new
JAIPURKURT, EQ,2026-10-05,27.0,27.0,25.59,26.01,26.01,26.49,9493,249000.00000000003,103,,7467.0,78.66,new
JALAN, ST,2026-10-05,1.6,1.6,1.6,1.6,1.6,1.65,24000,38000.0,5,,24000.0,100.0,new
JAMNAAUTO, EQ,2026-10-05,132.51,134.88,131.71,134.45,134.02,131.66,1040621,138709000.0,23905,,431723.0,41.49,new
JARO, EQ,2026-10-05,414.3,414.3,401.15,405.15,403.0,408.4,103783,42165000.0,2640,,21213.0,20.44,new
JASH, EQ,2026-10-05,582.0,605.0,581.0,598.1,596.8,576.3,495530,296113000.0,22352,,222268.0,44.85,new
JAYAGROGN, EQ,2026-10-05,213.6,218.38,210.25,211.82,213.0,211.22,11264,2416000.0,467,,5871.0,52.12,new
JAYBARMARU, EQ,2026-10-05,133.0,133.0,127.1,127.98,128.0,130.8,323573,41872000.0,5507,,154777.0,47.83,new
JAYBEE, SM,2026-10-05,94.25,95.85,93.05,93.7,94.0,92.35,9500,892000.0,18,,7000.0,73.68,new
JAYESH, SM,2026-10-05,118.95,119.0,117.0,118.85,119.0,115.3,51000,6006000.0,18,,21000.0,41.18,new
JAYKAY, EQ,2026-10-05,203.45,230.0,203.45,221.97,224.85,201.46,5652546,1243766000.0,82103,,912932.0,16.15,new
JAYKAYPP, E1,2026-10-05,157.13,187.0,155.5,175.78,176.3,157.14,39253,6752000.0,517,,30088.0,76.65,new
JAYNECOIND, EQ,2026-10-05,91.1,93.39,90.0,91.0,91.06,91.28,2941585,268263000.0,25219,,1172471.0,39.86,new
JAYSREETEA, EQ,2026-10-05,84.95,85.0,81.61,82.7,82.15,83.65,35363,2940000.0,647,,19236.0,54.4,new
JBMA, EQ,2026-10-05,550.0,557.0,540.6,544.55,543.0,544.65,186164,101899000.0,14340,,66549.0,35.75,new
JENBURPH, EQ,2026-10-05,919.9,934.0,897.25,900.4,912.95,915.25,1262,1147000.0,107,,1154.0,91.44,new
JETFREIGHT, EQ,2026-10-05,19.94,20.25,19.07,19.85,19.7,19.59,184688,3629000.0,2176,,64216.0,34.77,new
JEYYAM, SM,2026-10-05,20.1,20.5,19.8,20.45,20.5,20.0,32000,646000.0,16,,18000.0,56.25,new
JFLLIFE, SM,2026-10-05,10.25,10.25,10.25,10.25,10.25,10.0,12000,123000.0,1,,12000.0,100.0,new
JGCHEM, EQ,2026-10-05,610.9,628.75,605.0,609.65,611.0,610.3,297878,183206000.0,11017,,116157.0,38.99,new
JHS, EQ,2026-10-05,11.89,12.15,10.53,10.53,10.53,11.7,1114692,11918000.0,1804,,600607.0,53.88,new
JINDALPHOT, EQ,2026-10-05,1020.4,1059.7,1020.4,1024.7,1022.0,1031.8,875,900000.0,168,,653.0,74.63,new
JINDALPOLY, EQ,2026-10-05,653.7,664.9,636.0,641.6,636.0,653.7,14364,9286000.0,1024,,6622.0,46.1,new
JINDALSAW, EQ,2026-10-05,270.05,277.4,270.05,275.0,274.1,270.3,1309022,359469000.0,32816,,706988.0,54.01,new
JINDALSTEL, EQ,2026-10-05,1101.1,1115.8,1086.7,1097.3,1097.3,1100.5,444005,486453000.0,18210,,178068.0,40.1,new
JINDRILL, EQ,2026-10-05,587.65,593.9,583.15,585.95,586.2,587.65,99604,58580999.99999999,4354,,33982.0,34.12,new
JINDWORLD, EQ,2026-10-05,46.45,47.2,45.1,45.37,45.48,45.82,2517504,115633000.0,7985,,629394.0,25.0,new
JIOFIN, EQ,2026-10-05,213.85,213.99,210.52,212.0,212.0,212.5,16101981,3410907000.0,137102,,8289674.0,51.48,new
JISLDVREQS, EQ,2026-10-05,18.7,19.5,18.53,18.89,19.19,18.71,6745,126000.0,251,,4314.0,63.96,new
JISLJALEQS, EQ,2026-10-05,27.45,27.83,26.7,26.81,26.72,27.3,1197115,32448000.0,3728,,660828.0,55.2,new
JITFINFRA, EQ,2026-10-05,270.6,277.9,260.6,266.5,267.9,275.45,23423,6256000.0,1081,,11004.0,46.98,new
JIWANRAM, SM,2026-10-05,3.95,4.25,3.95,4.05,4.05,4.4,18000,74000.0,3,,6000.0,33.33,new
JKCEMENT, EQ,2026-10-05,4983.0,5014.5,4903.5,4981.5,4970.0,4952.0,9705,47985000.0,3142,,3423.0,35.27,new
JKIL, EQ,2026-10-05,465.9,465.9,450.3,453.7,453.0,461.85,44272,20133000.0,2743,,22375.0,50.54,new
JKIPL, EQ,2026-10-05,96.0,98.5,94.01,95.13,95.0,96.51,3783,359000.0,131,,2972.0,78.56,new
JKLAKSHMI, EQ,2026-10-05,477.0,481.3,465.0,466.8,467.0,476.6,237436,111508999.99999999,17051,,144950.0,61.05,new
JKPAPER, EQ,2026-10-05,382.6,390.55,380.05,385.65,384.75,382.6,164425,63452000.0,8250,,79940.0,48.62,new
JKTYRE, EQ,2026-10-05,341.1,345.75,336.55,338.85,339.5,340.35,571827,195092000.0,17293,,262901.0,45.98,new
JLHL, EQ,2026-10-05,258.55,263.85,248.85,253.9,254.05,259.85,495948,124658000.0,22035,,291790.0,58.83,new
JMA, EQ,2026-10-05,86.26,89.6,86.26,87.07,87.0,87.64,3845,336000.0,97,,2996.0,77.92,new
JMFINANCIL, EQ,2026-10-05,125.0,126.37,122.7,123.1,123.34,123.4,1028560,127491000.00000001,17127,,461556.0,44.87,new
JNKINDIA, EQ,2026-10-05,432.7,446.65,430.45,432.2,434.4,432.7,70571,30899000.0,4306,,30800.0,43.64,new
JNPR, EQ,2026-10-05,270.9,280.9,269.0,271.3,271.75,268.25,1216951,334936000.0,33535,,434156.0,35.68,new
JOCIL, EQ,2026-10-05,149.99,149.99,145.65,147.84,148.39,145.22,2559,382000.0,65,,2059.0,80.46,new
JPOLYINVST, EQ,2026-10-05,900.0,925.0,885.0,891.2,885.1,911.0,5572,5016000.0,825,,3143.0,56.41,new
JPPOWER, EQ,2026-10-05,15.0,15.1,14.86,14.91,14.91,14.8,31282813,467987000.0,1159623,,9619704.0,30.75,new
JSFB, EQ,2026-10-05,487.45,501.85,483.25,498.6,496.2,482.4,673840,334174000.0,34202,,338299.0,50.2,new
JSIPL, BE,2026-10-05,177.26,177.26,177.26,177.26,177.26,168.82,40204,7127000.0,374,,,,new
JSL, EQ,2026-10-05,735.0,747.0,728.9,742.0,742.55,732.7,393852,291386000.0,26767,,211852.0,53.79,new
JSLL, EQ,2026-10-05,483.9,486.25,445.65,449.9,448.2,480.8,1610523,737236000.0,68504,,713805.0,44.32,new
JSWCEMENT, EQ,2026-10-05,112.0,113.31,109.86,111.09,110.67,111.6,1631122,181546000.0,31382,,1271028.0,77.92,new
JSWDULUX, EQ,2026-10-05,3048.4,3058.5,2928.9,2964.8,2979.3,3020.6,48643,144091000.0,11126,,30852.0,63.43,new
JSWENERGY, EQ,2026-10-05,485.85,491.8,483.25,491.8,491.8,485.0,1014257,494739999.99999994,26621,,554514.0,54.67,new
JSWHL, EQ,2026-10-05,11205.0,11417.0,11108.0,11350.0,11380.0,11258.0,1708,19359000.0,831,,1092.0,63.93,new
JSWINFRA, EQ,2026-10-05,357.5,364.0,356.05,359.4,360.0,357.45,2349162,847487999.9999999,54383,,1095657.0,46.64,new
JSWSTEEL, EQ,2026-10-05,1233.0,1252.4,1228.7,1235.3,1235.3,1233.0,1047395,1294393000.0,42443,,600739.0,57.36,new
JTEKTINDIA, EQ,2026-10-05,116.3,117.86,113.07,113.68,113.4,115.84,114675,13160000.0,1962,,63473.0,55.35,new
JTLIND, EQ,2026-10-05,87.0,88.43,84.56,84.98,84.6,86.23,1489386,128377000.0,14087,,419188.0,28.15,new
JUBLCPL, EQ,2026-10-05,2010.0,2072.4,1991.0,2021.8,2000.0,2037.3,8012,16141000.0,929,,5277.0,65.86,new
JUBLFOOD, EQ,2026-10-05,442.8,447.75,438.8,445.7,445.7,443.4,949778,421929000.0,19306,,461623.0,48.6,new
JUBLINGREA, EQ,2026-10-05,638.0,645.85,625.0,632.2,628.55,638.0,218343,138209000.0,12314,,94759.0,43.4,new
JUBLPHARMA, EQ,2026-10-05,999.8,1012.0,972.1,981.6,977.0,999.3,203076,199931000.0,22717,,98542.0,48.52,new
JUNIORBEES, EQ,2026-10-05,753.2,754.2,740.0,748.46,750.0,747.52,672551,503843999.99999994,48786,,339526.0,50.48,new
JUNIPER, EQ,2026-10-05,217.9,218.6,214.21,216.0,217.0,214.99,53063,11448000.0,1205,,33204.0,62.57,new
JUSTDIAL, EQ,2026-10-05,653.15,666.1,648.0,651.35,649.95,653.15,70392,46102000.0,4716,,21758.0,30.91,new
JWL, EQ,2026-10-05,224.2,226.99,218.61,223.44,222.85,223.93,1604474,357448000.0,38089,,278310.0,17.35,new
JYOTHYLAB, EQ,2026-10-05,182.91,183.17,180.0,180.93,180.88,182.91,276917,50171000.0,15987,,147643.0,53.32,new
JYOTICNC, EQ,2026-10-05,1052.7,1060.0,1020.5,1029.6,1034.0,1032.1,397257,413162000.0,25507,,142272.0,35.81,new
JYOTIGLOBL, SM,2026-10-05,47.1,47.15,45.05,46.5,46.5,44.95,26000,1209000.0,12,,20000.0,76.92,new
JYOTIRES, EQ,2026-10-05,844.9,845.0,831.05,832.9,832.25,840.65,5477,4573000.0,731,,2977.0,54.35,new
JYOTISTRUC, EQ,2026-10-05,8.9,9.06,8.65,8.67,8.68,8.9,3922651,34447000.0,4337,,2357874.0,60.11,new
K2INFRA, SM,2026-10-05,41.0,42.1,39.0,39.65,39.3,42.9,49800,2000000.0,78,,43200.0,86.75,new
KABRAEXTRU, BE,2026-10-05,754.5,803.55,747.0,799.4,798.25,765.3,142249,113118000.0,2267,,,,new
KAJARIACER, EQ,2026-10-05,1230.0,1230.0,1202.6,1214.4,1211.5,1225.1,629499,765021000.0,41777,,359019.0,57.03,new
KAKATCEM, EQ,2026-10-05,103.01,105.9,103.01,104.79,104.8,103.09,458,48000.0,35,,352.0,76.86,new
KALAMANDIR, EQ,2026-10-05,74.28,78.25,74.06,74.98,74.9,74.37,666784,50832000.0,7663,,210736.0,31.6,new
KALANA, SM,2026-10-05,18.0,18.0,17.6,17.95,17.95,18.5,8000,142000.0,4,,6000.0,75.0,new
KALPATARU, EQ,2026-10-05,271.0,279.75,270.0,272.3,271.5,273.5,17262,4713000.0,762,,7765.0,44.98,new
KALYANIFRG, BE,2026-10-05,972.0,972.0,912.2,920.05,912.2,944.75,1378,1284000.0,106,,,,new
KALYANKJIL, EQ,2026-10-05,534.9,564.95,529.1,556.85,556.85,528.5,13447714,7456278000.0,141286,,2031513.0,15.11,new
KAMAHOLD, EQ,2026-10-05,2263.0,2273.9,2225.0,2229.3,2233.0,2263.0,1180,2646000.0,356,,586.0,49.66,new
KAMANWALA, EQ,2026-10-05,16.31,17.35,16.31,16.6,16.6,17.14,1172,19000.0,13,,1168.0,99.66,new
KAMATHOTEL, EQ,2026-10-05,238.4,248.86,236.5,245.99,247.5,237.45,121580,29656000.0,3773,,67894.0,55.84,new
KAMDHENU, EQ,2026-10-05,37.5,38.2,36.4,36.73,36.87,37.59,663573,24679000.0,6035,,346059.0,52.15,new
KAMOPAINTS, EQ,2026-10-05,4.1,4.22,4.0,4.11,4.1,4.1,123407,507000.0,551,,82147.0,66.57,new
KANANIIND, EQ,2026-10-05,1.36,1.36,1.26,1.3,1.3,1.34,167592,221000.0,386,,139074.0,82.98,new
KANCHI, EQ,2026-10-05,379.85,385.1,367.7,378.7,379.0,379.8,772,290000.0,96,,567.0,73.45,new
KANCOTEA, EQ,2026-10-05,51.4,52.95,48.6,51.69,52.94,53.0,111,6000.0,9,,81.0,72.97,new
KANDARP, SM,2026-10-05,57.0,62.0,56.7,57.0,57.0,59.65,24000,1376000.0,17,,23000.0,95.83,new
KANOHAR, EQ,2026-10-05,916.0,1047.8,916.0,1020.25,1018.6,906.35,17161082,16862304000.0,516269,,1367135.0,7.97,new
KANORICHEM, BE,2026-10-05,189.0,192.5,179.57,182.71,185.0,189.02,28862,5280000.0,358,,,,new
KANPRPLA, EQ,2026-10-05,246.0,260.0,246.0,252.24,256.0,245.55,26865,6812000.0,747,,12318.0,45.85,new
KANSAINER, EQ,2026-10-05,175.4,177.59,175.17,176.97,177.0,175.27,241586,42693000.0,9597,,172976.0,71.6,new
KAPSTON, EQ,2026-10-05,552.3,555.9,545.3,548.6,549.0,542.35,68742,37753000.0,3186,,38310.0,55.73,new
KARAMTARA, EQ,2026-10-05,410.95,434.0,405.25,416.3,420.2,410.95,2128191,896973000.0,45083,,642354.0,30.18,new
KARMAENG, EQ,2026-10-05,35.8,36.6,34.0,35.9,36.0,36.33,9516,337000.0,117,,7157.0,75.21,new
KARNIKA, SM,2026-10-05,120.95,123.75,116.55,120.3,119.65,123.7,42000,5053000.0,26,,23000.0,54.76,new
KARURVYSYA, EQ,2026-10-05,326.1,330.9,320.55,324.7,325.25,325.3,1950191,633619000.0,58786,,1017697.0,52.18,new
KATARIA, SM,2026-10-05,163.0,167.0,158.0,161.15,161.95,159.1,12600,2041000.0,20,,9600.0,76.19,new
KAUSHALYA, BE,2026-10-05,825.0,834.0,805.0,813.35,834.0,834.0,33,27000.0,11,,,,new
KAVDEFENCE, BE,2026-10-05,77.67,81.48,77.6,81.48,81.48,77.6,143167,11581000.0,900,,,,new
KAYA, BE,2026-10-05,292.05,310.0,292.05,306.7,303.0,298.15,2943,899000.0,87,,,,new
KAYNES, EQ,2026-10-05,3433.0,3474.0,3371.0,3394.8,3394.8,3399.0,706676,2418562000.0,48063,,120775.0,17.09,new
KAYTEX, SM,2026-10-05,57.85,57.85,57.75,57.75,57.75,55.4,1600,92000.0,2,,800.0,50.0,new
KCEIL, SM,2026-10-05,78.1,78.8,76.0,77.7,78.4,79.4,13000,1011999.9999999999,25,,10500.0,80.77,new
KCK, ST,2026-10-05,14.5,14.8,14.3,14.65,14.75,14.1,227500,3322000.0,57,,207500.0,91.21,new
KCP, EQ,2026-10-05,154.99,158.69,153.01,155.61,155.8,154.17,159779,24830000.0,2470,,91136.0,57.04,new
KCPSUGIND, BE,2026-10-05,26.6,27.0,25.38,25.42,25.38,26.71,187313,4866000.0,517,,,,new
KDDL, EQ,2026-10-05,3980.7,4032.6,3877.0,3943.4,3935.0,3911.2,28095,110457000.0,5548,,13793.0,49.09,new
KDGREEN, EQ,2026-10-05,49.7,49.7,46.81,48.29,48.0,46.76,19026,918000.0,1253,,3807.0,20.01,new
KDL, SM,2026-10-05,44.85,44.85,44.85,44.85,44.85,47.2,3450,155000.0,18,,3450.0,100.0,new
KEC, EQ,2026-10-05,374.9,380.7,369.0,370.55,369.0,372.35,489498,182966000.0,19725,,200646.0,40.99,new
KECL, EQ,2026-10-05,119.0,129.89,119.0,125.42,124.99,120.43,432446,54255999.99999999,8111,,113773.0,26.31,new
KEEPLEARN, EQ,2026-10-05,1.87,1.87,1.72,1.79,1.8,1.84,22959,41000.0,91,,14666.0,63.88,new
KEI, EQ,2026-10-05,4539.0,4652.8,4510.0,4638.2,4638.2,4502.0,275897,1275972000.0,24943,,106203.0,38.49,new
KELLTONTEC, EQ,2026-10-05,12.5,12.87,12.12,12.18,12.19,12.42,1591415,19566000.0,4355,,790699.0,49.69,new
KEN, SM,2026-10-05,40.0,42.25,40.0,42.25,42.25,40.0,4800,195000.0,4,,3600.0,75.0,new
KENNAMET, EQ,2026-10-05,4346.7,4355.5,4162.3,4193.7,4180.0,4277.5,15124,64154999.99999999,3926,,6762.0,44.71,new
KERNEX, EQ,2026-10-05,1661.0,1677.9,1620.0,1661.8,1660.0,1643.5,104377,172037000.0,10380,,43838.0,42.0,new
KESORAMIND, EQ,2026-10-05,10.69,10.99,10.2,10.25,10.2,10.73,1053058,10900000.0,1748,,536466.0,50.94,new
KEYFINSERV, EQ,2026-10-05,244.05,244.05,237.01,237.01,237.01,244.05,205,49000.0,4,,205.0,100.0,new
KFINTECH, EQ,2026-10-05,836.15,872.3,835.0,867.5,867.5,832.0,977572,841489000.0,45768,,408013.0,41.74,new
KHADIM, BE,2026-10-05,112.6,115.4,112.0,115.4,115.4,113.4,26480,3038000.0,61,,,,new
KHAICHEM, EQ,2026-10-05,50.0,50.5,47.5,48.03,48.1,49.22,137074,6694000.0,1511,,84639.0,61.75,new
KHAITANLTD, EQ,2026-10-05,146.46,148.97,142.4,144.31,146.0,147.19,970,141000.0,53,,593.0,61.13,new
KHANDSE, EQ,2026-10-05,16.71,17.69,16.35,16.92,17.2,16.76,3208,54000.0,72,,2771.0,86.38,new
KHERIAAUTO, ST,2026-10-05,97.45,98.0,91.7,91.7,91.7,96.5,87600,8113000.0,62,,78000.0,89.04,new
KICL, EQ,2026-10-05,4635.0,4774.0,4635.0,4709.8,4700.5,4693.2,1022,4807000.0,214,,785.0,76.81,new
KILITCH, EQ,2026-10-05,229.0,248.3,220.0,233.74,232.05,218.51,246614,58021000.0,4940,,94111.0,38.16,new
KIMS, EQ,2026-10-05,739.0,747.85,700.05,705.45,708.0,736.25,850822,608424000.0,36235,,479345.0,56.34,new
KINGFA, EQ,2026-10-05,6586.0,6700.0,6528.5,6669.0,6657.0,6586.5,8689,57587000.0,2756,,4851.0,55.83,new
KIOCL, EQ,2026-10-05,324.0,330.6,321.55,322.65,322.0,323.85,35861,11667000.0,2355,,15481.0,43.17,new
KIRANVYPAR, EQ,2026-10-05,180.65,185.0,173.1,179.99,179.99,179.21,2295,413999.99999999994,86,,2016.0,87.84,new
KIRIINDUS, EQ,2026-10-05,546.9,557.95,542.0,542.4,543.45,544.6,364409,199146000.0,8899,,176337.0,48.39,new
KIRLFER, EQ,2026-10-05,465.05,467.25,463.5,465.0,465.0,465.85,67483,31386000.0,1825,,58998.0,87.43,new
KIRLOSBROS, EQ,2026-10-05,1769.8,1790.6,1736.2,1742.4,1745.0,1767.6,29626,51913000.0,5197,,11028.0,37.22,new
KIRLOSENG, EQ,2026-10-05,2265.0,2339.7,2231.6,2243.7,2248.9,2242.7,511911,1165067000.0,58014,,153976.0,30.08,new
KIRLOSIND, EQ,2026-10-05,3470.0,3575.0,3434.0,3467.0,3498.0,3471.4,6729,23594000.0,1545,,3469.0,51.55,new
KIRLPNU, EQ,2026-10-05,685.0,694.0,668.0,677.6,675.1,681.95,63113,42800000.0,8900,,34669.0,54.93,new
KISSHT, EQ,2026-10-05,377.15,388.15,370.05,379.2,380.0,371.15,1755374,664753000.0,39462,,839064.0,47.8,new
KITEX, EQ,2026-10-05,118.65,123.63,117.2,118.02,117.3,116.68,568407,68083000.0,8019,,146136.0,25.71,new
KJMCFIN, EQ,2026-10-05,58.09,61.0,57.51,58.25,58.25,58.38,32,2000.0,10,,22.0,68.75,new
KKCL, EQ,2026-10-05,487.0,487.0,455.6,470.4,472.95,475.65,76937,35569000.0,1642,,58717.0,76.32,new
KKJEWELS, SM,2026-10-05,96.9,96.9,94.0,94.8,94.8,96.9,29000,2793000.0,16,,26000.0,89.66,new
KLBRENG-B, EQ,2026-10-05,530.0,538.65,517.55,524.3,523.0,523.95,101469,53416999.99999999,4932,,54796.0,54.0,new
KLL, ST,2026-10-05,39.25,39.9,38.25,39.25,39.9,38.0,38400,1517000.0,34,,36800.0,95.83,new
KMCSHIL, EQ,2026-10-05,172.58,175.55,166.15,169.38,168.7,171.94,266436,45258000.0,6624,,98248.0,36.87,new
KMEW, EQ,2026-10-05,2950.0,3033.0,2921.7,2992.5,2998.0,2950.1,95247,284046000.0,17643,,44662.0,46.89,new
KMSUGAR, BE,2026-10-05,26.6,28.15,26.36,26.96,27.14,27.74,169637,4567000.0,647,,,,new
KNACK, EQ,2026-10-05,181.05,189.99,175.0,188.91,189.0,180.67,3812054,698757000.0,52595,,1309670.0,34.36,new
KNAGRI, EQ,2026-10-05,204.98,210.0,198.0,198.83,202.0,200.5,3725,754000.0,169,,2176.0,58.42,new
KNRCON, EQ,2026-10-05,116.0,116.16,111.16,111.89,112.04,113.29,801628,90676000.0,12191,,347738.0,43.38,new
KODYTECH, ST,2026-10-05,1540.0,1594.0,1540.0,1576.8,1570.0,1518.9,27600,43617000.0,142,,27300.0,98.91,new
KOHINOOR, EQ,2026-10-05,30.03,30.52,28.4,28.95,28.4,30.03,109794,3254000.0,2051,,44562.0,40.59,new
KOKUYOCMLN, EQ,2026-10-05,76.55,76.55,74.0,75.82,76.0,74.77,25087,1882000.0,656,,16908.0,67.4,new
KOLTEPATIL, EQ,2026-10-05,421.0,432.0,413.45,430.45,432.0,418.8,49735,21312000.0,3200,,23278.0,46.8,new
KONSTELEC, ST,2026-10-05,52.5,52.5,51.0,51.0,51.0,53.65,9000,462000.0,8,,9000.0,100.0,new
KOPRAN, EQ,2026-10-05,285.3,288.0,267.35,268.7,268.3,282.05,401731,110205000.0,7477,,135007.0,33.61,new
KORE, ST,2026-10-05,188.0,191.0,184.5,191.0,191.0,183.8,6750,1274000.0,16,,6750.0,100.0,new
KOTAKBANK, EQ,2026-10-05,418.0,424.45,413.75,416.0,416.0,418.35,21967652,9187765000.0,157580,,14138771.0,64.36,new
KOTARISUG, BE,2026-10-05,25.25,26.2,25.25,25.83,25.99,25.68,15963,412000.0,167,,,,new
KOTHARIPET, EQ,2026-10-05,126.07,129.9,125.0,125.53,125.5,126.58,39985,5052000.0,1318,,20882.0,52.22,new
KOTHARIPRO, EQ,2026-10-05,66.87,66.87,63.01,63.44,63.84,63.77,12826,822000.0000000001,135,,6639.0,51.76,new
KOTIC, EQ,2026-10-05,147.09,151.5,144.0,148.68,147.0,147.1,11425,1694000.0000000002,442,,5413.0,47.38,new
KOTYARK, EQ,2026-10-05,28.75,29.5,27.81,28.26,28.0,28.23,145196,4157000.0,869,,83999.0,57.85,new
KOVAI, EQ,2026-10-05,6010.0,6034.5,5940.0,5963.0,6010.0,5993.5,4350,26023000.0,954,,2430.0,55.86,new
KPEL, EQ,2026-10-05,217.2,222.37,211.12,213.74,213.8,218.0,293880,63367999.99999999,7903,,120214.0,40.91,new
KPIGREEN, EQ,2026-10-05,345.6,348.9,320.0,321.85,322.3,345.6,1547466,510060000.00000006,35689,,554370.0,35.82,new
KPIL, EQ,2026-10-05,1357.0,1396.6,1356.4,1378.8,1375.1,1356.4,130981,180886000.0,22422,,68650.0,52.41,new
KPITTECH, EQ,2026-10-05,499.85,508.95,489.0,489.5,489.5,492.0,1394781,693877000.0,28123,,401910.0,28.82,new
KPL, EQ,2026-10-05,3564.0,3664.0,3529.0,3644.2,3635.0,3564.4,23020,83289000.0,4882,,11157.0,48.47,new
KPRMILL, EQ,2026-10-05,1072.0,1080.4,1052.0,1072.6,1073.9,1071.0,109665,117271000.0,11011,,40300.0,36.75,new
KRBL, EQ,2026-10-05,375.9,384.2,375.0,382.15,381.55,375.9,178218,67812000.0,9868,,75608.0,42.42,new
KREBSBIO, EQ,2026-10-05,66.12,67.0,62.2,63.96,64.0,68.05,100565,6508000.0,1297,,50947.0,50.66,new
KRIDHANINF, EQ,2026-10-05,1.85,1.93,1.83,1.89,1.93,1.85,34177,65000.0,58,,31517.0,92.22,new
KRISHANA, EQ,2026-10-05,186.2,186.53,178.41,185.83,186.2,184.59,1043482,191542000.0,10608,,494762.0,47.41,new
KRISHCA, SM,2026-10-05,209.5,212.65,202.0,203.65,204.85,215.75,21000,4326000.0,38,,14500.0,69.05,new
KRISHIVAL, EQ,2026-10-05,399.0,414.2,399.0,406.5,408.5,394.5,21443,8649000.0,483,,14055.0,65.55,new
KRISHNADEF, EQ,2026-10-05,1020.0,1201.0,1006.8,1201.0,1201.0,1000.9,1437610,1670527000.0,69385,,289749.0,20.15,new
KRITI, EQ,2026-10-05,62.0,62.0,58.12,60.92,60.99,60.77,3625,217000.0,129,,2682.0,73.99,new
KRITIKA, EQ,2026-10-05,4.91,5.04,4.69,4.78,4.81,4.91,171751,836000.0,566,,100410.0,58.46,new
KRITINUT, EQ,2026-10-05,68.74,69.85,66.55,69.26,69.85,66.53,18547,1271000.0,373,,14121.0,76.14,new
KRMAYURVED, SM,2026-10-05,281.95,281.95,266.0,271.9,270.5,284.4,177000,47997000.0,153,,90000.0,50.85,new
KRN, EQ,2026-10-05,1426.0,1441.1,1373.0,1392.7,1393.0,1414.7,222245,313364000.0,18451,,128091.0,57.64,new
KRONOX, BE,2026-10-05,213.0,213.0,195.49,196.81,199.8,205.77,87005,17563000.0,813,,,,new
KROSS, EQ,2026-10-05,260.0,264.15,252.1,253.6,253.5,258.4,413785,106004000.0,9088,,164564.0,39.77,new
KRSNAA, EQ,2026-10-05,555.0,564.1,551.3,559.35,560.35,554.85,50372,28135000.000000004,5216,,31708.0,62.95,new
KRT, RR,2026-10-05,113.0,113.0,112.2,112.57,112.84,112.14,852071,95911000.0,9979,,717118.0,84.16,new
KRYSTAL, EQ,2026-10-05,607.0,683.95,607.0,654.65,651.1,610.2,41594,27083000.0,2229,,16472.0,39.6,new
KSB, EQ,2026-10-05,806.45,822.0,800.0,803.95,807.0,806.45,168361,136355000.0,11072,,59151.0,35.13,new
KSCL, EQ,2026-10-05,722.55,726.0,698.0,701.55,702.9,715.1,106240,75019000.0,5819,,40533.0,38.15,new
KSE, EQ,2026-10-05,177.01,177.01,173.0,174.6,174.0,174.84,12774,2229000.0,222,,10816.0,84.67,new
KSHINTL, EQ,2026-10-05,1031.6,1079.5,1027.3,1036.7,1037.8,1028.2,320170,336737000.0,24540,,129624.0,40.49,new
KSHITIJPOL, BE,2026-10-05,3.75,3.75,3.75,3.75,3.75,3.94,681473,2556000.0,452,,,,new
KSL, EQ,2026-10-05,913.0,932.85,910.05,921.3,922.9,913.0,52793,48689000.0,4200,,24778.0,46.93,new
KSOLVES, EQ,2026-10-05,244.14,251.0,243.0,248.86,247.8,241.14,42315,10452000.0,1702,,18957.0,44.8,new
KSR, BE,2026-10-05,37.38,38.9,37.38,38.35,38.45,37.38,9977,382000.0,39,,,,new
KTKBANK, EQ,2026-10-05,325.0,329.9,322.3,326.75,326.1,321.6,1078432,351500000.0,20439,,595879.0,55.25,new
KUANTUM, EQ,2026-10-05,77.05,78.8,75.01,76.43,75.7,76.71,126357,9723000.0,3367,,52984.0,41.93,new
KUSUMGAR, EQ,2026-10-05,600.6,608.9,593.0,602.0,608.9,592.55,509173,305521000.0,16192,,400689.0,78.69,new
KWIL, EQ,2026-10-05,38.73,39.22,37.71,37.88,37.75,38.36,7027970,268864000.0,26191,,3328664.0,47.36,new
LADDERUP, BE,2026-10-05,51.28,52.69,51.28,52.16,52.16,50.27,387,20000.0,11,,,,new
LAGNAM, EQ,2026-10-05,71.9,72.5,69.81,71.1,71.1,71.9,2247,159000.0,49,,1796.0,79.93,new
LAHOTIOV, EQ,2026-10-05,38.95,40.0,38.9,39.98,40.0,39.26,479,19000.0,10,,372.0,77.66,new
LAKPRE, BZ,2026-10-05,5.25,5.25,5.25,5.25,5.25,5.25,299,2000.0,2,,,,new
LAKSHMIMIL, EQ,2026-10-05,7917.5,7996.5,7505.0,7855.0,7855.0,7819.5,17,134000.0,13,,14.0,82.35,new
LAKSHYA, SM,2026-10-05,101.0,101.0,97.0,97.05,97.0,101.95,20000,1968000.0,20,,16000.0,80.0,new
LAL, EQ,2026-10-05,8.31,8.59,8.31,8.45,8.45,8.45,20120,170000.0,102,,13190.0,65.56,new
LALITHAA, EQ,2026-10-05,390.8,406.0,385.65,392.6,393.25,387.85,3852094,1524214000.0,42701,,1322440.0,34.33,new
LALPATHLAB, EQ,2026-10-05,2005.9,2026.0,1960.0,1971.3,1969.0,2005.1,350211,693617000.0,43051,,233494.0,66.67,new
LAMBODHARA, EQ,2026-10-05,130.0,135.0,125.5,126.51,126.5,128.64,20982,2729000.0,435,,8083.0,38.52,new
LAMOSAIC, ST,2026-10-05,47.1,47.3,45.0,47.3,47.3,47.35,77400,3618000.0,43,,73800.0,95.35,new
LANCER, EQ,2026-10-05,11.34,11.34,11.05,11.15,11.19,11.05,101261,1133000.0,536,,69708.0,68.84,new
LANCORHOL, BE,2026-10-05,31.44,33.0,31.0,31.22,32.4,31.59,51866,1655000.0,214,,,,new
LANDMARK, EQ,2026-10-05,465.0,475.0,456.0,470.7,474.0,463.25,196654,92017000.0,7947,,63173.0,32.12,new
LANDSMILL, EQ,2026-10-05,1.08,1.14,0.98,1.03,1.04,1.05,20241917,21539000.0,4560,,10687004.0,52.8,new
LAOPALA, EQ,2026-10-05,156.5,159.53,154.0,154.47,154.5,156.11,96190,15016000.0,3619,,54694.0,56.86,new
LARGEMID50, EQ,2026-10-05,34.23,34.4,34.15,34.31,34.31,34.05,11746,401000.0,22,,11475.0,97.69,new
LASA, BE,2026-10-05,5.32,5.32,5.32,5.32,5.32,5.6,59554,317000.0,124,,,,new
LASERPOWER, EQ,2026-10-05,267.55,270.0,258.0,267.75,267.15,262.75,523993,138812000.0,9949,,265949.0,50.75,new
LATENTVIEW, EQ,2026-10-05,238.0,245.0,233.49,235.68,235.0,234.48,521787,123275000.0,7337,,328716.0,63.0,new
LATTEYS, EQ,2026-10-05,20.91,21.43,20.36,20.4,20.4,20.91,23814,492000.0,187,,17461.0,73.32,new
LAURUSLABS, EQ,2026-10-05,1994.0,2002.0,1955.1,1971.4,1971.4,1984.0,1374138,2707374000.0,63463,,637810.0,46.42,new
LAXMICOT, EQ,2026-10-05,13.3,13.3,12.71,12.91,13.11,13.3,13776,179000.0,92,,11482.0,83.35,new
LAXMIDENTL, EQ,2026-10-05,195.76,200.0,189.0,190.54,189.0,193.87,40315,7753000.0,1403,,17835.0,44.24,new
LAXMIINDIA, EQ,2026-10-05,118.11,121.19,112.1,112.94,113.04,119.02,134952,15534000.0,2588,,79223.0,58.7,new
LCCINFOTEC, BE,2026-10-05,3.99,4.08,3.71,3.71,3.71,3.9,34658,132000.0,132,,,,new
LCCPROJECT, EQ,2026-10-05,152.0,152.53,145.56,148.44,148.7,151.47,698915,104091000.00000001,8210,,334446.0,47.85,new
LCL, EQ,2026-10-05,555.0,585.0,555.0,578.95,582.3,553.6,422841,243073999.99999997,28163,,219215.0,51.84,new
LEAPIND, EQ,2026-10-05,137.5,144.9,137.5,141.35,142.3,137.03,2945969,419733000.0,38975,,1289718.0,43.78,new
LEENEE, BE,2026-10-05,7.58,7.7,7.22,7.49,7.47,7.59,5617,42000.0,59,,,,new
LEMERITE, EQ,2026-10-05,19.9,20.18,18.73,20.04,19.84,19.28,177611,3526000.0,342,,102966.0,57.97,new
LEMONTREE, EQ,2026-10-05,108.18,108.64,106.8,107.86,107.7,107.67,3295164,354835000.0,32597,,1642223.0,49.84,new
LENSKART, EQ,2026-10-05,691.5,697.95,676.3,692.75,691.9,691.15,2961163,2034448000.0,70424,,1558746.0,52.64,new
LEXUS, EQ,2026-10-05,11.0,11.15,10.15,10.81,10.52,10.56,22196,237000.0,219,,18432.0,83.04,new
LFIC, EQ,2026-10-05,129.01,132.0,127.6,128.62,128.99,133.82,1828,238000.0,111,,758.0,41.47,new
LGBBROSLTD, EQ,2026-10-05,1700.0,1716.8,1650.0,1663.5,1664.0,1711.1,27779,46774000.0,4025,,15887.0,57.19,new
LGEINDIA, EQ,2026-10-05,1715.0,1825.0,1715.0,1770.9,1780.0,1721.8,3145126,5656300000.0,166478,,1291756.0,41.07,new
LGHL, EQ,2026-10-05,220.0,230.0,211.0,213.99,215.25,219.47,49302,10821000.0,817,,23711.0,48.09,new
LIBAS, EQ,2026-10-05,11.06,11.58,11.06,11.21,11.16,11.29,16049,182000.0,126,,11561.0,72.04,new
LIBERTSHOE, EQ,2026-10-05,217.87,219.94,211.01,212.42,212.88,216.78,20788,4451000.0,1061,,12646.0,60.83,new
LICHSGFIN, EQ,2026-10-05,513.5,514.9,501.9,505.0,505.0,509.0,1495045,758460000.0,26024,,643737.0,43.06,new
LICI, EQ,2026-10-05,392.5,394.8,385.5,388.7,388.7,391.85,6242567,2425923000.0,73609,,3561329.0,57.05,new
LICMFGOLD, EQ,2026-10-05,132.65,132.75,131.45,132.35,132.3,132.25,231361,30561000.0,848,,179422.0,77.55,new
LICNETFGSC, EQ,2026-10-05,28.62,29.09,28.62,28.99,29.0,28.93,279273,8081000.0,207,,278079.0,99.57,new
LICNETFN50, EQ,2026-10-05,254.88,255.51,252.63,254.27,254.25,253.45,720,183000.0,65,,692.0,96.11,new
LICNETFSEN, EQ,2026-10-05,827.0,827.0,805.14,822.49,822.49,827.0,42,35000.0,16,,28.0,66.67,new
LICNFNHGP, EQ,2026-10-05,266.55,266.65,256.6,261.09,266.65,265.23,427,111000.00000000001,40,,305.0,71.43,new
LICNMID100, EQ,2026-10-05,59.38,60.09,57.98,59.48,59.0,58.64,6218,368000.0,181,,4500.0,72.37,new
LIKHITHA, EQ,2026-10-05,223.67,232.8,223.0,227.43,224.5,225.62,34535,7811000.0,1190,,18223.0,52.77,new
LINC, EQ,2026-10-05,87.0,88.65,85.55,87.53,88.6,86.54,17881,1554000.0,568,,9770.0,54.64,new
LINCOLN, EQ,2026-10-05,582.35,589.45,565.0,567.2,565.05,582.05,28961,16621000.0,1832,,14171.0,48.93,new
LINDEINDIA, EQ,2026-10-05,6247.0,6322.5,5991.0,6041.0,6059.0,6247.5,43746,265937000.0,9596,,22235.0,50.83,new
LIQGRWBEES, EQ,2026-10-05,1058.04,1058.18,1058.04,1058.17,1058.16,1058.04,198604,210156000.0,515,,100181.0,50.44,new
LIQUID, EQ,2026-10-05,1000.01,1004.99,999.99,999.99,1000.0,999.99,91304,91304000.0,177,,54494.0,59.68,new
LIQUID1, EQ,2026-10-05,1134.7,1134.7,1122.15,1125.52,1125.54,1125.4,1786966,2011284999.9999998,1262,,1008885.0,56.46,new
LIQUIDADD, EQ,2026-10-05,1147.71,1147.73,1147.71,1147.71,1147.71,1147.56,531162,609624000.0,347,,335962.0,63.25,new
LIQUIDBEES, EQ,2026-10-05,1000.0,1000.01,999.99,999.99,999.99,999.99,3997499,3997483000.0,5361,,3452887.0,86.38,new
LIQUIDBETF, EQ,2026-10-05,1098.15,1101.89,1097.89,1101.63,1101.62,1101.46,309760,341224000.0,133,,231280.0,74.66,new
LIQUIDCASE, EQ,2026-10-05,116.24,116.24,116.22,116.22,116.23,116.2,35961368,4179840000.0,33350,,25576682.0,71.12,new
LIQUIDETF, EQ,2026-10-05,1000.0,1000.01,999.99,1000.0,1000.0,1000.0,319149,319149000.0,482,,234377.0,73.44,new
LIQUIDIETF, EQ,2026-10-05,997.5,1000.01,997.5,999.99,1000.0,999.99,138417,138416000.0,221,,79216.0,57.23,new
LIQUIDPLUS, EQ,2026-10-05,1106.9,1109.8,1104.86,1106.1,1106.12,1105.97,428967,474485000.00000006,321,,195809.0,45.65,new
LIQUIDSBI, EQ,2026-10-05,999.99,1000.01,999.99,1000.01,1000.01,1000.0,9649,9649000.0,48,,5347.0,55.42,new
LIQUIDSHRI, EQ,2026-10-05,1124.28,1124.28,1124.26,1124.28,1124.28,1124.12,3644,4097000.0,31,,1540.0,42.26,new
LKPSEC, EQ,2026-10-05,14.6,14.7,14.0,14.26,14.16,14.56,7059,100000.0,140,,5193.0,73.57,new
LLOYDS, SM,2026-10-05,56.6,62.0,56.5,62.0,62.0,59.45,11000,669000.0,8,,8000.0,72.73,new
LLOYDSENGG, EQ,2026-10-05,99.35,103.4,98.75,102.2,102.55,98.31,20393622,2074304000.0,88806,,7213904.0,35.37,new
LLOYDSENT, EQ,2026-10-05,77.17,80.8,77.17,79.63,79.6,77.95,3820423,304628000.0,21141,,1639121.0,42.9,new
LLOYDSME, EQ,2026-10-05,1780.1,1818.0,1780.1,1802.5,1798.0,1776.8,781537,1410244000.0,25489,,370278.0,47.38,new
LMW, EQ,2026-10-05,16465.0,16625.0,16301.0,16530.0,16500.0,16548.0,2863,47225000.0,1328,,1409.0,49.21,new
LODHA, EQ,2026-10-05,1102.6,1140.2,1101.8,1132.5,1132.5,1105.6,1495653,1687034999.9999998,41270,,920659.0,61.56,new
LOKESHMACH, EQ,2026-10-05,407.0,451.0,393.6,446.25,440.0,400.8,1537872,664728000.0,44932,,368964.0,23.99,new
LORDSCHLO, EQ,2026-10-05,138.9,141.9,136.0,137.66,137.99,138.81,11752,1636000.0,443,,7021.0,59.74,new
LOTUSCHO, EQ,2026-10-05,565.85,565.85,526.1,536.8,530.0,540.35,1183,639000.0,278,,664.0,56.13,new
LOTUSDEV, BE,2026-10-05,234.0,240.4,227.9,237.89,236.48,230.07,3260516,759949000.0,5972,,,,new
LOTUSEYE, EQ,2026-10-05,116.0,117.9,114.6,115.61,115.77,115.68,3544,408000.0,110,,2586.0,72.97,new
LOVABLE, EQ,2026-10-05,70.0,70.4,68.41,68.8,68.99,68.29,6735,466000.0,136,,5867.0,87.11,new
LOWVOL, EQ,2026-10-05,195.5,195.5,191.36,192.2,192.21,191.67,1347,259000.0,26,,822.0,61.02,new
LOWVOL1, EQ,2026-10-05,19.21,19.82,19.21,19.58,19.54,19.71,2819220,55371000.0,12407,,2577696.0,91.43,new
LOWVOLIETF, EQ,2026-10-05,20.81,20.81,20.47,20.56,20.47,20.58,2604899,53546000.0,14704,,2012868.0,77.27,new
LOYALTEX, EQ,2026-10-05,207.5,207.5,206.5,206.5,206.5,207.5,116,24000.0,8,,116.0,100.0,new
LPDC, EQ,2026-10-05,6.41,6.41,6.2,6.3,6.22,6.21,13911,87000.0,173,,10713.0,77.01,new
LRRPL, SM,2026-10-05,106.0,106.0,106.0,106.0,106.0,109.95,1500,159000.0,1,,1500.0,100.0,new
LT, EQ,2026-10-05,3717.0,3750.0,3707.8,3750.0,3750.0,3693.4,2323437,8660500000.0,107385,,1647674.0,70.92,new
LTF, EQ,2026-10-05,267.55,267.7,263.0,263.75,263.75,264.35,4100927,1084838000.0,44221,,1699919.0,41.45,new
LTFOODS, EQ,2026-10-05,399.0,408.5,397.1,405.8,405.0,399.15,370391,149234000.0,22195,,189550.0,51.18,new
LTGILTBEES, EQ,2026-10-05,29.48,29.54,29.46,29.49,29.5,29.49,2067997,60966999.99999999,1000,,1988926.0,96.18,new
LTGILTCASE, EQ,2026-10-05,30.67,30.67,29.47,30.09,30.08,30.07,283705,8532000.0,904,,228364.0,80.49,new
LTM, EQ,2026-10-05,4031.0,4073.0,3946.2,4010.0,4010.0,4007.0,216279,866370999.9999999,20151,,53478.0,24.73,new
LTTS, EQ,2026-10-05,3305.1,3305.8,3201.0,3219.5,3215.0,3267.8,62578,202787000.0,16302,,19439.0,31.06,new
LUMAXIND, EQ,2026-10-05,5504.5,5595.5,5430.0,5439.0,5460.0,5550.0,7726,42439000.0,3326,,3598.0,46.57,new
LUMAXTECH, EQ,2026-10-05,1955.0,2001.1,1948.0,1967.6,1969.0,1978.9,60434,119224000.0,10645,,22099.0,36.57,new
LUMINO, EQ,2026-10-05,98.4,100.68,97.54,98.88,99.48,96.48,5684052,563961000.0,32053,,1565634.0,27.54,new
LUPIN, EQ,2026-10-05,2015.4,2029.0,1996.3,2011.0,2011.0,2031.2,571495,1148194000.0,30478,,322745.0,56.47,new
LUXIND, EQ,2026-10-05,1092.0,1220.0,1092.0,1183.9,1158.0,1092.0,58898,68551000.0,4562,,18254.0,30.99,new
LXCHEM, EQ,2026-10-05,182.0,183.94,176.8,177.08,177.02,181.39,843634,151547000.0,15847,,335201.0,39.73,new
LYKALABS, BE,2026-10-05,81.6,82.98,77.48,77.48,77.48,81.55,36896,2887000.0,162,,,,new
M&M, EQ,2026-10-05,2857.5,2874.0,2825.1,2857.6,2857.6,2860.0,3307236,9428272000.0,151408,,2062573.0,62.37,new
M&MFIN, EQ,2026-10-05,324.7,340.3,321.0,326.2,324.9,319.75,3956735,1309069000.0,88162,,1378389.0,34.84,new
MAANALU, EQ,2026-10-05,103.4,106.5,101.1,104.98,105.0,99.34,139433,14625000.0,1948,,99535.0,71.39,new
MACOBSTECH, SM,2026-10-05,195.0,202.0,195.0,202.0,202.0,199.5,38400,7629000.000000001,10,,34400.0,89.58,new
MACPOWER, EQ,2026-10-05,2180.0,2251.0,2121.0,2160.5,2169.9,2144.8,64476,141018000.0,8089,,23236.0,36.04,new
MADHAV, EQ,2026-10-05,34.49,35.19,33.7,34.08,34.47,34.49,5497,187000.0,95,,3920.0,71.31,new
MADHAVBAUG, ST,2026-10-05,179.7,179.7,173.4,173.4,173.4,177.55,1600,284000.0,4,,1200.0,75.0,new
MADHAVIPL, EQ,2026-10-05,7.32,7.39,7.13,7.26,7.29,7.31,54097,394000.0,356,,38646.0,71.44,new
MADHUCON, EQ,2026-10-05,3.99,4.1,3.84,3.88,3.85,3.99,32001,124000.0,1153,,30794.0,96.23,new
MADHURKNIT, SM,2026-10-05,58.45,59.6,55.0,55.8,55.05,56.85,37200,2116000.0,29,,31200.0,83.87,new
MADHUSUDAN, ST,2026-10-05,235.0,235.0,234.0,235.0,235.0,234.65,7000,1644000.0000000002,7,,7000.0,100.0,new
MADRASFERT, EQ,2026-10-05,57.26,58.49,57.26,57.61,57.99,57.46,26788,1544000.0,601,,15452.0,57.68,new
MAFANG, EQ,2026-10-05,254.41,261.0,248.21,259.42,260.4,248.21,1391400,357049000.0,31123,,751707.0,54.03,new
MAFATIND, EQ,2026-10-05,115.0,116.73,106.41,109.26,108.8,114.38,85412,9466000.0,1833,,60636.0,70.99,new
MAGADSUGAR, EQ,2026-10-05,513.0,558.95,513.0,539.4,541.9,511.75,93292,50563000.0,6654,,18304.0,19.62,new
MAGNUM, EQ,2026-10-05,18.36,18.99,17.92,18.26,18.22,18.62,36427,671000.0,231,,13152.0,36.11,new
MAGSON, SM,2026-10-05,180.2,185.5,180.2,185.5,185.5,179.35,6000,1107000.0,3,,6000.0,100.0,new
MAHABANK, EQ,2026-10-05,81.01,82.4,79.85,80.9,80.9,80.5,13114830,1063529000.0000001,44761,,5729640.0,43.69,new
MAHAPEXLTD, EQ,2026-10-05,53.3,53.3,50.12,50.46,50.38,50.18,2377,122000.0,95,,1667.0,70.13,new
MAHASTEEL, BE,2026-10-05,1179.9,1195.0,1139.0,1167.1,1139.2,1182.5,877,1014000.0,95,,,,new
MAHEPC, EQ,2026-10-05,96.3,98.0,96.3,96.75,96.8,96.3,5017,486000.00000000006,249,,3301.0,65.8,new
MAHESHWARI, EQ,2026-10-05,70.0,73.0,70.0,72.48,73.0,69.95,11965,863000.0000000001,81,,11391.0,95.2,new
MAHICKRA, SM,2026-10-05,280.0,280.0,280.0,280.0,280.0,289.0,2250,630000.0,3,,2250.0,100.0,new
MAHKTECH, EQ,2026-10-05,22.11,22.15,21.5,21.99,22.0,21.58,703152,15394000.0,7530,,526882.0,74.93,new
MAHLIFE, EQ,2026-10-05,351.5,358.5,346.75,351.1,351.6,351.15,150642,52869000.00000001,3433,,112178.0,74.47,new
MAHLOG, EQ,2026-10-05,416.75,419.4,405.25,406.75,405.25,416.4,140897,57847000.0,9123,,62755.0,44.54,new
MAHSCOOTER, EQ,2026-10-05,12441.0,12622.0,12353.0,12507.0,12402.0,12380.0,5117,64033000.00000001,2605,,2473.0,48.33,new
MAHSEAMLES, EQ,2026-10-05,700.0,705.95,680.55,685.05,687.5,698.75,197651,135846000.0,11981,,94606.0,47.87,new
MAITHANALL, EQ,2026-10-05,927.0,930.0,904.5,905.6,904.5,927.0,35121,31955000.0,2965,,19702.0,56.1,new
MAJESAUT, BE,2026-10-05,375.0,375.0,360.05,365.8,369.9,366.2,867,320000.0,66,,,,new
MAKEINDIA, EQ,2026-10-05,156.23,156.23,153.9,154.82,154.49,154.68,122521,18964000.0,833,,108402.0,88.48,new
MAKERSL, EQ,2026-10-05,180.5,187.49,175.0,177.4,179.95,183.5,822,149000.0,46,,627.0,76.28,new
MAKS, SM,2026-10-05,14.95,14.95,14.95,14.95,14.95,14.25,1500,22000.0,1,,1500.0,100.0,new
MAL, ST,2026-10-05,39.05,39.5,38.95,39.05,39.05,41.0,19200,751000.0,12,,19200.0,100.0,new
MALLCOM, EQ,2026-10-05,920.1,939.85,910.1,911.65,910.25,935.2,6306,5780000.0,391,,4228.0,67.05,new
MALUPAPER, EQ,2026-10-05,31.01,32.85,30.7,31.19,31.05,31.04,16905,531000.0,118,,13685.0,80.95,new
MAMATA, EQ,2026-10-05,403.0,405.9,392.8,402.95,403.9,399.9,57051,22837000.0,3139,,29963.0,52.52,new
MANAKALUCO, EQ,2026-10-05,34.95,34.95,33.5,33.66,33.65,33.76,33520,1139000.0,382,,24276.0,72.42,new
MANAKCOAT, EQ,2026-10-05,129.7,129.98,125.1,126.17,126.0,126.59,157959,20174000.0,2467,,81324.0,51.48,new
MANAKSIA, EQ,2026-10-05,60.0,60.68,57.4,57.99,57.48,59.56,44933,2651000.0,1380,,27773.0,61.81,new
MANAKSTEEL, BE,2026-10-05,108.89,108.89,103.45,103.7,104.0,108.89,19076,2007999.9999999998,172,,,,new
MANALIPETC, EQ,2026-10-05,80.53,91.9,80.1,87.19,88.21,78.15,30033782,2632319000.0,149135,,2751887.0,9.16,new
MANAPPURAM, EQ,2026-10-05,311.0,314.45,308.55,310.7,310.7,308.9,3951162,1228883000.0,28549,,2017810.0,51.07,new
MANAV, SM,2026-10-05,38.75,38.75,38.75,38.75,38.75,40.75,4000,155000.0,1,,4000.0,100.0,new
MANBA, EQ,2026-10-05,142.49,143.5,138.24,138.6,138.5,139.01,86785,12068000.0,677,,49904.0,57.5,new
MANCREDIT, EQ,2026-10-05,217.25,223.5,215.85,221.1,221.9,218.97,128353,28302999.999999996,1133,,14298.0,11.14,new
MANGALAM, EQ,2026-10-05,29.8,30.12,28.0,29.19,29.49,29.15,52253,1524000.0,413,,38964.0,74.57,new
MANGLMCEM, EQ,2026-10-05,984.0,1007.4,974.2,990.8,990.0,984.65,85465,84240000.0,4508,,59820.0,69.99,new
MANIKA, BE,2026-10-05,41.98,43.5,41.0,43.11,43.01,41.98,672015,28731000.0,1800,,,,new
MANILAM, SM,2026-10-05,36.2,37.8,36.0,36.0,36.0,38.0,18000,659000.0,9,,14000.0,77.78,new
MANINDS, EQ,2026-10-05,931.0,940.0,883.1,888.25,893.0,921.55,452708,409749000.0,21882,,171566.0,37.9,new
MANINFRA, EQ,2026-10-05,124.9,126.36,122.07,123.78,123.28,124.3,1016360,126221000.0,7625,,318932.0,31.38,new
MANIPALHOS, EQ,2026-10-05,696.0,701.3,662.35,667.0,666.95,696.0,780056,529241000.0,36421,,425381.0,54.53,new
MANKIND, EQ,2026-10-05,2533.1,2539.3,2464.7,2479.0,2479.0,2535.0,527032,1318335000.0,40275,,307700.0,58.38,new
MANOMAY, EQ,2026-10-05,240.0,245.0,233.0,237.09,235.0,240.08,248015,58911000.0,9502,,37066.0,14.95,new
MANORAMA, EQ,2026-10-05,1880.3,1959.0,1879.9,1944.9,1946.0,1880.3,299321,577952000.0,32915,,115799.0,38.69,new
MANORG, EQ,2026-10-05,449.7,449.95,424.0,432.3,435.35,436.8,2059,901000.0,299,,1207.0,58.62,new
MANUFGBEES, EQ,2026-10-05,154.01,154.01,152.22,153.14,153.6,153.68,6521,997000.0000000001,414,,5570.0,85.42,new
MANUGRAPH, BE,2026-10-05,16.69,16.69,15.64,16.3,16.38,16.46,61654,993000.0,131,,,,new
MANYAVAR, EQ,2026-10-05,522.6,527.9,507.65,521.3,520.75,519.2,917319,473507000.0,13940,,772977.0,84.26,new
MAPMYINDIA, EQ,2026-10-05,854.45,880.0,853.05,873.4,873.1,845.75,124043,107466000.00000001,10872,,42962.0,34.63,new
MARALOVER, EQ,2026-10-05,58.01,61.0,57.1,57.59,57.5,57.7,5615,327000.0,151,,4131.0,73.57,new
MARATHON, EQ,2026-10-05,396.5,396.5,377.1,380.3,377.1,388.1,43023,16434000.0,2035,,24363.0,56.63,new
MARC, ST,2026-10-05,138.25,144.0,137.75,141.4,138.25,144.95,14400,2023000.0,12,,10800.0,75.0,new
MARCO, SM,2026-10-05,30.95,30.95,29.0,29.0,29.0,29.95,7500,225999.99999999997,4,,7500.0,100.0,new
MARICO, EQ,2026-10-05,783.7,814.0,780.0,790.0,790.0,781.35,3353838,2656652000.0,96148,,1877095.0,55.97,new
MARINE, EQ,2026-10-05,441.0,474.9,441.0,469.15,468.0,436.55,5426250,2518641000.0,119828,,1358253.0,25.03,new
MARKOLINES, EQ,2026-10-05,169.76,173.0,167.45,169.29,169.0,167.26,308259,52542999.99999999,1947,,29920.0,9.71,new
MARKSANS, EQ,2026-10-05,327.2,333.0,324.6,331.65,330.0,325.6,1566583,516752000.00000006,36150,,784986.0,50.11,new
MARSONS, EQ,2026-10-05,114.8,117.8,113.4,114.3,113.5,114.26,1836935,210209000.0,8552,,1199353.0,65.29,new
MARUSHIKA, SM,2026-10-05,111.05,117.0,111.05,116.0,116.0,117.0,9600,1111000.0,5,,8400.0,87.5,new
MARUTI, EQ,2026-10-05,11386.0,11544.0,11305.0,11532.0,11532.0,11386.0,757171,8663848000.0,72846,,489432.0,64.64,new
MASFIN, EQ,2026-10-05,272.4,276.95,266.55,267.75,267.95,272.85,115766,31219000.0,5853,,67318.0,58.15,new
MASKINVEST, EQ,2026-10-05,149.9,149.9,142.37,142.37,142.37,143.41,83,12000.0,12,,79.0,95.18,new
MASON, SM,2026-10-05,100.0,105.9,100.0,103.55,103.6,105.0,9000,931000.0,13,,6500.0,72.22,new
MASPTOP50, EQ,2026-10-05,104.07,110.0,101.8,107.09,106.35,101.54,1456667,155010000.0,18827,,714172.0,49.03,new
MASTEK, EQ,2026-10-05,1591.4,1633.9,1590.0,1608.2,1604.0,1555.6,118393,190952000.0,14182,,44391.0,37.49,new
MASTER, SM,2026-10-05,409.0,416.0,401.0,408.5,416.0,404.0,2500,1026000.0,5,,2000.0,80.0,new
MASTERTR, EQ,2026-10-05,81.66,83.22,80.68,81.13,81.5,81.66,200223,16358000.000000002,1581,,46233.0,23.09,new
MATRIMONY, EQ,2026-10-05,506.95,518.0,485.6,514.05,512.25,497.0,11558,5763000.0,932,,8039.0,69.55,new
MAWANASUG, EQ,2026-10-05,139.48,151.0,139.48,145.96,145.68,138.84,597094,87672000.0,9034,,162944.0,27.29,new
MAXESTATES, EQ,2026-10-05,573.8,576.15,557.85,563.4,565.0,566.25,70328,39824000.0,5439,,35658.0,50.7,new
MAXHEALTH, EQ,2026-10-05,937.4,939.8,912.0,917.0,917.0,940.95,3127962,2885284000.0,123436,,1713300.0,54.77,new
MAXIND, EQ,2026-10-05,161.97,161.97,149.01,150.13,151.2,162.78,68553,10551000.0,2576,,31917.0,46.56,new
MAXPOSURE, SM,2026-10-05,36.0,36.05,36.0,36.0,36.0,36.0,4000,144000.0,3,,4000.0,100.0,new
MAXVOLT, SM,2026-10-05,428.1,436.95,410.5,419.95,420.0,425.05,61600,25899000.0,137,,40000.0,64.94,new
MAYASHEEL, SM,2026-10-05,34.8,35.0,32.8,32.9,32.8,36.55,24000,819999.9999999999,7,,18000.0,75.0,new
MAYURUNIQ, EQ,2026-10-05,715.4,718.45,694.3,706.55,711.9,711.55,98146,69256000.0,12991,,55290.0,56.33,new
MAZDA, BE,2026-10-05,284.0,294.45,281.0,282.9,281.0,288.15,18727,5332000.0,245,,,,new
MAZDOCK, EQ,2026-10-05,2075.0,2093.9,2055.4,2074.0,2074.0,2064.0,364228,756081000.0,25165,,113430.0,31.14,new
MBAPL, EQ,2026-10-05,168.31,168.31,160.5,163.66,162.79,165.83,719951,117239000.00000001,8420,,363429.0,50.48,new
MBECL, BE,2026-10-05,503.85,503.85,503.85,503.85,503.85,494.0,2932,1477000.0,88,,,,new
MBEL, EQ,2026-10-05,256.08,257.15,246.0,247.63,247.0,251.75,91048,22706000.0,4499,,53098.0,58.32,new
MBLINFRA, EQ,2026-10-05,23.5,24.2,22.5,23.9,24.2,23.11,28371,666000.0,256,,19514.0,68.78,new
MCCHRLS-B, EQ,2026-10-05,695.0,695.0,645.0,683.15,670.0,690.0,713,475000.0,50,,570.0,79.94,new
MCL, EQ,2026-10-05,55.73,55.98,51.15,52.08,52.21,54.64,105418,5586000.0,2140,,66959.0,63.52,new
MCLEODRUSS, EQ,2026-10-05,42.0,42.99,41.2,41.58,41.45,42.51,120678,5089000.0,875,,67668.0,56.07,new
MCLOUD, EQ,2026-10-05,24.74,24.77,24.08,24.54,24.7,24.25,1090964,26712000.0,3959,,415130.0,38.05,new
MCX, EQ,2026-10-05,3220.0,3258.7,3150.0,3181.7,3181.7,3204.0,1386833,4444500000.0,91901,,622395.0,44.88,new
MEDANTA, EQ,2026-10-05,1362.0,1369.1,1321.4,1332.6,1340.0,1357.3,224984,300089000.0,35643,,128922.0,57.3,new
MEDIASSIST, EQ,2026-10-05,301.0,301.9,293.4,297.2,294.15,298.5,183948,54705999.99999999,8829,,105971.0,57.61,new
MEDICAMEQ, BE,2026-10-05,318.7,319.9,307.5,308.0,307.5,318.6,17453,5425000.0,259,,,,new
MEDICAPQ, BE,2026-10-05,25.98,25.98,24.75,24.75,24.75,26.05,2646,66000.0,22,,,,new
MEDICO, EQ,2026-10-05,22.4,22.59,21.5,21.68,21.62,21.86,196397,4279000.0,1235,,134720.0,68.6,new
MEDPLUS, EQ,2026-10-05,651.3,655.55,640.1,644.4,641.7,654.3,163503,106236999.99999999,27753,,101816.0,62.27,new
MEESHO, EQ,2026-10-05,220.66,227.89,219.6,226.5,225.85,218.69,9583072,2143222000.0,84117,,4316692.0,45.04,new
MEGAFLEX, SM,2026-10-05,114.55,114.55,114.55,114.55,114.55,109.1,1000,114999.99999999999,1,,1000.0,100.0,new
MEGASTAR, EQ,2026-10-05,263.0,280.0,250.8,267.87,272.0,267.18,8718,2366000.0,319,,6292.0,72.17,new
MEGATHERM, SM,2026-10-05,250.0,254.4,239.0,248.5,239.0,243.6,22400,5563000.0,40,,19600.0,87.5,new
MEIL, EQ,2026-10-05,264.0,264.85,255.0,256.65,257.0,262.1,27694,7170000.0,1301,,15917.0,57.47,new
MENNPIS, BE,2026-10-05,71.2,71.2,70.03,70.55,70.5,71.21,6676,473000.00000000006,110,,,,new
MENONBE, EQ,2026-10-05,287.1,292.6,268.15,286.0,288.95,288.4,224623,62829999.99999999,4714,,97895.0,43.58,new
MEP, BZ,2026-10-05,0.68,0.68,0.66,0.66,0.66,0.67,82693,55000.00000000001,57,,,,new
MERCANTILE, EQ,2026-10-05,22.99,23.98,22.01,22.45,22.98,22.98,9195,209000.0,46,,6244.0,67.91,new
MERCURYEV, EQ,2026-10-05,37.22,37.96,36.15,36.81,37.22,37.06,149126,5563000.0,1471,,80963.0,54.29,new
METAL, EQ,2026-10-05,12.6,12.9,12.42,12.61,12.62,12.59,2041231,25772000.000000004,7343,,1429714.0,70.04,new
METALIC, ST,2026-10-05,173.0,186.45,171.0,181.95,182.0,177.6,107200,19558000.0,62,,92800.0,86.57,new
METALIETF, EQ,2026-10-05,12.56,12.74,12.46,12.55,12.54,12.61,9423686,118397000.0,18473,,4695180.0,49.82,new
METROBRAND, EQ,2026-10-05,847.0,847.0,807.15,812.5,814.0,833.5,30069,24628000.0,5055,,16805.0,55.89,new
METROGLOBL, EQ,2026-10-05,134.8,134.8,130.01,132.97,133.0,131.52,821,108000.0,36,,641.0,78.08,new
METROPOLIS, EQ,2026-10-05,534.85,559.5,532.0,553.6,559.0,537.9,264357,144709000.0,19940,,167596.0,63.4,new
MFML, EQ,2026-10-05,18.8,19.24,18.0,18.16,18.3,18.72,1351,25000.0,41,,1155.0,85.49,new
MFSL, EQ,2026-10-05,1385.3,1385.3,1341.0,1348.0,1348.0,1392.0,2005008,2714463000.0,58443,,1286675.0,64.17,new
MGEL, EQ,2026-10-05,15.68,15.99,15.43,15.79,15.99,15.34,178288,2805000.0,763,,111804.0,62.71,new
MGL, EQ,2026-10-05,1043.2,1053.8,1036.0,1043.7,1042.0,1045.4,66059,68936000.0,14519,,35100.0,53.13,new
MGSL, SM,2026-10-05,58.6,59.95,52.5,59.45,59.45,57.45,48000,2714000.0,38,,27600.0,57.5,new
MHLXMIRU, BE,2026-10-05,176.0,176.0,166.3,171.0,171.0,175.0,9298,1586000.0,63,,,,new
MHRIL, EQ,2026-10-05,196.3,198.0,192.56,194.81,195.99,194.85,46600,9067000.0,2249,,20502.0,44.0,new
MICEL, BE,2026-10-05,35.81,35.81,35.28,35.28,35.28,36.0,58661,2075000.0,496,,,,new
MICROPRO, SM,2026-10-05,16.75,16.75,16.75,16.75,16.75,16.75,1600,27000.0,1,,1600.0,100.0,new
MID150, EQ,2026-10-05,22.97,22.97,22.05,22.12,22.18,22.05,40321,894000.0,361,,27276.0,67.65,new
MID150BEES, EQ,2026-10-05,231.26,231.26,224.15,224.92,225.3,224.52,1329564,299631000.0,22834,,907786.0,68.28,new
MID150CASE, EQ,2026-10-05,10.96,11.12,10.8,10.95,10.95,10.9,1647586,18065000.0,7459,,1029263.0,62.47,new
MIDBANKADD, EQ,2026-10-05,16.5,16.67,16.5,16.61,16.67,16.39,9336,155000.0,25,,8387.0,89.84,new
MIDCAP, EQ,2026-10-05,17.24,17.85,17.2,17.31,17.35,17.23,564365,9772000.0,1596,,284117.0,50.34,new
MIDCAPADD, EQ,2026-10-05,22.37,22.37,21.6,21.82,21.81,22.07,11438,250000.0,296,,9803.0,85.71,new
MIDCAPBETA, EQ,2026-10-05,216.45,224.0,216.45,219.14,218.11,222.0,14121,3096000.0,133,,7000.0,49.57,new
MIDCAPETF, EQ,2026-10-05,22.69,22.69,21.7,22.23,22.25,22.14,2714476,60365000.0,8510,,1935674.0,71.31,new
MIDCAPIETF, EQ,2026-10-05,23.0,23.0,22.4,22.49,22.4,22.44,5394306,121578000.0,4169,,4937626.0,91.53,new
MIDHANI, EQ,2026-10-05,433.6,444.9,425.2,440.1,438.5,433.6,947160,414012000.0,29915,,386086.0,40.76,new
MIDQ50ADD, EQ,2026-10-05,23.94,23.94,23.0,23.54,23.51,23.47,39174,921000.0000000001,347,,20354.0,51.96,new
MIDSELIETF, EQ,2026-10-05,18.47,18.6,18.41,18.49,18.5,18.47,301104,5566000.0,1128,,215374.0,71.53,new
MIDSMALL, EQ,2026-10-05,49.58,49.9,49.28,49.59,49.63,49.41,519210,25726000.0,1163,,321106.0,61.85,new
MIDWESTLTD, EQ,2026-10-05,938.85,942.65,908.7,914.75,924.5,904.15,102439,93932000.0,5387,,70323.0,68.65,new
MIIL, EQ,2026-10-05,690.0,705.0,665.1,670.4,678.0,677.05,67578,45575000.0,1139,,44253.0,65.48,new
MILKYMIST, BE,2026-10-05,308.45,315.0,295.0,304.0,305.0,308.45,732239,221464000.0,10639,,,,new
MILTON, SM,2026-10-05,35.5,35.5,35.5,35.5,35.5,35.5,2200,78000.0,1,,2200.0,100.0,new
MINALIND, BE,2026-10-05,4.25,4.25,4.25,4.25,4.25,4.33,1822,8000.0,18,,,,new
MINDACORP, EQ,2026-10-05,666.0,669.85,637.05,647.85,648.6,667.35,380699,246951000.00000003,42241,,193853.0,50.92,new
MINDSPACE, RR,2026-10-05,502.92,502.92,497.0,497.72,498.0,498.46,161071,80362000.0,20346,,137118.0,85.13,new
MINDTECK, EQ,2026-10-05,154.8,158.5,150.01,151.31,150.3,150.93,22115,3386999.9999999995,783,,11607.0,52.48,new
MIRZAINT, EQ,2026-10-05,28.0,28.42,27.63,27.83,27.99,27.65,48425,1347000.0,530,,26905.0,55.56,new
MITCON, EQ,2026-10-05,80.0,83.7,79.5,81.14,80.55,80.34,4453,359000.0,86,,2890.0,64.9,new
MITTAL, EQ,2026-10-05,0.7,0.71,0.7,0.7,0.71,0.7,705178,497000.0,293,,365647.0,51.85,new
MKEXIM, EQ,2026-10-05,69.5,69.5,63.98,66.32,66.49,66.51,5982,390000.0,140,,5170.0,86.43,new
MKPL, EQ,2026-10-05,4.02,4.02,3.88,3.9,3.9,3.9,130482,515000.00000000006,430,,91380.0,70.03,new
MLKFOOD, EQ,2026-10-05,82.56,85.7,82.56,84.59,84.5,84.13,3096,260000.0,81,,2454.0,79.26,new
MMEL, SM,2026-10-05,28.55,28.55,28.5,28.5,28.5,28.5,4000,113999.99999999999,2,,4000.0,100.0,new
MMFL, EQ,2026-10-05,573.0,579.0,548.0,552.5,553.0,571.95,106475,59491000.0,6295,,55001.0,51.66,new
MMP, EQ,2026-10-05,465.0,476.75,447.65,468.05,470.0,449.6,70165,32416000.000000004,3779,,36885.0,52.57,new
MMTC, EQ,2026-10-05,57.56,57.69,56.0,56.33,56.0,56.29,943031,53473000.0,8769,,248245.0,26.32,new
MMWL, EQ,2026-10-05,16.33,16.33,16.32,16.33,16.33,15.56,120682,1971000.0,81,,120682.0,100.0,new
MNC, EQ,2026-10-05,30.9,31.4,30.8,30.95,31.13,30.9,71632,2215000.0,613,,47022.0,65.64,new
MOALPHA50, EQ,2026-10-05,53.7,53.91,53.17,53.66,53.66,53.17,3911,210000.0,73,,3725.0,95.24,new
MOBANK10, EQ,2026-10-05,16.82,16.95,16.14,16.22,16.3,16.49,14177,231999.99999999997,135,,10072.0,71.04,new
MOBIKWIK, EQ,2026-10-05,196.02,205.27,196.02,201.79,202.12,196.23,1321942,267546999.99999997,19980,,515066.0,38.96,new
MOBILISE, SM,2026-10-05,97.75,103.25,97.75,103.25,103.25,98.35,9600,974000.0,6,,9600.0,100.0,new
MOCAPITAL, EQ,2026-10-05,51.29,51.7,50.8,51.37,51.7,50.75,589229,30247000.000000004,3797,,318172.0,54.0,new
MODEFENCE, EQ,2026-10-05,101.72,103.22,99.7,100.54,100.7,100.71,960834,96523000.0,11089,,487270.0,50.71,new
MODINATUR, EQ,2026-10-05,328.5,328.8,324.0,325.05,324.9,324.45,3235,1060000.0,95,,3137.0,96.97,new
MODIRUBBER, EQ,2026-10-05,122.11,122.11,118.2,121.85,122.0,119.72,318,38000.0,20,,178.0,55.97,new
MODIS, EQ,2026-10-05,370.0,384.0,364.35,372.25,373.5,367.85,22397,8368000.000000001,486,,14933.0,66.67,new
MODISONLTD, BE,2026-10-05,486.5,497.0,461.75,467.95,475.4,486.05,91895,43861000.0,1511,,,,new
MODTHREAD, EQ,2026-10-05,45.91,47.89,45.9,46.58,46.81,45.66,2245,104000.0,18,,1416.0,63.07,new
MOENERGY, EQ,2026-10-05,37.42,37.42,36.69,36.87,36.99,36.69,110816,4093000.0,969,,67202.0,60.64,new
MOGOLD, EQ,2026-10-05,145.2,145.75,144.15,145.55,145.1,145.2,62581,9097000.0,672,,55095.0,88.04,new
MOGSEC, EQ,2026-10-05,63.53,65.29,63.53,64.61,64.5,65.16,7722,499000.0,133,,5087.0,65.88,new
MOHEALTH, EQ,2026-10-05,51.75,51.75,49.63,49.99,50.0,50.81,79993,4011999.9999999995,1190,,52238.0,65.3,new
MOHITE, EQ,2026-10-05,2.42,2.54,2.42,2.43,2.5,2.49,10131,25000.0,80,,6956.0,68.66,new
MOHITIND, EQ,2026-10-05,22.9,23.5,22.63,22.64,23.38,22.78,2569,57999.99999999999,45,,1895.0,73.76,new
MOIL, EQ,2026-10-05,235.2,243.5,235.2,236.49,236.9,232.66,690784,165242000.0,13978,,236964.0,34.3,new
MOINFRA, EQ,2026-10-05,56.91,56.91,55.67,56.11,56.38,55.79,3741,210000.0,77,,1495.0,39.96,new
MOIPO, EQ,2026-10-05,45.5,47.45,45.5,47.31,47.25,45.5,3595,167000.0,51,,3409.0,94.83,new
MOKSH, EQ,2026-10-05,9.16,9.64,9.16,9.31,9.26,9.19,30725,288000.0,219,,18967.0,61.73,new
MOL, EQ,2026-10-05,54.93,56.99,53.31,54.83,54.6,55.13,1229458,67417000.0,7611,,471570.0,38.36,new
MOLBIO, EQ,2026-10-05,1501.8,1558.3,1472.6,1503.4,1497.0,1513.1,3050454,4609895000.0,154596,,308548.0,10.11,new
MOLDTECH, BE,2026-10-05,207.9,214.95,207.0,213.5,213.5,204.78,77012,16383000.000000002,1246,,,,new
MOLDTKPAC, EQ,2026-10-05,669.0,684.0,665.45,680.7,679.0,658.85,81041,54834000.0,4905,,47139.0,58.17,new
MOLOWVOL, EQ,2026-10-05,33.05,34.55,33.05,33.95,34.18,33.9,98219,3332000.0,68,,96036.0,97.78,new
MOM100, EQ,2026-10-05,65.28,65.28,63.45,63.68,63.45,63.69,569400,36402000.0,5160,,313278.0,55.02,new
MOM30IETF, EQ,2026-10-05,30.11,30.17,29.82,29.96,30.05,29.82,573452,17197000.0,2235,,358471.0,62.51,new
MOM50, EQ,2026-10-05,238.99,238.99,234.79,235.61,235.01,235.67,21342,5039000.0,254,,8285.0,38.82,new
MOMENTUM, EQ,2026-10-05,29.82,30.09,29.65,29.73,29.65,29.76,51454,1533000.0,323,,36002.0,69.97,new
MOMENTUM30, EQ,2026-10-05,30.16,30.16,29.3,29.42,29.46,29.57,40172,1183000.0,226,,17001.0,42.32,new
MOMENTUM50, EQ,2026-10-05,52.64,52.7,51.95,52.21,52.4,52.1,408213,21365000.0,14451,,201836.0,49.44,new
MOMETAL, EQ,2026-10-05,12.84,12.84,12.4,12.55,12.55,12.59,26140,327000.0,91,,23795.0,91.03,new
MOMGF, EQ,2026-10-05,152.39,152.47,150.99,152.03,152.03,152.7,1268,192000.0,44,,701.0,55.28,new
MOMIDMTM, EQ,2026-10-05,62.72,62.77,61.07,61.09,61.07,61.49,129407,7962000.0,526,,89166.0,68.9,new
MOMMIDCAP, EQ,2026-10-05,12.58,12.58,12.35,12.41,12.38,12.33,684508,8504000.0,498,,467392.0,68.28,new
MOMNC, EQ,2026-10-05,30.14,30.16,29.78,30.0,30.0,30.04,1895,56999.99999999999,29,,1702.0,89.82,new
MOMOMENTUM, EQ,2026-10-05,60.45,60.7,58.07,59.56,59.3,59.26,51865,3088000.0,662,,29461.0,56.8,new
MOMSBELIEF, EQ,2026-10-05,227.0,237.0,220.0,228.74,227.0,226.92,244611,55659000.0,3694,,149351.0,61.06,new
MON100, EQ,2026-10-05,324.49,329.45,320.03,325.35,325.48,321.46,1487737,483030000.0,42141,,752046.0,50.55,new
MON50EQUAL, EQ,2026-10-05,30.75,31.67,30.75,31.1,31.2,31.54,46693,1456000.0,130,,46175.0,98.89,new
MONARCH, EQ,2026-10-05,347.05,351.05,341.5,348.65,351.0,342.7,61652,21316000.0,1490,,35637.0,57.8,new
MONEXT50, EQ,2026-10-05,69.73,69.73,68.9,69.16,69.15,69.39,2712,188000.0,111,,2562.0,94.47,new
MONEYBOXX, BE,2026-10-05,51.72,56.0,51.3,54.76,54.8,54.0,29652,1578000.0,112,,,,new
MONEYVIEW, EQ,2026-10-05,55.85,59.0,50.56,51.51,51.24,53.88,218474338,11939893000.0,512329,,31855011.0,14.58,new
MONIFTY100, EQ,2026-10-05,24.7,24.7,23.67,23.8,23.91,24.64,31944,761000.0,280,,27707.0,86.74,new
MONIFTY500, EQ,2026-10-05,23.37,23.37,22.32,22.53,22.59,22.46,3234487,72430000.0,2198,,2652280.0,82.0,new
MONOLITH, SM,2026-10-05,1277.0,1294.0,1220.0,1229.05,1220.5,1252.45,35000,43745000.0,109,,26750.0,76.43,new
MONQ50, EQ,2026-10-05,198.0,203.94,191.01,200.6,201.88,193.18,773635,153568000.0,17517,,282182.0,36.47,new
MONTECARLO, EQ,2026-10-05,518.0,525.15,515.05,516.9,515.6,522.85,19032,9880000.0,1388,,9555.0,50.2,new
MOOILGAS, EQ,2026-10-05,10.77,10.77,10.47,10.57,10.59,10.93,48117,508000.0,186,,47250.0,98.2,new
MOPSE, EQ,2026-10-05,95.22,95.22,94.29,94.95,94.95,94.75,698,66000.0,15,,698.0,100.0,new
MOQUALITY, EQ,2026-10-05,189.39,198.0,186.42,190.65,188.29,187.34,21916,4104999.9999999995,126,,20994.0,95.79,new
MORARJEE, BZ,2026-10-05,7.53,7.53,7.53,7.53,7.53,7.92,80,1000.0,1,,,,new
MOREALTY, EQ,2026-10-05,83.36,85.34,82.61,83.89,83.42,84.3,409161,34510000.0,1862,,237454.0,58.03,new
MOREPENLAB, EQ,2026-10-05,134.5,137.64,130.46,135.29,135.72,133.72,18241253,2442137000.0,85596,,4762088.0,26.11,new
MOS, SM,2026-10-05,6.3,6.7,6.3,6.3,6.3,6.6,1588000,10174000.0,184,,932000.0,58.69,new
MOSCHIP, EQ,2026-10-05,201.0,201.85,194.81,195.84,196.39,198.03,799333,157718000.0,16684,,307588.0,38.48,new
MOSERVICE, EQ,2026-10-05,29.25,29.4,29.12,29.21,29.21,29.03,11971,351000.0,45,,11818.0,98.72,new
MOSILVER, EQ,2026-10-05,218.86,219.4,216.8,218.63,218.45,215.92,37688,8205000.0,640,,18348.0,48.68,new
MOSMALL250, EQ,2026-10-05,18.05,18.05,17.6,17.72,17.77,17.72,633377,11219000.0,3508,,331932.0,52.41,new
MOTHERSON, EQ,2026-10-05,157.0,159.39,154.76,156.5,156.5,157.03,14480075,2263134000.0,106253,,8157007.0,56.33,new
MOTILALOFS, EQ,2026-10-05,991.0,1018.9,987.9,1011.1,1011.1,989.9,445092,449224000.0,26939,,167776.0,37.69,new
MOTISONS, EQ,2026-10-05,18.0,18.41,17.55,17.74,17.68,17.88,24288664,435520000.0,22706,,5443430.0,22.41,new
MOTOGENFIN, EQ,2026-10-05,25.48,25.48,24.36,24.53,25.16,25.08,2838,70000.0,67,,1634.0,57.58,new
MOTOUR, EQ,2026-10-05,76.48,76.48,74.33,75.19,75.19,75.46,15861,1194000.0,171,,7302.0,46.04,new
MOVALUE, EQ,2026-10-05,108.87,108.87,106.3,106.82,106.91,108.25,73685,7889000.0,1387,,40389.0,54.81,new
MPDL, BE,2026-10-05,27.89,27.89,26.5,27.33,27.33,27.89,2161,57999.99999999999,14,,,,new
MPEL, SM,2026-10-05,23.9,23.9,23.9,23.9,23.9,25.15,1600,38000.0,1,,1600.0,100.0,new
MPHASIS, EQ,2026-10-05,2277.8,2342.0,2239.2,2297.1,2297.1,2250.2,1107616,2543702000.0,42255,,580930.0,52.45,new
MPIMANIPAL, EQ,2026-10-05,415.0,430.0,381.2,389.7,387.8,401.4,2163634,876606000.0,62063,,394138.0,18.22,new
MPSLTD, EQ,2026-10-05,2628.4,2675.9,2600.8,2637.4,2646.2,2628.4,7943,20920000.0,1820,,4362.0,54.92,new
MRF, EQ,2026-10-05,123915.0,124490.0,122755.0,123330.0,124100.0,123715.0,3098,382359000.0,2315,,1277.0,41.22,new
MRIL, ST,2026-10-05,72.2,72.2,72.2,72.2,72.2,76.0,1600,115999.99999999999,1,,1600.0,100.0,new
MRPL, EQ,2026-10-05,164.79,173.7,163.25,172.43,173.1,164.76,13082595,2217117000.0,76853,,2192024.0,16.76,new
MSCI360, EQ,2026-10-05,9.57,9.57,9.47,9.56,9.52,9.47,2316,22000.0,30,,2316.0,100.0,new
MSCIINDIA, EQ,2026-10-05,28.05,28.17,27.85,28.04,28.05,28.03,22725,636000.0,197,,21726.0,95.6,new
MSL, EQ,2026-10-05,144.0,150.9,140.0,148.45,150.9,144.99,522,76000.0,40,,468.0,89.66,new
MSPL, EQ,2026-10-05,32.04,32.8,31.52,31.65,31.55,32.52,893166,28592000.0,4587,,512780.0,57.41,new
MSTCLTD, EQ,2026-10-05,705.0,705.6,687.5,693.75,692.0,705.8,201122,140190000.0,9335,,103754.0,51.59,new
MSUMI, EQ,2026-10-05,33.53,33.7,32.7,32.89,32.96,33.53,8274064,273225000.0,43813,,4052082.0,48.97,new
MTARTECH, BE,2026-10-05,7705.0,7800.0,7595.0,7654.0,7649.0,7797.0,122661,941579999.9999999,23186,,,,new
MTEDUCARE, BE,2026-10-05,1.71,1.71,1.61,1.68,1.68,1.67,9166,15000.0,56,,,,new
MTNL, EQ,2026-10-05,24.6,24.6,23.0,23.19,23.15,24.66,3516200,83415000.0,11367,,782003.0,22.24,new
MUFIN, EQ,2026-10-05,131.3,134.43,130.6,132.89,132.5,130.59,1067885,141981000.0,7170,,211280.0,19.78,new
MUFTI, EQ,2026-10-05,70.24,70.76,69.2,69.7,69.51,70.24,42543,2977000.0,680,,27677.0,65.06,new
MUKANDLTD, EQ,2026-10-05,174.4,189.9,173.76,182.2,182.95,172.66,1971183,362915000.0,25683,,538556.0,27.32,new
MUKESHB, EQ,2026-10-05,128.0,128.0,128.0,128.0,128.0,128.8,9,1000.0,1,,9.0,100.0,new
MUKKA, BE,2026-10-05,25.7,26.98,25.1,26.67,26.69,25.7,272385,7198999.999999999,800,,,,new
MUKTAARTS, EQ,2026-10-05,55.92,56.5,54.0,54.89,55.9,55.92,2425,132000.0,59,,1967.0,81.11,new
MULTICAP, EQ,2026-10-05,15.99,15.99,15.75,15.83,15.82,15.78,179607,2844000.0,726,,99864.0,55.6,new
MUNISH, SM,2026-10-05,87.0,87.0,86.1,86.45,86.45,86.6,6000,519000.00000000006,5,,4800.0,80.0,new
MUNJALAU, EQ,2026-10-05,105.9,106.88,103.65,105.56,105.7,104.07,353413,37200000.0,4856,,77869.0,22.03,new
MUNJALSHOW, EQ,2026-10-05,125.0,126.7,123.23,124.03,124.87,124.53,15447,1922000.0,494,,8408.0,54.43,new
MURUDCERA, EQ,2026-10-05,27.55,28.84,27.55,28.01,28.3,28.06,13934,392000.0,117,,10965.0,78.69,new
MUTHOOTCAP, EQ,2026-10-05,220.86,220.86,211.01,219.33,219.46,218.08,8382,1813000.0,517,,4734.0,56.48,new
MUTHOOTFIN, EQ,2026-10-05,2711.0,2747.8,2700.0,2716.4,2716.4,2697.1,499788,1359948000.0,40424,,268410.0,53.7,new
MUTHOOTMF, EQ,2026-10-05,177.58,183.49,174.52,176.38,176.39,174.09,141785,25182000.0,4028,,73486.0,51.83,new
MVELECTRO, EQ,2026-10-05,855.8,920.6,850.0,897.55,902.0,836.95,3364393,3032849000.0,83316,,669187.0,19.89,new
MVGJL, EQ,2026-10-05,212.94,216.99,200.4,204.36,207.0,206.69,257200,53157000.00000001,6468,,92176.0,35.84,new
MVKAGRO, SM,2026-10-05,243.95,243.95,228.35,228.65,228.35,240.35,89700,20746000.0,183,,57900.0,64.55,new
MWL, EQ,2026-10-05,41.7,42.74,40.96,41.53,41.74,43.13,1175803,49145000.0,6391,,617312.0,52.5,new
MYMUDRA, SM,2026-10-05,72.0,75.0,70.0,72.65,71.85,69.3,73200,5318000.0,36,,63600.0,86.89,new
MYSORPETRO, BE,2026-10-05,119.4,119.4,115.0,115.88,115.55,119.4,2067,240000.0,47,,,,new
NACLIND, EQ,2026-10-05,130.41,132.41,128.4,130.29,131.0,130.41,220568,28722000.000000004,4731,,100822.0,45.71,new
NAGAFERT, BZ,2026-10-05,1.64,1.69,1.61,1.61,1.61,1.69,632707,1021000.0000000001,616,,,,new
NAGREEKCAP, EQ,2026-10-05,24.57,25.87,24.57,25.49,25.5,25.34,7710,194000.0,71,,7424.0,96.29,new
NAGREEKEXP, EQ,2026-10-05,21.29,21.97,20.1,20.87,20.7,21.29,18915,397000.0,181,,13981.0,73.91,new
NAHARCAP, EQ,2026-10-05,233.6,238.03,230.0,233.82,235.0,237.31,2513,591000.0,70,,1753.0,69.76,new
NAHARINDUS, EQ,2026-10-05,128.0,130.0,126.1,127.08,127.0,127.74,10196,1300000.0,260,,7270.0,71.3,new
NAHARPOLY, EQ,2026-10-05,222.81,230.01,220.21,222.21,221.05,225.64,2606,581000.0,103,,1806.0,69.3,new
NAHARSPING, EQ,2026-10-05,255.5,260.7,249.2,250.15,249.35,255.5,27426,6968000.000000001,950,,18467.0,67.33,new
NAM-INDIA, EQ,2026-10-05,1049.0,1069.5,1046.0,1061.0,1061.0,1046.0,842149,892932000.0,43667,,441162.0,52.39,new
NAMAN, ST,2026-10-05,48.2,48.2,48.2,48.2,48.2,48.2,800,39000.0,1,,800.0,100.0,new
NAMOEWASTE, SM,2026-10-05,305.0,326.0,305.0,323.5,322.0,310.7,46400,14775000.0,44,,28000.0,60.34,new
NARMADA, EQ,2026-10-05,12.35,13.2,12.01,12.3,12.15,12.31,752647,9358000.0,1805,,278096.0,36.95,new
NATCAPSUQ, BE,2026-10-05,164.0,166.5,163.1,165.15,165.0,162.16,1789,294000.0,45,,,,new
NATCOPHARM, EQ,2026-10-05,825.0,827.45,801.4,821.5,822.0,821.3,571712,464222000.0,34755,,320181.0,56.0,new
NATHBIOGEN, EQ,2026-10-05,140.0,142.44,133.0,134.29,134.2,137.74,15278,2082999.9999999998,722,,11554.0,75.63,new
NATIONALUM, EQ,2026-10-05,335.9,344.1,334.3,340.0,340.0,334.9,5169746,1745629000.0,65108,,2487770.0,48.12,new
NATIONSTD, EQ,2026-10-05,116.05,116.05,112.0,112.51,112.92,114.91,5158,581000.0,169,,3005.0,58.26,new
NAUKRI, EQ,2026-10-05,1220.3,1241.0,1198.4,1201.7,1201.7,1200.0,2021519,2452022000.0,84762,,1086579.0,53.75,new
NAVA, EQ,2026-10-05,555.0,564.85,552.0,556.7,559.15,552.5,302296,168453000.0,19579,,144775.0,47.89,new
NAVINFLUOR, EQ,2026-10-05,8217.5,8333.5,8115.0,8272.0,8280.0,8136.5,133656,1100013000.0,41087,,84305.0,63.08,new
NAVKARCORP, EQ,2026-10-05,85.5,86.96,84.0,84.94,84.9,85.07,213039,18180000.0,2673,,106173.0,49.84,new
NAVKARURB, EQ,2026-10-05,0.87,0.87,0.82,0.83,0.84,0.85,491182,413999.99999999994,339,,307149.0,62.53,new
NAVNETEDUL, EQ,2026-10-05,126.2,126.2,122.5,122.97,123.25,123.87,82595,10199000.0,1642,,49826.0,60.33,new
NAZARA, EQ,2026-10-05,388.45,393.45,379.1,385.8,384.0,384.7,2285380,882591000.0,34214,,921679.0,40.33,new
NBCC, EQ,2026-10-05,78.11,78.27,75.75,76.2,76.2,77.4,7593129,581259000.0,36371,,3404147.0,44.83,new
NBIFIN, EQ,2026-10-05,1855.2,1855.2,1815.0,1819.0,1816.5,1857.9,458,836999.9999999999,90,,386.0,84.28,new
NCC, EQ,2026-10-05,130.1,131.39,127.72,128.79,128.75,130.06,1624082,209821999.99999997,22405,,670237.0,41.27,new
NCLIND, EQ,2026-10-05,169.55,172.5,167.51,168.85,168.08,170.03,43662,7387000.0,807,,33377.0,76.44,new
NDGL, EQ,2026-10-05,2422.0,2430.0,2330.0,2354.3,2350.0,2411.0,492,1174000.0,95,,372.0,75.61,new
NDL, EQ,2026-10-05,2.63,2.67,2.58,2.59,2.62,2.54,942759,2463000.0,1210,,616748.0,65.42,new
NDLVENTURE, EQ,2026-10-05,123.0,126.7,122.27,123.17,124.5,125.24,5077,625000.0,126,,4277.0,84.24,new
NDRAUTO, EQ,2026-10-05,710.4,721.0,695.0,706.8,710.05,715.85,11897,8395000.0,936,,6320.0,53.12,new
NDTV, EQ,2026-10-05,68.47,69.12,66.95,67.19,67.44,68.08,64220,4338000.0,1251,,33904.0,52.79,new
NEAGI, EQ,2026-10-05,3292.9,3292.9,3292.9,3292.9,3292.9,3309.4,5,16000.0,2,,5.0,100.0,new
NECCLTD, EQ,2026-10-05,19.55,19.55,17.68,19.12,19.14,18.41,129283,2413000.0,436,,96928.0,74.97,new
NECLIFE, EQ,2026-10-05,10.43,10.58,10.18,10.48,10.49,10.23,302353,3158000.0,357,,286729.0,94.83,new
NELCAST, EQ,2026-10-05,119.83,123.3,118.18,121.43,120.8,121.03,153030,18510000.0,3104,,50836.0,33.22,new
NELCO, EQ,2026-10-05,897.0,915.0,880.05,885.1,887.0,889.2,129029,115676000.0,6386,,52915.0,41.01,new
NEOCHEM, SM,2026-10-05,102.8,104.7,100.0,104.7,104.7,101.0,19200,1972000.0,15,,18000.0,93.75,new
NEOGEN, EQ,2026-10-05,2419.0,2447.9,2300.0,2311.2,2316.0,2407.1,116983,274573000.0,19082,,56746.0,48.51,new
NEPHROCARE, SM,2026-10-05,92.0,92.0,85.0,86.9,86.0,89.65,29200,2561000.0,56,,23200.0,79.45,new
NEPHROPLUS, EQ,2026-10-05,653.5,658.0,635.0,637.65,638.2,648.95,135567,86861000.0,13600,,70713.0,52.16,new
NESCO, EQ,2026-10-05,1045.0,1051.5,1027.1,1036.6,1030.0,1028.2,31885,33133999.999999996,5796,,15774.0,49.47,new
NESTLEIND, EQ,2026-10-05,1305.4,1311.3,1292.9,1297.1,1297.1,1307.7,1676136,2178950000.0,44596,,1092313.0,65.17,new
NETF, EQ,2026-10-05,253.79,253.79,243.16,246.03,247.9,247.6,5909,1455000.0,304,,3106.0,52.56,new
NETWEB, EQ,2026-10-05,4543.0,4790.0,4535.0,4765.1,4765.2,4520.3,1646842,7734277000.0,129375,,410057.0,24.9,new
NETWORK18, EQ,2026-10-05,25.52,26.02,25.3,25.44,25.45,25.43,2117185,54175000.0,5832,,830669.0,39.23,new
NEUEON, BE,2026-10-05,15.26,15.26,14.5,14.5,14.5,15.26,62778,915000.0,88,,,,new
NEULANDLAB, EQ,2026-10-05,21500.0,21960.0,21090.0,21875.0,21890.0,21505.0,62813,1356858000.0,25495,,31363.0,49.93,new
NEWGEN, EQ,2026-10-05,464.8,472.55,456.35,458.75,458.9,456.35,657395,304615000.0,33379,,229906.0,34.97,new
NEWJAISA, ST,2026-10-05,16.3,17.1,16.3,17.0,17.0,17.1,33000,544000.0,9,,31500.0,95.45,new
NEXT30ADD, EQ,2026-10-05,40.0,40.24,39.99,40.21,40.2,39.83,14108,565000.0,90,,12373.0,87.7,new
NEXT50, EQ,2026-10-05,715.36,719.63,711.1,714.71,715.43,713.61,45526,32529000.000000004,1916,,30443.0,66.87,new
NEXT50ADD, EQ,2026-10-05,71.57,71.57,69.25,69.69,69.97,71.62,12520,873000.0,323,,6852.0,54.73,new
NEXT50BETA, EQ,2026-10-05,74.71,75.88,74.42,75.03,75.69,74.7,118869,8908000.0,1209,,50968.0,42.88,new
NEXT50ETF, EQ,2026-10-05,71.54,71.54,69.5,69.79,69.8,70.14,33426,2335000.0,247,,32998.0,98.72,new
NEXT50IETF, EQ,2026-10-05,72.97,74.43,72.7,73.17,73.4,72.97,896654,65540000.0,8953,,549755.0,61.31,new
NEXTMEDIA, EQ,2026-10-05,3.58,3.58,3.45,3.57,3.58,3.58,13843,49000.0,55,,12113.0,87.5,new
NFL, EQ,2026-10-05,63.99,64.45,63.12,63.28,63.2,63.85,487718,31052000.0,4262,,217644.0,44.62,new
NFPSAMPOOR, SM,2026-10-05,20.3,20.3,20.3,20.3,20.3,20.8,2000,41000.0,1,,2000.0,100.0,new
NGIL, EQ,2026-10-05,38.5,41.35,35.99,36.83,37.76,38.43,37292,1378000.0,262,,27615.0,74.05,new
NGLFINE, EQ,2026-10-05,2930.0,3045.0,2841.0,2988.3,3020.0,2924.0,7251,21417000.0,1526,,3513.0,48.45,new
NH, EQ,2026-10-05,1744.9,1749.6,1709.6,1722.4,1724.5,1741.4,92682,159898000.0,14849,,46705.0,50.39,new
NHPC, EQ,2026-10-05,71.75,72.83,71.1,72.0,72.0,71.75,4447161,318709000.0,26010,,2399167.0,53.95,new
NIACL, EQ,2026-10-05,160.21,163.0,157.7,158.36,157.72,160.21,1226665,196170000.0,22202,,419754.0,34.22,new
NIBE, EQ,2026-10-05,1236.0,1253.3,1214.0,1221.3,1225.0,1234.5,28920,35590000.0,2700,,12023.0,41.57,new
NIBL, EQ,2026-10-05,32.98,32.98,31.32,31.33,31.5,31.32,6562,206000.0,116,,5412.0,82.47,new
NICCOPAR, EQ,2026-10-05,82.65,82.65,80.0,80.1,80.0,79.5,277,22000.0,18,,247.0,89.17,new
NIDAN, SM,2026-10-05,12.9,12.9,12.6,12.6,12.6,12.9,4000,51000.0,4,,3000.0,75.0,new
NIF100BEES, EQ,2026-10-05,257.0,257.0,249.52,251.2,251.75,252.27,71279,17893000.0,1007,,54317.0,76.2,new
NIF100IETF, EQ,2026-10-05,26.25,26.7,26.25,26.38,26.31,26.33,158488,4186999.9999999995,2779,,95249.0,60.1,new
NIF500BETA, EQ,2026-10-05,36.6,38.9,35.04,36.3,35.5,34.65,49278,1782000.0,171,,11992.0,24.34,new
NIFTY1, EQ,2026-10-05,249.52,252.97,248.92,250.5,250.37,249.52,97714,24459000.0,2870,,52194.0,53.42,new
NIFTY100EW, EQ,2026-10-05,33.69,33.69,32.87,33.1,33.14,33.52,111271,3682000.0,514,,89483.0,80.42,new
NIFTYADD, EQ,2026-10-05,239.46,239.46,236.68,237.98,237.73,237.09,154001,36692000.0,406,,139198.0,90.39,new
NIFTYAXIS, EQ,2026-10-05,243.19,256.9,243.19,250.63,250.49,249.43,24479,6104000.0,398,,10083.0,41.19,new
NIFTYBEES, EQ,2026-10-05,256.5,259.69,255.8,257.29,257.59,256.5,8564375,2203190000.0,144248,,4748033.0,55.44,new
NIFTYBETA, EQ,2026-10-05,249.0,256.15,249.0,250.26,250.14,249.91,79397,19872000.0,872,,70377.0,88.64,new
NIFTYBETF, EQ,2026-10-05,231.07,234.16,230.95,232.63,231.75,231.07,7173,1664000.0,221,,3528.0,49.18,new
NIFTYCASE, EQ,2026-10-05,9.18,9.18,9.01,9.07,9.11,9.03,1373579,12455000.0,2897,,969383.0,70.57,new
NIFTYETF, EQ,2026-10-05,250.78,250.78,244.25,245.6,245.8,244.67,194755,47806000.0,1530,,127726.0,65.58,new
NIFTYIETF, EQ,2026-10-05,257.49,257.49,254.54,256.15,256.47,255.21,836360,213880000.00000003,23471,,531088.0,63.5,new
NIFTYJBLK, EQ,2026-10-05,11.38,11.82,11.38,11.59,11.6,11.54,381854,4416000.0,872,,132223.0,34.63,new
NIFTYQLITY, EQ,2026-10-05,20.26,20.26,19.7,19.84,19.88,19.77,161488,3200000.0,249,,112905.0,69.92,new
NIITLTD, EQ,2026-10-05,84.99,87.1,82.57,83.89,83.9,84.94,122628,10303000.0,2441,,42045.0,34.29,new
NIITMTS, EQ,2026-10-05,190.02,203.26,190.02,199.62,197.96,191.08,170084,33792000.0,6875,,89889.0,52.85,new
NIKITA, SM,2026-10-05,72.7,72.7,70.0,72.35,72.35,66.1,31200,2243000.0,21,,21600.0,69.23,new
NILAINFRA, EQ,2026-10-05,6.73,6.95,6.65,6.71,6.75,6.57,192035,1294000.0,613,,138846.0,72.3,new
NILASPACES, EQ,2026-10-05,11.48,11.48,10.81,11.0,11.07,11.22,433053,4812000.0,2014,,155807.0,35.98,new
NILE, EQ,2026-10-05,1297.0,1297.0,1212.6,1226.0,1217.1,1243.2,4135,5195000.0,738,,2261.0,54.68,new
NILKAMAL, EQ,2026-10-05,1860.0,1899.3,1820.1,1829.5,1821.0,1871.8,17730,32907000.0,3451,,8366.0,47.19,new
NIMBSPROJ, EQ,2026-10-05,190.8,195.0,180.1,187.32,194.8,189.45,37323,6886000.0,555,,6065.0,16.25,new
NINSYS, EQ,2026-10-05,830.0,844.85,808.0,842.0,842.8,804.65,16316,13619000.0,975,,10863.0,66.58,new
NIPPOBATRY, EQ,2026-10-05,322.0,323.95,317.0,318.75,317.0,314.45,2579,827000.0,141,,1966.0,76.23,new
NIRAJ, EQ,2026-10-05,28.29,28.5,27.32,27.92,27.89,27.74,26158,723000.0,78,,22113.0,84.54,new
NIRAJISPAT, BE,2026-10-05,300.0,300.0,300.0,300.0,300.0,300.0,1,0.0,1,,,,new
NIRLON, EQ,2026-10-05,615.45,619.55,612.1,615.4,615.0,606.8,3982,2451000.0,691,,2616.0,65.7,new
NIRMAN, SM,2026-10-05,25.45,30.5,25.45,27.0,27.0,25.45,42600,1164000.0,79,,29100.0,68.31,new
NITCO, EQ,2026-10-05,84.99,85.33,82.13,82.69,82.31,84.18,555619,46143000.0,2818,,301464.0,54.26,new
NITINSPIN, EQ,2026-10-05,597.6,612.5,595.3,604.75,605.0,594.6,83708,50562000.0,5084,,45873.0,54.8,new
NITIRAJ, EQ,2026-10-05,205.0,205.0,200.31,202.14,202.0,200.9,353,72000.0,25,,339.0,96.03,new
NITTAGELA, EQ,2026-10-05,1716.3,1719.0,1665.0,1668.9,1672.0,1664.3,1183,1982000.0,250,,730.0,61.71,new
NIVABUPA, EQ,2026-10-05,72.98,77.3,72.6,75.85,76.14,72.98,2936428,221650000.0,35600,,1252577.0,42.66,new
NLCINDIA, EQ,2026-10-05,255.45,257.65,251.15,252.45,253.2,253.2,620352,157222000.0,15799,,294277.0,47.44,new
NMDC, EQ,2026-10-05,75.0,75.51,73.06,73.74,73.74,74.64,11989948,888845000.0000001,65655,,5898036.0,49.19,new
NOCIL, EQ,2026-10-05,167.6,171.14,164.65,165.83,165.73,168.85,540544,90087000.0,8851,,231945.0,42.91,new
NOIDATOLL, EQ,2026-10-05,3.77,3.77,3.55,3.56,3.55,3.56,182994,668000.0,496,,87418.0,47.77,new
NORBTEAEXP, EQ,2026-10-05,69.04,70.76,65.59,65.59,65.59,69.04,2311,155000.0,96,,1636.0,70.79,new
NORTHARC, EQ,2026-10-05,292.7,295.0,288.4,289.45,289.35,288.7,326239,95092000.0,7464,,168129.0,51.54,new
NOVAAGRI, EQ,2026-10-05,22.22,22.98,22.0,22.39,22.42,22.22,50586,1140000.0,408,,31241.0,61.76,new
NOVARTIND, EQ,2026-10-05,2027.7,2161.5,1955.0,1967.8,1964.0,1965.0,192487,399662000.0,12065,,46621.0,24.22,new
NPBET, EQ,2026-10-05,277.6,282.6,276.1,276.1,276.1,277.6,730,202999.99999999997,45,,705.0,96.58,new
NPST, EQ,2026-10-05,1766.5,1850.0,1761.6,1833.5,1848.0,1766.5,70247,127297000.0,9128,,30902.0,43.99,new
NRAIL, EQ,2026-10-05,680.0,680.0,650.05,661.35,652.1,659.5,31444,20871000.0,1976,,16345.0,51.98,new
NRBBEARING, EQ,2026-10-05,549.0,556.85,533.55,535.7,536.0,542.6,406034,220550000.0,24504,,140982.0,34.72,new
NRL, BE,2026-10-05,154.74,157.0,153.48,157.0,157.0,156.61,88836,13784000.0,232,,,,new
NRVANDANA, SM,2026-10-05,72.0,73.5,70.7,73.1,73.2,69.15,21000,1517000.0,7,,12000.0,57.14,new
NSIL, EQ,2026-10-05,5269.5,5269.5,5150.0,5199.5,5205.0,5163.5,1514,7869000.0,447,,928.0,61.29,new
NSLNISP, EQ,2026-10-05,41.0,41.3,40.31,40.5,40.39,40.95,3000968,122298000.0,14757,,1441521.0,48.04,new
NTCIND, EQ,2026-10-05,126.0,137.7,126.0,135.97,136.0,129.51,1573,214000.0,46,,864.0,54.93,new
NTPC, EQ,2026-10-05,316.05,323.55,316.05,321.8,321.8,315.1,9458589,3037214000.0,111347,,6339138.0,67.02,new
NTPCGREEN, EQ,2026-10-05,91.1,91.57,89.55,90.09,90.1,91.09,1231775,111319000.0,22242,,473019.0,38.4,new
NUCLEUS, EQ,2026-10-05,648.1,652.45,636.05,637.75,638.2,646.95,10735,6894000.0,1230,,6651.0,61.96,new
NURECA, BE,2026-10-05,348.0,348.0,333.2,339.05,342.0,349.85,7907,2688000.0,295,,,,new
NUVAMA, EQ,2026-10-05,1709.4,1865.0,1706.0,1820.8,1810.0,1701.4,4036851,7343622000.0,209658,,511738.0,12.68,new
NUVOCO, EQ,2026-10-05,324.0,329.45,322.0,326.1,326.65,322.1,179658,58584000.0,14615,,74323.0,41.37,new
NV20, EQ,2026-10-05,12.77,13.34,12.77,13.2,13.22,13.1,180623,2381000.0,478,,68037.0,37.67,new
NV20BEES, EQ,2026-10-05,132.11,133.0,130.7,131.79,130.95,131.46,20940,2757000.0,393,,10871.0,51.91,new
NV20IETF, EQ,2026-10-05,12.79,12.98,12.72,12.8,12.82,12.79,689915,8838000.0,3396,,330491.0,47.9,new
NXST, RR,2026-10-05,166.7,167.44,164.75,164.99,164.75,165.57,383340,63575000.0,11989,,269021.0,70.18,new
NYKAA, EQ,2026-10-05,335.0,344.55,335.0,339.55,339.55,324.95,19341790,6576034000.0,249854,,6365384.0,32.91,new
OAL, EQ,2026-10-05,540.0,540.0,495.4,515.1,510.3,532.2,56880,29033000.0,3802,,17931.0,31.52,new
OBCL, EQ,2026-10-05,55.79,57.8,55.4,55.85,55.85,54.39,2034,114999.99999999999,29,,1978.0,97.25,new
OBEROIRLTY, EQ,2026-10-05,1754.6,1793.7,1749.2,1751.2,1751.2,1754.6,419733,741940000.0,18553,,266943.0,63.6,new
OBSCP, SM,2026-10-05,899.1,924.9,881.05,888.7,885.0,892.1,26800,24159000.0,67,,14800.0,55.22,new
OCCLLTD, BE,2026-10-05,202.9,202.9,185.0,197.79,199.9,193.49,98621,19237000.0,878,,,,new
ODIGMA, EQ,2026-10-05,21.11,21.5,20.51,20.66,20.58,21.11,7462,156000.0,352,,6151.0,82.43,new
ODYCORP, EQ,2026-10-05,6.97,7.13,6.8,6.85,6.9,6.91,18370,127000.0,82,,16478.0,89.7,new
OFSS, EQ,2026-10-05,10525.0,10655.0,10364.0,10470.0,10470.0,10420.0,158183,1662018000.0,30487,,57332.0,36.24,new
OIL, EQ,2026-10-05,444.0,450.65,441.05,446.5,446.5,444.0,2225503,993946999.9999999,36031,,1193233.0,53.62,new
OILCOUNTUB, BE,2026-10-05,79.7,79.7,79.7,79.7,79.7,78.14,38723,3086000.0,79,,,,new
OILIETF, EQ,2026-10-05,10.41,10.8,10.41,10.68,10.63,10.68,1043053,11141000.0,2817,,567419.0,54.4,new
OLAELEC, EQ,2026-10-05,37.08,37.27,36.52,36.68,36.67,37.08,35609938,1312332000.0,100726,,8317060.0,23.36,new
OLECTRA, EQ,2026-10-05,1108.0,1115.5,1069.9,1078.4,1076.0,1096.2,409750,445010000.00000006,21955,,229248.0,55.95,new
OLIL, SM,2026-10-05,438.05,447.0,438.05,443.65,444.0,454.5,11600,5127000.0,18,,8800.0,75.86,new
OMAXAUTO, EQ,2026-10-05,200.14,210.78,197.52,201.44,199.71,201.14,59335,12043000.0,1117,,30863.0,52.01,new
OMAXE, EQ,2026-10-05,109.5,110.25,105.99,107.43,106.0,108.78,322612,34771000.0,5220,,108300.0,33.57,new
OMFREIGHT, EQ,2026-10-05,103.99,103.99,96.0,100.95,101.0,97.5,47465,4740000.0,461,,35793.0,75.41,new
OMINFRAL, EQ,2026-10-05,76.08,77.55,74.0,74.84,74.75,76.08,46344,3499000.0,1514,,21800.0,47.04,new
OMNI, EQ,2026-10-05,620.0,644.0,611.65,632.15,635.0,608.65,1584512,1002178000.0000001,56486,,427044.0,26.95,new
OMPOWER, EQ,2026-10-05,160.0,160.0,150.2,152.06,151.0,157.74,76219,11811000.0,1519,,35530.0,46.62,new
ONEGLOBAL, EQ,2026-10-05,545.9,550.0,528.95,547.2,548.8,525.4,9461,5124000.0,716,,7872.0,83.2,new
ONELIFECAP, BE,2026-10-05,43.59,43.64,42.4,43.52,43.52,41.57,175810,7641000.0,259,,,,new
ONEPOINT, EQ,2026-10-05,75.1,81.0,74.3,78.33,78.6,74.37,10495734,824132000.0,63278,,2480815.0,23.64,new
ONESOURCE, EQ,2026-10-05,1510.0,1516.5,1470.5,1488.3,1489.1,1508.0,151299,225213000.0,19461,,76639.0,50.65,new
ONGC, EQ,2026-10-05,222.5,226.69,222.42,224.9,224.9,222.37,19420879,4357224000.0,106287,,13513768.0,69.58,new
ONIDA, EQ,2026-10-05,31.35,32.13,30.5,31.06,30.65,31.34,347326,10877000.0,3252,,186883.0,53.81,new
ONIXSOLAR, EQ,2026-10-05,340.0,344.85,322.75,334.6,332.9,339.7,247853,82644000.0,2333,,196763.0,79.39,new
ONMOBILE, BE,2026-10-05,48.54,49.3,48.0,48.23,48.5,48.78,19962,966000.0,249,,,,new
ONWARDTEC, EQ,2026-10-05,291.0,293.0,285.4,290.75,287.85,291.3,24399,7079000.000000001,1000,,14678.0,60.16,new
ONYX, ST,2026-10-05,37.55,37.55,37.5,37.5,37.5,37.55,6000,225000.0,3,,6000.0,100.0,new
OPTIEMUS, EQ,2026-10-05,817.0,833.9,781.5,786.2,788.9,803.7,500498,407329000.0,24665,,215135.0,42.98,new
OPTIFIN, EQ,2026-10-05,14.61,15.44,14.47,14.66,14.76,14.47,85029,1250000.0,220,,72538.0,85.31,new
OPTIMYSTIX, SM,2026-10-05,128.1,134.0,128.0,133.0,133.0,132.0,15200,1992000.0000000002,19,,7200.0,47.37,new
OPTIVALUE, ST,2026-10-05,214.0,224.7,213.0,224.7,224.7,214.0,59200,13011000.000000002,33,,57600.0,97.3,new
ORBTEXP, EQ,2026-10-05,245.0,249.5,236.05,240.4,240.0,243.65,7504,1818000.0,228,,4248.0,56.61,new
ORCHASP, EQ,2026-10-05,1.34,1.34,1.22,1.24,1.29,1.28,202245,261000.0,208,,158955.0,78.6,new
ORCHPHARMA, EQ,2026-10-05,990.45,1003.2,960.0,965.9,965.95,990.0,68202,66354000.0,7935,,30388.0,44.56,new
ORIANA, SM,2026-10-05,305.0,309.0,290.0,298.9,302.0,303.45,262875,78406000.0,574,,147375.0,56.06,new
ORICONENT, EQ,2026-10-05,49.98,53.0,49.43,52.44,52.44,49.98,93292,4831000.0,1184,,65859.0,70.59,new
ORIENTALTL, EQ,2026-10-05,5.03,5.03,4.77,4.83,4.89,4.81,42532,206999.99999999997,209,,27056.0,63.61,new
ORIENTBELL, EQ,2026-10-05,408.6,428.8,402.5,417.1,420.0,398.55,86469,35949000.0,4317,,32902.0,38.05,new
ORIENTCABL, EQ,2026-10-05,450.0,464.85,405.0,405.0,405.0,272.0,13566765,5910224000.0,152663,,7876568.0,58.06,new
ORIENTCEM, EQ,2026-10-05,116.09,119.0,115.24,116.16,116.05,115.91,147810,17143000.0,2264,,65403.0,44.25,new
ORIENTCER, EQ,2026-10-05,44.5,45.7,42.3,43.61,43.49,44.12,123904,5394000.0,1434,,57126.0,46.11,new
ORIENTELEC, EQ,2026-10-05,155.8,160.99,151.65,157.71,157.65,154.46,258174,40831000.0,5331,,81921.0,31.73,new
ORIENTHOT, EQ,2026-10-05,139.6,141.8,137.61,140.87,141.2,140.0,149684,21103000.0,1858,,73309.0,48.98,new
ORIENTLTD, BE,2026-10-05,75.1,77.92,75.1,75.52,75.52,77.92,547,41000.0,14,,,,new
ORIENTPPR, EQ,2026-10-05,16.11,16.49,16.03,16.17,16.23,16.23,124998,2020000.0,526,,81692.0,65.35,new
ORIENTTECH, EQ,2026-10-05,232.0,237.8,221.2,222.47,222.41,229.25,148888,33424000.0,4806,,70254.0,47.19,new
ORIRAIL, EQ,2026-10-05,126.5,126.5,121.0,122.39,122.1,124.15,42451,5222000.0,1011,,19561.0,46.08,new
ORISSAMINE, EQ,2026-10-05,3538.6,3627.4,3492.9,3522.2,3515.0,3538.6,5324,18846000.0,1315,,2113.0,39.69,new
ORKLAINDIA, EQ,2026-10-05,548.35,548.35,535.1,539.2,537.05,537.2,43931,23653000.0,4673,,19255.0,43.83,new
ORTINGLOBE, EQ,2026-10-05,14.36,14.84,13.82,13.82,13.82,14.52,25484,359000.0,64,,17530.0,68.79,new
OSELDEVICE, SM,2026-10-05,370.0,381.95,356.15,365.8,367.0,368.55,25400,9259000.0,99,,16000.0,62.99,new
OSIAHYPER, BZ,2026-10-05,2.09,2.19,2.09,2.09,2.1,2.2,474149,994999.9999999999,485,,,,new
OSWALAGRO, EQ,2026-10-05,33.15,33.7,32.7,32.98,33.29,33.11,38253,1265000.0,244,,33971.0,88.81,new
OSWALGREEN, EQ,2026-10-05,19.5,19.7,19.0,19.14,19.1,19.28,121806,2356000.0,2112,,45058.0,36.99,new
OSWALPUMPS, EQ,2026-10-05,265.0,268.45,261.6,265.1,263.85,264.25,278244,73692000.0,6250,,117742.0,42.32,new
OSWALSEEDS, EQ,2026-10-05,12.22,12.6,12.15,12.18,12.16,12.39,66839,819999.9999999999,246,,46505.0,69.58,new
OWAIS, SM,2026-10-05,68.4,68.4,65.85,67.5,67.5,67.1,4800,323000.0,33,,4700.0,97.92,new
PACEDIGITK, EQ,2026-10-05,168.0,169.86,162.26,164.04,164.14,167.35,915203,150585000.0,13254,,311378.0,34.02,new
PACIFICI, EQ,2026-10-05,144.99,148.95,138.0,139.5,139.5,135.99,1376,198000.0,79,,1125.0,81.76,new
PAGEIND, EQ,2026-10-05,37000.0,37830.0,36520.0,37465.0,37465.0,36660.0,24628,920868000.0,9760,,10694.0,43.42,new
PAISALO, EQ,2026-10-05,80.5,81.59,78.95,81.13,81.0,79.9,13369295,1079981000.0,33638,,5542156.0,41.45,new
PAKKA, EQ,2026-10-05,73.0,73.2,69.43,69.79,70.1,72.26,146654,10314000.0,1802,,106245.0,72.45,new
PALASHSECU, EQ,2026-10-05,84.1,90.0,83.1,87.94,88.9,84.5,2831,243000.00000000003,66,,2132.0,75.31,new
PALREDTEC, EQ,2026-10-05,41.78,43.74,41.0,43.67,43.67,41.77,407,17000.0,13,,386.0,94.84,new
PANACEABIO, EQ,2026-10-05,360.1,362.1,347.7,350.25,350.0,359.05,51467,18156000.0,2082,,32093.0,62.36,new
PANACHE, BE,2026-10-05,541.95,541.95,531.5,541.95,541.95,516.15,16255,8796000.0,178,,,,new
PANAMAPET, EQ,2026-10-05,491.0,497.0,480.0,482.2,486.8,487.1,109018,52942999.99999999,5627,,54507.0,50.0,new
PANORAMA, EQ,2026-10-05,65.51,69.5,62.01,63.5,64.31,60.91,13683999,902035000.0,54170,,1694617.0,12.38,new
PANSARI, EQ,2026-10-05,260.0,264.0,250.6,254.3,250.6,260.0,853,220000.00000000003,32,,769.0,90.15,new
PAR, BE,2026-10-05,123.95,126.95,118.01,125.79,125.9,123.95,11159,1384000.0,176,,,,new
PARACABLES, EQ,2026-10-05,58.0,58.0,55.52,56.08,55.58,56.51,729507,41121000.0,5512,,369723.0,50.68,new
PARADEEP, EQ,2026-10-05,151.85,154.21,150.0,153.6,153.79,151.22,1604847,244841000.0,21887,,579218.0,36.09,new
PARAGMILK, EQ,2026-10-05,267.0,283.4,267.0,281.0,282.55,264.0,2320736,639924000.0,32655,,1111815.0,47.91,new
PARAGON, SM,2026-10-05,48.5,49.5,48.5,49.5,49.5,49.05,2400,118000.0,2,,2400.0,100.0,new
PARAMATRIX, SM,2026-10-05,56.0,56.0,54.0,54.9,55.0,56.0,15600,858000.0,9,,15600.0,100.0,new
PARAS, EQ,2026-10-05,1276.1,1297.8,1252.5,1266.2,1270.0,1276.0,532009,675968000.0,39297,,137119.0,25.77,new
PARASPETRO, EQ,2026-10-05,2.02,2.09,2.0,2.06,2.08,2.02,91167,187000.0,260,,64520.0,70.77,new
PARIN, EQ,2026-10-05,710.6,719.0,694.55,701.5,705.0,703.85,5691,4015999.9999999995,438,,3587.0,63.03,new
PARKHOSPS, EQ,2026-10-05,270.35,274.0,261.0,267.75,270.0,270.8,1099956,294346000.0,14773,,629763.0,57.25,new
PARKHOTELS, EQ,2026-10-05,105.1,105.11,100.6,103.83,103.3,103.55,194819,19979000.0,5375,,91374.0,46.9,new
PARNAXLAB, EQ,2026-10-05,113.0,117.9,111.12,113.23,112.5,113.14,972,111000.00000000001,24,,771.0,79.32,new
PARSVNATH, BE,2026-10-05,2.17,2.17,2.17,2.17,2.17,2.13,20570,45000.0,40,,,,new
PARTH, SM,2026-10-05,513.3,518.5,504.0,504.05,504.05,510.75,4400,2244000.0,11,,2800.0,63.64,new
PARTY-RE, ST,2026-10-05,0.25,0.25,0.25,0.25,0.25,0.2,773892,193000.0,119,,773892.0,100.0,new
PARTYCRUS, SM,2026-10-05,98.0,98.0,97.05,97.05,97.05,98.0,2000,195000.0,2,,2000.0,100.0,new
PASHUPATI, EQ,2026-10-05,80.0,81.6,72.39,74.03,74.3,78.99,576055,44334000.0,3827,,180133.0,31.27,new
PASUPTAC, EQ,2026-10-05,69.0,71.45,66.33,67.51,67.0,69.64,150318,10316000.0,2193,,80804.0,53.76,new
PATANJALI, EQ,2026-10-05,356.0,358.8,348.85,355.7,355.7,355.15,7070094,2499462000.0,40883,,2089676.0,29.56,new
PATELENG, EQ,2026-10-05,26.04,26.41,25.56,25.73,25.7,25.92,1542421,40073000.0,6111,,705143.0,45.72,new
PATELRMART, EQ,2026-10-05,213.65,224.0,210.89,222.9,223.0,211.0,133406,29229000.000000004,2747,,54688.0,40.99,new
PATILAUTOM, ST,2026-10-05,330.0,330.0,310.0,320.35,320.0,325.55,29400,9414000.0,41,,28200.0,95.92,new
PATINTLOG, EQ,2026-10-05,13.23,13.4,12.75,13.02,13.02,13.23,53255,692000.0,281,,34020.0,63.88,new
PAUSHAKLTD, EQ,2026-10-05,654.0,672.0,645.0,657.45,664.0,650.3,22958,15141999.999999998,1790,,13302.0,57.94,new
PAVNAIND, EQ,2026-10-05,15.94,15.94,15.3,15.45,15.5,15.36,12433,193000.0,117,,9965.0,80.15,new
PAYTM, EQ,2026-10-05,1656.0,1694.0,1654.9,1684.0,1684.0,1656.0,2267650,3804439000.0,77196,,1081333.0,47.69,new
PBMPOLY, EQ,2026-10-05,60.32,60.32,57.0,58.02,57.02,58.85,390,23000.0,23,,280.0,71.79,new
PCBL, EQ,2026-10-05,322.85,327.2,318.6,320.35,320.8,321.5,457281,147243000.0,15301,,199090.0,43.54,new
PCCL, SM,2026-10-05,404.9,415.9,404.9,415.9,415.9,406.0,3200,1300000.0,6,,2800.0,87.5,new
PCJEWELLER, EQ,2026-10-05,13.0,13.32,12.86,13.06,13.09,12.82,199713384,2611935000.0,120038,,41370198.0,20.71,new
PDMJEPAPER, EQ,2026-10-05,96.29,97.68,94.25,95.85,96.5,95.56,124848,11973000.0,2277,,55321.0,44.31,new
PDSL, EQ,2026-10-05,351.1,354.9,339.15,342.3,345.0,347.55,94396,32487000.0,4733,,59465.0,63.0,new
PEARLPOLY, EQ,2026-10-05,17.78,17.78,16.62,17.22,17.25,17.09,4266,73000.0,40,,3536.0,82.89,new
PELATRO, SM,2026-10-05,376.5,376.5,359.0,363.45,363.5,359.9,6600,2417000.0,19,,5100.0,77.27,new
PENIND, EQ,2026-10-05,175.53,180.54,174.42,178.71,178.69,173.62,571235,101689000.0,10750,,302002.0,52.87,new
PENINLAND, EQ,2026-10-05,14.81,14.95,14.22,14.5,14.55,14.62,133469,1943000.0,540,,92227.0,69.1,new
PENTAGON, ST,2026-10-05,77.1,84.8,77.0,84.8,84.8,80.8,3000,239000.0,3,,2000.0,66.67,new
PERMAGN, EQ,2026-10-05,880.0,903.8,837.6,859.0,856.0,861.3,4426,3804000.0,537,,3174.0,71.71,new
PERNIASPOP, EQ,2026-10-05,525.0,535.0,518.0,523.75,522.0,544.7,111092,58095000.00000001,5488,,60349.0,54.32,new
PERSISTENT, EQ,2026-10-05,5448.0,5620.0,5387.5,5530.0,5530.0,5367.0,768988,4251999000.0,65767,,284751.0,37.03,new
PETRONET, EQ,2026-10-05,287.5,294.0,286.5,290.0,290.0,285.5,2861154,832312000.0000001,53930,,1397738.0,48.85,new
PFC, EQ,2026-10-05,320.1,323.35,317.7,322.0,322.0,318.0,11353503,3641305000.0000005,95145,,7334254.0,64.6,new
PFIZER, EQ,2026-10-05,3858.9,3878.0,3809.6,3842.2,3878.0,3858.9,49211,188556000.0,14657,,25210.0,51.23,new
PFOCUS, EQ,2026-10-05,303.0,303.2,282.65,285.65,282.8,301.55,4184306,1210861000.0,44098,,528540.0,12.63,new
PFS, EQ,2026-10-05,28.81,29.5,28.0,28.19,28.11,28.81,774445,21883000.0,7546,,356046.0,45.97,new
PGEL, EQ,2026-10-05,487.55,500.8,485.0,487.7,487.7,481.1,1475580,725037000.0,27593,,608749.0,41.25,new
PGHH, EQ,2026-10-05,6636.0,6785.0,6611.0,6768.0,6750.0,6639.0,11457,76778000.0,4247,,5944.0,51.88,new
PGHL, EQ,2026-10-05,5360.0,5403.5,5280.0,5300.0,5300.0,5360.0,8910,47628000.0,2790,,4580.0,51.4,new
PGIL, EQ,2026-10-05,1267.5,1289.3,1255.0,1266.5,1275.0,1263.0,114074,144815000.0,19943,,64421.0,56.47,new
PGINVIT, IV,2026-10-05,101.9,102.25,101.0,102.1,102.24,101.84,1522715,155104000.0,8726,,1265888.0,83.13,new
PHANTOMFX, SM,2026-10-05,89.0,91.0,84.0,84.9,84.5,86.2,17400,1514000.0,43,,13500.0,77.59,new
PHARMABEES, EQ,2026-10-05,27.78,27.78,26.77,26.85,26.87,27.11,4845725,130255000.0,18130,,3098471.0,63.94,new
PHOENIXLTD, EQ,2026-10-05,1911.1,1954.9,1909.2,1935.0,1935.0,1930.0,430722,832612000.0000001,34854,,259021.0,60.14,new
PHOENXINTL, EQ,2026-10-05,29.0,29.0,27.85,28.15,28.39,28.15,2758,78000.0,52,,2751.0,99.75,new
PICCADIL, EQ,2026-10-05,581.0,595.0,579.1,588.45,593.0,581.05,144930,85067000.0,8803,,71976.0,49.66,new
PIDILITIND, EQ,2026-10-05,1464.2,1487.7,1458.2,1487.7,1487.7,1464.0,843401,1241119000.0,49005,,633497.0,75.11,new
PIGL, EQ,2026-10-05,93.87,96.98,93.0,94.55,95.5,93.87,27104,2570000.0,563,,17712.0,65.35,new
PIIND, EQ,2026-10-05,2243.9,2287.9,2199.6,2220.0,2220.0,2236.0,210128,469189000.00000006,20873,,100221.0,47.7,new
PILANIINVS, EQ,2026-10-05,3975.0,4033.0,3933.0,3984.7,4000.0,3892.3,3139,12557000.0,1369,,2041.0,65.02,new
PILITA, EQ,2026-10-05,7.4,7.5,7.31,7.39,7.31,7.45,19487,144000.0,172,,15074.0,77.35,new
PINELABS, EQ,2026-10-05,169.5,171.48,166.27,167.16,166.8,167.59,9150895,1544172000.0,65581,,3159847.0,34.53,new
PIONEEREMB, EQ,2026-10-05,19.86,20.98,19.86,20.13,20.39,20.07,2014,41000.0,46,,779.0,38.68,new
PIONRINV, BE,2026-10-05,70.0,70.0,69.35,69.35,69.35,73.0,11338,786000.0,62,,,,new
PIRAMALFIN, EQ,2026-10-05,2024.0,2046.0,1986.5,2002.6,1995.0,2023.3,185520,373129000.0,22794,,76544.0,41.26,new
PITTIENG, EQ,2026-10-05,1128.0,1143.1,1117.6,1127.3,1129.0,1123.8,44959,50817000.0,4665,,24004.0,53.39,new
PIXTRANS, EQ,2026-10-05,1818.3,1860.0,1815.0,1834.2,1820.2,1809.3,82916,152203000.0,11981,,17779.0,21.44,new
PKTEA, BE,2026-10-05,1004.1,1043.9,992.0,1033.0,1033.0,1037.7,178,182000.0,35,,,,new
PLADAINFO, SM,2026-10-05,13.0,13.0,13.0,13.0,13.0,13.0,3000,39000.0,1,,3000.0,100.0,new
PLASTIBLEN, EQ,2026-10-05,195.0,203.45,195.0,197.79,197.15,193.62,39678,7906000.0,1251,,19621.0,49.45,new
PLATIND, EQ,2026-10-05,205.1,207.0,198.5,203.83,204.0,202.0,538128,109959999.99999999,2592,,41402.0,7.69,new
PLAZACABLE, EQ,2026-10-05,56.02,57.99,54.5,55.32,55.0,57.12,82221,4555000.0,1471,,45768.0,55.66,new
PML, EQ,2026-10-05,479.6,493.95,473.0,486.95,480.0,472.65,92,45000.0,8,,91.0,98.91,new
PNB, EQ,2026-10-05,110.65,113.58,110.5,112.35,112.35,109.57,12282429,1379693000.0,66058,,4002454.0,32.59,new
PNBGILTS, EQ,2026-10-05,72.0,73.85,71.3,71.72,71.38,71.63,311935,22615000.0,3183,,132326.0,42.42,new
PNBHOUSING, EQ,2026-10-05,1092.0,1116.0,1088.3,1105.8,1105.8,1092.0,638892,705039000.0,33088,,357267.0,55.92,new
PNC, EQ,2026-10-05,18.27,18.27,16.6,17.22,17.22,18.09,8826,152000.0,325,,4621.0,52.36,new
PNCINFRA, EQ,2026-10-05,140.23,140.23,136.45,137.03,136.47,138.16,400817,55375000.0,11815,,193030.0,48.16,new
PNGJL, EQ,2026-10-05,586.95,587.1,571.75,573.3,573.1,581.95,514316,297075000.0,23785,,254162.0,49.42,new
PNGSREVA, EQ,2026-10-05,507.55,539.85,505.1,535.3,539.0,504.4,481628,254417000.0,18847,,123140.0,25.57,new
POCL, EQ,2026-10-05,441.6,448.95,437.0,439.55,439.0,437.0,208064,91868000.0,7774,,87364.0,41.99,new
PODDARMENT, EQ,2026-10-05,254.05,264.0,251.0,251.95,255.5,253.65,1070,274000.0,67,,658.0,61.5,new
POEL, EQ,2026-10-05,141.13,141.95,136.0,136.27,137.95,136.45,26509,3674000.0,1511,,12288.0,46.35,new
POKARNA, EQ,2026-10-05,702.6,719.8,690.45,699.2,693.15,699.1,43352,30248000.0,3379,,20347.0,46.93,new
POLICYBZR, EQ,2026-10-05,984.9,1006.3,945.1,976.2,976.2,980.0,13249741,12962486000.0,364271,,4061565.0,30.65,new
POLYCAB, EQ,2026-10-05,7990.0,8186.0,7980.5,8080.0,8080.0,7990.0,424158,3434098000.0000005,44774,,276162.0,65.11,new
POLYMED, EQ,2026-10-05,1630.0,1639.1,1595.1,1619.6,1622.0,1638.1,126764,205113000.0,14916,,70088.0,55.29,new
POLYPLEX, EQ,2026-10-05,1028.0,1041.1,1015.0,1020.5,1038.5,1028.0,28871,29669000.0,2776,,18638.0,64.56,new
POLYSIL, SM,2026-10-05,57.45,60.0,55.7,55.85,55.7,58.6,18500,1050000.0,25,,17000.0,91.89,new
POLYSPIN, EQ,2026-10-05,28.0,32.36,28.0,28.87,28.87,29.5,766,22000.0,29,,572.0,74.67,new
PONNIERODE, EQ,2026-10-05,375.15,386.7,366.3,368.4,367.05,372.35,53786,19965000.0,2299,,35224.0,65.49,new
POOJALOGIS, ST,2026-10-05,122.0,122.0,115.9,119.2,119.0,122.0,174000,20692000.0,92,,169200.0,97.24,new
POONAWALLA, EQ,2026-10-05,438.05,453.9,436.5,451.95,453.0,433.4,1365007,611596000.0,45249,,564924.0,41.39,new
POSITRON, SM,2026-10-05,222.2,222.2,217.15,217.15,217.15,228.55,7500,1639999.9999999998,24,,7200.0,96.0,new
POWERGRID, EQ,2026-10-05,255.4,259.5,255.4,257.0,257.0,254.55,7327971,1884706000.0000002,44990,,4777513.0,65.2,new
POWERICA, EQ,2026-10-05,589.05,600.35,584.0,587.15,587.0,589.15,100209,59153000.0,4888,,46175.0,46.08,new
POWERINDIA, EQ,2026-10-05,31500.0,32015.0,31380.0,31500.0,31500.0,31290.0,72077,2278674000.0,21535,,32218.0,44.7,new
POWERMECH, EQ,2026-10-05,2476.1,2492.4,2410.1,2431.5,2428.5,2476.2,37067,90449000.0,7092,,12815.0,34.57,new
PPAP, BE,2026-10-05,225.11,232.45,225.0,228.56,229.7,228.49,4634,1059000.0,80,,,,new
PPL, EQ,2026-10-05,243.95,269.9,243.65,253.1,252.5,243.55,117672,30542000.0,3469,,61417.0,52.19,new
PPLPHARMA, EQ,2026-10-05,197.97,201.65,194.28,194.89,194.64,197.97,1898343,373393000.0,29598,,764134.0,40.25,new
PPSL, SM,2026-10-05,2.75,2.85,2.75,2.85,2.85,2.75,30000,84000.0,9,,30000.0,100.0,new
PRABHA, EQ,2026-10-05,216.43,222.0,213.82,214.9,215.26,218.31,72107,15626000.0,1865,,39526.0,54.82,new
PRADPME, EQ,2026-10-05,465.0,479.0,450.05,470.65,465.0,449.25,8630,4010000.0,264,,6768.0,78.42,new
PRAENG, EQ,2026-10-05,20.0,20.5,18.21,19.01,19.25,20.09,96275,1862000.0,461,,57165.0,59.38,new
PRAJIND, EQ,2026-10-05,303.3,309.75,303.1,304.05,304.45,303.25,392337,120240000.00000001,15635,,151775.0,38.68,new
PRAKASH, EQ,2026-10-05,119.0,121.22,116.76,119.72,120.0,118.69,413992,49201000.0,4680,,209120.0,50.51,new
PRAKASHSTL, EQ,2026-10-05,3.51,3.62,3.51,3.51,3.53,3.56,45516,162000.0,322,,39319.0,86.39,new
PRAMARA, SM,2026-10-05,104.5,104.5,98.5,101.25,101.25,102.1,7000,706000.0,14,,6500.0,92.86,new
PRAMODINI, SM,2026-10-05,115.15,119.9,113.0,113.5,113.5,115.05,74400,8530000.0,58,,61200.0,82.26,new
PRANAV, EQ,2026-10-05,100.0,100.5,91.8,93.21,92.4,97.21,2359841,224485000.0,23439,,634534.0,26.89,new
PRANIK, SM,2026-10-05,44.05,44.05,44.05,44.05,44.05,44.05,1600,70000.0,1,,1600.0,100.0,new
PRASOLCHEM, EQ,2026-10-05,822.7,827.25,782.15,789.05,795.0,814.05,288218,230139000.0,15426,,118452.0,41.1,new
PRATHAM, SM,2026-10-05,120.1,124.0,120.1,124.0,124.0,127.5,10800,1317000.0,7,,10800.0,100.0,new
PRAVEG, EQ,2026-10-05,239.1,243.8,230.25,232.42,231.99,238.1,178581,41786000.0,1504,,158464.0,88.74,new
PRAXIS, EQ,2026-10-05,4.39,4.59,4.22,4.41,4.48,4.39,29052,130000.0,111,,21037.0,72.41,new
PRECAM, EQ,2026-10-05,109.9,112.65,107.7,108.91,108.65,109.9,135479,14809000.0,3468,,64121.0,47.33,new
PRECISION, ST,2026-10-05,6.8,7.05,6.5,6.85,6.5,6.8,48000,332000.0,11,,46000.0,95.83,new
PRECOT, EQ,2026-10-05,648.7,649.0,594.6,605.1,602.5,638.35,7150,4445000.0,305,,5082.0,71.08,new
PRECWIRE, EQ,2026-10-05,506.0,524.0,504.85,507.4,508.35,501.4,934457,481502000.00000006,45088,,274927.0,29.42,new
PREMCO, EQ,2026-10-05,399.95,399.95,394.1,398.8,398.7,399.95,196,78000.0,26,,196.0,100.0,new
PREMEXPLN, EQ,2026-10-05,682.05,688.95,682.05,685.05,685.0,682.05,155880,106758999.99999999,2925,,114300.0,73.33,new
PREMIER, BE,2026-10-05,2.73,2.73,2.47,2.52,2.65,2.6,38122,96000.0,105,,,,new
PREMIERENE, EQ,2026-10-05,885.45,893.6,864.0,891.95,891.95,878.05,985692,866424000.0,27748,,404327.0,41.02,new
PREMIERPOL, EQ,2026-10-05,91.02,106.05,89.81,101.54,102.0,90.64,5042542,506079000.0,59523,,493462.0,9.79,new
PREMIUM, SM,2026-10-05,44.9,46.2,44.0,46.2,46.2,44.9,15000,679000.0,4,,12000.0,80.0,new
PRESSTONIC, ST,2026-10-05,46.3,46.3,44.0,44.05,44.0,46.3,49600,2195000.0,46,,44800.0,90.32,new
PRESTIGE, EQ,2026-10-05,1484.4,1499.6,1445.0,1445.0,1445.0,1486.1,745266,1085458000.0,19822,,501431.0,67.28,new
PRICOLLTD, EQ,2026-10-05,743.35,746.9,699.0,704.45,707.0,734.5,697878,493213000.0,30089,,416222.0,59.64,new
PRIMECAB, ST,2026-10-05,212.0,216.5,195.95,203.95,202.0,206.25,121600,24957000.0,69,,110400.0,90.79,new
PRIMESECU, EQ,2026-10-05,301.5,305.0,295.0,298.8,300.85,301.5,15156,4558000.0,480,,6277.0,41.42,new
PRIMO, EQ,2026-10-05,26.85,26.9,25.55,26.08,26.12,25.41,414021,10819000.0,1324,,298574.0,72.12,new
PRINCEPIPE, EQ,2026-10-05,246.9,251.0,243.2,247.45,248.5,246.9,125575,31044000.0,4437,,62984.0,50.16,new
PRIORITY, EQ,2026-10-05,294.0,315.9,287.05,291.2,289.0,290.45,508895,153456000.0,14618,,175653.0,34.52,new
PRISMX, EQ,2026-10-05,0.52,0.52,0.49,0.5,0.51,0.52,477178,239000.0,190,,472711.0,99.06,new
PRITI, EQ,2026-10-05,30.91,32.95,30.91,32.04,32.22,32.79,2125,68000.0,85,,1800.0,84.71,new
PRITIKAUTO, EQ,2026-10-05,16.05,16.73,15.85,16.02,16.14,16.11,138076,2237000.0,806,,85427.0,61.87,new
PRIVISCL, EQ,2026-10-05,3570.0,3593.0,3424.1,3442.2,3430.3,3573.0,186750,649178000.0,27510,,114873.0,61.51,new
PRIZOR, ST,2026-10-05,1200.0,1253.7,1200.0,1253.7,1253.7,1194.0,18800,23507000.0,46,,18000.0,95.74,new
PRLIND, SM,2026-10-05,44.2,46.45,44.0,44.55,44.55,44.0,34000,1539000.0,17,,24000.0,70.59,new
PROPEQUITY, SM,2026-10-05,185.0,207.7,184.95,207.7,207.7,184.0,7200,1390000.0,12,,6000.0,83.33,new
PROPSHOP, SM,2026-10-05,68.95,70.5,68.95,70.5,70.5,66.5,82000,5721000.0,13,,80000.0,97.56,new
PROSTARM, EQ,2026-10-05,136.8,140.2,131.15,132.0,132.33,135.41,374129,50909000.0,7319,,119939.0,32.06,new
PROTEAN, EQ,2026-10-05,643.0,657.65,635.0,639.05,642.0,639.75,346309,223628000.00000003,14946,,103016.0,29.75,new
PROZONER, EQ,2026-10-05,53.0,53.69,49.52,50.54,50.4,52.53,267154,13522999.999999998,2644,,150105.0,56.19,new
PRSMJOHNSN, EQ,2026-10-05,104.47,104.59,101.7,102.06,102.0,103.61,215104,22125000.0,4703,,110202.0,51.23,new
PRUDENT, EQ,2026-10-05,3128.7,3153.5,3082.9,3108.1,3118.6,3119.1,12341,38400000.0,5148,,6262.0,50.74,new
PRUDMOULI, EQ,2026-10-05,13.63,14.0,13.45,13.87,13.87,13.49,15810,219000.0,153,,14195.0,89.78,new
PSB, EQ,2026-10-05,21.06,21.38,20.92,21.02,21.01,20.96,907370,19147000.0,3495,,345888.0,38.12,new
PSPPROJECT, EQ,2026-10-05,759.65,782.0,754.8,764.55,760.6,747.1,58824,45188000.0,3071,,28011.0,47.62,new
PSRAJ, SM,2026-10-05,100.5,100.5,98.0,98.0,98.0,100.7,7500,746000.0,3,,7500.0,100.0,new
PSUBANK, EQ,2026-10-05,79.94,81.28,79.93,80.31,80.55,79.52,78960,6368000.0,614,,31904.0,40.41,new
PSUBANKADD, EQ,2026-10-05,81.4,82.07,80.8,81.05,81.15,80.47,19772,1607000.0,317,,7076.0,35.79,new
PSUBNKBEES, EQ,2026-10-05,89.3,90.6,88.55,89.31,89.46,88.92,2167646,194234000.0,8604,,1530323.0,70.6,new
PSUBNKIETF, EQ,2026-10-05,81.95,82.37,80.49,80.95,80.86,80.66,72226,5900000.0,1006,,29423.0,40.74,new
PTC, EQ,2026-10-05,156.45,157.9,155.0,157.52,157.3,154.79,3047215,476884000.0,33461,,1663495.0,54.59,new
PTCIL, EQ,2026-10-05,22025.0,22620.0,21665.0,22530.0,22590.0,22025.0,18625,413318000.0,6268,,6749.0,36.24,new
PTL, EQ,2026-10-05,37.88,38.5,37.88,38.21,38.22,37.87,20109,769000.0,751,,14736.0,73.28,new
PUNJABCHEM, EQ,2026-10-05,1040.0,1080.0,1032.1,1036.9,1044.0,1040.9,1385,1442000.0,312,,1021.0,73.72,new
PURPLEUTED, SM,2026-10-05,472.0,472.25,472.0,472.25,472.25,449.8,6250,2951000.0,16,,6250.0,100.0,new
PURVA, EQ,2026-10-05,205.0,209.8,201.41,206.93,208.0,204.64,126827,26049000.0,2515,,57362.0,45.23,new
PURVFLEXI, SM,2026-10-05,42.0,42.0,42.0,42.0,42.0,40.0,1600,67000.0,2,,800.0,50.0,new
PUSHPA, SM,2026-10-05,117.0,122.0,116.05,120.0,120.0,116.0,222000,26255000.0,115,,95000.0,42.79,new
PVP, EQ,2026-10-05,47.95,47.95,47.95,47.95,47.95,50.47,150380,7211000.0,506,,150380.0,100.0,new
PVRINOX, EQ,2026-10-05,1236.8,1249.9,1216.0,1231.4,1230.0,1215.3,279083,343549000.0,24130,,129377.0,46.36,new
PVSL, EQ,2026-10-05,89.1,92.19,89.1,91.08,90.8,89.86,15818,1437000.0,509,,11462.0,72.46,new
PVTBANIETF, EQ,2026-10-05,27.47,27.55,26.9,27.07,27.1,27.15,1543192,41901000.0,1697,,856992.0,55.53,new
PVTBANK, EQ,2026-10-05,26.9,27.79,26.62,26.79,26.79,26.82,398571,10684000.0,79,,380830.0,95.55,new
PVTBANKADD, EQ,2026-10-05,27.36,27.45,26.91,27.11,27.31,27.18,55502,1509000.0,145,,40535.0,73.03,new
PVTBKGROWW, EQ,2026-10-05,26.75,27.39,26.6,26.64,26.63,26.87,3990,107000.0,117,,1922.0,48.17,new
PWL, EQ,2026-10-05,120.71,133.47,120.71,131.1,131.0,120.17,28246518,3621079000.0,164391,,5523526.0,19.55,new
PYRAMID, EQ,2026-10-05,152.9,160.0,151.8,157.88,157.0,154.34,75463,11721000.0,917,,50590.0,67.04,new
QGOLDHALF, EQ,2026-10-05,122.37,122.37,120.85,121.83,121.85,121.63,308208,37514000.0,1118,,235355.0,76.36,new
QLINE, SM,2026-10-05,668.0,668.0,650.0,663.55,668.0,661.1,60800,40215000.0,132,,37200.0,61.18,new
QMSMEDI, BE,2026-10-05,194.7,194.7,185.89,185.89,185.89,195.67,18972,3533000.0,118,,,,new
QNIFTY, EQ,2026-10-05,252.65,252.65,247.2,248.85,248.8,247.7,20626,5125000.0,286,,14283.0,69.25,new
QPOWER, EQ,2026-10-05,1569.8,1640.0,1569.8,1620.2,1624.0,1564.6,336640,546033000.0,18968,,159489.0,47.38,new
QUADFUTURE, EQ,2026-10-05,536.0,546.95,524.0,529.25,531.0,531.4,319071,170695000.0,12801,,72790.0,22.81,new
QUAL30IETF, EQ,2026-10-05,19.61,19.98,19.54,19.57,19.72,19.54,182401,3576000.0,350,,131606.0,72.15,new
QUALIANCE, SM,2026-10-05,180.0,183.05,172.8,174.6,172.8,179.5,42000,7456000.0,42,,30000.0,71.43,new
QUALITY30, EQ,2026-10-05,19.57,19.91,19.14,19.71,19.55,19.48,47755,924000.0,179,,26292.0,55.06,new
QUESS, EQ,2026-10-05,337.6,345.95,335.1,341.85,342.9,336.2,262863,89569000.0,17608,,141908.0,53.99,new
QUESTLAB, SM,2026-10-05,94.0,97.0,94.0,96.0,96.0,91.85,13200,1266000.0,11,,8400.0,63.64,new
QUICKHEAL, EQ,2026-10-05,140.0,141.18,137.21,137.91,138.7,138.15,67554,9414000.0,1956,,34001.0,50.33,new
QUICKTOUCH, SM,2026-10-05,14.55,14.55,14.5,14.5,14.55,15.25,12000,174000.0,13,,11500.0,95.83,new
QUINT, BE,2026-10-05,66.0,66.0,65.31,65.31,65.31,68.74,3378,222000.00000000003,34,,,,new
QUINTEGRA, EQ,2026-10-05,1.4,1.4,1.4,1.4,1.4,1.34,41644,57999.99999999999,14,,41634.0,99.98,new
QVCEL, SM,2026-10-05,25.2,25.2,25.15,25.15,25.15,24.0,3200,81000.0,2,,3200.0,100.0,new
RACE, EQ,2026-10-05,117.0,117.0,108.12,108.95,110.0,113.18,26720,2982000.0,811,,13460.0,50.37,new
RACLGEAR, EQ,2026-10-05,1539.8,1575.0,1522.6,1550.4,1575.0,1538.2,17316,26683000.0,3438,,7764.0,44.84,new
RADAAN, EQ,2026-10-05,2.98,3.01,2.86,2.99,3.0,2.98,27071,80000.0,85,,20674.0,76.37,new
RADHIKAJWE, BE,2026-10-05,69.0,69.0,67.21,67.82,67.99,68.98,102302,6945000.0,918,,,,new
RADIANTCMS, EQ,2026-10-05,35.75,35.98,34.7,34.92,35.03,35.89,108260,3803000.0,1291,,51246.0,47.34,new
RADICO, EQ,2026-10-05,4242.0,4307.0,4238.5,4289.1,4289.1,4237.0,395032,1691023000.0,46377,,262575.0,66.47,new
RADIOCITY, EQ,2026-10-05,5.76,6.1,5.76,5.9,5.86,5.88,28659,169000.0,130,,23731.0,82.8,new
RADIOWALLA, ST,2026-10-05,28.05,28.05,28.05,28.05,28.05,28.6,1600,45000.0,1,,1600.0,100.0,new
RAILTEL, EQ,2026-10-05,258.0,260.4,251.15,252.3,253.95,257.2,495278,126057000.0,18051,,185812.0,37.52,new
RAIN, EQ,2026-10-05,209.03,213.57,206.32,208.02,206.7,208.52,1705460,358076000.0,20171,,734479.0,43.07,new
RAINBOW, EQ,2026-10-05,1285.8,1299.9,1263.6,1269.3,1275.0,1279.8,137076,174552000.0,30179,,86790.0,63.32,new
RAJESHEXPO, BZ,2026-10-05,64.0,64.03,61.25,62.35,62.65,64.03,155445,9695000.0,3106,,,,new
RAJMET, EQ,2026-10-05,3.06,3.1,3.06,3.06,3.06,3.08,178433,548000.0,609,,135796.0,76.1,new
RAJOOENG, EQ,2026-10-05,54.95,56.25,53.57,54.97,55.0,53.21,581746,31908000.0,2575,,361658.0,62.17,new
RAJPALAYAM, EQ,2026-10-05,715.0,750.0,715.0,734.35,732.0,738.0,410,300000.0,50,,293.0,71.46,new
RAJPUTANA, SM,2026-10-05,187.1,214.0,187.1,206.05,206.05,199.75,5500,1143000.0,11,,2500.0,45.45,new
RAJRATAN, EQ,2026-10-05,453.55,460.7,450.9,454.6,454.3,453.55,46941,21400000.0,5474,,21819.0,46.48,new
RAJRILTD, BE,2026-10-05,20.35,20.4,19.6,19.62,19.6,20.0,26292,523000.00000000006,255,,,,new
RAJSREESUG, EQ,2026-10-05,27.73,29.3,27.51,28.39,28.45,27.73,62446,1766000.0,520,,34123.0,54.64,new
RAJTV, BE,2026-10-05,10.34,11.14,10.34,10.64,10.85,10.8,7371,79000.0,58,,,,new
RALLIS, EQ,2026-10-05,200.0,200.88,197.0,197.16,197.1,199.69,299393,59317999.99999999,10099,,164422.0,54.92,new
RAMANEWS, EQ,2026-10-05,29.07,30.29,29.07,29.36,29.49,29.38,7460,221000.0,117,,6288.0,84.29,new
RAMAPHO, EQ,2026-10-05,123.43,123.43,118.75,119.07,119.01,120.05,9567,1146000.0,291,,6308.0,65.93,new
RAMASTEEL, BE,2026-10-05,4.39,4.39,4.39,4.39,4.39,4.47,224049,984000.0,1078,,,,new
RAMBHAJO, EQ,2026-10-05,297.2,317.5,294.0,305.1,306.05,288.75,1851970,571355000.0,38267,,770349.0,41.6,new
RAMCOCEM, EQ,2026-10-05,832.0,845.65,823.45,837.1,838.7,830.85,93347,77750000.0,5316,,60021.0,64.3,new
RAMCOIND, EQ,2026-10-05,302.5,308.9,296.6,298.5,300.0,302.3,64263,19275000.0,2306,,32743.0,50.95,new
RAMCOSYS, EQ,2026-10-05,546.0,562.8,546.0,555.3,558.5,546.25,39282,21814000.0,2234,,18027.0,45.89,new
RAMKY, EQ,2026-10-05,278.7,284.8,274.8,280.95,282.0,274.6,30641,8545000.0,1132,,19234.0,62.77,new
RAMRAT, EQ,2026-10-05,626.0,662.85,626.0,635.2,638.0,616.55,1507421,970736000.0,74679,,256200.0,17.0,new
RANASUG, EQ,2026-10-05,13.1,13.69,13.1,13.62,13.69,13.08,325768,4416000.0,704,,258316.0,79.29,new
RANEHOLDIN, EQ,2026-10-05,1512.3,1554.9,1512.3,1550.8,1536.0,1518.7,6828,10474000.0,898,,3208.0,46.98,new
RAPIDFLEET, SM,2026-10-05,200.0,200.65,196.0,196.0,196.0,199.4,7200,1440000.0,12,,600.0,8.33,new
RAPPID, SM,2026-10-05,338.1,338.1,322.0,327.35,327.0,347.0,16800,5565000.0,28,,9600.0,57.14,new
RATEGAIN, EQ,2026-10-05,840.65,858.5,835.2,849.45,846.0,840.65,304666,258700000.0,23158,,119496.0,39.22,new
RATNAMANI, EQ,2026-10-05,2619.4,2619.5,2550.0,2564.9,2580.0,2619.4,36107,93231000.0,8462,,17474.0,48.4,new
RATNAVEER, EQ,2026-10-05,347.6,357.7,337.2,339.35,340.35,345.45,3923098,1354940000.0,43670,,1231865.0,31.4,new
RAYMOND, EQ,2026-10-05,1198.0,1316.9,1198.0,1300.7,1313.0,1197.2,2241963,2824640000.0,81864,,527936.0,23.55,new
RAYMONDLSL, EQ,2026-10-05,631.0,640.0,621.85,628.85,632.25,627.7,185665,116738000.00000001,11886,,82927.0,44.66,new
RAYMONDREL, EQ,2026-10-05,655.35,696.7,655.35,691.85,689.0,648.45,2022158,1377354000.0,62492,,428749.0,21.2,new
RBA, EQ,2026-10-05,92.0,95.98,91.45,93.99,93.0,92.22,4841004,457679000.0,45832,,2339095.0,48.32,new
RBLBANK, EQ,2026-10-05,418.05,419.9,410.2,416.55,416.55,411.4,4238401,1761566999.9999998,49170,,1229051.0,29.0,new
RBMINFRA, SM,2026-10-05,245.0,252.0,241.2,243.05,242.5,242.0,5000,1231000.0,25,,2600.0,52.0,new
RBS, SM,2026-10-05,80.0,80.0,80.0,80.0,80.0,81.0,800,64000.0,1,,800.0,100.0,new
RBZJEWEL, BE,2026-10-05,187.03,200.3,187.03,187.03,187.04,196.87,96544,18238000.0,846,,,,new
RCDL, SM,2026-10-05,16.15,16.15,16.15,16.15,16.15,17.0,21000,339000.0,2,,21000.0,100.0,new
RCF, EQ,2026-10-05,106.99,108.47,106.3,106.69,107.12,106.8,704178,75484000.0,8845,,265785.0,37.74,new
RCOM, BE,2026-10-05,0.86,0.87,0.85,0.85,0.86,0.86,2586280,2215000.0,2414,,,,new
READYMIX, SM,2026-10-05,59.55,59.55,53.9,54.7,55.0,59.55,51000,2839000.0,41,,43000.0,84.31,new
RECLTD, EQ,2026-10-05,288.0,296.8,287.3,295.65,295.65,287.75,8639552,2535465000.0,63398,,5891707.0,68.19,new
REDINGTON, EQ,2026-10-05,400.45,416.9,400.45,412.75,411.45,397.95,10144724,4171485000.0,132806,,5446936.0,53.69,new
REDTAPE, EQ,2026-10-05,115.2,115.9,113.34,113.85,113.4,115.29,239207,27361000.0,4678,,109651.0,45.84,new
REFEX, EQ,2026-10-05,272.2,275.95,267.05,271.3,270.85,271.3,451891,122681000.0,4848,,128633.0,28.47,new
REFRACTORY, SM,2026-10-05,39.7,39.7,39.7,39.7,39.7,38.65,1000,40000.0,1,,1000.0,100.0,new
REGAAL, EQ,2026-10-05,85.75,87.44,85.05,85.78,85.05,85.99,116458,10052000.0,1999,,59160.0,50.8,new
REGENCERAM, EQ,2026-10-05,32.0,33.0,31.2,32.53,32.6,31.98,9583,309000.0,71,,6714.0,70.06,new
RELAXO, EQ,2026-10-05,285.2,288.45,280.8,281.95,281.35,285.35,79688,22662000.0,7077,,38129.0,47.85,new
RELCHEMQ, EQ,2026-10-05,113.27,116.5,111.57,113.27,113.0,114.36,1711,194000.0,131,,752.0,43.95,new
RELIABLE, EQ,2026-10-05,141.96,144.89,140.75,142.39,142.5,140.73,13416,1912000.0,339,,10726.0,79.95,new
RELIANCE, EQ,2026-10-05,1171.2,1193.0,1171.2,1186.4,1186.4,1167.7,14254907,16844087000.0,302759,,8879870.0,62.29,new
RELIGARE, EQ,2026-10-05,224.85,227.29,222.36,223.44,223.21,224.59,435896,97617000.0,8751,,250373.0,57.44,new
RELINFRA, BE,2026-10-05,48.8,48.8,48.8,48.8,48.8,46.48,114132,5570000.0,477,,,,new
RELTD, EQ,2026-10-05,147.01,148.39,138.5,144.18,143.99,146.98,285987,40859000.0,4566,,136254.0,47.64,new
REMSONSIND, EQ,2026-10-05,114.8,116.55,108.37,109.71,109.25,112.55,254135,28572000.000000004,3565,,108897.0,42.85,new
REMUS, SM,2026-10-05,895.0,895.0,861.35,867.75,865.0,861.85,1500,1310000.0,15,,800.0,53.33,new
RENTOMOJO, EQ,2026-10-05,529.7,538.6,508.1,510.95,512.6,524.6,1564388,817597000.0,50390,,554643.0,35.45,new
RENUKA, EQ,2026-10-05,21.61,22.36,21.61,21.76,21.72,21.34,9972873,218105000.00000003,19965,,2375358.0,23.82,new
REPCOHOME, EQ,2026-10-05,337.05,342.45,327.05,329.25,330.8,337.75,77171,25617000.0,4360,,48151.0,62.4,new
REPL, EQ,2026-10-05,58.06,59.99,55.0,56.24,55.3,57.99,3152,181000.0,78,,2978.0,94.48,new
REPRO, EQ,2026-10-05,302.05,309.9,291.1,294.25,293.45,303.9,14475,4325000.0,865,,9357.0,64.64,new
RESPONIND, EQ,2026-10-05,160.04,163.21,157.45,158.17,158.99,162.59,150939,24125000.0,2306,,87700.0,58.1,new
RETAIL, BE,2026-10-05,36.39,36.39,33.19,33.19,33.19,34.93,27744,996000.0000000001,69,,,,new
REXPRO, SM,2026-10-05,35.0,35.0,35.0,35.0,35.0,33.5,1000,35000.0,1,,1000.0,100.0,new
RFBL, ST,2026-10-05,111.7,112.45,111.5,112.4,112.45,107.1,36000,4040999.9999999995,12,,24000.0,66.67,new
RGL, EQ,2026-10-05,161.7,165.21,160.0,161.52,160.1,162.5,294768,47968000.0,6401,,136506.0,46.31,new
RHETAN, EQ,2026-10-05,15.81,15.81,15.81,15.81,15.81,16.64,135708,2146000.0,653,,135708.0,100.0,new
RHFL, BZ,2026-10-05,1.62,1.63,1.54,1.56,1.57,1.59,597958,953999.9999999999,949,,,,new
RHIM, EQ,2026-10-05,384.85,387.45,371.65,372.75,372.5,384.85,289249,109398000.0,12378,,134139.0,46.37,new
RHL, EQ,2026-10-05,165.0,169.0,161.0,164.8,164.8,162.92,1002,164000.0,26,,713.0,71.16,new
RICHA, SM,2026-10-05,80.5,80.5,80.5,80.5,80.5,80.7,1000,81000.0,1,,1000.0,100.0,new
RICOAUTO, EQ,2026-10-05,121.63,124.0,119.41,120.52,119.5,121.63,847055,103207000.0,8265,,377090.0,44.52,new
RIIL, EQ,2026-10-05,671.5,681.75,657.0,664.1,660.2,666.85,36561,24404000.0,2875,,13060.0,35.72,new
RIIT, IV,2026-10-05,119.67,121.49,119.67,120.39,120.75,119.67,172856,20909000.0,12821,,155014.0,89.68,new
RILINFRA, SM,2026-10-05,32.6,33.65,32.3,33.15,33.25,31.8,12200,400000.0,48,,10700.0,87.7,new
RIR, EQ,2026-10-05,178.87,179.56,172.93,174.61,176.16,176.97,406622,71711000.0,8152,,159076.0,39.12,new
RISHABH, EQ,2026-10-05,709.3,714.0,680.0,686.2,687.15,698.8,99703,68812000.0,7310,,50105.0,50.25,new
RITCO, EQ,2026-10-05,281.85,288.6,277.25,284.35,287.2,276.7,107523,30480000.0,1553,,84880.0,78.94,new
RITES, EQ,2026-10-05,211.56,212.0,203.59,205.74,204.51,209.48,1278686,262994999.99999997,23373,,189476.0,14.82,new
RKDL, EQ,2026-10-05,17.15,17.98,16.85,17.05,17.24,17.24,18146,312000.0,139,,12261.0,67.57,new
RKEC, BE,2026-10-05,21.93,21.94,20.85,20.85,20.85,21.94,31418,668000.0,137,,,,new
RKFORGE, EQ,2026-10-05,695.45,704.05,692.0,700.45,700.1,695.45,291847,203875000.0,17834,,155647.0,53.33,new
RKSWAMY, EQ,2026-10-05,89.5,89.5,85.23,86.07,86.0,86.46,15497,1336000.0,376,,13041.0,84.15,new
RMC, EQ,2026-10-05,203.9,209.98,190.0,194.15,194.9,202.57,83250,16365000.0,3809,,36386.0,43.71,new
RMDRIP, BE,2026-10-05,23.69,23.69,22.57,23.36,23.68,23.49,295204,6869000.0,559,,,,new
RML, EQ,2026-10-05,1356.0,1384.9,1348.9,1372.2,1368.0,1343.2,36714,50245000.0,3892,,15312.0,41.71,new
RNBDENIMS, BE,2026-10-05,9.03,9.29,8.72,8.97,9.0,9.03,144309,1286000.0,389,,,,new
RNFI, SM,2026-10-05,309.0,315.95,308.0,313.35,315.0,303.35,18000,5588000.0,22,,6600.0,36.67,new
RNPL, SM,2026-10-05,72.35,72.35,72.35,72.35,72.35,68.95,12000,868000.0,8,,12000.0,100.0,new
ROCKPP, E1,2026-10-05,62.9,62.9,62.9,62.9,62.9,57.2,1000,63000.0,1,,1000.0,100.0,new
ROHLTD, EQ,2026-10-05,305.0,305.0,294.0,295.1,297.0,298.65,19878,5900000.0,737,,14770.0,74.3,new
ROLEXRINGS, EQ,2026-10-05,199.0,199.0,189.1,189.77,189.6,196.36,2142313,413935999.99999994,39739,,779370.0,36.38,new
ROLLT, BE,2026-10-05,4.66,4.97,4.65,4.97,4.97,4.74,716180,3522999.9999999995,513,,,,new
ROML, EQ,2026-10-05,44.4,44.4,42.14,43.0,43.0,43.34,5073,218000.00000000003,39,,4347.0,85.69,new
ROSSARI, EQ,2026-10-05,430.0,435.9,417.8,430.9,434.9,427.55,57876,24812000.0,5506,,25983.0,44.89,new
ROSSELLIND, EQ,2026-10-05,49.97,51.4,48.98,50.1,49.83,50.22,30670,1540000.0,487,,23935.0,78.04,new
ROSSTECH, EQ,2026-10-05,1525.0,1624.9,1508.7,1607.2,1595.0,1522.3,314638,493075000.0,27116,,123111.0,39.13,new
ROTO, EQ,2026-10-05,62.89,63.94,61.81,62.26,62.06,62.66,252108,15797999.999999998,2376,,137887.0,54.69,new
ROUTE, EQ,2026-10-05,438.35,446.65,429.5,431.1,431.0,436.4,160190,69826000.0,7835,,85110.0,53.13,new
ROXHITECH, SM,2026-10-05,53.1,62.45,52.65,62.45,62.45,52.05,470400,28019000.0,243,,363200.0,77.21,new
RPEL, EQ,2026-10-05,1848.5,1880.0,1773.1,1825.3,1850.0,1818.9,83683,153377000.0,11740,,37991.0,45.4,new
RPGLIFE, EQ,2026-10-05,2983.5,2983.5,2832.6,2896.4,2905.0,2930.7,23013,66441000.0,3904,,9268.0,40.27,new
RPOWER, EQ,2026-10-05,19.44,20.55,19.44,20.09,20.17,19.41,44727097,894758000.0,83255,,10996111.0,24.58,new
RPPINFRA, EQ,2026-10-05,53.25,53.25,50.41,50.82,50.85,52.6,37515,1916000.0,677,,24655.0,65.72,new
RPPL, BE,2026-10-05,18.95,18.99,18.62,18.72,18.95,19.6,29437,554000.0,144,,,,new
RPSGVENT, EQ,2026-10-05,848.0,849.0,820.95,833.9,839.0,829.85,23182,19293000.0,1045,,12786.0,55.15,new
RPTECH, EQ,2026-10-05,963.5,978.0,935.1,943.45,937.0,953.15,268559,255402000.0,20435,,129741.0,48.31,new
RRECL, EQ,2026-10-05,130.0,135.0,130.0,134.62,135.0,131.46,252,33000.0,10,,142.0,56.35,new
RRIL, EQ,2026-10-05,15.47,15.49,15.15,15.21,15.2,15.11,8335,128000.0,103,,7778.0,93.32,new
RRKABEL, EQ,2026-10-05,2541.5,2654.9,2533.1,2648.0,2654.0,2518.2,635507,1668656000.0000002,58233,,208155.0,32.75,new
RSDFIN, BE,2026-10-05,93.18,95.89,92.0,94.0,94.0,91.35,72,7000.000000000001,7,,,,new
RSL, EQ,2026-10-05,175.51,183.87,174.75,175.57,175.99,174.43,256813,45854000.0,4174,,119652.0,46.59,new
RSSOFTWARE, EQ,2026-10-05,30.9,30.9,29.7,29.79,29.94,30.04,11665,350000.0,103,,10652.0,91.32,new
RSWM, EQ,2026-10-05,204.35,209.99,201.44,203.03,202.1,202.21,30003,6110000.0,786,,16053.0,53.5,new
RSYSTEMS, EQ,2026-10-05,264.0,264.5,248.0,249.9,248.5,263.6,2005620,511408000.0,33295,,377161.0,18.81,new
RTL, SM,2026-10-05,75.95,75.95,71.5,73.0,73.0,76.0,12000,878999.9999999999,6,,8000.0,66.67,new
RTNINDIA, EQ,2026-10-05,25.55,25.8,25.1,25.46,25.65,25.32,840323,21320000.0,4886,,360872.0,42.94,new
RTNPOWER, EQ,2026-10-05,6.74,6.83,6.69,6.73,6.71,6.74,10445792,70597000.0,12898,,4076483.0,39.03,new
RTSPOWR, BE,2026-10-05,109.0,109.0,108.4,108.4,108.4,114.1,2430,263000.0,65,,,,new
RUBFILA, EQ,2026-10-05,63.63,64.99,62.64,63.18,62.7,63.25,50488,3229000.0,592,,21890.0,43.36,new
RUBICON, EQ,2026-10-05,1646.0,1646.0,1560.3,1608.5,1609.9,1630.9,159926,255246999.99999997,16734,,74722.0,46.72,new
RUBYMILLS, EQ,2026-10-05,507.9,507.9,486.75,494.2,487.5,499.65,8647,4265000.0,882,,5083.0,58.78,new
RUCHINFRA, EQ,2026-10-05,4.96,4.97,4.85,4.85,4.85,4.84,32153,158000.0,176,,26253.0,81.65,new
RUCHIRA, EQ,2026-10-05,101.77,105.0,101.41,103.39,103.05,101.31,11460,1182000.0,408,,6652.0,58.05,new
RUDRA, EQ,2026-10-05,18.53,18.92,18.0,18.0,18.0,18.23,12942,235000.0,81,,10394.0,80.31,new
RULKA, SM,2026-10-05,110.1,111.0,104.25,108.0,108.0,107.3,6600,707000.0,13,,6000.0,90.91,new
RUNWALENTR, EQ,2026-10-05,305.0,307.75,281.2,301.45,304.9,305.0,13471588,4013296000.0,134157,,4806249.0,35.68,new
RUPA, EQ,2026-10-05,130.11,132.58,126.67,128.4,128.06,130.58,182693,23630000.0,6639,,88146.0,48.25,new
RUSHIL, EQ,2026-10-05,15.68,16.1,15.37,15.46,15.44,15.9,122974,1914000.0,664,,84135.0,68.42,new
RUSTOMJEE, EQ,2026-10-05,361.25,372.3,355.55,368.5,370.0,361.25,73016,26766000.000000004,2609,,37817.0,51.79,new
RVHL, EQ,2026-10-05,36.81,37.99,36.81,37.46,37.58,37.23,2957,110000.00000000001,83,,1992.0,67.37,new
RVNL, EQ,2026-10-05,198.0,199.9,195.34,196.95,196.95,197.0,2937181,580456000.0,32188,,777827.0,26.48,new
RVTH, EQ,2026-10-05,797.9,803.0,721.1,726.45,721.1,776.7,4355,3343000.0,460,,2008.0,46.11,new
S&SPOWER, EQ,2026-10-05,294.1,298.7,280.0,294.55,288.55,294.1,5695,1629000.0,208,,4137.0,72.64,new
SAAKSHI, ST,2026-10-05,362.05,362.05,358.6,358.6,358.6,365.0,2400,863000.0000000001,4,,2400.0,100.0,new
SAATVIKGL, EQ,2026-10-05,403.55,407.4,399.0,400.85,401.9,405.55,51181,20605000.0,3224,,30000.0,58.62,new
SACHEEROME, SM,2026-10-05,529.0,536.0,493.05,500.05,497.95,499.65,48000,24788000.0,137,,36000.0,75.0,new
SADBHAV, EQ,2026-10-05,6.82,6.99,6.61,6.86,6.89,6.8,124754,855000.0000000001,355,,86448.0,69.29,new
SADBHIN, EQ,2026-10-05,2.6,2.63,2.56,2.61,2.63,2.62,151589,394000.0,261,,107099.0,70.65,new
SADHAV, SM,2026-10-05,119.9,125.0,115.0,115.5,115.5,117.15,18000,2147000.0,27,,16200.0,90.0,new
SADHNANIQ, BE,2026-10-05,2.52,2.59,2.47,2.59,2.59,2.47,1003078,2568000.0,653,,,,new
SAFARI, EQ,2026-10-05,1389.5,1389.5,1300.0,1308.6,1305.8,1378.8,51092,67834000.0,9648,,20966.0,41.04,new
SAFEENTP, SM,2026-10-05,247.25,255.0,246.5,254.4,255.0,247.25,72000,18018000.0,81,,68000.0,94.44,new
SAGARDEEP, EQ,2026-10-05,22.52,23.19,22.0,22.1,22.0,22.52,8473,190000.0,70,,7770.0,91.7,new
SAGCEM, EQ,2026-10-05,150.01,153.51,147.01,148.68,147.31,150.01,13697,2047000.0,718,,7293.0,53.25,new
SAGILITY, EQ,2026-10-05,43.25,43.82,42.21,42.57,42.57,43.17,17899984,766106000.0,26141,,7912646.0,44.2,new
SAHAJSOLAR, SM,2026-10-05,87.05,89.9,87.05,87.6,87.25,86.55,8800,775000.0,22,,4800.0,54.55,new
SAHANA, SM,2026-10-05,801.0,920.05,801.0,889.6,896.0,794.55,90300,80368000.0,452,,59850.0,66.28,new
SAHASRA, SM,2026-10-05,494.95,500.9,485.0,500.9,500.9,477.05,190400,94835000.0,408,,115600.0,60.71,new
SAHLIBHFI, EQ,2026-10-05,78.74,78.74,75.99,76.7,76.9,78.74,34289,2641000.0,144,,26936.0,78.56,new
SAHYADRI, EQ,2026-10-05,363.0,369.85,348.35,361.4,362.9,355.65,10662,3833000.0,668,,6714.0,62.97,new
SAICAPI, EQ,2026-10-05,155.0,155.0,147.1,155.0,155.0,155.0,232,35000.0,13,,182.0,78.45,new
SAIFL, SM,2026-10-05,4.05,4.4,4.05,4.2,4.2,4.1,156000,649000.0,29,,136000.0,87.18,new
SAIL, EQ,2026-10-05,174.21,180.44,173.28,176.95,176.95,174.5,11407529,2006130000.0,67552,,4768803.0,41.8,new
SAILIFE, EQ,2026-10-05,1549.5,1557.9,1501.0,1511.3,1506.0,1541.2,325814,494679000.0,40900,,171484.0,52.63,new
SAIPARENT, EQ,2026-10-05,520.65,520.65,494.0,498.7,495.0,523.65,143394,72513000.0,5119,,91909.0,64.1,new
SAJHOTELS, ST,2026-10-05,28.85,29.0,28.75,29.0,29.0,28.75,8000,231000.0,4,,8000.0,100.0,new
SAKAR, EQ,2026-10-05,1075.0,1094.0,985.0,1006.8,1014.5,1075.0,204117,208131000.0,14725,,109543.0,53.67,new
SAKHTISUG, EQ,2026-10-05,17.51,18.35,17.5,17.8,17.76,17.58,106089,1896000.0,666,,45313.0,42.71,new
SAKSOFT, EQ,2026-10-05,139.65,144.0,138.56,140.72,142.0,139.33,259830,36586000.0,5437,,84897.0,32.67,new
SAKUMA, EQ,2026-10-05,1.58,1.59,1.53,1.54,1.55,1.54,807962,1261000.0,968,,581307.0,71.95,new
SALASAR, EQ,2026-10-05,4.22,4.22,4.01,4.04,4.06,4.13,3745201,15290000.0,4592,,2126173.0,56.77,new
SALONA, EQ,2026-10-05,254.8,274.7,254.8,268.25,268.75,254.35,388,102000.0,41,,293.0,75.52,new
SALSTEEL, EQ,2026-10-05,98.92,100.42,93.98,93.98,93.98,98.92,697076,66802000.0,3300,,340568.0,48.86,new
SALZERELEC, EQ,2026-10-05,526.85,535.9,520.2,525.05,523.0,530.9,33922,17862000.0,2748,,16852.0,49.68,new
SAMBANDAM, EQ,2026-10-05,107.1,107.1,102.15,102.15,102.15,107.1,93,10000.0,6,,93.0,100.0,new
SAMBHAAV, EQ,2026-10-05,5.88,5.88,5.22,5.3,5.22,5.42,100521,542000.0,206,,65497.0,65.16,new
SAMBHV, EQ,2026-10-05,163.0,171.7,162.41,164.66,164.79,161.45,5203406,866021999.9999999,54666,,1746744.0,33.57,new
SAMHI, EQ,2026-10-05,154.35,155.99,150.0,150.41,150.3,154.37,397768,60376000.0,5572,,194014.0,48.78,new
SAMMAANCAP, EQ,2026-10-05,135.05,138.75,132.51,133.11,133.15,132.48,7143240,966768000.0,43395,,2477704.0,34.69,new
SAMPANN, EQ,2026-10-05,24.01,24.79,23.82,23.91,24.07,24.01,5459,132000.0,52,,4000.0,73.27,new
SANATHAN, EQ,2026-10-05,511.0,532.3,506.5,528.35,523.0,504.35,103861,54303000.0,4881,,52755.0,50.79,new
SANDESH, EQ,2026-10-05,991.55,1022.0,990.0,1013.95,1000.1,990.05,496,500000.0,110,,363.0,73.19,new
SANDHAR, EQ,2026-10-05,568.0,572.75,552.0,555.3,554.65,563.85,100180,56087000.0,5951,,47969.0,47.88,new
SANDUMA, EQ,2026-10-05,177.7,181.48,176.25,177.35,176.25,177.67,513160,91437000.0,11068,,138124.0,26.92,new
SANGAMIND, EQ,2026-10-05,670.0,670.0,627.0,631.75,639.45,634.55,37447,23892000.0,2107,,17170.0,45.85,new
SANGANI, SM,2026-10-05,55.0,56.85,55.0,56.85,56.85,54.15,69000,3865999.9999999995,11,,69000.0,100.0,new
SANGHVIMOV, EQ,2026-10-05,430.35,443.0,405.1,409.9,412.0,429.5,665789,280294000.0,20727,,387578.0,58.21,new
SANOFI, EQ,2026-10-05,3040.0,3069.0,3016.8,3024.2,3020.0,3037.4,7594,23047000.0,1958,,4293.0,56.53,new
SANOFICONR, EQ,2026-10-05,3787.2,3787.9,3729.2,3752.7,3760.1,3787.2,4708,17667000.0,1901,,2636.0,55.99,new
SANSERA, EQ,2026-10-05,4282.5,4348.0,4212.7,4291.3,4266.0,4276.6,300321,1288973000.0,46322,,148796.0,49.55,new
SANSTAR, EQ,2026-10-05,105.0,107.19,102.85,104.73,103.35,103.0,124564,13031000.0,4131,,51991.0,41.74,new
SANWARIA, BZ,2026-10-05,0.2,0.2,0.19,0.19,0.19,0.19,296075,57999.99999999999,159,,,,new
SAPPHIRE, EQ,2026-10-05,210.0,213.51,208.29,212.64,212.65,209.82,417142,87860000.0,12843,,172025.0,41.24,new
SAPPL, EQ,2026-10-05,315.0,335.0,305.9,327.1,320.1,308.5,9600,3097000.0,258,,8333.0,86.8,new
SARDAEN, EQ,2026-10-05,495.0,503.5,490.0,501.0,498.55,494.75,207207,102891000.00000001,9186,,104186.0,50.28,new
SAREGAMA, EQ,2026-10-05,497.95,500.05,488.85,497.1,498.75,494.75,171908,85178000.0,12425,,73032.0,42.48,new
SARLAPOLY, EQ,2026-10-05,93.3,96.03,92.4,95.1,95.0,92.02,62596,5910000.0,806,,54772.0,87.5,new
SARTELE, SM,2026-10-05,94.1,105.0,94.1,97.7,97.0,96.85,86500,8690000.0,133,,39500.0,45.66,new
SARVESHWAR, EQ,2026-10-05,3.41,3.5,3.41,3.46,3.47,3.44,1300127,4504000.0,2062,,794158.0,61.08,new
SASKEN, EQ,2026-10-05,1750.0,1784.0,1675.4,1683.2,1678.1,1720.5,20074,34540000.0,3193,,10088.0,50.25,new
SATECH, SM,2026-10-05,35.0,36.95,35.0,36.95,36.95,35.0,4000,143000.0,4,,4000.0,100.0,new
SATIA, EQ,2026-10-05,68.0,69.0,68.0,68.51,68.05,68.34,70953,4858000.0,890,,37756.0,53.21,new
SATIN, EQ,2026-10-05,226.15,230.97,215.0,216.29,215.47,227.47,1194660,261925000.0,19924,,806940.0,67.55,new
SATIPOLY, SM,2026-10-05,32.5,32.5,32.5,32.5,32.5,32.5,500,16000.0,1,,500.0,100.0,new
SATKARTAR, SM,2026-10-05,182.5,194.8,180.0,180.85,180.0,184.1,37600,6984000.0,46,,23200.0,61.7,new
SATTVAENGG, SM,2026-10-05,57.9,57.9,57.4,57.4,57.4,55.05,3200,184000.0,2,,1600.0,50.0,new
SAURASHCEM, EQ,2026-10-05,53.32,53.95,50.4,51.4,51.0,53.37,127808,6666000.0,860,,104232.0,81.55,new
SAVY, SM,2026-10-05,134.85,134.85,134.85,134.85,134.85,134.85,2400,324000.0,2,,2400.0,100.0,new
SAWALIYA, SM,2026-10-05,178.0,182.5,172.6,174.9,182.5,178.0,271200,48074000.0,151,,165000.0,60.84,new
SAYAJIHOTL, EQ,2026-10-05,328.6,328.95,302.0,306.5,306.5,304.0,335,106000.0,14,,58.0,17.31,new
SAYAJIIND, EQ,2026-10-05,118.95,120.0,118.95,120.0,120.0,119.5,806,96000.0,6,,806.0,100.0,new
SBC, EQ,2026-10-05,59.57,63.14,57.36,62.04,61.9,58.54,32139550,1943482000.0,52305,,9208351.0,28.65,new
SBCL, EQ,2026-10-05,1087.3,1108.0,1070.0,1076.5,1074.1,1066.4,139325,151284000.0,13654,,78818.0,56.57,new
SBFC, EQ,2026-10-05,84.19,87.18,82.4,82.83,82.7,84.19,3511188,292657000.0,22467,,2768678.0,78.85,new
SBGLP, EQ,2026-10-05,22.56,23.93,22.56,23.11,23.13,22.75,35623,821000.0000000001,241,,22684.0,63.68,new
SBIBPB, EQ,2026-10-05,47.19,47.19,46.31,46.48,46.6,46.37,31613,1481000.0,504,,18345.0,58.03,new
SBICARD, EQ,2026-10-05,565.25,577.15,561.25,566.0,566.0,563.2,778398,441243000.0,26346,,348965.0,44.83,new
SBIETFCON, EQ,2026-10-05,109.34,113.68,109.34,112.72,112.73,112.15,3765,424000.0,143,,2238.0,59.44,new
SBIETFIT, EQ,2026-10-05,313.61,318.8,311.25,312.96,314.66,313.26,7113,2243000.0,278,,3672.0,51.62,new
SBIETFPB, EQ,2026-10-05,278.25,278.25,272.11,273.52,274.79,278.26,2611,715000.0,165,,1680.0,64.34,new
SBIETFQLTY, EQ,2026-10-05,209.04,209.04,205.32,206.58,206.75,209.05,2585,534000.0,144,,2250.0,87.04,new
SBIFUNDS, EQ,2026-10-05,501.95,503.4,494.0,495.4,495.6,500.35,986442,491996000.0,40520,,586695.0,59.48,new
SBILIFE, EQ,2026-10-05,1721.6,1741.4,1709.5,1709.5,1709.5,1721.6,1322426,2283846000.0,40116,,838863.0,63.43,new
SBILIQETF, EQ,2026-10-05,1058.75,1058.77,1058.75,1058.76,1058.77,1058.58,242742,257007000.00000003,100,,239189.0,98.54,new
SBIMIDMOM, EQ,2026-10-05,60.86,61.1,60.48,60.65,60.52,60.26,49637,3011000.0,219,,42954.0,86.54,new
SBIN, EQ,2026-10-05,959.0,969.45,956.0,958.0,958.0,954.1,8165087,7844722000.0,180329,,4989171.0,61.1,new
SBINEQWETF, EQ,2026-10-05,31.56,31.56,31.0,31.27,31.15,31.41,116182,3609000.0000000005,407,,54787.0,47.16,new
SBINMID150, EQ,2026-10-05,21.94,21.95,21.69,21.75,21.72,21.69,13928,304000.0,235,,10444.0,74.99,new
SBISILVER, EQ,2026-10-05,215.01,217.61,214.85,217.32,217.15,214.14,827532,178995000.0,7305,,399194.0,48.24,new
SBISMLETF, EQ,2026-10-05,18.17,18.44,17.52,17.83,17.75,18.01,77369,1372000.0,520,,43011.0,55.59,new
SBIVALETF, EQ,2026-10-05,14.17,14.2,13.81,13.92,13.96,14.22,19749,276000.0,113,,15584.0,78.91,new
SCANSTL, BE,2026-10-05,48.7,49.85,45.79,47.15,47.87,48.19,93029,4372000.0,209,,,,new
SCHAEFFLER, EQ,2026-10-05,3888.6,3908.6,3825.3,3845.0,3843.2,3885.6,38172,146945000.0,10421,,24620.0,64.5,new
SCHAND, EQ,2026-10-05,147.5,147.5,139.1,140.5,140.5,143.57,23644,3369000.0,726,,17001.0,71.9,new
SCHNEIDER, EQ,2026-10-05,1286.8,1318.8,1261.0,1268.1,1281.7,1275.4,444623,574605000.0,40334,,107517.0,24.18,new
SCI, EQ,2026-10-05,272.0,292.6,271.45,290.6,290.9,267.05,24814404,7057353999.999999,259740,,2961906.0,11.94,new
SCILAL, EQ,2026-10-05,37.0,37.49,36.26,37.26,37.3,36.65,287269,10628000.0,4141,,142004.0,49.43,new
SCML, SM,2026-10-05,86.0,100.2,86.0,100.2,100.2,83.5,96000,9262000.0,82,,62000.0,64.58,new
SCODATUBES, EQ,2026-10-05,123.0,127.9,120.98,124.62,124.0,123.0,278884,34502000.0,3286,,133260.0,47.78,new
SCPL, BE,2026-10-05,633.7,633.7,610.35,617.85,618.5,620.45,3408,2106000.0,173,,,,new
SDBL, EQ,2026-10-05,75.4,76.0,72.82,73.21,73.45,74.94,717652,53045000.00000001,6457,,222297.0,30.98,new
SDREAMS, SM,2026-10-05,84.9,85.0,84.9,85.0,85.0,81.0,2000,170000.0,2,,2000.0,100.0,new
SEAMECLTD, EQ,2026-10-05,1594.7,1611.9,1552.4,1577.9,1574.0,1594.7,48124,75787000.0,5278,,27000.0,56.11,new
SECL, SZ,2026-10-05,2.7,2.75,2.7,2.75,2.75,2.75,18750,51000.0,3,,18750.0,100.0,new
SECLEDBETA, EQ,2026-10-05,14.15,14.15,13.68,13.74,13.88,13.66,15414,213000.0,48,,11009.0,71.42,new
SECMARK, EQ,2026-10-05,142.0,142.0,134.1,137.41,134.4,137.48,1258,174000.0,28,,831.0,66.06,new
SECURKLOUD, EQ,2026-10-05,16.98,17.03,15.8,16.13,16.2,16.77,45723,738000.0,328,,39254.0,85.85,new
SEDEMAC, EQ,2026-10-05,3607.8,3650.0,3355.0,3372.3,3360.1,3432.8,233050,807165000.0,33930,,57628.0,24.73,new
SEIL, EQ,2026-10-05,183.1,188.18,181.82,183.52,183.9,186.68,48887,9019000.0,1095,,21921.0,44.84,new
SEJALLTD, EQ,2026-10-05,657.2,661.5,638.1,651.2,660.0,656.5,6161,4009000.0000000005,387,,4335.0,70.36,new
SEKURITIND, EQ,2026-10-05,108.3,113.2,108.01,108.72,108.01,109.19,20206,2231000.0,665,,11489.0,56.86,new
SEL, SM,2026-10-05,320.0,320.0,320.0,320.0,320.0,310.1,800,256000.0,4,,800.0,100.0,new
SELECTIPO, EQ,2026-10-05,46.61,46.97,45.48,45.79,45.73,45.48,81986,3750000.0,176,,56144.0,68.48,new
SELLOWRAP, SM,2026-10-05,64.0,64.0,62.0,62.0,62.0,62.0,4800,304000.0,3,,4800.0,100.0,new
SELMC, BE,2026-10-05,24.02,24.97,23.84,23.84,23.84,25.09,24005,573000.0,162,,,,new
SEMAC, EQ,2026-10-05,242.4,242.4,237.0,239.04,239.04,241.99,321,77000.0,32,,196.0,61.06,new
SENCO, EQ,2026-10-05,317.4,319.9,312.9,316.95,317.0,317.4,767941,242466000.0,23919,,372110.0,48.46,new
SENORES, EQ,2026-10-05,1355.0,1375.0,1300.1,1321.2,1315.0,1349.6,272680,360637000.0,27058,,123740.0,45.38,new
SENSEXADD, EQ,2026-10-05,75.53,75.53,74.16,74.78,74.78,75.16,3459,258000.0,114,,2520.0,72.85,new
SENSEXAXIS, EQ,2026-10-05,74.75,75.82,74.75,75.22,75.07,74.75,8928,671000.0,87,,4432.0,49.64,new
SENSEXBETA, EQ,2026-10-05,794.0,810.0,794.0,808.67,810.0,797.32,1265,1015000.0,175,,639.0,50.51,new
SENSEXETF, EQ,2026-10-05,74.6,75.1,74.28,74.67,74.64,74.43,62059,4633000.0,387,,26548.0,42.78,new
SENSEXIETF, EQ,2026-10-05,842.3,842.3,828.02,834.11,833.0,829.54,62804,52254000.0,733,,54876.0,87.38,new
SEPC, EQ,2026-10-05,5.2,5.23,5.07,5.11,5.12,5.08,5180319,26551000.0,3575,,2599095.0,50.17,new
SERVICE, SM,2026-10-05,71.7,71.7,66.05,69.2,69.2,68.75,22000,1523000.0,10,,4000.0,18.18,new
SERVOTECH, EQ,2026-10-05,70.0,72.7,69.77,71.93,71.84,69.2,744174,52976000.0,6712,,355791.0,47.81,new
SESHAPAPER, EQ,2026-10-05,238.55,240.0,233.0,234.76,235.0,236.35,80921,19054000.0,1133,,65028.0,80.36,new
SETCO, BE,2026-10-05,18.18,18.72,17.52,17.6,17.99,18.13,31576,571000.0,226,,,,new
SETF10GILT, EQ,2026-10-05,261.0,261.0,258.1,260.58,260.93,261.0,14141,3672999.9999999995,87,,12296.0,86.95,new
SETFGOLD, EQ,2026-10-05,125.35,125.55,123.7,125.41,125.4,125.35,5771979,722129000.0,22314,,3271877.0,56.69,new
SETFNIF50, EQ,2026-10-05,243.5,248.36,241.85,243.13,244.01,242.31,2028660,493097999.99999994,9631,,1732361.0,85.39,new
SETFNIFBK, EQ,2026-10-05,561.93,567.79,559.18,561.27,562.3,560.84,324824,182630000.0,1014,,310327.0,95.54,new
SETFNN50, EQ,2026-10-05,741.6,747.65,738.41,742.05,742.75,742.49,25972,19299000.0,2231,,17196.0,66.21,new
SETL, EQ,2026-10-05,421.7,437.75,417.15,430.05,430.5,416.95,821094,354564000.0,11148,,404732.0,49.29,new
SETUINFRA, BZ,2026-10-05,0.5,0.5,0.5,0.5,0.5,0.51,22010,11000.0,25,,,,new
SEYAIND, BE,2026-10-05,13.45,13.45,12.93,13.12,13.1,13.19,1065,14000.000000000002,24,,,,new
SFL, EQ,2026-10-05,622.85,634.85,615.7,620.45,618.05,616.65,140174,87023000.0,10095,,84037.0,59.95,new
SGBAPR28I, GB,2026-10-05,14702.0,14799.99,14699.99,14782.34,14799.99,14772.39,110,1623000.0,35,,85.0,77.27,new
SGBAUG27, GB,2026-10-05,14863.97,14863.97,14650.21,14695.25,14715.0,14716.81,48,707000.0,20,,32.0,66.67,new
SGBAUG28V, GB,2026-10-05,14760.0,14818.99,14660.0,14701.9,14700.0,14759.75,615,9036000.0,179,,469.0,76.26,new
SGBAUG29V, GB,2026-10-05,14850.0,14850.0,14661.0,14729.12,14730.0,14730.55,251,3697999.9999999995,110,,171.0,68.13,new
SGBAUG30, GB,2026-10-05,15149.0,15179.5,14810.01,14846.59,14815.0,14881.82,167,2496000.0,64,,102.0,61.08,new
SGBD29VIII, GB,2026-10-05,14999.0,14999.0,14730.0,14757.87,14730.0,14772.6,252,3724000.0,84,,153.0,60.71,new
SGBDC27VII, GB,2026-10-05,14750.0,14750.0,14700.0,14710.0,14710.0,14758.33,4,59000.0,3,,4.0,100.0,new
SGBDE30III, GB,2026-10-05,14934.9,15098.97,14811.01,14947.81,14925.01,15009.95,124,1855999.9999999998,48,,89.0,71.77,new
SGBDE31III, GB,2026-10-05,15061.66,15643.2,15030.0,15136.04,15150.0,15261.66,2452,37090000.0,431,,1953.0,79.65,new
SGBDEC26, GB,2026-10-05,14660.0,14660.0,14660.0,14660.0,14660.0,14702.0,1,15000.0,1,,1.0,100.0,new
SGBFEB27, GB,2026-10-05,14515.0,14699.0,14511.0,14635.0,14649.0,14897.39,11,161000.0,7,,7.0,63.64,new
SGBFEB28IX, GB,2026-10-05,14719.0,14719.0,14719.0,14719.0,14719.0,14718.9,1,15000.0,1,,1.0,100.0,new
SGBFEB29XI, GB,2026-10-05,14610.01,14729.9,14610.01,14728.43,14728.43,14866.0,47,691000.0,20,,29.0,61.7,new
SGBFEB32IV, GB,2026-10-05,15523.0,15747.7,15456.0,15508.46,15485.01,15576.52,1891,29383000.0,419,,1192.0,63.04,new
SGBJAN29IX, GB,2026-10-05,14610.01,14799.0,14610.01,14697.89,14690.0,14742.54,263,3867000.0,45,,233.0,88.59,new
SGBJAN29X, GB,2026-10-05,14750.0,14750.0,14612.0,14681.2,14700.0,14750.0,109,1599000.0,27,,64.0,58.72,new
SGBJAN30IX, GB,2026-10-05,14950.0,14950.0,14711.11,14829.34,14800.0,14950.0,107,1583000.0,45,,68.0,63.55,new
SGBJU29III, GB,2026-10-05,14750.0,14760.0,14750.0,14750.1,14750.1,14756.35,160,2360000.0,26,,149.0,93.13,new
SGBJUL27, GB,2026-10-05,14702.74,14702.74,14702.74,14702.74,14702.74,14702.74,1,15000.0,1,,1.0,100.0,new
SGBJUL28IV, GB,2026-10-05,14700.0,14749.99,14612.0,14681.9,14690.0,14677.68,148,2172000.0,40,,129.0,87.16,new
SGBJUL29IV, GB,2026-10-05,14729.44,14800.0,14666.0,14786.3,14800.0,14729.44,83,1222000.0,38,,57.0,68.67,new
SGBJUN27, GB,2026-10-05,14625.0,14625.0,14625.0,14625.0,14625.0,14789.98,5,73000.0,1,,5.0,100.0,new
SGBJUN28, GB,2026-10-05,14739.5,14740.0,14610.01,14737.03,14740.0,14739.5,155,2280000.0,14,,144.0,92.9,new
SGBJUN29II, GB,2026-10-05,14631.51,14740.0,14631.51,14725.66,14725.0,14740.0,72,1060000.0,22,,71.0,98.61,new
SGBJUN30, GB,2026-10-05,14810.01,14999.0,14807.87,14839.99,14939.0,14807.87,62,923000.0,24,,38.0,61.29,new
SGBJUN31I, GB,2026-10-05,14973.59,15048.83,14930.0,15021.35,15039.0,15048.83,800,11995000.0,197,,597.0,74.63,new
SGBMAR28X, GB,2026-10-05,14676.0,14700.9,14676.0,14700.9,14700.9,14676.0,70,1027000.0,8,,70.0,100.0,new
SGBMAR30X, GB,2026-10-05,14981.0,14981.0,14736.0,14839.8,14835.0,14981.0,69,1026000.0,16,,55.0,79.71,new
SGBMAR31IV, GB,2026-10-05,14928.97,15188.26,14838.0,14975.07,14925.0,15003.99,291,4349000.0,96,,208.0,71.48,new
SGBMAY28, GB,2026-10-05,14769.99,14769.99,14690.0,14714.73,14700.07,14769.99,89,1309000.0,24,,77.0,86.52,new
SGBMAY29I, GB,2026-10-05,14756.89,14800.01,14700.0,14742.14,14735.05,14756.89,947,13974000.0,143,,782.0,82.58,new
SGBMR29XII, GB,2026-10-05,14850.0,14860.0,14645.01,14673.92,14662.0,14780.96,46,679000.0,23,,41.0,89.13,new
SGBN28VIII, GB,2026-10-05,14735.0,14755.0,14686.0,14710.01,14710.01,14735.0,186,2736000.0,35,,157.0,84.41,new
SGBNV29VII, GB,2026-10-05,14701.0,14795.0,14701.0,14733.11,14725.01,14762.0,328,4832000.0,57,,251.0,76.52,new
SGBOC28VII, GB,2026-10-05,14750.0,14849.99,14700.0,14735.01,14735.01,14740.0,171,2520000.0,22,,103.0,60.23,new
SGBOCT26, GB,2026-10-05,14650.0,14780.0,14650.0,14780.0,14780.0,14830.0,35,516000.0,5,,31.0,88.57,new
SGBOCT27VI, GB,2026-10-05,14700.0,14775.01,14700.0,14760.0,14760.0,14700.0,18,265000.0,8,,7.0,38.89,new
SGBSEP27, GB,2026-10-05,14700.0,14700.0,14560.0,14700.0,14700.0,14699.0,17,249000.00000000003,5,,14.0,82.35,new
SGBSEP28VI, GB,2026-10-05,14610.01,14975.0,14599.03,14667.31,14670.02,14672.39,123,1805999.9999999998,53,,101.0,82.11,new
SGBSEP29VI, GB,2026-10-05,14656.0,14800.0,14655.01,14690.83,14660.02,14782.06,735,10810000.0,119,,380.0,51.7,new
SGBSEP31II, GB,2026-10-05,15029.3,15275.0,14901.0,14979.66,15000.0,15029.3,1910,28543000.0,400,,1382.0,72.36,new
SGFIN, EQ,2026-10-05,659.35,697.0,647.6,677.95,679.0,631.85,3245313,2205681000.0,106384,,851906.0,26.25,new
SGIL, EQ,2026-10-05,605.0,632.3,596.0,603.0,600.0,613.85,4999,3047000.0,524,,2168.0,43.37,new
SGL, EQ,2026-10-05,8.56,8.84,8.56,8.84,8.84,8.5,22642,195000.0,60,,22343.0,98.68,new
SGLRES, EQ,2026-10-05,2.22,2.38,2.18,2.23,2.19,2.27,57778,130000.0,147,,39178.0,67.81,new
SGMART, EQ,2026-10-05,750.0,758.3,730.9,737.65,740.0,742.2,397450,297226000.0,29431,,233856.0,58.84,new
SGRL, EQ,2026-10-05,700.0,709.3,669.05,680.4,690.0,694.25,12588,8582000.0,1299,,6786.0,53.91,new
SHADOWFAX, EQ,2026-10-05,274.05,290.5,274.05,289.05,289.05,273.15,5956547,1709254000.0,87210,,2758125.0,46.3,new
SHAH, EQ,2026-10-05,3.03,3.1,2.99,3.07,3.09,3.03,511995,1554000.0,618,,336009.0,65.63,new
SHAHALLOYS, BE,2026-10-05,85.1,85.1,81.3,82.0,82.0,85.37,19540,1607999.9999999998,213,,,,new
SHAILY, EQ,2026-10-05,3020.0,3079.0,2979.3,3012.8,3020.0,3009.1,105774,320532000.0,25274,,43206.0,40.85,new
SHAKTIPUMP, EQ,2026-10-05,455.95,463.5,441.15,443.4,442.2,454.1,431828,195261000.0,17739,,203480.0,47.12,new
SHALBY, EQ,2026-10-05,133.0,135.49,132.51,134.01,133.6,133.55,36205,4854000.0,1639,,18268.0,50.46,new
SHALPAINTS, BE,2026-10-05,78.34,79.02,74.76,75.17,76.2,78.34,150821,11507000.0,525,,,,new
SHANKARA, EQ,2026-10-05,124.0,124.0,117.0,118.16,118.25,124.4,107711,12958000.000000002,1623,,70917.0,65.84,new
SHANKESH, EQ,2026-10-05,89.24,91.3,87.5,88.24,88.5,87.93,1386109,123383999.99999999,12911,,477424.0,34.44,new
SHANTHALA, SM,2026-10-05,13.25,13.9,13.05,13.9,13.9,13.6,15600,206000.0,5,,15600.0,100.0,new
SHANTI, EQ,2026-10-05,5.07,5.69,5.07,5.44,5.48,5.5,17641,95000.0,105,,13230.0,75.0,new
SHANTIGEAR, EQ,2026-10-05,582.6,599.0,572.05,591.75,590.65,573.65,58856,34629000.0,2696,,26574.0,45.15,new
SHANTIGOLD, EQ,2026-10-05,310.0,323.5,308.5,316.6,317.7,303.55,3136803,989176000.0,37467,,884807.0,28.21,new
SHANTIINOR, SM,2026-10-05,167.0,175.5,167.0,168.05,168.55,172.95,371200,62698000.0,63,,347200.0,93.53,new
SHARDACROP, EQ,2026-10-05,712.5,729.7,711.25,720.1,718.9,709.2,91626,66044000.00000001,10775,,33417.0,36.47,new
SHARDAMOTR, EQ,2026-10-05,929.9,938.6,910.3,918.6,918.0,928.8,27384,25269000.0,4063,,12043.0,43.98,new
SHARDUL, BE,2026-10-05,58.4,58.6,57.0,58.11,58.15,57.98,38922,2254000.0,116,,,,new
SHAREINDIA, EQ,2026-10-05,208.2,219.0,204.51,206.06,205.5,205.09,2810914,597520000.0,39257,,697035.0,24.8,new
SHARIABEES, EQ,2026-10-05,423.26,437.7,420.0,421.48,424.0,423.26,12399,5230000.0,847,,6356.0,51.26,new
SHBAJRG, EQ,2026-10-05,174.05,176.0,161.71,164.79,161.71,172.33,11077,1868000.0,426,,7311.0,66.0,new
SHEEL, SM,2026-10-05,60.0,60.0,60.0,60.0,60.0,60.2,2000,120000.0,1,,2000.0,100.0,new
SHEETAL, SM,2026-10-05,358.5,358.7,358.5,358.65,358.7,359.0,2000,717000.0,3,,1500.0,75.0,new
SHEKHAWATI, BE,2026-10-05,28.6,28.6,28.6,28.6,28.6,30.1,4882,140000.0,71,,,,new
SHEMAROO, EQ,2026-10-05,116.36,117.89,109.99,110.56,110.22,115.21,17297,1946000.0,176,,15331.0,88.63,new
SHERA, SM,2026-10-05,194.0,198.0,187.0,187.0,187.0,190.0,32000,6107000.0,31,,23000.0,71.88,new
SHERVANI, EQ,2026-10-05,315.0,315.05,299.25,315.0,315.0,335.0,64,20000.0,7,,64.0,100.0,new
SHETHJI, SM,2026-10-05,184.5,186.7,181.5,184.05,181.5,184.15,28000,5165000.0,23,,19000.0,67.86,new
SHIGAN, SM,2026-10-05,62.6,63.6,62.35,62.8,62.8,62.6,13500,848000.0,7,,12000.0,88.89,new
SHILCTECH, EQ,2026-10-05,4035.0,4078.3,3969.0,4032.9,4050.0,4033.0,13865,55800000.0,3365,,6691.0,48.26,new
SHILGRAVQ, EQ,2026-10-05,137.65,148.1,137.0,142.87,139.1,139.35,773,107000.0,60,,741.0,95.86,new
SHILPAMED, EQ,2026-10-05,1069.0,1081.9,1020.2,1031.2,1029.5,1064.1,870692,907046999.9999999,35667,,571626.0,65.65,new
SHINDL, EQ,2026-10-05,159.04,159.59,155.25,158.41,157.1,159.12,77098,12201000.0,888,,57879.0,75.07,new
SHIPROCKET, EQ,2026-10-05,120.99,124.5,120.05,123.0,124.0,119.98,3116897,381913000.0,49557,,1253865.0,40.23,new
SHIVAAGRO, EQ,2026-10-05,39.0,39.0,38.4,38.7,38.7,39.22,949,37000.0,19,,949.0,100.0,new
SHIVACEM, EQ,2026-10-05,13.3,13.3,12.45,12.7,12.6,13.34,216275,2774000.0,888,,167499.0,77.45,new
SHIVALIK, EQ,2026-10-05,400.8,401.95,374.2,375.3,374.6,394.05,46656,17856000.0,2644,,25081.0,53.76,new
SHIVAMAUTO, EQ,2026-10-05,17.41,17.41,16.6,16.67,16.65,17.07,41370,698000.0,240,,27814.0,67.23,new
SHIVAMILLS, EQ,2026-10-05,58.0,59.41,57.0,59.32,59.32,56.59,1618,95000.0,47,,1391.0,85.97,new
SHIVASHRIT, SM,2026-10-05,112.7,120.5,111.5,115.95,115.0,113.75,118000,13818000.0,97,,72000.0,61.02,new
SHIVATEX, EQ,2026-10-05,169.0,171.0,165.01,165.01,165.01,172.6,4797,795000.0,60,,4390.0,91.52,new
SHIVAUM, EQ,2026-10-05,535.5,563.9,525.05,558.95,560.0,554.6,20380,11211000.0,641,,3564.0,17.49,new
SHK, EQ,2026-10-05,138.0,140.89,136.0,137.42,136.5,137.86,195849,26945000.0,3914,,106307.0,54.28,new
SHKSIL, SM,2026-10-05,31.05,31.5,31.05,31.5,31.5,31.95,6000,188000.0,3,,6000.0,100.0,new
SHOPERSTOP, EQ,2026-10-05,397.15,407.35,395.2,395.5,395.2,404.7,40206,15991000.0,1675,,20421.0,50.79,new
SHRADDHA, EQ,2026-10-05,160.1,179.0,157.1,164.79,163.0,155.1,91009,15354000.0,2057,,42306.0,46.49,new
SHRADHA, EQ,2026-10-05,29.89,31.02,28.5,29.36,29.3,29.89,8474,246000.0,122,,6121.0,72.23,new
SHREDIGCEM, EQ,2026-10-05,66.69,67.2,65.57,66.33,66.0,66.69,52935,3515000.0,1004,,23680.0,44.73,new
SHREECEM, EQ,2026-10-05,21750.0,22100.0,21720.0,21990.0,21990.0,21900.0,39075,854332000.0,13283,,24431.0,62.52,new
SHREEDHAR, ST,2026-10-05,160.0,160.0,158.0,158.0,158.0,157.15,8000,1272000.0,4,,8000.0,100.0,new
SHREEJISPG, EQ,2026-10-05,779.8,788.1,768.8,779.85,782.5,775.35,915863,713822000.0,18583,,404201.0,44.13,new
SHREEKARNI, SM,2026-10-05,372.0,377.0,372.0,377.0,377.0,378.0,300,112000.00000000001,2,,300.0,100.0,new
SHREEOSFM, SM,2026-10-05,56.0,61.9,56.0,59.95,60.0,55.1,53000,3177000.0,49,,43000.0,81.13,new
SHREEPUSHK, EQ,2026-10-05,500.0,506.9,491.85,494.55,493.0,491.5,43640,21731000.0,2339,,23605.0,54.09,new
SHREERAMA, EQ,2026-10-05,44.0,44.6,42.72,43.09,42.98,43.16,38309,1682000.0,965,,16012.0,41.8,new
SHRENIK, BZ,2026-10-05,0.28,0.29,0.28,0.28,0.29,0.28,650128,183000.0,197,,,,new
SHREYANIND, EQ,2026-10-05,125.66,129.65,125.66,129.0,129.0,126.29,8211,1059000.0,218,,7539.0,91.82,new
SHRIAHIMSA, SM,2026-10-05,416.05,445.0,416.05,441.65,445.0,422.5,12000,5180000.0,20,,6600.0,55.0,new
SHRIKANHA, SM,2026-10-05,22.0,23.0,22.0,22.95,22.95,21.95,4800,109000.00000000001,3,,4800.0,100.0,new
SHRIKRISH, EQ,2026-10-05,34.15,35.85,32.56,34.05,32.77,35.96,3897,133000.0,35,,2926.0,75.08,new
SHRINGARMS, EQ,2026-10-05,222.85,223.28,218.11,219.36,220.5,221.31,290081,63850000.0,3695,,136661.0,47.11,new
SHRIPISTON, EQ,2026-10-05,4550.0,4567.1,4369.0,4398.8,4397.0,4490.5,75521,334273000.0,19238,,37682.0,49.9,new
SHRIRAMFIN, EQ,2026-10-05,964.0,973.5,954.0,971.4,971.4,945.0,5092892,4920676000.0,94768,,3028020.0,59.46,new
SHRIRAMPPS, EQ,2026-10-05,67.45,68.34,66.4,67.52,67.8,67.36,309049,20831000.0,3274,,152063.0,49.2,new
SHRJAGP, EQ,2026-10-05,684.0,708.9,680.0,685.0,685.0,673.0,716,498000.00000000006,87,,440.0,61.45,new
SHUBHLAXMI, SM,2026-10-05,16.45,16.45,16.45,16.45,16.45,17.25,1000,16000.0,1,,1000.0,100.0,new
SHUBHSHREE, SM,2026-10-05,322.0,322.0,322.0,322.0,322.0,334.0,300,97000.0,1,,300.0,100.0,new
SHUKRAPHAR, EQ,2026-10-05,62.84,73.88,62.5,70.49,71.0,61.8,55171960,3817450000.0,292029,,4372440.0,7.93,new
SHYAMCENT, EQ,2026-10-05,5.45,5.45,4.9,5.07,5.1,5.0,93969,479000.0,1233,,83541.0,88.9,new
SHYAMMETL, EQ,2026-10-05,1054.0,1057.6,1015.0,1020.2,1019.8,1047.8,527412,544929000.0,27925,,334077.0,63.34,new
SHYAMTEL, EQ,2026-10-05,10.79,11.3,10.5,10.93,11.2,10.32,6059,66000.0,42,,5175.0,85.41,new
SICAGEN, EQ,2026-10-05,51.4,53.3,50.1,52.37,52.2,50.96,8560,445000.0,98,,5876.0,68.64,new
SICALLOG, BE,2026-10-05,87.77,91.4,87.2,88.68,88.5,87.08,20373,1835000.0000000002,124,,,,new
SIDDHICOTS, SM,2026-10-05,26.0,26.0,26.0,26.0,26.0,26.0,4800,125000.0,3,,4800.0,100.0,new
SIDDHIKA, SM,2026-10-05,211.0,211.0,210.5,211.0,211.0,214.25,3000,633000.0,4,,3000.0,100.0,new
SIEL, EQ,2026-10-05,31.0,31.0,30.05,31.0,31.0,30.46,209,6000.0,10,,184.0,88.04,new
SIEMENS, EQ,2026-10-05,3804.0,3842.0,3700.0,3701.1,3701.1,3804.0,184140,691569000.0,22035,,81422.0,44.22,new
SIGACHI, EQ,2026-10-05,28.49,28.93,28.06,28.72,28.9,28.34,1604708,45794000.0,5786,,544184.0,33.91,new
SIGIND, BE,2026-10-05,69.99,69.99,64.05,64.06,65.94,67.42,31422,2034000.0,137,,,,new
SIGMA, EQ,2026-10-05,46.0,46.15,43.31,43.83,44.31,44.91,100749,4492000.0,1584,,37109.0,36.83,new
SIGMAADV, BE,2026-10-05,1130.7,1130.7,1036.0,1130.6,1130.7,1076.9,835410,924419000.0,12259,,,,new
SIGNATURE, EQ,2026-10-05,736.8,744.8,732.0,738.2,737.0,737.45,337538,248682000.00000003,5930,,159458.0,47.24,new
SIGNORIA, ST,2026-10-05,140.0,149.3,140.0,149.3,149.3,143.0,2000,289000.0,2,,1000.0,50.0,new
SIGNPOST, EQ,2026-10-05,265.7,265.7,256.2,260.85,258.7,259.4,16214,4217000.0,813,,7450.0,45.95,new
SIKA, EQ,2026-10-05,1028.2,1038.0,1015.0,1022.6,1018.0,1018.2,16720,17132000.0,1955,,8318.0,49.75,new
SIKKO, BE,2026-10-05,6.22,6.32,5.91,6.21,6.09,6.22,382053,2314000.0,716,,,,new
SIL, EQ,2026-10-05,15.51,16.48,15.51,15.98,16.02,15.83,16385,261000.0,324,,13202.0,80.57,new
SILGO, EQ,2026-10-05,70.89,71.7,68.75,69.49,68.75,70.17,5571,389000.0,122,,4788.0,85.95,new
SILINV, EQ,2026-10-05,418.8,451.0,418.8,445.75,440.0,424.55,3970,1726000.0000000002,183,,2763.0,69.6,new
SILKFLEX, SM,2026-10-05,297.8,300.8,285.0,300.15,300.8,286.75,16000,4743000.0,16,,9000.0,56.25,new
SILVER, EQ,2026-10-05,218.51,221.6,218.51,221.22,220.94,217.94,557713,122842000.0,9436,,216958.0,38.9,new
SILVER001, EQ,2026-10-05,22.39,22.43,22.11,22.33,22.41,21.99,24556,548000.0,67,,24037.0,97.89,new
SILVER1, EQ,2026-10-05,21.37,21.55,21.27,21.51,21.53,21.18,8303174,177942000.0,7180,,2960898.0,35.66,new
SILVER360, EQ,2026-10-05,216.97,218.57,215.05,217.71,218.05,214.83,11578,2516000.0,365,,6937.0,59.92,new
SILVERADD, EQ,2026-10-05,21.33,21.42,21.13,21.34,21.42,21.02,726716,15460000.0,2665,,227657.0,31.33,new
SILVERAG, EQ,2026-10-05,213.01,216.19,213.01,215.75,215.52,212.81,157588,33919000.0,2437,,86121.0,54.65,new
SILVERAXIS, EQ,2026-10-05,219.21,220.81,218.01,220.26,220.55,217.05,294606,64524000.0,2370,,138431.0,46.99,new
SILVERBEES, EQ,2026-10-05,209.72,212.35,209.56,211.85,211.91,208.71,17563704,3706721000.0,81485,,9002993.0,51.26,new
SILVERBETA, EQ,2026-10-05,211.5,214.28,211.5,213.84,214.21,210.91,298446,63644000.00000001,3445,,159899.0,53.58,new
SILVERBND, EQ,2026-10-05,221.98,222.96,219.7,222.53,222.93,219.19,19676,4375000.0,142,,16130.0,81.98,new
SILVERCASE, EQ,2026-10-05,22.21,22.49,22.21,22.43,22.48,22.12,5113317,114327000.0,10317,,1893355.0,37.03,new
SILVERIETF, EQ,2026-10-05,218.51,221.9,218.51,221.18,221.28,217.95,2569830,565776000.0,24155,,1310102.0,50.98,new
SILVERTUC, EQ,2026-10-05,138.5,142.0,136.77,137.41,139.0,138.68,66478,9225000.0,1822,,28663.0,43.12,new
SIMBHALS, BZ,2026-10-05,7.05,7.05,7.05,7.05,7.05,6.72,4750,33000.0,6,,,,new
SIMCA, ST,2026-10-05,303.8,303.95,300.0,302.0,302.0,290.05,25200,7606999.999999999,37,,25200.0,100.0,new
SIMPLEXINF, EQ,2026-10-05,254.9,263.0,248.11,249.61,250.0,245.01,280280,71468000.0,6505,,117568.0,41.95,new
SIMPLXREA, EQ,2026-10-05,124.0,129.0,117.36,117.43,117.36,123.5,99,13000.0,7,,99.0,100.0,new
SINCLAIR, EQ,2026-10-05,76.75,78.95,75.12,75.87,76.8,76.71,24830,1894000.0000000002,700,,15581.0,62.75,new
SINDHUTRAD, EQ,2026-10-05,22.13,22.82,21.82,22.13,22.06,22.23,361160,7965000.000000001,910,,242590.0,67.17,new
SINGERIND, EQ,2026-10-05,74.05,77.07,74.05,74.6,74.21,74.66,56846,4290000.0,1702,,32636.0,57.41,new
SINTERCOM, EQ,2026-10-05,75.9,75.9,75.9,75.9,75.9,75.87,1,0.0,1,,1.0,100.0,new
SIRCA, EQ,2026-10-05,401.6,404.8,400.15,401.7,401.9,401.55,122332,49225000.0,2280,,46772.0,38.23,new
SIS, EQ,2026-10-05,413.45,419.9,411.6,414.7,412.5,412.85,57546,24017000.0,6968,,28055.0,48.75,new
SITINET, BZ,2026-10-05,0.27,0.28,0.26,0.26,0.27,0.27,1109785,293000.0,327,,,,new
SIYSIL, EQ,2026-10-05,535.8,544.0,531.5,540.15,544.0,531.55,20499,11005000.0,1638,,11547.0,56.33,new
SJLOGISTIC, SM,2026-10-05,311.85,318.5,311.5,314.85,315.0,311.5,12250,3865000.0,45,,9500.0,77.55,new
SJS, EQ,2026-10-05,2159.8,2175.0,2022.2,2039.6,2027.0,2159.8,380923,787002000.0,49024,,228631.0,60.02,new
SJVN, EQ,2026-10-05,58.3,58.5,57.01,57.16,57.1,57.91,2071448,119293000.0,28721,,911433.0,44.0,new
SKFINDIA, EQ,2026-10-05,1420.0,1458.9,1420.0,1445.9,1440.4,1450.2,43200,62353000.0,8089,,23005.0,53.25,new
SKFINDUS, EQ,2026-10-05,2759.9,2759.9,2670.1,2729.5,2705.1,2734.2,21506,58347000.0,5795,,9046.0,42.06,new
SKIL, BZ,2026-10-05,1.01,1.01,1.01,1.01,1.01,0.97,41651,42000.0,16,,,,new
SKIPPER, EQ,2026-10-05,543.0,551.9,534.0,538.9,536.75,541.2,402506,218094000.0,18602,,149463.0,37.13,new
SKMEGGPROD, EQ,2026-10-05,204.0,206.38,199.3,201.4,201.9,205.29,170126,34398000.0,3872,,96504.0,56.73,new
SKP, SM,2026-10-05,165.0,165.5,162.0,165.0,165.0,163.0,18500,3043000.0,29,,2000.0,10.81,new
SKYGOLD, EQ,2026-10-05,818.0,839.0,814.0,825.9,823.5,810.65,1050336,867345000.0000001,38496,,578649.0,55.09,new
SKYTECH, SM,2026-10-05,40.8,40.8,39.4,40.7,40.75,38.9,83200,3377000.0000000005,49,,64000.0,76.92,new
SKYWAYS, EQ,2026-10-05,111.7,113.42,108.85,109.48,109.77,110.29,1317759,146140000.0,16815,,317462.0,24.09,new
SLONE, SM,2026-10-05,161.0,164.0,160.0,162.9,162.9,161.0,2400,388000.0,6,,2400.0,100.0,new
SMALL250, EQ,2026-10-05,18.25,18.25,17.57,17.68,17.68,17.63,235470,4170000.0000000005,1141,,113124.0,48.04,new
SMALLADD, EQ,2026-10-05,18.17,18.17,17.69,17.79,17.87,17.73,25608,455000.0,240,,12520.0,48.89,new
SMALLCAP, EQ,2026-10-05,48.61,48.61,46.66,47.47,47.55,47.43,1429138,67791000.0,4870,,802829.0,56.18,new
SMALLGROWW, EQ,2026-10-05,48.49,48.69,47.2,47.5,47.52,48.21,12693,603000.0,185,,7281.0,57.36,new
SMALLIETF, EQ,2026-10-05,17.94,17.94,17.47,17.61,17.6,17.69,35673,630000.0,209,,19199.0,53.82,new
SMARTEN, SM,2026-10-05,59.1,59.1,55.1,55.65,55.9,57.95,45600,2525000.0,36,,36000.0,78.95,new
SMARTLINK, BE,2026-10-05,220.0,222.7,216.71,222.7,222.7,212.1,4925,1090000.0,90,,,,new
SMARTWORKS, EQ,2026-10-05,515.0,515.0,496.1,497.8,500.0,510.65,70592,35466000.0,4719,,45403.0,64.32,new
SMCGLOBAL, EQ,2026-10-05,100.0,118.8,96.22,114.5,114.9,99.06,85008573,9488035000.0,497976,,5998624.0,7.06,new
SML100CASE, EQ,2026-10-05,11.15,11.15,10.77,10.84,10.83,10.83,1821506,19771000.0,2159,,873134.0,47.93,new
SMLMAH, EQ,2026-10-05,6390.0,6459.0,6280.0,6354.0,6339.5,6251.0,41005,260864000.0,8029,,15432.0,37.63,new
SMLT, EQ,2026-10-05,82.4,88.79,77.0,78.72,78.88,74.18,519788,41826000.0,7128,,144329.0,27.77,new
SMSPHARMA, EQ,2026-10-05,479.0,489.0,472.5,477.85,476.1,471.3,535364,257041000.0,15307,,234899.0,43.88,new
SNEHAA, SM,2026-10-05,44.35,44.35,44.35,44.35,44.35,44.35,1000,44000.0,1,,1000.0,100.0,new
SNOWMAN, EQ,2026-10-05,34.11,34.5,33.51,33.99,33.8,34.11,74733,2532000.0,939,,39773.0,53.22,new
SNXT30BEES, EQ,2026-10-05,40.1,40.2,39.83,40.02,39.83,40.1,7650,306000.0,135,,5208.0,68.08,new
SNXT50BETA, EQ,2026-10-05,90.13,90.77,88.51,89.24,89.2,89.69,1482,133000.0,136,,850.0,57.35,new
SOBHA, EQ,2026-10-05,1214.0,1229.8,1187.8,1198.2,1190.3,1213.1,136038,164230000.0,13079,,46994.0,34.54,new
SOCL, SM,2026-10-05,28.6,28.6,27.2,28.5,28.5,28.6,80000,2272000.0,16,,76800.0,96.0,new
SOFTTECH, EQ,2026-10-05,477.25,487.45,455.35,462.15,462.0,474.3,4795,2248000.0,213,,2472.0,51.55,new
SOLARA, EQ,2026-10-05,720.0,724.8,673.1,676.9,680.0,714.85,290504,199171000.0,13583,,126456.0,43.53,new
SOLARINDS, EQ,2026-10-05,19450.0,19616.0,19275.0,19540.0,19540.0,19400.0,114870,2227944000.0,28188,,45629.0,39.72,new
SOLARWORLD, EQ,2026-10-05,127.0,128.08,122.92,123.94,124.5,125.55,221817,27689999.999999996,4252,,108476.0,48.9,new
SOLEX, EQ,2026-10-05,683.75,692.65,676.0,682.2,688.95,670.95,47131,32214000.0,4072,,12981.0,27.54,new
SOMANYCERA, EQ,2026-10-05,614.0,627.8,608.25,610.9,609.3,614.2,85158,52577000.0,5319,,46077.0,54.11,new
SOMATEX, EQ,2026-10-05,77.78,77.78,74.5,75.65,76.37,75.76,5686,430999.99999999994,149,,4830.0,84.95,new
SOMICONVEY, EQ,2026-10-05,84.25,88.75,82.9,83.43,83.94,83.73,78797,6766000.0,1446,,22499.0,28.55,new
SONA, BE,2026-10-05,91.0,93.45,88.1,92.6,92.5,92.47,144824,13255000.000000002,980,,,,new
SONACOMS, EQ,2026-10-05,803.75,803.75,785.6,797.0,797.0,805.0,2049996,1627013000.0,52308,,909956.0,44.39,new
SONAMAC, SM,2026-10-05,31.3,31.3,30.05,30.05,30.05,29.85,4000,124000.0,4,,3000.0,75.0,new
SONAMLTD, BE,2026-10-05,70.2,70.2,67.0,69.94,69.99,68.95,84663,5874000.0,256,,,,new
SONATSOFTW, EQ,2026-10-05,258.85,263.2,252.3,254.0,253.9,254.05,963732,247923000.0,26563,,246560.0,25.58,new
SOTL, EQ,2026-10-05,735.0,736.0,716.8,727.2,723.2,729.5,200693,145849000.0,14968,,68064.0,33.91,new
SOUTHBANK, EQ,2026-10-05,48.45,48.7,47.8,48.54,48.6,47.44,10708341,517997000.0,47253,,5053892.0,47.2,new
SOUTHWEST, EQ,2026-10-05,186.0,201.0,179.45,195.58,201.0,181.7,377507,72383000.0,6546,,141898.0,37.59,new
SPAL, EQ,2026-10-05,965.15,969.65,930.05,937.9,937.0,935.6,26626,25049000.0,3574,,13365.0,50.2,new
SPANDANA, EQ,2026-10-05,217.0,218.57,211.02,213.52,213.5,216.34,162492,34755000.0,6638,,72755.0,44.77,new
SPARC, EQ,2026-10-05,194.56,201.59,190.2,191.26,191.9,194.13,837807,162243000.0,18280,,373020.0,44.52,new
SPCENET, EQ,2026-10-05,3.33,3.38,3.13,3.22,3.2,3.24,490373,1591000.0,593,,374071.0,76.28,new
SPCL, SM,2026-10-05,64.25,64.25,61.35,61.8,61.35,61.95,8400,521000.0,13,,5400.0,64.29,new
SPCON, SM,2026-10-05,165.0,165.0,165.0,165.0,165.0,170.0,16800,2772000.0,5,,16800.0,100.0,new
SPECIALITY, BE,2026-10-05,157.0,157.0,151.0,154.91,153.55,153.5,17708,2728000.0,171,,,,new
SPECTRAA, ST,2026-10-05,240.1,250.0,233.1,247.25,248.5,241.1,84000,20591000.0,66,,80400.0,95.71,new
SPECTRUM, BE,2026-10-05,3898.2,3958.5,3660.8,3839.1,3860.0,3853.4,7191,27212000.0,715,,,,new
SPECTSTM, SM,2026-10-05,59.9,60.0,58.0,58.95,59.4,59.9,4000,237000.0,5,,3200.0,80.0,new
SPELS, BE,2026-10-05,118.65,118.65,118.65,118.65,118.65,124.89,13971,1657999.9999999998,622,,,,new
SPENCERS, EQ,2026-10-05,26.2,26.8,25.52,26.39,26.3,26.24,15074,398000.0,207,,10161.0,67.41,new
SPIC, EQ,2026-10-05,62.05,63.72,61.44,62.19,62.0,62.23,238526,14849000.0,2629,,91946.0,38.55,new
SPLIL, EQ,2026-10-05,29.6,29.6,28.01,28.94,28.91,28.5,8177,237000.0,89,,5417.0,66.25,new
SPLPETRO, EQ,2026-10-05,780.45,805.0,768.3,798.35,793.0,780.45,205144,161986000.0,18601,,94915.0,46.27,new
SPMLINFRA, EQ,2026-10-05,159.31,165.9,156.1,158.29,157.96,159.31,153588,24371000.0,3526,,57026.0,37.13,new
SPORTKING, EQ,2026-10-05,205.1,208.54,192.0,193.53,193.35,208.54,613909,121764000.00000001,11782,,293335.0,47.78,new
SPPPOLY, SM,2026-10-05,11.9,11.9,11.9,11.9,11.9,11.95,2000,24000.0,1,,2000.0,100.0,new
SPRL, SM,2026-10-05,153.5,153.5,140.0,140.25,140.0,146.2,8000,1164000.0,10,,8000.0,100.0,new
SPUNWEB, SM,2026-10-05,99.0,103.0,99.0,102.4,102.8,97.0,28800,2896000.0,19,,26400.0,91.67,new
SRD, EQ,2026-10-05,38.3,38.98,37.4,37.7,37.4,38.08,17406,661000.0,203,,15558.0,89.38,new
SREEL, BE,2026-10-05,298.85,298.85,282.2,290.8,291.0,292.6,9154,2653000.0,171,,,,new
SRF, EQ,2026-10-05,2484.9,2495.0,2442.0,2460.0,2460.0,2486.2,204482,502881000.00000006,13417,,121234.0,59.29,new
SRGHFL, EQ,2026-10-05,137.0,138.65,128.99,128.99,128.99,135.77,6758,882000.0,228,,5960.0,88.19,new
SRHHYPOLTD, EQ,2026-10-05,548.0,554.95,532.9,537.3,540.0,543.6,19380,10441000.0,1691,,10365.0,53.48,new
SRIKPRIND, BE,2026-10-05,27.49,27.75,26.12,26.12,26.12,27.49,3726,99000.0,34,,,,new
SRIVASAVI, ST,2026-10-05,70.2,77.45,70.15,77.45,77.45,73.8,12000,886000.0,10,,10000.0,83.33,new
SRM, EQ,2026-10-05,405.25,405.6,394.1,398.65,396.35,398.75,35369,14157000.0,2380,,16643.0,47.06,new
SRTL, EQ,2026-10-05,36.01,37.28,36.0,36.1,36.14,36.4,12343,447000.0,302,,10776.0,87.3,new
SSDL, EQ,2026-10-05,69.38,76.0,68.41,69.75,69.01,69.39,141885,10139000.0,2329,,71808.0,50.61,new
SSEGL, SM,2026-10-05,386.0,390.0,362.15,385.65,389.0,385.05,92600,34964000.0,336,,60400.0,65.23,new
SSFL, ST,2026-10-05,285.0,288.95,280.0,286.0,286.0,284.95,5500,1572000.0,10,,5500.0,100.0,new
SSRETAIL, EQ,2026-10-05,712.05,712.05,666.4,677.15,673.9,714.35,6132724,4215880000.0000005,162155,,805026.0,13.13,new
SSWL, EQ,2026-10-05,393.5,412.4,385.2,410.55,408.6,390.8,1790927,718235000.0,49360,,736920.0,41.15,new
STALLION, BE,2026-10-05,231.0,235.0,220.22,224.61,225.5,231.81,232450,52883000.00000001,2294,,,,new
STANLEY, EQ,2026-10-05,136.22,139.05,133.72,135.11,134.11,136.22,63052,8582000.0,1290,,22735.0,36.06,new
STAR, EQ,2026-10-05,1087.0,1109.9,1077.6,1086.7,1083.0,1084.8,108287,118240000.00000001,14181,,48848.0,45.11,new
STARCEMENT, EQ,2026-10-05,178.0,179.28,175.26,176.03,175.5,178.39,78392,13822999.999999998,2800,,46648.0,59.51,new
STARHEALTH, EQ,2026-10-05,535.25,541.6,531.1,535.25,533.75,537.7,407562,218334000.0,27615,,244062.0,59.88,new
STARPAPER, EQ,2026-10-05,151.0,155.51,150.02,152.01,153.0,151.81,2960,449000.0,134,,2003.0,67.67,new
STARTECK, EQ,2026-10-05,298.0,302.95,265.7,275.45,276.7,290.95,769,217000.0,122,,598.0,77.76,new
STCINDIA, EQ,2026-10-05,106.01,107.5,105.0,105.27,105.5,105.96,13522,1435000.0,275,,9686.0,71.63,new
STEAMHOUSE, EQ,2026-10-05,109.1,110.71,105.85,107.66,107.9,106.51,2981543,323037000.0,23647,,1223952.0,41.05,new
STEELCAS, EQ,2026-10-05,359.9,365.4,346.55,363.7,362.55,356.45,151454,54153000.0,6510,,89605.0,59.16,new
STEELCITY, EQ,2026-10-05,81.99,83.8,81.5,82.52,82.7,80.11,5484,451000.0,100,,2720.0,49.6,new
STEELXIND, EQ,2026-10-05,11.23,11.56,11.1,11.12,11.12,11.22,5966946,66910000.0,5008,,2759756.0,46.25,new
STEL, EQ,2026-10-05,592.0,592.0,559.8,567.7,575.5,574.15,1993,1135000.0,202,,1308.0,65.63,new
STERTOOLS, EQ,2026-10-05,225.5,229.0,218.0,218.78,218.8,224.28,27222,6063000.0,823,,17296.0,63.54,new
STLNETWORK, EQ,2026-10-05,47.0,47.0,44.83,44.84,44.83,47.18,13766834,623216000.0,17511,,5802464.0,42.15,new
STLSTRINF, EQ,2026-10-05,22.99,22.99,21.25,22.1,21.25,21.52,904,20000.0,38,,638.0,70.58,new
STLTECH, BE,2026-10-05,952.4,1003.1,932.0,1001.25,1003.1,955.35,3877431,3806894999.9999995,72106,,,,new
STOVEKRAFT, EQ,2026-10-05,815.0,827.3,802.7,806.4,807.0,809.15,49778,40603000.0,4787,,21412.0,43.01,new
STRIDERS, SM,2026-10-05,50.4,51.65,50.4,51.65,51.65,49.95,3200,163000.0,2,,3200.0,100.0,new
STUDDS, EQ,2026-10-05,396.8,410.85,395.15,403.1,402.05,399.85,45793,18407000.0,2961,,21567.0,47.1,new
STUDIOLSD, SM,2026-10-05,8.55,8.95,8.5,8.55,8.7,8.8,58000,499000.0,22,,48000.0,82.76,new
STYL, EQ,2026-10-05,365.35,368.65,356.0,358.55,356.0,366.0,43034,15602000.000000002,2297,,21443.0,49.83,new
STYLAMIND, EQ,2026-10-05,3268.0,3341.0,3218.1,3325.2,3315.0,3219.9,37896,124697000.0,10155,,18674.0,49.28,new
STYLEBAAZA, EQ,2026-10-05,365.1,374.9,354.05,359.9,361.0,368.35,640771,232802000.0,10259,,305085.0,47.61,new
STYRENIX, EQ,2026-10-05,2064.9,2066.1,1996.1,2015.0,2040.0,2055.0,40911,82765000.0,5335,,18231.0,44.56,new
SUBAHOTELS, SM,2026-10-05,93.95,94.0,90.05,90.95,91.95,92.45,18000,1661000.0,15,,14400.0,80.0,new
SUBEXLTD, EQ,2026-10-05,19.5,20.24,19.11,19.21,19.25,19.34,8970071,175937000.0,24382,,1978929.0,22.06,new
SUBROS, EQ,2026-10-05,680.1,697.5,672.9,675.85,675.0,684.9,34316,23307000.0,3064,,15887.0,46.3,new
SUDARCOLOR, EQ,2026-10-05,365.1,379.85,365.1,365.65,365.6,368.1,2203,818000.0,155,,1823.0,82.75,new
SUDARSCHEM, EQ,2026-10-05,1245.0,1260.0,1224.1,1229.2,1231.0,1241.5,131105,162232000.0,11562,,58232.0,44.42,new
SUDEEPPHRM, EQ,2026-10-05,1220.0,1247.9,1155.1,1173.4,1179.0,1199.8,159743,190764000.0,18612,,82498.0,51.64,new
SUKHJITS, EQ,2026-10-05,155.8,155.89,149.08,150.98,149.41,150.93,6500,980000.0000000001,289,,4846.0,74.55,new
SULA, EQ,2026-10-05,132.0,133.73,131.41,132.33,132.49,130.94,130210,17229000.0,3338,,60297.0,46.31,new
SUMAX, SM,2026-10-05,101.25,102.25,96.1,101.3,99.4,101.25,129600,12922999.999999998,104,,117600.0,90.74,new
SUMEDHA, EQ,2026-10-05,43.0,43.75,40.15,42.0,42.0,43.42,2721,114999.99999999999,64,,1961.0,72.07,new
SUMEETINDS, EQ,2026-10-05,10.6,10.89,10.4,10.89,10.89,10.38,599994,6409000.0,924,,284917.0,47.49,new
SUMICHEM, EQ,2026-10-05,418.45,428.4,411.15,414.7,411.55,417.6,290766,121022000.0,19904,,152360.0,52.4,new
SUMIT, EQ,2026-10-05,51.5,51.5,48.1,50.64,51.0,47.76,53301,2688000.0,221,,39622.0,74.34,new
SUMMITSEC, EQ,2026-10-05,1315.0,1340.9,1305.0,1314.8,1311.0,1315.5,1590,2099000.0,411,,949.0,59.69,new
SUNCLAY, EQ,2026-10-05,1192.2,1209.0,1172.0,1174.8,1172.7,1183.0,5222,6204000.0,471,,3845.0,73.63,new
SUNDARAM, EQ,2026-10-05,1.11,1.11,1.07,1.09,1.09,1.08,354338,388000.0,382,,234940.0,66.3,new
SUNDARMFIN, EQ,2026-10-05,4400.0,4428.9,4222.3,4268.4,4255.0,4395.9,52587,225457000.00000003,14449,,24608.0,46.79,new
SUNDRMBRAK, EQ,2026-10-05,693.4,728.0,678.0,681.3,678.0,669.95,1510,1049000.0,120,,1069.0,70.79,new
SUNDRMFAST, EQ,2026-10-05,1128.9,1138.0,1110.1,1115.6,1114.6,1123.6,72126,80543000.0,10393,,38745.0,53.72,new
SUNDROP, EQ,2026-10-05,749.4,758.0,740.3,748.6,751.0,753.15,12847,9623000.0,429,,10804.0,84.1,new
SUNFLAG, EQ,2026-10-05,442.0,455.15,412.2,455.0,455.15,433.5,820271,360501000.0,15600,,383387.0,46.74,new
SUNLITE, SM,2026-10-05,660.0,689.0,640.0,656.2,651.0,644.4,18600,12198000.0,61,,10200.0,54.84,new
SUNLOC, EQ,2026-10-05,73.9,73.9,66.01,68.0,67.66,70.1,221,15000.0,15,,216.0,97.74,new
SUNPHARMA, EQ,2026-10-05,1785.0,1802.9,1776.7,1779.7,1779.7,1801.0,1290843,2304642000.0,66769,,736077.0,57.02,new
SUNRAKSHAK, EQ,2026-10-05,361.35,370.0,350.0,356.05,357.0,358.9,15697,5583000.0,478,,11497.0,73.24,new
SUNSHIEL, EQ,2026-10-05,1088.0,1100.0,1070.1,1097.0,1099.9,1059.0,1725,1880999.9999999998,211,,1326.0,76.87,new
SUNSHINE, EQ,2026-10-05,453.55,467.85,443.35,447.55,447.1,453.0,155851,70520000.0,4705,,46299.0,29.71,new
SUNTECH, SM,2026-10-05,35.5,35.5,35.5,35.5,35.5,36.75,1600,56999.99999999999,1,,1600.0,100.0,new
SUNTECK, EQ,2026-10-05,280.9,282.25,276.6,278.15,279.5,279.45,85315,23799000.0,3240,,41772.0,48.96,new
SUNTV, EQ,2026-10-05,597.0,635.8,595.2,626.85,618.0,599.9,4762809,2974534000.0,95633,,516718.0,10.85,new
SUPERHOUSE, EQ,2026-10-05,154.66,158.0,154.0,155.88,154.15,154.66,2166,336000.0,105,,1790.0,82.64,new
SUPERSPIN, BE,2026-10-05,7.51,7.79,7.25,7.26,7.25,7.51,13257,96000.0,37,,,,new
SUPRAJIT, EQ,2026-10-05,483.0,483.05,458.15,461.5,461.1,481.05,78523,36636000.0,8543,,37706.0,48.02,new
SUPREME, EQ,2026-10-05,32.0,32.5,30.5,30.91,31.25,31.08,6225,197000.0,127,,4546.0,73.03,new
SUPREMEENG, BZ,2026-10-05,4.32,4.32,4.32,4.32,4.32,4.24,331848,1434000.0,111,,,,new
SUPREMEIND, EQ,2026-10-05,3391.0,3430.9,3370.0,3398.9,3398.9,3380.0,53297,180671000.0,12199,,21889.0,41.07,new
SUPREMEINF, EQ,2026-10-05,66.0,67.65,60.61,61.59,61.0,66.94,87421,5575000.0,1664,,57582.0,65.87,new
SUPREMEPWR, SM,2026-10-05,214.95,228.0,210.0,227.25,227.85,208.4,192500,43017000.0,359,,133500.0,69.35,new
SUPRIYA, EQ,2026-10-05,938.65,944.95,882.2,899.55,902.0,931.0,349024,313910000.0,22581,,152505.0,43.69,new
SUPTANERY, BE,2026-10-05,7.9,8.19,7.66,7.69,7.79,8.06,301228,2330000.0,589,,,,new
SURAJEST, EQ,2026-10-05,200.0,215.0,200.0,208.4,210.65,200.15,145545,30470000.0,3573,,66916.0,45.98,new
SURAJLTD, EQ,2026-10-05,193.5,195.02,191.25,191.5,193.0,193.51,1033,200000.0,17,,1009.0,97.68,new
SURAKSHA, EQ,2026-10-05,353.95,354.0,330.5,331.85,331.0,350.15,69134,23291000.0,2782,,38723.0,56.01,new
SURANASOL, EQ,2026-10-05,24.45,24.55,24.0,24.07,24.0,24.15,19944,483000.0,369,,12887.0,64.62,new
SURANAT&P, EQ,2026-10-05,16.0,16.19,15.59,15.65,15.6,15.98,41243,649000.0,379,,33218.0,80.54,new
SURANI, SM,2026-10-05,114.9,120.05,114.9,120.05,120.05,100.05,35800,4286000.0,56,,29200.0,81.56,new
SURYALA, EQ,2026-10-05,377.5,379.85,376.2,377.15,376.2,377.5,220,83000.0,12,,163.0,74.09,new
SURYALAXMI, EQ,2026-10-05,56.5,59.66,56.5,57.5,57.5,56.07,2555,146000.0,44,,2007.0,78.55,new
SURYAROSNI, EQ,2026-10-05,221.9,226.06,219.76,220.41,220.25,220.67,530488,117774000.0,10306,,302293.0,56.98,new
SURYODAY, EQ,2026-10-05,145.0,150.19,144.04,146.86,147.25,143.55,549974,81012000.0,9419,,112596.0,20.47,new
SUTLEJTEX, EQ,2026-10-05,37.5,40.39,35.52,36.97,36.7,36.24,80117,3087000.0,897,,25117.0,31.35,new
SUVEN, EQ,2026-10-05,309.0,316.0,305.2,306.3,305.4,308.3,303251,93351000.0,11980,,142254.0,46.91,new
SUVIDHAA, EQ,2026-10-05,2.12,2.14,2.09,2.1,2.09,2.07,61791,131000.0,168,,56773.0,91.88,new
SUYOG, EQ,2026-10-05,690.05,694.95,653.9,664.25,653.9,689.9,9336,6289000.0,857,,5195.0,55.64,new
SUZLON, EQ,2026-10-05,39.0,39.46,38.75,38.92,38.92,38.91,51123556,1997900000.0,83881,,22376071.0,43.77,new
SVGLOBAL, EQ,2026-10-05,145.9,145.9,134.06,135.7,141.89,132.93,3764,529000.0,68,,623.0,16.55,new
SVLL, EQ,2026-10-05,786.75,859.95,786.75,822.2,834.4,786.75,763,621000.0,91,,569.0,74.57,new
SVPGLOB, EQ,2026-10-05,3.1,3.17,2.95,3.03,3.03,3.1,54165,164000.0,126,,45788.0,84.53,new
SWANCORP, EQ,2026-10-05,276.9,276.9,261.7,262.9,262.4,272.8,1059779,281827000.0,22422,,401253.0,37.86,new
SWANDEF, BE,2026-10-05,2700.0,2744.9,2600.0,2728.8,2670.0,2718.2,13839,37444000.0,999,,,,new
SWARAJ, BE,2026-10-05,375.0,380.0,362.0,369.8,369.95,377.55,69431,25580000.0,237,,,,new
SWARAJENG, EQ,2026-10-05,3559.9,3573.3,3510.0,3532.2,3549.9,3542.7,8535,30149000.0,2518,,5496.0,64.39,new
SWARNSAR, EQ,2026-10-05,38.55,40.74,38.55,40.14,39.3,38.44,5190,204000.0,50,,4730.0,91.14,new
SWASTIKAIN, BE,2026-10-05,208.1,215.0,204.76,208.47,206.0,215.53,435758,90410000.0,3724,,,,new
SWELECTES, EQ,2026-10-05,587.8,611.0,587.8,600.1,601.85,592.9,22535,13522999.999999998,1233,,11518.0,51.11,new
SWIGGY, EQ,2026-10-05,239.2,246.3,237.4,238.8,238.8,238.0,11179271,2694846000.0,51709,,4245402.0,37.98,new
SWISSMLTRY, BE,2026-10-05,14.39,14.39,13.91,14.16,14.2,13.95,31419,443000.0,228,,,,new
SWSOLAR, EQ,2026-10-05,165.0,167.44,163.0,163.72,163.25,164.82,914130,150700000.0,13038,,379404.0,41.5,new
SYMBIOTEC, EQ,2026-10-05,1205.2,1230.0,1155.0,1169.7,1166.0,1198.0,730965,859902000.0,44615,,292074.0,39.96,new
SYMPHONY, EQ,2026-10-05,571.7,579.85,557.0,559.45,560.0,571.7,58122,32695000.0,7345,,33239.0,57.19,new
SYNCOMF, EQ,2026-10-05,24.01,24.7,22.7,23.14,23.04,23.96,20341146,480583000.0,35760,,4740333.0,23.3,new
SYNGENE, EQ,2026-10-05,361.0,364.45,355.55,357.4,356.85,361.3,327748,117415000.00000001,18166,,166211.0,50.71,new
SYRMA, EQ,2026-10-05,1739.7,1757.7,1692.3,1700.4,1702.8,1717.9,846292,1453850000.0,50545,,286667.0,33.87,new
SYSTANGO, SM,2026-10-05,217.05,219.95,213.25,215.3,215.1,219.3,19600,4234000.0,47,,12000.0,61.22,new
SYSTMTXC, BE,2026-10-05,73.96,73.96,72.5,73.5,73.5,73.96,8692,632000.0,25,,,,new
TAALTECH, EQ,2026-10-05,965.0,976.3,922.1,929.7,934.8,944.0,16399,15338999.999999998,2394,,8489.0,51.77,new
TAC, ST,2026-10-05,376.05,395.0,371.05,389.75,389.9,386.4,70600,26983999.999999996,281,,58400.0,82.72,new
TAINWALCHM, EQ,2026-10-05,202.3,205.45,195.5,197.18,195.5,203.29,2765,554000.0,81,,2336.0,84.48,new
TAJGVK, EQ,2026-10-05,314.8,325.0,312.35,315.3,315.0,314.9,33436,10550000.0,2470,,15519.0,46.41,new
TAKE, EQ,2026-10-05,12.65,12.9,12.02,12.06,12.02,12.65,1017472,12378000.0,2096,,601553.0,59.12,new
TALBROAUTO, EQ,2026-10-05,421.0,422.45,408.0,416.45,417.3,419.7,115228,47716000.0,6004,,54839.0,47.59,new
TAMBOLIIN, BE,2026-10-05,291.0,303.0,287.05,296.05,303.0,290.0,7199,2135000.0,31,,,,new
TANAA, EQ,2026-10-05,329.0,339.9,311.3,314.35,314.1,324.15,45802,14744999.999999998,2835,,19597.0,42.79,new
TANKUP, ST,2026-10-05,1824.15,1824.15,1752.65,1752.65,1752.65,1788.4,12750,23133000.0,19,,12250.0,96.08,new
TANLA, EQ,2026-10-05,492.05,496.0,486.1,488.0,489.0,487.75,178184,87365000.0,10248,,72073.0,40.45,new
TARACHAND, EQ,2026-10-05,47.5,47.9,46.25,46.47,46.5,46.35,69725,3249000.0,943,,54514.0,78.18,new
TARAPUR, EQ,2026-10-05,12.1,12.18,11.13,11.58,11.5,12.2,19202,225999.99999999997,153,,15779.0,82.17,new
TARC, EQ,2026-10-05,125.21,126.99,122.4,122.84,123.13,125.58,267733,33437000.0,2349,,154372.0,57.66,new
TARIL, EQ,2026-10-05,287.6,297.9,283.25,285.45,284.6,280.8,13448683,3901805000.0000005,146774,,1827953.0,13.59,new
TARMAT, EQ,2026-10-05,57.6,58.6,55.02,56.2,56.11,57.23,10805,610000.0,267,,6012.0,55.64,new
TARSONS, EQ,2026-10-05,329.5,343.45,327.05,335.95,335.0,329.4,109967,37117000.0,5107,,41331.0,37.58,new
TASTYBITE, EQ,2026-10-05,9415.0,9509.0,9300.0,9377.5,9509.0,9453.5,753,7065000.000000001,363,,370.0,49.14,new
TATACAP, EQ,2026-10-05,319.3,322.85,317.0,317.6,317.0,319.3,1021767,326145000.0,34700,,650801.0,63.69,new
TATACHEM, EQ,2026-10-05,607.8,629.9,603.5,617.4,618.0,607.8,953155,587719000.0,31971,,235260.0,24.68,new
TATACOMM, EQ,2026-10-05,1683.0,1697.6,1647.7,1677.2,1680.0,1683.0,88150,147557000.0,12848,,34745.0,39.42,new
TATACONSUM, EQ,2026-10-05,953.85,962.0,945.0,953.75,953.75,957.0,1540341,1464765000.0,64465,,1045565.0,67.88,new
TATAELXSI, EQ,2026-10-05,3130.5,3148.4,3070.1,3105.0,3105.0,3092.8,237392,736507000.0,29801,,77556.0,32.67,new
TATAGOLD, EQ,2026-10-05,14.28,14.34,14.17,14.3,14.34,14.28,45583508,649664000.0,118082,,18778339.0,41.2,new
TATAINVEST, EQ,2026-10-05,618.05,628.4,614.0,621.75,622.05,615.05,257410,159892000.0,17334,,77510.0,30.11,new
TATAPOWER, EQ,2026-10-05,350.15,353.95,348.0,351.5,351.5,350.15,2763239,968362999.9999999,38647,,1543257.0,55.85,new
TATASTEEL, EQ,2026-10-05,179.28,181.28,177.02,178.14,178.14,178.0,20426029,3646244000.0,161493,,10429502.0,51.06,new
TATATECH, EQ,2026-10-05,705.4,716.7,695.0,697.55,698.5,698.8,615981,434426000.0,38143,,238330.0,38.69,new
TATSILV, EQ,2026-10-05,21.3,21.57,21.3,21.53,21.52,21.2,39353216,843404000.0000001,67987,,18648734.0,47.39,new
TATVA, EQ,2026-10-05,1755.0,1814.0,1740.0,1799.0,1810.0,1743.2,54250,96679000.0,6107,,23916.0,44.08,new
TAURIAN, ST,2026-10-05,609.9,617.85,597.5,617.85,617.85,588.45,24800,15194999.999999998,28,,21600.0,87.1,new
TBI, SM,2026-10-05,68.55,76.95,66.65,74.65,73.5,67.55,80400,5922000.0,111,,66000.0,82.09,new
TBOTEK, EQ,2026-10-05,1684.8,1700.0,1643.2,1657.0,1650.3,1671.5,52113,86830000.0,10129,,17994.0,34.53,new
TBZ, BE,2026-10-05,604.0,625.0,592.3,597.9,592.3,623.45,202040,122880000.0,2799,,,,new
TCC, EQ,2026-10-05,47.83,49.0,46.19,47.07,47.05,47.47,459771,21837000.0,4503,,138265.0,30.07,new
TCI, EQ,2026-10-05,885.0,889.9,866.0,878.75,880.4,877.1,71248,62326000.0,6479,,36581.0,51.34,new
TCIEXP, EQ,2026-10-05,502.3,506.4,484.0,494.2,493.55,504.75,55221,27198000.0,3249,,15253.0,27.62,new
TCIFINANCE, EQ,2026-10-05,14.5,15.49,13.55,14.3,14.31,14.69,29696,421000.0,146,,21070.0,70.95,new
TCL, SM,2026-10-05,140.15,144.0,136.0,139.3,138.05,140.15,40800,5762000.0,44,,20000.0,49.02,new
TCPLPACK, EQ,2026-10-05,3988.0,4090.0,3890.1,3933.6,3892.0,3927.1,3139,12373000.0,846,,1449.0,46.16,new
TCS, EQ,2026-10-05,2114.0,2140.9,2063.6,2114.4,2114.4,2075.0,5270768,11105249000.0,158717,,2458708.0,46.65,new
TDPOWERSYS, EQ,2026-10-05,801.0,856.1,796.0,812.9,814.3,792.15,12561061,10393391000.0,347296,,2303051.0,18.33,new
TEAMGTY, EQ,2026-10-05,241.95,241.97,235.0,236.15,235.0,235.1,634,150000.0,16,,601.0,94.79,new
TEAMLEASE, EQ,2026-10-05,1180.7,1194.6,1117.6,1134.6,1138.0,1179.4,31212,35484000.0,5193,,14461.0,46.33,new
TEAMTECH, ST,2026-10-05,152.85,153.2,150.0,153.2,153.2,145.95,68000,10404000.0,30,,60000.0,88.24,new
TECH, EQ,2026-10-05,31.54,31.54,30.77,30.88,30.86,30.92,7383,229000.0,213,,3669.0,49.7,new
TECHD, SM,2026-10-05,559.95,579.25,550.0,552.0,552.0,531.95,24900,14124000.0,78,,17400.0,69.88,new
TECHERA, SM,2026-10-05,167.45,169.45,159.1,159.1,159.1,167.45,88800,14450000.0,100,,72800.0,81.98,new
TECHLABS, SM,2026-10-05,110.45,115.0,109.0,113.9,115.0,110.45,17250,1947000.0,78,,14875.0,86.23,new
TECHM, EQ,2026-10-05,1543.7,1561.0,1509.7,1535.9,1535.9,1533.0,3346008,5136113000.0,102052,,1943226.0,58.08,new
TECHNOCRAF, EQ,2026-10-05,481.0,484.0,465.0,471.1,469.9,478.1,429819,204262000.0,10820,,183060.0,42.59,new
TECHNOE, EQ,2026-10-05,999.0,1003.9,972.3,978.6,979.2,998.6,138238,136100000.0,15856,,64489.0,46.65,new
TECHNVISN, EQ,2026-10-05,3763.5,3879.7,3575.4,3821.9,3780.1,3763.5,697,2512000.0,157,,618.0,88.67,new
TECILCHEM, EQ,2026-10-05,9.29,10.15,8.9,9.56,9.66,9.25,21261,204000.0,85,,18899.0,88.89,new
TEGA, EQ,2026-10-05,2119.5,2131.7,2020.0,2064.1,2066.0,2093.4,261410,540716000.0,24467,,100049.0,38.27,new
TEJA, SM,2026-10-05,210.35,216.0,209.05,214.2,214.5,213.9,11400,2428000.0,19,,6600.0,57.89,new
TEJASNET, EQ,2026-10-05,469.0,481.95,461.45,463.2,464.2,464.8,1053307,494330000.0,35568,,261006.0,24.78,new
TEMBO, EQ,2026-10-05,57.7,57.7,54.9,55.18,55.67,57.16,857236,47971000.0,4769,,347817.0,40.57,new
TEMPSENS, EQ,2026-10-05,513.0,519.2,486.0,493.95,491.4,505.25,1503141,749348000.0,47298,,524497.0,34.89,new
TENNIND, EQ,2026-10-05,499.95,499.95,485.4,487.0,487.0,495.4,277605,136567000.0,27300,,155926.0,56.17,new
TERAI, EQ,2026-10-05,116.0,116.0,116.0,116.0,116.0,116.75,1,0.0,1,,1.0,100.0,new
TERASOFT, EQ,2026-10-05,212.0,232.0,208.0,227.86,229.99,207.91,54214,12071000.0,3109,,23321.0,43.02,new
TEXINFRA, EQ,2026-10-05,120.0,123.35,118.51,120.53,120.86,119.39,207029,24949000.0,1957,,121280.0,58.58,new
TEXMOPIPES, EQ,2026-10-05,53.7,55.0,50.15,50.37,50.9,53.7,276688,14197999.999999998,3424,,118155.0,42.7,new
TEXRAIL, EQ,2026-10-05,128.0,128.99,116.51,117.18,117.03,126.86,5444925,653443000.0,56212,,1898066.0,34.86,new
TFCILTD, EQ,2026-10-05,139.6,141.47,138.32,139.65,139.77,138.79,15041651,2095275999.9999998,30421,,7580497.0,50.4,new
TFL, EQ,2026-10-05,11.38,12.25,11.38,11.72,11.73,11.82,2430,28000.000000000004,42,,1507.0,62.02,new
TGBHOTELS, EQ,2026-10-05,9.78,9.9,9.18,9.51,9.5,9.42,13800,131000.0,96,,11047.0,80.05,new
TGL, ST,2026-10-05,12.95,12.95,12.95,12.95,12.95,13.2,2200,28000.000000000004,11,,2200.0,100.0,new
TGVSL, EQ,2026-10-05,123.12,127.5,120.25,121.99,121.5,116.38,1302916,161829000.0,18098,,362673.0,27.84,new
THAKDEV, EQ,2026-10-05,128.74,135.06,128.74,135.06,135.06,128.74,63,8000.0,10,,63.0,100.0,new
THANGAMAYL, EQ,2026-10-05,4870.0,4934.0,4721.0,4747.0,4767.0,4861.0,77086,368513000.0,20749,,43922.0,56.98,new
THEINVEST, EQ,2026-10-05,92.15,93.96,89.51,90.1,90.0,90.33,8379,764000.0,175,,5694.0,67.96,new
THEJO, EQ,2026-10-05,2071.4,2122.0,2065.9,2095.2,2100.0,2071.4,2088,4377000.0,484,,1114.0,53.35,new
THELEELA, EQ,2026-10-05,566.7,581.2,562.5,577.6,578.0,568.95,365031,209627000.0,29754,,231317.0,63.37,new
THEMISMED, EQ,2026-10-05,115.0,115.0,111.02,112.89,114.56,113.19,58862,6644000.0,1344,,26560.0,45.12,new
THERMAX, EQ,2026-10-05,3364.9,3400.7,3212.0,3228.2,3228.1,3360.6,187112,612810000.0,32002,,107117.0,57.25,new
THOMASCOOK, EQ,2026-10-05,100.7,101.95,99.21,99.61,99.85,100.7,303908,30475000.0,4886,,143034.0,47.06,new
THOMASCOTT, EQ,2026-10-05,302.0,309.0,272.0,278.85,275.55,300.2,107168,31430000.0,4190,,45566.0,42.52,new
THYROCARE, EQ,2026-10-05,539.9,544.8,532.15,542.05,537.0,533.6,207102,111839000.00000001,14611,,124677.0,60.2,new
TI, EQ,2026-10-05,543.0,553.15,538.0,540.35,541.4,542.55,282972,154314000.0,15410,,158971.0,56.18,new
TICL, BE,2026-10-05,8.0,8.17,8.0,8.17,8.17,7.79,145462,1183000.0,121,,,,new
TIGERLOGS, EQ,2026-10-05,26.05,26.6,25.82,26.3,26.54,25.69,16487,430999.99999999994,353,,10969.0,66.53,new
TIIL, EQ,2026-10-05,2882.1,2920.0,2800.0,2815.3,2800.0,2893.8,14101,39981000.0,3511,,7783.0,55.19,new
TIINDIA, EQ,2026-10-05,2346.0,2368.9,2293.8,2320.0,2320.0,2340.0,687174,1595434000.0,53888,,446853.0,65.03,new
TIJARIA, BE,2026-10-05,6.58,6.69,6.26,6.62,6.62,6.45,12637,82000.0,75,,,,new
TIL, BE,2026-10-05,248.0,252.5,240.0,242.15,244.85,250.05,42944,10431000.0,442,,,,new
TIMESCAN, SM,2026-10-05,40.0,40.0,40.0,40.0,40.0,40.0,4000,160000.0,2,,4000.0,100.0,new
TIMETECHNO, EQ,2026-10-05,180.3,181.88,177.5,178.71,179.49,179.68,1107750,199030000.0,15685,,355128.0,32.06,new
TIMEX, EQ,2026-10-05,733.15,744.8,724.5,734.6,739.0,729.5,462142,339215000.0,33994,,190482.0,41.22,new
TIMKEN, EQ,2026-10-05,3110.0,3149.9,3103.8,3132.3,3127.3,3098.8,21117,66170000.00000001,5330,,13891.0,65.78,new
TINNARUBR, EQ,2026-10-05,938.85,951.2,922.75,930.15,947.6,938.85,30521,28463000.0,2799,,18294.0,59.94,new
TIPSFILMS, EQ,2026-10-05,313.05,316.65,306.35,312.25,312.0,315.4,2993,930000.0000000001,192,,1720.0,57.47,new
TIPSMUSIC, EQ,2026-10-05,653.3,653.95,635.7,639.1,638.0,644.2,152414,98318000.0,15336,,79172.0,51.95,new
TIRUMALCHM, EQ,2026-10-05,146.2,150.09,141.4,143.35,144.0,146.26,279997,40512000.0,5135,,110415.0,39.43,new
TIRUPATIFL, BE,2026-10-05,73.66,73.66,73.66,73.66,73.66,75.16,20721,1526000.0,207,,,,new
TITAGARH, EQ,2026-10-05,809.0,812.95,795.65,809.65,805.9,805.1,364258,293156000.0,17976,,121446.0,33.34,new
TITAN, EQ,2026-10-05,4515.9,4610.0,4505.8,4580.0,4580.0,4515.7,731987,3347518000.0,53485,,430115.0,58.76,new
TMB, EQ,2026-10-05,872.5,917.6,870.0,886.25,880.8,872.05,420110,376774000.0,37417,,130640.0,31.1,new
TMCV, EQ,2026-10-05,415.5,428.85,412.7,426.8,425.95,415.5,8038049,3388028000.0,126226,,4275128.0,53.19,new
TMPV, EQ,2026-10-05,280.1,289.8,278.95,288.65,288.65,279.4,13512719,3865354000.0,146402,,4321540.0,31.98,new
TNIDETF, EQ,2026-10-05,82.95,84.48,79.6,83.14,82.62,81.5,638358,53604000.0,1110,,585577.0,91.73,new
TNPETRO, EQ,2026-10-05,124.5,127.48,122.5,122.75,123.45,123.18,631775,78938000.0,15486,,230258.0,36.45,new
TNPL, EQ,2026-10-05,148.3,151.87,146.04,146.49,147.4,147.63,73341,10810000.0,1924,,34135.0,46.54,new
TNTELE, BE,2026-10-05,11.0,11.0,10.99,10.99,10.99,11.56,6468,71000.0,77,,,,new
TOKYOPLAST, EQ,2026-10-05,71.1,73.87,69.1,71.06,72.48,71.01,1544,110000.00000000001,52,,795.0,51.49,new
TOLINS, EQ,2026-10-05,86.0,87.5,84.01,85.12,85.45,84.59,31946,2710000.0,1343,,13901.0,43.51,new
TOP100CASE, EQ,2026-10-05,10.1,10.1,9.7,9.94,9.9,9.9,1985882,19697000.0,2288,,916583.0,46.15,new
TOP10ADD, EQ,2026-10-05,82.87,83.31,82.41,83.07,83.31,82.41,175533,14524000.0,651,,122436.0,69.75,new
TOP15IETF, EQ,2026-10-05,9.17,9.22,9.12,9.17,9.18,9.13,61999,569000.0,190,,34706.0,55.98,new
TOP20, EQ,2026-10-05,8.32,8.39,8.3,8.34,8.35,8.3,21394,179000.0,135,,19719.0,92.17,new
TORNTPHARM, EQ,2026-10-05,4767.3,4795.0,4710.0,4772.0,4772.0,4767.3,332068,1576066000.0,47171,,203134.0,61.17,new
TORNTPOWER, EQ,2026-10-05,1245.4,1249.1,1226.0,1234.2,1235.0,1242.9,191786,236817000.0,17064,,134958.0,70.37,new
TOTAL, BE,2026-10-05,67.2,72.0,67.2,69.23,70.2,70.24,5853,409999.99999999994,41,,,,new
TOUCHWOOD, EQ,2026-10-05,66.4,66.4,57.9,58.53,59.0,57.14,6095,372000.0,140,,3188.0,52.31,new
TOYAMSL, EQ,2026-10-05,0.7,0.71,0.66,0.66,0.66,0.69,1201986,815000.0,381,,662269.0,55.1,new
TPHQ, BE,2026-10-05,0.5,0.51,0.49,0.49,0.5,0.5,702101,352000.0,359,,,,new
TPLPLASTEH, EQ,2026-10-05,68.91,70.19,67.02,67.86,68.5,68.89,175395,11918000.0,1722,,67858.0,38.69,new
TRACXN, EQ,2026-10-05,31.7,32.49,31.11,31.61,31.59,31.71,130560,4143000.0,774,,81749.0,62.61,new
TRANSCOR, EQ,2026-10-05,24.49,24.9,23.52,24.6,24.6,24.18,1443,34000.0,52,,1258.0,87.18,new
TRANSPEK, BE,2026-10-05,1300.0,1360.0,1281.6,1313.9,1313.9,1349.0,883,1152000.0,54,,,,new
TRANSRAILL, EQ,2026-10-05,476.7,476.85,460.0,462.75,467.0,474.9,454795,212252000.0,21168,,165101.0,36.3,new
TRANSTEEL, SM,2026-10-05,80.1,80.1,79.5,79.75,79.5,79.4,9000,719000.0,8,,7000.0,77.78,new
TRANSWIND, SM,2026-10-05,11.3,11.3,11.3,11.3,11.3,11.3,4000,45000.0,1,,4000.0,100.0,new
TRANSWORLD, BE,2026-10-05,157.0,159.91,152.0,154.29,154.55,159.0,5446,848000.0,79,,,,new
TRAVELFOOD, EQ,2026-10-05,1208.1,1215.6,1185.0,1204.3,1200.2,1208.1,52265,62758000.00000001,7050,,24389.0,46.66,new
TREEHOUSE, EQ,2026-10-05,5.69,5.99,5.5,5.8,5.98,5.68,29426,173000.0,114,,22225.0,75.53,new
TREJHARA, EQ,2026-10-05,131.66,139.35,129.05,131.36,134.0,131.66,16934,2238000.0,732,,10208.0,60.28,new
TREL, EQ,2026-10-05,27.29,28.23,26.51,26.99,27.4,27.29,52412,1412000.0,1036,,23168.0,44.2,new
TRENT, EQ,2026-10-05,2580.0,2608.3,2572.8,2580.0,2580.0,2580.0,802316,2076102000.0,66093,,480030.0,59.83,new
TRF, EQ,2026-10-05,197.9,198.2,193.01,194.02,194.9,192.33,14980,2921000.0,537,,9663.0,64.51,new
TRIDENT, EQ,2026-10-05,22.15,22.33,21.8,21.84,21.87,22.16,3963387,87017000.0,19808,,2031180.0,51.25,new
TRIGYN, EQ,2026-10-05,51.54,52.8,51.02,51.45,51.5,51.8,18889,977000.0,454,,12339.0,65.32,new
TRITONV, EQ,2026-10-05,1099.0,1100.0,1048.3,1063.2,1056.0,1078.0,1226,1303000.0,195,,856.0,69.82,new
TRITURBINE, EQ,2026-10-05,535.0,540.0,525.05,526.1,526.0,530.0,208383,110745000.0,18742,,97819.0,46.94,new
TRIVENI, EQ,2026-10-05,237.0,241.7,235.06,237.22,237.0,230.92,749310,178164000.0,25563,,318824.0,42.55,new
TRU, EQ,2026-10-05,4.05,4.33,4.05,4.15,4.16,4.22,41076,173000.0,206,,33862.0,82.44,new
TRUALT, EQ,2026-10-05,444.65,457.15,436.95,442.3,443.8,444.3,100918,44932000.0,4158,,51296.0,50.83,new
TRUST, SM,2026-10-05,25.9,26.1,25.8,25.95,25.8,27.1,9600,249000.00000000003,13,,8400.0,87.5,new
TSC, ST,2026-10-05,50.25,50.25,50.25,50.25,50.25,50.25,2000,101000.0,1,,2000.0,100.0,new
TSFINV, EQ,2026-10-05,410.0,415.0,403.6,409.0,407.5,409.15,69621,28416000.000000004,4959,,43045.0,61.83,new
TTKHLTCARE, EQ,2026-10-05,1022.9,1037.0,991.0,1007.4,1005.1,1013.0,17885,18127000.0,1936,,8463.0,47.32,new
TTKPRESTIG, EQ,2026-10-05,508.5,519.45,508.5,512.95,519.45,506.4,25083,12841000.0,2038,,14796.0,58.99,new
TTL, EQ,2026-10-05,8.0,8.0,7.65,7.77,7.8,7.85,116374,905000.0000000001,364,,85141.0,73.16,new
TTML, EQ,2026-10-05,34.6,34.8,33.91,34.33,34.19,34.82,2248833,76976000.0,14559,,684922.0,30.46,new
TUNWAL, SM,2026-10-05,26.55,26.55,26.0,26.25,26.25,25.9,22000,576000.0,11,,16000.0,72.73,new
TURTLEMINT, EQ,2026-10-05,71.0,71.49,65.85,68.04,68.5,69.79,3623714,249058000.0,41004,,929096.0,25.64,new
TUTIALKA, EQ,2026-10-05,55.92,55.92,52.01,52.27,52.34,53.98,5930,315000.0,157,,4525.0,76.31,new
TVSELECT, EQ,2026-10-05,397.15,401.75,387.2,391.7,392.0,397.4,41961,16476000.0,2300,,15496.0,36.93,new
TVSHLTD, EQ,2026-10-05,11950.0,12021.0,11708.0,11813.0,11780.0,11886.0,4718,55811000.0,1746,,2227.0,47.2,new
TVSMOTOR, EQ,2026-10-05,4026.0,4040.5,3919.0,4031.0,4031.0,4021.0,706602,2820932000.0,68771,,337596.0,47.78,new
TVSSCS, EQ,2026-10-05,128.32,130.99,126.95,127.27,127.13,128.42,402736,51677000.0,7922,,186802.0,46.38,new
TVSSRICHAK, EQ,2026-10-05,4323.3,4430.7,4256.0,4277.3,4375.0,4349.3,3583,15479000.0,1327,,1928.0,53.81,new
TVTODAY, EQ,2026-10-05,103.7,103.7,101.0,101.49,101.34,101.65,52602,5342000.0,550,,43386.0,82.48,new
TVVISION, BE,2026-10-05,2.67,2.67,2.43,2.64,2.65,2.55,40218,103000.0,50,,,,new
TWCGOLDETF, EQ,2026-10-05,147.0,147.92,145.08,146.47,146.51,146.46,2839,416000.0,119,,2734.0,96.3,new
UBL, EQ,2026-10-05,1180.2,1192.6,1171.5,1183.3,1186.0,1188.8,56186,66347000.0,9867,,30312.0,53.95,new
UCAL, BE,2026-10-05,139.0,143.3,137.0,137.43,137.0,140.4,6507,903999.9999999999,95,,,,new
UCL, ST,2026-10-05,210.35,218.0,199.9,210.45,210.45,210.35,10000,2077000.0,5,,10000.0,100.0,new
UCOBANK, EQ,2026-10-05,23.05,23.9,22.96,23.16,23.14,22.93,7010331,163839000.0,22779,,1747314.0,24.92,new
UDAYJEW, EQ,2026-10-05,166.0,166.0,155.9,160.27,155.9,159.06,11218,1814999.9999999998,846,,1623.0,14.47,new
UDS, EQ,2026-10-05,209.6,211.98,208.43,210.82,211.0,208.55,78015,16409000.0,2329,,49090.0,62.92,new
UEL, EQ,2026-10-05,183.67,183.68,175.4,176.87,177.01,183.67,7614,1354000.0,550,,5673.0,74.51,new
UFBL, BE,2026-10-05,696.7,704.9,658.5,662.1,660.0,692.75,33217,22319000.0,880,,,,new
UFLEX, EQ,2026-10-05,651.15,669.35,636.5,639.2,640.1,649.85,112152,72575000.0,5295,,55212.0,49.23,new
UFO, EQ,2026-10-05,57.02,58.6,56.33,57.18,57.4,56.49,21649,1242000.0,537,,11900.0,54.97,new
UGARSUGAR, BE,2026-10-05,56.0,58.84,56.0,58.84,58.84,56.04,182707,10655000.0,723,,,,new
UGROCAP, EQ,2026-10-05,83.9,83.9,81.0,81.89,82.99,82.35,145752,11963000.0,1801,,89144.0,61.16,new
UHTL, ST,2026-10-05,192.1,195.9,192.1,195.9,195.9,192.1,26000,5071000.0,11,,26000.0,100.0,new
UJJIVANSFB, EQ,2026-10-05,66.98,67.65,65.92,66.59,66.59,65.6,16279797,1087088000.0,76308,,8586668.0,52.74,new
ULTRACEMCO, EQ,2026-10-05,10736.0,10940.0,10731.0,10850.0,10850.0,10710.0,314538,3420358999.9999995,37017,,198143.0,62.99,new
ULTRAMAR, EQ,2026-10-05,409.0,409.55,403.5,404.8,404.4,406.15,92729,37553000.0,1532,,66236.0,71.43,new
UMA, SM,2026-10-05,17.0,17.0,16.6,16.6,16.6,17.8,12000,202000.0,3,,12000.0,100.0,new
UMAEXPORTS, BE,2026-10-05,22.16,22.16,21.0,21.16,21.0,22.05,32939,708000.0,135,,,,new
UMESLTD, EQ,2026-10-05,4.8,4.8,4.28,4.37,4.49,4.57,7898,35000.0,77,,5220.0,66.09,new
UMIYA-MRO, EQ,2026-10-05,92.8,93.49,91.12,91.98,91.71,91.76,8756,803999.9999999999,190,,7051.0,80.53,new
UNICHEMLAB, EQ,2026-10-05,536.2,545.0,512.0,531.45,531.2,535.05,116755,61824000.0,6292,,38020.0,32.56,new
UNIDT, EQ,2026-10-05,242.9,242.9,227.61,229.93,229.94,239.65,36657,8596000.0,1285,,18088.0,49.34,new
UNIECOM, EQ,2026-10-05,82.52,83.69,81.11,81.54,81.2,82.58,134369,11046000.0,2140,,73730.0,54.87,new
UNIENTER, EQ,2026-10-05,90.0,90.0,86.0,86.17,86.19,87.02,3395,294000.0,92,,2365.0,69.66,new
UNIHEALTH, SM,2026-10-05,580.0,588.0,555.0,562.15,556.0,581.2,20500,11640000.0,39,,16000.0,78.05,new
UNIINFO, EQ,2026-10-05,11.2,11.2,10.46,10.62,10.46,10.85,2024,21000.0,34,,1447.0,71.49,new
UNILEX, SM,2026-10-05,30.0,30.5,30.0,30.4,30.4,29.3,8000,242000.0,5,,6400.0,80.0,new
UNIMECH, EQ,2026-10-05,1790.0,1850.2,1756.0,1845.1,1840.0,1773.0,344309,620430000.0,37538,,149181.0,43.33,new
UNIONBANK, EQ,2026-10-05,169.0,171.09,165.68,167.97,167.97,167.59,7966548,1338396000.0,59745,,3438526.0,43.16,new
UNIONGOLD, EQ,2026-10-05,145.0,145.8,142.4,144.0,143.45,143.9,6965,996000.0000000001,416,,4082.0,58.61,new
UNIPARTS, EQ,2026-10-05,818.0,847.1,812.25,826.05,827.7,819.3,84284,70042000.0,8475,,47518.0,56.38,new
UNITDSPR, EQ,2026-10-05,1335.4,1377.9,1329.7,1369.0,1369.0,1335.1,1272603,1721066000.0,47556,,737627.0,57.96,new
UNITECH, EQ,2026-10-05,3.95,3.99,3.88,3.9,3.91,3.93,1338911,5260000.0,2864,,928995.0,69.38,new
UNITEDPOLY, EQ,2026-10-05,47.13,50.23,43.5,48.43,49.54,47.05,3171395,150211000.0,6960,,807488.0,25.46,new
UNITEDTEA, EQ,2026-10-05,414.9,428.95,414.9,415.0,416.0,416.95,1641,681000.0,83,,1392.0,84.83,new
UNIVAFOODS, BE,2026-10-05,9.48,9.48,9.48,9.48,9.48,9.48,3084,28999.999999999996,9,,,,new
UNIVASTU, BE,2026-10-05,135.9,135.9,127.55,127.77,128.99,134.25,46796,6099000.0,465,,,,new
UNIVCABLES, EQ,2026-10-05,1459.9,1536.8,1456.0,1520.2,1515.0,1451.3,214759,324255000.0,16273,,87622.0,40.8,new
UNIVPHOTO, BE,2026-10-05,514.5,514.5,471.15,488.2,501.0,490.0,231,117000.0,20,,,,new
UNOMINDA, EQ,2026-10-05,1111.0,1126.0,1086.2,1101.0,1101.0,1111.0,952575,1046959000.0,35931,,522609.0,54.86,new
UPL, EQ,2026-10-05,520.5,526.8,496.05,502.5,502.5,516.8,5330366,2704009000.0,42874,,3078846.0,57.76,new
URAVIDEF, BE,2026-10-05,103.0,103.0,101.16,101.16,101.16,103.0,463,47000.0,16,,,,new
URBAN, SM,2026-10-05,118.3,121.0,116.1,120.25,120.8,118.15,20000,2381000.0,25,,11200.0,56.0,new
URBANCO, EQ,2026-10-05,157.0,160.56,157.0,159.59,159.0,156.34,2694786,428460999.99999994,47403,,1126864.0,41.82,new
URJA, EQ,2026-10-05,8.56,9.0,8.51,8.69,8.62,8.61,478430,4126000.0,2523,,289709.0,60.55,new
USHAFIN, ST,2026-10-05,46.7,46.7,45.5,46.05,46.05,46.7,4800,221000.0,3,,4800.0,100.0,new
USHAMART, EQ,2026-10-05,492.0,518.0,492.0,510.5,508.1,491.7,1068924,542866000.0,33961,,595975.0,55.75,new
USK, EQ,2026-10-05,18.97,19.1,18.12,18.53,18.65,18.39,20205,373000.0,232,,13287.0,65.76,new
UTIAMC, EQ,2026-10-05,883.7,898.0,879.85,890.3,897.0,883.7,58676,52221000.0,8991,,34795.0,59.3,new
UTKAL, ST,2026-10-05,50.0,50.0,45.6,49.75,49.9,48.0,42000,2043000.0,18,,36000.0,85.71,new
UTKARSHBNK, EQ,2026-10-05,13.43,13.68,13.12,13.22,13.26,13.43,2920874,39007000.0,4721,,1339209.0,45.85,new
UTLSOLAR, EQ,2026-10-05,401.65,420.95,392.6,412.15,412.5,401.65,326293,134358000.0,18667,,151287.0,46.37,new
UTSSAV, SM,2026-10-05,775.0,845.25,775.0,843.35,840.0,766.8,133200,109841000.00000001,173,,75600.0,56.76,new
UTTAMSUGAR, EQ,2026-10-05,280.65,298.0,279.0,294.7,294.65,276.1,362425,105222000.0,11593,,87059.0,24.02,new
UWCSL, SM,2026-10-05,121.0,121.0,121.0,121.0,121.0,122.45,1000,121000.0,1,,1000.0,100.0,new
UYFINCORP, BE,2026-10-05,23.29,24.0,23.0,23.98,24.0,22.86,495147,11771000.0,924,,,,new
V2RETAIL, EQ,2026-10-05,183.99,183.99,162.33,169.28,167.89,201.39,18473874,3183658000.0,221803,,5691886.0,30.81,new
VADILALIND, EQ,2026-10-05,7187.0,7299.5,7000.0,7111.0,7125.0,7187.0,6743,47877000.0,1869,,3476.0,51.55,new
VADILENT, EQ,2026-10-05,9960.0,9960.0,9860.0,9860.0,9860.0,9910.0,9,89000.0,9,,8.0,88.89,new
VAIBHAVGBL, EQ,2026-10-05,205.0,208.99,198.15,199.43,200.99,203.53,211892,42554000.0,5628,,99056.0,46.75,new
VAISHALI, EQ,2026-10-05,8.95,8.95,8.22,8.28,8.32,8.38,217314,1816000.0,382,,139168.0,64.04,new
VAKRANGEE, EQ,2026-10-05,5.12,5.7,5.12,5.21,5.2,5.12,741358,3847999.9999999995,1610,,488182.0,65.85,new
VAL30IETF, EQ,2026-10-05,14.59,14.59,14.23,14.33,14.38,14.3,196261,2814000.0,583,,90769.0,46.25,new
VALIANTLAB, BE,2026-10-05,128.85,128.85,119.05,124.58,126.4,125.08,70647,8682000.0,372,,,,new
VALIANTORG, EQ,2026-10-05,477.15,503.0,471.05,475.65,475.0,477.15,461753,227157000.00000003,13986,,204878.0,44.37,new
VALUE, EQ,2026-10-05,15.44,15.44,15.11,15.22,15.23,15.14,10424,159000.0,136,,8647.0,82.95,new
VALUEAXIS, EQ,2026-10-05,31.97,31.97,30.82,31.02,31.38,30.91,145987,4544000.0,573,,77280.0,52.94,new
VAML, EQ,2026-10-05,403.5,410.95,391.45,396.6,396.0,402.75,10726817,4264403000.0,144298,,6203177.0,57.83,new
VARDHACRLC, EQ,2026-10-05,45.7,45.7,44.11,44.47,44.2,44.34,39997,1791000.0,344,,30539.0,76.35,new
VARDMNPOLY, EQ,2026-10-05,5.6,5.75,5.48,5.55,5.59,5.7,297132,1650000.0,552,,251624.0,84.68,new
VARMORA, EQ,2026-10-05,135.0,138.2,132.11,134.88,133.6,134.3,1992329,267732000.00000003,29145,,584817.0,29.35,new
VARROC, EQ,2026-10-05,835.0,843.8,817.0,820.0,819.15,830.6,169871,140034000.0,15648,,71655.0,42.18,new
VASCONEQ, EQ,2026-10-05,33.0,33.7,32.05,32.27,32.3,32.58,452260,14736000.000000002,1889,,236727.0,52.34,new
VASUPRADA, EQ,2026-10-05,96.0,96.25,96.0,96.25,96.25,95.52,93,9000.0,2,,93.0,100.0,new
VASWANI, EQ,2026-10-05,44.2,45.28,44.01,44.13,44.06,44.36,8389,373000.0,91,,5216.0,62.18,new
VBL, EQ,2026-10-05,426.3,440.2,426.3,439.6,439.6,425.3,4643552,2021796000.0,66879,,2458636.0,52.95,new
VCL, BE,2026-10-05,1.43,1.43,1.43,1.43,1.43,1.37,264937,379000.0,149,,,,new
VDEAL, SM,2026-10-05,111.2,111.2,103.05,103.05,103.05,110.5,2400,256999.99999999997,4,,2400.0,100.0,new
VEDAVAAG, EQ,2026-10-05,22.16,22.59,21.46,22.33,22.28,22.16,27473,607000.0,269,,20456.0,74.46,new
VEDL, EQ,2026-10-05,253.3,256.6,252.05,255.05,255.05,252.05,7161255,1822163000.0,63796,,4051298.0,56.57,new
VEDPOWER, EQ,2026-10-05,32.8,33.15,31.49,31.87,31.92,32.77,15572832,500864000.00000006,183372,,7573361.0,48.63,new
VEEDOL, EQ,2026-10-05,1357.0,1365.9,1339.1,1350.4,1350.0,1356.6,6337,8537000.0,880,,3431.0,54.14,new
VEEGALAND, EQ,2026-10-05,144.09,149.75,142.42,144.74,144.22,141.79,1476381,215356000.0,8756,,607578.0,41.15,new
VEEKAYEM, SM,2026-10-05,108.0,108.7,108.0,108.35,108.7,104.0,4000,433000.0,8,,2000.0,50.0,new
VELJAN, BE,2026-10-05,2350.0,2410.9,2296.1,2410.9,2410.9,2296.1,4186,10059000.0,269,,,,new
VENKEYS, EQ,2026-10-05,1618.1,1664.0,1593.0,1642.7,1636.0,1613.0,51707,84626000.0,6807,,25168.0,48.67,new
VENTIVE, EQ,2026-10-05,546.0,557.9,544.5,548.0,546.25,552.2,8979,4923000.0,1101,,4997.0,55.65,new
VENUSPIPES, EQ,2026-10-05,2204.9,2279.1,2193.8,2206.4,2217.0,2204.9,141164,315161000.0,12927,,47005.0,33.3,new
VENUSREM, BE,2026-10-05,1758.0,1819.0,1710.0,1778.0,1800.0,1796.7,21176,37211000.0,1088,,,,new
VERANDA, EQ,2026-10-05,214.0,218.99,207.6,212.76,213.02,213.8,368190,78164000.0,7788,,201182.0,54.64,new
VERITAAS, SM,2026-10-05,30.05,30.5,30.05,30.05,30.05,31.6,6000,181000.0,5,,3600.0,60.0,new
VERTIS, IV,2026-10-05,114.0,116.5,114.0,114.0,114.0,116.5,3825000,443420000.0,16,,3825000.0,100.0,new
VERTOZ, EQ,2026-10-05,36.99,36.99,34.43,34.73,35.0,35.66,40182,1404000.0,635,,27277.0,67.88,new
VESUVIUS, EQ,2026-10-05,404.1,412.65,387.95,389.4,390.0,404.1,190997,75697000.0,9596,,72124.0,37.76,new
VETO, EQ,2026-10-05,137.0,140.95,135.35,136.65,136.0,136.79,45573,6275000.0,1596,,21154.0,46.42,new
VGCL, EQ,2026-10-05,45.65,48.37,45.65,48.02,48.02,47.89,906,42000.0,51,,684.0,75.5,new
VGINFOTECH, SM,2026-10-05,138.0,138.0,136.0,138.0,138.0,139.0,19000,2605000.0,18,,16000.0,84.21,new
VGL, EQ,2026-10-05,63.4,65.22,63.4,63.6,63.6,63.11,33296,2133000.0,380,,22769.0,68.38,new
VGUARD, EQ,2026-10-05,297.3,302.7,295.3,296.55,296.05,294.55,204357,60896000.0,10800,,107425.0,52.57,new
VHL, EQ,2026-10-05,3481.0,3525.7,3375.0,3517.8,3510.0,3435.3,1519,5296000.0,346,,1103.0,72.61,new
VHLTD, BE,2026-10-05,131.99,131.99,124.0,126.05,130.0,127.7,7505,956000.0,92,,,,new
VICTORYEV, SM,2026-10-05,13.5,13.5,13.3,13.3,13.3,13.5,9000,121000.0,3,,9000.0,100.0,new
VIDHIING, EQ,2026-10-05,356.5,357.0,350.0,354.0,354.0,350.25,14038,4976000.0,943,,10424.0,74.26,new
VIDYAWIRES, EQ,2026-10-05,90.95,95.35,90.95,91.27,91.08,90.97,1296809,120571000.0,8246,,620545.0,47.85,new
VIESL, SM,2026-10-05,365.0,365.0,358.95,359.8,359.8,365.0,9600,3468000.0,12,,8000.0,83.33,new
VIGOR, SM,2026-10-05,80.0,80.0,76.0,76.0,76.0,80.0,35200,2703000.0,22,,32000.0,90.91,new
VIJAYA, EQ,2026-10-05,1425.0,1444.9,1405.4,1422.2,1420.9,1428.0,157254,223727000.0,32074,,89894.0,57.16,new
VIJAYPD, SM,2026-10-05,82.0,91.95,76.75,90.35,90.7,80.05,176000,15182000.0,84,,136000.0,77.27,new
VIJIFIN, BE,2026-10-05,14.41,14.41,14.41,14.41,14.41,15.16,38311,552000.0,200,,,,new
VIJSOLX, EQ,2026-10-05,625.05,644.8,625.05,636.95,636.95,623.3,33,21000.0,11,,23.0,69.7,new
VIKASECO, EQ,2026-10-05,1.03,1.03,1.02,1.02,1.02,1.01,1522387,1558000.0,1078,,813621.0,53.44,new
VIKASLIFE, EQ,2026-10-05,1.21,1.23,1.21,1.21,1.21,1.2,2377351,2890000.0,8062,,958971.0,40.34,new
VIKRAMSOLR, EQ,2026-10-05,155.0,157.39,151.79,152.52,152.7,154.35,969664,148680000.0,13190,,425094.0,43.84,new
VIKRAN, EQ,2026-10-05,59.0,59.56,56.9,57.19,57.12,58.27,1024492,59241999.99999999,6563,,423965.0,41.38,new
VILAS, SM,2026-10-05,404.95,406.9,394.0,396.25,395.0,398.75,46500,18496000.0,106,,39250.0,84.41,new
VILINBIO, ST,2026-10-05,53.75,53.75,53.75,53.75,53.75,56.5,4000,215000.0,1,,4000.0,100.0,new
VIMTALABS, EQ,2026-10-05,585.0,604.0,570.5,571.75,573.0,584.35,96965,56288000.0,9030,,44217.0,45.6,new
VINATIORGA, EQ,2026-10-05,1207.0,1207.9,1171.6,1175.8,1175.8,1208.1,43727,51649000.0,7795,,21606.0,49.41,new
VINCOFE, EQ,2026-10-05,178.8,186.0,175.41,182.59,183.0,178.95,1009071,182128000.0,14632,,470835.0,46.66,new
VINDHYATEL, EQ,2026-10-05,2611.7,2670.5,2553.5,2577.3,2588.0,2617.0,37719,97663000.0,5644,,18837.0,49.94,new
VINEETLAB, EQ,2026-10-05,36.4,37.7,35.49,37.57,37.03,35.91,95641,3536999.9999999995,495,,62556.0,65.41,new
VINNY, EQ,2026-10-05,0.91,0.91,0.9,0.9,0.9,0.9,202872,183000.0,151,,202867.0,100.0,new
VINOD, SM,2026-10-05,45.8,45.8,45.8,45.8,45.8,50.85,8400,385000.0,7,,8400.0,100.0,new
VINSYS, ST,2026-10-05,585.0,588.0,555.05,574.0,573.0,579.5,3000,1727000.0,12,,3000.0,100.0,new
VINYAS, SM,2026-10-05,1361.4,1398.0,1311.0,1374.45,1398.0,1375.15,12800,17247000.0,94,,9800.0,76.56,new
VINYLINDIA, EQ,2026-10-05,214.23,220.0,214.0,214.15,214.01,214.23,2875,617000.0,200,,2317.0,80.59,new
VIPCLOTHNG, EQ,2026-10-05,20.11,21.94,20.11,20.19,20.17,20.11,14474,299000.0,216,,8906.0,61.53,new
VIPIND, EQ,2026-10-05,282.95,288.75,279.0,284.3,283.3,280.75,190807,54104000.0,7303,,88403.0,46.33,new
VIPULLTD, BE,2026-10-05,10.46,10.55,10.35,10.49,10.5,10.59,68050,712000.0,157,,,,new
VIRAT, EQ,2026-10-05,336.15,349.9,336.0,345.0,338.4,335.8,5210,1788000.0,263,,3367.0,64.63,new
VIRINCHI, EQ,2026-10-05,13.3,13.6,12.55,12.78,12.85,13.29,63452,819000.0,359,,53156.0,83.77,new
VIRTUALG, BE,2026-10-05,0.44,0.45,0.43,0.43,0.44,0.44,146059,64000.0,133,,,,new
VISACHROME, EQ,2026-10-05,37.64,37.64,34.12,34.12,34.12,35.91,24650,860000.0,250,,16022.0,65.0,new
VISAKAIND, BE,2026-10-05,83.47,83.75,81.11,81.57,81.5,83.58,71853,5909000.0,479,,,,new
VISAMAN, SM,2026-10-05,25.85,25.85,25.85,25.85,25.85,27.2,12000,310000.0,7,,12000.0,100.0,new
VISDEM, SM,2026-10-05,99.95,100.0,92.0,99.65,100.0,91.0,33600,3336999.9999999995,17,,30000.0,89.29,new
VISHAL, EQ,2026-10-05,18.18,18.18,17.0,17.31,17.44,17.38,28517,493000.0,397,,20642.0,72.38,new
VISHNU, EQ,2026-10-05,661.55,669.65,645.1,647.75,649.0,658.25,83979,54776000.0,5651,,40201.0,47.87,new
VISHNUINFR, SM,2026-10-05,143.15,145.4,143.0,143.0,143.0,148.7,4000,575000.0,8,,3000.0,75.0,new
VISHWARAJ, EQ,2026-10-05,5.29,5.32,5.2,5.23,5.21,5.18,195509,1026000.0,487,,85824.0,43.9,new
VISL, EQ,2026-10-05,30.99,31.32,30.16,30.74,30.7,31.17,14830747,456460000.00000006,42175,,7547914.0,50.89,new
VITAL, EQ,2026-10-05,50.8,53.89,50.8,51.05,52.69,53.46,3115,159000.0,31,,2468.0,79.23,new
VIVIANA, EQ,2026-10-05,819.9,825.0,765.0,815.65,818.05,774.5,82294,65759000.0,6106,,41578.0,50.52,new
VIVIDEL, SM,2026-10-05,1747.65,1750.0,1690.0,1715.0,1715.0,1747.65,8400,14424000.0,34,,5760.0,68.57,new
VIVIDHA, EQ,2026-10-05,0.51,0.54,0.5,0.51,0.52,0.5,580904,300000.0,178,,223176.0,38.42,new
VIVIMEDLAB, BE,2026-10-05,5.99,5.99,5.99,5.99,5.99,5.71,103501,620000.0,63,,,,new
VIVO, ST,2026-10-05,147.0,147.0,147.0,147.0,147.0,151.05,1600,235000.0,1,,1600.0,100.0,new
VIVOBIOT, EQ,2026-10-05,17.0,17.83,14.6,15.14,15.3,17.13,78951,1244000.0,388,,54040.0,68.45,new
VIYASH, EQ,2026-10-05,234.0,235.0,228.0,229.07,228.1,231.75,1200304,277273000.0,23363,,633904.0,52.81,new
VLEGOV, EQ,2026-10-05,9.42,9.99,9.13,9.32,9.39,9.6,135280,1274000.0,764,,84311.0,62.32,new
VLINFRA, SM,2026-10-05,23.75,25.15,23.75,25.15,25.15,24.9,7500,185000.0,5,,6000.0,80.0,new
VLSFINANCE, EQ,2026-10-05,229.0,234.84,229.0,231.16,231.9,230.87,10797,2496000.0,145,,8776.0,81.28,new
VMARCIND, SM,2026-10-05,325.7,325.7,316.1,321.65,321.0,325.0,102000,32773000.0,64,,72000.0,70.59,new
VMART, EQ,2026-10-05,751.0,775.0,744.4,770.95,768.0,746.1,81245,62091000.0,10998,,36197.0,44.55,new
VMM, EQ,2026-10-05,100.6,100.6,98.1,98.25,98.25,99.5,5980303,590972000.0,26769,,2677743.0,44.78,new
VMOBILE, SM,2026-10-05,53.8,53.8,53.75,53.75,53.75,56.05,1600,86000.0,2,,1600.0,100.0,new
VMSTMT, EQ,2026-10-05,46.95,48.0,42.5,44.34,44.57,46.65,117745,5246000.0,1565,,70308.0,59.71,new
VOEPL, EQ,2026-10-05,520.0,553.85,493.0,506.1,505.55,493.0,2133658,1118296000.0,58777,,139440.0,6.54,new
VOGL, EQ,2026-10-05,31.95,32.14,30.63,30.87,30.88,31.98,23982297,747238000.0,145271,,10809443.0,45.07,new
VOITHPAPR, EQ,2026-10-05,1416.0,1448.0,1392.3,1437.2,1440.1,1407.3,245,349000.0,47,,176.0,71.84,new
VOLERCAR, SM,2026-10-05,217.0,219.0,216.5,219.0,219.0,216.3,4800,1046000.0000000001,4,,2400.0,50.0,new
VOLTAMP, EQ,2026-10-05,10452.0,10638.0,10421.0,10561.0,10555.0,10426.0,14532,153448000.0,7618,,7292.0,50.18,new
VOLTAS, EQ,2026-10-05,1055.0,1072.1,1052.9,1061.3,1061.3,1053.2,436486,463027000.00000006,23787,,134505.0,30.82,new
VPRPL, EQ,2026-10-05,28.45,29.17,28.45,28.78,28.6,28.39,346485,9976000.0,1534,,196129.0,56.61,new
VRAJ, EQ,2026-10-05,123.35,124.08,121.25,122.18,121.58,121.76,11118,1358000.0,411,,7606.0,68.41,new
VRLLOG, EQ,2026-10-05,285.6,286.6,283.1,285.0,285.0,285.05,97202,27691000.000000004,2717,,64944.0,66.81,new
VSSL, EQ,2026-10-05,381.0,388.35,375.85,386.1,384.0,383.3,140448,53861000.0,5981,,71113.0,50.63,new
VSTIND, EQ,2026-10-05,204.5,204.5,200.1,200.92,201.0,201.14,101204,20364000.0,3198,,65362.0,64.58,new
VSTL, EQ,2026-10-05,109.98,110.45,108.05,109.04,109.3,108.85,5108,558000.0,190,,3715.0,72.73,new
VSTTILLERS, EQ,2026-10-05,4365.0,4379.6,4175.7,4235.1,4202.0,4339.8,10200,43405000.0,2831,,4251.0,41.68,new
VTL, EQ,2026-10-05,532.0,538.9,527.65,529.9,528.95,529.25,102074,54300000.0,8016,,46025.0,45.09,new
VTMLTD, EQ,2026-10-05,40.4,41.4,37.3,38.27,39.0,38.15,46362,1762000.0,910,,27724.0,59.8,new
WAAREEENER, EQ,2026-10-05,2352.0,2363.5,2323.7,2346.5,2346.5,2340.0,341571,800474000.0,26806,,130760.0,38.28,new
WAAREEINDO, EQ,2026-10-05,203.01,213.3,203.01,204.89,205.42,203.39,141493,29250000.0,2436,,43400.0,30.67,new
WAAREERTL, EQ,2026-10-05,809.95,831.0,807.2,809.1,808.6,808.8,124142,101391000.0,12035,,51583.0,41.55,new
WABAG, EQ,2026-10-05,2015.0,2032.8,1967.0,1999.5,1999.9,2004.9,683349,1357408000.0,33624,,321752.0,47.08,new
WAKEFIT, EQ,2026-10-05,140.12,144.5,137.3,138.12,138.1,139.88,586481,82246000.0,2973,,413082.0,70.43,new
WALCHANNAG, EQ,2026-10-05,198.0,201.4,193.05,195.05,194.9,196.08,591665,116383999.99999999,11759,,282964.0,47.83,new
WALPAR, SM,2026-10-05,28.45,28.45,26.1,26.1,26.1,27.4,14000,373000.0,7,,8000.0,57.14,new
WANBURY, EQ,2026-10-05,198.8,198.99,187.0,190.46,189.9,197.99,517094,99239000.0,9695,,232969.0,45.05,new
WARDINMOBI, BZ,2026-10-05,5.31,5.55,5.07,5.17,5.2,5.31,91237,480000.0,355,,,,new
WATERBASE, EQ,2026-10-05,47.0,47.0,45.21,45.57,45.24,45.4,3851,176000.0,95,,3333.0,86.55,new
WCIL, EQ,2026-10-05,95.0,95.0,87.25,89.27,89.0,93.01,330348,30042000.0,3286,,195549.0,59.19,new
WEALTH, EQ,2026-10-05,900.0,913.0,851.5,864.0,866.0,889.95,705,627000.0,132,,406.0,57.59,new
WEBELSOLAR, EQ,2026-10-05,69.2,69.6,67.21,68.06,68.24,68.7,1356882,92553000.0,12993,,704466.0,51.92,new
WEIZMANIND, EQ,2026-10-05,70.35,72.73,68.5,69.4,69.4,71.45,100,7000.000000000001,28,,61.0,61.0,new
WEL, EQ,2026-10-05,72.88,74.39,72.01,73.3,73.65,71.7,187482,13796000.0,1386,,122403.0,65.29,new
WELCORP, EQ,2026-10-05,2649.9,2672.9,2450.0,2497.5,2501.0,2605.8,2352647,5899672000.0,168249,,1146925.0,48.75,new
WELENT, EQ,2026-10-05,724.45,734.3,716.7,723.1,723.0,724.45,154921,112257000.0,9482,,85256.0,55.03,new
WELINV, BE,2026-10-05,2500.0,2500.0,2478.0,2478.0,2478.0,2478.0,4,10000.0,4,,,,new
WELSPLSOL, EQ,2026-10-05,52.25,53.4,52.02,52.5,52.25,52.58,332103,17447000.0,2314,,185857.0,55.96,new
WELSPUNLIV, EQ,2026-10-05,241.5,243.0,228.01,230.27,230.0,239.17,5875615,1368612000.0,73572,,2210655.0,37.62,new
WENDT, EQ,2026-10-05,8130.0,8255.0,8001.0,8016.5,8013.0,8116.0,6049,49046000.0,1909,,2829.0,46.77,new
WESTLIFE, EQ,2026-10-05,591.0,606.5,586.0,590.95,588.6,588.05,106325,63277000.0,7472,,60583.0,56.98,new
WEWIN, EQ,2026-10-05,52.1,52.1,50.55,51.0,51.0,51.65,3493,178000.0,59,,3416.0,97.8,new
WEWORK, EQ,2026-10-05,656.4,664.2,645.05,651.0,650.7,659.6,62860,40936000.0,7455,,37994.0,60.44,new
WHBRADY, EQ,2026-10-05,488.0,488.0,456.3,464.4,456.3,465.05,93,44000.0,20,,92.0,98.92,new
WHEELS, EQ,2026-10-05,2260.0,2266.6,2150.2,2206.6,2200.0,2241.3,78184,170982000.0,8856,,24945.0,31.91,new
WHIRLPOOL, EQ,2026-10-05,867.6,888.7,850.1,871.75,870.1,861.65,825507,721037000.0,38181,,181131.0,21.94,new
WILLAMAGOR, EQ,2026-10-05,21.99,22.82,21.01,21.67,21.67,21.19,4778,103000.0,31,,3417.0,71.52,new
WINDLAS, EQ,2026-10-05,1082.4,1094.1,1009.0,1017.9,1017.2,1082.4,109660,113639000.00000001,11610,,48473.0,44.2,new
WINDMACHIN, EQ,2026-10-05,293.0,299.45,284.65,286.2,287.0,293.15,29987,8690000.0,1280,,17058.0,56.88,new
WINNY, SM,2026-10-05,34.05,34.05,34.05,34.05,34.05,32.45,3000,102000.0,1,,3000.0,100.0,new
WINSOL, SM,2026-10-05,106.2,106.2,102.6,102.65,102.65,106.0,4800,499000.0,11,,4400.0,91.67,new
WIPL, EQ,2026-10-05,163.0,167.4,160.5,160.81,160.5,161.0,2277,370000.0,59,,2004.0,88.01,new
WIPRO, EQ,2026-10-05,163.0,164.3,161.43,162.14,162.14,159.35,30838863,5014441000.0,109890,,17848579.0,57.88,new
WOCKPHARMA, EQ,2026-10-05,2083.9,2093.9,2003.0,2063.5,2062.0,2083.9,803153,1645490000.0000002,54949,,314875.0,39.2,new
WOL3D, SM,2026-10-05,134.0,134.0,134.0,134.0,134.0,134.0,1000,134000.0,1,,1000.0,100.0,new
WOMANCART, ST,2026-10-05,95.0,96.2,91.75,94.5,91.75,96.35,29200,2748000.0,36,,23600.0,80.82,new
WONDERLA, EQ,2026-10-05,495.1,503.0,495.1,499.7,497.0,495.1,22858,11432000.0,1414,,14395.0,62.98,new
WORTHPERI, EQ,2026-10-05,139.0,143.5,139.0,143.41,143.5,143.74,2658,375000.0,63,,1784.0,67.12,new
WPIL, EQ,2026-10-05,440.05,449.0,433.0,447.2,448.45,430.65,157162,69826000.0,4760,,49126.0,31.26,new
WSI, EQ,2026-10-05,52.2,54.19,50.1,50.66,51.0,53.2,54043,2798000.0,459,,35886.0,66.4,new
WSTCSTPAPR, EQ,2026-10-05,733.0,739.9,710.2,717.75,720.0,727.65,205992,148166000.0,12029,,75895.0,36.84,new
WTICAB, SM,2026-10-05,95.05,98.8,95.05,98.75,98.75,95.0,6500,638000.0,13,,5500.0,84.62,new
XCHANGING, EQ,2026-10-05,60.45,61.0,57.28,58.13,58.5,59.73,111368,6616000.0,1507,,68017.0,61.07,new
XELPMOC, EQ,2026-10-05,96.0,100.52,88.3,89.86,89.49,93.67,68709,6534999.999999999,1182,,30581.0,44.51,new
XPROINDIA, EQ,2026-10-05,1129.1,1158.9,1125.0,1139.0,1125.0,1136.2,13727,15627000.000000002,1928,,7531.0,54.86,new
XTGLOBAL, EQ,2026-10-05,29.0,29.4,28.0,28.09,28.28,28.69,21393,606000.0,218,,14877.0,69.54,new
XTRANET, EQ,2026-10-05,272.6,286.0,266.0,286.0,286.0,272.4,670465,189489000.0,8404,,351523.0,52.43,new
YAAP, SM,2026-10-05,126.95,126.95,125.0,125.0,125.0,122.0,2000,252000.0,2,,2000.0,100.0,new
YASHO, EQ,2026-10-05,4036.0,4190.0,4005.9,4042.9,4095.0,4036.0,23771,97732000.0,5313,,10230.0,43.04,new
YASHOPTICS, SM,2026-10-05,135.4,142.0,133.0,133.0,133.0,135.4,24800,3378000.0,22,,22400.0,90.32,new
YATHARTH, EQ,2026-10-05,1028.6,1039.7,995.0,1003.0,1007.7,1033.7,435155,438281000.00000006,31730,,183545.0,42.18,new
YATRA, EQ,2026-10-05,100.0,102.87,98.56,100.81,100.35,98.83,1078497,108707000.0,11646,,389841.0,36.15,new
YESBANK, EQ,2026-10-05,21.05,21.23,20.91,21.06,21.06,20.75,61113748,1287754000.0,79648,,25350453.0,41.48,new
YOGI, EQ,2026-10-05,162.85,162.85,158.0,160.0,160.0,159.35,320,51000.0,9,,319.0,99.69,new
YUKEN, EQ,2026-10-05,1141.4,1145.5,1093.6,1129.0,1111.0,1141.4,18275,20542000.0,2191,,8553.0,46.8,new
ZAGGLE, EQ,2026-10-05,172.0,175.5,169.29,170.32,170.0,171.73,621589,106796000.0,10024,,235148.0,37.83,new
ZEAL, SM,2026-10-05,70.0,74.95,70.0,70.7,70.7,68.55,2400,172000.0,4,,1800.0,75.0,new
ZEEL, EQ,2026-10-05,72.09,74.57,72.09,73.57,73.8,71.92,15449821,1132545000.0,57132,,5951945.0,38.52,new
ZEELEARN, EQ,2026-10-05,6.19,6.55,5.27,6.21,6.26,6.3,552687,3359000.0000000005,1457,,342252.0,61.93,new
ZEEMEDIA, EQ,2026-10-05,7.27,7.33,7.1,7.15,7.23,7.2,557866,4004999.9999999995,1186,,349850.0,62.71,new
ZENITHDRUG, SM,2026-10-05,42.05,43.6,42.05,42.5,42.5,42.05,4000,170000.0,5,,4000.0,100.0,new
ZENITHEXPO, EQ,2026-10-05,195.01,195.01,192.89,194.9,194.9,203.04,823,159000.0,45,,473.0,57.47,new
ZENITHSTL, EQ,2026-10-05,5.28,5.28,5.04,5.15,5.12,5.1,57566,295000.0,256,,40315.0,70.03,new
ZENSARTECH, EQ,2026-10-05,441.05,459.35,435.05,451.5,451.0,434.35,3269410,1476694000.0,95024,,777638.0,23.79,new
ZENTEC, EQ,2026-10-05,1585.0,1606.0,1571.6,1599.5,1598.0,1576.1,212581,338560000.0,19488,,78601.0,36.97,new
ZFCVINDIA, EQ,2026-10-05,2250.0,2269.8,2194.0,2201.3,2202.0,2241.0,121895,269456000.0,12787,,75157.0,61.66,new
ZFSTEERING, EQ,2026-10-05,711.0,724.0,700.1,703.65,700.1,708.4,1443,1027999.9999999999,125,,717.0,49.69,new
ZIMLAB, EQ,2026-10-05,137.3,139.49,131.0,137.1,139.0,137.02,78444,10634000.0,1852,,41032.0,52.31,new
ZODIAC, EQ,2026-10-05,216.91,219.89,212.0,215.1,215.0,216.91,5592,1202000.0,414,,3268.0,58.44,new
ZODIACLOTH, EQ,2026-10-05,69.69,69.69,66.2,67.67,66.83,66.71,5362,361000.0,96,,3663.0,68.31,new
ZOTA, EQ,2026-10-05,1280.0,1313.9,1247.4,1297.4,1285.0,1267.8,58725,75615000.0,5465,,30417.0,51.8,new
ZSARACOM, EQ,2026-10-05,10000.0,10000.0,9605.0,9787.0,9850.0,10017.0,29,284000.0,20,,20.0,68.97,new
ZTECH, SM,2026-10-05,442.0,472.0,439.0,470.3,471.95,437.05,21000,9493000.0,64,,17700.0,84.29,new
ZUARI, EQ,2026-10-05,213.05,217.73,210.0,211.46,211.01,212.88,63262,13483000.000000002,2321,,29321.0,46.35,new
ZUARIIND, EQ,2026-10-05,284.9,291.05,281.8,283.95,283.0,281.85,75632,21678000.0,2644,,43814.0,57.93,new
ZYDUSLIFE, EQ,2026-10-05,1145.7,1151.0,1128.1,1139.0,1139.0,1145.7,1592973,1813890000.0000002,43191,,784232.0,49.23,new
ZYDUSWELL, EQ,2026-10-05,499.75,502.1,482.0,483.8,484.95,493.25,126114,61697000.0,11123,,50447.0,40.0,new
