SYMBOL,SERIES,DATE,OPEN,HIGH,LOW,CLOSE,LAST,PREV_CLOSE,VOLUME,TURNOVER,TRADES,ISIN,DELIV_QTY,DELIV_PER,SOURCE
20MICRONS, EQ,2026-10-07,208.0,210.58,203.5,204.56,204.0,207.87,70093,14416000.0,2203,,36740.0,52.42,new
21STCENMGM, EQ,2026-10-07,38.4,39.12,37.69,39.12,39.12,38.36,7291,283000.0,27,,7286.0,99.93,new
360ONE, EQ,2026-10-07,1060.2,1070.8,1053.7,1063.0,1063.0,1069.5,246152,262134000.0,17213,,135180.0,54.92,new
3BBLACKBIO, EQ,2026-10-07,1606.0,1667.9,1576.5,1615.5,1590.3,1575.1,11520,18778000.0,2214,,5745.0,49.87,new
3IINFOLTD, BE,2026-10-07,23.16,23.67,22.65,23.3,23.3,22.81,124286,2886000.0,514,,,,new
3MINDIA, EQ,2026-10-07,30910.0,31250.0,30475.0,30825.0,30800.0,30840.0,12866,396332000.0,1746,,11067.0,86.02,new
3PLAND, EQ,2026-10-07,30.75,30.9,30.36,30.8,30.8,30.75,282,9000.0,15,,280.0,99.29,new
574GS2026, GS,2026-10-07,102.49,102.49,102.48,102.49,102.49,102.49,70,7000.000000000001,4,,35.0,50.0,new
591GS2028, GS,2026-10-07,99.13,99.13,99.13,99.13,99.13,99.8,100,10000.0,1,,100.0,100.0,new
5PAISA, EQ,2026-10-07,349.05,352.95,344.3,348.0,351.0,349.7,25160,8778000.0,2177,,8425.0,33.49,new
601GS2030, GS,2026-10-07,97.1,97.1,96.31,96.7,96.7,97.1,300,28999.999999999996,3,,100.0,33.33,new
603GS2029, GS,2026-10-07,98.03,98.5,98.03,98.5,98.5,98.01,200,20000.0,3,,100.0,50.0,new
610GS2031, GS,2026-10-07,99.49,99.49,99.49,99.49,99.49,99.49,1,0.0,1,,1.0,100.0,new
620GS2029, GS,2026-10-07,98.0,98.5,98.0,98.5,98.5,98.0,700,69000.0,3,,700.0,100.0,new
622GS2035, GS,2026-10-07,95.98,95.98,95.98,95.98,95.98,94.29,64,6000.0,1,,64.0,100.0,new
63MOONS, EQ,2026-10-07,791.0,806.7,775.95,783.2,785.0,792.95,164400,129820000.0,7328,,55016.0,33.46,new
648GS2035, GS,2026-10-07,94.08,96.8,94.08,96.6,96.6,96.0,1901,183000.0,7,,1901.0,100.0,new
657GS2033A, GS,2026-10-07,98.0,98.0,98.0,98.0,98.0,98.0,300,28999.999999999996,1,,300.0,100.0,new
664GS2027, GS,2026-10-07,106.0,106.0,106.0,106.0,106.0,101.71,2,0.0,2,,2.0,100.0,new
667GS2050, GS,2026-10-07,91.45,91.45,91.45,91.45,91.45,91.5,234,21000.0,2,,234.0,100.0,new
668GS2033, GS,2026-10-07,98.75,99.0,98.75,98.75,98.75,99.05,5400,534000.0,3,,5400.0,100.0,new
668GS2040, GS,2026-10-07,97.6,97.6,97.0,97.0,97.0,97.4,1446,140000.0,5,,1396.0,96.54,new
676GS2061, GS,2026-10-07,89.6,89.6,89.2,89.49,89.49,89.48,16094,1437000.0,36,,15494.0,96.27,new
679GS2031, GS,2026-10-07,100.49,100.49,100.49,100.49,100.49,100.49,100,10000.0,1,,100.0,100.0,new
679GS2034, GS,2026-10-07,97.5,97.5,97.5,97.5,97.5,97.8,100,10000.0,1,,100.0,100.0,new
68GS2060, GS,2026-10-07,91.8,91.8,91.8,91.8,91.8,91.0,530,49000.0,2,,530.0,100.0,new
690GS2065, GS,2026-10-07,93.4,93.4,92.6,92.86,92.9,92.6,168444,15605000.000000002,39,,168039.0,99.76,new
692GS2039, GS,2026-10-07,98.0,98.0,98.0,98.0,98.0,99.0,100,10000.0,1,,100.0,100.0,new
694GS2036, GS,2026-10-07,101.1,101.12,101.08,101.12,101.12,101.3,300,30000.0,4,,300.0,100.0,new
695GS2061, GS,2026-10-07,92.78,92.78,92.7,92.7,92.7,92.79,571,53000.0,5,,571.0,100.0,new
698GR2054, GS,2026-10-07,91.26,93.99,91.26,93.99,93.99,93.0,451,41000.0,3,,450.0,99.78,new
699GS2051, GS,2026-10-07,93.98,96.3,93.98,96.0,96.0,96.39,1656,159000.0,3,,1656.0,100.0,new
704GS2029, GS,2026-10-07,102.7,102.7,102.7,102.7,102.7,102.7,9849,1011000.0,3,,9849.0,100.0,new
706GS2028, GS,2026-10-07,103.5,103.5,102.01,102.25,102.25,103.5,12687,1299000.0,8,,11487.0,90.54,new
706GS2041, GS,2026-10-07,99.25,99.25,98.0,99.25,99.25,97.25,1505,149000.0,7,,1505.0,100.0,new
709GS2054, GS,2026-10-07,95.89,95.89,95.15,95.15,95.15,95.5,12051,1147000.0,7,,12050.0,99.99,new
709GS2074, GS,2026-10-07,94.76,94.85,94.3,94.79,94.79,94.76,10473,991000.0,18,,8830.0,84.31,new
710GS2029, GS,2026-10-07,103.5,103.5,102.7,103.0,103.0,103.9,73486,7580000.0,27,,70086.0,95.37,new
716GS2050, GS,2026-10-07,96.69,96.69,96.69,96.69,96.69,96.69,3519,340000.0,6,,3519.0,100.0,new
718GS2033, GS,2026-10-07,101.4,102.5,101.4,101.4,101.4,101.8,45173,4585000.0,6,,45173.0,100.0,new
718GS2037, GS,2026-10-07,101.35,102.35,101.2,101.72,101.2,101.11,31613,3207000.0,29,,30222.0,95.6,new
723GS2039, GS,2026-10-07,102.0,102.0,99.93,102.0,102.0,103.4,8310,844999.9999999999,14,,7810.0,93.98,new
724GS2055, GS,2026-10-07,96.99,96.99,96.0,96.19,96.2,96.2,209293,20129000.0,36,,209292.0,100.0,new
725GS2063, GS,2026-10-07,96.34,96.35,96.1,96.27,96.26,96.33,33346,3208000.0,39,,32016.0,96.01,new
726GS2032, GS,2026-10-07,101.0,101.45,101.0,101.21,101.45,100.98,13145,1330000.0,13,,11145.0,84.79,new
726GS2033, GS,2026-10-07,101.0,101.49,100.2,101.49,101.49,101.59,3250,326000.0,3,,3250.0,100.0,new
732GS2030, GS,2026-10-07,103.5,103.5,102.47,102.47,102.47,103.5,1129,117000.0,7,,1079.0,95.57,new
733GS2026, GS,2026-10-07,102.84,102.84,102.84,102.84,102.84,102.84,250,26000.0,2,,250.0,100.0,new
734GS2064, GS,2026-10-07,98.54,98.6,98.45,98.57,98.6,98.68,60488,5958000.0,67,,58283.0,96.35,new
737GS2028, GS,2026-10-07,104.02,104.02,104.0,104.0,104.0,104.02,1200,125000.0,5,,1150.0,95.83,new
738GS2027, GS,2026-10-07,102.65,102.65,102.56,102.64,102.65,102.66,14021,1438000.0,14,,14021.0,100.0,new
73GS2053, GS,2026-10-07,97.8,97.8,97.25,97.44,97.5,97.09,4454,434000.0,19,,4454.0,100.0,new
741GS2036, GS,2026-10-07,104.39,104.39,102.01,103.07,103.0,103.3,1702,175000.0,10,,1637.0,96.18,new
743GS2076, GS,2026-10-07,98.5,98.5,97.8,98.0,98.0,97.8,82960,8130000.0,58,,79751.0,96.13,new
746GS2073, GS,2026-10-07,101.0,101.99,101.0,101.5,101.5,101.99,1144,115999.99999999999,3,,1144.0,100.0,new
74GS2062, GS,2026-10-07,98.0,98.0,97.0,98.0,98.0,98.0,1615,158000.0,9,,1615.0,100.0,new
750GS2056, GS,2026-10-07,100.0,100.0,98.56,99.0,99.0,99.26,290,28999.999999999996,7,,290.0,100.0,new
754GS2036, GS,2026-10-07,104.8,104.9,104.61,104.76,104.72,104.57,454965,47686000.0,116,,450558.0,99.03,new
763GS2056, GS,2026-10-07,100.0,100.29,99.9,100.29,100.29,100.27,14648,1467000.0,19,,14647.0,99.99,new
771GS2066, GS,2026-10-07,102.9,103.1,102.56,103.0,103.0,102.94,39021,4004999.9999999995,15,,39021.0,100.0,new
795GS2032, GS,2026-10-07,104.7,104.7,104.7,104.7,104.7,103.1,2551,267000.0,2,,2551.0,100.0,new
828GS2027, GS,2026-10-07,174.8,174.8,174.8,174.8,174.8,166.48,1,0.0,1,,1.0,100.0,new
883GS2041, GS,2026-10-07,111.25,111.25,111.25,111.25,111.25,117.0,1,0.0,1,,1.0,100.0,new
897GS2030, GS,2026-10-07,114.99,114.99,114.99,114.99,114.99,115.0,416,48000.0,2,,416.0,100.0,new
92GS2030, GS,2026-10-07,109.5,109.65,109.1,109.65,109.65,108.99,32908,3599000.0,15,,31232.0,94.91,new
A2ZINFRA, EQ,2026-10-07,13.71,14.28,13.71,14.1,14.19,14.0,177440,2491000.0,1006,,55296.0,31.16,new
AAATECH, EQ,2026-10-07,103.51,111.0,103.51,106.79,107.14,103.53,416475,44416000.0,2654,,311237.0,74.73,new
AADHARHFC, EQ,2026-10-07,451.05,460.25,443.15,455.05,457.0,453.8,218913,98708000.0,9370,,112903.0,51.57,new
AAKAAR, SM,2026-10-07,66.0,66.0,66.0,66.0,66.0,65.55,1600,106000.0,1,,1600.0,100.0,new
AAKASH, EQ,2026-10-07,8.21,8.4,8.15,8.24,8.38,8.21,80907,665000.0,356,,62768.0,77.58,new
AARADHYA, ST,2026-10-07,118.7,130.0,118.7,122.35,125.0,124.6,7200,894999.9999999999,6,,7200.0,100.0,new
AAREYDRUGS, EQ,2026-10-07,108.1,110.0,104.48,108.81,107.48,107.85,497489,54029000.0,1919,,409407.0,82.29,new
AARNAV, BE,2026-10-07,35.7,37.31,35.7,37.01,37.0,37.31,34793,1287000.0,69,,,,new
AARON, EQ,2026-10-07,123.63,124.0,120.5,122.5,122.39,122.31,6844,841000.0,226,,5278.0,77.12,new
AARTECH, BE,2026-10-07,46.6,48.47,46.51,47.61,47.45,47.33,18917,897000.0000000001,93,,,,new
AARTIDRUGS, EQ,2026-10-07,425.0,429.95,415.0,417.55,418.5,428.8,147075,61778000.0,6461,,62683.0,42.62,new
AARTIIND, EQ,2026-10-07,481.75,492.9,478.4,491.25,492.5,481.15,570690,278223000.0,18628,,250055.0,43.82,new
AARTIPHARM, EQ,2026-10-07,980.05,980.5,950.0,953.35,954.0,975.0,522298,502332000.0,36798,,239255.0,45.81,new
AARTISURF, BE,2026-10-07,504.9,504.95,490.0,493.35,493.0,505.45,4059,2009000.0,152,,,,new
AARVI, EQ,2026-10-07,139.3,141.9,136.0,140.71,141.11,138.82,11004,1540000.0,225,,7636.0,69.39,new
AASTHA, EQ,2026-10-07,29.7,31.0,29.62,30.12,30.32,29.54,579923,17571000.0,2808,,260728.0,44.96,new
AATMAJ, SM,2026-10-07,21.55,22.4,21.55,22.05,22.4,21.55,10000,218000.00000000003,5,,10000.0,100.0,new
AAVAS, EQ,2026-10-07,1218.0,1236.6,1194.0,1231.7,1232.0,1215.1,44345,54149000.0,8918,,20259.0,45.68,new
ABAN, BE,2026-10-07,17.76,17.76,17.76,17.76,17.76,16.92,21190,376000.0,101,,,,new
ABANSENT, EQ,2026-10-07,27.51,27.78,26.75,27.66,27.67,27.51,3518,96000.0,204,,3246.0,92.27,new
ABB, EQ,2026-10-07,7122.5,7122.5,6989.0,7005.0,7005.0,7122.5,133622,938433000.0,29524,,55141.0,41.27,new
ABBOTINDIA, EQ,2026-10-07,26150.0,26200.0,25950.0,26095.0,26100.0,26115.0,8952,233276000.00000003,2340,,6643.0,74.21,new
ABCAPITAL, EQ,2026-10-07,377.5,380.2,370.05,372.1,372.1,378.9,4394040,1636433000.0,43898,,2627624.0,59.8,new
ABCOTS, EQ,2026-10-07,195.0,195.0,192.0,192.07,192.01,193.34,6530,1270000.0,68,,6143.0,94.07,new
ABDL, EQ,2026-10-07,719.6,719.6,690.3,694.25,697.0,714.65,398467,280366000.0,14366,,232445.0,58.33,new
ABFRL, EQ,2026-10-07,45.49,45.55,44.48,44.62,44.65,45.68,4104346,184538000.0,16516,,1603086.0,39.06,new
ABGSEC, EQ,2026-10-07,113.01,113.56,112.99,112.99,112.99,112.93,15,2000.0,7,,12.0,80.0,new
ABH, SM,2026-10-07,47.5,47.9,43.5,47.85,47.9,45.65,63600,3009000.0,50,,46800.0,73.58,new
ABHAPOWER, SM,2026-10-07,23.0,23.0,22.0,22.4,22.0,23.05,8000,181000.0,5,,8000.0,100.0,new
ABINFRA, BE,2026-10-07,12.22,12.6,12.11,12.5,12.5,12.25,129565,1614999.9999999998,230,,,,new
ABLBL, EQ,2026-10-07,73.0,76.46,72.61,73.69,74.24,73.16,8210032,614129000.0,37461,,6054377.0,73.74,new
ABMINTLLTD, BE,2026-10-07,43.0,43.0,41.16,41.16,41.16,43.31,567,24000.0,19,,,,new
ABMKNO, EQ,2026-10-07,165.87,169.99,164.0,169.0,169.0,165.87,482,81000.0,24,,372.0,77.18,new
ABREL, EQ,2026-10-07,1080.9,1090.0,1040.2,1049.4,1043.7,1078.0,209940,222703000.00000003,22579,,106928.0,50.93,new
ABSL10BANK, EQ,2026-10-07,163.61,163.61,163.61,163.61,163.61,163.1,1,0.0,1,,1.0,100.0,new
ABSLAMC, EQ,2026-10-07,1009.65,1040.4,1009.65,1015.5,1014.0,1009.65,201360,207380000.00000003,26654,,106319.0,52.8,new
ABSLBANETF, EQ,2026-10-07,56.15,56.8,56.15,56.5,56.38,56.46,274613,15538000.0,1160,,257010.0,93.59,new
ABSLLIQUID, EQ,2026-10-07,999.99,1000.01,999.99,999.99,999.99,999.99,7796,7795999.999999999,25,,6952.0,89.17,new
ABSLMSCIN, EQ,2026-10-07,27.71,28.0,27.71,27.89,27.89,27.82,2595,72000.0,24,,2437.0,93.91,new
ABSLNN50ET, EQ,2026-10-07,75.17,75.17,73.1,73.35,73.99,75.28,30721,2257000.0,352,,17429.0,56.73,new
ABSLPSE, EQ,2026-10-07,9.97,9.97,9.63,9.65,9.68,9.75,54550,528000.0,465,,35373.0,64.85,new
ABSMARINE, SM,2026-10-07,323.05,328.05,322.0,324.35,326.55,325.6,29000,9406000.0,52,,21000.0,72.41,new
ACC, EQ,2026-10-07,1180.0,1182.7,1160.1,1165.5,1161.2,1177.0,95185,111288000.00000001,10855,,52534.0,55.19,new
ACCELYA, EQ,2026-10-07,1102.8,1108.5,1097.0,1100.1,1099.0,1097.5,50002,55029000.0,3084,,31750.0,63.5,new
ACCENTMIC, SM,2026-10-07,673.7,673.7,665.5,666.65,665.5,662.8,47000,31395999.999999996,87,,38500.0,81.91,new
ACCPL, ST,2026-10-07,186.0,186.0,184.3,185.3,185.3,193.95,42000,7755000.0,32,,37200.0,88.57,new
ACCURACY, EQ,2026-10-07,4.08,4.19,3.97,4.17,4.18,4.1,106788,440000.00000000006,287,,85662.0,80.22,new
ACE, EQ,2026-10-07,1251.0,1263.0,1235.9,1249.9,1248.8,1252.2,245926,307964000.0,20719,,114770.0,46.67,new
ACEINTEG, EQ,2026-10-07,17.35,17.35,16.37,16.84,16.8,17.03,885,15000.0,87,,439.0,49.6,new
ACEVECTOR, EQ,2026-10-07,25.8,31.11,25.27,31.11,31.11,25.93,66714951,1960911000.0,92049,,16278352.0,24.4,new
ACGL, EQ,2026-10-07,1740.0,1784.3,1696.5,1703.8,1698.7,1723.7,481,833000.0,204,,392.0,81.5,new
ACI, EQ,2026-10-07,471.4,478.05,466.85,476.2,478.0,474.5,110914,52557000.00000001,6467,,49507.0,44.64,new
ACL, EQ,2026-10-07,39.94,39.94,39.2,39.41,39.39,39.67,2786,110000.00000000001,243,,2340.0,83.99,new
ACMESOLAR, EQ,2026-10-07,450.0,450.0,433.4,436.15,436.5,448.2,813273,355191000.0,37346,,391691.0,48.16,new
ACSTECH, BE,2026-10-07,73.29,73.29,73.29,73.29,73.29,74.78,52938,3879999.9999999995,60,,,,new
ACUTAAS, EQ,2026-10-07,3160.0,3194.1,3136.1,3174.2,3168.6,3156.7,209529,662042000.0,28199,,100205.0,47.82,new
ADANIENSOL, EQ,2026-10-07,1349.9,1370.5,1305.1,1318.8,1318.8,1350.1,1468657,1958531000.0000002,48249,,512111.0,34.87,new
ADANIENT, EQ,2026-10-07,2827.0,2848.3,2732.0,2743.0,2743.0,2849.9,1738033,4807879000.0,63714,,833459.0,47.95,new
ADANIGREEN, EQ,2026-10-07,1313.0,1377.8,1310.7,1341.4,1341.4,1313.0,6420423,8699854000.0,124425,,2590539.0,40.35,new
ADANIPORTS, EQ,2026-10-07,1782.5,1786.0,1739.4,1750.1,1750.1,1783.4,1187835,2094861000.0,59427,,585009.0,49.25,new
ADANIPOWER, EQ,2026-10-07,202.0,203.45,196.0,196.94,196.94,202.4,18844725,3740742000.0,91396,,8294027.0,44.01,new
ADDICTIVE, ST,2026-10-07,42.85,42.85,42.4,42.8,42.8,41.8,5000,214000.0,8,,5000.0,100.0,new
ADDIND, EQ,2026-10-07,80.48,81.0,71.65,73.88,71.65,78.9,315,25000.0,16,,297.0,94.29,new
ADFFOODS, EQ,2026-10-07,295.0,297.9,290.35,291.7,291.1,293.1,217579,63812000.0,5713,,110596.0,50.83,new
ADISOFT, SM,2026-10-07,304.0,322.65,301.0,306.85,308.6,301.65,128800,39708000.0,154,,88800.0,68.94,new
ADL, EQ,2026-10-07,76.2,76.2,71.23,72.29,72.29,76.2,443,32000.0,25,,383.0,86.46,new
ADOR, EQ,2026-10-07,1549.8,1574.9,1517.0,1552.1,1560.0,1535.0,26360,40808000.0,3731,,12372.0,46.93,new
ADROITIND, BE,2026-10-07,207.1,223.63,202.35,223.63,223.63,212.99,1992820,419500000.0,15397,,,,new
ADROITINFO, BE,2026-10-07,11.97,12.21,11.97,11.97,11.97,12.59,249385,2988000.0,370,,,,new
ADSL, EQ,2026-10-07,102.39,104.28,101.32,102.04,102.25,103.82,137109,14069000.0,2751,,57415.0,41.88,new
ADVAIT, EQ,2026-10-07,1958.0,1958.0,1883.2,1910.8,1920.0,1946.9,29825,57000000.0,5436,,13529.0,45.36,new
ADVANCE, EQ,2026-10-07,118.34,120.0,115.28,117.49,118.61,117.76,100984,11842000.0,1152,,64667.0,64.04,new
ADVANIHOTR, EQ,2026-10-07,47.94,48.4,47.5,47.91,48.16,47.51,14589,700000.0,373,,11217.0,76.89,new
ADVENTHTL, EQ,2026-10-07,122.5,125.45,120.15,121.77,122.5,122.21,121576,14971000.0,2870,,55015.0,45.25,new
ADVENZYMES, EQ,2026-10-07,273.1,274.95,269.25,270.05,271.6,273.1,186349,50592000.0,4781,,106836.0,57.33,new
ADVIKCA, EQ,2026-10-07,0.99,1.01,0.95,0.98,0.98,0.99,559603,546000.0,342,,407283.0,72.78,new
AEGISLOG, EQ,2026-10-07,1399.1,1481.0,1383.4,1460.2,1463.7,1395.9,1713087,2484485000.0,82476,,499524.0,29.16,new
AEGISVOPAK, EQ,2026-10-07,294.0,301.8,290.5,294.25,294.0,293.35,1371001,407481000.0,29365,,520851.0,37.99,new
AEPL, EQ,2026-10-07,14.66,15.8,14.66,15.04,15.04,15.2,37730,572000.0,136,,31598.0,83.75,new
AEQUS, EQ,2026-10-07,284.75,292.15,278.55,288.15,287.0,286.1,4796952,1368267000.0,55798,,2041411.0,42.56,new
AEROENTER, EQ,2026-10-07,131.9,131.9,128.2,129.01,128.5,132.56,422833,54854000.0,5519,,212354.0,50.22,new
AEROFLEX, EQ,2026-10-07,566.4,567.0,550.35,563.85,564.2,560.75,1019697,570727000.0,27001,,305724.0,29.98,new
AERON, SM,2026-10-07,87.5,88.75,87.05,87.5,87.05,84.0,38000,3347999.9999999995,38,,32000.0,84.21,new
AERONEU, EQ,2026-10-07,69.5,71.0,69.31,70.21,70.0,69.97,40034,2811000.0,280,,36386.0,90.89,new
AEROPLANE, EQ,2026-10-07,208.4,219.7,208.4,218.44,219.7,209.24,1610248,346680000.0,16167,,961766.0,59.73,new
AESTHETIK, SM,2026-10-07,67.05,67.05,67.0,67.0,67.0,67.05,6000,401999.99999999994,5,,6000.0,100.0,new
AETHER, EQ,2026-10-07,1781.1,1807.9,1770.5,1787.6,1783.0,1799.8,273746,490101000.0,23919,,102966.0,37.61,new
AFCONS, EQ,2026-10-07,240.95,245.7,240.17,244.38,243.11,242.15,230744,56180999.99999999,6863,,70338.0,30.48,new
AFFLE, EQ,2026-10-07,1450.2,1453.0,1428.0,1436.0,1436.0,1450.2,116544,167823000.0,13467,,61438.0,52.72,new
AFFORDABLE, EQ,2026-10-07,163.0,168.0,161.86,165.3,166.0,163.67,6653,1096000.0,435,,3712.0,55.79,new
AFIL, EQ,2026-10-07,7.93,7.95,6.95,7.54,7.64,7.9,1086225,8066000.0,1663,,621540.0,57.22,new
AFSL, EQ,2026-10-07,201.01,202.5,201.0,201.0,201.0,201.0,1915,385000.0,70,,1045.0,54.57,new
AGARIND, EQ,2026-10-07,396.5,397.35,387.55,388.9,388.0,396.5,18567,7276000.000000001,1204,,9284.0,50.0,new
AGARWALEYE, EQ,2026-10-07,480.25,490.0,479.1,483.25,485.85,486.85,199969,96685000.0,13344,,114462.0,57.24,new
AGARWALTUF, SM,2026-10-07,174.0,181.0,172.05,175.55,178.25,175.55,157200,27543000.0,71,,70800.0,45.04,new
AGASTYAEN, BE,2026-10-07,65.47,65.47,65.47,65.47,65.47,66.8,50798,3326000.0,127,,,,new
AGI, EQ,2026-10-07,786.0,795.75,773.3,787.5,782.0,786.4,85348,67030999.99999999,7303,,46085.0,54.0,new
AGIIL, EQ,2026-10-07,259.0,259.65,255.3,257.15,257.15,259.1,199474,51354000.0,3510,,80834.0,40.52,new
AGL, EQ,2026-10-07,12.71,13.13,12.51,12.63,12.71,12.77,853864,10910000.0,2406,,389977.0,45.67,new
AGNI, SM,2026-10-07,14.1,14.5,14.1,14.3,14.3,14.3,15000,214000.0,6,,15000.0,100.0,new
AGRITECH, EQ,2026-10-07,89.99,89.99,86.15,87.1,86.85,87.68,4222,369000.0,101,,2177.0,51.56,new
AGROPHOS, EQ,2026-10-07,21.92,23.97,21.92,23.38,23.5,21.92,29816,690000.0,233,,24514.0,82.22,new
AGSTRA, BZ,2026-10-07,2.41,2.41,2.41,2.41,2.41,2.45,20746,50000.0,64,,,,new
AHCL, EQ,2026-10-07,28.18,28.18,28.18,28.18,28.18,29.66,2139001,60277000.0,3139,,2139001.0,100.0,new
AHLADA, EQ,2026-10-07,39.78,39.79,35.75,38.8,38.8,38.33,9920,373000.0,142,,1138.0,11.47,new
AHLEAST, EQ,2026-10-07,134.16,138.88,134.15,134.95,136.0,135.74,804,109000.00000000001,29,,133.0,16.54,new
AHLUCONT, EQ,2026-10-07,574.95,574.95,558.0,561.5,559.75,576.05,28075,15859000.0,2814,,14391.0,51.26,new
AHLWEST, BE,2026-10-07,554.95,554.95,540.0,549.95,549.95,545.0,292,160000.0,10,,,,new
AIAENG, EQ,2026-10-07,3933.0,3933.0,3825.6,3858.0,3870.0,3914.7,45135,174738000.0,13057,,23790.0,52.71,new
AIIL, EQ,2026-10-07,554.7,555.8,545.45,549.65,550.5,550.15,81517,44954000.0,6422,,36740.0,45.07,new
AILIMITED, SM,2026-10-07,14.3,14.3,14.3,14.3,14.3,14.85,3000,43000.0,1,,3000.0,100.0,new
AIMTRON, SM,2026-10-07,1900.9,1920.0,1823.0,1835.9,1835.0,1900.9,34200,63595000.00000001,155,,19600.0,57.31,new
AIRAN, EQ,2026-10-07,15.4,15.77,15.12,15.32,15.43,15.4,45744,704000.0,249,,40471.0,88.47,new
AIROLAM, EQ,2026-10-07,88.02,95.11,88.02,91.07,90.0,88.29,15611,1457000.0,317,,6524.0,41.79,new
AISL, SM,2026-10-07,76.95,77.25,74.0,74.05,74.0,73.6,28200,2118000.0,22,,28200.0,100.0,new
AJANTPHARM, EQ,2026-10-07,3573.4,3611.0,3529.3,3569.8,3570.0,3573.4,93213,333648000.0,25941,,49080.0,52.65,new
AJAXENGG, EQ,2026-10-07,589.0,589.0,579.0,582.75,584.6,585.85,33509,19541000.0,3877,,16397.0,48.93,new
AJMERA, EQ,2026-10-07,116.5,118.85,115.01,117.99,117.8,116.24,151319,17757000.0,2097,,96593.0,63.83,new
AJOONI, EQ,2026-10-07,3.06,3.11,2.95,3.01,3.01,3.08,1091559,3290999.9999999995,870,,806458.0,73.88,new
AKANKSHA, SM,2026-10-07,182.0,191.0,178.05,190.0,189.0,182.2,225000,42259000.0,176,,140000.0,62.22,new
AKASH, EQ,2026-10-07,25.15,25.9,24.4,24.66,24.62,24.81,5765,145000.0,50,,2036.0,35.32,new
AKCAPIT, EQ,2026-10-07,1730.0,1751.0,1689.4,1747.2,1740.0,1709.1,683,1182000.0,49,,660.0,96.63,new
AKG, EQ,2026-10-07,9.42,9.46,9.32,9.38,9.39,9.38,30881,289000.0,87,,27475.0,88.97,new
AKI, BE,2026-10-07,6.05,6.24,5.9,6.01,6.1,6.01,264827,1611000.0,227,,,,new
AKIKO, SM,2026-10-07,408.0,421.0,405.0,413.0,415.0,420.0,12000,4940000.0,15,,8000.0,66.67,new
AKSHAR, EQ,2026-10-07,0.41,0.43,0.41,0.42,0.43,0.41,1144299,480000.0,227,,909924.0,79.52,new
AKSHARCHEM, BE,2026-10-07,370.0,386.0,370.0,374.3,379.95,374.2,1722,648000.0,57,,,,new
AKSHOPTFBR, BE,2026-10-07,7.69,7.73,7.68,7.73,7.73,7.37,339881,2625000.0,325,,,,new
AKUMS, EQ,2026-10-07,819.8,833.0,814.65,822.55,826.5,814.65,153950,126920000.0,11753,,69263.0,44.99,new
ALANKIT, EQ,2026-10-07,7.58,8.25,7.55,7.71,7.72,7.58,177413,1377000.0,447,,134499.0,75.81,new
ALBERTDAVD, EQ,2026-10-07,827.3,838.55,807.2,812.75,810.0,839.1,4818,3940999.9999999995,434,,3733.0,77.48,new
ALEMBICLTD, EQ,2026-10-07,105.0,105.28,102.81,103.57,103.39,104.99,360068,37411000.0,4757,,181683.0,50.46,new
ALFREDHE, EQ,2026-10-07,2727.2,2770.0,2727.2,2769.6,2769.6,2750.0,10,27000.0,7,,10.0,100.0,new
ALGOQUANT, EQ,2026-10-07,70.56,73.73,69.37,70.2,70.0,70.56,1930088,137868000.0,7460,,661110.0,34.25,new
ALICON, EQ,2026-10-07,871.2,909.0,855.0,901.4,906.05,866.9,131461,116856000.0,10877,,57114.0,43.45,new
ALIVUS, EQ,2026-10-07,1389.9,1389.9,1361.6,1370.2,1380.0,1384.0,79355,109149000.0,12369,,43202.0,54.44,new
ALKALI, BE,2026-10-07,86.3,90.17,86.3,88.71,89.98,85.88,18019,1603000.0,161,,,,new
ALKEM, EQ,2026-10-07,5297.0,5404.5,5292.0,5350.5,5350.5,5292.0,205152,1097354000.0,22033,,122172.0,59.55,new
ALKYLAMINE, EQ,2026-10-07,1925.2,1930.0,1886.1,1918.9,1906.5,1962.2,189986,362493000.0,20644,,27902.0,14.69,new
ALLCARGO, EQ,2026-10-07,10.5,10.52,10.22,10.28,10.31,10.5,3180670,32861000.0,4490,,1722183.0,54.15,new
ALLDIGI, EQ,2026-10-07,772.1,790.0,768.65,783.8,786.0,768.1,4506,3515999.9999999995,560,,2384.0,52.91,new
ALLETEC, SM,2026-10-07,121.5,123.3,119.0,119.45,120.0,121.5,24800,2975000.0,52,,18800.0,75.81,new
ALLTIME, EQ,2026-10-07,184.79,188.8,181.55,184.43,184.03,184.36,66197,12199000.0,1994,,31158.0,47.07,new
ALMONDZ, BE,2026-10-07,20.0,20.71,19.01,19.54,19.99,19.85,133115,2645000.0,239,,,,new
ALOKINDS, EQ,2026-10-07,8.0,8.5,7.95,8.29,8.29,7.83,63108260,522463000.0,97443,,18207349.0,28.85,new
ALPA, EQ,2026-10-07,59.0,59.68,57.42,57.71,58.0,58.73,8674,504000.0,252,,4379.0,50.48,new
ALPEXSOLAR, SM,2026-10-07,802.3,822.95,792.55,815.1,813.95,814.15,24200,19565000.0,188,,15000.0,61.98,new
ALPHA, EQ,2026-10-07,52.78,53.0,52.25,52.84,52.91,52.7,1387540,73220000.0,11774,,927911.0,66.87,new
ALPHAETF, EQ,2026-10-07,25.37,25.61,25.37,25.49,25.5,25.61,221770,5655000.0,804,,123205.0,55.56,new
ALPHAGEO, BE,2026-10-07,253.9,259.5,253.8,254.3,254.0,251.15,3599,918000.0,87,,,,new
ALPINETEX, EQ,2026-10-07,45.79,47.59,45.79,46.04,46.15,46.44,107857,5027000.0,2120,,52233.0,48.43,new
ALPL30IETF, EQ,2026-10-07,25.97,25.99,25.71,25.78,25.95,25.98,122033,3149000.0,970,,82652.0,67.73,new
ALUFLUOR, EQ,2026-10-07,617.25,658.95,609.7,649.15,650.8,619.45,22254,14265000.0,1427,,16217.0,72.87,new
ALUWIND, SM,2026-10-07,48.5,48.5,48.0,48.0,48.0,48.5,12000,579000.0,8,,10500.0,87.5,new
AMAGI, EQ,2026-10-07,558.55,568.95,557.2,561.45,560.1,564.15,140264,78752000.0,10001,,76930.0,54.85,new
AMAL, EQ,2026-10-07,754.95,817.0,753.7,798.05,796.0,753.7,69704,55428000.0,4559,,38016.0,54.54,new
AMANTA, BE,2026-10-07,196.98,207.56,191.0,207.08,207.0,197.68,187306,38590000.0,614,,,,new
AMARJOTHI, EQ,2026-10-07,150.45,150.45,147.05,147.12,147.12,149.05,636,95000.0,32,,524.0,82.39,new
AMBAAUTO, SM,2026-10-07,113.75,113.75,110.2,111.25,112.3,110.0,13000,1459000.0,12,,6000.0,46.15,new
AMBALALSA, BE,2026-10-07,38.55,40.47,38.11,40.47,40.47,38.55,55446,2210000.0,190,,,,new
AMBANIORGO, SM,2026-10-07,119.5,120.8,119.5,120.8,120.8,115.05,5000,602000.0,4,,5000.0,100.0,new
AMBER, EQ,2026-10-07,6810.0,6925.0,6767.5,6925.0,6925.0,6869.0,91287,625648000.0,16423,,33794.0,37.02,new
AMBICAAGAR, EQ,2026-10-07,24.1,25.25,23.0,23.53,23.99,24.42,15438,364000.0,321,,11453.0,74.19,new
AMBIKCO, EQ,2026-10-07,1535.1,1554.0,1495.0,1504.9,1503.0,1532.7,5825,8788000.0,821,,3793.0,65.12,new
AMBUJACEM, EQ,2026-10-07,362.4,362.75,352.45,356.9,356.9,361.55,3466426,1235251000.0,51715,,1977216.0,57.04,new
AMCL, SM,2026-10-07,378.0,378.0,364.0,370.15,373.9,376.2,30800,11443000.0,41,,28800.0,93.51,new
AMDIND, BE,2026-10-07,52.98,52.99,52.36,52.37,52.36,52.73,4737,249000.00000000003,90,,,,new
AMEYA, SM,2026-10-07,145.0,155.25,145.0,154.7,155.25,147.9,21000,3136000.0,19,,21000.0,100.0,new
AMJLAND, EQ,2026-10-07,38.0,38.0,36.81,37.35,37.01,37.66,1369,51000.0,89,,1086.0,79.33,new
AMNPLST, EQ,2026-10-07,185.61,185.61,170.4,172.6,173.0,186.92,40282,7073000.0,1161,,21950.0,54.49,new
AMRUTANJAN, EQ,2026-10-07,522.0,526.95,517.0,521.55,520.0,523.7,21130,11012000.0,1210,,13737.0,65.01,new
ANANDRATHI, EQ,2026-10-07,2149.0,2167.5,2120.9,2127.2,2127.2,2142.0,282649,605413000.0,19597,,121004.0,42.81,new
ANANTAM, IV,2026-10-07,103.0,103.0,102.96,103.0,103.0,102.99,91158,9389000.0,116,,90658.0,99.45,new
ANANTRAJ, EQ,2026-10-07,613.7,622.55,601.55,612.15,611.5,608.9,2034133,1248563000.0,42737,,611619.0,30.07,new
ANAWIL, SM,2026-10-07,400.0,438.0,400.0,433.2,436.9,397.4,216400,91346000.0,490,,149600.0,69.13,new
ANDHRAPAP, EQ,2026-10-07,70.82,70.98,69.85,70.07,70.0,70.48,190578,13388999.999999998,2457,,97972.0,51.41,new
ANDHRSUGAR, EQ,2026-10-07,94.56,95.95,92.8,93.37,93.45,94.42,274458,25741000.000000004,5490,,88673.0,32.31,new
ANDREWYU, EQ,2026-10-07,25.0,25.29,24.31,24.63,24.54,24.95,138603,3418000.0,1008,,120040.0,86.61,new
ANGELONE, EQ,2026-10-07,293.5,306.25,291.25,302.0,302.0,295.0,13538340,4074750000.0,84641,,4663769.0,34.45,new
ANIKINDS, EQ,2026-10-07,46.0,47.77,44.83,45.65,45.0,45.4,14635,676000.0,368,,9879.0,67.5,new
ANKITMETAL, BZ,2026-10-07,2.37,2.37,2.37,2.37,2.37,2.26,29694,70000.0,25,,,,new
ANLON, SM,2026-10-07,764.0,790.0,744.0,788.0,788.0,765.0,8000,6089000.0,19,,4800.0,60.0,new
ANMOL, BE,2026-10-07,13.13,13.13,12.81,13.03,13.0,13.13,12065,157000.0,98,,,,new
ANNAPURNA, EQ,2026-10-07,131.6,131.6,129.0,129.4,130.0,130.35,40448,5255000.0,436,,35341.0,87.37,new
ANNU, EQ,2026-10-07,44.4,46.0,43.84,45.53,45.99,44.33,414110,18701000.0,4638,,194491.0,46.97,new
ANONDITA, SM,2026-10-07,1084.8,1084.8,1040.0,1070.8,1075.0,1075.3,56000,59584000.0,227,,33400.0,59.64,new
ANSALAPI, BZ,2026-10-07,3.85,3.95,3.85,3.85,3.85,3.92,10870,42000.0,46,,,,new
ANSALBU, EQ,2026-10-07,84.81,86.9,82.3,84.5,84.5,85.57,2446,206999.99999999997,76,,1709.0,69.87,new
ANTELOPUS, EQ,2026-10-07,1113.9,1160.0,1107.7,1130.2,1132.0,1100.6,378318,430492000.0,19077,,89387.0,23.63,new
ANTGRAPHIC, EQ,2026-10-07,0.69,0.71,0.69,0.7,0.7,0.69,46847,33000.0,137,,33495.0,71.5,new
ANTHEM, EQ,2026-10-07,892.0,892.9,881.3,887.05,887.05,890.35,163476,144944000.0,11388,,80439.0,49.21,new
ANUHPHR, EQ,2026-10-07,87.98,88.0,85.0,85.51,86.09,87.57,52996,4564000.0,1607,,30080.0,56.76,new
ANUP, EQ,2026-10-07,1575.0,1577.0,1535.0,1547.0,1546.0,1575.9,11000,17099000.0,2538,,5886.0,53.51,new
ANURAS, EQ,2026-10-07,1166.0,1172.0,1159.5,1165.1,1163.7,1170.2,55559,64711000.0,5670,,32680.0,58.82,new
ANZEN, IV,2026-10-07,131.0,131.2,129.0,129.87,129.0,131.0,175000,22848000.0,7,,150000.0,85.71,new
AONEGOLD, EQ,2026-10-07,13.72,13.78,13.65,13.69,13.71,13.69,135587,1857999.9999999998,1580,,71842.0,52.99,new
AONELIQUID, EQ,2026-10-07,1080.02,1080.03,1080.0,1080.02,1080.03,1079.86,14450,15606000.0,164,,9208.0,63.72,new
AONENIFTY, EQ,2026-10-07,9.62,9.62,9.32,9.34,9.36,9.39,124121,1161000.0,1014,,118481.0,95.46,new
AONESILVER, EQ,2026-10-07,8.44,8.44,8.35,8.36,8.37,8.4,214616,1800000.0,1382,,114096.0,53.16,new
AONESTEELS, EQ,2026-10-07,387.95,425.0,379.25,420.35,417.8,384.8,1184043,483546000.0,35956,,332539.0,28.09,new
AONETMMQ50, EQ,2026-10-07,10.06,10.06,9.91,10.0,10.04,10.01,367797,3675000.0,255,,324116.0,88.12,new
AONETOTAL, EQ,2026-10-07,11.48,11.48,11.27,11.3,11.33,11.37,95992,1088000.0,935,,58267.0,60.7,new
APARINDS, EQ,2026-10-07,18200.0,18308.0,17960.0,18160.0,18160.0,18016.0,106708,1936359000.0,36125,,43784.0,41.03,new
APCL, EQ,2026-10-07,95.0,95.0,92.6,92.64,92.6,93.58,3852,359000.0,91,,2560.0,66.46,new
APCOTEXIND, EQ,2026-10-07,608.1,608.6,585.5,592.7,592.4,610.7,78154,46450000.0,5754,,31539.0,40.35,new
APEX, EQ,2026-10-07,339.8,345.0,332.5,343.4,343.0,339.8,86812,29638000.0,4595,,25017.0,28.82,new
APEXECO, ST,2026-10-07,252.4,258.0,251.0,253.15,252.0,253.65,12000,3061000.0,15,,12000.0,100.0,new
APLAPOLLO, EQ,2026-10-07,2128.6,2156.5,2115.1,2135.0,2135.0,2152.0,613418,1306761000.0,29882,,372982.0,60.8,new
APLLTD, EQ,2026-10-07,834.1,839.0,821.25,833.8,832.3,834.2,135889,112936999.99999999,17948,,88733.0,65.3,new
APOLLO, EQ,2026-10-07,407.25,422.45,405.0,414.75,412.0,408.05,9053893,3779526999.9999995,83470,,2894300.0,31.97,new
APOLLOHOSP, EQ,2026-10-07,7850.0,7917.0,7822.0,7917.0,7917.0,7914.5,545499,4296133000.0,64756,,349476.0,64.07,new
APOLLOPIPE, EQ,2026-10-07,530.65,539.0,521.0,531.45,531.0,529.8,90308,47749000.0,2944,,45952.0,50.88,new
APOLLOTYRE, EQ,2026-10-07,397.7,408.15,397.05,407.6,407.0,401.55,546102,220936000.0,20371,,250947.0,45.95,new
APOLSINHOT, EQ,2026-10-07,1205.9,1205.9,1173.0,1178.3,1185.0,1174.7,270,319000.0,41,,225.0,83.33,new
APRAMEYA, SM,2026-10-07,114.5,118.0,110.05,114.3,114.4,106.35,12000,1378000.0,22,,8500.0,70.83,new
APS, SM,2026-10-07,227.0,230.5,224.05,230.0,230.0,228.4,3500,802000.0,14,,3000.0,85.71,new
APSISAERO, ST,2026-10-07,555.0,582.1,555.0,582.1,582.1,554.4,66000,37641000.0,37,,66000.0,100.0,new
APTECHT, EQ,2026-10-07,88.5,88.5,86.02,86.87,86.5,88.19,57268,4998000.0,1675,,29057.0,50.74,new
APTUS, EQ,2026-10-07,223.35,224.5,217.29,219.46,219.1,223.9,1540789,339100000.0,41102,,960439.0,62.33,new
AQYLON, EQ,2026-10-07,15.98,16.1,15.35,15.79,15.97,15.46,280496,4417000.0,926,,171382.0,61.1,new
ARABIAN, SM,2026-10-07,103.95,106.0,102.5,102.5,102.5,104.1,26000,2703000.0,10,,24000.0,92.31,new
ARCHIDPLY, EQ,2026-10-07,102.52,103.4,100.61,102.73,102.05,101.67,10266,1049000.0,131,,7846.0,76.43,new
ARCHIES, EQ,2026-10-07,12.3,12.5,12.11,12.42,12.46,12.24,3247,40000.0,53,,2410.0,74.22,new
ARCIIL, SM,2026-10-07,34.25,34.25,31.1,32.5,32.5,32.65,6000,192000.0,6,,4000.0,66.67,new
ARCIL, EQ,2026-10-07,149.0,160.31,148.0,160.31,160.31,145.74,15925021,2507949000.0,91133,,4293971.0,26.96,new
ARCL, EQ,2026-10-07,230.0,236.99,224.0,229.99,229.99,226.99,1021,237000.0,54,,844.0,82.66,new
ARDEE, EQ,2026-10-07,50.0,51.0,49.29,50.79,50.7,50.22,1828318,91996000.0,9484,,594933.0,32.54,new
ARE&M, EQ,2026-10-07,744.0,745.0,729.75,733.25,732.0,742.9,347787,255565000.0,23868,,186700.0,53.68,new
ARENTERP, EQ,2026-10-07,33.89,33.89,32.1,32.44,33.25,33.89,2252,73000.0,40,,1174.0,52.13,new
ARFIN, EQ,2026-10-07,98.5,104.0,97.7,103.06,103.1,96.36,11566941,1170883000.0,51683,,2155789.0,18.64,new
ARHAM, SM,2026-10-07,205.0,205.0,191.05,198.85,193.5,206.3,115000,22921000.0,90,,72000.0,62.61,new
ARIES, BE,2026-10-07,509.3,509.3,493.05,494.55,497.0,499.0,8114,4036000.0,167,,,,new
ARIHANT, EQ,2026-10-07,930.0,940.0,920.0,929.9,930.0,914.9,1486,1383000.0,117,,1068.0,71.87,new
ARIHANTACA, SM,2026-10-07,230.0,230.0,230.0,230.0,230.0,515.0,2400,552000.0,2,,2400.0,100.0,new
ARIHANTCAP, EQ,2026-10-07,94.49,98.0,93.43,97.38,96.6,94.13,1292989,125009999.99999999,10114,,544129.0,42.08,new
ARIHANTSUP, EQ,2026-10-07,220.0,237.0,219.99,231.18,230.1,220.26,5577,1288000.0,177,,4459.0,79.95,new
ARIS, EQ,2026-10-07,143.66,144.5,139.72,142.31,143.0,143.66,1545690,220234000.0,12635,,378901.0,24.51,new
ARISTO, SM,2026-10-07,94.0,94.0,94.0,94.0,94.0,91.75,800,75000.0,1,,800.0,100.0,new
ARKADE, EQ,2026-10-07,120.51,122.48,119.1,119.73,119.5,121.24,112810,13597000.0,1454,,49691.0,44.05,new
ARMANFIN, EQ,2026-10-07,1742.9,1750.9,1716.0,1741.2,1732.0,1743.7,19584,33918000.0,2620,,10001.0,51.07,new
ARMEE, EQ,2026-10-07,273.95,273.95,263.05,269.95,268.25,271.05,959155,256594999.99999997,14587,,332379.0,34.65,new
ARMOUR, SM,2026-10-07,20.0,21.45,18.1,19.75,21.45,21.15,8000,159000.0,3,,8000.0,100.0,new
AROGRANITE, EQ,2026-10-07,23.08,23.15,22.41,22.53,22.42,22.97,3406,77000.0,60,,3133.0,91.98,new
ARROWGREEN, EQ,2026-10-07,896.15,905.8,887.65,893.35,889.0,891.75,19826,17763000.0,1932,,10957.0,55.27,new
ARSHIYA, BZ,2026-10-07,0.8,0.85,0.8,0.84,0.84,0.82,46034,37000.0,47,,,,new
ARSSBL, EQ,2026-10-07,551.5,574.7,545.1,571.15,571.0,551.55,606937,343404000.0,16673,,294179.0,48.47,new
ARTEMISMED, EQ,2026-10-07,316.0,323.15,316.0,318.3,318.1,318.35,249720,79672000.0,17308,,130936.0,52.43,new
ARUNAYA, SM,2026-10-07,13.8,13.8,13.8,13.8,13.8,13.9,2000,28000.000000000004,1,,2000.0,100.0,new
ARVEE, EQ,2026-10-07,211.5,217.95,209.01,211.79,209.7,216.89,5579,1189000.0,288,,2930.0,52.52,new
ARVIND, EQ,2026-10-07,534.65,535.5,526.3,529.3,528.4,534.65,382759,203075000.0,19583,,201413.0,52.62,new
ARVINDFASN, EQ,2026-10-07,405.0,408.8,396.0,397.95,401.0,406.4,139446,56028000.0,14696,,64408.0,46.19,new
ARVINDPORT, SM,2026-10-07,31.1,31.6,31.1,31.6,31.6,31.4,3000,94000.0,2,,1500.0,50.0,new
ARVSMART, EQ,2026-10-07,600.45,618.45,597.2,612.5,610.1,603.8,102437,62509000.0,2852,,34062.0,33.25,new
ARYAMAN, EQ,2026-10-07,620.0,620.0,605.0,610.0,610.0,620.9,91,55000.00000000001,7,,72.0,79.12,new
ASAHIINDIA, EQ,2026-10-07,961.0,981.5,950.0,976.25,976.0,956.95,142786,138515000.0,15250,,57286.0,40.12,new
ASAHISONG, BE,2026-10-07,375.95,387.4,372.1,376.4,378.0,369.95,7948,3018000.0,112,,,,new
ASAL, EQ,2026-10-07,426.2,430.5,420.05,423.3,426.6,426.2,9378,3976000.0,543,,6890.0,73.47,new
ASALCBR, EQ,2026-10-07,595.0,600.0,586.0,590.1,592.0,598.7,22603,13449000.0,1424,,14406.0,63.73,new
ASHALOG, SM,2026-10-07,61.55,65.0,61.55,63.85,63.85,61.5,42000,2675000.0,17,,39000.0,92.86,new
ASHAPURMIN, EQ,2026-10-07,500.0,504.9,479.5,488.0,492.5,502.9,732922,356762000.0,25184,,348810.0,47.59,new
ASHIANA, EQ,2026-10-07,385.0,385.0,376.0,379.2,379.15,382.95,18452,7013000.0,1029,,11057.0,59.92,new
ASHIKAG, BE,2026-10-07,380.1,394.3,380.1,386.9,390.0,389.4,61633,23872000.0,332,,,,new
ASHIMASYN, EQ,2026-10-07,15.1,15.1,14.07,14.51,14.5,14.88,127326,1852000.0,531,,81476.0,63.99,new
ASHOKA, EQ,2026-10-07,106.4,106.8,103.75,104.03,103.97,106.42,569916,59729000.0,6308,,286888.0,50.34,new
ASHOKAMET, EQ,2026-10-07,14.64,14.98,14.42,14.61,14.6,14.71,15077,222000.00000000003,165,,7793.0,51.69,new
ASHOKLEY, EQ,2026-10-07,152.91,153.41,148.64,149.2,149.2,153.7,11928149,1791447000.0,94533,,4793128.0,40.18,new
ASHUTOSH, SM,2026-10-07,139.1,147.4,139.1,143.15,143.5,138.95,99600,14350000.0,81,,61200.0,61.45,new
ASHWINI, SM,2026-10-07,163.0,163.0,163.0,163.0,163.0,165.0,1000,163000.0,1,,1000.0,100.0,new
ASIANENE, EQ,2026-10-07,465.6,484.0,459.25,480.15,481.0,463.75,246810,116858000.0,10286,,113528.0,46.0,new
ASIANHOTNR, EQ,2026-10-07,331.0,335.05,325.25,330.25,329.85,328.65,6603,2187000.0,277,,3207.0,48.57,new
ASIANPAINT, EQ,2026-10-07,2371.8,2403.2,2360.2,2372.1,2372.1,2424.2,522763,1240949000.0,43604,,270675.0,51.78,new
ASIANTILES, EQ,2026-10-07,47.8,48.69,47.1,47.19,47.85,48.1,299617,14225000.0,1732,,140679.0,46.95,new
ASIANTNE, EQ,2026-10-07,9.2,9.25,8.5,9.07,9.15,9.06,31919,287000.0,98,,27040.0,84.71,new
ASKAUTOLTD, EQ,2026-10-07,606.75,632.7,602.0,626.55,627.0,609.75,298688,185711000.0,21017,,116012.0,38.84,new
ASMS, EQ,2026-10-07,6.09,6.09,5.8,5.95,5.94,5.98,159330,949000.0,445,,128256.0,80.5,new
ASPINWALL, EQ,2026-10-07,241.99,241.99,238.01,241.65,241.65,238.35,1484,356000.0,18,,1406.0,94.74,new
ASPIRE, SM,2026-10-07,14.9,15.95,14.9,15.6,15.6,15.65,6000,93000.0,3,,6000.0,100.0,new
ASSAMENT, EQ,2026-10-07,780.0,838.95,780.0,789.55,838.95,799.0,26,21000.0,5,,26.0,100.0,new
ASTAR, EQ,2026-10-07,642.0,650.0,627.0,645.05,630.65,639.8,162,104000.0,46,,149.0,91.98,new
ASTEC, EQ,2026-10-07,724.95,773.7,714.9,748.2,741.0,704.7,414236,312169000.0,21078,,50677.0,12.23,new
ASTERDM, EQ,2026-10-07,685.05,690.05,676.3,680.3,680.1,684.7,1205263,820440000.0,42183,,878239.0,72.87,new
ASTRAL, EQ,2026-10-07,1401.3,1448.0,1390.2,1427.7,1427.7,1402.3,759824,1091293000.0,44595,,305706.0,40.23,new
ASTRAMICRO, EQ,2026-10-07,1704.6,1723.9,1688.0,1701.1,1701.6,1705.9,197596,336576000.0,17249,,89513.0,45.3,new
ASTRAZEN, EQ,2026-10-07,6000.5,6000.5,5802.0,5918.0,5927.0,5980.5,6175,36351000.0,1998,,2703.0,43.77,new
ASTRON, BZ,2026-10-07,2.8,2.86,2.74,2.84,2.86,2.8,13500,38000.0,47,,,,new
ATALREAL, EQ,2026-10-07,12.33,12.33,11.75,12.12,12.0,12.36,1832761,21915000.0,1583,,983702.0,53.67,new
ATAM, EQ,2026-10-07,55.4,56.9,53.6,55.26,55.45,54.2,6950,385000.0,207,,5420.0,77.99,new
ATCENERGY, SM,2026-10-07,21.45,21.45,21.0,21.0,21.0,21.2,7200,153000.0,3,,7200.0,100.0,new
ATGL, EQ,2026-10-07,588.45,595.45,580.2,581.9,581.0,588.45,570256,334509000.0,20276,,177752.0,31.17,new
ATHERENERG, EQ,2026-10-07,1436.0,1466.0,1418.4,1455.0,1455.0,1446.0,4057014,5880137000.0,99304,,1822348.0,44.92,new
ATL, EQ,2026-10-07,24.67,26.0,24.24,25.67,25.94,24.71,381121,9642000.0,3030,,203770.0,53.47,new
ATLANTAA, EQ,2026-10-07,35.37,35.94,35.25,35.47,35.5,35.34,22881,813000.0000000001,249,,16620.0,72.64,new
ATLANTAELE, EQ,2026-10-07,1869.0,1938.5,1857.6,1875.8,1875.0,1869.3,281587,536873000.0,41414,,117853.0,41.85,new
ATLASCYCLE, EQ,2026-10-07,92.93,93.98,91.35,92.1,91.85,92.93,3586,331000.0,94,,3250.0,90.63,new
ATLPP, E1,2026-10-07,8.96,9.06,8.87,9.04,9.05,9.0,2997,27000.0,39,,2997.0,100.0,new
ATMASTCO, SM,2026-10-07,117.05,117.85,115.05,117.85,117.85,117.05,3200,373000.0,8,,2400.0,75.0,new
ATUL, EQ,2026-10-07,6000.0,6025.0,5917.0,5999.5,5985.5,6000.0,45518,272727000.0,8711,,33182.0,72.9,new
ATULAUTO, EQ,2026-10-07,428.6,430.3,424.0,426.25,425.75,427.5,33902,14474000.0,2139,,13271.0,39.15,new
AUBANK, EQ,2026-10-07,1018.4,1027.0,988.3,993.4,993.4,1028.0,1757696,1768646000.0,52284,,849787.0,48.35,new
AUGMONT, EQ,2026-10-07,1153.0,1220.3,1137.5,1216.2,1220.3,1162.2,653465,780620000.0,22926,,283610.0,43.4,new
AURIONPRO, EQ,2026-10-07,617.1,620.2,604.65,612.8,613.0,616.05,93995,57534000.0,5266,,46662.0,49.64,new
AUROIMPEX, ST,2026-10-07,41.0,42.1,41.0,42.05,42.1,40.1,14400,604000.0,9,,14400.0,100.0,new
AUROPHARMA, EQ,2026-10-07,1696.2,1698.9,1670.5,1682.0,1682.0,1692.8,438151,738179000.0,25264,,216221.0,49.35,new
AURUM, EQ,2026-10-07,229.06,236.4,227.11,231.2,232.0,231.14,124143,28713000.0,2573,,72485.0,58.39,new
AURUS, EQ,2026-10-07,4.38,4.4,4.2,4.29,4.29,4.29,14643,62000.0,102,,14376.0,98.18,new
AUSL, SM,2026-10-07,22.75,22.75,22.75,22.75,22.75,23.0,2000,46000.0,1,,2000.0,100.0,new
AUSOMENT, EQ,2026-10-07,144.3,144.3,131.33,141.68,141.9,137.48,11558,1589000.0,220,,7169.0,62.03,new
AUSTENG, EQ,2026-10-07,167.47,173.0,160.5,161.74,160.5,166.43,3616,597000.0,191,,1789.0,49.47,new
AUTOAXLES, EQ,2026-10-07,1644.9,1679.8,1620.0,1651.4,1649.9,1638.1,10364,17044000.0,1408,,6311.0,60.89,new
AUTOBEES, EQ,2026-10-07,264.62,265.27,259.82,260.91,261.5,264.61,221367,57822000.0,4448,,138375.0,62.51,new
AUTOIETF, EQ,2026-10-07,27.13,27.13,26.04,26.14,26.23,26.47,602318,15766000.0,3173,,370952.0,61.59,new
AUTOIND, EQ,2026-10-07,85.0,85.72,83.0,83.38,83.2,85.82,66502,5599000.0,1060,,42745.0,64.28,new
AVADHSUGAR, EQ,2026-10-07,880.1,947.95,880.1,937.55,935.0,873.3,570096,524955000.0,33025,,137736.0,24.16,new
AVALON, EQ,2026-10-07,2400.4,2475.0,2353.3,2429.7,2426.0,2400.4,364773,885661000.0,41917,,135924.0,37.26,new
AVANA, SM,2026-10-07,147.1,147.2,136.7,139.6,142.0,150.85,14000,2014000.0,7,,10000.0,71.43,new
AVANCE, EQ,2026-10-07,0.78,0.8,0.77,0.78,0.78,0.77,3079223,2419000.0,1252,,1864524.0,60.55,new
AVANTEL, EQ,2026-10-07,150.97,154.29,150.03,153.28,153.36,151.08,734201,111883000.0,10279,,273660.0,37.27,new
AVANTIFEED, EQ,2026-10-07,714.1,730.0,707.0,722.3,723.95,714.1,237908,171344000.0,14744,,85192.0,35.81,new
AVATAR, SM,2026-10-07,175.25,175.25,175.25,175.25,175.25,166.95,10000,1753000.0,5,,8000.0,80.0,new
AVG, EQ,2026-10-07,177.8,177.8,168.1,169.65,170.5,172.06,10293,1759000.0,215,,8871.0,86.18,new
AVIANSH, SM,2026-10-07,100.0,100.0,98.0,98.0,98.0,100.5,3000,296000.0,3,,3000.0,100.0,new
AVIENCE, SM,2026-10-07,298.0,300.0,286.7,287.4,288.0,290.15,31800,9329000.0,48,,22200.0,69.81,new
AVL, EQ,2026-10-07,597.7,625.0,591.15,621.1,620.0,595.1,180605,110974000.0,18633,,82289.0,45.56,new
AVONMORE, EQ,2026-10-07,12.59,12.97,12.47,12.8,12.85,12.55,58913,750000.0,400,,29829.0,50.63,new
AVPINFRA, SM,2026-10-07,57.3,57.3,55.6,55.6,55.6,57.3,8000,449000.0,9,,7200.0,90.0,new
AVROIND, EQ,2026-10-07,7.09,7.09,5.82,6.13,6.17,6.85,965865,5877000.0,3238,,467059.0,48.36,new
AVTNPL, EQ,2026-10-07,89.3,89.58,87.81,88.75,89.49,90.18,129673,11490000.0,1698,,63643.0,49.08,new
AWFIS, EQ,2026-10-07,244.91,256.2,241.0,250.75,251.25,243.54,1503516,369728000.0,24008,,858035.0,57.07,new
AWHCL, EQ,2026-10-07,357.1,357.1,346.0,348.7,348.4,355.2,114375,40048000.0,3806,,60211.0,52.64,new
AWL, EQ,2026-10-07,185.81,188.85,183.53,187.11,186.75,185.93,2805362,520968999.99999994,33528,,1481926.0,52.82,new
AXIOMGAS, ST,2026-10-07,40.1,42.0,38.5,42.0,42.0,40.0,268000,11221000.0,102,,240000.0,89.55,new
AXISBANK, EQ,2026-10-07,1240.2,1259.0,1230.2,1242.5,1242.5,1248.0,9678421,12075403000.0,287982,,5440943.0,56.22,new
AXISCADES, EQ,2026-10-07,2268.0,2285.9,2223.3,2245.6,2253.5,2288.5,122674,276035000.0,13247,,57049.0,46.5,new
AXITA, EQ,2026-10-07,7.52,7.58,7.4,7.44,7.42,7.51,551363,4111000.0,672,,496938.0,90.13,new
AXTEL, EQ,2026-10-07,450.0,450.0,431.5,435.5,433.5,447.95,2517,1100000.0,314,,1404.0,55.78,new
AYE, EQ,2026-10-07,165.07,169.9,163.0,167.63,166.5,165.56,614549,102469000.0,12925,,257761.0,41.94,new
AYMSYNTEX, EQ,2026-10-07,290.8,291.7,275.0,277.5,276.1,289.25,146550,41130000.0,2618,,110277.0,75.25,new
AZAD, EQ,2026-10-07,3050.0,3064.9,2996.5,3048.2,3044.0,3062.6,585882,1779702000.0,38081,,167028.0,28.51,new
AZADIND, EQ,2026-10-07,81.89,83.5,81.0,82.85,83.0,80.94,39168,3232000.0,914,,8505.0,21.71,new
BAFNAPH, BE,2026-10-07,401.85,401.85,401.85,401.85,401.85,394.0,956,384000.0,14,,,,new
BAGDIGITAL, SM,2026-10-07,104.2,110.7,104.2,110.15,110.7,107.7,89600,9672000.0,39,,41600.0,46.43,new
BAGFILMS, EQ,2026-10-07,4.16,4.16,4.05,4.12,4.13,4.11,62806,256999.99999999997,135,,50582.0,80.54,new
BAGMANE, RR,2026-10-07,106.8,106.97,106.41,106.62,106.9,106.43,370239,39459000.0,10020,,292707.0,79.06,new
BAHETI, SM,2026-10-07,738.0,738.0,710.0,712.65,711.0,725.55,15000,10843000.0,34,,10875.0,72.5,new
BAIDFIN, EQ,2026-10-07,10.11,10.75,10.0,10.21,10.1,10.32,43355,445000.0,248,,31643.0,72.99,new
BAJAJ-AUTO, EQ,2026-10-07,9970.0,9997.0,9727.0,9884.0,9884.0,10017.0,442314,4345486000.0,49923,,230908.0,52.2,new
BAJAJCON, EQ,2026-10-07,491.5,492.7,481.05,483.0,483.7,493.5,191498,93068000.0,11119,,103843.0,54.23,new
BAJAJELEC, EQ,2026-10-07,299.7,303.0,297.6,300.7,300.2,300.25,90029,27048000.0,4168,,33552.0,37.27,new
BAJAJFINSV, EQ,2026-10-07,1740.0,1758.6,1728.1,1743.3,1743.3,1752.4,990041,1724068999.9999998,40154,,605813.0,61.19,new
BAJAJHCARE, EQ,2026-10-07,320.25,326.65,319.3,323.3,322.25,323.1,68139,22010000.0,2492,,36804.0,54.01,new
BAJAJHFL, EQ,2026-10-07,82.11,84.41,81.7,84.08,84.34,82.36,4604045,383687000.0,24582,,2419134.0,52.54,new
BAJAJHIND, EQ,2026-10-07,21.16,21.64,20.84,21.05,21.04,21.33,19089108,405614000.0,31220,,3538027.0,18.53,new
BAJAJHLDNG, EQ,2026-10-07,10699.0,10779.0,10568.0,10662.0,10662.0,10600.0,39078,417658000.0,8412,,22464.0,57.49,new
BAJAJINDEF, EQ,2026-10-07,211.5,211.5,200.0,203.96,207.5,207.21,11766,2406000.0,503,,8384.0,71.26,new
BAJAJST, EQ,2026-10-07,325.25,336.0,323.4,331.4,331.65,324.4,3314,1092000.0,278,,2422.0,73.08,new
BAJEL, EQ,2026-10-07,163.88,163.88,161.71,162.34,162.0,164.08,67793,11033000.0,1584,,34928.0,51.52,new
BAJFINANCE, EQ,2026-10-07,969.15,984.4,952.3,963.85,963.85,963.1,11415155,11056680000.0,156168,,6378249.0,55.88,new
BALAJEE, EQ,2026-10-07,25.1,25.1,23.6,23.97,23.99,24.24,27282,653000.0,428,,21817.0,79.97,new
BALAJITELE, EQ,2026-10-07,90.56,91.15,88.96,89.18,89.3,90.56,66329,5956000.0,932,,44585.0,67.22,new
BALAMINES, EQ,2026-10-07,2269.2,2269.2,2132.1,2155.9,2147.0,2287.7,709751,1552154000.0,53585,,157546.0,22.2,new
BALAXI, EQ,2026-10-07,22.95,23.49,22.22,22.38,22.76,22.67,15155,343000.0,146,,10376.0,68.47,new
BALCO, SM,2026-10-07,19.05,19.05,19.05,19.05,19.05,19.95,1200,23000.0,1,,1200.0,100.0,new
BALKRISHNA, EQ,2026-10-07,16.06,16.68,15.57,16.0,16.05,16.21,9533,154000.0,118,,3750.0,39.34,new
BALKRISIND, EQ,2026-10-07,2079.0,2079.0,2002.0,2006.6,2007.0,2082.7,295283,596496000.0,30013,,168068.0,56.92,new
BALMLAWRIE, EQ,2026-10-07,158.2,159.95,154.1,158.88,158.15,158.78,346197,54467999.99999999,5310,,87543.0,25.29,new
BALPHARMA, BE,2026-10-07,99.1,103.9,96.39,98.62,97.5,101.46,35213,3438000.0000000005,351,,,,new
BALRAMCHIN, EQ,2026-10-07,692.05,710.0,687.6,706.6,703.5,691.3,1646549,1154945000.0,42392,,465608.0,28.28,new
BALUFORGE, EQ,2026-10-07,525.15,525.9,505.7,507.5,509.0,526.95,538063,276393000.0,16501,,237922.0,44.22,new
BANARBEADS, EQ,2026-10-07,115.0,119.1,108.5,110.27,109.79,116.11,6818,761000.0,203,,5390.0,79.06,new
BANARISUG, EQ,2026-10-07,3325.0,3395.0,3325.0,3375.3,3394.9,3349.3,785,2647000.0,132,,428.0,54.52,new
BANCOINDIA, EQ,2026-10-07,599.0,605.0,594.7,600.2,600.0,602.65,61310,36778000.0,4744,,32271.0,52.64,new
BANDHANBNK, EQ,2026-10-07,164.15,167.59,161.33,162.99,162.99,164.15,10016167,1649765000.0000002,49687,,3492255.0,34.87,new
BANG, EQ,2026-10-07,33.49,34.35,33.01,33.64,33.65,33.49,31724,1068000.0,122,,22989.0,72.47,new
BANK10ADD, EQ,2026-10-07,16.28,16.42,16.25,16.35,16.42,16.32,1435058,23394000.0,274,,1308852.0,91.21,new
BANK10BETF, EQ,2026-10-07,20.32,21.1,19.53,20.15,19.7,20.32,2073496,41588000.0,956,,1984541.0,95.71,new
BANKA, EQ,2026-10-07,70.0,70.0,67.62,67.97,67.63,69.5,1011,70000.0,30,,951.0,94.07,new
BANKADD, EQ,2026-10-07,56.21,56.78,56.09,56.5,56.55,56.35,18139,1026000.0,129,,14265.0,78.64,new
BANKBARODA, EQ,2026-10-07,231.8,236.38,230.18,234.55,234.55,232.73,6320157,1478587000.0,56922,,2681480.0,42.43,new
BANKBEES, EQ,2026-10-07,578.0,578.0,566.0,570.22,570.5,569.45,819134,467256000.00000006,8042,,441252.0,53.87,new
BANKBETA, EQ,2026-10-07,57.45,57.45,56.49,57.03,57.2,56.88,325999,18593000.0,1519,,273685.0,83.95,new
BANKBETF, EQ,2026-10-07,57.35,57.35,55.58,56.09,55.93,55.96,622872,35109000.0,417,,581196.0,93.31,new
BANKETF, EQ,2026-10-07,559.58,563.99,557.55,561.26,561.02,561.2,56453,31658999.999999996,1193,,36999.0,65.54,new
BANKIETF, EQ,2026-10-07,56.45,56.93,56.15,56.59,56.47,56.48,523630,29657000.0,2188,,417856.0,79.8,new
BANKINDIA, EQ,2026-10-07,132.59,135.19,130.26,133.55,133.55,132.16,9853574,1311547000.0,49821,,3699617.0,37.55,new
BANKNIFTY1, EQ,2026-10-07,58.47,58.47,56.74,57.1,56.99,57.05,1792830,102215000.0,1386,,1545266.0,86.19,new
BANKPSU, EQ,2026-10-07,78.58,81.74,78.58,81.6,81.64,80.6,24524,1989999.9999999998,77,,7615.0,31.05,new
BANSALWIRE, EQ,2026-10-07,327.8,330.9,320.15,324.0,325.0,325.7,110111,35737000.0,5157,,60075.0,54.56,new
BANSWRAS, EQ,2026-10-07,102.85,107.34,102.85,105.44,106.0,105.09,11679,1240000.0,371,,5223.0,44.72,new
BARFLEX, SM,2026-10-07,55.0,56.0,53.0,55.6,56.0,52.25,48000,2588000.0,18,,40000.0,83.33,new
BASF, EQ,2026-10-07,3472.1,3495.4,3434.0,3453.8,3460.0,3472.1,9472,32713000.0,2539,,4814.0,50.82,new
BASILIC, SM,2026-10-07,205.0,237.95,202.0,216.75,219.0,198.3,137700,29902000.0,285,,99900.0,72.55,new
BASML, EQ,2026-10-07,22.98,23.25,22.25,22.69,22.61,22.88,63299,1442000.0,218,,50767.0,80.2,new
BATAINDIA, EQ,2026-10-07,619.85,624.0,613.6,615.1,616.75,619.85,45932,28383999.999999996,4108,,18883.0,41.11,new
BATLIBOI, EQ,2026-10-07,96.83,98.82,93.01,94.8,93.8,96.16,93592,8946000.0,3833,,32543.0,34.77,new
BAWEJA, SM,2026-10-07,25.25,25.25,25.25,25.25,25.25,26.1,800,20000.0,1,,800.0,100.0,new
BAYERCROP, EQ,2026-10-07,3535.0,3549.8,3478.0,3491.5,3490.0,3533.4,26503,92672000.0,7651,,19608.0,73.98,new
BBETF0432, EQ,2026-10-07,1362.86,1362.86,1334.02,1337.0,1337.0,1336.14,756,1010000.0,34,,631.0,83.47,new
BBL, EQ,2026-10-07,2070.0,2084.8,2037.0,2042.0,2038.4,2068.8,18092,37166000.0,3464,,9881.0,54.62,new
BBNPNBETF, EQ,2026-10-07,55.45,56.0,55.21,55.46,55.46,55.68,5391,299000.0,17,,4806.0,89.15,new
BBNPPGOLD, EQ,2026-10-07,141.8,142.25,141.4,141.6,141.4,141.85,2058,292000.0,50,,1877.0,91.21,new
BBOX, EQ,2026-10-07,840.95,893.1,815.85,884.85,888.4,839.95,2262486,1961759000.0,77340,,639801.0,28.28,new
BBTC, EQ,2026-10-07,1301.3,1301.3,1263.2,1269.4,1268.9,1298.2,113931,145139000.0,10995,,50413.0,44.25,new
BBTCL, EQ,2026-10-07,240.0,240.0,223.57,225.66,226.97,233.12,11763,2683000.0,382,,6441.0,54.76,new
BCG, EQ,2026-10-07,9.07,9.15,9.05,9.08,9.09,9.07,2283346,20752000.0,2824,,1306345.0,57.21,new
BCLIND, EQ,2026-10-07,32.03,32.09,31.12,31.55,31.39,32.03,331997,10514000.0,2706,,161685.0,48.7,new
BCONCEPTS, EQ,2026-10-07,146.0,146.9,142.0,143.73,142.1,146.88,3493,503000.0,221,,3049.0,87.29,new
BCPL, EQ,2026-10-07,67.24,67.98,66.1,66.43,66.36,67.24,8784,585000.0,247,,5005.0,56.98,new
BDL, EQ,2026-10-07,1104.9,1104.9,1078.6,1085.0,1085.0,1101.8,790105,858307000.0,32999,,252033.0,31.9,new
BEACON, SM,2026-10-07,79.5,82.9,79.5,82.9,82.9,81.3,6000,487000.0,6,,5000.0,83.33,new
BEARDSELL, EQ,2026-10-07,22.89,22.89,21.96,22.22,22.24,22.5,47882,1061000.0,286,,34860.0,72.8,new
BECTORFOOD, EQ,2026-10-07,212.0,212.65,208.83,211.07,211.0,212.16,1387522,292876000.0,16272,,669883.0,48.28,new
BEDMUTHA, EQ,2026-10-07,110.5,110.5,107.0,110.08,110.1,106.23,6599,721000.0,91,,6025.0,91.3,new
BEEKAY, EQ,2026-10-07,446.0,455.0,435.0,440.05,440.05,434.1,1282,569000.0,72,,825.0,64.35,new
BEL, EQ,2026-10-07,386.5,386.5,378.0,378.3,378.3,387.4,13636290,5180924000.0,158539,,8473499.0,62.14,new
BELLACASA, EQ,2026-10-07,242.13,270.2,239.13,251.77,267.0,242.13,12782,3170000.0,607,,10333.0,80.84,new
BELRISE, EQ,2026-10-07,236.7,247.25,233.66,246.31,247.0,236.81,3749664,914784000.0,51108,,1532654.0,40.87,new
BEML, EQ,2026-10-07,2042.2,2042.6,1992.1,2006.2,2007.0,2042.2,146910,296049000.0,16360,,58717.0,39.97,new
BENARAS, EQ,2026-10-07,10200.0,10348.0,10200.0,10201.0,10201.0,10238.0,38,388000.0,12,,36.0,94.74,new
BENGALASM, EQ,2026-10-07,6145.0,6196.0,5960.5,6036.0,6147.5,6110.5,226,1373000.0,129,,141.0,62.39,new
BEPL, EQ,2026-10-07,129.6,129.6,126.82,127.61,127.72,128.63,541542,69296000.0,6906,,240957.0,44.49,new
BERGEPAINT, EQ,2026-10-07,470.6,471.9,461.8,463.9,463.0,472.55,189882,88474000.0,17091,,88169.0,46.43,new
BESTAGRO, EQ,2026-10-07,17.57,17.86,17.52,17.59,17.53,17.89,433321,7656000.0,1079,,259166.0,59.81,new
BETA, EQ,2026-10-07,1980.0,2024.0,1980.0,1991.4,1981.1,2001.4,9114,18204000.0,1304,,6058.0,66.47,new
BEWLTD, SM,2026-10-07,58.0,58.95,58.0,58.45,58.45,57.8,4500,263000.0,9,,3000.0,66.67,new
BFINVEST, EQ,2026-10-07,442.4,444.05,436.9,439.1,439.85,441.35,6355,2797000.0,552,,3199.0,50.34,new
BFSI, EQ,2026-10-07,26.54,26.54,25.77,25.99,26.01,25.9,149135,3868000.0,560,,75665.0,50.74,new
BFUTILITIE, EQ,2026-10-07,495.9,500.45,492.0,496.2,495.0,498.9,36837,18278000.0,1990,,15081.0,40.94,new
BGRENERGY, BE,2026-10-07,256.31,256.31,250.0,256.31,256.31,244.11,87664,22424000.0,773,,,,new
BHADORA, ST,2026-10-07,153.0,158.0,148.0,153.15,158.0,155.1,57600,8749000.0,33,,54000.0,93.75,new
BHAGCHEM, EQ,2026-10-07,240.48,240.95,234.1,235.82,234.5,239.91,174477,41346000.0,1717,,84943.0,48.68,new
BHAGERIA, EQ,2026-10-07,393.0,403.6,370.55,377.55,380.8,393.55,173072,66957000.00000001,6246,,77138.0,44.57,new
BHAGYANGR, EQ,2026-10-07,441.0,454.55,430.0,454.55,454.55,432.95,601005,270783000.0,7527,,318756.0,53.04,new
BHANDARI, EQ,2026-10-07,2.86,2.86,2.73,2.78,2.8,2.83,117426,328000.0,221,,94756.0,80.69,new
BHARATCOAL, EQ,2026-10-07,32.05,32.32,31.85,32.09,32.11,32.05,3011307,96468000.0,12521,,1277091.0,42.41,new
BHARATFORG, EQ,2026-10-07,1871.0,1871.0,1826.9,1841.8,1841.8,1880.0,410629,757678000.0,32186,,178939.0,43.58,new
BHARATGEAR, BE,2026-10-07,100.92,104.87,100.0,104.87,104.87,99.88,43607,4510000.0,294,,,,new
BHARATRAS, EQ,2026-10-07,1005.3,1008.0,980.0,985.2,981.6,998.3,10022,9894000.0,1280,,4590.0,45.8,new
BHARATSE, EQ,2026-10-07,206.15,207.54,203.61,204.59,204.8,206.14,52196,10721000.0,2793,,23743.0,45.49,new
BHARATWIRE, EQ,2026-10-07,165.9,174.39,163.72,171.99,171.4,165.28,771202,131982000.0,12902,,261442.0,33.9,new
BHARTIARTL, EQ,2026-10-07,1823.0,1854.7,1810.5,1833.9,1833.9,1810.5,13920833,25529095000.0,210543,,9319805.0,66.95,new
BHARTIHEXA, EQ,2026-10-07,1386.8,1485.0,1376.5,1477.9,1480.0,1386.8,1512590,2192158000.0,103571,,771349.0,51.0,new
BHEL, EQ,2026-10-07,451.5,455.95,446.6,448.5,448.5,452.0,14450998,6506938000.0,158346,,6411593.0,44.37,new
BI, BE,2026-10-07,94.75,94.75,94.75,94.75,94.75,92.9,6748,639000.0,14,,,,new
BIGBLOC, EQ,2026-10-07,37.5,37.66,36.3,36.47,36.41,37.22,55930,2068000.0,914,,40362.0,72.17,new
BIKAJI, EQ,2026-10-07,484.9,490.3,482.0,483.55,483.35,481.1,137074,66607000.00000001,16513,,64929.0,47.37,new
BIKEWO, ST,2026-10-07,124.6,128.95,124.6,126.1,126.1,126.8,18000,2276000.0,7,,18000.0,100.0,new
BIL, EQ,2026-10-07,1092.85,1092.85,1070.0,1072.9,1079.8,1092.85,5985,6429000.000000001,327,,3760.0,62.82,new
BILVYAPAR, BE,2026-10-07,4.29,4.31,4.05,4.29,4.11,4.15,4846,21000.0,18,,,,new
BIMETAL, EQ,2026-10-07,663.7,663.7,636.2,640.65,640.25,660.4,189,121000.0,13,,178.0,94.18,new
BIOCON, EQ,2026-10-07,368.4,368.4,358.4,360.0,360.0,369.1,4416752,1593150000.0,44081,,2259506.0,51.16,new
BIOFILCHEM, EQ,2026-10-07,30.12,30.65,30.0,30.43,30.3,30.11,2965,90000.0,78,,2113.0,71.26,new
BIOPOL, SM,2026-10-07,53.35,53.35,51.7,52.25,52.25,51.75,4800,250999.99999999997,4,,3600.0,75.0,new
BIRET, RR,2026-10-07,329.5,330.99,328.1,329.6,329.2,329.89,446920,147422000.0,7531,,409891.0,91.71,new
BIRLACABLE, EQ,2026-10-07,398.0,404.35,377.25,385.05,387.8,395.45,529869,207482000.00000003,14243,,252651.0,47.68,new
BIRLACORPN, EQ,2026-10-07,803.4,820.5,793.0,814.4,819.8,803.45,52418,42271000.0,5505,,30913.0,58.97,new
BIRLAMONEY, EQ,2026-10-07,116.45,119.94,115.81,118.98,119.91,116.45,26003,3076000.0,928,,19820.0,76.22,new
BIRLANU, EQ,2026-10-07,1410.7,1411.9,1190.3,1321.3,1320.0,1406.5,133938,172727000.0,8825,,43211.0,32.26,new
BIRLAPREC, BE,2026-10-07,58.48,60.65,57.51,58.23,59.19,57.79,68665,4034000.0000000005,483,,,,new
BLACKBUCK, EQ,2026-10-07,599.5,618.7,593.75,616.4,617.0,596.0,430095,262780000.00000003,34914,,217982.0,50.68,new
BLACKROSE, EQ,2026-10-07,109.4,113.0,108.41,110.78,110.29,107.65,28903,3210000.0,481,,19422.0,67.2,new
BLAL, EQ,2026-10-07,159.99,159.99,156.2,156.57,156.31,157.53,10214,1607000.0,315,,7885.0,77.2,new
BLBLIMITED, EQ,2026-10-07,16.48,17.45,16.0,16.91,16.9,16.09,91763,1522000.0,530,,53988.0,58.83,new
BLEL, EQ,2026-10-07,510.05,518.8,503.0,514.4,512.0,510.05,1287175,660190000.0,30851,,325844.0,25.31,new
BLIL, EQ,2026-10-07,65.48,65.5,65.01,65.28,65.46,65.21,28399,1854000.0,961,,21055.0,74.14,new
BLISSGVS, BE,2026-10-07,670.0,685.8,670.0,681.55,685.0,676.45,166651,113435999.99999999,1393,,,,new
BLKASHYAP, EQ,2026-10-07,54.31,54.6,53.53,53.94,53.9,54.79,213929,11567000.0,1438,,118511.0,55.4,new
BLS, EQ,2026-10-07,224.0,225.53,220.23,220.84,221.22,223.97,512069,113772000.0,13062,,238929.0,46.66,new
BLSE, EQ,2026-10-07,158.3,160.75,156.5,158.2,158.0,160.9,339932,53871000.0,4647,,111327.0,32.75,new
BLUECLOUDS, EQ,2026-10-07,20.35,22.87,20.08,20.35,20.25,20.01,58789235,1259702000.0,175035,,8352458.0,14.21,new
BLUECOAST, EQ,2026-10-07,22.04,22.71,20.96,22.49,22.54,22.04,1424,30000.0,31,,921.0,64.68,new
BLUEDART, EQ,2026-10-07,4596.9,4620.8,4519.3,4555.2,4583.6,4562.8,18776,85611000.0,3770,,9921.0,52.84,new
BLUEJET, EQ,2026-10-07,540.0,546.0,535.7,541.35,545.5,538.15,207773,112393000.0,8996,,108677.0,52.31,new
BLUEPEBBLE, ST,2026-10-07,64.0,67.0,64.0,67.0,67.0,66.0,800,52000.0,2,,800.0,100.0,new
BLUESTARCO, EQ,2026-10-07,1562.9,1575.0,1530.1,1530.1,1530.1,1571.5,436486,675976000.0,24276,,151546.0,34.72,new
BLUESTONE, EQ,2026-10-07,812.65,835.0,805.4,831.1,831.4,813.85,707911,582350000.0,32883,,247074.0,34.9,new
BLUEWATER, ST,2026-10-07,585.9,585.9,549.7,549.7,549.7,578.6,20000,11148000.0,16,,20000.0,100.0,new
BLUSPRING, EQ,2026-10-07,144.53,147.29,141.5,142.71,143.0,144.53,134332,19341000.0,2454,,42043.0,31.3,new
BMETRICS, SM,2026-10-07,38.0,38.0,38.0,38.0,38.0,39.5,2400,91000.0,3,,2400.0,100.0,new
BMISL, ST,2026-10-07,127.3,127.3,127.3,127.3,127.3,121.25,116400,14818000.0,60,,116400.0,100.0,new
BMWVENTLTD, EQ,2026-10-07,50.02,50.89,49.76,50.11,50.3,50.37,47119,2366000.0,1724,,20917.0,44.39,new
BNAGROCHEM, EQ,2026-10-07,217.1,232.81,215.21,215.21,215.21,226.53,4312,935000.0,97,,3630.0,84.18,new
BNALTD, BE,2026-10-07,368.0,368.0,368.0,368.0,368.0,351.1,19,7000.000000000001,1,,,,new
BNKETFAXIS, EQ,2026-10-07,565.89,571.09,564.54,566.23,566.23,568.73,544,308000.0,32,,185.0,34.01,new
BODALCHEM, BE,2026-10-07,185.0,189.99,180.0,184.14,184.0,186.57,263642,48875000.0,2236,,,,new
BOHRAIND, EQ,2026-10-07,14.35,15.04,14.03,14.21,14.2,14.38,7910,114999.99999999999,34,,3869.0,48.91,new
BOMDYEING, EQ,2026-10-07,102.91,102.91,101.01,101.63,101.4,102.91,416073,42389000.0,5348,,184476.0,44.34,new
BONLON, EQ,2026-10-07,40.54,41.0,39.62,40.68,40.7,39.39,8552,346000.0,147,,6297.0,73.63,new
BORANA, EQ,2026-10-07,271.0,273.85,268.55,270.7,268.55,269.6,14928,4047000.0,600,,7960.0,53.32,new
BOROLTD, EQ,2026-10-07,287.0,290.7,280.0,281.15,281.0,286.85,197203,56067999.99999999,4700,,86461.0,43.84,new
BORORENEW, EQ,2026-10-07,447.9,448.0,433.8,438.1,436.8,449.85,357439,157095000.0,13302,,197086.0,55.14,new
BOROSCI, EQ,2026-10-07,113.5,116.46,113.32,115.03,114.65,113.27,42337,4836000.0,1055,,27315.0,64.52,new
BOSCH-HCIL, EQ,2026-10-07,1993.0,1993.0,1928.2,1948.1,1950.0,1976.9,34819,67997000.0,6264,,16231.0,46.62,new
BOSCHLTD, EQ,2026-10-07,45000.0,45000.0,44305.0,44410.0,44410.0,45000.0,21193,944526000.0,10596,,9604.0,45.32,new
BOSS, ST,2026-10-07,56.9,56.9,56.9,56.9,56.9,57.0,2000,113999.99999999999,1,,2000.0,100.0,new
BPCL, EQ,2026-10-07,297.0,298.65,294.75,296.35,296.35,300.5,6249901,1852756000.0000002,51257,,3865396.0,61.85,new
BPL, EQ,2026-10-07,44.02,44.9,44.01,44.22,44.44,44.45,24846,1103000.0,442,,19540.0,78.64,new
BPLPHARMA, EQ,2026-10-07,1884.9,1930.0,1827.2,1881.2,1890.0,1836.4,8140,15371000.0,1063,,4113.0,50.53,new
BRAHMINFRA, EQ,2026-10-07,152.5,152.5,142.5,142.98,142.61,145.58,3942,566000.0,181,,3143.0,79.73,new
BRANDMAN, SM,2026-10-07,164.45,164.45,158.0,162.15,162.15,161.65,12000,1928000.0,14,,10400.0,86.67,new
BRIGADE, EQ,2026-10-07,572.0,573.8,552.45,554.2,554.1,569.1,160210,89434000.0,11278,,73740.0,46.03,new
BRIGHOTEL, EQ,2026-10-07,56.93,57.4,56.1,56.87,56.11,56.93,58031,3297999.9999999995,2368,,42270.0,72.84,new
BRIGHTBR, EQ,2026-10-07,235.0,242.0,232.0,234.0,233.95,235.0,1251,293000.0,48,,1104.0,88.25,new
BRITANNIA, EQ,2026-10-07,4870.1,4873.2,4775.1,4780.0,4780.0,4883.8,248082,1192158000.0,22152,,132950.0,53.59,new
BRNL, EQ,2026-10-07,15.7,16.02,15.7,15.93,15.83,16.03,16693,265000.0,202,,12798.0,76.67,new
BROOKS, EQ,2026-10-07,61.98,62.59,58.5,58.78,58.51,59.66,79202,4771000.0,1093,,45511.0,57.46,new
BSE, EQ,2026-10-07,3265.0,3372.6,3246.5,3356.0,3356.0,3305.0,6608257,21940222000.0,219510,,2640285.0,39.95,new
BSE500IETF, EQ,2026-10-07,37.63,37.91,37.28,37.4,37.4,37.62,132445,4960000.0,1398,,58140.0,43.9,new
BSHSL, EQ,2026-10-07,80.1,81.7,78.0,78.25,78.01,80.1,7320,575000.0,211,,4007.0,54.74,new
BSL, EQ,2026-10-07,119.01,121.68,119.01,120.04,120.05,119.76,1832,221000.0,80,,1644.0,89.74,new
BSLGOLDETF, EQ,2026-10-07,129.78,129.78,128.85,128.99,129.05,129.39,395471,51018000.0,1731,,333340.0,84.29,new
BSLNIFTY, EQ,2026-10-07,26.98,26.98,26.46,26.5,26.53,26.69,363149,9643000.0,4119,,206487.0,56.86,new
BSLSENETFG, EQ,2026-10-07,73.69,73.8,72.96,73.15,73.14,73.7,1425,104000.0,66,,954.0,66.95,new
BSOFT, EQ,2026-10-07,278.0,281.8,275.2,278.05,279.0,279.45,958771,266819000.0,26171,,482032.0,50.28,new
BTML, EQ,2026-10-07,6.82,7.26,6.82,7.14,7.06,6.86,247593,1779000.0,389,,178978.0,72.29,new
BTTL, BE,2026-10-07,40.28,40.28,37.34,39.5,39.5,39.3,5039,189000.0,26,,,,new
BUILDPRO, EQ,2026-10-07,1311.6,1326.0,1275.6,1302.0,1300.0,1301.5,111587,145478000.0,7830,,61506.0,55.12,new
BULKCORP, ST,2026-10-07,79.9,79.95,79.75,79.85,79.75,81.75,12000,958000.0,10,,12000.0,100.0,new
BURNPUR, BE,2026-10-07,13.85,14.44,13.32,14.11,14.1,13.83,49579,689000.0,284,,,,new
BUTTERFLY, EQ,2026-10-07,549.3,549.3,537.1,545.0,543.55,543.25,7289,3968000.0,574,,4389.0,60.21,new
BVCL, EQ,2026-10-07,41.17,42.29,40.57,40.69,40.6,41.44,16533,680000.0,199,,11300.0,68.35,new
BYKE, EQ,2026-10-07,29.98,30.2,29.16,30.01,30.0,29.46,32011,958000.0,274,,27190.0,84.94,new
C2C, SM,2026-10-07,188.0,188.0,175.05,178.7,178.0,187.65,99750,17871000.0,513,,65550.0,65.71,new
CADSYS, SM,2026-10-07,37.95,37.95,37.95,37.95,37.95,37.95,500,19000.0,1,,500.0,100.0,new
CALSOFT, BE,2026-10-07,33.33,35.11,32.02,35.11,35.11,33.44,139280,4699000.0,747,,,,new
CAMLINFINE, EQ,2026-10-07,95.0,95.11,93.1,94.52,94.49,95.0,301825,28377000.0,4272,,139553.0,46.24,new
CAMPUS, EQ,2026-10-07,208.68,208.84,204.36,208.37,208.0,208.68,310132,64322000.0,7366,,175526.0,56.6,new
CAMS, EQ,2026-10-07,693.9,706.0,690.85,694.6,694.6,693.9,1014012,707866000.0,29137,,425891.0,42.0,new
CANARYS, SM,2026-10-07,28.4,28.4,27.0,27.45,27.5,28.5,52000,1431000.0,10,,36000.0,69.23,new
CANBK, EQ,2026-10-07,117.95,120.25,116.51,119.15,119.15,117.82,17756429,2109973000.0,90620,,6183113.0,34.82,new
CANFINHOME, EQ,2026-10-07,733.85,736.0,718.55,727.0,725.0,734.75,448265,325070000.0,25270,,281816.0,62.87,new
CANHLIFE, EQ,2026-10-07,143.99,147.45,135.26,146.06,145.05,143.13,2983478,419387000.0,45789,,1273642.0,42.69,new
CANTABIL, EQ,2026-10-07,229.84,229.95,226.63,228.22,228.0,229.84,43866,10014000.0,1242,,22720.0,51.79,new
CAPACITE, EQ,2026-10-07,183.8,184.75,181.1,181.72,181.9,184.51,188388,34449000.0,4141,,88561.0,47.01,new
CAPILLARY, EQ,2026-10-07,596.0,609.95,576.0,578.3,580.0,587.2,641459,379635000.0,23369,,249957.0,38.97,new
CAPINVIT, IV,2026-10-07,77.36,77.97,77.01,77.89,77.9,77.23,238915,18521000.0,1714,,188285.0,78.81,new
CAPITALSFB, EQ,2026-10-07,263.9,279.5,263.9,274.2,276.0,263.8,60125,16357000.0,1634,,37929.0,63.08,new
CAPLIPOINT, EQ,2026-10-07,2675.2,2689.0,2610.0,2649.1,2638.0,2679.7,103774,274680000.0,20972,,37267.0,35.91,new
CAPTRUST, BE,2026-10-07,21.84,22.02,20.59,22.02,22.02,20.98,109535,2383000.0,149,,,,new
CARBORUNIV, EQ,2026-10-07,1277.5,1277.5,1246.2,1256.7,1262.0,1269.6,124207,156368000.0,18934,,56456.0,45.45,new
CARERATING, EQ,2026-10-07,1588.6,1613.7,1585.6,1595.9,1590.2,1588.2,28480,45570000.0,2920,,20317.0,71.34,new
CARRARO, EQ,2026-10-07,529.1,542.8,528.6,533.85,532.0,525.65,79447,42566000.0,5454,,40839.0,51.4,new
CARTRADE, EQ,2026-10-07,2903.0,2956.0,2864.3,2914.7,2917.0,2911.7,116560,341118000.0,18994,,39607.0,33.98,new
CARYSIL, EQ,2026-10-07,1030.0,1031.9,1004.4,1007.5,1008.0,1033.1,74710,75874000.0,7367,,42943.0,57.48,new
CASHIETF, EQ,2026-10-07,1084.99,1084.99,1082.69,1082.69,1082.71,1082.55,111109,120299000.0,64,,95099.0,85.59,new
CASTROLIND, EQ,2026-10-07,200.2,200.58,195.75,197.15,196.9,200.2,1731839,342313000.0,20763,,1080433.0,62.39,new
CCAVENUE, EQ,2026-10-07,15.45,15.8,15.25,15.56,15.55,15.35,9135276,142318000.0,13892,,2800162.0,30.65,new
CCCL, EQ,2026-10-07,13.23,13.5,12.91,12.99,12.98,13.1,388683,5047000.0,589,,285726.0,73.51,new
CCHHL, EQ,2026-10-07,13.0,13.0,12.66,12.81,12.92,12.81,10937,140000.0,87,,9147.0,83.63,new
CCL, EQ,2026-10-07,1049.3,1064.8,1041.9,1052.3,1049.5,1054.9,88140,92977000.0,11854,,39227.0,44.51,new
CDSL, EQ,2026-10-07,1260.0,1282.5,1251.0,1275.0,1275.0,1263.4,1021756,1297543000.0,34203,,351407.0,34.39,new
CEATLTD, EQ,2026-10-07,3309.1,3328.7,3285.4,3301.9,3315.0,3328.7,21968,72626000.0,5705,,8214.0,37.39,new
CEDAAR, SM,2026-10-07,11.55,11.55,11.35,11.55,11.55,11.0,80000,919000.0,46,,80000.0,100.0,new
CEIGALL, EQ,2026-10-07,374.9,376.45,364.5,372.8,374.95,376.2,279983,104050000.0,7530,,150079.0,53.6,new
CEINSYS, EQ,2026-10-07,708.95,713.8,687.5,691.15,690.95,718.45,65681,45775000.0,5112,,27026.0,41.15,new
CELEBRITY, EQ,2026-10-07,6.59,6.59,5.97,6.02,6.1,6.35,77988,475000.0,293,,54997.0,70.52,new
CELLECOR, SM,2026-10-07,29.6,29.7,28.75,29.45,29.7,29.85,147000,4292000.0,42,,81000.0,55.1,new
CELLO, EQ,2026-10-07,366.9,398.0,360.5,390.65,391.9,369.15,10572299,4099911000.0,156947,,1473671.0,13.94,new
CEMNTGROWW, EQ,2026-10-07,13.6,13.62,13.45,13.52,13.59,13.64,57250,774000.0,347,,49261.0,86.05,new
CEMPRO, EQ,2026-10-07,1164.0,1168.0,1125.0,1137.8,1139.8,1159.8,200455,228386000.0,15678,,118854.0,59.29,new
CENTENKA, EQ,2026-10-07,564.15,575.05,555.5,569.9,567.0,566.6,32539,18478000.0,2235,,16677.0,51.25,new
CENTEXT, EQ,2026-10-07,17.81,18.1,17.71,17.82,17.96,17.88,77861,1391000.0,435,,63622.0,81.71,new
CENTEXT-RE, BE,2026-10-07,2.0,2.33,2.0,2.16,2.2,2.4,211020,463000.0,271,,,,new
CENTRALBK, EQ,2026-10-07,30.19,30.57,29.99,30.44,30.4,30.19,3892597,117956000.0,13303,,1357185.0,34.87,new
CENTRUM, EQ,2026-10-07,20.1,21.0,19.71,20.35,20.4,19.8,365385,7439000.0,843,,223951.0,61.29,new
CENTUM, EQ,2026-10-07,4452.0,4498.8,4330.1,4345.9,4350.0,4451.0,78371,342963000.0,12975,,34494.0,44.01,new
CENTURYPLY, EQ,2026-10-07,689.95,689.95,676.85,683.5,680.3,679.85,44562,30464000.0,9313,,23408.0,52.53,new
CERA, EQ,2026-10-07,5122.5,5138.0,5031.0,5038.5,5035.0,5122.5,4104,20810000.0,1635,,2158.0,52.58,new
CESC, EQ,2026-10-07,134.13,134.13,130.52,131.18,131.15,134.43,1268698,167285000.0,27327,,727060.0,57.31,new
CEWATER, EQ,2026-10-07,260.0,267.55,255.1,260.95,261.0,260.65,57581,15133000.000000002,3614,,27333.0,47.47,new
CFEL, BE,2026-10-07,45.0,45.99,43.02,44.44,45.0,45.0,6003,266000.0,83,,,,new
CGCL, EQ,2026-10-07,246.0,252.0,242.52,250.74,251.5,246.88,1754021,435729000.0,23746,,695137.0,39.63,new
CGPOWER, EQ,2026-10-07,912.0,912.6,890.2,894.5,894.5,912.0,1854228,1671432000.0,42621,,1004192.0,54.16,new
CGRAPHICS, SM,2026-10-07,153.0,155.9,151.6,153.45,155.25,156.0,12000,1841000.0,15,,7200.0,60.0,new
CGVAK, EQ,2026-10-07,140.1,145.0,129.1,133.8,135.99,146.16,21785,2949000.0,898,,12608.0,57.87,new
CHALET, EQ,2026-10-07,818.2,851.95,817.55,847.4,846.1,818.2,186088,155513000.0,16868,,113743.0,61.12,new
CHAMBLFERT, EQ,2026-10-07,404.05,404.75,394.55,396.35,396.15,404.8,285277,113361999.99999999,15389,,155714.0,54.58,new
CHANDAN, SM,2026-10-07,227.05,250.0,227.05,247.9,250.0,235.95,129600,31456000.0,146,,83200.0,64.2,new
CHAVDA, ST,2026-10-07,58.1,58.1,56.2,56.3,56.3,58.35,8000,455000.0,4,,8000.0,100.0,new
CHEMBOND, EQ,2026-10-07,190.0,195.9,186.11,188.56,188.0,191.83,2844,542000.0,230,,1223.0,43.0,new
CHEMBONDCH, BE,2026-10-07,227.44,233.7,223.0,229.66,232.3,222.94,6975,1584000.0,126,,,,new
CHEMCON, EQ,2026-10-07,217.4,222.8,215.61,220.59,221.48,217.4,43863,9660000.0,1207,,23660.0,53.94,new
CHEMCRUX, EQ,2026-10-07,80.0,91.45,78.52,87.16,86.4,80.21,44762,3892000.0,1160,,16734.0,37.38,new
CHEMFAB, EQ,2026-10-07,330.0,335.8,322.25,331.8,331.05,338.5,2566,841000.0,147,,1921.0,74.86,new
CHEMICAL, EQ,2026-10-07,28.65,29.05,28.3,28.36,28.31,28.63,280795,7984000.0,1141,,127626.0,45.45,new
CHEMPLASTS, EQ,2026-10-07,208.95,235.9,206.89,228.22,225.5,210.24,5553053,1266029000.0,85430,,1010644.0,18.2,new
CHENNPETRO, EQ,2026-10-07,1410.0,1628.7,1410.0,1612.3,1605.0,1405.7,20027812,31330449000.0,521133,,1806624.0,9.02,new
CHETANA, SM,2026-10-07,39.0,39.0,39.0,39.0,39.0,39.0,3200,125000.0,1,,3200.0,100.0,new
CHEVIOT, EQ,2026-10-07,1152.6,1159.4,1143.1,1148.4,1146.2,1152.9,406,466000.0,56,,314.0,77.34,new
CHOICEGOLD, EQ,2026-10-07,145.91,145.91,144.3,145.27,145.09,145.91,6231,905000.0000000001,131,,3571.0,57.31,new
CHOICEIN, EQ,2026-10-07,727.9,730.0,720.05,723.7,725.9,727.15,176686,127972000.0,3759,,105525.0,59.72,new
CHOLAFIN, EQ,2026-10-07,1607.1,1612.4,1564.7,1564.7,1564.7,1611.0,1859926,2948161000.0,87446,,980210.0,52.7,new
CHOLAHLDNG, EQ,2026-10-07,1425.5,1441.0,1390.3,1402.7,1403.0,1424.6,79925,112415000.00000001,11566,,42712.0,53.44,new
CIEINDIA, EQ,2026-10-07,379.95,380.45,373.1,378.7,376.0,379.0,213473,80538000.0,16995,,119733.0,56.09,new
CIFL, EQ,2026-10-07,20.85,21.26,20.54,20.97,20.98,20.68,51091,1069000.0,225,,35871.0,70.21,new
CINELINE, EQ,2026-10-07,88.4,96.2,88.23,93.35,93.3,87.72,168792,15697000.0,1135,,144385.0,85.54,new
CINEVISTA, EQ,2026-10-07,13.8,16.54,13.8,15.37,15.17,13.83,296344,4653000.0,1083,,96394.0,32.53,new
CIPLA, EQ,2026-10-07,1338.5,1351.0,1324.7,1327.2,1327.2,1340.2,847901,1129948000.0,27439,,523137.0,61.7,new
CITIUSINVT, IV,2026-10-07,115.88,116.45,114.1,114.26,114.15,115.31,81338,9351000.0,609,,73578.0,90.46,new
CKKRETAIL, SM,2026-10-07,172.5,172.5,168.0,168.0,168.0,171.0,1600,272000.0,2,,1600.0,100.0,new
CLASSICEIL, SM,2026-10-07,49.95,49.95,49.5,49.5,49.5,49.95,4800,239000.0,2,,4800.0,100.0,new
CLAYCRAFT, SM,2026-10-07,174.2,174.2,170.05,171.15,171.95,174.2,24600,4216000.0,29,,24000.0,97.56,new
CLEAN, EQ,2026-10-07,824.8,824.8,810.15,813.7,816.3,823.15,119533,97683000.0,8959,,45680.0,38.22,new
CLEANMAX, EQ,2026-10-07,1390.0,1399.6,1364.2,1388.5,1387.5,1392.5,159790,220416000.0,14574,,50630.0,31.69,new
CLEDUCATE, EQ,2026-10-07,53.98,53.98,52.5,53.12,53.11,53.98,82521,4374000.0,113,,81841.0,99.18,new
CLSEL, EQ,2026-10-07,294.85,297.9,286.75,295.15,294.1,291.95,95440,28014000.0,3617,,37450.0,39.24,new
CLSL, ST,2026-10-07,58.0,58.0,58.0,58.0,58.0,60.0,2000,115999.99999999999,1,,2000.0,100.0,new
CMLL, EQ,2026-10-07,517.2,537.5,510.0,531.95,533.0,517.2,406067,215156000.0,8829,,195444.0,48.13,new
CMNL, SM,2026-10-07,120.0,121.95,118.0,119.35,119.35,119.35,9000,1078000.0,12,,6000.0,66.67,new
CMPDI, EQ,2026-10-07,209.31,213.7,207.1,209.05,209.5,210.06,685060,143908000.0,13391,,257087.0,37.53,new
CMRGREEN, EQ,2026-10-07,226.6,229.81,224.0,224.99,224.9,226.63,217711,49364000.0,4327,,103351.0,47.47,new
CMSINFO, EQ,2026-10-07,221.9,221.9,215.56,218.37,218.1,220.35,529249,115465000.00000001,9734,,316906.0,59.88,new
CNL, EQ,2026-10-07,1048.6,1099.3,1048.6,1079.0,1062.1,1070.0,6962,7445999.999999999,1099,,2488.0,35.74,new
COALINDIA, EQ,2026-10-07,411.65,415.85,410.8,414.5,414.5,411.65,6400277,2648471000.0,76544,,3840327.0,60.0,new
COASTCORP, EQ,2026-10-07,36.69,37.4,36.27,36.98,36.51,36.18,39515,1449000.0,396,,26155.0,66.19,new
COCHINSHIP, EQ,2026-10-07,1282.0,1282.0,1246.4,1255.1,1255.1,1282.0,929402,1169963000.0,39158,,437906.0,47.12,new
COCKERILL, EQ,2026-10-07,7978.5,7990.0,7780.0,7856.0,7825.0,7978.5,4026,31607000.0,1138,,2098.0,52.11,new
COFFEEDAY, EQ,2026-10-07,30.05,31.65,29.71,30.63,30.7,30.03,1388015,42515000.0,6076,,490089.0,35.31,new
COFORGE, EQ,2026-10-07,1843.0,1857.9,1822.2,1822.2,1822.2,1849.7,1016382,1869718000.0,45407,,480080.0,47.23,new
COHANCE, EQ,2026-10-07,456.7,475.5,453.2,455.45,455.0,457.0,1303279,602083000.0,45326,,578463.0,44.39,new
COLPAL, EQ,2026-10-07,1800.9,1800.9,1757.4,1757.4,1757.4,1809.4,184471,326835000.0,15613,,110836.0,60.08,new
COMFINTE, EQ,2026-10-07,6.14,6.8,6.11,6.37,6.33,6.23,240186,1528000.0,457,,174045.0,72.46,new
COMMITTED, SM,2026-10-07,300.05,313.7,300.05,309.95,309.95,323.8,8800,2709000.0,11,,4800.0,54.55,new
COMMOIETF, EQ,2026-10-07,93.68,93.89,92.7,93.13,93.47,93.92,42418,3960000.0,874,,28802.0,67.9,new
COMPEAU, EQ,2026-10-07,361.2,362.0,361.2,362.0,362.0,358.1,2,1000.0,2,,2.0,100.0,new
COMPINFO, BZ,2026-10-07,1.08,1.1,1.07,1.1,1.1,1.08,3963,4000.0,16,,,,new
COMPUSOFT, EQ,2026-10-07,12.92,13.39,12.8,13.25,13.35,12.9,10659,139000.0,157,,7579.0,71.1,new
COMSYN, EQ,2026-10-07,263.8,269.0,260.0,260.85,261.3,263.0,80711,21268000.0,2691,,32760.0,40.59,new
CONCOR, EQ,2026-10-07,446.5,446.55,439.65,439.75,439.75,445.85,967884,428627000.00000006,20452,,526893.0,54.44,new
CONCORDBIO, EQ,2026-10-07,1373.0,1379.5,1356.0,1359.7,1356.0,1368.8,43657,59607000.00000001,6117,,22281.0,51.04,new
CONFIPET, EQ,2026-10-07,86.99,92.97,86.68,91.75,91.7,86.67,5428764,495278000.0,40770,,2062366.0,37.99,new
CONNPLEX, SM,2026-10-07,247.5,258.0,240.0,256.65,257.95,247.5,63200,15999000.0,77,,43200.0,68.35,new
CONS, EQ,2026-10-07,11.33,11.37,11.28,11.29,11.33,11.4,101242,1144000.0,185,,57283.0,56.58,new
CONSOFINVT, BE,2026-10-07,283.2,286.85,280.4,285.0,283.0,283.2,5657,1605000.0,37,,,,new
CONSUMAXIS, EQ,2026-10-07,113.5,113.68,112.82,113.24,113.3,113.5,1086,123000.0,25,,580.0,53.41,new
CONSUMBEES, EQ,2026-10-07,123.3,123.3,122.16,122.49,122.25,123.3,36101,4426000.0,669,,17985.0,49.82,new
CONSUMER, EQ,2026-10-07,11.33,11.34,11.24,11.26,11.28,11.31,47616,537000.0,234,,26145.0,54.91,new
CONSUMIETF, EQ,2026-10-07,113.75,117.2,113.62,115.33,114.45,114.9,5681,647000.0,148,,2725.0,47.97,new
CONTI, SM,2026-10-07,10.25,10.25,10.25,10.25,10.25,9.8,3333,34000.0,1,,3333.0,100.0,new
CONTROLPR, EQ,2026-10-07,626.3,626.3,614.05,619.95,619.25,622.65,6352,3933000.0,909,,3340.0,52.58,new
COOLCAPS, SM,2026-10-07,21.5,21.9,21.5,21.85,21.9,21.45,15000,327000.0,12,,12500.0,83.33,new
CORALFINAC, EQ,2026-10-07,31.41,32.0,30.81,31.41,31.2,31.18,17279,541000.0,201,,13453.0,77.86,new
CORDELIA, EQ,2026-10-07,104.6,109.53,103.62,109.52,109.53,104.32,1704234,185367000.0,6911,,1111293.0,65.21,new
CORDSCABLE, BE,2026-10-07,321.0,322.0,310.0,316.0,315.0,314.35,23096,7333000.0,403,,,,new
COREIN, ST,2026-10-07,90.95,90.95,90.95,90.95,90.95,86.65,17600,1601000.0000000002,8,,17600.0,100.0,new
COROMANDEL, EQ,2026-10-07,1788.3,1788.3,1727.0,1745.5,1745.0,1788.3,287433,502007000.0,18366,,209553.0,72.9,new
CORONA, EQ,2026-10-07,2035.1,2048.0,2012.7,2041.1,2042.9,2038.3,7481,15216000.0,2082,,4090.0,54.67,new
COSMOFIRST, EQ,2026-10-07,830.05,840.0,820.05,831.95,826.0,829.15,21384,17732000.0,2383,,11912.0,55.71,new
COUNCODOS, BE,2026-10-07,6.51,6.7,6.35,6.53,6.5,6.51,63084,405000.0,136,,,,new
CPCAP, EQ,2026-10-07,156.7,162.0,152.67,155.22,155.08,154.53,135716,21404000.0,2678,,74407.0,54.83,new
CPEDU, EQ,2026-10-07,177.0,182.5,175.11,179.72,180.23,181.29,5737,1022000.0000000001,73,,4729.0,82.43,new
CPL, EQ,2026-10-07,61.75,62.75,60.1,61.1,61.16,62.12,26794,1643000.0,803,,13828.0,51.61,new
CPPLUS, EQ,2026-10-07,4023.0,4099.0,3945.0,4064.9,4052.0,3976.0,208910,842501000.0,28816,,110504.0,52.9,new
CPS, SM,2026-10-07,1155.0,1155.0,1155.0,1155.0,1155.0,1100.0,5250,6064000.0,5,,5100.0,97.14,new
CPSEETF, EQ,2026-10-07,91.3,91.3,89.0,89.12,89.18,89.94,462683,41358000.0,6933,,261625.0,56.55,new
CRAFTSMAN, EQ,2026-10-07,10300.0,10312.0,10103.0,10198.0,10205.0,10348.0,32592,331803000.0,14205,,15593.0,47.84,new
CRAMC, EQ,2026-10-07,226.9,231.0,223.31,229.52,230.7,224.88,336654,76638000.0,6593,,200098.0,59.44,new
CRAVATEX, EQ,2026-10-07,391.95,391.95,355.0,355.2,355.0,374.6,231,84000.0,24,,116.0,50.22,new
CRAYONS, SM,2026-10-07,23.0,23.5,23.0,23.5,23.5,23.95,3000,70000.0,3,,3000.0,100.0,new
CREATIVEYE, EQ,2026-10-07,5.9,6.48,5.76,6.21,6.26,5.9,18883,114999.99999999999,175,,15194.0,80.46,new
CREDENT, SM,2026-10-07,385.0,385.0,360.6,370.45,368.05,375.5,39000,14476000.0,52,,29400.0,75.38,new
CREDITACC, EQ,2026-10-07,1265.8,1274.6,1231.1,1239.6,1238.0,1265.8,144021,179614000.0,21511,,71202.0,49.44,new
CREST, EQ,2026-10-07,363.45,367.1,353.0,362.85,361.95,359.9,6892,2466000.0,170,,4793.0,69.54,new
CRESTO, BE,2026-10-07,21.01,21.02,19.02,20.04,20.0,20.02,14975,294000.0,116,,,,new
CRISIL, EQ,2026-10-07,4523.3,4525.0,4446.9,4509.1,4520.0,4523.3,12717,57144000.00000001,3041,,7250.0,57.01,new
CRIZAC, EQ,2026-10-07,168.51,169.85,166.22,166.91,169.0,168.85,148841,24926000.0,3014,,82729.0,55.58,new
CROMPTON, EQ,2026-10-07,211.98,213.09,210.13,210.7,210.7,211.98,1159041,245306000.0,19207,,539239.0,46.52,new
CROWN, EQ,2026-10-07,112.39,113.49,111.56,112.44,112.89,112.38,2888,324000.0,79,,1941.0,67.21,new
CRSL, BZ,2026-10-07,2.05,2.13,2.04,2.06,2.06,2.05,470778,982000.0,334,,,,new
CSBBANK, EQ,2026-10-07,306.65,309.85,302.75,306.5,307.65,305.85,294926,90412000.0,11100,,130610.0,44.29,new
CSLFINANCE, EQ,2026-10-07,211.0,211.0,206.0,206.94,209.0,207.48,5858,1216000.0,315,,3272.0,55.86,new
CSM, EQ,2026-10-07,94.84,94.84,91.3,91.82,91.4,92.86,68081,6270000.0,1346,,38298.0,56.25,new
CSSL, SM,2026-10-07,78.5,80.1,77.3,78.2,77.3,77.35,10000,790000.0,9,,8000.0,80.0,new
CTE, BE,2026-10-07,36.89,38.0,36.3,37.02,37.98,37.45,1318,49000.0,37,,,,new
CUB, EQ,2026-10-07,224.0,226.3,219.37,222.12,222.61,223.75,2247151,501381000.00000006,48575,,1050140.0,46.73,new
CUBEINVIT, IV,2026-10-07,154.75,155.35,154.75,154.85,154.76,154.91,772274,119734999.99999999,3553,,760478.0,98.47,new
CUBEXTUB, BE,2026-10-07,143.75,157.4,143.75,157.4,157.4,149.91,203158,31355000.0,1178,,,,new
CUDML, SM,2026-10-07,101.0,101.5,100.0,100.65,101.5,100.75,7000,704000.0,7,,5000.0,71.43,new
CUMMINSIND, EQ,2026-10-07,4925.0,4964.3,4850.0,4872.2,4872.2,4919.0,631136,3098637000.0,57775,,395231.0,62.62,new
CUPID, EQ,2026-10-07,325.0,345.0,325.0,343.95,344.45,324.2,41373811,14085579999.999998,206981,,11000499.0,26.59,new
CURAA, BE,2026-10-07,72.3,72.3,69.01,71.89,72.3,72.3,97,7000.000000000001,6,,,,new
CURIS, ST,2026-10-07,204.45,204.45,201.0,202.0,202.0,207.0,7000,1416000.0,7,,6000.0,85.71,new
CURRENT, SM,2026-10-07,91.6,91.6,91.6,91.6,91.6,94.0,1600,147000.0,1,,1600.0,100.0,new
CYBERMEDIA, BE,2026-10-07,18.74,18.74,17.51,18.44,18.4,17.85,8538,159000.0,47,,,,new
CYBERTECH, EQ,2026-10-07,140.3,142.72,136.02,137.7,136.63,143.1,84714,11814000.0,1671,,44567.0,52.61,new
CYIENT, EQ,2026-10-07,1119.2,1137.6,1109.6,1115.0,1119.0,1119.4,259473,291844000.0,23003,,79958.0,30.82,new
CYIENTDLM, EQ,2026-10-07,936.0,1014.65,935.3,988.3,989.7,939.0,1350010,1328290000.0,61584,,583273.0,43.21,new
DABUR, EQ,2026-10-07,387.7,388.85,380.05,383.55,383.55,388.9,2429201,933275000.0,36775,,1533133.0,63.11,new
DAICHI, BE,2026-10-07,313.0,329.95,310.0,324.25,324.95,316.5,774,244000.0,68,,,,new
DALBHARAT, EQ,2026-10-07,1661.0,1697.8,1637.0,1640.1,1640.0,1682.6,50180,83056000.0,9221,,26041.0,51.9,new
DALMIASUG, EQ,2026-10-07,453.0,463.95,439.95,447.65,446.1,453.0,310835,139899000.0,13101,,69858.0,22.47,new
DAMCAPITAL, EQ,2026-10-07,150.2,152.2,147.51,148.74,149.35,152.51,180999,27060000.000000004,3208,,79189.0,43.75,new
DAMODARIND, BE,2026-10-07,26.2,26.95,26.2,26.87,26.95,26.95,648,17000.0,16,,,,new
DANGEE, EQ,2026-10-07,3.09,3.3,3.09,3.22,3.25,3.08,99955,325000.0,230,,71824.0,71.86,new
DANISH, SM,2026-10-07,1011.0,1071.0,990.0,1059.4,1051.0,1010.0,100350,105197000.0,559,,64500.0,64.28,new
DATAMATICS, EQ,2026-10-07,771.0,777.9,761.0,763.8,765.0,771.2,33965,26039999.999999996,2470,,12438.0,36.62,new
DATAPATTNS, EQ,2026-10-07,4305.0,4307.6,4220.0,4233.4,4232.5,4299.2,184614,784614000.0,23369,,68097.0,36.89,new
DAVANGERE, EQ,2026-10-07,2.27,2.45,2.27,2.36,2.36,2.27,9610415,22652000.0,3176,,4688947.0,48.79,new
DBCORP, EQ,2026-10-07,172.52,175.7,170.06,171.05,171.6,173.57,95488,16460000.0,2032,,57186.0,59.89,new
DBEIL, EQ,2026-10-07,6.75,6.75,6.43,6.55,6.59,6.52,993302,6462000.0,372,,925991.0,93.22,new
DBL, EQ,2026-10-07,399.3,415.2,394.05,409.25,409.0,400.8,320390,131083999.99999999,11563,,50510.0,15.77,new
DBOL, EQ,2026-10-07,137.41,142.82,135.02,140.25,140.35,137.9,767613,107534999.99999999,13981,,332625.0,43.33,new
DBREALTY, EQ,2026-10-07,90.18,91.48,88.08,88.79,88.93,90.08,632706,56763000.0,7435,,331375.0,52.37,new
DBSTOCKBRO, BE,2026-10-07,32.49,34.11,32.02,32.36,32.02,32.49,11349,381000.0,49,,,,new
DCAL, EQ,2026-10-07,153.86,153.9,151.3,152.46,152.41,153.57,105155,16025000.0,2843,,55403.0,52.69,new
DCBBANK, EQ,2026-10-07,197.32,202.4,195.38,201.19,202.0,200.78,2087086,416093999.99999994,73530,,1142933.0,54.76,new
DCG, ST,2026-10-07,69.05,74.8,69.0,74.8,74.8,71.95,28800,2071000.0,10,,26400.0,91.67,new
DCI, EQ,2026-10-07,344.75,346.2,335.75,342.1,341.0,343.05,41119,14038000.0,1876,,22732.0,55.28,new
DCM, EQ,2026-10-07,72.32,72.5,70.9,71.01,70.99,71.96,4425,316000.0,80,,3557.0,80.38,new
DCMFINSERV, EQ,2026-10-07,5.23,5.29,5.11,5.15,5.15,5.21,11459,59000.0,119,,10221.0,89.2,new
DCMNVL, BE,2026-10-07,175.0,175.0,171.0,172.99,172.0,172.0,1578,273000.0,15,,,,new
DCMSHRIRAM, EQ,2026-10-07,980.0,984.55,960.0,969.3,969.0,988.85,83135,81046000.0,9531,,23612.0,28.4,new
DCMSIL, EQ,2026-10-07,79.94,83.18,78.2,79.22,78.2,78.87,82748,6630000.0,1289,,48809.0,58.99,new
DCMSRIND, EQ,2026-10-07,39.78,40.7,39.37,39.81,40.0,39.78,347094,13916000.0,2365,,156603.0,45.12,new
DCW, EQ,2026-10-07,46.0,47.18,45.65,46.6,46.55,46.37,1177308,54794000.00000001,7262,,433115.0,36.79,new
DCXINDIA, EQ,2026-10-07,159.94,159.94,156.0,157.88,158.33,160.23,182014,28787000.0,4188,,83429.0,45.84,new
DDEVPLSTIK, EQ,2026-10-07,251.0,256.0,247.05,254.05,255.9,249.79,50972,12754000.0,1699,,30656.0,60.14,new
DECCANCE, EQ,2026-10-07,550.35,557.9,542.0,545.25,544.0,556.85,8087,4425000.0,352,,4699.0,58.11,new
DECCANTRAN, SM,2026-10-07,20.5,21.0,20.5,20.55,20.55,20.55,6000,124000.0,5,,4800.0,80.0,new
DECNGOLD, EQ,2026-10-07,199.4,200.89,194.41,198.24,198.22,199.16,601356,118522000.0,9505,,331400.0,55.11,new
DEEDEV, EQ,2026-10-07,651.0,657.4,619.15,624.1,624.0,651.7,289726,182786000.0,11089,,163448.0,56.41,new
DEEP, BE,2026-10-07,41.23,41.23,38.98,39.03,39.0,41.03,21288,834000.0,123,,,,new
DEEPA, EQ,2026-10-07,215.4,242.4,215.14,227.06,225.04,214.04,21380382,4959867000.0,242417,,2741843.0,12.82,new
DEEPAKFERT, EQ,2026-10-07,1392.5,1421.0,1361.9,1415.4,1405.6,1385.6,423588,592764000.0,32387,,184394.0,43.53,new
DEEPAKNTR, EQ,2026-10-07,1559.9,1561.5,1536.0,1553.9,1551.0,1560.6,121384,188161000.0,14213,,59458.0,48.98,new
DEEPINDS, EQ,2026-10-07,749.9,808.5,749.9,795.6,794.9,748.95,817946,646970000.0,34433,,285346.0,34.89,new
DEFENCE, EQ,2026-10-07,77.96,77.96,76.8,76.96,76.97,78.1,192836,14869000.0,888,,119898.0,62.18,new
DELAPLEX, SM,2026-10-07,97.8,98.0,96.1,96.1,96.1,95.5,3000,293000.0,5,,1800.0,60.0,new
DELHIVERY, EQ,2026-10-07,407.5,407.5,398.15,398.15,398.15,407.5,1068381,429153000.0,22042,,578047.0,54.1,new
DELPHIFX, BE,2026-10-07,7.31,7.31,7.31,7.31,7.31,7.17,54878,401000.0,26,,,,new
DELTACORP, EQ,2026-10-07,84.23,85.2,81.32,82.37,82.0,84.34,13502678,1122075000.0,49690,,2311847.0,17.12,new
DELTAMAGNT, EQ,2026-10-07,57.9,57.9,55.55,56.47,56.55,56.24,2179,122000.0,82,,1931.0,88.62,new
DELTIC, SM,2026-10-07,34.2,35.0,34.2,35.0,35.0,35.9,2000,69000.0,2,,2000.0,100.0,new
DEN, EQ,2026-10-07,25.77,26.29,25.77,26.1,26.02,25.78,194499,5072000.0,963,,91771.0,47.18,new
DENEERS, SM,2026-10-07,168.0,169.95,165.0,166.25,168.95,167.05,20400,3403000.0,33,,12600.0,61.76,new
DENORA, EQ,2026-10-07,735.3,746.55,713.0,720.65,713.0,729.1,6338,4625000.0,734,,4647.0,73.32,new
DENTA, EQ,2026-10-07,260.75,265.2,260.75,263.7,263.5,263.2,34985,9225000.0,1399,,17526.0,50.1,new
DENTALKART, SM,2026-10-07,496.3,496.3,472.0,475.25,472.0,490.15,8750,4245000.0,29,,6250.0,71.43,new
DEVIT, EQ,2026-10-07,21.4,21.69,19.26,19.96,20.05,21.36,154703,3099000.0,1774,,104044.0,67.25,new
DEVX, EQ,2026-10-07,40.0,40.88,39.5,40.37,40.18,39.62,174355,7028000.0,2163,,99193.0,56.89,new
DEVYANI, EQ,2026-10-07,129.0,131.45,128.52,128.98,129.1,129.53,377773,48975000.0,6606,,102982.0,27.26,new
DGCONTENT, EQ,2026-10-07,24.98,24.98,23.82,24.16,23.82,24.73,11162,271000.0,124,,9371.0,83.95,new
DHABRIYA, BE,2026-10-07,454.35,477.05,445.7,477.05,477.05,454.35,83304,39692000.0,134,,,,new
DHAMPURSUG, EQ,2026-10-07,190.32,193.42,185.16,188.92,188.3,188.81,1200310,227471999.99999997,20957,,329767.0,27.47,new
DHANBANK, EQ,2026-10-07,28.9,34.16,28.41,32.83,32.82,28.83,18177967,590914000.0,54087,,3403119.0,18.72,new
DHANLAXMI, SM,2026-10-07,27.85,27.85,27.0,27.0,27.0,26.5,16000,434000.0,8,,14000.0,87.5,new
DHANSA, ST,2026-10-07,27.1,28.2,27.1,28.2,28.2,27.1,4000,111000.00000000001,2,,4000.0,100.0,new
DHANUKA, EQ,2026-10-07,910.0,910.0,890.0,891.8,893.0,909.55,30723,27502999.999999996,4594,,20580.0,66.99,new
DHARAN, BZ,2026-10-07,0.15,0.15,0.14,0.14,0.15,0.14,9949230,1426000.0,1252,,,,new
DHARIWAL, SM,2026-10-07,27.75,28.5,27.7,28.4,28.5,27.85,21000,590000.0,7,,18000.0,85.71,new
DHARMAJ, EQ,2026-10-07,264.55,270.7,264.55,267.35,265.5,266.55,80497,21606000.0,1804,,53020.0,65.87,new
DHATRE, EQ,2026-10-07,3.9,4.03,3.56,3.94,4.0,3.93,122281,479000.0,208,,33996.0,27.8,new
DHOOTTRANS, EQ,2026-10-07,1476.0,1477.0,1431.6,1463.7,1464.0,1474.1,902562,1312655000.0,45404,,210657.0,23.34,new
DHRUV, EQ,2026-10-07,19.9,19.9,19.0,19.47,19.12,19.5,1692,33000.0,31,,1679.0,99.23,new
DHTL, SM,2026-10-07,23.5,23.5,23.5,23.5,23.5,23.55,16000,376000.0,2,,16000.0,100.0,new
DHUNINV, EQ,2026-10-07,970.5,990.5,962.0,971.95,964.0,966.9,581,571000.0,124,,448.0,77.11,new
DIACABS, BE,2026-10-07,367.0,379.45,362.0,369.15,369.75,368.3,847344,313284000.0,11020,,,,new
DIAMINESQ, EQ,2026-10-07,242.2,246.0,237.0,239.04,238.05,244.54,3725,898000.0,238,,2056.0,55.19,new
DIAMONDYD, EQ,2026-10-07,1082.3,1095.1,1070.8,1079.2,1090.0,1088.2,1026,1110000.0,232,,431.0,42.01,new
DICIND, EQ,2026-10-07,614.45,617.45,606.8,610.35,606.8,619.2,546,334000.0,66,,323.0,59.16,new
DIFFNKG, EQ,2026-10-07,453.0,461.7,445.1,452.85,456.0,454.1,89977,40703000.0,4419,,43087.0,47.89,new
DIGIDRIVE, EQ,2026-10-07,17.7,18.37,17.61,18.1,18.15,17.95,14204,254999.99999999997,179,,12413.0,87.39,new
DIGIKORE, SM,2026-10-07,37.5,37.8,36.05,36.45,36.45,36.15,22400,827999.9999999999,40,,18000.0,80.36,new
DIGISPICE, EQ,2026-10-07,15.05,15.3,15.05,15.28,15.3,15.12,26231,399000.0,132,,19291.0,73.54,new
DIGITIDE, EQ,2026-10-07,73.25,79.44,73.25,75.7,75.4,74.01,447269,34250000.0,5459,,146917.0,32.85,new
DIGJAMLMTD, BE,2026-10-07,47.02,49.85,47.0,47.5,47.5,47.52,6892,329000.0,28,,,,new
DISAQ, EQ,2026-10-07,11201.0,11899.0,11201.0,11419.0,11411.0,11540.0,136,1576000.0,33,,116.0,85.29,new
DISHTV, EQ,2026-10-07,2.14,2.16,2.12,2.14,2.14,2.12,611175,1309000.0,1061,,459605.0,75.2,new
DIVGIITTS, EQ,2026-10-07,1111.2,1119.5,1080.0,1092.9,1096.0,1119.2,116709,127992000.0,9208,,50045.0,42.88,new
DIVIDEND, EQ,2026-10-07,32.89,33.77,32.89,33.54,33.54,33.74,2894,97000.0,66,,2424.0,83.76,new
DIVINEHIRA, ST,2026-10-07,108.0,108.0,108.0,108.0,108.0,106.4,1200,130000.0,1,,1200.0,100.0,new
DIVISLAB, EQ,2026-10-07,9500.5,9660.0,9494.0,9588.0,9588.0,9550.0,422217,4040651000.0,42362,,263877.0,62.5,new
DIVOPPBEES, EQ,2026-10-07,72.21,72.82,71.45,71.69,71.75,72.21,65803,4722000.0,826,,32926.0,50.04,new
DIXON, EQ,2026-10-07,13030.0,13072.0,12897.0,13024.0,13024.0,13015.0,157095,2037708000.0000002,26788,,52996.0,33.74,new
DJML, EQ,2026-10-07,73.86,75.68,71.01,72.62,72.06,73.87,236745,17600000.0,1264,,90002.0,38.02,new
DLF, EQ,2026-10-07,664.95,666.45,652.4,656.0,656.0,666.1,3028905,1991608000.0000002,44774,,1591739.0,52.55,new
DLINKINDIA, EQ,2026-10-07,424.5,424.5,415.05,419.2,421.2,419.95,33251,13910000.0,2006,,16404.0,49.33,new
DMART, EQ,2026-10-07,3567.1,3636.0,3560.2,3636.0,3636.0,3581.9,406908,1468376000.0,27697,,182829.0,44.93,new
DMCC, EQ,2026-10-07,352.25,364.3,348.15,356.05,353.1,355.8,373447,133188000.00000001,12284,,136815.0,36.64,new
DNAMEDIA, EQ,2026-10-07,2.36,2.56,2.31,2.47,2.48,2.42,63681,155000.0,110,,47848.0,75.14,new
DODLA, EQ,2026-10-07,1024.9,1024.9,1007.3,1013.3,1007.3,1019.9,10009,10160000.0,1480,,4312.0,43.08,new
DOLATALGO, EQ,2026-10-07,62.25,62.82,60.2,61.68,61.5,62.46,198973,12269000.0,2560,,80911.0,40.66,new
DOLLAR, EQ,2026-10-07,276.1,284.0,274.0,278.95,277.2,278.55,62881,17607000.0,2320,,29128.0,46.32,new
DOLLEX, EQ,2026-10-07,37.66,37.98,36.5,37.49,37.93,36.92,29379,1085000.0,427,,23402.0,79.66,new
DOLPHIN, EQ,2026-10-07,630.05,660.0,630.05,652.9,649.95,643.35,34501,22560000.0,2054,,15075.0,43.69,new
DOMS, EQ,2026-10-07,2070.0,2075.8,2052.1,2058.9,2060.0,2073.2,8258,17034000.0,2011,,4593.0,55.62,new
DONEAR, EQ,2026-10-07,80.5,81.2,80.11,80.86,81.15,80.39,8189,661000.0,118,,6176.0,75.42,new
DPABHUSHAN, EQ,2026-10-07,2168.0,2344.5,2134.2,2262.7,2236.3,2174.0,263103,594118000.0,27099,,72214.0,27.45,new
DPEL, SM,2026-10-07,613.0,615.0,600.0,605.95,610.7,612.6,20000,12130000.0,39,,15000.0,75.0,new
DPSCLTD, BE,2026-10-07,6.56,6.66,6.41,6.44,6.5,6.56,111287,722000.0,517,,,,new
DPWIRES, EQ,2026-10-07,220.71,243.42,212.0,227.46,228.8,221.54,583596,136266000.0,15647,,140959.0,24.15,new
DRAGARWQ, EQ,2026-10-07,5200.0,5242.5,5154.0,5198.0,5180.0,5195.0,1891,9818000.0,572,,1513.0,80.01,new
DRCSYSTEMS, EQ,2026-10-07,13.22,13.69,12.56,12.96,12.96,12.92,44519,577000.0,301,,33952.0,76.26,new
DREAMFOLKS, EQ,2026-10-07,60.5,61.14,60.01,60.13,60.2,60.66,34299,2076000.0000000002,678,,21079.0,61.46,new
DREDGECORP, EQ,2026-10-07,904.5,942.0,894.0,931.0,930.0,909.0,353668,324408000.0,15638,,53731.0,15.19,new
DRONE, SM,2026-10-07,34.0,34.0,33.0,33.05,33.0,33.3,25000,833000.0,38,,19500.0,78.0,new
DRREDDY, EQ,2026-10-07,1208.0,1222.8,1192.2,1203.8,1203.8,1208.0,1754646,2116834999.9999998,63324,,892352.0,50.86,new
DSFCL, BE,2026-10-07,28.4,29.33,27.81,29.33,29.33,27.94,82108,2393000.0,159,,,,new
DSKULKARNI, BE,2026-10-07,27.66,27.66,27.66,27.66,27.66,27.12,223,6000.0,7,,,,new
DSSL, EQ,2026-10-07,1034.4,1063.7,1018.0,1032.45,1034.9,1013.05,61664,64227000.0,4143,,25665.0,41.62,new
DTIL, BE,2026-10-07,154.0,156.45,152.0,152.37,152.0,154.0,1564,239000.0,26,,,,new
DTL, SM,2026-10-07,120.05,120.05,120.05,120.05,120.05,120.05,1200,144000.0,1,,1200.0,100.0,new
DUCON, EQ,2026-10-07,1.49,1.49,1.42,1.49,1.49,1.42,1241981,1834000.0,372,,1006526.0,81.04,new
DURLAX, SM,2026-10-07,64.9,65.0,61.1,61.95,61.1,63.75,144000,9031000.0,71,,60000.0,41.67,new
DVL, EQ,2026-10-07,274.55,279.75,274.05,275.9,274.3,278.6,3326,918000.0,192,,1905.0,57.28,new
DWARKESH, EQ,2026-10-07,46.89,47.95,46.11,46.8,46.71,46.86,2479647,116649000.0,11784,,577511.0,23.29,new
DYCL, EQ,2026-10-07,442.6,446.0,436.45,441.05,441.0,446.05,142269,62824000.0,5888,,52706.0,37.05,new
DYNAMATECH, EQ,2026-10-07,14180.0,14252.0,13660.0,13723.0,13662.0,14279.0,29509,410613000.0,10552,,11728.0,39.74,new
DYNAMIC, SM,2026-10-07,131.65,132.0,130.0,130.05,130.0,131.0,25500,3321000.0,13,,25000.0,98.04,new
DYNPRO, EQ,2026-10-07,220.22,230.99,217.6,226.7,227.0,221.55,7094,1588000.0,318,,4221.0,59.5,new
E2E, BE,2026-10-07,678.9,723.3,678.8,723.3,723.3,688.9,482956,345301000.0,3693,,,,new
E2ERAIL, SM,2026-10-07,312.5,312.65,303.0,305.3,304.95,312.65,94400,29135000.000000004,91,,44000.0,46.61,new
EASEMYTRIP, EQ,2026-10-07,5.85,6.07,5.75,5.86,5.88,5.8,27006843,159180000.0,10257,,4673969.0,17.31,new
EASTSILK, BE,2026-10-07,70.0,70.56,68.5,68.5,68.5,67.2,1474,103000.0,15,,,,new
EASTWEST, EQ,2026-10-07,2.24,2.36,2.19,2.35,2.35,2.22,31194,70000.0,171,,19737.0,63.27,new
EBANK10, EQ,2026-10-07,15.89,16.32,15.89,16.32,16.32,16.3,2218,36000.0,17,,1241.0,55.95,new
EBANKNIFTY, EQ,2026-10-07,55.46,55.85,55.4,55.41,55.4,55.7,5366,299000.0,15,,5166.0,96.27,new
EBBETF0430, EQ,2026-10-07,1612.8,1612.8,1602.7,1605.78,1606.0,1607.48,20267,32537000.0,350,,16521.0,81.52,new
EBBETF0431, EQ,2026-10-07,1432.66,1432.66,1422.93,1423.34,1424.0,1427.32,18357,26145999.999999996,302,,17331.0,94.41,new
EBBETF0433, EQ,2026-10-07,1301.26,1303.86,1295.21,1298.74,1298.51,1301.26,1970,2560000.0,116,,1423.0,72.23,new
EBGNG, EQ,2026-10-07,688.2,735.0,682.2,731.35,734.8,685.15,1130382,811592000.0,42052,,469075.0,41.5,new
EBIX, BE,2026-10-07,17.4,17.57,16.8,17.26,17.07,17.01,21249,367000.0,79,,,,new
ECAPINSURE, EQ,2026-10-07,23.1,23.32,22.92,23.28,23.25,23.35,23880,553000.0,260,,20047.0,83.95,new
ECLERX, EQ,2026-10-07,1917.5,1917.5,1868.8,1896.0,1900.0,1917.2,122326,231442000.0,13980,,82874.0,67.75,new
ECOLINE, SM,2026-10-07,184.95,190.0,184.0,187.4,189.0,184.95,32000,5961000.0,21,,30000.0,93.75,new
ECORECO, EQ,2026-10-07,445.95,445.95,416.9,424.25,419.0,438.7,15821,6695999.999999999,1310,,9056.0,57.24,new
ECOSMOBLTY, EQ,2026-10-07,111.0,113.87,105.92,108.24,108.01,110.42,37693,4103000.0,1255,,21541.0,57.15,new
EDELWEISS, EQ,2026-10-07,136.43,136.88,133.02,133.8,134.4,135.53,2921934,394089000.0,22941,,1451719.0,49.68,new
EEPL, ST,2026-10-07,136.0,136.0,133.0,133.0,133.0,136.0,6000,801000.0,6,,6000.0,100.0,new
EFACTOR, SM,2026-10-07,183.5,198.0,177.05,194.65,195.95,183.5,26000,4936000.0,43,,22400.0,86.15,new
EFCIL, EQ,2026-10-07,171.24,174.49,169.01,173.8,174.0,170.1,240036,41173000.0,3561,,162591.0,67.74,new
EFFWA, SM,2026-10-07,341.0,344.5,335.0,341.5,341.0,343.35,28800,9809000.0,71,,24000.0,83.33,new
EFORCE, SM,2026-10-07,17.6,19.35,17.3,19.35,19.35,18.0,16800,304000.0,14,,12000.0,71.43,new
EGOLD, EQ,2026-10-07,146.8,147.1,146.05,146.5,146.5,147.05,184363,27010000.000000004,721,,171309.0,92.92,new
EICHERMOT, EQ,2026-10-07,7004.0,7050.0,6960.0,6960.0,6960.0,7051.0,272452,1907833000.0000002,31909,,138782.0,50.94,new
EIDPARRY, EQ,2026-10-07,698.0,701.75,691.0,699.55,701.0,699.2,336016,234116000.0,21489,,164737.0,49.03,new
EIEL, EQ,2026-10-07,185.54,188.95,182.82,187.41,187.25,185.54,406629,75944000.0,10668,,177122.0,43.56,new
EIFFL, BE,2026-10-07,259.6,259.6,257.0,257.5,257.5,259.5,1177,304000.0,17,,,,new
EIHAHOTELS, EQ,2026-10-07,299.0,299.35,292.1,297.3,298.0,297.8,10056,2974000.0,817,,6559.0,65.22,new
EIHOTEL, EQ,2026-10-07,299.2,301.2,295.6,296.5,296.0,300.7,92171,27445000.0,7357,,45227.0,49.07,new
EIMCOELECO, EQ,2026-10-07,2378.0,2448.4,2240.0,2247.3,2240.0,2371.8,103663,241706000.0,9133,,50313.0,48.54,new
EKC, EQ,2026-10-07,106.61,106.93,104.9,105.52,105.99,106.54,113485,11991000.0,1727,,42325.0,37.3,new
EKI, BE,2026-10-07,88.0,89.99,83.99,85.01,86.99,88.41,21433,1818000.0,373,,,,new
ELANTAS, EQ,2026-10-07,14000.0,14100.0,13821.0,14022.0,14100.0,13937.0,1960,27395000.0,517,,1195.0,60.97,new
ELCIDIN, EQ,2026-10-07,100710.0,102900.0,100710.0,102900.0,102900.0,102975.0,6,607000.0,6,,4.0,66.67,new
ELDEHSG, EQ,2026-10-07,766.15,788.85,766.15,769.0,768.4,785.2,368,284000.0,28,,303.0,82.34,new
ELECON, EQ,2026-10-07,447.5,451.35,440.0,441.25,440.95,446.3,244794,108760999.99999999,14208,,87470.0,35.73,new
ELECTCAST, EQ,2026-10-07,79.14,79.89,76.85,78.73,78.8,78.97,2837104,223048999.99999997,21062,,1210064.0,42.65,new
ELECTHERM, EQ,2026-10-07,749.9,749.9,710.0,722.95,718.0,735.25,8915,6425000.0,898,,4407.0,49.43,new
ELEVATE, EQ,2026-10-07,337.75,356.95,337.0,350.0,348.3,337.75,3710501,1295912000.0,77331,,982423.0,26.48,new
ELGIEQUIP, EQ,2026-10-07,595.0,604.9,592.95,602.05,601.7,599.25,209835,125984999.99999999,15059,,120723.0,57.53,new
ELGIRUBCO, EQ,2026-10-07,56.5,58.5,55.51,57.85,58.4,55.97,113283,6468000.000000001,1364,,72175.0,63.71,new
ELGNZ, SM,2026-10-07,80.0,86.0,78.0,81.5,81.5,80.0,88000,7256999.999999999,65,,73000.0,82.95,new
ELIN, EQ,2026-10-07,79.7,79.7,76.85,77.07,76.91,78.84,102293,7943000.000000001,1906,,61141.0,59.77,new
ELIQUID, EQ,2026-10-07,1050.82,1050.84,1050.82,1050.83,1050.84,1050.67,54380,57144000.00000001,13,,37465.0,68.89,new
ELITECON, EQ,2026-10-07,7.32,7.6,7.19,7.53,7.5,7.24,13067588,98250000.0,8010,,6012971.0,46.01,new
ELLEN, EQ,2026-10-07,348.35,367.9,345.15,365.75,366.0,348.2,1095985,395869000.0,23949,,508719.0,46.42,new
ELM250, EQ,2026-10-07,15.87,15.87,15.55,15.58,15.55,15.8,180389,2831000.0,258,,172876.0,95.84,new
ELMDIV, EQ,2026-10-07,34.54,34.57,34.29,34.51,34.51,34.49,396,14000.000000000002,8,,248.0,62.63,new
ELPROINTL, EQ,2026-10-07,174.75,175.98,171.98,174.86,174.75,174.39,11930,2080999.9999999998,214,,9297.0,77.93,new
EMAMILTD, EQ,2026-10-07,383.0,383.1,370.05,375.45,375.0,384.0,1517301,568673000.0,26332,,836251.0,55.11,new
EMAMIPAP, BE,2026-10-07,115.0,117.3,110.55,116.48,116.96,115.2,18641,2135000.0,159,,,,new
EMAMIREAL, EQ,2026-10-07,68.5,69.9,68.5,69.12,68.51,68.43,5649,391000.0,440,,5372.0,95.1,new
EMAPARTNER, SM,2026-10-07,80.0,80.05,80.0,80.05,80.05,82.05,2000,160000.0,2,,2000.0,100.0,new
EMBASSY, RR,2026-10-07,431.3,436.7,428.03,435.3,435.0,431.21,569000,245480000.00000003,13678,,493495.0,86.73,new
EMBDL, EQ,2026-10-07,57.49,57.89,56.66,57.19,57.01,57.33,1476759,84520000.0,11534,,739593.0,50.08,new
EMCURE, EQ,2026-10-07,1913.9,1932.9,1901.2,1918.0,1920.0,1922.4,39428,75521000.0,10368,,21625.0,54.85,new
EMETAL, EQ,2026-10-07,12.57,12.6,12.32,12.42,12.52,12.57,11991,149000.0,63,,11874.0,99.02,new
EMIL, EQ,2026-10-07,200.9,212.64,200.3,211.54,211.4,201.42,9094206,1907978000.0,68542,,2379912.0,26.17,new
EMKAY, EQ,2026-10-07,283.5,294.0,283.5,287.3,287.65,285.6,45122,13053000.0,1556,,24310.0,53.88,new
EMKAYTOOLS, SM,2026-10-07,95.0,95.0,94.5,94.75,94.5,94.0,300,28000.000000000004,2,,300.0,100.0,new
EMMBI, EQ,2026-10-07,88.2,88.2,85.07,85.62,85.36,88.15,6091,523000.00000000006,198,,3503.0,57.51,new
EMMIL, SM,2026-10-07,130.0,130.0,120.0,122.85,124.0,129.95,23000,2844000.0,73,,17500.0,76.09,new
EMMVEE, EQ,2026-10-07,296.0,311.35,292.25,305.8,306.0,296.5,3016282,917120999.9999999,63843,,1082472.0,35.89,new
EMPIND, EQ,2026-10-07,1041.0,1048.0,1031.1,1032.9,1033.0,1040.0,2791,2904000.0,223,,2356.0,84.41,new
EMPOWER, EQ,2026-10-07,1.7,1.76,1.7,1.76,1.76,1.68,27855807,48891000.0,4469,,14779843.0,53.06,new
EMSLIMITED, EQ,2026-10-07,334.25,334.25,326.3,328.95,329.05,334.25,96104,31718000.0,3829,,37055.0,38.56,new
EMUDHRA, EQ,2026-10-07,605.0,620.75,581.35,605.5,607.0,607.9,633364,380199000.0,31964,,183140.0,28.92,new
EMULTIMQ, EQ,2026-10-07,40.56,40.96,40.25,40.72,40.74,40.56,46411,1885000.0000000002,119,,44195.0,95.23,new
ENCOMPAS, SM,2026-10-07,243.65,249.0,241.25,249.0,249.0,254.0,1200,294000.0,3,,1200.0,100.0,new
ENDURANCE, EQ,2026-10-07,2530.0,2537.0,2488.7,2513.4,2501.7,2516.0,74772,188072000.0,21917,,37874.0,50.65,new
ENERGY, EQ,2026-10-07,36.27,37.95,36.27,36.98,37.04,37.21,133804,4960000.0,988,,71628.0,53.53,new
ENERGYAXIS, EQ,2026-10-07,18.51,18.51,18.35,18.4,18.4,18.42,14607,269000.0,53,,8385.0,57.4,new
ENERGYDEV, EQ,2026-10-07,14.18,14.74,14.03,14.57,14.55,14.36,31805,461000.00000000006,191,,15499.0,48.73,new
ENEXT50, EQ,2026-10-07,70.26,70.26,69.15,69.61,69.63,69.92,1127,78000.0,6,,1116.0,99.02,new
ENGINERSIN, EQ,2026-10-07,313.3,316.15,305.5,308.3,307.5,313.3,4102945,1273689000.0,59933,,1374369.0,33.5,new
ENIFTY, EQ,2026-10-07,23.59,23.59,22.76,22.85,22.85,23.02,3274,75000.0,53,,3161.0,96.55,new
ENIL, EQ,2026-10-07,91.57,94.99,91.1,92.0,92.97,92.24,27588,2536000.0,195,,26250.0,95.15,new
ENKEIWHEL, EQ,2026-10-07,388.1,393.0,387.5,388.45,387.5,386.6,1670,650000.0,49,,1632.0,97.72,new
ENRIN, EQ,2026-10-07,3300.0,3406.9,3276.3,3344.0,3344.0,3307.5,426581,1431158000.0,35715,,168421.0,39.48,new
ENSER, SM,2026-10-07,15.7,15.9,15.0,15.5,15.5,15.3,230000,3558000.0,41,,130000.0,56.52,new
ENTERO, EQ,2026-10-07,1720.8,1753.8,1701.0,1713.3,1705.9,1721.6,67467,116306000.0,9955,,30039.0,44.52,new
ENVIRO, SM,2026-10-07,74.4,74.9,70.65,71.55,71.55,71.8,24000,1742000.0000000002,23,,17000.0,70.83,new
EPACK, EQ,2026-10-07,174.5,176.27,170.3,171.84,171.5,173.75,304936,52822000.0,5399,,112194.0,36.79,new
EPACKPEB, EQ,2026-10-07,246.32,271.4,245.22,267.44,266.29,247.82,3553592,940914000.0,63019,,1367384.0,38.48,new
EPIGRAL, EQ,2026-10-07,1035.9,1040.0,1018.3,1030.0,1037.0,1036.2,47054,48249000.0,3106,,22148.0,47.07,new
EPL, EQ,2026-10-07,236.5,237.99,232.35,237.03,237.8,237.23,1184596,278337000.0,22835,,650936.0,54.95,new
EPWINDIA, SM,2026-10-07,230.05,244.0,230.05,244.0,244.0,228.6,3600,852999.9999999999,3,,2400.0,66.67,new
EQUAL200, EQ,2026-10-07,13.11,13.12,13.0,13.03,13.04,13.13,28794,376000.0,80,,28364.0,98.51,new
EQUAL50, EQ,2026-10-07,311.25,312.02,309.5,310.32,310.73,312.6,20284,6314000.0,61,,16592.0,81.8,new
EQUAL50ADD, EQ,2026-10-07,323.49,328.0,320.07,321.69,320.25,323.46,26775,8645000.0,437,,17097.0,63.85,new
EQUIPPP, BE,2026-10-07,22.65,22.69,21.43,22.38,22.69,22.5,2222,49000.0,26,,,,new
EQUITASBNK, EQ,2026-10-07,67.95,69.2,67.36,68.92,68.68,67.96,1250396,85429000.0,14129,,624277.0,49.93,new
ERIS, EQ,2026-10-07,1184.7,1221.9,1141.0,1145.8,1143.1,1184.7,200276,234755000.00000003,24539,,84359.0,42.12,new
ESABINDIA, EQ,2026-10-07,5625.0,5710.0,5580.0,5627.0,5698.0,5608.0,1884,10648000.0,748,,1073.0,56.95,new
ESAFSFB, BE,2026-10-07,42.69,43.21,41.75,42.67,42.66,42.15,219456,9327000.0,938,,,,new
ESCONET, ST,2026-10-07,234.0,244.45,234.0,244.45,244.45,232.85,26400,6359000.0,56,,24800.0,93.94,new
ESCORTS, EQ,2026-10-07,2805.0,2805.0,2771.0,2785.5,2797.1,2811.7,38964,108554000.0,8967,,18364.0,47.13,new
ESDS, EQ,2026-10-07,1359.0,1359.0,1309.0,1359.0,1359.0,1294.3,2562254,3478641000.0000005,10738,,1496693.0,58.41,new
ESENSEX, EQ,2026-10-07,73.57,73.73,73.0,73.17,73.0,73.64,88,6000.0,23,,54.0,61.36,new
ESFL, SM,2026-10-07,113.1,115.0,112.9,114.15,113.15,112.55,13680,1567000.0,22,,12960.0,94.74,new
ESG, EQ,2026-10-07,39.85,39.85,38.61,38.73,38.73,38.88,9054,351000.0,67,,6018.0,66.47,new
ESILVER, EQ,2026-10-07,218.0,219.73,218.0,218.59,218.01,220.35,103671,22667000.0,1578,,97394.0,93.95,new
ESPRIT, SM,2026-10-07,61.0,63.6,60.3,62.1,62.1,62.0,14400,894999.9999999999,9,,6400.0,44.44,new
ESSARSHPNG, EQ,2026-10-07,17.0,17.03,16.4,16.66,16.65,16.72,151756,2528000.0,979,,92613.0,61.03,new
ESSENTIA, EQ,2026-10-07,1.02,1.02,1.0,1.0,1.01,1.01,2539275,2565000.0,561,,1292378.0,50.9,new
ESTER, EQ,2026-10-07,93.87,96.0,93.07,94.55,95.85,93.87,60124,5699000.0,1122,,29728.0,49.44,new
ETERNAL, EQ,2026-10-07,332.6,332.7,324.6,328.0,328.0,329.0,23804457,7833412000.0,386018,,13296285.0,55.86,new
ETHOSLTD, EQ,2026-10-07,2626.1,2683.9,2608.0,2634.8,2646.0,2621.2,106641,282372000.0,10170,,73314.0,68.75,new
ETML, SM,2026-10-07,70.0,72.0,69.0,69.9,69.0,72.95,58800,4129999.9999999995,28,,48000.0,81.63,new
EUREKAFORB, EQ,2026-10-07,356.85,356.85,348.25,351.75,352.0,353.8,189362,66626000.0,8072,,99116.0,52.34,new
EUROBOND, EQ,2026-10-07,141.0,145.0,140.0,140.27,141.1,143.4,6130,869999.9999999999,73,,5513.0,89.93,new
EUROPRATIK, EQ,2026-10-07,177.0,182.2,176.1,179.12,180.0,180.02,128345,23001000.0,4963,,60280.0,46.97,new
EUROTEXIND, EQ,2026-10-07,16.98,16.98,15.7,16.12,16.7,16.33,5181,84000.0,50,,3345.0,64.56,new
EVEREADY, EQ,2026-10-07,317.35,323.0,315.0,320.5,320.0,320.1,37818,12105000.0,1441,,25054.0,66.25,new
EVERESTIND, EQ,2026-10-07,515.5,531.9,492.2,499.35,497.45,515.95,50453,25664999.999999996,1936,,29445.0,58.36,new
EVIETF, EQ,2026-10-07,30.89,30.89,29.94,30.06,30.0,30.28,133851,4025000.0,636,,101450.0,75.79,new
EVINDIA, EQ,2026-10-07,31.3,31.3,29.92,30.07,30.08,30.28,102330,3081000.0,1531,,68633.0,67.07,new
EXCELINDUS, EQ,2026-10-07,917.05,930.7,900.0,923.9,930.7,924.1,9779,8961000.0,1302,,5111.0,52.27,new
EXCELLENT, ST,2026-10-07,177.0,185.0,177.0,185.0,185.0,185.5,6400,1158000.0,4,,4800.0,75.0,new
EXCELSOFT, EQ,2026-10-07,81.8,83.45,81.18,81.71,81.5,82.1,363535,29836000.0,3563,,160050.0,44.03,new
EXICOM, EQ,2026-10-07,156.17,156.59,153.32,153.78,153.7,156.17,467878,72381000.0,6542,,211744.0,45.26,new
EXIDEIND, EQ,2026-10-07,407.0,409.55,401.0,402.95,402.8,405.75,1208162,489508000.0,44204,,663746.0,54.94,new
EXIMROUTES, SM,2026-10-07,84.15,84.4,84.0,84.4,84.4,87.4,3200,269000.0,4,,2400.0,75.0,new
EXPLEOSOL, EQ,2026-10-07,889.0,889.0,855.0,862.65,862.5,878.85,10395,9034000.0,1445,,6029.0,58.0,new
EXXARO, EQ,2026-10-07,6.12,6.24,6.1,6.13,6.12,6.14,178338,1099000.0,344,,147626.0,82.78,new
FABTECH, EQ,2026-10-07,141.04,143.83,140.4,143.03,140.5,141.04,47841,6822000.0,786,,23652.0,49.44,new
FACT, EQ,2026-10-07,754.0,756.55,745.1,746.95,745.1,759.0,53546,40200000.0,5024,,18652.0,34.83,new
FAIRCHEMOR, EQ,2026-10-07,682.0,732.7,680.0,703.85,703.0,679.3,129286,91132000.0,5703,,61684.0,47.71,new
FASCINATE, SM,2026-10-07,85.5,85.5,85.5,85.5,85.5,81.45,305600,26129000.000000004,135,,296000.0,96.86,new
FAZE3Q, EQ,2026-10-07,440.15,465.0,436.95,450.1,449.1,445.75,40232,18279000.0,1926,,22343.0,55.54,new
FCL, EQ,2026-10-07,58.95,60.9,57.51,57.8,57.98,59.2,29767531,1758055000.0,79722,,9396431.0,31.57,new
FCSSOFT, EQ,2026-10-07,1.41,1.43,1.38,1.4,1.41,1.41,1991435,2793000.0,969,,1311407.0,65.85,new
FDC, EQ,2026-10-07,331.75,337.7,326.15,328.55,328.5,333.65,84094,27797000.000000004,3958,,40427.0,48.07,new
FEDDERSHOL, EQ,2026-10-07,64.9,65.48,62.65,63.43,63.4,64.25,5506060,351691000.0,24917,,1060938.0,19.27,new
FEDERALBNK, EQ,2026-10-07,320.0,326.15,317.05,323.5,323.5,320.0,8632011,2792051000.0,82892,,5616124.0,65.06,new
FEDFINA, EQ,2026-10-07,150.99,151.8,148.21,148.56,148.7,150.72,497138,74507000.0,8318,,275336.0,55.38,new
FEL, BZ,2026-10-07,0.38,0.38,0.36,0.36,0.36,0.37,94222,35000.0,79,,,,new
FELDVR, BZ,2026-10-07,1.9,2.05,1.9,2.04,2.04,1.96,386,1000.0,20,,,,new
FELIX, SM,2026-10-07,192.65,194.0,188.0,189.7,191.0,194.4,26500,5066000.0,46,,12000.0,45.28,new
FERMENTA, EQ,2026-10-07,569.05,582.0,560.0,565.3,567.0,569.45,237475,135582000.0,8055,,73477.0,30.94,new
FIBERWEB, EQ,2026-10-07,26.1,27.18,26.01,26.36,26.14,26.47,14227,373000.0,117,,10777.0,75.75,new
FICRF3GP, MF,2026-10-07,499.0,499.0,499.0,499.0,499.0,468.18,1,0.0,1,,1.0,100.0,new
FIDEL, SM,2026-10-07,179.0,183.75,178.0,178.0,178.0,177.6,7000,1260000.0,7,,5000.0,71.43,new
FIEMIND, EQ,2026-10-07,1784.3,1804.8,1768.1,1799.3,1803.0,1779.5,39539,70852000.0,5167,,23723.0,60.0,new
FILATEX, EQ,2026-10-07,111.29,114.58,109.8,111.63,111.16,111.36,2534868,283727000.0,19664,,803453.0,31.7,new
FILATFASH, EQ,2026-10-07,0.18,0.19,0.18,0.18,0.19,0.18,11810025,2183000.0,1344,,5590131.0,47.33,new
FINBUD, SM,2026-10-07,120.85,125.45,120.85,122.5,122.5,118.0,13000,1599000.0,8,,11000.0,84.62,new
FINCABLES, EQ,2026-10-07,1481.1,1494.9,1463.4,1483.5,1487.0,1474.0,409024,604727000.0,24916,,151846.0,37.12,new
FINEORG, EQ,2026-10-07,5537.0,5666.0,5372.0,5625.5,5640.0,5537.0,67944,377610000.0,17532,,30999.0,45.62,new
FINIETF, EQ,2026-10-07,30.32,31.0,30.15,30.68,30.79,30.43,216077,6564000.0,978,,108110.0,50.03,new
FINKURVE, EQ,2026-10-07,69.05,69.59,67.0,67.53,67.51,69.31,30405,2073000.0,664,,18000.0,59.2,new
FINOPB, EQ,2026-10-07,128.29,129.26,127.24,128.76,129.25,128.29,55775,7156999.999999999,1162,,23668.0,42.43,new
FINPIPE, EQ,2026-10-07,154.03,155.69,153.11,153.91,154.19,154.72,313175,48321000.0,13576,,140730.0,44.94,new
FIRSTCRY, EQ,2026-10-07,178.01,178.01,171.2,172.2,172.0,177.57,1240460,215967999.99999997,14366,,487035.0,39.26,new
FISCHER, EQ,2026-10-07,32.7,34.0,32.5,32.63,32.99,33.14,427904,14074000.0,1727,,282117.0,65.93,new
FIVESTAR, EQ,2026-10-07,514.6,518.4,507.0,509.35,509.0,514.35,641274,328916000.0,34874,,368562.0,57.47,new
FLAIR, EQ,2026-10-07,227.1,228.95,225.59,227.97,227.01,227.84,23639,5367000.0,1054,,9211.0,38.97,new
FLEXIADD, EQ,2026-10-07,9.5,9.55,9.42,9.46,9.51,9.5,63186,598000.0,378,,43525.0,68.88,new
FLEXITUFF, BE,2026-10-07,3.19,3.19,3.19,3.19,3.19,3.13,30149,96000.0,36,,,,new
FLFL, BZ,2026-10-07,1.01,1.04,0.97,0.98,0.99,1.02,148751,147000.0,135,,,,new
FLUOROCHEM, EQ,2026-10-07,4588.7,4645.5,4538.9,4555.9,4570.0,4577.2,126650,582914000.0,19582,,73491.0,58.03,new
FLYSBS, SM,2026-10-07,659.9,659.9,628.1,631.5,631.0,648.4,45000,28824000.0,116,,37200.0,82.67,new
FMCGADD, EQ,2026-10-07,45.27,46.18,44.92,45.0,45.17,45.27,8349,376000.0,122,,6427.0,76.98,new
FMCGIETF, EQ,2026-10-07,48.39,49.5,47.8,48.01,48.22,48.39,697135,33563000.0,3429,,322725.0,46.29,new
FMGOETZE, EQ,2026-10-07,448.5,448.65,440.0,441.15,441.3,448.5,80264,35522000.0,4714,,38570.0,48.05,new
FMNL, EQ,2026-10-07,7.96,8.15,7.96,8.12,8.13,7.96,16045,130000.0,146,,13959.0,87.0,new
FOCUS, EQ,2026-10-07,56.95,56.95,54.1,56.26,56.25,55.95,13940,775000.0,214,,8043.0,57.7,new
FONEBOX, ST,2026-10-07,133.85,133.85,133.85,133.85,133.85,127.5,5000,669000.0,5,,5000.0,100.0,new
FOODSIN, EQ,2026-10-07,50.78,51.0,49.51,50.05,49.51,50.78,39884,2013000.0,781,,27662.0,69.36,new
FORCAS, ST,2026-10-07,233.7,239.95,232.0,239.95,239.95,233.7,8000,1884000.0,5,,6400.0,80.0,new
FORCEMOT, EQ,2026-10-07,17080.0,17080.0,16800.0,16956.0,16956.0,17110.0,54188,917374000.0,17962,,20805.0,38.39,new
FORGEAUTO, SM,2026-10-07,101.0,101.0,100.0,100.0,100.0,99.45,2400,241000.0,2,,2400.0,100.0,new
FORTIS, EQ,2026-10-07,760.15,782.45,753.45,779.1,779.1,764.0,1858360,1433729000.0,39680,,1049555.0,56.48,new
FOSECOIND, EQ,2026-10-07,6478.0,6496.5,6326.0,6373.0,6336.0,6440.0,5439,34805000.0,1830,,2506.0,46.07,new
FRACTAL, EQ,2026-10-07,741.0,741.0,718.0,721.3,721.0,742.15,114183,83145000.0,7744,,53096.0,46.5,new
FREDUN, EQ,2026-10-07,1418.3,1547.3,1403.9,1473.9,1470.4,1406.7,235127,347823000.0,14639,,108074.0,45.96,new
FRESHARA, ST,2026-10-07,387.0,410.85,385.1,410.85,410.85,391.3,18600,7470999.999999999,30,,15000.0,80.65,new
FROG, SM,2026-10-07,252.0,260.0,250.0,253.0,252.55,255.0,15200,3885000.0,35,,10000.0,65.79,new
FRONTSP, EQ,2026-10-07,1401.9,1503.6,1389.2,1431.2,1418.0,1392.5,79155,114622000.0,8301,,30850.0,38.97,new
FSL, EQ,2026-10-07,261.8,265.85,257.6,259.2,259.0,260.25,759122,198378000.0,27677,,304882.0,40.16,new
FUSION, EQ,2026-10-07,170.05,172.2,167.35,168.52,168.05,169.0,236190,39997000.0,5945,,128360.0,54.35,new
FWSTC, SM,2026-10-07,191.0,204.9,185.95,204.0,204.0,191.0,62400,12290000.0,19,,60000.0,96.15,new
GABRIEL, EQ,2026-10-07,1350.5,1363.7,1329.6,1346.9,1344.0,1352.9,195774,264692000.0,21301,,66568.0,34.0,new
GAEL, EQ,2026-10-07,162.81,166.8,160.2,162.98,162.65,162.81,1506793,246262000.0,35192,,864652.0,57.38,new
GAIL, EQ,2026-10-07,171.01,171.22,168.56,170.71,170.71,172.08,7094410,1206395000.0,35592,,4551031.0,64.15,new
GAJA, EQ,2026-10-07,142.61,148.17,141.0,146.35,146.25,141.71,455062,65690000.0,6573,,154722.0,34.0,new
GALAPREC, EQ,2026-10-07,1168.8,1193.0,1148.0,1161.4,1185.0,1161.0,35302,41189000.0,3977,,16807.0,47.61,new
GALAXYSURF, EQ,2026-10-07,2435.6,2503.1,2421.0,2434.0,2440.0,2442.4,78369,193007000.0,14995,,37135.0,47.38,new
GALLANTT, EQ,2026-10-07,529.9,530.0,512.0,514.55,514.0,530.05,105150,54544000.00000001,5319,,52397.0,49.83,new
GANDHAR, EQ,2026-10-07,283.75,301.0,282.25,299.2,299.0,282.5,1975725,583345000.0,29932,,888913.0,44.99,new
GANDHITUBE, EQ,2026-10-07,987.1,987.1,968.0,974.15,976.5,981.5,3166,3083000.0,451,,1856.0,58.62,new
GANECOS, EQ,2026-10-07,995.0,1023.9,975.2,998.9,997.0,990.1,55793,56211000.0,4853,,20101.0,36.03,new
GANESHBE, BE,2026-10-07,108.0,117.89,106.67,117.78,117.89,112.28,2593734,290714000.0,3661,,,,new
GANESHCP, EQ,2026-10-07,145.47,162.96,144.5,158.87,160.0,145.47,793413,124463000.00000001,14125,,262728.0,33.11,new
GANESHHOU, EQ,2026-10-07,713.8,717.95,690.55,701.1,700.0,713.65,23408,16454000.0,1376,,16253.0,69.43,new
GANESHIN, SM,2026-10-07,88.0,89.25,85.3,88.55,88.35,87.05,20800,1825000.0,22,,11200.0,53.85,new
GANGABATH, SM,2026-10-07,20.35,22.2,20.35,21.6,22.2,20.3,69000,1483000.0,22,,57000.0,82.61,new
GANGAFORGE, EQ,2026-10-07,1.53,1.59,1.49,1.58,1.59,1.52,3374924,5310000.0,1046,,1492748.0,44.23,new
GANGESSECU, EQ,2026-10-07,114.1,115.07,112.58,113.96,113.45,115.82,220,25000.0,28,,132.0,60.0,new
GARFIBRES, EQ,2026-10-07,769.8,785.1,765.9,773.75,770.0,770.05,19905,15443000.0,2589,,8429.0,42.35,new
GARUDA, EQ,2026-10-07,174.52,174.84,172.0,172.55,173.2,173.36,169830,29367000.0,3228,,76543.0,45.07,new
GATECH, BE,2026-10-07,0.65,0.65,0.62,0.62,0.62,0.65,17271013,10876000.0,4575,,,,new
GATECHDVR, BE,2026-10-07,0.47,0.48,0.47,0.47,0.48,0.47,199132,94000.0,141,,,,new
GATEWAY, EQ,2026-10-07,51.0,52.25,50.75,51.65,51.4,50.91,900667,46495000.0,7301,,456716.0,50.71,new
GAUDIUMIVF, EQ,2026-10-07,112.38,112.38,106.25,107.5,107.05,109.28,82459,8926000.0,1866,,39144.0,47.47,new
GAYAHWS, EQ,2026-10-07,1.87,2.03,1.82,1.86,1.86,1.78,220163,413000.0,351,,149101.0,67.72,new
GAYAPROJ, EQ,2026-10-07,21.5,21.76,20.88,21.05,21.0,21.46,357002,7545000.0,2024,,201123.0,56.34,new
GCHOTELS, SM,2026-10-07,110.05,119.0,108.0,115.7,117.0,113.05,49800,5658000.0,66,,38400.0,77.11,new
GCSL, EQ,2026-10-07,695.6,701.25,686.3,689.7,697.0,693.05,392492,272800000.0,3247,,203919.0,51.95,new
GEECEE, EQ,2026-10-07,374.0,375.0,362.05,363.45,365.5,369.6,82,30000.0,21,,30.0,36.59,new
GEEKAYWIRE, EQ,2026-10-07,33.0,34.0,32.2,33.14,32.9,32.72,249043,8320000.0,1554,,114076.0,45.81,new
GEMAROMA, EQ,2026-10-07,152.87,154.93,151.03,153.2,152.5,152.23,29511,4513000.0,1054,,13744.0,46.57,new
GENCON, EQ,2026-10-07,39.0,39.0,36.55,37.04,36.55,37.78,493852,18502000.0,850,,238436.0,48.28,new
GENESYS, EQ,2026-10-07,299.3,301.8,291.2,294.85,296.0,301.05,353278,104447000.0,8796,,152873.0,43.27,new
GENSOL, BZ,2026-10-07,12.35,12.49,11.74,11.74,11.75,12.35,260422,3084000.0,1270,,,,new
GENUSPAPER, EQ,2026-10-07,10.66,10.9,10.07,10.47,10.6,10.57,61249,645000.0,287,,24444.0,39.91,new
GENUSPOWER, EQ,2026-10-07,304.0,307.2,298.8,301.05,301.9,307.2,1198764,362078000.0,24981,,439177.0,36.64,new
GENXAI, SM,2026-10-07,80.1,94.0,79.0,89.0,88.5,80.8,130800,11385000.0,106,,93600.0,71.56,new
GEOJITFSL, EQ,2026-10-07,78.68,79.25,77.5,77.98,78.08,78.68,201903,15809000.0,2014,,92413.0,45.77,new
GERMAN, EQ,2026-10-07,118.2,124.49,116.43,120.11,120.25,118.12,3650098,439943999.99999994,39611,,859630.0,23.55,new
GESHIP, EQ,2026-10-07,1530.6,1572.0,1530.6,1567.9,1569.9,1532.6,464716,724240000.0,28127,,249225.0,53.63,new
GFLLIMITED, EQ,2026-10-07,55.9,58.05,55.27,57.83,58.05,55.86,117979,6720999.999999999,2126,,76481.0,64.83,new
GFSTEELS, BE,2026-10-07,40.62,40.62,40.62,40.62,40.62,39.83,26331,1070000.0,37,,,,new
GGBL, SM,2026-10-07,212.5,219.4,211.55,218.15,218.0,214.45,10800,2315000.0,34,,7200.0,66.67,new
GHCL, EQ,2026-10-07,409.0,409.05,394.1,398.8,398.05,408.85,150335,59878000.0,9292,,81278.0,54.06,new
GHCLTEXTIL, EQ,2026-10-07,132.46,133.01,128.41,130.04,130.45,131.58,251094,32647000.000000004,6219,,143561.0,57.17,new
GICHSGFIN, EQ,2026-10-07,134.8,135.8,131.8,132.83,132.72,134.48,86892,11548000.0,1553,,49327.0,56.77,new
GICL, BE,2026-10-07,20.9,21.79,20.21,21.34,21.75,21.05,135078,2832000.0,153,,,,new
GICRE, EQ,2026-10-07,315.0,318.35,311.5,316.55,316.55,314.25,681917,214909000.0,30334,,361019.0,52.94,new
GILLANDERS, EQ,2026-10-07,113.0,116.75,109.0,109.38,110.93,111.77,6732,752000.0,168,,5228.0,77.66,new
GILLETTE, EQ,2026-10-07,7060.0,7284.0,7006.0,7223.5,7248.0,7057.0,26580,190033000.0,7611,,16512.0,62.12,new
GILT10BETA, EQ,2026-10-07,26.5,26.5,25.98,26.15,26.15,26.45,1280,33000.0,12,,761.0,59.45,new
GILT5BETA, EQ,2026-10-07,66.29,66.29,65.14,66.25,66.25,66.0,2576,169000.0,18,,2000.0,77.64,new
GILT5YBEES, EQ,2026-10-07,65.68,65.69,65.36,65.54,65.53,65.54,259323,16988000.0,629,,159047.0,61.33,new
GINNIFILA, BE,2026-10-07,41.95,41.98,40.54,40.99,41.0,40.96,51938,2133000.0,79,,,,new
GIPCL, EQ,2026-10-07,175.0,175.85,170.44,171.86,171.02,174.06,294942,50994000.0,7103,,164247.0,55.69,new
GIRIRAJ, SM,2026-10-07,59.45,59.5,54.65,54.95,54.65,57.5,6250,347000.0,21,,5000.0,80.0,new
GJL, ST,2026-10-07,525.95,525.95,484.6,484.6,484.6,510.1,4000,2007000.0,5,,4000.0,100.0,new
GKB, EQ,2026-10-07,60.12,62.76,60.12,61.5,61.5,61.76,6765,416000.0,29,,6666.0,98.54,new
GKENERGY, EQ,2026-10-07,115.4,116.1,113.16,114.63,114.5,114.45,284451,32633000.0,3830,,131066.0,46.08,new
GKSL, EQ,2026-10-07,193.98,197.3,185.82,187.12,187.45,193.62,2501508,475283000.0,21625,,570709.0,22.81,new
GKWLIMITED, EQ,2026-10-07,1565.0,1565.0,1540.0,1550.6,1560.0,1545.4,7210,11173000.0,48,,7203.0,99.9,new
GLAND, EQ,2026-10-07,3026.0,3171.0,3019.0,3150.6,3159.0,3006.1,1341221,4175732000.0,89070,,563797.0,42.04,new
GLASSWALL, EQ,2026-10-07,254.9,268.3,254.7,262.25,261.6,275.75,8768527,2287618000.0,95154,,1356437.0,15.47,new
GLAXO, EQ,2026-10-07,2760.0,2760.0,2613.3,2634.0,2628.0,2755.0,125296,331887000.0,17797,,40231.0,32.11,new
GLENMARK, EQ,2026-10-07,2314.9,2326.8,2274.4,2282.3,2282.3,2311.0,500247,1144625000.0,32735,,253725.0,50.72,new
GLFL, EQ,2026-10-07,5.31,5.57,5.13,5.43,5.44,5.39,13354,71000.0,75,,8471.0,63.43,new
GLOBAL, EQ,2026-10-07,142.62,145.49,141.25,144.79,145.0,142.62,84933,12215000.0,1336,,50446.0,59.4,new
GLOBALE, EQ,2026-10-07,10.13,10.49,10.12,10.49,10.49,10.65,10724,109000.00000000001,31,,10454.0,97.48,new
GLOBALVECT, EQ,2026-10-07,130.77,133.75,124.0,125.94,125.11,130.77,12669,1605000.0,864,,8962.0,70.74,new
GLOBE, EQ,2026-10-07,2.05,2.13,2.05,2.11,2.13,2.08,150203,315000.0,168,,129693.0,86.35,new
GLOBECIVIL, EQ,2026-10-07,42.9,42.9,40.65,40.89,41.28,42.29,17587,726000.0,397,,15270.0,86.83,new
GLOBUSSPR, EQ,2026-10-07,810.0,823.45,794.0,796.85,800.0,812.7,85390,68630000.0,6649,,41317.0,48.39,new
GLOSTERLTD, EQ,2026-10-07,555.8,555.8,545.2,552.9,552.9,551.6,268,148000.0,25,,145.0,54.1,new
GLOTTIS, EQ,2026-10-07,58.33,59.63,58.0,58.71,59.63,58.34,33195,1938000.0,895,,21315.0,64.21,new
GMBREW, EQ,2026-10-07,979.0,997.95,972.45,984.95,988.0,981.35,152275,150513000.0,8125,,70112.0,46.04,new
GMDCLTD, EQ,2026-10-07,490.0,491.55,474.0,477.1,477.9,491.55,1206725,580389000.0,28552,,594910.0,49.3,new
GML, SM,2026-10-07,17.0,17.0,16.5,16.65,16.65,17.0,12000,200999.99999999997,6,,12000.0,100.0,new
GMMPFAUDLR, EQ,2026-10-07,1429.9,1459.5,1427.0,1438.0,1438.2,1425.7,171982,247659000.0,16214,,95371.0,55.45,new
GMRAIRPORT, EQ,2026-10-07,92.8,93.37,91.1,91.19,91.19,93.06,17042601,1571047000.0,43923,,11887768.0,69.75,new
GMRP&UI, EQ,2026-10-07,102.51,104.0,101.29,101.58,101.81,102.23,835605,85754000.0,11824,,325577.0,38.96,new
GNA, EQ,2026-10-07,614.55,614.55,581.0,583.65,583.8,615.8,490734,290798000.0,14631,,257378.0,52.45,new
GNFC, EQ,2026-10-07,634.0,634.0,616.0,618.2,616.35,629.5,457948,284349000.0,23178,,235068.0,51.33,new
GNRL, EQ,2026-10-07,100.0,101.03,97.1,97.67,97.1,98.79,301438,29707000.0,3762,,181187.0,60.11,new
GOACARBON, EQ,2026-10-07,419.5,420.0,405.1,407.8,408.0,414.65,11433,4733000.0,847,,6538.0,57.19,new
GOCLCORP, EQ,2026-10-07,373.95,374.0,360.65,367.85,365.6,372.45,78586,28807000.0,4398,,32572.0,41.45,new
GOCOLORS, EQ,2026-10-07,305.95,309.9,300.45,306.15,307.8,306.45,62693,19153000.0,3081,,31694.0,50.55,new
GODAVARIB, EQ,2026-10-07,228.3,228.6,224.02,226.24,225.99,228.57,34828,7893000.000000001,1409,,19976.0,57.36,new
GODFRYPHLP, EQ,2026-10-07,1890.0,1893.0,1856.3,1862.4,1862.4,1900.0,120245,225142999.99999997,13060,,41868.0,34.82,new
GODIGIT, EQ,2026-10-07,260.0,269.85,259.0,264.75,263.7,258.6,818602,217533000.0,24862,,340534.0,41.6,new
GODREJAGRO, EQ,2026-10-07,651.8,652.1,627.9,639.6,639.0,648.1,306889,195598000.0,14284,,160072.0,52.16,new
GODREJCP, EQ,2026-10-07,874.75,874.75,853.65,865.55,865.55,872.5,1332394,1150696000.0,28658,,811956.0,60.94,new
GODREJIND, EQ,2026-10-07,1049.0,1049.0,1025.0,1029.0,1026.2,1045.0,16388,16907000.0,2377,,7126.0,43.48,new
GODREJPROP, EQ,2026-10-07,1604.8,1604.8,1570.1,1580.2,1580.2,1610.0,196039,310881000.0,17706,,73548.0,37.52,new
GOKEX, EQ,2026-10-07,682.0,685.5,670.1,673.0,671.0,682.75,96561,65437000.0,8599,,50631.0,52.43,new
GOKUL, EQ,2026-10-07,38.95,39.5,38.5,38.97,38.5,38.78,155203,6045000.0,690,,21983.0,14.16,new
GOKULAGRO, EQ,2026-10-07,210.35,224.12,209.01,212.42,212.95,210.95,777477,167643000.0,20603,,138774.0,17.85,new
GOLD1, EQ,2026-10-07,122.24,122.7,122.24,122.3,122.27,122.72,1190007,145616000.0,6342,,750887.0,63.1,new
GOLD360, EQ,2026-10-07,143.25,144.25,141.75,142.75,143.3,143.25,4696,671000.0,175,,2792.0,59.45,new
GOLDADD, EQ,2026-10-07,14.31,14.31,14.23,14.24,14.25,14.29,3210535,45736000.0,7811,,2485156.0,77.41,new
GOLDAXIS, EQ,2026-10-07,122.21,122.54,121.84,121.9,121.94,122.34,342211,41746000.0,2056,,234709.0,68.59,new
GOLDBEES, EQ,2026-10-07,121.46,121.48,121.01,121.08,121.14,121.46,13757920,1667580000.0,73842,,7887107.0,57.33,new
GOLDBETA, EQ,2026-10-07,124.0,124.0,123.15,123.25,123.25,123.75,591386,72921000.0,2081,,500070.0,84.56,new
GOLDBND, EQ,2026-10-07,146.46,147.0,146.0,146.4,146.5,146.97,655,96000.0,147,,322.0,49.16,new
GOLDCASE, EQ,2026-10-07,23.14,23.16,23.04,23.05,23.08,23.14,18245796,421291000.0,10665,,11232955.0,61.56,new
GOLDENTOBC, BZ,2026-10-07,23.87,23.87,21.61,22.85,22.85,22.74,6282,142000.0,86,,,,new
GOLDETF, EQ,2026-10-07,142.88,142.96,142.46,142.57,142.51,142.99,471931,67324000.0,9195,,355090.0,75.24,new
GOLDIAM, EQ,2026-10-07,316.9,321.6,311.55,317.0,315.35,317.5,338407,107103000.0,7659,,122362.0,36.16,new
GOLDIETF, EQ,2026-10-07,125.9,125.98,125.38,125.44,125.5,125.85,3361037,422197000.0,27558,,2569451.0,76.45,new
GOLDKART, SM,2026-10-07,104.0,104.0,104.0,104.0,104.0,104.0,625,65000.0,1,,625.0,100.0,new
GOLDSTAR, ST,2026-10-07,11.1,11.1,11.1,11.1,11.1,11.65,33750,375000.0,3,,33750.0,100.0,new
GOLDTECH, BE,2026-10-07,41.25,41.61,41.25,41.4,41.4,42.07,10807,448000.00000000006,44,,,,new
GOODLUCK, EQ,2026-10-07,492.25,506.65,485.0,501.95,498.9,491.3,264589,130939000.00000001,10003,,113948.0,43.07,new
GOODYEAR, EQ,2026-10-07,685.05,690.0,680.0,685.05,686.0,685.95,3651,2503000.0,508,,2566.0,70.28,new
GOPAL, EQ,2026-10-07,257.15,257.4,253.05,255.4,254.0,255.85,188529,48054000.0,1526,,145210.0,77.02,new
GOYALALUM, EQ,2026-10-07,5.96,6.0,5.87,5.94,5.92,5.91,28011,166000.0,220,,21910.0,78.22,new
GOYALSALT, SM,2026-10-07,102.0,102.0,102.0,102.0,102.0,102.0,1200,122000.0,2,,1200.0,100.0,new
GPECO, SM,2026-10-07,470.0,470.0,444.0,454.45,454.95,469.65,27600,12469000.0,117,,16000.0,57.97,new
GPIL, EQ,2026-10-07,218.0,218.0,212.95,214.31,213.85,218.98,1180059,253100000.0,22518,,623363.0,52.82,new
GPPL, EQ,2026-10-07,168.0,174.0,166.38,172.46,173.39,168.21,2205709,377519000.0,25997,,1053083.0,47.74,new
GPTHEALTH, EQ,2026-10-07,148.0,148.57,145.74,146.34,146.25,148.01,53458,7867000.0,1782,,35402.0,66.22,new
GPTINFRA, EQ,2026-10-07,121.62,134.97,120.2,130.06,129.7,121.62,1834242,238487000.0,24428,,748203.0,40.79,new
GRADIENTE, BE,2026-10-07,2.51,2.64,2.45,2.5,2.51,2.57,1249514,3131000.0,258,,,,new
GRANDOAK, EQ,2026-10-07,37.0,37.0,34.4,34.96,35.0,36.17,7900,277000.0,92,,6522.0,82.56,new
GRANULES, EQ,2026-10-07,839.4,850.7,822.2,845.3,845.8,836.4,1224602,1027061000.0,50413,,538703.0,43.99,new
GRAPHISAD, SM,2026-10-07,24.9,25.05,24.5,24.7,24.9,24.4,14400,359000.0,10,,13200.0,91.67,new
GRAPHITE, EQ,2026-10-07,853.0,853.3,831.0,834.05,831.0,851.2,656284,551976000.0,21154,,250008.0,38.09,new
GRASIM, EQ,2026-10-07,2945.5,2957.2,2901.6,2921.1,2921.1,2969.0,235855,689870000.0,26440,,135934.0,57.63,new
GRAUWEIL, EQ,2026-10-07,83.22,83.22,79.4,81.05,80.7,82.32,509818,41463000.0,3397,,281553.0,55.23,new
GRAVISSHO, BE,2026-10-07,30.76,31.0,30.76,31.0,31.0,30.76,607,19000.0,12,,,,new
GRAVITA, EQ,2026-10-07,1499.0,1510.3,1457.1,1496.0,1504.0,1500.9,271577,403650000.0,21035,,109567.0,40.34,new
GRCL, SM,2026-10-07,570.0,570.0,570.0,570.0,570.0,570.0,750,428000.0,3,,750.0,100.0,new
GREAVESCOT, EQ,2026-10-07,222.0,222.78,208.62,212.0,211.32,222.78,2299772,490999000.0,32361,,1054638.0,45.86,new
GREENASIA, ST,2026-10-07,89.0,89.0,84.55,84.55,84.55,89.0,1254400,111249000.0,258,,1254400.0,100.0,new
GREENCHEF, SM,2026-10-07,67.5,68.0,66.65,66.65,66.65,68.85,8000,539000.0,10,,6400.0,80.0,new
GREENLAM, EQ,2026-10-07,211.7,213.0,208.8,210.5,210.0,212.02,41475,8730000.0,1624,,24645.0,59.42,new
GREENLEAF, SM,2026-10-07,109.05,112.9,108.65,108.8,108.65,114.35,20000,2190000.0,18,,16000.0,80.0,new
GREENPANEL, EQ,2026-10-07,159.92,160.4,157.61,159.12,159.55,159.92,148744,23706000.0,3679,,86934.0,58.45,new
GREENPLY, EQ,2026-10-07,312.15,313.0,308.1,310.75,310.1,315.3,53514,16628000.0,2746,,25767.0,48.15,new
GREENPOWER, EQ,2026-10-07,8.73,8.75,8.63,8.65,8.64,8.74,1042099,9043000.0,3298,,577269.0,55.39,new
GRINDWELL, EQ,2026-10-07,2033.1,2051.7,2008.2,2018.2,2020.1,2033.1,20013,40546000.0,7869,,10563.0,52.78,new
GRINFRA, EQ,2026-10-07,819.05,819.1,796.2,798.4,796.3,815.0,9539,7658000.0,1459,,4724.0,49.52,new
GRMOVER, EQ,2026-10-07,79.04,82.17,78.41,81.19,81.22,79.04,1339846,108379000.0,5847,,246649.0,18.41,new
GROBTEA, EQ,2026-10-07,882.0,899.5,870.3,899.5,899.5,873.95,8,7000.000000000001,6,,6.0,75.0,new
GROWW, EQ,2026-10-07,192.8,198.27,189.45,197.75,197.74,193.19,42404060,8295967999.999999,257047,,24713788.0,58.28,new
GROWWCAPM, EQ,2026-10-07,11.1,11.2,10.96,11.09,11.1,11.15,419809,4671000.0,1197,,300732.0,71.64,new
GROWWCHEM, EQ,2026-10-07,28.54,30.88,28.24,28.79,30.88,28.53,25492,725000.0,195,,12640.0,49.58,new
GROWWDEFNC, EQ,2026-10-07,94.16,94.16,92.06,92.51,92.88,93.91,129442,11980000.0,2007,,78969.0,61.01,new
GROWWEV, EQ,2026-10-07,30.48,31.0,29.85,30.29,29.85,30.33,202010,6072000.0,1823,,106367.0,52.65,new
GROWWGOLD, EQ,2026-10-07,14.36,14.37,14.29,14.31,14.32,14.35,872235,12494000.0,2666,,433596.0,49.71,new
GROWWHOSPI, EQ,2026-10-07,46.64,47.13,46.12,46.7,46.96,46.66,368000,17091000.0,1607,,247081.0,67.14,new
GROWWLIQID, EQ,2026-10-07,111.06,111.06,111.05,111.05,111.06,111.03,243010,26988000.0,171,,206507.0,84.98,new
GROWWLOVOL, EQ,2026-10-07,9.88,9.88,9.71,9.76,9.88,9.89,50194,488999.99999999994,150,,28672.0,57.12,new
GROWWMC150, EQ,2026-10-07,217.81,221.17,217.81,220.32,220.32,220.9,545,120000.0,20,,476.0,87.34,new
GROWWMETAL, EQ,2026-10-07,11.95,12.0,11.75,11.77,11.75,11.97,317222,3758000.0,1376,,229868.0,72.46,new
GROWWMOM50, EQ,2026-10-07,10.76,10.78,10.67,10.7,10.74,10.72,66102,710000.0,391,,49442.0,74.8,new
GROWWN200, EQ,2026-10-07,10.81,10.81,10.64,10.71,10.75,10.76,18483,198000.0,211,,10378.0,56.15,new
GROWWNET, EQ,2026-10-07,10.27,10.35,10.13,10.28,10.3,10.26,609947,6263000.0,612,,395873.0,64.9,new
GROWWNIFTY, EQ,2026-10-07,9.29,9.29,9.09,9.16,9.15,9.22,590124,5407000.0,3134,,419887.0,71.15,new
GROWWNXT50, EQ,2026-10-07,69.79,71.25,69.65,70.39,70.64,70.73,3638,254999.99999999997,113,,2197.0,60.39,new
GROWWPOWER, EQ,2026-10-07,11.19,11.19,10.85,10.88,10.94,11.01,1801541,19642000.0,2114,,1480854.0,82.2,new
GROWWPSE, EQ,2026-10-07,95.45,95.45,93.2,93.53,94.5,94.5,4132,387000.0,102,,2215.0,53.61,new
GROWWPSUBK, EQ,2026-10-07,79.57,83.39,79.3,81.42,83.29,80.43,4756,383000.0,123,,2481.0,52.17,new
GROWWRAIL, EQ,2026-10-07,26.06,26.18,25.85,25.99,26.05,26.05,263211,6843000.000000001,2251,,126235.0,47.96,new
GROWWRLTY, EQ,2026-10-07,9.45,9.6,9.2,9.21,9.2,9.45,207774,1928000.0,862,,154233.0,74.23,new
GROWWSC250, EQ,2026-10-07,10.38,10.42,10.23,10.36,10.39,10.38,68810,713000.0,448,,49597.0,72.08,new
GROWWSLVR, EQ,2026-10-07,21.61,21.63,21.39,21.41,21.47,21.59,670479,14422000.0,1405,,199386.0,29.74,new
GRPLTD, EQ,2026-10-07,1855.0,1874.8,1761.0,1847.0,1863.0,1853.0,1760,3202000.0000000005,317,,977.0,55.51,new
GRSE, EQ,2026-10-07,2130.0,2130.1,2092.0,2102.0,2100.1,2137.3,279451,587765000.0,23690,,114575.0,41.0,new
GRWRHITECH, EQ,2026-10-07,7082.0,7135.0,6834.0,6903.5,6903.0,7102.5,84439,583575000.0,13429,,52199.0,61.82,new
GSEC10ABSL, EQ,2026-10-07,111.78,111.9,110.5,111.2,110.5,111.22,2388,266000.0,7,,11.0,0.46,new
GSEC10ADD, EQ,2026-10-07,26.53,26.53,26.53,26.53,26.53,26.5,16,0.0,3,,16.0,100.0,new
GSEC10YEAR, EQ,2026-10-07,29.8,32.76,29.8,30.38,30.5,29.79,35846,1089000.0,73,,27663.0,77.17,new
GSEC5IETF, EQ,2026-10-07,65.96,66.0,65.38,65.69,65.38,65.64,8344,549000.0,43,,5589.0,66.98,new
GSFC, EQ,2026-10-07,152.89,153.79,149.2,149.73,149.85,153.47,636088,96032000.0,10452,,292363.0,45.96,new
GSLSU, EQ,2026-10-07,28.03,29.55,28.03,28.88,28.97,28.89,56663,1638000.0,1298,,5338.0,9.42,new
GSMFOILS, SM,2026-10-07,70.1,70.15,66.65,66.65,66.65,70.15,502500,33679000.0,372,,222000.0,44.18,new
GSPCROP, EQ,2026-10-07,478.6,487.45,470.75,482.8,481.0,476.65,240478,115974000.0,3621,,15214.0,6.33,new
GSPLTRANS, BE,2026-10-07,117.63,121.3,117.63,117.63,117.63,123.82,2125298,250125000.0,3627,,,,new
GSS, EQ,2026-10-07,10.13,10.47,10.08,10.22,10.12,10.13,49526,507000.0,265,,35828.0,72.34,new
GSTL, SM,2026-10-07,10.95,11.45,10.95,11.45,11.45,10.95,7000,80000.0,6,,7000.0,100.0,new
GTECJAINX, EQ,2026-10-07,36.19,36.19,34.5,35.69,35.7,36.19,8987,319000.0,82,,6867.0,76.41,new
GTL, EQ,2026-10-07,6.92,7.13,6.8,6.9,6.91,6.86,185291,1285000.0,490,,149197.0,80.52,new
GTLINFRA, EQ,2026-10-07,1.09,1.1,1.06,1.07,1.08,1.09,23200615,25115000.0,11634,,10058208.0,43.35,new
GTPL, EQ,2026-10-07,55.69,56.88,54.36,55.92,56.0,54.68,38975,2183000.0,1060,,21426.0,54.97,new
GUFICBIO, EQ,2026-10-07,428.35,430.55,420.9,422.55,423.0,427.8,47029,19984000.0,2521,,27929.0,59.39,new
GUJALKALI, EQ,2026-10-07,616.5,619.5,604.0,616.0,616.25,613.1,39319,24059000.0,3189,,14658.0,37.28,new
GUJAPOLLO, EQ,2026-10-07,349.9,350.85,340.0,341.8,341.75,346.7,9355,3226000.0,1795,,3584.0,38.31,new
GUJENERGY, EQ,2026-10-07,229.7,232.19,227.83,228.48,227.99,229.97,864847,198183000.0,20464,,508841.0,58.84,new
GUJRAFFIA, EQ,2026-10-07,43.12,43.88,40.05,42.37,42.5,41.86,4819,206000.0,85,,3709.0,76.97,new
GUJTHEM, EQ,2026-10-07,387.8,389.4,378.95,379.5,379.0,390.0,270403,103733000.0,8383,,170728.0,63.14,new
GULFOILLUB, EQ,2026-10-07,1080.8,1120.0,1078.5,1118.6,1119.1,1087.9,48522,53647000.0,4405,,23361.0,48.15,new
GULFPETRO, BE,2026-10-07,60.8,62.85,60.8,61.64,61.31,62.52,28867,1782000.0,178,,,,new
GULPOLY, EQ,2026-10-07,166.25,167.88,164.55,166.63,165.51,167.92,45942,7645000.0,1410,,20956.0,45.61,new
GURUNANAK, SM,2026-10-07,32.7,32.7,32.7,32.7,32.7,34.25,1600,52000.0,1,,1600.0,100.0,new
GVKPIL, BE,2026-10-07,2.38,2.38,2.38,2.38,2.38,2.42,255035,607000.0,413,,,,new
GVPIL, EQ,2026-10-07,730.05,731.6,698.15,698.15,698.15,734.85,322585,227861000.0,9525,,159400.0,49.41,new
GVPTECH, BE,2026-10-07,7.12,7.5,7.12,7.31,7.38,7.31,28491,206999.99999999997,149,,,,new
GVT&D, EQ,2026-10-07,4260.0,4340.2,4201.2,4316.3,4316.3,4245.1,660155,2841850000.0,66691,,361529.0,54.76,new
GYFTR, EQ,2026-10-07,169.3,174.0,166.5,169.52,169.06,169.3,417740,70825000.0,2672,,365081.0,87.39,new
HAL, EQ,2026-10-07,4819.9,4831.4,4732.1,4746.3,4746.3,4816.0,515972,2467197000.0,40877,,255469.0,49.51,new
HALDER, EQ,2026-10-07,261.73,270.0,260.0,262.9,261.05,263.84,20929,5520000.0,249,,5218.0,24.93,new
HALDYNGL, EQ,2026-10-07,143.0,143.83,139.4,140.78,142.5,142.27,31368,4440000.0,947,,17296.0,55.14,new
HALEOSLABS, EQ,2026-10-07,1590.0,1595.0,1553.3,1584.7,1587.0,1587.8,987,1561000.0,162,,757.0,76.7,new
HAMPTON, EQ,2026-10-07,8.6,8.6,8.01,8.24,8.28,8.09,6616,55000.00000000001,89,,4842.0,73.19,new
HAPPSTMNDS, EQ,2026-10-07,303.35,306.55,302.05,304.6,305.2,303.35,268376,81741000.0,7143,,106018.0,39.5,new
HAPPY, SM,2026-10-07,83.45,85.0,81.25,83.0,83.0,80.1,20000,1661000.0,10,,14000.0,70.0,new
HAPPYFORGE, EQ,2026-10-07,1990.0,1990.0,1908.8,1934.3,1959.1,1989.4,115845,223860000.0,16287,,71391.0,61.63,new
HARDWYN, EQ,2026-10-07,9.25,9.39,9.0,9.17,9.2,9.22,1127620,10369000.0,1026,,671400.0,59.54,new
HARIOMPIPE, EQ,2026-10-07,344.25,344.25,334.0,338.15,337.0,336.5,88249,29849000.0,2697,,42008.0,47.6,new
HARRMALAYA, EQ,2026-10-07,178.5,178.5,169.1,173.9,173.0,175.08,4756,823000.0,240,,3302.0,69.43,new
HARSHA, EQ,2026-10-07,464.65,468.95,458.05,460.4,461.7,464.65,71927,33297000.000000004,3619,,36973.0,51.4,new
HATHWAY, EQ,2026-10-07,9.72,9.87,9.6,9.64,9.68,9.8,1787610,17354000.0,2711,,799270.0,44.71,new
HATSUN, EQ,2026-10-07,1158.9,1196.9,1142.4,1148.1,1148.2,1150.0,23655,27468000.0,3045,,7570.0,32.0,new
HAVELLS, EQ,2026-10-07,1057.0,1072.4,1044.6,1060.5,1060.5,1057.0,486342,516185000.00000006,28061,,229800.0,47.25,new
HAVISHA, EQ,2026-10-07,1.4,1.63,1.4,1.52,1.53,1.36,501425,760000.0,416,,294555.0,58.74,new
HAWKINCOOK, EQ,2026-10-07,8079.5,8079.5,7902.0,7973.5,7902.5,8009.5,1152,9203000.0,307,,696.0,60.42,new
HAZOOR, EQ,2026-10-07,18.09,18.78,17.76,18.58,18.78,18.0,750654,13819999.999999998,3643,,507992.0,67.67,new
HBESD, EQ,2026-10-07,74.0,81.79,74.0,77.06,75.01,75.03,9222,706000.0,155,,4793.0,51.97,new
HBLENGINE, EQ,2026-10-07,764.0,768.5,755.5,762.45,760.0,764.3,707261,538232000.0,23533,,247192.0,34.95,new
HBPOR, EQ,2026-10-07,59.51,62.7,58.0,62.36,62.3,59.27,450,27000.0,52,,428.0,95.11,new
HBSL, EQ,2026-10-07,58.0,59.0,57.0,58.61,57.05,57.91,2210,129000.0,49,,2077.0,93.98,new
HCC, EQ,2026-10-07,20.25,20.47,19.71,19.8,19.77,20.26,15774521,316192000.0,25611,,6660247.0,42.22,new
HCG, EQ,2026-10-07,680.55,680.55,655.0,657.6,658.0,680.55,40147,26673000.0,8073,,19975.0,49.75,new
HCL-INSYS, EQ,2026-10-07,10.03,10.28,10.01,10.05,10.08,10.15,144014,1454000.0,568,,74651.0,51.84,new
HCLTECH, EQ,2026-10-07,1196.1,1202.6,1172.8,1185.0,1185.0,1204.4,1810295,2149653000.0,70926,,986445.0,54.49,new
HDBFS, EQ,2026-10-07,617.1,618.7,597.0,600.1,597.85,616.75,905333,551400000.0,25464,,672536.0,74.29,new
HDFCAMC, EQ,2026-10-07,2345.0,2347.0,2300.0,2314.8,2314.8,2352.4,727092,1685804000.0,59531,,447709.0,61.58,new
HDFCBANK, EQ,2026-10-07,708.55,711.0,701.7,702.75,702.75,711.45,29944008,21115152000.0,252910,,16689521.0,55.74,new
HDFCBSE500, EQ,2026-10-07,35.82,35.82,35.4,35.55,35.66,35.71,3939885,140286000.0,364,,3700462.0,93.92,new
HDFCGOLD, EQ,2026-10-07,125.61,125.61,125.1,125.19,125.19,125.61,2294320,287423000.0,7845,,1703318.0,74.24,new
HDFCGROWTH, EQ,2026-10-07,109.9,109.9,108.13,108.34,108.89,109.72,28884,3144000.0,256,,21330.0,73.85,new
HDFCLIFE, EQ,2026-10-07,545.85,548.35,538.35,546.05,546.05,543.95,2546074,1386589000.0,38255,,1291695.0,50.73,new
HDFCLIQUID, EQ,2026-10-07,1081.07,1081.07,1081.05,1081.05,1081.05,1080.91,5757,6224000.0,39,,3840.0,66.7,new
HDFCLOWVOL, EQ,2026-10-07,19.26,19.3,19.19,19.2,19.29,19.35,6648,128000.0,68,,5088.0,76.53,new
HDFCMID150, EQ,2026-10-07,22.23,22.27,22.01,22.05,22.18,22.2,534676,11838000.0,1412,,319305.0,59.72,new
HDFCMOMENT, EQ,2026-10-07,30.13,30.25,29.87,30.07,30.12,30.13,188299,5650000.0,530,,135752.0,72.09,new
HDFCNEXT50, EQ,2026-10-07,71.48,71.54,70.85,71.03,71.27,71.54,73419,5228000.0,627,,36432.0,49.62,new
HDFCNIF100, EQ,2026-10-07,24.65,24.65,24.5,24.55,24.55,24.62,28070,689000.0,222,,12826.0,45.69,new
HDFCNIFBAN, EQ,2026-10-07,56.52,57.0,56.33,56.71,56.59,56.61,1201046,68178000.0,1618,,831657.0,69.24,new
HDFCNIFIT, EQ,2026-10-07,29.95,30.07,29.53,29.61,29.55,29.94,48236,1437000.0,338,,20653.0,42.82,new
HDFCNIFTY, EQ,2026-10-07,262.83,262.83,254.21,255.04,254.53,256.42,141675,36243000.0,1174,,113145.0,79.86,new
HDFCNIMEG, EQ,2026-10-07,126.97,126.97,123.11,123.33,123.67,125.71,22551,2783000.0,93,,21955.0,97.36,new
HDFCPSUBK, EQ,2026-10-07,80.5,82.16,80.07,81.58,81.36,80.82,27744,2265000.0,182,,15360.0,55.36,new
HDFCPVTBAN, EQ,2026-10-07,26.88,27.8,26.88,27.75,27.8,27.57,63017,1746000.0,293,,51569.0,81.83,new
HDFCQUAL, EQ,2026-10-07,55.19,56.6,54.84,54.96,55.11,55.45,11128,612000.0,110,,7462.0,67.06,new
HDFCSENSEX, EQ,2026-10-07,82.02,83.5,82.02,82.58,82.92,82.75,49142,4061000.0,648,,32027.0,65.17,new
HDFCSILVER, EQ,2026-10-07,210.4,210.4,208.67,208.83,209.1,210.63,1694939,354823000.0,7939,,862477.0,50.89,new
HDFCSML250, EQ,2026-10-07,180.11,181.5,179.51,180.77,180.75,180.96,944811,170628000.0,12948,,573272.0,60.68,new
HDFCVALUE, EQ,2026-10-07,118.39,119.04,118.0,118.56,118.92,118.58,3173,376000.0,82,,1561.0,49.2,new
HDIL, BZ,2026-10-07,1.48,1.48,1.41,1.43,1.46,1.44,101104,145000.0,181,,,,new
HEADSUP, EQ,2026-10-07,6.55,6.55,5.76,6.33,6.44,6.52,10540,65000.0,210,,7037.0,66.76,new
HEALTHADD, EQ,2026-10-07,16.25,16.69,16.14,16.32,16.29,16.25,8415,136000.0,94,,6741.0,80.11,new
HEALTHAXIS, EQ,2026-10-07,161.8,165.48,161.8,162.95,163.54,163.78,1463,239000.0,76,,826.0,56.46,new
HEALTHCARE, EQ,2026-10-07,21.44,22.35,20.97,21.04,21.05,21.02,44054,927000.0,196,,43318.0,98.33,new
HEALTHIETF, EQ,2026-10-07,161.31,166.01,161.31,164.41,163.92,165.45,81056,13341999.999999998,2121,,49642.0,61.24,new
HEALTHX, EQ,2026-10-07,284.95,289.0,280.15,284.15,286.45,284.95,1584,448000.00000000006,88,,1475.0,93.12,new
HEALTHY, EQ,2026-10-07,16.76,16.76,16.27,16.49,16.48,16.57,629906,10390000.0,940,,584394.0,92.77,new
HECPROJECT, EQ,2026-10-07,115.68,115.68,109.63,112.19,113.95,112.79,6842,763000.0,219,,3824.0,55.89,new
HEGAM, EQ,2026-10-07,252.0,253.9,246.0,246.99,247.1,252.21,1261859,314147000.0,20712,,571515.0,45.29,new
HEIDELBERG, EQ,2026-10-07,129.3,129.3,127.01,127.49,127.5,127.78,120951,15451000.0,3400,,75053.0,62.05,new
HEMIPROP, EQ,2026-10-07,114.01,114.17,112.11,112.87,112.81,113.53,153549,17345000.0,2354,,82752.0,53.89,new
HERANBA, EQ,2026-10-07,169.8,172.36,168.51,169.27,169.8,169.0,30802,5257000.0,903,,11782.0,38.25,new
HERITGFOOD, EQ,2026-10-07,404.25,407.7,396.0,398.75,399.5,406.1,176695,70858000.0,7647,,72076.0,40.79,new
HEROMOTOCO, EQ,2026-10-07,5075.0,5087.5,4968.0,5004.0,5004.0,5075.0,397370,1991278000.0,39269,,175733.0,44.22,new
HEROMOTORS, EQ,2026-10-07,167.9,172.85,167.52,170.84,170.6,167.52,39347591,6702806000.0,236863,,5627811.0,14.3,new
HESTERBIO, EQ,2026-10-07,2173.6,2204.9,2152.0,2167.2,2157.0,2174.1,1902,4139000.0,376,,1054.0,55.42,new
HEXAGON, BE,2026-10-07,71.0,72.8,69.12,71.97,72.0,71.13,467670,33308000.0,1063,,,,new
HEXATRADEX, EQ,2026-10-07,156.3,158.01,153.01,157.01,157.99,155.85,472,74000.0,20,,391.0,82.84,new
HEXT, EQ,2026-10-07,495.45,507.1,495.45,505.5,506.0,500.3,146911,73933000.0,14686,,82897.0,56.43,new
HFCL, BE,2026-10-07,275.91,275.91,264.0,271.9,269.0,262.78,12439455,3391401999.9999995,61404,,,,new
HGINFRA, EQ,2026-10-07,420.45,423.0,409.8,416.15,415.0,417.2,145611,60632000.00000001,5436,,46893.0,32.2,new
HGM, EQ,2026-10-07,41.79,41.79,39.8,40.05,40.05,39.28,994,40000.0,38,,883.0,88.83,new
HGS, EQ,2026-10-07,361.0,366.6,358.8,363.0,365.0,361.4,12910,4677000.0,711,,8295.0,64.25,new
HIGREEN, SM,2026-10-07,119.7,119.7,115.3,117.05,117.05,118.8,19200,2245000.0,24,,12000.0,62.5,new
HIKAL, EQ,2026-10-07,226.7,228.45,222.3,225.24,226.67,226.43,303522,68421000.0,7633,,108672.0,35.8,new
HILINFRA, EQ,2026-10-07,45.8,47.89,44.95,47.6,47.55,45.36,455922,21355000.0,3451,,285764.0,62.68,new
HILTON, EQ,2026-10-07,16.61,16.88,16.5,16.58,16.52,16.75,64659,1074000.0,244,,46707.0,72.24,new
HIMALAYAN, ST,2026-10-07,81.0,81.0,76.8,76.8,76.8,80.8,63600,4922000.0,40,,60000.0,94.34,new
HIMATSEIDE, EQ,2026-10-07,65.0,67.45,62.85,63.22,63.37,65.36,635805,40767000.0,7498,,242787.0,38.19,new
HINDADH, EQ,2026-10-07,370.3,392.0,370.3,384.8,387.0,384.35,1607,619000.0,51,,1436.0,89.36,new
HINDALCO, EQ,2026-10-07,930.1,937.85,910.85,910.85,910.85,940.5,3792281,3486894000.0,85215,,2063869.0,54.42,new
HINDALUMI, EQ,2026-10-07,91.22,92.5,89.5,89.99,89.9,90.32,971,88000.0,88,,811.0,83.52,new
HINDCOMPOS, EQ,2026-10-07,401.45,418.65,398.1,403.75,404.0,401.45,47848,19529000.0,1093,,39451.0,82.45,new
HINDCON, BE,2026-10-07,28.56,28.56,28.56,28.56,28.56,30.06,26005,743000.0,188,,,,new
HINDCOPPER, EQ,2026-10-07,484.4,484.45,478.7,479.95,479.65,485.5,2085383,1002854000.0000001,41942,,803215.0,38.52,new
HINDOILEXP, EQ,2026-10-07,166.5,173.0,165.81,171.88,171.7,166.35,584648,99578000.0,9288,,239152.0,40.91,new
HINDPETRO, EQ,2026-10-07,347.5,347.8,342.55,343.15,343.15,351.0,4508391,1556053000.0,57375,,2368752.0,52.54,new
HINDUNILVR, EQ,2026-10-07,1888.0,1888.0,1864.3,1865.4,1865.4,1895.2,620459,1161355000.0,45872,,373095.0,60.13,new
HINDWAREAP, EQ,2026-10-07,170.75,171.14,166.31,170.19,170.8,170.75,113381,19143000.0,2906,,69321.0,61.14,new
HINDZINC, EQ,2026-10-07,561.0,561.0,550.55,551.0,551.0,557.65,1999170,1108764000.0,35226,,761650.0,38.1,new
HIRECT, EQ,2026-10-07,1142.1,1144.9,1110.0,1113.9,1114.0,1146.8,33997,38267000.0,3464,,18391.0,54.1,new
HISARMETAL, EQ,2026-10-07,145.0,148.6,144.22,145.1,145.1,145.3,148,21000.0,16,,90.0,60.81,new
HITECH, EQ,2026-10-07,74.68,74.77,73.26,73.9,73.88,74.68,418797,30874000.0,5198,,199415.0,47.62,new
HITECHCORP, BE,2026-10-07,341.1,353.8,341.1,349.1,350.0,342.4,143436,50293000.0,613,,,,new
HITECHGEAR, BE,2026-10-07,568.9,581.3,560.0,565.0,565.0,568.9,2607,1491000.0,64,,,,new
HLEGLAS, EQ,2026-10-07,450.0,469.45,450.0,469.45,469.45,447.1,322476,150963000.0,3828,,172423.0,53.47,new
HLVLTD, EQ,2026-10-07,6.13,6.34,6.03,6.12,6.14,6.13,166000,1026000.0,552,,104222.0,62.78,new
HMAAGRO, EQ,2026-10-07,25.0,25.0,24.29,24.91,24.95,24.56,1051851,25926000.0,3324,,516275.0,49.08,new
HMT, BZ,2026-10-07,58.5,58.5,57.05,57.25,57.11,58.53,8902,511000.00000000006,96,,,,new
HMVL, BE,2026-10-07,73.97,76.0,72.0,75.18,76.0,74.91,63138,4611000.0,187,,,,new
HNDFDS, EQ,2026-10-07,582.65,582.65,574.0,580.4,580.0,584.75,36500,21132000.0,4031,,20003.0,54.8,new
HNGSNGBEES, EQ,2026-10-07,466.5,466.5,460.0,463.23,462.11,460.99,54259,25154000.0,3202,,34455.0,63.5,new
HOACFOODS, ST,2026-10-07,947.0,948.6,947.0,948.6,948.6,930.0,750,711000.0,2,,750.0,100.0,new
HOLMARC, SM,2026-10-07,119.15,131.65,119.15,131.05,131.65,125.4,27750,3469000.0,24,,23250.0,83.78,new
HOMEFIRST, EQ,2026-10-07,1098.4,1128.9,1081.3,1087.9,1092.0,1111.5,154842,170896000.0,15971,,85002.0,54.9,new
HOMESFY, SM,2026-10-07,127.65,127.65,127.65,127.65,127.65,121.6,300,38000.0,1,,300.0,100.0,new
HONASA, EQ,2026-10-07,471.4,480.9,465.0,477.05,475.25,478.3,1568100,745043000.0,41539,,341523.0,21.78,new
HONAUT, EQ,2026-10-07,33780.0,33825.0,33100.0,33345.0,33260.0,33780.0,1997,66751000.0,1267,,1051.0,52.63,new
HONDAPOWER, EQ,2026-10-07,1912.9,1912.9,1860.0,1871.4,1866.9,1885.9,1393,2611000.0,467,,686.0,49.25,new
HORIZONIND, EQ,2026-10-07,49.8,50.85,48.75,50.15,50.3,49.2,3368691,169081000.0,20390,,1764074.0,52.37,new
HPAL, EQ,2026-10-07,34.37,35.01,33.73,34.62,34.51,34.37,52439,1798000.0,1261,,34769.0,66.3,new
HPIL, EQ,2026-10-07,115.91,116.49,112.99,116.49,116.49,116.49,303,35000.0,20,,171.0,56.44,new
HPL, EQ,2026-10-07,272.7,272.7,265.0,266.3,266.0,272.7,65194,17498000.0,3168,,33511.0,51.4,new
HPTL, ST,2026-10-07,451.0,451.3,451.0,451.3,451.3,430.0,2400,1083000.0,4,,2400.0,100.0,new
HRYNSHP, EQ,2026-10-07,95.88,97.94,93.5,94.1,94.11,95.9,2242,216000.0,40,,2160.0,96.34,new
HSBCGOLD, EQ,2026-10-07,127.84,127.98,127.27,127.56,127.27,128.02,9682,1236000.0,32,,8488.0,87.67,new
HSCL, EQ,2026-10-07,666.0,676.05,664.05,672.95,673.5,668.55,1404959,942668000.0,33716,,723173.0,51.47,new
HTEL, EQ,2026-10-07,75.2,88.57,73.1,87.94,88.57,73.81,14238636,1190676000.0,93936,,2891280.0,20.31,new
HTMEDIA, EQ,2026-10-07,23.15,23.65,22.5,22.59,22.5,22.99,65585,1489000.0,335,,52719.0,80.38,new
HUBTOWN, EQ,2026-10-07,170.85,171.9,163.75,164.52,163.82,170.0,667640,112204000.0,7369,,363663.0,54.47,new
HUDCO, EQ,2026-10-07,160.69,164.0,159.38,161.79,161.95,161.04,2375175,384706000.0,31522,,950376.0,40.01,new
HUHTAMAKI, EQ,2026-10-07,233.45,236.0,229.32,231.19,230.85,233.45,51122,11817000.0,3262,,23568.0,46.1,new
HVAX, SM,2026-10-07,725.0,725.0,715.0,716.0,716.0,714.0,900,647000.0,6,,750.0,83.33,new
HYBRIDETF, EQ,2026-10-07,9.86,9.86,9.81,9.84,9.84,9.83,2500,25000.0,34,,2456.0,98.24,new
HYBRIDFIN, EQ,2026-10-07,17.25,19.0,16.81,17.84,17.96,17.56,19378,347000.0,180,,11893.0,61.37,new
HYUNDAI, EQ,2026-10-07,1989.0,1989.0,1935.0,1945.0,1945.0,1989.0,498987,975040000.0,33364,,191231.0,38.32,new
IBLFL, SM,2026-10-07,63.5,64.0,62.9,62.9,62.9,61.0,22000,1401000.0,3,,22000.0,100.0,new
IBULLSLTD, EQ,2026-10-07,31.6,32.49,31.2,32.49,32.49,30.95,22176156,709002000.0,23798,,12978791.0,58.53,new
ICDSLTD, BE,2026-10-07,44.0,45.9,44.0,45.68,45.68,44.27,748,34000.0,22,,,,new
ICELCO, SM,2026-10-07,117.95,123.0,117.0,119.5,118.0,116.05,38400,4602000.0,30,,26400.0,68.75,new
ICEMAKE, EQ,2026-10-07,633.0,682.8,627.1,673.35,671.0,631.2,68993,45418000.0,4470,,30747.0,44.57,new
ICICIAMC, EQ,2026-10-07,3060.0,3086.2,3041.5,3058.5,3048.8,3071.5,309677,948504999.9999999,26129,,209527.0,67.66,new
ICICIB22, EQ,2026-10-07,110.34,110.8,108.44,108.86,108.75,110.0,201006,21887000.0,2869,,139989.0,69.64,new
ICICIBANK, EQ,2026-10-07,1343.0,1360.0,1329.9,1357.5,1357.5,1342.8,14774121,19928766000.0,210590,,8923511.0,60.4,new
ICICIGI, EQ,2026-10-07,1586.1,1601.0,1574.6,1590.0,1590.0,1598.3,875700,1389771000.0,33641,,541477.0,61.83,new
ICICIPRULI, EQ,2026-10-07,458.0,459.0,453.7,457.5,457.5,459.5,837553,382438000.0,35802,,447797.0,53.46,new
ICIL, EQ,2026-10-07,474.8,476.25,465.15,471.1,472.4,473.15,317864,149549000.0,15725,,127355.0,40.07,new
ICRA, EQ,2026-10-07,4356.7,4412.0,4316.9,4346.3,4337.0,4356.7,32161,140227000.0,4248,,21101.0,65.61,new
IDBI, EQ,2026-10-07,86.5,87.0,85.36,85.67,85.61,87.01,3041959,262160000.0,19703,,940248.0,30.91,new
IDEA, EQ,2026-10-07,13.18,13.4,13.09,13.18,13.18,13.21,377013597,4982770000.0,361768,,91681189.0,24.32,new
IDEAFORGE, EQ,2026-10-07,726.1,730.0,698.8,700.0,699.0,723.4,206429,145525000.0,14080,,125281.0,60.69,new
IDENTICAL, SM,2026-10-07,18.45,19.3,18.4,18.75,18.55,21.35,24000,446000.0,10,,18000.0,75.0,new
IDFCFIRSTB, EQ,2026-10-07,81.46,81.46,78.75,79.54,79.54,81.56,20250870,1616664000.0,85130,,9714304.0,47.97,new
IDFNIFTYET, EQ,2026-10-07,249.66,251.65,249.11,250.44,250.44,251.47,1077,270000.0,37,,632.0,58.68,new
IEML, ST,2026-10-07,47.0,47.0,45.0,45.0,45.0,47.35,42500,1926000.0000000002,38,,42500.0,100.0,new
IEX, EQ,2026-10-07,105.39,108.65,104.27,105.85,105.85,104.86,7531830,804198000.0,48501,,1925445.0,25.56,new
IFBAGRO, EQ,2026-10-07,887.0,887.0,868.05,875.35,870.5,874.15,1100,959000.0,168,,665.0,60.45,new
IFBIND, EQ,2026-10-07,1212.3,1225.5,1204.3,1216.0,1210.6,1212.3,24232,29445999.999999996,1772,,14511.0,59.88,new
IFCI, EQ,2026-10-07,65.3,65.32,63.84,64.03,63.98,65.51,21013703,1353319000.0,54289,,4102853.0,19.52,new
IFGLEXPOR, EQ,2026-10-07,180.65,186.5,179.91,183.05,182.5,180.65,74229,13586000.000000002,1823,,58042.0,78.19,new
IGARASHI, EQ,2026-10-07,401.4,410.0,398.3,403.45,403.0,401.4,53466,21654000.0,2535,,20269.0,37.91,new
IGCL, EQ,2026-10-07,57.3,60.82,56.0,57.75,57.02,57.36,347013,19701000.0,1658,,286420.0,82.54,new
IGIL, EQ,2026-10-07,319.15,321.85,313.7,317.05,317.75,319.6,430610,136925000.0,13874,,242636.0,56.35,new
IGL, EQ,2026-10-07,141.0,147.9,140.21,146.35,146.5,141.38,3700426,538925000.0,32917,,1279477.0,34.58,new
IGPL, EQ,2026-10-07,590.95,590.95,580.0,586.25,587.8,589.5,46121,27011000.0,2824,,27830.0,60.34,new
IIFL, EQ,2026-10-07,600.0,600.0,584.15,588.55,588.9,601.7,1169032,690916000.0,37404,,567928.0,48.58,new
IIFLCAPS, EQ,2026-10-07,344.25,348.5,344.0,346.85,348.0,345.15,319500,110754000.0,8513,,199899.0,62.57,new
IITL, EQ,2026-10-07,133.3,134.95,129.47,130.75,130.1,132.25,101253,13493000.0,844,,11475.0,11.33,new
IKIO, EQ,2026-10-07,194.99,195.84,188.25,191.05,191.37,195.87,128405,24625000.0,3054,,63861.0,49.73,new
IKS, EQ,2026-10-07,1752.4,1759.0,1693.3,1737.4,1725.0,1761.0,330080,572387000.0,36994,,168166.0,50.95,new
IL&FSENGG, BZ,2026-10-07,40.0,41.0,39.5,40.6,41.0,39.54,13115,528000.0,36,,,,new
IL&FSTRANS, BZ,2026-10-07,1.98,1.99,1.91,1.98,1.99,1.94,20213,40000.0,60,,,,new
IMAGICAA, EQ,2026-10-07,50.26,50.26,48.15,48.72,48.85,49.92,532708,26070999.999999996,3980,,262200.0,49.22,new
IMFA, EQ,2026-10-07,1184.1,1197.6,1167.1,1186.8,1183.8,1190.6,51866,61401000.0,4403,,22309.0,43.01,new
IMPAL, EQ,2026-10-07,1042.3,1049.9,995.2,1000.2,1000.0,1036.5,5358,5411000.0,610,,4450.0,83.05,new
INA, EQ,2026-10-07,84.49,84.49,81.32,82.0,81.9,83.81,454479,37445000.0,4229,,223724.0,49.23,new
INCREDIBLE, EQ,2026-10-07,31.03,31.68,31.0,31.47,31.6,31.42,2423,76000.0,47,,1762.0,72.72,new
INDBANK, EQ,2026-10-07,25.3,26.3,25.12,26.11,26.0,25.23,39659,1021000.0000000001,611,,18696.0,47.14,new
INDGN, EQ,2026-10-07,596.0,612.0,588.15,607.1,605.45,596.3,424853,255510000.0,20590,,225893.0,53.17,new
INDHOTEL, EQ,2026-10-07,736.65,743.0,728.5,731.3,731.3,736.0,3190796,2343156000.0,52434,,1913212.0,59.96,new
INDIACEM, EQ,2026-10-07,295.25,305.0,289.2,303.05,303.0,295.25,252820,75472000.0,14765,,113287.0,44.81,new
INDIAGLYCO, EQ,2026-10-07,324.9,382.7,321.1,382.7,382.7,318.95,9155076,3309158999.9999995,157088,,886985.0,9.69,new
INDIAMART, EQ,2026-10-07,1592.9,1623.4,1575.0,1605.3,1603.0,1592.9,58405,93699000.0,10622,,25077.0,42.94,new
INDIANB, EQ,2026-10-07,808.6,835.0,801.35,828.3,828.3,813.0,1140038,937909000.0,36269,,357761.0,31.38,new
INDIANCARD, EQ,2026-10-07,189.83,189.83,183.06,186.99,186.99,187.86,1881,349000.0,115,,1341.0,71.29,new
INDIANHUME, EQ,2026-10-07,341.55,362.0,338.65,355.45,355.2,341.2,71231,25158000.0,3788,,27510.0,38.62,new
INDIASHLTR, EQ,2026-10-07,639.5,639.5,622.35,633.85,635.0,636.35,93350,58833000.00000001,6272,,45863.0,49.13,new
INDIFRA, SM,2026-10-07,11.1,11.1,11.1,11.1,11.1,11.65,6000,67000.0,3,,4000.0,66.67,new
INDIGO, EQ,2026-10-07,5015.0,5069.5,4972.3,4990.0,4990.0,5050.5,1618923,8147669000.0,81740,,1039234.0,64.19,new
INDIGOPNTS, EQ,2026-10-07,1051.1,1077.3,1050.0,1060.2,1055.0,1062.4,25510,27156000.0,5466,,9225.0,36.16,new
INDIGRID, IV,2026-10-07,169.41,169.95,168.11,168.96,168.9,169.41,1013733,171336000.0,15965,,890177.0,87.81,new
INDIQUBE, EQ,2026-10-07,195.39,198.96,192.0,194.57,194.7,197.32,11603,2269000.0,634,,6191.0,53.36,new
INDNIPPON, EQ,2026-10-07,1241.8,1253.9,1221.4,1231.4,1230.0,1241.7,25913,31983000.0,3452,,12080.0,46.62,new
INDOAMIN, EQ,2026-10-07,161.84,166.44,156.65,157.97,158.49,161.16,978954,156463000.0,16999,,344428.0,35.18,new
INDOBORAX, EQ,2026-10-07,491.75,491.75,476.05,480.9,480.0,491.75,53337,25774000.0,1900,,24122.0,45.23,new
INDOCO, EQ,2026-10-07,249.45,249.45,244.6,246.55,246.1,247.15,75736,18656000.0,2201,,32409.0,42.79,new
INDOFARM, EQ,2026-10-07,134.0,142.55,132.81,139.92,139.9,134.32,279082,39045000.0,5918,,90869.0,32.56,new
INDOKEM, EQ,2026-10-07,597.05,600.0,575.0,580.95,584.15,596.85,4219,2486000.0,399,,2648.0,62.76,new
INDOMIM, EQ,2026-10-07,1358.0,1374.4,1337.0,1359.9,1356.0,1350.2,606566,822325000.0,26740,,294553.0,48.56,new
INDORAMA, EQ,2026-10-07,95.1,96.84,93.8,95.99,96.31,95.1,554572,52986000.0,6315,,231116.0,41.67,new
INDOSTAR, EQ,2026-10-07,200.0,203.45,195.5,200.12,199.01,199.55,353977,70378000.0,6199,,204427.0,57.75,new
INDOTECH, EQ,2026-10-07,3351.0,3399.0,3306.0,3323.3,3320.2,3352.8,10434,34868000.0,1936,,5208.0,49.91,new
INDOTHAI, EQ,2026-10-07,40.57,40.71,40.3,40.71,40.71,38.78,270332,10992000.0,410,,223916.0,82.83,new
INDOUS, EQ,2026-10-07,75.8,76.96,74.7,74.93,75.05,75.53,4494,339000.0,250,,3540.0,78.77,new
INDOWIND, EQ,2026-10-07,8.56,8.69,8.42,8.58,8.6,8.56,73286,628000.0,293,,63788.0,87.04,new
INDPRUD, EQ,2026-10-07,6299.0,6305.0,6299.0,6305.0,6305.0,6299.5,26,164000.0,8,,26.0,100.0,new
INDRAMEDCO, EQ,2026-10-07,335.15,336.6,327.75,329.4,330.4,335.15,158141,52495000.00000001,6833,,99036.0,62.63,new
INDSWFTLAB, EQ,2026-10-07,403.4,404.9,388.0,391.1,391.0,400.45,262328,103632000.0,6875,,140776.0,53.66,new
INDTERRAIN, EQ,2026-10-07,29.43,29.49,29.15,29.22,29.15,29.22,10557,308000.0,78,,9537.0,90.34,new
INDUSINDBK, EQ,2026-10-07,899.05,903.25,870.9,874.9,874.9,906.1,2429142,2140318999.9999998,66235,,1103897.0,45.44,new
INDUSINVIT, IV,2026-10-07,130.13,131.71,130.0,131.01,130.9,130.13,103355,13530000.000000002,4870,,83460.0,80.75,new
INDUSTOWER, EQ,2026-10-07,392.0,392.0,381.3,385.05,385.05,389.1,2499487,963708000.0,31950,,1075150.0,43.01,new
INFINIUM, ST,2026-10-07,318.0,318.0,305.0,305.5,305.0,307.35,3500,1093000.0,7,,3500.0,100.0,new
INFLUX, SM,2026-10-07,270.0,275.95,266.15,274.3,275.5,272.0,21600,5844000.0,35,,15600.0,72.22,new
INFOBEAN, EQ,2026-10-07,148.93,149.0,145.4,147.24,148.4,149.46,123208,18136000.0,1964,,69696.0,56.57,new
INFOLLION, SM,2026-10-07,163.8,166.0,162.05,162.8,163.05,159.8,28000,4606000.0,54,,20800.0,74.29,new
INFOMEDIA, EQ,2026-10-07,5.53,5.55,5.16,5.41,5.44,5.21,15879,87000.0,55,,12287.0,77.38,new
INFRA, EQ,2026-10-07,11.58,11.58,11.45,11.47,11.49,11.59,8575,99000.0,197,,7479.0,87.22,new
INFRABEES, EQ,2026-10-07,904.6,911.06,900.0,905.74,907.62,909.15,6075,5502000.0,462,,3300.0,54.32,new
INFRAIETF, EQ,2026-10-07,90.52,90.75,89.44,89.87,90.0,90.52,45001,4052000.0000000005,2602,,26101.0,58.0,new
INFY, EQ,2026-10-07,1006.0,1009.0,990.1,992.0,992.0,1013.85,7493993,7474377000.0,162916,,3753752.0,50.09,new
INGERRAND, EQ,2026-10-07,4130.8,4182.8,4089.1,4115.3,4089.1,4130.8,6676,27527999.999999996,2344,,2774.0,41.55,new
INM, SM,2026-10-07,138.0,138.05,138.0,138.05,138.05,139.5,1200,166000.0,2,,1200.0,100.0,new
INNOMET, ST,2026-10-07,280.0,290.65,270.0,273.15,270.0,277.25,35400,9982000.0,51,,33600.0,94.92,new
INNOVACAP, EQ,2026-10-07,1137.1,1188.0,1131.4,1166.2,1183.3,1141.8,118590,138003000.0,12772,,44873.0,37.84,new
INNOVANA, EQ,2026-10-07,292.8,295.9,286.0,289.9,286.0,294.85,25709,7523999.999999999,742,,911.0,3.54,new
INNOVISION, EQ,2026-10-07,255.0,256.85,253.3,256.0,256.5,256.5,6907,1764000.0,328,,5062.0,73.29,new
INOXGREEN, EQ,2026-10-07,146.59,147.66,134.0,135.87,134.75,146.59,7288865,1007978000.0000001,69368,,3307362.0,45.38,new
INOXINDIA, EQ,2026-10-07,2070.0,2139.9,2066.5,2082.0,2081.8,2077.3,243029,510476000.0,39289,,90137.0,37.09,new
INOXWIND, EQ,2026-10-07,68.25,68.38,66.73,67.1,67.1,68.7,10148423,685174000.0,47133,,3738617.0,36.84,new
INSECTICID, EQ,2026-10-07,580.0,590.0,575.55,586.6,581.25,584.15,5454,3186000.0,409,,3758.0,68.9,new
INSPIRE, SM,2026-10-07,10.35,10.35,10.35,10.35,10.35,9.9,8000,83000.0,3,,8000.0,100.0,new
INSPIRISYS, EQ,2026-10-07,84.0,85.0,83.5,83.74,84.99,83.76,2054,173000.0,34,,1952.0,95.03,new
INSURADD, EQ,2026-10-07,14.55,14.66,14.5,14.61,14.63,14.51,15407,225000.0,37,,15059.0,97.74,new
INSUREIETF, EQ,2026-10-07,14.72,14.89,14.51,14.68,14.79,14.72,972530,14227000.000000002,271,,648745.0,66.71,new
INTELLECT, EQ,2026-10-07,603.0,603.0,589.0,591.35,590.15,601.4,199132,118524000.0,11415,,82495.0,41.43,new
INTENTECH, EQ,2026-10-07,80.6,83.05,78.51,80.92,80.32,84.1,77560,6228000.0,666,,48661.0,62.74,new
INTERARCH, EQ,2026-10-07,1699.9,1717.7,1680.0,1700.9,1706.0,1685.6,55579,94607000.0,6855,,22889.0,41.18,new
INTERNET, EQ,2026-10-07,13.77,13.97,13.72,13.86,13.86,13.78,317024,4406000.0,219,,292757.0,92.35,new
INTLCONV, EQ,2026-10-07,80.0,81.39,79.1,80.17,80.15,80.02,51206,4096000.0,450,,43195.0,84.36,new
INVENTURE, EQ,2026-10-07,0.85,0.86,0.82,0.83,0.83,0.85,1208290,1018000.0,424,,677483.0,56.07,new
INVICTA, SM,2026-10-07,67.0,67.0,66.5,66.5,66.5,66.8,3200,214000.0,2,,3200.0,100.0,new
INVPRECQ, BE,2026-10-07,1560.0,1623.9,1554.0,1594.5,1600.0,1571.3,6853,10794000.0,180,,,,new
IOB, EQ,2026-10-07,31.02,31.29,30.85,31.03,31.0,31.46,3152062,97889000.0,19265,,1477256.0,46.87,new
IOC, EQ,2026-10-07,130.6,131.19,129.7,130.0,130.0,131.6,7269916,947304000.0000001,50094,,3733717.0,51.36,new
IOLCP, EQ,2026-10-07,216.5,224.0,216.3,220.22,219.35,214.9,6360102,1400721000.0,78868,,1723846.0,27.1,new
IONEXCHANG, EQ,2026-10-07,411.0,415.0,401.0,402.4,403.0,409.2,251291,102136000.0,17430,,140837.0,56.05,new
IPCALAB, EQ,2026-10-07,1940.0,1963.7,1928.0,1938.5,1929.0,1945.5,135675,263828000.00000003,24160,,90922.0,67.01,new
IPHL, SM,2026-10-07,68.05,70.0,68.05,70.0,70.0,68.0,3600,248000.0,3,,3600.0,100.0,new
IPL, EQ,2026-10-07,132.1,133.98,129.94,130.39,130.95,132.6,150722,19824000.0,2246,,79613.0,52.82,new
IPRINGLTD, EQ,2026-10-07,144.99,149.7,140.5,144.94,145.0,143.67,1849,270000.0,56,,1815.0,98.16,new
IRB, EQ,2026-10-07,17.75,17.83,17.3,17.44,17.48,17.84,10957532,191937000.0,18654,,3910305.0,35.69,new
IRBINVIT, IV,2026-10-07,64.0,64.1,63.2,63.85,63.85,63.85,631496,40221000.0,4888,,502933.0,79.64,new
IRCON, EQ,2026-10-07,107.6,108.18,106.12,106.66,106.63,107.86,2229186,238571999.99999997,20463,,459658.0,20.62,new
IRCTC, EQ,2026-10-07,455.0,458.15,449.7,453.65,453.45,454.8,759796,345061000.0,31073,,399312.0,52.56,new
IREDA, EQ,2026-10-07,109.0,109.42,107.12,107.33,107.33,109.0,4512835,488225000.0,31882,,1706403.0,37.81,new
IRFC, EQ,2026-10-07,76.9,77.2,76.04,76.15,76.15,77.1,5212579,399425000.0,33412,,1925420.0,36.94,new
IRIS, EQ,2026-10-07,223.5,226.0,220.99,223.23,221.5,221.57,6950,1550000.0,257,,3930.0,56.55,new
IRISDOREME, EQ,2026-10-07,58.86,61.03,57.44,59.26,58.52,58.45,344405,20392000.0,3084,,65007.0,18.88,new
IRMENERGY, EQ,2026-10-07,264.0,266.4,257.0,263.0,265.25,262.1,34474,9002000.0,1838,,19074.0,55.33,new
ISFT, BE,2026-10-07,96.61,100.3,94.0,99.49,99.49,98.32,20995,2055000.0,179,,,,new
ISGEC, EQ,2026-10-07,906.4,906.6,895.05,901.75,903.2,905.0,73566,66294000.00000001,5263,,45854.0,62.33,new
ISHANCH, EQ,2026-10-07,50.04,50.04,46.56,47.08,47.46,47.92,3669,174000.0,98,,2795.0,76.18,new
ISTLTD, EQ,2026-10-07,637.2,645.95,637.2,638.45,637.2,637.2,9,6000.0,3,,9.0,100.0,new
IT, EQ,2026-10-07,30.41,31.25,30.33,30.74,31.01,31.19,185562,5740000.0,952,,92241.0,49.71,new
ITADD, EQ,2026-10-07,29.76,29.87,29.42,29.58,29.64,29.79,36632,1079000.0,77,,31968.0,87.27,new
ITAXIS, EQ,2026-10-07,309.0,310.52,305.01,306.14,306.04,307.77,1354,416000.0,52,,572.0,42.25,new
ITBEES, EQ,2026-10-07,31.49,31.49,30.83,30.9,30.94,31.17,6866825,213333000.0,15597,,3488959.0,50.81,new
ITBETA, EQ,2026-10-07,295.0,296.25,291.46,291.72,291.46,295.0,214,63000.0,9,,163.0,76.17,new
ITC, EQ,2026-10-07,265.7,267.15,262.45,265.7,265.7,266.7,50025295,13260859000.0,134937,,29801536.0,59.57,new
ITCHOTELS, EQ,2026-10-07,160.0,161.9,158.6,159.17,159.25,160.21,1030272,164709000.0,18918,,414226.0,40.21,new
ITDC, EQ,2026-10-07,677.0,685.0,667.1,671.75,678.0,675.25,75732,51070000.0,5938,,24138.0,31.87,new
ITETF, EQ,2026-10-07,30.12,30.12,29.41,29.48,29.48,29.72,225664,6672000.0,677,,84010.0,37.23,new
ITI, EQ,2026-10-07,246.79,248.16,245.0,245.84,246.0,247.84,101191,24919000.0,4498,,31265.0,30.9,new
ITIETF, EQ,2026-10-07,31.17,31.31,30.77,30.91,30.8,31.22,1350791,42034000.0,1506,,972208.0,71.97,new
ITL, EQ,2026-10-07,363.1,379.9,346.25,372.8,373.95,366.75,2896,1067000.0,216,,2593.0,89.54,new
ITTL, ST,2026-10-07,61.95,61.95,61.9,61.9,61.9,60.75,315,20000.0,3,,315.0,100.0,new
IVALUE, EQ,2026-10-07,230.71,236.1,227.21,232.04,232.2,229.45,134884,31289000.0,3718,,81940.0,60.75,new
IVC, EQ,2026-10-07,7.81,8.08,7.81,7.95,7.98,8.0,143556,1142000.0,684,,128721.0,89.67,new
IVP, BE,2026-10-07,228.92,232.5,220.3,227.25,227.6,228.92,8442,1930999.9999999998,117,,,,new
IVZBANKNF, EQ,2026-10-07,54.83,55.39,54.57,55.21,55.21,55.12,956,52000.0,17,,693.0,72.49,new
IVZINGOLD, EQ,2026-10-07,128.2,128.2,127.05,127.7,127.7,128.2,135055,17232000.0,423,,110546.0,81.85,new
IVZINNIFTY, EQ,2026-10-07,267.84,267.84,258.91,261.59,259.79,261.31,421,110000.00000000001,39,,241.0,57.24,new
IVZSENSEX, EQ,2026-10-07,75.03,75.49,72.5,74.74,75.49,73.2,255,19000.0,16,,251.0,98.43,new
IWARE, ST,2026-10-07,373.0,381.25,370.0,370.5,370.5,373.0,9600,3617000.0,15,,8400.0,87.5,new
IWP, EQ,2026-10-07,37.38,38.4,36.95,37.1,36.95,37.38,22715,852000.0,209,,15461.0,68.07,new
IXIGO, EQ,2026-10-07,160.19,160.31,157.32,158.27,158.5,160.13,821667,130469000.0,15656,,532383.0,64.79,new
IZMO, EQ,2026-10-07,868.0,900.0,861.0,889.95,888.0,864.3,118878,105090000.00000001,8995,,41132.0,34.6,new
J&KBANK, EQ,2026-10-07,139.51,140.96,137.71,139.4,139.49,139.5,2306193,320841000.0,30707,,1132047.0,49.09,new
JAGRAN, EQ,2026-10-07,62.02,62.46,61.64,62.05,61.85,61.72,71301,4420000.0,1180,,43745.0,61.35,new
JAGSNPHARM, EQ,2026-10-07,234.8,243.46,234.8,235.4,235.99,233.63,164193,39145000.0,3677,,64329.0,39.18,new
JAIBALAJI, EQ,2026-10-07,67.37,67.37,65.0,67.37,67.37,64.17,432731,29117000.0,1252,,346236.0,80.01,new
JAICORPLTD, EQ,2026-10-07,89.0,93.8,88.51,90.9,90.45,90.17,1110175,101929000.0,11163,,226906.0,20.44,new
JAINIK, ST,2026-10-07,189.0,194.0,189.0,190.0,190.0,185.9,18000,3436000.0,15,,18000.0,100.0,new
JAINREC, EQ,2026-10-07,290.0,300.9,287.15,295.15,294.5,290.15,1303023,385536000.0,31859,,309732.0,23.77,new
JAIPURKURT, EQ,2026-10-07,28.0,29.75,27.26,28.5,28.7,27.37,220174,6345000.0,1023,,98099.0,44.56,new
JALAN, ST,2026-10-07,1.6,1.6,1.6,1.6,1.6,1.65,9000,14000.000000000002,2,,9000.0,100.0,new
JAMNAAUTO, EQ,2026-10-07,144.4,154.0,142.5,151.77,151.55,144.21,12310484,1856656000.0000002,126074,,3632910.0,29.51,new
JARO, EQ,2026-10-07,416.0,416.0,410.05,414.4,414.9,413.85,103527,42923000.0,1749,,10220.0,9.87,new
JASH, EQ,2026-10-07,596.0,599.0,580.05,586.15,586.8,594.95,192190,113242000.0,6327,,72951.0,37.96,new
JAYAGROGN, EQ,2026-10-07,219.8,219.8,212.0,213.0,212.22,219.16,7226,1554000.0,418,,3882.0,53.72,new
JAYBARMARU, EQ,2026-10-07,134.36,137.5,129.31,132.78,133.4,134.37,1041373,138983000.0,13887,,413473.0,39.7,new
JAYBEE, SM,2026-10-07,92.1,92.5,88.25,89.55,89.0,93.55,36000,3246000.0,69,,29000.0,80.56,new
JAYESH, SM,2026-10-07,128.0,128.0,126.8,127.45,127.0,124.45,62000,7898000.0,28,,31000.0,50.0,new
JAYKAY, EQ,2026-10-07,241.5,273.0,236.4,263.45,264.5,240.02,6198201,1618166000.0,109384,,1014777.0,16.37,new
JAYKAYPP, E1,2026-10-07,199.01,220.98,193.11,213.51,215.98,193.11,115793,24513000.0,1083,,78043.0,67.4,new
JAYNECOIND, EQ,2026-10-07,93.9,96.0,93.05,95.24,95.67,94.45,2969185,280646000.0,23657,,1122810.0,37.82,new
JAYSREETEA, EQ,2026-10-07,85.79,86.9,83.0,83.41,83.1,85.74,23661,1996000.0,631,,12482.0,52.75,new
JBMA, EQ,2026-10-07,557.0,557.0,545.0,547.0,547.1,555.65,141136,77568000.0,9241,,57732.0,40.91,new
JENBURPH, EQ,2026-10-07,902.7,908.0,886.8,891.4,893.0,905.55,4187,3752000.0000000005,270,,4048.0,96.68,new
JETFREIGHT, EQ,2026-10-07,19.8,19.98,19.29,19.72,19.56,19.8,89485,1755999.9999999998,976,,49463.0,55.28,new
JEYYAM, SM,2026-10-07,21.9,22.45,21.0,22.25,22.25,21.9,20000,438000.0,10,,14000.0,70.0,new
JFLLIFE, SM,2026-10-07,10.2,10.25,10.2,10.25,10.25,9.8,12000,123000.0,2,,12000.0,100.0,new
JGCHEM, EQ,2026-10-07,670.0,677.2,651.15,654.95,654.0,665.45,393554,260894999.99999997,16011,,131131.0,33.32,new
JHS, BE,2026-10-07,9.86,10.79,9.85,9.98,10.0,10.36,208634,2091000.0,446,,,,new
JINDALPHOT, EQ,2026-10-07,1012.0,1040.0,1012.0,1032.8,1028.1,1024.8,1436,1475000.0,130,,999.0,69.57,new
JINDALPOLY, EQ,2026-10-07,668.0,670.95,643.55,653.25,664.55,658.35,6873,4483000.0,960,,2858.0,41.58,new
JINDALSAW, EQ,2026-10-07,282.4,283.4,278.15,281.9,281.9,282.4,693527,195283000.0,17465,,410643.0,59.21,new
JINDALSTEL, EQ,2026-10-07,1080.6,1082.6,1055.6,1061.0,1061.0,1085.9,904316,961175000.0,26011,,337268.0,37.3,new
JINDRILL, EQ,2026-10-07,590.7,610.0,590.7,598.1,599.0,590.7,198826,119364000.00000001,8111,,47650.0,23.97,new
JINDWORLD, EQ,2026-10-07,45.62,46.17,44.15,44.83,44.7,45.39,2495710,112983999.99999999,6324,,517482.0,20.73,new
JIOFIN, EQ,2026-10-07,217.45,218.78,215.55,216.44,216.44,217.9,10207060,2217326000.0,68075,,4155440.0,40.71,new
JISLDVREQS, EQ,2026-10-07,19.34,20.0,18.52,19.18,19.2,18.96,43706,851000.0,342,,17806.0,40.74,new
JISLJALEQS, EQ,2026-10-07,26.66,29.35,26.56,27.95,28.04,26.65,26460467,739538000.0,63631,,2174740.0,8.22,new
JITFINFRA, EQ,2026-10-07,272.0,283.95,271.2,278.3,279.0,275.1,20154,5590000.0,873,,13989.0,69.41,new
JIWANRAM, SM,2026-10-07,4.05,4.05,4.05,4.05,4.05,4.05,6000,24000.0,1,,6000.0,100.0,new
JKCEMENT, EQ,2026-10-07,4960.0,5081.5,4952.0,5047.0,5050.0,4960.0,39360,197754000.0,10545,,18820.0,47.82,new
JKIL, EQ,2026-10-07,448.9,449.95,440.4,442.2,440.5,448.3,112056,49702000.0,2931,,86631.0,77.31,new
JKIPL, EQ,2026-10-07,95.52,100.29,95.05,100.29,100.29,95.52,84237,8421000.0,195,,82839.0,98.34,new
JKLAKSHMI, EQ,2026-10-07,479.85,479.95,469.1,471.65,471.9,478.45,107094,50675000.0,13510,,63259.0,59.07,new
JKPAPER, EQ,2026-10-07,393.45,393.45,378.65,384.5,382.9,393.45,449194,172108000.0,13352,,244786.0,54.49,new
JKTYRE, EQ,2026-10-07,339.85,341.3,333.05,333.4,333.55,339.35,756641,253779000.0,17477,,349021.0,46.13,new
JLHL, EQ,2026-10-07,255.1,255.9,248.5,250.0,248.55,253.85,70500,17743000.0,5195,,35251.0,50.0,new
JMA, EQ,2026-10-07,88.4,89.5,87.01,88.69,89.0,86.92,12195,1080000.0,228,,6856.0,56.22,new
JMFINANCIL, EQ,2026-10-07,123.68,125.34,122.8,124.92,124.91,124.0,1531478,190424000.0,24258,,814444.0,53.18,new
JNKINDIA, EQ,2026-10-07,444.15,452.45,435.0,444.75,441.25,440.95,138580,61729000.0,7683,,56798.0,40.99,new
JNPR, EQ,2026-10-07,281.1,283.0,275.75,280.65,280.7,280.6,822016,230363000.0,22969,,398370.0,48.46,new
JOCIL, EQ,2026-10-07,149.19,155.0,146.4,149.04,149.0,148.47,2527,376000.0,55,,2300.0,91.02,new
JPOLYINVST, EQ,2026-10-07,923.9,949.25,890.1,901.1,895.0,923.9,4656,4206000.0,756,,2098.0,45.06,new
JPPOWER, EQ,2026-10-07,15.0,15.12,14.73,14.86,14.85,15.0,44222342,659730000.0,833920,,12076503.0,27.31,new
JSFB, EQ,2026-10-07,499.85,509.4,491.55,500.1,500.0,499.85,357814,179203000.0,19836,,181589.0,50.75,new
JSIPL, BE,2026-10-07,195.42,195.42,195.42,195.42,195.42,186.12,333820,65235000.0,2686,,,,new
JSL, EQ,2026-10-07,751.0,754.6,730.05,732.15,732.25,750.95,546010,401419000.0,35220,,317181.0,58.09,new
JSLL, EQ,2026-10-07,444.8,448.25,407.25,417.2,415.95,441.25,3700090,1558869000.0,92073,,1608016.0,43.46,new
JSWCEMENT, EQ,2026-10-07,115.77,116.4,110.81,112.14,111.8,113.2,4530075,509147999.99999994,64864,,1295012.0,28.59,new
JSWDULUX, EQ,2026-10-07,3025.0,3101.4,2993.2,3028.1,3035.0,3004.8,29702,90320000.0,7747,,13129.0,44.2,new
JSWENERGY, EQ,2026-10-07,494.9,494.9,481.45,485.45,485.45,494.9,2337109,1139705000.0,37982,,1359613.0,58.17,new
JSWHL, EQ,2026-10-07,11403.0,11403.0,11216.0,11272.0,11252.0,11313.0,1285,14505000.000000002,669,,735.0,57.2,new
JSWINFRA, EQ,2026-10-07,355.0,365.75,351.05,353.9,354.05,363.05,4533527,1621820000.0,58186,,2333480.0,51.47,new
JSWSTEEL, EQ,2026-10-07,1249.0,1253.0,1225.9,1230.0,1230.0,1259.6,1830488,2254968000.0,85526,,1235202.0,67.48,new
JTEKTINDIA, EQ,2026-10-07,115.9,115.9,114.0,114.46,114.3,115.38,53296,6114000.0,825,,25144.0,47.18,new
JTLIND, EQ,2026-10-07,84.6,90.0,82.03,88.2,89.0,84.53,7721553,664192000.0,43775,,2809169.0,36.38,new
JUBLCPL, EQ,2026-10-07,1966.0,2042.8,1966.0,1988.0,1981.5,2003.5,3874,7744000.0,783,,1858.0,47.96,new
JUBLFOOD, EQ,2026-10-07,455.55,467.0,455.55,460.6,460.6,449.75,2597754,1201209000.0,37387,,174876.0,6.73,new
JUBLINGREA, EQ,2026-10-07,638.6,647.1,627.0,642.55,637.0,644.25,322660,205541000.0,20153,,157934.0,48.95,new
JUBLPHARMA, EQ,2026-10-07,991.2,993.8,971.0,974.6,975.0,989.2,69406,67932000.0,11826,,37806.0,54.47,new
JUNIORBEES, EQ,2026-10-07,760.39,762.8,749.3,752.0,753.6,758.79,404636,304852000.0,14614,,296554.0,73.29,new
JUNIPER, EQ,2026-10-07,222.0,223.65,215.21,216.34,217.45,218.36,62425,13619000.0,1435,,29283.0,46.91,new
JUSTDIAL, EQ,2026-10-07,657.0,664.45,653.0,657.4,656.6,658.95,50927,33491000.000000004,3179,,20087.0,39.44,new
JWL, EQ,2026-10-07,223.67,226.9,221.8,223.56,223.0,224.64,478354,107184999.99999999,11226,,162137.0,33.89,new
JYOTHYLAB, EQ,2026-10-07,185.0,193.95,182.59,191.44,191.0,183.32,808049,152826000.0,19489,,224506.0,27.78,new
JYOTICNC, EQ,2026-10-07,1075.0,1081.0,1056.0,1071.0,1071.0,1073.1,699558,749055000.0,30557,,350406.0,50.09,new
JYOTIGLOBL, SM,2026-10-07,44.0,44.7,43.0,43.85,44.7,44.2,16000,700000.0,7,,16000.0,100.0,new
JYOTIRES, EQ,2026-10-07,849.6,850.0,833.35,842.95,848.0,849.6,5832,4936000.0,662,,3697.0,63.39,new
JYOTISTRUC, EQ,2026-10-07,8.96,9.26,8.8,9.03,9.06,8.94,2917830,26044000.0,2872,,1508696.0,51.71,new
K2INFRA, SM,2026-10-07,40.6,40.6,39.1,39.1,39.1,40.1,15000,596000.0,25,,12600.0,84.0,new
KABRAEXTRU, BE,2026-10-07,817.6,845.0,800.0,805.9,808.55,815.7,49892,41022000.0,1032,,,,new
KAJARIACER, EQ,2026-10-07,1217.7,1254.5,1201.2,1226.2,1230.0,1213.8,238403,294016000.0,20361,,116215.0,48.75,new
KAKATCEM, EQ,2026-10-07,105.44,107.3,104.45,105.95,107.1,105.44,1531,162000.0,52,,1051.0,68.65,new
KALAMANDIR, EQ,2026-10-07,77.01,77.55,76.11,77.01,76.5,77.36,218600,16827000.0,2776,,99759.0,45.64,new
KALANA, SM,2026-10-07,17.6,17.6,17.6,17.6,17.6,17.95,2000,35000.0,1,,2000.0,100.0,new
KALPATARU, EQ,2026-10-07,270.0,270.0,264.4,267.3,269.2,269.8,25781,6891000.0,812,,11218.0,43.51,new
KALYANIFRG, BE,2026-10-07,909.95,932.0,893.1,914.8,907.0,905.0,635,578000.0,65,,,,new
KALYANKJIL, EQ,2026-10-07,547.4,581.2,542.55,569.0,569.0,548.15,18559247,10538872000.0,174682,,3565773.0,19.21,new
KAMAHOLD, EQ,2026-10-07,2231.5,2255.9,2230.0,2236.2,2255.0,2253.3,299,671000.0,86,,182.0,60.87,new
KAMANWALA, EQ,2026-10-07,17.0,17.0,17.0,17.0,17.0,17.4,2,0.0,2,,2.0,100.0,new
KAMATHOTEL, EQ,2026-10-07,263.4,266.39,256.44,262.89,262.0,258.82,124340,32664999.999999996,3797,,57342.0,46.12,new
KAMDHENU, EQ,2026-10-07,37.42,39.5,37.13,38.08,38.48,37.31,1810766,69689000.0,8312,,694937.0,38.38,new
KAMOPAINTS, EQ,2026-10-07,4.17,4.17,4.06,4.07,4.09,4.11,107923,442000.0,485,,77956.0,72.23,new
KANANIIND, EQ,2026-10-07,1.35,1.36,1.32,1.33,1.32,1.35,74612,100000.0,319,,64414.0,86.33,new
KANCHI, EQ,2026-10-07,379.5,380.0,372.0,378.15,380.0,371.65,621,235000.0,48,,478.0,76.97,new
KANCOTEA, EQ,2026-10-07,52.99,52.99,50.99,52.55,52.55,50.47,252,13000.0,7,,252.0,100.0,new
KANDARP, SM,2026-10-07,60.8,61.0,59.95,61.0,61.0,59.0,23000,1395000.0,10,,23000.0,100.0,new
KANOHAR, EQ,2026-10-07,1030.0,1131.0,1011.2,1091.05,1074.4,942.5,18502805,19989658000.0,543974,,2309672.0,12.48,new
KANORICHEM, BE,2026-10-07,180.0,184.95,175.0,180.75,183.7,182.1,17869,3213000.0000000005,267,,,,new
KANPRPLA, EQ,2026-10-07,250.9,257.0,245.25,250.96,254.72,250.9,8703,2189000.0,466,,5142.0,59.08,new
KANSAINER, EQ,2026-10-07,183.11,194.49,180.63,192.4,194.0,184.0,1839514,344243000.0,37617,,1223453.0,66.51,new
KAPSTON, EQ,2026-10-07,550.0,550.0,543.0,545.45,547.4,547.25,29326,15997000.0,1169,,20036.0,68.32,new
KARAMTARA, EQ,2026-10-07,443.0,443.0,412.4,416.65,414.05,438.8,3685569,1573399000.0,80718,,969164.0,26.3,new
KARMAENG, EQ,2026-10-07,37.0,37.0,34.6,34.86,34.91,36.28,10214,360000.0,288,,7597.0,74.38,new
KARNIKA, SM,2026-10-07,119.1,122.45,119.1,120.2,120.15,120.95,24000,2886000.0,18,,14000.0,58.33,new
KARURVYSYA, EQ,2026-10-07,326.1,331.55,320.7,330.1,330.55,325.2,2515356,823750000.0,62531,,1541712.0,61.29,new
KATARIA, ST,2026-10-07,164.25,165.0,163.0,163.8,163.8,162.6,12600,2070000.0,21,,12000.0,95.24,new
KAUSHALYA, BE,2026-10-07,823.0,823.0,806.1,820.15,820.15,822.7,56,45000.0,15,,,,new
KAVDEFENCE, BE,2026-10-07,88.9,89.82,85.55,89.54,89.82,85.55,421382,37627000.0,2044,,,,new
KAYA, BE,2026-10-07,307.05,311.0,296.15,310.0,310.0,305.55,32353,9915000.0,75,,,,new
KAYNES, EQ,2026-10-07,3403.9,3429.0,3361.0,3365.0,3365.0,3405.0,692436,2347516000.0,45542,,148598.0,21.46,new
KCEIL, SM,2026-10-07,78.0,78.0,75.25,76.65,77.0,77.25,37500,2861000.0,56,,27500.0,73.33,new
KCK, ST,2026-10-07,15.2,15.45,15.0,15.45,15.45,15.0,112500,1723000.0,23,,97500.0,86.67,new
KCP, EQ,2026-10-07,155.0,155.87,152.75,154.33,154.0,154.41,189686,29174000.0,1951,,110094.0,58.04,new
KCPSUGIND, BE,2026-10-07,24.49,25.0,24.02,24.18,24.47,24.43,263401,6504000.000000001,625,,,,new
KDDL, EQ,2026-10-07,3965.0,4055.8,3965.0,3997.2,3985.7,3999.9,18883,75667000.0,5028,,9271.0,49.1,new
KDGREEN, EQ,2026-10-07,52.99,52.99,48.5,48.53,48.5,49.19,35828,1757000.0,420,,27824.0,77.66,new
KDL, SM,2026-10-07,40.55,40.55,40.55,40.55,40.55,42.65,2700,109000.00000000001,16,,2700.0,100.0,new
KEC, EQ,2026-10-07,375.0,375.15,362.0,362.5,363.0,374.9,1716962,627328000.0,40043,,811396.0,47.26,new
KECL, EQ,2026-10-07,125.41,131.5,125.41,129.04,129.5,128.11,272071,35009000.0,4439,,118634.0,43.6,new
KEEPLEARN, EQ,2026-10-07,1.81,1.95,1.7,1.86,1.88,1.79,116852,215000.0,239,,93929.0,80.38,new
KEI, EQ,2026-10-07,4560.2,4688.9,4495.0,4677.7,4677.7,4557.4,220874,1019208000.0,22931,,73596.0,33.32,new
KELLTONTEC, EQ,2026-10-07,12.25,12.42,12.12,12.15,12.13,12.41,960616,11747000.0,2817,,440681.0,45.87,new
KEN, SM,2026-10-07,42.85,42.85,40.0,42.1,42.1,42.85,10800,445000.0,9,,6000.0,55.56,new
KENNAMET, EQ,2026-10-07,4243.3,4301.8,4168.9,4180.9,4174.9,4268.6,11863,49918000.0,3901,,6769.0,57.06,new
KERNEX, EQ,2026-10-07,1754.9,1779.5,1702.1,1767.5,1777.0,1749.7,149534,260986000.0,14097,,55926.0,37.4,new
KESORAMIND, EQ,2026-10-07,11.1,11.15,10.75,10.81,10.8,10.76,445320,4859000.0,1347,,293466.0,65.9,new
KEYFINSERV, EQ,2026-10-07,254.95,254.95,238.66,240.0,240.0,241.53,1376,338000.0,59,,482.0,35.03,new
KFINTECH, EQ,2026-10-07,860.0,871.7,858.0,858.0,858.0,863.8,388798,336196000.0,35067,,154338.0,39.7,new
KHADIM, BE,2026-10-07,114.13,115.2,114.13,115.2,115.2,114.7,2012,231000.0,28,,,,new
KHAICHEM, EQ,2026-10-07,49.0,49.59,48.11,48.82,48.65,48.73,88182,4307000.0,1274,,44382.0,50.33,new
KHAITANLTD, EQ,2026-10-07,142.01,159.0,141.61,150.76,151.51,145.6,9188,1372000.0,268,,6461.0,70.32,new
KHANDSE, EQ,2026-10-07,17.19,17.2,16.5,17.16,17.16,16.97,194,3000.0,24,,108.0,55.67,new
KHERIAAUTO, ST,2026-10-07,92.0,93.9,89.5,92.15,92.15,89.45,48000,4427000.0,38,,43200.0,90.0,new
KICL, EQ,2026-10-07,4810.0,4932.3,4810.0,4881.9,4893.0,4808.3,1534,7479000.000000001,324,,1041.0,67.86,new
KILITCH, EQ,2026-10-07,260.7,267.9,254.6,256.25,255.6,260.7,180989,47192000.0,5026,,79140.0,43.73,new
KIMS, EQ,2026-10-07,700.0,704.2,686.1,693.95,693.0,693.4,692428,481430000.0,40780,,374983.0,54.15,new
KINGFA, EQ,2026-10-07,6932.0,6979.0,6760.0,6932.5,6979.0,6932.0,9197,63064000.0,3109,,4185.0,45.5,new
KIOCL, EQ,2026-10-07,339.3,354.0,337.8,349.35,351.0,344.6,127933,44401000.0,6534,,45426.0,35.51,new
KIRANVYPAR, EQ,2026-10-07,177.0,212.46,169.96,191.35,212.46,177.05,22423,4264000.0,544,,18022.0,80.37,new
KIRIINDUS, EQ,2026-10-07,561.7,565.9,553.7,556.25,555.35,564.1,361713,202101000.0,13536,,159845.0,44.19,new
KIRLFER, EQ,2026-10-07,472.9,478.0,467.85,473.8,475.35,472.75,69152,32741000.000000004,3875,,44615.0,64.52,new
KIRLOSBROS, EQ,2026-10-07,1733.5,1744.7,1710.0,1712.8,1711.3,1745.3,43337,74574000.0,7443,,23122.0,53.35,new
KIRLOSENG, EQ,2026-10-07,2270.0,2290.5,2206.1,2230.8,2230.0,2266.1,364515,814889000.0,34531,,158377.0,43.45,new
KIRLOSIND, EQ,2026-10-07,3541.4,3579.6,3520.2,3531.2,3521.0,3542.5,4656,16509000.0,1069,,1555.0,33.4,new
KIRLPNU, EQ,2026-10-07,713.4,718.95,691.75,696.15,695.0,710.85,120760,84856000.0,10633,,65078.0,53.89,new
KISSHT, EQ,2026-10-07,379.0,387.4,375.95,377.35,377.05,383.1,747467,285084000.0,25847,,261133.0,34.94,new
KITEX, EQ,2026-10-07,118.9,120.98,116.66,116.93,117.0,118.96,210532,24778000.0,3717,,97479.0,46.3,new
KJMCFIN, EQ,2026-10-07,58.3,61.97,58.3,58.45,58.5,59.03,132,8000.0,6,,115.0,87.12,new
KKCL, EQ,2026-10-07,474.6,481.45,472.0,475.55,478.1,474.55,31242,14900000.0,1483,,21615.0,69.19,new
KKJEWELS, SM,2026-10-07,99.8,99.8,95.7,96.1,96.1,99.9,7000,676000.0,7,,6000.0,85.71,new
KLBRENG-B, EQ,2026-10-07,533.0,538.85,514.05,524.35,523.9,528.4,179670,95260000.0,7662,,98649.0,54.91,new
KLL, ST,2026-10-07,41.0,42.9,41.0,42.3,42.85,40.9,25600,1085000.0,28,,24800.0,96.88,new
KMCSHIL, EQ,2026-10-07,172.5,185.18,170.36,183.22,183.15,170.36,1362750,247059000.0,22886,,380139.0,27.89,new
KMEW, EQ,2026-10-07,3210.3,3268.5,3178.0,3214.0,3215.0,3202.3,92519,297506000.0,16324,,36102.0,39.02,new
KMSUGAR, BE,2026-10-07,26.85,26.85,25.7,26.17,26.4,26.53,106338,2785000.0,418,,,,new
KNACK, EQ,2026-10-07,198.98,214.8,197.1,211.86,212.6,197.34,4515449,939469000.0,52425,,1455268.0,32.23,new
KNAGRI, EQ,2026-10-07,204.98,208.0,201.41,205.9,206.0,205.0,6941,1427000.0,198,,4242.0,61.12,new
KNRCON, EQ,2026-10-07,115.33,116.5,114.0,115.72,115.45,115.65,489996,56416000.0,5144,,229564.0,46.85,new
KODYTECH, ST,2026-10-07,1560.0,1560.0,1521.0,1533.45,1521.0,1556.55,10600,16440000.0,54,,10600.0,100.0,new
KOHINOOR, EQ,2026-10-07,29.29,29.65,28.55,29.42,29.56,28.89,104662,3052000.0,2550,,24576.0,23.48,new
KOKUYOCMLN, EQ,2026-10-07,76.4,76.4,72.1,73.0,73.22,74.57,68227,4981000.0,740,,37296.0,54.66,new
KOLTEPATIL, EQ,2026-10-07,434.55,438.0,427.0,435.9,437.25,433.55,33290,14379000.0,2086,,14001.0,42.06,new
KONSTELEC, ST,2026-10-07,52.5,52.5,48.7,48.7,48.7,50.0,11000,554000.0,7,,11000.0,100.0,new
KOPRAN, EQ,2026-10-07,269.6,279.5,267.05,276.5,276.8,269.6,300819,82798000.0,6512,,117408.0,39.03,new
KORE, ST,2026-10-07,198.8,204.75,190.0,202.05,204.75,195.0,14750,2921000.0,34,,14500.0,98.31,new
KOTAKBANK, EQ,2026-10-07,432.05,441.5,429.0,440.0,440.0,431.9,37972097,16664569000.0,264248,,26857344.0,70.73,new
KOTARISUG, BE,2026-10-07,26.15,26.94,25.52,25.94,25.86,26.15,18189,474000.0,188,,,,new
KOTHARIPET, EQ,2026-10-07,128.13,129.0,125.44,126.56,127.75,127.53,54672,6945999.999999999,1270,,28701.0,52.5,new
KOTHARIPRO, EQ,2026-10-07,64.64,65.81,63.5,65.08,65.0,64.64,2939,190000.0,68,,2528.0,86.02,new
KOTIC, EQ,2026-10-07,147.47,147.47,142.0,143.91,143.45,147.33,38655,5591000.0,3065,,27540.0,71.25,new
KOTYARK, EQ,2026-10-07,29.5,31.8,29.22,31.1,30.9,29.98,539007,16343000.0,1669,,341114.0,63.29,new
KOVAI, EQ,2026-10-07,5976.0,5992.0,5902.0,5919.5,5902.5,5936.0,4156,24629000.0,785,,3077.0,74.04,new
KPEL, EQ,2026-10-07,215.51,216.53,212.0,212.89,212.3,215.47,125317,26751000.0,3609,,54275.0,43.31,new
KPIGREEN, EQ,2026-10-07,325.7,341.5,320.0,334.45,334.7,326.8,1691178,558998000.0,41034,,382497.0,22.62,new
KPIL, EQ,2026-10-07,1456.9,1468.7,1431.6,1458.4,1454.1,1451.5,171837,249462000.0,18753,,78011.0,45.4,new
KPITTECH, EQ,2026-10-07,493.9,496.95,483.4,484.25,484.25,492.7,1032082,503892000.0,23824,,363686.0,35.24,new
KPL, EQ,2026-10-07,3783.9,3783.9,3642.1,3681.2,3720.0,3745.0,21347,79079000.0,3924,,9514.0,44.57,new
KPRMILL, EQ,2026-10-07,1101.0,1114.9,1088.6,1101.3,1101.3,1100.4,217508,239473999.99999997,17719,,140969.0,64.81,new
KRBL, EQ,2026-10-07,389.15,400.0,385.0,398.2,397.95,389.15,376596,148256000.0,13390,,157170.0,41.73,new
KREBSBIO, EQ,2026-10-07,58.15,61.97,58.15,59.72,59.9,58.86,30458,1841000.0,616,,13807.0,45.33,new
KRIDHANINF, EQ,2026-10-07,1.84,1.9,1.84,1.86,1.89,1.88,8557,16000.0,30,,7129.0,83.31,new
KRISHANA, EQ,2026-10-07,194.65,194.65,190.2,191.38,191.97,193.66,413924,79609000.0,7512,,191493.0,46.26,new
KRISHCA, SM,2026-10-07,210.0,210.75,206.5,207.75,210.0,209.9,5500,1148000.0,11,,3500.0,63.64,new
KRISHIVAL, EQ,2026-10-07,405.05,406.0,393.0,397.4,393.0,404.45,5354,2147000.0,273,,4215.0,78.73,new
KRISHNADEF, EQ,2026-10-07,1310.0,1310.0,1230.0,1242.1,1239.0,1312.3,176515,224273000.0,14322,,75852.0,42.97,new
KRITI, EQ,2026-10-07,60.05,61.0,57.65,59.07,58.5,60.03,8290,486000.00000000006,254,,6254.0,75.44,new
KRITIKA, EQ,2026-10-07,4.9,4.98,4.83,4.95,4.95,4.95,75321,370000.0,337,,55772.0,74.05,new
KRITINUT, EQ,2026-10-07,73.0,73.79,69.01,70.15,70.48,72.61,21419,1516000.0,520,,13773.0,64.3,new
KRMAYURVED, SM,2026-10-07,291.8,291.8,273.95,275.0,274.9,291.8,145000,40432000.0,126,,77000.0,53.1,new
KRN, EQ,2026-10-07,1457.4,1518.0,1454.0,1484.2,1485.0,1462.3,516318,771259000.0,35640,,202547.0,39.23,new
KRONOX, BE,2026-10-07,214.55,215.05,207.5,210.6,212.0,206.65,38705,8222000.0,537,,,,new
KROSS, EQ,2026-10-07,253.75,269.9,250.1,263.9,263.6,253.2,1500938,395620000.0,26491,,457496.0,30.48,new
KRSNAA, EQ,2026-10-07,556.2,556.2,543.5,548.1,550.0,552.7,33805,18540000.0,2145,,17923.0,53.02,new
KRT, RR,2026-10-07,112.4,112.7,111.9,112.24,112.17,112.4,1224978,137521000.0,3509,,1176263.0,96.02,new
KRYSTAL, EQ,2026-10-07,647.8,658.9,641.25,644.45,641.25,656.65,3241,2100000.0,376,,1913.0,59.02,new
KSB, EQ,2026-10-07,809.0,814.3,796.55,801.5,802.05,809.1,71157,57250000.0,5726,,33928.0,47.68,new
KSCL, EQ,2026-10-07,717.55,722.75,705.65,710.75,712.0,717.45,87226,62036000.0,4788,,30870.0,35.39,new
KSE, EQ,2026-10-07,180.0,180.0,174.6,176.84,176.0,176.86,5761,1018000.0,264,,4713.0,81.81,new
KSHINTL, EQ,2026-10-07,1040.9,1077.7,1033.0,1072.3,1068.0,1034.1,340263,361032000.0,22206,,137967.0,40.55,new
KSHITIJPOL, BE,2026-10-07,3.81,3.82,3.81,3.81,3.82,3.64,11750986,44868000.0,1938,,,,new
KSL, EQ,2026-10-07,938.0,942.0,924.0,932.65,934.0,942.8,40147,37488000.0,3268,,15957.0,39.75,new
KSOLVES, EQ,2026-10-07,251.44,254.79,243.82,246.44,246.0,248.96,29074,7231000.0,1603,,11960.0,41.14,new
KSR, BE,2026-10-07,39.3,39.3,37.25,37.56,38.45,38.3,9440,361000.0,69,,,,new
KTKBANK, EQ,2026-10-07,323.9,329.3,317.9,326.45,326.65,324.25,1917889,623764000.0,40762,,1185961.0,61.84,new
KUANTUM, EQ,2026-10-07,75.31,77.29,75.0,76.72,77.29,75.31,68656,5214000.0,1114,,47151.0,68.68,new
KUSUMGAR, EQ,2026-10-07,616.6,632.0,604.75,626.85,626.7,611.0,187736,116884999.99999999,11600,,93945.0,50.04,new
KWIL, EQ,2026-10-07,38.65,38.85,37.7,38.06,38.01,38.29,5607252,214560000.0,24362,,2277480.0,40.62,new
LADDERUP, BE,2026-10-07,52.18,52.18,49.99,51.9,51.9,52.2,380,19000.0,16,,,,new
LAGNAM, EQ,2026-10-07,73.59,74.0,72.01,72.26,72.3,73.59,2483,183000.0,24,,2470.0,99.48,new
LAHOTIOV, EQ,2026-10-07,38.95,40.0,38.6,39.9,40.0,39.12,2408,95000.0,50,,1994.0,82.81,new
LAKPRE, BZ,2026-10-07,5.2,5.2,5.2,5.2,5.2,5.25,1002,5000.0,3,,,,new
LAKSHMIMIL, EQ,2026-10-07,7734.0,7734.0,7600.0,7715.0,7715.0,7733.5,8,61000.0,8,,6.0,75.0,new
LAKSHYA, SM,2026-10-07,96.9,97.7,96.9,97.7,97.7,93.05,9600,936000.0,12,,9600.0,100.0,new
LAL, EQ,2026-10-07,8.5,8.75,8.35,8.61,8.5,8.5,11575,99000.0,81,,9983.0,86.25,new
LALITHAA, EQ,2026-10-07,407.0,414.1,392.25,394.85,395.5,405.45,4147890,1662815000.0000002,44934,,2190768.0,52.82,new
LALPATHLAB, EQ,2026-10-07,1952.5,1970.0,1930.7,1945.1,1938.0,1964.2,254536,495385999.99999994,32503,,158368.0,62.22,new
LAMBODHARA, EQ,2026-10-07,138.0,138.0,130.5,133.74,134.9,135.95,8366,1125000.0,422,,5148.0,61.53,new
LAMOSAIC, ST,2026-10-07,47.3,47.3,45.35,47.2,47.3,47.7,21000,971000.0000000001,29,,16800.0,80.0,new
LANCER, EQ,2026-10-07,11.25,11.34,10.9,10.98,11.07,11.28,198181,2192000.0,845,,129796.0,65.49,new
LANCORHOL, BE,2026-10-07,32.2,32.48,31.12,31.41,31.95,32.21,33605,1066000.0,173,,,,new
LANDMARK, EQ,2026-10-07,480.0,485.0,474.2,480.95,483.6,480.6,68685,32941000.000000004,1957,,37610.0,54.76,new
LANDSMILL, BE,2026-10-07,0.9,0.91,0.89,0.89,0.89,0.93,2085318,1860000.0000000002,1093,,,,new
LAOPALA, EQ,2026-10-07,159.07,159.9,154.31,155.04,154.31,159.07,100907,15807000.0,3234,,64354.0,63.78,new
LARGEMID50, EQ,2026-10-07,34.36,34.53,34.28,34.37,34.37,34.63,2113,73000.0,16,,1701.0,80.5,new
LASERPOWER, EQ,2026-10-07,279.85,287.8,273.5,284.55,283.1,278.8,786184,221217999.99999997,11384,,436998.0,55.58,new
LATENTVIEW, EQ,2026-10-07,234.44,235.99,229.1,230.08,231.74,233.28,638016,147630000.0,7570,,378511.0,59.33,new
LATTEYS, EQ,2026-10-07,22.1,22.59,21.35,21.87,21.98,21.89,69991,1548000.0,261,,55202.0,78.87,new
LAURUSLABS, EQ,2026-10-07,2052.0,2065.2,2035.6,2052.8,2052.8,2050.0,1499990,3073199000.0,57089,,667925.0,44.53,new
LAXMICOT, EQ,2026-10-07,12.89,13.19,12.77,12.8,12.8,12.63,2219,28999.999999999996,14,,2067.0,93.15,new
LAXMIDENTL, EQ,2026-10-07,190.54,198.0,190.0,197.12,197.5,190.53,107375,20951000.0,1888,,65079.0,60.61,new
LAXMIINDIA, EQ,2026-10-07,112.1,113.49,110.0,110.81,110.1,111.59,64905,7254000.000000001,1492,,35961.0,55.41,new
LCCINFOTEC, BE,2026-10-07,3.59,3.68,3.42,3.46,3.44,3.59,58915,202999.99999999997,106,,,,new
LCCPROJECT, EQ,2026-10-07,144.0,145.9,141.51,143.97,143.98,144.08,694750,99614000.0,8117,,147709.0,21.26,new
LCL, EQ,2026-10-07,630.1,638.7,613.25,624.1,622.0,627.55,599031,376080000.0,26734,,247905.0,41.38,new
LEAPIND, EQ,2026-10-07,141.24,150.59,141.24,148.03,147.8,142.48,3817325,565156000.0,43106,,1817280.0,47.61,new
LEENEE, BE,2026-10-07,7.49,7.55,7.06,7.34,7.21,7.39,5502,41000.0,35,,,,new
LEMERITE, EQ,2026-10-07,20.0,20.3,19.06,19.26,19.44,19.8,151025,2950000.0,228,,30929.0,20.48,new
LEMONTREE, EQ,2026-10-07,109.8,113.55,108.81,112.52,112.5,110.12,6232616,699689000.0,55804,,3001072.0,48.15,new
LENSKART, EQ,2026-10-07,688.0,691.95,679.5,681.3,680.25,684.85,1835430,1254392000.0,53323,,1100466.0,59.96,new
LEXUS, EQ,2026-10-07,10.81,10.99,9.0,9.48,9.49,10.81,242702,2326000.0,974,,136178.0,56.11,new
LFIC, EQ,2026-10-07,130.0,131.0,125.82,129.0,127.0,130.42,468,60000.0,57,,321.0,68.59,new
LGBBROSLTD, EQ,2026-10-07,1657.8,1724.9,1644.1,1715.8,1710.0,1657.8,22620,38447000.0,3950,,9526.0,42.11,new
LGEINDIA, EQ,2026-10-07,1757.4,1790.0,1751.5,1780.3,1785.0,1758.6,371600,656728000.0,36960,,178610.0,48.07,new
LGHL, EQ,2026-10-07,228.0,228.0,212.0,215.12,217.0,213.69,33116,7116000.0,658,,12233.0,36.94,new
LIBAS, EQ,2026-10-07,11.88,11.99,11.28,11.55,11.7,11.51,15851,185000.0,173,,10209.0,64.41,new
LIBERTSHOE, EQ,2026-10-07,218.57,219.54,215.11,216.48,216.3,218.57,11336,2457000.0,440,,7192.0,63.44,new
LICHSGFIN, EQ,2026-10-07,503.45,517.15,497.2,515.4,515.4,502.0,2958457,1507944000.0,33894,,1267570.0,42.85,new
LICI, EQ,2026-10-07,390.0,393.35,382.5,386.3,386.3,390.0,4216811,1630861000.0,46238,,2212116.0,52.46,new
LICMFGOLD, EQ,2026-10-07,131.65,132.55,131.65,132.25,132.1,132.0,455323,60315000.0,521,,440119.0,96.66,new
LICNETFGSC, EQ,2026-10-07,28.29,29.28,28.29,28.93,28.96,29.02,13335,386000.0,75,,12566.0,94.23,new
LICNETFN50, EQ,2026-10-07,255.23,255.81,252.87,254.0,254.0,255.83,122,31000.0,20,,105.0,86.07,new
LICNETFSEN, EQ,2026-10-07,825.21,878.0,801.11,817.51,817.92,823.0,128,106000.0,22,,55.0,42.97,new
LICNFNHGP, EQ,2026-10-07,261.51,264.13,260.56,260.56,260.56,262.4,1019,267000.0,9,,1007.0,98.82,new
LICNMID100, EQ,2026-10-07,59.58,60.5,59.45,59.58,59.5,59.62,15216,916000.0,89,,12310.0,80.9,new
LIKHITHA, EQ,2026-10-07,225.01,237.19,224.41,234.14,234.0,226.66,53476,12368000.0,1728,,27952.0,52.27,new
LINC, EQ,2026-10-07,86.2,87.8,86.05,86.84,86.51,88.25,22189,1923000.0,394,,13430.0,60.53,new
LINCOLN, EQ,2026-10-07,580.65,580.65,561.15,563.85,562.4,577.8,26964,15300000.0,2291,,16732.0,62.05,new
LINDEINDIA, EQ,2026-10-07,6119.0,6119.0,6065.0,6094.0,6085.0,6152.5,6366,38788000.0,2100,,2967.0,46.61,new
LIQGRWBEES, EQ,2026-10-07,1058.01,1058.46,1056.99,1058.45,1058.45,1058.31,45192,47833000.0,219,,29078.0,64.34,new
LIQUID, EQ,2026-10-07,1004.99,1004.99,999.99,999.99,999.99,999.99,138344,138344000.0,179,,86968.0,62.86,new
LIQUID1, EQ,2026-10-07,1115.35,1128.0,1115.35,1125.82,1125.82,1125.67,672408,757007000.0,1198,,345718.0,51.41,new
LIQUIDADD, EQ,2026-10-07,1148.01,1148.04,1148.01,1148.02,1148.02,1147.87,321398,368974000.0,263,,210052.0,65.36,new
LIQUIDBEES, EQ,2026-10-07,999.99,1000.01,999.3,1000.0,1000.0,999.99,5245825,5245860000.0,4832,,4521253.0,86.19,new
LIQUIDBETF, EQ,2026-10-07,1101.9,1101.92,1101.9,1101.91,1101.91,1101.75,282515,311306000.0,67,,147437.0,52.19,new
LIQUIDCASE, EQ,2026-10-07,116.25,116.27,116.25,116.25,116.26,116.23,19441650,2260262000.0,12356,,14995599.0,77.13,new
LIQUIDETF, EQ,2026-10-07,1000.0,1000.01,999.99,1000.0,1000.0,1000.0,93403,93403000.0,283,,75161.0,80.47,new
LIQUIDIETF, EQ,2026-10-07,999.96,1000.01,999.96,999.99,1000.0,999.99,355024,355024000.0,237,,209048.0,58.88,new
LIQUIDPLUS, EQ,2026-10-07,1106.46,1106.48,1106.46,1106.47,1106.48,1106.32,309194,342113000.0,270,,226287.0,73.19,new
LIQUIDSBI, EQ,2026-10-07,999.99,1000.01,999.99,1000.01,1000.01,999.99,1677,1677000.0,17,,1361.0,81.16,new
LIQUIDSHRI, EQ,2026-10-07,1124.54,1124.56,1124.54,1124.55,1124.54,1124.42,599,674000.0,16,,442.0,73.79,new
LKPSEC, EQ,2026-10-07,14.3,14.3,13.01,13.65,13.61,14.3,17851,242000.0,146,,13893.0,77.83,new
LLOYDS, SM,2026-10-07,59.0,60.6,58.9,59.5,59.5,62.0,9000,534000.0,9,,7000.0,77.78,new
LLOYDSENGG, EQ,2026-10-07,101.35,103.4,100.05,101.1,101.16,101.15,10569722,1075721000.0,43541,,3916315.0,37.05,new
LLOYDSENT, EQ,2026-10-07,78.66,79.8,77.72,78.98,78.6,78.83,1865814,147277000.0,12327,,828060.0,44.38,new
LLOYDSME, EQ,2026-10-07,1853.6,1854.7,1827.0,1844.5,1843.5,1858.2,251085,463225000.0,23048,,137256.0,54.67,new
LMW, EQ,2026-10-07,16999.0,17350.0,16600.0,16819.0,16874.0,16910.0,2818,47358000.0,1208,,1399.0,49.65,new
LODHA, EQ,2026-10-07,1129.9,1141.0,1109.4,1109.4,1109.4,1135.6,1923289,2161279000.0,44468,,1180875.0,61.4,new
LOKESHMACH, EQ,2026-10-07,446.9,475.0,445.0,465.45,465.95,455.7,252924,117958000.0,8011,,114204.0,45.15,new
LORDSCHLO, EQ,2026-10-07,140.0,140.59,137.0,139.5,140.0,139.21,11087,1542000.0,318,,8227.0,74.2,new
LOTUSCHO, EQ,2026-10-07,590.0,693.5,581.9,646.85,642.0,579.65,106548,68772000.0,5645,,30570.0,28.69,new
LOTUSDEV, BE,2026-10-07,237.3,247.0,237.0,242.92,243.9,244.73,918484,220523999.99999997,3633,,,,new
LOTUSEYE, EQ,2026-10-07,115.0,116.89,114.1,114.84,114.46,115.37,3251,374000.0,180,,3050.0,93.82,new
LOVABLE, EQ,2026-10-07,71.0,71.0,68.56,68.73,68.73,69.0,2482,171000.0,121,,1802.0,72.6,new
LOWVOL, EQ,2026-10-07,192.83,192.87,191.97,192.52,192.52,193.43,911,175000.0,13,,509.0,55.87,new
LOWVOL1, EQ,2026-10-07,19.85,19.85,19.54,19.57,19.57,19.85,169816,3338000.0000000005,12874,,127074.0,74.83,new
LOWVOLIETF, EQ,2026-10-07,20.88,20.88,20.5,20.53,20.66,20.69,900530,18504000.0,13718,,594671.0,66.04,new
LOYALTEX, EQ,2026-10-07,207.0,209.0,205.2,208.02,209.0,207.0,432,89000.0,7,,432.0,100.0,new
LPDC, EQ,2026-10-07,6.35,6.35,6.18,6.25,6.28,6.23,11999,75000.0,122,,6845.0,57.05,new
LRRPL, SM,2026-10-07,95.7,96.0,95.7,95.7,95.7,100.7,15000,1436000.0,10,,15000.0,100.0,new
LT, EQ,2026-10-07,3750.0,3758.1,3684.6,3701.5,3701.5,3770.0,1609969,5976877000.0,88514,,958784.0,59.55,new
LTF, EQ,2026-10-07,264.0,266.75,258.85,260.25,260.25,264.4,7005951,1833668000.0,59785,,3230998.0,46.12,new
LTFOODS, EQ,2026-10-07,408.05,421.9,407.35,418.2,419.0,408.15,487332,202278000.0,19471,,178848.0,36.7,new
LTGILTBEES, EQ,2026-10-07,29.54,29.58,29.47,29.51,29.5,29.54,949721,28017000.0,750,,591976.0,62.33,new
LTGILTCASE, EQ,2026-10-07,30.16,30.16,29.98,30.06,30.1,30.08,305490,9182000.0,254,,284895.0,93.26,new
LTM, EQ,2026-10-07,3971.0,4008.0,3905.6,3930.0,3930.0,3971.1,255181,1011274000.0,26083,,68876.0,26.99,new
LTTS, EQ,2026-10-07,3246.0,3291.0,3216.6,3252.1,3264.0,3246.0,46255,150899000.0,8565,,14451.0,31.24,new
LUMAXIND, EQ,2026-10-07,5434.5,5464.5,5370.5,5401.5,5401.0,5435.5,7449,40296000.0,2356,,3858.0,51.79,new
LUMAXTECH, EQ,2026-10-07,1862.9,1900.9,1810.0,1849.2,1845.0,1856.9,202771,377149000.0,28176,,67394.0,33.24,new
LUMINO, EQ,2026-10-07,101.6,109.6,101.5,108.9,109.1,101.67,13878425,1490815000.0,76377,,3494604.0,25.18,new
LUPIN, EQ,2026-10-07,2029.3,2030.8,2001.5,2012.9,2012.9,2029.3,787301,1586463000.0,43331,,475957.0,60.45,new
LUXIND, EQ,2026-10-07,1177.9,1200.0,1142.9,1157.5,1165.0,1177.0,23431,27370999.999999996,2966,,8957.0,38.23,new
LXCHEM, EQ,2026-10-07,188.1,193.77,185.3,190.35,190.8,188.86,2013189,382959000.0,35588,,668678.0,33.21,new
LYKALABS, BE,2026-10-07,73.7,75.64,73.7,74.3,74.3,75.26,15990,1188000.0,70,,,,new
M&M, EQ,2026-10-07,2823.6,2837.9,2800.0,2800.0,2800.0,2855.0,3361287,9463176000.0,121389,,2145846.0,63.84,new
M&MFIN, EQ,2026-10-07,327.4,331.0,319.9,321.75,320.0,327.75,2047176,666179000.0,75629,,1246817.0,60.9,new
MAANALU, EQ,2026-10-07,104.0,105.34,102.0,103.99,103.0,105.03,47078,4881000.0,855,,24016.0,51.01,new
MACOBSTECH, SM,2026-10-07,198.0,205.4,196.0,205.05,205.0,203.7,63200,12876000.0,23,,39200.0,62.03,new
MACPOWER, EQ,2026-10-07,2090.1,2108.9,2030.0,2062.9,2040.0,2090.1,27342,56354999.99999999,4132,,13567.0,49.62,new
MADHAV, EQ,2026-10-07,34.9,34.9,33.6,33.62,33.6,33.93,847,28999.999999999996,43,,369.0,43.57,new
MADHAVBAUG, ST,2026-10-07,165.0,172.8,165.0,168.95,172.8,173.0,4800,799000.0,10,,4400.0,91.67,new
MADHAVIPL, EQ,2026-10-07,7.48,7.48,7.2,7.39,7.33,7.35,48422,355000.0,175,,42854.0,88.5,new
MADHUCON, EQ,2026-10-07,4.0,4.05,3.85,3.93,4.04,3.96,25147,98000.0,100,,23412.0,93.1,new
MADHURKNIT, SM,2026-10-07,55.2,57.9,54.15,57.45,57.8,55.1,27600,1547000.0,22,,21600.0,78.26,new
MADHUSUDAN, ST,2026-10-07,224.55,230.2,220.0,230.2,230.2,227.15,29000,6501000.000000001,28,,29000.0,100.0,new
MADRASFERT, EQ,2026-10-07,58.98,59.3,58.64,58.89,58.8,58.98,12364,729000.0,423,,7915.0,64.02,new
MAFANG, EQ,2026-10-07,280.4,297.0,276.13,295.01,296.0,276.13,1807873,526355000.0,34916,,777933.0,43.03,new
MAFATIND, EQ,2026-10-07,115.85,116.7,115.11,115.95,115.11,115.64,20020,2321000.0,548,,15144.0,75.64,new
MAGADSUGAR, EQ,2026-10-07,554.35,570.0,552.05,562.3,561.5,552.45,52127,29351000.0,3378,,20073.0,38.51,new
MAGNUM, EQ,2026-10-07,18.37,18.37,18.11,18.18,18.11,18.19,4625,84000.0,37,,4560.0,98.59,new
MAHABANK, EQ,2026-10-07,80.8,84.5,79.89,84.15,84.15,80.8,20883267,1727709999.9999998,68940,,7725250.0,36.99,new
MAHAPEXLTD, EQ,2026-10-07,50.0,52.98,50.0,51.66,52.0,50.84,2223,114999.99999999999,44,,1749.0,78.68,new
MAHASTEEL, BE,2026-10-07,1139.3,1139.3,1097.1,1114.9,1101.7,1139.3,803,897000.0000000001,113,,,,new
MAHEPC, EQ,2026-10-07,98.97,99.8,96.61,98.37,98.3,98.97,7692,761000.0,328,,4739.0,61.61,new
MAHESHWARI, EQ,2026-10-07,71.44,71.44,70.25,71.2,71.2,71.44,2771,196000.0,31,,2766.0,99.82,new
MAHICKRA, SM,2026-10-07,270.0,293.0,270.0,281.5,293.0,280.0,1500,422000.0,2,,750.0,50.0,new
MAHKTECH, EQ,2026-10-07,22.45,23.25,22.2,23.0,23.02,22.25,1477196,33949000.0,5851,,1088045.0,73.66,new
MAHLIFE, EQ,2026-10-07,356.95,360.95,348.5,351.1,351.8,352.2,259250,91697000.0,11365,,65725.0,25.35,new
MAHLOG, EQ,2026-10-07,415.7,419.3,407.55,411.15,410.5,415.05,118205,48714000.0,7334,,59298.0,50.17,new
MAHSCOOTER, EQ,2026-10-07,12300.0,12376.0,12180.0,12242.0,12230.0,12315.0,5400,66258000.00000001,2298,,2973.0,55.06,new
MAHSEAMLES, EQ,2026-10-07,682.5,698.9,671.7,692.75,693.0,685.7,368489,253383000.0,30634,,214520.0,58.22,new
MAITHANALL, EQ,2026-10-07,915.0,922.95,904.0,905.75,904.5,911.0,34492,31435000.000000004,2629,,16716.0,48.46,new
MAITREYA, SM,2026-10-07,117.0,118.5,117.0,118.1,118.3,113.5,2400,283000.0,6,,2400.0,100.0,new
MAJESAUT, BE,2026-10-07,369.15,376.0,366.0,367.6,372.0,369.15,2423,900000.0,119,,,,new
MAKEINDIA, EQ,2026-10-07,157.0,157.0,154.81,155.25,155.34,157.0,23264,3615000.0,527,,14748.0,63.39,new
MAKERSL, EQ,2026-10-07,183.0,185.8,178.61,179.21,179.21,183.0,351,64000.0,18,,256.0,72.93,new
MAL, ST,2026-10-07,38.0,38.55,38.0,38.55,38.55,38.0,9600,367000.0,5,,8000.0,83.33,new
MALLCOM, EQ,2026-10-07,903.3,925.0,898.0,902.1,901.5,903.3,2789,2517000.0,273,,2211.0,79.28,new
MALUPAPER, EQ,2026-10-07,32.5,32.97,30.2,31.08,31.05,32.4,30035,933000.0,308,,16238.0,54.06,new
MAMATA, EQ,2026-10-07,395.5,397.95,390.05,395.95,394.9,395.65,72502,28500000.0,2696,,47705.0,65.8,new
MANAKALUCO, EQ,2026-10-07,33.24,33.87,32.0,32.21,32.22,33.24,84982,2753000.0,697,,66173.0,77.87,new
MANAKCOAT, EQ,2026-10-07,130.89,133.19,128.1,129.25,129.46,129.32,194836,25349000.0,2489,,119421.0,61.29,new
MANAKSIA, EQ,2026-10-07,59.5,59.5,57.96,58.26,58.54,59.05,19558,1148000.0,423,,14988.0,76.63,new
MANAKSTEEL, BE,2026-10-07,108.34,114.32,106.0,110.97,110.05,108.88,48669,5438000.0,473,,,,new
MANALIPETC, EQ,2026-10-07,93.0,93.0,87.7,90.48,90.69,92.36,3975432,356004000.0,22075,,1056329.0,26.57,new
MANAPPURAM, EQ,2026-10-07,310.2,315.9,308.0,308.9,308.9,310.2,4398209,1372228000.0,29911,,1734754.0,39.44,new
MANBA, EQ,2026-10-07,142.15,142.4,139.2,141.74,141.5,141.35,48842,6895999.999999999,702,,17710.0,36.26,new
MANCREDIT, EQ,2026-10-07,239.99,244.07,236.0,240.56,239.0,231.9,119524,28855000.0,1530,,20124.0,16.84,new
MANDEEP, SM,2026-10-07,18.3,18.3,18.0,18.0,18.0,18.4,10000,182000.0,3,,10000.0,100.0,new
MANGALAM, EQ,2026-10-07,32.49,33.95,31.6,33.09,33.06,31.86,78218,2597000.0,739,,64724.0,82.75,new
MANGLMCEM, EQ,2026-10-07,991.7,1000.45,961.65,971.1,973.8,988.1,50762,49537000.0,2912,,33933.0,66.85,new
MANIKA, EQ,2026-10-07,53.5,61.0,42.0,58.64,58.13,51.52,18085851,992514000.0,86325,,3471199.0,19.19,new
MANILAM, SM,2026-10-07,35.0,35.0,35.0,35.0,35.0,34.85,2000,70000.0,1,,2000.0,100.0,new
MANINDS, EQ,2026-10-07,922.0,929.0,890.05,905.75,903.95,922.05,333776,304759000.0,17944,,131641.0,39.44,new
MANINFRA, EQ,2026-10-07,123.0,123.36,121.2,122.52,122.41,123.24,764088,93373000.0,4101,,368972.0,48.29,new
MANIPALHOS, EQ,2026-10-07,691.15,704.65,677.0,699.15,700.0,690.5,443752,307546000.0,21681,,148409.0,33.44,new
MANKIND, EQ,2026-10-07,2500.9,2530.0,2480.1,2500.0,2500.0,2500.0,242210,607628000.0,23054,,102995.0,42.52,new
MANOMAY, EQ,2026-10-07,242.99,244.96,234.0,236.9,234.0,240.14,186922,44531000.0,7098,,24851.0,13.29,new
MANORAMA, EQ,2026-10-07,1999.8,2043.0,1987.1,1996.0,2000.5,1985.6,175806,354283000.0,16462,,80469.0,45.77,new
MANORG, EQ,2026-10-07,449.0,449.0,434.1,438.0,437.0,436.1,6074,2675000.0,251,,4727.0,77.82,new
MANUFGBEES, EQ,2026-10-07,155.0,156.0,153.05,153.85,154.04,155.23,9035,1393000.0,243,,8980.0,99.39,new
MANUGRAPH, BE,2026-10-07,16.7,17.0,15.91,16.31,16.25,16.45,53325,894000.0,84,,,,new
MANYAVAR, EQ,2026-10-07,507.4,509.85,491.65,500.2,496.0,505.4,276295,138287000.0,29585,,130901.0,47.38,new
MAPMYINDIA, EQ,2026-10-07,895.0,904.8,888.0,896.0,895.4,896.6,53855,48300000.0,4844,,29233.0,54.28,new
MARALOVER, EQ,2026-10-07,59.7,59.7,57.4,58.48,58.48,57.99,3783,221000.0,97,,3099.0,81.92,new
MARATHON, EQ,2026-10-07,376.45,382.25,369.0,377.7,378.0,374.6,88066,33083000.0,2628,,48840.0,55.46,new
MARC, ST,2026-10-07,152.0,155.85,152.0,155.85,155.85,148.45,7200,1116000.0,6,,7200.0,100.0,new
MARCO, SM,2026-10-07,28.0,29.0,28.0,29.0,29.0,28.9,4500,128000.0,3,,3000.0,66.67,new
MARICO, EQ,2026-10-07,794.0,795.8,783.4,787.25,787.25,794.15,1064427,839073000.0,48101,,646330.0,60.72,new
MARINE, EQ,2026-10-07,476.7,490.85,471.1,476.4,475.0,478.85,1413767,679221000.0,34955,,535618.0,37.89,new
MARINETRAN, ST,2026-10-07,13.8,13.8,13.8,13.8,13.8,14.5,8000,110000.00000000001,2,,4000.0,50.0,new
MARKOLINES, EQ,2026-10-07,170.66,171.44,166.23,169.6,170.25,170.41,187834,31762000.0,1423,,46710.0,24.87,new
MARKSANS, EQ,2026-10-07,325.8,329.0,318.45,325.45,326.05,324.4,2155353,697913000.0,41518,,865694.0,40.16,new
MARSONS, EQ,2026-10-07,123.0,138.95,122.38,132.45,132.7,119.24,19136401,2510114000.0,147584,,2566701.0,13.41,new
MARUTI, EQ,2026-10-07,11561.0,11597.0,11383.0,11450.0,11450.0,11625.0,628155,7198983000.0,63463,,377682.0,60.13,new
MASFIN, EQ,2026-10-07,264.3,286.65,263.9,270.25,271.8,266.9,1010890,275356000.0,15871,,387308.0,38.31,new
MASKINVEST, EQ,2026-10-07,144.99,145.0,144.99,144.99,145.0,147.49,20,3000.0,2,,10.0,50.0,new
MASON, SM,2026-10-07,104.05,105.0,100.0,101.0,101.0,104.35,27000,2753000.0,36,,24000.0,88.89,new
MASPTOP50, EQ,2026-10-07,113.82,118.0,111.32,116.81,117.88,111.05,1568731,182119000.0,16198,,690004.0,43.98,new
MASTEK, EQ,2026-10-07,1619.0,1640.7,1598.1,1624.9,1623.0,1616.3,51331,83399000.0,9128,,24800.0,48.31,new
MASTER, SM,2026-10-07,415.0,415.0,415.0,415.0,415.0,410.5,1500,623000.0,3,,1500.0,100.0,new
MASTERTR, EQ,2026-10-07,82.52,91.34,81.51,82.94,83.05,82.62,1651954,141087000.0,14412,,245285.0,14.85,new
MATRIMONY, EQ,2026-10-07,512.95,527.95,507.85,517.5,515.0,509.6,14894,7784999.999999999,762,,10889.0,73.11,new
MAWANASUG, EQ,2026-10-07,147.98,155.5,147.32,151.66,152.0,147.89,526482,80454000.0,9433,,189914.0,36.07,new
MAXESTATES, EQ,2026-10-07,569.9,570.05,548.0,550.5,557.9,564.95,56627,31483000.0,3576,,30859.0,54.5,new
MAXHEALTH, EQ,2026-10-07,900.0,911.25,891.6,908.0,908.0,902.5,2002385,1805805000.0,39390,,1036217.0,51.75,new
MAXIND, EQ,2026-10-07,165.9,165.99,160.25,162.27,161.0,165.84,33743,5528000.0,1183,,16685.0,49.45,new
MAXPOSURE, SM,2026-10-07,35.0,35.0,33.6,34.6,34.6,35.0,3000,103000.0,3,,2000.0,66.67,new
MAXVOLT, SM,2026-10-07,433.05,459.75,432.1,442.6,446.0,440.75,57600,25675000.0,137,,32000.0,55.56,new
MAYASHEEL, SM,2026-10-07,33.0,34.85,33.0,33.0,33.0,36.2,24000,806000.0,8,,15000.0,62.5,new
MAYURUNIQ, EQ,2026-10-07,760.95,767.4,748.0,762.85,765.0,761.15,78870,59828000.0,5104,,41037.0,52.03,new
MAZDA, BE,2026-10-07,281.1,289.9,278.0,283.65,285.0,283.4,26709,7587000.0,512,,,,new
MAZDOCK, EQ,2026-10-07,2101.0,2102.5,2052.4,2064.4,2064.4,2101.0,437816,905570999.9999999,25701,,172439.0,39.39,new
MBAPL, EQ,2026-10-07,167.0,169.15,165.21,168.02,168.5,166.95,341290,57278000.0,5195,,150155.0,44.0,new
MBECL, BE,2026-10-07,483.95,483.95,483.95,483.95,483.95,493.8,1537,744000.0,44,,,,new
MBEL, EQ,2026-10-07,255.0,300.74,250.26,290.6,288.0,255.41,7111495,2048103000.0,91332,,452931.0,6.37,new
MBLINFRA, EQ,2026-10-07,25.88,25.94,24.7,25.06,25.0,25.05,104724,2660000.0,522,,73007.0,69.71,new
MCCHRLS-B, EQ,2026-10-07,665.0,688.0,658.2,672.55,677.0,674.25,737,491000.0,19,,712.0,96.61,new
MCL, EQ,2026-10-07,56.0,56.0,54.13,55.27,55.42,54.82,51630,2850000.0,1628,,30995.0,60.03,new
MCLEODRUSS, EQ,2026-10-07,42.01,43.36,41.71,42.0,42.2,42.6,156711,6673999.999999999,971,,97796.0,62.41,new
MCLOUD, EQ,2026-10-07,24.98,25.2,24.6,24.76,24.79,24.85,1192358,29683999.999999996,2563,,327062.0,27.43,new
MCON, SM,2026-10-07,39.9,40.9,39.0,40.9,40.9,39.95,16000,640000.0,13,,14000.0,87.5,new
MCX, EQ,2026-10-07,3305.0,3374.6,3267.8,3362.6,3362.6,3310.0,2369566,7902333000.0,151038,,1090854.0,46.04,new
MEDANTA, EQ,2026-10-07,1300.0,1300.1,1258.8,1294.1,1293.8,1300.8,463494,591988000.0,43832,,264611.0,57.09,new
MEDIASSIST, EQ,2026-10-07,306.45,307.05,298.4,300.0,300.95,306.25,245485,73865000.0,13231,,168368.0,68.59,new
MEDICAMEQ, BE,2026-10-07,313.0,315.3,304.0,313.25,313.3,311.95,21741,6720999.999999999,284,,,,new
MEDICAPQ, BE,2026-10-07,24.5,24.99,24.0,24.5,24.5,24.99,1968,48000.0,10,,,,new
MEDICO, EQ,2026-10-07,22.5,22.56,21.85,22.37,22.49,22.17,215603,4800000.0,1146,,150661.0,69.88,new
MEDPLUS, EQ,2026-10-07,654.0,654.0,641.75,647.3,643.0,651.45,54469,35227000.0,6679,,31688.0,58.18,new
MEESHO, EQ,2026-10-07,236.99,240.34,234.0,236.52,236.15,238.22,13483541,3201538000.0,85654,,5641694.0,41.84,new
MEGAFLEX, SM,2026-10-07,123.0,123.0,123.0,123.0,123.0,120.25,1000,123000.0,1,,1000.0,100.0,new
MEGASTAR, EQ,2026-10-07,291.41,312.99,288.27,309.06,311.0,289.97,16694,5124000.0,650,,13686.0,81.98,new
MEGATHERM, SM,2026-10-07,250.0,254.4,245.0,248.65,249.0,245.9,15600,3897000.0,34,,11600.0,74.36,new
MEIL, EQ,2026-10-07,262.4,275.6,260.25,274.4,274.7,263.45,48196,13069000.0,1942,,24520.0,50.88,new
MENNPIS, BE,2026-10-07,70.95,72.55,70.1,72.11,71.8,70.19,21943,1563000.0,138,,,,new
MENONBE, EQ,2026-10-07,309.65,313.75,294.0,301.45,301.9,304.95,224158,68399000.0,4864,,107988.0,48.17,new
MEP, BZ,2026-10-07,0.68,0.68,0.68,0.68,0.68,0.67,9373,6000.0,12,,,,new
MERCANTILE, EQ,2026-10-07,22.85,22.85,21.8,22.33,22.33,22.85,614,14000.000000000002,16,,450.0,73.29,new
MERCURYEV, EQ,2026-10-07,37.49,39.29,36.8,37.88,37.8,36.97,366184,13897000.0,3732,,137697.0,37.6,new
METAL, EQ,2026-10-07,12.99,12.99,12.42,12.46,12.45,12.72,2702556,33765000.0,8474,,2154452.0,79.72,new
METALIC, ST,2026-10-07,169.8,177.0,166.2,169.45,166.2,172.9,100800,17370000.0,50,,81600.0,80.95,new
METALIETF, EQ,2026-10-07,12.63,12.63,12.38,12.39,12.39,12.63,8614564,107384999.99999999,11512,,4799115.0,55.71,new
METROBRAND, EQ,2026-10-07,827.0,827.4,807.0,825.1,826.0,818.85,25599,20949000.0,4096,,13798.0,53.9,new
METROGLOBL, EQ,2026-10-07,130.0,132.0,127.21,132.0,132.0,130.0,93,12000.0,14,,79.0,84.95,new
METROPOLIS, EQ,2026-10-07,550.0,550.0,539.15,541.45,542.4,552.65,119688,64946000.0,6549,,62577.0,52.28,new
MFML, EQ,2026-10-07,19.46,19.46,18.31,18.39,18.32,19.19,3198,59000.0,77,,1888.0,59.04,new
MFSL, EQ,2026-10-07,1355.8,1358.0,1331.3,1345.1,1345.1,1361.0,795124,1069244000.0,35169,,420394.0,52.87,new
MGEL, EQ,2026-10-07,15.75,16.03,15.53,15.71,15.75,15.78,65032,1026000.0,270,,42132.0,64.79,new
MGL, EQ,2026-10-07,1035.0,1058.9,1034.9,1041.6,1039.0,1039.8,80050,83873000.0,12065,,38989.0,48.71,new
MGSL, SM,2026-10-07,58.5,60.95,58.5,58.6,58.6,58.95,19200,1144000.0,16,,16800.0,87.5,new
MHLXMIRU, BE,2026-10-07,176.0,176.0,165.0,168.01,168.0,171.12,2849,482000.0,48,,,,new
MHRIL, EQ,2026-10-07,197.2,197.2,193.61,195.07,194.59,196.71,31279,6100000.0,1950,,15983.0,51.1,new
MICEL, BE,2026-10-07,34.43,34.43,34.12,34.13,34.13,34.6,141141,4832000.0,502,,,,new
MID150, EQ,2026-10-07,22.0,22.77,22.0,22.26,22.22,22.31,73710,1643000.0,304,,57963.0,78.64,new
MID150BEES, EQ,2026-10-07,228.52,229.8,225.62,226.35,226.8,227.52,787083,178530000.0,10954,,607475.0,77.18,new
MID150CASE, EQ,2026-10-07,11.15,11.15,10.9,11.02,11.03,11.06,1101337,12154000.0,3099,,736780.0,66.9,new
MIDBANKADD, EQ,2026-10-07,16.33,16.48,16.22,16.34,16.39,16.48,7255,119000.0,58,,3129.0,43.13,new
MIDCAP, EQ,2026-10-07,16.98,17.62,16.82,17.32,17.45,17.42,481540,8367000.0,1268,,291526.0,60.54,new
MIDCAPADD, EQ,2026-10-07,22.2,22.2,21.77,21.83,22.0,22.21,29293,642000.0,294,,26173.0,89.35,new
MIDCAPBETA, EQ,2026-10-07,222.62,223.5,220.66,223.5,223.5,222.14,341,76000.0,20,,327.0,95.89,new
MIDCAPETF, EQ,2026-10-07,22.98,23.0,22.28,22.34,22.36,22.42,2046221,45798000.0,5105,,1080271.0,52.79,new
MIDCAPIETF, EQ,2026-10-07,22.72,22.8,22.48,22.61,22.72,22.73,772286,17484000.0,2505,,427571.0,55.36,new
MIDHANI, EQ,2026-10-07,458.35,462.0,452.6,458.7,456.5,462.35,942710,431514000.00000006,24571,,404615.0,42.92,new
MIDQ50ADD, EQ,2026-10-07,23.83,23.83,23.62,23.74,23.76,23.83,25074,594000.0,199,,21432.0,85.47,new
MIDSELIETF, EQ,2026-10-07,18.98,18.98,18.34,18.47,18.47,18.67,152569,2831000.0,642,,70690.0,46.33,new
MIDSMALL, EQ,2026-10-07,50.45,50.45,49.89,50.3,50.31,50.32,195314,9793000.0,1252,,106481.0,54.52,new
MIDWESTLTD, EQ,2026-10-07,1049.0,1100.0,1030.0,1067.15,1066.0,1006.2,203806,217681000.0,11857,,54798.0,26.89,new
MIIL, EQ,2026-10-07,680.05,686.95,661.0,667.5,668.75,675.5,41690,28013000.0,1086,,12155.0,29.16,new
MILKYMIST, BE,2026-10-07,318.8,335.15,318.8,335.15,335.15,319.2,2326916,774237000.0,14431,,,,new
MINALIND, BE,2026-10-07,4.09,4.09,4.09,4.09,4.09,4.17,2369,10000.0,14,,,,new
MINDACORP, EQ,2026-10-07,657.0,657.0,636.8,639.45,638.0,659.6,280732,180978000.0,9427,,198140.0,70.58,new
MINDSPACE, RR,2026-10-07,495.76,498.8,491.51,493.59,493.51,496.63,168489,83426000.0,11055,,149290.0,88.61,new
MINDTECK, EQ,2026-10-07,145.0,146.9,137.59,140.12,139.9,143.72,90917,12787000.0,2096,,50970.0,56.06,new
MIRZAINT, EQ,2026-10-07,27.4,28.04,27.4,27.85,27.8,27.72,31847,888000.0000000001,378,,16708.0,52.46,new
MITCON, EQ,2026-10-07,79.35,79.98,76.74,78.49,78.5,79.35,5529,433000.0,89,,3906.0,70.65,new
MITTAL, EQ,2026-10-07,0.71,0.73,0.71,0.72,0.73,0.71,400267,287000.0,215,,206838.0,51.68,new
MKEXIM, EQ,2026-10-07,65.88,65.88,61.5,62.0,62.2,64.59,8508,537000.0,95,,7324.0,86.08,new
MKPL, EQ,2026-10-07,4.04,4.05,3.77,3.93,3.93,3.99,250065,980000.0000000001,500,,131553.0,52.61,new
MLKFOOD, EQ,2026-10-07,85.0,86.0,84.0,85.7,86.0,84.66,4910,419000.00000000006,81,,4061.0,82.71,new
MMEL, SM,2026-10-07,25.5,25.5,25.5,25.5,25.5,27.0,2000,51000.0,1,,2000.0,100.0,new
MMFL, EQ,2026-10-07,579.45,583.1,560.0,566.05,567.9,579.15,36751,20861000.0,2543,,20663.0,56.22,new
MMP, EQ,2026-10-07,485.0,504.0,470.6,498.8,500.0,480.55,191291,94279000.0,9551,,84685.0,44.27,new
MMTC, EQ,2026-10-07,57.46,57.46,55.96,56.2,56.11,57.01,650861,36692000.0,6963,,285455.0,43.86,new
MMWL, EQ,2026-10-07,17.99,17.99,17.99,17.99,17.99,17.14,23177,417000.0,39,,23177.0,100.0,new
MNC, EQ,2026-10-07,32.26,32.26,31.02,31.16,31.18,31.48,51266,1599000.0,495,,32773.0,63.93,new
MOALPHA50, EQ,2026-10-07,54.7,55.06,54.55,54.91,54.99,54.34,13783,758000.0,81,,11734.0,85.13,new
MOBANK10, EQ,2026-10-07,16.3,16.41,16.22,16.25,16.25,16.43,6503,106000.0,69,,1943.0,29.88,new
MOBIKWIK, EQ,2026-10-07,260.0,265.8,247.0,256.08,253.02,242.14,74766600,19251787000.0,557440,,6559750.0,8.77,new
MOCAPITAL, EQ,2026-10-07,52.84,53.29,52.35,52.91,53.03,52.89,708911,37546000.0,2306,,332809.0,46.95,new
MODEFENCE, EQ,2026-10-07,102.41,102.41,100.64,100.93,101.15,102.41,843928,85626000.0,6704,,493611.0,58.49,new
MODINATUR, EQ,2026-10-07,319.9,326.7,295.0,299.6,299.0,317.5,21897,6698999.999999999,684,,19341.0,88.33,new
MODIRUBBER, EQ,2026-10-07,122.49,122.5,118.4,118.87,119.5,118.58,2663,322000.0,42,,1537.0,57.72,new
MODIS, EQ,2026-10-07,381.1,385.0,375.65,382.8,385.0,380.85,16179,6163000.0,489,,11213.0,69.31,new
MODISONLTD, BE,2026-10-07,497.0,506.0,480.0,488.8,490.0,491.3,44662,21943000.0,1085,,,,new
MODTHREAD, EQ,2026-10-07,46.98,50.98,45.2,45.21,45.21,48.99,2248,108000.0,49,,1975.0,87.86,new
MOENERGY, EQ,2026-10-07,37.15,37.17,36.62,36.81,36.96,37.11,123817,4569000.0,558,,92791.0,74.94,new
MOGOLD, EQ,2026-10-07,145.9,145.9,144.7,144.95,145.1,145.35,17936,2602000.0,236,,11215.0,62.53,new
MOGSEC, EQ,2026-10-07,64.95,65.21,60.83,64.87,62.5,64.86,114334,7409999.999999999,76,,106508.0,93.16,new
MOHEALTH, EQ,2026-10-07,51.85,51.85,50.34,50.39,50.4,50.86,24333,1229000.0,463,,16469.0,67.68,new
MOHITE, EQ,2026-10-07,2.54,2.54,2.42,2.47,2.48,2.49,13164,33000.0,70,,9809.0,74.51,new
MOHITIND, EQ,2026-10-07,23.45,23.59,22.28,22.57,22.7,22.78,3094,70000.0,105,,1971.0,63.7,new
MOIL, EQ,2026-10-07,238.5,238.8,235.42,236.4,236.5,239.2,206935,49001000.0,4854,,98921.0,47.8,new
MOINFRA, EQ,2026-10-07,56.77,57.0,55.92,56.18,57.0,56.67,1784,100000.0,54,,1162.0,65.13,new
MOIPO, EQ,2026-10-07,46.53,46.94,46.14,46.71,46.71,46.74,43101,2007000.0,45,,21628.0,50.18,new
MOKSH, EQ,2026-10-07,9.5,9.57,9.3,9.52,9.54,9.31,29775,282000.0,169,,24579.0,82.55,new
MOL, EQ,2026-10-07,60.25,62.54,59.41,61.06,60.62,60.25,1173615,71894000.0,9605,,397978.0,33.91,new
MOLBIO, EQ,2026-10-07,1499.0,1559.9,1496.4,1544.7,1554.0,1501.1,1450584,2227950000.0,90266,,281806.0,19.43,new
MOLDTECH, BE,2026-10-07,221.1,222.0,215.0,220.99,220.0,216.72,64307,14052000.000000002,1097,,,,new
MOLDTKPAC, EQ,2026-10-07,679.9,690.1,654.95,667.2,664.2,678.0,124269,83339000.0,7177,,65450.0,52.67,new
MOLOWVOL, EQ,2026-10-07,34.25,34.29,33.99,34.17,34.17,34.25,200296,6809999.999999999,44,,196932.0,98.32,new
MOM100, EQ,2026-10-07,64.75,64.75,63.9,64.14,64.34,64.6,229691,14763999.999999998,2400,,102706.0,44.71,new
MOM30IETF, EQ,2026-10-07,30.48,30.5,30.1,30.19,30.31,30.47,603947,18278000.0,1461,,430024.0,71.2,new
MOM50, EQ,2026-10-07,238.05,238.23,235.85,236.09,235.85,238.46,5672,1344000.0,128,,3285.0,57.92,new
MOMENTUM, EQ,2026-10-07,30.25,30.5,29.96,30.17,30.15,30.25,28164,847000.0000000001,165,,23540.0,83.58,new
MOMENTUM30, EQ,2026-10-07,29.74,29.86,29.6,29.74,29.84,29.8,6630,197000.0,88,,5163.0,77.87,new
MOMENTUM50, EQ,2026-10-07,53.5,53.5,52.82,52.97,53.0,53.24,307418,16312000.0,14176,,170485.0,55.46,new
MOMETAL, EQ,2026-10-07,12.6,12.62,12.32,12.35,12.38,12.62,67825,841000.0,189,,67432.0,99.42,new
MOMGF, EQ,2026-10-07,153.08,153.27,151.95,152.85,152.92,153.92,271,41000.0,27,,151.0,55.72,new
MOMIDMTM, EQ,2026-10-07,62.45,62.51,61.86,62.23,62.51,62.14,35623,2212000.0,210,,21632.0,60.72,new
MOMMIDCAP, EQ,2026-10-07,12.49,12.63,12.49,12.56,12.57,12.61,665148,8362000.0,363,,566755.0,85.21,new
MOMNC, EQ,2026-10-07,30.28,30.36,30.12,30.18,30.18,30.72,1515,46000.0,27,,1515.0,100.0,new
MOMOMENTUM, EQ,2026-10-07,60.72,60.72,59.78,59.98,59.78,60.72,32652,1964000.0,391,,16684.0,51.1,new
MOMSBELIEF, EQ,2026-10-07,234.99,236.98,226.11,229.68,230.01,232.64,161231,37289000.0,2168,,76540.0,47.47,new
MON100, EQ,2026-10-07,338.69,338.69,331.0,332.06,331.64,330.43,903342,300495000.0,18259,,455533.0,50.43,new
MON50EQUAL, EQ,2026-10-07,31.85,31.85,31.1,31.15,31.28,31.79,37853,1180000.0,126,,37558.0,99.22,new
MONARCH, EQ,2026-10-07,346.95,350.85,343.15,347.15,345.45,344.65,26938,9349000.0,1245,,11999.0,44.54,new
MONEXT50, EQ,2026-10-07,70.14,70.14,69.22,69.51,69.51,69.8,3439,240000.0,40,,3404.0,98.98,new
MONEYBOXX, BE,2026-10-07,51.88,53.75,51.88,52.72,53.0,53.48,6871,362000.0,53,,,,new
MONEYVIEW, EQ,2026-10-07,50.6,60.6,49.33,60.46,60.6,50.5,424471169,23842597000.0,701932,,53745694.0,12.66,new
MONIFTY100, EQ,2026-10-07,23.31,24.13,23.31,23.84,23.8,23.91,24568,585000.0,83,,22196.0,90.35,new
MONIFTY500, EQ,2026-10-07,23.3,23.3,22.54,22.59,22.69,22.74,473388,10718000.0,1513,,268774.0,56.78,new
MONOLITH, SM,2026-10-07,1278.95,1310.0,1220.05,1271.95,1279.9,1239.85,33500,42598000.0,123,,19000.0,56.72,new
MONOPHARMA, SM,2026-10-07,8.05,8.4,8.05,8.4,8.4,8.3,6000,49000.0,3,,4000.0,66.67,new
MONQ50, EQ,2026-10-07,223.9,263.04,219.5,258.57,256.0,219.2,2886068,704740000.0,45877,,821196.0,28.45,new
MONTECARLO, EQ,2026-10-07,527.4,529.0,519.2,525.7,524.0,524.3,25560,13405000.000000002,1548,,12401.0,48.52,new
MOOILGAS, EQ,2026-10-07,10.74,11.15,10.58,10.98,10.7,10.74,7581,81000.0,69,,4128.0,54.45,new
MOPSE, EQ,2026-10-07,95.35,96.9,94.41,95.53,94.82,94.99,141,13000.0,10,,130.0,92.2,new
MOQUALITY, EQ,2026-10-07,191.38,191.38,187.6,188.19,188.69,191.38,1042,196000.0,67,,729.0,69.96,new
MOREALTY, EQ,2026-10-07,83.96,84.02,82.55,82.77,82.9,83.96,264689,22000000.0,1872,,146406.0,55.31,new
MOREPENLAB, EQ,2026-10-07,145.3,150.7,145.14,146.97,147.51,143.96,19889954,2947313000.0,91826,,6793649.0,34.16,new
MOS, SM,2026-10-07,5.9,6.3,5.7,6.3,6.3,6.0,468000,2862000.0,77,,344000.0,73.5,new
MOSCHIP, EQ,2026-10-07,197.9,197.94,194.61,195.2,194.94,197.7,800419,156734000.0,11881,,377340.0,47.14,new
MOSERVICE, EQ,2026-10-07,29.3,29.46,29.21,29.25,29.25,29.33,1645,48000.0,56,,1565.0,95.14,new
MOSILVER, EQ,2026-10-07,218.58,218.58,216.01,216.16,216.05,218.15,19408,4209000.0,1090,,4538.0,23.38,new
MOSMALL250, EQ,2026-10-07,18.39,18.39,17.78,17.95,17.97,17.95,959527,17246000.0,1776,,579131.0,60.36,new
MOTHERSON, EQ,2026-10-07,158.73,159.98,156.99,159.2,159.2,160.0,11181774,1771449000.0000002,54984,,5223970.0,46.72,new
MOTILALOFS, EQ,2026-10-07,1080.0,1090.25,1059.7,1067.9,1067.9,1081.15,1232877,1325779000.0,38246,,407520.0,33.05,new
MOTISONS, EQ,2026-10-07,17.7,17.85,17.52,17.68,17.67,17.61,12310506,217902000.0,11816,,2231023.0,18.12,new
MOTOGENFIN, EQ,2026-10-07,26.29,26.29,25.06,25.3,25.89,25.77,769,20000.0,46,,623.0,81.01,new
MOTOUR, EQ,2026-10-07,76.84,77.1,75.99,76.15,75.99,76.55,6633,507000.0,107,,5921.0,89.27,new
MOVALUE, EQ,2026-10-07,107.39,107.39,106.01,106.5,106.27,106.86,75533,8041000.0,653,,45766.0,60.59,new
MPDL, BE,2026-10-07,27.75,27.75,26.0,26.0,26.0,27.33,1101,28999.999999999996,6,,,,new
MPEL, SM,2026-10-07,23.8,23.9,22.5,22.55,22.55,22.8,1649600,37608000.0,200,,1606400.0,97.38,new
MPHASIS, EQ,2026-10-07,2307.4,2317.7,2274.6,2289.0,2289.0,2298.0,277155,635025000.0,20155,,124877.0,45.06,new
MPIMANIPAL, EQ,2026-10-07,367.7,383.9,363.35,377.6,376.0,366.05,1218935,457822999.99999994,47642,,291130.0,23.88,new
MPSLTD, EQ,2026-10-07,2683.9,2748.4,2655.1,2697.1,2681.0,2681.2,11251,30374000.0,2311,,5152.0,45.79,new
MRF, EQ,2026-10-07,123800.0,123825.0,123000.0,123075.0,123100.0,124080.0,2173,267766000.0,1829,,1126.0,51.82,new
MRIL, ST,2026-10-07,69.0,69.0,69.0,69.0,69.0,68.6,1600,110000.00000000001,1,,1600.0,100.0,new
MRPL, EQ,2026-10-07,174.71,184.39,174.26,182.86,182.8,174.72,23675207,4300377000.0,132348,,5560945.0,23.49,new
MSCI360, EQ,2026-10-07,9.58,9.6,9.51,9.51,9.51,9.56,8657,83000.0,198,,8640.0,99.8,new
MSCIADD, EQ,2026-10-07,27.83,27.89,27.83,27.88,27.88,28.03,1216,34000.0,108,,1057.0,86.92,new
MSCIINDIA, EQ,2026-10-07,28.2,28.77,28.09,28.18,28.1,28.37,13733,387000.0,180,,13482.0,98.17,new
MSL, EQ,2026-10-07,140.0,167.0,140.0,145.69,151.0,140.0,5392,859000.0,171,,3096.0,57.42,new
MSPL, EQ,2026-10-07,32.19,32.5,30.8,30.95,30.91,32.34,1440578,45027000.0,4005,,1068461.0,74.17,new
MSTCLTD, EQ,2026-10-07,712.95,718.15,695.0,698.75,696.3,714.3,105257,74410000.0,5420,,44224.0,42.02,new
MSUMI, EQ,2026-10-07,33.25,33.69,32.96,33.57,33.64,33.31,9270659,309779000.0,29179,,4775136.0,51.51,new
MTARTECH, BE,2026-10-07,7698.0,7896.0,7600.0,7864.5,7885.0,7718.5,111087,868770000.0000001,16154,,,,new
MTEDUCARE, BE,2026-10-07,1.68,1.71,1.58,1.65,1.69,1.63,34960,59000.0,68,,,,new
MTNL, EQ,2026-10-07,23.35,23.94,23.07,23.55,23.6,23.28,1009450,23763000.0,3455,,367138.0,36.37,new
MUFIN, EQ,2026-10-07,136.0,137.5,132.01,135.17,135.5,135.17,2030615,275022000.0,8631,,637999.0,31.42,new
MUFTI, EQ,2026-10-07,69.1,70.76,69.1,69.96,69.65,69.61,29247,2047000.0,945,,14260.0,48.76,new
MUKANDLTD, EQ,2026-10-07,179.91,190.7,179.8,185.92,185.0,181.55,781279,145760000.0,11001,,265702.0,34.01,new
MUKESHB, EQ,2026-10-07,123.0,123.0,123.0,123.0,123.0,128.0,27,3000.0,1,,27.0,100.0,new
MUKKA, BE,2026-10-07,27.2,27.9,26.4,26.94,26.82,26.97,209121,5661000.0,706,,,,new
MUKTAARTS, EQ,2026-10-07,57.75,57.75,55.11,56.5,56.5,57.04,821,46000.0,19,,815.0,99.27,new
MULTICAP, EQ,2026-10-07,16.21,16.21,15.9,15.95,15.97,16.02,84694,1354000.0,496,,79941.0,94.39,new
MUNISH, SM,2026-10-07,85.05,90.0,85.0,90.0,90.0,86.45,7200,618000.0,3,,7200.0,100.0,new
MUNJALAU, EQ,2026-10-07,105.33,107.88,104.51,105.44,105.11,105.33,284403,30206000.0,5325,,90962.0,31.98,new
MUNJALSHOW, EQ,2026-10-07,124.82,127.5,122.81,125.58,125.88,124.82,19287,2417000.0,546,,11027.0,57.17,new
MURUDCERA, EQ,2026-10-07,27.41,28.45,27.41,27.97,27.99,27.97,4833,135000.0,83,,4293.0,88.83,new
MUTHOOTCAP, EQ,2026-10-07,214.0,218.0,209.01,213.53,216.3,216.42,11849,2516000.0,491,,7285.0,61.48,new
MUTHOOTFIN, EQ,2026-10-07,2695.2,2695.2,2639.3,2654.4,2654.4,2686.0,629510,1674738000.0,38080,,330539.0,52.51,new
MUTHOOTMF, EQ,2026-10-07,176.5,177.03,171.0,172.91,173.35,176.76,183906,31985000.000000004,4591,,83395.0,45.35,new
MVELECTRO, EQ,2026-10-07,936.35,939.1,895.55,920.25,915.1,933.1,1018816,938433000.0,39356,,154005.0,15.12,new
MVGJL, EQ,2026-10-07,202.0,223.0,201.31,212.39,211.41,203.16,454478,97810000.0,8758,,170476.0,37.51,new
MVKAGRO, SM,2026-10-07,217.3,228.15,214.95,228.15,228.15,217.3,297900,67900000.0,112,,289800.0,97.28,new
MWL, EQ,2026-10-07,41.98,42.25,41.1,42.04,41.51,41.66,450623,18851000.0,1484,,329128.0,73.04,new
MYMUDRA, SM,2026-10-07,87.95,99.2,79.5,99.2,99.2,82.7,318000,28985000.000000004,196,,244800.0,76.98,new
MYSORPETRO, BE,2026-10-07,116.0,118.0,113.53,117.06,116.0,117.13,3163,368000.0,34,,,,new
NACLIND, EQ,2026-10-07,137.0,137.38,131.1,132.6,132.8,136.63,360736,48088000.0,6219,,159772.0,44.29,new
NAGREEKCAP, EQ,2026-10-07,28.25,28.25,26.62,27.25,27.25,27.25,2978,81000.0,31,,2232.0,74.95,new
NAGREEKEXP, EQ,2026-10-07,21.13,22.69,21.13,21.63,21.8,21.97,4318,94000.0,108,,3830.0,88.7,new
NAHARCAP, EQ,2026-10-07,237.0,244.99,237.0,241.99,242.0,234.66,1588,385000.0,64,,1186.0,74.69,new
NAHARINDUS, EQ,2026-10-07,128.84,136.45,126.61,133.93,133.55,127.66,43058,5738000.0,1228,,22230.0,51.63,new
NAHARPOLY, EQ,2026-10-07,221.5,229.1,220.36,222.13,221.0,220.36,1434,320000.0,125,,1071.0,74.69,new
NAHARSPING, EQ,2026-10-07,256.8,268.75,255.05,264.3,263.0,257.4,14820,3911000.0,827,,10276.0,69.34,new
NAM-INDIA, EQ,2026-10-07,1066.0,1073.5,1041.7,1047.2,1047.2,1073.5,929248,977711000.0,33119,,583928.0,62.84,new
NAMOEWASTE, SM,2026-10-07,381.0,389.45,372.0,372.85,372.0,382.9,33600,12780000.0,40,,24000.0,71.43,new
NARMADA, EQ,2026-10-07,12.0,12.1,11.13,11.35,11.52,12.1,476829,5489000.0,1894,,307305.0,64.45,new
NATCAPSUQ, BE,2026-10-07,169.89,169.89,160.2,161.42,161.01,166.74,2807,457000.0,52,,,,new
NATCOPHARM, EQ,2026-10-07,822.0,826.05,808.0,810.1,810.7,823.65,499574,405140000.0,29689,,277605.0,55.57,new
NATHBIOGEN, EQ,2026-10-07,138.6,140.79,135.3,136.87,136.1,138.31,7113,978999.9999999999,332,,4952.0,69.62,new
NATIONALUM, EQ,2026-10-07,337.25,337.25,321.05,321.3,321.3,337.25,9475375,3081782000.0,97620,,4121153.0,43.49,new
NATIONSTD, EQ,2026-10-07,112.4,112.4,108.05,110.21,110.0,110.79,2651,293000.0,225,,2185.0,82.42,new
NAUKRI, EQ,2026-10-07,1242.7,1250.7,1210.0,1225.3,1225.3,1241.0,1008055,1236739000.0,37448,,542247.0,53.79,new
NAVA, EQ,2026-10-07,578.0,583.9,565.5,570.45,568.7,575.0,382335,218803000.00000003,24226,,204641.0,53.52,new
NAVINFLUOR, EQ,2026-10-07,8520.0,8600.0,8440.0,8490.0,8500.0,8536.0,111760,951195000.0000001,21707,,63397.0,56.73,new
NAVKARCORP, EQ,2026-10-07,85.9,86.79,85.0,85.88,85.97,85.96,140083,12044000.0,2164,,81787.0,58.38,new
NAVKARURB, EQ,2026-10-07,0.86,0.87,0.84,0.86,0.87,0.85,450278,385000.0,257,,363071.0,80.63,new
NAVNETEDUL, EQ,2026-10-07,124.05,124.89,123.1,123.95,124.17,124.27,39099,4852000.0,928,,19804.0,50.65,new
NAZARA, EQ,2026-10-07,379.55,383.6,377.8,378.45,377.8,379.55,421680,160194000.0,8818,,186371.0,44.2,new
NBCC, EQ,2026-10-07,76.8,77.49,76.2,76.74,76.74,77.05,3629902,279143000.0,25593,,1189390.0,32.77,new
NBIFIN, EQ,2026-10-07,1850.1,1870.6,1825.0,1839.3,1825.0,1828.1,263,484999.99999999994,76,,170.0,64.64,new
NCC, EQ,2026-10-07,128.39,128.6,125.86,126.88,126.86,128.47,2936319,374047000.0,30719,,1494656.0,50.9,new
NCLIND, EQ,2026-10-07,170.0,170.0,163.55,163.93,163.55,166.8,90517,15019000.0,1463,,53176.0,58.75,new
NDGL, EQ,2026-10-07,2372.1,2449.9,2340.0,2383.7,2393.8,2371.8,133,317000.0,45,,112.0,84.21,new
NDL, EQ,2026-10-07,2.56,2.65,2.56,2.6,2.62,2.57,675000,1757999.9999999998,851,,478841.0,70.94,new
NDLVENTURE, EQ,2026-10-07,122.91,122.98,116.35,120.26,120.0,122.91,6270,753000.0,246,,4565.0,72.81,new
NDRAUTO, EQ,2026-10-07,704.7,724.9,700.6,716.6,722.0,704.7,9538,6831000.0,770,,4629.0,48.53,new
NDRINVIT, IV,2026-10-07,151.5,153.0,151.5,153.0,153.0,151.5,300000,45750000.0,9,,300000.0,100.0,new
NDTV, EQ,2026-10-07,67.4,67.57,65.39,66.48,66.7,67.08,78838,5242000.0,1385,,44065.0,55.89,new
NECCLTD, EQ,2026-10-07,19.49,19.5,18.5,18.87,19.15,19.38,53154,997000.0000000001,346,,31663.0,59.57,new
NECLIFE, EQ,2026-10-07,10.95,10.95,10.55,10.59,10.65,10.95,134919,1436000.0,459,,85050.0,63.04,new
NELCAST, EQ,2026-10-07,128.77,149.37,125.72,146.29,149.37,124.48,6710048,968043000.0,83832,,1661124.0,24.76,new
NELCO, EQ,2026-10-07,919.1,926.0,900.2,915.8,914.0,924.15,132674,121066000.00000001,6439,,36565.0,27.56,new
NEOCHEM, SM,2026-10-07,104.0,104.65,104.0,104.65,104.65,105.8,3600,376000.0,3,,3600.0,100.0,new
NEOGEN, EQ,2026-10-07,2440.0,2465.0,2407.2,2431.3,2432.0,2429.2,79815,194748000.0,12173,,32993.0,41.34,new
NEPHROCARE, SM,2026-10-07,87.4,88.45,84.15,84.75,84.3,87.3,31200,2682000.0,60,,22000.0,70.51,new
NEPHROPLUS, EQ,2026-10-07,640.0,645.3,632.1,641.6,643.0,634.55,96021,61377000.0,8685,,54913.0,57.19,new
NESCO, EQ,2026-10-07,1043.8,1043.8,1023.1,1028.9,1025.5,1037.1,31143,32180000.0,3882,,17203.0,55.24,new
NESTLEIND, EQ,2026-10-07,1326.3,1336.6,1313.1,1324.0,1324.0,1341.4,1409917,1867654000.0,51323,,738617.0,52.39,new
NETF, EQ,2026-10-07,250.98,250.98,246.09,246.55,246.51,247.59,2948,728000.0,127,,1648.0,55.9,new
NETWEB, EQ,2026-10-07,4735.0,4756.9,4667.3,4685.4,4688.9,4746.2,594452,2797051000.0,47430,,140675.0,23.66,new
NETWORK18, EQ,2026-10-07,26.1,26.18,25.61,25.7,25.78,26.22,1600704,41395000.0,4871,,650464.0,40.64,new
NEUEON, BE,2026-10-07,13.78,14.0,13.13,13.31,13.25,13.79,16709,227999.99999999997,88,,,,new
NEULANDLAB, EQ,2026-10-07,21815.0,22150.0,21585.0,21655.0,21610.0,21905.0,41495,906750000.0,19975,,18418.0,44.39,new
NEWGEN, EQ,2026-10-07,457.85,459.1,445.1,447.75,448.0,456.6,447153,202251000.0,17087,,212803.0,47.59,new
NEWJAISA, ST,2026-10-07,15.4,16.0,15.4,15.65,15.65,16.2,45000,705000.0,15,,45000.0,100.0,new
NEXT30ADD, EQ,2026-10-07,40.19,40.25,39.81,39.96,40.11,40.29,15717,629000.0,67,,8537.0,54.32,new
NEXT50, EQ,2026-10-07,719.99,727.23,715.75,718.03,718.12,723.61,34559,24848000.0,4025,,18464.0,53.43,new
NEXT50ADD, EQ,2026-10-07,70.14,70.33,69.78,69.98,69.98,70.56,5182,363000.0,40,,3435.0,66.29,new
NEXT50BETA, EQ,2026-10-07,75.4,75.8,74.72,75.08,75.5,75.5,50862,3826000.0,652,,29688.0,58.37,new
NEXT50ETF, EQ,2026-10-07,71.29,71.29,69.82,70.11,70.27,70.59,7372,517000.0,200,,6877.0,93.29,new
NEXT50IETF, EQ,2026-10-07,73.98,73.98,72.8,73.4,73.62,74.04,489870,36024000.0,5022,,255038.0,52.06,new
NEXTMEDIA, EQ,2026-10-07,3.57,3.63,3.52,3.53,3.53,3.56,10136,36000.0,36,,6100.0,60.18,new
NFL, EQ,2026-10-07,64.85,64.85,63.05,63.76,63.77,64.91,411261,26243000.0,3833,,195899.0,47.63,new
NFPSAMPOOR, SM,2026-10-07,20.95,21.0,20.0,20.3,20.3,19.8,16000,329000.0,7,,12000.0,75.0,new
NGIL, EQ,2026-10-07,36.94,38.4,36.0,37.37,37.78,36.15,7919,299000.0,127,,6254.0,78.97,new
NGLFINE, EQ,2026-10-07,3122.1,3250.3,3080.5,3134.2,3158.0,3122.1,10470,33091000.000000004,2211,,3569.0,34.09,new
NH, EQ,2026-10-07,1729.0,1735.5,1710.2,1723.2,1721.2,1723.8,98272,169507000.0,15317,,53729.0,54.67,new
NHIT, IV,2026-10-07,167.0,168.0,167.0,168.0,168.0,169.9,75000,12575000.0,2,,75000.0,100.0,new
NHPC, EQ,2026-10-07,73.0,73.17,72.1,72.5,72.5,73.11,4518389,328315000.0,18310,,2299840.0,50.9,new
NIACL, EQ,2026-10-07,161.5,161.73,158.3,159.29,159.0,160.72,767464,122655000.0,11806,,222600.0,29.0,new
NIBE, EQ,2026-10-07,1241.9,1358.0,1225.0,1270.1,1268.1,1240.9,243742,313807000.0,17543,,78057.0,32.02,new
NIBL, EQ,2026-10-07,31.9,32.75,31.1,31.37,31.72,31.22,11787,372000.0,504,,8913.0,75.62,new
NICCOPAR, EQ,2026-10-07,79.0,79.0,76.65,76.91,76.73,79.0,506,39000.0,34,,484.0,95.65,new
NIDAN, SM,2026-10-07,13.3,13.3,13.0,13.05,13.05,13.35,11000,144000.0,9,,8000.0,72.73,new
NIF100BEES, EQ,2026-10-07,252.01,252.91,250.95,251.24,251.06,253.11,34167,8603000.0,970,,25028.0,73.25,new
NIF100IETF, EQ,2026-10-07,27.18,27.18,26.42,26.51,26.59,26.65,166779,4421000.0,1766,,55250.0,33.13,new
NIF500BETA, EQ,2026-10-07,35.27,36.49,35.27,35.36,35.27,35.99,8319,298000.0,70,,1815.0,21.82,new
NIFTY1, EQ,2026-10-07,252.01,252.72,250.01,251.29,250.95,252.54,275401,69435000.0,1301,,230241.0,83.6,new
NIFTY100EW, EQ,2026-10-07,33.59,33.6,32.98,33.38,33.24,33.37,75880,2515000.0,419,,44203.0,58.25,new
NIFTYADD, EQ,2026-10-07,242.32,242.32,237.71,238.12,237.71,239.92,3953,944000.0,169,,2174.0,55.0,new
NIFTYAXIS, EQ,2026-10-07,254.0,254.0,250.05,250.5,250.05,251.28,7095,1780000.0,194,,3745.0,52.78,new
NIFTYBEES, EQ,2026-10-07,258.59,258.99,257.13,257.59,257.5,258.89,5897585,1521433000.0,49269,,3291174.0,55.81,new
NIFTYBETA, EQ,2026-10-07,252.4,252.42,250.54,250.97,250.9,252.39,31322,7872000.0,514,,27972.0,89.3,new
NIFTYBETF, EQ,2026-10-07,233.37,234.63,231.98,232.77,232.93,233.91,17439,4081000.0,115,,15333.0,87.92,new
NIFTYCASE, EQ,2026-10-07,9.33,9.33,9.06,9.09,9.13,9.11,547456,4981000.0,1851,,371036.0,67.77,new
NIFTYETF, EQ,2026-10-07,253.76,253.76,245.74,246.38,246.49,247.58,424784,104867000.0,2120,,326062.0,76.76,new
NIFTYIETF, EQ,2026-10-07,261.5,261.5,256.1,256.5,256.45,257.79,357999,91905000.0,12911,,237608.0,66.37,new
NIFTYJBLK, EQ,2026-10-07,11.94,11.94,11.57,11.61,11.65,11.65,58269,677000.0,466,,41221.0,70.74,new
NIFTYQLITY, EQ,2026-10-07,20.1,20.28,19.71,19.78,19.84,20.1,37884,751000.0,315,,22723.0,59.98,new
NIITLTD, EQ,2026-10-07,87.0,87.3,84.5,84.99,84.75,86.78,90289,7740000.000000001,2139,,49454.0,54.77,new
NIITMTS, EQ,2026-10-07,205.87,207.65,201.34,203.37,204.29,204.99,79330,16230000.000000002,3319,,45471.0,57.32,new
NIKITA, SM,2026-10-07,68.7,71.95,68.65,70.95,70.95,72.0,6000,420000.0,5,,3600.0,60.0,new
NILAINFRA, EQ,2026-10-07,6.77,6.77,6.6,6.63,6.64,6.7,100097,667000.0,360,,70932.0,70.86,new
NILASPACES, EQ,2026-10-07,11.25,11.45,11.11,11.35,11.4,11.17,381883,4317000.0,1201,,192234.0,50.34,new
NILE, EQ,2026-10-07,1253.0,1269.0,1236.7,1258.6,1255.0,1238.0,1892,2360000.0,312,,1394.0,73.68,new
NILKAMAL, EQ,2026-10-07,1810.0,1840.4,1797.2,1831.7,1820.2,1811.5,9830,17885000.0,2080,,5638.0,57.36,new
NIMBSPROJ, EQ,2026-10-07,186.68,195.0,182.0,191.61,193.9,191.57,33135,6177000.0,393,,3008.0,9.08,new
NINSYS, EQ,2026-10-07,822.55,854.95,805.0,829.75,825.0,822.55,6983,5767000.0,585,,4491.0,64.31,new
NIPPOBATRY, EQ,2026-10-07,322.5,322.5,314.2,316.05,316.2,319.45,764,242000.0,53,,726.0,95.03,new
NIRAJ, EQ,2026-10-07,27.0,28.19,27.0,27.52,27.84,27.48,6955,191000.0,89,,4256.0,61.19,new
NIRAJISPAT, BE,2026-10-07,284.1,284.1,284.1,284.1,284.1,299.0,53,15000.0,8,,,,new
NIRLON, EQ,2026-10-07,615.9,622.95,615.5,620.1,620.8,619.0,4288,2649000.0,273,,3909.0,91.16,new
NIRMAN, SM,2026-10-07,27.0,29.0,25.5,28.2,28.2,27.7,11100,310000.0,26,,9900.0,89.19,new
NITCO, EQ,2026-10-07,83.5,83.67,81.81,82.75,82.75,83.77,606001,50228000.0,2191,,300233.0,49.54,new
NITINSPIN, EQ,2026-10-07,618.0,620.25,611.2,615.6,616.0,616.35,35647,21927000.0,2893,,22862.0,64.13,new
NITIRAJ, EQ,2026-10-07,201.0,215.0,201.0,213.86,214.0,203.29,655,138000.0,30,,444.0,67.79,new
NITTAGELA, EQ,2026-10-07,1700.0,1700.0,1645.9,1668.4,1674.0,1668.1,2334,3886999.9999999995,649,,1635.0,70.05,new
NIVABUPA, EQ,2026-10-07,75.91,77.91,75.3,77.38,77.49,76.56,648650,49758000.0,13763,,337508.0,52.03,new
NKIND, EQ,2026-10-07,60.0,60.0,58.0,58.99,58.29,57.06,177,10000.0,17,,172.0,97.18,new
NLCINDIA, EQ,2026-10-07,254.9,255.4,247.1,250.35,250.1,254.9,1073810,269127000.0,21400,,460214.0,42.86,new
NMDC, EQ,2026-10-07,73.8,73.8,72.44,72.8,72.8,74.38,15148455,1104471000.0,68608,,7633863.0,50.39,new
NMSTEEL, SM,2026-10-07,22.0,23.9,22.0,23.3,23.8,23.2,25600,595000.0,12,,22400.0,87.5,new
NOCIL, EQ,2026-10-07,172.4,175.75,170.65,172.82,172.22,171.83,561575,97143000.0,8286,,260814.0,46.44,new
NOIDATOLL, EQ,2026-10-07,3.68,3.74,3.53,3.67,3.66,3.67,48814,178000.0,531,,37323.0,76.46,new
NORBTEAEXP, EQ,2026-10-07,64.21,65.38,61.2,61.36,61.5,64.21,2475,155000.0,60,,1786.0,72.16,new
NORTHARC, EQ,2026-10-07,298.6,299.9,291.75,293.75,292.1,298.2,1102834,326253000.0,14429,,596149.0,54.06,new
NOVAAGRI, EQ,2026-10-07,22.85,22.85,22.01,22.24,22.48,22.64,21493,484000.0,216,,18065.0,84.05,new
NOVARTIND, EQ,2026-10-07,2052.0,2093.9,2000.0,2010.4,2009.0,2051.2,59356,121451000.0,7773,,26919.0,45.35,new
NPBET, EQ,2026-10-07,279.83,283.2,279.83,281.53,281.53,281.1,936,263000.0,19,,802.0,85.68,new
NPST, EQ,2026-10-07,1846.0,1903.6,1821.0,1854.9,1859.0,1835.5,107305,201273000.0,9611,,45603.0,42.5,new
NRAIL, EQ,2026-10-07,651.0,669.1,648.0,660.9,660.0,658.25,10667,7045000.0,948,,3836.0,35.96,new
NRBBEARING, EQ,2026-10-07,536.95,546.15,526.5,529.95,530.45,536.95,287108,153903000.0,15508,,122974.0,42.83,new
NRL, BE,2026-10-07,160.0,160.14,160.0,160.14,160.14,157.0,78987,12647000.0,175,,,,new
NRVANDANA, SM,2026-10-07,71.5,72.4,71.5,72.0,72.0,69.6,96000,6908000.0,7,,9000.0,9.38,new
NSIL, EQ,2026-10-07,5212.0,5344.5,5212.0,5266.5,5256.0,5297.5,1544,8159000.0,378,,1026.0,66.45,new
NSLNISP, EQ,2026-10-07,40.82,40.93,40.28,40.55,40.54,40.9,2418385,98113000.0,10971,,1232732.0,50.97,new
NTCIND, EQ,2026-10-07,134.09,138.9,131.8,132.53,136.85,134.76,1528,206000.0,66,,1387.0,90.77,new
NTPC, EQ,2026-10-07,320.15,321.7,315.9,316.75,316.75,321.45,6330699,2017722000.0,69539,,3841830.0,60.69,new
NTPCGREEN, EQ,2026-10-07,90.0,90.05,88.27,88.51,88.89,90.13,1950927,173199000.0,20007,,1140959.0,58.48,new
NUCLEUS, EQ,2026-10-07,657.7,657.7,616.5,628.85,633.7,638.05,59350,37523000.0,3451,,16835.0,28.37,new
NURECA, BE,2026-10-07,339.0,343.95,330.05,333.9,330.05,338.55,4515,1516000.0,143,,,,new
NUVAMA, EQ,2026-10-07,1839.7,1855.0,1788.9,1825.9,1824.1,1838.8,241969,442529000.0,20949,,80597.0,33.31,new
NUVOCO, EQ,2026-10-07,325.0,329.6,322.05,324.75,324.7,326.5,80863,26258999.999999996,7506,,45341.0,56.07,new
NV20, EQ,2026-10-07,13.48,13.48,13.07,13.08,13.21,13.23,103954,1366000.0,448,,50274.0,48.36,new
NV20BEES, EQ,2026-10-07,136.5,136.5,131.12,131.77,132.0,134.0,29941,3942000.0,380,,12363.0,41.29,new
NV20IETF, EQ,2026-10-07,12.96,12.96,12.7,12.83,12.88,12.85,190085,2440000.0,1820,,103041.0,54.21,new
NXST, RR,2026-10-07,165.28,165.99,164.5,164.66,164.5,164.81,291481,48099000.0,7407,,255968.0,87.82,new
NYKAA, EQ,2026-10-07,337.0,346.45,337.0,341.25,341.25,338.2,6078112,2082461000.0,73805,,3142104.0,51.7,new
OAL, EQ,2026-10-07,514.8,529.4,508.55,515.6,515.0,511.35,18150,9409000.0,1054,,9888.0,54.48,new
OBCL, EQ,2026-10-07,57.44,57.8,56.01,57.56,57.59,57.44,3158,181000.0,37,,2393.0,75.78,new
OBEROIRLTY, EQ,2026-10-07,1742.9,1752.0,1728.2,1736.0,1736.0,1751.8,299046,520314999.99999994,19761,,190991.0,63.87,new
OBSCP, SM,2026-10-07,882.0,897.8,870.0,872.15,870.0,904.8,44400,39021000.0,103,,30400.0,68.47,new
OCCLLTD, BE,2026-10-07,214.3,217.96,209.72,217.3,217.96,207.59,195497,42335000.0,1433,,,,new
ODIGMA, EQ,2026-10-07,20.8,21.17,20.62,20.9,20.99,20.91,9333,194000.0,326,,8509.0,91.17,new
ODYCORP, EQ,2026-10-07,6.6,6.99,6.6,6.7,6.7,6.85,3117,21000.0,57,,2857.0,91.66,new
OFSS, EQ,2026-10-07,10519.0,10733.0,10406.0,10576.0,10576.0,10482.0,201807,2137159999.9999998,31240,,69623.0,34.5,new
OIL, EQ,2026-10-07,449.45,455.0,446.15,453.75,453.75,447.85,1445019,652640000.0,22820,,826964.0,57.23,new
OILCOUNTUB, BE,2026-10-07,82.91,82.91,82.91,82.91,82.91,81.29,28578,2369000.0,75,,,,new
OILIETF, EQ,2026-10-07,10.77,10.84,10.75,10.78,10.79,10.82,313749,3386000.0,1935,,163926.0,52.25,new
OLAELEC, EQ,2026-10-07,36.35,37.1,35.93,36.32,36.26,35.96,61427676,2236033000.0,130263,,12621601.0,20.55,new
OLECTRA, EQ,2026-10-07,1101.0,1101.0,1079.0,1084.1,1083.0,1102.9,243414,264719000.0,14528,,105473.0,43.33,new
OLIL, SM,2026-10-07,445.5,454.5,440.0,441.35,440.0,440.65,33200,14734000.0,33,,15600.0,46.99,new
OMAXAUTO, EQ,2026-10-07,209.29,213.96,205.11,206.85,208.0,209.29,44859,9395000.0,1218,,26025.0,58.02,new
OMAXE, EQ,2026-10-07,107.01,108.1,106.31,107.01,107.0,107.71,214830,23072000.0,3342,,100182.0,46.63,new
OMFREIGHT, EQ,2026-10-07,105.0,107.1,104.6,106.63,106.0,105.0,42234,4464000.0,487,,39444.0,93.39,new
OMFURN, SM,2026-10-07,49.55,51.6,49.5,51.6,51.6,51.9,4800,240000.0,4,,3600.0,75.0,new
OMINFRAL, EQ,2026-10-07,74.73,74.74,71.5,72.45,71.52,73.33,41871,3059000.0,948,,22087.0,52.75,new
OMNI, EQ,2026-10-07,657.0,688.75,647.95,657.55,657.55,656.95,972976,650009000.0,38757,,264567.0,27.19,new
OMPOWER, EQ,2026-10-07,162.0,169.86,157.0,165.75,165.5,153.5,1118196,183542000.0,12200,,197343.0,17.65,new
ONDOOR, SM,2026-10-07,271.0,271.0,257.4,264.0,264.0,267.0,3900,1030000.0000000001,9,,3000.0,76.92,new
ONEGLOBAL, EQ,2026-10-07,564.0,587.0,552.05,585.0,585.0,564.0,16214,9351000.0,1122,,11619.0,71.66,new
ONELIFECAP, BE,2026-10-07,46.99,47.25,45.0,47.16,46.9,45.0,359287,16912000.0,362,,,,new
ONEPOINT, EQ,2026-10-07,78.65,80.75,78.32,78.77,78.9,78.65,2116511,168277000.0,18013,,673172.0,31.81,new
ONESOURCE, EQ,2026-10-07,1529.1,1548.0,1510.6,1528.6,1530.0,1535.8,101988,155806000.0,10163,,53581.0,52.54,new
ONGC, EQ,2026-10-07,223.91,224.92,220.63,221.88,221.88,224.2,14223609,3154571000.0,152315,,8778415.0,61.72,new
ONIDA, EQ,2026-10-07,31.06,31.29,30.16,30.67,30.78,31.11,188758,5807000.0,897,,104141.0,55.17,new
ONIXSOLAR, EQ,2026-10-07,344.0,355.1,339.0,355.1,355.1,338.2,98805,34569000.0,1254,,72681.0,73.56,new
ONMOBILE, BE,2026-10-07,49.7,51.57,48.55,51.57,51.57,49.12,43623,2209000.0,309,,,,new
ONWARDTEC, EQ,2026-10-07,297.0,301.3,291.95,297.4,298.75,294.6,38634,11493000.0,1109,,21568.0,55.83,new
ONYX, ST,2026-10-07,37.75,37.8,37.75,37.8,37.8,39.35,4000,151000.0,2,,4000.0,100.0,new
OPTIEMUS, EQ,2026-10-07,879.05,897.45,856.9,861.9,860.95,889.9,1054981,925964000.0,42405,,310372.0,29.42,new
OPTIFIN, EQ,2026-10-07,14.49,14.78,14.01,14.58,14.5,14.42,23183,333000.0,116,,15455.0,66.67,new
OPTIMYSTIX, SM,2026-10-07,129.0,138.95,129.0,136.9,135.1,133.0,32000,4339000.0,30,,24000.0,75.0,new
OPTIVALUE, ST,2026-10-07,246.6,246.6,235.0,238.0,238.0,235.45,16000,3845000.0000000005,10,,11200.0,70.0,new
ORBTEXP, EQ,2026-10-07,242.1,251.0,238.0,242.9,243.5,246.85,7332,1791000.0,333,,1932.0,26.35,new
ORCHASP, EQ,2026-10-07,1.29,1.35,1.29,1.33,1.35,1.29,181892,241000.0,208,,103773.0,57.05,new
ORCHPHARMA, EQ,2026-10-07,1007.8,1069.5,993.75,1023.95,1018.0,1006.55,198749,206598000.0,19940,,64532.0,32.47,new
ORIANA, SM,2026-10-07,302.5,312.0,298.1,303.0,301.95,303.3,166125,50807000.0,359,,94875.0,57.11,new
ORICONENT, EQ,2026-10-07,52.27,53.0,51.01,52.27,52.87,52.27,66002,3457000.0,456,,56306.0,85.31,new
ORIENTALTL, EQ,2026-10-07,4.87,4.89,4.78,4.83,4.81,4.87,18666,90000.0,160,,15684.0,84.02,new
ORIENTBELL, EQ,2026-10-07,416.05,440.4,405.25,432.55,433.0,413.55,57426,24642000.0,1468,,37089.0,64.59,new
ORIENTCABL, EQ,2026-10-07,400.6,423.9,396.2,418.4,414.0,396.4,8304312,3416903000.0,146156,,1965193.0,23.66,new
ORIENTCEM, EQ,2026-10-07,115.32,116.19,112.41,113.21,112.69,115.76,165155,18775000.0,5399,,96057.0,58.16,new
ORIENTCER, EQ,2026-10-07,44.13,44.45,42.3,42.87,43.0,44.14,68168,2955000.0,803,,50231.0,73.69,new
ORIENTELEC, EQ,2026-10-07,160.7,162.31,158.76,160.73,161.8,160.7,120865,19366000.0,3732,,56121.0,46.43,new
ORIENTHOT, EQ,2026-10-07,144.76,145.0,142.7,143.06,143.55,143.61,343678,49501000.0,2724,,194845.0,56.69,new
ORIENTLTD, BE,2026-10-07,75.24,78.25,75.24,77.0,77.0,76.0,523,40000.0,6,,,,new
ORIENTPPR, EQ,2026-10-07,16.3,16.3,15.95,15.99,16.05,16.26,259318,4164000.0,817,,178332.0,68.77,new
ORIENTTECH, EQ,2026-10-07,229.0,258.2,227.01,239.8,237.0,226.35,14171312,3530511000.0,177204,,674321.0,4.76,new
ORIRAIL, EQ,2026-10-07,123.5,123.5,119.17,120.66,120.66,122.96,41071,4968000.0,937,,23204.0,56.5,new
ORISSAMINE, EQ,2026-10-07,3639.0,3639.0,3551.0,3581.3,3575.0,3609.0,3643,13090000.0,705,,2465.0,67.66,new
ORKLAINDIA, EQ,2026-10-07,541.0,566.0,539.0,562.75,563.0,545.0,66329,36930000.0,4350,,29466.0,44.42,new
ORTINGLOBE, EQ,2026-10-07,14.68,15.1,14.1,14.9,15.1,14.39,6452,97000.0,32,,5443.0,84.36,new
OSELDEVICE, SM,2026-10-07,370.05,389.9,370.05,388.4,389.9,375.7,24800,9508000.0,107,,19000.0,76.61,new
OSIAHYPER, BZ,2026-10-07,2.06,2.06,1.9,1.91,1.94,2.0,659281,1270000.0,700,,,,new
OSWALAGRO, EQ,2026-10-07,32.69,33.63,32.1,32.74,32.52,32.85,45081,1493000.0,327,,31094.0,68.97,new
OSWALGREEN, EQ,2026-10-07,19.27,19.47,18.89,18.99,18.96,19.27,74952,1433000.0,722,,43941.0,58.63,new
OSWALPUMPS, EQ,2026-10-07,264.9,269.95,262.85,264.6,264.8,264.8,226913,60216999.99999999,5277,,73522.0,32.4,new
OSWALSEEDS, EQ,2026-10-07,12.29,12.5,12.01,12.2,12.3,12.13,39106,476000.0,294,,24057.0,61.52,new
OWAIS, SM,2026-10-07,68.0,68.3,66.35,66.8,66.5,67.0,8000,543000.0,42,,7200.0,90.0,new
PACEDIGITK, EQ,2026-10-07,167.0,168.0,163.56,165.45,166.0,166.28,525452,86663000.0,7774,,244426.0,46.52,new
PACIFICI, EQ,2026-10-07,141.0,141.0,130.0,138.59,138.59,138.99,453,60000.0,27,,252.0,55.63,new
PAGEIND, EQ,2026-10-07,37970.0,37970.0,37300.0,37570.0,37570.0,37970.0,10168,382028000.0,5251,,3179.0,31.26,new
PAISALO, EQ,2026-10-07,83.31,85.48,83.11,84.23,83.51,83.1,11691827,990281000.0,18197,,3588076.0,30.69,new
PAKKA, EQ,2026-10-07,69.13,72.9,68.66,72.37,72.51,69.13,208422,14731000.0,2005,,135481.0,65.0,new
PALASHSECU, EQ,2026-10-07,87.9,87.99,84.1,87.99,87.99,86.8,205,18000.0,27,,111.0,54.15,new
PALREDTEC, EQ,2026-10-07,41.62,43.42,39.54,43.42,43.42,41.62,1810,73000.0,40,,1759.0,97.18,new
PANACEABIO, EQ,2026-10-07,361.7,365.0,355.55,357.6,357.1,363.2,46154,16647000.0,1909,,28117.0,60.92,new
PANACHE, BE,2026-10-07,570.55,597.45,570.0,597.45,597.45,569.0,65399,37727000.0,195,,,,new
PANAMAPET, EQ,2026-10-07,508.65,551.85,497.45,537.0,535.2,504.1,1895756,1010725000.0,57160,,486559.0,25.67,new
PANCHMAHQ, EQ,2026-10-07,296.4,296.4,285.0,285.0,285.0,296.4,6,2000.0,2,,3.0,50.0,new
PANORAMA, EQ,2026-10-07,62.9,67.0,62.9,66.29,65.4,63.05,2007982,131359999.99999999,7910,,912457.0,45.44,new
PANSARI, EQ,2026-10-07,260.0,273.9,251.1,271.0,271.0,265.7,368,96000.0,15,,357.0,97.01,new
PAPADMALJI, ST,2026-10-07,72.3,72.3,68.7,68.75,68.7,72.0,1630400,116851000.0,538,,1630400.0,100.0,new
PAR, BE,2026-10-07,120.06,126.15,120.06,125.28,126.0,122.74,8720,1076000.0,121,,,,new
PARACABLES, EQ,2026-10-07,58.08,59.35,57.0,57.49,57.67,58.22,958244,55665000.0,6174,,334030.0,34.86,new
PARADEEP, EQ,2026-10-07,156.0,157.38,153.41,155.38,154.75,156.76,1126425,174760000.0,18558,,415314.0,36.87,new
PARAGMILK, EQ,2026-10-07,306.95,314.7,301.35,311.8,312.7,308.7,2455573,763694000.0,34861,,759167.0,30.92,new
PARAGON, SM,2026-10-07,50.7,57.4,50.5,53.05,53.05,49.2,42000,2272000.0,34,,26400.0,62.86,new
PARAMATRIX, SM,2026-10-07,56.0,56.0,55.0,55.0,55.0,55.0,2400,133000.0,2,,2400.0,100.0,new
PARAS, EQ,2026-10-07,1321.9,1321.9,1278.0,1286.1,1286.0,1323.3,560761,724023000.0,33368,,203412.0,36.27,new
PARASPETRO, EQ,2026-10-07,2.02,2.09,1.99,2.03,2.03,2.02,192904,391000.0,327,,141027.0,73.11,new
PARIN, EQ,2026-10-07,709.2,709.2,685.55,704.3,706.0,700.05,10043,7029000.000000001,399,,4163.0,41.45,new
PARKHOSPS, EQ,2026-10-07,274.0,275.9,270.0,272.8,270.5,274.85,689821,188196000.0,6895,,525376.0,76.16,new
PARKHOTELS, EQ,2026-10-07,103.0,104.49,102.68,103.62,104.25,103.19,73659,7641000.0,1165,,37315.0,50.66,new
PARNAXLAB, EQ,2026-10-07,111.0,115.99,111.0,111.54,111.5,115.34,2587,291000.0,70,,1765.0,68.23,new
PARSVNATH, BE,2026-10-07,2.25,2.25,2.25,2.25,2.25,2.21,28893,65000.0,37,,,,new
PARTH, SM,2026-10-07,514.0,520.0,510.0,518.75,520.0,512.85,6800,3504000.0,12,,6000.0,88.24,new
PARTY-RE, ST,2026-10-07,0.35,0.35,0.3,0.35,0.35,0.3,386946,130000.0,282,,329510.0,85.16,new
PARTYCRUS, SM,2026-10-07,96.5,103.0,96.0,96.2,96.2,95.0,13000,1290000.0,13,,12000.0,92.31,new
PASHUPATI, EQ,2026-10-07,71.45,75.04,68.15,69.6,69.7,69.91,3311365,232733000.0,18374,,1669948.0,50.43,new
PASUPTAC, EQ,2026-10-07,70.5,73.09,69.56,70.5,69.56,70.89,76842,5451000.0,1361,,39275.0,51.11,new
PATANJALI, EQ,2026-10-07,362.45,363.0,354.0,360.95,360.95,363.0,3163358,1136095000.0,30886,,1187413.0,37.54,new
PATELENG, EQ,2026-10-07,25.85,26.09,25.62,25.74,25.7,25.93,1235700,31895000.0,4305,,582987.0,47.18,new
PATELRMART, EQ,2026-10-07,225.88,233.39,223.0,227.86,228.8,227.01,234782,53784000.0,2940,,96250.0,41.0,new
PATILAUTOM, ST,2026-10-07,338.0,353.15,336.35,353.15,353.15,336.35,56400,19634000.0,68,,55800.0,98.94,new
PATINTLOG, EQ,2026-10-07,13.48,13.48,13.1,13.11,13.14,13.15,21004,277000.0,155,,17547.0,83.54,new
PAUSHAKLTD, EQ,2026-10-07,722.85,722.85,692.5,697.55,700.95,704.3,40665,28831000.0,3596,,19872.0,48.87,new
PAVNAIND, EQ,2026-10-07,15.84,15.84,15.25,15.3,15.3,15.65,20734,321000.0,114,,15677.0,75.61,new
PAYTM, EQ,2026-10-07,1686.5,1774.0,1680.1,1732.0,1732.0,1694.0,5016093,8732104000.0,119142,,1699799.0,33.89,new
PBMPOLY, EQ,2026-10-07,56.26,66.9,56.26,57.75,57.75,58.75,315,19000.0,9,,203.0,64.44,new
PCBL, EQ,2026-10-07,328.7,329.0,323.65,326.9,327.25,327.7,499455,163058000.0,12845,,220049.0,44.06,new
PCCL, SM,2026-10-07,414.0,415.0,412.0,412.0,412.0,415.0,2000,827000.0,5,,2000.0,100.0,new
PCJEWELLER, EQ,2026-10-07,12.95,13.25,12.87,13.14,13.15,12.93,208486730,2725217000.0,103807,,43808635.0,21.01,new
PDMJEPAPER, EQ,2026-10-07,96.22,97.59,95.7,96.36,96.0,96.16,73269,7076000.000000001,1636,,31547.0,43.06,new
PDSL, EQ,2026-10-07,348.35,348.4,337.15,342.0,344.0,347.4,76936,26308999.999999996,2846,,41786.0,54.31,new
PEARLPOLY, EQ,2026-10-07,16.85,17.95,16.85,17.55,17.55,17.2,9697,171000.0,68,,7207.0,74.32,new
PELATRO, SM,2026-10-07,380.0,380.0,370.05,375.0,375.0,379.2,6000,2250000.0,12,,6000.0,100.0,new
PENIND, EQ,2026-10-07,177.85,182.95,175.23,180.85,180.95,177.85,368396,65805999.99999999,6199,,176719.0,47.97,new
PENINLAND, EQ,2026-10-07,14.4,14.72,14.4,14.66,14.65,14.66,75236,1100000.0,312,,58560.0,77.84,new
PENTAGON, ST,2026-10-07,87.2,87.2,84.55,85.85,84.55,89.0,2000,172000.0,2,,2000.0,100.0,new
PERFECT, SZ,2026-10-07,1.75,1.75,1.75,1.75,1.75,1.7,3000,5000.0,1,,3000.0,100.0,new
PERMAGN, EQ,2026-10-07,855.0,895.0,846.3,881.6,888.5,846.75,6857,6016000.0,781,,5275.0,76.93,new
PERNIASPOP, EQ,2026-10-07,516.5,535.0,516.5,531.45,533.25,518.6,46942,24832000.0,2792,,26880.0,57.26,new
PERSISTENT, EQ,2026-10-07,5513.5,5529.0,5447.5,5507.0,5507.0,5521.0,298344,1640484000.0,27802,,139845.0,46.87,new
PETRONET, EQ,2026-10-07,295.0,299.6,294.25,297.0,297.0,297.5,3121238,927490000.0,42161,,1922648.0,61.6,new
PFC, EQ,2026-10-07,322.9,332.25,321.95,325.55,325.55,322.6,15838626,5178471000.0,101286,,8296781.0,52.38,new
PFIZER, EQ,2026-10-07,3870.0,3870.1,3802.0,3815.1,3810.0,3852.2,11656,44556000.0,3296,,5985.0,51.35,new
PFOCUS, EQ,2026-10-07,294.85,296.1,265.0,284.0,284.0,292.7,8031093,2218420000.0,118488,,1278011.0,15.91,new
PFS, EQ,2026-10-07,27.48,27.51,26.9,27.12,27.25,27.29,890156,24176000.0,5481,,418000.0,46.96,new
PGEL, EQ,2026-10-07,523.65,531.0,519.2,522.0,522.0,527.65,987708,518701000.0,19049,,171505.0,17.36,new
PGHH, EQ,2026-10-07,6900.0,7012.0,6840.0,6921.0,6939.0,6865.0,11952,82875000.0,4415,,5837.0,48.84,new
PGHL, EQ,2026-10-07,5305.5,5329.5,5192.0,5234.0,5240.0,5306.0,10836,56767999.99999999,2622,,7339.0,67.73,new
PGIL, EQ,2026-10-07,1265.0,1311.0,1261.4,1273.1,1271.0,1266.7,177377,227560000.0,24269,,96500.0,54.4,new
PGINVIT, IV,2026-10-07,102.36,102.49,102.0,102.48,102.49,102.23,1115522,114132000.0,4956,,918095.0,82.3,new
PHANTOMFX, SM,2026-10-07,82.0,98.5,80.0,96.7,96.6,82.1,66600,5827000.0,102,,61800.0,92.79,new
PHARMABEES, EQ,2026-10-07,27.3,27.5,27.08,27.16,27.14,27.3,3016478,82084000.0,8564,,1887375.0,62.57,new
PHOENIXLTD, EQ,2026-10-07,1861.0,1886.3,1845.0,1845.5,1845.5,1883.5,277954,517306000.00000006,31460,,156198.0,56.2,new
PHOENXINTL, EQ,2026-10-07,28.5,28.99,28.49,28.98,28.98,28.01,517,15000.0,16,,517.0,100.0,new
PHOGLOBAL, SM,2026-10-07,14.75,14.75,14.65,14.7,14.65,15.2,6000,88000.0,3,,6000.0,100.0,new
PICCADIL, EQ,2026-10-07,592.55,602.0,584.0,589.0,590.9,594.2,56998,33631000.0,5029,,25754.0,45.18,new
PIDILITIND, EQ,2026-10-07,1515.0,1515.0,1483.1,1488.5,1488.5,1520.5,537272,803650000.0,40292,,282734.0,52.62,new
PIGL, EQ,2026-10-07,96.0,98.61,96.0,97.09,96.41,98.42,30138,2916000.0,679,,18031.0,59.83,new
PIIND, EQ,2026-10-07,2259.0,2259.0,2197.8,2210.0,2210.0,2250.0,167302,370059000.0,15955,,76065.0,45.47,new
PILANIINVS, EQ,2026-10-07,4094.5,4095.0,4053.0,4076.3,4068.4,4067.1,1469,5981000.0,275,,1072.0,72.97,new
PILITA, EQ,2026-10-07,7.38,7.5,7.3,7.32,7.31,7.35,22080,162000.0,105,,16568.0,75.04,new
PINELABS, EQ,2026-10-07,173.0,184.7,171.54,177.67,177.75,172.73,40833328,7345739999.999999,236708,,9351589.0,22.9,new
PIONEEREMB, EQ,2026-10-07,20.3,20.79,20.1,20.7,20.6,20.6,329,7000.000000000001,22,,222.0,67.48,new
PIONRINV, BE,2026-10-07,67.21,67.21,62.6,62.6,62.6,65.89,15367,961999.9999999999,65,,,,new
PIRAMALFIN, EQ,2026-10-07,2018.0,2022.7,1970.2,1981.5,1980.0,2018.5,377333,753397000.0,53575,,242169.0,64.18,new
PITTIENG, EQ,2026-10-07,1122.0,1149.8,1115.0,1118.4,1116.4,1122.0,86462,98010000.0,6955,,41838.0,48.39,new
PIXTRANS, EQ,2026-10-07,1784.0,1808.8,1756.1,1788.4,1800.0,1796.7,24831,44221000.0,3113,,11246.0,45.29,new
PKTEA, BE,2026-10-07,980.0,980.0,940.0,944.4,943.0,983.2,484,462000.0,74,,,,new
PLADAINFO, SM,2026-10-07,11.8,11.8,11.75,11.75,11.75,12.35,15000,176000.0,5,,15000.0,100.0,new
PLASTIBLEN, EQ,2026-10-07,205.0,207.0,200.2,205.09,204.0,202.4,47821,9752000.0,1509,,29561.0,61.82,new
PLATIND, EQ,2026-10-07,203.63,207.0,200.0,200.56,200.99,203.58,50708,10287000.0,1605,,18726.0,36.93,new
PLAZACABLE, EQ,2026-10-07,58.69,59.0,56.7,58.2,57.51,58.07,42724,2475000.0,955,,24212.0,56.67,new
PML, EQ,2026-10-07,481.2,493.95,468.5,483.85,493.95,481.2,29,14000.000000000002,20,,29.0,100.0,new
PNB, EQ,2026-10-07,111.6,115.1,110.55,114.59,114.59,111.92,18275898,2075383000.0000002,71430,,5790063.0,31.68,new
PNBGILTS, EQ,2026-10-07,71.5,72.64,71.0,71.52,72.3,71.42,343479,24701000.0,2451,,119266.0,34.72,new
PNBHOUSING, EQ,2026-10-07,1105.1,1139.7,1105.1,1131.0,1131.0,1102.1,1125058,1269634000.0,41835,,564849.0,50.21,new
PNC, EQ,2026-10-07,18.8,18.8,16.86,17.49,17.5,17.41,15085,265000.0,265,,5364.0,35.56,new
PNCINFRA, EQ,2026-10-07,138.74,139.0,135.85,136.93,137.0,138.74,441404,60523000.0,10544,,203436.0,46.09,new
PNGJL, EQ,2026-10-07,587.8,603.95,582.6,597.05,596.5,588.6,424424,253423000.0,18721,,130913.0,30.84,new
PNGSREVA, EQ,2026-10-07,551.45,653.0,549.9,631.0,643.9,547.2,4514798,2795424000.0,121929,,464489.0,10.29,new
POCL, EQ,2026-10-07,448.45,450.95,438.0,448.4,446.55,447.25,181018,80831000.0,11058,,90866.0,50.2,new
PODDARMENT, EQ,2026-10-07,255.0,257.7,252.6,254.8,256.1,253.3,2146,546000.0,104,,1638.0,76.33,new
POEL, EQ,2026-10-07,133.71,137.7,131.57,135.86,135.02,133.71,42710,5768000.0,1831,,9065.0,21.22,new
POKARNA, EQ,2026-10-07,712.0,712.2,698.3,704.45,702.0,709.9,31826,22443000.0,2495,,17234.0,54.15,new
POLICYBZR, EQ,2026-10-07,1034.5,1041.2,1012.0,1040.0,1040.0,1034.9,3508117,3605603000.0,69908,,1218118.0,34.72,new
POLYCAB, EQ,2026-10-07,8130.5,8335.5,8038.0,8310.0,8310.0,8147.0,531310,4340266000.0,44462,,297242.0,55.95,new
POLYMED, EQ,2026-10-07,1635.0,1641.0,1599.5,1615.0,1599.5,1633.8,114735,186578000.0,11936,,75659.0,65.94,new
POLYPLEX, EQ,2026-10-07,1028.3,1030.0,1010.4,1023.3,1027.8,1034.3,38428,39257000.0,3820,,24774.0,64.47,new
POLYSIL, SM,2026-10-07,52.0,55.75,51.6,55.75,55.75,53.1,13000,712000.0,17,,11500.0,88.46,new
POLYSPIN, EQ,2026-10-07,28.95,29.97,28.24,29.0,29.0,28.95,155,5000.0,13,,76.0,49.03,new
PONNIERODE, EQ,2026-10-07,375.0,379.8,362.15,365.4,364.5,374.55,76407,28458999.999999996,2330,,44245.0,57.91,new
POOJALOGIS, ST,2026-10-07,123.0,125.85,120.1,125.85,125.85,119.9,50400,6253000.0,35,,49200.0,97.62,new
POONAWALLA, EQ,2026-10-07,459.7,459.7,447.85,448.9,448.2,460.45,1030916,465445000.0,43401,,506769.0,49.16,new
POSITRON, SM,2026-10-07,227.7,234.95,227.7,232.9,234.9,223.8,28500,6639000.0,72,,24900.0,87.37,new
POWERGRID, EQ,2026-10-07,256.6,256.65,252.85,253.05,253.05,257.2,4339989,1104222000.0,69333,,2442587.0,56.28,new
POWERICA, EQ,2026-10-07,600.05,613.6,590.0,600.95,600.0,601.7,167821,101012000.0,6163,,71785.0,42.77,new
POWERINDIA, EQ,2026-10-07,31470.0,31825.0,31300.0,31610.0,31610.0,31640.0,47440,1499093000.0,14722,,13749.0,28.98,new
POWERMECH, EQ,2026-10-07,2414.5,2449.4,2401.0,2429.3,2440.0,2426.0,26530,64314000.0,6628,,11898.0,44.85,new
PPAP, BE,2026-10-07,244.6,248.0,241.35,247.06,246.0,239.81,6281,1539000.0,96,,,,new
PPL, EQ,2026-10-07,252.65,252.95,246.05,247.6,246.55,252.65,28315,7068000.000000001,915,,19568.0,69.11,new
PPLPHARMA, EQ,2026-10-07,200.06,205.1,199.99,203.01,202.67,200.52,2298287,465908000.0,40447,,897212.0,39.04,new
PPSL, SM,2026-10-07,2.75,2.8,2.75,2.8,2.8,2.85,12000,33000.0,4,,9000.0,75.0,new
PRABHA, EQ,2026-10-07,220.91,229.0,220.01,225.82,226.1,221.33,156054,35249000.0,2906,,70900.0,45.43,new
PRADPME, EQ,2026-10-07,572.2,653.1,572.2,620.9,613.0,544.25,514852,323478000.0,14921,,130828.0,25.41,new
PRAENG, EQ,2026-10-07,20.4,20.58,17.67,19.37,19.26,19.7,299127,5724000.0,831,,171806.0,57.44,new
PRAJIND, EQ,2026-10-07,315.05,315.9,299.2,300.4,300.0,315.05,649176,197757000.0,25376,,340745.0,52.49,new
PRAKASH, EQ,2026-10-07,119.35,119.4,117.11,118.31,118.65,119.7,264927,31373000.0,3034,,124418.0,46.96,new
PRAKASHSTL, EQ,2026-10-07,3.53,3.57,3.41,3.43,3.44,3.53,93821,326000.0,410,,70270.0,74.9,new
PRAMARA, SM,2026-10-07,107.6,109.65,105.95,108.0,108.0,104.45,12500,1340000.0,15,,12000.0,96.0,new
PRAMODINI, SM,2026-10-07,116.9,117.0,114.25,115.2,115.4,116.35,21600,2497000.0,18,,18000.0,83.33,new
PRANAV, EQ,2026-10-07,90.29,95.88,89.1,94.22,94.7,90.9,3367704,313718000.0,26100,,582260.0,17.29,new
PRANIK, SM,2026-10-07,46.05,46.05,46.0,46.0,46.0,45.15,6400,294000.0,2,,6400.0,100.0,new
PRASOLCHEM, EQ,2026-10-07,824.2,889.95,821.45,878.9,876.4,821.45,609936,527728000.0,37029,,166802.0,27.35,new
PRATHAM, SM,2026-10-07,120.05,120.05,120.05,120.05,120.05,122.5,6800,816000.0,9,,6800.0,100.0,new
PRAVEG, EQ,2026-10-07,249.03,253.5,241.0,242.27,241.0,247.81,28238,7009999.999999999,1322,,16033.0,56.78,new
PRAXIS, EQ,2026-10-07,4.48,4.63,4.48,4.51,4.51,4.45,29494,135000.0,107,,25623.0,86.88,new
PRECAM, EQ,2026-10-07,112.65,115.98,109.0,113.85,114.02,113.27,155014,17630000.0,3222,,44522.0,28.72,new
PRECISION, ST,2026-10-07,7.0,7.0,7.0,7.0,7.0,7.0,2000,14000.000000000002,1,,2000.0,100.0,new
PRECOT, EQ,2026-10-07,595.8,635.95,595.1,613.1,615.0,604.5,996,603000.0,128,,870.0,87.35,new
PRECWIRE, EQ,2026-10-07,515.0,522.05,509.35,516.6,516.0,515.15,455686,235569999.99999997,19522,,189213.0,41.52,new
PREMCO, EQ,2026-10-07,405.85,405.85,389.5,397.15,395.0,405.9,1232,491000.0,103,,688.0,55.84,new
PREMEXPLN, EQ,2026-10-07,685.9,693.9,682.1,687.05,687.2,685.1,200274,137279000.0,4120,,134567.0,67.19,new
PREMIER, BE,2026-10-07,2.65,2.76,2.54,2.74,2.76,2.63,20022,54000.0,34,,,,new
PREMIERENE, EQ,2026-10-07,900.15,917.7,894.35,910.0,910.0,907.0,918753,836292000.0,36967,,455662.0,49.6,new
PREMIERPOL, EQ,2026-10-07,98.01,103.89,97.32,101.23,101.92,97.23,809457,81802000.0,13498,,264056.0,32.62,new
PREMIUM, SM,2026-10-07,44.3,45.95,44.3,44.3,44.3,46.5,15000,671000.0,5,,12000.0,80.0,new
PRESSTONIC, ST,2026-10-07,43.3,44.9,42.0,44.85,44.85,42.8,84000,3681000.0,55,,77600.0,92.38,new
PRESTIGE, EQ,2026-10-07,1467.5,1467.5,1425.5,1429.3,1429.3,1467.7,589957,850287999.9999999,24871,,428642.0,72.66,new
PRICOLLTD, EQ,2026-10-07,681.0,687.0,658.65,661.25,661.0,677.65,609345,405142000.0,32212,,328190.0,53.86,new
PRIMECAB, ST,2026-10-07,205.0,205.0,199.0,203.0,203.0,201.05,65600,13278000.0,38,,56000.0,85.37,new
PRIMESECU, EQ,2026-10-07,301.5,302.95,294.25,295.8,295.05,297.05,4970,1475000.0,302,,3348.0,67.36,new
PRIMO, EQ,2026-10-07,27.44,27.44,25.25,25.62,25.6,26.97,277273,7320000.0,1560,,158293.0,57.09,new
PRINCEPIPE, EQ,2026-10-07,256.55,262.0,253.15,256.65,255.9,258.2,104909,27074000.0,3983,,47204.0,45.0,new
PRIORITY, EQ,2026-10-07,315.0,342.7,305.3,319.55,321.7,311.85,1457432,475532000.0,40413,,350054.0,24.02,new
PRISMX, EQ,2026-10-07,0.5,0.51,0.49,0.49,0.51,0.49,159772,79000.0,115,,115148.0,72.07,new
PRITI, EQ,2026-10-07,32.8,32.9,31.25,32.2,31.55,31.66,2193,71000.0,114,,1569.0,71.55,new
PRITIKA, SM,2026-10-07,70.0,70.0,62.0,67.45,67.45,62.9,66000,4568000.0,9,,32000.0,48.48,new
PRITIKAUTO, EQ,2026-10-07,16.02,16.78,16.01,16.18,16.12,16.33,143879,2344000.0,755,,88088.0,61.22,new
PRIVISCL, EQ,2026-10-07,3504.9,3545.0,3476.0,3519.2,3511.0,3504.9,78112,274696000.0,13971,,34394.0,44.03,new
PRIZOR, ST,2026-10-07,1382.15,1382.15,1382.15,1382.15,1382.15,1316.35,4400,6081000.0,10,,4400.0,100.0,new
PRLIND, SM,2026-10-07,42.25,43.85,42.25,43.65,43.65,42.95,22000,944999.9999999999,20,,16000.0,72.73,new
PROFX, SM,2026-10-07,66.0,68.0,66.0,68.0,68.0,67.05,3200,214000.0,2,,3200.0,100.0,new
PROPSHOP, SM,2026-10-07,71.0,71.0,71.0,71.0,71.0,71.5,2000,142000.0,1,,2000.0,100.0,new
PROSTARM, EQ,2026-10-07,133.52,133.76,130.5,131.36,130.92,132.91,115044,15188000.0,1850,,44290.0,38.5,new
PROTEAN, EQ,2026-10-07,685.0,696.0,666.95,669.95,670.0,689.25,469531,319187000.0,17219,,171618.0,36.55,new
PROV, SM,2026-10-07,1950.0,1990.0,1950.0,1961.0,1961.0,1960.0,560,1108000.0,4,,560.0,100.0,new
PROZONER, EQ,2026-10-07,52.98,55.5,50.99,54.06,53.75,52.45,710014,37701000.0,5684,,326874.0,46.04,new
PRSMJOHNSN, EQ,2026-10-07,103.75,103.75,100.21,100.71,100.47,103.48,332140,33571000.0,5785,,174426.0,52.52,new
PRUDENT, EQ,2026-10-07,3172.0,3247.5,3170.7,3223.3,3207.8,3204.3,19841,63947000.0,7071,,11972.0,60.34,new
PRUDMOULI, EQ,2026-10-07,14.77,14.77,13.32,13.54,13.54,13.81,17056,238000.0,93,,10801.0,63.33,new
PSB, EQ,2026-10-07,21.1,21.26,20.87,21.06,21.1,21.05,1039235,21862000.0,3060,,434434.0,41.8,new
PSFL, SM,2026-10-07,32.5,32.5,32.5,32.5,32.5,32.5,2000,65000.0,1,,2000.0,100.0,new
PSPPROJECT, EQ,2026-10-07,762.5,785.0,760.0,765.6,765.0,761.75,36096,27875000.0,2876,,17696.0,49.02,new
PSRAJ, SM,2026-10-07,99.4,99.7,98.0,99.4,99.5,99.75,67500,6704000.000000001,20,,40000.0,59.26,new
PSUBANK, EQ,2026-10-07,82.09,82.09,79.32,80.92,81.3,80.09,2565596,207005000.00000003,982,,2087681.0,81.37,new
PSUBANKADD, EQ,2026-10-07,79.03,82.1,79.03,81.72,82.1,80.6,20961,1707999.9999999998,164,,9545.0,45.54,new
PSUBNKBEES, EQ,2026-10-07,89.5,90.62,88.45,90.12,90.57,89.11,1982905,178197000.0,5393,,974284.0,49.13,new
PSUBNKIETF, EQ,2026-10-07,81.24,82.49,80.36,82.34,82.39,81.24,65713,5371000.0,625,,29457.0,44.83,new
PTC, EQ,2026-10-07,150.8,152.14,149.35,151.72,151.85,157.14,1807621,273102000.0,16594,,749595.0,41.47,new
PTCIL, EQ,2026-10-07,23850.0,24800.0,23755.0,24685.0,24770.0,23125.0,117090,2839834000.0,34410,,32959.0,28.15,new
PTL, EQ,2026-10-07,38.25,38.41,37.94,38.2,38.17,38.23,62207,2366000.0,653,,50101.0,80.54,new
PULZ, SM,2026-10-07,21.65,21.65,21.65,21.65,21.65,21.5,2000,43000.0,1,,2000.0,100.0,new
PUNJABCHEM, EQ,2026-10-07,1035.2,1051.9,1030.6,1044.1,1040.8,1039.0,1977,2055000.0,359,,950.0,48.05,new
PURPLEUTED, SM,2026-10-07,515.0,520.6,505.0,509.4,511.0,495.85,65250,33811000.0,174,,50250.0,77.01,new
PURVA, EQ,2026-10-07,208.99,211.95,206.82,209.68,208.0,210.75,58462,12224000.0,1914,,19424.0,33.23,new
PUSHPA, SM,2026-10-07,120.05,123.0,113.0,115.55,115.25,120.45,116000,14038000.0,95,,13000.0,11.21,new
PVP, EQ,2026-10-07,52.85,52.85,52.85,52.85,52.85,50.34,65062,3439000.0,113,,65062.0,100.0,new
PVRINOX, EQ,2026-10-07,1287.0,1374.8,1276.0,1343.8,1335.1,1249.4,5065408,6786895000.0,214177,,1312675.0,25.91,new
PVSL, EQ,2026-10-07,95.4,97.0,93.0,95.37,94.2,94.57,10323,981000.0,536,,7069.0,68.48,new
PVTBANIETF, EQ,2026-10-07,28.09,28.09,27.22,27.5,27.59,27.41,6335925,174208000.0,1228,,5593510.0,88.28,new
PVTBANK, EQ,2026-10-07,27.19,27.34,27.06,27.19,27.06,27.14,33373,907000.0,50,,28188.0,84.46,new
PVTBANKADD, EQ,2026-10-07,27.42,27.74,27.36,27.48,27.45,27.55,1861463,51173000.0,1397,,1748947.0,93.96,new
PVTBKGROWW, EQ,2026-10-07,27.16,27.5,26.76,26.99,26.87,27.06,20502,556000.0,90,,8232.0,40.15,new
PWL, EQ,2026-10-07,131.02,140.2,130.7,139.57,139.6,131.86,34917953,4829338000.0,184756,,5987166.0,17.15,new
PYRAMID, EQ,2026-10-07,157.84,157.9,148.21,151.27,150.9,159.71,114998,17425000.0,2042,,51787.0,45.03,new
QGOLDHALF, EQ,2026-10-07,121.85,121.85,120.89,121.3,121.3,121.86,146528,17791000.0,574,,130310.0,88.93,new
QLINE, SM,2026-10-07,657.95,685.4,657.0,684.35,685.4,658.15,43200,29160000.000000004,102,,30800.0,71.3,new
QMSMEDI, BE,2026-10-07,185.55,202.34,185.55,200.99,202.33,192.71,82949,16618000.0,434,,,,new
QNIFTY, EQ,2026-10-07,255.0,255.0,248.2,249.49,249.2,250.58,9876,2465000.0,133,,5810.0,58.83,new
QPOWER, EQ,2026-10-07,1664.0,1666.0,1595.0,1615.0,1618.0,1648.8,318497,518667000.0,18133,,183826.0,57.72,new
QUADFUTURE, EQ,2026-10-07,547.4,549.0,531.25,534.4,536.0,547.4,209072,112404000.0,8970,,76628.0,36.65,new
QUAL30IETF, EQ,2026-10-07,19.7,19.98,19.54,19.62,19.68,19.83,305676,5981000.0,362,,254463.0,83.25,new
QUALIANCE, SM,2026-10-07,166.4,177.5,165.05,175.45,175.0,166.4,56000,9590000.0,49,,40000.0,71.43,new
QUALITY30, EQ,2026-10-07,19.32,19.36,19.2,19.24,19.29,19.4,53091,1022000.0000000001,165,,31126.0,58.63,new
QUESS, EQ,2026-10-07,332.25,342.75,324.1,328.4,329.3,334.45,239909,79856000.0,8412,,100840.0,42.03,new
QUESTLAB, SM,2026-10-07,91.0,93.5,90.1,93.45,93.5,92.6,31200,2884000.0,17,,21600.0,69.23,new
QUICKHEAL, EQ,2026-10-07,141.12,145.85,139.14,140.97,140.99,140.42,65681,9339000.0,1930,,28380.0,43.21,new
QUICKTOUCH, SM,2026-10-07,13.55,14.6,13.35,14.55,14.6,14.0,15500,211000.0,14,,15000.0,96.77,new
QUINT, BE,2026-10-07,58.95,58.95,58.95,58.95,58.95,62.05,4526,267000.0,48,,,,new
QUINTEGRA, EQ,2026-10-07,1.54,1.54,1.54,1.54,1.54,1.47,1590,2000.0,5,,1590.0,100.0,new
QVCEL, SM,2026-10-07,25.0,25.0,25.0,25.0,25.0,25.75,1600,40000.0,1,,1600.0,100.0,new
RACE, EQ,2026-10-07,107.99,107.99,102.24,103.75,103.05,108.75,90297,9491000.0,835,,57191.0,63.34,new
RACLGEAR, EQ,2026-10-07,1603.0,1618.0,1568.1,1589.5,1618.0,1593.4,15992,25387000.0,3040,,6904.0,43.17,new
RADAAN, EQ,2026-10-07,2.98,2.98,2.87,2.89,2.94,2.98,7107,21000.0,57,,6083.0,85.59,new
RADHIKAJWE, BE,2026-10-07,67.69,70.7,66.0,69.53,70.0,67.39,149614,10184000.0,899,,,,new
RADIANTCMS, EQ,2026-10-07,34.82,35.4,34.2,34.52,34.28,34.82,104256,3617000.0,1015,,51145.0,49.06,new
RADICO, EQ,2026-10-07,4451.0,4531.2,4425.3,4495.0,4495.0,4460.1,460029,2066387000.0,47924,,274456.0,59.66,new
RADIOCITY, EQ,2026-10-07,6.04,6.04,5.81,5.87,5.84,6.01,24410,143000.0,155,,17399.0,71.28,new
RADIOWALLA, ST,2026-10-07,29.15,29.15,29.15,29.15,29.15,28.6,3200,93000.0,2,,3200.0,100.0,new
RAILTEL, EQ,2026-10-07,258.45,258.45,252.9,254.65,255.1,257.65,317218,80739000.0,9820,,107866.0,34.0,new
RAIN, EQ,2026-10-07,211.14,220.89,210.26,218.95,218.8,212.63,4431420,964861000.0,36244,,2189483.0,49.41,new
RAINBOW, EQ,2026-10-07,1237.0,1288.7,1198.0,1270.7,1267.0,1239.7,409464,506192000.0,40699,,181036.0,44.21,new
RAJESHEXPO, BZ,2026-10-07,60.51,62.5,60.51,61.02,61.5,61.8,88199,5417000.0,2166,,,,new
RAJINDLTD, SM,2026-10-07,68.65,68.65,65.0,65.0,65.0,66.45,6000,400000.0,4,,6000.0,100.0,new
RAJMET, EQ,2026-10-07,3.13,3.13,3.05,3.1,3.11,3.08,156016,483000.0,585,,111329.0,71.36,new
RAJOOENG, EQ,2026-10-07,57.74,62.9,56.76,62.37,62.9,56.95,2912369,177113000.0,18170,,1362681.0,46.79,new
RAJPALAYAM, EQ,2026-10-07,768.0,768.0,710.0,743.8,726.3,743.95,1936,1426000.0,92,,1459.0,75.36,new
RAJPUTANA, SM,2026-10-07,218.75,218.75,195.0,200.05,208.0,205.25,63500,12715000.0,67,,51500.0,81.1,new
RAJRATAN, EQ,2026-10-07,468.0,471.8,455.6,460.6,459.1,467.3,74372,34549000.0,4314,,21915.0,29.47,new
RAJRILTD, BE,2026-10-07,20.41,20.41,20.41,20.41,20.41,20.01,9469,193000.0,39,,,,new
RAJSREESUG, EQ,2026-10-07,28.69,30.15,27.08,27.4,27.52,29.58,368626,10355000.0,2183,,257357.0,69.82,new
RAJTV, BE,2026-10-07,10.71,10.71,10.19,10.53,10.6,10.72,12914,133000.0,68,,,,new
RALLIS, EQ,2026-10-07,199.9,200.47,197.75,200.03,200.15,200.3,320141,63880999.99999999,19266,,169157.0,52.84,new
RAMANEWS, EQ,2026-10-07,29.59,29.59,28.61,28.98,28.84,28.88,7824,229000.0,84,,6902.0,88.22,new
RAMAPHO, EQ,2026-10-07,119.9,119.9,114.5,115.17,115.0,117.99,60428,7031999.999999999,864,,51763.0,85.66,new
RAMASTEEL, BE,2026-10-07,4.25,4.25,4.23,4.23,4.23,4.31,396923,1680999.9999999998,885,,,,new
RAMBHAJO, EQ,2026-10-07,329.45,363.35,327.25,360.8,359.4,330.35,1711528,611309000.0,27248,,463303.0,27.07,new
RAMCOCEM, EQ,2026-10-07,850.25,850.25,833.5,845.0,846.9,848.25,165100,138858000.0,7610,,119770.0,72.54,new
RAMCOIND, EQ,2026-10-07,299.0,302.5,295.75,299.7,302.5,297.75,90554,27061000.0,2271,,49063.0,54.18,new
RAMCOSYS, EQ,2026-10-07,563.5,578.0,557.05,574.35,576.0,563.5,49520,28248000.0,2819,,24172.0,48.81,new
RAMKY, EQ,2026-10-07,288.1,288.1,278.1,281.7,280.1,286.65,35235,9926000.0,1214,,22340.0,63.4,new
RAMRAT, EQ,2026-10-07,639.05,641.5,630.55,637.4,639.8,641.2,113963,72539000.0,8078,,52515.0,46.08,new
RANASUG, EQ,2026-10-07,13.7,14.1,13.7,13.82,13.82,13.81,266483,3688000.0000000005,803,,148735.0,55.81,new
RANEHOLDIN, EQ,2026-10-07,1535.8,1555.0,1510.0,1536.6,1553.8,1547.4,6257,9569000.0,781,,3614.0,57.76,new
RAPIDFLEET, SM,2026-10-07,206.0,207.0,206.0,207.0,207.0,205.65,7200,1486000.0,12,,0.0,0.0,new
RAPPID, SM,2026-10-07,333.1,335.0,330.0,330.0,330.0,338.0,4800,1596000.0,8,,3600.0,75.0,new
RATEGAIN, EQ,2026-10-07,848.05,863.05,845.55,854.55,854.0,854.45,173482,148292000.0,14071,,77667.0,44.77,new
RATNAMANI, EQ,2026-10-07,2617.0,2617.0,2511.0,2524.3,2520.0,2601.2,50917,129963000.00000001,8013,,27377.0,53.77,new
RATNAVEER, EQ,2026-10-07,336.0,351.9,334.35,336.45,335.95,335.25,5211840,1782313000.0,47733,,1566186.0,30.05,new
RAYMOND, EQ,2026-10-07,1287.5,1289.2,1193.7,1206.7,1209.0,1294.3,1774220,2185259000.0,81478,,511996.0,28.86,new
RAYMONDLSL, EQ,2026-10-07,649.6,651.4,623.1,624.85,625.0,649.85,167854,105969000.0,8029,,97888.0,58.32,new
RAYMONDREL, EQ,2026-10-07,702.45,726.5,690.3,701.8,705.0,707.8,1304100,921976000.0,40920,,397897.0,30.51,new
RBA, EQ,2026-10-07,95.39,96.6,93.4,96.08,96.3,95.1,3125930,297699000.0,22117,,1451417.0,46.43,new
RBLBANK, EQ,2026-10-07,412.5,416.8,410.3,412.0,412.0,414.5,1657559,684672000.0,27603,,550601.0,33.22,new
RBMINFRA, SM,2026-10-07,239.5,242.8,236.0,237.5,236.0,239.5,23200,5571000.0,75,,17200.0,74.14,new
RBS, SM,2026-10-07,79.0,82.0,79.0,82.0,82.0,80.0,4800,384000.0,6,,4000.0,83.33,new
RBZJEWEL, BE,2026-10-07,200.0,204.8,198.0,199.38,201.79,196.15,101810,20525000.0,844,,,,new
RCDL, SM,2026-10-07,14.6,16.1,14.6,16.05,16.05,15.35,444000,6728000.0,80,,336000.0,75.68,new
RCF, EQ,2026-10-07,108.7,108.7,107.02,107.58,107.35,108.94,451969,48692000.0,5563,,195166.0,43.18,new
RCOM, BE,2026-10-07,0.85,0.86,0.84,0.85,0.85,0.86,2110504,1803000.0,1728,,,,new
READYMIX, SM,2026-10-07,54.0,55.0,52.4,55.0,55.0,54.35,28000,1523000.0,24,,20000.0,71.43,new
RECLTD, EQ,2026-10-07,300.0,306.85,297.45,298.9,298.9,300.0,6950416,2090268999.9999998,71929,,3593006.0,51.69,new
REDINGTON, EQ,2026-10-07,406.0,411.0,401.5,406.5,406.2,405.7,2508651,1017974000.0,48685,,1280369.0,51.04,new
REDTAPE, EQ,2026-10-07,114.7,114.7,112.95,113.63,113.68,114.8,146070,16631000.0,3614,,71059.0,48.65,new
REFEX, EQ,2026-10-07,263.0,275.0,262.4,266.35,265.0,265.15,191336,51034000.0,4046,,77373.0,40.44,new
REFRACTORY, SM,2026-10-07,37.75,37.75,37.75,37.75,37.75,39.7,16000,604000.0,7,,15000.0,93.75,new
REGAAL, EQ,2026-10-07,86.79,86.79,84.67,85.49,85.78,85.94,166086,14184000.0,2385,,98920.0,59.56,new
REGENCERAM, EQ,2026-10-07,32.06,32.96,31.1,31.66,31.99,33.28,9795,312000.0,166,,6888.0,70.32,new
RELAXO, EQ,2026-10-07,290.55,292.0,285.95,287.75,289.0,290.5,77339,22274000.0,4481,,38335.0,49.57,new
RELCHEMQ, EQ,2026-10-07,113.27,114.99,113.01,114.19,114.54,113.4,995,112999.99999999999,69,,565.0,56.78,new
RELIABLE, EQ,2026-10-07,144.0,144.0,139.0,141.58,141.9,139.3,8871,1246000.0,343,,6994.0,78.84,new
RELIANCE, EQ,2026-10-07,1212.0,1220.8,1203.5,1207.7,1207.7,1218.0,11880731,14382507999.999998,303168,,6331287.0,53.29,new
RELIGARE, EQ,2026-10-07,226.2,228.79,223.86,224.92,225.0,227.75,1529143,344097000.0,12570,,1033726.0,67.6,new
RELINFRA, BE,2026-10-07,53.8,53.8,53.8,53.8,53.8,51.24,125234,6738000.0,540,,,,new
RELTD, EQ,2026-10-07,146.6,150.79,145.0,148.58,148.75,147.25,539786,80642000.0,3287,,413195.0,76.55,new
REMSONSIND, EQ,2026-10-07,104.99,110.88,101.0,104.02,103.8,108.67,869358,90720000.0,6649,,409698.0,47.13,new
REMUS, SM,2026-10-07,840.05,874.9,840.0,856.25,855.0,844.45,3700,3181000.0,36,,2100.0,56.76,new
RENTOMOJO, EQ,2026-10-07,551.4,643.5,550.0,618.95,637.0,545.2,18424264,11253930000.0,396201,,1920116.0,10.42,new
RENUKA, EQ,2026-10-07,22.58,23.27,22.45,22.78,22.79,22.65,11798511,270649000.0,19180,,3563696.0,30.2,new
REPCOHOME, EQ,2026-10-07,326.45,342.5,325.8,339.8,341.0,326.45,156577,52904999.99999999,8389,,84367.0,53.88,new
REPL, EQ,2026-10-07,57.01,57.01,54.05,55.3,54.58,56.83,5726,322000.0,81,,5532.0,96.61,new
REPRO, EQ,2026-10-07,297.85,304.9,287.0,295.7,294.5,296.35,20376,6004000.0,1332,,11623.0,57.04,new
RESPONIND, EQ,2026-10-07,156.0,166.23,155.8,159.73,161.26,156.31,443322,71646000.0,8476,,177186.0,39.97,new
RETAIL, BE,2026-10-07,29.97,29.97,29.97,29.97,29.97,31.54,3938,118000.0,27,,,,new
RFBL, ST,2026-10-07,101.5,101.5,101.5,101.5,101.5,106.8,9000,914000.0,3,,9000.0,100.0,new
RGL, EQ,2026-10-07,163.62,170.19,162.68,168.47,169.95,163.62,600665,100337000.0,9321,,225782.0,37.59,new
RHETAN, EQ,2026-10-07,17.41,17.41,17.4,17.4,17.41,16.59,12917219,224851000.00000003,2492,,5688313.0,44.04,new
RHFL, BZ,2026-10-07,1.58,1.6,1.56,1.56,1.58,1.56,409638,649000.0,670,,,,new
RHIM, EQ,2026-10-07,377.25,381.7,366.8,369.45,369.5,373.4,402448,150105000.0,14032,,137981.0,34.29,new
RHL, EQ,2026-10-07,162.01,165.98,162.01,165.87,163.05,165.25,1867,306000.0,73,,666.0,35.67,new
RICHA, SM,2026-10-07,83.25,83.25,83.25,83.25,83.25,83.25,1000,83000.0,1,,1000.0,100.0,new
RICOAUTO, EQ,2026-10-07,122.85,126.19,120.53,123.45,123.2,121.83,908338,112292000.0,9200,,313079.0,34.47,new
RIIL, EQ,2026-10-07,682.0,740.45,675.0,705.05,702.0,681.7,440480,317066000.0,19935,,52913.0,12.01,new
RIIT, IV,2026-10-07,121.8,121.8,119.51,121.0,121.0,120.69,54860,6630000.0,2258,,51985.0,94.76,new
RILINFRA, SM,2026-10-07,32.9,33.4,32.5,32.5,32.5,32.5,3900,128000.0,29,,2900.0,74.36,new
RIR, EQ,2026-10-07,184.8,188.35,181.1,183.81,184.5,183.49,593105,109375000.0,10366,,229658.0,38.72,new
RISHABH, EQ,2026-10-07,689.0,690.0,670.15,674.2,675.0,688.4,103620,70293000.0,5554,,47444.0,45.79,new
RITCO, EQ,2026-10-07,286.4,288.95,282.0,284.05,283.0,285.55,43301,12345000.0,1012,,27941.0,64.53,new
RITES, EQ,2026-10-07,203.5,203.79,199.65,200.74,200.4,203.51,441765,88854000.0,9722,,148560.0,33.63,new
RKDL, EQ,2026-10-07,17.27,17.69,16.86,16.93,17.0,17.27,4504,77000.0,194,,4025.0,89.37,new
RKEC, BE,2026-10-07,21.42,21.42,20.5,20.89,20.99,21.42,24505,511000.00000000006,87,,,,new
RKFORGE, EQ,2026-10-07,734.0,734.0,714.0,716.4,715.3,732.65,562430,405312000.0,17995,,300614.0,53.45,new
RKSWAMY, EQ,2026-10-07,89.48,89.5,86.77,88.16,87.2,87.87,15829,1392000.0,309,,11423.0,72.17,new
RMC, EQ,2026-10-07,198.0,202.0,195.0,196.41,202.0,196.05,76677,15074000.0,1110,,63564.0,82.9,new
RMDRIP, BE,2026-10-07,23.48,23.49,22.52,22.68,22.69,23.55,97764,2238000.0,479,,,,new
RML, EQ,2026-10-07,1380.0,1392.0,1330.0,1336.4,1337.0,1394.4,54933,74094000.0,5972,,24446.0,44.5,new
RNBDENIMS, BE,2026-10-07,9.13,9.13,8.8,9.0,9.06,8.98,66786,599000.0,235,,,,new
RNFI, SM,2026-10-07,334.0,338.0,320.0,321.05,320.05,331.0,40800,13508000.000000002,59,,27000.0,66.18,new
RNPL, SM,2026-10-07,79.7,79.7,79.7,79.7,79.7,75.95,4800,383000.0,4,,4800.0,100.0,new
ROCKINGDCE, SM,2026-10-07,211.0,214.9,207.2,212.4,207.2,219.2,6750,1433000.0,25,,3250.0,48.15,new
ROCKPP, E1,2026-10-07,65.0,65.0,65.0,65.0,65.0,62.9,1000,65000.0,1,,1000.0,100.0,new
ROHLTD, EQ,2026-10-07,300.7,304.35,296.0,297.25,296.6,300.75,6645,1986000.0,451,,3831.0,57.65,new
ROLEXRINGS, EQ,2026-10-07,189.0,189.04,182.61,183.67,182.71,188.18,2364465,437237000.0,39560,,1134339.0,47.97,new
ROLLT, BE,2026-10-07,5.46,5.47,5.33,5.47,5.47,5.21,422448,2310000.0,323,,,,new
ROML, EQ,2026-10-07,43.0,43.3,41.12,43.2,43.2,42.99,451,19000.0,32,,428.0,94.9,new
ROSSARI, EQ,2026-10-07,429.0,431.65,421.6,422.9,423.0,427.45,38540,16427000.000000002,2974,,21194.0,54.99,new
ROSSELLIND, EQ,2026-10-07,51.0,53.2,49.82,52.26,52.77,50.68,42281,2206000.0,758,,32971.0,77.98,new
ROSSTECH, EQ,2026-10-07,1615.0,1643.4,1581.4,1622.4,1622.1,1612.1,141894,228809000.0,16517,,45593.0,32.13,new
ROTO, EQ,2026-10-07,62.24,63.16,61.9,62.35,62.49,62.24,280036,17491000.0,2542,,127562.0,45.55,new
ROUTE, EQ,2026-10-07,431.95,433.0,424.4,426.5,426.5,430.8,127804,54659000.0,5754,,73036.0,57.15,new
ROXHITECH, SM,2026-10-07,70.5,70.5,64.2,64.9,64.2,70.55,92800,6182000.0,50,,78400.0,84.48,new
ROYALARC, SM,2026-10-07,153.0,155.0,153.0,153.0,153.0,152.0,4800,737000.0,4,,4800.0,100.0,new
RPEL, EQ,2026-10-07,1859.9,1925.0,1751.0,1820.9,1829.8,1835.6,249601,462857000.0,25799,,56095.0,22.47,new
RPGLIFE, EQ,2026-10-07,2940.0,2948.9,2860.0,2892.8,2895.0,2933.2,15914,46203000.0,2046,,6090.0,38.27,new
RPOWER, EQ,2026-10-07,20.59,20.72,20.2,20.32,20.31,20.49,20012310,409724000.0,31285,,4921837.0,24.59,new
RPPINFRA, EQ,2026-10-07,50.25,52.5,50.25,51.43,51.25,51.53,48709,2509000.0,608,,26123.0,53.63,new
RPPL, BE,2026-10-07,19.2,19.4,18.91,19.31,19.25,19.03,9898,189000.0,52,,,,new
RPSGVENT, EQ,2026-10-07,887.0,916.4,861.0,870.15,878.0,833.1,134474,120527000.0,4761,,48064.0,35.74,new
RPTECH, EQ,2026-10-07,958.3,969.0,933.5,939.7,939.8,958.25,216975,204998000.0,16582,,91129.0,42.0,new
RRECL, EQ,2026-10-07,127.4,127.4,124.0,124.0,124.0,125.17,309,38000.0,9,,224.0,72.49,new
RRIL, EQ,2026-10-07,16.66,16.66,15.62,16.07,15.87,16.18,18854,300000.0,95,,8857.0,46.98,new
RRKABEL, EQ,2026-10-07,2785.0,2789.0,2683.3,2722.5,2715.3,2789.7,502681,1369753000.0,49725,,200786.0,39.94,new
RSL, EQ,2026-10-07,177.0,177.0,174.0,174.51,174.9,176.06,174318,30535000.000000004,3746,,89474.0,51.33,new
RSSOFTWARE, EQ,2026-10-07,30.15,30.79,29.6,30.04,30.02,30.44,14524,438000.0,148,,9355.0,64.41,new
RSWM, EQ,2026-10-07,205.25,208.67,203.0,203.83,203.15,207.03,33308,6840000.000000001,663,,18281.0,54.88,new
RSYSTEMS, EQ,2026-10-07,248.65,255.3,242.8,252.35,251.85,246.3,1316807,329467000.0,22385,,339452.0,25.78,new
RTNINDIA, EQ,2026-10-07,26.21,26.21,25.45,25.78,25.95,26.13,959214,24677000.0,4276,,448047.0,46.71,new
RTNPOWER, EQ,2026-10-07,6.71,6.76,6.68,6.7,6.7,6.75,6903506,46387000.0,8139,,3676617.0,53.26,new
RTSPOWR, BE,2026-10-07,105.75,108.9,105.0,108.24,108.54,103.78,3913,419000.00000000006,70,,,,new
RUBFILA, EQ,2026-10-07,63.11,65.56,63.11,64.9,65.28,63.59,34378,2224000.0,679,,8939.0,26.0,new
RUBICON, EQ,2026-10-07,1596.8,1596.8,1553.7,1575.6,1570.0,1596.8,147284,231465000.0,18180,,79692.0,54.11,new
RUBYMILLS, EQ,2026-10-07,510.05,523.8,490.0,509.8,509.9,512.8,12360,6334000.0,1087,,6105.0,49.39,new
RUCHINFRA, EQ,2026-10-07,5.07,5.08,4.9,4.94,4.95,4.98,68197,338000.0,246,,45226.0,66.32,new
RUCHIRA, EQ,2026-10-07,103.99,103.99,101.48,103.15,103.12,102.78,9650,993000.0,290,,5820.0,60.31,new
RUDRA, EQ,2026-10-07,18.2,21.1,17.61,19.46,19.49,17.81,599677,12306000.0,840,,441654.0,73.65,new
RULKA, SM,2026-10-07,105.0,105.0,102.05,102.05,102.05,105.0,2100,217000.0,5,,2100.0,100.0,new
RUNWALENTR, EQ,2026-10-07,289.0,293.7,275.0,279.1,277.7,290.6,866944,248484000.0,16487,,359098.0,41.42,new
RUPA, EQ,2026-10-07,128.35,131.48,126.9,127.62,126.91,128.99,114842,14788000.0,5889,,69953.0,60.91,new
RUSHIL, EQ,2026-10-07,15.55,15.84,15.07,15.17,15.1,15.54,208821,3197000.0,699,,124594.0,59.67,new
RUSTOMJEE, EQ,2026-10-07,370.4,382.0,360.0,379.3,380.0,368.55,77255,29020000.0,2330,,44184.0,57.19,new
RVHL, EQ,2026-10-07,37.85,37.99,37.0,37.38,37.74,37.26,11908,445000.0,81,,11410.0,95.82,new
RVNL, EQ,2026-10-07,198.0,198.25,194.65,195.87,195.87,198.78,2797757,549404000.0,27440,,866637.0,30.98,new
RVTH, EQ,2026-10-07,725.05,743.0,725.05,726.75,727.05,756.2,467,340000.0,53,,358.0,76.66,new
S&SPOWER, EQ,2026-10-07,286.0,293.5,274.0,290.6,289.4,286.0,8966,2543000.0,887,,5894.0,65.74,new
SAAKSHI, ST,2026-10-07,364.0,364.0,364.0,364.0,364.0,364.0,3000,1092000.0,5,,3000.0,100.0,new
SAATVIKGL, EQ,2026-10-07,406.8,421.75,399.0,405.3,404.05,402.5,150423,61922000.0,4432,,62844.0,41.78,new
SACHEEROME, SM,2026-10-07,508.0,508.0,496.15,500.35,500.35,511.85,13500,6762000.0,41,,10200.0,75.56,new
SADBHAV, EQ,2026-10-07,6.85,7.19,6.66,6.92,6.9,6.85,141726,988000.0000000001,495,,91819.0,64.79,new
SADBHIN, EQ,2026-10-07,2.58,2.63,2.54,2.6,2.63,2.56,74920,193000.0,178,,60036.0,80.13,new
SADHAV, SM,2026-10-07,112.5,114.0,111.0,111.55,111.15,114.5,9000,1006000.0,13,,6600.0,73.33,new
SADHNANIQ, BE,2026-10-07,2.75,2.8,2.58,2.68,2.71,2.68,1570737,4197000.0,803,,,,new
SAFARI, EQ,2026-10-07,1324.9,1345.0,1306.4,1319.2,1307.2,1318.0,25293,33556000.0,5490,,10857.0,42.92,new
SAFEENTP, SM,2026-10-07,253.0,261.0,252.95,260.45,261.0,250.05,40500,10482000.0,65,,35000.0,86.42,new
SAGARDEEP, EQ,2026-10-07,22.22,23.78,22.11,22.18,22.16,23.14,8512,191000.0,147,,6525.0,76.66,new
SAGCEM, EQ,2026-10-07,146.0,150.8,143.2,143.91,145.0,146.6,43307,6361000.0,916,,22522.0,52.01,new
SAGILITY, EQ,2026-10-07,43.88,44.35,43.0,43.11,43.11,43.88,8174501,356086000.0,18004,,2803787.0,34.3,new
SAHAJSOLAR, SM,2026-10-07,87.3,89.95,87.3,88.55,88.15,91.15,14800,1306000.0,32,,7600.0,51.35,new
SAHANA, SM,2026-10-07,921.0,944.0,890.0,915.5,915.0,926.6,85950,78543000.0,336,,55950.0,65.1,new
SAHASRA, SM,2026-10-07,464.0,487.75,452.15,452.15,452.15,475.9,120800,55742999.99999999,283,,61600.0,50.99,new
SAHLIBHFI, EQ,2026-10-07,78.9,79.4,75.15,76.31,78.0,76.71,13656,1057000.0,462,,7550.0,55.29,new
SAHYADRI, EQ,2026-10-07,352.5,363.0,345.2,352.1,363.0,354.05,5520,1939999.9999999998,318,,3988.0,72.25,new
SAICAPI, EQ,2026-10-07,153.16,153.16,140.0,146.08,145.0,150.16,639,93000.0,60,,437.0,68.39,new
SAIFL, SM,2026-10-07,4.25,4.35,4.1,4.15,4.15,4.3,108000,451999.99999999994,26,,84000.0,77.78,new
SAIL, EQ,2026-10-07,176.72,177.35,173.62,174.31,174.31,178.1,8859876,1554608000.0,48333,,4170095.0,47.07,new
SAILIFE, EQ,2026-10-07,1558.0,1590.0,1544.1,1561.8,1558.7,1558.1,656465,1030092000.0,35049,,484985.0,73.88,new
SAIPARENT, EQ,2026-10-07,524.0,528.9,515.4,521.65,518.15,522.9,127845,66812000.0,5458,,58849.0,46.03,new
SAJHOTELS, ST,2026-10-07,27.9,27.9,27.9,27.9,27.9,29.35,8000,223000.0,4,,6000.0,75.0,new
SAKAR, EQ,2026-10-07,1056.6,1058.5,1011.1,1020.1,1023.9,1048.5,62173,63932000.00000001,5784,,30510.0,49.07,new
SAKHTISUG, EQ,2026-10-07,18.98,19.3,18.52,18.63,18.6,18.88,147331,2789000.0,756,,61301.0,41.61,new
SAKSOFT, EQ,2026-10-07,142.74,142.74,137.3,139.08,139.4,142.74,207978,29135000.000000004,3954,,64827.0,31.17,new
SAKUMA, EQ,2026-10-07,1.53,1.53,1.48,1.5,1.51,1.51,993343,1489000.0,739,,639324.0,64.36,new
SALASAR, EQ,2026-10-07,4.15,4.22,4.13,4.17,4.17,4.22,2607156,10891000.0,2603,,1411231.0,54.13,new
SALONA, EQ,2026-10-07,269.0,284.0,269.0,276.55,277.0,274.2,118,32000.0,26,,69.0,58.47,new
SALSTEEL, EQ,2026-10-07,89.2,93.23,85.41,86.44,86.08,89.6,989979,88445000.0,5947,,262551.0,26.52,new
SALZERELEC, EQ,2026-10-07,524.95,528.45,518.35,521.0,518.5,524.95,29076,15162000.0,1338,,18014.0,61.95,new
SAMAY, ST,2026-10-07,44.25,44.25,44.25,44.25,44.25,45.4,4000,177000.0,1,,4000.0,100.0,new
SAMBANDAM, EQ,2026-10-07,105.25,105.25,105.25,105.25,105.25,102.15,101,11000.0,5,,101.0,100.0,new
SAMBHAAV, EQ,2026-10-07,5.58,5.58,4.99,5.1,5.14,5.25,81651,417000.0,161,,59720.0,73.14,new
SAMBHV, EQ,2026-10-07,161.24,162.2,157.41,158.32,157.9,162.19,1552880,248256000.0,15864,,752341.0,48.45,new
SAMHI, EQ,2026-10-07,151.6,151.6,146.0,147.25,148.0,149.73,665337,98509000.0,9548,,366026.0,55.01,new
SAMMAANCAP, EQ,2026-10-07,134.9,135.1,132.0,132.94,132.32,134.4,2802056,374831000.0,22700,,1172798.0,41.85,new
SAMPANN, EQ,2026-10-07,24.05,24.05,23.56,23.96,24.0,23.99,4119,99000.0,135,,3736.0,90.7,new
SANATHAN, EQ,2026-10-07,525.65,530.95,512.9,522.85,525.5,525.65,33869,17642000.0,2170,,19035.0,56.2,new
SANDESH, EQ,2026-10-07,1000.0,1025.0,997.65,1002.05,1001.0,1017.4,1150,1162000.0,159,,930.0,80.87,new
SANDHAR, EQ,2026-10-07,561.85,565.95,553.1,561.3,563.0,558.1,92072,51576000.0,6841,,42436.0,46.09,new
SANDUMA, EQ,2026-10-07,182.88,182.9,179.67,181.19,181.05,183.38,317131,57392999.99999999,7168,,136950.0,43.18,new
SANGAMIND, EQ,2026-10-07,636.9,649.4,620.55,624.05,625.4,642.4,27370,17309000.0,1490,,17744.0,64.83,new
SANGANI, SM,2026-10-07,58.0,58.0,56.0,56.8,57.85,57.2,9000,513999.99999999994,6,,9000.0,100.0,new
SANGHVIMOV, EQ,2026-10-07,423.95,423.95,408.25,410.65,411.2,419.5,213148,88023000.0,11256,,111920.0,52.51,new
SANOFI, EQ,2026-10-07,3047.0,3051.8,3010.0,3023.8,3022.1,3047.0,8729,26393000.0,2762,,5074.0,58.13,new
SANOFICONR, EQ,2026-10-07,3725.0,3757.4,3701.0,3722.9,3750.0,3736.5,4089,15227000.000000002,1397,,2202.0,53.85,new
SANSERA, EQ,2026-10-07,4226.0,4328.0,4209.2,4261.7,4277.0,4232.9,125963,538819000.0,22793,,54296.0,43.1,new
SANSTAR, EQ,2026-10-07,103.55,105.09,102.6,104.23,104.5,104.07,85775,8930000.0,2188,,29947.0,34.91,new
SANWARIA, BZ,2026-10-07,0.18,0.19,0.18,0.18,0.19,0.18,1901235,345000.0,185,,,,new
SAPPHIRE, EQ,2026-10-07,215.9,216.8,213.64,215.03,215.0,215.16,168957,36328000.0,6470,,89499.0,52.97,new
SAPPL, EQ,2026-10-07,318.95,329.9,306.1,317.9,315.25,314.1,2022,641000.0,75,,1777.0,87.88,new
SARDAEN, EQ,2026-10-07,500.9,505.0,497.5,499.35,498.0,500.7,189889,95192000.0,11264,,88821.0,46.78,new
SAREGAMA, EQ,2026-10-07,502.2,507.9,496.1,503.75,504.45,503.7,160898,80975000.0,10421,,64081.0,39.83,new
SARLAPOLY, EQ,2026-10-07,97.67,97.69,96.0,96.7,96.0,96.44,14965,1448000.0,401,,8013.0,53.54,new
SARTELE, SM,2026-10-07,96.6,99.0,94.0,94.35,94.0,96.85,51000,4869000.0,77,,29000.0,56.86,new
SARVESHWAR, EQ,2026-10-07,3.6,3.69,3.57,3.61,3.63,3.58,2446544,8920000.0,2316,,1681556.0,68.73,new
SASKEN, EQ,2026-10-07,1684.3,1708.6,1656.0,1665.1,1658.3,1679.5,11590,19420000.0,1959,,7593.0,65.51,new
SATIA, EQ,2026-10-07,69.59,71.22,68.5,69.0,69.0,69.26,97840,6792000.0,1078,,54798.0,56.01,new
SATIN, EQ,2026-10-07,229.9,239.4,221.25,223.79,221.3,228.35,1191616,276388000.0,18730,,393793.0,33.05,new
SATIPOLY, SM,2026-10-07,34.0,34.3,34.0,34.3,34.3,34.1,1500,51000.0,2,,1500.0,100.0,new
SATKARTAR, SM,2026-10-07,170.35,170.35,158.15,159.7,159.95,166.8,40000,6556999.999999999,48,,27200.0,68.0,new
SATTVAENGG, SM,2026-10-07,57.65,58.6,57.1,58.4,58.4,56.1,62400,3627000.0000000005,10,,52800.0,84.62,new
SAURASHCEM, EQ,2026-10-07,51.2,51.95,50.25,50.6,50.5,51.47,74227,3797999.9999999995,1026,,45905.0,61.84,new
SAWALIYA, SM,2026-10-07,191.0,194.0,187.2,188.4,188.0,191.2,91200,17384000.0,89,,34200.0,37.5,new
SAYAJIHOTL, EQ,2026-10-07,309.0,312.0,309.0,309.0,309.0,307.35,108,33000.0,4,,108.0,100.0,new
SAYAJIIND, EQ,2026-10-07,115.0,118.0,115.0,116.0,115.0,118.0,104,12000.0,4,,103.0,99.04,new
SBC, EQ,2026-10-07,61.8,62.62,61.05,61.77,62.1,61.7,13158768,812147000.0,17132,,2664713.0,20.25,new
SBCL, EQ,2026-10-07,1111.6,1129.1,1088.6,1099.3,1089.1,1099.6,169999,187613000.0,15104,,92773.0,54.57,new
SBFC, EQ,2026-10-07,83.27,83.5,80.81,81.1,81.15,83.28,1102475,90365000.0,15262,,626241.0,56.8,new
SBGLP, EQ,2026-10-07,23.44,23.44,22.4,22.72,22.9,22.78,26934,611000.0,252,,20321.0,75.45,new
SBIBPB, EQ,2026-10-07,46.86,47.26,46.1,46.74,46.79,46.61,320442,14977000.000000002,343,,301415.0,94.06,new
SBICARD, EQ,2026-10-07,569.4,569.95,555.65,557.4,557.4,569.4,1197820,672327000.0,28150,,521901.0,43.57,new
SBIETFCON, EQ,2026-10-07,111.09,116.2,111.09,113.42,113.0,113.94,1877,213000.0,80,,1330.0,70.86,new
SBIETFIT, EQ,2026-10-07,311.29,311.97,307.64,308.87,309.57,311.04,1886,584000.0,115,,1530.0,81.12,new
SBIETFPB, EQ,2026-10-07,275.86,278.99,275.01,277.45,278.93,275.91,1284,356000.0,67,,922.0,71.81,new
SBIETFQLTY, EQ,2026-10-07,211.96,211.96,206.0,206.3,206.87,207.8,3175,655000.0,67,,3148.0,99.15,new
SBIFUNDS, EQ,2026-10-07,501.95,503.0,494.3,501.2,500.0,502.85,1247454,621124000.0,47453,,721149.0,57.81,new
SBILIFE, EQ,2026-10-07,1735.0,1750.5,1701.8,1726.1,1726.1,1750.0,1030112,1777000000.0,41402,,575702.0,55.89,new
SBILIQETF, EQ,2026-10-07,1059.06,1059.06,1059.04,1059.04,1059.04,1058.89,135422,143417000.0,78,,57174.0,42.22,new
SBIMIDMOM, EQ,2026-10-07,61.86,67.67,61.0,61.62,61.55,61.56,73965,4553000.0,165,,47298.0,63.95,new
SBIN, EQ,2026-10-07,955.0,966.0,945.6,954.0,954.0,958.75,12523009,11949214000.0,166004,,6500609.0,51.91,new
SBINEQWETF, EQ,2026-10-07,32.01,32.01,31.12,31.31,31.34,32.01,55730,1744000.0000000002,431,,54499.0,97.79,new
SBINMID150, EQ,2026-10-07,22.08,22.11,21.83,21.93,22.0,21.98,638981,14046000.0,1319,,435692.0,68.19,new
SBISILVER, EQ,2026-10-07,216.04,216.04,214.14,214.32,214.4,216.04,428404,91957000.0,4856,,250796.0,58.54,new
SBISMLETF, EQ,2026-10-07,17.82,18.0,17.79,17.95,18.0,17.9,24521,438999.99999999994,191,,20169.0,82.25,new
SBIVALETF, EQ,2026-10-07,13.95,14.02,13.81,13.87,13.87,13.95,32602500,452372000.0,762,,32555176.0,99.85,new
SCANSTL, BE,2026-10-07,48.8,50.46,46.75,50.06,50.05,48.06,33099,1630000.0,149,,,,new
SCHAEFFLER, EQ,2026-10-07,3818.1,3827.8,3762.4,3797.0,3800.0,3818.1,59517,226121999.99999997,14421,,37033.0,62.22,new
SCHAND, EQ,2026-10-07,147.4,147.4,143.24,144.15,144.13,145.16,9369,1358000.0,479,,6857.0,73.19,new
SCHNEIDER, EQ,2026-10-07,1276.0,1276.0,1240.0,1256.2,1258.5,1274.0,119136,149372000.0,13328,,58815.0,49.37,new
SCI, EQ,2026-10-07,288.05,289.0,283.9,285.35,284.3,289.0,1736876,497218999.99999994,24734,,505179.0,29.09,new
SCILAL, EQ,2026-10-07,37.86,38.4,37.36,37.85,37.8,37.68,227035,8599000.0,1634,,147566.0,65.0,new
SCML, SM,2026-10-07,107.0,107.0,97.2,97.7,98.2,107.95,18000,1847000.0,17,,12000.0,66.67,new
SCODATUBES, EQ,2026-10-07,124.0,124.0,122.21,122.88,122.25,124.37,97607,12009000.0,1407,,54545.0,55.88,new
SCPL, BE,2026-10-07,615.3,624.0,600.3,609.2,600.3,609.25,65509,40516000.0,247,,,,new
SDBL, EQ,2026-10-07,74.1,74.5,72.97,73.08,73.03,74.02,340034,24961000.0,3196,,140523.0,41.33,new
SDREAMS, SM,2026-10-07,84.75,84.75,84.75,84.75,84.75,84.75,1000,85000.0,1,,1000.0,100.0,new
SEAMECLTD, EQ,2026-10-07,1580.0,1633.9,1564.1,1610.9,1628.0,1584.9,36641,58527000.0,4914,,20041.0,54.7,new
SECLEDBETA, EQ,2026-10-07,13.97,13.97,13.85,13.89,13.88,13.97,4846,67000.0,26,,4336.0,89.48,new
SECMARK, EQ,2026-10-07,142.0,142.99,130.41,139.69,139.7,137.0,4492,631000.0,63,,2344.0,52.18,new
SECURKLOUD, EQ,2026-10-07,16.88,16.88,14.5,15.34,15.37,15.71,46860,710000.0,356,,30113.0,64.26,new
SEDEMAC, EQ,2026-10-07,3398.0,3478.4,3360.2,3425.6,3424.0,3399.6,116377,398777000.0,18127,,44371.0,38.13,new
SEIL, EQ,2026-10-07,187.41,190.55,184.01,185.98,186.0,186.16,90576,17017000.0,1346,,62766.0,69.3,new
SEITINVIT, IV,2026-10-07,122.5,122.5,122.0,122.0,122.0,122.0,425000,52050000.0,2,,425000.0,100.0,new
SEJALLTD, EQ,2026-10-07,683.9,704.1,666.45,680.55,682.05,676.55,13851,9458000.0,845,,9278.0,66.98,new
SEKURITIND, EQ,2026-10-07,110.44,111.18,109.04,109.99,110.4,110.08,11947,1312000.0,327,,8980.0,75.17,new
SELECTIPO, EQ,2026-10-07,46.47,46.88,46.41,46.55,46.47,46.64,29492,1376000.0,113,,15183.0,51.48,new
SELLOWRAP, SM,2026-10-07,60.05,60.05,58.35,58.35,58.35,60.0,4800,285000.0,3,,4800.0,100.0,new
SEMAC, EQ,2026-10-07,235.55,239.0,233.0,236.38,239.0,235.55,605,142000.0,62,,464.0,76.69,new
SENCO, EQ,2026-10-07,318.75,326.3,315.0,320.6,319.75,318.75,1246457,400715000.0,31947,,650112.0,52.16,new
SENORES, EQ,2026-10-07,1399.9,1424.0,1380.0,1389.6,1398.0,1388.6,197473,276600000.0,17728,,84167.0,42.62,new
SENSEXADD, EQ,2026-10-07,75.17,75.48,75.0,75.12,75.41,75.35,1342,101000.0,30,,798.0,59.46,new
SENSEXAXIS, EQ,2026-10-07,75.65,75.96,75.3,75.32,75.3,75.78,3227,244000.0,61,,1945.0,60.27,new
SENSEXBETA, EQ,2026-10-07,812.54,812.54,801.3,804.11,807.1,809.72,1318,1062000.0,109,,985.0,74.73,new
SENSEXETF, EQ,2026-10-07,75.31,75.46,74.86,75.05,75.12,75.41,38979,2928000.0,314,,23331.0,59.86,new
SENSEXIETF, EQ,2026-10-07,842.0,842.0,834.7,836.45,839.95,838.12,5013,4199000.0,388,,2979.0,59.43,new
SEPC, EQ,2026-10-07,5.06,5.08,5.0,5.03,5.04,5.05,3570447,17999000.0,2188,,1521349.0,42.61,new
SERVOTECH, EQ,2026-10-07,72.06,72.29,70.75,71.15,71.19,72.06,332097,23697000.0,2978,,161457.0,48.62,new
SESHAPAPER, EQ,2026-10-07,234.05,235.0,230.2,231.31,230.5,233.87,260189,60354999.99999999,1739,,229082.0,88.04,new
SETCO, BE,2026-10-07,18.22,18.75,17.6,18.48,18.6,18.22,43134,799000.0,194,,,,new
SETF10GILT, EQ,2026-10-07,260.01,260.92,259.98,260.15,260.15,259.78,979,254999.99999999997,28,,785.0,80.18,new
SETFGOLD, EQ,2026-10-07,125.42,125.42,124.87,124.92,124.87,125.36,4215605,526893999.99999994,9983,,2876172.0,68.23,new
SETFNIF50, EQ,2026-10-07,245.43,245.43,243.2,243.65,244.0,245.14,502526,122577000.0,6209,,377078.0,75.04,new
SETFNIFBK, EQ,2026-10-07,565.58,568.64,561.61,566.09,564.64,565.47,83760,47436000.0,2289,,74544.0,89.0,new
SETFNN50, EQ,2026-10-07,746.3,751.67,743.85,746.57,748.08,751.83,20385,15236000.000000002,1025,,11019.0,54.05,new
SETL, EQ,2026-10-07,431.0,437.0,423.3,429.8,430.8,428.3,300178,129228000.0,8004,,159741.0,53.22,new
SETUINFRA, BZ,2026-10-07,0.49,0.49,0.48,0.48,0.48,0.49,4524,2000.0,17,,,,new
SEYAIND, BE,2026-10-07,12.86,12.86,12.61,12.61,12.61,12.86,4061,51000.0,22,,,,new
SFL, EQ,2026-10-07,625.9,628.9,615.4,620.05,620.15,623.4,81571,50672000.0,7528,,43104.0,52.84,new
SFML, SM,2026-10-07,20.5,20.5,19.65,20.2,19.65,20.95,9600,195000.0,5,,8000.0,83.33,new
SGBAPR28I, GB,2026-10-07,14775.0,14856.01,14755.0,14827.18,14849.0,14770.0,79,1172000.0,32,,73.0,92.41,new
SGBAUG27, GB,2026-10-07,14525.0,14739.99,14525.0,14600.59,14600.01,14616.0,67,978999.9999999999,19,,52.0,77.61,new
SGBAUG28V, GB,2026-10-07,14672.89,14770.0,14650.0,14688.67,14685.13,14672.89,729,10715000.0,124,,575.0,78.88,new
SGBAUG29V, GB,2026-10-07,14809.5,14885.0,14615.01,14812.5,14823.0,14809.5,100,1475000.0,33,,71.0,71.0,new
SGBAUG30, GB,2026-10-07,14800.0,14969.0,14800.0,14880.0,14880.0,14889.91,42,624000.0,22,,42.0,100.0,new
SGBD29VIII, GB,2026-10-07,14690.0,14841.23,14680.0,14747.35,14745.01,14708.91,51,752000.0,30,,26.0,50.98,new
SGBDC27VII, GB,2026-10-07,14700.0,14750.0,14650.0,14714.66,14750.0,14710.0,22,323000.0,12,,12.0,54.55,new
SGBDE30III, GB,2026-10-07,14813.69,14840.0,14726.0,14825.4,14799.01,14813.69,222,3288000.0000000005,80,,199.0,89.64,new
SGBDE31III, GB,2026-10-07,15123.77,15200.0,15100.01,15120.01,15115.1,15123.77,471,7123999.999999999,137,,346.0,73.46,new
SGBDEC26, GB,2026-10-07,14889.0,14889.0,14880.0,14880.0,14880.0,14660.0,2,30000.0,2,,2.0,100.0,new
SGBFEB27, GB,2026-10-07,14561.0,14750.0,14561.0,14670.0,14670.0,14708.17,12,176000.0,3,,12.0,100.0,new
SGBFEB29XI, GB,2026-10-07,14693.18,14725.0,14625.0,14675.6,14665.0,14693.18,105,1541000.0,24,,62.0,59.05,new
SGBFEB32IV, GB,2026-10-07,15481.95,15499.99,15352.0,15393.69,15393.96,15481.95,1046,16124000.0,206,,736.0,70.36,new
SGBJ28VIII, GB,2026-10-07,14650.0,14725.0,14601.0,14615.02,14615.02,14750.0,89,1301000.0,13,,69.0,77.53,new
SGBJAN27, GB,2026-10-07,14670.0,14670.0,14670.0,14670.0,14670.0,14716.66,2,28999.999999999996,1,,2.0,100.0,new
SGBJAN29IX, GB,2026-10-07,14636.0,14715.0,14636.0,14663.0,14663.0,14699.1,89,1305000.0,30,,75.0,84.27,new
SGBJAN29X, GB,2026-10-07,14641.01,14710.0,14641.01,14651.82,14642.0,14700.0,44,645000.0,14,,25.0,56.82,new
SGBJAN30IX, GB,2026-10-07,14772.0,14900.0,14711.02,14714.25,14711.02,14772.0,122,1804000.0,36,,103.0,84.43,new
SGBJU29III, GB,2026-10-07,14700.0,14711.0,14700.0,14711.0,14711.0,14680.0,22,323000.0,10,,22.0,100.0,new
SGBJUL28IV, GB,2026-10-07,14675.85,14699.0,14650.0,14674.4,14650.0,14675.85,139,2039999.9999999998,37,,116.0,83.45,new
SGBJUL29IV, GB,2026-10-07,14680.81,14740.0,14647.29,14651.55,14650.0,14675.74,565,8286000.0,40,,425.0,75.22,new
SGBJUN28, GB,2026-10-07,14685.0,14740.0,14620.01,14690.0,14690.0,14685.31,162,2376000.0,26,,155.0,95.68,new
SGBJUN29II, GB,2026-10-07,14610.01,14750.0,14610.01,14661.0,14661.0,14703.64,336,4935000.0,60,,279.0,83.04,new
SGBJUN30, GB,2026-10-07,15010.21,15010.21,14803.0,14850.0,14850.0,15010.21,47,698000.0,25,,27.0,57.45,new
SGBJUN31I, GB,2026-10-07,15036.13,15069.98,14950.01,14965.15,14965.12,15036.13,164,2457000.0,54,,107.0,65.24,new
SGBMAR28X, GB,2026-10-07,14644.41,14669.9,14611.0,14629.58,14626.0,14673.06,21,307000.0,11,,14.0,66.67,new
SGBMAR30X, GB,2026-10-07,14764.39,14849.99,14760.0,14760.0,14760.0,14764.39,18,266000.0,5,,13.0,72.22,new
SGBMAR31IV, GB,2026-10-07,14941.01,14941.01,14862.0,14879.16,14865.0,14941.01,103,1536000.0,31,,84.0,81.55,new
SGBMAY28, GB,2026-10-07,14661.0,14739.99,14660.0,14739.99,14739.99,14720.61,32,470000.0,13,,25.0,78.13,new
SGBMAY29I, GB,2026-10-07,14620.01,14750.0,14620.01,14683.65,14679.99,14706.87,546,8029000.000000001,63,,362.0,66.3,new
SGBMR29XII, GB,2026-10-07,14614.99,14750.0,14614.99,14628.0,14620.0,14695.03,210,3080000.0,53,,138.0,65.71,new
SGBN28VIII, GB,2026-10-07,14677.51,14734.9,14675.0,14700.0,14700.0,14735.0,32,470000.0,10,,21.0,65.63,new
SGBNOV26, GB,2026-10-07,14770.0,14770.0,14620.0,14620.0,14620.0,14770.0,3,44000.0,2,,3.0,100.0,new
SGBNV29VII, GB,2026-10-07,14685.0,14766.0,14682.0,14700.3,14682.0,14745.14,197,2900000.0,38,,180.0,91.37,new
SGBOC28VII, GB,2026-10-07,14750.0,14750.0,14705.0,14716.33,14712.0,14750.0,7,103000.0,4,,4.0,57.14,new
SGBOCT26, GB,2026-10-07,14610.01,14699.0,14610.01,14699.0,14699.0,14780.0,20,293000.0,2,,10.0,50.0,new
SGBOCT27, GB,2026-10-07,14720.35,14740.35,14720.35,14735.85,14731.35,14699.0,8,118000.0,3,,8.0,100.0,new
SGBOCT27VI, GB,2026-10-07,14750.0,14750.0,14750.0,14750.0,14750.0,14650.0,1,15000.0,1,,1.0,100.0,new
SGBSEP27, GB,2026-10-07,14749.98,14749.98,14749.98,14749.98,14749.98,14700.0,2,28999.999999999996,1,,2.0,100.0,new
SGBSEP28VI, GB,2026-10-07,14947.68,14947.68,14635.05,14648.96,14635.05,14651.15,186,2733000.0,48,,150.0,80.65,new
SGBSEP29VI, GB,2026-10-07,14699.9,14800.0,14699.9,14722.76,14800.0,14705.92,184,2707000.0,33,,155.0,84.24,new
SGBSEP31II, GB,2026-10-07,14997.32,15069.98,14861.01,14967.01,14970.0,14997.32,1232,18398000.0,256,,768.0,62.34,new
SGFIN, EQ,2026-10-07,666.0,674.0,656.0,663.7,664.0,662.15,231759,154272000.0,10510,,101933.0,43.98,new
SGIL, EQ,2026-10-07,612.0,615.6,603.0,604.55,603.35,603.2,1736,1053000.0,227,,640.0,36.87,new
SGL, EQ,2026-10-07,8.65,9.27,8.61,9.09,9.12,8.8,13291,119000.0,101,,10978.0,82.6,new
SGLRES, EQ,2026-10-07,2.17,2.25,2.16,2.18,2.16,2.26,32083,70000.0,83,,20492.0,63.87,new
SGMART, EQ,2026-10-07,743.0,774.8,736.55,752.25,753.0,742.85,152651,115606000.0,10518,,74006.0,48.48,new
SGRL, EQ,2026-10-07,728.75,728.75,705.0,715.1,719.95,719.05,9538,6791000.0,871,,5414.0,56.76,new
SHADOWFAX, EQ,2026-10-07,289.7,296.35,287.0,292.85,292.0,288.0,5496570,1607467000.0,77375,,3027231.0,55.07,new
SHAH, EQ,2026-10-07,3.09,3.09,3.0,3.01,3.01,3.09,855584,2600000.0,589,,653796.0,76.42,new
SHAHALLOYS, BE,2026-10-07,82.94,82.95,80.19,80.56,80.2,81.03,10831,875000.0,78,,,,new
SHAHINVEST, BE,2026-10-07,167.05,169.0,165.11,166.82,165.11,173.79,596517,99733000.0,4357,,,,new
SHAILY, EQ,2026-10-07,3085.0,3119.2,3064.2,3085.3,3083.0,3100.3,60556,187338000.0,10304,,30339.0,50.1,new
SHAKTIPUMP, EQ,2026-10-07,451.0,454.7,445.0,447.4,447.0,449.35,441292,198147000.0,17144,,153178.0,34.71,new
SHALBY, EQ,2026-10-07,136.3,136.95,134.15,134.62,134.21,136.51,37417,5064000.0,1004,,18587.0,49.68,new
SHALPAINTS, BE,2026-10-07,77.84,80.0,75.21,77.08,78.7,77.64,140272,10777000.0,477,,,,new
SHANKARA, EQ,2026-10-07,125.58,125.89,118.1,119.98,120.2,125.58,102791,12375000.0,2611,,61311.0,59.65,new
SHANKESH, EQ,2026-10-07,91.79,99.72,91.36,96.51,96.3,92.21,6866799,664196000.0,51098,,2197482.0,32.0,new
SHANTI, EQ,2026-10-07,5.21,5.75,5.21,5.46,5.46,5.49,3096,17000.0,61,,1853.0,59.85,new
SHANTIGEAR, EQ,2026-10-07,603.0,603.0,581.25,586.05,587.5,602.3,24891,14700000.0,1438,,14282.0,57.38,new
SHANTIGOLD, EQ,2026-10-07,340.0,351.0,335.3,341.05,340.5,336.65,3025042,1038832000.0,39810,,920935.0,30.44,new
SHANTIINOR, SM,2026-10-07,213.1,224.45,200.15,205.4,204.75,201.65,376000,80257000.0,217,,236800.0,62.98,new
SHARDACROP, EQ,2026-10-07,744.0,749.0,732.0,742.05,741.5,741.75,70577,52244000.00000001,6083,,30626.0,43.39,new
SHARDAMOTR, EQ,2026-10-07,928.9,933.95,916.25,924.85,923.0,928.55,42593,39396000.0,4134,,20714.0,48.63,new
SHARDUL, BE,2026-10-07,58.25,58.49,58.0,58.32,58.36,58.25,58891,3429000.0,189,,,,new
SHAREINDIA, EQ,2026-10-07,212.1,212.9,206.0,207.27,207.95,211.4,791105,165422000.0,9704,,176440.0,22.3,new
SHARIABEES, EQ,2026-10-07,424.7,424.99,415.87,419.52,418.14,424.7,6324,2661000.0,422,,3165.0,50.05,new
SHBAJRG, EQ,2026-10-07,162.65,172.0,161.3,168.8,168.9,162.8,3337,558000.0,163,,2009.0,60.2,new
SHEEL, SM,2026-10-07,61.5,61.5,61.5,61.5,61.5,62.0,30000,1845000.0,2,,30000.0,100.0,new
SHEETAL, SM,2026-10-07,357.0,358.95,354.0,357.9,357.9,350.0,3500,1248000.0,7,,2000.0,57.14,new
SHEKHAWATI, BE,2026-10-07,25.82,25.82,25.82,25.82,25.82,27.17,19887,513000.0,70,,,,new
SHEMAROO, EQ,2026-10-07,111.61,113.13,110.1,111.11,110.1,111.76,4319,482000.0,51,,3449.0,79.86,new
SHERA, SM,2026-10-07,197.0,203.0,195.0,198.5,198.5,195.35,54000,10736000.0,50,,42000.0,77.78,new
SHERVANI, EQ,2026-10-07,334.0,334.0,318.55,321.05,318.55,304.0,80,26000.0,10,,19.0,23.75,new
SHETHJI, SM,2026-10-07,184.0,185.0,182.0,184.65,185.0,184.5,21000,3844000.0,16,,18000.0,85.71,new
SHIGAN, SM,2026-10-07,62.5,65.5,62.5,65.0,65.0,62.8,16500,1059000.0,11,,13500.0,81.82,new
SHILCTECH, EQ,2026-10-07,4095.0,4100.0,3990.6,4000.9,3993.1,4094.2,15948,64161000.0,4265,,10265.0,64.37,new
SHILGRAVQ, EQ,2026-10-07,145.31,149.0,145.0,145.82,145.05,145.31,1823,267000.0,58,,1735.0,95.17,new
SHILPAMED, EQ,2026-10-07,1072.4,1086.8,1055.1,1071.2,1069.5,1073.7,433185,463522000.0,27531,,201944.0,46.62,new
SHINDL, EQ,2026-10-07,158.61,158.61,156.05,157.72,158.0,158.69,144798,22760000.0,925,,27856.0,19.24,new
SHIPROCKET, EQ,2026-10-07,130.93,134.5,127.76,133.11,133.0,131.43,4177506,549787000.0,41375,,1063629.0,25.46,new
SHIVAAGRO, EQ,2026-10-07,39.19,40.0,38.0,39.4,39.4,39.02,1305,51000.0,46,,1125.0,86.21,new
SHIVACEM, EQ,2026-10-07,13.29,13.47,12.96,13.0,13.02,13.19,98539,1290000.0,363,,73510.0,74.6,new
SHIVALIK, EQ,2026-10-07,388.1,388.1,363.35,365.05,365.0,386.25,64876,24020000.0,2841,,39354.0,60.66,new
SHIVAMAUTO, EQ,2026-10-07,17.23,17.23,16.65,16.68,16.65,16.6,16767,281000.0,130,,15830.0,94.41,new
SHIVAMILLS, EQ,2026-10-07,60.99,61.22,57.0,58.33,57.3,58.31,4377,262000.0,81,,2086.0,47.66,new
SHIVASHRIT, SM,2026-10-07,118.7,118.7,114.0,114.95,115.0,116.7,97000,11160000.0,46,,78000.0,80.41,new
SHIVATEX, EQ,2026-10-07,172.0,172.0,166.05,166.41,166.42,169.99,1492,250000.0,51,,1176.0,78.82,new
SHIVAUM, EQ,2026-10-07,553.45,553.6,540.0,551.4,550.0,552.65,30704,16793000.0,244,,28121.0,91.59,new
SHK, EQ,2026-10-07,141.61,143.0,139.85,141.62,142.65,142.32,190745,27047000.000000004,5925,,100662.0,52.77,new
SHKSIL, SM,2026-10-07,32.9,32.9,32.0,32.5,32.5,30.45,16000,521000.0,8,,6000.0,37.5,new
SHOPERSTOP, EQ,2026-10-07,400.7,400.7,389.25,392.4,391.2,398.15,16537,6529000.000000001,1621,,7035.0,42.54,new
SHRADDHA, EQ,2026-10-07,167.9,171.95,162.51,163.31,162.51,166.72,13589,2273000.0,427,,10469.0,77.04,new
SHRADHA, EQ,2026-10-07,30.7,31.8,29.5,30.78,30.12,29.83,10199,314000.0,85,,8448.0,82.83,new
SHREDIGCEM, EQ,2026-10-07,65.0,65.9,64.5,64.55,64.5,65.12,31054,2013000.0,890,,17595.0,56.66,new
SHREECEM, EQ,2026-10-07,21905.0,22160.0,21690.0,21780.0,21780.0,22210.0,43001,942677000.0,17376,,26744.0,62.19,new
SHREEDHAR, ST,2026-10-07,154.0,161.4,154.0,161.4,161.4,153.75,26000,4151000.0,12,,24000.0,92.31,new
SHREEJISPG, EQ,2026-10-07,796.9,808.0,796.9,802.1,801.0,796.5,1943741,1560462000.0,14185,,1333583.0,68.61,new
SHREEKARNI, SM,2026-10-07,375.0,375.0,375.0,375.0,375.0,377.0,600,225000.0,4,,600.0,100.0,new
SHREEOSFM, SM,2026-10-07,55.0,57.25,54.5,56.05,55.6,57.65,9000,505999.99999999994,9,,8000.0,88.89,new
SHREEPUSHK, EQ,2026-10-07,505.0,521.85,505.0,517.5,519.6,510.1,50642,26095000.0,3078,,22368.0,44.17,new
SHREERAMA, EQ,2026-10-07,44.0,44.99,43.0,43.36,43.55,43.53,69271,3021000.0,908,,27206.0,39.27,new
SHREMINVIT, IV,2026-10-07,102.0,102.0,102.0,102.0,102.0,100.05,100000,10200000.0,3,,100000.0,100.0,new
SHRENIK, BZ,2026-10-07,0.27,0.28,0.26,0.27,0.28,0.27,271106,74000.0,180,,,,new
SHREYANIND, EQ,2026-10-07,130.47,130.47,127.1,129.0,129.0,128.94,1866,241000.0,40,,1707.0,91.48,new
SHRIAHIMSA, SM,2026-10-07,426.5,430.0,421.05,430.0,430.0,426.5,5400,2310000.0,9,,4800.0,88.89,new
SHRIKANHA, SM,2026-10-07,23.75,23.75,23.75,23.75,23.75,23.75,4800,113999.99999999999,3,,4800.0,100.0,new
SHRIKRISH, EQ,2026-10-07,37.4,37.4,34.0,34.82,34.0,34.05,2195,81000.0,60,,1798.0,81.91,new
SHRINGARMS, EQ,2026-10-07,223.99,225.0,219.2,221.03,221.0,223.32,376220,83373000.0,6316,,99997.0,26.58,new
SHRIPISTON, EQ,2026-10-07,4370.0,4475.9,4359.8,4411.6,4395.0,4405.0,52243,231132000.00000003,13490,,25952.0,49.68,new
SHRIRAMFIN, EQ,2026-10-07,959.0,960.0,930.0,948.0,948.0,965.05,6096545,5749096000.0,138936,,3457970.0,56.72,new
SHRIRAMPPS, EQ,2026-10-07,68.0,69.05,67.13,68.05,68.35,68.13,195953,13328000.0,2894,,106564.0,54.38,new
SHRJAGP, EQ,2026-10-07,685.0,698.8,650.0,657.1,650.0,674.6,548,368000.0,102,,392.0,71.53,new
SHUBHLAXMI, SM,2026-10-07,16.8,17.05,16.8,17.0,17.05,16.45,4000,68000.0,3,,4000.0,100.0,new
SHUBHSHREE, SM,2026-10-07,353.55,355.1,353.55,355.1,355.1,348.0,600,213000.0,2,,600.0,100.0,new
SHUKRAPHAR, EQ,2026-10-07,73.33,74.1,67.61,68.32,69.0,72.58,7458018,526930000.0,36339,,2067560.0,27.72,new
SHYAMCENT, EQ,2026-10-07,4.9,5.0,4.9,4.98,4.99,5.03,28322,141000.0,120,,28295.0,99.9,new
SHYAMDHANI, SM,2026-10-07,53.0,54.0,51.4,54.0,54.0,54.0,24000,1252000.0,10,,18000.0,75.0,new
SHYAMMETL, EQ,2026-10-07,1061.6,1072.0,1043.7,1067.3,1072.0,1054.0,514924,545710000.0,30245,,211141.0,41.0,new
SHYAMTEL, EQ,2026-10-07,10.73,11.5,10.73,11.15,11.15,10.73,12879,142000.0,56,,5570.0,43.25,new
SICAGEN, EQ,2026-10-07,51.1,52.88,51.1,51.53,51.8,51.87,684,36000.0,41,,638.0,93.27,new
SICALLOG, BE,2026-10-07,87.54,89.89,86.8,88.3,87.55,89.33,33812,2995000.0,118,,,,new
SIDDHIKA, SM,2026-10-07,206.0,208.0,206.0,208.0,208.0,206.55,1000,206999.99999999997,2,,1000.0,100.0,new
SIEL, EQ,2026-10-07,31.99,31.99,31.31,31.5,31.5,31.0,28,1000.0,10,,27.0,96.43,new
SIEMENS, EQ,2026-10-07,3848.0,3848.0,3772.0,3793.0,3793.0,3854.0,247482,944812999.9999999,17179,,81692.0,33.01,new
SIGACHI, EQ,2026-10-07,29.94,30.85,29.1,29.36,29.37,29.89,1800981,53528000.0,6320,,763660.0,42.4,new
SIGIND, BE,2026-10-07,63.4,64.9,60.06,61.19,61.01,62.86,17127,1058000.0,127,,,,new
SIGMA, EQ,2026-10-07,45.91,47.5,44.42,45.71,45.5,45.24,120221,5528000.0,2363,,67438.0,56.1,new
SIGMAADV, BE,2026-10-07,1109.0,1145.0,1070.0,1091.6,1095.9,1119.4,236310,260252000.0,6395,,,,new
SIGNATURE, EQ,2026-10-07,717.6,722.4,710.1,712.5,716.0,719.35,202718,144882000.0,5710,,14372.0,7.09,new
SIGNORIA, ST,2026-10-07,144.0,148.0,144.0,148.0,148.0,149.3,2000,292000.0,2,,2000.0,100.0,new
SIGNPOST, EQ,2026-10-07,260.05,273.35,258.45,267.45,266.0,262.1,64335,17102000.0,1935,,28188.0,43.81,new
SIKA, EQ,2026-10-07,1034.4,1080.0,1019.1,1068.6,1079.0,1029.3,41214,43666000.0,3760,,19179.0,46.54,new
SIKKO, BE,2026-10-07,6.13,6.13,5.95,6.01,5.97,6.16,247606,1485000.0,476,,,,new
SIL, EQ,2026-10-07,16.0,16.15,15.36,15.62,15.73,16.0,45067,707000.0,359,,32576.0,72.28,new
SILGO, EQ,2026-10-07,68.89,70.5,68.5,70.16,70.5,69.51,121566,8531000.0,320,,74442.0,61.24,new
SILINV, EQ,2026-10-07,455.0,465.6,455.0,464.1,464.5,459.4,1814,839000.0,286,,1411.0,77.78,new
SILKFLEX, SM,2026-10-07,290.45,290.45,281.3,281.3,281.3,290.45,5000,1422000.0,5,,3000.0,60.0,new
SILKY, SM,2026-10-07,73.85,73.85,68.0,68.0,68.0,69.7,9600,670000.0,8,,7200.0,75.0,new
SILVER, EQ,2026-10-07,219.0,219.98,218.19,218.35,218.65,220.17,343714,75283000.0,5930,,130630.0,38.01,new
SILVER001, EQ,2026-10-07,22.31,22.31,22.02,22.03,22.13,22.31,720276,15947999.999999998,73,,630609.0,87.55,new
SILVER1, EQ,2026-10-07,21.37,21.37,21.19,21.2,21.25,21.37,3026025,64355999.99999999,3533,,1338625.0,44.24,new
SILVER360, EQ,2026-10-07,216.58,216.58,214.67,215.26,214.9,216.58,3199,690000.0,216,,1965.0,61.43,new
SILVERADD, EQ,2026-10-07,21.2,21.23,21.03,21.06,21.09,21.23,1385049,29243000.0,3188,,712446.0,51.44,new
SILVERAG, EQ,2026-10-07,214.75,214.75,212.68,212.92,213.24,214.75,102052,21762000.0,1705,,67635.0,66.28,new
SILVERAXIS, EQ,2026-10-07,219.8,219.8,217.16,217.45,217.77,219.09,60109,13119000.0,1870,,27535.0,45.81,new
SILVERBEES, EQ,2026-10-07,210.03,210.48,208.81,209.02,209.39,210.7,9348467,1959700000.0,49860,,5203569.0,55.66,new
SILVERBETA, EQ,2026-10-07,212.69,212.69,210.84,210.93,211.01,212.69,171833,36321000.0,2857,,107363.0,62.48,new
SILVERBND, EQ,2026-10-07,222.18,222.18,218.66,219.27,219.76,221.55,1979,434999.99999999994,118,,1211.0,61.19,new
SILVERCASE, EQ,2026-10-07,22.21,22.31,22.12,22.14,22.2,22.32,7131280,158473000.0,5372,,5503520.0,77.17,new
SILVERIETF, EQ,2026-10-07,219.59,219.69,218.02,218.21,218.3,219.99,1010939,221321999.99999997,12086,,611862.0,60.52,new
SILVERTUC, EQ,2026-10-07,138.0,138.69,134.5,135.11,134.55,137.68,93387,12667000.0,1897,,41976.0,44.95,new
SIMBHALS, BZ,2026-10-07,7.77,7.77,7.77,7.77,7.77,7.4,8939,69000.0,16,,,,new
SIMCA, ST,2026-10-07,326.95,332.95,316.0,321.95,316.0,317.1,78600,25879000.000000004,116,,76800.0,97.71,new
SIMPLEXINF, EQ,2026-10-07,256.62,259.39,251.0,255.77,256.0,259.13,97421,24963000.0,2368,,55781.0,57.26,new
SIMPLXREA, EQ,2026-10-07,114.03,119.43,114.03,119.43,119.43,113.75,35,4000.0,5,,23.0,65.71,new
SINCLAIR, EQ,2026-10-07,74.6,75.7,73.8,75.1,75.3,75.93,49396,3697999.9999999995,627,,28369.0,57.43,new
SINDHUTRAD, EQ,2026-10-07,21.99,22.04,21.51,21.68,21.68,22.0,279761,6098000.0,1254,,152918.0,54.66,new
SINGERIND, EQ,2026-10-07,75.95,78.0,75.0,77.45,77.0,74.93,148424,11411000.0,1359,,109998.0,74.11,new
SINTERCOM, EQ,2026-10-07,76.93,79.09,76.01,76.83,76.05,76.93,1252,97000.0,49,,1057.0,84.42,new
SIRCA, EQ,2026-10-07,408.0,418.0,407.0,413.7,413.0,406.6,164236,68045000.0,3043,,36593.0,22.28,new
SIS, EQ,2026-10-07,419.45,419.95,411.55,413.3,419.0,416.7,68801,28691000.000000004,6298,,40646.0,59.08,new
SITINET, BZ,2026-10-07,0.26,0.26,0.24,0.24,0.25,0.25,1027060,256999.99999999997,313,,,,new
SIYSIL, EQ,2026-10-07,553.45,559.05,547.65,554.45,550.2,553.45,21674,12005000.0,1836,,11360.0,52.41,new
SJLOGISTIC, SM,2026-10-07,310.0,310.95,305.0,309.45,308.2,308.9,22250,6859999.999999999,70,,16750.0,75.28,new
SJS, EQ,2026-10-07,1979.3,2012.7,1954.0,1982.6,1976.0,1981.4,250455,497405000.0,41664,,147727.0,58.98,new
SJVN, EQ,2026-10-07,57.42,57.42,56.2,56.36,56.5,57.26,2057481,116476000.0,19420,,1063684.0,51.7,new
SKFINDIA, EQ,2026-10-07,1461.9,1461.9,1420.0,1428.9,1427.9,1461.9,25808,37066000.0,4620,,16875.0,65.39,new
SKFINDUS, EQ,2026-10-07,2751.0,2771.1,2697.0,2745.1,2769.1,2774.6,57387,157711000.0,16236,,35625.0,62.08,new
SKIPPER, EQ,2026-10-07,551.0,563.15,539.2,541.35,541.3,551.5,546134,300552000.0,23342,,227722.0,41.7,new
SKMEGGPROD, EQ,2026-10-07,211.98,218.8,208.55,215.37,215.22,210.05,217480,46612000.0,5713,,101582.0,46.71,new
SKP, SM,2026-10-07,164.05,175.45,164.05,171.2,165.0,170.0,25000,4211000.0,38,,3500.0,14.0,new
SKYGOLD, EQ,2026-10-07,864.9,894.8,863.15,876.95,878.9,857.65,1648118,1450660000.0,62050,,686867.0,41.68,new
SKYTECH, SM,2026-10-07,39.0,39.0,38.15,38.15,38.15,40.15,24000,918000.0,15,,22400.0,93.33,new
SKYWAYS, EQ,2026-10-07,115.0,116.85,113.9,114.72,115.0,113.51,1464352,168542000.0,17549,,409694.0,27.98,new
SLONE, SM,2026-10-07,155.05,162.0,145.0,149.45,145.0,157.3,18000,2823000.0,26,,17600.0,97.78,new
SMALL250, EQ,2026-10-07,17.86,18.03,17.77,17.93,17.94,17.96,648384,11640000.0,696,,513905.0,79.26,new
SMALLADD, EQ,2026-10-07,17.98,18.11,17.96,18.04,18.0,17.98,19696,355000.0,195,,15375.0,78.06,new
SMALLCAP, EQ,2026-10-07,49.2,49.2,47.53,48.45,48.47,48.24,1047947,50678000.0,2849,,470463.0,44.89,new
SMALLGROWW, EQ,2026-10-07,48.4,48.68,48.07,48.67,48.68,48.29,5745,277000.0,65,,5220.0,90.86,new
SMALLIETF, EQ,2026-10-07,18.01,18.19,17.88,17.91,18.0,18.01,161366,2899000.0,118,,107817.0,66.82,new
SMARTEN, SM,2026-10-07,54.25,55.0,52.0,53.15,52.0,53.95,18000,952000.0,15,,14400.0,80.0,new
SMARTLINK, BE,2026-10-07,214.12,229.97,214.12,227.3,229.97,221.9,4988,1131000.0,66,,,,new
SMARTWORKS, EQ,2026-10-07,507.95,507.95,487.05,489.35,494.4,503.9,72760,35930000.0,4063,,44217.0,60.77,new
SMCGLOBAL, EQ,2026-10-07,112.97,114.22,109.1,110.24,109.95,110.55,6234957,694834000.0,39719,,1300876.0,20.86,new
SML100CASE, EQ,2026-10-07,10.99,11.1,10.9,11.06,11.09,10.99,1414994,15633000.000000002,1274,,680501.0,48.09,new
SMLMAH, EQ,2026-10-07,6197.0,6199.0,6000.0,6095.0,6138.0,6135.5,45255,275242000.0,7989,,21804.0,48.18,new
SMLT, EQ,2026-10-07,73.69,77.5,70.16,73.94,72.1,74.06,39657,2910000.0,657,,19673.0,49.61,new
SMSPHARMA, EQ,2026-10-07,467.95,477.0,465.05,468.85,469.55,472.2,259092,121830000.0,6956,,112170.0,43.29,new
SNEHAA, SM,2026-10-07,42.6,43.5,42.6,43.5,43.5,42.0,4000,173000.0,4,,4000.0,100.0,new
SNOWMAN, EQ,2026-10-07,33.75,35.0,33.75,34.32,34.5,34.24,136788,4685000.0,1499,,77210.0,56.45,new
SNXT30BEES, EQ,2026-10-07,40.07,40.07,39.78,39.83,39.99,40.16,5999,239000.0,75,,4271.0,71.2,new
SNXT50BETA, EQ,2026-10-07,89.62,90.83,89.34,89.63,89.35,90.07,2278,204999.99999999997,76,,972.0,42.67,new
SOBHA, EQ,2026-10-07,1191.3,1203.1,1183.7,1197.9,1198.9,1190.7,45852,54795000.00000001,5880,,18434.0,40.2,new
SOCL, SM,2026-10-07,28.1,29.0,28.05,28.8,29.0,29.5,17600,503000.0,9,,12800.0,72.73,new
SOFTTECH, EQ,2026-10-07,461.55,475.1,452.05,458.05,455.0,461.55,933,433000.0,60,,766.0,82.1,new
SOLARA, EQ,2026-10-07,682.0,696.0,680.15,683.7,685.0,682.65,154430,106188000.00000001,7662,,50673.0,32.81,new
SOLARINDS, EQ,2026-10-07,20100.0,20150.0,19770.0,20050.0,20050.0,20071.0,158117,3166553000.0,36928,,66968.0,42.35,new
SOLARWORLD, EQ,2026-10-07,131.0,134.48,128.51,131.25,131.29,130.39,268163,35305000.0,4502,,117723.0,43.9,new
SOLEX, EQ,2026-10-07,697.7,700.0,651.6,670.15,675.0,690.85,81896,55842999.99999999,5268,,30330.0,37.03,new
SOMANYCERA, EQ,2026-10-07,623.15,623.4,611.1,621.15,622.4,625.0,53562,33111000.0,3306,,34950.0,65.25,new
SOMATEX, EQ,2026-10-07,82.8,82.8,79.3,80.95,81.88,79.09,6475,522000.0,132,,5112.0,78.95,new
SOMICONVEY, EQ,2026-10-07,84.0,85.97,83.0,83.37,83.84,84.05,4092,343000.0,118,,3255.0,79.55,new
SONA, BE,2026-10-07,95.88,98.78,94.55,98.78,98.78,94.08,93761,9192000.0,830,,,,new
SONACOMS, EQ,2026-10-07,819.45,826.05,809.1,810.5,810.5,820.0,1762964,1444650000.0,70390,,894782.0,50.75,new
SONAL, EQ,2026-10-07,83.2,83.21,80.05,80.46,80.05,83.19,456,37000.0,30,,447.0,98.03,new
SONAMAC, SM,2026-10-07,32.0,32.0,31.0,31.0,31.0,31.55,3000,95000.0,3,,3000.0,100.0,new
SONAMLTD, BE,2026-10-07,72.44,72.9,69.5,70.15,70.85,71.55,107503,7603000.0,365,,,,new
SONATSOFTW, EQ,2026-10-07,252.0,252.85,246.5,248.1,248.9,252.05,451388,112531000.0,12015,,151038.0,33.46,new
SONUINFRA, SM,2026-10-07,41.4,41.4,39.5,41.0,41.0,41.4,10500,430000.0,5,,9000.0,85.71,new
SOTL, EQ,2026-10-07,776.95,807.2,764.45,803.8,802.0,775.5,583613,462153000.0,35412,,213708.0,36.62,new
SOUTHBANK, EQ,2026-10-07,47.0,47.8,46.11,47.47,47.4,47.23,16144912,760132000.0,50731,,7610839.0,47.14,new
SOUTHWEST, EQ,2026-10-07,200.0,200.0,191.8,193.95,194.45,199.72,50103,9798000.0,1712,,22353.0,44.61,new
SPAL, EQ,2026-10-07,964.0,969.95,941.1,960.3,955.8,949.65,20423,19528000.0,2952,,8641.0,42.31,new
SPANDANA, EQ,2026-10-07,216.6,222.0,213.5,218.19,218.0,218.12,83177,18207000.0,3096,,34554.0,41.54,new
SPARC, EQ,2026-10-07,196.0,201.49,192.75,196.79,197.0,196.89,1072170,211160000.0,15307,,304465.0,28.4,new
SPCENET, EQ,2026-10-07,3.31,3.6,3.25,3.33,3.36,3.31,595175,2005999.9999999998,441,,449186.0,75.47,new
SPCL, SM,2026-10-07,61.5,61.5,60.2,60.3,60.2,60.75,4800,292000.0,8,,4800.0,100.0,new
SPCON, SM,2026-10-07,180.0,180.0,180.0,180.0,180.0,182.0,1200,216000.0,1,,1200.0,100.0,new
SPECIALITY, BE,2026-10-07,154.32,156.9,151.2,152.4,154.6,156.32,16233,2497000.0,108,,,,new
SPECTRAA, ST,2026-10-07,272.55,272.55,266.0,272.55,272.55,259.6,141600,38546000.0,89,,127200.0,89.83,new
SPECTRUM, BE,2026-10-07,3918.0,3988.0,3750.0,3903.7,3900.0,3915.9,5497,21502000.0,859,,,,new
SPECTSTM, SM,2026-10-07,60.1,61.65,60.1,60.1,60.1,60.4,2400,145000.0,3,,1600.0,66.67,new
SPENCERS, EQ,2026-10-07,28.3,29.7,27.3,27.87,27.85,28.3,89839,2572000.0,797,,51030.0,56.8,new
SPIC, EQ,2026-10-07,63.25,63.79,62.56,63.06,62.95,63.05,186038,11733000.0,1998,,86841.0,46.68,new
SPLIL, EQ,2026-10-07,29.6,29.62,28.76,29.05,29.05,29.49,3456,101000.0,65,,3119.0,90.25,new
SPLPETRO, EQ,2026-10-07,817.25,826.85,804.35,806.65,806.0,819.6,88589,72180000.0,7553,,38318.0,43.25,new
SPMLINFRA, EQ,2026-10-07,162.25,162.33,159.1,160.02,159.1,162.63,79572,12771000.0,1610,,43676.0,54.89,new
SPORTKING, EQ,2026-10-07,203.21,205.9,199.43,201.71,202.0,202.8,167019,33718000.0,4865,,85056.0,50.93,new
SPPPOLY, SM,2026-10-07,12.4,12.4,11.8,11.8,11.8,12.4,8000,96000.0,4,,8000.0,100.0,new
SPUNWEB, SM,2026-10-07,117.95,119.9,110.85,118.55,118.55,114.7,22800,2691000.0,19,,20400.0,89.47,new
SRD, EQ,2026-10-07,38.48,38.48,37.6,37.81,38.3,38.29,9969,378000.0,206,,8590.0,86.17,new
SREEL, BE,2026-10-07,291.0,297.4,285.1,287.35,287.1,286.85,6147,1771000.0,80,,,,new
SRF, EQ,2026-10-07,2475.0,2475.0,2434.9,2460.0,2460.0,2470.0,200571,492855000.0,21168,,131363.0,65.49,new
SRGHFL, EQ,2026-10-07,120.0,128.67,120.0,126.61,126.75,122.55,31389,3933000.0,1118,,21401.0,68.18,new
SRHHYPOLTD, EQ,2026-10-07,552.45,558.9,545.0,549.15,545.2,548.65,11610,6403000.0,1269,,5802.0,49.97,new
SRIKPRIND, BE,2026-10-07,26.48,26.49,24.53,26.0,26.0,25.23,1379,36000.0,103,,,,new
SRIT, BE,2026-10-07,153.0,153.0,147.34,147.34,147.34,155.09,785081,117941000.00000001,5558,,,,new
SRIVASAVI, ST,2026-10-07,81.25,85.3,79.1,85.15,85.3,81.25,19000,1585000.0,17,,17000.0,89.47,new
SRM, EQ,2026-10-07,418.45,423.0,413.6,421.45,421.0,418.45,28711,12043000.0,1256,,14410.0,50.19,new
SRTL, EQ,2026-10-07,36.77,38.0,36.67,37.74,37.36,36.67,21134,792000.0,281,,14282.0,67.58,new
SSDL, EQ,2026-10-07,69.29,69.99,65.51,66.2,66.3,68.57,88459,6007000.0,2049,,44595.0,50.41,new
SSEGL, SM,2026-10-07,401.2,401.2,380.0,388.3,389.0,397.0,42800,16715000.0,172,,26400.0,61.68,new
SSFL, ST,2026-10-07,267.6,289.05,267.6,289.05,289.05,275.3,9500,2687000.0,18,,8500.0,89.47,new
SSRETAIL, EQ,2026-10-07,712.75,734.4,710.1,720.3,716.0,712.75,6037276,4367310000.0,154343,,727993.0,12.06,new
SSWL, EQ,2026-10-07,427.0,432.25,416.2,424.2,425.5,424.7,845591,359091000.0,26284,,305563.0,36.14,new
STALLION, BE,2026-10-07,226.35,229.95,220.0,227.81,228.0,225.72,303243,68023000.0,1952,,,,new
STANLEY, EQ,2026-10-07,136.54,137.95,134.13,135.0,134.51,136.54,100560,13621000.0,1095,,66251.0,65.88,new
STAR, EQ,2026-10-07,1085.1,1109.0,1076.7,1100.6,1104.6,1088.7,202258,222112000.0,22765,,110081.0,54.43,new
STARCEMENT, EQ,2026-10-07,175.13,177.0,174.5,174.88,174.61,176.41,61630,10810000.0,2413,,35083.0,56.93,new
STARHEALTH, EQ,2026-10-07,552.0,557.8,545.75,553.85,555.15,550.55,231180,128053000.0,22670,,139972.0,60.55,new
STARPAPER, EQ,2026-10-07,154.98,154.99,150.65,151.5,153.78,154.14,2332,355000.0,97,,1565.0,67.11,new
STARTECK, EQ,2026-10-07,271.9,278.75,267.0,273.7,275.0,272.5,1371,369000.0,71,,844.0,61.56,new
STCINDIA, EQ,2026-10-07,106.38,106.38,104.23,104.5,104.31,105.86,10396,1091000.0,397,,7103.0,68.32,new
STEAMHOUSE, EQ,2026-10-07,119.85,126.8,117.0,125.17,124.9,118.42,22137870,2700319000.0,134933,,5778842.0,26.1,new
STEELCAS, EQ,2026-10-07,369.6,380.0,368.85,373.3,373.5,369.6,147905,55391999.99999999,5533,,70397.0,47.6,new
STEELCITY, EQ,2026-10-07,82.0,82.98,80.16,81.54,81.21,82.72,2134,173000.0,86,,1769.0,82.9,new
STEELXIND, EQ,2026-10-07,11.49,11.52,10.45,10.9,10.87,11.46,9407776,101988000.0,9541,,4036153.0,42.9,new
STEL, EQ,2026-10-07,584.8,585.0,565.5,568.6,569.65,575.95,1840,1054000.0,209,,1367.0,74.29,new
STERTOOLS, EQ,2026-10-07,218.45,221.89,218.0,218.79,220.9,218.45,12744,2800000.0,405,,7009.0,55.0,new
STLNETWORK, EQ,2026-10-07,48.54,49.43,48.2,49.43,49.43,47.08,2388042,117233000.0,1337,,1831481.0,76.69,new
STLSTRINF, EQ,2026-10-07,22.8,22.94,21.75,22.5,22.5,21.75,1738,39000.0,33,,1724.0,99.19,new
STLTECH, BE,2026-10-07,1014.0,1043.6,989.0,1016.8,1020.0,1016.7,1206624,1227655000.0,39357,,,,new
STOVEKRAFT, EQ,2026-10-07,813.5,829.0,803.95,817.35,811.9,813.45,146813,119702000.0,7861,,75921.0,51.71,new
STRIDERS, SM,2026-10-07,53.0,53.1,49.5,50.0,50.0,50.15,89600,4523000.0,20,,68800.0,76.79,new
STUDDS, EQ,2026-10-07,402.6,425.0,400.1,420.45,417.6,407.05,66382,27587000.0,3212,,34778.0,52.39,new
STUDIOLSD, SM,2026-10-07,8.55,8.55,8.5,8.55,8.55,8.5,12000,103000.0,5,,12000.0,100.0,new
STYL, EQ,2026-10-07,364.15,374.45,364.15,369.7,370.0,369.7,34514,12798000.0,1700,,18190.0,52.7,new
STYLAMIND, EQ,2026-10-07,3303.5,3370.0,3282.8,3351.6,3335.8,3303.5,20834,69591000.0,5474,,10506.0,50.43,new
STYLEBAAZA, EQ,2026-10-07,375.0,388.5,371.55,379.9,379.6,375.45,1166930,447968999.99999994,12956,,571735.0,48.99,new
STYRENIX, EQ,2026-10-07,2030.0,2045.0,1990.0,2001.3,1990.0,2042.9,27957,56241000.0,2918,,17959.0,64.24,new
SUBAHOTELS, SM,2026-10-07,87.2,93.85,87.2,92.4,92.55,88.5,27600,2489000.0,20,,25200.0,91.3,new
SUBEXLTD, EQ,2026-10-07,19.58,19.58,19.01,19.15,19.15,19.59,3615891,69763000.0,6183,,1603307.0,44.34,new
SUBROS, EQ,2026-10-07,679.0,682.9,672.55,675.5,674.15,682.95,16311,11045000.0,1737,,9298.0,57.0,new
SUDARCOLOR, EQ,2026-10-07,377.0,377.0,362.5,364.55,362.6,368.3,6417,2353000.0,259,,5643.0,87.94,new
SUDARSCHEM, EQ,2026-10-07,1244.0,1302.8,1213.0,1226.6,1224.0,1238.6,637859,800159000.0,41708,,246195.0,38.6,new
SUDEEPPHRM, EQ,2026-10-07,1148.0,1180.0,1118.6,1170.4,1175.0,1158.4,204466,235182000.00000003,13936,,94850.0,46.39,new
SUKHJITS, EQ,2026-10-07,149.75,152.78,148.57,149.56,150.11,147.84,7332,1102000.0,228,,4791.0,65.34,new
SULA, EQ,2026-10-07,134.83,135.0,132.5,133.41,133.5,134.01,105581,14075000.0,2686,,45393.0,42.99,new
SUMAX, SM,2026-10-07,100.0,109.4,99.1,105.35,105.85,100.5,144000,15131000.0,92,,96000.0,66.67,new
SUMEDHA, EQ,2026-10-07,43.0,44.95,42.01,43.05,43.05,43.45,1640,70000.0,43,,546.0,33.29,new
SUMEETINDS, EQ,2026-10-07,12.0,12.0,12.0,12.0,12.0,11.43,927372,11128000.0,351,,636071.0,68.59,new
SUMICHEM, EQ,2026-10-07,416.0,426.85,416.0,421.95,421.9,418.05,221961,93779000.0,13485,,72972.0,32.88,new
SUMIT, EQ,2026-10-07,52.98,52.98,50.02,50.48,50.05,51.88,22368,1131000.0,148,,17914.0,80.09,new
SUMMITSEC, EQ,2026-10-07,1330.0,1336.9,1305.0,1320.4,1325.0,1321.0,979,1295000.0,219,,454.0,46.37,new
SUNCLAY, EQ,2026-10-07,1152.9,1152.9,1130.0,1131.8,1130.0,1152.8,6000,6823000.0,1195,,4370.0,72.83,new
SUNDARAM, EQ,2026-10-07,1.1,1.1,1.07,1.07,1.08,1.09,173216,187000.0,168,,154683.0,89.3,new
SUNDARMFIN, EQ,2026-10-07,4377.0,4377.0,4280.0,4301.2,4328.2,4347.8,27263,117246000.0,6941,,16681.0,61.19,new
SUNDRMBRAK, EQ,2026-10-07,675.1,690.0,666.0,667.05,666.05,680.1,1279,859000.0,127,,1075.0,84.05,new
SUNDRMFAST, EQ,2026-10-07,1134.0,1165.9,1120.1,1127.0,1126.0,1140.3,163076,185817000.0,19222,,69220.0,42.45,new
SUNDROP, EQ,2026-10-07,754.4,755.95,745.0,745.9,745.0,746.8,6576,4923000.0,534,,4006.0,60.92,new
SUNFLAG, EQ,2026-10-07,460.05,479.1,455.0,474.4,478.0,459.05,829970,390396000.0,14172,,496297.0,59.8,new
SUNLITE, SM,2026-10-07,621.0,679.0,621.0,671.15,679.0,643.8,19800,12990000.0,66,,14700.0,74.24,new
SUNLOC, EQ,2026-10-07,70.0,70.0,70.0,70.0,70.0,68.0,4,0.0,1,,4.0,100.0,new
SUNPHARMA, EQ,2026-10-07,1797.1,1804.2,1772.1,1781.0,1781.0,1804.1,1150689,2050718999.9999998,80814,,843233.0,73.28,new
SUNRAKSHAK, EQ,2026-10-07,359.25,361.3,355.0,356.9,361.25,356.75,1331,475000.0,136,,1018.0,76.48,new
SUNSHIEL, EQ,2026-10-07,1075.0,1109.0,1062.7,1103.5,1104.0,1047.4,863,939000.0,217,,622.0,72.07,new
SUNSHINE, EQ,2026-10-07,450.7,460.15,448.0,448.9,449.0,447.2,346574,156672000.0,5435,,166050.0,47.91,new
SUNTECH, SM,2026-10-07,36.45,36.75,36.45,36.75,36.75,37.25,3200,117000.0,2,,3200.0,100.0,new
SUNTECK, EQ,2026-10-07,278.85,280.3,276.6,278.15,277.1,279.6,31359,8724000.0,1575,,17055.0,54.39,new
SUNTV, EQ,2026-10-07,633.35,646.8,631.1,636.5,637.05,632.1,1153473,736000000.0,27941,,243483.0,21.11,new
SUPERHOUSE, EQ,2026-10-07,158.0,158.0,152.0,154.93,155.95,155.27,2011,312000.0,121,,1476.0,73.4,new
SUPERSPIN, BE,2026-10-07,7.19,7.19,7.01,7.04,7.17,7.14,9140,64000.0,17,,,,new
SUPRAJIT, EQ,2026-10-07,469.8,470.0,462.25,465.15,462.3,471.2,43978,20501000.0,3326,,28942.0,65.81,new
SUPREME, EQ,2026-10-07,31.35,31.35,29.54,29.98,29.85,30.27,8982,272000.0,615,,2752.0,30.64,new
SUPREMEENG, BZ,2026-10-07,4.48,4.48,4.48,4.48,4.48,4.4,237753,1065000.0,89,,,,new
SUPREMEIND, EQ,2026-10-07,3500.0,3631.8,3475.5,3550.0,3550.0,3497.9,381975,1369273000.0,43701,,135120.0,35.37,new
SUPREMEINF, EQ,2026-10-07,64.45,64.45,53.51,54.67,56.2,61.4,415360,23804000.0,2849,,286773.0,69.04,new
SUPREMEPWR, SM,2026-10-07,240.95,265.0,238.0,260.05,260.0,239.45,305500,77072000.0,520,,172500.0,56.46,new
SUPRIYA, EQ,2026-10-07,923.25,923.25,887.0,889.25,891.0,915.35,167121,150070000.0,11215,,81231.0,48.61,new
SUPTANERY, BE,2026-10-07,8.37,8.47,8.26,8.47,8.47,8.07,66075,558000.0,150,,,,new
SURAJEST, EQ,2026-10-07,206.87,212.5,201.05,208.26,206.0,205.53,71351,14616000.0,1551,,29895.0,41.9,new
SURAJLTD, EQ,2026-10-07,182.01,186.9,180.01,181.7,184.67,187.4,1170,213000.0,27,,850.0,72.65,new
SURAKSHA, EQ,2026-10-07,332.0,334.2,320.0,321.7,320.15,332.0,42345,13759000.0,2090,,21420.0,50.58,new
SURANASOL, EQ,2026-10-07,23.67,24.9,23.56,24.36,24.05,23.67,23472,564000.0,316,,16804.0,71.59,new
SURANAT&P, EQ,2026-10-07,15.76,16.1,15.62,15.76,15.7,15.76,11832,187000.0,172,,7751.0,65.51,new
SURANI, SM,2026-10-07,158.45,158.45,145.0,158.45,158.45,144.05,140800,22232000.0,203,,110000.0,78.13,new
SURYALA, EQ,2026-10-07,377.0,381.5,376.25,376.25,376.25,376.3,406,153000.0,16,,349.0,85.96,new
SURYALAXMI, EQ,2026-10-07,57.28,58.0,56.14,56.64,56.56,57.0,478,27000.0,30,,464.0,97.07,new
SURYAROSNI, EQ,2026-10-07,221.0,221.59,218.01,218.34,218.05,221.35,273102,59896000.0,4587,,179920.0,65.88,new
SURYODAY, EQ,2026-10-07,149.64,156.74,149.64,155.54,155.9,151.47,489416,75696000.0,7753,,251417.0,51.37,new
SUTLEJTEX, EQ,2026-10-07,37.05,37.45,36.15,36.57,36.25,37.04,15927,585000.0,135,,13760.0,86.39,new
SUVEN, EQ,2026-10-07,309.0,316.9,305.0,305.55,305.55,309.15,311351,96407000.0,9742,,152548.0,49.0,new
SUVIDHAA, EQ,2026-10-07,2.08,2.11,2.05,2.1,2.11,2.07,63248,133000.0,163,,51578.0,81.55,new
SUYOG, EQ,2026-10-07,667.75,689.95,652.1,672.85,664.0,667.25,16252,10914000.0,1595,,9891.0,60.86,new
SUZLON, EQ,2026-10-07,39.16,39.19,38.2,38.34,38.34,39.16,73531474,2840863000.0,109231,,35717454.0,48.57,new
SVGLOBAL, EQ,2026-10-07,135.0,140.0,135.0,138.95,139.0,140.92,1283,177000.0,48,,859.0,66.95,new
SVLL, EQ,2026-10-07,831.0,834.4,811.0,824.9,829.95,835.6,251,206999.99999999997,33,,191.0,76.1,new
SVPGLOB, EQ,2026-10-07,3.15,3.15,2.98,3.0,3.04,3.11,30415,91000.0,86,,20665.0,67.94,new
SWANCORP, EQ,2026-10-07,268.1,284.0,268.1,271.85,269.1,268.85,1528441,420924000.0,37592,,357607.0,23.4,new
SWANDEF, BE,2026-10-07,2759.7,2774.9,2660.0,2759.4,2739.6,2760.2,15248,41892000.0,816,,,,new
SWARAJ, BE,2026-10-07,350.0,365.0,341.0,362.0,365.0,354.7,60243,21196000.0,198,,,,new
SWARAJENG, EQ,2026-10-07,3565.0,3566.9,3516.6,3546.1,3550.0,3537.8,10449,36973000.0,2383,,5291.0,50.64,new
SWARNSAR, EQ,2026-10-07,40.62,41.61,39.56,40.01,40.0,40.62,7872,318000.0,36,,5121.0,65.05,new
SWASTIK, ST,2026-10-07,17.5,18.3,17.5,18.3,18.3,18.05,2400,43000.0,2,,2400.0,100.0,new
SWASTIKAIN, BE,2026-10-07,209.8,210.13,202.0,210.13,210.13,200.13,273452,57145000.00000001,2398,,,,new
SWELECTES, EQ,2026-10-07,617.5,619.35,597.0,608.8,611.0,613.8,24148,14643000.0,1336,,11742.0,48.63,new
SWIGGY, EQ,2026-10-07,244.0,253.6,242.6,246.0,246.0,244.2,16172713,4025873000.0000005,94945,,5082003.0,31.42,new
SWISSMLTRY, BE,2026-10-07,14.35,14.4,13.96,14.19,14.12,14.07,50677,721000.0,213,,,,new
SWSOLAR, EQ,2026-10-07,172.54,173.55,167.45,168.11,168.2,172.54,833681,141607000.0,10974,,307849.0,36.93,new
SYLVANPLY, SM,2026-10-07,50.1,50.1,49.4,50.0,50.0,52.0,18000,892000.0,6,,16000.0,88.89,new
SYMBIOTEC, EQ,2026-10-07,1149.4,1165.0,1122.2,1135.6,1128.0,1149.5,492318,564669000.0,32122,,168764.0,34.28,new
SYMPHONY, EQ,2026-10-07,557.0,565.65,553.0,558.1,562.0,556.95,46171,25776000.0,4313,,23529.0,50.96,new
SYNCOMF, EQ,2026-10-07,23.29,25.49,22.9,24.94,25.0,23.22,40584346,1008193000.0,92757,,8540635.0,21.04,new
SYNGENE, EQ,2026-10-07,362.0,362.0,357.8,360.3,361.9,363.2,414606,149181000.0,13109,,264927.0,63.9,new
SYNOPTICS, SM,2026-10-07,48.35,48.35,48.35,48.35,48.35,50.85,1200,57999.99999999999,2,,600.0,50.0,new
SYRMA, EQ,2026-10-07,1690.7,1769.5,1690.7,1746.7,1750.0,1685.1,1814188,3164849000.0,83105,,528118.0,29.11,new
SYSTANGO, SM,2026-10-07,219.25,223.05,215.45,218.65,218.65,219.2,21600,4725000.0,46,,13200.0,61.11,new
SYSTMTXC, BE,2026-10-07,73.05,73.05,71.59,72.69,72.69,73.05,11387,824000.0,29,,,,new
TAALTECH, EQ,2026-10-07,1110.6,1130.0,1070.5,1087.9,1098.0,1093.4,128291,140647000.0,12818,,24022.0,18.72,new
TAC, ST,2026-10-07,408.9,427.9,398.0,424.0,420.0,409.2,42600,17539000.0,196,,34800.0,81.69,new
TAINWALCHM, EQ,2026-10-07,205.0,205.0,196.56,200.4,198.02,201.12,488,97000.0,28,,422.0,86.48,new
TAJGVK, EQ,2026-10-07,321.0,329.0,317.5,320.45,319.0,318.3,67467,21775000.0,2954,,22452.0,33.28,new
TAKE, EQ,2026-10-07,11.89,12.12,11.54,12.12,12.12,11.55,269087,3227000.0000000005,539,,198370.0,73.72,new
TALBROAUTO, EQ,2026-10-07,430.05,432.35,412.25,417.05,417.15,429.45,181320,75836000.0,6496,,78947.0,43.54,new
TAMBOLIIN, BE,2026-10-07,308.0,308.0,295.0,295.0,295.0,300.35,17201,5281000.0,24,,,,new
TANAA, EQ,2026-10-07,310.85,363.0,308.0,349.25,349.0,309.3,447847,155157000.0,20079,,88395.0,19.74,new
TANKUP, ST,2026-10-07,1823.45,1823.45,1810.0,1823.45,1823.45,1787.7,21500,39199000.0,11,,21250.0,98.84,new
TANLA, EQ,2026-10-07,491.0,501.6,488.0,494.55,493.95,492.15,309236,153377000.0,11762,,119017.0,38.49,new
TARACHAND, EQ,2026-10-07,46.23,47.35,46.23,46.26,46.23,46.42,48497,2253000.0,1414,,25985.0,53.58,new
TARAPUR, EQ,2026-10-07,11.61,12.25,11.08,11.52,11.64,11.61,32875,383000.0,323,,19648.0,59.77,new
TARC, EQ,2026-10-07,124.1,124.39,121.23,122.24,121.7,124.1,240407,29437000.0,2443,,149203.0,62.06,new
TARIL, EQ,2026-10-07,283.95,294.15,278.35,289.15,289.95,283.65,3041176,879685000.0,50162,,777089.0,25.55,new
TARMAT, EQ,2026-10-07,56.82,58.78,56.0,56.78,56.94,56.79,18146,1041000.0,222,,10807.0,59.56,new
TARSONS, EQ,2026-10-07,333.45,352.45,331.25,341.7,340.75,331.65,230964,79547000.0,7892,,67484.0,29.22,new
TASTYBITE, EQ,2026-10-07,9450.0,9464.5,9328.5,9373.0,9420.0,9413.0,402,3775000.0,264,,208.0,51.74,new
TATACAP, EQ,2026-10-07,322.9,322.9,317.3,320.55,320.2,322.1,1129597,361346000.0,29873,,760328.0,67.31,new
TATACHEM, EQ,2026-10-07,618.8,618.8,608.8,609.8,610.0,616.55,451020,276402000.0,11827,,190747.0,42.29,new
TATACOMM, EQ,2026-10-07,1672.2,1688.0,1622.0,1659.6,1657.0,1681.8,612618,1018153000.0000001,41962,,454190.0,74.14,new
TATACONSUM, EQ,2026-10-07,968.0,972.4,962.75,968.5,968.5,976.0,532061,515503000.0,39148,,329487.0,61.93,new
TATAELXSI, EQ,2026-10-07,3100.0,3134.0,3077.3,3082.5,3082.5,3093.0,178378,552785000.0,22534,,75354.0,42.24,new
TATAGOLD, EQ,2026-10-07,14.28,14.29,14.23,14.23,14.24,14.28,34413035,490497000.0,50580,,18876196.0,54.85,new
TATAINVEST, EQ,2026-10-07,624.15,625.95,613.7,615.3,615.0,624.15,221891,137067000.0,10035,,104065.0,46.9,new
TATAPOWER, EQ,2026-10-07,350.9,350.9,341.0,345.15,345.15,351.65,5227497,1804497000.0,67613,,2189097.0,41.88,new
TATASTEEL, EQ,2026-10-07,177.79,178.25,174.6,175.64,175.64,178.69,18846203,3318061000.0,125202,,9343295.0,49.58,new
TATATECH, EQ,2026-10-07,702.5,706.85,695.0,697.6,697.75,703.1,297761,208642999.99999997,24215,,132730.0,44.58,new
TATSILV, EQ,2026-10-07,21.35,21.4,21.2,21.21,21.27,21.4,35402176,753314000.0,34276,,22202767.0,62.72,new
TATVA, EQ,2026-10-07,1880.2,2000.0,1866.7,1991.2,1999.8,1877.4,278517,544189000.0,25287,,98402.0,35.33,new
TAURIAN, ST,2026-10-07,660.0,666.95,655.0,655.5,655.0,645.5,12800,8442000.0,16,,11200.0,87.5,new
TBI, SM,2026-10-07,71.0,76.0,71.0,74.0,74.0,73.2,42000,3106000.0,46,,34800.0,82.86,new
TBOTEK, EQ,2026-10-07,1682.0,1772.5,1676.4,1704.5,1700.0,1693.2,1938711,3337537999.9999995,75717,,1011620.0,52.18,new
TBZ, BE,2026-10-07,591.0,618.0,588.0,594.25,597.0,608.85,130826,78514000.0,2244,,,,new
TCC, EQ,2026-10-07,46.89,47.51,45.65,46.1,46.5,47.09,360773,16641999.999999998,3154,,148671.0,41.21,new
TCI, EQ,2026-10-07,890.0,897.95,882.9,885.6,884.0,888.0,69647,61904000.0,5106,,42492.0,61.01,new
TCIEXP, EQ,2026-10-07,500.7,509.5,495.0,499.75,499.0,501.4,25483,12787000.0,1557,,9352.0,36.7,new
TCIFINANCE, EQ,2026-10-07,14.49,14.49,14.1,14.21,14.25,14.16,7931,112999.99999999999,67,,6212.0,78.33,new
TCL, SM,2026-10-07,132.7,139.0,132.7,133.95,133.95,137.45,146400,19890000.0,56,,131200.0,89.62,new
TCPLPACK, EQ,2026-10-07,4023.0,4055.0,3967.0,4031.5,4055.0,4007.9,3112,12489000.0,814,,1423.0,45.73,new
TCS, EQ,2026-10-07,2085.2,2105.0,2076.0,2080.3,2080.3,2100.0,1349758,2819490000.0,62070,,519737.0,38.51,new
TDPOWERSYS, EQ,2026-10-07,818.0,834.7,805.15,821.1,820.0,816.0,2690340,2199982000.0,94487,,1168589.0,43.44,new
TEAMGTY, EQ,2026-10-07,235.02,240.9,235.02,238.95,238.95,235.02,206,49000.0,12,,105.0,50.97,new
TEAMLEASE, EQ,2026-10-07,1130.0,1139.5,1093.0,1101.0,1104.8,1130.3,19351,21415000.0,3408,,11041.0,57.06,new
TEAMTECH, ST,2026-10-07,148.0,150.0,144.25,146.3,146.1,151.8,78000,11338000.0,37,,70000.0,89.74,new
TECH, EQ,2026-10-07,30.5,31.06,30.42,30.48,30.52,30.71,12303,376000.0,114,,6642.0,53.99,new
TECHD, SM,2026-10-07,520.0,539.0,520.0,525.95,529.7,529.8,32100,16947000.0,100,,21300.0,66.36,new
TECHERA, SM,2026-10-07,153.95,158.95,151.5,155.5,155.35,153.3,72800,11348000.0,82,,50400.0,69.23,new
TECHLABS, SM,2026-10-07,114.95,114.95,110.0,111.85,112.4,113.25,12250,1362000.0,66,,9500.0,77.55,new
TECHM, EQ,2026-10-07,1504.0,1513.0,1486.2,1491.1,1491.1,1504.5,1254257,1878899000.0000002,54229,,625489.0,49.87,new
TECHNOCRAF, EQ,2026-10-07,469.0,488.65,467.25,486.4,486.5,467.25,876756,421375000.0,20444,,427621.0,48.77,new
TECHNOE, EQ,2026-10-07,996.7,999.1,980.5,988.3,989.0,996.2,69665,68894000.0,8396,,31244.0,44.85,new
TECHNVISN, EQ,2026-10-07,4211.9,4213.5,4080.1,4213.5,4213.5,4012.9,581,2445000.0,83,,532.0,91.57,new
TECILCHEM, EQ,2026-10-07,9.78,9.85,9.33,9.4,9.82,9.24,24062,233000.0,61,,21999.0,91.43,new
TEGA, EQ,2026-10-07,2108.2,2167.3,2085.5,2123.6,2125.4,2092.5,488724,1042532000.0,40850,,183552.0,37.56,new
TEJA, SM,2026-10-07,215.0,218.0,215.0,218.0,218.0,212.05,1800,389000.0,3,,1200.0,66.67,new
TEJASCARGO, SM,2026-10-07,410.0,410.0,410.0,410.0,410.0,404.0,400,164000.0,1,,400.0,100.0,new
TEJASNET, EQ,2026-10-07,473.0,477.45,465.0,466.7,466.2,475.85,1065621,500914999.99999994,31147,,315531.0,29.61,new
TEMBO, EQ,2026-10-07,58.25,58.25,55.35,56.42,56.01,58.25,1221774,69740000.0,6810,,616945.0,50.5,new
TEMPSENS, EQ,2026-10-07,515.7,603.0,514.9,578.0,571.0,515.5,9435714,5390073000.0,196507,,1440708.0,15.27,new
TENNIND, EQ,2026-10-07,494.15,496.0,479.15,480.4,481.0,494.15,556746,269030000.0,23494,,390505.0,70.14,new
TERAI, EQ,2026-10-07,122.0,122.0,100.3,113.5,110.2,120.0,337,37000.0,34,,201.0,59.64,new
TERASOFT, EQ,2026-10-07,238.0,242.68,224.61,226.04,225.11,237.77,32809,7502000.0,1296,,19869.0,60.56,new
TEXINFRA, EQ,2026-10-07,127.0,127.0,120.2,121.24,121.33,125.42,149902,18374000.0,2159,,74744.0,49.86,new
TEXMOPIPES, EQ,2026-10-07,54.0,54.5,52.23,52.58,52.78,53.8,93443,5000000.0,1414,,54105.0,57.9,new
TEXRAIL, EQ,2026-10-07,117.45,117.7,113.7,114.74,115.0,117.38,2010213,232528000.00000003,17674,,863827.0,42.97,new
TFCILTD, EQ,2026-10-07,141.29,154.0,141.26,152.24,152.68,140.65,19824302,2976590000.0,93150,,5486913.0,27.68,new
TFL, EQ,2026-10-07,11.99,12.21,11.65,12.16,12.2,11.99,3999,49000.0,51,,2794.0,69.87,new
TGBHOTELS, EQ,2026-10-07,9.7,9.7,9.35,9.4,9.4,9.37,3766,36000.0,45,,2976.0,79.02,new
TGL, ST,2026-10-07,13.2,13.45,12.95,12.95,12.95,13.2,20200,267000.0,60,,19600.0,97.03,new
TGVSL, EQ,2026-10-07,125.49,127.0,123.0,126.26,127.0,125.48,482160,60498000.0,6179,,287383.0,59.6,new
THACKER, EQ,2026-10-07,939.65,1000.0,939.65,980.0,980.0,939.65,39,38000.0,6,,39.0,100.0,new
THAKDEV, EQ,2026-10-07,134.39,134.39,134.39,134.39,134.39,135.06,2,0.0,2,,2.0,100.0,new
THANGAMAYL, EQ,2026-10-07,4758.5,4870.0,4666.0,4803.0,4818.0,4758.5,51777,248950000.0,13152,,20230.0,39.07,new
THEINVEST, EQ,2026-10-07,91.26,92.63,89.9,90.2,92.5,90.81,4177,379000.0,118,,3252.0,77.85,new
THEJO, EQ,2026-10-07,2074.2,2120.0,2074.2,2100.4,2098.0,2098.9,3998,8393000.0,451,,2634.0,65.88,new
THELEELA, EQ,2026-10-07,580.0,607.25,576.5,602.45,603.0,582.7,627331,374616000.0,47612,,263403.0,41.99,new
THEMISMED, EQ,2026-10-07,114.05,117.98,113.4,115.47,114.35,113.49,77738,8993000.0,1586,,29582.0,38.05,new
THERMAX, EQ,2026-10-07,3262.0,3277.2,3200.0,3230.4,3229.2,3225.1,103486,335978000.0,22726,,46483.0,44.92,new
THESL, ST,2026-10-07,15.5,15.5,15.5,15.5,15.5,14.8,3000,47000.0,1,,3000.0,100.0,new
THOMASCOOK, EQ,2026-10-07,100.8,101.61,99.89,100.54,100.6,101.09,327879,32981000.0,4835,,158050.0,48.2,new
THOMASCOTT, EQ,2026-10-07,281.65,287.65,272.5,278.85,280.0,280.8,29314,8234999.999999999,973,,16913.0,57.7,new
THYROCARE, EQ,2026-10-07,532.4,532.4,510.5,513.05,513.4,529.8,315757,162905000.0,30020,,170353.0,53.95,new
TI, EQ,2026-10-07,543.1,563.15,542.6,551.55,550.8,547.8,1058902,586645000.0,41115,,512598.0,48.41,new
TICL, BE,2026-10-07,8.99,8.99,8.99,8.99,8.99,8.57,37230,335000.0,21,,,,new
TIGERLOGS, EQ,2026-10-07,25.99,26.3,25.11,26.17,26.18,25.86,52827,1371000.0,682,,36687.0,69.45,new
TIIL, EQ,2026-10-07,2825.5,2825.5,2688.1,2715.4,2713.1,2819.1,40230,109674000.0,6470,,22657.0,56.32,new
TIINDIA, EQ,2026-10-07,2470.3,2472.0,2355.5,2388.0,2388.0,2472.7,556889,1333723000.0,44242,,172141.0,30.91,new
TIJARIA, BE,2026-10-07,6.55,6.73,6.4,6.47,6.5,6.42,3915,26000.0,41,,,,new
TIL, BE,2026-10-07,242.25,246.1,232.2,239.9,240.4,242.25,47307,11338000.0,335,,,,new
TIMESCAN, SM,2026-10-07,42.0,42.0,42.0,42.0,42.0,40.0,12000,504000.0,3,,12000.0,100.0,new
TIMETECHNO, EQ,2026-10-07,183.0,185.22,180.64,183.62,184.07,183.07,2467633,452574000.0,23191,,675865.0,27.39,new
TIMEX, EQ,2026-10-07,733.7,744.6,715.0,724.45,724.0,731.7,336138,244507000.00000003,21334,,125143.0,37.23,new
TIMKEN, EQ,2026-10-07,3157.0,3178.8,3096.0,3132.0,3163.9,3156.9,39160,122583999.99999999,10243,,17907.0,45.73,new
TINNARUBR, EQ,2026-10-07,954.95,957.75,926.0,930.55,932.85,950.25,25287,23702000.0,2675,,14338.0,56.7,new
TIPSFILMS, EQ,2026-10-07,338.7,342.0,325.15,328.75,326.2,334.55,6753,2245000.0,374,,3575.0,52.94,new
TIPSMUSIC, EQ,2026-10-07,653.1,657.9,638.0,639.9,638.4,653.1,226714,146465000.0,12133,,152543.0,67.28,new
TIRUMALCHM, EQ,2026-10-07,148.9,152.9,146.8,147.91,148.04,148.53,270559,40373000.0,4468,,128262.0,47.41,new
TIRUPATIFL, BE,2026-10-07,70.75,71.2,70.75,70.8,70.8,72.19,408182,28883000.0,375,,,,new
TITAGARH, EQ,2026-10-07,804.85,808.45,796.65,799.75,800.0,804.85,199471,159962000.0,10653,,54045.0,27.09,new
TITAN, EQ,2026-10-07,4439.0,4440.0,4335.6,4377.0,4377.0,4550.0,2951280,12913301000.0,172614,,1326787.0,44.96,new
TMB, EQ,2026-10-07,878.95,884.6,861.05,877.35,880.0,878.95,153612,134300000.0,12840,,69796.0,45.44,new
TMCV, EQ,2026-10-07,432.5,433.8,424.05,427.9,425.45,433.8,5489931,2354432000.0,77857,,2532602.0,46.13,new
TMPV, EQ,2026-10-07,285.6,286.65,280.8,283.0,283.0,285.8,9266278,2625527000.0,75821,,3663090.0,39.53,new
TNIDETF, EQ,2026-10-07,82.2,85.12,82.2,84.55,83.67,84.01,55773,4722000.0,361,,36392.0,65.25,new
TNPETRO, EQ,2026-10-07,126.49,127.39,123.54,125.78,126.0,126.03,475976,59605999.99999999,7160,,165271.0,34.72,new
TNPL, EQ,2026-10-07,146.0,146.52,143.0,143.35,143.68,145.94,74131,10670000.0,2657,,47821.0,64.51,new
TNTELE, BE,2026-10-07,9.93,9.93,9.93,9.93,9.93,10.45,21997,218000.00000000003,88,,,,new
TOKYOPLAST, EQ,2026-10-07,73.69,73.69,70.0,70.87,70.87,71.1,771,55000.00000000001,39,,768.0,99.61,new
TOLINS, EQ,2026-10-07,90.0,90.95,88.0,90.08,90.5,90.19,55327,4955000.0,1228,,33098.0,59.82,new
TOP100CASE, EQ,2026-10-07,10.1,10.1,9.92,9.97,10.0,10.03,452981,4523000.0,1271,,331915.0,73.27,new
TOP10ADD, EQ,2026-10-07,83.84,84.18,83.31,83.76,83.61,83.84,110150,9246000.0,339,,75817.0,68.83,new
TOP15IETF, EQ,2026-10-07,9.26,9.35,9.2,9.24,9.28,9.3,68504,633000.0,210,,56136.0,81.95,new
TOP20, EQ,2026-10-07,8.4,8.41,8.34,8.35,8.36,8.4,12952,108000.0,146,,7484.0,57.78,new
TORNTPHARM, EQ,2026-10-07,4765.0,4791.3,4679.0,4716.2,4716.2,4772.0,241200,1136899000.0,28212,,145249.0,60.22,new
TORNTPOWER, EQ,2026-10-07,1238.9,1247.8,1223.2,1236.5,1238.3,1234.9,175635,216466000.0,13283,,99733.0,56.78,new
TOTAL, BE,2026-10-07,70.0,71.45,69.8,69.81,69.81,71.54,1140,80000.0,37,,,,new
TOUCHWOOD, EQ,2026-10-07,60.37,60.37,59.01,59.61,59.01,58.95,951,56999.99999999999,12,,840.0,88.33,new
TOYAMSL, EQ,2026-10-07,0.69,0.71,0.69,0.71,0.71,0.68,374839,266000.0,145,,341326.0,91.06,new
TPHQ, BE,2026-10-07,0.48,0.49,0.47,0.47,0.47,0.48,621002,296000.0,293,,,,new
TPLPLASTEH, EQ,2026-10-07,69.64,69.8,68.16,68.6,68.3,69.18,108731,7503000.0,850,,41914.0,38.55,new
TRACXN, EQ,2026-10-07,35.0,35.0,33.02,33.89,34.18,34.34,357771,12183000.0,2693,,200212.0,55.96,new
TRANSCOR, EQ,2026-10-07,24.54,25.5,24.16,25.38,25.38,23.91,12826,320000.0,65,,12709.0,99.09,new
TRANSPEK, BE,2026-10-07,1345.1,1425.0,1345.1,1398.1,1405.0,1379.5,1763,2473000.0,92,,,,new
TRANSRAILL, EQ,2026-10-07,485.0,486.9,476.0,479.3,479.8,482.4,770841,371835000.0,24076,,300115.0,38.93,new
TRANSTEEL, SM,2026-10-07,80.95,85.0,80.1,82.45,81.35,80.95,45000,3697999.9999999995,40,,13000.0,28.89,new
TRANSWIND, SM,2026-10-07,11.3,11.3,11.3,11.3,11.3,11.3,4000,45000.0,1,,4000.0,100.0,new
TRANSWORLD, BE,2026-10-07,152.5,156.99,152.5,155.05,155.05,153.7,2195,341000.0,37,,,,new
TRAVELFOOD, EQ,2026-10-07,1191.3,1197.1,1180.2,1189.6,1187.3,1197.9,67434,80212000.0,10999,,35905.0,53.24,new
TREEHOUSE, EQ,2026-10-07,5.8,6.0,5.7,5.78,5.79,5.82,10445,61000.0,53,,10005.0,95.79,new
TREJHARA, EQ,2026-10-07,135.81,135.81,125.75,127.48,130.0,130.39,22107,2854000.0,558,,16438.0,74.36,new
TREL, EQ,2026-10-07,27.0,27.33,26.0,26.71,26.65,26.64,85309,2277000.0,808,,57880.0,67.85,new
TRENT, EQ,2026-10-07,2897.0,2909.0,2876.8,2890.3,2890.3,2906.0,1317846,3812990000.0,60619,,428656.0,32.53,new
TRF, EQ,2026-10-07,197.03,198.95,193.07,198.02,198.95,196.3,5575,1091000.0,289,,3915.0,70.22,new
TRIDENT, EQ,2026-10-07,22.56,22.68,22.26,22.31,22.35,22.56,2433694,54453000.0,11612,,1070385.0,43.98,new
TRIGYN, EQ,2026-10-07,51.0,52.45,51.0,51.63,52.04,51.7,9705,501000.0,238,,6986.0,71.98,new
TRITONV, EQ,2026-10-07,1070.1,1099.0,1042.9,1050.2,1050.0,1093.0,3421,3626000.0,333,,2507.0,73.28,new
TRITURBINE, EQ,2026-10-07,530.1,543.0,528.9,531.45,529.0,536.1,337921,180892000.0,26994,,162814.0,48.18,new
TRIVENI, EQ,2026-10-07,243.0,249.04,240.64,245.13,243.85,241.97,621686,152793000.0,17337,,242904.0,39.07,new
TROM, SM,2026-10-07,53.95,57.2,53.85,56.05,57.2,52.05,12000,662000.0,17,,11400.0,95.0,new
TRU, EQ,2026-10-07,4.3,4.3,4.15,4.25,4.28,4.12,29133,124000.0,123,,22628.0,77.67,new
TRUALT, EQ,2026-10-07,445.35,456.95,439.95,448.85,449.0,444.35,132449,59505999.99999999,4913,,69333.0,52.35,new
TRUST, SM,2026-10-07,25.7,25.7,24.15,24.7,24.7,25.55,22200,556000.0,32,,19200.0,86.49,new
TSFINV, EQ,2026-10-07,415.0,416.4,407.2,409.6,407.95,417.95,59688,24602000.0,2672,,37392.0,62.65,new
TTKHLTCARE, EQ,2026-10-07,1040.4,1050.5,1026.7,1046.6,1045.6,1033.7,13651,14204000.0,1337,,7413.0,54.3,new
TTKPRESTIG, EQ,2026-10-07,521.0,521.75,515.3,517.85,517.8,522.85,16239,8413000.0,1885,,9070.0,55.85,new
TTL, EQ,2026-10-07,7.3,7.5,7.25,7.29,7.25,7.38,99784,735000.0,204,,84638.0,84.82,new
TTML, EQ,2026-10-07,34.08,34.2,33.84,34.01,33.93,34.18,1417779,48216000.0,8652,,470695.0,33.2,new
TUNWAL, SM,2026-10-07,26.05,26.05,25.5,25.75,25.8,26.1,16000,412000.0,8,,8000.0,50.0,new
TURTLEMINT, EQ,2026-10-07,68.91,72.35,67.88,72.28,72.35,68.91,1668511,118252000.0,11391,,791487.0,47.44,new
TUTIALKA, EQ,2026-10-07,54.0,54.95,54.0,54.7,54.95,54.0,2110,114999.99999999999,38,,1757.0,83.27,new
TVSELECT, EQ,2026-10-07,404.05,404.05,395.0,397.0,395.0,404.2,27384,10942000.0,1273,,10136.0,37.01,new
TVSHLTD, EQ,2026-10-07,11722.0,11809.0,11600.0,11735.0,11765.0,11763.0,4318,50616000.0,1389,,2708.0,62.71,new
TVSMOTOR, EQ,2026-10-07,3982.8,3995.0,3870.8,3926.0,3926.0,3981.0,673718,2655782000.0,47052,,360226.0,53.47,new
TVSSCS, EQ,2026-10-07,131.0,132.6,128.13,130.4,130.99,130.67,475200,62089000.0,7320,,211739.0,44.56,new
TVSSRICHAK, EQ,2026-10-07,4367.2,4419.1,4321.3,4354.1,4341.2,4390.1,3851,16870000.0,1284,,1862.0,48.35,new
TVTODAY, EQ,2026-10-07,101.15,103.0,100.62,101.3,101.2,101.48,15356,1560000.0,413,,6803.0,44.3,new
TVVISION, BE,2026-10-07,2.63,2.63,2.47,2.59,2.59,2.59,33766,86000.0,59,,,,new
TWCGOLDETF, EQ,2026-10-07,147.0,147.0,145.5,145.99,146.04,146.53,3563,520000.0,168,,2826.0,79.32,new
UBL, EQ,2026-10-07,1192.0,1192.0,1178.4,1185.7,1188.6,1178.3,48162,57071000.0,6634,,24504.0,50.88,new
UCAL, BE,2026-10-07,144.95,145.99,140.61,141.57,140.8,142.37,17699,2527000.0,64,,,,new
UCOBANK, EQ,2026-10-07,23.2,23.53,22.95,23.4,23.44,23.27,3707604,86254000.0,15370,,792980.0,21.39,new
UDAYJEW, EQ,2026-10-07,168.0,168.01,160.5,161.13,160.5,160.33,7798,1269000.0,396,,3045.0,39.05,new
UDS, EQ,2026-10-07,215.4,219.7,213.01,218.11,218.7,215.4,108092,23507000.0,2342,,56384.0,52.16,new
UEL, EQ,2026-10-07,179.62,183.8,176.05,177.64,179.22,179.62,7247,1298000.0,528,,3401.0,46.93,new
UFBL, BE,2026-10-07,695.2,700.0,681.25,687.65,692.95,695.2,20133,13958000.000000002,417,,,,new
UFLEX, EQ,2026-10-07,641.55,655.0,633.1,643.15,639.1,641.25,115503,74167000.0,5105,,63343.0,54.84,new
UFO, EQ,2026-10-07,58.47,58.48,56.55,56.88,56.9,57.38,20402,1169000.0,388,,13018.0,63.81,new
UGARSUGAR, BE,2026-10-07,59.4,60.99,56.9,58.45,58.8,59.26,129567,7564000.0,708,,,,new
UGROCAP, EQ,2026-10-07,82.9,82.9,80.76,81.28,81.7,82.97,212716,17336000.0,6615,,141421.0,66.48,new
UHTL, ST,2026-10-07,203.75,203.75,203.75,203.75,203.75,199.8,4000,815000.0,2,,4000.0,100.0,new
UJJIVANSFB, EQ,2026-10-07,65.2,67.19,64.72,64.94,64.94,65.19,15595871,1026348000.0,54217,,7165541.0,45.95,new
ULTRACEMCO, EQ,2026-10-07,10730.0,10812.0,10595.0,10658.0,10658.0,10750.0,287808,3073167000.0,44241,,157451.0,54.71,new
ULTRAMAR, EQ,2026-10-07,409.3,411.95,405.1,409.6,407.8,408.8,24466,9974000.0,1046,,14571.0,59.56,new
UMA, SM,2026-10-07,18.4,18.4,18.4,18.4,18.4,16.6,4000,74000.0,1,,4000.0,100.0,new
UMAEXPORTS, BE,2026-10-07,21.4,21.43,20.05,20.07,20.05,21.09,79271,1605000.0,162,,,,new
UMESLTD, EQ,2026-10-07,4.39,4.7,4.39,4.51,4.57,4.45,58235,264000.0,115,,54400.0,93.41,new
UMIYA-MRO, EQ,2026-10-07,93.69,93.69,92.1,92.22,92.16,92.55,4126,381000.0,99,,3941.0,95.52,new
UNICHEMLAB, EQ,2026-10-07,552.85,557.9,541.35,546.2,548.0,548.1,44644,24581000.0,2954,,16129.0,36.13,new
UNIDT, EQ,2026-10-07,230.0,235.01,226.0,227.34,228.0,226.13,32104,7353000.0,1225,,18368.0,57.21,new
UNIECOM, EQ,2026-10-07,82.0,83.24,81.72,82.61,82.41,81.84,138686,11451000.0,1817,,52939.0,38.17,new
UNIENTER, EQ,2026-10-07,87.1,89.85,86.12,86.72,87.7,87.09,2646,231000.0,57,,1902.0,71.88,new
UNIHEALTH, SM,2026-10-07,558.0,559.95,541.05,554.35,556.95,550.0,16500,9080000.0,28,,12500.0,75.76,new
UNIINFO, EQ,2026-10-07,11.02,11.5,10.53,11.45,11.5,11.0,8580,97000.0,47,,7176.0,83.64,new
UNILEX, SM,2026-10-07,31.0,31.0,30.75,30.75,30.75,30.4,3200,99000.0,2,,1600.0,50.0,new
UNIMECH, EQ,2026-10-07,1892.5,1892.5,1840.1,1854.5,1850.0,1873.1,143988,268735000.0,16891,,59760.0,41.5,new
UNIONBANK, EQ,2026-10-07,167.67,174.9,165.44,173.15,173.15,168.44,13484976,2315833000.0,76751,,3540049.0,26.25,new
UNIONGOLD, EQ,2026-10-07,143.75,144.0,143.15,143.5,143.55,143.35,2520,362000.0,151,,687.0,27.26,new
UNIPARTS, EQ,2026-10-07,825.0,832.1,806.2,812.3,814.0,824.7,59608,48726000.0,7965,,27142.0,45.53,new
UNITDSPR, EQ,2026-10-07,1348.3,1355.4,1338.0,1344.0,1344.0,1358.0,998614,1342735000.0,34920,,628563.0,62.94,new
UNITECH, EQ,2026-10-07,3.98,4.21,3.95,4.1,4.1,4.0,5044354,20758000.0,3099,,3222427.0,63.88,new
UNITEDPOLY, EQ,2026-10-07,49.99,49.99,47.61,48.1,49.05,48.49,98385,4766000.0,732,,54302.0,55.19,new
UNITEDTEA, EQ,2026-10-07,415.95,418.0,401.6,408.85,411.95,415.95,4211,1730000.0,138,,3718.0,88.29,new
UNIVASTU, BE,2026-10-07,134.84,134.84,126.5,129.81,130.55,131.63,25581,3288000.0000000005,240,,,,new
UNIVCABLES, EQ,2026-10-07,1667.0,1669.5,1597.7,1633.1,1628.2,1649.2,99488,162120000.0,12788,,36907.0,37.1,new
UNIVPHOTO, BE,2026-10-07,465.55,488.0,452.0,479.95,479.95,470.25,776,356000.0,42,,,,new
UNOMINDA, EQ,2026-10-07,1115.7,1123.9,1100.0,1104.8,1104.8,1120.0,277168,307247000.0,18536,,108544.0,39.16,new
UPL, EQ,2026-10-07,510.0,510.0,494.6,495.0,495.0,509.55,2175673,1086555000.0,42923,,1253694.0,57.62,new
URAVIDEF, BE,2026-10-07,101.49,102.0,101.0,102.0,102.0,102.0,1118,113999.99999999999,26,,,,new
URBAN, SM,2026-10-07,119.1,122.9,118.7,121.75,121.75,122.65,13600,1648000.0,16,,8000.0,58.82,new
URBANCO, EQ,2026-10-07,170.5,173.01,167.75,168.23,167.8,173.54,6144587,1042508000.0,56997,,1949246.0,31.72,new
URJA, EQ,2026-10-07,8.51,8.7,8.48,8.51,8.5,8.6,491846,4207000.0,2036,,259753.0,52.81,new
USHAFIN, ST,2026-10-07,50.4,50.75,49.5,49.55,49.5,48.35,22400,1128000.0,12,,20800.0,92.86,new
USHAMART, EQ,2026-10-07,519.0,523.4,510.0,520.25,518.35,516.7,962383,495628000.0,22008,,594723.0,61.8,new
USK, EQ,2026-10-07,19.36,19.36,18.0,18.4,18.4,18.64,11444,210000.0,186,,9736.0,85.08,new
UTIAMC, EQ,2026-10-07,889.0,901.0,879.05,892.3,890.1,888.2,71137,63261000.0,9432,,37706.0,53.0,new
UTKAL, ST,2026-10-07,50.25,50.25,48.6,48.6,48.6,50.5,12000,590000.0,6,,12000.0,100.0,new
UTKARSHBNK, EQ,2026-10-07,14.3,14.43,13.85,13.98,13.98,13.52,21411872,299695000.0,22244,,4691601.0,21.91,new
UTLSOLAR, EQ,2026-10-07,417.5,442.0,410.85,431.75,433.0,418.85,407571,176499000.0,21971,,205247.0,50.36,new
UTSSAV, SM,2026-10-07,870.0,881.0,848.0,855.0,858.0,860.75,37800,32589999.999999996,61,,24000.0,63.49,new
UTTAMSUGAR, EQ,2026-10-07,302.35,312.7,299.4,308.3,308.3,302.8,345726,106520000.0,9258,,89694.0,25.94,new
UWCSL, SM,2026-10-07,120.0,120.0,114.95,114.95,114.95,121.0,2000,235000.0,2,,2000.0,100.0,new
UYFINCORP, BE,2026-10-07,21.82,23.49,21.81,22.93,22.8,22.95,223056,5063000.0,570,,,,new
V2RETAIL, EQ,2026-10-07,171.34,171.97,157.35,163.95,161.4,172.19,3074441,515350000.0,37809,,1492634.0,48.55,new
VADILALIND, EQ,2026-10-07,7309.5,7309.5,7198.0,7247.0,7295.0,7309.5,2509,18197000.0,1087,,1212.0,48.31,new
VADILENT, EQ,2026-10-07,9860.0,9910.0,9860.0,9910.0,9910.0,9860.0,2,20000.0,2,,2.0,100.0,new
VAIBHAVGBL, EQ,2026-10-07,201.43,201.89,199.01,200.75,201.09,202.43,92278,18494000.0,3101,,48450.0,52.5,new
VAISHALI, EQ,2026-10-07,8.4,8.4,7.76,8.1,8.3,8.17,181758,1468000.0,393,,118963.0,65.45,new
VAKRANGEE, EQ,2026-10-07,5.19,5.22,5.15,5.19,5.22,5.19,577018,2987000.0,966,,252064.0,43.68,new
VAL30IETF, EQ,2026-10-07,14.34,14.37,14.21,14.29,14.33,14.34,339782,4848000.0,535,,117951.0,34.71,new
VALIANTLAB, BE,2026-10-07,126.0,126.0,120.65,123.21,124.25,124.37,45361,5571000.0,275,,,,new
VALIANTORG, EQ,2026-10-07,496.8,505.0,477.0,479.85,477.0,496.8,109561,53677000.0,3326,,61758.0,56.37,new
VALUE, EQ,2026-10-07,15.24,15.24,15.09,15.14,15.16,15.25,22990,349000.0,117,,18015.0,78.36,new
VALUE360, SM,2026-10-07,68.0,73.85,68.0,73.85,73.85,61.55,195600,14347000.0,61,,186000.0,95.09,new
VALUEAXIS, EQ,2026-10-07,31.01,31.05,30.75,30.93,31.05,30.93,52045,1605999.9999999998,349,,33379.0,64.13,new
VAML, EQ,2026-10-07,401.25,401.8,393.05,394.0,393.05,401.05,3370906,1337514000.0,102095,,2036562.0,60.42,new
VARDHACRLC, EQ,2026-10-07,44.0,44.49,43.35,43.72,43.75,43.63,29518,1294000.0,109,,16398.0,55.55,new
VARDMNPOLY, EQ,2026-10-07,5.31,5.6,5.24,5.4,5.38,5.44,164823,889000.0,494,,135931.0,82.47,new
VARMORA, EQ,2026-10-07,132.84,137.3,130.35,136.31,136.7,132.84,1844068,247528000.00000003,17770,,588940.0,31.94,new
VARROC, EQ,2026-10-07,814.45,826.8,810.0,823.75,826.3,814.45,166445,136136000.0,13502,,72869.0,43.78,new
VASCONEQ, EQ,2026-10-07,32.12,32.51,32.05,32.33,32.26,32.31,206540,6665000.000000001,984,,130958.0,63.41,new
VASWANI, EQ,2026-10-07,43.66,44.24,43.2,43.8,43.41,43.41,13762,599000.0,101,,12222.0,88.81,new
VBL, EQ,2026-10-07,438.0,444.05,435.0,440.75,440.75,439.3,3591044,1583797000.0,34518,,2085438.0,58.07,new
VCL, BE,2026-10-07,1.57,1.57,1.49,1.55,1.57,1.5,649613,1008000.0,262,,,,new
VDEAL, SM,2026-10-07,105.05,109.0,105.05,108.95,108.95,110.35,4200,446000.0,7,,2400.0,57.14,new
VEDAVAAG, EQ,2026-10-07,23.5,23.51,22.11,22.84,22.88,23.24,60838,1381000.0,367,,37116.0,61.01,new
VEDL, EQ,2026-10-07,264.5,265.2,258.8,261.4,261.4,265.6,10190251,2661813000.0,69569,,5271744.0,51.73,new
VEDPOWER, EQ,2026-10-07,32.39,32.63,31.87,32.42,32.4,32.53,7685828,247931000.0,31204,,3313684.0,43.11,new
VEEDOL, EQ,2026-10-07,1390.0,1401.0,1361.0,1383.0,1372.5,1392.4,6459,8957000.0,850,,3541.0,54.82,new
VEEGALAND, EQ,2026-10-07,149.95,153.0,141.1,143.63,142.7,148.64,2096377,308615000.0,17982,,625220.0,29.82,new
VEEKAYEM, SM,2026-10-07,103.15,111.0,103.15,103.5,103.5,108.35,4000,420000.0,8,,2500.0,62.5,new
VELJAN, BE,2026-10-07,2657.9,2657.9,2580.0,2657.9,2657.9,2531.4,4352,11546000.0,274,,,,new
VENKEYS, EQ,2026-10-07,1687.9,1692.9,1649.8,1655.6,1654.0,1694.8,40836,68005000.0,4584,,15833.0,38.77,new
VENTIVE, EQ,2026-10-07,587.9,587.9,575.05,582.4,577.0,582.35,12530,7289000.0,1201,,6196.0,49.45,new
VENUSPIPES, EQ,2026-10-07,2243.0,2269.8,2185.7,2238.5,2264.0,2240.3,114368,254173000.0,9589,,41411.0,36.21,new
VENUSREM, BE,2026-10-07,1721.0,1800.5,1670.6,1769.4,1784.0,1746.7,24817,43297000.0,1067,,,,new
VERANDA, BE,2026-10-07,30.99,31.2,30.0,31.2,31.2,29.72,164637,5105000.0,561,,,,new
VERTEXPLUS, ST,2026-10-07,72.8,72.8,72.8,72.8,72.8,69.35,1200,87000.0,2,,1200.0,100.0,new
VERTIS, IV,2026-10-07,115.5,115.75,115.5,115.75,115.75,114.0,225000,26000000.0,7,,225000.0,100.0,new
VERTOZ, EQ,2026-10-07,33.49,34.93,32.1,33.06,32.83,33.52,65720,2226000.0,648,,22686.0,34.52,new
VESUVIUS, EQ,2026-10-07,403.0,415.55,399.1,409.7,412.6,404.4,176659,72304000.0,8752,,72350.0,40.95,new
VETO, EQ,2026-10-07,140.0,140.8,138.0,138.49,139.0,138.54,42720,5930000.0,1324,,18551.0,43.42,new
VGCL, EQ,2026-10-07,47.58,49.98,47.58,49.98,49.98,47.6,5350,265000.0,25,,5350.0,100.0,new
VGINFOTECH, SM,2026-10-07,136.0,138.5,136.0,136.6,136.6,136.85,25000,3436999.9999999995,20,,23000.0,92.0,new
VGL, EQ,2026-10-07,64.98,65.86,62.51,62.92,63.0,63.76,23868,1517000.0,340,,18037.0,75.57,new
VGUARD, EQ,2026-10-07,304.9,305.3,301.2,302.15,301.6,306.3,223851,67919000.0,8639,,135830.0,60.68,new
VHL, EQ,2026-10-07,3599.0,3611.0,3528.0,3598.8,3600.0,3574.2,611,2193000.0,175,,484.0,79.21,new
VHLTD, BE,2026-10-07,130.9,131.55,129.0,129.62,129.33,128.97,79381,10329000.0,392,,,,new
VIAZ, SM,2026-10-07,83.5,85.4,82.0,84.9,84.9,81.75,48000,4025000.0,15,,42000.0,87.5,new
VICTORYEV, SM,2026-10-07,13.75,13.75,13.75,13.75,13.75,13.75,3000,41000.0,1,,3000.0,100.0,new
VIDHIING, EQ,2026-10-07,353.05,354.0,348.0,348.2,348.4,352.3,4118,1441000.0,456,,2685.0,65.2,new
VIDYAWIRES, EQ,2026-10-07,96.9,100.62,95.6,100.62,100.62,95.83,4647269,461889999.99999994,20362,,1883978.0,40.54,new
VIESL, SM,2026-10-07,367.0,370.0,364.4,364.95,364.95,369.9,8800,3222000.0,11,,6400.0,72.73,new
VIGOR, SM,2026-10-07,74.4,74.4,70.35,70.35,70.35,74.05,41600,2977000.0,23,,22400.0,53.85,new
VIJAYA, EQ,2026-10-07,1470.0,1490.6,1445.3,1462.4,1455.3,1466.7,86569,126741000.00000001,13167,,37909.0,43.79,new
VIJAYPD, SM,2026-10-07,82.05,97.0,82.05,96.1,96.0,83.7,210000,19202000.0,95,,182000.0,86.67,new
VIJIFIN, BE,2026-10-07,13.01,13.01,13.01,13.01,13.01,13.69,49009,638000.0,102,,,,new
VIJSOLX, EQ,2026-10-07,614.05,617.65,614.05,615.85,615.85,620.0,43,26000.0,8,,43.0,100.0,new
VIKASECO, EQ,2026-10-07,1.02,1.03,1.01,1.02,1.03,1.02,1107129,1133000.0,875,,628002.0,56.72,new
VIKASLIFE, EQ,2026-10-07,1.19,1.21,1.19,1.19,1.2,1.2,1837662,2202000.0,7119,,950342.0,51.71,new
VIKRAMSOLR, EQ,2026-10-07,151.5,151.89,148.51,148.94,150.0,151.5,1900464,284669000.0,18979,,830758.0,43.71,new
VIKRAN, EQ,2026-10-07,57.99,59.09,57.47,57.85,58.0,58.13,651511,37916000.0,4958,,261456.0,40.13,new
VILAS, SM,2026-10-07,388.5,396.95,385.0,386.65,385.0,394.75,16500,6448000.0,51,,10500.0,63.64,new
VILINBIO, ST,2026-10-07,54.75,55.0,51.0,51.25,51.0,52.95,56000,2933000.0,14,,56000.0,100.0,new
VIMTALABS, EQ,2026-10-07,579.9,582.9,564.85,567.2,569.0,577.4,140574,80337000.0,9554,,61631.0,43.84,new
VINATIORGA, EQ,2026-10-07,1191.0,1195.8,1138.5,1142.3,1141.3,1179.5,71386,82226000.0,11789,,42333.0,59.3,new
VINCOFE, EQ,2026-10-07,187.21,187.26,181.6,184.19,184.7,187.21,740150,136319000.0,11941,,403710.0,54.54,new
VINDHYATEL, EQ,2026-10-07,2822.5,2907.1,2779.0,2810.1,2809.0,2829.7,74369,211413000.0,9737,,22740.0,30.58,new
VINEETLAB, EQ,2026-10-07,37.2,38.15,36.5,36.65,36.82,36.52,113429,4170000.0000000005,362,,99644.0,87.85,new
VINNY, EQ,2026-10-07,0.91,0.92,0.88,0.89,0.88,0.9,283034,254999.99999999997,218,,212592.0,75.11,new
VINOD, SM,2026-10-07,39.2,39.2,39.2,39.2,39.2,41.25,36000,1411000.0,13,,36000.0,100.0,new
VINSYS, ST,2026-10-07,576.0,576.0,572.0,572.0,572.0,576.0,1250,718000.0,5,,1250.0,100.0,new
VINYAS, SM,2026-10-07,1412.0,1441.0,1380.05,1440.0,1440.0,1412.1,7800,11055000.0,62,,6100.0,78.21,new
VINYLINDIA, EQ,2026-10-07,213.0,220.0,211.8,215.53,215.01,212.77,2527,544000.0,197,,1808.0,71.55,new
VIPCLOTHNG, EQ,2026-10-07,20.2,20.78,19.97,20.02,20.01,20.3,24616,494000.00000000006,175,,20980.0,85.23,new
VIPIND, EQ,2026-10-07,287.9,287.9,279.95,281.1,280.85,288.1,110534,31301000.0,4652,,59074.0,53.44,new
VIPULLTD, BE,2026-10-07,10.2,10.71,9.69,9.85,9.8,10.2,295796,2922000.0,684,,,,new
VIRAT, EQ,2026-10-07,347.7,382.45,338.05,382.45,382.45,347.7,11252,4209000.0,464,,9201.0,81.77,new
VIRINCHI, EQ,2026-10-07,13.33,14.4,12.73,12.97,13.04,13.16,67989,894999.9999999999,331,,42711.0,62.82,new
VIRTUALG, BE,2026-10-07,0.44,0.44,0.4,0.44,0.44,0.42,227968,96000.0,189,,,,new
VISACHROME, EQ,2026-10-07,36.0,36.0,35.01,35.22,35.5,35.22,8536,303000.0,94,,6711.0,78.62,new
VISAKAIND, BE,2026-10-07,82.25,84.4,81.5,83.83,84.0,81.63,54269,4519000.0,400,,,,new
VISAMAN, SM,2026-10-07,25.55,25.8,25.0,25.7,25.8,24.6,170000,4305000.0,51,,162000.0,95.29,new
VISDEM, SM,2026-10-07,95.1,95.1,93.2,95.1,95.1,95.1,4800,454000.0,4,,4800.0,100.0,new
VISHAL, EQ,2026-10-07,17.99,17.99,17.01,17.13,17.19,17.5,50885,883000.0,344,,35351.0,69.47,new
VISHNU, EQ,2026-10-07,693.7,693.8,680.0,683.4,680.0,695.55,58238,39958000.0,4509,,32457.0,55.73,new
VISHNUINFR, SM,2026-10-07,142.3,145.8,140.7,141.35,140.7,146.4,5000,712000.0,10,,3500.0,70.0,new
VISHWARAJ, EQ,2026-10-07,5.72,5.82,5.46,5.51,5.51,5.72,363908,2032999.9999999998,987,,201137.0,55.27,new
VISHWAS, SM,2026-10-07,44.35,44.35,44.35,44.35,44.35,42.25,1600,71000.0,1,,1600.0,100.0,new
VISL, EQ,2026-10-07,30.5,30.71,29.22,29.44,29.5,30.75,35144526,1039527000.0,50138,,15738996.0,44.78,new
VITAL, EQ,2026-10-07,50.53,53.11,50.53,52.87,52.87,53.18,2966,150000.0,28,,2966.0,100.0,new
VIVIANA, EQ,2026-10-07,827.65,844.0,800.0,817.85,815.0,824.2,36092,29755000.0,2648,,19083.0,52.87,new
VIVIDEL, SM,2026-10-07,1680.0,1753.5,1680.0,1750.0,1750.0,1713.0,18240,31427999.999999996,65,,13920.0,76.32,new
VIVIDHA, EQ,2026-10-07,0.51,0.52,0.5,0.5,0.51,0.51,268981,138000.0,144,,169801.0,63.13,new
VIVIMEDLAB, BE,2026-10-07,6.59,6.59,6.59,6.59,6.59,6.28,62809,413999.99999999994,57,,,,new
VIVO, ST,2026-10-07,146.0,146.0,146.0,146.0,146.0,147.0,3200,467000.0,2,,3200.0,100.0,new
VIVOBIOT, EQ,2026-10-07,13.87,16.0,12.8,15.1,15.5,13.87,116917,1638000.0,511,,83536.0,71.45,new
VIYASH, EQ,2026-10-07,234.0,242.67,232.16,240.77,241.7,233.23,3081129,737713000.0,36879,,1327121.0,43.07,new
VLEGOV, EQ,2026-10-07,9.7,9.7,9.25,9.37,9.4,9.37,46813,440000.00000000006,366,,39887.0,85.2,new
VLINFRA, SM,2026-10-07,25.8,25.8,24.2,24.85,24.85,24.75,12000,297000.0,7,,9000.0,75.0,new
VLSFINANCE, EQ,2026-10-07,228.0,238.1,228.0,229.97,229.9,233.9,9462,2181000.0,491,,8828.0,93.3,new
VMARCIND, SM,2026-10-07,320.0,329.0,318.5,326.95,326.0,323.05,178500,57582000.00000001,113,,87000.0,48.74,new
VMART, EQ,2026-10-07,795.9,813.55,781.15,806.2,805.0,793.0,85019,68020000.0,9113,,28252.0,33.23,new
VMM, EQ,2026-10-07,100.95,101.6,99.78,100.5,100.5,100.95,11200804,1128517000.0,44116,,6690655.0,59.73,new
VMOBILE, SM,2026-10-07,53.3,55.8,53.2,55.8,55.8,56.0,8800,472000.0,11,,7200.0,81.82,new
VMSTMT, EQ,2026-10-07,45.75,46.44,45.32,45.76,46.3,46.58,16555,758000.0,348,,8814.0,53.24,new
VOEPL, EQ,2026-10-07,510.0,534.85,503.55,526.9,528.0,511.15,108377,56712000.0,5281,,49654.0,45.82,new
VOGL, EQ,2026-10-07,31.32,31.38,30.75,31.11,31.14,31.41,10673746,331620000.0,32582,,4776632.0,44.75,new
VOITHPAPR, EQ,2026-10-07,1413.0,1444.9,1410.0,1410.8,1410.0,1425.0,561,792000.0,28,,516.0,91.98,new
VOLTAMP, EQ,2026-10-07,10525.0,10639.0,10380.0,10512.0,10492.0,10539.0,10933,115129000.0,5479,,5236.0,47.89,new
VOLTAS, EQ,2026-10-07,1071.9,1072.7,1052.3,1056.8,1056.8,1067.9,316203,335650000.0,15525,,71847.0,22.72,new
VPRPL, EQ,2026-10-07,28.66,28.7,28.01,28.32,28.4,28.77,214064,6081000.0,1491,,106690.0,49.84,new
VRAJ, EQ,2026-10-07,121.1,124.51,119.8,121.86,121.58,121.6,8639,1051000.0,494,,5273.0,61.04,new
VRLLOG, EQ,2026-10-07,284.95,287.65,283.5,285.1,285.0,284.95,135316,38558000.0,4019,,100364.0,74.17,new
VSSL, EQ,2026-10-07,389.75,395.0,382.9,393.75,395.0,389.75,60271,23475000.0,2892,,30508.0,50.62,new
VSTIND, EQ,2026-10-07,202.51,202.87,200.1,201.33,201.38,202.64,67992,13680000.000000002,2568,,38789.0,57.05,new
VSTL, EQ,2026-10-07,108.56,108.56,106.25,106.84,106.65,108.56,21084,2268000.0,498,,17948.0,85.13,new
VSTTILLERS, EQ,2026-10-07,4392.9,4462.1,4342.5,4375.6,4385.0,4426.3,5439,23890000.0,1395,,1977.0,36.35,new
VTL, EQ,2026-10-07,549.4,551.45,533.7,536.4,536.0,549.4,192444,103702000.0,9563,,96257.0,50.02,new
VTMLTD, EQ,2026-10-07,35.98,36.28,33.55,34.11,34.0,35.92,174164,6111000.0,1370,,126391.0,72.57,new
WAAREEENER, EQ,2026-10-07,2389.9,2426.0,2362.3,2401.0,2401.0,2398.0,429460,1030442000.0,32053,,160597.0,37.4,new
WAAREEINDO, EQ,2026-10-07,209.8,211.87,204.02,207.15,206.5,208.05,99686,20755000.0,2691,,51705.0,51.87,new
WAAREERTL, EQ,2026-10-07,824.0,824.85,810.0,812.45,813.0,825.95,89013,72563000.0,8195,,42989.0,48.3,new
WABAG, EQ,2026-10-07,2009.5,2053.6,1990.8,1998.3,2001.0,2006.9,363620,732578000.0,28418,,153536.0,42.22,new
WAKEFIT, EQ,2026-10-07,136.1,136.76,133.7,134.42,133.93,135.98,406287,54880999.99999999,6854,,255606.0,62.91,new
WALCHANNAG, EQ,2026-10-07,203.0,230.0,201.02,223.99,226.13,204.17,8077353,1807440000.0000002,107564,,1259132.0,15.59,new
WANBURY, EQ,2026-10-07,197.5,207.37,195.89,198.7,201.31,197.87,462234,93144000.0,8764,,209440.0,45.31,new
WARDINMOBI, BZ,2026-10-07,5.2,5.2,5.05,5.15,5.11,5.11,102283,524000.0,321,,,,new
WATERBASE, EQ,2026-10-07,44.8,46.0,44.11,45.07,44.91,44.8,25171,1126000.0,198,,14490.0,57.57,new
WCIL, EQ,2026-10-07,87.67,93.4,87.6,92.54,92.64,87.76,265462,24255000.0,2632,,137455.0,51.78,new
WEALTH, EQ,2026-10-07,855.25,866.3,820.1,833.45,832.5,855.15,1099,919000.0,195,,761.0,69.24,new
WEBELSOLAR, EQ,2026-10-07,70.26,72.36,68.44,69.13,68.95,70.89,2402205,168553000.0,16689,,1163995.0,48.46,new
WEIZMANIND, EQ,2026-10-07,73.0,73.84,71.0,73.52,73.84,70.39,3781,276000.0,97,,2948.0,77.97,new
WEL, EQ,2026-10-07,76.0,76.2,74.82,74.96,75.97,74.62,212210,15975000.0,1368,,141882.0,66.86,new
WELCORP, EQ,2026-10-07,2660.9,2720.0,2625.3,2704.6,2698.3,2660.9,1200738,3220982000.0,67451,,426562.0,35.52,new
WELENT, EQ,2026-10-07,716.15,749.2,713.5,740.75,741.0,718.3,323309,239653000.00000003,20739,,118275.0,36.58,new
WELINV, BE,2026-10-07,2400.0,2400.0,2400.0,2400.0,2400.0,2440.0,4,10000.0,3,,,,new
WELSPLSOL, EQ,2026-10-07,52.0,52.4,50.64,51.31,51.2,51.99,572744,29319000.0,3603,,298279.0,52.08,new
WELSPUNLIV, EQ,2026-10-07,237.86,245.5,232.43,235.86,235.51,237.86,5454238,1299560000.0,62470,,2222022.0,40.74,new
WENDT, EQ,2026-10-07,8070.5,8134.5,7953.5,7991.0,8003.0,8097.5,4727,37984000.0,1370,,2354.0,49.8,new
WESTLIFE, EQ,2026-10-07,595.05,603.95,581.3,586.4,582.7,594.6,86911,51561000.0,6762,,42298.0,48.67,new
WEWIN, EQ,2026-10-07,52.85,52.85,50.75,52.85,52.85,51.92,3048,160000.0,65,,2778.0,91.14,new
WEWORK, EQ,2026-10-07,657.65,683.25,657.65,673.15,666.3,664.9,134408,90469000.0,10256,,82876.0,61.66,new
WHBRADY, EQ,2026-10-07,487.4,492.25,451.0,467.8,485.9,485.0,255,122000.0,35,,236.0,92.55,new
WHEELS, EQ,2026-10-07,2295.9,2315.8,2242.0,2283.9,2296.0,2289.0,62357,142423000.0,7446,,26020.0,41.73,new
WHIRLPOOL, EQ,2026-10-07,865.8,865.8,840.1,845.5,843.7,867.8,242471,207408000.0,15910,,83056.0,34.25,new
WILLAMAGOR, EQ,2026-10-07,22.4,22.4,20.91,21.63,21.67,21.88,2518,54000.0,80,,1726.0,68.55,new
WINDLAS, EQ,2026-10-07,1038.5,1042.2,1011.7,1022.0,1029.0,1036.2,78586,80560000.0,6922,,46165.0,58.74,new
WINDMACHIN, EQ,2026-10-07,296.5,305.0,291.05,303.05,303.5,294.85,131722,39584000.0,2809,,85464.0,64.88,new
WINNY, SM,2026-10-07,35.75,35.75,35.75,35.75,35.75,34.05,500,18000.0,1,,500.0,100.0,new
WINSOL, SM,2026-10-07,104.2,111.0,104.2,106.55,106.5,107.95,13600,1481000.0,23,,12400.0,91.18,new
WIPL, EQ,2026-10-07,163.21,166.64,162.0,163.27,163.25,161.65,1223,200000.0,142,,937.0,76.61,new
WIPRO, EQ,2026-10-07,160.6,162.2,158.7,159.6,159.6,161.84,12404246,1985520000.0,70047,,7589953.0,61.19,new
WOCKPHARMA, EQ,2026-10-07,2175.0,2197.0,2130.4,2150.4,2151.0,2176.4,463533,1000635000.0,32036,,192122.0,41.45,new
WOL3D, SM,2026-10-07,139.0,140.7,139.0,140.0,140.0,134.0,10000,1404000.0,10,,9000.0,90.0,new
WOMANCART, ST,2026-10-07,94.4,95.7,90.05,91.1,91.9,93.6,15200,1400000.0,38,,10000.0,65.79,new
WONDERLA, EQ,2026-10-07,513.45,524.0,509.35,519.6,517.8,509.7,102613,53049000.0,6268,,61775.0,60.2,new
WORTHPERI, EQ,2026-10-07,136.55,147.3,136.55,143.26,142.99,141.09,41500,5943000.0,94,,40271.0,97.04,new
WPIL, EQ,2026-10-07,440.0,444.5,434.0,435.5,434.05,444.15,26484,11625000.0,1963,,12658.0,47.79,new
WSI, EQ,2026-10-07,51.79,52.89,51.07,52.1,51.75,51.79,39915,2073000.0,385,,31721.0,79.47,new
WSTCSTPAPR, EQ,2026-10-07,758.0,765.65,728.0,732.3,728.1,753.05,210582,157614000.0,12244,,80134.0,38.05,new
WTICAB, SM,2026-10-07,99.65,99.65,96.0,96.5,96.5,99.4,12000,1158000.0,20,,6500.0,54.17,new
XCHANGING, EQ,2026-10-07,62.25,62.25,60.55,61.04,61.22,61.86,38682,2372000.0,777,,23489.0,60.72,new
XELPMOC, EQ,2026-10-07,85.7,93.45,83.21,91.32,93.4,85.62,23701,2109000.0,426,,11319.0,47.76,new
XPROINDIA, EQ,2026-10-07,1143.8,1148.1,1121.0,1130.0,1121.0,1136.1,20541,23251000.0,2598,,11415.0,55.57,new
XTGLOBAL, EQ,2026-10-07,28.1,28.29,27.12,27.2,27.2,27.61,46806,1294000.0,154,,25101.0,53.63,new
XTRANET, EQ,2026-10-07,304.0,315.3,294.55,302.65,301.0,300.3,787101,242110000.0,13899,,306453.0,38.93,new
YAAP, SM,2026-10-07,125.0,125.0,119.0,122.9,122.9,125.0,24000,2906000.0,24,,9000.0,37.5,new
YASHO, EQ,2026-10-07,4339.6,4468.6,4294.9,4337.6,4320.0,4282.8,60414,264329000.0,13117,,25356.0,41.97,new
YASHOPTICS, SM,2026-10-07,130.95,131.5,128.0,130.0,130.0,127.0,13600,1766000.0,16,,12000.0,88.24,new
YATHARTH, EQ,2026-10-07,1058.9,1068.4,1022.3,1032.7,1035.0,1058.8,271988,283707000.0,20351,,102963.0,37.86,new
YATRA, EQ,2026-10-07,101.0,102.19,100.36,101.59,100.5,101.48,417216,42285000.0,4040,,205306.0,49.21,new
YCCL, SM,2026-10-07,8.65,8.7,7.9,8.15,8.15,8.5,12000,100000.0,4,,12000.0,100.0,new
YESBANK, EQ,2026-10-07,20.89,20.93,20.63,20.79,20.79,20.86,73908969,1534760000.0,64222,,33490428.0,45.31,new
YOGI, EQ,2026-10-07,161.0,162.0,161.0,161.86,162.0,161.0,345,56000.00000000001,25,,335.0,97.1,new
YUDIZ, SM,2026-10-07,22.85,22.85,22.85,22.85,22.85,24.05,1600,37000.0,2,,1600.0,100.0,new
YUKEN, EQ,2026-10-07,1251.0,1263.3,1213.3,1216.5,1215.0,1238.6,14333,17645000.0,1977,,6271.0,43.75,new
ZAGGLE, EQ,2026-10-07,172.28,175.02,170.26,172.22,171.73,171.88,1255445,216564000.0,13618,,494592.0,39.4,new
ZEAL, SM,2026-10-07,70.7,70.7,70.7,70.7,70.7,70.7,600,42000.0,1,,600.0,100.0,new
ZEEL, EQ,2026-10-07,72.5,72.69,69.83,70.12,70.25,72.42,16790305,1191049000.0,57989,,6501949.0,38.72,new
ZEELEARN, EQ,2026-10-07,6.4,6.45,6.19,6.29,6.23,6.37,281457,1786000.0,551,,223389.0,79.37,new
ZEEMEDIA, EQ,2026-10-07,7.27,7.27,7.15,7.21,7.24,7.22,668835,4815000.0,769,,429120.0,64.16,new
ZENITHDRUG, SM,2026-10-07,42.05,42.3,42.05,42.15,42.15,42.05,5600,236000.0,4,,5600.0,100.0,new
ZENITHEXPO, EQ,2026-10-07,188.0,188.0,186.63,186.63,186.63,187.56,20,4000.0,5,,20.0,100.0,new
ZENITHSTL, EQ,2026-10-07,5.32,5.32,5.11,5.28,5.29,5.25,10316,54000.0,120,,9276.0,89.92,new
ZENSARTECH, EQ,2026-10-07,445.75,446.45,436.25,439.3,440.6,445.45,485832,213640000.0,20321,,213517.0,43.95,new
ZENTEC, EQ,2026-10-07,1608.0,1608.0,1572.0,1580.2,1579.0,1614.3,157459,250354000.0,13372,,68674.0,43.61,new
ZFCVINDIA, EQ,2026-10-07,2190.1,2208.0,2134.1,2172.2,2175.0,2187.4,62876,136096000.0,11995,,34673.0,55.15,new
ZFSTEERING, EQ,2026-10-07,715.0,718.55,685.5,691.7,693.75,710.25,2425,1695000.0,249,,1610.0,66.39,new
ZIMLAB, EQ,2026-10-07,140.0,152.5,136.47,146.61,146.0,138.57,846341,124486999.99999999,14670,,298347.0,35.25,new
ZODIAC, EQ,2026-10-07,211.0,221.19,205.05,214.34,212.65,212.65,8614,1851000.0000000002,597,,5746.0,66.71,new
ZODIACLOTH, EQ,2026-10-07,66.97,68.97,66.7,67.71,67.01,66.67,518,35000.0,59,,363.0,70.08,new
ZOTA, EQ,2026-10-07,1278.0,1358.6,1251.6,1342.1,1330.0,1278.6,166584,219655000.00000003,7500,,83157.0,49.92,new
ZSARACOM, EQ,2026-10-07,9950.0,10300.0,9950.0,10282.0,10290.0,9961.0,12,122000.0,10,,10.0,83.33,new
ZTECH, SM,2026-10-07,470.0,485.5,470.0,471.5,471.5,488.15,9300,4461000.0,22,,7200.0,77.42,new
ZUARI, EQ,2026-10-07,217.9,219.46,213.35,216.19,216.1,218.28,34045,7367000.0,1274,,17312.0,50.85,new
ZUARIIND, EQ,2026-10-07,289.9,289.9,279.6,281.45,281.5,288.45,53991,15278000.0,2103,,28045.0,51.94,new
ZYDUSLIFE, EQ,2026-10-07,1165.0,1167.4,1147.6,1153.0,1153.0,1159.5,1143059,1321716000.0,25945,,637175.0,55.74,new
ZYDUSWELL, EQ,2026-10-07,505.7,513.0,498.3,507.55,505.0,502.4,147985,74762000.0,12482,,50443.0,34.09,new
